timestamp,open,high,low,close
1714608000000,58303,58539.9,58216.4,58470
1714608300000,58469.5,58544,58208.3,58290.8
1714608600000,58361,58369,58178.8,58209.8
1714608900000,58215,58383.4,58126.1,58272.1
1714609200000,58292.8,58309.7,58080.3,58084
1714609500000,58117.1,58131.9,58013.4,58054.2
1714609800000,58061.6,58164.9,57875.1,57906
1714610100000,57944.9,57956.2,57722.5,57831.1
1714610400000,57873.1,57873.3,57655,57655
1714610700000,57681.8,57789.2,57638.5,57754.9
1714611000000,57710.9,57783.1,57637.8,57637.9
1714611300000,57667.5,57779.1,57566.2,57723.2
1714611600000,57692.2,57861.2,57690.3,57834.2
1714611900000,57834.3,57857.7,57728.3,57837.5
1714612200000,57831,57842,57693.1,57781.1
1714612500000,57785,57840.7,57602.5,57685
1714612800000,57655.1,57718.3,57593.6,57714.7
1714613100000,57711.1,57715.1,57581.2,57587.1
1714613400000,57587.7,57659.5,57203.4,57255.1
1714613700000,57224.9,57243,56917.6,56954.1
1714614000000,56972.9,57142.7,56950.9,57108.6
1714614300000,57110.3,57322.9,57081.2,57320.3
1714614600000,57295,57342.2,57115.2,57132.1
1714614900000,57156.6,57223.2,56986.9,57075.5
1714615200000,57044.8,57332.1,57036,57327.2
1714615500000,57301.7,57369.5,57222.9,57309.9
1714615800000,57339.8,57380.9,57294.6,57302.4
1714616100000,57304.2,57416.3,57208.7,57340.9
1714616400000,57371.6,57411.4,57257.3,57311.1
1714616700000,57314,57314.5,57149.4,57270.2
1714617000000,57299.8,57313.9,57155.4,57206.5
1714617300000,57182.7,57305,57107.8,57278.5
1714617600000,57250,57347,57167.9,57343.3
1714617900000,57347,57500.7,57299.3,57490.5
1714618200000,57482.3,57609.3,57408.7,57441.7
1714618500000,57432.5,57467.9,57374.6,57430.1
1714618800000,57401.9,57544.3,57363.8,57501
1714619100000,57470.4,57522.7,57444.2,57460.8
1714619400000,57456.3,57507.4,57371.5,57412
1714619700000,57420.5,57421.1,57325.6,57416.2
1714620000000,57412.3,57537.2,57382.9,57521.7
1714620300000,57495.7,57659.2,57475.1,57616.8
1714620600000,57634.4,57647.8,57504.3,57513.4
1714620900000,57522.1,57574.5,57455,57512.2
1714621200000,57511.1,57554.8,57383.6,57429.9
1714621500000,57424.8,57501.4,57357.6,57494.4
1714621800000,57492.3,57527.6,57439.2,57462.7
1714622100000,57462.8,57510.2,57362.3,57394.3
1714622400000,57400.1,57476.7,57364.8,57409.8
1714622700000,57445,57527.5,57402,57461
1714623000000,57461.1,57503.8,57379.8,57429.8
1714623300000,57428.5,57455.4,57369.6,57440.8
1714623600000,57444.1,57492.8,57361.1,57452.2
1714623900000,57492.4,57527.1,57394.4,57525.6
1714624200000,57521.4,57608.1,57485.4,57538.9
1714624500000,57541.7,57584.3,57405.5,57453.2
1714624800000,57492.3,57518.9,57400.8,57404.8
1714625100000,57423.8,57491.7,57365.3,57403.1
1714625400000,57366.7,57403.3,57256.8,57299.1
1714625700000,57270.7,57359.1,57239.8,57357.4
1714626000000,57296.2,57376.7,57263.6,57297.9
1714626300000,57264.4,57455.6,57214.3,57411.5
1714626600000,57412.1,57485.7,57391.5,57405.1
1714626900000,57429.6,57498.9,57344.3,57483.4
1714627200000,57482.1,57492.2,57325.6,57402.4
1714627500000,57402.5,57429.6,57234.7,57271.1
1714627800000,57248.4,57314.8,57148.3,57189.4
1714628100000,57202.9,57329.5,57194.6,57291.2
1714628400000,57313.6,57360.2,57250,57329.3
1714628700000,57310.8,57443.2,57310.8,57380
1714629000000,57383,57416.5,57342,57363.3
1714629300000,57387,57461.5,57356.2,57445.4
1714629600000,57445.7,57477.3,57357.6,57437.6
1714629900000,57459.2,57581.2,57427.2,57502.5
1714630200000,57508.9,57558.1,57447.1,57536.9
1714630500000,57539.6,57569.5,57461.2,57535.3
1714630800000,57524,57546.7,57431.4,57431.7
1714631100000,57438.9,57683.8,57421.1,57664.5
1714631400000,57654.7,57663.9,57548.7,57580.2
1714631700000,57581.3,57687.8,57519,57549.9
1714632000000,57550.3,57582.5,57481.6,57546.6
1714632300000,57535,57633.5,57535,57599.5
1714632600000,57600.4,57617.6,57536.7,57541.2
1714632900000,57545.6,57593.4,57499.3,57570.4
1714633200000,57589.7,57705.1,57572.3,57699.8
1714633500000,57696.4,57795.9,57651,57777.4
1714633800000,57762.3,57888.2,57706.6,57725
1714634100000,57729.2,57842.3,57692.1,57783.1
1714634400000,57782.8,57801.6,57717.4,57779.2
1714634700000,57771.3,57791.1,57669,57702.8
1714635000000,57710.4,57737.2,57681.1,57701.8
1714635300000,57709,57710.7,57638.9,57660.9
1714635600000,57660.9,57715.6,57639.9,57650.7
1714635900000,57648,57681.4,57601.2,57626.1
1714636200000,57636.8,57654.2,57606.1,57619.2
1714636500000,57631.2,57654.5,57609.5,57639.2
1714636800000,57625,57770.1,57568,57698.9
1714637100000,57713.5,57828.7,57697.4,57714.2
1714637400000,57726.1,57814.5,57707.4,57755.7
1714637700000,57754,57771.2,57619,57663.4
1714638000000,57662.3,57780.1,57649.4,57747.2
1714638300000,57745.6,57939.1,57711.5,57861.4
1714638600000,57864.4,57937,57804.3,57858.3
1714638900000,57855.4,57879.7,57781.7,57786.4
1714639200000,57789.1,57837.6,57757.5,57801.6
1714639500000,57798.6,57913.2,57757.7,57900
1714639800000,57900.2,57904.9,57838.2,57882.9
1714640100000,57883.6,57884.7,57780.1,57796
1714640400000,57796,57853.7,57752.6,57794.7
1714640700000,57793.7,57795.6,57692.5,57711.7
1714641000000,57711.7,57754.6,57705.9,57737.2
1714641300000,57737.2,57767.1,57600.1,57649.6
1714641600000,57645.6,57794.9,57641.6,57785.5
1714641900000,57784.8,57832.4,57712.2,57717
1714642200000,57717,57755.5,57635.8,57672.5
1714642500000,57671.3,57711.1,57642.9,57707.2
1714642800000,57705.6,57737.6,57604.3,57697.4
1714643100000,57694.3,57772.8,57682.8,57733.9
1714643400000,57734.6,57770.3,57727.1,57756.5
1714643700000,57756.5,57763,57717.7,57757.5
1714644000000,57758.3,57766.5,57611.2,57688.5
1714644300000,57678.7,57690.2,57611.2,57636.9
1714644600000,57636.9,57821.1,57636.2,57762.8
1714644900000,57765.7,57767.8,57705.5,57730.4
1714645200000,57731.5,57760.7,57671.1,57680.2
1714645500000,57680.2,57725.7,57624.2,57652.2
1714645800000,57652.2,57678.3,57617.8,57637.8
1714646100000,57635.2,57683,57538.7,57641.7
1714646400000,57641.7,57738.4,57631,57700.8
1714646700000,57700.8,57861.1,57665.4,57846.3
1714647000000,57846.3,57846.3,57742.6,57778.4
1714647300000,57778.4,57825.5,57745.9,57763.3
1714647600000,57764,58174.6,57751.6,57975.3
1714647900000,57975.3,58244.8,57975.3,58180
1714648200000,58179.6,58249.2,58093.4,58096.3
1714648500000,58095.5,58310.4,58081.6,58288.8
1714648800000,58290.5,58444.1,58253.4,58257.1
1714649100000,58257.1,58316.5,58207.8,58263
1714649400000,58263.3,58267,58040.2,58111.1
1714649700000,58111.1,58229.8,58100.9,58139.1
1714650000000,58139.2,58503.7,58139.2,58495.4
1714650300000,58496.7,58642.2,58423.4,58510.7
1714650600000,58503.6,58577.6,58433.4,58548.5
1714650900000,58548.5,58568.9,58452.9,58520.8
1714651200000,58520.8,58587.6,58419.4,58556.1
1714651500000,58556.1,58734.7,58549.2,58731.2
1714651800000,58732.9,58831.2,58680.5,58821.2
1714652100000,58821.3,59075.7,58812.4,59038.9
1714652400000,59038.9,59038.9,58660.1,58766.4
1714652700000,58766.4,58829,58657.6,58683.1
1714653000000,58683.1,58842.3,58649.6,58758.8
1714653300000,58757.9,58906.5,58702.9,58852
1714653600000,58852,58998.9,58771.2,58771.6
1714653900000,58779.8,58877.2,58727.3,58819.5
1714654200000,58819.5,58822.3,58652.8,58689.5
1714654500000,58689.8,58689.8,58493.6,58515.2
1714654800000,58514.4,58617.5,58508.6,58577.3
1714655100000,58576.6,58674.3,58500.3,58502.5
1714655400000,58502.5,58508.2,58393,58495.8
1714655700000,58495.8,58580.5,58478.9,58564.9
1714656000000,58564.9,58730.2,58560.9,58705.2
1714656300000,58703.6,58753.5,58653.5,58714.4
1714656600000,58723.3,58745.9,58449.1,58453.6
1714656900000,58461.2,58498.3,58300.8,58376.2
1714657200000,58377.6,58566.7,58299.4,58496.4
1714657500000,58496.4,58522.5,58260.5,58298.7
1714657800000,58301.4,58394.1,58209,58365.8
1714658100000,58366.9,58480.4,58362.2,58420.7
1714658400000,58420.7,58597.4,58296,58567.9
1714658700000,58567.9,58633.7,58331,58331.1
1714659000000,58332.1,58371.6,58269.8,58366.1
1714659300000,58366.1,58479.8,58324.1,58426.5
1714659600000,58426.5,58611.2,58359.1,58580.7
1714659900000,58580.7,58701.1,58577.2,58620.7
1714660200000,58620.6,58925.5,58531.3,58830.3
1714660500000,58830.8,59065.2,58724.8,59039.7
1714660800000,59027.9,59257.5,58968.3,59210.5
1714661100000,59211,59258.8,58997.2,59049.8
1714661400000,59054.1,59076.7,58974.4,59001.6
1714661700000,59004.1,59148,58989.9,59026.8
1714662000000,59026.8,59173.4,58953.9,59139.5
1714662300000,59139.5,59217.1,59053.1,59198.3
1714662600000,59196.2,59235.6,59142.1,59224.7
1714662900000,59225.4,59357.7,59141.2,59157.7
1714663200000,59157.7,59312.5,59157.7,59312.5
1714663500000,59313,59348.6,59236.4,59326.7
1714663800000,59325,59357.6,59220.4,59314.1
1714664100000,59312.7,59357.1,59221.7,59296.5
1714664400000,59296.5,59366.9,59294.9,59313.3
1714664700000,59311.9,59420.4,59142.7,59196.9
1714665000000,59197.2,59248,59157.4,59161.3
1714665300000,59161.3,59244,59145.7,59228.8
1714665600000,59228.8,59283.1,59057.1,59098.3
1714665900000,59098.3,59128.9,59009.6,59020.2
1714666200000,59020.2,59038.5,58945.9,58974.2
1714666500000,58974.2,59055.5,58950.5,58982.3
1714666800000,58982.3,59049.3,58957.3,59037.7
1714667100000,59037.7,59143.1,59037.3,59122
1714667400000,59122,59122,59004.8,59036
1714667700000,59036,59053.8,58984.3,59017.7
1714668000000,59017.1,59051.7,58955.5,59045.2
1714668300000,59045.2,59051.7,58940.7,58979.8
1714668600000,58980.8,59041.3,58977,59013.3
1714668900000,59013.3,59044.1,58984.1,58995.2
1714669200000,58995.2,59014.6,58976.6,58993.2
1714669500000,58993.2,59095.3,58941,59015.2
1714669800000,59015.5,59123.8,58960.9,59056.2
1714670100000,59056.2,59222.1,59043.1,59129.5
1714670400000,59129.5,59181.1,59112,59114
1714670700000,59114,59114,59031.2,59035.4
1714671000000,59053.9,59115.2,58997.7,59045.1
1714671300000,59040.9,59045.1,59002.1,59020.3
1714671600000,59021.5,59043,58948.7,59014.7
1714671900000,59014.7,59060.9,59001.2,59006.9
1714672200000,59006.9,59188.3,58987.2,59129.7
1714672500000,59131.1,59249.5,59127.2,59179.1
1714672800000,59179.1,59408.7,59152.5,59383.2
1714673100000,59383.2,59383.2,59238.9,59327.7
1714673400000,59327.7,59383.8,59268.8,59274.7
1714673700000,59276.9,59276.9,59041.7,59044.9
1714674000000,59032.5,59041.9,58973.5,59040.8
1714674300000,59040.8,59080.7,59029,59077.2
1714674600000,59077.2,59176.5,59033.7,59176.5
1714674900000,59174.3,59282,59172.4,59273.3
1714675200000,59276.5,59307.8,59209.7,59230.2
1714675500000,59233.2,59544.8,59208.9,59538.5
1714675800000,59536.8,59536.8,59290.9,59297.7
1714676100000,59297.7,59444.5,59256.6,59390.9
1714676400000,59390.4,59391.7,59117.5,59191.7
1714676700000,59191.6,59310.9,59182.6,59283.9
1714677000000,59287.1,59287.1,59088.8,59101.8
1714677300000,59101.1,59150.2,59065.8,59139.2
1714677600000,59137.6,59149.4,59103.5,59145.9
1714677900000,59147,59188.4,59100.7,59161.3
1714678200000,59161.3,59161.3,59019.4,59068.7
1714678500000,59068.7,59124.6,59017.3,59110.2
1714678800000,59110.2,59146.9,59049.1,59138.1
1714679100000,59138.1,59320.1,59103.6,59242.9
1714679400000,59242.9,59307.3,59191.9,59193.8
1714679700000,59193.8,59342.3,59158.3,59329.6
1714680000000,59330.4,59340.3,59188.9,59310.2
1714680300000,59309.4,59337.7,59177.3,59209.5
1714680600000,59210.8,59409.2,59199.7,59339.8
1714680900000,59339.8,59351.2,59293.8,59295.7
1714681200000,59297.5,59297.5,59223.2,59239.6
1714681500000,59239.2,59248.2,59083.4,59093.7
1714681800000,59093.7,59128.4,59001.7,59052.2
1714682100000,59052.2,59052.2,58774.2,58800.5
1714682400000,58800.5,58907.7,58640.7,58895.8
1714682700000,58895.8,58898.2,58788.2,58834.2
1714683000000,58834,58836.2,58689.6,58728.1
1714683300000,58728.1,58774.2,58703.8,58728.3
1714683600000,58702.6,58827.4,58674,58822.2
1714683900000,58822.1,58858.3,58794.9,58807.2
1714684200000,58807.2,58825.5,58780.5,58811.1
1714684500000,58810,58938.8,58804.9,58916.7
1714684800000,58916.7,58920.3,58834.3,58890.4
1714685100000,58889.5,58962.9,58888.9,58959.3
1714685400000,58959.3,59105.2,58955.6,59082.6
1714685700000,59083.5,59592,59083.5,59509
1714686000000,59504,59559.2,59251.7,59262.7
1714686300000,59262.7,59267.8,59108.9,59161.6
1714686600000,59161.6,59161.8,59073.7,59101.5
1714686900000,59103.1,59121.5,59074.1,59094.2
1714687200000,59088.2,59288,59050.8,59284.8
1714687500000,59288.2,59325.8,59252.2,59262.5
1714687800000,59262.3,59272.8,59167.4,59207.5
1714688100000,59213.6,59367.2,59201.3,59310
1714688400000,59311.7,59314.2,59211.9,59233.5
1714688700000,59233.9,59290.4,59196.8,59214.8
1714689000000,59213.5,59244.8,59150.1,59205.1
1714689300000,59204.7,59215.8,59142.6,59202.7
1714689600000,59202.7,59257.6,59199.3,59246.3
1714689900000,59247.2,59357.7,59233.4,59320.3
1714690200000,59320.3,59404.4,59281.4,59387.1
1714690500000,59388.7,59417.1,59281.2,59293.6
1714690800000,59293.6,59346,59288.7,59306
1714691100000,59306,59312.1,59211.4,59214
1714691400000,59214,59294.6,59210.7,59292.1
1714691700000,59292.2,59320.8,59224.5,59251.3
1714692000000,59251.8,59275.4,59215.5,59240.9
1714692300000,59241.2,59248.7,59203.2,59204.5
1714692600000,59204.5,59248.7,59129.9,59130.7
1714692900000,59130.7,59167.7,59086.5,59114.7
1714693200000,59114.7,59117.1,59083.7,59112.4
1714693500000,59112.4,59124.7,59101,59112.4
1714693800000,59113.1,59125.3,59095,59105.5
1714694100000,59102.5,59108.9,59058.6,59063.2
1714694400000,59064.1,59074.3,59034.1,59035.7
1714694700000,59035.5,59068.9,58951.2,59065
1714695000000,59065,59103.6,58997.6,59020.4
1714695300000,59020.5,59089.6,58993.1,59011.7
1714695600000,59011.2,59094.2,58951.2,58968.4
1714695900000,58984.9,58984.9,58860.2,58884.4
1714696200000,58884.4,58908.9,58795.5,58824.5
1714696500000,58824.9,58886,58809.8,58853.7
1714696800000,58852.9,58947.2,58842.1,58939.5
1714697100000,58941,59032.2,58940.5,58973.6
1714697400000,58973.6,59050.2,58973.6,59015.5
1714697700000,59015.5,59030.2,58988.4,59012.3
1714698000000,59011.6,59122.3,58999.6,59105
1714698300000,59106.1,59336,59103.6,59316.2
1714698600000,59316.2,59355.6,59304.9,59333.3
1714698900000,59333.3,59357.6,59241.8,59340.5
1714699200000,59340.5,59377.4,59279.3,59375.3
1714699500000,59373.1,59456,59366.2,59440.3
1714699800000,59440.6,59461.2,59380.5,59445
1714700100000,59445,59460.7,59352.1,59449.1
1714700400000,59449,59463.2,59359.8,59398.8
1714700700000,59398.7,59415.1,59315.4,59334.8
1714701000000,59334.5,59334.5,59232.6,59283.4
1714701300000,59281.3,59340.7,59271.2,59296.2
1714701600000,59296.2,59312.4,59242,59307.8
1714701900000,59307.8,59473.5,59274.5,59465.2
1714702200000,59464.2,59811.8,59442.9,59757.7
1714702500000,59757.7,59882.3,59604.2,59663.3
1714702800000,59666.6,59771.2,59598.3,59601.6
1714703100000,59600.7,59659.2,59585.6,59587.7
1714703400000,59587.7,59693,59585.1,59641.5
1714703700000,59641.5,59642,59512,59520.1
1714704000000,59517.3,59579.2,59512.4,59528.6
1714704300000,59528.6,59606.2,59501.2,59569.6
1714704600000,59569.6,59577.9,59515.6,59525.4
1714704900000,59526.5,59537.6,59487.6,59519.7
1714705200000,59519.7,59708.3,59503.2,59704.6
1714705500000,59705.9,59787.8,59694.6,59752.8
1714705800000,59753.5,59803.7,59701.6,59799.3
1714706100000,59796.8,59972.6,59789.5,59954.2
1714706400000,59947.9,59959.4,59833.8,59849.8
1714706700000,59847.9,59851.6,59689.3,59702.6
1714707000000,59703.1,59815,59665.9,59799.2
1714707300000,59798.8,59800.6,59681.1,59718.7
1714707600000,59718.7,59792.1,59704.5,59770
1714707900000,59770,59817.3,59729,59769.6
1714708200000,59769.7,59780,59642.7,59687.6
1714708500000,59687.6,59755.5,59667.2,59695.1
1714708800000,59694.6,59722.5,59637.7,59662.4
1714709100000,59661.6,59695.3,59653.2,59683
1714709400000,59688.2,59778.3,59686.9,59748.1
1714709700000,59748.1,59811.4,59746.4,59784.1
1714710000000,59784.6,59792.9,59753.7,59761.2
1714710300000,59761.2,59768.3,59745.7,59761.2
1714710600000,59761.2,59761.2,59591.2,59601.1
1714710900000,59599.8,59605.8,59557.5,59585.1
1714711200000,59585.7,59594.6,59531.6,59573.8
1714711500000,59573.8,59599,59539.9,59579.7
1714711800000,59579.7,59579.7,59544.5,59574.4
1714712100000,59573.4,59579.2,59548,59576.3
1714712400000,59576.8,59576.8,59527.4,59527.4
1714712700000,59527.4,59527.8,59472,59494.6
1714713000000,59494.6,59495.2,59462.7,59468.8
1714713300000,59468.8,59511.5,59461.6,59510.6
1714713600000,59510.6,59585.8,59500.5,59540.6
1714713900000,59540.6,59564.8,59473.7,59548.4
1714714200000,59548.4,59595.6,59544.4,59563.6
1714714500000,59565.9,59596.2,59522.2,59526.1
1714714800000,59526.1,59561.6,59508.8,59561.6
1714715100000,59560.3,59568.5,59510.6,59520.1
1714715400000,59520.1,59545.7,59472,59545.7
1714715700000,59546,59568,59493.6,59502.6
1714716000000,59502.4,59548.2,59472.2,59519.4
1714716300000,59521.2,59525.2,59498.7,59505.6
1714716600000,59506.2,59511.2,59459.7,59494.3
1714716900000,59494.3,59494.3,59356.8,59398.1
1714717200000,59401.7,59401.7,59337.7,59342.6
1714717500000,59342.6,59390.7,59336.2,59387.8
1714717800000,59388.3,59390.8,59348.3,59356.2
1714718100000,59342.8,59376.8,59323.4,59332.7
1714718400000,59333.6,59354.7,59319.1,59341.3
1714718700000,59342.4,59370.7,59324.4,59343.3
1714719000000,59340.7,59343.8,59253.7,59266.2
1714719300000,59264.4,59266.4,59231.9,59256.9
1714719600000,59250.3,59351.1,59235.7,59325.1
1714719900000,59339,59362.8,59314.5,59336.1
1714720200000,59324.6,59396.3,59324.6,59385.9
1714720500000,59386.3,59393.4,59365.7,59368.7
1714720800000,59368.7,59391.2,59363.2,59373.3
1714721100000,59373,59377.7,59333,59361.5
1714721400000,59375,59377.7,59287.7,59354
1714721700000,59354,59366.8,59191.6,59209.5
1714722000000,59209.7,59223.9,59135.7,59208.3
1714722300000,59207.3,59223.7,59072.2,59105.6
1714722600000,59105.1,59152.8,59062.1,59128.5
1714722900000,59128.5,59172.3,59128.5,59148.9
1714723200000,59151.9,59174.6,59107.2,59111.5
1714723500000,59112.8,59257.5,59112.8,59248.4
1714723800000,59248.5,59248.5,59188.4,59212.7
1714724100000,59209.9,59228.8,59166.2,59211.8
1714724400000,59211.8,59268.7,59192.1,59226.4
1714724700000,59226.4,59291.5,59226.4,59290.2
1714725000000,59293.2,59326.9,59241.3,59277
1714725300000,59277,59353,59276,59334.8
1714725600000,59333.6,59338.5,59287.6,59325.5
1714725900000,59325.5,59346.4,59287.2,59315.1
1714726200000,59315.1,59334.4,59258.7,59260.2
1714726500000,59261.2,59285.7,59170.5,59190.7
1714726800000,59190.7,59256.7,59171.8,59244.5
1714727100000,59246.8,59299.5,59242.5,59278.5
1714727400000,59268.7,59287.3,59258.6,59259.8
1714727700000,59259.8,59312.4,59256,59299.2
1714728000000,59299.2,59397.6,59297.2,59387.8
1714728300000,59387.8,59401.5,59323.5,59333.2
1714728600000,59333.2,59377.1,59306.7,59361.7
1714728900000,59363.2,59458.5,59351.6,59414.8
1714729200000,59414.8,59441.1,59401.5,59437.4
1714729500000,59435.4,59541,59428.7,59515.8
1714729800000,59515.8,59533.9,59439.2,59516.6
1714730100000,59512.4,59521.5,59444.2,59450.8
1714730400000,59450.8,59454.5,59347.1,59381.2
1714730700000,59378.2,59398,59339.9,59352.7
1714731000000,59352.7,59353.2,59249.7,59306.6
1714731300000,59306.6,59338,59265.3,59336.9
1714731600000,59338,59355.1,59290.1,59322.9
1714731900000,59323.1,59325.1,59269.1,59270.6
1714732200000,59271.7,59293.6,59192.7,59218.6
1714732500000,59223.6,59223.6,59143.9,59147.4
1714732800000,59147.5,59149.7,58878.3,58980.9
1714733100000,58980.9,58984.6,58850.8,58887.5
1714733400000,58885.9,58918.7,58825.1,58880.8
1714733700000,58880.8,59041.8,58879.6,59012.8
1714734000000,59012.8,59015.1,58882.8,58919.6
1714734300000,58918.6,58961,58844,58903.9
1714734600000,58903.4,58989.9,58903.4,58954.9
1714734900000,58954.7,59068.6,58953.7,59065.2
1714735200000,59065,59144.1,59051.3,59098.5
1714735500000,59098.5,59165.4,59097.3,59157.3
1714735800000,59155.4,59220.9,59098.5,59101.8
1714736100000,59101.8,59101.8,59011.2,59065.6
1714736400000,59065.6,59142.1,59045.5,59073.9
1714736700000,59073.9,59126.7,59041.7,59120.7
1714737000000,59120.7,59329.9,59117.1,59329.9
1714737300000,59321.2,59396.7,59226,59255.4
1714737600000,59256.3,59256.7,59092.1,59149
1714737900000,59149,59164.2,59091.1,59138.7
1714738200000,59138.2,59140.5,59072.4,59085.9
1714738500000,59085.9,59119.4,58970.4,59025.7
1714738800000,59026.6,59048.7,59008.2,59032.9
1714739100000,59031.2,59139.1,59020.3,59133.3
1714739400000,59132.9,60077.6,59091.9,60077.6
1714739700000,60073.1,60323.1,60057.2,60111.1
1714740000000,60114.5,60454.4,60106.6,60425.2
1714740300000,60425.1,60716.4,60350.9,60390
1714740600000,60387.1,60651.2,60328.7,60561.3
1714740900000,60561.3,60721.9,60561.3,60609.8
1714741200000,60609.8,61229.8,60514.7,61134.1
1714741500000,61134.1,61201.8,60921.3,61045.3
1714741800000,61046.3,61161.7,60943.6,61126.2
1714742100000,61126.2,61220.9,60966.2,60997.9
1714742400000,60997.9,61082.2,60977.8,61000.3
1714742700000,60997.7,61210.3,60837.8,61207.3
1714743000000,61207.3,61553.1,61146,61470.8
1714743300000,61470.8,61771.1,61430.1,61517.8
1714743600000,61517.3,61645.2,61443.6,61519.5
1714743900000,61514.9,61728,61498.4,61670.1
1714744200000,61667.3,61678.2,61484.2,61564.9
1714744500000,61564.2,61669.1,61548.3,61658.7
1714744800000,61660.6,62082.1,61657.5,61685.8
1714745100000,61678.2,61793.8,61536.6,61689.2
1714745400000,61690.4,61753,61510,61559.1
1714745700000,61558.2,61639,61419.2,61445.1
1714746000000,61457,61681.9,61372.7,61650.7
1714746300000,61650.7,61805.7,61585.6,61680.8
1714746600000,61680.8,61700,61515.7,61646.5
1714746900000,61646.5,61768,61627.9,61717.1
1714747200000,61717.1,61872.7,61706.7,61785.8
1714747500000,61785.8,61798.7,61676.7,61680
1714747800000,61679.5,61737.7,61621.9,61657.7
1714748100000,61657.7,61702.1,61614.9,61629.9
1714748400000,61620.5,61660.7,61486.1,61641.2
1714748700000,61641.2,61733.1,61525.8,61527.8
1714749000000,61527.8,61545.2,61447.6,61457.7
1714749300000,61457.7,61478.7,61393.3,61407.7
1714749600000,61407.7,61471.2,61396.2,61441.2
1714749900000,61441.2,61451.2,61345.9,61368.2
1714750200000,61366.1,61538.4,61348.7,61511.5
1714750500000,61512,61565.7,61492.2,61562.7
1714750800000,61561.2,61603.7,61520.9,61526.6
1714751100000,61526.7,61600.8,61526,61578.5
1714751400000,61579.2,61738.5,61578.4,61660.6
1714751700000,61660.6,61770.4,61649.1,61660.4
1714752000000,61666.2,61786.4,61666.2,61761.3
1714752300000,61762.3,61861.3,61761.3,61812.5
1714752600000,61812.5,61815.7,61752,61766.1
1714752900000,61766.1,61769.8,61669,61673.8
1714753200000,61673.5,61820.7,61673.5,61794.9
1714753500000,61794.9,61987.7,61780,61946.3
1714753800000,61953.5,61966.5,61849.9,61907.9
1714754100000,61911.1,62150.3,61887.8,62116
1714754400000,62118.1,62134,61798.8,61833.2
1714754700000,61841.7,61855.3,61691.2,61719.1
1714755000000,61719.1,61733.2,61529.2,61549.7
1714755300000,61549.7,61666.4,61546.3,61653.1
1714755600000,61664.8,61696.6,61553.5,61553.9
1714755900000,61561.3,61596.5,61531.7,61585.7
1714756200000,61585.7,61716.5,61575.7,61704.4
1714756500000,61704.4,61850,61704.4,61826
1714756800000,61826,61826.5,61742.1,61742.1
1714757100000,61742.1,61911.7,61733.5,61895.7
1714757400000,61896.4,61907.1,61787.6,61872.6
1714757700000,61872.6,61882.9,61805.6,61848.2
1714758000000,61845.3,61932.5,61810.5,61810.5
1714758300000,61810.5,61847.2,61808.2,61828
1714758600000,61828.3,61835.6,61763.2,61779.2
1714758900000,61779.2,61874.7,61777.3,61802.5
1714759200000,61802.5,61837.7,61785.6,61813
1714759500000,61813,61860.4,61788.1,61842.9
1714759800000,61842.5,61954.7,61832.7,61930.6
1714760100000,61930.6,61966.6,61736.8,61771.2
1714760400000,61768.5,61847.7,61757.8,61799.9
1714760700000,61802.2,61813.3,61723.3,61733.1
1714761000000,61736.7,61779.9,61700.7,61761.3
1714761300000,61761.3,61837,61758.4,61801.3
1714761600000,61798.1,61847.7,61775.6,61835.8
1714761900000,61835.8,61860.7,61765,61784.2
1714762200000,61784.2,61806.2,61768.3,61790
1714762500000,61790,61815.9,61769.9,61802.7
1714762800000,61802.7,61802.7,61656.8,61723.5
1714763100000,61720.8,61753.4,61640,61645.7
1714763400000,61645.7,61673,61607.6,61627.2
1714763700000,61627.2,61673.3,61573.5,61577.2
1714764000000,61577.2,61666.7,61566.6,61623.6
1714764300000,61623.6,61729.7,61619.2,61728.7
1714764600000,61728.5,61732.6,61699.4,61712.6
1714764900000,61712.6,61846.2,61710.9,61813.5
1714765200000,61826.1,61869.4,61810.8,61828.1
1714765500000,61831.1,61869.5,61800.8,61844.3
1714765800000,61844.8,61911.1,61817.6,61891.4
1714766100000,61891.4,62086.3,61858.6,62077.8
1714766400000,62076.2,62086.3,61961.2,62000.3
1714766700000,62003.7,62137.9,61981.2,62098
1714767000000,62097.3,62182.9,62093.6,62161.3
1714767300000,62159.1,62460.9,62159.1,62393.6
1714767600000,62405.6,62753.9,62396.4,62737.6
1714767900000,62736.1,62844.6,62696.4,62751.7
1714768200000,62754.2,62810.2,62729,62769.4
1714768500000,62762.2,62939.4,62761.1,62886.6
1714768800000,62876.9,62933.2,62833.7,62928
1714769100000,62932.1,63127.2,62922.3,63126.7
1714769400000,63127.5,63175.9,62775.5,62801.8
1714769700000,62804.6,62848.9,62744.7,62847.8
1714770000000,62873.4,62915.8,62779.3,62792.6
1714770300000,62796.3,62854.9,62780.2,62827.3
1714770600000,62827.3,62827.3,62677.7,62742.5
1714770900000,62751.7,62751.7,62584.7,62584.7
1714771200000,62583,62708.1,62573.2,62624.7
1714771500000,62623.9,62623.9,62479.4,62490.6
1714771800000,62486.7,62499.6,62395.2,62400.6
1714772100000,62400.6,62620.8,62333.9,62451.3
1714772400000,62451.3,62557.4,62434.9,62517.3
1714772700000,62525.4,62584.9,62522.3,62574.9
1714773000000,62574.9,62574.9,62470.6,62515.1
1714773300000,62513.8,62793,62411.2,62710.2
1714773600000,62709.4,62823,62626.3,62727.4
1714773900000,62727.4,62796.7,62671.8,62708.8
1714774200000,62705.4,62720.9,62604.6,62709.5
1714774500000,62703.7,62767.8,62662.3,62746.4
1714774800000,62738.8,62779.7,62696.4,62759.6
1714775100000,62759.6,62947.3,62759.6,62915.9
1714775400000,62921.8,62975,62889.6,62942.8
1714775700000,62942.8,62971.5,62855,62864.7
1714776000000,62866.3,62896.5,62848.7,62852.3
1714776300000,62857.8,62948.3,62825.8,62850.5
1714776600000,62857.7,62874.8,62751.2,62773.2
1714776900000,62773.2,62816.5,62734,62753.3
1714777200000,62757.8,62844.6,62737,62806.4
1714777500000,62809.4,62923.3,62809.4,62884.7
1714777800000,62889.5,62934,62886.7,62934
1714778100000,62933.5,63079.2,62899.9,62961.4
1714778400000,62964.4,63079.2,62928.4,62974.9
1714778700000,62970.6,63110.7,62940.7,63084.9
1714779000000,63080.3,63300.6,63079.8,63117.6
1714779300000,63121,63131.1,62930.2,62958.4
1714779600000,62958.4,62980.8,62879.1,62933.3
1714779900000,62936.3,62967.9,62800.7,62800.9
1714780200000,62793,62831,62757.9,62786.3
1714780500000,62786.2,62849.5,62774.9,62847.9
1714780800000,62849.1,62861.1,62771.2,62813
1714781100000,62813,62889.2,62801.1,62807.4
1714781400000,62809.8,62892.3,62768.4,62891.6
1714781700000,62891.6,62922,62819.5,62862.7
1714782000000,62865.8,62878.1,62775.1,62775.8
1714782300000,62775.8,62827.5,62731.7,62773.7
1714782600000,62778.8,62840.5,62772.4,62805.1
1714782900000,62806.1,62903,62773.4,62900.4
1714783200000,62899.7,62982.3,62881.4,62912.2
1714783500000,62915.9,63061.8,62909.9,63040.1
1714783800000,63043.4,63133.5,63026.2,63026.2
1714784100000,63033.3,63091.3,63010.9,63040
1714784400000,63038.7,63038.7,62838.2,62860.4
1714784700000,62865.2,62866.4,62799.6,62825.4
1714785000000,62830.5,62858.4,62790.9,62806.6
1714785300000,62806.6,62896.4,62773.9,62889.2
1714785600000,62895.2,63115.8,62891.4,63062.3
1714785900000,63062.8,63532.1,63038,63513
1714786200000,63507.3,63513,63025.9,63044.9
1714786500000,63043.9,63186.9,63043.9,63120.2
1714786800000,63122.7,63122.7,62934.9,62943.6
1714787100000,62943.6,62950.5,62848.9,62883.6
1714787400000,62883.6,62883.6,62784.9,62792.8
1714787700000,62792.4,62888.4,62784.9,62804.2
1714788000000,62804.2,62861.2,62697.1,62697.1
1714788300000,62694.8,62730.6,62536.8,62666
1714788600000,62666,62666,62588,62638.3
1714788900000,62635.1,62730.6,62627.7,62719.2
1714789200000,62726.7,62808,62718.6,62742.7
1714789500000,62742.7,62755.1,62651.9,62672.9
1714789800000,62672.9,62730.3,62600.1,62602.9
1714790100000,62607.4,62607.4,62500.7,62599.5
1714790400000,62606.6,62661.8,62597.3,62612.7
1714790700000,62613,62670.9,62580,62638.5
1714791000000,62638.5,62700.3,62605.5,62606.4
1714791300000,62605.5,62657.2,62598.8,62641.6
1714791600000,62641.6,62665.6,62629.2,62647.5
1714791900000,62647.5,62744.2,62624.1,62704.9
1714792200000,62700.9,62704.9,62650.7,62654.9
1714792500000,62654.9,62679.5,62650.9,62677.2
1714792800000,62675.9,62776.8,62670.8,62731.8
1714793100000,62734.9,62822.9,62727.3,62772.4
1714793400000,62772.4,62772.4,62679.2,62679.2
1714793700000,62686.7,62696.1,62601.1,62664.8
1714794000000,62673.2,62705,62604,62669.4
1714794300000,62668.2,62673,62610.7,62610.7
1714794600000,62617.6,62686.9,62615.8,62618.7
1714794900000,62624.1,62687.9,62605.5,62666.6
1714795200000,62665.1,62790.2,62625.6,62766.1
1714795500000,62768.5,62804,62672.2,62699.1
1714795800000,62698.3,62723.3,62664.1,62691.5
1714796100000,62691.5,62746.1,62668.9,62678.9
1714796400000,62678.9,62694.4,62639.6,62654.2
1714796700000,62653.5,62693.4,62651.6,62687.6
1714797000000,62687.2,62756.9,62657.5,62756.3
1714797300000,62756.6,62759.6,62678.9,62750.1
1714797600000,62747.9,62823.9,62739.8,62811.8
1714797900000,62811.8,63134.9,62787.5,62937.5
1714798200000,62937.5,63001.5,62858.7,62957.5
1714798500000,62960.6,63097.6,62934.8,63010.1
1714798800000,63016.8,63043.8,62921.6,62943.8
1714799100000,62943.9,63002.1,62915.3,63000.2
1714799400000,63002,63183,62998.8,63126
1714799700000,63129.6,63149.3,63007.3,63012.6
1714800000000,63009.5,63064.6,62951,62974
1714800300000,62976.5,63044.1,62976.5,63017.6
1714800600000,63011,63088.1,63011,63087.8
1714800900000,63086.8,63147,63065.8,63107.9
1714801200000,63108.6,63234,63108.6,63218.5
1714801500000,63215.4,63237.2,63079.6,63109.3
1714801800000,63107.3,63237.7,63107.3,63200.3
1714802100000,63201.2,63408.5,63189.1,63340.6
1714802400000,63340.1,63343.9,63217.3,63217.3
1714802700000,63218.8,63237.1,63076.9,63088.1
1714803000000,63085.3,63113.5,63062,63088.3
1714803300000,63087.9,63143.7,63056.8,63128.3
1714803600000,63128.3,63189.7,63108.5,63144
1714803900000,63144.5,63198.1,63124,63152.5
1714804200000,63155.1,63169.2,63031.5,63074.3
1714804500000,63074.7,63102.7,62987,62987
1714804800000,62988.6,62988.6,62924.9,62983.8
1714805100000,62983.8,63012.1,62958,63009.8
1714805400000,63016,63033.3,62935.8,62941.2
1714805700000,62941.2,62972.9,62863.6,62925.4
1714806000000,62924,62970.1,62898.1,62922.4
1714806300000,62922.4,62968.2,62859.9,62880.8
1714806600000,62879.3,62910.9,62843.7,62873.6
1714806900000,62873.6,62949.3,62847.5,62934.6
1714807200000,62934.4,62938.4,62872.7,62885.7
1714807500000,62895.6,63001.6,62895.6,62995
1714807800000,62992.2,63060.4,62943.8,62997.2
1714808100000,62993.9,63098.3,62968.7,63045.7
1714808400000,63038.7,63053.6,62996.5,63038.4
1714808700000,63038.4,63038.4,62970.2,62974.5
1714809000000,62976.8,62980.9,62910.3,62928
1714809300000,62922.1,62970.7,62908,62924.2
1714809600000,62923.5,62966.8,62895.5,62966.3
1714809900000,62965.9,63013,62953.2,62996.8
1714810200000,62992.4,63016.8,62969.3,63002.5
1714810500000,63001.5,63102.2,62997.8,63081.1
1714810800000,63082,63088.2,62949.7,62969.4
1714811100000,62969.5,62975.7,62943.6,62967.5
1714811400000,62967.8,62993.1,62966.9,62989.8
1714811700000,62993.5,63032.9,62979.8,63031.3
1714812000000,63031,63145.9,63002.6,63134.2
1714812300000,63133.8,63193.2,63105.6,63180.8
1714812600000,63181.4,63181.5,63112.8,63118
1714812900000,63118.6,63160.6,63099.4,63146.7
1714813200000,63143.4,63232.1,63139.4,63200.3
1714813500000,63200.6,63242.1,63133.8,63222.2
1714813800000,63220.5,63241.4,63189.2,63228.8
1714814100000,63228.9,63254.8,63163.3,63195.1
1714814400000,63197,63269.3,63194.5,63242.5
1714814700000,63242.2,63245.7,63213.3,63234.2
1714815000000,63233.9,63239.6,63142,63159.1
1714815300000,63158.2,63166.9,63111.9,63143.2
1714815600000,63143.3,63143.3,63040.1,63054.9
1714815900000,63054.1,63115.5,63051.3,63079.7
1714816200000,63079.9,63118.9,63072.9,63115.5
1714816500000,63115.6,63150.1,63104.6,63149.9
1714816800000,63150,63150,63088.9,63106.2
1714817100000,63107.7,63202.4,63106.8,63156
1714817400000,63156.2,63176.1,63151.9,63165.7
1714817700000,63168.5,63168.7,63123.6,63139.5
1714818000000,63139.1,63149.6,63126.7,63144.1
1714818300000,63144.8,63343,63144.6,63312.9
1714818600000,63312.3,63436.3,63311.5,63355.4
1714818900000,63355.1,63467.3,63352,63440.4
1714819200000,63440.2,63822.8,63397.5,63809.3
1714819500000,63809.5,63942.8,63652.2,63889.6
1714819800000,63884.9,64128.5,63863.5,64038.2
1714820100000,64038.6,64445.6,64013.8,64410.6
1714820400000,64406.6,64500.4,64229.3,64319.9
1714820700000,64320.9,64411.5,64212.9,64248.4
1714821000000,64247.9,64346.6,64168.4,64172.2
1714821300000,64172.9,64207,64101.1,64168.7
1714821600000,64169.2,64333.7,64159.2,64313.2
1714821900000,64313.9,64334.3,64263.1,64265.1
1714822200000,64264.9,64307.8,64140.4,64151.5
1714822500000,64151.3,64159.5,64062.2,64122.2
1714822800000,64122.1,64161.9,64078.6,64128.4
1714823100000,64130.2,64159.6,64075.2,64075.4
1714823400000,64075.4,64083.1,63684.6,63782.3
1714823700000,63782.5,63868.6,63764.5,63850.6
1714824000000,63850.4,63862.4,63768.7,63824
1714824300000,63825.6,63985.1,63809.6,63940.4
1714824600000,63936,64008.6,63804,63863.5
1714824900000,63863.8,63914,63851.9,63880.2
1714825200000,63879.9,63913.2,63845.8,63909.7
1714825500000,63910.1,63950.4,63892.6,63932.1
1714825800000,63932.4,63932.4,63838,63845.9
1714826100000,63846.3,63863.1,63806.2,63834.3
1714826400000,63833.9,63902.5,63833,63900.2
1714826700000,63899.1,63900.6,63843.3,63848.4
1714827000000,63848.3,63901.8,63829.8,63891.7
1714827300000,63891.5,64084.7,63855.2,64051.9
1714827600000,64052,64121.5,64031.1,64064
1714827900000,64063.8,64066.7,63932.5,63947.8
1714828200000,63946.6,63957.4,63896.9,63910.2
1714828500000,63910.1,63910.2,63760.6,63804.4
1714828800000,63804.8,63871.1,63794.9,63800.1
1714829100000,63800,63835.3,63734.5,63744.1
1714829400000,63743.5,63749.6,63522.2,63613.1
1714829700000,63621,63623.1,63443.6,63482.5
1714830000000,63480.2,63562.8,63475.3,63559.8
1714830300000,63563.4,63665.6,63530.4,63656.3
1714830600000,63654.7,63677.3,63630.7,63639.1
1714830900000,63639.1,63737.7,63635.6,63717.3
1714831200000,63716.8,63745.7,63639.9,63677.3
1714831500000,63677.3,63677.3,63615.9,63647.6
1714831800000,63647.7,63649.8,63605.8,63639.6
1714832100000,63639.4,63678.7,63527.3,63660.8
1714832400000,63660.1,63725.8,63654.5,63690.1
1714832700000,63689.1,63713.9,63688.2,63704.2
1714833000000,63706,63761.8,63693.1,63730.9
1714833300000,63729,63777,63722.7,63776.8
1714833600000,63777.2,63786.5,63726.2,63726.2
1714833900000,63729.2,63925.9,63664.3,63877.2
1714834200000,63879.2,63890.5,63775.3,63802
1714834500000,63802.1,63858.4,63798.3,63810.5
1714834800000,63810.6,63834.2,63711.9,63734.3
1714835100000,63734,63738.9,63689.1,63705.2
1714835400000,63705.9,63726.3,63600.4,63619.4
1714835700000,63619.4,63637,63590.6,63635.8
1714836000000,63635.3,63664.6,63627,63659.7
1714836300000,63659.2,63671.5,63610.2,63616.7
1714836600000,63616.5,63633.9,63478.6,63478.9
1714836900000,63478.9,63533.7,63444.1,63521.8
1714837200000,63521.7,63567,63514.4,63552.5
1714837500000,63552.7,63582.9,63496.3,63581.5
1714837800000,63581.9,63619.3,63565.4,63576.2
1714838100000,63576.7,63621.8,63560.7,63598.2
1714838400000,63599.5,63637.7,63509.5,63523.7
1714838700000,63524.1,63525.9,63392.2,63481.2
1714839000000,63481,63516.3,63453.4,63487
1714839300000,63489.3,63578,63471.3,63565.7
1714839600000,63565.6,63595.7,63506.9,63543.3
1714839900000,63543.3,63544.9,63465.3,63516.9
1714840200000,63516.3,63635.4,63508.7,63579.4
1714840500000,63579.4,63669,63460.3,63665.8
1714840800000,63665.7,63694.6,63611.1,63626.1
1714841100000,63626,63697.1,63626,63695.7
1714841400000,63695.4,63698.3,63646.9,63649.4
1714841700000,63649.4,63670.9,63614.7,63668.9
1714842000000,63667.2,63681.8,63608,63648.5
1714842300000,63648.3,63670.6,63588.5,63590.7
1714842600000,63590.7,63731.4,63488,63633
1714842900000,63633.9,63634.2,63500.2,63508.3
1714843200000,63508.9,63576.3,63451.8,63463.2
1714843500000,63463.6,63525.4,63316.9,63470.8
1714843800000,63468.2,63536.1,63429.6,63518.2
1714844100000,63517.2,63519.1,63463.6,63511
1714844400000,63506.2,63558.1,63498.4,63519.8
1714844700000,63519.8,63555.5,63496.6,63517.1
1714845000000,63516.9,63533.7,63335.4,63395.6
1714845300000,63396.6,63467.7,63394.6,63452
1714845600000,63446,63447.8,63372.6,63441.6
1714845900000,63441.5,63463.7,63413.4,63429.9
1714846200000,63426,63463,63424.1,63461.1
1714846500000,63461,63530.1,63441.9,63515.8
1714846800000,63513.1,63567.1,63513.1,63558.9
1714847100000,63558.8,63558.8,63529.9,63546.1
1714847400000,63546.5,63638.3,63546,63619.2
1714847700000,63618.9,63671.9,63607.8,63635.3
1714848000000,63635.2,63713.5,63635.2,63713.5
1714848300000,63713.8,63714.5,63631.6,63666.7
1714848600000,63666.8,63669.8,63627.2,63648.2
1714848900000,63649,63660,63601.8,63630.4
1714849200000,63630.6,63661.8,63596.9,63619.4
1714849500000,63619.9,63625.1,63586.5,63586.8
1714849800000,63616.6,63616.7,63566.7,63566.7
1714850100000,63566.6,63612,63528.8,63593.3
1714850400000,63593.4,63611.4,63571.2,63610.5
1714850700000,63610.6,63645.3,63600.7,63620.7
1714851000000,63620.4,63643.2,63596.3,63634.8
1714851300000,63635,63645.8,63607.2,63614.7
1714851600000,63615,63669.2,63591.6,63668.4
1714851900000,63669.4,63738.4,63662.4,63729.8
1714852200000,63730.1,63984.2,63730.1,63980.8
1714852500000,63981.5,63984.9,63897.1,63906.1
1714852800000,63904.7,64021.2,63904.7,63976.4
1714853100000,63976.1,64107.2,63961.6,64096
1714853400000,64093.4,64164.9,64082.1,64102.1
1714853700000,64102.3,64110.6,63975.9,64011.6
1714854000000,64011.3,64051.6,63994.1,64030.9
1714854300000,64030.8,64042.5,64007.5,64032.7
1714854600000,64034.2,64034.2,63960.3,63984.4
1714854900000,63984.4,63987.1,63838.4,63850
1714855200000,63850.1,63915.9,63841.4,63893
1714855500000,63893.8,63938.7,63863.9,63876.5
1714855800000,63876.3,63879.1,63845.7,63854.2
1714856100000,63855.4,63883,63840.1,63849.7
1714856400000,63812.8,63861.1,63784.6,63848.6
1714856700000,63848.5,63936.5,63839.5,63931.2
1714857000000,63925.4,63994.4,63925.4,63976.9
1714857300000,63974.3,64046.3,63942.1,64045.7
1714857600000,64045.9,64046.2,63984.9,64022.2
1714857900000,64022.6,64087.8,64002.1,64005.1
1714858200000,64003.3,64019.2,63542.4,63542.4
1714858500000,63538.1,63691.3,63538.1,63624.2
1714858800000,63623.7,63709.2,63574.1,63686.5
1714859100000,63687,63712.7,63686.9,63710.7
1714859400000,63710.9,63948.1,63710.9,63838.9
1714859700000,63839.5,63908.8,63827.3,63880.6
1714860000000,63848.3,63912.6,63750.3,63781.9
1714860300000,63782.2,63794.4,63745.6,63748.1
1714860600000,63748.2,63754.2,63673.7,63732.2
1714860900000,63731.3,63737.6,63648.7,63667.7
1714861200000,63668.1,63733.3,63668.1,63719.7
1714861500000,63719.9,63746.2,63695.7,63718.6
1714861800000,63718.7,63784.2,63718.7,63771.2
1714862100000,63770.7,63772.6,63708.3,63712.7
1714862400000,63712.3,63712.5,63652.9,63691.3
1714862700000,63694,63694.6,63646.7,63648.2
1714863000000,63648.2,63701.6,63581.8,63585.6
1714863300000,63585.2,63610.2,63577.7,63593.6
1714863600000,63592.3,63674.6,63588.1,63671.6
1714863900000,63671.5,63732.5,63670.3,63721.7
1714864200000,63721.5,63783.8,63714.6,63783.8
1714864500000,63783.6,63876.9,63777.9,63869
1714864800000,63868.8,63886.8,63839.8,63884.8
1714865100000,63884.9,63896.4,63864.4,63887.2
1714865400000,63887.4,63899.7,63849.2,63877.6
1714865700000,63877.5,63893.2,63845.8,63878.7
1714866000000,63878.8,63900.3,63833.6,63842.2
1714866300000,63841.9,63852.1,63794,63836.9
1714866600000,63837.2,63862.8,63768.3,63860.7
1714866900000,63860.5,63876.8,63846.1,63870.4
1714867200000,63871.5,64021.5,63865.8,63960.4
1714867500000,63960.7,63993.7,63916.6,63973.7
1714867800000,63972.9,64005.4,63972.9,64005.1
1714868100000,64004.9,64021.7,63949.8,63996.8
1714868400000,63997,64005.4,63946.1,63967
1714868700000,63966.8,64167,63921.3,63922.7
1714869000000,63922.7,63929.8,63757.4,63757.4
1714869300000,63758.4,63784,63643.9,63726.8
1714869600000,63725.9,63729.2,63443.1,63456.9
1714869900000,63457.7,63526.9,63455.6,63521.4
1714870200000,63521.6,63522.1,63427.5,63445.1
1714870500000,63445.3,63502.8,63444.3,63500.9
1714870800000,63500.6,63523.4,63462.9,63520
1714871100000,63520.1,63556.1,63500.5,63554.2
1714871400000,63554.3,63554.9,63296.9,63344.5
1714871700000,63344.4,63361.7,63167.2,63332.8
1714872000000,63334.5,63350,63206,63285.7
1714872300000,63283.7,63304.3,63153.5,63246.9
1714872600000,63247.5,63302.7,63055.5,63062.1
1714872900000,63062.4,63100.7,62902,63006.7
1714873200000,63007.2,63058.2,62955.6,63034.8
1714873500000,63036.2,63199.4,63000.3,63185.3
1714873800000,63185.3,63246.5,63165.8,63246.5
1714874100000,63246.4,63306.3,63240,63301.9
1714874400000,63301.7,63364.4,63258.8,63342
1714874700000,63342.2,63343,63225.7,63225.7
1714875000000,63225.2,63351.4,63212.3,63308.5
1714875300000,63308.4,63323.5,63278.8,63298.7
1714875600000,63298.6,63375.5,63275.2,63364.3
1714875900000,63364.4,63411.3,63360.7,63375.3
1714876200000,63375.3,63413.8,63308.7,63308.8
1714876500000,63308.5,63334.5,63274.3,63328.9
1714876800000,63329,63336.7,63299.1,63299.2
1714877100000,63300.4,63357.8,63271,63271
1714877400000,63271,63273.7,63153.3,63181
1714877700000,63181.1,63200.8,63119.4,63131.6
1714878000000,63133.2,63243.1,63132.1,63241.1
1714878300000,63240.6,63243.7,63183.9,63188
1714878600000,63188.1,63220.8,63113.9,63209.1
1714878900000,63209.2,63245.6,63188.1,63212.5
1714879200000,63211,63212.6,63163.3,63208.7
1714879500000,63208.5,63208.5,63020.2,63040.2
1714879800000,63040,63040.9,62983,63000.8
1714880100000,63001,63129.7,62998.6,63051.2
1714880400000,63051.1,63130.7,63028.6,63099.4
1714880700000,63098.3,63195.4,63092.1,63140.4
1714881000000,63140.4,63198.6,63136.5,63176.5
1714881300000,63176.8,63227.7,63158.2,63221.7
1714881600000,63221.6,63332.4,63219.8,63290.3
1714881900000,63290,63312.8,63264.4,63266.6
1714882200000,63266.4,63313.4,63242,63277.9
1714882500000,63277.5,63316.2,63258.1,63302.5
1714882800000,63301.9,63377.8,63295.2,63373
1714883100000,63372.6,63396.5,63357.6,63395.2
1714883400000,63394.8,63401.4,63322.5,63346.5
1714883700000,63345.9,63358,63327.9,63353.9
1714884000000,63354.1,63355.9,63307.7,63336.6
1714884300000,63336.8,63343.2,63273.7,63298.9
1714884600000,63299.4,63356.1,63298.5,63349.9
1714884900000,63349.8,63351.4,63307.7,63334.5
1714885200000,63335.3,63377,63332.1,63367.1
1714885500000,63366.7,63442.5,63334.1,63436.1
1714885800000,63436.2,63461.3,63414.7,63448.5
1714886100000,63448.3,63448.3,63395.9,63411.2
1714886400000,63412.9,63414.2,63293,63320.7
1714886700000,63320.9,63354.4,63313.9,63348.9
1714887000000,63349,63368,63299.3,63323.7
1714887300000,63323.7,63323.7,63221.4,63236.4
1714887600000,63236.7,63328.8,63236.7,63307.8
1714887900000,63307.9,63316.8,63268.7,63269.2
1714888200000,63271,63306.5,63144.4,63158.1
1714888500000,63156.9,63200.2,63150.3,63199.9
1714888800000,63199.3,63211.3,63168.1,63173.4
1714889100000,63173.2,63262.7,63161.7,63250.7
1714889400000,63250.6,63301.9,63223.5,63301.1
1714889700000,63301.2,63388.3,63301.2,63376.1
1714890000000,63375.8,63410.2,63362.4,63394.3
1714890300000,63394.5,63411.4,63366.5,63372.5
1714890600000,63372.9,63401.3,63361.3,63366.9
1714890900000,63366.5,63405,63348.2,63404.8
1714891200000,63405.3,63443.4,63390.5,63426.4
1714891500000,63426.6,63427.4,63343.6,63371
1714891800000,63370.8,63374.2,63335.7,63363.4
1714892100000,63363.6,63374.1,63352.9,63371.1
1714892400000,63370.1,63391.8,63310.2,63364
1714892700000,63362.7,63438.8,63340.2,63437.5
1714893000000,63438.8,63509.2,63438.8,63475.6
1714893300000,63477.2,63685.5,63474.4,63671.4
1714893600000,63671.2,63683.6,63591.7,63677.5
1714893900000,63677.1,63690.6,63638.2,63657.7
1714894200000,63657.7,63689.2,63635.1,63658.2
1714894500000,63658.2,63849.9,63652.2,63830.4
1714894800000,63827.2,63888.4,63807.6,63887.2
1714895100000,63886.6,63920.8,63783.4,63783.9
1714895400000,63782,63786.9,63742.6,63747.5
1714895700000,63747.3,63783.8,63713.2,63728.3
1714896000000,63729,63756.1,63656.3,63674.1
1714896300000,63673.6,63697.2,63641.1,63670.4
1714896600000,63670.3,63680.9,63647.6,63671.9
1714896900000,63670.7,63767.6,63660.5,63750
1714897200000,63749.9,63857.2,63749.6,63819.3
1714897500000,63819.3,63840.9,63797,63808
1714897800000,63808.3,63821.7,63658.6,63662.1
1714898100000,63662.1,63668.4,63557.4,63642.1
1714898400000,63642.4,63817.6,63640.7,63788.1
1714898700000,63787.4,63891.9,63752.5,63842.9
1714899000000,63842.3,63863.7,63681.5,63681.5
1714899300000,63678.1,63718.3,63650.9,63655.2
1714899600000,63655.1,63671.6,63579.6,63585.2
1714899900000,63586.2,63617,63552.2,63617
1714900200000,63615.9,63684,63615.9,63624.5
1714900500000,63624.4,63660.3,63597.9,63634.1
1714900800000,63634.3,63686,63602.8,63642.7
1714901100000,63643.5,63678.5,63625.3,63659.7
1714901400000,63659.1,63678.4,63617.4,63651
1714901700000,63651.8,63668.1,63631.1,63644.4
1714902000000,63644.5,63664.1,63626.6,63632.5
1714902300000,63632.9,63633.4,63574.6,63622.5
1714902600000,63622.7,63703.1,63620.5,63664.8
1714902900000,63664.9,63679,63642.8,63642.8
1714903200000,63643.2,63655.7,63612.3,63649.3
1714903500000,63649.8,63742.6,63645,63737.9
1714903800000,63737.5,63798.7,63728.3,63739.1
1714904100000,63739.8,63742.1,63635.6,63659.7
1714904400000,63659.8,63713.6,63659.8,63686.4
1714904700000,63686.7,63686.7,63619.7,63625.6
1714905000000,63626.3,63654.5,63588.7,63647
1714905300000,63645.2,63647.3,63591.2,63633.2
1714905600000,63633.3,63641.1,63599,63628.3
1714905900000,63628.4,63635.7,63585.4,63586.8
1714906200000,63586.9,63657.4,63530,63652.9
1714906500000,63658.2,63690.6,63648.4,63654.8
1714906800000,63657.6,63712.8,63648.4,63689.9
1714907100000,63689.4,63696.1,63617.7,63644.8
1714907400000,63644.7,63670,63596.5,63669.2
1714907700000,63669.1,63712.4,63648.6,63712.4
1714908000000,63720.3,63751.8,63702.6,63729
1714908300000,63729.5,63845.2,63727.9,63806.9
1714908600000,63808,63839.9,63749.1,63831.5
1714908900000,63831.6,63843,63819.1,63842.8
1714909200000,63841.1,63861,63815.3,63861
1714909500000,63861,63900.1,63810.7,63814.3
1714909800000,63812.6,63827.4,63754.2,63814.4
1714910100000,63814.4,63819.7,63770.8,63819.6
1714910400000,63819.7,63844.3,63778.7,63779.9
1714910700000,63779.7,63781.2,63726.9,63766.4
1714911000000,63766.4,63777.3,63723.2,63727.6
1714911300000,63727.9,63730,63646.1,63676.6
1714911600000,63676.4,63713.4,63661.8,63713.4
1714911900000,63713.5,63755,63703.5,63728.9
1714912200000,63730.5,63732.4,63631.3,63670.8
1714912500000,63669.2,63719.8,63640.7,63715.6
1714912800000,63715.3,63746.7,63700.6,63732.3
1714913100000,63732.8,63735.8,63652.9,63683.6
1714913400000,63683.4,63717.1,63657.4,63692
1714913700000,63691.8,63712.9,63664.7,63710.2
1714914000000,63709.9,63716.5,63658.8,63670.2
1714914300000,63670.5,63696.6,63634.6,63694
1714914600000,63694.1,63749.7,63665.5,63749.6
1714914900000,63749.7,64089.5,63741.1,64083.8
1714915200000,64080.1,64254,64031.3,64205.2
1714915500000,64204.9,64212.1,63969.1,63984.6
1714915800000,63985.5,64028.7,63763.8,63876
1714916100000,63875.6,63955,63851.7,63955
1714916400000,63955.4,64156.7,63951.9,64156.7
1714916700000,64156.4,64161.1,64092.5,64126.3
1714917000000,64126.2,64155.2,64086.9,64146.1
1714917300000,64145.6,64148.2,64060.1,64104.2
1714917600000,64106.9,64110.6,63860.8,63863.8
1714917900000,63860.9,63903.4,63810.6,63810.6
1714918200000,63811.2,63863.1,63811.2,63845
1714918500000,63844.8,63911,63829.8,63859.7
1714918800000,63860,63864.8,63820.8,63860.4
1714919100000,63861.3,63898,63846.7,63861.9
1714919400000,63862,63890.8,63823.3,63826.1
1714919700000,63825.5,63890.5,63758.1,63889
1714920000000,63888.2,64019.5,63875.9,63996.3
1714920300000,63996.1,64090.2,63976.5,64005.7
1714920600000,64006.2,64019.4,63945.2,63971.9
1714920900000,63971.2,64109.7,63964.6,64081.9
1714921200000,64080.2,64089.3,63984.7,64026.6
1714921500000,64026.5,64065.4,63979.4,64063.8
1714921800000,64063.4,64132.7,64043,64116.4
1714922100000,64116,64150.2,64055.9,64088.4
1714922400000,64088.3,64325.9,64081.9,64310.3
1714922700000,64310,64429.9,64310,64334.8
1714923000000,64334.8,64353.4,64115.3,64185.4
1714923300000,64184.3,64317.8,64126.4,64291.6
1714923600000,64291.7,64454.8,64254.5,64386.7
1714923900000,64386.5,64449.4,64354.5,64435.8
1714924200000,64438.1,64483.4,64305.6,64380.1
1714924500000,64379.9,64614.6,64326.7,64422.3
1714924800000,64422.2,64485.6,64343.1,64349.4
1714925100000,64351.2,64353.9,64237,64282.4
1714925400000,64283.6,64494.5,64283.6,64494.5
1714925700000,64505.2,64518.1,64343.3,64422.1
1714926000000,64422.5,64438.9,64313.1,64313.7
1714926300000,64313.5,64344.6,64222.7,64222.7
1714926600000,64222.3,64292.7,64181.9,64264.1
1714926900000,64263,64330.3,64262.2,64316.6
1714927200000,64316.5,64363.3,64299,64325
1714927500000,64326.9,64336.7,64277.5,64324.9
1714927800000,64324.9,64329.4,64245.3,64273.3
1714928100000,64273.9,64312.2,64240.3,64310.4
1714928400000,64311,64320,64245.9,64248.2
1714928700000,64248.3,64284.8,64191.2,64277.1
1714929000000,64279.6,64282.2,64229.6,64245.6
1714929300000,64243.5,64287.5,64243.5,64277
1714929600000,64276.7,64452.8,64276.7,64428
1714929900000,64428.3,64433.2,64338.1,64343.2
1714930200000,64343.9,64410.1,64278,64348.4
1714930500000,64348,64378.1,64216.8,64230.8
1714930800000,64230.8,64303.6,64208.6,64290.6
1714931100000,64291.3,64311.3,64220.3,64220.3
1714931400000,64217.3,64243.9,64187.9,64187.9
1714931700000,64188.2,64252.8,64165.8,64219.1
1714932000000,64219.1,64246.3,64179.2,64191.4
1714932300000,64191.4,64198.3,64130,64150.9
1714932600000,64160.7,64164.9,64026.4,64057.5
1714932900000,64057.5,64123.4,64013.1,64118
1714933200000,64118.1,64118.1,64049.9,64076
1714933500000,64073,64076.5,63990.4,64008.8
1714933800000,64008.8,64026.8,63889.8,63917.6
1714934100000,63917.7,64001,63843.7,63991.5
1714934400000,63989.4,64008.5,63943.3,63959.7
1714934700000,63959.4,64008.2,63919.9,63966.6
1714935000000,63966.9,63986.2,63924,63941.8
1714935300000,63941.9,63954.7,63881.6,63928.5
1714935600000,63928.7,63949.9,63887.7,63937.9
1714935900000,63938,63976,63885,63975.5
1714936200000,63975.2,63977.3,63922.8,63950
1714936500000,63949.5,63982.9,63929.7,63980.8
1714936800000,63981,63981,63935.2,63936.5
1714937100000,63936.5,63965.2,63873.6,63949.1
1714937400000,63949,63966.4,63926.3,63957.9
1714937700000,63957.9,63958.3,63905.3,63927.4
1714938000000,63927.4,63933.4,63839.3,63864.5
1714938300000,63864.5,63902.3,63835.9,63872.8
1714938600000,63872.7,63900.4,63851.6,63899.5
1714938900000,63898.9,63907.2,63840.4,63877.7
1714939200000,63874.4,63878.1,63807.2,63829.2
1714939500000,63826.7,63853.1,63787.6,63847.5
1714939800000,63846.1,63854.6,63812.2,63840.2
1714940100000,63840.3,63843.7,63717.1,63735
1714940400000,63738.1,63747.8,63702.6,63714.8
1714940700000,63714.7,63716.2,63636.2,63654.4
1714941000000,63653.7,63674.7,63578.7,63672.9
1714941300000,63672.7,63687,63662.1,63686.7
1714941600000,63686.2,63693.2,63648.9,63681.4
1714941900000,63681.6,63734.4,63651.5,63729.1
1714942200000,63725.6,63734.5,63690.2,63726.2
1714942500000,63726.2,63741.9,63691.2,63736.5
1714942800000,63736.5,63736.5,63599.2,63614.7
1714943100000,63618.3,63677.3,63611.1,63611.1
1714943400000,63611.1,63626.2,63530.6,63613
1714943700000,63610.6,63647.8,63599.7,63642.8
1714944000000,63644.2,63712.5,63611.5,63704.3
1714944300000,63704.3,63764.6,63676.4,63684.1
1714944600000,63684.1,63684.1,63646.7,63650.4
1714944900000,63650.4,63687.8,63649.5,63674.2
1714945200000,63674.2,63682.3,63654,63671
1714945500000,63675.6,63679.9,63624.7,63624.7
1714945800000,63624.7,63730.5,63617.9,63726.3
1714946100000,63726.3,63809.8,63702.8,63809.4
1714946400000,63809.4,63816.8,63726.6,63744.5
1714946700000,63744.7,63781.7,63732.6,63745
1714947000000,63745.1,63759,63703.4,63728.3
1714947300000,63728.2,63759.3,63705.2,63738.5
1714947600000,63744.4,63747,63718.4,63729.6
1714947900000,63729.5,63729.8,63708.4,63710.1
1714948200000,63709.9,63714.1,63675.9,63707.9
1714948500000,63707.1,63723.7,63676,63721.9
1714948800000,63718.8,63778.1,63718.8,63769
1714949100000,63765.6,63786.5,63753.3,63780.2
1714949400000,63780.2,63808,63778.3,63800.5
1714949700000,63800.5,63858.1,63800.5,63843.3
1714950000000,63843.3,63912.1,63829.4,63839.9
1714950300000,63838.1,63930.2,63835.3,63927.8
1714950600000,63927.8,63928.6,63908.6,63919.8
1714950900000,63919.7,63950.9,63916.4,63941.1
1714951200000,63941.1,64107.1,63938.9,64077.2
1714951500000,64078.8,64194.4,64078.8,64169.1
1714951800000,64169.1,64169.1,64108.8,64126
1714952100000,64127.5,64181.7,64079.1,64096.1
1714952400000,64094.9,64110.9,64026.1,64026.1
1714952700000,64026.1,64031.1,63951.9,63955.5
1714953000000,63955.5,64040.1,63952.1,64028.6
1714953300000,64028.6,64029.2,63975.6,64012.6
1714953600000,64013.5,64069.6,64003,64068.8
1714953900000,64068.8,64082.5,64055.1,64080.9
1714954200000,64080.9,64091.7,64066.3,64076.6
1714954500000,64076.6,64107,64044.7,64104.1
1714954800000,64104.1,64311.2,64103,64245.7
1714955100000,64264.6,64264.6,64164.2,64183.3
1714955400000,64183.1,64191.2,64159.1,64191.2
1714955700000,64191.2,64226.2,64187.9,64214.6
1714956000000,64214.1,64215.1,64162,64198.1
1714956300000,64198.1,64198.1,64099.5,64138.8
1714956600000,64138.8,64187.4,64138.8,64187.4
1714956900000,64187.4,64194.5,64123.9,64181.1
1714957200000,64179.2,64271.2,64179.2,64249.5
1714957500000,64249.3,64380.3,64225.5,64378.6
1714957800000,64380.3,64380.3,64285.2,64310.3
1714958100000,64309.7,64399.9,64309.5,64391.4
1714958400000,64393.9,64423.9,64270.9,64273.4
1714958700000,64273.4,64301.6,64255.4,64291.4
1714959000000,64291.4,64294,64126.2,64143.5
1714959300000,64143.5,64150.1,64058.7,64113.1
1714959600000,64112.2,64176.7,64111.2,64160.2
1714959900000,64160.2,64160.2,64111,64129.7
1714960200000,64129.7,64163.7,64111.5,64148.3
1714960500000,64148.4,64155.2,64118.3,64121.8
1714960800000,64121.8,64123.1,64016.2,64023.2
1714961100000,64023.2,64156.7,64018.6,64146.5
1714961400000,64145.8,64191.8,64139.3,64163.2
1714961700000,64163.2,64178.9,64133.9,64142.8
1714962000000,64143.1,64176.2,64127.7,64127.7
1714962300000,64150.3,64150.8,64105.8,64146.5
1714962600000,64146.5,64146.5,64073.8,64088.6
1714962900000,64089.6,64089.6,64040.7,64055.2
1714963200000,64055.2,64098.1,64055.2,64067.2
1714963500000,64067.2,64069.5,63983.1,64025.9
1714963800000,64025.9,64025.9,63905.7,63925.1
1714964100000,63925.1,63926.6,63813.4,63813.4
1714964400000,63813.4,63901,63798.5,63889.7
1714964700000,63888.1,63895.3,63858,63858
1714965000000,63870.8,63870.8,63693,63693
1714965300000,63736.9,63786.4,63695.1,63781.2
1714965600000,63776.5,63827.7,63766.2,63827.7
1714965900000,63827.7,63846.6,63802.2,63842.1
1714966200000,63842.1,63871.3,63830,63850.8
1714966500000,63850.8,63895.2,63850.8,63862.7
1714966800000,63862.7,63893.8,63817.6,63817.6
1714967100000,63810.7,63847.5,63807,63844.5
1714967400000,63844.5,63844.5,63767.2,63804.1
1714967700000,63804,63862.7,63803.6,63855.5
1714968000000,63855.5,63855.5,63797.4,63797.4
1714968300000,63797.4,63809.1,63760.4,63791
1714968600000,63790.1,63802,63763.2,63796.6
1714968900000,63796.6,63965.2,63788,63946.7
1714969200000,63946.7,63977.1,63909,63913.9
1714969500000,63913.9,63931.9,63878.8,63880.8
1714969800000,63880.8,63892.1,63840,63864.8
1714970100000,63864.8,63959.8,63860.3,63945.2
1714970400000,63945.2,63992.5,63934.6,63979.2
1714970700000,63979.2,64116.7,63962.8,64072.6
1714971000000,64072.6,64089.4,64053.4,64088.1
1714971300000,64087.4,64145.3,64072.4,64124.2
1714971600000,64125.2,64133.4,64085.9,64096.8
1714971900000,64098.3,64100.8,64062.8,64067
1714972200000,64067,64078.3,64026.4,64034.3
1714972500000,64034.3,64185,64034.2,64179.5
1714972800000,64179.5,64261.1,64176.3,64207.1
1714973100000,64207.1,64292.9,64181.1,64258.9
1714973400000,64258.9,64259.6,64174.2,64176
1714973700000,64176,64220.3,64163.8,64177.6
1714974000000,64174.3,64177.8,64119.9,64137.2
1714974300000,64143.7,64212.9,64111.4,64188.6
1714974600000,64188.1,64193.1,64123.7,64149.7
1714974900000,64149.7,64164.8,64117.8,64156.6
1714975200000,64156.6,64158.8,64108.5,64119.7
1714975500000,64119.7,64151.2,64103.5,64150.7
1714975800000,64150.7,64358.9,64150.7,64347.2
1714976100000,64345.2,64422.8,64307.8,64340.7
1714976400000,64339.4,64341.2,64295.4,64315.8
1714976700000,64315.6,64398.1,64315.6,64344.7
1714977000000,64343.3,64343.3,64241.5,64241.5
1714977300000,64241.5,64325.8,64241.5,64303.8
1714977600000,64303.8,64313.4,64229.1,64232.5
1714977900000,64232,64286.9,64193.6,64235.3
1714978200000,64235.3,64235.6,64193.6,64194.1
1714978500000,64194.3,64218.4,64194.3,64200.7
1714978800000,64200.7,64313,64196.4,64286.1
1714979100000,64286.1,64307.6,64244.4,64249.3
1714979400000,64249.3,64249.7,64143.7,64159.1
1714979700000,64159.1,64185.1,64138.2,64181
1714980000000,64181,64275.3,64177.6,64237.7
1714980300000,64237.7,64308.6,64204.4,64306.1
1714980600000,64306.1,64312.8,64272.2,64312
1714980900000,64311.3,64425.3,64300,64409.8
1714981200000,64409.8,64474.7,64383.1,64395.1
1714981500000,64395.1,64395.9,64340.8,64362.6
1714981800000,64362.6,64445.9,64361.7,64443.3
1714982100000,64443.3,64535.1,64426.3,64519.7
1714982400000,64517.5,64571.8,64469.1,64526
1714982700000,64526,64543.7,64479.2,64523.1
1714983000000,64523.9,64524.4,64478.2,64491.2
1714983300000,64491.2,64960,64443.7,64942.2
1714983600000,64942.2,65131,64921.9,65041.1
1714983900000,65041.1,65438.9,65041.1,65346.9
1714984200000,65346.7,65437.4,65306.4,65387.3
1714984500000,65387.3,65415.2,65233.7,65360.1
1714984800000,65360.1,65428,65355.7,65395.4
1714985100000,65395.9,65479.1,65336.1,65353.2
1714985400000,65353.2,65353.2,65077,65162.2
1714985700000,65163,65185.1,65063,65114.8
1714986000000,65114.8,65190.3,65114.8,65169.4
1714986300000,65169.4,65264.7,65168.4,65243.6
1714986600000,65243.2,65292.7,65206.2,65281.9
1714986900000,65284.4,65306.2,65185.6,65197.3
1714987200000,65196.5,65324.7,65158.1,65304.1
1714987500000,65304.1,65316.9,65207.7,65209.9
1714987800000,65209.9,65227.8,65137.3,65200.8
1714988100000,65200,65234.4,65197.4,65200.2
1714988400000,65200.9,65202.1,65093.9,65104.4
1714988700000,65107.3,65162,65092.8,65156.2
1714989000000,65156.2,65179.7,65120.8,65136.4
1714989300000,65134.8,65138.4,65094.1,65130.9
1714989600000,65128.6,65155.9,65093.7,65150.8
1714989900000,65151.2,65210.7,65151.2,65191.2
1714990200000,65191.2,65237.8,65167.3,65167.3
1714990500000,65191.2,65191.2,64943.6,64987.5
1714990800000,64987.5,64987.6,64835.1,64876.9
1714991100000,64876.9,64928.6,64745.4,64801.2
1714991400000,64798.5,64816.8,64609.3,64711.3
1714991700000,64711.3,64711.3,64373.7,64395.4
1714992000000,64395.7,64445.7,64053.9,64109.7
1714992300000,64109.7,64194.8,63825.7,63856
1714992600000,63857.7,64075.3,63844.1,64065
1714992900000,64072,64078.5,63989,64007.7
1714993200000,64007.7,64147.2,64004.5,64144.7
1714993500000,64144.7,64270.3,64130.5,64235.2
1714993800000,64232.2,64322.2,64223,64322.2
1714994100000,64322.3,64323.1,64205.2,64234.5
1714994400000,64234.5,64259.1,64095.3,64146
1714994700000,64152.5,64214.3,64117.2,64184.7
1714995000000,64184.7,64280.5,64180.6,64227.4
1714995300000,64229.8,64244.2,64037.9,64043.2
1714995600000,64043.2,64089,64005.2,64055.8
1714995900000,64055.8,64159.4,64048.7,64104.2
1714996200000,64104.2,64121.7,64085.4,64104.2
1714996500000,64104.2,64200.8,64103.9,64176.9
1714996800000,64176.9,64268.1,64170.3,64259.7
1714997100000,64259.8,64286.1,64234,64234
1714997400000,64234,64234,64103,64137.6
1714997700000,64137,64137.5,64056.6,64058.2
1714998000000,64058.2,64094.7,63844.9,63844.9
1714998300000,63844.9,64000.2,63757.6,63795.9
1714998600000,63797,63970.3,63651.8,63785.6
1714998900000,63785.6,64061.1,63642.4,63970.6
1714999200000,63970.6,63973.4,63745.8,63757.1
1714999500000,63757.1,63757.1,63462.3,63577.8
1714999800000,63585.1,63585.1,63359,63363.5
1715000100000,63367,63556.2,63332.1,63556.2
1715000400000,63556.2,63596.1,63434.4,63561.2
1715000700000,63561.2,63634.6,63560.2,63623.2
1715001000000,63624.4,63641.6,63573,63620.6
1715001300000,63620.6,63636.9,63479.3,63613.9
1715001600000,63613.9,63641.5,63476.4,63480.3
1715001900000,63480.3,63538.7,63428.5,63523.3
1715002200000,63523.3,63611.3,63501.8,63606.5
1715002500000,63606.5,63797.5,63544.9,63777
1715002800000,63777,63952.3,63751.5,63896.2
1715003100000,63896.2,63931.6,63740.7,63856.2
1715003400000,63856.7,63876.7,63768.2,63818
1715003700000,63821.6,63855.7,63764.7,63847.8
1715004000000,63849.1,64099.2,63834.8,63966
1715004300000,63966,64032.6,63918.1,64000.2
1715004600000,64004.9,64093.5,63900,64061.1
1715004900000,64061.1,64088.7,63980.9,64003.6
1715005200000,64001.1,64186.1,63977.1,64072.1
1715005500000,64070.9,64093.4,63938,63947.7
1715005800000,63950.5,63950.5,63809.8,63861.6
1715006100000,63860.6,63970.8,63860.6,63900.2
1715006400000,63900.2,63925.1,63648.6,63703.6
1715006700000,63703.6,63753.4,63584.6,63700.1
1715007000000,63705,63728.2,63575.7,63658.4
1715007300000,63658.4,63658.4,63202.8,63243.9
1715007600000,63237.3,63268.5,62959.3,63016.7
1715007900000,63017.4,63069.1,62914,62985.6
1715008200000,62990.3,63169.1,62984.5,63150.5
1715008500000,63151.3,63295,63132.5,63286.2
1715008800000,63285.3,63291.9,63157.7,63229.3
1715009100000,63229,63361.2,63181.4,63359.3
1715009400000,63360.7,63421.5,63334.8,63384.1
1715009700000,63382.2,63475.1,63313.8,63474.4
1715010000000,63474.4,63587.2,63460.5,63587.2
1715010300000,63587.9,63720.5,63518.6,63539.1
1715010600000,63538.9,63604.3,63523.8,63584.6
1715010900000,63584.6,63670.2,63572.6,63631.8
1715011200000,63631.6,63658.2,63536,63656.7
1715011500000,63656.7,63711,63508.5,63554.5
1715011800000,63554.6,63677.1,63505.1,63668
1715012100000,63664.8,63664.8,63536.7,63536.7
1715012400000,63536.7,63536.7,63378.8,63498.4
1715012700000,63496.2,63588.6,63489.8,63540.5
1715013000000,63540.5,63561.9,63397.4,63412.9
1715013300000,63412.9,63570.8,63406.1,63462.4
1715013600000,63462.4,63462.4,63350.7,63360.6
1715013900000,63360.6,63445.3,63272.3,63319.1
1715014200000,63319.6,63325.7,63183.5,63183.5
1715014500000,63183.4,63223.6,63090.5,63151.6
1715014800000,63153.6,63353.1,63144.8,63280.1
1715015100000,63280.1,63397.7,63278.5,63342.7
1715015400000,63341.9,63457.6,63317.5,63438.4
1715015700000,63449.2,63472.4,63364.9,63367.1
1715016000000,63367.1,63368.1,63299.2,63311.3
1715016300000,63334.2,63336.4,63282.2,63284.2
1715016600000,63284.2,63321.1,62995,63002.7
1715016900000,63002.3,63155.6,62950,63021.3
1715017200000,63021.3,63028.6,62932.3,62946.6
1715017500000,62946.7,63137.8,62943.9,63058.3
1715017800000,63058.3,63210.5,63026.3,63163.2
1715018100000,63163.2,63185.1,63107.2,63131.3
1715018400000,63131.3,63213.8,63125.3,63194.4
1715018700000,63194.4,63201.3,63087.5,63133.7
1715019000000,63133.7,63172.8,63097.4,63149
1715019300000,63147.7,63263,63132.7,63155.6
1715019600000,63161.7,63170.8,63112.3,63141.2
1715019900000,63141.2,63225.8,63134.5,63167.7
1715020200000,63168.7,63179,62952.9,63063.2
1715020500000,63063.2,63436.6,63055.2,63291.8
1715020800000,63295.8,63352.3,63274.9,63308.4
1715021100000,63308.4,63493.5,63294.1,63414.2
1715021400000,63415.2,63460,63365.8,63422.7
1715021700000,63422.7,63424.7,63368.5,63368.5
1715022000000,63367.5,63372.4,63231,63266
1715022300000,63272.2,63311,63221.9,63254.2
1715022600000,63250.9,63259.1,62996.3,62996.4
1715022900000,62996.4,62997.4,62692.1,62939.1
1715023200000,62939.1,63092.8,62921.6,62963.8
1715023500000,62963.8,63051.7,62958.8,62969.3
1715023800000,62969.3,62969.3,62823.7,62934.8
1715024100000,62933.4,62988,62877.7,62937
1715024400000,62934.9,63071.2,62809.4,63030
1715024700000,63030,63106.9,63019.6,63058.9
1715025000000,63059.1,63136.8,63034.4,63135.8
1715025300000,63135.2,63206.6,63102.9,63188.8
1715025600000,63185.4,63189.7,63058.9,63104
1715025900000,63101.2,63127.9,63013.9,63061.1
1715026200000,63060.3,63147.1,63032.6,63038
1715026500000,63041,63222.6,63037.2,63175
1715026800000,63174.9,63295.4,63170.9,63249.1
1715027100000,63252.1,63341.4,63219.5,63321.3
1715027400000,63324.5,63352.5,63290,63292.3
1715027700000,63292.5,63369.7,63274.3,63323.4
1715028000000,63325.1,63366.8,63312.8,63317.5
1715028300000,63317.7,63331,63282.3,63282.6
1715028600000,63282.6,63314.4,63271,63292.6
1715028900000,63292.8,63296.6,63279.8,63283.5
1715029200000,63262,63390.7,63262,63364.5
1715029500000,63364.5,63462,63355.8,63449.8
1715029800000,63449.8,63496.7,63423.3,63478.8
1715030100000,63478.8,63478.8,63428.6,63452
1715030400000,63452.1,63476.7,63440.9,63475
1715030700000,63474.1,63577.2,63440.4,63528
1715031000000,63528,63528,63451,63469.7
1715031300000,63469.7,63475.1,63396.2,63439.7
1715031600000,63440.9,63444,63382.2,63391
1715031900000,63391,63431.4,63386.5,63431
1715032200000,63432.1,63565.2,63432.1,63497.2
1715032500000,63497.1,63561.1,63491.1,63524.4
1715032800000,63509.8,63528.5,63459.6,63481.1
1715033100000,63482.8,63502.7,63447.1,63490.1
1715033400000,63490.3,63501.9,63428.3,63432.6
1715033700000,63442.4,63488.8,63375.1,63454.2
1715034000000,63456.2,63511.3,63441.4,63511.3
1715034300000,63511.4,63529.8,63469.8,63523.6
1715034600000,63522.4,63527,63432.9,63488.7
1715034900000,63488.9,63488.9,63404.9,63440.1
1715035200000,63440,63476.8,63426.9,63443.5
1715035500000,63443.5,63458.8,63423.2,63443.8
1715035800000,63446.8,63455.5,63428.8,63453.7
1715036100000,63453.7,63474.4,63449.8,63462.7
1715036400000,63462.7,63462.7,63383.7,63408.1
1715036700000,63409.3,63439.4,63312.4,63331.5
1715037000000,63333.6,63366.9,63269.5,63284.6
1715037300000,63284.6,63290.7,63226.6,63243.9
1715037600000,63243.9,63319.2,63238.3,63319.2
1715037900000,63311.2,63351,63298.7,63342.6
1715038200000,63342.5,63351,63276.8,63277.7
1715038500000,63277.7,63286.4,63133.2,63146.7
1715038800000,63148,63154.4,63137.7,63140.3
1715039100000,63140.3,63216.9,63132.7,63164.1
1715039400000,63164.1,63164.1,63119.5,63151.4
1715039700000,63151.4,63166,63116.2,63137.5
1715040000000,63137.5,63211.8,63117.2,63208.7
1715040300000,63211.1,63269,63187.8,63220.9
1715040600000,63220.4,63231.4,63081.6,63102.5
1715040900000,63102.5,63102.5,62958.7,62961.2
1715041200000,62961.2,63105.8,62930.1,63077.2
1715041500000,63077.2,63261.1,63077.2,63243.3
1715041800000,63243.3,63436,63229.8,63367.1
1715042100000,63383.3,63449.1,63309.4,63413.2
1715042400000,63423,63551.1,63396.6,63526.4
1715042700000,63526.3,63639.2,63510.4,63559.6
1715043000000,63559.6,63587.7,63532.5,63573
1715043300000,63572,63585.3,63428.4,63513.8
1715043600000,63513.8,63573.4,63449.8,63570.6
1715043900000,63577,63579.4,63541.3,63562.5
1715044200000,63562.5,63688.3,63535.7,63669.1
1715044500000,63669.1,63714.1,63625.1,63674.5
1715044800000,63674.5,63825.2,63589.6,63594.5
1715045100000,63595,63628.9,63548.5,63579.2
1715045400000,63558.9,63621.9,63533.5,63605.4
1715045700000,63615.3,63721.2,63603.4,63721.2
1715046000000,63695.7,63887.3,63695.7,63763.2
1715046300000,63758,63947.1,63747.9,63879.9
1715046600000,63879.3,63933.1,63816.8,63901.1
1715046900000,63895.1,63901.1,63838.6,63860.7
1715047200000,63860.7,63927.1,63812.3,63814.7
1715047500000,63813.9,63834.3,63696.8,63737.4
1715047800000,63735,63781.1,63696.5,63768.6
1715048100000,63768.6,63791,63678.8,63678.9
1715048400000,63678.9,63750,63671.8,63730.4
1715048700000,63729.9,63797.1,63729.4,63795.7
1715049000000,63795.7,63810.1,63715,63735
1715049300000,63735,63738.5,63664.8,63706.6
1715049600000,63706.6,63707.2,63651.2,63670
1715049900000,63648.9,63690.9,63611.7,63619.8
1715050200000,63615.6,63664,63592.5,63650.2
1715050500000,63648.9,63715.2,63644.1,63666.2
1715050800000,63666.2,63689.6,63649.5,63675.2
1715051100000,63672.2,63683.2,63627.2,63681.8
1715051400000,63681.8,63682.2,63595.1,63595.1
1715051700000,63595.1,63664.7,63585.2,63636.9
1715052000000,63637.3,63641.8,63442.2,63465.2
1715052300000,63465.5,63474.8,62888.7,62923.2
1715052600000,62930.1,63172,62838.8,63147.3
1715052900000,63147.3,63177.1,63058.7,63117.4
1715053200000,63116.6,63286.5,63051.4,63210.7
1715053500000,63210.7,63288.5,63119.5,63217.4
1715053800000,63217.1,63227.1,63155,63213.1
1715054100000,63213.1,63215.1,63155.8,63212.3
1715054400000,63210.8,63303.4,63196.2,63261.2
1715054700000,63216.5,63261.2,63071.1,63189.4
1715055000000,63192.8,63232.7,63151.9,63159.4
1715055300000,63160.2,63237.1,63149,63218.8
1715055600000,63220.3,63361.1,63199.4,63318.2
1715055900000,63317.1,63382.8,63309.1,63358.4
1715056200000,63358.4,63366.4,63307.2,63341.2
1715056500000,63341.2,63341.2,63280.9,63319
1715056800000,63319,63411.2,63310.7,63382.1
1715057100000,63382.7,63386,63335,63340.7
1715057400000,63340.1,63384.4,63340.1,63384.4
1715057700000,63384.4,63432,63360.9,63414.3
1715058000000,63421.8,63461.2,63364.8,63364.9
1715058300000,63366.4,63422.5,63336,63420.9
1715058600000,63420.9,63422.5,63365.1,63371.2
1715058900000,63371.2,63371.2,63318.6,63368.8
1715059200000,63368.8,63411.2,63353.2,63380.4
1715059500000,63378.5,63383.1,63322.3,63365.6
1715059800000,63362.5,63365.6,63255.8,63307.4
1715060100000,63307.4,63315.5,63220.4,63285.2
1715060400000,63286.8,63702.3,63279.8,63582.7
1715060700000,63582.7,63699.6,63511.2,63517
1715061000000,63511.2,63571.6,63474.9,63496.3
1715061300000,63498.4,63535.2,63467.9,63531.2
1715061600000,63531.2,63691.6,63507.9,63561.2
1715061900000,63561.2,63561.2,63473.5,63478.7
1715062200000,63476.3,63478.7,63393.2,63477.2
1715062500000,63478.3,63539.4,63474.5,63526.9
1715062800000,63527.1,63573.7,63519.2,63535.4
1715063100000,63535.7,63552.5,63460.1,63472.4
1715063400000,63472.4,63485,63400,63432.2
1715063700000,63432.2,63590.8,63413.8,63570.5
1715064000000,63570.8,63617.4,63537.1,63616.4
1715064300000,63616.4,63657.3,63579.6,63599.6
1715064600000,63599.6,63629.2,63587.6,63606.2
1715064900000,63606.7,63620.8,63593,63599.7
1715065200000,63599.7,63623.7,63547.2,63563.5
1715065500000,63563.5,63572,63526.2,63550.6
1715065800000,63550.6,63678.8,63536,63638.2
1715066100000,63638.2,63730.1,63602.9,63717.2
1715066400000,63721.4,63769.1,63715.8,63759.4
1715066700000,63759.4,63810.1,63759,63786.3
1715067000000,63786.3,63786.3,63708.2,63718.7
1715067300000,63718.7,63779.2,63718.7,63760.7
1715067600000,63760.7,63760.7,63730.7,63742.5
1715067900000,63742.5,63750.2,63677.1,63677.3
1715068200000,63677.3,63681.8,63627.5,63680.5
1715068500000,63680,63680.7,63627.4,63646.8
1715068800000,63646.8,63710.2,63591.1,63674.8
1715069100000,63674.8,63674.8,63615.2,63654.3
1715069400000,63654.2,63793.7,63648.8,63791
1715069700000,63791,63961.1,63784.8,63960.7
1715070000000,63961.1,64253.1,63954.2,64216.7
1715070300000,64216.7,64291,64112.6,64253.8
1715070600000,64248.8,64253.8,64104.8,64160.2
1715070900000,64160.2,64367.3,64155.4,64201.2
1715071200000,64200.2,64202.4,64100.5,64102.4
1715071500000,64104,64261.2,64104,64245.7
1715071800000,64245.7,64293.3,64234.2,64252.7
1715072100000,64252.7,64279.1,64197.1,64198.6
1715072400000,64198.6,64260.2,64161.9,64205.8
1715072700000,64205.3,64259.5,64202.2,64244.8
1715073000000,64244.8,64251.9,64202.8,64219.9
1715073300000,64219.9,64320.6,64218.2,64292
1715073600000,64290.9,64336,64276.2,64297.1
1715073900000,64291.5,64315.7,64241.7,64259.8
1715074200000,64259.7,64265.1,64135.2,64159.9
1715074500000,64159.7,64231.4,64153.5,64186.2
1715074800000,64186.2,64192.4,64166.1,64176.1
1715075100000,64176.1,64221.4,64168.9,64179.5
1715075400000,64180.1,64186.7,64082.5,64087.6
1715075700000,64084.7,64111.5,64058.7,64100.8
1715076000000,64100.8,64132.7,64079.7,64128.8
1715076300000,64128.8,64134.1,64065.3,64068.2
1715076600000,64069,64086.2,63825.9,63864.4
1715076900000,63865.1,63974.9,63744.9,63767.2
1715077200000,63767.2,63852.2,63765.2,63801.3
1715077500000,63801.4,63847,63785.4,63801.2
1715077800000,63801.2,63936.3,63801.2,63934.8
1715078100000,63941.8,63961.1,63917.1,63930.6
1715078400000,63930.6,64001.1,63929.9,63982.4
1715078700000,63982.4,64056.4,63964.7,63976.3
1715079000000,63971.8,64111.1,63956.1,64091.1
1715079300000,64091.1,64111,64077.1,64083
1715079600000,64085.4,64088.1,64042.4,64044.9
1715079900000,64045.6,64045.6,63921.4,63994.4
1715080200000,63994.4,64055.1,63993.1,64034.7
1715080500000,64034,64086.1,64022,64064
1715080800000,64063.5,64083.2,64009.8,64009.8
1715081100000,64009.8,64010.7,63992.5,64001.8
1715081400000,64001.8,64009.1,63954.7,63979.7
1715081700000,63979.7,64003.1,63810.8,63810.8
1715082000000,63810.8,63827.6,63508.6,63591
1715082300000,63591,63591,63347.7,63509.8
1715082600000,63509.6,63541.4,63442.1,63495.6
1715082900000,63496.6,63509.6,63450.2,63457.3
1715083200000,63460.8,63518.8,63452.2,63505.3
1715083500000,63502,63607.4,63485.1,63593.2
1715083800000,63594.2,63642.5,63525,63633.2
1715084100000,63633.2,63653.4,63562.2,63576.2
1715084400000,63575.4,63611.7,63459.2,63465.2
1715084700000,63465.2,63566.3,63461.2,63519.2
1715085000000,63519.2,63588.2,63516.6,63577.5
1715085300000,63577.5,63604.8,63525.2,63581.8
1715085600000,63581.8,63582.3,63520.6,63570.1
1715085900000,63573.2,63704.7,63551.3,63692.4
1715086200000,63692,63735.2,63652.6,63654.2
1715086500000,63655,63677.1,63618.3,63633
1715086800000,63632.1,63632.9,63545.2,63576.6
1715087100000,63576.4,63632.5,63544.4,63558.3
1715087400000,63558.3,63635.1,63557.5,63624.6
1715087700000,63624.6,63687.6,63595.7,63635.4
1715088000000,63636.3,63642.5,63505.3,63511.2
1715088300000,63508.3,63527.8,63426.4,63499.2
1715088600000,63494.2,63648.6,63471.3,63572.5
1715088900000,63572.5,63597.1,63457,63461
1715089200000,63461,63533.5,63447.2,63472.4
1715089500000,63472.4,63521.1,63222.9,63229.4
1715089800000,63231.4,63376.5,63099.7,63360.2
1715090100000,63360.2,63366.7,63112.9,63169.4
1715090400000,63167.7,63435,63117.2,63334.2
1715090700000,63333.2,63366.3,63268.7,63303.2
1715091000000,63301.4,63339.1,63248.1,63315.6
1715091300000,63315.9,63399.1,63302.8,63369.5
1715091600000,63369.4,63385.3,63241.1,63253.1
1715091900000,63248.9,63318.2,63240.3,63261.1
1715092200000,63261.1,63313.5,63075.7,63089.2
1715092500000,63089.2,63251.8,63087.2,63206.7
1715092800000,63209.2,63473.2,63209.2,63428.9
1715093100000,63429.1,63523.4,63394.7,63491.2
1715093400000,63489.2,63623.1,63440.2,63618.7
1715093700000,63618.7,64040.2,63593.8,64013.7
1715094000000,63996.6,64294.1,63985.6,64171.2
1715094300000,64147.3,64163.1,63954.7,63954.7
1715094600000,63954.2,63961.2,63806,63851.4
1715094900000,63852.9,63953.9,63734.5,63740.5
1715095200000,63740.5,63870.3,63702.2,63759.1
1715095500000,63759.1,63910.5,63746.6,63857.6
1715095800000,63853.9,63881.3,63640.6,63649.4
1715096100000,63637.6,63795.1,63593.6,63773.6
1715096400000,63773.6,63799.1,63654.1,63700.6
1715096700000,63700.6,63791,63698.7,63769.5
1715097000000,63769.5,63781.4,63719.5,63735.4
1715097300000,63735.1,63756.6,63686.1,63701.6
1715097600000,63703.1,63787,63694,63773.7
1715097900000,63772.3,63828.3,63769.6,63819.9
1715098200000,63820.5,63857.1,63734.2,63744.3
1715098500000,63744.3,63744.3,63696.5,63705.5
1715098800000,63705.5,63739,63697.8,63708.6
1715099100000,63708.7,63730.5,63633.2,63637.9
1715099400000,63637.9,63637.9,63477.5,63486.7
1715099700000,63486.7,63576,63483.3,63523.1
1715100000000,63523.1,63557.7,63509.1,63516.6
1715100300000,63516.6,63539.1,63461.2,63480.2
1715100600000,63479.9,63533.9,63479.8,63526.9
1715100900000,63526.9,63597.4,63511.2,63597
1715101200000,63597,63622.6,63418.9,63461.2
1715101500000,63461.2,63461.2,63343.2,63390.6
1715101800000,63390,63457.1,63325.5,63456.5
1715102100000,63456.3,63468.3,63422.6,63448.6
1715102400000,63450.9,63480.6,63444,63465.7
1715102700000,63469,63469,63357,63357
1715103000000,63357,63418.2,63335.8,63356.9
1715103300000,63356.9,63483.7,63354.8,63454.5
1715103600000,63454.5,63454.5,63395,63448.6
1715103900000,63446.4,63456,63314.7,63315.1
1715104200000,63315.1,63391,63292.7,63377.9
1715104500000,63376.8,63384.8,63320.7,63348.4
1715104800000,63348.4,63359.1,63239,63271.8
1715105100000,63272.5,63312.4,63210.7,63221.2
1715105400000,63221.2,63251.1,63209.2,63209.2
1715105700000,63209.2,63232.7,63146.6,63180.6
1715106000000,63181.1,63223.3,63131.9,63166.2
1715106300000,63163.6,63166.3,63096.6,63105.8
1715106600000,63105.8,63153.7,62969.1,63053.9
1715106900000,63053.9,63075.1,62788.6,62814.4
1715107200000,62814.4,62945.9,62765.6,62935
1715107500000,62943.9,63045.8,62897.8,63028.9
1715107800000,63027,63166.8,62990.8,63165.2
1715108100000,63166.8,63167.4,63052.6,63137.6
1715108400000,63133.5,63228.8,63124.9,63186.4
1715108700000,63183.8,63209.5,63132.2,63171.2
1715109000000,63173.1,63232.7,63137.7,63138.2
1715109300000,63140.2,63140.2,63027.5,63081.7
1715109600000,63080.4,63121.6,63077.4,63106.6
1715109900000,63109.7,63125.7,63080.8,63080.8
1715110200000,63080.8,63119.1,63067,63109.4
1715110500000,63106.9,63131.2,63091,63131.1
1715110800000,63131.1,63131.1,63090.7,63094.7
1715111100000,63094.7,63103.1,63033.7,63087.8
1715111400000,63096.7,63117.1,63065.9,63074.1
1715111700000,63074.1,63076.7,62947.3,63024.2
1715112000000,63021.2,63077.1,62961.6,63052.5
1715112300000,63051.2,63119,63048,63113.7
1715112600000,63113.7,63144.9,63098.8,63104.4
1715112900000,63104.4,63158.7,63082.6,63109.3
1715113200000,63108,63112.4,63084.8,63105.4
1715113500000,63093.4,63110.7,62998.2,62999
1715113800000,62999,63050.2,62969.8,62979.9
1715114100000,62979.9,62989.4,62924.8,62987.1
1715114400000,62985.7,63031.1,62963.9,63024.3
1715114700000,63021.3,63095.8,63009.5,63017.5
1715115000000,63017.4,63019.9,62868.6,62978.5
1715115300000,62978.8,62978.8,62936,62964.9
1715115600000,62939.8,63008.7,62916.2,63001.6
1715115900000,63000.7,63004.9,62970.9,62989.2
1715116200000,62989.3,63033.8,62978.9,63020.4
1715116500000,63020.5,63094.8,63019.6,63067.9
1715116800000,63066.5,63118.8,63066.5,63118.8
1715117100000,63118.8,63118.8,63091.4,63103.2
1715117400000,63104.1,63108.3,62948.8,62948.8
1715117700000,62948.7,63042.9,62913.3,62987.8
1715118000000,62986.3,63019.1,62984,62997.2
1715118300000,62997.2,62997.2,62814.5,62897.2
1715118600000,62897.2,62924.7,62832,62867.7
1715118900000,62868,63086.4,62867.5,63042.4
1715119200000,63028.9,63044.2,62929.6,62964.7
1715119500000,62961,63006.6,62901.2,62909.5
1715119800000,62920.8,62924.7,62779.3,62783.1
1715120100000,62786.9,62866.7,62721.8,62788.7
1715120400000,62787.7,62872.5,62787.7,62849.6
1715120700000,62852.7,62974.7,62828.3,62956.9
1715121000000,62956.7,63068.6,62948.1,63039.2
1715121300000,63039.8,63065,62984.6,63004.9
1715121600000,63004.9,63031.2,62980.5,62981.8
1715121900000,62981.8,62996.3,62895.8,62895.8
1715122200000,62895.8,62906.6,62818.6,62851.3
1715122500000,62851.3,62851.3,62808.9,62817.4
1715122800000,62817.4,62849.9,62346.1,62382.8
1715123100000,62380.8,62494.2,62269.7,62461.3
1715123400000,62461.3,62461.3,62348.5,62391.1
1715123700000,62391.1,62399.8,62274.1,62275.7
1715124000000,62288.9,62406.6,62245.3,62356
1715124300000,62354.6,62413.6,62283.9,62323.5
1715124600000,62323.5,62413.3,62285,62394.2
1715124900000,62394.2,62457.7,62394.2,62444
1715125200000,62446.9,62476.5,62429.2,62447.5
1715125500000,62447.5,62467.8,62395.1,62413.4
1715125800000,62395.1,62417.1,62300.3,62354.2
1715126100000,62354.2,62355.2,62269.3,62300.7
1715126400000,62299.4,62379.8,62261.2,62342.5
1715126700000,62342.5,62438.6,62325.1,62433.7
1715127000000,62432.7,62461.2,62413.5,62432.4
1715127300000,62432.4,62548,62363.2,62511.1
1715127600000,62511.1,62523.9,62453.4,62522.6
1715127900000,62522.8,62522.8,62386.7,62413.2
1715128200000,62413.2,62454.1,62102.1,62443.8
1715128500000,62449.2,62672.9,62329.3,62619.4
1715128800000,62619.8,62643.2,62545.8,62553.8
1715129100000,62555.6,62611.2,62493,62601.2
1715129400000,62604.3,62611.1,62549.8,62563.3
1715129700000,62561.4,62591.1,62548.6,62549.9
1715130000000,62551.8,62574,62501.3,62527
1715130300000,62527,62628.2,62524.6,62602.7
1715130600000,62603.4,62658.8,62576.5,62601.3
1715130900000,62604.1,62675.1,62543.8,62547.5
1715131200000,62553,62571.9,62500.1,62503.9
1715131500000,62503.9,62553.1,62464.9,62513.1
1715131800000,62515,62525.3,62397.2,62444
1715132100000,62442.6,62622.2,62419.1,62591.1
1715132400000,62595.6,62613.7,62527.2,62538.6
1715132700000,62538.6,62571.2,62489.8,62561.1
1715133000000,62561.1,62579.1,62514.1,62532.1
1715133300000,62531.1,62533.2,62483.3,62490.3
1715133600000,62490.9,62667.6,62487.2,62646.8
1715133900000,62645.2,62715.5,62608.5,62684.2
1715134200000,62684.2,62711.2,62604.4,62678.3
1715134500000,62678.3,62699.2,62607.3,62626.4
1715134800000,62627.6,62754.9,62626.6,62731.2
1715135100000,62733.2,62780.7,62709.9,62716.2
1715135400000,62716.2,62739.1,62676.6,62693.4
1715135700000,62693.4,62742.2,62686.5,62734.9
1715136000000,62735.3,62787.6,62722.8,62764.6
1715136300000,62764,62825.2,62727.8,62825.2
1715136600000,62825.2,62825.2,62747.4,62747.4
1715136900000,62747.4,62796.3,62727.2,62749.9
1715137200000,62738.7,62776.5,62715.1,62770.1
1715137500000,62770.1,62793.4,62745.3,62752.9
1715137800000,62752.5,62752.9,62685.3,62724.8
1715138100000,62724.8,62752.6,62630.7,62646.3
1715138400000,62645.9,62650.2,62573,62625.9
1715138700000,62625.9,62680.3,62618.8,62667.1
1715139000000,62667.1,62719.3,62662.7,62684
1715139300000,62684,62750.9,62682.6,62723.8
1715139600000,62723.2,62943.5,62716.7,62891.2
1715139900000,62891.8,62938.8,62862.6,62882
1715140200000,62882,62931.8,62852.4,62896.2
1715140500000,62894,62896.2,62824.5,62861.3
1715140800000,62859.2,62903.7,62830.9,62887.2
1715141100000,62887.2,62925.4,62867.8,62891.2
1715141400000,62897.1,62906.1,62861.2,62875.5
1715141700000,62875.5,62926.8,62858.2,62924.3
1715142000000,62921.1,62990.5,62863.7,62889.6
1715142300000,62889.6,62891.1,62763.4,62763.4
1715142600000,62767.4,62781.2,62656.9,62661.8
1715142900000,62661.8,62685.2,62565.3,62592.2
1715143200000,62591.3,62592.9,62345.7,62509.1
1715143500000,62509.1,62618.5,62495.6,62617.8
1715143800000,62617.8,62618.5,62560.5,62578
1715144100000,62578,62604.4,62469.8,62499.4
1715144400000,62499.4,62513.1,62356.5,62408.1
1715144700000,62405.1,62455.1,62382.8,62441.5
1715145000000,62441.5,62507.1,62439.2,62462.8
1715145300000,62459.8,62565.1,62438.1,62557.1
1715145600000,62557.8,62571,62529.9,62555.7
1715145900000,62555.1,62627.1,62555.1,62612.4
1715146200000,62611.9,62716,62591.2,62684.3
1715146500000,62684.3,62708.3,62654.3,62662.1
1715146800000,62662.1,62662.1,62630.8,62659.9
1715147100000,62658.8,62659.9,62570.7,62594.7
1715147400000,62593,62607.1,62541.7,62604
1715147700000,62604,62607.1,62561,62577.9
1715148000000,62575,62672.9,62563.8,62632.1
1715148300000,62638,62649.2,62587.2,62593.8
1715148600000,62596.3,62597.2,62489.4,62501.2
1715148900000,62501.2,62501.2,62358.9,62363.3
1715149200000,62364.7,62364.7,62173.6,62192.3
1715149500000,62192.3,62227,62116.4,62165.1
1715149800000,62164.3,62320.3,62125.4,62295.2
1715150100000,62297.3,62494.2,62227.1,62469.7
1715150400000,62469.7,62480.2,62396.3,62397.8
1715150700000,62399.5,62457.3,62367.5,62434.1
1715151000000,62434.1,62468.6,62424.3,62452.5
1715151300000,62452.5,62509.1,62443.3,62468.9
1715151600000,62466.8,62569.8,62430.7,62481.1
1715151900000,62480.5,62480.5,62323.5,62335.4
1715152200000,62336.3,62350.8,62290.7,62325.4
1715152500000,62326.7,62360.5,62315.1,62343
1715152800000,62339,62356.3,62211.5,62224.7
1715153100000,62217.1,62228.9,62157.6,62176.2
1715153400000,62174.1,62241.2,62152.2,62238.5
1715153700000,62238.5,62259.6,62226.3,62238.7
1715154000000,62238.7,62279.4,62216.6,62275.7
1715154300000,62275.4,62321,62247.9,62247.9
1715154600000,62247.9,62250.2,62057.5,62204.5
1715154900000,62204.5,62204.5,62132.9,62169.1
1715155200000,62171.1,62268.7,62061.4,62244.2
1715155500000,62244.2,62269.5,62126.1,62163.8
1715155800000,62163.8,62176.1,62034.3,62163.1
1715156100000,62163.2,62232.2,62158.6,62228.5
1715156400000,62228.5,62353.5,62224.8,62301.5
1715156700000,62301.5,62301.5,62247.2,62267.2
1715157000000,62267.2,62345.5,62231.5,62329.7
1715157300000,62329.7,62389.1,62272.6,62293.9
1715157600000,62293.9,62298.9,62218.8,62221.7
1715157900000,62220.5,62233.6,62078.4,62093.6
1715158200000,62094,62191,62091.6,62142
1715158500000,62142,62372.8,62140.8,62360.6
1715158800000,62361.1,62384.9,62295.6,62318.2
1715159100000,62318.2,62321.9,62247.6,62276.2
1715159400000,62275.5,62321.2,62217.9,62264
1715159700000,62267.8,62267.8,62165.2,62167.8
1715160000000,62183.7,62189.1,62083.1,62124.3
1715160300000,62125.4,62281.2,62118.6,62165.5
1715160600000,62171.1,62207.8,62094.4,62105.5
1715160900000,62105.5,62160,62062.2,62097.9
1715161200000,62097.9,62158.1,62058.9,62063.3
1715161500000,62063.8,62178.9,62063.8,62178.9
1715161800000,62178.2,62250.1,62174.2,62235.7
1715162100000,62235.7,62296.9,62196.7,62259.9
1715162400000,62261.3,62323.1,62232.5,62286.2
1715162700000,62286.7,62308.4,62256.6,62292.2
1715163000000,62293.2,62309.5,62254.4,62298.3
1715163300000,62298.3,62374.2,62298.3,62349.6
1715163600000,62349.6,62475.9,62347.8,62458.7
1715163900000,62458.7,62458.7,62395.4,62440.8
1715164200000,62442.5,62480.9,62398.5,62409
1715164500000,62410,62415.9,62355.2,62355.5
1715164800000,62355.5,62416.7,62348,62368.6
1715165100000,62368.2,62405.4,62360.5,62382.4
1715165400000,62382.2,62416.7,62381.1,62405.5
1715165700000,62405.5,62455.1,62405.5,62427.2
1715166000000,62427.2,62468.2,62380.6,62459.2
1715166300000,62459.2,62459.2,62222.8,62242.5
1715166600000,62239.7,62253.4,62172.8,62210.9
1715166900000,62210.9,62265.3,62161,62241.2
1715167200000,62241.2,62242.5,62156,62162.2
1715167500000,62162.2,62179.2,62108.2,62131.5
1715167800000,62130.4,62219.8,62129.9,62216.2
1715168100000,62218,62286.9,62207.1,62271.2
1715168400000,62271.2,62345.7,62271.2,62295.2
1715168700000,62295.2,62386.8,62259.6,62355.9
1715169000000,62360.9,62361.8,62247.4,62258.9
1715169300000,62258.7,62261.2,62213.7,62219.7
1715169600000,62219.7,62323.3,62210.3,62313.3
1715169900000,62313.3,62416.5,62313.3,62402.2
1715170200000,62401.9,62410,62350.1,62389.2
1715170500000,62394.5,62394.5,62258.8,62312.5
1715170800000,62312.5,62313.1,62222.4,62303.2
1715171100000,62305.5,62342.7,62303.1,62309.4
1715171400000,62309.4,62353.4,62228.5,62228.5
1715171700000,62228.2,62255.3,62139.1,62145.1
1715172000000,62145.1,62212.7,62115.8,62138.2
1715172300000,62138.2,62172.9,62064,62090.7
1715172600000,62090.7,62203.2,62084.7,62096.4
1715172900000,62097.2,62203.9,62096.7,62198.8
1715173200000,62199.1,62234.3,62081.8,62097.2
1715173500000,62095.6,62097.4,61861,61981.7
1715173800000,61981.7,61984.9,61855.2,61883.8
1715174100000,61883.8,62158.6,61876,62036.3
1715174400000,62057.7,62105.2,62014.3,62056.6
1715174700000,62058.7,62098,61989.7,61996.4
1715175000000,61996.4,62050.8,61881.9,61881.9
1715175300000,61884.6,61985.1,61820,61884.2
1715175600000,61885.5,61904.9,61763.1,61843.9
1715175900000,61842.9,62031.2,61842.9,62027.9
1715176200000,62027.9,62121.2,62009.3,62107.1
1715176500000,62091.4,62423.2,62091.4,62407.1
1715176800000,62407.1,62413.7,62287.2,62349.1
1715177100000,62349.1,62349.1,62191.1,62238
1715177400000,62236.9,62323.1,62172.7,62191.4
1715177700000,62191.4,62359.2,62132.1,62336.5
1715178000000,62336.5,62628,62328.1,62627.1
1715178300000,62621.1,62627.1,62456.6,62484
1715178600000,62484,62526.8,62382.7,62429.7
1715178900000,62435.8,62592.4,62411.2,62583.7
1715179200000,62584.9,62707.1,62538.3,62692
1715179500000,62691.7,62791.9,62573.1,62687.7
1715179800000,62689.2,62693.1,62599,62601.6
1715180100000,62605.6,62618.1,62526.1,62526.1
1715180400000,62554.5,62571.1,62474.9,62505.1
1715180700000,62507.5,62515.1,62300.8,62300.8
1715181000000,62300.8,62315.1,62157.6,62218.4
1715181300000,62219.3,62229.1,61935.8,62051.5
1715181600000,62027.5,62027.5,61868.4,61903.7
1715181900000,61903.7,62110.8,61903.3,62081.6
1715182200000,62079.3,62210.2,62011.8,62179.1
1715182500000,62179.1,62315.9,62179,62276.2
1715182800000,62277.3,62291.1,62150.8,62200.6
1715183100000,62202.3,62405.1,62171.5,62393.1
1715183400000,62407.1,62486.7,62243.2,62249.9
1715183700000,62253.1,62297.1,62172,62237.3
1715184000000,62240.5,62259.5,62059.2,62059.5
1715184300000,62059.7,62158.1,62041.2,62059.7
1715184600000,62059.7,62233.7,61976.1,62232.5
1715184900000,62233.1,62292.7,62165.2,62241
1715185200000,62240,62285.2,62194.2,62268.2
1715185500000,62268.2,62283.1,62207.3,62239
1715185800000,62239,62329.9,62239,62278
1715186100000,62277.4,62290.3,62160.1,62288
1715186400000,62290.3,62337.3,62217.6,62219
1715186700000,62219,62306.3,62204.8,62259.3
1715187000000,62258.7,62321.1,62248.3,62318
1715187300000,62319.8,62411,62297.9,62407.2
1715187600000,62406.6,62586,62344.3,62561.6
1715187900000,62561.5,62583.7,62498.7,62524.3
1715188200000,62522.8,62560.4,62465.2,62518.1
1715188500000,62518.1,62534.4,62495.1,62516.1
1715188800000,62515.1,62516.1,62419.3,62436.1
1715189100000,62435.6,62540.4,62435.6,62496.3
1715189400000,62495.6,62641.3,62485.2,62554
1715189700000,62554,62566.5,62443.4,62444.8
1715190000000,62444.8,62481.1,62434.3,62467.1
1715190300000,62467.1,62474,62440.7,62457.4
1715190600000,62457.9,62547.2,62405.8,62496.1
1715190900000,62496.4,62559,62496.1,62554.4
1715191200000,62553.5,62595.8,62509.4,62566.7
1715191500000,62566.9,62582,62537.7,62570.8
1715191800000,62570.8,62644.5,62565.7,62610
1715192100000,62610,62676,62606.6,62662.7
1715192400000,62662.7,62722.6,62654.9,62699.2
1715192700000,62699.2,62700.2,62640.6,62679
1715193000000,62679,62703.7,62594.8,62605
1715193300000,62604,62605,62500.6,62570.3
1715193600000,62570.3,62605.1,62472.2,62510.9
1715193900000,62513.1,62516,62461.1,62476.2
1715194200000,62476.2,62484.3,62416.2,62452.9
1715194500000,62451.6,62501.2,62448.4,62473.7
1715194800000,62472.3,62501.2,62423.3,62486.5
1715195100000,62490.6,62509.9,62412.7,62443.2
1715195400000,62457.5,62461.1,62247.5,62259.3
1715195700000,62258.1,62301.2,62190.3,62191
1715196000000,62192.3,62192.3,62069.9,62076
1715196300000,62076,62080.8,61938.5,62017.5
1715196600000,62014.2,62171.1,62007.2,62133.4
1715196900000,62134.3,62219,62110.4,62209.2
1715197200000,62211,62301.1,62194.1,62297.8
1715197500000,62301.2,62379.3,62197.1,62262.3
1715197800000,62277.2,62298.8,62241.2,62253
1715198100000,62253,62277,62110.3,62131.7
1715198400000,62132.3,62207.6,62117.4,62132
1715198700000,62134.6,62134.6,62059.6,62115.3
1715199000000,62115.8,62131.1,62002.6,62020
1715199300000,62019,62088.8,61581.8,61606.2
1715199600000,61604.2,61863.6,61602.6,61703.3
1715199900000,61703.3,61761.9,61634.3,61707.2
1715200200000,61707.2,61718.7,61525.1,61632.6
1715200500000,61633.5,61675.4,61588,61616.1
1715200800000,61616.1,61662.8,61582.8,61625.1
1715201100000,61625.1,61625.1,61421.2,61528.5
1715201400000,61528.7,61557.3,61447,61448.1
1715201700000,61448.1,61570.5,61443.7,61546.3
1715202000000,61527.8,61607.7,61447.4,61590.9
1715202300000,61590.8,61593.9,61451.2,61516.5
1715202600000,61516,61518.5,61441,61470.2
1715202900000,61470.2,61524.5,61414.7,61524.5
1715203200000,61523.7,61527,61360.5,61477.3
1715203500000,61477.3,61725.3,61473,61617.1
1715203800000,61616.3,61718,61527.2,61593.7
1715204100000,61594.8,61598.7,61493.7,61552.1
1715204400000,61551.9,61641.8,61539.3,61609.3
1715204700000,61610,61613.8,61392.7,61394.8
1715205000000,61395.8,61520.9,61383.1,61400
1715205300000,61399.9,61491.1,61399.9,61450.3
1715205600000,61430.9,61496.1,61395.2,61478.1
1715205900000,61477.9,61514.1,61425.1,61425.1
1715206200000,61424.7,61424.7,61137.1,61164
1715206500000,61165.2,61206.5,61054.8,61204.7
1715206800000,61205.3,61260.8,61175.8,61259.9
1715207100000,61258.7,61323.2,61203.8,61313.5
1715207400000,61315.5,61358.6,61230.7,61245.6
1715207700000,61273,61401,61253.2,61286.2
1715208000000,61285,61287.8,61187.1,61221.1
1715208300000,61221.2,61315.9,61207.2,61269
1715208600000,61269,61271.6,61209,61219
1715208900000,61219.9,61255.1,61128.2,61216
1715209200000,61216,61227.1,61032.3,61035.7
1715209500000,61036.4,61070.4,60937.2,60979.8
1715209800000,60970.6,61183.5,60965.4,61154.8
1715210100000,61153,61154.8,60958.7,60982.7
1715210400000,60983.7,60984.7,60864.2,60889.2
1715210700000,60887.1,60967.6,60851.4,60951.2
1715211000000,60952.8,61022.3,60914,60999.1
1715211300000,60991.5,61080.7,60977.7,61054.5
1715211600000,61065.1,61065.1,60947.1,61025.1
1715211900000,61026.6,61165.7,61020.2,61146.3
1715212200000,61146.3,61236.4,61143.5,61180.5
1715212500000,61180.8,61189.4,61133.7,61152.1
1715212800000,61152.1,61235.3,61104.4,61207.2
1715213100000,61203.3,61218.3,61153.7,61183.6
1715213400000,61173.2,61294.2,61148.6,61234
1715213700000,61235.6,61261.1,61161.9,61206.3
1715214000000,61205.2,61287.1,61198.4,61281.1
1715214300000,61279.3,61351.1,61232.7,61327.7
1715214600000,61335.5,61358.8,61285.6,61348.3
1715214900000,61344.4,61381.1,61292.1,61363.2
1715215200000,61363.3,61431.1,61345.5,61413.4
1715215500000,61416.3,61416.3,61351.7,61389.3
1715215800000,61392.6,61410.4,61338.3,61402.4
1715216100000,61402.6,61425.4,61361.1,61362.6
1715216400000,61362.7,61449.1,61342,61416.3
1715216700000,61411.5,61475.8,61381.2,61434.2
1715217000000,61435.8,61500.6,61427.8,61494.4
1715217300000,61487.4,61488.5,61430.1,61457.2
1715217600000,61460.1,61475,61419.8,61456.3
1715217900000,61459.9,61500,61435.2,61461
1715218200000,61460.7,61477.2,61424.1,61457.9
1715218500000,61453.3,61459.2,61408.7,61416.2
1715218800000,61413.8,61445.5,61381,61419.2
1715219100000,61419.3,61470.9,61411.2,61466.8
1715219400000,61462.1,61467.1,61443.3,61465.1
1715219700000,61460.3,61530.5,61458.7,61509.5
1715220000000,61512.2,61537.7,61481.4,61491.6
1715220300000,61505.1,61514.1,61482.6,61495
1715220600000,61498.8,61509.2,61446.8,61497.7
1715220900000,61496.8,61533,61492,61518.1
1715221200000,61515.9,61530.8,61486.7,61512.9
1715221500000,61515.1,61560.2,61508.7,61559.8
1715221800000,61555,61578.6,61488.2,61532.2
1715222100000,61530.1,61638.3,61526.1,61624.2
1715222400000,61617.8,61663.5,61603,61645.4
1715222700000,61647.6,61649.6,61592.7,61609.2
1715223000000,61610.6,61642.4,61609.4,61634.2
1715223300000,61635.8,61647.1,61620.5,61632.5
1715223600000,61629.2,61746.8,61601.7,61698.1
1715223900000,61698.9,61771.3,61694.8,61717.1
1715224200000,61720,61722.8,61491,61510.1
1715224500000,61509.1,61529.2,61394.8,61429
1715224800000,61428,61479.2,61419.5,61477.7
1715225100000,61479,61487.4,61388,61487.4
1715225400000,61485.2,61581.2,61483.8,61575.1
1715225700000,61576.3,61681.2,61555.5,61574.8
1715226000000,61573.9,61642.1,61572.8,61616.2
1715226300000,61629.8,61629.8,61568.8,61606.2
1715226600000,61607.2,61707.7,61595.1,61652.4
1715226900000,61652.4,61670.7,61628.1,61632.6
1715227200000,61632.6,61667.2,61603.3,61619.5
1715227500000,61620.3,61712.6,61609.3,61707
1715227800000,61708.7,61708.7,61653.1,61665.3
1715228100000,61665.3,61721.8,61629.9,61657.7
1715228400000,61655.1,61661.2,61551.3,61581.6
1715228700000,61584.4,61603.3,61488.3,61506.3
1715229000000,61505.5,61507.1,61396.7,61505
1715229300000,61507.1,61561.8,61454.8,61520.5
1715229600000,61514.2,61550.4,61491.3,61517
1715229900000,61519.1,61537.8,61510.7,61530.1
1715230200000,61532.1,61534.1,61458.8,61509.2
1715230500000,61507.5,61519.1,61454.4,61465.3
1715230800000,61465.3,61522.2,61457.9,61504.2
1715231100000,61509.1,61522.2,61495.6,61520.9
1715231400000,61520.6,61549.5,61508.7,61539
1715231700000,61539,61553.9,61513.2,61531.8
1715232000000,61531.5,61688.7,61513.2,61628.9
1715232300000,61626.1,61644.2,61461.8,61464.5
1715232600000,61466.7,61525.1,61409.9,61508.4
1715232900000,61511.4,61520.5,61469.5,61513.6
1715233200000,61512.5,61533.9,61501.3,61526.8
1715233500000,61526.3,61535.1,61495.1,61509.9
1715233800000,61510.1,61586.1,61509.9,61585.7
1715234100000,61586.1,61638.8,61537.8,61548.4
1715234400000,61552.1,61621.6,61535.2,61620.6
1715234700000,61621.6,61702.7,61603.6,61701.4
1715235000000,61704.1,61741.8,61677.5,61721.8
1715235300000,61721.5,61726.7,61629,61641
1715235600000,61641.6,61690.3,61612.4,61685.2
1715235900000,61684,61724.3,61631,61698
1715236200000,61699.7,61733.7,61629.3,61642.4
1715236500000,61633.5,61649,61576.9,61640.9
1715236800000,61640.4,61645.3,61576.7,61576.8
1715237100000,61568.7,61570.4,61486,61521.9
1715237400000,61519,61560.2,61487.6,61560
1715237700000,61559.2,61603.6,61522.8,61576.9
1715238000000,61578.3,61609.2,61498,61524.8
1715238300000,61524.8,61553.3,61491.2,61519.2
1715238600000,61516.9,61537.1,61458.8,61531.5
1715238900000,61532.7,61551.2,61442.9,61504.9
1715239200000,61500.5,61521.2,61455.2,61490.5
1715239500000,61490.5,61511.6,61428.1,61462.5
1715239800000,61462.5,61467.1,61419.3,61437.8
1715240100000,61437.8,61437.8,61280.8,61363
1715240400000,61361.1,61399.2,61336.2,61397.1
1715240700000,61388.6,61388.6,61199.2,61291.6
1715241000000,61291.1,61299.2,61103.1,61135.5
1715241300000,61132.9,61221.1,61129.8,61216.9
1715241600000,61217,61377.2,61195.8,61335.4
1715241900000,61341.9,61349.2,61249.8,61271
1715242200000,61273.1,61309.1,61123.3,61176.4
1715242500000,61173.8,61312.4,61165.5,61271.6
1715242800000,61275.3,61353.9,61255.5,61302.6
1715243100000,61301.8,61371.1,61267.6,61274.9
1715243400000,61275.7,61403.2,61269.8,61379.2
1715243700000,61375.2,61407.2,61341.6,61351.1
1715244000000,61351.1,61387.2,61339.6,61386.1
1715244300000,61386.1,61407.2,61336.2,61340
1715244600000,61340,61343.1,61230.1,61255.7
1715244900000,61257.4,61277.1,61221.3,61271.1
1715245200000,61271.1,61327.6,61138.1,61203.3
1715245500000,61200.9,61246.4,61188.6,61239.3
1715245800000,61238.8,61242.2,61142.7,61208.2
1715246100000,61213.1,61213.1,61055.1,61062.5
1715246400000,61062.5,61139.1,60962.2,60972.6
1715246700000,60986.4,61077.5,60954.9,61035.4
1715247000000,61035.1,61091.5,60965.7,60997.8
1715247300000,60997.8,61020.6,60899.7,61011.1
1715247600000,61011.2,61070.6,61005.4,61029.2
1715247900000,61029.2,61073.1,60953.9,61008.1
1715248200000,61007.3,61124.9,60992.7,61124
1715248500000,61122.6,61255.6,61048.1,61247.9
1715248800000,61247.7,61282.9,61090.8,61161.7
1715249100000,61161.7,61171.4,61088.8,61147.2
1715249400000,61143.5,61147.2,61055.5,61117.9
1715249700000,61117.2,61132.7,60948.2,60971.2
1715250000000,60970.7,61029.1,60944.2,60963.9
1715250300000,60965.1,60981.2,60939.7,60975.9
1715250600000,60979.7,61027.1,60943.9,60997.1
1715250900000,60999.1,61089,60997.1,61058.2
1715251200000,61063.2,61105.5,61009.1,61024.1
1715251500000,61024.7,61146.3,61021.4,61103.3
1715251800000,61105.4,61149.1,61058,61084.4
1715252100000,61085,61093,60765.7,60772.8
1715252400000,60774.2,60860.7,60610,60706.1
1715252700000,60706.1,60821.1,60681.2,60766.7
1715253000000,60770.9,60924.1,60768.4,60924.1
1715253300000,60918.1,60954.7,60867.5,60894.9
1715253600000,60902.5,60939.4,60893.2,60919.5
1715253900000,60919.5,61003.2,60919.5,60926.3
1715254200000,60930.9,60985.8,60872.8,60985.8
1715254500000,60985.8,61029.2,60947.2,61019.7
1715254800000,61024,61127.7,60956.2,61115.1
1715255100000,61111.5,61146,61084.2,61102.5
1715255400000,61103.1,61130.9,61034.2,61069.1
1715255700000,61068.5,61069.1,61010.1,61015.2
1715256000000,61000.7,61133.6,60989.5,61059.4
1715256300000,61063.1,61175.2,61063.1,61128.1
1715256600000,61128.1,61189.6,61123.2,61177.7
1715256900000,61177.7,61219.9,61149.2,61201.9
1715257200000,61201.7,61255.1,61151.5,61163.5
1715257500000,61163.5,61190.5,61157.1,61180.8
1715257800000,61181.1,61589.2,61181.1,61368.3
1715258100000,61366.9,61420.8,61284,61319.2
1715258400000,61317.8,61507.9,61298.8,61442.8
1715258700000,61441.2,61456.5,61369.2,61425.2
1715259000000,61425.2,61497.1,61399.3,61475.5
1715259300000,61475.5,61527.7,61453.7,61476.3
1715259600000,61474.6,61502.7,61378.5,61394.8
1715259900000,61394.2,61470.5,61387.7,61416.1
1715260200000,61416.1,61465.1,61389.2,61427.6
1715260500000,61426.5,61437.1,61368.5,61387.7
1715260800000,61385.9,61411,61303.5,61363.7
1715261100000,61363.7,61402.6,61316.2,61318.1
1715261400000,61316.8,61385.1,61233.1,61233.5
1715261700000,61233.5,61285.1,61086.9,61096.9
1715262000000,61093.8,61093.8,60896.2,60997.8
1715262300000,61004.5,61127.7,60850,61085.5
1715262600000,61087.2,61220,61052.5,61083.5
1715262900000,61081.8,61165.1,61045.8,61153
1715263200000,61143.5,61264,61088.9,61260.2
1715263500000,61257.8,61430.8,61232.8,61315.1
1715263800000,61314,61482,61280.7,61295.4
1715264100000,61298.4,61310,61148.1,61177.7
1715264400000,61182,61231.2,61083.4,61191.2
1715264700000,61190.2,61271.1,61166.4,61204.8
1715265000000,61204.1,61372.5,61203.2,61330.7
1715265300000,61334.9,61459,61316.7,61391.7
1715265600000,61391.7,61431.2,61298.2,61354.6
1715265900000,61353.9,61445.1,61319.5,61418.1
1715266200000,61417,61423.6,61335.1,61389.1
1715266500000,61386.5,61527.7,61361.6,61499.9
1715266800000,61501.1,61537.5,61426.5,61531.5
1715267100000,61531.5,61861.1,61529.3,61861.1
1715267400000,61859.3,61964.5,61764.7,61844.8
1715267700000,61844.8,61844.8,61644.4,61683.8
1715268000000,61683.8,61875.3,61681.2,61851.8
1715268300000,61851,62250,61847.2,62167.9
1715268600000,62165.6,62217.1,61901.4,62072
1715268900000,62073.1,62085.6,61942.4,61983.7
1715269200000,61983.9,62125.7,61983.9,62082.4
1715269500000,62082.1,62122.7,61912.2,61958.1
1715269800000,61958.1,62047,61932,62001.2
1715270100000,62000.9,62165.8,61966.9,62115.6
1715270400000,62118.9,62227.2,62082.7,62200.7
1715270700000,62207,62423.3,62203,62363.6
1715271000000,62361.3,62474.4,62358.9,62425.9
1715271300000,62426.1,62511.2,62391.7,62393.2
1715271600000,62393.2,62623.1,62392.7,62620.7
1715271900000,62620.7,62646.7,62461,62486.9
1715272200000,62486.9,62509.1,62331.3,62352.7
1715272500000,62352.7,62456.7,62334,62360.2
1715272800000,62359,62433.6,62256.2,62289.1
1715273100000,62289.1,62307.1,62123.1,62152.5
1715273400000,62152.5,62200.6,62003.4,62011
1715273700000,62011,62011.9,61805.6,61839.2
1715274000000,61841.4,61901.1,61724.9,61898
1715274300000,61898,61953.5,61800,61920.8
1715274600000,61920.4,61993.4,61900.4,61914
1715274900000,61914,61931.1,61787.3,61791.2
1715275200000,61791.2,61927.7,61774.5,61874.2
1715275500000,61875.8,62000,61874.6,62000
1715275800000,62000,62066,61922.3,62011
1715276100000,62011.8,62025.7,61977.4,61981.3
1715276400000,61981.6,62057.3,61981.6,62056.6
1715276700000,62056.6,62151.2,62051.3,62089.3
1715277000000,62089.9,62174,62087.2,62087.5
1715277300000,62087.4,62103.1,61912.8,61929.1
1715277600000,61924,61979.1,61856.9,61976.6
1715277900000,61976,62037,61976,61989.3
1715278200000,61988.8,62119.6,61976.4,62105.6
1715278500000,62109,62160.3,62092.6,62099.4
1715278800000,62101.2,62143.3,62032.2,62069.2
1715279100000,62069.2,62151.6,62069.2,62082.7
1715279400000,62083.1,62151.2,61999.9,62001.9
1715279700000,62001.9,62060.2,61980.3,62010.4
1715280000000,62006.1,62065.5,61971.3,62056.3
1715280300000,62052.2,62138.8,62024.7,62137.8
1715280600000,62138.3,62218.4,62138.3,62150.9
1715280900000,62153.1,62222.9,62149.8,62221.1
1715281200000,62221,62309.3,62196.3,62293.5
1715281500000,62288.7,62367.2,62183,62186.4
1715281800000,62186.4,62196.5,62164.7,62169.4
1715282100000,62169.1,62255.4,62149.2,62253.2
1715282400000,62253.2,62259.3,62214.1,62251.8
1715282700000,62252.2,62283.4,62202.2,62281.9
1715283000000,62281.9,62410,62272.4,62311.2
1715283300000,62310.2,62321.2,62260.9,62319.6
1715283600000,62319.6,62331.1,62269.6,62328.3
1715283900000,62328.3,62328.7,62263.5,62295.1
1715284200000,62296.8,62506,62269.6,62430.8
1715284500000,62430.8,62453.9,62378,62422.5
1715284800000,62421.8,62436,62377.8,62423.6
1715285100000,62423.6,62552,62421,62536.7
1715285400000,62536.9,62588.8,62516.8,62532.7
1715285700000,62525.8,62537.6,62362.6,62369.1
1715286000000,62368.5,62441.5,62363.2,62408.9
1715286300000,62408.5,62441.1,62383,62396.3
1715286600000,62396.3,62409.5,62336.7,62403.9
1715286900000,62403.9,62515.6,62400.9,62486.7
1715287200000,62485.1,62486.7,62448.1,62470.5
1715287500000,62470.5,62543,62435.1,62526.5
1715287800000,62528.6,62554,62512.6,62523.2
1715288100000,62524.2,62635.6,62523.7,62606
1715288400000,62588.8,62716.2,62571.1,62704.4
1715288700000,62704.2,62792.1,62678.9,62785.6
1715289000000,62786.2,62788.8,62675,62686.5
1715289300000,62686.3,62686.3,62552.4,62586.9
1715289600000,62586.9,62586.9,62474.6,62528.3
1715289900000,62528.3,62571.3,62526.4,62538.9
1715290200000,62539,62595.4,62471.6,62507.1
1715290500000,62507,62548,62430.9,62433.4
1715290800000,62433.4,62524.4,62418,62466.5
1715291100000,62464,62507.7,62464,62507.7
1715291400000,62507.7,62563.4,62413.3,62563.3
1715291700000,62563.4,62563.4,62514.8,62518.4
1715292000000,62505.1,62543,62451.1,62492.3
1715292300000,62492.5,62589.1,62489.4,62554.2
1715292600000,62554.7,62617.3,62538.4,62583.6
1715292900000,62584.9,62615.8,62548.8,62585.9
1715293200000,62585.5,62633.6,62584.5,62629
1715293500000,62628.7,62713.7,62628.5,62710.2
1715293800000,62709.7,62719.2,62625.7,62695.3
1715294100000,62695.8,62910.6,62695.8,62848.1
1715294400000,62848.1,62979.1,62817.5,62952.6
1715294700000,62952.6,63271.7,62922.3,63161.2
1715295000000,63161.2,63385.2,63152.8,63326
1715295300000,63321.1,63351.7,63224,63261.5
1715295600000,63261.5,63293.1,63174.3,63175.4
1715295900000,63176.2,63204.2,63096.3,63104.2
1715296200000,63106.7,63107.9,63000.5,63049.3
1715296500000,63050.4,63053.5,62926,62954.6
1715296800000,62954.6,62954.6,62872.6,62875.2
1715297100000,62875.2,62956,62872.9,62915.7
1715297400000,62915.7,62940.8,62892.1,62936.9
1715297700000,62936.9,62936.9,62843.5,62864.7
1715298000000,62864.7,62867.4,62848.2,62859.9
1715298300000,62860.4,63045.2,62860.4,63027.2
1715298600000,63027.2,63138.1,63020.3,63073.2
1715298900000,63081.1,63081.8,63004.6,63035.7
1715385600000,60726.4,60783.5,60720.6,60783.3
1715385900000,60783.9,60790.4,60732.7,60733.5
1715386200000,60734,60807.8,60723.6,60777.8
1715386500000,60777.8,60830.5,60775,60819.3
1715386800000,60819.2,60855.1,60812,60817.1
1715387100000,60816.3,60818.9,60786.9,60786.9
1715387400000,60786.9,60820.9,60679.5,60730.4
1715387700000,60729.4,60729.4,60648.7,60649.6
1715388000000,60646,60675.2,60635.9,60635.9
1715388300000,60639.5,60684.2,60572.2,60654.5
1715388600000,60659.7,60719.4,60657.6,60707.1
1715388900000,60706.7,60727.1,60679,60702.4
1715389200000,60702.4,60784.9,60684.9,60769.4
1715389500000,60769.1,60829.2,60763.8,60802.8
1715389800000,60802.8,60993.9,60797.7,60976.1
1715390100000,60967.9,61009.9,60896.1,60978.8
1715390400000,60980.2,61003.5,60882.2,60900.4
1715390700000,60895.3,60918.3,60855.6,60855.7
1715391000000,60852.9,60853,60771,60785.8
1715391300000,60786.6,60821,60765.3,60775
1715391600000,60774.4,60830.1,60774.4,60823.3
1715391900000,60823.3,60858.8,60791,60794.1
1715392200000,60794.1,60834.3,60777.6,60779
1715392500000,60785.4,60812.2,60776.4,60796.7
1715392800000,60796.7,60814.8,60772.2,60772.2
1715393100000,60772.2,60784.4,60724.4,60766.3
1715393400000,60766.3,60766.3,60702.1,60706.1
1715393700000,60713.7,60744.2,60678.1,60698.8
1715394000000,60698.2,60727.4,60697.5,60714.5
1715394300000,60713.6,60713.6,60669.2,60708.6
1715394600000,60708.8,60766.3,60708.8,60754.1
1715394900000,60754.1,60816.7,60748.3,60811.9
1715395200000,60811.9,60898.8,60809.3,60852.4
1715395500000,60855.9,60878.8,60831.8,60832.6
1715395800000,60832.4,60832.4,60712.6,60791.9
1715396100000,60791.9,60815.8,60772.7,60812.9
1715396400000,60814.3,60823.9,60773.2,60781
1715396700000,60782.9,60784.5,60729.9,60773
1715397000000,60772.8,60773,60747.1,60758.6
1715397300000,60758.6,60800.1,60742.4,60800.1
1715397600000,60800,60842.4,60794.3,60798.4
1715397900000,60797.9,60802.1,60777.8,60777.8
1715398200000,60770.1,60817.1,60768.5,60768.5
1715398500000,60764.9,60771.7,60647.8,60683.4
1715398800000,60683.6,60719.8,60676.4,60711.3
1715399100000,60711.8,60723.2,60649.1,60658.5
1715399400000,60658.4,60697.5,60630.7,60662.2
1715399700000,60664.8,60689,60640,60653.2
1715400000000,60652.5,60738.1,60639.7,60730.1
1715400300000,60730,60730.7,60689.2,60694
1715400600000,60695.6,60722.5,60648.3,60701.1
1715400900000,60704.4,60727.1,60666,60673.4
1715401200000,60673.5,60688.9,60651.4,60688.9
1715401500000,60687.5,60688.7,60624.4,60674.1
1715401800000,60667.2,60700.4,60654.9,60700.4
1715402100000,60700.4,60753.8,60700.4,60718.3
1715402400000,60717.9,60727.4,60691.1,60712.5
1715402700000,60714.1,60741.1,60702.6,60735.3
1715403000000,60739,60804.4,60739,60747.3
1715403300000,60748.8,60758.5,60691.8,60691.8
1715403600000,60691.7,60737.1,60688,60716.8
1715403900000,60721.2,60765.3,60713.6,60763.5
1715404200000,60761,60824.3,60746.8,60796.5
1715404500000,60799.4,60821.2,60785.2,60810.9
1715404800000,60808.7,60855.3,60794.3,60798.8
1715405100000,60798.8,60827.7,60796.5,60818.1
1715405400000,60818.1,60855.4,60803.6,60804.8
1715405700000,60807.9,60817.9,60772.5,60809.1
1715406000000,60808.9,60808.9,60768.6,60772.9
1715406300000,60773.6,60836.6,60773.5,60809.3
1715406600000,60802.9,60850.7,60800.5,60821.3
1715406900000,60824.2,60847.5,60822.9,60846.2
1715407200000,60844.5,60874.8,60817.5,60832.9
1715407500000,60836.8,60890.7,60819,60883.3
1715407800000,60883.3,60883.3,60844.1,60844.1
1715408100000,60844.1,60894.8,60835.3,60879.9
1715408400000,60877.9,60900.7,60852.8,60881.1
1715408700000,60883.4,60919.8,60866.5,60897.6
1715409000000,60902.2,60958.5,60902.2,60946.3
1715409300000,60954.1,60998.7,60937.3,60937.3
1715409600000,60937.3,60942,60874.9,60903.6
1715409900000,60907.8,60916.6,60842.9,60842.9
1715410200000,60838.4,60897.6,60822.7,60854.3
1715410500000,60856,60918.3,60856,60876.8
1715410800000,60885.2,60904.7,60870,60876.3
1715411100000,60872.3,60872.3,60843.6,60844.8
1715411400000,60847.2,60854.4,60805.8,60819
1715411700000,60816.2,60826.7,60781.8,60824.1
1715412000000,60818,60837.3,60806.5,60821.6
1715412300000,60821.2,60884.8,60821,60869.6
1715412600000,60869.4,60918.7,60866.1,60872.7
1715412900000,60875.2,60908.7,60831.1,60833.1
1715413200000,60833.1,60873.8,60817.4,60871.8
1715413500000,60872.2,60893.7,60833.3,60855.7
1715413800000,60849.4,60894.7,60838,60875.5
1715414100000,60879.9,60939.7,60872.7,60939.2
1715414400000,60946,60982.5,60906,60914.9
1715414700000,60914.1,60914.1,60869.7,60874
1715415000000,60874,60874,60819.3,60840.7
1715415300000,60840.6,60856.8,60782.3,60801.1
1715415600000,60799.2,60851.3,60799.2,60829
1715415900000,60829.9,60829.9,60749.5,60749.5
1715416200000,60754.6,60801.1,60753.7,60801.1
1715416500000,60800.6,60801,60755.9,60774
1715416800000,60772.2,60776,60732.2,60733.8
1715417100000,60738.4,60778.6,60738.4,60755.6
1715417400000,60755.6,60797.4,60739.9,60771.7
1715417700000,60772.9,60796.6,60693.5,60714.7
1715418000000,60714.7,60788,60713.8,60759.2
1715418300000,60759.1,60784.6,60697.2,60775.7
1715418600000,60774.9,60781.8,60736.4,60743.1
1715418900000,60742.1,60772.6,60722.6,60723
1715419200000,60723,60734.3,60652.2,60660
1715419500000,60660,60677.9,60589.3,60635.6
1715419800000,60636.1,60704.2,60633.9,60682.9
1715420100000,60683.6,60712.3,60632.3,60652.7
1715420400000,60652.7,60709.9,60651.4,60694.1
1715420700000,60689,60756.6,60683.3,60746.7
1715421000000,60741.3,60753.8,60731.7,60744.3
1715421300000,60745,60819.9,60729,60814.8
1715421600000,60814.3,60814.3,60762.8,60784.6
1715421900000,60784.5,60785.1,60755.8,60785.1
1715422200000,60784.7,60805.9,60770.7,60775.1
1715422500000,60775.1,60785.8,60733.2,60774.6
1715422800000,60771.2,60819.7,60771.2,60787.7
1715423100000,60787.7,60787.7,60739.9,60745.4
1715423400000,60745.4,60748.5,60674.1,60676.3
1715423700000,60677.1,60680.1,60595.3,60666.8
1715424000000,60665.7,60674.9,60656.6,60662
1715424300000,60663.4,60716.9,60663.4,60693.2
1715424600000,60691.5,60715.9,60680.5,60702.4
1715424900000,60701.3,60701.3,60635.4,60658.6
1715425200000,60658.6,60680.8,60603,60609.9
1715425500000,60609.9,60637.6,60469.1,60503
1715425800000,60501.5,60575.3,60459.6,60459.8
1715426100000,60458.6,60504.4,60394.1,60487.7
1715426400000,60488.2,60539.3,60488.2,60515.6
1715426700000,60514.8,60560.3,60514.8,60556
1715427000000,60558.7,60645.8,60558.7,60627.9
1715427300000,60627.9,60701.6,60623.5,60666.5
1715427600000,60659.5,60682,60610.2,60610.2
1715427900000,60605.2,60613.9,60581.5,60587
1715428200000,60586.5,60656.6,60582.8,60646.9
1715428500000,60646.8,60650.5,60591.2,60595.4
1715428800000,60593.4,60653,60593.4,60646.3
1715429100000,60646.4,60689.1,60638.2,60687
1715429400000,60687,60720.6,60659.5,60687.4
1715429700000,60686.4,60705.1,60682.4,60693.2
1715430000000,60694,60694,60642,60647.1
1715430300000,60646.8,60689.5,60641,60688.7
1715430600000,60688.6,60734.9,60684.9,60690.8
1715430900000,60690.8,60709.5,60668.7,60706.3
1715431200000,60708.2,60708.2,60663.9,60667.5
1715431500000,60667.4,60670.1,60549.7,60580.6
1715431800000,60578.4,60652.7,60575.9,60640.1
1715432100000,60633.1,60656.8,60618.7,60620.5
1715432400000,60623.2,60647.6,60578.6,60625.5
1715432700000,60624.7,60759.6,60609.6,60759.6
1715433000000,60759.6,60851.9,60751.2,60781.5
1715433300000,60784.8,60809.4,60735.3,60762.4
1715433600000,60762.3,60778.7,60709.8,60712.3
1715433900000,60714.7,60751.2,60700.1,60704.2
1715434200000,60704.3,60714.6,60690.8,60695.4
1715434500000,60694.2,60777.9,60672.8,60759.6
1715434800000,60762.1,60810.8,60749.5,60810.8
1715435100000,60819,60902.3,60773.2,60868.4
1715435400000,60867.4,60867.4,60797.5,60854.8
1715435700000,60857.6,60902.4,60821.3,60884.1
1715436000000,60884.1,60915.4,60834.9,60838.3
1715436300000,60838.3,60878.5,60817,60846.8
1715436600000,60848.2,60886.7,60848.2,60858.5
1715436900000,60859.7,60868.8,60809.6,60855.6
1715437200000,60855.5,60855.5,60791.8,60825
1715437500000,60827.8,60832.9,60768,60768
1715437800000,60768,60798.7,60734.9,60764.7
1715438100000,60758.8,60763.3,60690.4,60723.3
1715438400000,60722.1,60733.3,60702.7,60712.4
1715438700000,60709.6,60759.4,60709.6,60754.6
1715439000000,60752.8,60793.2,60749.7,60790.5
1715439300000,60790.5,60790.5,60729.1,60754.1
1715439600000,60761.6,60878,60761.6,60875.8
1715439900000,60874.8,60927.7,60874.4,60889.6
1715440200000,60890.8,61125,60889.5,61054.9
1715440500000,61061.1,61416.9,61061.1,61275
1715440800000,61274.3,61276.7,61078.4,61144.7
1715441100000,61144.7,61144.7,60955.3,60997.1
1715441400000,60997.4,61017.8,60793.5,60907.2
1715441700000,60907.9,61105.7,60857.7,61010.7
1715442000000,61009.2,61045.6,60934.9,61033.4
1715442300000,61034.1,61155.8,61020.3,61117.3
1715442600000,61119.8,61119.8,61021.6,61035.6
1715442900000,61038.3,61103.1,60989.8,61089.2
1715443200000,61091.5,61159.6,61037,61047.7
1715443500000,61047.3,61137.2,61005,61101.4
1715443800000,61100.6,61168.8,61100.6,61168.8
1715444100000,61168.7,61192.1,61119.2,61137.9
1715444400000,61139.9,61310.9,61138.7,61259.2
1715444700000,61258.7,61319.9,61200.6,61219.9
1715445000000,61225.3,61244.4,61142.6,61142.7
1715445300000,61142.6,61157.5,61068.7,61133.6
1715445600000,61133.5,61190.3,61097.7,61177.3
1715445900000,61185.1,61189.2,61052.1,61075.6
1715446200000,61072.9,61089.6,61017,61079.7
1715446500000,61080.4,61115.7,61039.2,61115.7
1715446800000,61115.7,61177.6,61061.5,61103.2
1715447100000,61105.5,61147.9,61016.4,61048.1
1715447400000,61044.6,61104.5,61033.4,61046.8
1715447700000,61051.7,61067.3,61015.2,61015.2
1715448000000,61014,61023.3,60983.1,60983.8
1715448300000,60980.5,60984.3,60935.6,60942
1715448600000,60938.9,60986.7,60932.9,60937
1715448900000,60937,61000.4,60926.4,60985.3
1715449200000,60982.7,61067.2,60982.4,61034.7
1715449500000,61041.5,61081.3,60999.5,61039.2
1715449800000,61039.1,61049.1,60983.7,60987.1
1715450100000,60984.4,61019.8,60984.4,61019.8
1715450400000,61024.7,61034.3,60934.9,60957.8
1715450700000,60956.8,60997.1,60934.9,60949.2
1715451000000,60952.1,61017.1,60928.4,60992.9
1715451300000,60996.3,61091.3,60979.5,61014.3
1715451600000,61018.3,61050.4,61013.1,61029.9
1715451900000,61030.3,61068.7,61010.6,61041.6
1715452200000,61046.4,61122,61046.4,61120.6
1715452500000,61121.1,61153.9,61098.8,61122.5
1715452800000,61122.5,61147.4,61095.6,61123.7
1715453100000,61131.5,61216,61105.1,61204.9
1715453400000,61203.3,61217.6,61155.9,61190.3
1715453700000,61190.3,61191.2,61132,61132
1715454000000,61132,61138.4,61094.3,61095.1
1715454300000,61101.9,61116.5,61076.1,61113.4
1715454600000,61113.4,61113.4,61041.6,61047.8
1715454900000,61047.8,61052.2,60995.6,61048.3
1715455200000,61047.7,61058.5,60995.4,60999.4
1715455500000,61004.7,61022.7,60996,61010
1715455800000,61011.6,61053.9,61010,61041
1715456100000,61041,61054.8,60983.4,61006.6
1715456400000,60999.7,61019.3,60983.5,60983.5
1715456700000,60983.6,61020.3,60968.8,60994.7
1715457000000,60994.6,61050.4,60978.5,61033.8
1715457300000,61034.7,61082.4,61011,61052
1715457600000,61052,61071.4,61021.5,61027
1715457900000,61026.4,61048.9,61007,61020.3
1715458200000,61020.9,61022.6,61008.6,61012.1
1715458500000,61017.7,61062.2,61002.6,61061
1715458800000,61057.6,61057.6,60990.8,60992.6
1715459100000,60992.6,60992.6,60810.6,60880.3
1715459400000,60879.6,60881.9,60706.9,60819.3
1715459700000,60819.2,60873.3,60805.8,60829.7
1715460000000,60829.7,60889,60827.9,60887.1
1715460300000,60887.3,60912.8,60851.9,60893
1715460600000,60891.8,60961.6,60882.4,60951.2
1715460900000,60951.2,60951.2,60906.9,60932.5
1715461200000,60932.5,60950,60879.2,60915.3
1715461500000,60915.3,60919.9,60872.2,60874.8
1715461800000,60875,60891.8,60862.8,60877.5
1715462100000,60877.6,60911.2,60862.2,60879
1715462400000,60883.6,60897.4,60829.5,60831
1715462700000,60831.1,60875.2,60815.1,60874.7
1715463000000,60875,60875.6,60812.1,60861
1715463300000,60860.9,60864.1,60824.9,60864.1
1715463600000,60864.2,60900.4,60846,60878.6
1715463900000,60878.5,60883.1,60864.9,60882.3
1715464200000,60882.4,60930.8,60880.9,60930.8
1715464500000,60930.9,60933.7,60882.7,60901.5
1715464800000,60839.1,60944.9,60839.1,60938.2
1715465100000,60939.3,60939.3,60906.8,60927.4
1715465400000,60927.6,60929.6,60892,60908.7
1715465700000,60908.6,60911.6,60861.4,60886.6
1715466000000,60886.7,60890.3,60876.9,60887.7
1715466300000,60889,60922.6,60886.8,60912
1715466600000,60911.9,60942.9,60895.5,60939
1715466900000,60938.6,60954,60911.2,60934.3
1715467200000,60931.8,60933,60908.2,60928.1
1715467500000,60926.3,60943,60883.3,60898.8
1715467800000,60898.2,60911.9,60868,60875.2
1715468100000,60875.1,60891.7,60867.9,60883.6
1715468400000,60882.2,60908.1,60860.9,60908.1
1715468700000,60908.1,60914.9,60888.3,60912.3
1715469000000,60912.4,60922.8,60907.7,60918.3
1715469300000,60917.7,60931.9,60880.8,60924.3
1715469600000,60923.2,60947.4,60923.2,60946.4
1715469900000,60945.5,60955.5,60930.8,60952.5
1715470200000,60950.8,60952.6,60875.7,60895.3
1715470500000,60894.1,60895.3,60838.5,60840
1715470800000,60838.3,60838.3,60752.1,60787.6
1715471100000,60790.5,60790.5,60754.5,60772.5
1715471400000,60773.2,60778.6,60750.9,60754
1715471700000,60754.1,60795.2,60745,60792.1
1715472000000,60792,60831.1,60773.3,60827.8
1715472300000,60828.1,60872.8,60813.5,60871.6
1715472600000,60871.5,60891.2,60855.2,60877.3
1715472900000,60879.6,60914.3,60873.9,60912
1715473200000,60911.8,60930.9,60889.7,60926.6
1715473500000,60926.5,61058.7,60911.1,60989.6
1715473800000,60989.5,61018.5,60968.5,60972.8
1715474100000,60974.5,60974.5,60949.4,60973.3
1715474400000,60973.3,60993.9,60938.4,60988.1
1715474700000,60986.7,61018.8,60948.9,60961.1
1715475000000,60961.1,60971.5,60949.2,60953.9
1715475300000,60955.9,60957.1,60936,60943
1715475600000,60943.1,61036,60938.6,61011.2
1715475900000,61011.1,61011.2,60975.1,60976.2
1715476200000,60977.7,60993.7,60959.7,60988.2
1715476500000,60988.1,60999.5,60965.6,60972.9
1715476800000,60972.9,60975.2,60892.7,60896
1715477100000,60896.6,60900.1,60862.5,60883.8
1715477400000,60883.7,60904.4,60859,60882.3
1715477700000,60882.3,60887.9,60859.1,60875.5
1715478000000,60875.5,60885.7,60844.7,60882.6
1715478300000,60882.4,60885.2,60841.8,60855.6
1715478600000,60855.6,60878.8,60839.3,60851.7
1715478900000,60851.7,60862,60829.7,60836.2
1715479200000,60836.2,60855.7,60824,60847.7
1715479500000,60847.7,60866.5,60796.6,60812
1715479800000,60812.1,60832.6,60807.7,60832.5
1715480100000,60832.4,60842.6,60814.3,60835.2
1715480400000,60835.2,60864.1,60812.3,60821.4
1715480700000,60822.4,60832.3,60808.1,60831.8
1715481000000,60831.8,60875.7,60814.5,60869.1
1715481300000,60869.2,60876.9,60856.4,60865.7
1715481600000,60865.6,60885.9,60859.5,60883.1
1715481900000,60882.9,60934.2,60868.7,60923.7
1715482200000,60923.5,60923.7,60852.8,60863.3
1715482500000,60863.4,60899.9,60862.5,60893.1
1715482800000,60894.8,60898.7,60842.4,60873.3
1715483100000,60873.3,60878.5,60846,60866.2
1715483400000,60865.9,60867.1,60817.9,60833.8
1715483700000,60833.7,60879.4,60820.6,60873.7
1715484000000,60873.6,60887.9,60860.7,60879.1
1715484300000,60879,60905.5,60859.7,60902.5
1715484600000,60902.5,60904.8,60842.2,60861.8
1715484900000,60862.8,60888.9,60855.8,60873
1715485200000,60874.1,60892.4,60864.5,60889
1715485500000,60888.9,60914.2,60859.8,60914.1
1715485800000,60914.3,60925.2,60905.8,60914.9
1715486100000,60914.8,60916.9,60876.3,60898.1
1715486400000,60898.2,60906.5,60881.1,60901.3
1715486700000,60901.4,60931,60882.5,60929.6
1715487000000,60929.7,60951.4,60912.5,60951.4
1715487300000,60953.5,61001.1,60946.4,60976.5
1715487600000,60976.5,60989.6,60959.3,60968
1715487900000,60968,60979.8,60946.1,60977.5
1715488200000,60977.6,61006.7,60954.1,60991.6
1715488500000,60991.5,61023.8,60978.7,61010.5
1715488800000,61010.6,61011.1,60981.5,60991.5
1715489100000,60991.5,61031.2,60979.9,61021.9
1715489400000,61023.5,61062.7,61006.5,61054.4
1715489700000,61054.3,61080.8,61045.7,61063.2
1715490000000,61060.7,61060.7,60990.9,61008.3
1715490300000,61001.7,61010.5,60981.2,61007.9
1715490600000,61007.7,61007.8,60977,60987.9
1715490900000,60987.8,60991.9,60968.8,60991
1715491200000,60991.1,61006.4,60983.3,61006.3
1715491500000,61006.4,61011.1,60964.7,60975.7
1715491800000,60975.7,60986.9,60962.2,60979.5
1715492100000,60979.5,60985.7,60961.2,60971.4
1715492400000,60969.8,60974.3,60947.7,60974.3
1715492700000,60974.4,60974.4,60953.7,60968.9
1715493000000,60969.6,60992.8,60965.9,60990
1715493300000,60990.1,61029.2,60989.2,61007.2
1715493600000,61007.5,61009.1,60969.9,60973.8
1715493900000,60989.5,61019.5,60982.5,60982.9
1715494200000,60982.5,61001,60981.4,60999
1715494500000,60998.8,61016.4,60956.7,60973.8
1715494800000,60973.7,60978.9,60949.4,60967.2
1715495100000,60967.1,60987.2,60957.6,60977.4
1715495400000,60977.3,60991.5,60974.2,60983
1715495700000,60982.9,60986.3,60962.1,60964.5
1715496000000,60962.7,60965.4,60909.2,60923.4
1715496300000,60923.4,60940.3,60904.2,60926.4
1715496600000,60926.3,60926.3,60903.4,60922.6
1715496900000,60922.5,60922.5,60901.9,60918.7
1715497200000,60918.8,60934.4,60907.1,60908.9
1715497500000,60908.7,60952.8,60897.7,60951.6
1715497800000,60950.3,60950.3,60923.3,60923.6
1715498100000,60923.6,60925.7,60779.5,60781.6
1715498400000,60782.9,60813.7,60777.1,60787.4
1715498700000,60786.9,60792.2,60762.5,60781.3
1715499000000,60782,60782.7,60595.1,60650.2
1715499300000,60649.9,60721.7,60631.7,60721.7
1715499600000,60722.4,60764.3,60711.6,60750.4
1715499900000,60749.7,60762.8,60672.2,60762.4
1715500200000,60762.3,60762.3,60697.4,60697.4
1715500500000,60698.8,60777.5,60666.4,60777.5
1715500800000,60777.3,60901.3,60761.4,60875.6
1715501100000,60875.6,60905,60845.3,60859.7
1715501400000,60859,60863.1,60807.7,60825.8
1715501700000,60825.7,60834.7,60755.2,60807.6
1715502000000,60806.6,60883.9,60792.9,60883.8
1715502300000,60883.7,60913.3,60872.4,60883.6
1715502600000,60882.7,61037.3,60882.7,60997.6
1715502900000,60999.1,61063.3,60984.6,60999.9
1715503200000,60999.9,61034.6,60999.9,61013.2
1715503500000,61014.3,61014.5,60972.7,60978.7
1715503800000,60978.6,60995,60955.1,60971.2
1715504100000,60968.6,61012.5,60966.1,61012.5
1715504400000,61011.2,61020,60941.7,60942.5
1715504700000,60940.7,60962.8,60934.7,60951.5
1715505000000,60949.6,60978.2,60927.3,60972.5
1715505300000,60972.4,60974.4,60936.4,60953.7
1715505600000,60954,61010.5,60953.5,60990.9
1715505900000,60990.6,61011.5,60986.8,61007.4
1715506200000,61008.4,61033.1,61002.7,61033.1
1715506500000,61033.5,61036.3,60973.5,60993.4
1715506800000,60994.4,60995.7,60969.3,60969.3
1715507100000,60968.5,60969,60944.1,60944.1
1715507400000,60944,60962.9,60936.7,60959.1
1715507700000,60958.7,60976.5,60958.7,60965
1715508000000,60965,60983.6,60929.5,60929.5
1715508300000,60928,61011.2,60925.5,61010.1
1715508600000,61010,61028.7,60993.8,61023.6
1715508900000,61023.8,61161.2,60995,61160.9
1715509200000,61160.3,61160.9,61091.8,61122.9
1715509500000,61122.8,61252,61105.3,61237.2
1715509800000,61236.7,61326.9,61193.1,61277.1
1715510100000,61277,61324.8,61169.5,61232.4
1715510400000,61232.5,61244.9,61159.6,61170.7
1715510700000,61173.3,61187.3,61098.5,61124.9
1715511000000,61125.8,61125.8,61074.9,61074.9
1715511300000,61074.9,61128.8,61070,61128.7
1715511600000,61128.9,61150.2,61105.1,61113.1
1715511900000,61112.2,61128.5,61090,61113.9
1715512200000,61113.5,61190.2,61113.5,61147.7
1715512500000,61147.6,61172.7,61119.3,61147.3
1715512800000,61147.3,61153.3,61103.7,61103.7
1715513100000,61102.4,61152.2,61087.7,61144.9
1715513400000,61144.8,61167,61115.6,61147.1
1715513700000,61147.3,61156,61113.3,61117.9
1715514000000,61117.9,61145.6,61104.5,61136.7
1715514300000,61136.8,61144.7,61085.5,61090.9
1715514600000,61090,61118.6,61086.9,61092.9
1715514900000,61092.9,61110.3,61077.8,61092.1
1715515200000,61090.9,61142,61089.2,61092.7
1715515500000,61092.9,61107.3,61054.8,61069.6
1715515800000,61069.5,61101.5,61051.3,61067.7
1715516100000,61067.8,61111.9,61067.7,61079
1715516400000,61078,61093.4,61055.5,61085.7
1715516700000,61085.4,61088.9,61067.9,61086.8
1715517000000,61086.7,61095.9,61054,61082.3
1715517300000,61081.9,61094.5,61057.9,61082.1
1715517600000,61083.2,61120.9,61082,61120
1715517900000,61120.3,61188.8,61101.8,61182.8
1715518200000,61182.9,61182.9,61092.6,61105.4
1715518500000,61105.3,61137.7,61095.9,61121
1715518800000,61121.5,61140.4,61109.6,61115.8
1715519100000,61117.2,61118.8,61066.9,61081.4
1715519400000,61080.6,61104.5,61055.4,61069.7
1715519700000,61068.6,61098.6,61066.7,61096.3
1715520000000,61096.4,61114.1,61078.2,61092.4
1715520300000,61091.4,61116,61090.7,61098.8
1715520600000,61100.2,61147.7,61087.5,61096.5
1715520900000,61096.4,61119,61088.5,61107.7
1715521200000,61107.8,61151.5,61092.1,61144.3
1715521500000,61144.5,61196.7,61119.8,61121
1715521800000,61119.8,61149.4,61116.5,61133.2
1715522100000,61133.2,61183.5,61123.5,61160.9
1715522400000,61161,61222.2,61161,61182.7
1715522700000,61182.6,61236.8,61171.4,61197.4
1715523000000,61195.9,61226.4,61154.8,61226.4
1715523300000,61226.4,61269.9,61203.8,61210.1
1715523600000,61210.9,61221.6,61195.4,61205.3
1715523900000,61203.9,61205.3,61168.4,61193.4
1715524200000,61193.3,61222.5,61116.8,61137.3
1715524500000,61137.4,61159.4,61133.2,61159.3
1715524800000,61159.4,61163.2,61124.7,61135.1
1715525100000,61135.1,61135.1,61084,61084.1
1715525400000,61084,61112,61080.4,61112
1715525700000,61108.2,61152.1,61108.2,61138.7
1715526000000,61138.8,61154.4,61115.3,61139.4
1715526300000,61137.7,61163.8,61130.5,61161.2
1715526600000,61161.1,61177,61130.4,61161.5
1715526900000,61161.6,61176.3,61152.5,61160.2
1715527200000,61161.8,61221.7,61148.2,61219
1715527500000,61219.3,61302.2,61214,61289.8
1715527800000,61289.9,61338.1,61231.8,61232
1715528100000,61232.1,61326.7,61215.4,61318.3
1715528400000,61318.2,61518,61295.9,61409
1715528700000,61406,61468.4,61390.7,61423.3
1715529000000,61422.2,61441.6,61355.2,61355.2
1715529300000,61355.2,61388,61284.4,61385.8
1715529600000,61385.8,61413.6,61347.3,61411.1
1715529900000,61411.2,61479.8,61397.7,61476.1
1715530200000,61477.1,61501.3,61446.6,61457.7
1715530500000,61457.8,61733.7,61457.8,61712.2
1715530800000,61712.2,61826.4,61659.3,61685.7
1715531100000,61680.1,61730,61667.5,61674.6
1715531400000,61674.3,61749.3,61595.8,61622.5
1715531700000,61622.6,61712.9,61597.8,61655.5
1715532000000,61655.5,61664.9,61590.7,61612.4
1715532300000,61616.1,61653.2,61555.8,61568.8
1715532600000,61569.8,61569.8,61476.4,61484.3
1715532900000,61484.1,61484.2,61342.3,61343.6
1715533200000,61342,61358,61095.2,61272.1
1715533500000,61272.1,61406.3,61272,61377.6
1715533800000,61377.6,61511.2,61368.5,61473.8
1715534100000,61476.8,61540.6,61418.5,61425.3
1715534400000,61425.1,61455.1,61414.2,61440.2
1715534700000,61440.3,61468.6,61410.9,61411.9
1715535000000,61412,61445.1,61359,61370.2
1715535300000,61369.2,61435.2,61369.2,61392.1
1715535600000,61400,61481.7,61384.7,61441.6
1715535900000,61441.3,61606.2,61439.2,61600.4
1715536200000,61600.5,61643.2,61569.2,61603.8
1715536500000,61603.9,61621.4,61580.4,61590.4
1715536800000,61588,61621.5,61585.6,61601.1
1715537100000,61601.2,61601.9,61561.2,61600.5
1715537400000,61598.8,61600.7,61547.6,61569.6
1715537700000,61568,61569.5,61471.4,61483.8
1715538000000,61482.4,61486.7,61435.8,61465.3
1715538300000,61468,61486.2,61442.5,61483.3
1715538600000,61483.4,61483.7,61429,61435.2
1715538900000,61433.9,61457.4,61367.9,61371
1715539200000,61369.8,61405.1,61362.4,61374.8
1715539500000,61373.5,61381.4,61334.5,61360.9
1715539800000,61361,61396.4,61356.4,61385
1715540100000,61385,61385,61336.9,61346.7
1715540400000,61347,61348.7,61271.5,61291.2
1715540700000,61291.4,61295.6,61229.7,61275.7
1715541000000,61275.8,61311.4,61254.2,61279.6
1715541300000,61279.6,61279.6,61185.8,61218.7
1715541600000,61217.1,61285.8,61215.4,61285.6
1715541900000,61284.5,61325.9,61267.2,61274.2
1715542200000,61274.3,61399.6,61272.7,61399.6
1715542500000,61399.7,61399.7,61347.7,61347.9
1715542800000,61347.9,61376,61339.6,61367.4
1715543100000,61367.4,61371.4,61320.3,61333.2
1715543400000,61333.1,61374.4,61333.1,61374.4
1715543700000,61374.6,61376.2,61349.4,61374.5
1715544000000,61374.4,61391.2,61316.9,61318.1
1715544300000,61318,61326.5,61292.7,61317.2
1715544600000,61317.3,61344.4,61306.7,61320.2
1715544900000,61325.8,61339.5,61306.6,61339
1715545200000,61339.1,61363.9,61336.2,61346.3
1715545500000,61346.8,61364,61328,61352.9
1715545800000,61352.6,61366.3,61319,61353.9
1715546100000,61354,61364.6,61331.8,61331.9
1715546400000,61333.6,61373.2,61331.6,61335.1
1715546700000,61336,61338.6,61282.2,61304.7
1715547000000,61304.8,61305.2,61253.5,61278.4
1715547300000,61277.9,61284.4,61250.2,61255.2
1715547600000,61191.7,61197.8,61114.4,61134.9
1715547900000,61131,61173,61100.1,61173
1715548200000,61183.6,61189.4,61141.2,61156.2
1715548500000,61162.4,61226.3,61162.4,61212.2
1715548800000,61207.6,61207.6,60968.5,60985.6
1715549100000,60988.1,60997.1,60834.9,60986.2
1715549400000,60986.2,61075.9,60940.8,61053.6
1715549700000,61053.6,61062.2,61000.2,61029.4
1715550000000,61029.5,61143.4,61029.5,61142.7
1715550300000,61139.3,61225.5,61106.6,61157.6
1715550600000,61163.4,61218,61158.8,61163.3
1715550900000,61166.3,61166.4,61136.8,61147.9
1715551200000,61152.1,61217.3,61144.3,61183.9
1715551500000,61176.9,61278.1,61175.9,61271.9
1715551800000,61272.8,61285.9,61266.1,61275.4
1715552100000,61275.6,61294.1,61240.7,61268.6
1715552400000,61284.1,61338.4,61279.9,61307.1
1715552700000,61308.6,61322.7,61290.7,61300
1715553000000,61299,61358.2,61298,61304.1
1715553300000,61304,61323.6,61256.4,61312.5
1715553600000,61313.6,61347.1,61308.7,61312.6
1715553900000,61312.6,61325.1,61298.2,61305.9
1715554200000,61304.7,61339.1,61293.2,61300.4
1715554500000,61299.1,61311.1,61261.1,61274.2
1715554800000,61274.2,61287.1,61216.4,61287.1
1715555100000,61287.1,61371.7,61287.1,61368.2
1715555400000,61371.2,61427,61340,61422.2
1715555700000,61424.8,61427.9,61339.4,61349.6
1715556000000,61349.6,61363.1,61344.6,61361.3
1715556300000,61361.1,61399.1,61324.6,61399.1
1715556600000,61399.1,61428.7,61368.3,61373.4
1715556900000,61372.8,61396.7,61350.7,61369.9
1715557200000,61369.9,61447.2,61356,61437.1
1715557500000,61447.2,61499.7,61417.2,61448.2
1715557800000,61440.1,61511.2,61417.4,61501.5
1715558100000,61495.7,61511.2,61419.7,61438.3
1715558400000,61438.3,61582.4,61438.3,61497.8
1715558700000,61497.5,61497.8,61471.2,61479.5
1715559000000,61478,61611.1,61467.1,61540.2
1715559300000,61537.3,61566.9,61496.1,61502.6
1715559600000,61502.6,61529.1,61491.1,61521.6
1715559900000,61519.3,61691.1,61504.8,61675.9
1715560200000,61671.2,61773.2,61622.2,61629.7
1715560500000,61628.5,61662.7,61554.7,61557.8
1715560800000,61558.8,61566.4,61535,61537.7
1715561100000,61537.7,61571.4,61502.9,61514.4
1715561400000,61516.7,61518.2,61450.7,61468.5
1715561700000,61468.5,61493.2,61450.7,61472.4
1715562000000,61471.3,61507,61425.6,61461
1715562300000,61461.2,61472.2,61432.8,61460.2
1715562600000,61460.2,61461.5,61361.6,61392.2
1715562900000,61395.6,61397.1,61282.2,61295.5
1715563200000,61293.2,61413.3,61273.3,61398.4
1715563500000,61400.1,61457.5,61393.1,61421.9
1715563800000,61419.6,61424.3,61351.4,61353.6
1715564100000,61353.6,61355.8,61282.9,61303
1715564400000,61303.4,61321.1,61199.5,61206.5
1715564700000,61206.3,61366.7,61147.1,61334.3
1715565000000,61334.3,61353.7,61308.1,61335.1
1715565300000,61335.1,61377,61309.4,61370.2
1715565600000,61373.6,61387.2,61290.5,61374.7
1715565900000,61369.3,61461.2,61369.3,61374.1
1715566200000,61374.1,61377.4,61287.7,61289
1715566500000,61289,61335.8,61287.7,61318
1715566800000,61315.9,61319,61161,61212.2
1715567100000,61210.4,61213.3,61073.5,61091.7
1715567400000,61095.2,61111.4,60961.2,60974.5
1715567700000,60974,61138.5,60937.7,61126.9
1715568000000,61123.3,61273.5,61004.7,61008.3
1715568300000,61008.3,61139.3,60994.2,61113.6
1715568600000,61113.5,61133.9,60920.8,60977.1
1715568900000,60977.1,61059.2,60971.2,61026.4
1715569200000,61024.2,61070.7,60941.1,60959.4
1715569500000,60957.2,60991.2,60904.5,60966.1
1715569800000,60964.6,61001.6,60829.9,60831.4
1715570100000,60834.9,60879.2,60763.7,60763.7
1715570400000,60763.2,60919.3,60738.6,60911.1
1715570700000,60911.2,60911.2,60758.9,60797.4
1715571000000,60797.4,60848.9,60776.6,60822.4
1715571300000,60822.4,60862.3,60778.7,60848.6
1715571600000,60848.6,60941.8,60848.4,60906.5
1715571900000,60906.5,61065.7,60870.7,61018
1715572200000,61017.7,61108.4,61017.5,61087.1
1715572500000,61095.9,61143.2,61043.4,61120.4
1715572800000,61125.5,61125.6,61055.8,61067.1
1715573100000,61067.1,61117.2,61032.8,61089.2
1715573400000,61089.2,61111.4,61068,61068
1715573700000,61067.4,61139.2,61035.8,61041.1
1715574000000,61041.1,61042.2,61000.3,61000.4
1715574300000,60997.9,61052.7,60980.5,61017.5
1715574600000,61018.6,61039.2,60950.8,61023.4
1715574900000,61023.4,61042.9,60930.6,60945.1
1715575200000,60936.7,60945.1,60866.2,60878.6
1715575500000,60878.6,60942.1,60868.4,60908.2
1715575800000,60908.2,60951.7,60871.8,60949.4
1715576100000,60956.5,60960,60908.8,60953.5
1715576400000,60953.5,60956.3,60880.6,60919
1715576700000,60919,60968.6,60880.3,60955.6
1715577000000,60960.3,60982.2,60914.3,60968.7
1715577300000,60970.6,60982.2,60894.2,60908
1715577600000,60909,60917.9,60896.2,60912.3
1715577900000,60911.5,60921.2,60878.3,60878.3
1715578200000,60889.4,60952.7,60878.3,60934.2
1715578500000,60934.2,60940.5,60886.6,60896.1
1715578800000,60896.1,60925.5,60889.2,60917.1
1715579100000,60919,60956.7,60829.7,60833.6
1715579400000,60834.1,60842.1,60776.3,60810.8
1715579700000,60816.4,60841.3,60803.4,60828.6
1715580000000,60828.6,60936.1,60779.9,60932.3
1715580300000,60936.1,61002.3,60927.1,61001.5
1715580600000,61002.3,61116.1,60981.5,61103
1715580900000,61113.2,61143,61075.9,61104.8
1715581200000,61106.5,61199.7,61098.8,61142.2
1715581500000,61142.6,61209.9,61130.7,61174.4
1715581800000,61177.6,61225.5,61156.1,61201.2
1715582100000,61201.2,61210.6,61168.9,61195.7
1715582400000,61196.7,61459.5,61196.2,61436.9
1715582700000,61434.4,61516.1,61347.3,61353.8
1715583000000,61354.5,61395,61344.8,61388.6
1715583300000,61388.6,61480.3,61351.2,61471
1715583600000,61471,61726.8,61439.8,61716.1
1715583900000,61701,61725.8,61531.5,61555.4
1715584200000,61547.4,61611,61479.2,61485.3
1715584500000,61489.1,61594,61485.7,61590.2
1715584800000,61587.7,61730,61579.3,61661.1
1715585100000,61660.3,61681.1,61631.4,61659.3
1715585400000,61659.3,61686.5,61558.5,61579.3
1715585700000,61578.7,61627.1,61525.9,61602.7
1715586000000,61602.2,61711.2,61594.5,61707
1715586300000,61697.2,61699.6,61619.2,61627.8
1715586600000,61627.5,62369.4,61627.5,62273.8
1715586900000,62273.8,62424.5,62272.4,62299.1
1715587200000,62299.1,62569.7,62295.5,62407.9
1715587500000,62407.5,62587.1,62381.2,62548.9
1715587800000,62545.4,62644.2,62449.2,62629.7
1715588100000,62632.5,62707.1,62599.9,62684
1715588400000,62686.9,62872.7,62679.3,62845.5
1715588700000,62844.8,62914.4,62638.1,62707.5
1715589000000,62700.9,62879.1,62623.5,62640.1
1715589300000,62642.9,62784.5,62592.8,62784.5
1715589600000,62781.6,63025.8,62780.5,62951.6
1715589900000,62954.8,63013.2,62783.2,62806.8
1715590200000,62805.7,62845.1,62758.6,62765.5
1715590500000,62762.7,62836.2,62722.6,62728.3
1715590800000,62728.3,62909.8,62726.1,62876.5
1715591100000,62875.1,63011.3,62837.6,62945
1715591400000,62942.3,63000.2,62891.4,62938.6
1715591700000,62938.4,62968.7,62882.8,62887.1
1715592000000,62887.1,62983.8,62875.1,62952.9
1715592300000,62957,63247,62934.2,63067.1
1715592600000,63066.8,63146.9,63007.4,63082.2
1715592900000,63081.6,63126.2,63039.1,63053.7
1715593200000,63053.7,63068.5,62962.9,62965.1
1715593500000,62965.1,63019.8,62925.1,63006.4
1715593800000,63006.4,63050,62976.6,63030.2
1715594100000,63031.5,63063,63015.1,63021.3
1715594400000,63019.3,63053.2,62837.2,62867.2
1715594700000,62869,62907.7,62762.7,62775.2
1715595000000,62771,62836.4,62720.8,62730.4
1715595300000,62734.6,62822.2,62720.6,62809.8
1715595600000,62813.3,62813.3,62694.6,62705.6
1715595900000,62709.7,62715.7,62617.9,62625.4
1715596200000,62622.5,62678.9,62454.2,62461.2
1715596500000,62465.2,62569.5,62353.7,62553.2
1715596800000,62552.1,62618.2,62509.7,62590.4
1715597100000,62590.4,62638.5,62525.1,62529.8
1715597400000,62529.8,62665.6,62529.8,62608.4
1715597700000,62609.8,62690.7,62596.7,62649.6
1715598000000,62658.7,62715.8,62598.6,62610
1715598300000,62610,62612.1,62481.7,62548.9
1715598600000,62539.4,62588.4,62460.2,62516.9
1715598900000,62516.9,62582.4,62516.9,62525.2
1715599200000,62533.1,62633.5,62495.6,62621.3
1715599500000,62619.3,62623.3,62551.4,62555.3
1715599800000,62558.6,62622.5,62557.5,62618
1715600100000,62620.7,62712.3,62585.2,62591.1
1715600400000,62591,62651,62560.1,62632.5
1715600700000,62634.4,62688.4,62616.6,62678.6
1715601000000,62677.2,62698.2,62599.9,62676.2
1715601300000,62676.2,62711.1,62658.3,62693.5
1715601600000,62693.5,62759.2,62690.3,62742.3
1715601900000,62742.5,62811.2,62717.1,62767.3
1715602200000,62767.3,62818.2,62564.3,62595.3
1715602500000,62586.4,62630.4,62493.1,62516.8
1715602800000,62505.1,62558.8,62389.8,62508.5
1715603100000,62512.1,62717.2,62496.2,62710.3
1715603400000,62709.3,62758.2,62669.3,62731
1715603700000,62725.3,62761,62689.5,62689.8
1715604000000,62690.1,62738.9,62658.9,62717.4
1715604300000,62715.8,62797.1,62672.4,62736.9
1715604600000,62738.7,62855.2,62711.3,62835.8
1715604900000,62835.8,62874.5,62767.1,62804.4
1715605200000,62804.4,62883.8,62741.7,62879.1
1715605500000,62883.8,62902.6,62797.4,62814.3
1715605800000,62817.4,62882.6,62737.2,62855.6
1715606100000,62851.8,62886.7,62826.6,62851.8
1715606400000,62852,62988.2,62843.5,62973.5
1715606700000,62973.5,62973.5,62757,62781.6
1715607000000,62782.6,62806.9,62620.3,62625
1715607300000,62627.4,62730.6,62594,62595.2
1715607600000,62594,62711.2,62572.9,62656.1
1715607900000,62656.1,62758.8,62605.4,62753
1715608200000,62755.3,62869.1,62737.2,62740.3
1715608500000,62741.8,62847.1,62655.3,62721.7
1715608800000,62734.1,62853.1,62716.7,62841.4
1715609100000,62841.2,62940.9,62822,62861.5
1715609400000,62851.3,62940.3,62824.4,62940.3
1715609700000,62940.3,63026.6,62911,62992.6
1715610000000,62994.1,62999.9,62898.2,62986
1715610300000,62984.6,63071.3,62980.2,63015
1715610600000,63014.1,63014.1,62783.1,62851.3
1715610900000,62851.8,62958.4,62848.8,62863.5
1715611200000,62864.3,62891.8,62778,62798.9
1715611500000,62791.3,62819.2,62752.3,62805.2
1715611800000,62809,62843.9,62702.6,62783
1715612100000,62783.2,62839.9,62718.3,62729.8
1715612400000,62729.8,62833.6,62691.1,62698.2
1715612700000,62698,62803,62698,62785.3
1715613000000,62785.3,62948.5,62778.1,62877.8
1715613300000,62876.4,62959.3,62855.5,62956.2
1715613600000,62959.3,63006.1,62915.3,62979.2
1715613900000,62980.4,62981.3,62914.3,62945.5
1715614200000,62943.1,63005.4,62910.6,62925.6
1715614500000,62922.9,62957.1,62866.2,62956.5
1715614800000,62956.5,62997.1,62944.3,62994.5
1715615100000,62995,63061.7,62985.7,63047
1715615400000,63047,63167.4,63009,63096.9
1715615700000,63100.5,63100.5,62957.1,62970.3
1715616000000,62971,63052.4,62970.9,63044.3
1715616300000,63042.5,63042.5,62934.5,62947.5
1715616600000,62947.3,62960.7,62906.6,62950
1715616900000,62947.8,63040.7,62903.1,62978
1715617200000,62978,63232.5,62976.9,63158.5
1715617500000,63158.5,63420.4,63131,63172.1
1715617800000,63180,63337.1,63167.5,63325.7
1715618100000,63330.1,63401.1,63231.9,63254.4
1715618400000,63255.1,63255.5,63062.7,63064.8
1715618700000,63064.8,63124.1,63031.9,63100.2
1715619000000,63057.1,63181.7,63041.4,63149.2
1715619300000,63149.2,63171.1,63123.7,63143.2
1715619600000,63141.6,63147.5,62947.7,62949.9
1715619900000,62949.9,62949.9,62669.5,62705.3
1715620200000,62705.3,62827.8,62663.3,62813.1
1715620500000,62809.5,62896.5,62724.9,62749.5
1715620800000,62754.6,62849.9,62719.6,62721.9
1715621100000,62720.1,62765.1,62629.3,62639.9
1715621400000,62639.7,62843.3,62602.8,62787
1715621700000,62786.5,62811.1,62699.1,62714.4
1715622000000,62714.4,62728.7,62599,62677
1715622300000,62677,62767.8,62675.2,62721.3
1715622600000,62721.3,62797.3,62709.3,62797.3
1715622900000,62796,62818.9,62752.4,62780.3
1715623200000,62781.1,62788.5,62694.8,62711.8
1715623500000,62708.6,62760,62630.1,62684.9
1715623800000,62681.3,62684.9,62618.6,62654.3
1715624100000,62654.1,62743.7,62644.4,62683.6
1715624400000,62681,62687,62544.9,62614.1
1715624700000,62612.5,62664.4,62571.2,62629.2
1715625000000,62629,62698.8,62622.3,62654.1
1715625300000,62658.1,62766.6,62655.1,62720
1715625600000,62720,62770.3,62663.1,62701.2
1715625900000,62699.7,62744.4,62666.6,62671.7
1715626200000,62672.3,62709.5,62643.9,62681.5
1715626500000,62682.2,62749.1,62662.6,62746.4
1715626800000,62748.1,62845.4,62744.2,62832.2
1715627100000,62832.2,62890,62803.1,62855.8
1715627400000,62855.8,62974.2,62844.7,62940.5
1715627700000,62940.5,63040.2,62939.1,63002.3
1715628000000,63000.4,63015.6,62877.8,62911.7
1715628300000,62911.7,62965,62908.9,62956.1
1715628600000,62956.1,63021.8,62945.3,62986.3
1715628900000,62986.4,63041.4,62953.9,63028.2
1715629200000,63029.7,63077.1,63026.4,63051
1715629500000,63051.4,63067.6,62998,63006.5
1715629800000,63005.6,63123.4,63004,63114.7
1715630100000,63110.5,63151.1,63024.4,63145.4
1715630400000,63143.8,63156.5,63067.6,63087.9
1715630700000,63087.9,63099.3,63043.1,63082.9
1715631000000,63084.7,63110.2,63056.5,63063.3
1715631300000,63063,63124.5,63056.8,63105.3
1715631600000,63105.3,63111.1,63013,63035.8
1715631900000,63034.7,63060.4,63021.5,63041.1
1715632200000,63040.5,63058.4,62984.5,63054.3
1715632500000,63054.9,63094.5,63034.5,63083.6
1715632800000,63083.6,63103.2,63052.6,63094.7
1715633100000,63095.3,63097.4,63050,63075.6
1715633400000,63075.4,63076.1,62992.4,63034.4
1715633700000,63034.4,63068.3,63019.3,63060.4
1715634000000,63045.8,63070.4,63007.6,63059.5
1715634300000,63058,63083.6,63017.3,63023.2
1715634600000,63023.2,63070.3,63023.2,63066.7
1715634900000,63065.6,63069.2,62996,63009.7
1715635200000,63003,63010.8,62993.7,63007.8
1715635500000,63007.8,63007.8,62942,62963.5
1715635800000,62963.3,62978.4,62963.3,62967.7
1715636100000,62967.7,62969.7,62909.1,62909.4
1715636400000,62912.9,62924.4,62853.5,62873.8
1715636700000,62873.9,62914.7,62873.9,62881
1715637000000,62879.9,62881.1,62811.3,62812.8
1715637300000,62812.8,62865.1,62812.8,62860.1
1715637600000,62855.3,62903.9,62839.7,62844.9
1715637900000,62845.7,62900.6,62833.7,62895.9
1715638200000,62895.2,62895.8,62823.6,62836.2
1715638500000,62837.3,62859.6,62814.2,62824.7
1715638800000,62824.2,62837.7,62789.8,62790.9
1715639100000,62791.1,62791.1,62698.8,62709.8
1715639400000,62711.3,62796.5,62709.8,62773.2
1715639700000,62782,62787.7,62751.4,62751.5
1715640000000,62751.3,62761.7,62688.4,62689.7
1715640300000,62689.7,62813.1,62689.7,62813.1
1715640600000,62813.1,62813.1,62746.7,62765.1
1715640900000,62765.1,62781.3,62746.1,62752.5
1715641200000,62752.3,62761.1,62693.1,62733.1
1715641500000,62732.3,62867.4,62726.7,62839.2
1715641800000,62839.2,62843.4,62822.3,62825.6
1715642100000,62827.4,62870,62809.6,62809.7
1715642400000,62809.7,62829.2,62778.5,62806.6
1715642700000,62807.6,62849.2,62786.3,62847.3
1715643000000,62848.3,62897.1,62829.8,62841.3
1715643300000,62842.2,62899.3,62823.8,62898
1715643600000,62898,62941.3,62881.7,62888.2
1715643900000,62887.2,62909.2,62851.4,62868.9
1715644200000,62870.6,62873.9,62826.1,62870.8
1715644500000,62871.7,62901.7,62849.6,62901.2
1715644800000,62892.5,62909.9,62826.4,62848.1
1715645100000,62848.1,62864.8,62799.1,62806
1715645400000,62813.2,62863.4,62809.6,62811.1
1715645700000,62806.1,62873.7,62792.5,62871.4
1715646000000,62871.4,62901.3,62844.1,62862.6
1715646300000,62862.3,62927.8,62834.6,62927.3
1715646600000,62926.7,63039,62924.3,63009.2
1715646900000,63008.9,63075.6,63000.2,63031
1715647200000,63034.6,63036.1,62895.4,62895.4
1715647500000,62905.2,62907.6,62740.8,62774.9
1715647800000,62774.6,62832.7,62680.4,62726.8
1715648100000,62725.9,62777.1,62713.4,62776.2
1715648400000,62777.1,62823,62726.3,62820.5
1715648700000,62819.2,62846.8,62795.3,62824.9
1715649000000,62823.3,62921.2,62820.3,62896
1715649300000,62904.6,62979.1,62892.4,62965.4
1715649600000,62967.5,62967.5,62922.9,62961.4
1715649900000,62963.2,62979.5,62959,62977.4
1715650200000,62977.4,62977.4,62920.7,62947.2
1715650500000,62944.1,62969.1,62920.7,62967.1
1715650800000,62969.1,62979.4,62664.1,62677.8
1715651100000,62678.9,62729,62622.7,62729
1715651400000,62729.7,62771,62561.9,62574.2
1715651700000,62574.2,62653.1,62541.8,62616
1715652000000,62617.3,62659,62587.2,62616.8
1715652300000,62617.6,62617.6,62461.2,62555.2
1715652600000,62551.8,62578.1,62485.9,62502
1715652900000,62504.5,62622.8,62500,62557.5
1715653200000,62557.2,62581.5,62522.8,62580.8
1715653500000,62580.8,62605.3,62472.9,62503.8
1715653800000,62506.1,62677.4,62489.3,62669.2
1715654100000,62663.6,62670.6,62457.5,62561.4
1715654400000,62560.1,62625.2,62513.8,62545.7
1715654700000,62555.5,62619.7,62499.5,62529.2
1715655000000,62524.7,62572.8,62524.1,62569.3
1715655300000,62554.9,62618.5,62461.3,62508.2
1715655600000,62478.4,62515.3,62389.6,62436.1
1715655900000,62475,62491.4,62381.2,62445.3
1715656200000,62439.2,62475,62367.8,62425.4
1715656500000,62425.3,62516.4,62387.6,62442.7
1715656800000,62442.8,62667.7,62441.4,62508.3
1715657100000,62532.9,62576.9,62392.7,62438.8
1715657400000,62424.7,62455.1,62303.8,62452.7
1715657700000,62471.3,62558.9,62375.9,62496.7
1715658000000,62456.7,62527.4,62358.1,62361.1
1715658300000,62387.3,62437.1,62331.9,62376.8
1715658600000,62381.1,62443.7,62321.1,62431.2
1715658900000,62427.2,62477.2,62342.1,62449.6
1715659200000,62451.8,62463.5,62293.9,62350.2
1715659500000,62349.4,62481.1,62335.3,62378.5
1715659800000,62376.9,62537.5,62376,62530.1
1715660100000,62527.4,62571.4,62438.1,62571.4
1715660400000,62566.3,62626.4,62474,62531.3
1715660700000,62605,62606.1,62529.1,62576
1715661000000,62578.1,62579.5,62432.1,62532.1
1715661300000,62487.7,62538.7,62398.8,62439
1715661600000,62447.1,62506.3,62374.3,62496
1715661900000,62436.5,62501.4,62397.7,62434.8
1715662200000,62481,62504.5,62407,62453
1715662500000,62451.4,62551.8,62425,62515.2
1715662800000,62518.3,62534.2,62443.2,62496
1715663100000,62498.2,62498.2,62429,62439.1
1715663400000,62463.2,62571.1,62399.5,62523.7
1715663700000,62523.8,62631.2,62484.3,62558.2
1715664000000,62557.9,62650.8,62528.2,62607.2
1715664300000,62611.1,62706.2,62536.6,62617.8
1715664600000,62617.3,62685,62577.8,62659.6
1715664900000,62661.1,62683.7,62575.4,62672.6
1715665200000,62638.6,62730.3,62609.4,62638.1
1715665500000,62709.7,62728.7,62613.7,62649.9
1715665800000,62646.1,62709.1,62592.1,62633.4
1715666100000,62661.5,62689,62607.9,62689
1715666400000,62648.3,62689,62529.7,62559.1
1715666700000,62562.8,62601.8,62169.7,62209.1
1715667000000,62246.9,62261.3,61711.9,61747.2
1715667300000,61733.2,61803.8,61447.8,61548.5
1715667600000,61523.3,61711,61376.6,61672.2
1715667900000,61698.3,61698.3,61545.7,61610.9
1715668200000,61613.9,61759,61589.9,61743.2
1715668500000,61723.7,61927.9,61688.6,61843.4
1715668800000,61864.1,62070.1,61801.3,61972.2
1715669100000,61969.5,62024.8,61928.1,61946.3
1715669400000,61939.2,62081.1,61931,62019.2
1715669700000,62020.1,62082.7,61948.6,62003.2
1715670000000,61999.1,62080.5,61949.7,62039.4
1715670300000,62032.4,62046.5,61900.5,61907.2
1715670600000,61910.4,61997.3,61857,61868
1715670900000,61863.6,61925.3,61851,61890.1
1715671200000,61890.2,61936.1,61798.8,61891.2
1715671500000,61891.6,61921.1,61845.5,61921.1
1715671800000,61898.6,61932.6,61820.4,61882.5
1715672100000,61871,61891,61815.8,61856.9
1715672400000,61869.9,61891,61828.1,61865.3
1715672700000,61874.4,61956.4,61865.9,61897
1715673000000,61897,62025.1,61877.6,61965.4
1715673300000,61965.2,62019.2,61937.6,61991.9
1715673600000,61976.5,62003.6,61841.9,61861.4
1715673900000,61859.6,61889.3,61831.3,61869.3
1715674200000,61869.2,61883.4,61823.4,61831.8
1715674500000,61831.6,61842.1,61792.5,61823.4
1715674800000,61822.4,61878.5,61800.7,61848.2
1715675100000,61854.1,61901,61830.2,61886.7
1715675400000,61886.4,61889.1,61811.4,61831.5
1715675700000,61831.2,61831.8,61680.4,61693.8
1715676000000,61685.4,61826.2,61661.6,61789.5
1715676300000,61781.2,61792.3,61704.2,61758.9
1715676600000,61764.8,61854,61757.6,61849.2
1715676900000,61831.8,61853.3,61809.2,61821.8
1715677200000,61822,61848.5,61775.1,61837.3
1715677500000,61839.5,61901.2,61823.1,61878.9
1715677800000,61879.8,61921.1,61867.8,61890
1715678100000,61890,61901.4,61841.3,61869.4
1715678400000,61869.4,61869.4,61804.7,61853.1
1715678700000,61853.2,61857.2,61811.2,61846
1715679000000,61844.9,61854.8,61720.2,61725.7
1715679300000,61726.8,61809.6,61725.1,61788.2
1715679600000,61789.9,61815.1,61757.9,61797.2
1715679900000,61795.8,61795.8,61738.5,61789.1
1715680200000,61791.4,61803.6,61751.8,61774
1715680500000,61774,61774,61716.7,61754.8
1715680800000,61754.8,61761.3,61695.2,61695.2
1715681100000,61695.2,61732.3,61621.2,61673.8
1715681400000,61683.2,61684.3,61586.2,61629.5
1715681700000,61629.6,61630.9,61482.9,61540.5
1715682000000,61539.8,61638,61519.2,61638
1715682300000,61629.8,61637.6,61587.9,61601.4
1715682600000,61601.1,61672,61591.2,61634.8
1715682900000,61635.5,61686.9,61589.7,61642.5
1715683200000,61648.3,61665.2,61559.5,61566
1715683500000,61566,61600.2,61541.6,61582.7
1715683800000,61585.6,61651.4,61581.2,61650.3
1715684100000,61650.3,61725.4,61649.1,61679.1
1715684400000,61680.2,61784.2,61672.4,61765.7
1715684700000,61765.7,61796.8,61687.8,61696.5
1715685000000,61687.9,61746.6,61637,61740.8
1715685300000,61735.1,61832.8,61731.7,61805.2
1715685600000,61811.9,61853.3,61762.3,61787.7
1715685900000,61787.7,61806.1,61746.1,61805.7
1715686200000,61805.7,61857,61774.2,61786.2
1715686500000,61780,61810.5,61739.5,61779.3
1715686800000,61779.2,61782.8,61726.7,61744.7
1715687100000,61746.3,61831,61745.2,61785.5
1715687400000,61788.3,61821.2,61739.9,61770.2
1715687700000,61771.8,61773.2,61732.4,61757.6
1715688000000,61756,61761.9,61700.8,61734.4
1715688300000,61733.3,61914.1,61720.8,61876.2
1715688600000,61866.8,62009.2,61865.2,61974.7
1715688900000,61977.6,62034.7,61927.1,62034.7
1715689200000,62035.3,62069.2,61958.5,61958.8
1715689500000,61958,61958.9,61812.6,61923.2
1715689800000,61910.5,61919.1,61271.2,61524.8
1715690100000,61524.3,61601.8,61403.6,61508.8
1715690400000,61506.7,61912.6,61504.2,61752.3
1715690700000,61753.6,61809,61560.2,61600.3
1715691000000,61600.3,61702.9,61553.5,61686.2
1715691300000,61688.1,61691.3,61520.9,61529.6
1715691600000,61524.1,61602.6,61409.5,61533
1715691900000,61546.4,61661,61496.4,61637.1
1715692200000,61633.4,61700,61586.4,61677.6
1715692500000,61677.2,61861.9,61669.6,61853.3
1715692800000,61845.6,61929.8,61781.9,61893.8
1715693100000,61897.6,62000.5,61868.1,61942.3
1715693400000,61936.8,62012.2,61919.1,62008.4
1715693700000,62005.3,62008.4,61918.8,61926.5
1715694000000,61926.5,61958.2,61848.7,61849.5
1715694300000,61853.5,61895.1,61644.7,61684.2
1715694600000,61686.4,61811.1,61627.3,61753.8
1715694900000,61763.3,61763.3,61647.6,61654.7
1715695200000,61656.9,61681.1,61508.3,61578.8
1715695500000,61578,61658.1,61506.2,61549
1715695800000,61551.9,61551.9,61280.5,61463.2
1715696100000,61461.2,61461.2,61086.9,61135.1
1715696400000,61125.6,61828,61122.1,61825.8
1715696700000,61828,61991.4,61686.4,61947.8
1715697000000,61950.3,62259.6,61859,62010.8
1715697300000,62009.8,62021,61709,61774.8
1715697600000,61779.4,61784,61531.6,61708.8
1715697900000,61712.2,61712.2,61536,61596.7
1715698200000,61586,61680.3,61475.1,61554.1
1715698500000,61561.2,61845.8,61487.3,61763.1
1715698800000,61761.1,61794.6,61645.3,61765.4
1715699100000,61753.8,61858.6,61728,61858.6
1715699400000,61836.4,61875.3,61758.4,61828.2
1715699700000,61843.6,61908.7,61811.2,61862.4
1715700000000,61863.7,61949.5,61821.5,61875.3
1715700300000,61873.7,62008.6,61844.7,61863.2
1715700600000,61856.3,61858.4,61688.8,61750
1715700900000,61749.5,61979.1,61746.6,61822.8
1715701200000,61807.6,61835.9,61664.9,61702.7
1715701500000,61703.4,61722.1,61603.6,61682.8
1715701800000,61684,61851.1,61675.5,61828.3
1715702100000,61833.1,61852.2,61726,61741
1715702400000,61736.7,61779.4,61631.3,61648.2
1715702700000,61651.5,61747.1,61613.9,61619
1715703000000,61620.5,61638.4,61544.5,61559.3
1715703300000,61557.4,61625.2,61480.3,61481.1
1715703600000,61481.3,61535.9,61402.1,61429.7
1715703900000,61425.7,61526.5,61374.4,61466.2
1715704200000,61470.4,61517.9,61374.9,61501.8
1715704500000,61504.6,61543.4,61387.4,61454.7
1715704800000,61474.6,61474.6,61325.5,61362.5
1715705100000,61360.3,61416.1,61232.3,61253.2
1715705400000,61256.4,61344.4,61178.5,61317.7
1715705700000,61316.6,61391.3,61293.8,61369.4
1715706000000,61387.2,61413.7,61297.6,61412.2
1715706300000,61411.7,61428.2,61247.7,61345.8
1715706600000,61339.3,61394.7,61212.2,61267.8
1715706900000,61290.4,61462,61215.2,61417.7
1715707200000,61424.9,61446.7,61337.1,61356.2
1715707500000,61348.5,61487.4,61337.7,61380.8
1715707800000,61402,61425.4,61175.5,61317.7
1715708100000,61297.5,61321.5,61124.9,61176.8
1715708400000,61175,61234.6,61108.6,61176.6
1715708700000,61203.5,61271.1,61116.4,61155.2
1715709000000,61175.9,61271.9,61120.9,61267.9
1715709300000,61264,61285.6,61217.7,61279.9
1715709600000,61250.4,61302.8,61176.2,61199.8
1715709900000,61215.2,61233.5,61182.3,61205.1
1715710200000,61220.6,61404.1,61186.4,61369.3
1715710500000,61367.2,61423.5,61324.6,61346.1
1715710800000,61348.8,61421.6,61290.9,61323.8
1715711100000,61322.6,61337.5,61190.3,61217.2
1715711400000,61215,61288.4,61164.6,61249.5
1715711700000,61272.1,61346.9,61220.3,61317.7
1715712000000,61325,61364.4,61296.7,61343.3
1715712300000,61323.9,61398.4,61283.7,61365.9
1715712600000,61366.9,61412.4,61332.1,61371
1715712900000,61390.6,61408.1,61340.2,61392.1
1715713200000,61374.3,61413.8,61333.3,61398.3
1715713500000,61396.4,61416.6,61346.1,61406.4
1715713800000,61404.1,61458.3,61374.3,61408
1715714100000,61407.6,61497.6,61366.9,61452.7
1715714400000,61450,61523,61425.7,61469.1
1715714700000,61470.3,61597.1,61459.4,61570
1715715000000,61591.9,61591.9,61510.5,61582.4
1715715300000,61571.8,61597,61492.7,61577.3
1715715600000,61577,61614.9,61552.3,61614.6
1715715900000,61614.9,61621.1,61536.1,61581.2
1715716200000,61580,61641.2,61544.7,61562.6
1715716500000,61549.8,61605.8,61495.4,61549.8
1715716800000,61554.2,61586.9,61499.9,61581.3
1715717100000,61582.8,61593.2,61521.8,61556.8
1715717400000,61550.1,61627.2,61521.8,61604.5
1715717700000,61608,61608,61558,61576.5
1715718000000,61576.1,61583.3,61551.1,61554
1715718300000,61561.2,61602.8,61536.2,61598.3
1715718600000,61601.2,61601.2,61551.2,61598
1715718900000,61586,61617,61563.1,61614.4
1715719200000,61616.1,61666.1,61594.8,61614.3
1715719500000,61615.8,61627.8,61536,61617.9
1715719800000,61618.2,61650.4,61604.7,61627.4
1715720100000,61622.2,61627.4,61518,61569.3
1715720400000,61566.1,61597.3,61539.2,61560.3
1715720700000,61560.4,61591.1,61559.9,61571.7
1715721000000,61570.8,61571.8,61540.5,61559.7
1715721300000,61554.7,61584.2,61512.8,61535.6
1715721600000,61547.6,61547.9,61456.1,61462.7
1715721900000,61462,61504.7,61441.9,61467.9
1715722200000,61470.3,61480.7,61440.5,61480.7
1715722500000,61478.6,61701.4,61478.5,61694.5
1715722800000,61700.4,61731.7,61629.5,61711.2
1715723100000,61711.7,61748.8,61637,61646.5
1715723400000,61649.2,61651.2,61631.2,61631.2
1715723700000,61633.6,61671.2,61586.6,61649.8
1715724000000,61624.1,61641.5,61585.3,61616.9
1715724300000,61620.1,61640.3,61581.9,61634.5
1715724600000,61633.4,61633.4,61589.7,61598.9
1715724900000,61613.7,61617.5,61584.9,61597.3
1715725200000,61604.5,61624.9,61585.1,61603.8
1715725500000,61609.7,61617.5,61502.2,61541.7
1715725800000,61542,61562.5,61509.6,61559.5
1715726100000,61585.2,61661,61554.9,61658.6
1715726400000,61658.4,61718.7,61652.7,61671.5
1715726700000,61675.4,61721.3,61648,61711.9
1715727000000,61709.5,61727.4,61681,61713.2
1715727300000,61721.2,61727.2,61658.5,61667.1
1715727600000,61665.7,61687.8,61615.3,61624.2
1715727900000,61622.1,61640.2,61586.2,61592.8
1715728200000,61593.2,61601.5,61577.5,61593
1715728500000,61593,61593.7,61511.2,61513.3
1715728800000,61511.5,61531.7,61502.3,61524.3
1715729100000,61524.3,61577.6,61501.1,61565.2
1715729400000,61565.2,61578.9,61514.8,61544.1
1715729700000,61547.4,61547.4,61494.6,61539.3
1715730000000,61535.7,61541.2,61513.2,61516.7
1715730300000,61517.2,61571.2,61515.1,61561.2
1715730600000,61557.1,61573.4,61535.6,61563.1
1715730900000,61560.4,61568.7,61524.8,61536.5
1715731200000,61534.1,61601.6,61515.3,61583.1
1715731500000,61581.7,61639.8,61578.9,61605.3
1715731800000,61599.5,61621,61569.8,61579.8
1715732100000,61582.3,61611.2,61553.2,61605
1715732400000,61607.2,61655,61594.7,61645.2
1715732700000,61637.2,61696.9,61617.6,61690.5
1715733000000,61694.2,61761.2,61644.3,61653.3
1715733300000,61657.4,61665.4,61489.4,61502.8
1715733600000,61502.9,61546.2,61491.3,61526.3
1715733900000,61530.7,61537.2,61296.7,61365.1
1715734200000,61361.9,61409.1,61325.5,61365.1
1715734500000,61365.5,61413.1,61341.4,61393.2
1715734800000,61388.5,61574.4,61375.8,61559.8
1715735100000,61560.9,61573.3,61500.8,61525.2
1715735400000,61528.9,61604,61527.7,61584.5
1715735700000,61586.4,61668.9,61577.5,61605.9
1715736000000,61610.2,61671.2,61605.9,61646.8
1715736300000,61659.4,61670.5,61633.7,61649.3
1715736600000,61646,61686.2,61608.9,61672.3
1715736900000,61675.9,61686.2,61625.6,61646.2
1715737200000,61643.6,61716.3,61641.2,61679.4
1715737500000,61679.1,61712.2,61657.2,61700.9
1715737800000,61688.1,61698.7,61604.1,61634
1715738100000,61631.2,61658,61630.5,61655.1
1715738400000,61654.9,61761.1,61645.3,61721.3
1715738700000,61722.8,61751.4,61687.9,61740.7
1715739000000,61740.2,61869.6,61730,61798
1715739300000,61800.6,61835.1,61775.1,61786
1715739600000,61786,61805,61758.5,61761.4
1715739900000,61759.2,61787.8,61758.5,61783
1715740200000,61783,61783,61706.2,61737.2
1715740500000,61738.2,61754.9,61707.8,61738.5
1715740800000,61737.1,61781.2,61724.3,61749.8
1715741100000,61744.5,61766.8,61711.2,61717.8
1715741400000,61717.8,61738.2,61711.2,61725.8
1715741700000,61725.8,61750,61711.2,61733.2
1715742000000,61731.2,61813.6,61711.2,61785.4
1715742300000,61784.9,61820.7,61779.2,61811.7
1715742600000,61803,61880.3,61803,61863.4
1715742900000,61863.4,61912.3,61812.5,61835.9
1715743200000,61823.5,61894,61812.5,61862.5
1715743500000,61864.1,61917.8,61854.9,61914
1715743800000,61911.3,61951.2,61886,61941.1
1715744100000,61941.1,61990,61831.4,61852.4
1715744400000,61853,61894.8,61847.2,61874.8
1715744700000,61872.5,61877.1,61841,61855.3
1715745000000,61856.4,61904.3,61848.8,61885.5
1715745300000,61887.2,61932.4,61879.8,61909.8
1715745600000,61908.4,61940.6,61855.9,61889.5
1715745900000,61889.7,61939,61879.5,61901.2
1715746200000,61895.4,61901.2,61827.1,61853.4
1715746500000,61853.4,61862.7,61813.9,61824.6
1715746800000,61824.6,61838.3,61781.8,61818
1715747100000,61819.5,61838.8,61788.9,61838.8
1715747400000,61827,61878.2,61811,61876.9
1715747700000,61875.7,61944.7,61875.7,61879.4
1715748000000,61877.2,61895.2,61861,61863
1715748300000,61863.2,61873.7,61854.7,61858.1
1715748600000,61858.1,61867,61854.2,61857
1715748900000,61857.5,61899.6,61832.6,61844.2
1715749200000,61844.2,61894.9,61842.7,61881.1
1715749500000,61884.9,61906,61866.9,61905.9
1715749800000,61906,62020.6,61897.7,61991.6
1715750100000,61991.6,61993.7,61881.7,61885.3
1715750400000,61884.1,61927.1,61873,61906.8
1715750700000,61906,61952.5,61906,61949.2
1715751000000,61928.9,61949.3,61854.7,61873.1
1715751300000,61871.5,61901.1,61846.9,61878.5
1715751600000,61878.3,61900,61877.6,61896.1
1715751900000,61894.7,61897.4,61848.7,61869.5
1715752200000,61869.5,61876.1,61844.5,61876.1
1715752500000,61869.9,61900,61861.1,61890
1715752800000,61890.2,61923.8,61873.9,61900.2
1715753100000,61897.5,61924.7,61890.1,61891.4
1715753400000,61896.8,61947.2,61887.3,61895.6
1715753700000,61895.6,61909.1,61852.9,61866.2
1715754000000,61866.2,61911.8,61855.2,61908.9
1715754300000,61908.9,61910.6,61870.8,61875.6
1715754600000,61876.6,61900.5,61793.6,61805.9
1715754900000,61805.9,61827.5,61795.8,61818.2
1715755200000,61818.5,61849.1,61803.1,61843.8
1715755500000,61846.8,61846.8,61815.7,61824
1715755800000,61824,61906.9,61819.2,61883.9
1715756100000,61884.6,61928.6,61861.1,61923
1715756400000,61921.9,61985.5,61895.4,61916.7
1715756700000,61916.7,61968.7,61903.2,61942.1
1715757000000,61941.3,61944.4,61864.8,61881.5
1715757300000,61876.7,61912.3,61855.9,61896.1
1715757600000,61896.1,61957.7,61892.1,61957.7
1715757900000,61957.7,61974.7,61938.7,61957.3
1715758200000,61962.3,62009.2,61917.3,61938.9
1715758500000,61938.2,62186.1,61912.8,62153.6
1715758800000,62153.6,62163.5,62068.4,62101.5
1715759100000,62101.2,62105.1,62042.7,62090.3
1715759400000,62090.3,62172.4,62067.6,62167.8
1715759700000,62165.4,62241.2,62126.4,62157.2
1715760000000,62153.7,62231.1,62105.8,62105.8
1715760300000,62105.7,62149.7,62102.2,62132.7
1715760600000,62131.2,62139.1,62089.4,62096.4
1715760900000,62096.4,62096.4,62045.3,62045.3
1715761200000,62040.7,62086.9,62021.7,62069.2
1715761500000,62066.3,62088.5,62046.2,62088.5
1715761800000,62081.3,62101.5,62055.2,62098.3
1715762100000,62098.3,62099.6,62065.8,62081.6
1715762400000,62076.5,62081.6,62052.9,62081.6
1715762700000,62081.6,62116.9,62080,62082.5
1715763000000,62082.2,62138.1,62082,62129.1
1715763300000,62129.1,62129.1,62095.8,62110
1715763600000,62110.5,62125.4,62083,62083
1715763900000,62083.3,62083.3,61946.7,61973.8
1715764200000,61973.8,61973.8,61913.2,61932.3
1715764500000,61932.7,62002.1,61931.9,61995.1
1715764800000,61994.8,62024.5,61975.7,62015
1715765100000,62015.8,62036,62009.7,62014.5
1715765400000,62014.5,62067.7,61987,62061.9
1715765700000,62061.2,62211.2,62061.2,62162.4
1715766000000,62158.8,62429.1,62157.7,62413.3
1715766300000,62413.3,62742,62409.7,62709.6
1715766600000,62709.6,62879.7,62669.5,62817
1715766900000,62817,62829,62639.5,62644.7
1715767200000,62648.6,62724.9,62481.6,62490.9
1715767500000,62490.9,62567.5,62350,62479.7
1715767800000,62472.4,62523.6,62440.7,62485.6
1715768100000,62485.6,62615.7,62459.6,62584.6
1715768400000,62584.6,62688.4,62536.1,62675.4
1715768700000,62675.4,62816,62645.5,62805.1
1715769000000,62805.1,62955.5,62741.9,62866.9
1715769300000,62866.9,62875,62753.4,62758.7
1715769600000,62760.1,62781.9,62680.8,62702.8
1715769900000,62702.6,62735.1,62680.6,62686.3
1715770200000,62686.3,62695.9,62642.1,62658.3
1715770500000,62648.6,62669.2,62616.6,62637.3
1715770800000,62637.3,62735.2,62632.3,62717.3
1715771100000,62716.9,62784.9,62666.3,62769.3
1715771400000,62769.3,62771.7,62570.2,62609.6
1715771700000,62608.7,62613.2,62568.5,62597.3
1715772000000,62597.4,62597.5,62383.4,62407.1
1715772300000,62406.1,62443.7,62377.9,62423.4
1715772600000,62419.2,62423.4,62357.8,62397.3
1715772900000,62394.1,62408.4,62230.1,62280.6
1715773200000,62279.1,62403,62259.2,62402.7
1715773500000,62399.1,62430.9,62314.7,62355.1
1715773800000,62355.1,62465.3,62352.3,62461.1
1715774100000,62463.2,62465.6,62399.1,62428.3
1715774400000,62428.3,62459.4,62397.2,62413.1
1715774700000,62413.1,62519.1,62394.6,62501.4
1715775000000,62501.4,62551.2,62466.5,62507.3
1715775300000,62507.3,62571.2,62483.2,62543.3
1715775600000,62547.2,62640.5,62471.9,62578.9
1715775900000,62584.3,62648.5,62415.6,62636.9
1715776200000,62642.4,64134.7,62642.4,63725.5
1715776500000,63724.4,63903.5,63427.6,63529.3
1715776800000,63529,63652.2,63241.5,63625.2
1715777100000,63625.2,63800.2,63483.9,63750.2
1715777400000,63748.6,63766,63614.4,63661.4
1715777700000,63659.2,63727.9,63618.1,63718.9
1715778000000,63718.9,63800,63687.2,63741
1715778300000,63734.2,63745.1,63521.9,63543.3
1715778600000,63542.7,63698.3,63540.1,63686.4
1715778900000,63692.4,63775.4,63671.7,63676.3
1715779200000,63676.2,63928.3,63630.3,63906.7
1715779500000,63906.7,64283,63874.7,64280.5
1715779800000,64280.5,64486.9,64136.2,64281.1
1715780100000,64281.1,64525.1,64281.1,64446.7
1715780400000,64448.5,64621.2,64303.8,64334.2
1715780700000,64335.6,64519.9,64254.6,64356.8
1715781000000,64356.8,64455.2,64085.2,64123.2
1715781300000,64123.2,64192.9,63896.2,64114
1715781600000,64114,64203.5,64038.3,64203.5
1715781900000,64202,64219.8,64071.7,64191.4
1715782200000,64191.4,64230.4,63977.8,63979.5
1715782500000,63979.5,64184.5,63976.5,64173.9
1715782800000,64174.7,64280.3,64156.5,64191.9
1715783100000,64191.9,64224.6,64069.6,64160.7
1715783400000,64172.7,64389.9,64149.7,64281.6
1715783700000,64282.1,64381.3,64269,64351.2
1715784000000,64351.2,64380.7,64278.4,64322.6
1715784300000,64322.6,64340.7,64277.7,64311.4
1715784600000,64312.7,64424.2,64311,64388.1
1715784900000,64394.3,64468.7,64368,64468.7
1715785200000,64461.2,64512.3,64363.5,64469.7
1715785500000,64469.7,64539.7,64447.5,64511.1
1715785800000,64511.1,64865.8,64501.4,64852.1
1715786100000,64851.3,64919.6,64680.5,64916.1
1715786400000,64916,65029.4,64793.6,64793.6
1715786700000,64793.6,64904.5,64766.6,64869.8
1715787000000,64869.9,65045,64867.8,64923.3
1715787300000,64914,64946,64734.8,64736.5
1715787600000,64736,64739.1,64637.4,64649
1715787900000,64648.6,64753.3,64636.1,64726.3
1715788200000,64727.2,64801,64717.8,64785.3
1715788500000,64787.6,64788.6,64598.5,64698.7
1715788800000,64698.7,64792.7,64697.9,64731.3
1715789100000,64731.3,64948.8,64720.3,64941
1715789400000,64941,65039.7,64926,65019.4
1715789700000,65019.7,65099.2,64825.4,64878.4
1715790000000,64878.5,64991.9,64791.6,64800.5
1715790300000,64805.1,64845.9,64765.8,64819
1715790600000,64819,64877.1,64785.6,64804.5
1715790900000,64804.5,64902.2,64745.4,64861.1
1715791200000,64860.8,64955.7,64859.1,64893.3
1715791500000,64893.3,65056.2,64891.4,64933.4
1715791800000,64935.1,64941.1,64803.9,64817.6
1715792100000,64817.6,64817.6,64745.3,64745.3
1715792400000,64743.1,64930.7,64743.1,64914.1
1715792700000,64914.2,64950.8,64878,64918
1715793000000,64914.7,64981.8,64907.5,64974.9
1715793300000,64974.9,64979.7,64785.2,64808.9
1715793600000,64807,64893.7,64799.3,64886.7
1715793900000,64886.7,65051.2,64884.2,65049.7
1715794200000,65049.8,65068,64977.4,64985.4
1715794500000,64985.4,65111.7,64965.8,65063.3
1715794800000,65062.8,65112.3,64995.6,65091
1715795100000,65090,65106.4,64959.4,64976.8
1715795400000,64977.6,65086.7,64974.3,65083.7
1715795700000,65083.7,65113.9,65065.2,65089.1
1715796000000,65091.6,65091.6,64974.7,64981.5
1715796300000,64984.6,65054.2,64970.2,64999.7
1715796600000,64999.9,65209.7,64998.5,65202.3
1715796900000,65202.3,65286.2,65106.1,65257.7
1715797200000,65257.3,65311.9,65250,65272.8
1715797500000,65256.8,65370.7,65255.2,65362.1
1715797800000,65357,65399.2,65333.8,65377.5
1715798100000,65377.5,65438.9,65337.7,65438.9
1715798400000,65438.9,65509.3,65353.7,65464.8
1715798700000,65464.8,65483.7,65245.4,65267.2
1715799000000,65268.2,65452.7,65236.7,65428.4
1715799300000,65435.8,65801.7,65425.1,65729
1715799600000,65729,65782.5,65494.9,65510.2
1715799900000,65509.9,65510.2,65301,65431.5
1715800200000,65436.2,65711.8,65431.5,65629.4
1715800500000,65629.4,65747.7,65573.8,65744.7
1715800800000,65745.9,65981.5,65685.1,65960
1715801100000,65960.5,65984.5,65880.9,65918.7
1715801400000,65918.4,65980.3,65867.7,65969.5
1715801700000,65966.9,66080.2,65940,66069.2
1715802000000,66069.2,66416.1,66049.5,66408
1715802300000,66411.1,66411.1,65998.2,66008.6
1715802600000,66000,66139.3,65966.5,66096.5
1715802900000,66096.5,66096.5,65908.2,66051.1
1715803200000,66044.7,66101.5,65773.8,65795.7
1715803500000,65787.8,65899.1,65763.2,65849
1715803800000,65851.1,65870.2,65788.4,65836.7
1715804100000,65836.7,65865.7,65774.1,65809.8
1715804400000,65807.2,65937.6,65765.5,65897.5
1715804700000,65898.2,66091.3,65897.2,66064.5
1715805000000,66036.3,66064.5,65930.7,66003.7
1715805300000,66003.7,66011.8,65931.8,66010.2
1715805600000,66016.6,66016.6,65785.9,65813.1
1715805900000,65809.6,65853.2,65787.8,65842.4
1715806200000,65846.2,65846.2,65800,65815.4
1715806500000,65814.9,65951.2,65810.3,65940.6
1715806800000,65940.6,65980.7,65873.4,65878.1
1715807100000,65877.1,65877.1,65813.4,65813.4
1715807400000,65810.4,65874.1,65804.8,65862.3
1715807700000,65862.3,65925.8,65844.6,65920.8
1715808000000,65921,65969.2,65905.1,65950.8
1715808300000,65950.8,65953.3,65885.5,65916.9
1715808600000,65916.9,65916.9,65823.8,65828.9
1715808900000,65828.9,65942.2,65826.6,65935.6
1715809200000,65934.6,66053,65934.6,65981.9
1715809500000,65984.3,66183.3,65978.3,66139.3
1715809800000,66139.5,66139.5,65848.8,65861.2
1715810100000,65862.1,65989.3,65841.1,65856.9
1715810400000,65856.9,65933.9,65841.4,65900.9
1715810700000,65888.7,65913.3,65860.3,65871.3
1715811000000,65871.1,66009.8,65859.1,65989.4
1715811300000,65989.3,66115.4,65964.8,66114.6
1715811600000,66115.8,66167.4,66103.3,66137.7
1715811900000,66136.6,66258.8,66119.8,66137.7
1715812200000,66138.2,66200.8,66138.2,66192.7
1715812500000,66193,66278.3,66098.3,66105.6
1715812800000,66103.1,66137.3,66022,66133.7
1715813100000,66130.6,66161.4,66106.6,66107.4
1715813400000,66108.8,66108.8,66048.3,66072.5
1715813700000,66072.6,66143.3,66060.1,66102.5
1715814000000,66101.4,66186.9,66058.7,66101.4
1715814300000,66101.4,66218.3,66094.8,66185.1
1715814600000,66183.8,66183.8,66103.3,66137.4
1715814900000,66136.5,66226.9,66135.1,66193.2
1715815200000,66192.8,66274.9,66192.5,66250.9
1715815500000,66251,66380.7,66219.4,66226.1
1715815800000,66226.6,66239.7,66154,66156.1
1715816100000,66154.4,66256.1,66131.5,66217.5
1715816400000,66218,66426,66218,66322.9
1715816700000,66321,66371.8,66272.6,66273
1715817000000,66272.6,66273.7,66177.9,66239.1
1715817300000,66238.7,66241.9,66176.5,66196.9
1715817600000,66196.9,66417,66196,66417
1715817900000,66409.7,66595.9,66319.4,66558.5
1715818200000,66558.2,66635.2,66387.9,66395.9
1715818500000,66399.5,66414.8,66250.7,66302.2
1715818800000,66303.1,66368.9,66242,66281.6
1715819100000,66274.3,66307.4,66209.5,66222.9
1715819400000,66222.9,66222.9,66074.3,66206.9
1715819700000,66203.7,66203.7,66143,66164.3
1715820000000,66164.3,66172.4,65949.4,66040.4
1715820300000,66040.4,66161.7,66030.5,66117.1
1715820600000,66117.2,66121.7,66072.7,66076.9
1715820900000,66075.6,66085.4,66041.8,66064.2
1715821200000,66063.2,66111.4,66045.9,66103.4
1715821500000,66103.4,66194.1,66062.1,66068.8
1715821800000,66072,66089.2,66010.1,66083.4
1715822100000,66084.3,66101.7,66060.6,66060.6
1715822400000,66060.5,66106.3,66053.9,66102.8
1715822700000,66102.8,66110.4,66003.8,66016.4
1715823000000,66017.1,66033.1,65970.2,65970.7
1715823300000,65970.2,65996.1,65926.8,65949.2
1715823600000,65949.2,65949.2,65862.3,65941.5
1715823900000,65943.7,65956.7,65839.9,65852.4
1715824200000,65852.4,65929.2,65842.7,65910.2
1715824500000,65910.2,65962,65859.1,65962
1715824800000,65962,66033.4,65946.8,65975.1
1715825100000,65974.8,65991.9,65897.7,65989.8
1715825400000,65989.8,66088.7,65979.5,66085
1715825700000,66085,66085,66023.3,66024.1
1715826000000,66025.3,66041.7,65988.2,65988.3
1715826300000,65989,66027.3,65986.5,66001.4
1715826600000,66001.5,66002.5,65937,65937
1715826900000,65937,65943.8,65913.8,65939.5
1715827200000,65940.1,65952.2,65859.7,65862.8
1715827500000,65884.2,65933.4,65876.2,65896.7
1715827800000,65900,65946.9,65862.2,65916.2
1715828100000,65904.3,65916.2,65759.9,65887.2
1715828400000,65887.2,65973.6,65872.7,65937
1715828700000,65937,65973.8,65874.4,65874.4
1715829000000,65874.4,65874.4,65791.8,65839.5
1715829300000,65837.7,65945.8,65836.8,65933.8
1715829600000,65939.8,65970.2,65895.3,65967.9
1715829900000,65955.8,66004.9,65947.7,65973.7
1715830200000,65975.4,66025.7,65960,66013.1
1715830500000,66010.6,66037,65991.7,65994.1
1715830800000,65993.9,66050.1,65990.6,66011.8
1715831100000,66011.7,66015.3,65986.1,65998.7
1715831400000,65998.7,66060.4,65994,66037.3
1715831700000,66037.1,66039.1,65934.7,65971.5
1715832000000,65971.5,65971.5,65886.6,65937.9
1715832300000,65937.4,65968.2,65895.9,65967.8
1715832600000,65967.8,65984.1,65904.7,65920.9
1715832900000,65916.4,65936.8,65820.9,65869.1
1715833200000,65868.8,65905.9,65866.4,65881.4
1715833500000,65880.9,65893.5,65867.5,65887.6
1715833800000,65890.7,65910.7,65852.5,65869.4
1715834100000,65869.4,65908,65824.7,65894.4
1715834400000,65900.2,65916.2,65881.6,65887.4
1715834700000,65889.7,65889.7,65796.3,65800
1715835000000,65800,65842.6,65796.1,65812.2
1715835300000,65812.2,65817.6,65785.1,65808.8
1715835600000,65808.8,65821.3,65779.8,65786.8
1715835900000,65787.3,65867.4,65787.3,65865.8
1715836200000,65865.8,65879.7,65822,65822.2
1715836500000,65822,65847.3,65805.4,65844.4
1715836800000,65844.4,65844.4,65805.7,65810.2
1715837100000,65810.2,65810.2,65738,65776.7
1715837400000,65777.9,65839.1,65747.5,65820.6
1715837700000,65820,65860.4,65806.9,65827.1
1715838000000,65827.1,65834.4,65767.1,65769.1
1715838300000,65769.1,65809.3,65760.7,65808.3
1715838600000,65808.8,65847.2,65776,65790.5
1715838900000,65790.5,65823.7,65759,65759
1715839200000,65760.3,65760.3,65644.7,65661.3
1715839500000,65661.3,65710.5,65658.1,65686.7
1715839800000,65686,65762.3,65683.1,65762.2
1715840100000,65762.2,65815.8,65762.2,65793.4
1715840400000,65797.6,65932.4,65797.6,65932.4
1715840700000,65932.7,65959.1,65905.3,65923.9
1715841000000,65922.1,65964.9,65921.7,65961.2
1715841300000,65961.2,65964.8,65927,65930.7
1715841600000,65931.2,65938,65914.3,65922.8
1715841900000,65922.8,65929.9,65871.8,65914.9
1715842200000,65909.6,65917.3,65890.1,65901.8
1715842500000,65902.4,65937.1,65897.9,65925.3
1715842800000,65930.1,66014.2,65905.8,66010.7
1715843100000,66011.1,66028.6,65977,65995.3
1715843400000,65995.3,66051.7,65995.3,66037.7
1715843700000,66037.7,66086.4,66026.9,66056.2
1715844000000,66056.2,66076.1,66056.2,66058.2
1715844300000,66058.2,66066.5,66008.8,66066.2
1715844600000,66061.2,66158.1,66051.2,66124.8
1715844900000,66123.7,66190.1,66122.7,66171.9
1715845200000,66172.1,66257.2,66155.3,66167.2
1715845500000,66164.3,66263.2,66155.5,66224.8
1715845800000,66228.2,66236.7,66121.1,66135.5
1715846100000,66143.1,66150.6,66124.1,66130.5
1715846400000,66126.1,66136.9,66105.4,66114.5
1715846700000,66114.5,66271.9,66111.7,66263
1715847000000,66263,66411.1,66250.1,66259
1715847300000,66259,66298.5,66200.7,66218.5
1715847600000,66218.5,66237.3,66172.3,66211.3
1715847900000,66211.2,66234.5,66111.6,66160
1715848200000,66160,66165.6,66120.7,66136.2
1715848500000,66136.2,66186.1,66125.7,66186.1
1715848800000,66186.1,66248.7,66186.1,66209.3
1715849100000,66211,66223.7,66145.7,66213.6
1715849400000,66213.6,66250.1,66186.9,66250.1
1715849700000,66250.1,66319.7,66250.1,66269.9
1715850000000,66268.9,66320.9,66268.9,66319.6
1715850300000,66319.6,66320.7,66237.6,66245.2
1715850600000,66260.2,66263.2,66212.4,66245.4
1715850900000,66244.9,66263.2,66206.3,66211
1715851200000,66211,66211,66114.7,66137.8
1715851500000,66136.3,66244.8,66101.5,66244.8
1715851800000,66242.8,66267.7,66133.6,66267.7
1715852100000,66267.7,66317,66267.7,66276
1715852400000,66276,66276.3,66238.5,66258.4
1715852700000,66258.4,66310.2,66244.9,66310.2
1715853000000,66310.2,66321.7,66264.3,66309.6
1715853300000,66309.6,66329.7,66294.1,66323.3
1715853600000,66323.2,66323.3,66172.6,66172.6
1715853900000,66175.2,66229.4,66159.3,66205.6
1715854200000,66205.6,66241.6,66185.5,66231.6
1715854500000,66232.5,66232.5,66106,66160.4
1715854800000,66160.4,66244.7,66160.4,66227.5
1715855100000,66227.5,66247.2,66206.3,66227.5
1715855400000,66227.5,66227.5,66105.8,66117.3
1715855700000,66116.9,66145.5,66108.1,66131.2
1715856000000,66131.2,66197.7,66119.2,66191
1715856300000,66190.6,66223.8,66159.8,66183.7
1715856600000,66183.7,66184.5,66125.7,66148.4
1715856900000,66147.8,66184,66125.4,66144.2
1715857200000,66144.2,66167.2,66101.2,66137.7
1715857500000,66125.3,66142.4,66083.2,66108.7
1715857800000,66109.6,66125.2,66035.2,66035.2
1715858100000,66036.4,66100.3,66012.6,66054.2
1715858400000,66053.8,66149.8,66052.5,66145.6
1715858700000,66143.3,66176.2,66134.2,66172.3
1715859000000,66172.3,66178.9,66148.9,66152.5
1715859300000,66152.5,66158.3,66093.2,66096.1
1715859600000,66098.4,66130,66091.2,66111
1715859900000,66111,66234.8,66106.2,66225.7
1715860200000,66225.7,66273.5,66201.7,66267.9
1715860500000,66267.9,66543.7,66263.7,66485.7
1715860800000,66485.7,66543.2,66272.7,66284
1715861100000,66289.9,66293.4,66159.7,66199.1
1715861400000,66200.6,66310.7,66151.2,66231.2
1715861700000,66228.3,66331.9,66208,66310.4
1715862000000,66310.4,66335.7,66110.7,66171.9
1715862300000,66171.6,66391.7,66170.3,66349.2
1715862600000,66349.2,66715.1,66086.9,66244.1
1715862900000,66244.1,66247.3,65896.8,66037.1
1715863200000,66040.8,66173.2,66033.4,66080.5
1715863500000,66080.5,66308.8,66066.4,66257.1
1715863800000,66257.1,66302.2,66194.6,66206.1
1715864100000,66206.1,66207,65963.8,65984
1715864400000,65984,66012.1,65894.5,65895.8
1715864700000,65898.2,65967.4,65856.8,65863.8
1715865000000,65858.1,65888.7,65776.9,65864.1
1715865300000,65858,65944.7,65833.2,65914.5
1715865600000,65913.7,65919,65781.9,65911.6
1715865900000,65911.5,65951.2,65905.3,65925.2
1715866200000,65927,66194.5,65922.8,66098.7
1715866500000,66098.7,66209.7,66057.8,66180.1
1715866800000,66162.4,66183.6,66050.5,66079.5
1715867100000,66079.5,66193.2,66065.3,66192.2
1715867400000,66192.2,66305.6,66191.6,66263.2
1715867700000,66263.2,66353.2,66227.6,66305.8
1715868000000,66305.8,66371.2,66258.3,66326.2
1715868300000,66326.2,66338.3,65953.8,66094.1
1715868600000,66092.6,66099.9,65962.7,65983.9
1715868900000,65983.9,66131,65978.5,66090.2
1715869200000,66092.4,66092.4,65750.7,65795
1715869500000,65795,66008.2,65773.3,65913.2
1715869800000,65917.4,65952.7,65842.6,65939.2
1715870100000,65939.4,66091.6,65913.2,66091.6
1715870400000,66091.6,66191.9,66019,66037.2
1715870700000,66033.7,66109.7,66002.3,66007.2
1715871000000,66007.2,66033.9,65790.6,65813.7
1715871300000,65813.7,65816.3,65569,65577.4
1715871600000,65577.6,65597.3,65357.6,65588.5
1715871900000,65582.7,65718.1,65513.7,65712.6
1715872200000,65717.5,65753.4,65593,65627.6
1715872500000,65627.7,65716.7,65600.2,65697
1715872800000,65694.5,65695.9,65578.2,65665.6
1715873100000,65665.6,65796.7,65640,65762.9
1715873400000,65764,65831.2,65749.4,65830.2
1715873700000,65828.9,65859.7,65764.2,65791.1
1715874000000,65791.1,65808.3,65693.6,65713.2
1715874300000,65709.6,65739.9,65654.3,65708.2
1715874600000,65708.2,65870.3,65708.2,65807
1715874900000,65807,65827.4,65768.2,65801.1
1715875200000,65801.1,65805.7,65723.2,65803.2
1715875500000,65803.2,65803.2,65740,65764.7
1715875800000,65769.5,65778.7,65672.4,65711.8
1715876100000,65711.7,65716.6,65499.6,65552.2
1715876400000,65551.3,65600.2,65412.5,65571.1
1715876700000,65572.2,65607,65404.2,65436.5
1715877000000,65436.5,65436.5,65219.2,65288.7
1715877300000,65288.7,65309.2,65159.6,65261.1
1715877600000,65261.1,65426.6,65259.3,65375.7
1715877900000,65375.7,65376,65111.6,65148.1
1715878200000,65155.2,65299.1,65104.2,65114.9
1715878500000,65112.3,65133.8,65071.1,65117.8
1715878800000,65117.2,65251.6,65072.6,65226.1
1715879100000,65223.1,65353.5,65157.2,65345.2
1715879400000,65347.8,65349.8,65255,65259.4
1715879700000,65260.8,65264.9,65090.7,65114.5
1715880000000,65114.8,65158,64910.3,64915.3
1715880300000,64902.8,64923.1,64694.6,64711
1715880600000,64711,64884.1,64699.7,64773.2
1715880900000,64774.9,64786.7,64573,64621.2
1715881200000,64631.9,64770.2,64608.7,64697.3
1715881500000,64695.4,64729.2,64621.2,64697.5
1715881800000,64698.7,64933.8,64697.5,64933.5
1715882100000,64932.5,65027.4,64923.5,64976.3
1715882400000,64976.3,65147,64954.8,65015.4
1715882700000,65009.4,65018,64849.8,64965.4
1715883000000,64965.1,65094.6,64964.9,65011.3
1715883300000,65011.5,65020.1,64948.1,64948.7
1715883600000,64949.7,64950.7,64821.4,64901.2
1715883900000,64902.2,64902.2,64842.5,64848.1
1715884200000,64848.2,64935.1,64803.7,64931.8
1715884500000,64931.8,64932.1,64881.7,64926.8
1715884800000,64926.1,65071.2,64926.1,65071.2
1715885100000,65069.5,65169.8,64978,65034.1
1715885400000,65034.1,65129.8,65034.1,65127.4
1715885700000,65127.4,65140.2,65077.6,65091
1715886000000,65091,65153.9,65070.8,65142.6
1715886300000,65142.6,65316.8,65142.6,65287.3
1715886600000,65287.3,65308.7,65261.2,65286.5
1715886900000,65286.5,65319.4,65224.6,65315.4
1715887200000,65319.4,65387.2,65300,65381.3
1715887500000,65387.2,65523.6,65376.8,65506.1
1715887800000,65506.1,65549.1,65333.8,65356.7
1715888100000,65345.6,65367.4,65226.6,65232.8
1715888400000,65210.1,65232.7,65158.7,65195.7
1715888700000,65192.2,65236.2,65158.4,65228.4
1715889000000,65235.7,65321.2,65215.4,65242.5
1715889300000,65242.5,65242.5,65120.8,65154.9
1715889600000,65154.4,65271.1,65138.8,65240.7
1715889900000,65240.7,65240.7,65076.5,65079.9
1715890200000,65079.9,65096.6,65064.9,65091.8
1715890500000,65091.8,65112.2,65039.1,65109.7
1715890800000,65112.2,65123.7,65098,65104.6
1715891100000,65104.6,65124.7,65101.3,65113.9
1715891400000,65113.9,65115.8,65064.9,65081.6
1715891700000,65081.6,65215.2,65079.9,65212.7
1715892000000,65212.7,65232.5,65212.7,65228.6
1715892300000,65228.6,65243.7,65200.4,65207.9
1715892600000,65207.9,65211,65167.8,65200
1715892900000,65200,65241.3,65189.4,65241.3
1715893200000,65246.9,65292.7,65222.7,65292.4
1715893500000,65292.4,65379.1,65292.4,65367.5
1715893800000,65367.1,65378.3,65336.3,65337.5
1715894100000,65337.5,65404.8,65337.4,65383.2
1715894400000,65383.2,65383.6,65267.4,65269.2
1715894700000,65269.2,65321,65253.9,65259.8
1715895000000,65266.9,65324.3,65234.6,65322.7
1715895300000,65322.7,65465.1,65301.7,65465.1
1715895600000,65465.4,65465.6,65387.7,65442.9
1715895900000,65443.2,65456.8,65400.2,65402.5
1715896200000,65400.6,65460.9,65389.8,65452.5
1715896500000,65452.6,65453.5,65409.7,65425.7
1715896800000,65427.9,65452.7,65309.7,65317.2
1715897100000,65315.7,65318.5,65199.4,65224.6
1715897400000,65234.7,65237.8,65110.4,65117.1
1715897700000,65116.7,65214.9,65106.3,65198.4
1715898000000,65179.6,65221.4,65168.5,65181.6
1715898300000,65178.3,65219.8,65165.2,65210.2
1715898600000,65209.7,65236.2,65160,65214.5
1715898900000,65228.3,65302,65217.4,65300.6
1715899200000,65302,65386.9,65295.4,65386.5
1715899500000,65386.5,65394.7,65360,65379.7
1715899800000,65381.4,65430.7,65368.6,65374.2
1715900100000,65374,65388.3,65343.2,65382.6
1715900400000,65382.6,65388.7,65323.7,65327.5
1715900700000,65327.5,65329.3,65263.6,65263.6
1715901000000,65252.2,65274.1,65252.2,65274.1
1715901300000,65274.1,65279.2,65224,65236.8
1715901600000,65236.8,65272.7,65234.1,65266
1715901900000,65266,65267.7,65196.3,65241.2
1715902200000,65238.4,65252.7,65210.8,65212.3
1715902500000,65211.7,65249.2,65197.8,65247.3
1715902800000,65247.3,65272,65211.7,65258.6
1715903100000,65263.1,65287.2,65229.5,65229.5
1715903400000,65232,65249.7,65206.3,65210.1
1715903700000,65210.4,65222.7,65158.4,65196.3
1715904000000,65196.3,65260,65196.3,65258.1
1715904300000,65260,65313.3,65246,65301.4
1715904600000,65301.9,65329.5,65280.4,65311.3
1715904900000,65311.3,65395.2,65311.3,65394.6
1715905200000,65393,65406.6,65328.4,65358.6
1715905500000,65357.1,65396.1,65357.1,65386.9
1715905800000,65386.9,65388.5,65301.2,65324.7
1715906100000,65324.7,65328.2,65274,65293
1715906400000,65293.9,65305.2,65246.8,65265.9
1715906700000,65263.8,65299.4,65252.7,65271.7
1715907000000,65271.7,65283.7,65265,65268.5
1715907300000,65266.8,65463.5,65254,65463.5
1715907600000,65455.6,65465.4,65338.5,65343.4
1715907900000,65343.3,65455.2,65343.3,65438
1715908200000,65438,65438,65253.9,65257.4
1715908500000,65257.4,65257.4,65199,65199
1715908800000,65180.7,65181.5,65131.7,65146
1715909100000,65142.3,65177.4,65082.2,65177.4
1715909400000,65180.3,65264.1,65179.9,65241.2
1715909700000,65240.9,65361,65240.9,65361
1715910000000,65360.4,65368.3,65348.8,65356.1
1715910300000,65356.1,65370.7,65337.7,65367
1715910600000,65367.2,65367.7,65294.3,65304.7
1715910900000,65311.2,65313.6,65290.6,65310.4
1715911200000,65310.4,65343.2,65281.5,65328
1715911500000,65329.2,65329.3,65172.5,65187.9
1715911800000,65187.9,65188.2,65149,65161.2
1715912100000,65161.1,65230,65158,65192.6
1715912400000,65192.6,65192.6,65184.4,65190.5
1715912700000,65190.2,65218.5,65178.7,65216.1
1715913000000,65216.1,65216.1,65201.1,65208.1
1715913300000,65207.1,65275.9,65196.8,65275.9
1715913600000,65276.2,65415.9,65274.8,65415.7
1715913900000,65415.6,65415.6,65356.1,65361.1
1715914200000,65361.1,65375.2,65320.7,65320.8
1715914500000,65320.7,65352.4,65320.7,65346.6
1715914800000,65344.6,65362.7,65336.7,65337.5
1715915100000,65340.7,65411.2,65337.8,65400
1715915400000,65400,65400,65319.6,65357.1
1715915700000,65357.1,65395.2,65357.1,65367.9
1715916000000,65367.9,65407,65354.5,65395.4
1715916300000,65396.4,65606.9,65395.4,65594.6
1715916600000,65594.6,65602.7,65489.2,65550.4
1715916900000,65550.4,65602.7,65514.2,65602.7
1715917200000,65601.5,65850.7,65601.2,65803.9
1715917500000,65801.4,65810.1,65603,65603
1715917800000,65603,65641.2,65603,65625.5
1715918100000,65625.5,65625.5,65568.1,65570
1715918400000,65570,65570.3,65547.1,65565.4
1715918700000,65566.5,65570,65545.6,65562
1715919000000,65561.3,65597.9,65551.9,65560.5
1715919300000,65560.5,65570,65509.2,65531.4
1715919600000,65531.5,65572,65531.5,65543.7
1715919900000,65543.7,65557.3,65486.7,65498.7
1715920200000,65489.8,65514.4,65417.1,65419.7
1715920500000,65419.7,65458.5,65411.8,65442
1715920800000,65442,65513.9,65430.1,65485.2
1715921100000,65485.2,65485.2,65374.7,65397.6
1715921400000,65409,65409,65363.2,65378.9
1715921700000,65376.7,65429.2,65373.5,65429.2
1715922000000,65429.2,65494.6,65423.7,65477.8
1715922300000,65477.8,65501.3,65451.1,65488.9
1715922600000,65488.9,65511.4,65472.2,65499.3
1715922900000,65506.4,65506.4,65485.6,65490.2
1715923200000,65490.2,65506.3,65456.7,65505.3
1715923500000,65505.8,65506.3,65449.2,65455.8
1715923800000,65457.8,65481.2,65444.3,65478.6
1715924100000,65477,65541.2,65472.6,65527.4
1715924400000,65528,65602.6,65526.9,65597.1
1715924700000,65599.3,65606.8,65548.9,65571.3
1715925000000,65544.8,65589.2,65539.9,65567.3
1715925300000,65567.3,65672.4,65555,65670.6
1715925600000,65671.5,65687.2,65607.3,65616.7
1715925900000,65616.7,65621.3,65572.2,65609.4
1715926200000,65609.4,65618.7,65583.2,65618.7
1715926500000,65618.7,65627.4,65564.8,65599.9
1715926800000,65609.4,65670.8,65586.3,65660.4
1715927100000,65662.3,65669.2,65620.5,65668.6
1715927400000,65668.6,65721.2,65645.5,65713.1
1715927700000,65713,65815.1,65711.2,65810.1
1715928000000,65810.1,65822.7,65767.2,65811.3
1715928300000,65811.3,65949.2,65806.6,65934.3
1715928600000,65934.3,66126.8,65934.3,66083.8
1715928900000,66083.8,66089.9,65941.6,65944.8
1715929200000,65966.5,66121.4,65946.7,66090.8
1715929500000,66090.1,66119.5,66035.1,66080.6
1715929800000,66080.6,66312.6,66069.8,66281.1
1715930100000,66281.7,66455.7,66263.1,66317.9
1715930400000,66331.1,66458.1,66315.2,66330.5
1715930700000,66332.9,66343.5,66255.3,66297.7
1715931000000,66296.7,66296.7,66158.9,66178.3
1715931300000,66178.3,66204.7,66100.5,66114.6
1715931600000,66114.6,66183.2,66090.6,66178.3
1715931900000,66177.5,66230.6,66105.8,66120.3
1715932200000,66120.3,66198.2,66055.6,66169.4
1715932500000,66164.3,66391.7,66164.3,66355.7
1715932800000,66355.7,66408.1,66212.4,66221.5
1715933100000,66219.1,66219.1,66153.5,66202.8
1715933400000,66202.8,66338.8,66197,66304.9
1715933700000,66304.9,66342.6,66206.8,66221
1715934000000,66224.5,66271.1,66170.7,66226.1
1715934300000,66225.9,66227.6,66172.6,66172.8
1715934600000,66173.2,66211.2,66098.7,66115
1715934900000,66114.5,66119.2,66056.1,66083.3
1715935200000,66083.3,66140.7,66083.3,66087.8
1715935500000,66087.3,66151.2,66084.3,66134.8
1715935800000,66134,66156.2,66119,66127.3
1715936100000,66127.3,66129.7,66063.7,66114.6
1715936400000,66114.6,66120.2,66074.4,66114
1715936700000,66114,66142.4,66059.8,66134.6
1715937000000,66134.6,66225.9,66134.6,66216.5
1715937300000,66216.5,66251.1,66214.7,66226.4
1715937600000,66226.4,66240.7,66115.1,66123.3
1715937900000,66123.3,66232.5,66122.5,66170.1
1715938200000,66170.1,66303.7,66161.5,66267.5
1715938500000,66267.5,66281.3,66237.4,66237.4
1715938800000,66239.6,66255.7,66212.9,66224
1715939100000,66224,66291.1,66222.4,66287.9
1715939400000,66289.5,66327.7,66261.9,66268
1715939700000,66268,66351.2,66266.2,66310.5
1715940000000,66310.5,66319.4,66277.9,66281.1
1715940300000,66281,66281.1,66226.8,66235.8
1715940600000,66235.8,66236.2,66178.8,66228.9
1715940900000,66228.9,66278,66228.1,66235.9
1715941200000,66235.9,66312.6,66220.2,66296.6
1715941500000,66296.6,66382.3,66274.5,66379
1715941800000,66379,66411.2,66314.9,66318.2
1715942100000,66318.7,66348.6,66312,66318.9
1715942400000,66316.2,66356.7,66305.6,66343.3
1715942700000,66343.2,66412.1,66337.2,66401.6
1715943000000,66404.9,66408.1,66387.3,66397.9
1715943300000,66397.9,66486.9,66395.6,66466.9
1715943600000,66466.9,66531.1,66325.6,66333
1715943900000,66334.7,66359.2,66201.2,66207.4
1715944200000,66208.9,66242.7,66192.3,66201.3
1715944500000,66201.3,66231.4,66177.4,66212.9
1715944800000,66212.9,66277.1,66212.9,66275.6
1715945100000,66275.9,66299.2,66226.8,66250.8
1715945400000,66249.6,66249.6,66213,66221.3
1715945700000,66220.8,66296.7,66220.6,66286.2
1715946000000,66286.2,66316.6,66256.8,66269.7
1715946300000,66269.8,66315.3,66254,66302.4
1715946600000,66302.4,66312.8,66253.7,66278.2
1715946900000,66278.2,66291.3,66187.2,66202.9
1715947200000,66202.9,66228.2,66183.7,66219.4
1715947500000,66218.7,66224.9,66194.7,66202.3
1715947800000,66202.3,66211.7,66189.4,66190.3
1715948100000,66190.3,66255,66113.4,66250.6
1715948400000,66249.2,66275.3,66214.5,66274.7
1715948700000,66275.3,66357.3,66254.8,66254.8
1715949000000,66254.8,66358.2,66253,66344.2
1715949300000,66344.2,66350.8,66287.1,66289.1
1715949600000,66289.1,66289.1,66214.6,66237.8
1715949900000,66237.3,66441.6,66237.3,66435.9
1715950200000,66435.2,66511.8,66389.7,66504.7
1715950500000,66504.7,66511.7,66365.1,66373
1715950800000,66373,66423.2,66190.9,66201.7
1715951100000,66190.9,66219.3,66153.9,66171.2
1715951400000,66154.7,66239.1,66150.2,66208.2
1715951700000,66207.4,66251.1,66178.5,66208.6
1715952000000,66208.6,66287.8,66206.6,66227.9
1715952300000,66230.4,66287.2,66208.8,66286.2
1715952600000,66286.2,66348.4,66082.7,66109.8
1715952900000,66108.3,66113.2,65986.8,66050.7
1715953200000,66050.7,66050.7,65804.7,65885.4
1715953500000,65885.3,66011.1,65865.4,65997.4
1715953800000,65997.7,66031.1,65972.6,65980.4
1715954100000,65980.4,65991.1,65884.4,65924
1715954400000,65932.6,66078.4,65897.8,66078.4
1715954700000,66076.4,66115.1,66066.5,66102.9
1715955000000,66102.9,66135.7,66066.6,66117.4
1715955300000,66117.4,66230.7,66106.9,66142.2
1715955600000,66142.2,66238.2,66089.9,66223.7
1715955900000,66224.2,66410.3,66213.8,66325.6
1715956200000,66325.6,66461.6,66325.6,66415.3
1715956500000,66415.8,66415.8,66282.7,66297.7
1715956800000,66300,66395.4,66300,66370.7
1715957100000,66370.7,66415.2,66317,66391.4
1715957400000,66391.4,66431.8,66348.1,66404.1
1715957700000,66404.1,66827.7,66400.7,66795.6
1715958000000,66798.9,66826.7,66573.7,66591.8
1715958300000,66587,66756.2,66580.2,66724.1
1715958600000,66723.1,66927.7,66706.3,66880.4
1715958900000,66881.3,67048.7,66859.4,67004.4
1715959200000,67004.4,67197.7,66977.5,67023.5
1715959500000,67023.5,67379.5,67007,67376.1
1715959800000,67367.7,67436.2,67311.2,67391.2
1715960100000,67389,67404.9,67195.3,67225.1
1715960400000,67225.1,67247.7,67176.7,67232.2
1715960700000,67215.4,67242.7,67029.2,67041.2
1715961000000,67041.2,67163.4,67038.7,67062.4
1715961300000,67062.4,67194.6,67047.7,67185.1
1715961600000,67191.7,67257.7,67108.9,67154
1715961900000,67153.8,67232.9,67085.5,67183.9
1715962200000,67183.9,67218.7,67102,67137.1
1715962500000,67134.9,67187.2,67034.2,67144.8
1715962800000,67144.8,67193.7,67073.4,67172
1715963100000,67172,67216.2,67159.2,67192.2
1715963400000,67192.2,67219.7,67128.2,67161.3
1715963700000,67161.3,67235.3,67133.2,67228.5
1715964000000,67228.5,67271,67076.2,67079.3
1715964300000,67079.3,67115.9,66993,67103.2
1715964600000,67103.2,67151.7,67008.7,67030.2
1715964900000,67030.2,67031.4,66928.7,66929.1
1715965200000,66929.1,66929.1,66797.7,66879.9
1715965500000,66879.9,66977.2,66874.5,66941.2
1715965800000,66941.2,66948.7,66740.8,66800.1
1715966100000,66800.1,66904.1,66797.2,66854.9
1715966400000,66851.4,66921.2,66851.4,66914.4
1715966700000,66914.4,66996.7,66870.2,66936.2
1715967000000,66891,66936.2,66827.4,66869.9
1715967300000,66870.1,66879.5,66832.2,66861.2
1715967600000,66861.2,66861.2,66767.8,66780.5
1715967900000,66780.5,66805.7,66739.5,66743.1
1715968200000,66741.2,66769.7,66660.6,66704.2
1715968500000,66704.1,66757.1,66662.2,66720.5
1715968800000,66726.2,66752.6,66416,66461.1
1715969100000,66455.2,66479.7,66207.1,66292.7
1715969400000,66292.7,66431.6,66292.7,66421.1
1715969700000,66421.1,66506.7,66381.6,66489.7
1715970000000,66489.7,66567.8,66396.4,66457.7
1715970300000,66457.7,66519.3,66452.4,66492
1715970600000,66492,66499.7,66381.6,66480.7
1715970900000,66480.7,66482.1,66417,66436.2
1715971200000,66436.2,66525.4,66422.7,66522
1715971500000,66522,66606.9,66517.8,66596
1715971800000,66609,66692.1,66597.1,66678.6
1715972100000,66678.6,66844.7,66670.9,66805.1
1715972400000,66803.6,66805.3,66702.3,66717.5
1715972700000,66717.5,66730.8,66650.6,66654.1
1715973000000,66653.1,66714.5,66637.5,66703.8
1715973300000,66710.1,66736.2,66677.7,66693.2
1715973600000,66693.5,66726.1,66674.7,66714.7
1715973900000,66714.7,66893.1,66714.7,66867.3
1715974200000,66867.3,66899.1,66834,66886.6
1715974500000,66886.6,66995.3,66885.7,66995.2
1715974800000,66995.2,67019.2,66930.1,66989.7
1715975100000,66990.5,67023.2,66961.1,66988.3
1715975400000,66988.3,66991.4,66888,66933.9
1715975700000,66933.9,67045.2,66839.4,67029.5
1715976000000,67029.5,67033.3,66898.9,66952.7
1715976300000,66952.5,66952.9,66821.4,66842.8
1715976600000,66839.9,66860.8,66821.8,66855.3
1715976900000,66855.1,66926.6,66855.1,66910.8
1715977200000,66913.1,66915,66873.5,66889.1
1715977500000,66889.3,66903.6,66867.3,66886.3
1715977800000,66887.2,66890.4,66803.4,66843.6
1715978100000,66844.4,66852.2,66820.4,66850.8
1715978400000,66851,66852.7,66774.3,66775
1715978700000,66774.9,66834.1,66741.2,66833.6
1715979000000,66835.4,66900.9,66834.2,66898.3
1715979300000,66900.2,66941,66900.1,66907.2
1715979600000,66858,66883,66807.9,66810.5
1715979900000,66814.9,66818.1,66775.9,66807.9
1715980200000,66807.9,66836.5,66766.8,66821.4
1715980500000,66828.9,66840.9,66800.5,66823.7
1715980800000,66828,66828,66784.8,66784.9
1715981100000,66784.9,66831.6,66767.8,66828.8
1715981400000,66825.1,66833.8,66813.3,66821.8
1715981700000,66818.6,66818.6,66777.6,66777.6
1715982000000,66771.4,66803.9,66758.2,66770.7
1715982300000,66770.7,66774.3,66701.7,66727.1
1715982600000,66727.1,66760,66727.1,66755.5
1715982900000,66759.2,66816.8,66755.5,66786.7
1715983200000,66777.1,66777.1,66707.3,66747.4
1715983500000,66747.1,66763.8,66714.9,66744.1
1715983800000,66756.8,66774.5,66733.5,66742
1715984100000,66740.5,66740.5,66675.6,66708.6
1715984400000,66708.1,66708.1,66639.5,66670.3
1715984700000,66669.5,66686.1,66651.4,66680.5
1715985000000,66683.1,66715.9,66670.5,66681.4
1715985300000,66682.5,66710,66681.4,66706.7
1715985600000,66704.8,66710.2,66679.2,66710.2
1715985900000,66715.9,66761.7,66706.2,66756.5
1715986200000,66752.7,66756.2,66717.8,66717.8
1715986500000,66718,66744.4,66705.7,66734.5
1715986800000,66736.5,66737.8,66701.1,66702.3
1715987100000,66704.5,66704.7,66662.8,66683.4
1715987400000,66679.5,66733.2,66657.2,66731.7
1715987700000,66731.5,66802.7,66731.5,66796
1715988000000,66801,66830,66777.4,66777.4
1715988300000,66784.3,66905.1,66780,66883.5
1715988600000,66880.9,66897.7,66820.5,66886.3
1715988900000,66892.8,66950.1,66892.8,66927.2
1715989200000,66930.9,66973.5,66894.8,66894.8
1715989500000,66894.8,66936.4,66873.9,66873.9
1715989800000,66881.6,66983.7,66873.9,66966.7
1715990100000,66960.9,67031.2,66937.5,66981.2
1715990400000,66981.2,67045.6,66863.6,66896.6
1715990700000,66896.3,66972.5,66850.1,66948.6
1715991000000,66948.7,66955,66921.3,66921.3
1715991300000,66919.9,66919.9,66880.1,66880.1
1715991600000,66881.3,66900.9,66864.8,66864.8
1715991900000,66861.3,66861.3,66754.6,66761
1715992200000,66761,66771.1,66700.7,66753.8
1715992500000,66753.8,66849.7,66729.9,66765.6
1715992800000,66775.3,66796.4,66703.5,66792.8
1715993100000,66792.8,66837.3,66777.1,66835.2
1715993400000,66836.8,66896,66829.2,66872.4
1715993700000,66864.7,66882,66841.8,66857.5
1715994000000,66869.2,66870.9,66807,66832.6
1715994300000,66832.6,66832.6,66784.9,66802
1715994600000,66809,66848.7,66806.8,66840.3
1715994900000,66836.2,66836.2,66767.1,66767.1
1715995200000,66767.1,66794.7,66724.9,66778.2
1715995500000,66780.6,66812.7,66779.1,66809.6
1715995800000,66809.6,66820.8,66767,66820.8
1715996100000,66824.5,66978.5,66814.2,66941.8
1715996400000,66944.8,66944.8,66873.6,66888
1715996700000,66888,66900.2,66843.5,66895.9
1715997000000,66893.2,66931,66889,66892.3
1715997300000,66892.3,66944.6,66882,66943.4
1715997600000,66943.4,67031.8,66912.1,66974.2
1715997900000,66973.6,66980,66898.5,66911.8
1715998200000,66910.5,66948.1,66865.3,66925.2
1715998500000,66928.9,67012.8,66921.3,66969.1
1715998800000,66974,66992.1,66914.9,66914.9
1715999100000,66922,66928.3,66885.9,66919.1
1715999400000,66922.4,66940.3,66833.9,66841.3
1715999700000,66839.5,66869.6,66787.9,66789.7
1716000000000,66792.3,66858.6,66764.9,66841.8
1716000300000,66841.1,66851,66801.7,66843.1
1716000600000,66843.1,66888.8,66837.3,66856.4
1716000900000,66859.9,66878.1,66856.9,66869
1716001200000,66868.8,66927.2,66861.8,66905.8
1716001500000,66905.2,66921.1,66887.3,66904
1716001800000,66910.2,66977.9,66851.8,66886.7
1716002100000,66883.4,66913.3,66862.4,66879.5
1716002400000,66879.5,66890.9,66826.5,66890.9
1716002700000,66889.2,66897.7,66848.7,66848.7
1716003000000,66847.3,66895.6,66813.8,66878.1
1716003300000,66876.1,66894.3,66863.6,66890.4
1716003600000,66888.4,66899.7,66871.1,66891.8
1716003900000,66891.8,66900.4,66878.4,66883
1716004200000,66883.7,66945.6,66883.7,66945.6
1716004500000,66937.6,66937.6,66891,66911.5
1716004800000,66905.1,66961.3,66903.2,66936.8
1716005100000,66934.9,66934.9,66840.2,66845
1716005400000,66847,66874.8,66835.4,66836.4
1716005700000,66834.9,66873.5,66812.5,66869.5
1716006000000,66869.1,66888.2,66860.1,66863
1716006300000,66864.6,66897.9,66864.6,66891.3
1716006600000,66888.4,66918.5,66874.9,66879.2
1716006900000,66879.2,66904.5,66862.7,66875.8
1716007200000,66875.8,66911.1,66812.5,66812.5
1716007500000,66813.8,66839.2,66751.8,66836.4
1716007800000,66839.7,66857.6,66825.5,66857.6
1716008100000,66859.9,66868.4,66837.5,66846.1
1716008400000,66839.1,66839.1,66785.1,66830.4
1716008700000,66830.4,66839.3,66769.7,66811.3
1716009000000,66811.3,66811.3,66796.1,66802.5
1716009300000,66799.4,66846.1,66792.2,66832.5
1716009600000,66831.6,66843.7,66815.5,66821.5
1716009900000,66822.4,66853.6,66818.4,66831.4
1716010200000,66831.4,66849.5,66816.2,66847.2
1716010500000,66847.2,66847.2,66814.9,66819.3
1716010800000,66819.3,66819.8,66791.2,66816.5
1716011100000,66816.5,66816.5,66787.4,66796.2
1716011400000,66796.2,66812.5,66768.2,66812.5
1716011700000,66815.4,66825.4,66793.8,66816.3
1716012000000,66823.4,66850.8,66789.6,66791.3
1716012300000,66798,66834.8,66798,66813.3
1716012600000,66808.1,66808.1,66762.2,66770.3
1716012900000,66770.3,66781.7,66764.2,66771.8
1716013200000,66773.4,66806.7,66723.7,66723.7
1716013500000,66729.2,66762.4,66688.7,66718.7
1716013800000,66705.7,66745.9,66694.2,66700.5
1716014100000,66695.3,66748.4,66695.3,66746.2
1716014400000,66746.3,66784.9,66735.7,66760.6
1716014700000,66753.4,66802.3,66738.9,66749.8
1716015000000,66749.8,66839.4,66726.4,66839.4
1716015300000,66848.7,66914.9,66848.7,66877.6
1716015600000,66877.6,66893.9,66812.8,66825.9
1716015900000,66819.8,66862.6,66795.8,66843.7
1716016200000,66847.8,66868.8,66847.8,66858.7
1716016500000,66858.7,66950.4,66850.8,66929.8
1716016800000,66924.2,67187.9,66895.4,67181.3
1716017100000,67184.8,67185.9,67061.6,67135.6
1716017400000,67131.3,67136.7,67035.6,67038.8
1716017700000,67044.7,67057.4,66978.3,67013.2
1716018000000,67013.7,67102.5,66968.1,66973.1
1716018300000,66979.7,66994.7,66883.9,66892
1716018600000,66895.6,66902.9,66875.9,66886.1
1716018900000,66883.8,66883.8,66782.9,66857
1716019200000,66854.4,66865.6,66805.7,66854.6
1716019500000,66855,66968.9,66855,66939
1716019800000,66934.9,66999.8,66934.9,66968.5
1716020100000,66975.2,67043.3,66968.5,67041.4
1716020400000,67043.3,67049.1,66950.4,67009.1
1716020700000,67007.2,67007.2,66958.9,66961.9
1716021000000,66965.2,66978.7,66884.8,66928.2
1716021300000,66930.1,66933.3,66893.1,66918.8
1716021600000,66915.1,66940.6,66897.3,66924.8
1716021900000,66924.8,66953.8,66912.9,66918.2
1716022200000,66918.2,66955.1,66900.9,66955
1716022500000,66958.1,66996.7,66942.6,66983.4
1716022800000,66979.2,67031.8,66971.7,67031.8
1716023100000,67034.5,67077.2,67000.8,67001.8
1716023400000,67001.8,67001.8,66952.4,66976.3
1716023700000,66980.9,67024.5,66980.9,67023.8
1716024000000,67024.5,67043.8,67011.7,67038.8
1716024300000,67047.3,67081,66971.8,66982.7
1716024600000,66993,67044.1,66974.1,67036
1716024900000,67039.8,67075.2,67034.9,67075.2
1716025200000,67077.1,67100.8,67029.7,67029.7
1716025500000,67033.3,67053.2,66985.7,67048.6
1716025800000,67048,67106.5,67047.4,67084.6
1716026100000,67078.3,67099.1,67058,67087.2
1716026400000,67090.1,67101.2,67017.6,67101.2
1716026700000,67105.4,67128.2,67057.5,67123.1
1716027000000,67121.9,67164.2,67114.7,67153.9
1716027300000,67150.6,67169.9,67096.9,67169.9
1716027600000,67167.1,67255.7,67153.4,67226.7
1716027900000,67226.7,67249.5,67177,67249.5
1716028200000,67235.7,67235.7,67110.8,67154.6
1716028500000,67154.6,67154.6,67060.9,67114.8
1716028800000,67114.8,67114.8,67041.5,67075.2
1716029100000,67069,67069,67004.5,67004.5
1716029400000,67009.9,67134.9,66998.7,67091.4
1716029700000,67088.7,67255.7,67080.6,67175.4
1716030000000,67178.3,67332.9,67144.3,67290.3
1716030300000,67285.9,67342.7,67229.6,67342.6
1716030600000,67336.5,67336.5,67243.6,67258.5
1716030900000,67264.4,67265.8,67204.9,67246.2
1716031200000,67243.1,67245,67191,67243.5
1716031500000,67244.1,67277.2,67223.6,67223.6
1716031800000,67221.2,67222.4,67144.3,67151
1716032100000,67153.1,67153.1,67071.7,67128.5
1716032400000,67126.5,67188.6,67123.7,67181.7
1716032700000,67187.6,67203.4,67141.7,67147.9
1716033000000,67151.5,67161.5,67086.4,67136.4
1716033300000,67137.2,67174.1,67114.1,67151.4
1716033600000,67153.8,67168.5,67089.8,67111.3
1716033900000,67107.4,67107.4,67060.8,67067.7
1716034200000,67076.5,67098,67061.4,67064
1716034500000,67063.7,67098.3,67009.1,67056.2
1716034800000,67056.8,67076.5,67020.9,67076.5
1716035100000,67077.8,67130.5,67077.8,67129
1716035400000,67130.5,67207.9,67130.5,67190.9
1716035700000,67195.6,67195.6,67034.9,67040.8
1716036000000,67042,67067.3,67024.9,67048.4
1716036300000,67048.4,67051.4,67009.2,67032.6
1716036600000,67027.8,67095.1,67011.1,67028.2
1716036900000,67023.6,67023.6,66865.3,66918.1
1716037200000,66920.6,66956.3,66816.1,66930.2
1716037500000,66928.9,66967,66904.3,66964.6
1716037800000,66961.6,66965.8,66901.2,66911.4
1716038100000,66911.4,66989.4,66895.9,66985.8
1716038400000,66985.8,67044.4,66958.3,67030.1
1716038700000,67026,67039.4,67002.6,67028.2
1716039000000,67028.2,67028.2,66956.2,66966.6
1716039300000,66966.6,67025.1,66868,66875.9
1716039600000,66875.9,66988.8,66851.2,66980
1716039900000,66974.2,66974.2,66899.4,66916
1716040200000,66913.2,66913.2,66764,66786.8
1716040500000,66793.7,66892.6,66793.7,66825
1716040800000,66825,66825,66747.4,66814.6
1716041100000,66816.7,66870.2,66816.7,66850
1716041400000,66846.9,66891.9,66832.5,66832.5
1716041700000,66834.7,66887.8,66808.6,66848.6
1716042000000,66851.2,66985.1,66844.7,66965.6
1716042300000,66965.6,67017,66951.8,67003.6
1716042600000,67000.9,67004.9,66998.1,66998.1
1716042900000,66998.1,66998.1,66998.1,66998.1
1716043200000,66998.1,66998.1,66585.1,66663.4
1716043500000,66658.4,66732.2,66578.7,66720.7
1716043800000,66720.7,66769,66669.4,66758
1716044100000,66750.1,66781.9,66721.5,66755.6
1716044400000,66761.2,66859.4,66761.2,66839.2
1716044700000,66837,66846.1,66667.1,66671.4
1716045000000,66674.4,66709.3,66558.9,66686.5
1716045300000,66690.1,66766,66690.1,66703.7
1716045600000,66704.9,66713.9,66654.9,66712.6
1716045900000,66707.4,66787.9,66707.4,66769.5
1716046200000,66770.3,66814.1,66697.8,66808.2
1716046500000,66810.2,66836.6,66763.5,66833.4
1716046800000,66833.5,66839.9,66789.1,66827.4
1716047100000,66823,66830.7,66755,66796.3
1716047400000,66799.2,66829.7,66791.3,66809.6
1716047700000,66809.6,66827.6,66766,66772
1716048000000,66775.2,66818.7,66767.6,66770.6
1716048300000,66777.4,66782.5,66672.6,66675.9
1716048600000,66675.8,66914,66672.3,66891.4
1716048900000,66905.4,66905.4,66818.9,66818.9
1716049200000,66823.5,66863.9,66803.4,66850.3
1716049500000,66851.7,66953.2,66848.5,66921.4
1716049800000,66923.7,66937.2,66829.7,66877.2
1716050100000,66877.2,66877.2,66810,66849.4
1716050400000,66849.4,66866.7,66824.8,66829.9
1716050700000,66829.9,66853.6,66773,66843.6
1716051000000,66841,66861.7,66829.3,66847.9
1716051300000,66844.4,66847.9,66797.6,66829.5
1716051600000,66835.3,66902,66835.3,66895.2
1716051900000,66898.5,66901.1,66852.9,66860.3
1716052200000,66858.7,66892,66843.4,66888.5
1716052500000,66890.5,66926.3,66881.8,66922.1
1716052800000,66923.8,66925.5,66886.1,66886.5
1716053100000,66884.9,66884.9,66822.9,66822.9
1716053400000,66820.9,66855.2,66763.5,66771.8
1716053700000,66773.2,66800.9,66757.2,66798.4
1716054000000,66798.4,66798.4,66774.3,66777.5
1716054300000,66778.5,66778.5,66703.1,66711.9
1716054600000,66711.2,66806.9,66709.5,66795.6
1716054900000,66798.9,66817.8,66775.7,66816.2
1716055200000,66816.2,66867,66784.4,66849.1
1716055500000,66849.1,66849.1,66799.4,66813.8
1716055800000,66812.9,66812.9,66733.2,66740.7
1716056100000,66743,66777.2,66743,66758.9
1716056400000,66760.5,66760.8,66727.5,66735.5
1716056700000,66738.2,66805.6,66723.4,66775.3
1716057000000,66784.6,66789.9,66754.8,66754.8
1716057300000,66753.6,66773.6,66733.5,66752.9
1716057600000,66755.5,66776.2,66746,66774.3
1716057900000,66775.9,66775.9,66739.7,66744
1716058200000,66748.4,66765.9,66744,66760.1
1716058500000,66765.4,66767.2,66741.5,66750.7
1716058800000,66751.7,66756.4,66719.7,66724.1
1716059100000,66725.5,66766.7,66724.2,66766.7
1716059400000,66767.2,66785,66755.4,66785
1716059700000,66785.8,66828.9,66785.8,66795.1
1716060000000,66795.1,66799.6,66771.1,66771.8
1716060300000,66775.6,66808.6,66775.6,66808.6
1716060600000,66808.6,66822.9,66800.6,66801.4
1716060900000,66801.8,66817.5,66801.8,66813.6
1716061200000,66814.7,66844,66804.2,66824.1
1716061500000,66826,66835.1,66809,66827.5
1716061800000,66827.5,66840.4,66815.5,66831.5
1716062100000,66836.2,66903.9,66836.2,66866.9
1716062400000,66861.7,66889.9,66835,66870
1716062700000,66880.6,66880.6,66830.8,66835.5
1716063000000,66839.5,66883.4,66839.5,66883.4
1716063300000,66884.7,66908.9,66865.6,66898.8
1716063600000,66898.8,66925.9,66885.5,66919.2
1716063900000,66923.5,66951.5,66909.5,66946.1
1716064200000,66941.7,66984.5,66913.7,66978.1
1716064500000,66967.9,66967.9,66926.3,66954.3
1716064800000,66949.2,66965,66934.9,66958.3
1716065100000,66958.5,66965.6,66940.4,66957.8
1716065400000,66963.9,66973,66920.6,66924.9
1716065700000,66930,66935.6,66920.8,66927.9
1716066000000,66927.9,66957.3,66911.5,66952.7
1716066300000,66952.9,66960,66943.1,66959.7
1716066600000,66960.1,66966.7,66949.3,66949.3
1716066900000,66960.6,66963.5,66944.1,66951.2
1716067200000,66951.6,66951.8,66813.1,66823.7
1716067500000,66821.2,66862.1,66821.2,66836.2
1716067800000,66836.1,66857.6,66808.5,66856.8
1716068100000,66860,66872.1,66853.2,66871.5
1716068400000,66871.7,66875.4,66818,66842.6
1716068700000,66842.5,66862.7,66838.9,66840.5
1716069000000,66840.8,66848.8,66839.5,66846.7
1716069300000,66846.8,66879.2,66845.4,66878.5
1716069600000,66857.9,66894.5,66857.9,66880.9
1716069900000,66877.5,66895,66826.6,66844.2
1716070200000,66843.4,66844.2,66817.9,66837.3
1716070500000,66836.9,66836.9,66807.6,66831.4
1716070800000,66831.1,66838.6,66812.8,66826.4
1716071100000,66827,66844.1,66823.4,66834.6
1716071400000,66834.4,66834.6,66793.6,66815.2
1716071700000,66816.4,66839.8,66799.9,66834.7
1716072000000,66835.6,66848.4,66832.6,66845.1
1716072300000,66845,66981.4,66843.1,66902.6
1716072600000,66902.5,66923.1,66896.8,66899.2
1716072900000,66898,66909,66888.4,66904.5
1716073200000,66904.2,66930.8,66901.5,66919.5
1716073500000,66918.9,66934.8,66905.6,66934.6
1716073800000,66934.5,66935.8,66917.4,66932.6
1716074100000,66932.8,66954.8,66932.7,66954
1716074400000,66954.8,66956.7,66937,66941.4
1716074700000,66941.8,66956.3,66936.9,66955.2
1716075000000,66955.4,66955.6,66931.3,66941.2
1716075300000,66940.9,66982.6,66908,66979.7
1716075600000,66980.6,67008.4,66978.2,66983.9
1716075900000,66984.9,66990.9,66954.7,66960.9
1716076200000,66960.6,66960.6,66886.1,66891.1
1716076500000,66890.8,66902.4,66884.2,66889.5
1716076800000,66889.3,66952.7,66889.3,66949.8
1716077100000,66949.3,66952.7,66917.9,66923.4
1716077400000,66923.7,66934.2,66912,66934.2
1716077700000,66934.3,66954.1,66911.2,66912.7
1716078000000,66912.6,66915.3,66880.7,66910
1716078300000,66881.6,66919.6,66881.6,66919
1716078600000,66918.8,66919,66879.9,66893.4
1716078900000,66893.4,66893.4,66826.2,66879.9
1716079200000,66880.2,66880.5,66839.6,66858
1716079500000,66857,66879.4,66846.2,66875.1
1716079800000,66875,66875.3,66849.9,66859.3
1716080100000,66859.8,66884.3,66841.1,66884.3
1716080400000,66883.1,66888,66871.6,66877.5
1716080700000,66877.5,66894.6,66869.6,66869.8
1716081000000,66870.1,66931.4,66858.1,66900.4
1716081300000,66903.1,66939.9,66903.1,66917
1716081600000,66916.9,66933.2,66901.1,66912.7
1716081900000,66912.6,66930.9,66907.4,66916.4
1716082200000,66914.2,66914.2,66886.3,66907.7
1716082500000,66907.7,66912.5,66887.3,66911.8
1716082800000,66912.2,66915.7,66890.9,66901.2
1716083100000,66901.4,66910.8,66874.8,66895
1716083400000,66895,66904.4,66858.3,66901.7
1716083700000,66901.9,66911.8,66881.7,66903.9
1716084000000,66905.4,66934.6,66905.3,66933.2
1716084300000,66929.1,66943.4,66920.9,66924.2
1716084600000,66924.3,66937.9,66916.4,66926.6
1716084900000,66926,66926,66911.6,66920.5
1716085200000,66920.5,66974.4,66918.6,66971.5
1716085500000,66971.1,67058.2,66961.9,67033.8
1716085800000,67033.6,67034.1,66950.7,66950.7
1716086100000,66950.1,66959.7,66934.8,66952.1
1716086400000,66952.3,66982.7,66942.3,66977.7
1716086700000,66978,67119.9,66976.5,67093.6
1716087000000,67093.5,67173.4,67093.5,67168.4
1716087300000,67164.8,67174.1,67143,67166.7
1716087600000,67166.2,67174.5,67113,67150.7
1716087900000,67150.4,67150.4,67127.1,67131.7
1716088200000,67131.4,67137.1,67067.3,67088.9
1716088500000,67089,67134.7,67089,67112.4
1716088800000,67112.5,67114.2,67077.5,67090.4
1716089100000,67089.9,67235.4,67075.9,67199.4
1716089400000,67199.3,67251.3,67196.2,67238.6
1716089700000,67238.3,67238.6,67198.6,67212.9
1716090000000,67213,67213,67138.2,67141.3
1716090300000,67141.2,67153.7,67116.7,67134
1716090600000,67133.6,67137.1,67120.6,67123
1716090900000,67122.6,67150,67111.7,67137.7
1716091200000,67137.5,67149.6,67066.4,67080.6
1716091500000,67080.5,67097.1,67051.2,67056.7
1716091800000,67056.7,67059.8,67025.5,67053.8
1716092100000,67053.8,67061.7,67006,67033.2
1716092400000,67033.2,67033.2,66964.4,66983.1
1716092700000,66983,67020.6,66965.5,67020.4
1716093000000,67021.2,67033.3,66973.2,66992
1716093300000,66991.5,67016.1,66989.6,67015.3
1716093600000,67015.1,67051.8,67009.4,67050.2
1716093900000,67051.5,67067.5,67046.3,67061.7
1716094200000,67062.3,67100.8,67057.7,67100.8
1716094500000,67100.3,67118.7,67092.5,67112.1
1716094800000,67110.5,67115.9,67075,67088.1
1716095100000,67088.2,67100.8,67054.2,67077.1
1716095400000,67076.8,67093.7,67067.1,67082.1
1716095700000,67082.4,67093.8,67061.7,67065.5
1716096000000,67065.3,67084.5,67063,67072.5
1716096300000,67072.6,67083.7,67067.5,67081.1
1716096600000,67081.4,67112.7,67081.1,67112.2
1716096900000,67112.4,67129.5,67106,67128.6
1716097200000,67128.7,67129.7,67083.8,67100.5
1716097500000,67100.4,67107,67071.4,67106.6
1716097800000,67107.3,67121.4,67094.8,67102.4
1716098100000,67099.7,67101.4,67070.8,67090.9
1716098400000,67091.2,67099.9,67067.6,67096.1
1716098700000,67098.6,67104.6,67081.9,67092
1716099000000,67091.7,67096.7,67067.1,67084.4
1716099300000,67085.2,67112.8,67080.3,67107.7
1716099600000,67107.8,67108.3,67078.4,67107.9
1716099900000,67107.9,67107.9,67070.5,67074
1716100200000,67074.4,67074.4,66955.4,66960.6
1716100500000,66959,67009.3,66959,66996.5
1716100800000,66996.3,66996.3,66920.9,66943.8
1716101100000,66943.5,66948.5,66920.5,66947.4
1716101400000,66947.2,66967.2,66932.8,66966.2
1716101700000,66966.3,66998.4,66966.3,66998.1
1716102000000,66998.4,67028.1,66996.9,67020.7
1716102300000,67020.9,67046.4,67020.7,67028.7
1716102600000,67028.6,67035.8,67010,67026.9
1716102900000,67026.2,67026.9,66949.3,66965.6
1716103200000,66965,67112.2,66963.3,67107.2
1716103500000,67104.9,67211.4,67091,67161.3
1716103800000,67161.7,67186.9,67157,67171
1716104100000,67171.1,67171.1,67068,67164
1716104400000,67164.2,67252.5,67164.2,67222.3
1716104700000,67222.1,67223.1,67178.5,67188.9
1716105000000,67187.4,67255.4,67187.4,67247.5
1716105300000,67247.5,67290.5,67213.6,67287
1716105600000,67287.2,67299.9,67207.7,67219.3
1716105900000,67209.6,67222,67195.4,67210.3
1716106200000,67212,67242.9,67194.3,67213.1
1716106500000,67209.8,67214,67198.1,67206.3
1716106800000,67207.8,67227.4,67192,67220.3
1716107100000,67220.1,67220.1,67196.4,67213.8
1716107400000,67213.9,67244.9,67205.7,67240.1
1716107700000,67239.8,67240.8,67100.2,67105.5
1716108000000,67102.9,67153.9,67082.2,67151.2
1716108300000,67150.3,67152.4,67108.9,67137.5
1716108600000,67136.8,67159.4,67132.4,67159
1716108900000,67157.5,67160.4,67125.6,67139.8
1716109200000,67139.7,67140.9,67121.1,67124.1
1716109500000,67125.1,67140.1,67114.4,67138.4
1716109800000,67139.2,67139.7,67058.7,67059
1716110100000,67058.9,67088.6,67051.5,67059.8
1716110400000,67059.7,67061.9,67012.1,67022.6
1716110700000,67022.9,67033.4,66989.1,66991.9
1716111000000,66992,67017.7,66978.9,66992.8
1716111300000,66992.9,67004.5,66976.3,66989.3
1716111600000,66987.7,67028,66985.8,67025.8
1716111900000,67026,67076.9,67025.5,67075
1716112200000,67074.6,67087.6,67057.6,67079.7
1716112500000,67078.5,67149.7,67078.5,67139.5
1716112800000,67141.1,67178.3,67140.4,67166.7
1716113100000,67142.7,67178.2,67121.8,67128.8
1716113400000,67129,67149.1,67086.6,67087.2
1716113700000,67087.1,67179.8,67086.9,67159.2
1716114000000,67159,67257,67146.4,67254.7
1716114300000,67254.1,67260,67229.3,67247
1716114600000,67246.5,67667.3,67214,67492.2
1716114900000,67491.6,67664.8,67491.6,67594.1
1716115200000,67597.8,67638.2,67499.4,67540.2
1716115500000,67542.1,67569.3,67229.7,67233.1
1716115800000,67230.6,67360.6,67228.4,67332.4
1716116100000,67335.5,67335.5,67165.7,67257.9
1716116400000,67257.8,67267.9,67058.3,67076.2
1716116700000,67079.6,67114.6,66966.4,67083.3
1716117000000,67082.8,67120.8,67000.4,67105.1
1716117300000,67108.3,67144.8,67078.5,67098.7
1716117600000,67100.2,67157.8,67036.4,67052.3
1716117900000,67048.8,67063.3,66993.7,67051.3
1716118200000,67051.8,67068.4,66982.4,67047.6
1716118500000,67048.4,67159.6,67048.2,67117.1
1716118800000,67117.5,67292.9,67112.9,67272.2
1716119100000,67276.1,67311,67253.6,67286.4
1716119400000,67286.6,67312.5,67275.5,67306.3
1716119700000,67305.4,67350.5,67292.4,67309
1716120000000,67307.9,67308.8,67210.4,67213.5
1716120300000,67213.4,67232.9,67183.5,67219.3
1716120600000,67219.1,67233,67208.6,67221.7
1716120900000,67221.4,67244.9,67039.4,67039.4
1716121200000,67039.4,67039.4,66888.6,66964.1
1716121500000,66966,66966,66856.5,66877.9
1716121800000,66877.4,66943.3,66857.3,66904.6
1716122100000,66907.5,67016.7,66907.5,66917.8
1716122400000,66917.4,66962.9,66893.3,66962.9
1716122700000,66963.1,66972.7,66875.7,66894.5
1716123000000,66894.4,66894.4,66810,66843.7
1716123300000,66840.4,66859.5,66811.4,66829.5
1716123600000,66827.4,66910.5,66812.7,66878.6
1716123900000,66878.7,66882.1,66805.6,66815.2
1716124200000,66815.3,66816.6,66762.6,66808.8
1716124500000,66809.3,66885.9,66807,66861
1716124800000,66857.7,66892.7,66839.6,66843.6
1716125100000,66843.5,66843.5,66762.1,66770.8
1716125400000,66770.8,66790.4,66689.1,66746.4
1716125700000,66746.3,66827.5,66739,66820.3
1716126000000,66825.7,66899.4,66821.1,66887.2
1716126300000,66888.6,66994,66880,66984.6
1716126600000,66984.8,67131.1,66964.4,67088.9
1716126900000,67088.8,67091.8,66960.7,67011.3
1716127200000,67008,67065.5,66955.8,67001.3
1716127500000,67002.5,67091.2,66980,67088.8
1716127800000,67088.6,67088.8,67036.7,67058.8
1716128100000,67056.6,67103.5,67049.9,67099.9
1716128400000,67100.8,67101.6,67076.5,67088.7
1716128700000,67089.4,67091.5,66947.9,66952.6
1716129000000,66952.8,67005.9,66952.8,67000.7
1716129300000,67000.9,67000.9,66945.1,66970.7
1716129600000,66969.7,66969.7,66878.6,66889.1
1716129900000,66889.5,66922.2,66888.5,66894.9
1716130200000,66894.7,66895.7,66845.9,66868.1
1716130500000,66867.9,66907.8,66845.3,66901.5
1716130800000,66901.2,66901.2,66811.3,66851.1
1716131100000,66851.5,66889.6,66825,66848.8
1716131400000,66849.1,66868.4,66746,66761.9
1716131700000,66761.6,66848.6,66746.7,66848.6
1716132000000,66848.6,66882.3,66815.2,66848.4
1716132300000,66848.2,66878.3,66846.6,66878
1716132600000,66878.3,66948.8,66855.6,66922.6
1716132900000,66922.3,66926.4,66907.9,66908.7
1716133200000,66908.9,66909.9,66796.6,66803.2
1716133500000,66805.5,66827.9,66766,66813
1716133800000,66813.1,66829.1,66802.9,66816.4
1716134100000,66816.2,66868.2,66798.3,66866.3
1716134400000,66866.4,66956.9,66848.3,66956.9
1716134700000,66957.1,66962.8,66939.5,66952.9
1716135000000,66952.8,66966.1,66841,66843.1
1716135300000,66843.3,66857,66767.5,66809.9
1716135600000,66809.7,66811.2,66721,66740.2
1716135900000,66740.3,66750.8,66718.8,66739
1716136200000,66739.9,66778.8,66662.4,66680.7
1716136500000,66680.4,66762.9,66672.9,66760.5
1716136800000,66760.7,66779.5,66746.7,66766
1716137100000,66766.4,66813.4,66749.7,66812.3
1716137400000,66812.1,66812.5,66542.5,66575
1716137700000,66573.6,66697.1,66573.6,66639.3
1716138000000,66639.8,66710.7,66634,66699.2
1716138300000,66699,66701,66556.1,66606.1
1716138600000,66605.9,66617.8,66546.4,66609.1
1716138900000,66610.8,66696.4,66595.9,66673.4
1716139200000,66673.2,66749.4,66669.2,66742.8
1716139500000,66742.7,66765.5,66737.7,66755.5
1716139800000,66755.6,66792.7,66750.6,66772.5
1716140100000,66772.2,66772.5,66656.4,66656.4
1716140400000,66661.7,66714.6,66642.1,66708.7
1716140700000,66710.5,66746.2,66701.7,66745.9
1716141000000,66745.4,66745.4,66683.2,66705.7
1716141300000,66705.5,66722.2,66691.5,66697.5
1716141600000,66695.3,66695.8,66632.1,66643.9
1716141900000,66643.1,66664,66641.8,66660.5
1716142200000,66660.2,66704.7,66650.6,66694.1
1716142500000,66693.8,66730.6,66693.8,66718.7
1716142800000,66716.7,66717.1,66649.4,66649.4
1716143100000,66658.4,66658.6,66594.3,66617.3
1716143400000,66617.4,66618,66587.4,66600.4
1716143700000,66600.6,66601.4,66560.3,66569.2
1716144000000,66569,66621.7,66553.6,66577.8
1716144300000,66578.8,66594.3,66520.4,66533.2
1716144600000,66533,66574.7,66533,66547.3
1716144900000,66547.6,66556.5,66533.1,66554.6
1716145200000,66554.3,66605.3,66327.7,66412.3
1716145500000,66409.6,66411.5,66256.3,66263.8
1716145800000,66264.3,66264.3,66045.9,66231.4
1716146100000,66231.5,66321.4,66194.1,66320.5
1716146400000,66320.6,66352.8,66245.7,66291.4
1716146700000,66291.6,66346.6,66251.6,66342.5
1716147000000,66342.7,66342.7,66255.6,66320.1
1716147300000,66320.6,66353.1,66316.4,66323.7
1716147600000,66322.8,66322.8,66103.9,66104.3
1716147900000,66105,66198.6,65969.6,65983.4
1716148200000,65983.2,66016.1,65869.5,65986.5
1716148500000,65986.3,66021.3,65944.3,66007.2
1716148800000,66007.2,66110,65979.9,66101.8
1716149100000,66101.7,66181.6,66088.6,66178.5
1716149400000,66178.6,66224.7,66170,66222
1716149700000,66221.9,66260.4,66199.7,66234.9
1716150000000,66234.7,66253.1,66203,66228
1716150300000,66227.9,66253.5,66221.6,66247.9
1716150600000,66247.1,66252.1,66215.9,66242.8
1716150900000,66243.4,66243.4,66143.2,66162.3
1716151200000,66162.4,66162.4,66119.3,66124.9
1716151500000,66125.6,66179.8,66122,66138.1
1716151800000,66135.6,66136.7,66090.9,66127.8
1716152100000,66127.5,66133.6,66081.5,66125.2
1716152400000,66092.2,66185.8,66077.7,66141.6
1716152700000,66140.9,66161.2,66097.3,66097.3
1716153000000,66095,66144.6,66036.1,66144.6
1716153300000,66140.6,66169.7,66140.6,66150.7
1716153600000,66150.7,66150.7,66125.7,66131.8
1716153900000,66134.1,66141,66044.4,66073
1716154200000,66074.4,66075.1,65939,65977.4
1716154500000,65975.7,66006.6,65934.9,66000.9
1716154800000,66004.4,66108,66004.4,66087.8
1716155100000,66092.7,66110,66068.4,66110
1716155400000,66135.7,66282.8,66135.7,66281.3
1716155700000,66279.5,66284.8,66183.2,66216.5
1716156000000,66216.5,66292.9,66211.5,66276.7
1716156300000,66268.8,66326.5,66248.8,66303.4
1716156600000,66304.9,66330.6,66283.9,66315.4
1716156900000,66314.7,66371.5,66307.4,66349.3
1716157200000,66349,66375.1,66339.5,66354.7
1716157500000,66354.1,66370.8,66340,66348
1716157800000,66347.5,66406.4,66343,66372.9
1716158100000,66372.3,66373.4,66265.6,66308.3
1716158400000,66304.2,66344.2,66278.3,66301.1
1716158700000,66306.9,66313.3,66280.2,66300.9
1716159000000,66300.9,66321.9,66285.7,66306.9
1716159300000,66306.9,66339.2,66297.9,66322.6
1716159600000,66322.6,66322.6,66285.1,66306.9
1716159900000,66306.9,66306.9,66224.6,66261.2
1716160200000,66257.4,66305.2,66252.6,66252.6
1716160500000,66260,66269,66227.8,66235.4
1716160800000,66239.8,66241.3,66203.7,66225.8
1716161100000,66225.6,66232.9,66194.7,66204.1
1716161400000,66204.3,66254.9,66189.2,66254.9
1716161700000,66253.4,66254.9,66219.6,66235.3
1716162000000,66233.2,66235.3,66209.7,66210.4
1716162300000,66227.1,66233,66183.2,66192.5
1716162600000,66193.4,66302.1,66187.6,66302.1
1716162900000,66302.1,66302.1,66228.2,66235.2
1716163200000,66235.2,66245.3,66178.6,66179.8
1716163500000,66179.8,66224.7,66171.2,66204.3
1716163800000,66208,66211.3,66161.5,66162.6
1716164100000,66163.8,66196.9,66148.5,66168.1
1716164400000,66168.1,66171.6,66123,66148.3
1716164700000,66148.3,66185.3,66133.6,66171
1716165000000,66171.1,66207.1,66165,66191.5
1716165300000,66191.2,66401.7,66191.2,66401.7
1716165600000,66397.5,66414.4,66270,66327.2
1716165900000,66327.2,66335.3,66253.2,66280.6
1716166200000,66280.6,66455.5,66268.2,66453.9
1716166500000,66453.7,66453.7,66404.4,66420.8
1716166800000,66421.2,66547.6,66381.6,66383
1716167100000,66405.9,66405.9,66347.7,66360.8
1716167400000,66357.3,66363.3,66212.8,66307.2
1716167700000,66307.2,66311.6,66211.5,66280.9
1716168000000,66280.9,66371.7,66275.6,66310.4
1716168300000,66311.3,66346.9,66249.3,66249.3
1716168600000,66249.4,66249.5,66048.5,66103.6
1716168900000,66103.6,66261.1,66082.1,66256
1716169200000,66256,66361.1,66250.5,66358
1716169500000,66360.4,66461.2,66312.1,66397.6
1716169800000,66422.1,66440.4,66365.6,66437.1
1716170100000,66437.1,66503.1,66430.2,66481.6
1716170400000,66487.7,66547.3,66465.9,66528
1716170700000,66528.7,66651.3,66489.1,66603.1
1716171000000,66603.1,66614.2,66574,66593.3
1716171300000,66589.4,66633.2,66552.7,66632.3
1716171600000,66632.3,66639.2,66566.7,66609.6
1716171900000,66610.3,66680.2,66573,66660.4
1716172200000,66657.1,66698.5,66608.7,66691.6
1716172500000,66691.5,66691.6,66618.9,66626.9
1716172800000,66628,66732.5,66625.2,66671.4
1716173100000,66671.4,66681.4,66582,66609.5
1716173400000,66609.5,66732.4,66609.1,66671.2
1716173700000,66671.2,66674.4,66620.4,66635.2
1716174000000,66633.9,66681.1,66606.8,66660
1716174300000,66661.2,66730,66629.8,66661.3
1716174600000,66661.2,66674.3,66621.5,66624.1
1716174900000,66624.4,66636,66598.9,66603.6
1716175200000,66603.6,66603.6,66557.1,66569.8
1716175500000,66569.8,66569.8,66536.7,66537.9
1716175800000,66542.9,66584.3,66542.9,66579.7
1716176100000,66579.7,66681.2,66575.2,66656.8
1716176400000,66656.8,66691.1,66633,66674.1
1716176700000,66672,66679,66635.9,66654.8
1716177000000,66654.8,66665,66642.6,66654.8
1716177300000,66654.8,66654.8,66638.3,66654.8
1716177600000,66654.8,66703.9,66587.2,66703.9
1716177900000,66701.2,66703.9,66655.2,66655.6
1716178200000,66655.6,66656,66627.8,66640.2
1716178500000,66642.8,66642.8,66601,66632.1
1716178800000,66629.5,66680.3,66628.2,66675.9
1716179100000,66675.9,66678.2,66625.2,66641.3
1716179400000,66639.8,66867.7,66628.3,66849.1
1716179700000,66849.2,67034.2,66846.9,66954.3
1716180000000,66954.3,67072.1,66942.4,67016.1
1716180300000,67016,67061.2,66967.4,67043.9
1716180600000,67042.9,67044.9,66973.3,67004.7
1716180900000,67005.3,67109.9,67002.9,67096.7
1716181200000,67093.1,67206.7,67080.3,67154.4
1716181500000,67154.4,67207.1,67102.8,67160.4
1716181800000,67160.4,67256.1,67131.3,67137.3
1716182100000,67130.8,67152.6,67085.4,67097
1716182400000,67097.3,67103.7,67019.5,67097.1
1716182700000,67097.1,67146.1,67070.1,67134.4
1716183000000,67133.4,67163.7,67061,67068.2
1716183300000,67068.2,67148.6,67068.2,67095.5
1716183600000,67095.5,67096.9,67063.1,67068.1
1716183900000,67068.1,67108.5,67061.6,67100.1
1716184200000,67100.1,67126.3,67099.9,67112.9
1716184500000,67115.3,67118.7,67076.4,67097.5
1716184800000,67095.6,67121.2,67091.6,67093.1
1716185100000,67093.1,67093.1,67054.6,67064.1
1716185400000,67064.1,67064.1,66920.2,66999.1
1716185700000,66992.7,67037.6,66992.7,67018.3
1716186000000,67021.1,67021.1,66966.1,66983
1716186300000,66983,67036.6,66981.1,67028.4
1716186600000,67028.4,67047.2,66964.7,67005.2
1716186900000,67006.2,67011.2,66934.1,66986.9
1716187200000,66988.9,66988.9,66922.4,66937.4
1716187500000,66937.4,66939.8,66860.1,66860.1
1716187800000,66860.1,66860.1,66440.7,66460.4
1716188100000,66455.6,66496.1,66276.8,66377.2
1716188400000,66377.2,66515.7,66334.4,66479.6
1716188700000,66479.6,66609.2,66449.8,66561.4
1716189000000,66561.4,66645.2,66561.1,66640.2
1716189300000,66641.2,66737.9,66623.9,66692.4
1716189600000,66691.3,66710,66598.2,66642.2
1716189900000,66635.7,66696.8,66613.6,66696.8
1716190200000,66691.8,66823.4,66675.1,66758.8
1716190500000,66758,66799.2,66730.6,66799.2
1716190800000,66795,66839.2,66784.8,66822.7
1716191100000,66827.8,66875.3,66795.1,66812.7
1716191400000,66813.2,66849.7,66785.4,66819.9
1716191700000,66822.6,66858.3,66791.9,66793.9
1716192000000,66793.9,66990.4,66791.1,66975.7
1716192300000,66975.7,67027,66926.5,66954.1
1716192600000,66954.1,66957.1,66883.6,66900.6
1716192900000,66917.8,66921.2,66839.3,66839.6
1716193200000,66841.6,66932.4,66835,66926.9
1716193500000,66926.9,66926.9,66885,66891.3
1716193800000,66891.3,66907.2,66810.4,66827.2
1716194100000,66827.3,66833.4,66786.3,66815.6
1716194400000,66820,66835,66784.2,66805.4
1716194700000,66806.4,66824.6,66739,66803.1
1716195000000,66805.8,66807.1,66715.7,66738.5
1716195300000,66738.5,66754.7,66728.1,66742.7
1716195600000,66742.7,66798.2,66717,66791.1
1716195900000,66792.4,66895.1,66779.9,66891.5
1716196200000,66891.5,66909.4,66854,66895.8
1716196500000,66895,66968.2,66877,66904.9
1716196800000,66904.9,66904.9,66852,66869.3
1716197100000,66869.4,66928.9,66869.3,66907.5
1716197400000,66907.5,66951.2,66903,66915.2
1716197700000,66914.3,66931.2,66887.5,66888.2
1716198000000,66888.2,66911.2,66870.1,66888.9
1716198300000,66889.9,66889.9,66873.9,66875.3
1716198600000,66877.8,66896.9,66853.6,66868.2
1716198900000,66871.8,66880.4,66850.6,66866.9
1716199200000,66869.3,66883.8,66852.4,66883.8
1716199500000,66882.2,67107.6,66880.6,67079.2
1716199800000,67074.8,67107.6,66932.5,67006.3
1716200100000,67009,67058.1,66984.3,66990.8
1716200400000,66990.8,67228.1,66987.7,67203.4
1716200700000,67201.9,67319.4,67057.2,67101.1
1716201000000,67101.1,67124.6,67027.2,67028
1716201300000,67029.9,67113.8,67019.2,67097.1
1716201600000,67093,67134.2,67067.9,67075.3
1716201900000,67075.3,67181.1,67065.2,67137.8
1716202200000,67137.8,67174.2,67121.2,67121.2
1716202500000,67121.2,67186.9,67098.4,67098.4
1716202800000,67098.5,67133,67038.6,67089.8
1716203100000,67093,67211.1,67086.8,67197.6
1716203400000,67197.6,67219.1,67162.7,67214.4
1716203700000,67215.5,67266.8,67209.1,67236
1716204000000,67237.3,67257.6,67216.3,67230.5
1716204300000,67230.5,67235.9,67159.4,67164.7
1716204600000,67164.7,67191.1,67109.4,67109.4
1716204900000,67141.2,67141.2,67062.8,67089.2
1716205200000,67089.2,67089.2,67056.3,67056.3
1716205500000,67056.3,67079.5,67045,67045
1716205800000,67045,67045,66884.8,66982.4
1716206100000,66981.8,66995.7,66944.5,66961.9
1716206400000,66961.9,67031.7,66955.7,67024.9
1716206700000,67025,67052.4,67006.8,67032.6
1716207000000,67032.1,67044.6,67005.6,67032.5
1716207300000,67030.6,67035.7,67007.5,67009.6
1716207600000,67012.6,67046.9,66910.3,66910.3
1716207900000,66910.3,66922.7,66883.7,66890.8
1716208200000,66890.2,66981.2,66885.6,66978.6
1716208500000,66976.5,66978.6,66884.2,66893.8
1716208800000,66893.1,66893.1,66805.1,66820.6
1716209100000,66820.9,66905.3,66760.1,66888.7
1716209400000,66890.8,66959.1,66879,66926.2
1716209700000,66922.5,66926.2,66866.9,66895.8
1716210000000,66895.2,66975.5,66868.2,66961.2
1716210300000,66961.2,67005.5,66926.4,66989
1716210600000,66991.4,67061.1,66986.6,67020.7
1716210900000,67020.7,67061.2,67015.6,67036.9
1716211200000,67036.9,67036.9,66992.6,66997.7
1716211500000,66997.6,67043,66966.1,66970.8
1716211800000,66970.8,67116.2,66947.3,67037.2
1716212100000,67037.2,67037.2,66765,66786.4
1716212400000,66768.2,66861.2,66768.2,66845
1716212700000,66845,66904.1,66811,66890.2
1716213000000,66883.5,67149.8,66883.5,67079.2
1716213300000,67079.2,67126.4,66979.1,67061.1
1716213600000,67061.1,67072.2,67010.2,67055.8
1716213900000,67057.6,67059.9,67007.6,67024.7
1716214200000,67022.8,67038.6,66811.7,66811.9
1716214500000,66814.6,66882.8,66791.7,66861.5
1716214800000,66861.5,66938.7,66859.3,66887.4
1716215100000,66887.4,66887.4,66808.8,66828.5
1716215400000,66837,66874.6,66792.3,66794.5
1716215700000,66794.5,66835.6,66751.6,66767.8
1716216000000,66767.8,66868.4,66767.8,66817.6
1716216300000,66817.6,66852.1,66780,66788.5
1716216600000,66788.5,66847.5,66776.3,66846.1
1716216900000,66851.2,66981.2,66828,66962.4
1716217200000,66967.2,66967.2,66871.7,66871.8
1716217500000,66871.8,66904.2,66863.7,66899.2
1716217800000,66899.2,67075.3,66895.2,67049.7
1716218100000,67049.8,67201.1,67047.9,67141.8
1716218400000,67141.8,67300.7,67094.2,67291
1716218700000,67291.9,67461.1,67244.7,67257.9
1716219000000,67249.4,67261.2,67169.4,67188.7
1716219300000,67208.8,67361.1,67143.3,67293.8
1716219600000,67296.7,67333.4,67228,67325.5
1716219900000,67325.1,67339.3,67272.5,67317.7
1716220200000,67317.9,67353.2,67296.4,67348
1716220500000,67348,67439.8,67331.8,67370.1
1716220800000,67369.6,67842.2,67369.6,67781.7
1716221100000,67802.1,67905.3,67641.1,67641.1
1716221400000,67641.1,67662.3,67470,67508.2
1716221700000,67507.6,67533.7,67371.4,67491.8
1716222000000,67491.8,67711.2,67490.4,67679.2
1716222300000,67679.2,67801.7,67664.1,67799.2
1716222600000,67799.2,67819.6,67639.9,67649.7
1716222900000,67641.8,68073.6,67628.7,68044.2
1716223200000,68044.2,68228.2,68019.7,68218.7
1716223500000,68231.9,68231.9,68047.6,68161.2
1716223800000,68161.2,68177.2,68093,68144.6
1716224100000,68144.6,68171.7,68059.5,68160.7
1716224400000,68160.3,68299.2,68017.8,68036.3
1716224700000,68036.2,68117.7,68029.7,68071.7
1716225000000,68076.1,68427.7,68071.4,68369.2
1716225300000,68369.2,68588.4,68368.2,68571.3
1716225600000,68571.1,68619.7,68407.8,68460.2
1716225900000,68447.6,68491,68260.2,68329.4
1716226200000,68326.5,68329.4,68231.4,68268.1
1716226500000,68267.1,68277.7,68112.6,68151.7
1716226800000,68156.2,68259.4,68096.1,68237.3
1716227100000,68239.7,68257,68173.4,68190.3
1716227400000,68188.8,68392.7,68187.2,68283.1
1716227700000,68284.9,68321.4,68210.2,68301.9
1716228000000,68321.7,68537,68302.7,68434.3
1716228300000,68433.2,68482.7,68284.4,68373.3
1716228600000,68373.7,68426.6,68355.8,68411.2
1716228900000,68413.9,68470.3,68336.8,68363.2
1716229200000,68363.2,68419.9,68309,68312
1716229500000,68309.3,68493.7,68309.3,68469.8
1716229800000,68471.7,68487.3,68344.9,68438.2
1716230100000,68447.6,68589.1,68416.7,68588.1
1716230400000,68576.1,68737.2,68559.2,68687.6
1716230700000,68683.3,68731.1,68605.7,68646.6
1716231000000,68645.1,68742.7,68585.1,68671.9
1716231300000,68671.9,68752.7,68589.8,68742.2
1716231600000,68742.2,68786.6,68622.4,68655.4
1716231900000,68655.2,68681.2,68585.4,68681
1716232200000,68681,68777.9,68681,68752.6
1716232500000,68752.6,68764.2,68654.4,68672.1
1716232800000,68675.6,69308.2,68626.3,69182.5
1716233100000,69182.5,69441.8,69064,69183.1
1716233400000,69186.4,69935.7,69147,69829.6
1716233700000,69829.6,69948.5,69696.9,69787.1
1716234000000,69800.7,69819,69395,69719.6
1716234300000,69713.1,69876.7,69635.8,69776.6
1716234600000,69740.3,69786.1,69548.8,69781.4
1716234900000,69781.4,70035.8,69772.2,69977.3
1716235200000,69970.2,70363.7,69970.2,70034.1
1716235500000,70033.9,70078.2,69712,69790
1716235800000,69790,69846,69655.8,69668.8
1716236100000,69668.5,69802.6,69565,69597.7
1716236400000,69597.7,69640.2,69508.1,69567.2
1716236700000,69564.3,69636.7,69514.2,69534.5
1716237000000,69538.2,69617.5,69320.6,69617.5
1716237300000,69610.2,69902.1,69491.5,69491.5
1716237600000,69491.5,69590.5,69404.2,69405.2
1716237900000,69405.2,69445.8,69168.7,69397.1
1716238200000,69397.1,69478.7,69307.7,69466.2
1716238500000,69466.4,69507.9,69416,69474.3
1716238800000,69473.5,69514.7,69279.7,69282
1716239100000,69282,69312.2,69075.6,69221.1
1716239400000,69221.8,69248.3,69027,69036.3
1716239700000,69036.3,69173.6,68926,68929.8
1716240000000,68942.8,69100,68905.7,69064.9
1716240300000,69064.9,69225.6,69050.3,69201.9
1716240600000,69201.1,69283.8,69199.2,69242.2
1716240900000,69242.7,69323.9,69222.2,69270.7
1716241200000,69271.9,69278,69043.7,69144.4
1716241500000,69145.9,69225.5,69145.9,69225.3
1716241800000,69225.3,69579.4,69225.1,69530.3
1716242100000,69530.3,69737.8,69519.3,69696.3
1716242400000,69671.4,69690.7,69536.8,69573.7
1716242700000,69573.4,69587.9,69515.6,69555
1716243000000,69558.1,69714.2,69543.8,69673.6
1716243300000,69672.6,69797.9,69647.8,69737
1716243600000,69736.9,69911.6,69726.2,69756.6
1716243900000,69755.9,69755.9,69618.1,69684.9
1716244200000,69687.3,69741.5,69618.7,69652.2
1716244500000,69661,69663,69575,69594.3
1716244800000,69594,69608,69555.5,69591.8
1716245100000,69591.7,69626.8,69578.4,69600
1716245400000,69595.8,69643.1,69590.1,69598.9
1716245700000,69594.5,69608.7,69553.2,69563.5
1716246000000,69563.5,69649.1,69557.1,69597.3
1716246300000,69597.3,69760.7,69587.8,69729.1
1716246600000,69730.2,70043.5,69725.7,70040.2
1716246900000,70030.2,70486.1,70027.6,70386.9
1716247200000,70393.1,71013,70389.1,70784.1
1716247500000,70781.3,71461.2,70781.3,71384.7
1716247800000,71384.7,71398,71111.1,71149.8
1716248100000,71152,71458.2,71152,71385.2
1716248400000,71383.5,71425.7,71319.4,71370.7
1716248700000,71372.4,71390.4,71280.2,71341.1
1716249000000,71339.8,71415.3,71279.8,71356.5
1716249300000,71356.5,71434.1,71285.5,71391.3
1716249600000,71392.4,71456.3,71314.5,71319.5
1716249900000,71314.5,71347.7,71156.8,71214.3
1716250200000,71205.4,71319.8,71086.5,71211.2
1716250500000,71222.6,71923.1,71159.3,71699.4
1716250800000,71690.3,71690.3,71451.1,71464.7
1716251100000,71455.8,71582.5,71367.7,71406.2
1716251400000,71407.4,71514.1,71300.6,71371
1716251700000,71373.9,71373.9,71236.1,71259
1716252000000,71260,71338.9,71157,71322.6
1716252300000,71328.1,71442.9,71259.9,71385.3
1716252600000,71385,71408.3,71195.1,71210
1716252900000,71210,71254.7,71093.4,71245.5
1716253200000,71245.5,71245.5,71149.7,71169.6
1716253500000,71170.3,71197.3,71107.7,71161.6
1716253800000,71161.6,71162.9,71006.1,71016.2
1716254100000,71015,71058.7,70924.6,71021.8
1716254400000,71007.8,71057.9,70692.7,70738.1
1716254700000,70735.7,71049.9,70668.8,70835.4
1716255000000,70835.4,70977,70700.9,70963.4
1716255300000,70972.6,70982.8,70866.8,70915.4
1716255600000,70915.4,71059,70914.6,70948.3
1716255900000,70948.9,71080,70929.6,71001.2
1716256200000,70997.5,71062.8,70930.5,71062.8
1716256500000,71061.6,71193.2,71027.2,71045.2
1716256800000,71045.2,71056.3,70984.3,70986.7
1716257100000,70986.7,71054,70861.2,70882.7
1716257400000,70882.2,70980.2,70877.9,70909.1
1716257700000,70911,71010.6,70907.4,70924.2
1716258000000,70923.5,70962.1,70873.2,70893.4
1716258300000,70893.4,70994.9,70893.1,70950.2
1716258600000,70950.2,71140.6,70942.6,71122.6
1716258900000,71122.7,71209.6,71080.5,71160.7
1716259200000,71160.1,71367.8,71091.2,71257.6
1716259500000,71257.6,71280.8,71141,71145.1
1716259800000,71145.1,71245.2,71143.5,71213.4
1716260100000,71213.4,71325.2,71132,71232.7
1716260400000,71232.6,71301.2,71133.2,71212.3
1716260700000,71212.3,71241.4,71185.7,71231.7
1716261000000,71231,71244.6,71179.9,71226.5
1716261300000,71224,71247.2,71189.3,71214.6
1716261600000,71214.6,71271.1,71184.1,71232
1716261900000,71232,71262.1,71183.5,71256.3
1716262200000,71254.5,71316.2,71212.7,71279.3
1716262500000,71276.3,71279.3,71084.1,71170.1
1716262800000,71170.1,71296.5,71170.1,71282.3
1716263100000,71282.3,71357,71261.1,71298.6
1716263400000,71298.2,71333.9,71249,71252.5
1716263700000,71252.3,71283.2,71226.2,71241.4
1716264000000,71238.6,71248.5,71151.2,71180.5
1716264300000,71180.5,71182,71075.5,71089.7
1716264600000,71092.5,71141.2,71058.7,71076.6
1716264900000,71076.9,71092,71033.5,71034
1716265200000,71035.4,71045.2,70987.3,70987.7
1716265500000,70987.4,70992.1,70947.7,70952.1
1716265800000,70953.9,71069.2,70953.3,71033.7
1716266100000,71033.7,71063.2,70982,70984.8
1716266400000,70984.8,70989.9,70896.8,70932.4
1716266700000,70932.2,70961.2,70891.4,70910.5
1716267000000,70910.5,70921.2,70811.4,70812.3
1716267300000,70812.3,70894.4,70800.4,70865.7
1716267600000,70865.7,70880.2,70797.9,70827.9
1716267900000,70827.9,70991.2,70801.7,70966.3
1716268200000,70954.9,70981.1,70862.7,70869.5
1716268500000,70867.6,70905,70799.9,70845.4
1716268800000,70851.6,70944.7,70836.4,70924.1
1716269100000,70924.1,70950.6,70851.4,70942.3
1716269400000,70942.3,70996.7,70865.6,70893.1
1716269700000,70895.7,70990.6,70887.7,70962.2
1716270000000,70962.2,71112.1,70962.2,71042.3
1716270300000,71045.9,71160.1,70993,71099.7
1716270600000,71099.7,71173.8,71074.7,71168.4
1716270900000,71168.4,71169.4,71132.3,71150.4
1716271200000,71155.5,71214.9,71129.1,71201.1
1716271500000,71202.9,71228.8,71107.1,71122.6
1716271800000,71122.2,71229.2,71117.7,71193.7
1716272100000,71193.7,71224.9,71121.7,71122.8
1716272400000,71122.8,71199.9,71077.8,71140.2
1716272700000,71141.9,71226.3,71136.2,71220.7
1716273000000,71220.7,71243.4,71164.6,71230.2
1716273300000,71231.3,71308.3,71168.3,71308.3
1716273600000,71310,71346.4,71278.4,71298.1
1716273900000,71298.1,71321,71235.3,71261.1
1716274200000,71261.1,71266.8,71128.8,71176.1
1716274500000,71174.3,71218.6,71122.5,71162.9
1716274800000,71162.9,71188.2,71117.6,71138.5
1716275100000,71138.1,71138.7,71056.9,71072.9
1716275400000,71072.7,71101.7,70969.2,70986.2
1716275700000,70986.2,71076.6,70971.3,71049
1716276000000,71050,71101.8,71033,71089.2
1716276300000,71089.8,71129.1,71063.2,71081.2
1716276600000,71081.2,71085.7,70957.4,70976.4
1716276900000,70968.9,70985.8,70937.2,70964.7
1716277200000,70964.3,70968.7,70887.1,70888.9
1716277500000,70888.9,70937.8,70861.5,70930.5
1716277800000,70931.8,70946.7,70902.4,70918.8
1716278100000,70919.6,70925.2,70838.4,70841.4
1716278400000,70842.7,70900.5,70813.6,70894.2
1716278700000,70894.1,71000.5,70874,70939.7
1716279000000,70939.8,71005.6,70932.7,70952.2
1716279300000,70949.9,70956.7,70882.7,70884.4
1716279600000,70885.9,70959.4,70879.6,70894.9
1716279900000,70894.9,70959.1,70891,70951.9
1716280200000,70944.8,71015.1,70887.1,70889.9
1716280500000,70891.1,70931.2,70849.5,70855.4
1716280800000,70855.4,70861.2,70810.7,70851
1716281100000,70851,70894.7,70829,70888.3
1716281400000,70892.5,70917.4,70855.9,70861
1716281700000,70861,70915.9,70847.2,70865.8
1716282000000,70865.8,70909.4,70842.7,70876.2
1716282300000,70876.2,71005.3,70876.2,70999.7
1716282600000,70999.7,71014,70933.4,70965.8
1716282900000,70965.8,71021.4,70941.9,70982.7
1716283200000,70982.7,70982.7,70931.7,70933.2
1716283500000,70935.1,70976.3,70901.1,70932.2
1716283800000,70932.2,71020.7,70930,70951.2
1716284100000,70951.2,70951.2,70881.3,70930.6
1716284400000,70930.6,70941.2,70894.6,70896.6
1716284700000,70889.3,71017.1,70867.9,70973.2
1716285000000,70991.2,71023.9,70928.6,70946.2
1716285300000,70946.4,70995.8,70880.4,70939.8
1716285600000,70939.8,70990.1,70910.9,70931.5
1716285900000,70946,71061.8,70933.9,71051.6
1716286200000,71052,71221.5,71043.3,71211.3
1716286500000,71209.1,71238,71103.4,71229.2
1716286800000,71215.7,71244.9,71066.8,71076.5
1716287100000,71078.4,71107,71016.8,71063
1716287400000,71059.6,71064.1,70995.1,71046.8
1716287700000,71046.9,71080.5,71030.7,71058.8
1716288000000,71058.8,71096.6,71045.4,71067.9
1716288300000,71075,71076.5,70972,70976.7
1716288600000,70974.2,70978.7,70927.3,70951.2
1716288900000,70952,71005.8,70934.5,70995.1
1716289200000,70995.5,71002.3,70932.5,70993.5
1716289500000,70996,71010.1,70941.2,70964.3
1716289800000,70962.4,71099.1,70933,71065.6
1716290100000,71064.7,71143,71028.5,71105
1716290400000,71106.7,71189,71036.3,71175.8
1716290700000,71174.3,71201.1,71111.2,71172.7
1716291000000,71171.7,71270,71150.1,71261.9
1716291300000,71262.7,71339.6,71239.3,71326.6
1716291600000,71327.2,71361.4,71224.2,71269.8
1716291900000,71269.7,71397.1,71174.4,71385.2
1716292200000,71385.2,71408,71167.1,71174.4
1716292500000,71181.8,71181.8,71054.4,71091.8
1716292800000,71091.8,71140.7,71015.2,71140.7
1716293100000,71140.7,71202.8,71086.3,71114.5
1716293400000,71115.2,71192.1,71048.6,71178.7
1716293700000,71173,71383.2,71169.2,71353.7
1716294000000,71351.5,71389.3,71093.3,71360.3
1716294300000,71352.1,71353.7,71170.5,71245.4
1716294600000,71244.7,71353,71237.2,71289.1
1716294900000,71290.6,71290.6,71117.6,71140.7
1716295200000,71140.6,71235,71133.5,71234.7
1716295500000,71234.7,71314.7,71232.7,71269.4
1716295800000,71261.9,71323.2,71224.2,71322.7
1716296100000,71322.7,71342.5,71246.6,71306.1
1716296400000,71308.3,71308.3,71090.1,71101.4
1716296700000,71106.8,71159.7,71102.3,71119.2
1716297000000,71119.2,71123.1,70965,70978.8
1716297300000,70978.8,71045.1,70833.7,70930.2
1716297600000,70929.1,70983.5,70854.5,70946.9
1716297900000,70946.9,70964.1,70832.6,70880.6
1716298200000,70880.1,70988.1,70775.1,70981.2
1716298500000,70979.6,71066,70828.7,71029.3
1716298800000,71029.1,71134.8,71027.4,71100.8
1716299100000,71100.8,71231,71025.6,71025.6
1716299400000,71024.2,71024.2,70508,70685.3
1716299700000,70690.8,70725.6,70501.3,70540.7
1716300000000,70542.7,70726.7,70516.6,70627.9
1716300300000,70628.7,70776.9,70601.1,70642.6
1716300600000,70642,70791.2,70639.4,70731.4
1716300900000,70731.4,70788,70640.7,70641
1716301200000,70640.7,70652.7,70544.4,70587.3
1716301500000,70587.3,70605.7,70285.7,70378.7
1716301800000,70378.7,70600.1,70377.8,70576.6
1716302100000,70578.7,70884,70576.6,70632.9
1716302400000,70633.3,70722.7,70419.8,70420.6
1716302700000,70413.6,70457.2,70335.8,70413.7
1716303000000,70413.7,70450.4,70260.4,70306.6
1716303300000,70306.6,70352.8,70149.8,70158.6
1716303600000,70158.6,70300.8,70142.9,70198.1
1716303900000,70198.5,70207.4,70113.6,70205.9
1716304200000,70205.9,70246,70143,70202.6
1716304500000,70205.7,70322.1,70124.9,70289.8
1716304800000,70300.8,70441.7,70280,70404.3
1716305100000,70403.8,70406.5,70261.2,70264.2
1716305400000,70265.6,70270.6,70184.4,70212
1716305700000,70212,70235.9,70034,70037.2
1716306000000,70035.5,70147.8,69970.7,70106.7
1716306300000,70106.7,70116.1,69969.8,69972.2
1716306600000,69975,69976,69738.6,69767.8
1716306900000,69778.9,69839.6,69649.9,69781.9
1716307200000,69779.7,69850.2,69630.3,69843.1
1716307500000,69846.2,69945.4,69745.9,69912.7
1716307800000,69912.7,69936.3,69845.2,69908.2
1716308100000,69908.2,70175.2,69901.7,70166.3
1716308400000,70162.8,70173.2,69911.7,69971.3
1716308700000,69973.5,69985.2,69866.3,69960.2
1716309000000,69960.3,70218.2,69939,69969.3
1716309300000,69968.8,69972.2,69760.3,69761.3
1716309600000,69761.2,69817.1,69703.5,69771.2
1716309900000,69772.2,69815.2,69705.1,69783.2
1716310200000,69785,69868.2,69765.6,69798.9
1716310500000,69802.2,69807.1,69618.8,69623.7
1716310800000,69618,69718.1,69549.3,69659.8
1716311100000,69661.3,69864.9,69626.4,69813.8
1716311400000,69813.8,69820.4,69516.2,69534
1716311700000,69534,69712.7,69531,69710.8
1716312000000,69704.6,69765.2,69661.8,69687.9
1716312300000,69689,69818,69686.6,69800.4
1716312600000,69808.9,69904.7,69768,69815.6
1716312900000,69817.7,69841.7,69652.2,69774.3
1716313200000,69767.9,69783.7,69597.5,69749.7
1716313500000,69746.6,69788.7,69633.3,69713.8
1716313800000,69713.8,69755.7,69683.2,69737.2
1716314100000,69737.2,69840.5,69721.6,69818.2
1716314400000,69818,69894.2,69781,69892.2
1716314700000,69892.2,69906.8,69820.3,69826.7
1716315000000,69830.1,69834.1,69649.1,69658.1
1716315300000,69658.9,69679.3,69564.5,69596.2
1716315600000,69590.5,69610.7,69486.4,69610.7
1716315900000,69610.4,69651.2,69532.9,69637.2
1716316200000,69634.8,69761.4,69503.3,69697.5
1716316500000,69697.5,69726.9,69623.4,69689.5
1716316800000,69689.5,69723.2,69594.7,69625.6
1716317100000,69624.3,69724,69607,69706.7
1716317400000,69720.8,69769.7,69677.3,69745.9
1716317700000,69758.7,69803.6,69708.7,69767.1
1716318000000,69782,69848.9,69767.1,69800.4
1716318300000,69800.4,69846.6,69770.9,69846.3
1716318600000,69846.6,69902.2,69846,69871.2
1716318900000,69871.2,69902.7,69806.6,69814.5
1716319200000,69814.9,69834,69731.4,69731.7
1716319500000,69731.4,69731.4,69221.4,69331.4
1716319800000,69334.1,69356.4,69131.8,69257.9
1716320100000,69259.9,69457.1,69248,69398.7
1716320400000,69398.7,69403.2,69221.9,69278.5
1716320700000,69279.2,69406.5,69238.2,69375.2
1716321000000,69375.2,69406.5,69308.9,69309.7
1716321300000,69309.4,69371.4,69232.9,69249.3
1716321600000,69257.1,69417.5,69206.7,69414.5
1716321900000,69414.5,69529.9,69386.6,69501.7
1716322200000,69501.7,69567.4,69475.5,69501.3
1716322500000,69501.3,69609.2,69469.9,69602.6
1716322800000,69602.6,69642.7,69563.6,69642.7
1716323100000,69646.7,69652.5,69598.7,69649.7
1716323400000,69650.4,69680.6,69514.8,69674.7
1716323700000,69674.7,69679.9,69572.8,69657.7
1716324000000,69669.1,69686.7,69639.2,69678.6
1716324300000,69675.2,69723.3,69663.5,69718.7
1716324600000,69718.7,69724.8,69643.2,69664.1
1716324900000,69664.1,69713.2,69664,69689.3
1716325200000,69678.9,69705.1,69568.4,69588.6
1716325500000,69589.3,69656.5,69585,69614.7
1716325800000,69614.7,69635,69561.4,69632.5
1716326100000,69632.5,69633,69540.4,69544.4
1716326400000,69544.4,69544.4,69431.5,69510
1716326700000,69508.1,69564.1,69506.5,69562.4
1716327000000,69562.7,69609.7,69534.5,69534.8
1716327300000,69535.1,69597.3,69530,69565.8
1716327600000,69564.8,69564.8,69484.4,69484.9
1716327900000,69484.9,69636.8,69482.5,69636.7
1716328200000,69636.5,69645.4,69617.7,69639.5
1716328500000,69639.8,69760.8,69625,69696.7
1716328800000,69677.1,69781.8,69677.1,69765.2
1716329100000,69766.5,69809.2,69737.9,69793.2
1716329400000,69793.6,69809.5,69780.1,69798.4
1716329700000,69802.4,69905.2,69802.4,69883
1716330000000,69882.4,69954.3,69874.2,69945.3
1716330300000,69947.3,69950.6,69896.9,69914
1716330600000,69913.4,69916.6,69836.6,69876.5
1716330900000,69883.8,70087.8,69862.3,70063
1716331200000,70062.1,70093.2,69947.3,69958.9
1716331500000,69960.5,70118.9,69958,70058.5
1716331800000,70058.4,70127.6,70046.6,70122.2
1716332100000,70122.2,70172.1,70116.3,70171.5
1716332400000,70170.7,70185.8,70107.1,70138.3
1716332700000,70138.4,70192.6,70087.9,70176.7
1716333000000,70181.9,70181.9,70095.4,70144.1
1716333300000,70141.4,70210.9,70111.2,70178.9
1716333600000,70178.9,70223.1,70151.4,70220.7
1716333900000,70221.2,70337.1,70219.1,70287.2
1716334200000,70286.4,70290.9,70235.1,70256.4
1716334500000,70262,70322.2,70225.2,70233.6
1716334800000,70230.7,70281.1,70204.8,70275.1
1716335100000,70277.1,70295.4,70092.5,70137.2
1716335400000,70137.2,70205.7,70065,70094.8
1716335700000,70094.5,70154.2,70078.1,70106.2
1716336000000,70106.1,70172.8,70056.5,70095.3
1716336300000,70093.8,70180.3,70063.1,70106
1716336600000,70106.5,70117.9,70011.2,70116.7
1716336900000,70117.6,70167.8,70062.7,70107.9
1716337200000,70107.7,70217.9,70083.1,70185.9
1716337500000,70185.9,70219.8,70124.8,70218.6
1716337800000,70219.5,70237,70117.2,70178.8
1716338100000,70181.2,70186.4,70049.1,70149.3
1716338400000,70144.3,70156.7,70053.3,70099.5
1716338700000,70097.9,70126.7,70066.5,70094.5
1716339000000,70094.5,70117.2,70009.2,70014.9
1716339300000,70014.9,70130.6,70011.3,70073
1716339600000,70077.1,70096.8,69966.9,69989.7
1716339900000,69991.5,70100.5,69991.5,70033.2
1716340200000,70033.2,70156,70017.1,70134.5
1716340500000,70134.4,70162.6,70101.6,70141.2
1716340800000,70141.5,70143.1,70062.6,70100.4
1716341100000,70099.7,70100.4,70032.1,70050.7
1716341400000,70049.1,70124,70044.2,70085.7
1716341700000,70085.7,70086.1,70013.3,70064.2
1716342000000,70064.7,70087.1,70028.7,70072.1
1716342300000,70072,70106.1,70016,70077.9
1716342600000,70077.9,70084.8,70005.6,70083.2
1716342900000,70083.1,70120.4,70075.6,70120.4
1716343200000,70120,70154.8,70107.5,70152
1716343500000,70152.2,70268.7,70152.2,70193.2
1716343800000,70193.2,70258.6,70141.7,70161.2
1716344100000,70161.9,70232,70156,70225.2
1716344400000,70225.2,70299.9,70196.1,70249.9
1716344700000,70246.7,70329.8,70199.2,70222.6
1716345000000,70202.3,70232.9,70109.9,70150.5
1716345300000,70155.3,70161.3,70004.2,70041.2
1716345600000,70039.7,70061.6,69896.5,69993.5
1716345900000,69995.3,70006.8,69893.5,69969.2
1716346200000,69970,70070.5,69969.2,70008.2
1716346500000,70004.7,70012,69965.4,69976.3
1716346800000,69986.2,70014.5,69922.8,69956.2
1716347100000,69955.8,69974.2,69904.2,69931.7
1716347400000,69932.2,69946.7,69851.5,69898.5
1716347700000,69898.5,69918.4,69838,69858.7
1716348000000,69857.7,69945.4,69850.4,69929.6
1716348300000,69929.6,69955.6,69907.2,69940.5
1716348600000,69935.6,69935.6,69828.7,69853.5
1716348900000,69853.5,69906.3,69848.8,69896.3
1716349200000,69898.6,69902,69790.5,69861.5
1716349500000,69860.5,69952.1,69847.2,69886.1
1716349800000,69886.1,69911.1,69871,69896.4
1716350100000,69894.5,69928.5,69878.2,69913.6
1716350400000,69913.6,69957.7,69884,69885.8
1716350700000,69885.8,69905.9,69850.2,69861.7
1716351000000,69861.7,69862.9,69774.1,69785.7
1716351300000,69784.5,69850.3,69778.1,69823.2
1716351600000,69822.8,69838.9,69796.8,69810.6
1716351900000,69809.8,69829.5,69707.8,69741.3
1716352200000,69738.9,69804.1,69662.7,69662.7
1716352500000,69664.6,69664.6,69456.6,69483.9
1716352800000,69483.9,69506.6,69284.7,69304.9
1716353100000,69304.9,69340.8,69184.9,69291.7
1716353400000,69292.3,69352.1,69252.7,69304.5
1716353700000,69311.4,69572.7,69306,69561.9
1716354000000,69561.9,69594.6,69536.8,69546.6
1716354300000,69545.9,69610.3,69485.4,69599.7
1716354600000,69599.7,69682.8,69599.7,69668
1716354900000,69673.4,69766.5,69666.7,69693.8
1716355200000,69689.5,69838.7,69684.3,69818.2
1716355500000,69818,69835,69787.4,69826.3
1716355800000,69826.3,69881.6,69815.3,69839.3
1716356100000,69839.3,69846.7,69754.2,69762.8
1716356400000,69762.8,69862.9,69730.1,69852.8
1716356700000,69853,69874.5,69795.5,69795.5
1716357000000,69794.7,69852.4,69775.2,69782.9
1716357300000,69784.9,69865.5,69773.2,69859.9
1716357600000,69862.8,69983.5,69837.1,69960.7
1716357900000,69963.7,70020.6,69927.2,69960.7
1716358200000,69951.2,69964.6,69879.3,69880.4
1716358500000,69881.9,69926.2,69873.1,69894.4
1716358800000,69899.4,69942.8,69816.2,69840.1
1716359100000,69842.6,69861.2,69766.8,69837
1716359400000,69836.3,69852,69794.1,69818.3
1716359700000,69816.6,69822.1,69752.7,69819.6
1716360000000,69818.4,69881.1,69817.2,69847.6
1716360300000,69848.8,69848.8,69759.3,69812.1
1716360600000,69812.2,69837.1,69779.6,69781.9
1716360900000,69782.8,69837.1,69782.8,69815.7
1716361200000,69818,69855.2,69760.2,69802.3
1716361500000,69801.1,69801.6,69695.8,69726.6
1716361800000,69733.1,69807.8,69707.6,69773.9
1716362100000,69773.9,69773.9,69691.9,69735.9
1716362400000,69735.9,69748.8,69688.2,69701.3
1716362700000,69700.4,69706.6,69571.8,69606.9
1716363000000,69606.9,69679.7,69550.7,69668.2
1716363300000,69668.2,69704.9,69655.2,69678.1
1716363600000,69678.1,69773.1,69663.7,69752.8
1716363900000,69748.4,69765.4,69690.4,69696
1716364200000,69696.4,69796.8,69691.2,69780.2
1716364500000,69780.2,69788.7,69674.7,69692.7
1716364800000,69682.1,69749.7,69608.2,69673.1
1716365100000,69665,69788.5,69598.5,69787.7
1716365400000,69787.7,69863.8,69782.5,69860.3
1716365700000,69863.8,69897.6,69848.7,69874.4
1716366000000,69874.4,69883.8,69854.7,69865.2
1716366300000,69865.2,69936.2,69807.7,69910.7
1716366600000,69910.5,70161.2,69880.7,70051.2
1716366900000,70051.2,70100.6,70006.1,70086.9
1716367200000,70082.5,70097.6,69981.2,69988
1716367500000,69988,70041.6,69981.2,70023.4
1716367800000,70023.3,70072.7,69995.8,70028.9
1716368100000,70021.2,70035,69969.5,69976.2
1716368400000,69975.9,69996.3,69878.9,69901.4
1716368700000,69902.3,69902.3,69818.5,69840
1716369000000,69840.7,69889.1,69836.3,69862.1
1716369300000,69862.7,69954,69805.9,69923.2
1716369600000,69930.1,69996.6,69882,69944.2
1716369900000,69945,69987.4,69898.5,69979.5
1716370200000,69979.5,70042.2,69928.2,70025.2
1716370500000,70025.2,70042.3,69893.8,69901.7
1716370800000,69898.3,69947.8,69859.2,69859.2
1716371100000,69859.2,69973.4,69816.5,69965.4
1716371400000,69970.8,69972.5,69867.7,69943.8
1716371700000,69943.4,69995.1,69926.4,69954.9
1716372000000,69955.3,69955.4,69899.9,69937.7
1716372300000,69934.9,69991.5,69918.2,69991.5
1716372600000,69991.5,70037.2,69991.5,70001
1716372900000,70001.6,70034.1,69991.9,70024.2
1716373200000,70024.2,70071.2,70023.3,70055
1716373500000,70070.5,70095.7,70011.2,70070.1
1716373800000,70070.1,70162.1,70070.1,70121.2
1716374100000,70122.4,70123.3,70062.2,70107
1716374400000,70107,70159.2,70088.8,70157.2
1716374700000,70159.2,70199.1,70109.5,70162.5
1716375000000,70164.8,70166.6,70093.3,70096.3
1716375300000,70096.3,70164.5,70085.9,70151.2
1716375600000,70151,70236.3,70111.3,70197.9
1716375900000,70187.8,70197.9,70145.9,70179.8
1716376200000,70182.8,70202.1,70150.3,70161.2
1716376500000,70161.2,70163.6,70094.1,70106.4
1716376800000,70106.1,70119.6,70024.5,70052.2
1716377100000,70052.2,70068.6,70008.4,70013.2
1716377400000,70015.8,70055.4,69970,70022.4
1716377700000,70022.5,70038.3,69981.8,70001.9
1716378000000,69997.8,70001.9,69906.3,69972.7
1716378300000,69977,70004,69910.6,69961.7
1716378600000,69963.4,69984.8,69807.8,69829.9
1716378900000,69829.9,69886,69725.4,69725.4
1716379200000,69721,69893.4,69626.1,69801.8
1716379500000,69801.8,69888,69785.8,69856
1716379800000,69857.2,69971.1,69834.6,69971.1
1716380100000,69973.2,70058.7,69893.9,70042.2
1716380400000,70035.2,70049.6,69917.8,69992.4
1716380700000,70000.3,70011.1,69897.6,70000.7
1716381000000,70001.6,70011.1,69832.1,69860.3
1716381300000,69860.5,69879.6,69747.7,69799.8
1716381600000,69799.7,69817.9,69614.2,69697.9
1716381900000,69697.9,69748.9,69609,69683.2
1716382200000,69678.3,69686.1,69479.5,69563
1716382500000,69561.1,69627.6,69506.7,69611.2
1716382800000,69611.2,69819.7,69588.6,69795.2
1716383100000,69795.2,69815.3,69704.7,69715.2
1716383400000,69716,69811.1,69716,69786.9
1716383700000,69786.9,69859.6,69761.3,69836.2
1716384000000,69835.4,69839.5,69692.5,69728.7
1716384300000,69726.1,69773.4,69643.6,69692.8
1716384600000,69692.3,69804.9,69652.1,69705.5
1716384900000,69703.3,69786.7,69534.8,69561.2
1716385200000,69557.4,69560.1,69410.8,69493.2
1716385500000,69494.7,69546.6,69446.2,69473.2
1716385800000,69475.6,69615.7,69468,69491.2
1716386100000,69487.3,69548,69399.5,69543.1
1716386400000,69544.3,69603.2,69456.3,69527.2
1716386700000,69525.6,69585,69443.2,69461
1716387000000,69447.1,69496.4,69401.4,69493.9
1716387300000,69496.4,69998.4,69462.1,69802.3
1716387600000,69802.3,69919.7,69690.3,69810.5
1716387900000,69810.5,69888.7,69458,69669.2
1716388200000,69665.8,69724.6,69567.4,69653.7
1716388500000,69653.7,69813.4,69633.2,69734.1
1716388800000,69734.1,69821.1,69734.1,69784.2
1716389100000,69784.2,69963.9,69771.1,69929.6
1716389400000,69928.8,70132.7,69890.5,70071.1
1716389700000,70072.7,70101.2,70029.9,70063.6
1716390000000,70062.6,70109.2,70036.6,70109.2
1716390300000,70109.2,70232.2,70023.3,70044.7
1716390600000,70044.7,70045.2,69894.5,69933.1
1716390900000,69935.2,70041.9,69882.3,70041.9
1716391200000,70041.7,70101.2,70006.8,70067.8
1716391500000,70059.4,70218.3,70059.4,70179.7
1716391800000,70178.2,70183.2,70100,70119.6
1716392100000,70119.6,70177.1,70093.8,70177.1
1716392400000,70176.8,70539.5,70175.7,70454.5
1716392700000,70455.3,70536.2,70348.7,70470.7
1716393000000,70470.7,70494.4,70355.6,70477.7
1716393300000,70472.7,70479.2,70309.9,70412.7
1716393600000,70414.6,70452.3,70261.8,70274.5
1716393900000,70276.6,70375.1,70275.7,70363.2
1716394200000,70363.2,70604.2,70355.6,70594.3
1716394500000,70593.7,70613.7,70459.4,70487.1
1716394800000,70486.6,70509.8,70424.3,70496
1716395100000,70499.8,70515.5,70323.7,70346.8
1716395400000,70350.9,70407.3,70283.4,70322.8
1716395700000,70319.1,70341.2,70185.2,70226.3
1716396000000,70226.3,70261.4,70165.4,70253
1716396300000,70253,70306.7,70181.5,70229.5
1716396600000,70229.7,70260,70192.1,70219
1716396900000,70217.2,70259.3,70189.2,70198.5
1716397200000,70196.9,70215.2,70053.7,70075.6
1716397500000,70074.7,70173.2,70071.5,70117
1716397800000,70117,70150.5,70071.6,70148.2
1716398100000,70148.2,70411.6,70105.3,70288.9
1716398400000,70288.9,70338.7,70225.3,70244.8
1716398700000,70244.8,70256,70200.6,70217.9
1716399000000,70217.9,70252,70200.9,70244.4
1716399300000,70241.2,70248.1,69850.9,69941.4
1716399600000,69944.6,69945.2,69661.2,69729.7
1716399900000,69733.4,69828.2,69660.6,69823.5
1716400200000,69823.5,69866.1,69771.6,69826.3
1716400500000,69826.3,69879.5,69733.5,69819.6
1716400800000,69818.9,69859.7,69538.8,69666.7
1716401100000,69670.2,69749.2,69561,69610.5
1716401400000,69609.9,69648.1,69563.5,69640
1716401700000,69640,69671.1,69485.8,69539.8
1716402000000,69539.7,69543.2,69257.4,69395.1
1716402300000,69394.5,69457.7,69369.5,69369.8
1716402600000,69377,69477.7,69357.4,69474.3
1716402900000,69473.7,69504.6,69235.3,69358.4
1716403200000,69358.4,69467.2,69334.9,69453
1716403500000,69453,69653.4,69439.4,69602.3
1716403800000,69601.7,69619.2,69549.5,69574.3
1716404100000,69575.2,69624.7,69548.9,69553.4
1716404400000,69556.3,69565.8,69470.2,69565.8
1716404700000,69565.8,69670.6,69502.9,69663.3
1716405000000,69660.5,69665.9,69501.9,69533.3
1716405300000,69533.9,69534,69416.9,69453.8
1716405600000,69449.6,69555.2,69439.7,69550.4
1716405900000,69549.7,69616.5,69549.7,69578.8
1716406200000,69578.8,69710.7,69573.2,69650.7
1716406500000,69650.7,69718.3,69623.2,69653.9
1716406800000,69653.9,69663.9,69596.1,69601.5
1716407100000,69600.6,69678.7,69584.6,69606.2
1716407400000,69606.2,69681.1,69573.2,69678.9
1716407700000,69676.7,69762.1,69548,69586.9
1716408000000,69588.4,69694.6,69556.8,69649.8
1716408300000,69650.8,69748.3,69633.7,69740.3
1716408600000,69740.7,69801.1,69733.6,69783.2
1716408900000,69783.2,69819.6,69676.9,69723.6
1716409200000,69727.8,69927.1,69600.5,69614.8
1716409500000,69615.5,69702.4,69539.9,69539.9
1716409800000,69539.9,69607.7,69358.4,69371.3
1716410100000,69372.3,69538.3,69372.3,69513.7
1716410400000,69513.9,69513.9,69428.7,69462
1716410700000,69461.8,69523.8,69439.6,69461.7
1716411000000,69467.6,69494.3,69417.7,69432.2
1716411300000,69432.7,69456.5,69386.1,69399.2
1716411600000,69372.5,69385.6,69291.6,69322
1716411900000,69322,69347.9,68902.6,69059.5
1716412200000,69059.5,69182.6,68981.8,69038.8
1716412500000,69038.7,69179.5,69014.2,69153.9
1716412800000,69154.3,69232.5,69152.4,69230
1716413100000,69226.3,69309.9,69184.3,69289.2
1716413400000,69289.3,69324.2,69235,69318.2
1716413700000,69319.6,69591.8,69318.4,69559.8
1716414000000,69558.4,69578.3,69376.1,69394.3
1716414300000,69394.4,69450.2,69355.6,69448.3
1716414600000,69448.1,69518.3,69409.6,69476.7
1716414900000,69476.2,69526.6,69418.1,69453.9
1716415200000,69418.8,69469.3,69288.1,69296.4
1716415500000,69300.4,69346.9,69247.8,69264.4
1716415800000,69263.9,69323.6,69251.5,69307.5
1716416100000,69306.2,69318.6,69252.4,69252.4
1716416400000,69255.6,69268.6,69160.2,69251.8
1716416700000,69251.5,69281.8,69232.7,69259.9
1716417000000,69260.4,69261.5,69143.8,69173.7
1716417300000,69172.7,69199.5,69033,69089
1716417600000,69101.8,69130.5,69034.3,69048.5
1716417900000,69050.5,69147.7,69006.6,69112.2
1716418200000,69093.5,69127.1,69046.5,69069.5
1716418500000,69066.1,69116.8,69007.6,69081.4
1716418800000,69082.9,69111.6,69000.4,69031.5
1716419100000,69049.6,69090.4,69006.3,69064.9
1716419400000,69037,69184.9,69026.2,69088
1716419700000,69081.7,69083.4,68973.2,68977.7
1716420000000,68992.8,69076.6,68963.8,69026.7
1716420300000,69026.7,69080.4,69011.7,69028
1716420600000,69028,69112.7,68999.7,69022.2
1716420900000,69022.2,69075.9,68995.6,69034.1
1716421200000,69032.6,69078.2,69004.8,69023.7
1716421500000,69031,69147.2,69023.7,69110.1
1716421800000,69104.5,69184.4,69087.9,69184.2
1716422100000,69154.3,69184.3,69105.2,69125.1
1716422400000,69116.5,69281.7,69116.5,69222.3
1716422700000,69247,69275.6,69160.7,69219.7
1716423000000,69221.1,69282.2,69193.2,69277.7
1716423300000,69277.1,69375.5,69253.8,69345.7
1716423600000,69345.9,69366.2,69251.1,69327.9
1716423900000,69345.5,69378.1,69300,69320.3
1716424200000,69303.3,69486.8,69298,69471.4
1716424500000,69447.5,69534,69381.8,69502.7
1716424800000,69502.7,69540.5,69452.2,69510.4
1716425100000,69507.4,69575.2,69478.7,69491.7
1716425400000,69493.2,69546.6,69444.4,69525.9
1716425700000,69522.7,69534.1,69430.6,69453.7
1716426000000,69449.2,69487,69349.2,69366.9
1716426300000,69377,69391.2,69292.1,69296
1716426600000,69304.7,69329.2,69208.7,69328
1716426900000,69327.2,69427.2,69295.2,69333.6
1716427200000,69323.6,69441.2,69323.6,69396.5
1716427500000,69389.8,69506.5,69371.2,69471.3
1716427800000,69466.1,69578.9,69424.5,69520.3
1716428100000,69520,69556,69472.7,69490.1
1716428400000,69490.7,69551.1,69468.5,69509
1716428700000,69506.6,69509,69439.7,69463.9
1716429000000,69459.3,69491.7,69442,69454.7
1716429300000,69450.9,69464.3,69414.8,69445.4
1716429600000,69446.4,69528.1,69396.1,69494.4
1716429900000,69493.9,69518.1,69450.1,69469.4
1716430200000,69473.3,69521.1,69445.7,69489.1
1716430500000,69487.9,69509.2,69472.2,69490.4
1716430800000,69490.7,69523.2,69474,69490.1
1716431100000,69484.8,69501.2,69396.2,69425.5
1716431400000,69418.9,69453.3,69376,69397.2
1716431700000,69398.6,69482.5,69375.8,69425.7
1716432000000,69425.4,69436.1,69386.2,69392.9
1716432300000,69390.2,69466,69381.2,69387.5
1716432600000,69387.5,69411.7,69306.4,69410.2
1716432900000,69409,69463,69378.7,69450.6
1716433200000,69464.9,69464.9,69350.1,69434.1
1716433500000,69435.1,69442.1,69367.7,69392.5
1716433800000,69394.9,69441.7,69388.6,69413.7
1716434100000,69412.4,69434.1,69358.9,69385.1
1716434400000,69379.9,69431.3,69361.2,69406.5
1716434700000,69407,69407,69351.1,69373
1716435000000,69377.2,69393.1,69307.2,69321.5
1716435300000,69339.2,69344.8,69292.5,69304.4
1716435600000,69310.8,69318.9,69236.4,69261.3
1716435900000,69264.5,69332.5,69250.2,69321.2
1716436200000,69330.2,69354.6,69268.7,69331.1
1716436500000,69313.7,69485,69313.7,69407.3
1716436800000,69391.4,69443.2,69381.2,69431.1
1716437100000,69431.1,69484.7,69375,69406.9
1716437400000,69405.2,69451.2,69369.8,69442.3
1716437700000,69450.4,69450.4,69369.5,69394.5
1716438000000,69394,69428.8,69353.7,69397.2
1716438300000,69381.5,69472.2,69381.5,69472.2
1716438600000,69470.3,69490.6,69400.4,69469.4
1716438900000,69468,69507.6,69434.8,69487
1716439200000,69504,69521.7,69461.1,69507.3
1716439500000,69505.2,69540,69421.2,69447.7
1716439800000,69484.4,69548.7,69429.1,69503.9
1716440100000,69503.5,69532.2,69462.2,69514.6
1716440400000,69493.6,69536.1,69411.2,69411.2
1716440700000,69411.2,69478.3,69388.2,69406.7
1716441000000,69406.8,69445.9,69365.7,69423.6
1716441300000,69412.9,69448.6,69288.7,69387.7
1716441600000,69381.2,69431.1,69349.4,69395.6
1716441900000,69395,69478.9,69381.1,69402.2
1716442200000,69414.8,69420.9,69304.5,69337.5
1716442500000,69341.5,69385.7,69298.2,69319.8
1716442800000,69324.3,69400,69313.7,69323.3
1716443100000,69325.2,69400.7,69298.4,69350.3
1716443400000,69345.7,69391.1,69286.2,69331.7
1716443700000,69333.2,69444.6,69331.7,69411.9
1716444000000,69435.2,69435.7,69373,69402.2
1716444300000,69402.8,69438.1,69374.7,69436.6
1716444600000,69438.1,69444.5,69340.8,69397.7
1716444900000,69386,69441,69361.6,69382.1
1716445200000,69378.9,69420.8,69322.6,69401.1
1716445500000,69414.8,69435.8,69367.2,69391.1
1716445800000,69373.6,69454,69362,69414.5
1716446100000,69433,69437.8,69354.4,69396.9
1716446400000,69411.1,69522.3,69397.8,69471.8
1716446700000,69474.3,69549,69437,69518.7
1716447000000,69513.9,69635.9,69513.9,69562
1716447300000,69559.9,69586.7,69524,69541.3
1716447600000,69541.3,69570.3,69408.7,69446.9
1716447900000,69449.1,69534.9,69445.1,69464.8
1716448200000,69463.3,69495.1,69431.3,69479
1716448500000,69482,69505.2,69445,69487.4
1716448800000,69481.4,69542.5,69453.5,69502.8
1716449100000,69503.3,69510.2,69481.2,69481.6
1716449400000,69488.3,69570,69448.6,69553.1
1716449700000,69553.2,69769.3,69553.2,69755.2
1716450000000,69775.1,69823,69665.4,69734.4
1716450300000,69734.9,69776.5,69674.1,69674.1
1716450600000,69689.4,69701.4,69618.9,69673
1716450900000,69686.2,69715.8,69664.9,69695.2
1716451200000,69695.2,69715.3,69655.1,69666.1
1716451500000,69663.2,69780.5,69653.3,69770.8
1716451800000,69778.1,69778.4,69696.4,69713.9
1716452100000,69721.7,69805,69713.9,69732.1
1716452400000,69729.8,69745.9,69622.6,69665.2
1716452700000,69665.2,69671.2,69596.9,69615.3
1716453000000,69615.3,69656.8,69577.9,69640.1
1716453300000,69640.1,69663.7,69537.2,69565.8
1716453600000,69564.3,69603.4,69529.8,69592.9
1716453900000,69592.9,69617.3,69539.6,69587.5
1716454200000,69592.5,69646.7,69561.5,69567.9
1716454500000,69563.7,69647.9,69555.1,69647.9
1716454800000,69651.2,69727.3,69641.5,69647
1716455100000,69647.2,69740.5,69617.3,69729.4
1716455400000,69736.4,69765.4,69694.8,69736.9
1716455700000,69728.4,69773.8,69661.2,69711.1
1716456000000,69712.9,69762.9,69686.9,69698.1
1716456300000,69691.5,69733.4,69676.1,69698.3
1716456600000,69689,69791.2,69674,69786.1
1716456900000,69786.1,69789.6,69695.9,69710.9
1716457200000,69712.5,69714.1,69575.1,69595.6
1716457500000,69595.5,69623.3,69541.5,69608
1716457800000,69612.4,69630.2,69591.2,69628.6
1716458100000,69628.6,69628.6,69580.2,69601.2
1716458400000,69598.4,69625.9,69543.7,69625.9
1716458700000,69625.9,69674.1,69619.3,69639.2
1716459000000,69641,69722,69641,69682.3
1716459300000,69681.7,69756.1,69681.7,69756
1716459600000,69755.6,69756.1,69661.2,69661.2
1716459900000,69662,69696.2,69643.3,69685
1716460200000,69687.3,69735,69594.6,69619.8
1716460500000,69624,69714,69590,69706.3
1716460800000,69707.3,69734.4,69662.6,69701.1
1716461100000,69700,69736,69684.5,69696.2
1716461400000,69697.2,69697.2,69526.2,69535.1
1716461700000,69530.7,69543.7,69475.9,69484.9
1716462000000,69498.3,69557.1,69495.8,69553.6
1716462300000,69550.2,69716.1,69549,69671.7
1716462600000,69668.3,69702.7,69634.1,69680
1716462900000,69680,69741.4,69639.5,69729.9
1716463200000,69741.4,69839.1,69721.4,69839.1
1716463500000,69837.5,69905.7,69800.2,69884.9
1716463800000,69885.1,69979.9,69870.1,69949.6
1716464100000,69952.1,69959.2,69894.1,69914
1716464400000,69914.4,69951.3,69887,69887
1716464700000,69887,69899.4,69796.1,69863.3
1716465000000,69863.3,70007.1,69859.6,69933.7
1716465300000,69933.7,70008.5,69897.3,69928.1
1716465600000,69927.9,70011.8,69895.2,69912
1716465900000,69912,70027.7,69866.1,69987.2
1716466200000,69983.5,70005.6,69887.2,69921
1716466500000,69919.2,69934,69774.4,69788.7
1716466800000,69791.9,69874.4,69774.4,69829.1
1716467100000,69829.1,70012,69801.4,69910.9
1716467400000,69910.6,69934,69807.1,69893.1
1716467700000,69890.1,69915,69784.4,69839.6
1716468000000,69847.4,69848.7,69783,69793.4
1716468300000,69794.6,69800.7,69706.4,69744
1716468600000,69744,69757.4,69618.5,69620.4
1716468900000,69619.6,69647.7,68984.7,69387
1716469200000,69378.7,69519.2,69192.7,69277.5
1716469500000,69277.3,69437.3,69172.5,69334.5
1716469800000,69341.7,69442.6,69294.4,69354.5
1716470100000,69358.6,69394.9,69131,69143.5
1716470400000,69143.5,69375.7,69138.8,69360.3
1716470700000,69359.2,69391.9,69223.6,69254.7
1716471000000,69255.5,69364.7,69102.8,69121.8
1716471300000,69121.8,69160.4,68565.4,68640.5
1716471600000,68636.2,68792.4,68515.8,68711.9
1716471900000,68708.2,68715.1,68106.4,68106.4
1716472200000,68121.2,68127.4,67678.4,68061.4
1716472500000,68061.4,68143.4,67860,67989
1716472800000,67990.6,68053.2,67872.8,67873.3
1716473100000,67873.3,68015.3,67663.5,67787.1
1716473400000,67778,68177,67752.4,68175.1
1716473700000,68180.5,68282.2,68045.2,68045.2
1716474000000,68054.9,68072.3,67852.9,67949.5
1716474300000,67934.2,68035.9,67822.3,67840.5
1716474600000,67834.2,67981.5,67817.7,67908.6
1716474900000,67916.3,67954.4,67825.6,67933.5
1716475200000,67948.7,67948.9,67675.5,67773.4
1716475500000,67787,67816.6,67644.9,67656
1716475800000,67654.9,67922.8,67568,67783.3
1716476100000,67797.8,67815.1,67624.7,67699.7
1716476400000,67700.1,67974.7,67653.9,67863.3
1716476700000,67854.1,68057.2,67821.2,68052.5
1716477000000,68030.4,68126.7,67945.3,68064.7
1716477300000,68081.9,68133.1,68032.7,68059.5
1716477600000,68060.4,68192.4,68034.8,68185.3
1716477900000,68192.4,68201.2,68096.9,68126.9
1716478200000,68126.2,68225,68116.2,68178.5
1716478500000,68182.2,68243.7,68063.1,68173.4
1716478800000,68175.4,68196.1,68087.5,68109.4
1716479100000,68105.7,68121.2,67921.5,67932.4
1716479400000,67928.9,68020.6,67909.3,67981.1
1716479700000,68006.2,68083.6,67942,68012.6
1716480000000,68036.9,68096.8,67950.9,68019.6
1716480300000,68018.4,68091.3,67964,68025.7
1716480600000,68025.7,68097.3,67862.9,67886.3
1716480900000,67867.4,67932.6,67813.9,67847.1
1716481200000,67821,67906.7,67768.2,67884.5
1716481500000,67886.6,68025.2,67844.9,67951.3
1716481800000,67953,68023.5,67892.8,67995.9
1716482100000,67973,68109.3,67972.5,68053.8
1716482400000,68073.8,68133.2,68003.6,68058.9
1716482700000,68065.2,68090.5,67817,67848.9
1716483000000,67832.5,67865.1,67750.9,67822.1
1716483300000,67801.7,67883.4,67758.1,67785.9
1716483600000,67768.6,67831.2,67733,67761.2
1716483900000,67768.6,67920.3,67728.5,67902.2
1716484200000,67882.9,67988.1,67817.7,67929
1716484500000,67938.8,67999.7,67837.2,67882.7
1716484800000,67880.4,67984.1,67842,67952
1716485100000,67923,68030.5,67904.7,68029.7
1716485400000,68029.6,68080.4,67964.9,68027.4
1716485700000,68025.6,68036.6,67846.9,67893.2
1716486000000,67898.1,67974.8,67833.5,67840.6
1716486300000,67878.7,67935.1,67735.5,67798.2
1716486600000,67785.5,67810.1,67635.7,67662.8
1716486900000,67679.4,67702.4,67546.7,67603.8
1716487200000,67605.3,67655.8,67408.9,67469.9
1716487500000,67445.7,67490.6,67159.7,67305.4
1716487800000,67306.2,67357.2,66964.8,67107.4
1716488100000,67069.4,67190.4,66961.1,67007
1716488400000,66996.9,67058.8,66695.1,66838.7
1716488700000,66843.2,67127.7,66767.5,67000.9
1716489000000,66984,67111.4,66948.2,67056.7
1716489300000,67069,67269,66936.2,67187.2
1716489600000,67230.6,67249.5,66960.7,67017.5
1716489900000,67018.8,67169.2,66990.9,67169.2
1716490200000,67128.8,67311.2,67116.4,67239.8
1716490500000,67279.4,67374.2,67199.1,67317.9
1716490800000,67361.1,67383.2,67199.8,67217.9
1716491100000,67217.6,67372.8,67151.2,67351.8
1716491400000,67351.5,67381.6,67264.2,67289.2
1716491700000,67274.7,67381.9,67164.2,67266.3
1716492000000,67300.2,67314.8,67208.4,67253.9
1716492300000,67281.2,67440.9,67225.2,67409.7
1716492600000,67403.9,67587.5,67342,67575.1
1716492900000,67577.3,67653.4,67465.7,67557.9
1716493200000,67562.8,67598,67484.1,67514.4
1716493500000,67512.3,67534.9,67217.8,67392.3
1716493800000,67395.4,67431.1,67251.9,67294.8
1716494100000,67338.2,67338.2,66991.2,67071.9
1716494400000,67073.2,67097.4,66261.2,66610.6
1716494700000,66618.2,66883,66487.2,66868.6
1716495000000,66871.1,66878.9,66669.7,66716.9
1716495300000,66700.1,67357.4,66650.5,67306.8
1716495600000,67287.9,67451.3,67224.4,67312.1
1716495900000,67308.4,67537.7,67275.7,67432.8
1716496200000,67435,67559.3,67307.8,67559.3
1716496500000,67561,67708.5,67447.7,67545.2
1716496800000,67547.8,67560.7,67436.3,67533.4
1716497100000,67520.8,67663.7,67416.3,67646.5
1716497400000,67641.2,67726.6,67532.1,67660.1
1716497700000,67670.6,67905.1,67662.8,67733.4
1716498000000,67749.2,68139.3,67661.3,67834.5
1716498300000,67843.8,68255.3,67765.8,68218
1716498600000,68220.2,68316.7,67761.3,67795
1716498900000,67796.3,67802.3,67154.7,67557.5
1716499200000,67538.4,67597.4,67205.3,67310.1
1716499500000,67301.6,67395.7,67093.8,67395.7
1716499800000,67379.9,67707.6,67361.5,67707.4
1716500100000,67706.5,67708.6,67432.9,67477.3
1716500400000,67460.3,67883.7,67460.3,67812.8
1716500700000,67793.3,67887.6,67773.2,67843.6
1716501000000,67862.7,68049.7,67833.8,68030.5
1716501300000,68027.5,68082.5,67844.5,67947.5
1716501600000,67949.2,67949.2,67669,67702.8
1716501900000,67700.4,67762.6,67638.3,67659.9
1716502200000,67664.2,67749.5,67645.8,67711.2
1716502500000,67711.1,67719.9,67609,67669.1
1716502800000,67668.8,67676.1,67578.1,67612.2
1716503100000,67611.8,67611.8,67524.4,67561.9
1716503400000,67562.6,67627.2,67528.4,67591.4
1716503700000,67638.4,67678.6,67564.3,67591
1716504000000,67590.4,67625,67564.3,67600.7
1716504300000,67604.4,67616.7,67515.4,67535.8
1716504600000,67527.3,67662.6,67497.6,67654
1716504900000,67653.1,67712.1,67592.5,67647.6
1716505200000,67649.1,67694.8,67605.7,67638.3
1716505500000,67636.2,67679.5,67569.6,67600.8
1716505800000,67599.5,67647.2,67445.6,67462.2
1716506100000,67476.6,67557.8,67452.8,67528.9
1716506400000,67529,67618.6,67512.7,67599.2
1716506700000,67608.5,67677.1,67571.8,67645.5
1716507000000,67646.4,67721.2,67551.9,67703.1
1716507300000,67706.6,67717,67643.6,67658.8
1716507600000,67660.2,67791.7,67623.6,67723.7
1716507900000,67725.6,67869.1,67710.7,67869.1
1716508200000,67854,67941.9,67811.1,67893.3
1716508500000,67893.3,67955.3,67872.9,67926
1716508800000,67922.5,67952.7,67759.8,67794.9
1716509100000,67796.4,67796.4,67657.1,67712.1
1716509400000,67711.3,67734.7,67610.8,67668.5
1716509700000,67674.4,67736.8,67624.8,67736.8
1716510000000,67726.7,67760.8,67589.7,67660.6
1716510300000,67661.4,67748.9,67641.7,67730.5
1716510600000,67723.7,67793.7,67666.2,67790.6
1716510900000,67789.9,67951.8,67769.3,67913.3
1716511200000,67905.2,67945.2,67837.3,67886
1716511500000,67883.4,67968,67812.2,67876.1
1716511800000,67875,67920.4,67795.8,67851.6
1716512100000,67846.7,67883.3,67804.3,67807.6
1716512400000,67813.2,67815,67706.6,67730.4
1716512700000,67731.3,67731.3,67636.6,67676.2
1716513000000,67671.5,67676.2,67617.1,67636.5
1716513300000,67636.5,67652.2,67605.1,67614.9
1716513600000,67614.9,67701,67614.9,67692.6
1716513900000,67694.7,67719.3,67643.2,67658.2
1716514200000,67667.8,67775.7,67649.3,67738.1
1716514500000,67735.3,67790.6,67699.7,67707
1716514800000,67705.3,67720.8,67626,67691.2
1716515100000,67691.2,67792.2,67691.2,67726.1
1716515400000,67724.2,67776.9,67711.2,67745.4
1716515700000,67752.1,67753.2,67692.8,67701.2
1716516000000,67704.5,67779.4,67664.8,67761.9
1716516300000,67761.6,67794,67729.8,67729.8
1716516600000,67734.8,67752.5,67672.3,67736.9
1716516900000,67752.5,67790.3,67738.9,67773.5
1716517200000,67775.9,67788,67722.1,67736.8
1716517500000,67736.8,67738.4,67630.3,67693.3
1716517800000,67698.3,67699.2,67605.2,67631.3
1716518100000,67633.8,67674,67588.9,67647.2
1716518400000,67647.2,67677.8,67619.8,67653
1716518700000,67653,67720.1,67642.4,67709.3
1716519000000,67703.4,67870.7,67687.4,67844.2
1716519300000,67844,67949.3,67831.9,67924.8
1716519600000,67924.8,67965.9,67862.9,67965.6
1716519900000,67948.2,67978.7,67871.1,67888.8
1716520200000,67887.8,67959.2,67872.8,67936.1
1716520500000,67935.6,67952.5,67876.3,67900.9
1716520800000,67882.8,67903.4,67806.9,67826.6
1716521100000,67826.2,67896.5,67826.1,67871.4
1716521400000,67872.3,67893.5,67815.7,67865.2
1716521700000,67870.9,67915.2,67801.2,67890
1716522000000,67881,67902.5,67848,67894.8
1716522300000,67895,67961.2,67834.9,67861.1
1716522600000,67860.1,67902,67784.2,67810.6
1716522900000,67805.1,67853,67803.2,67849.3
1716523200000,67845.6,67861.1,67791.3,67838.1
1716523500000,67830,67870.2,67780.8,67813.6
1716523800000,67813.6,67886.4,67796.3,67838.3
1716524100000,67828.8,67846.7,67715.3,67740.5
1716524400000,67741.2,67812.1,67712.9,67716.8
1716524700000,67720.6,67752.5,67633.6,67704.2
1716525000000,67706.1,67723.4,67611.2,67640.4
1716525300000,67635.9,67693.3,67611.2,67626.8
1716525600000,67627.6,67661.1,67608.6,67642.9
1716525900000,67635.3,67670.1,67624.4,67655.2
1716526200000,67655.4,67695.5,67633.7,67651.3
1716526500000,67671.2,67679.3,67610.2,67669.4
1716526800000,67674.3,67674.3,67547.8,67562.8
1716527100000,67563.4,67593.7,67545,67570.7
1716527400000,67566.7,67606.5,67549.7,67581.4
1716527700000,67578,67582.1,67508.6,67541.6
1716528000000,67538.1,67556.5,67435.7,67532.7
1716528300000,67527.6,67539.2,67287.8,67375
1716528600000,67381.2,67390.4,67243.2,67329
1716528900000,67332.2,67357.5,67119.4,67217.4
1716529200000,67217.5,67237.6,67054.7,67190.4
1716529500000,67170.4,67279.7,67163.6,67249.2
1716529800000,67249.6,67317.1,67182,67290.2
1716530100000,67288.8,67318.5,67223.7,67266.2
1716530400000,67252.9,67334,67173,67227.1
1716530700000,67229.9,67461.1,67215.2,67459.2
1716531000000,67454.5,67557.8,67430.1,67535.3
1716531300000,67548.5,67553.2,67464.9,67496.2
1716531600000,67503,67526.4,67376.3,67393.1
1716531900000,67393,67393.5,67021,67116.2
1716532200000,67116.6,67225.2,67085.5,67225.2
1716532500000,67209.3,67261.1,67181.3,67223.5
1716532800000,67241.2,67260.1,67065.5,67187.2
1716533100000,67186.1,67203.8,66977.6,67098.2
1716533400000,67096.6,67127.1,66984.8,67007.8
1716533700000,67008.3,67029.2,66819.3,66865.7
1716534000000,66865.7,66954.6,66813.8,66893.3
1716534300000,66896.6,66975.6,66814.3,66973.1
1716534600000,66967,67093.3,66896.2,67052.5
1716534900000,67058.1,67136.8,67036.5,67123.2
1716535200000,67123.2,67213.3,67114.6,67177
1716535500000,67175.1,67245.4,67159,67216
1716535800000,67214.3,67293.9,67155.1,67164
1716536100000,67164,67181.8,67104.2,67104.2
1716536400000,67110.4,67113.1,66917.8,66960.6
1716536700000,66960.6,67027.1,66922.2,66985.5
1716537000000,66992.5,67008.4,66951,67001.8
1716537300000,67003.1,67135.1,66986.9,67123.2
1716537600000,67123.2,67146.1,67081.5,67115.6
1716537900000,67117,67130.3,67077.1,67083.6
1716538200000,67077.8,67112.5,66962.7,66966.8
1716538500000,66966.8,67000.7,66826,66840.1
1716538800000,66840.1,66909.3,66758.3,66788.5
1716539100000,66788.5,66799.1,66588.3,66662.3
1716539400000,66662.3,66808.1,66621,66797.1
1716539700000,66801,66951.2,66779.5,66927.3
1716540000000,66925.2,67078.7,66925.2,67052
1716540300000,67047.1,67091.2,66998.2,67091.2
1716540600000,67087.9,67152.2,67072.7,67108.5
1716540900000,67103.1,67186.2,67081.2,67148.5
1716541200000,67134,67189.3,67103.2,67177.1
1716541500000,67179.6,67201.9,67084.9,67106.9
1716541800000,67108.4,67153.4,67087.8,67137
1716542100000,67137.3,67172.4,67074.2,67160.1
1716542400000,67154.3,67161.3,67013.7,67050.5
1716542700000,67055.2,67115.1,67000.7,67115.1
1716543000000,67106.8,67241.1,67081.5,67227.7
1716543300000,67214.4,67273.1,67200.9,67247
1716543600000,67248.2,67278,67224.2,67240.3
1716543900000,67240.3,67279.1,67213.2,67260.5
1716544200000,67269.2,67309.9,67238.5,67305.7
1716544500000,67306.7,67412.6,67290.7,67334
1716544800000,67335.3,67415.6,67316.4,67407.9
1716545100000,67403.9,67407.9,67348,67353.5
1716545400000,67356.3,67385.6,67343.4,67343.4
1716545700000,67343.4,67377.2,67267,67344.4
1716546000000,67344.4,67349.1,67281.1,67306.4
1716546300000,67320.2,67389,67290,67371.7
1716546600000,67366.4,67377.7,67329.2,67329.8
1716546900000,67342.4,67383.3,67315.7,67330
1716547200000,67336.4,67485.4,67319.9,67477.6
1716547500000,67470.7,67476.7,67383,67409.9
1716547800000,67411.8,67424.1,67365.5,67381.3
1716548100000,67372.1,67384.7,67286.7,67311.5
1716548400000,67318.4,67380.3,67298.2,67336.8
1716548700000,67350.2,67422.1,67328.6,67403.2
1716549000000,67406,67432.9,67377,67420.1
1716549300000,67419.7,67434,67356.4,67365
1716549600000,67364.7,67410,67358.5,67367.3
1716549900000,67366.4,67393.4,67273.5,67282.2
1716550200000,67280.2,67333.3,67280.2,67316.2
1716550500000,67328.9,67355.8,67251.1,67297.2
1716550800000,67285.6,67308.1,67231.1,67270
1716551100000,67264.3,67301.2,67244.4,67273.8
1716551400000,67277.1,67341.8,67234.7,67341.1
1716551700000,67327.7,67403.7,67277.9,67312.5
1716552000000,67297.9,67373.7,67293.1,67320.9
1716552300000,67318.9,67429.4,67313.1,67408.9
1716552600000,67407.3,67461,67388.5,67430.8
1716552900000,67441.9,67475.3,67410.5,67418.5
1716553200000,67423.5,67479.2,67405,67450.3
1716553500000,67456.6,67528.7,67366.5,67384.1
1716553800000,67383.6,67423.5,67343.5,67383
1716554100000,67383.2,67436.3,67340.4,67360.8
1716554400000,67369.1,67405.6,67335.4,67367.6
1716554700000,67367.6,67408.6,67345.1,67381.2
1716555000000,67382.8,67512.6,67376.7,67462.6
1716555300000,67471.1,67527.8,67439.7,67470.7
1716555600000,67455.3,67572.1,67450.1,67493.8
1716555900000,67486.3,67491.2,67307.7,67350.2
1716556200000,67338.6,67343.4,67283.7,67287.2
1716556500000,67288.3,67351.9,67239.2,67253.8
1716556800000,67265.8,67311.5,67208.2,67303.7
1716557100000,67304,67396.5,67273.7,67379
1716557400000,67377.1,67398.9,67205.3,67392.5
1716557700000,67380.8,67420.1,67158.3,67223.7
1716558000000,67228.8,67347.7,67194.2,67305.8
1716558300000,67316.6,67345.2,67119,67171.2
1716558600000,67171.2,67177.2,66889.5,66906.9
1716558900000,66906.5,67081.1,66893.6,67034.5
1716559200000,67029.8,67250.7,67029.8,67074.5
1716559500000,67084.7,67107.6,66946.2,67033
1716559800000,67060.6,67169,67029.5,67127
1716560100000,67127,67268.5,67127,67267.6
1716560400000,67266.6,67585,67232.2,67575.8
1716560700000,67535.8,67895.8,67518.6,67767.4
1716561000000,67767.9,67998.4,67708.9,67876.3
1716561300000,67898.8,67974.9,67811.7,67849.9
1716561600000,67839.7,67895.1,67671.6,67676.2
1716561900000,67673.6,67794.5,67673.3,67702.6
1716562200000,67708.9,67910.3,67688.3,67848.1
1716562500000,67849.2,67883,67780.4,67822.8
1716562800000,67828.2,68171.2,67826.5,68116.5
1716563100000,68118.3,68180.1,68074.5,68129.7
1716563400000,68128.9,68291.1,68114.9,68155.4
1716563700000,68157.1,68381.2,68088.5,68366.5
1716564000000,68382.9,68382.9,68135.3,68206.1
1716564300000,68209.3,68271.2,68175.9,68178.4
1716564600000,68180.6,68321.1,68161.2,68321.1
1716564900000,68329.4,68355.2,68156.4,68156.4
1716565200000,68156.2,68196.2,68091.6,68140.6
1716565500000,68137,68242.4,68107.1,68237.6
1716565800000,68242.3,68273.2,68162.6,68201.7
1716566100000,68199.8,68305.2,68129.8,68293.2
1716566400000,68291.1,68434.6,68246.7,68247.1
1716566700000,68246.9,68246.9,68092.4,68155.4
1716567000000,68155.3,68258.2,68043.2,68059
1716567300000,68041.9,68190.3,68035.1,68126.5
1716567600000,68125.5,68130.9,67892.9,68021.1
1716567900000,68021.1,68098.3,68021.1,68076.9
1716568200000,68078.6,68217,68067.2,68208
1716568500000,68208.1,68208.1,68063.4,68109
1716568800000,68113.9,68241.2,68089.1,68205.9
1716569100000,68205.9,68275,68149.1,68229.2
1716569400000,68229.2,68353.7,68188.9,68346.5
1716569700000,68341.4,68357.5,68263.8,68353.1
1716570000000,68352.3,68608.6,68351.5,68528.2
1716570300000,68529.4,68545.6,68400.3,68448.4
1716570600000,68450.2,68506.1,68427.5,68487
1716570900000,68487,68561.2,68447.1,68557.1
1716571200000,68557.1,68619.2,68524.4,68565.8
1716571500000,68565.8,68609.7,68514.3,68526.8
1716571800000,68523.6,68692.2,68517.8,68687.7
1716572100000,68687.7,68725,68666.7,68683
1716572400000,68681.4,68694.5,68621.8,68665.3
1716572700000,68675.6,68689.4,68591.3,68625.2
1716573000000,68625.2,68759.8,68614.7,68728.4
1716573300000,68732.1,68901.1,68726.6,68874.2
1716573600000,68880.2,69016,68815.2,68984.7
1716573900000,68987.8,69100.5,68975.1,69092.8
1716574200000,69095.9,69135.1,69083.8,69102.8
1716574500000,69101.7,69151.2,69042.4,69125.7
1716574800000,69131,69181.2,68984,68989
1716575100000,69008.6,69052,68968.4,69033.1
1716575400000,69041.2,69041.2,68857.6,68859.8
1716575700000,68863,68964.3,68800.9,68922.7
1716576000000,68923.4,68984.1,68910.2,68957.6
1716576300000,68956.6,68985.7,68915.4,68956.8
1716576600000,68956.8,68959.1,68852.3,68896.9
1716576900000,68894.9,69003.1,68879.2,68932.9
1716577200000,68933.6,68933.6,68758.5,68837
1716577500000,68837,68868.5,68725.4,68753.3
1716577800000,68753.3,68813.5,68744.9,68806.4
1716578100000,68806.1,68942.8,68802,68935.6
1716578400000,68936.2,68963.8,68915.2,68952.4
1716578700000,68952.6,68961.3,68855.2,68861.7
1716579000000,68852.3,68936.2,68807.2,68889.2
1716579300000,68889.2,68913.1,68822.9,68910.6
1716579600000,68911.1,68954.5,68887.6,68892.2
1716579900000,68892.2,68945.8,68875.6,68906.6
1716580200000,68910.5,69004,68908.4,68994.1
1716580500000,68995.1,69224.1,68992.8,69103.2
1716580800000,69098.4,69169.6,69020.8,69036.5
1716581100000,69050,69181.1,69050,69142.1
1716581400000,69146.3,69146.3,69052.7,69068.1
1716581700000,69070.4,69070.4,68904.6,68923.4
1716582000000,68923.5,68927.9,68875.3,68901.1
1716582300000,68895.8,68901.1,68878.7,68886.2
1716582600000,68880.7,68928.4,68876.9,68887.1
1716582900000,68888.6,68953.1,68887.9,68889.5
1716583200000,68888.8,68954.8,68888.8,68954.8
1716583500000,68950.8,68961.1,68890,68960.8
1716583800000,68960.9,68987,68960.9,68982.4
1716584100000,68980.5,68980.5,68890.5,68890.7
1716584400000,68772.9,68843,68767.3,68841.1
1716584700000,68842.5,68886.5,68841.1,68878
1716585000000,68877.9,68939.5,68743.9,68770.4
1716585300000,68770.4,68854.5,68711.7,68830.1
1716585600000,68830.1,68830.1,68734.8,68739.8
1716585900000,68739.7,68774.8,68722.8,68723
1716586200000,68723.1,68834.9,68722.2,68834.9
1716586500000,68834.9,68878.4,68816.8,68858
1716586800000,68858,68877.5,68801.1,68801.1
1716587100000,68798.2,68808.8,68727.5,68805.4
1716587400000,68802,68805.3,68735.2,68785.1
1716587700000,68783.4,68813.3,68749.7,68803
1716588000000,68802.4,68806.7,68751.2,68766
1716588300000,68765.8,68765.8,68723.8,68737.7
1716588600000,68737.7,68737.7,68680.9,68727.8
1716588900000,68725.9,68731,68682,68697.8
1716589200000,68698.1,68700.3,68658.6,68688.6
1716589500000,68690.9,68727.8,68666.3,68686.6
1716589800000,68690.9,68756.5,68690.9,68722.6
1716590100000,68732.1,68742.9,68723.8,68736
1716590400000,68736,68762.6,68728.9,68742.3
1716590700000,68742.3,68742.3,68603.3,68648.1
1716591000000,68652.9,68689,68652.9,68679.2
1716591300000,68681.9,68718.5,68677.9,68712.3
1716591600000,68711.5,68711.5,68647.4,68690.6
1716591900000,68694.1,68706.5,68645.9,68645.9
1716592200000,68646.7,68675.4,68613.8,68668.9
1716592500000,68668.1,68668.1,68614.8,68634.7
1716592800000,68633,68655.6,68628.7,68639
1716593100000,68638.9,68648.9,68595.3,68599
1716593400000,68596.4,68596.4,68536.1,68556.7
1716593700000,68559.4,68592.6,68547.1,68570.1
1716594000000,68570.1,68576.6,68508,68552.1
1716594300000,68552.1,68552.1,68477.9,68502.3
1716594600000,68502.4,68504.9,68449.8,68463.5
1716594900000,68462.6,68483.5,68446.1,68482.8
1716595200000,68480.4,68503.8,68422.3,68482.1
1716595500000,68482.1,68524.9,68472.8,68524.5
1716595800000,68524.4,68594.5,68516.5,68589.9
1716596100000,68589.9,68609.8,68535.5,68581.9
1716596400000,68580.4,68580.4,68524.4,68557.8
1716596700000,68554.6,68565.2,68526.3,68565.2
1716597000000,68565.3,68570.8,68520.5,68520.5
1716597300000,68517.9,68559.9,68517.9,68526.4
1716597600000,68525.6,68542.8,68503.1,68503.6
1716597900000,68503.6,68541.7,68485.4,68540.8
1716598200000,68540,68553.5,68495,68495
1716598500000,68494.4,68495.6,68436,68460
1716598800000,68463.2,68508.3,68460,68508.2
1716599100000,68508.2,68572.6,68508.2,68570.8
1716599400000,68570,68570,68515.6,68551.1
1716599700000,68551.1,68585.3,68541.1,68582.7
1716600000000,68592.2,68620.3,68540.2,68594.4
1716600300000,68596.1,68628.9,68575.9,68624.7
1716600600000,68630.1,68642.8,68545.8,68606.3
1716600900000,68606.3,68606.3,68534.9,68551.1
1716601200000,68552.3,68608.5,68531.3,68582.9
1716601500000,68584.6,68634.9,68577.4,68578.1
1716601800000,68572.4,68607.2,68569.6,68581.9
1716602100000,68581.9,68584.9,68532,68533.5
1716602400000,68533.2,68583.7,68524,68577.6
1716602700000,68577.7,68577.7,68527,68562.2
1716603000000,68562.2,68636.6,68541.3,68634
1716603300000,68635.4,68695.5,68635.4,68671.7
1716603600000,68670.4,68722,68666.6,68713.7
1716603900000,68713.7,68751.4,68670.3,68679.6
1716604200000,68678.6,68707.4,68675.4,68676.9
1716604500000,68676.9,68676.9,68624.9,68627.3
1716604800000,68630.4,68668.3,68627.9,68631.8
1716605100000,68634.4,68687.1,68630.2,68681
1716605400000,68681,68703.7,68667.4,68698.6
1716605700000,68701,68741.8,68698.6,68734.9
1716606000000,68739,68826,68731.5,68814
1716606300000,68813.9,68813.9,68679,68679
1716606600000,68679,68681.3,68640.9,68643
1716606900000,68644.9,68644.9,68571.4,68633.5
1716607200000,68634.9,68643.2,68609.4,68618.1
1716607500000,68618,68645.9,68614.5,68639
1716607800000,68640.1,68658.5,68606.6,68648.2
1716608100000,68648.2,68669.4,68632.6,68644
1716608400000,68644,68646,68593.4,68626.7
1716608700000,68626.8,68659,68606.9,68655.7
1716609000000,68655.8,68728.5,68650,68705.5
1716609300000,68704.2,68704.2,68668,68668
1716609600000,68664.1,68683.3,68613.6,68667.3
1716609900000,68667.5,68706.2,68667.5,68706.2
1716610200000,68708.3,68733.5,68665.2,68671
1716610500000,68668.2,68744.7,68667.9,68688.2
1716610800000,68688.3,68688.3,68613.6,68642.8
1716611100000,68642.8,68646.6,68601,68634.8
1716611400000,68642.1,68683.9,68611.5,68674
1716611700000,68674.1,68733.3,68666.6,68696.8
1716612000000,68698.1,68704.9,68648.3,68661.7
1716612300000,68665.3,68728.2,68663.5,68691.3
1716612600000,68690.5,68703,68652,68668.3
1716612900000,68667.7,68712.7,68664.3,68685.3
1716613200000,68685.4,68699.6,68670.9,68680.2
1716613500000,68680.2,68681.8,68637,68674.7
1716613800000,68672.4,68698.6,68658.6,68681
1716614100000,68684.3,68709.7,68684.3,68704.5
1716614400000,68704.5,68704.5,68665.2,68669
1716614700000,68671.1,68715.3,68671.1,68699.8
1716615000000,68701.2,68725.3,68697.9,68701.2
1716615300000,68701.2,68701.2,68637.5,68637.5
1716615600000,68637.5,68659.1,68618,68620.9
1716615900000,68620.8,68650.4,68620.6,68638.3
1716616200000,68635.7,68651.9,68628.2,68634.8
1716616500000,68636.1,68649.8,68619.9,68630.9
1716616800000,68633,68650.5,68626.5,68626.5
1716617100000,68628.8,68666,68605.3,68662.4
1716617400000,68661.2,68661.8,68616.5,68627.1
1716617700000,68628.1,68628.6,68594.3,68594.3
1716618000000,68590.8,68612.8,68584.9,68612.8
1716618300000,68608.1,68619.3,68605.3,68616.2
1716618600000,68618.1,68618.1,68540.6,68546.9
1716618900000,68543.5,68575.7,68534.1,68572.8
1716619200000,68572.5,68581,68555.8,68573.4
1716619500000,68573.3,68591.1,68555.8,68585
1716619800000,68585.5,68585.5,68544.5,68566.2
1716620100000,68569.2,68587.1,68553.6,68573.9
1716620400000,68620.3,68621.6,68589.9,68592.9
1716620700000,68594.1,68645.3,68592.4,68622.5
1716621000000,68623,68623.2,68607.1,68623
1716621300000,68623.1,68631.2,68606.4,68611.6
1716621600000,68613.7,68684.5,68605.7,68677.5
1716621900000,68677.2,68769.9,68677.2,68734.3
1716622200000,68741.8,68741.8,68681.5,68688.4
1716622500000,68682.6,68691.1,68656.9,68664.1
1716622800000,68676.9,68697.1,68664.1,68682.9
1716623100000,68684.1,68685,68668.5,68682.9
1716623400000,68682.2,68733.3,68679.7,68728.5
1716623700000,68733.3,68734.2,68702.9,68713.5
1716624000000,68710.9,68786.2,68710.9,68749.7
1716624300000,68747.4,68751.2,68703.1,68751
1716624600000,68751,68782.8,68750.8,68782.5
1716624900000,68781.4,68913.6,68761.1,68900.1
1716625200000,68899.9,68917.8,68864.1,68877.6
1716625500000,68864.1,68903.6,68864.1,68896.6
1716625800000,68898,69017.9,68892.7,68956.3
1716626100000,68959.7,68981.1,68894.1,68910.1
1716626400000,68907.3,68910.1,68850.2,68870.2
1716626700000,68870.2,68870.6,68821.9,68842.2
1716627000000,68826.7,68842.3,68793.9,68836.5
1716627300000,68841.5,68850.7,68825.1,68845.6
1716627600000,68843,68845.6,68811.2,68839.9
1716627900000,68837.3,68902.6,68826.2,68884.2
1716628200000,68876.7,68905.4,68860.1,68893.8
1716628500000,68894,68961.7,68890.8,68949.8
1716628800000,68954,68993.7,68910.4,68969.2
1716629100000,68972.9,69059,68958.7,69042.2
1716629400000,69038.3,69132.8,69027.4,69099.9
1716629700000,69100.5,69101.2,69005.5,69043.3
1716630000000,69038.5,69046.1,69009.8,69012.9
1716630300000,69013,69050.6,68972.6,69002.3
1716630600000,69002.1,69037.1,68991.1,69035.1
1716630900000,69037.1,69061.1,69030.2,69055.2
1716631200000,69059.3,69069.1,69011.2,69024.1
1716631500000,69023.7,69027.1,69003.7,69019.7
1716631800000,69019.1,69082,69009.9,69082
1716632100000,69071.1,69082,69046.9,69053.9
1716632400000,69056.9,69061.2,69032,69061.2
1716632700000,69059,69061.2,68976,69015.9
1716633000000,69015.3,69101.7,69005.2,69078.2
1716633300000,69073.2,69088.5,69059.9,69083.4
1716633600000,69084.6,69189.3,69075.8,69182.5
1716633900000,69177.2,69372,69174.4,69359.3
1716634200000,69360.2,69422.6,69343.6,69417.2
1716634500000,69396.9,69421.2,69320.6,69348.2
1716634800000,69361.3,69361.3,69303.8,69321.9
1716635100000,69313.1,69448,69313.1,69391.7
1716635400000,69396.5,69520.6,69387.1,69460.5
1716635700000,69470.2,69528.6,69457.7,69478.7
1716636000000,69478.8,69508.4,69436.5,69490.1
1716636300000,69489.5,69564.2,69482.1,69531
1716636600000,69524.8,69541.7,69417.2,69440.3
1716636900000,69440.3,69452.8,69400.4,69400.4
1716637200000,69406.6,69408.7,69361.3,69384.6
1716637500000,69384.7,69397.3,69299.8,69330
1716637800000,69325.1,69336.5,69220.2,69230
1716638100000,69230,69230,69080,69089.8
1716638400000,69089.8,69144.3,69002.2,69015.2
1716638700000,69015.2,69113.2,68998.6,69061.3
1716639000000,69070.7,69123.5,69057.6,69120.1
1716639300000,69120.8,69211.2,69102.3,69196.8
1716639600000,69196.6,69261.1,69196.4,69237.7
1716639900000,69238.5,69239.2,69145.2,69180.6
1716640200000,69179.1,69187.6,69119.4,69163.6
1716640500000,69165.2,69189.8,69124.7,69180.2
1716640800000,69179.4,69190.8,69122.5,69137.7
1716641100000,69136.9,69138,69051.8,69070.1
1716641400000,69073.9,69073.9,69041,69061.3
1716641700000,69061.2,69095.2,69061.1,69083
1716642000000,69080.2,69159.7,69080.1,69140.4
1716642300000,69137.2,69172,69126.1,69165.1
1716642600000,69164,69164,69111.2,69127.5
1716642900000,69128.5,69154.7,69117.8,69144
1716643200000,69143.8,69175.8,69102.3,69132.7
1716643500000,69131.2,69192.4,69091.3,69185.1
1716643800000,69186.8,69193.8,69140.8,69161.3
1716644100000,69158.5,69161.3,68867.9,68940.5
1716644400000,68948.3,69015.1,68944,68987.2
1716644700000,68986.2,68999.3,68901.3,68928.1
1716645000000,68931.4,69017.5,68912.4,69002.4
1716645300000,69003.5,69009,68943.4,68992.1
1716645600000,68992.6,69045.1,68991.3,69016.6
1716645900000,69024,69028.8,68978.6,69007.6
1716646200000,69013.1,69019,68935.2,68963.4
1716646500000,68951.6,69018.9,68951.6,68988.6
1716646800000,68987.9,68989.4,68922.7,68981.2
1716647100000,68980.4,69001.3,68970,68992.6
1716647400000,68997.2,69027.5,68971.2,69004.1
1716647700000,69004.9,69004.9,68926,68961.2
1716648000000,68958.8,68989.1,68941.8,68973.4
1716648300000,68976.5,69011.1,68935.9,69011.1
1716648600000,69010.2,69045.1,69000.8,69024
1716648900000,69023,69026,68981.2,69002.4
1716649200000,69004.2,69032.2,68981.2,69010.7
1716649500000,69011.2,69120.1,69010.3,69091
1716649800000,69091.2,69164.8,69085,69134.9
1716650100000,69135.5,69171.5,69101.1,69101.1
1716650400000,69101.2,69164.7,69101.2,69142.9
1716650700000,69140.8,69142.9,69076.8,69077.4
1716651000000,69079,69117.9,69068.8,69082.5
1716651300000,69081.9,69083.8,69041.2,69075.8
1716651600000,69059.7,69081.8,69015.3,69059.2
1716651900000,69061.1,69061.1,68977.5,69007.3
1716652200000,69006.2,69007.3,68948.3,68961.2
1716652500000,68961.2,68961.2,68828.2,68902.4
1716652800000,68901.3,68946,68871.9,68905.6
1716653100000,68910.2,68914.6,68823.4,68914.6
1716653400000,68912.8,68926.3,68856.7,68881.1
1716653700000,68880.6,69012.1,68869.6,68967.5
1716654000000,68971.3,68978.5,68938.2,68952.9
1716654300000,68953,68982.5,68942.8,68953.4
1716654600000,68951.4,68962.1,68912.8,68949.6
1716654900000,68950.7,68950.7,68934,68950.7
1716655200000,68949.1,68950.7,68893.9,68901.8
1716655500000,68902.3,68910.7,68881.2,68902.4
1716655800000,68902.7,68902.7,68872.2,68901.2
1716656100000,68901.9,68911.2,68897.8,68902.7
1716656400000,68905.1,68926.7,68903.9,68921.2
1716656700000,68922.4,68929.3,68887.3,68912.1
1716657000000,68911.8,68957.1,68911.5,68954.7
1716657300000,68953.4,68957.1,68925.2,68930.3
1716657600000,68930.1,69015.2,68930.1,69013.4
1716657900000,69015.2,69019.3,68970.3,68979.9
1716658200000,68979.3,68979.9,68936.2,68959.6
1716658500000,68963.7,68969,68936.2,68959.9
1716658800000,68964.9,68992.2,68956.5,68977.3
1716659100000,68979.3,69001.1,68968,68993.1
1716659400000,68991.7,69069.1,68990.4,69046.3
1716659700000,69063.9,69063.9,69001.4,69026.3
1716660000000,69021.7,69088.6,69021.7,69075.1
1716660300000,69077.7,69137.2,69060.1,69129.1
1716660600000,69137.2,69171.1,69129.1,69147.9
1716660900000,69149.1,69199.8,69112.2,69195.1
1716661200000,69195.7,69195.7,69161.5,69175.5
1716661500000,69176.1,69176.7,69132.2,69165.6
1716661800000,69157.2,69167.3,69106.5,69134.1
1716662100000,69133.3,69134.8,69098.1,69122.6
1716662400000,69128.4,69132.7,69089.1,69089.8
1716662700000,69091.6,69146.3,69091.6,69144.1
1716663000000,69145.2,69174.1,69135.1,69174.1
1716663300000,69171.8,69183.9,69170.3,69172.7
1716663600000,69174.4,69227.8,69171.5,69194.1
1716663900000,69195.2,69217.5,69178.2,69179.2
1716664200000,69179.8,69182.4,69126.9,69131.8
1716664500000,69133.4,69151.3,69120.7,69132.7
1716664800000,69136.3,69136.3,69103.7,69126.2
1716665100000,69125.5,69136.5,69107.6,69132.7
1716665400000,69135.6,69136.5,69108.5,69113.9
1716665700000,69114.1,69115.2,69081.3,69090.9
1716666000000,69091.1,69105.5,69060.4,69104.6
1716666300000,69105.1,69110.1,69092.5,69093.9
1716666600000,69094.2,69149.1,69093.6,69137
1716666900000,69138.4,69139.1,69113.6,69115
1716667200000,69115.2,69152.8,69112.9,69138.1
1716667500000,69138.3,69155.4,69114.1,69154.7
1716667800000,69152.8,69185.1,69149.9,69150.6
1716668100000,69151.4,69165.1,69128.8,69129.2
1716668400000,69129.6,69129.6,69104.8,69108.4
1716668700000,69108.2,69108.2,69060.4,69069.9
1716669000000,69069.1,69071.2,69041.2,69060.6
1716669300000,69040.5,69064,69035.2,69055.5
1716669600000,69057.8,69073.1,69034.3,69072.2
1716669900000,69070.8,69078.2,69057.9,69077.7
1716670200000,69079.1,69100.8,69079.1,69100.6
1716670500000,69101.9,69102.1,69073.2,69073.8
1716670800000,69030.4,69085.1,69018.3,69057.1
1716671100000,69058.2,69064.8,69042.7,69043.1
1716671400000,69043.6,69054.3,69035.8,69043.9
1716671700000,69043.8,69052.5,69035.8,69049.6
1716672000000,69049.5,69060.1,69045.4,69060.1
1716672300000,69059.4,69125.7,69059.4,69124.5
1716672600000,69125.7,69137.6,69085.7,69086.8
1716672900000,69087.7,69089.7,69086.8,69088
1716673200000,69089.7,69115.1,69088,69113.1
1716673500000,69115.1,69115.1,69064,69065.4
1716673800000,69066.8,69066.8,69015.1,69017.2
1716674100000,69015.7,69106.1,69011.2,69100.2
1716674400000,69076.6,69126.8,69053.4,69077.5
1716674700000,69078.4,69098.9,69077.5,69088.5
1716675000000,69085,69085.2,69051.9,69051.9
1716675300000,69061,69069.3,69048.9,69049.5
1716675600000,69048.9,69081.1,69048.9,69080.2
1716675900000,69080.6,69081.1,68989.4,69033.5
1716676200000,69029.1,69035.2,69025.4,69028.8
1716676500000,69029.9,69061.2,69028.4,69051.8
1716676800000,69050.4,69077.1,69049.6,69077.1
1716677100000,69076.2,69077.1,69072,69074.7
1716677400000,69077,69083.9,69068.3,69081.9
1716677700000,69083.9,69096,69066.4,69087.4
1716678000000,69087.1,69208.7,69084.7,69208.7
1716678300000,69209.9,69324.7,69209.8,69282.2
1716678600000,69279.7,69284,69249.5,69255.8
1716678900000,69254.7,69295.1,69218.9,69250.1
1716679200000,69250.7,69311.1,69243.3,69310.7
1716679500000,69310.3,69319.8,69263.2,69305.2
1716679800000,69310.2,69320.5,69275.5,69275.5
1716680100000,69279.6,69279.6,69236.6,69259
1716680400000,69254.2,69259,69219.3,69229.4
1716680700000,69229.7,69229.7,69203.1,69222.8
1716681000000,69217.7,69238.5,69210.9,69235.3
1716681300000,69236.5,69257.1,69224.9,69251.7
1716681600000,69252.1,69280.5,69196.6,69218
1716681900000,69219.6,69219.6,69162.1,69193.4
1716682200000,69159.7,69206.6,69159.7,69192
1716682500000,69190.5,69193.8,69183.6,69185.2
1716682800000,69183,69183,69162.8,69173.1
1716683100000,69149.3,69167.7,69127.2,69155
1716683400000,69157,69166.9,69155.9,69158.2
1716683700000,69157.2,69159.1,69124,69130.3
1716684000000,69124.1,69157,69124.1,69149
1716684300000,69146.1,69154.6,69126.9,69146.5
1716684600000,69150.8,69150.8,69123,69123
1716684900000,69124.6,69126.6,69113.3,69114
1716685200000,69113.7,69137.2,69113,69124.9
1716685500000,69125.3,69141.1,69124.6,69139.7
1716685800000,69137.2,69174.1,69137.2,69173
1716686100000,69169.6,69222.9,69138.2,69179.4
1716686400000,69178.2,69186.2,69155.5,69183.5
1716686700000,69184.9,69211.8,69177.2,69205.2
1716687000000,69205.2,69205.2,69158.8,69162.7
1716687300000,69158.8,69161.6,69140,69161.6
1716687600000,69160.4,69161.6,69116.4,69140.6
1716687900000,69140.2,69140.6,69120.3,69122.9
1716688200000,69122.2,69169.1,69119.1,69153.3
1716688500000,69151.6,69156.5,69123.7,69123.7
1716688800000,69123.6,69141,69117.9,69122.6
1716689100000,69130.1,69132.5,69101.2,69102.3
1716689400000,69103.3,69103.3,69058.9,69078.4
1716689700000,69079.1,69101.1,69068,69068.3
1716690000000,69068.3,69068.3,68849.4,68897.2
1716690300000,68896.7,68940.8,68886.5,68938
1716690600000,68940.8,68947.2,68886.7,68902.8
1716690900000,68903,68928.9,68813.7,68849.2
1716691200000,68854.4,68878.4,68824.3,68843.7
1716691500000,68842.8,68883.8,68800.9,68865.2
1716691800000,68867.3,68892.2,68855.6,68877.2
1716692100000,68873.2,68898.8,68861.1,68865.2
1716692400000,68864.4,68899.1,68855.2,68871.7
1716692700000,68870.6,68891.2,68844.2,68888
1716693000000,68888.9,68936.7,68886.4,68922.6
1716693300000,68921.2,68954.9,68889.2,68908.6
1716693600000,68907.5,68919.8,68881.4,68895.4
1716693900000,68893,68911.8,68880.5,68901
1716694200000,68900.9,68913,68888.9,68911.2
1716694500000,68916.6,68977.2,68911.7,68968.1
1716694800000,68969.9,68982.3,68938.1,68981.1
1716695100000,68982.2,69099.5,68962.2,69098.1
1716695400000,69097.1,69099,69026.7,69072
1716695700000,69072,69075.7,68996,69034.8
1716696000000,69035.5,69035.5,68957.8,68960.5
1716696300000,68961.2,68985.1,68933.8,68940.1
1716696600000,68940.6,68942,68909.6,68911.2
1716696900000,68909.6,68957,68906.7,68953.2
1716697200000,68954.6,68976.2,68946.6,68955.3
1716697500000,68956.8,68975.4,68952.6,68973.1
1716697800000,68971.6,68974.9,68911.2,68914.7
1716698100000,68923.5,68933.1,68899.3,68933.1
1716698400000,68930.9,68959.8,68928.3,68959.8
1716698700000,68957.9,68959.8,68911.2,68912.2
1716699000000,68911.7,68950.8,68911.2,68947.1
1716699300000,68950.8,68953.1,68928.4,68938.3
1716699600000,68939.5,68950.9,68905.1,68919.3
1716699900000,68915.7,68924.9,68897.3,68914.1
1716700200000,68913.7,68916.3,68893.3,68900.8
1716700500000,68899.7,68946.7,68894.5,68938.6
1716700800000,68939.1,68945.2,68930.4,68933.8
1716701100000,68945.2,68961.1,68928.5,68930.6
1716701400000,68932.5,68995.2,68917.7,68993.7
1716701700000,68992.3,69036.3,68978.2,69023.2
1716702000000,69022.4,69025.1,69006.3,69010.2
1716702300000,69017.8,69030.5,68984.6,69027.8
1716702600000,69030.5,69061.3,69024.7,69049.7
1716702900000,69051.4,69103.5,69048.4,69102.1
1716703200000,69103.5,69155.1,69077.4,69086.2
1716703500000,69088,69141.1,69085,69127.4
1716703800000,69129.1,69151.5,69122.4,69129.2
1716704100000,69130.2,69131.2,69072.2,69072.5
1716704400000,69077.8,69096.3,69059.7,69061.4
1716704700000,69060,69080.9,69057.8,69062.5
1716705000000,69062.4,69076.9,69057.2,69064.2
1716705300000,69069.8,69069.8,69024.6,69030.4
1716705600000,69029.8,69033.7,69007.4,69023.8
1716705900000,69023.8,69057.1,69023.8,69056.1
1716706200000,69057.1,69076.5,69015.7,69043.6
1716706500000,69041.6,69071.2,69028.7,69066.3
1716706800000,69065.7,69093.9,69058.9,69071.9
1716707100000,69088.9,69115.2,69058.2,69094.3
1716707400000,69101.2,69129,69076.7,69093.9
1716707700000,69101.2,69120.8,69075.8,69101.6
1716708000000,69108.5,69121.2,69089.9,69100.3
1716708300000,69089.9,69138.5,69089.9,69132.8
1716708600000,69127.1,69406.2,69116.7,69358.1
1716708900000,69358.1,69389.5,69309.9,69321.6
1716709200000,69321.5,69346.7,69279.9,69309.7
1716709500000,69314.6,69337.1,69236.2,69236.2
1716709800000,69252.6,69272.4,69235.2,69261.2
1716710100000,69262.2,69309.4,69247.8,69308.2
1716710400000,69301.3,69309.1,69239.8,69244.7
1716710700000,69241.2,69308.7,69217,69307.9
1716711000000,69307.2,69447.9,69279.7,69431.8
1716711300000,69428.2,69517.7,69360.9,69363.2
1716711600000,69366.8,69373,69261.2,69262.6
1716711900000,69264,69283.5,69232.9,69268.8
1716712200000,69261.1,69300.3,69209.3,69226.2
1716712500000,69226.2,69226.2,69141.2,69170.6
1716712800000,69173.3,69186.9,69134.5,69151.2
1716713100000,69152.2,69152.2,69038.1,69041.9
1716713400000,69042.7,69088.7,69023.3,69075.2
1716713700000,69065,69125,69044.2,69121.1
1716714000000,69125.1,69178.1,69118.9,69155
1716714300000,69151.8,69191.7,69132,69189.5
1716714600000,69189.5,69211.2,69149.7,69200.9
1716714900000,69199.3,69215.2,69125.1,69145.1
1716715200000,69147.2,69150.2,69052,69069.4
1716715500000,69063.8,69070.5,69038.9,69046.2
1716715800000,69042.1,69047,68966,69002.1
1716716100000,69004.7,69004.7,68954.8,68986.6
1716716400000,68988.7,69015.4,68965.5,69012.3
1716716700000,69009.2,69030.5,68953.3,68993.1
1716717000000,68991.9,69027.5,68991.9,69021.6
1716717300000,69020,69054.4,69010.8,69049.2
1716717600000,69047.7,69097.1,69039.7,69055.4
1716717900000,69047.7,69081.2,69047.7,69076.5
1716718200000,69078.8,69112.8,69067.5,69090.6
1716718500000,69089.1,69112.7,69080.6,69088.3
1716718800000,69082.2,69111.1,69067.4,69067.6
1716719100000,69068.6,69104.9,69068.6,69085.5
1716719400000,69090,69115.9,69083.1,69096.3
1716719700000,69101.7,69103.5,69065.2,69102.6
1716720000000,69099.4,69145.2,69095,69132.3
1716720300000,69126,69141.4,69119.3,69137.4
1716720600000,69119.3,69183.6,69115.8,69178.4
1716720900000,69173.3,69184.1,69158.3,69175.6
1716721200000,69168.8,69191.1,69144.4,69172.7
1716721500000,69165.6,69191.1,69146.4,69178.1
1716721800000,69179.2,69187.9,69149.7,69182.8
1716722100000,69171,69191.1,69120.3,69141.2
1716722400000,69143.9,69153.2,69087.8,69107.6
1716722700000,69108.2,69111.3,69059.7,69071.2
1716723000000,69073.8,69093.3,69042.8,69046.3
1716723300000,69042.8,69055.5,69010.2,69049.8
1716723600000,69049.8,69075.2,69030,69069.7
1716723900000,69062.8,69096.8,69025.2,69049.5
1716724200000,69052,69076.7,69023.4,69069.1
1716724500000,69066.6,69111.2,69051.2,69096.1
1716724800000,69091.8,69104.9,69052.7,69091.4
1716725100000,69091.7,69104.8,69078.6,69097.9
1716725400000,69094.6,69108.1,69001.1,69021.6
1716725700000,69026.7,69026.7,68955.1,68969.6
1716726000000,68963,68973.6,68934.8,68943
1716726300000,68943,69000.9,68931.8,68973.6
1716726600000,68979.7,68979.7,68934.5,68945.7
1716726900000,68946.8,68995,68918.6,68972.8
1716727200000,68970.5,69021.2,68950.7,68984.2
1716727500000,68978.7,68994.9,68933.8,68943.8
1716727800000,68943.5,68957.6,68930.3,68941.8
1716728100000,68942.1,68963.3,68929.6,68954.4
1716728400000,68949.2,68977.4,68942.3,68955.7
1716728700000,68955.7,68957.9,68922.9,68940.6
1716729000000,68935.9,68946,68920.9,68941.5
1716729300000,68934.6,68972.2,68933.4,68967.3
1716729600000,68972.2,69026.8,68965.7,69013.1
1716729900000,69015,69015.6,68973.2,69002
1716730200000,69002,69020.6,68948.5,69016.9
1716730500000,69020.6,69033.3,68948.7,68959.4
1716730800000,68955.3,68965.7,68914.5,68948.4
1716731100000,68951.5,69012.2,68915.1,69012.2
1716731400000,69013.6,69013.6,68988.1,69004.9
1716731700000,69004.9,69106.2,68995.5,69101.3
1716732000000,69108.1,69175,69090.3,69090.3
1716732300000,69092.7,69092.7,69052.7,69089
1716732600000,69091.2,69104.1,69055.4,69098.6
1716732900000,69101.2,69105.2,69058.5,69060.4
1716733200000,69058.5,69074.1,69025.3,69026.1
1716733500000,69031.1,69065.7,68992.9,69028.2
1716733800000,69033,69073.7,69025.1,69057.2
1716734100000,69056.3,69112.6,69043,69111.2
1716734400000,69111.3,69142.1,69062,69116.3
1716734700000,69116.3,69224.7,69104.1,69211.2
1716735000000,69216,69260,69209.2,69219
1716735300000,69216.8,69273.5,69210.5,69239.5
1716735600000,69239.5,69356.4,69234.6,69297.3
1716735900000,69293.4,69341.2,69235.6,69251.8
1716736200000,69251.5,69251.5,69175.9,69225.3
1716736500000,69225.3,69225.6,69158.3,69163.5
1716736800000,69161.1,69186.7,69116.3,69161.1
1716737100000,69161.2,69245.2,69128.5,69236
1716737400000,69237.8,69241.6,69181.5,69225.4
1716737700000,69225.4,69233.1,69145.1,69149
1716738000000,69165,69182.2,69072.8,69074.5
1716738300000,69075.7,69075.7,68669.1,68705.3
1716738600000,68713.4,68792.2,68648,68783.9
1716738900000,68780.9,68818.2,68771.9,68808.4
1716739200000,68808.8,68927,68792.7,68885.5
1716739500000,68887.6,68906.8,68833.9,68906.4
1716739800000,68906.8,68925.2,68840.7,68884.9
1716740100000,68885.2,68890.2,68749.5,68758.3
1716740400000,68759,68761.3,68671.6,68731.2
1716740700000,68730.4,68733.9,68683.8,68705.6
1716741000000,68705.3,68739.6,68704.2,68705.3
1716741300000,68710.3,68827.2,68705.3,68811.2
1716741600000,68809.5,68880.4,68767.3,68868.7
1716741900000,68871,68934.2,68832.9,68887.6
1716742200000,68892.3,68895.9,68790.2,68804.7
1716742500000,68803,68807.2,68745.6,68759.3
1716742800000,68758.1,68810,68697.2,68795.2
1716743100000,68795.2,68811.2,68776.9,68785.5
1716743400000,68786.1,68811.2,68781,68781
1716743700000,68787.9,68829,68758.9,68829
1716744000000,68837.7,68875,68829.2,68841.8
1716744300000,68841.5,68842.1,68796.3,68799.6
1716744600000,68801,68819.1,68778.6,68808.4
1716744900000,68811.8,68844.9,68781.7,68783.2
1716745200000,68783.2,68849.1,68764.6,68849.1
1716745500000,68849.1,68849.1,68780.5,68783
1716745800000,68780.5,68806.2,68734.2,68757.1
1716746100000,68755.1,68785.1,68701.7,68747.4
1716746400000,68739.3,68771.7,68705.1,68714.5
1716746700000,68716.7,68744.3,68693,68701.3
1716747000000,68701.9,68729.1,68692.1,68698.3
1716747300000,68698.3,68738.1,68676.2,68702.1
1716747600000,68699.8,68713.3,68682.2,68696.3
1716747900000,68698.8,68716.7,68690,68702.5
1716748200000,68701.9,68779.8,68685.3,68773.3
1716748500000,68774.2,68775.2,68699.6,68729.1
1716748800000,68729.2,68744.2,68723.7,68739.3
1716749100000,68734.4,68797.4,68734.4,68780
1716749400000,68780,68800.8,68760.4,68768.3
1716749700000,68768.3,68769.5,68749.2,68754.7
1716750000000,68758.4,68800.9,68754.7,68796.8
1716750300000,68793.8,68850.8,68792.5,68842.3
1716750600000,68839.4,68871,68772.1,68841.3
1716750900000,68841.3,68856.6,68835.9,68854.3
1716751200000,68856.6,68876.7,68816.7,68842.9
1716751500000,68845.2,68845.2,68775.8,68811.7
1716751800000,68811.7,68845.3,68797.2,68837.4
1716752100000,68837.4,68851.2,68801.9,68848.2
1716752400000,68850.9,68853.1,68807.6,68828.6
1716752700000,68828.9,68872.8,68796,68808.2
1716753000000,68811.3,68841.7,68796,68829
1716753300000,68829,68844.4,68817,68839.7
1716753600000,68839.4,68846.2,68813.7,68822.8
1716753900000,68822.8,68841.2,68796.1,68833.6
1716754200000,68833.6,68833.8,68791.7,68817.2
1716754500000,68817.1,68817.3,68765.4,68781.3
1716754800000,68781.3,68781.3,68739.6,68753.8
1716755100000,68753.8,68753.8,68730.5,68737.5
1716755400000,68737.4,68739.3,68718.8,68730.9
1716755700000,68730.9,68730.9,68698.2,68715.5
1716756000000,68715.2,68715.2,68669.5,68681
1716756300000,68681.1,68700.7,68667.4,68695
1716756600000,68692,68700.7,68667.4,68676.9
1716756900000,68679.8,68684.5,68667.4,68673.6
1716757200000,68615.8,68615.8,68514.4,68558.9
1716757500000,68558.9,68565.2,68545.5,68545.6
1716757800000,68545.6,68545.6,68452,68467.6
1716758100000,68472.7,68548,68469.9,68527.7
1716758400000,68524.2,68524.2,68468.1,68493.4
1716758700000,68492.5,68509.5,68492.3,68507.9
1716759000000,68507.9,68507.9,68065.3,68328.8
1716759300000,68328.6,68328.6,68194.5,68214.8
1716759600000,68214.7,68291.4,68214.7,68288.3
1716759900000,68288.3,68313.7,68195.2,68311.3
1716760200000,68312.1,68381.6,68292.9,68354.2
1716760500000,68354.1,68445.3,68353.8,68430.5
1716760800000,68430,68502.4,68398.3,68498.8
1716761100000,68495.5,68512.2,68478.9,68505.2
1716761400000,68506,68541.1,68499.1,68540.1
1716761700000,68539.8,68575.7,68497.6,68540.5
1716762000000,68542.2,68582.8,68542.2,68568
1716762300000,68567.9,68623.4,68567.9,68605.8
1716762600000,68606.7,68638.9,68589.6,68630.1
1716762900000,68630.2,68641.4,68591,68593.8
1716763200000,68619.1,68625.9,68586.8,68617.7
1716763500000,68617.7,68617.7,68561.1,68578.3
1716763800000,68577,68584.7,68546.1,68574.5
1716764100000,68574.5,68574.5,68515.5,68523
1716764400000,68511.2,68525,68461.2,68475.9
1716764700000,68479,68512,68472.7,68481.8
1716765000000,68481.2,68488.5,68454.9,68459.3
1716765300000,68457.4,68475,68394.2,68406.4
1716765600000,68401.3,68415.7,68319.5,68361.2
1716765900000,68359.5,68389.3,68337.4,68369.3
1716766200000,68371.6,68374.5,68310.2,68323.8
1716766500000,68323.8,68408.3,68310.9,68351.3
1716766800000,68351.3,68446,68334.5,68426.6
1716767100000,68426.6,68495.1,68425.1,68477.6
1716767400000,68473.2,68516.8,68471.7,68507.9
1716767700000,68506.9,68531,68461.1,68468.8
1716768000000,68462.5,68501.1,68425.7,68444.8
1716768300000,68444.4,68569.7,68439,68568.5
1716768600000,68569.1,68594.6,68533.8,68554.1
1716768900000,68559.9,68592.1,68548,68580.4
1716769200000,68574.2,68586.6,68533,68550.8
1716769500000,68552.6,68568.2,68512.4,68521.7
1716769800000,68519.7,68615.1,68512.4,68597.3
1716770100000,68598.4,68712.4,68574.8,68688
1716770400000,68722.3,68724.4,68661.1,68676.5
1716770700000,68676.5,68711,68661.1,68705.6
1716771000000,68706.2,68769.1,68682.3,68719.5
1716771300000,68723,68782.9,68694.9,68773.6
1716771600000,68782.6,68790.2,68705.7,68719.6
1716771900000,68712.6,68764,68699.2,68738.9
1716772200000,68736.4,68738.9,68681.7,68697.3
1716772500000,68699.7,68773.1,68681.7,68756.2
1716772800000,68768.6,68768.6,68719.5,68734.4
1716773100000,68739.1,68741.8,68714.9,68740.7
1716773400000,68740.7,68755.6,68726.3,68736.1
1716773700000,68736.4,69069.1,68719.9,69068.2
1716774000000,69071.3,69209.8,69049.1,69109.8
1716774300000,69109.8,69260.1,69097.1,69190.3
1716774600000,69189.1,69199.3,69001.7,69039.9
1716774900000,69039.9,69113.8,69018.3,69019.3
1716775200000,69019.9,69094.2,68987.8,69088.7
1716775500000,69087.2,69087.2,68968.7,69005.2
1716775800000,68996.7,69099.2,68991.6,69098.6
1716776100000,69098.9,69227.1,69080.8,69178.2
1716776400000,69175.9,69242.2,69142.9,69143.5
1716776700000,69144.1,69149.4,69093.3,69119.2
1716777000000,69129.5,69147.7,69047,69062
1716777300000,69075.1,69210.1,69062.2,69202.2
1716777600000,69199.3,69215.3,69064.5,69112.9
1716777900000,69113.8,69144.4,69034.8,69065.2
1716778200000,69053.1,69109.1,69047.7,69068.8
1716778500000,69078.3,69095.3,69036.6,69077
1716778800000,69074.8,69077,69002.2,69037.1
1716779100000,69036.6,69160.2,69015.7,69147
1716779400000,69133.4,69155.6,69042.8,69051.7
1716779700000,69051.4,69070.8,68984.7,69035.4
1716780000000,69017,69057.2,68984.1,69008
1716780300000,69017.2,69048,68978.2,69018.1
1716780600000,69008,69026.5,68955.2,68958.3
1716780900000,68961.2,68965.7,68901.2,68918.4
1716781200000,68922.2,68945.9,68866.2,68880.1
1716781500000,68880.1,68912.4,68861,68869.4
1716781800000,68874.5,68879.4,68785.3,68793.9
1716782100000,68794.1,68841.1,68779.5,68822.3
1716782400000,68822.5,68862.9,68780.7,68794.3
1716782700000,68794.3,68816.9,68765.2,68773.2
1716783000000,68774.6,68823.9,68762.8,68771.9
1716783300000,68771.9,68786.9,68759.1,68782.3
1716783600000,68782.3,68824.8,68761.2,68799.2
1716783900000,68777,68830,68762.1,68802.2
1716784200000,68815.4,68840.7,68761.2,68785.8
1716784500000,68763.6,68819.4,68761.2,68784.9
1716784800000,68784.9,68805.2,68764.3,68771.3
1716785100000,68771.3,68810.3,68757.4,68772.8
1716785400000,68766.3,68773.4,68734.6,68750.1
1716785700000,68752.1,68782.1,68732.1,68745.9
1716786000000,68740.2,68755.8,68704.2,68713.6
1716786300000,68711.5,68722.4,68692.3,68700.8
1716786600000,68705.1,68714.7,68688.8,68696.2
1716786900000,68694.6,68713.1,68632.8,68643.3
1716787200000,68643.3,68670.1,68640.4,68646
1716787500000,68648.8,68651.6,68322.2,68330.7
1716787800000,68329.9,68413.9,68298.1,68398.7
1716788100000,68398.7,68449.1,68352.1,68441.8
1716788400000,68442.3,68514.2,68403.8,68488.5
1716788700000,68498.3,68565.5,68487.5,68511.2
1716789000000,68508.7,68537.7,68508.1,68526.1
1716789300000,68525.8,68535.1,68475.6,68488.3
1716789600000,68491.3,68572.2,68433.7,68505.4
1716789900000,68505.4,68541.7,68479.6,68509.5
1716790200000,68508.3,68560.7,68501.4,68550
1716790500000,68549,68558.2,68498.2,68500.6
1716790800000,68500.6,68514.7,68479.6,68502.7
1716791100000,68502.5,68509.7,68470.7,68504.2
1716791400000,68492.7,68532.1,68470.7,68491.6
1716791700000,68487.7,68496.4,68462.1,68483.3
1716792000000,68483.3,68502,68419.5,68441.2
1716792300000,68443.1,68459.1,68379.5,68391
1716792600000,68391.2,68402.7,68355.7,68389.8
1716792900000,68389.8,68396.7,68349.7,68359.5
1716793200000,68354.4,68418.6,68353.3,68418.6
1716793500000,68417.4,68432.7,68371.1,68416.6
1716793800000,68416.8,68417.1,68368,68375.6
1716794100000,68375.6,68425.8,68298.1,68425.8
1716794400000,68424.7,68510.8,68422.3,68423
1716794700000,68442.9,68501.2,68397.5,68492.7
1716795000000,68496.3,68524.2,68466.6,68466.6
1716795300000,68463.7,68501,68443.2,68492.7
1716795600000,68494.4,68649.3,68492.7,68624.6
1716795900000,68626.7,68675.2,68610.7,68629.4
1716796200000,68628.9,68658.2,68595.1,68609.8
1716796500000,68614.3,68635,68587.7,68604.5
1716796800000,68609.5,68675.2,68594.4,68654.1
1716797100000,68655,68694.9,68651,68694.9
1716797400000,68694.9,68775.1,68677.7,68706.1
1716797700000,68708.4,68750.7,68691.9,68740.6
1716798000000,68739.7,68754.7,68714.5,68739.7
1716798300000,68738.7,68851.7,68738.7,68748.3
1716798600000,68757.5,68777.7,68670.8,68685.8
1716798900000,68688,68752.6,68667.8,68701.5
1716799200000,68713.7,68714.3,68637.9,68641.1
1716799500000,68638.4,68645.2,68513.5,68520.7
1716799800000,68520.1,68548.7,68464.7,68532.3
1716800100000,68532.3,68606.1,68529.9,68570.4
1716800400000,68567.3,68595,68495.6,68527
1716800700000,68517.2,68526.1,68422.8,68431.9
1716801000000,68428.3,68516.4,68385.5,68510.5
1716801300000,68509.7,68544,68412.5,68492.7
1716801600000,68492.7,68529,68455.9,68500.7
1716801900000,68492.5,68559.1,68489.6,68557.3
1716802200000,68542.6,68605.7,68526.7,68567.6
1716802500000,68567,68596.6,68524.5,68539
1716802800000,68527,68572.8,68523.6,68572.8
1716803100000,68572.6,68604.3,68554,68559.6
1716803400000,68571,68603.7,68550.9,68562.2
1716803700000,68566.4,68593,68540.2,68550.3
1716804000000,68552.7,68555.3,68462.8,68486.5
1716804300000,68475.1,68495.6,68417,68495
1716804600000,68481.8,68533.4,68464.7,68530.2
1716804900000,68519.9,68535.1,68489.7,68516.1
1716805200000,68515,68525.2,68486.3,68486.8
1716805500000,68487.2,68502.6,68401.1,68423.7
1716805800000,68413.3,68447.3,68387.9,68447.3
1716806100000,68427.5,68462.1,68418.1,68444.4
1716806400000,68445.2,68452.9,68411.3,68416.7
1716806700000,68416.9,68482.2,68384.6,68481.5
1716807000000,68481.5,68520.4,68467.4,68511.2
1716807300000,68511.2,68541.3,68502.7,68517.1
1716807600000,68522.8,68590.6,68475,68572.2
1716807900000,68573.2,68621.3,68509.1,68511.8
1716808200000,68526.3,68593.5,68511.1,68575.9
1716808500000,68576.9,68576.9,68527.4,68533
1716808800000,68531.2,68542.5,68469.7,68472.7
1716809100000,68507.5,68510.5,68430.6,68439.8
1716809400000,68437,68483.4,68420.9,68434
1716809700000,68453.9,68458.1,68226.6,68254.5
1716810000000,68250.6,68332.2,68212.3,68294.9
1716810300000,68307.7,68342.3,68266.6,68329.2
1716810600000,68327,68429.2,68308.4,68367.6
1716810900000,68377.4,68426.6,68356,68398.3
1716811200000,68401.9,68428.2,68341.2,68360.2
1716811500000,68359.5,68401.2,68321.8,68380.4
1716811800000,68398.8,68407.8,68327.8,68383.7
1716812100000,68382.7,68418,68362.3,68401.9
1716812400000,68403.7,68432.5,68360.8,68385.9
1716812700000,68385.9,68442.2,68385.9,68440.6
1716813000000,68440.6,68534.6,68440.6,68534.6
1716813300000,68504.8,68551.7,68458.5,68538.6
1716813600000,68536.2,68555.3,68480.6,68532.7
1716813900000,68531.7,68575.1,68501.7,68544.4
1716814200000,68526.3,68570.3,68514.7,68541.7
1716814500000,68570.3,68593.2,68504.7,68586.4
1716814800000,68558.1,68608,68540.3,68554
1716815100000,68541.8,68730.6,68541.8,68696.7
1716815400000,68674.3,68818.3,68657.2,68818.3
1716815700000,68817.3,68970.7,68768.7,68893.2
1716816000000,68909.8,68919.1,68760.3,68760.5
1716816300000,68776.7,68805.2,68746.7,68775.8
1716816600000,68768.9,68808.6,68661.5,68683.5
1716816900000,68682.7,68820.9,68663.7,68819.9
1716817200000,68808.9,68867.4,68798.2,68859.7
1716817500000,68861.2,68922.9,68828,68887.1
1716817800000,68890.7,68989.3,68852,68952.5
1716818100000,68955.8,68982,68857,68867.6
1716818400000,68880.5,68946.1,68867.2,68918.1
1716818700000,68918.1,68936.9,68784.5,68849.3
1716819000000,68849.3,68958,68849.3,68931.5
1716819300000,68926.7,68987.5,68905,68948.5
1716819600000,68951.4,69135.5,68933.9,69014.5
1716819900000,69041.7,69047.6,68958.6,69022.6
1716820200000,69019.5,69095.4,69003,69074.7
1716820500000,69074.7,69245.2,69074.7,69115.1
1716820800000,69135.9,69147.1,69041.1,69077.8
1716821100000,69105.4,69113.4,69026.7,69048.8
1716821400000,69048.8,69390.2,69048.8,69388.1
1716821700000,69387.2,69438.2,69333.8,69393.7
1716822000000,69393.7,69697.1,69382.7,69585.1
1716822300000,69550.2,69789.1,69549,69743.5
1716822600000,69742.3,69867.4,69672.5,69849.9
1716822900000,69852.4,69947.1,69770.7,69898.2
1716823200000,69898.2,70002.7,69727.5,69747.5
1716823500000,69756,69825.7,69651.7,69686.1
1716823800000,69732.6,70013.7,69670,69983.9
1716824100000,69958.9,70357.9,69958.9,70270.7
1716824400000,70261.1,70421.1,70197.4,70273.5
1716824700000,70239.9,70466,70202.1,70202.1
1716825000000,70227.5,70250.3,70130.7,70244.3
1716825300000,70242.6,70370.8,70223.5,70299.1
1716825600000,70292,70507.8,70292,70481.2
1716825900000,70482.6,70563.9,70375.9,70522.7
1716826200000,70556.9,70588.6,70483.7,70486
1716826500000,70516.2,70625.2,70442,70562
1716826800000,70580.1,70614.4,70292.9,70321.5
1716827100000,70361.2,70510.4,70302.1,70398.5
1716827400000,70377.2,70452.9,70201.4,70268.9
1716827700000,70230.2,70313.7,70182.7,70276.7
1716828000000,70276.7,70373.7,70236.7,70238.8
1716828300000,70238.8,70238.8,70122.4,70203.4
1716828600000,70163.7,70257.8,70134.5,70188.5
1716828900000,70171.3,70198.8,70059.6,70123.2
1716829200000,70114.5,70279.3,70058.8,70201.8
1716829500000,70239,70270.7,70157.3,70197.4
1716829800000,70232.5,70309.7,70185.9,70288.3
1716830100000,70292.8,70301.2,70101.6,70170.2
1716830400000,70181.3,70184.6,69927.2,69956.7
1716830700000,69958.1,70177,69955.9,70132.5
1716831000000,70060.4,70211.7,70059.1,70201.1
1716831300000,70153,70220.3,70103.3,70106.1
1716831600000,70173.2,70185.3,70072.7,70081.7
1716831900000,70155.8,70161.1,69977.8,70073.6
1716832200000,70117.5,70135.6,69997.8,70056.5
1716832500000,70056.4,70170.2,70052.2,70148.3
1716832800000,70102,70195.5,70020.5,70108.6
1716833100000,70038.8,70184.6,70009.3,70147.2
1716833400000,70143.4,70208.7,70025.6,70085.8
1716833700000,70090.1,70105.4,69978.2,69986
1716834000000,69984.1,70096.9,69974.2,70027.8
1716834300000,70027.7,70062.5,69988.9,69997.1
1716834600000,70026.8,70052.7,69948.9,69966.5
1716834900000,69967,70068.9,69927.9,69961.4
1716835200000,69965,70053.6,69909.6,69935.8
1716835500000,69981.2,69987.8,69788.4,69863.3
1716835800000,69863.2,69940.8,69834.3,69892.5
1716836100000,69941.3,69947.5,69832,69873.6
1716836400000,69873.6,70034.7,69873.6,69987.2
1716836700000,69983.8,70042.8,69938.6,70013.8
1716837000000,69941,70013.8,69778.9,69855.4
1716837300000,69849.5,69922.6,69763.2,69841.1
1716837600000,69841,69905.5,69815.2,69855.8
1716837900000,69855.6,69935.1,69827.7,69915.9
1716838200000,69844,69965.6,69824.7,69824.7
1716838500000,69826.1,69898.1,69789.4,69804.5
1716838800000,69878.7,69878.7,69667.7,69735.2
1716839100000,69735.2,69795.9,69146.3,69154.2
1716839400000,69163.2,69406.7,69007.3,69299.5
1716839700000,69339.5,69345,69130.5,69189.3
1716840000000,69189.2,69429.4,69104,69429.4
1716840300000,69430.8,69471.4,69317.3,69358
1716840600000,69383.9,69471.9,69327.2,69385.3
1716840900000,69359.6,69517.5,69359.1,69422.3
1716841200000,69461.2,69586.7,69404.3,69503.1
1716841500000,69503.7,69636.5,69503.7,69543.5
1716841800000,69543.5,69598.6,69488.5,69540.2
1716842100000,69539.5,69621.1,69512,69594.4
1716842400000,69594.4,69602.2,69447.3,69571.4
1716842700000,69573.3,69617,69460.8,69559.6
1716843000000,69532.7,69678.9,69522.4,69677.6
1716843300000,69677.3,69679.3,69555.8,69612.7
1716843600000,69576.7,69625.3,69533.1,69596.6
1716843900000,69622.4,69636.5,69552,69599.2
1716844200000,69564.1,69702.9,69563.7,69647
1716844500000,69648.2,69690.6,69606.6,69620.3
1716844800000,69620,69650.4,69560,69633.6
1716845100000,69633.5,69671.1,69613.6,69617.8
1716845400000,69619.1,69689.9,69617.7,69689.7
1716845700000,69692,69692,69564.2,69583
1716846000000,69586,69643.5,69569.7,69643.5
1716846300000,69609.3,69648.3,69518.3,69528
1716846600000,69557.4,69607.7,69517.2,69602.6
1716846900000,69602.6,69813.9,69601.9,69767.6
1716847200000,69693.1,69700,69524.9,69544.5
1716847500000,69544.4,69559.6,69513.7,69530.7
1716847800000,69533.1,69566.9,69483.1,69533.8
1716848100000,69529.1,69559.6,69516.7,69547.6
1716848400000,69548,69548,69515,69528.4
1716848700000,69527.4,69616.7,69524.2,69598.7
1716849000000,69598.6,69605.7,69536.4,69556.6
1716849300000,69614.4,69658.2,69554.2,69617.3
1716849600000,69617.4,69658.2,69549.6,69549.6
1716849900000,69597,69604.7,69487.3,69553.1
1716850200000,69553.3,69553.3,69468,69532.1
1716850500000,69529.7,69552.7,69474.7,69550.2
1716850800000,69506.5,69552.7,69448.5,69450.2
1716851100000,69479.3,69500.8,69436.4,69478.9
1716851400000,69478.4,69495.6,69435.5,69435.5
1716851700000,69435.8,69475.7,69348.1,69355.9
1716852000000,69353.9,69409,69325.7,69352.7
1716852300000,69326.9,69391.9,69311.2,69353.3
1716852600000,69341.2,69357,69269.6,69341.6
1716852900000,69310.7,69347.9,69251.6,69276.2
1716853200000,69292.7,69342.1,69252.1,69303.5
1716853500000,69331.5,69406.8,69302.5,69347.3
1716853800000,69348.5,69415.1,69320.5,69398.9
1716854100000,69402.5,69429.8,69357.1,69389.1
1716854400000,69365.2,69434.1,69311.8,69337.1
1716854700000,69342.5,69377.5,69306.3,69338.6
1716855000000,69317.8,69375.5,69301.3,69357.2
1716855300000,69357.1,69357.2,69249.8,69293.2
1716855600000,69267.2,69374.1,69254.1,69320.6
1716855900000,69288.1,69323.8,69235.8,69268.7
1716856200000,69260.2,69303.8,69235.8,69270.8
1716856500000,69269,69269,69162.3,69219.4
1716856800000,69193.7,69245.2,69173.9,69193.1
1716857100000,69193.1,69223.9,69052.3,69101.8
1716857400000,69078.3,69171.7,69050.7,69164.2
1716857700000,69167.7,69333.8,69100,69323.6
1716858000000,69292.6,69393.2,69245.2,69367
1716858300000,69370.2,69428.9,69329.4,69397.8
1716858600000,69378.8,69413.4,69331.4,69385.2
1716858900000,69385.5,69425.9,69330.7,69332.6
1716859200000,69338.3,69388.2,69333.9,69371.4
1716859500000,69358.8,69388.2,69283.8,69314.9
1716859800000,69312.8,69470.6,69292.5,69437.2
1716860100000,69437.1,69546.7,69345.4,69345.4
1716860400000,69351.2,69417.3,69240.5,69270.3
1716860700000,69240.4,69274.5,68638.8,68648.3
1716861000000,68667.2,68745.2,68542.8,68629.2
1716861300000,68633.9,68665.6,68491.3,68575.3
1716861600000,68586.2,68663.8,68374,68543.6
1716861900000,68540.4,68572.3,68371.3,68412
1716862200000,68423.7,68678.2,68416.1,68675.4
1716862500000,68659.3,68710.8,68601.3,68657.7
1716862800000,68652.3,68785.8,68631.2,68730.7
1716863100000,68733.8,68773.2,68683.9,68687
1716863400000,68709.3,68743.2,68654.3,68722.5
1716863700000,68722.4,68743.6,68560.8,68569.7
1716864000000,68563.7,68684.2,68552.4,68627.9
1716864300000,68599.1,68701.5,68599.1,68686.2
1716864600000,68690.6,68699.1,68614.2,68658.6
1716864900000,68657.2,68703.6,68610.3,68628.3
1716865200000,68628.3,68702.8,68579.2,68584.7
1716865500000,68602.8,68606.2,68336,68360.9
1716865800000,68371.9,68449.9,68305.5,68415.1
1716866100000,68414.1,68517.8,68346.9,68392.7
1716866400000,68389.9,68493.2,68379.6,68425.6
1716866700000,68422.8,68425.6,68066.3,68163
1716867000000,68155.7,68283,68097.6,68137.6
1716867300000,68141.8,68153.6,67702.2,67837.2
1716867600000,67834.3,67933.8,67781.9,67782.1
1716867900000,67781,67872.9,67781,67825
1716868200000,67823.8,68033.1,67791.1,68031.5
1716868500000,68028.2,68098.3,67990.1,68007
1716868800000,68004.2,68096.1,67915.6,68064.7
1716869100000,68067.8,68079.2,67919.7,67970.3
1716869400000,67973.1,68024.2,67813.4,67830.9
1716869700000,67844.4,67969.9,67757.2,67917.7
1716870000000,67930.1,67944.2,67764.5,67786.2
1716870300000,67785.8,67848.7,67602.8,67680
1716870600000,67700.1,67754.4,67451.1,67451.1
1716870900000,67458.8,67707.6,67421.2,67687.3
1716871200000,67689.3,67772.4,67575.3,67596.4
1716871500000,67583.6,67746.8,67581.7,67746.8
1716871800000,67746.2,67754.6,67658,67719.5
1716872100000,67719.6,67785.2,67699,67721
1716872400000,67721,67729.2,67593,67692
1716872700000,67693.6,67767.7,67622.1,67707.7
1716873000000,67722.3,67893.2,67707.6,67862.6
1716873300000,67875.5,67886.5,67773.1,67787.2
1716873600000,67786.6,67809.2,67703.3,67796.3
1716873900000,67796,67822,67727.1,67788.3
1716874200000,67765.7,67826.9,67736.1,67770.5
1716874500000,67794.6,67888.4,67698.5,67869.2
1716874800000,67876,67916.9,67823.1,67911.2
1716875100000,67911.1,67930.9,67802.4,67822.6
1716875400000,67823.5,67905.8,67782.2,67898.6
1716875700000,67900.7,68013.8,67862.2,68013.8
1716876000000,67985,68013.8,67905.5,67943
1716876300000,67953.4,67970,67853.1,67894.2
1716876600000,67885.3,67908.5,67801.2,67907.5
1716876900000,67869.9,67929.1,67814.1,67892.8
1716877200000,67901.2,67901.2,67821.1,67869.8
1716877500000,67857.2,67857.5,67749,67754.6
1716877800000,67754.4,67819,67700.7,67818
1716878100000,67817,67874.7,67750.5,67832.4
1716878400000,67829,67993.2,67776.2,67946.7
1716878700000,67988.6,68029.4,67917.2,67972.3
1716879000000,67937.2,67979.3,67900.9,67967.6
1716879300000,67933,67972.8,67847.6,67934
1716879600000,67912.4,67978.9,67850.5,67885.3
1716879900000,67881.5,67905.1,67822.1,67841.2
1716880200000,67845.7,67889.2,67768.2,67785.1
1716880500000,67799.3,67870.9,67760.5,67780
1716880800000,67781.3,67830.1,67755.7,67762.1
1716881100000,67764.7,67793.6,67701.2,67787.7
1716881400000,67790.3,67820.3,67726.7,67742.1
1716881700000,67741.5,67808.6,67658.3,67808.6
1716882000000,67810.8,67816.4,67672.6,67755.1
1716882300000,67753.1,67793.1,67677.2,67719
1716882600000,67700.8,67711.2,67612.3,67641.8
1716882900000,67625.3,67675,67603.3,67636.9
1716883200000,67643.8,67653.6,67530.4,67558.8
1716883500000,67558.9,67786.5,67547.7,67754.3
1716883800000,67786.7,67869.4,67755,67850.3
1716884100000,67850.4,67931.3,67792.7,67794.9
1716884400000,67795.4,67911.1,67792.7,67880.2
1716884700000,67881.3,67959.7,67877.2,67957
1716885000000,67928.6,67968.6,67873.8,67891.1
1716885300000,67897.5,67985.2,67871.6,67952.4
1716885600000,67981.5,68038.3,67936.1,68021.4
1716885900000,68021.4,68211.2,67982.5,68122.3
1716886200000,68121.3,68177.2,68052.5,68091.3
1716886500000,68088.3,68121.2,68013.8,68113.7
1716886800000,68116.4,68116.4,67991.4,68051.1
1716887100000,68051.1,68081,67993,68077.5
1716887400000,68077.5,68139.2,68042.7,68062.7
1716887700000,68062.7,68109.1,68014,68019.4
1716888000000,68019.4,68074,67960,68061.1
1716888300000,68065.2,68118.1,67985.1,68111.2
1716888600000,68109.2,68128,68004.1,68042.4
1716888900000,68041.9,68145.8,68018.6,68102.1
1716889200000,68102.1,68334.8,68102.1,68310.4
1716889500000,68310.4,68467.2,68261.9,68413.6
1716889800000,68413.6,68436.6,68264.9,68315.6
1716890100000,68335.3,68403.7,68267.3,68284.9
1716890400000,68282.4,68381.1,68175.6,68381.1
1716890700000,68391.7,68500.1,68328,68398.5
1716891000000,68398.5,68668.2,68362.9,68668.2
1716891300000,68668.2,68834.6,68628.4,68746.7
1716891600000,68748.5,68752.5,68596.3,68608.8
1716891900000,68608.8,68652.8,68560.7,68590.6
1716892200000,68596,68642.6,68480.7,68526.5
1716892500000,68528.4,68541.1,68430.8,68486.2
1716892800000,68486.2,68517.1,68428.5,68435.8
1716893100000,68435.8,68485.2,68406.2,68468.5
1716893400000,68468.5,68554.8,68465.3,68552.9
1716893700000,68552.9,68563,68478,68549.9
1716894000000,68549.9,68553.2,68463.2,68478.1
1716894300000,68489.9,68533,68463.2,68533
1716894600000,68533,68552.7,68504.5,68527.7
1716894900000,68527.7,68581.2,68501.1,68571.7
1716895200000,68571.7,68581.7,68501.1,68527.5
1716895500000,68531.2,68534.6,68441.5,68452.1
1716895800000,68465.2,68493,68322.7,68328.8
1716896100000,68326.3,68391.6,68229,68287
1716896400000,68289.1,68406.9,68224.3,68406.8
1716896700000,68406,68417.1,68310.9,68417.1
1716897000000,68416.6,68447.3,68278.2,68345.7
1716897300000,68347.2,68387.5,68300.4,68352.6
1716897600000,68351,68360.5,68199.8,68282.7
1716897900000,68282.7,68294.8,68188.3,68237.6
1716898200000,68236.2,68241.1,68175.3,68221.2
1716898500000,68221.2,68354.5,68181.5,68318.4
1716898800000,68324.5,68367.8,68283.8,68362.2
1716899100000,68362.2,68445.3,68308.1,68412.2
1716899400000,68412.2,68501.9,68344.9,68469.1
1716899700000,68469.1,68512.6,68416.1,68447.6
1716900000000,68447.6,68493.1,68248.1,68248.3
1716900300000,68251.3,68333.8,68208.9,68303.5
1716900600000,68311,68420.1,68240.6,68304.7
1716900900000,68378.6,68389.1,68062,68135.7
1716901200000,68094.2,68284.9,68081.1,68196.8
1716901500000,68196.3,68273.1,68034,68082.2
1716901800000,68085,68157.9,67975.7,68131.2
1716902100000,68130.3,68238.1,68086.8,68238.1
1716902400000,68234.1,68399.8,68146,68349.1
1716902700000,68383.5,68430.9,68285.4,68357
1716903000000,68363.2,68401.2,68085.2,68140
1716903300000,68134.2,68138.1,67793.7,67969.4
1716903600000,67963.3,68096.8,67883.7,67983.2
1716903900000,67983.2,67993.1,67713.4,67713.4
1716904200000,67713.4,67977.9,67710.2,67838.5
1716904500000,67830.6,67848.5,67567.6,67750
1716904800000,67753.2,67792,67461.3,67790.2
1716905100000,67790.2,67875,67719.1,67854
1716905400000,67858.3,68069.1,67812.4,68003.3
1716905700000,68004.4,68170.1,67970.2,68118.2
1716906000000,68117.7,68214.2,68032.3,68109.8
1716906300000,68066.8,68135.3,67876,68015.2
1716906600000,68009.9,68105.2,67900.6,68010.5
1716906900000,68010.5,68053.2,67778,67941.2
1716907200000,67936,67941.1,67675.1,67775.9
1716907500000,67775.9,67928.6,67620.9,67900.9
1716907800000,67897.2,68129.1,67895.7,67981.3
1716908100000,67983.1,68053.1,67876.5,67933.1
1716908400000,67933.1,67977.6,67736.7,67788.6
1716908700000,67788.6,67921.1,67687.4,67921.1
1716909000000,67921.1,68111.1,67843.3,68041.6
1716909300000,68010.4,68069.7,67877.4,67951.3
1716909600000,67951.3,67981.1,67781.7,67946.8
1716909900000,67953.8,67957.2,67825.2,67903.3
1716910200000,67897.9,68032.5,67837.3,67988.4
1716910500000,67988.3,68245.9,67923.1,68199.2
1716910800000,68195.3,68358.6,68123.4,68165
1716911100000,68205.8,68361.1,68135.8,68236.2
1716911400000,68309.1,68418.4,68225.7,68298.7
1716911700000,68298.6,68427.2,68273.2,68292.1
1716912000000,68292.1,68416.4,68267.6,68357.4
1716912300000,68355.7,68391.3,68159,68268.7
1716912600000,68268.6,68317.1,68154.1,68215.9
1716912900000,68216.1,68274.2,67999.7,68084.9
1716913200000,68092.7,68157.3,68012.5,68108.4
1716913500000,68106.9,68115.8,67795.6,67817.4
1716913800000,67815,67878.2,67690.6,67768
1716914100000,67768,67864.3,67717.7,67821.2
1716914400000,67751.1,67846.6,67664.6,67739.1
1716914700000,67735,67809.1,67656.2,67720.7
1716915000000,67718.9,67823.4,67644.8,67782.3
1716915300000,67778.2,67821.2,67611.4,67674.9
1716915600000,67674.6,67741,67588.4,67654.1
1716915900000,67653.6,67819.3,67562.4,67806.4
1716916200000,67806.4,68010.9,67723.1,68009.2
1716916500000,68010.9,68011.2,67810.6,67915.6
1716916800000,67915.6,67943.7,67767.1,67858.4
1716917100000,67859.2,67923.5,67761.8,67902.8
1716917400000,67828.3,67941.1,67766.1,67935
1716917700000,67933.5,68057.9,67869.5,68031.2
1716918000000,68031.2,68121.1,67967.8,68030.6
1716918300000,68029,68058.1,67897.1,67944.2
1716918600000,67947.5,67947.5,67771.9,67862.6
1716918900000,67864.1,67864.1,67647.6,67677.6
1716919200000,67677.6,67811,67672.7,67738.9
1716919500000,67738.8,67854.7,67678.4,67776.2
1716919800000,67777.2,67892.8,67751,67809.8
1716920100000,67805.9,67894.7,67798.2,67813
1716920400000,67812.6,67927,67713,67732.4
1716920700000,67731.6,67936,67714.4,67812.1
1716921000000,67810.1,67876.4,67701.5,67764.2
1716921300000,67763.4,67765,67211.2,67239
1716921600000,67245,67433,67214,67357
1716921900000,67362.1,67576.2,67362.1,67512.1
1716922200000,67513.3,67651.6,67385.5,67584
1716922500000,67584.2,67800,67563.9,67775.9
1716922800000,67775.9,67891.3,67736.2,67857.6
1716923100000,67856.8,68120,67856.8,68027
1716923400000,68027.7,68169.2,68000.3,68107.3
1716923700000,68104.6,68247.9,68053.1,68194.3
1716924000000,68193.8,68256.3,68079.9,68126.4
1716924300000,68127.6,68305.6,68127.6,68169.2
1716924600000,68195.2,68316.9,68133.5,68200.7
1716924900000,68246.1,68297.2,68149.3,68251.6
1716925200000,68251.6,68339.6,68233.6,68331.5
1716925500000,68331.5,68390.6,68243.6,68299.4
1716925800000,68292.3,68521.2,68229.8,68440.4
1716926100000,68450.6,68568.8,68313.2,68372.8
1716926400000,68370.5,68425.2,68206.4,68234.1
1716926700000,68234,68428.5,68222.3,68364
1716927000000,68364,68444.4,68305.3,68429.7
1716927300000,68357.2,68506.8,68305.4,68376.7
1716927600000,68369.1,68403.9,68273.3,68361.2
1716927900000,68295.6,68374.5,68211.7,68292.3
1716928200000,68287.4,68341,68232.8,68261.2
1716928500000,68258.2,68350.5,68203.7,68245.2
1716928800000,68246.5,68324.4,68159.6,68228.3
1716929100000,68228.3,68228.3,68063.9,68087.4
1716929400000,68085.6,68216.2,68004.1,68109.4
1716929700000,68109.6,68286.9,68109.6,68273.2
1716930000000,68273.4,68277.3,68153.7,68254.8
1716930300000,68254.8,68284.3,68173.8,68269.1
1716930600000,68269.1,68283.3,68175,68254.5
1716930900000,68254.5,68380.6,68188.9,68314
1716931200000,68313.6,68480.4,68300.7,68368.2
1716931500000,68365.1,68365.1,68204.6,68342.7
1716931800000,68342.7,68424.7,68300.8,68361.3
1716932100000,68361.2,68430.2,68323.4,68345.1
1716932400000,68344.9,68405.4,68280.2,68346.8
1716932700000,68346.8,68374.5,68281.8,68339.8
1716933000000,68340.1,68406.2,68282.5,68290
1716933300000,68289.6,68376.1,68270.3,68274.5
1716933600000,68273.1,68422,68252.4,68420.3
1716933900000,68421.3,68509.5,68415.7,68483.1
1716934200000,68486.2,68486.2,68425.9,68465.8
1716934500000,68466.3,68470.8,68419.8,68470.1
1716934800000,68468.3,68562.1,68468.3,68500.8
1716935100000,68500.6,68532.9,68493,68511.6
1716935400000,68510.7,68530.9,68468.6,68468.6
1716935700000,68525,68548.7,68438.4,68443.3
1716936000000,68443.3,68526.5,68396.2,68518.3
1716936300000,68518.3,68518.3,68440.1,68452.7
1716936600000,68452.7,68541.2,68433.7,68541
1716936900000,68540.8,68596.4,68487.8,68576.2
1716937200000,68575.8,68584.9,68470.2,68545.4
1716937500000,68548.1,68548.1,68370.2,68398.6
1716937800000,68403.4,68405.3,68290,68379
1716938100000,68306.6,68401.1,68292.1,68311.9
1716938400000,68312.1,68401.7,68295.8,68334.7
1716938700000,68334.7,68373.5,68330.9,68373.5
1716939000000,68373.5,68437.5,68329.2,68410.2
1716939300000,68410.2,68411.8,68304.1,68382.4
1716939600000,68382.4,68397.5,68296.3,68325.5
1716939900000,68321,68412,68316.7,68374.7
1716940200000,68374.7,68375.4,68265.7,68274.8
1716940500000,68276.4,68365.3,68228.1,68363.3
1716940800000,68359.6,68394.6,68256.9,68346.7
1716941100000,68339.1,68382.4,68248.7,68324.4
1716941400000,68259,68332.7,68185.6,68259.8
1716941700000,68261.1,68378,68247.5,68299.2
1716942000000,68298.7,68401.8,68284.9,68372.4
1716942300000,68305,68375,68228.9,68268.4
1716942600000,68268.9,68430.6,68265.9,68364
1716942900000,68358.7,68542.7,68358.7,68407.2
1716943200000,68407.2,68533.2,68407.2,68431
1716943500000,68425.7,68520.8,68389.5,68482.2
1716943800000,68486.2,68494.9,68388,68390
1716944100000,68388.2,68428.5,68330,68376.6
1716944400000,68376.4,68539.8,68374.4,68419.8
1716944700000,68422.5,68501.2,68389.6,68408.1
1716945000000,68441.7,68501.2,68319.3,68384.3
1716945300000,68384.3,68441.2,68273,68310.2
1716945600000,68310.2,68341.3,68218.5,68254.5
1716945900000,68261.7,68427.1,68254.1,68343.4
1716946200000,68342.9,68421.1,68300.9,68389.2
1716946500000,68389.2,68451.2,68304.8,68373.5
1716946800000,68452.6,68635.8,68379.7,68551
1716947100000,68547.8,68656.6,68516.8,68586.1
1716947400000,68584.5,68607.2,68474.6,68479.1
1716947700000,68478.6,68561.2,68436.8,68531.6
1716948000000,68531.4,68594.8,68462.1,68543.3
1716948300000,68543.3,68552.1,68374.1,68479.8
1716948600000,68480.9,68506.5,68383.4,68408.2
1716948900000,68408.4,68548.7,68404.3,68508.2
1716949200000,68505.2,68604.2,68417.9,68592.4
1716949500000,68603.9,68884.3,68516.5,68875.1
1716949800000,68875.6,68885.3,68677.5,68688
1716950100000,68688,68692.7,68506.9,68506.9
1716950400000,68581.3,68626.3,68506.9,68597.8
1716950700000,68593.2,68684.8,68508.3,68671.1
1716951000000,68673.8,68739.2,68584.2,68677.2
1716951300000,68613.4,68692.1,68563.8,68649.2
1716951600000,68649.2,68730.8,68572.9,68720.1
1716951900000,68711.3,68752.8,68638,68679.7
1716952200000,68678.3,68773.2,68663.1,68712.1
1716952500000,68714,68838.3,68673.5,68746.3
1716952800000,68751.5,68777.8,68671.1,68724.7
1716953100000,68737.3,68768.9,68675.9,68731.1
1716953400000,68725.6,68797.2,68662.9,68717
1716953700000,68713.4,68833.8,68647.4,68693.2
1716954000000,68764.5,68833.2,68692.6,68739
1716954300000,68739.2,68810.6,68688.1,68736.8
1716954600000,68736.1,68838.5,68692.9,68731.2
1716954900000,68731.4,68807.8,68643,68713.3
1716955200000,68712.4,68794.2,68665.9,68681.7
1716955500000,68680.2,68766.6,68673.8,68744.7
1716955800000,68744.7,68754.2,68677.9,68722.2
1716956100000,68722.2,68851.1,68694.9,68799.9
1716956400000,68799.9,68880,68711.3,68813.7
1716956700000,68800,68869.8,68741.3,68788.6
1716957000000,68789.7,68853,68721.9,68826.2
1716957300000,68826.2,68849.2,68745.6,68782.6
1716957600000,68785,68854.4,68757.1,68767.6
1716957900000,68766.3,68867.2,68737.2,68766.8
1716958200000,68767.1,68823.4,68653.7,68799.4
1716958500000,68798.8,68832.3,68713.5,68725.6
1716958800000,68719.9,68796.3,68619.7,68692.8
1716959100000,68619.7,68722,68594.8,68671.1
1716959400000,68670.7,68680.8,68465.8,68479.6
1716959700000,68479.9,68650.4,68478.4,68609.6
1716960000000,68540.6,68692.1,68540.5,68588.7
1716960300000,68589.2,68674.3,68574.4,68598.8
1716960600000,68599.5,68697.4,68569.9,68686.2
1716960900000,68686.2,68708.8,68591.5,68649.2
1716961200000,68649.2,68662.1,68612.6,68642.3
1716961500000,68642.3,68697.6,68573.7,68598
1716961800000,68598,68646.2,68542.6,68610
1716962100000,68610,68632.5,68469.9,68550.3
1716962400000,68542.5,68605.1,68465.7,68516.8
1716962700000,68586.4,68594.4,68476.1,68525.6
1716963000000,68524.4,68633.9,68484.4,68560.2
1716963300000,68560.2,68616.4,68468.1,68610.7
1716963600000,68610.7,68610.7,68493.5,68494.2
1716963900000,68493.1,68616.3,68480.7,68613.5
1716964200000,68540.2,68616.3,68481,68497.5
1716964500000,68496.1,68579.2,68478,68536.2
1716964800000,68531.9,68555.8,68445.7,68469.1
1716965100000,68473.6,68513.1,68401.2,68421.1
1716965400000,68401.2,68532.9,68393.5,68507.1
1716965700000,68509.7,68517.1,68418.1,68459.4
1716966000000,68459.4,68501.1,68389.8,68461.2
1716966300000,68459.5,68463,68150.1,68223.1
1716966600000,68293.8,68328.5,68189.5,68318.6
1716966900000,68307.2,68368.7,68241.4,68342.2
1716967200000,68343.7,68363,68262,68321.4
1716967500000,68321.4,68321.7,68041.5,68046.5
1716967800000,68044.5,68188.4,68005.9,68174
1716968100000,68179.4,68215.8,68081.4,68122.6
1716968400000,68110.1,68197.8,68081.4,68169.1
1716968700000,68162.4,68169.1,68001.8,68114.6
1716969000000,68114.1,68152.5,68015.1,68098.2
1716969300000,68098.2,68112.5,67889.3,67906.8
1716969600000,67896.4,67968.7,67716.3,67830.2
1716969900000,67833.3,67842.8,67581.2,67649.1
1716970200000,67649.1,67743.6,67581.2,67733.9
1716970500000,67733.9,67770.1,67561.3,67609.2
1716970800000,67610.7,67854.6,67601.7,67847.6
1716971100000,67851,67933.2,67790.3,67889.2
1716971400000,67895.2,67926.7,67759.8,67833
1716971700000,67833,67845.1,67733.9,67780
1716972000000,67780,67817,67693.7,67817
1716972300000,67817,67817,67693.8,67781.2
1716972600000,67781.5,67867.4,67757.3,67844.7
1716972900000,67844.7,67845.2,67768.4,67831
1716973200000,67831,67867.5,67768.4,67861.7
1716973500000,67866.7,67957.6,67866.7,67894.5
1716973800000,67901.8,67916.8,67816.8,67833
1716974100000,67828.3,67912.7,67807.5,67849
1716974400000,67850,67850,67664.4,67697.6
1716974700000,67698.8,67739,67648.2,67739
1716975000000,67739,67749.7,67621.2,67668.5
1716975300000,67671.8,67778.6,67621.2,67778.6
1716975600000,67778.4,67830.8,67738.7,67810.2
1716975900000,67812.2,67903.7,67753,67884.3
1716976200000,67881,67902.2,67782.3,67800.5
1716976500000,67793.5,67905.2,67726.1,67866.9
1716976800000,67866.2,67922.4,67733.9,67887.2
1716977100000,67887.1,67930.7,67822.5,67927.5
1716977400000,67928.8,67988.3,67876,67901.2
1716977700000,67901.2,67901.2,67827.2,67827.7
1716978000000,67827.2,67905.5,67827.2,67905.5
1716978300000,67905.5,67982.3,67887.5,67969.8
1716978600000,67969.8,67982.3,67864.1,67900
1716978900000,67900,67906.9,67770,67889.2
1716979200000,67889.2,67889.2,67813.9,67859.4
1716979500000,67859.4,67883,67805.4,67875.5
1716979800000,67875.5,67930.7,67841.8,67927.9
1716980100000,67925.2,67957.1,67880.8,67953.4
1716980400000,67955.8,67964.4,67807.9,67826
1716980700000,67826,67851.2,67778.2,67782.1
1716981000000,67788.5,67841.1,67730.9,67733.8
1716981300000,67805,67856,67730.6,67852.7
1716981600000,67846.7,67865,67759.6,67837.4
1716981900000,67833.6,67873.1,67769.3,67871.9
1716982200000,67868.6,67871.9,67750.2,67818.3
1716982500000,67821.2,67836.3,67763.3,67763.3
1716982800000,67780,67840.6,67733.3,67829.1
1716983100000,67829.1,67907.7,67774.9,67896.2
1716983400000,67895.8,67901,67673.8,67785.1
1716983700000,67780.2,67794,67657.5,67733
1716984000000,67733,67801.1,67653.9,67763.7
1716984300000,67764.1,67829.1,67688.9,67822.7
1716984600000,67822.7,67917.1,67730.1,67917.1
1716984900000,67917.1,67990.6,67822.2,67966.7
1716985200000,67903.7,67981.1,67820.4,67867.6
1716985500000,67867.6,67879.8,67719.2,67796.6
1716985800000,67796.6,67840,67633.5,67676.3
1716986100000,67688.4,67705.1,67547.7,67664.5
1716986400000,67661.9,67757.1,67607.4,67749.2
1716986700000,67745.6,67931.2,67680.6,67913.2
1716987000000,67915.6,67985.7,67863.4,67941.1
1716987300000,67941.1,67941.1,67767.7,67855.3
1716987600000,67852.1,67902.4,67736.8,67902.4
1716987900000,67911.1,67947,67864.9,67880.8
1716988200000,67880.8,68165.3,67860.7,68133.7
1716988500000,68133.7,68235.1,67774.5,67776.3
1716988800000,67767,67893.9,67617,67797.9
1716989100000,67797.9,67845.4,67714.2,67784.2
1716989400000,67791.1,67853.1,67626.7,67654.4
1716989700000,67654.4,67907.9,67584.2,67901.2
1716990000000,67901.2,67901.2,67713,67794.5
1716990300000,67794.5,67837.8,67551.5,67649.3
1716990600000,67646,67883.4,67645.2,67868.7
1716990900000,67878.6,67903,67765.8,67850.8
1716991200000,67850.8,67874.7,67757.7,67836.2
1716991500000,67845.2,67927.6,67789.1,67854.4
1716991800000,67857.1,67914,67793.3,67848.2
1716992100000,67856.9,67920.1,67810.1,67835.7
1716992400000,67835.7,67857.1,67698.3,67778.1
1716992700000,67779.7,67863.4,67599.5,67625.3
1716993000000,67625.3,67749.3,67477.6,67666.5
1716993300000,67666.5,67801.8,67619.2,67789.2
1716993600000,67789.2,67800.5,67649.5,67674.3
1716993900000,67668.4,67713.1,67623,67700.4
1716994200000,67700.7,67737.1,67633.4,67686.4
1716994500000,67682.6,67690.1,67568,67595.2
1716994800000,67595.7,67631.4,67537.9,67625
1716995100000,67631.4,67631.4,67528.2,67541
1716995400000,67543.8,67555.1,67461.2,67526.1
1716995700000,67525.7,67631.2,67363.2,67623.7
1716996000000,67623.7,67820.9,67596.9,67756.1
1716996300000,67760,67775.6,67539.9,67629.2
1716996600000,67630.1,67647.9,67394.4,67408
1716996900000,67393.3,67490.5,67340.1,67400.8
1716997200000,67405.2,67447.6,67334.4,67409.1
1716997500000,67409.1,67490.7,67271.3,67382.9
1716997800000,67386.2,67541.2,67310.1,67351.9
1716998100000,67351.9,67369.8,67311.2,67341.2
1716998400000,67341.2,67357,67097.6,67213.3
1716998700000,67213.2,67253.4,67110.1,67201.1
1716999000000,67201.2,67265.5,67132.8,67157.3
1716999300000,67161.2,67373.8,67154.5,67373.8
1716999600000,67380.8,67437.4,67305.5,67437.4
1716999900000,67422.2,67489.4,67289.1,67309.2
1717000200000,67311.2,67466.6,67289.6,67463.4
1717000500000,67463.4,67525.1,67440,67514.1
1717000800000,67514.1,67576.3,67438.8,67570.1
1717001100000,67570.1,67688,67490.3,67534.5
1717001400000,67531,67597.3,67478.8,67588.3
1717001700000,67588.2,67591.6,67476.9,67521.2
1717002000000,67518.8,67561.1,67364.4,67467.1
1717002300000,67469.9,67490.2,67404.9,67470.2
1717002600000,67470.2,67544.2,67441.7,67490.1
1717002900000,67490.1,67490.5,67361.3,67361.3
1717003200000,67381.7,67423.3,67361.3,67383.7
1717003500000,67383.7,67529.7,67361.3,67528.7
1717003800000,67528.7,67620.1,67515.4,67610.9
1717004100000,67611,67611.2,67453.8,67519.7
1717004400000,67521.8,67533.1,67440.9,67440.9
1717004700000,67474.4,67489.2,67256.4,67331.7
1717005000000,67332.7,67481.7,67331.7,67428.1
1717005300000,67428.1,67577,67428.1,67544.9
1717005600000,67544.9,67558,67462.7,67487.6
1717005900000,67487.6,67487.6,67375.3,67432.9
1717006200000,67436.6,67464.8,67329.5,67420.9
1717006500000,67418,67440.4,67316.7,67411.7
1717006800000,67417.2,67500.7,67245.7,67341.2
1717007100000,67345,67383.3,67243.6,67291.8
1717007400000,67283.1,67355.3,67176.7,67315
1717007700000,67315,67366.8,67267.6,67337.1
1717008000000,67337.1,67394.3,67279.2,67361.5
1717008300000,67361.5,67383.1,67278.8,67305.7
1717008600000,67304.6,67366,67249.5,67323.2
1717008900000,67327.1,67360,67254.2,67354.4
1717009200000,67352,67388.5,67281.6,67388.5
1717009500000,67387.7,67420.9,67348.6,67393.4
1717009800000,67391.5,67493.1,67356.2,67491.2
1717010100000,67491.2,67503,67416.2,67439.9
1717010400000,67439.9,67520.3,67416.2,67520.3
1717010700000,67514,67707.1,67468.5,67637.6
1717011000000,67659.7,67678.3,67534.6,67551
1717011300000,67548.7,67560.4,67418.8,67431
1717011600000,67428.7,67431.8,67267.4,67325.3
1717011900000,67325.3,67401.6,67274,67350
1717012200000,67344.2,67371.2,67230.3,67289.2
1717012500000,67289.2,67333.9,67169.3,67225.7
1717012800000,67225.7,67286.5,67175.7,67262.4
1717013100000,67262.4,67307.2,67079.8,67135.8
1717013400000,67137.7,67245.2,67071.5,67245
1717013700000,67242.2,67292.3,67161.9,67221.9
1717014000000,67221.2,67259.1,67156.8,67183.3
1717014300000,67178.7,67253.2,67112.5,67247.9
1717014600000,67250.2,67311,67200.7,67297.3
1717014900000,67296.1,67370.1,67250.4,67346.9
1717015200000,67343.5,67361.4,67293.9,67343.9
1717015500000,67342.2,67388.4,67309.3,67348.5
1717015800000,67351.4,67369.2,67277,67336.4
1717016100000,67335.1,67453.7,67317.4,67430.1
1717016400000,67430,67449.2,67366.3,67435.9
1717016700000,67435.9,67442.6,67347.8,67377.2
1717017000000,67377.2,67394.3,67347.3,67374.6
1717017300000,67374.5,67444.2,67364.8,67416
1717017600000,67416,67456.2,67392.5,67449.2
1717017900000,67448.8,67472.9,67389.9,67389.9
1717018200000,67386.4,67521.1,67285.3,67508.6
1717018500000,67508.5,67544.8,67491.4,67532.2
1717018800000,67532,67604.7,67504.5,67550.6
1717019100000,67551.7,67748.5,67517.7,67641.9
1717019400000,67641.8,67720.2,67615.4,67621.6
1717019700000,67621.5,67665.2,67603.7,67610
1717020000000,67592,67602.9,67520.5,67527.8
1717020300000,67538.9,67560.3,67494.9,67522.7
1717020600000,67524.7,67529.5,67492.3,67520.6
1717020900000,67520.4,67579.9,67519.6,67577.7
1717021200000,67576.7,67699.7,67567,67669.2
1717021500000,67669.4,67678.5,67612.5,67650.2
1717021800000,67649.7,67664.5,67593.3,67614.4
1717022100000,67612.6,67703.1,67587.5,67692.2
1717022400000,67694.8,67703.1,67592.4,67667.4
1717022700000,67664.6,67686.6,67581.7,67581.7
1717023000000,67581.7,67635.8,67556.4,67620.2
1717023300000,67616.8,67663.2,67565.4,67638.1
1717023600000,67638.6,67679.1,67574.2,67659.8
1717023900000,67656.5,67673.1,67551.4,67625
1717024200000,67552.6,67627.8,67513.5,67612.1
1717024500000,67607.6,67677.7,67533.6,67593.5
1717024800000,67593.6,67690.7,67592.1,67664.5
1717025100000,67669.6,67688.8,67584.7,67677.3
1717025400000,67679.4,67679.4,67537.4,67597
1717025700000,67597,67612.2,67443.8,67504.1
1717026000000,67509.1,67606.4,67507,67534.6
1717026300000,67533.9,67617.8,67524.5,67536.4
1717026600000,67612,67650.4,67522.8,67538.3
1717026900000,67533,67613.8,67511.1,67594.2
1717027200000,67600.8,67678.7,67524.2,67677.9
1717027500000,67677.9,67699.8,67598.9,67645.7
1717027800000,67645.7,67718.4,67617.7,67636.7
1717028100000,67636.6,67785.8,67636.6,67739.3
1717028400000,67739.4,67766,67613.9,67689.3
1717028700000,67683.1,67696.9,67613.7,67691.3
1717029000000,67691.3,67691.3,67585.2,67669.7
1717029300000,67665.3,67669.7,67575.8,67655.8
1717029600000,67657.4,67679.2,67568.2,67679.2
1717029900000,67679.2,67730.9,67599.8,67694.2
1717030200000,67694.4,67694.7,67497.6,67521.7
1717030500000,67520.3,67557.8,67469.3,67542.2
1717030800000,67534.4,67548.9,67417.4,67476.6
1717031100000,67474.9,67518.5,67423.4,67504.4
1717031400000,67504.4,67689.3,67474.1,67663.6
1717031700000,67659.2,67674.1,67559.9,67629.5
1717032000000,67623.6,67649.7,67504,67603.8
1717032300000,67603.8,67625.7,67530.5,67604.1
1717032600000,67602.1,67635,67542.1,67624.1
1717032900000,67628.1,67699.2,67552.6,67691.7
1717033200000,67617.6,67709.1,67605,67706.9
1717033500000,67704.6,67795.1,67606.8,67795.1
1717033800000,67716.8,67808.1,67657.9,67670.5
1717034100000,67670.3,67769.2,67643.1,67765.8
1717034400000,67759.2,67808.1,67674.2,67731.9
1717034700000,67732.4,67913.3,67732.2,67788.7
1717035000000,67788.5,67861.1,67758.6,67761.5
1717035300000,67761,67980.3,67761,67950.5
1717035600000,67956.1,68031.9,67875,67958.5
1717035900000,68031.9,68065.5,67897.4,67986
1717036200000,67989.4,68147,67962.1,68103.2
1717036500000,68099.2,68109.1,67953.2,68068.7
1717036800000,68068.1,68068.7,67938.2,68019.2
1717037100000,68022.7,68037.4,67862.8,67971.1
1717037400000,67971.1,67999.1,67868.4,67965.1
1717037700000,67962.7,67977.7,67833,67906.3
1717038000000,67861,67972.7,67826.7,67883
1717038300000,67882.5,67944.9,67818.6,67878.2
1717038600000,67883.7,67930.8,67833.5,67909.7
1717038900000,67903.9,67977,67833.7,67913.7
1717039200000,67869.9,67997,67867.1,67893
1717039500000,67892.7,67990.4,67876.9,67887.8
1717039800000,67889.7,68042.3,67889,67910.8
1717040100000,67910.7,68028.9,67909.8,68028.2
1717040400000,68027.4,68031,67930.3,67977.1
1717040700000,67967,68050.5,67931.5,68050.5
1717041000000,68044.2,68131.8,67988.7,68085.9
1717041300000,68085.1,68119,68004.3,68029.3
1717041600000,68029.3,68088.5,67998.2,67998.2
1717041900000,67998.2,68054.9,67888.7,67895.8
1717042200000,67895.7,68009.1,67883.9,68002.3
1717042500000,68001.7,68100.8,67933.1,68027.8
1717042800000,68027.9,68146.4,68027.9,68118.9
1717043100000,68118.9,68210.6,68043.7,68110.5
1717043400000,68195.4,68383.3,68111.2,68270.6
1717043700000,68341.9,68353.3,68198.6,68237.2
1717044000000,68240.4,68258.8,68045.4,68116.3
1717044300000,68115.2,68190.4,68053.9,68130.7
1717044600000,68130.7,68156.6,68033.4,68041.6
1717044900000,68116.2,68136.8,68027.2,68128.7
1717045200000,68061.1,68163.4,68013.3,68049.7
1717045500000,68046.4,68074.8,67970,68039.1
1717045800000,68046,68054.4,67960.7,68010.2
1717046100000,68010.2,68039.2,67901.5,68034
1717046400000,68034,68057.8,67937,68050.2
1717046700000,68057.7,68074.5,67980.1,68060.6
1717047000000,68068.1,68071.5,67982.7,68059
1717047300000,68059,68083.2,67996.7,68061.7
1717047600000,68057.2,68094.4,68008.3,68064.5
1717047900000,68061.4,68114.8,68011.6,68034
1717048200000,68022.4,68115.7,68022.4,68087.6
1717048500000,68076.1,68107.1,68071.2,68107.1
1717048800000,68093.5,68151.1,68026,68061.4
1717049100000,68060.3,68061.4,67877.2,67897.1
1717049400000,67898.9,67958.2,67856.5,67903.4
1717049700000,67911.7,67988.1,67887.6,67941.4
1717050000000,67952.3,67965.9,67749.3,67781
1717050300000,67781,67893.3,67751.8,67883.9
1717050600000,67880,67884.4,67733.1,67754.8
1717050900000,67746.9,67859.1,67709.6,67818.8
1717051200000,67818.8,67931.1,67807.5,67924.4
1717051500000,67926.6,67972.7,67912.7,67942.3
1717051800000,67942.3,67945.5,67789,67804.2
1717052100000,67784.2,67825.3,67696.7,67790.4
1717052400000,67794.5,67835.2,67761.7,67766.9
1717052700000,67766.9,67833.1,67678.5,67831.3
1717053000000,67831.3,67891.9,67827.5,67837.6
1717053300000,67841.6,67879.1,67779.2,67794.9
1717053600000,67796.8,67804.5,67689,67714.9
1717053900000,67713.7,67749.6,67674.4,67748.7
1717054200000,67748.7,67802.9,67729.9,67800.2
1717054500000,67800.2,67889.8,67799.8,67889.8
1717054800000,67889.3,67929.7,67843,67929.7
1717055100000,67930.8,67998.1,67858.4,67858.4
1717055400000,67858.4,67871.1,67482.5,67544.6
1717055700000,67545,67621.7,67483.1,67543.7
1717056000000,67543.7,67606.5,67477.2,67572.5
1717056300000,67568.8,67587.1,67328.8,67365
1717056600000,67369.1,67375.2,67166.8,67176.7
1717056900000,67176.7,67247.1,67122.8,67154.6
1717057200000,67156.5,67211.5,67093,67189.9
1717057500000,67197.8,67349.7,67193.9,67335.2
1717057800000,67349.1,67481.2,67335.2,67402.1
1717058100000,67404.8,67484.8,67391.5,67459.2
1717058400000,67464.6,67528.7,67459.2,67519.6
1717058700000,67519.6,67534.2,67427.9,67534.2
1717059000000,67529.7,67567.1,67486.3,67564.2
1717059300000,67561.8,67728.3,67549.8,67651.6
1717059600000,67649.9,67687.8,67559.3,67563.8
1717059900000,67565.8,67657.4,67548.7,67635.6
1717060200000,67635.6,67675,67593.2,67674.8
1717060500000,67676.3,67719.1,67627.4,67693
1717060800000,67688.6,67693,67596.9,67606.3
1717061100000,67606.2,67613.2,67528.9,67535.2
1717061400000,67532.2,67606.5,67532.2,67587.1
1717061700000,67587.1,67590.2,67427.2,67451.1
1717062000000,67451.1,67569,67422.2,67539.1
1717062300000,67541.4,67608.4,67516.4,67578.7
1717062600000,67578.7,67630.9,67567.3,67592.3
1717062900000,67592.3,67716.1,67590.4,67705.1
1717063200000,67705,67710.2,67632.2,67674.3
1717063500000,67674.3,67680.2,67567.7,67573.5
1717063800000,67569.3,67616.3,67562.9,67565.5
1717064100000,67565.5,67586.4,67524.4,67528.7
1717064400000,67549.8,67659,67503.6,67623
1717064700000,67625.2,67665.3,67614.2,67632
1717065000000,67632,67739.1,67632,67729.2
1717065300000,67739.1,67821.9,67739.1,67769.4
1717065600000,67767.9,67939.1,67767.9,67882.9
1717065900000,67889.7,67952.3,67822,67843.1
1717066200000,67831.7,67878.1,67794.1,67878.1
1717066500000,67878.1,67935.1,67857.8,67901.5
1717066800000,67901.5,67946.9,67858.1,67889.8
1717067100000,67889.8,67907.8,67845,67897.1
1717067400000,67897.1,67936.2,67826.2,67921.1
1717067700000,67921.1,67921.2,67853.6,67874.7
1717068000000,67864.5,67893.8,67799.6,67882.9
1717068300000,67887.5,68074.8,67864.2,68059.2
1717068600000,68059.2,68066.4,67976,68009.4
1717068900000,68019.1,68026.9,67902,67911.3
1717069200000,67911.3,67924.1,67874.3,67924.1
1717069500000,67924.1,67939.7,67827.2,67898.2
1717069800000,67896.2,67898.2,67787.7,67807
1717070100000,67807,67823,67753.8,67756.2
1717070400000,67756.2,67880.9,67701.2,67819.2
1717070700000,67821.3,67873,67806,67852.7
1717071000000,67847,67955.1,67838,67908.6
1717071300000,67903.8,67958.1,67847.8,67936.1
1717071600000,67925.1,68018.7,67925.1,67966.8
1717071900000,67966.8,67989.9,67930.8,67989.9
1717072200000,67981.7,68229,67831.3,67961.6
1717072500000,67961.6,68039.1,67953.3,67981
1717072800000,67980.1,68227.6,67967.4,68184.9
1717073100000,68185.5,68283.1,68125.3,68213.6
1717073400000,68213.6,68220.4,68059.5,68121
1717073700000,68122.7,68134.2,68059.2,68080.5
1717074000000,68070.1,68163.1,68003.3,68035.2
1717074300000,68033.6,68098.7,67994.4,68098.7
1717074600000,68095.4,68166.7,68076,68159
1717074900000,68166.7,68335.2,68128.6,68228.9
1717075200000,68228.9,68275.2,68196.1,68239.1
1717075500000,68241.9,68258.4,68149.7,68159.7
1717075800000,68160.2,68218,68079.7,68084.5
1717076100000,68088.1,68124.8,68009.7,68066.3
1717076400000,68066.3,68230.8,68027.3,68195
1717076700000,68193.9,68623.8,68192.5,68561.9
1717077000000,68561.4,68618.5,68404.5,68406.9
1717077300000,68408.4,68612.2,68404.5,68572.1
1717077600000,68575.1,68677.1,68486.3,68614.3
1717077900000,68614.3,68767.2,68597.7,68722.2
1717078200000,68722.2,68732.3,68435,68435
1717078500000,68435,68652.3,68427.2,68650.1
1717078800000,68649.4,68750.9,68641.7,68676.5
1717079100000,68683.2,68691,68568.5,68622.1
1717079400000,68626.6,68715.6,68613.5,68648.1
1717079700000,68648.1,68659.1,68474.5,68474.7
1717080000000,68474.5,68524.2,68426.1,68467.7
1717080300000,68470.6,68540.7,68359.3,68383.1
1717080600000,68383.1,68456.7,68242.9,68246.2
1717080900000,68243.1,68334,68215.5,68320.1
1717081200000,68321.5,68383.3,68278.4,68286.5
1717081500000,68287,68292.6,68102.7,68226.8
1717081800000,68226.8,68263.2,68171.1,68226.9
1717082100000,68226.9,68382.1,68214.1,68296.6
1717082400000,68296.6,68319.2,68228.4,68313.2
1717082700000,68313.2,68419.3,68283.7,68381.3
1717083000000,68381.3,68547.1,68321.7,68472.7
1717083300000,68474.1,68515,68408.1,68432.9
1717083600000,68436.3,68574.2,68342.8,68387.1
1717083900000,68379.2,68510.7,68379.2,68507.5
1717084200000,68509.1,68552.6,68443.3,68461.5
1717084500000,68453.3,68545,68452.6,68487
1717084800000,68487,68548.2,68433.3,68543.4
1717085100000,68543.4,68559.2,68491.7,68519.2
1717085400000,68519.4,68528.8,68377,68390
1717085700000,68390,68413.2,68343.4,68375.4
1717086000000,68375.4,68392.5,68342.6,68379.2
1717086300000,68379.2,68460,68379.2,68394.6
1717086600000,68392.2,68434.6,68378.1,68398.3
1717086900000,68398.5,68447.1,68379.4,68429.2
1717087200000,68429.2,68431.1,68354.9,68415.3
1717087500000,68415,68563.3,68406.2,68563.3
1717087800000,68563.3,68597.1,68540.1,68557.6
1717088100000,68556.7,68655.2,68527.6,68646
1717088400000,68646,68715.9,68627.8,68668.4
1717088700000,68664.1,68748.1,68659.2,68677.1
1717089000000,68678,68818.1,68671.2,68815.7
1717089300000,68815.7,68872.7,68741.7,68756.6
1717089600000,68762.4,69066.6,68748.2,69065.9
1717089900000,69063.8,69082,68959.9,68980
1717090200000,68983.5,69114.6,68979,69109.9
1717090500000,69104.5,69271.2,69095.2,69269.7
1717090800000,69270.9,69435.1,69253.2,69379.1
1717091100000,69370.8,69410,69279.1,69353.8
1717091400000,69353.8,69469.1,69350.9,69448.9
1717091700000,69448.9,69479,69303,69303.1
1717092000000,69305.7,69383.1,69244.2,69244.2
1717092300000,69243.9,69274.7,69184.9,69199.5
1717092600000,69201,69201,69103.1,69103.1
1717092900000,69102.4,69273.4,69054.2,69249.3
1717093200000,69249.3,69317.9,69212.4,69313
1717093500000,69315.7,69370.3,69228.8,69249.8
1717093800000,69249.8,69296.7,69206.5,69209.2
1717094100000,69209.2,69212.3,69081.8,69108.8
1717094400000,69108.5,69280.1,69108.3,69253.7
1717094700000,69253.3,69266.2,69176.3,69200.4
1717095000000,69199.8,69288.4,69158.1,69246.5
1717095300000,69246.5,69334.1,69246.5,69329.9
1717095600000,69329.9,69336.7,69190.8,69224.5
1717095900000,69224.5,69270.4,69212.5,69247
1717096200000,69247,69247.8,69152.7,69172.1
1717096500000,69175.2,69219.1,69075.3,69122.6
1717096800000,69123.2,69172.4,69020.7,69031.6
1717097100000,69029.6,69031.6,68874.7,68929.6
1717097400000,68932.8,69042.1,68913.4,68973.7
1717097700000,68973,68974.3,68646,68762.9
1717098000000,68759,68776.6,68585.7,68683.4
1717098300000,68682.7,68682.7,68419.9,68432.8
1717098600000,68446.7,68543,68411.3,68524
1717098900000,68522.5,68635.7,68435,68632.2
1717099200000,68632.2,68633.7,68248.6,68317.7
1717099500000,68317.7,68363.5,68169.8,68273.4
1717099800000,68272.9,68276.4,68041.6,68147.1
1717100100000,68147.1,68235.1,68043.1,68229.8
1717100400000,68225.2,68359.2,68221.3,68359.2
1717100700000,68359.3,68445.5,68308.1,68411.1
1717101000000,68412.1,68442.6,68342.1,68387.9
1717101300000,68388.9,68424.6,68324.6,68412.8
1717101600000,68413,68475.6,68412.8,68468.4
1717101900000,68474.5,68503.9,68362.1,68499.8
1717102200000,68499.8,68501.9,68416.3,68445.2
1717102500000,68430.1,68439.9,68376.7,68439.4
1717102800000,68431.4,68463.4,68396.7,68438.1
1717103100000,68438.1,68445.7,68396.9,68430.1
1717103400000,68430.1,68442,68329.8,68329.8
1717103700000,68328.9,68368.3,68311.3,68359.5
1717104000000,68359.4,68359.9,68282.6,68302
1717104300000,68301.8,68330.1,68301.8,68329.8
1717104600000,68329.8,68485.6,68329.3,68411.6
1717104900000,68411.7,68465.3,68397.9,68406.9
1717105200000,68406.9,68411,68348.8,68349.1
1717105500000,68349.2,68349.2,68319.3,68341.9
1717105800000,68341.7,68417.5,68341.5,68416.9
1717106100000,68416.9,68417.2,68375.5,68375.7
1717106400000,68354.2,68375.7,68308,68340.5
1717106700000,68350.8,68355,68235.2,68235.3
1717107000000,68234.8,68252.1,68215.2,68238.5
1717107300000,68237.5,68237.5,68192.9,68215.8
1717107600000,68217.1,68281.3,68217.1,68276.4
1717107900000,68273.7,68314.2,68266.2,68304.4
1717108200000,68298.3,68311.7,68261.2,68265
1717108500000,68264.9,68294.5,68259.2,68269.1
1717108800000,68269.1,68344.4,68260.1,68321.1
1717109100000,68315.2,68350,68291.9,68296.4
1717109400000,68291.9,68300.9,68248.5,68269.5
1717109700000,68269.8,68281.7,68256.2,68275.6
1717110000000,68277,68277,68236.2,68238.1
1717110300000,68238.7,68277.3,68227.5,68277.3
1717110600000,68275.2,68337.1,68264.7,68336.8
1717110900000,68336.8,68346.6,68311.2,68346.1
1717111200000,68346.3,68478.2,68343.7,68436.6
1717111500000,68436.6,68445,68411.4,68411.4
1717111800000,68408.5,68433.8,68397.7,68429.9
1717112100000,68429.9,68437.2,68357.3,68357.3
1717112400000,68359.2,68362.8,68319.2,68323.4
1717112700000,68335,68344.1,68286.8,68323.8
1717113000000,68323.8,68355.3,68318.5,68336.7
1717113300000,68338,68352.4,68311.2,68313.8
1717113600000,68317.6,68329.2,68262,68301.8
1717113900000,68303.2,68342.4,68284.2,68341.9
1717114200000,68341.3,68363.9,68302.9,68319.2
1717114500000,68324.1,68401.6,68283.2,68398.2
1717114800000,68399.6,68406.8,68323.2,68328
1717115100000,68328,68328,68269.9,68287.1
1717115400000,68284.3,68335.2,68279.2,68289.2
1717115700000,68284.4,68314.6,68233.2,68258
1717116000000,68259.3,68296.8,68255.3,68279.6
1717116300000,68285.2,68322.9,68270.7,68312
1717116600000,68311.5,68359.1,68305.9,68352.4
1717116900000,68355.7,68432.9,68350.9,68424.3
1717117200000,68424.3,68579.2,68384.7,68559.4
1717117500000,68553.5,68559.4,68491,68508.2
1717117800000,68503.2,68599.4,68503.2,68599.3
1717118100000,68589.7,68599.3,68380,68452
1717118400000,68449.4,68478.1,68398.4,68418.9
1717118700000,68418.9,68510.5,68407.7,68477.4
1717119000000,68479.2,68521.8,68424.6,68496.6
1717119300000,68496.6,68515.4,68454.8,68480.9
1717119600000,68484.9,68505,68435.2,68442.7
1717119900000,68442.7,68455.6,68339.2,68359.1
1717120200000,68359.1,68375.5,68275.7,68375.5
1717120500000,68375.5,68415.5,68345.5,68414.6
1717120800000,68414.6,68464.6,68389.2,68464.6
1717121100000,68464.6,68548.2,68431.2,68509.8
1717121400000,68523.2,68601.5,68472.7,68581.3
1717121700000,68585.1,68667.4,68577.5,68633.1
1717122000000,68633.1,68688.9,68559.3,68559.3
1717122300000,68559.3,68560.4,68477.8,68485.8
1717122600000,68488.4,68499.1,68459.1,68491
1717122900000,68485.3,68533.2,68485.3,68525.2
1717123200000,68532.7,68564.4,68519.2,68552.3
1717123500000,68551.4,68553.2,68460.4,68481
1717123800000,68479.1,68496.3,68471.8,68482.6
1717124100000,68482.6,68505.3,68476.1,68501.7
1717124400000,68500.6,68523,68487,68489.2
1717124700000,68489.8,68489.8,68478.9,68482.8
1717125000000,68482.8,68485,68454.1,68469.1
1717125300000,68470,68475,68442,68454
1717125600000,68448.1,68475.1,68439.9,68466.9
1717125900000,68470,68480.2,68439.9,68460.7
1717126200000,68459.3,68464.4,68441.1,68460.9
1717126500000,68460.9,68528.8,68460.9,68503.3
1717126800000,68499.6,68542.4,68499.6,68539.7
1717127100000,68540.2,68579.5,68514.6,68552.5
1717127400000,68554.3,68579.7,68531.9,68554.3
1717127700000,68545.4,68560.8,68493.6,68498.9
1717128000000,68501.4,68588.6,68500.6,68588.1
1717128300000,68588.1,68612.7,68559.4,68562.6
1717128600000,68559.4,68596.8,68559.3,68571.2
1717128900000,68571.2,68594.2,68543.4,68550.6
1717129200000,68550.6,68559.3,68524.3,68539.2
1717129500000,68544.1,68545.2,68473.7,68507.1
1717129800000,68493.1,68507.1,68436.5,68445.2
1717130100000,68443.6,68467.8,68433.8,68467.4
1717130400000,68467.4,68502.5,68463.7,68497.7
1717130700000,68499.6,68539.2,68489.6,68539.2
1717131000000,68536.3,68539.2,68459.8,68459.8
1717131300000,68459.8,68480.8,68453.5,68472.9
1717131600000,68472.9,68474.3,68419,68439.9
1717131900000,68432.1,68439.9,68337,68406.2
1717132200000,68406.2,68459.9,68403.7,68423.2
1717132500000,68424.8,68427.2,68313.1,68335.9
1717132800000,68335.4,68348,68265.1,68268.8
1717133100000,68268.7,68338.4,68246.4,68338.4
1717133400000,68330.9,68334.7,68258.5,68284.6
1717133700000,68285.6,68306.8,68275.4,68287
1717134000000,68285.1,68380.9,68283.2,68367
1717134300000,68366.8,68381.7,68333.4,68380.4
1717134600000,68379.2,68387.2,68333.4,68354.7
1717134900000,68354.7,68426.5,68353.2,68400.6
1717135200000,68401.9,68404.5,68360.4,68393.1
1717135500000,68390.1,68418.4,68385.2,68387.5
1717135800000,68388.1,68388.1,68228.1,68262.7
1717136100000,68259.1,68323.1,68259.1,68302.6
1717136400000,68306,68317.5,68297.1,68303.2
1717136700000,68300.5,68352.4,68295.6,68351.3
1717137000000,68351.3,68375.1,68280.3,68293.4
1717137300000,68293.4,68313.6,68232.2,68313.6
1717137600000,68313.6,68313.6,68268.2,68297.8
1717137900000,68299.1,68305.8,68266.9,68269.4
1717138200000,68269.4,68271.1,68206.7,68236.3
1717138500000,68236.3,68236.3,68186.2,68233
1717138800000,68233,68254.5,68210.1,68251
1717139100000,68251,68281.9,68249.1,68257.6
1717139400000,68259.3,68289.7,68247,68280
1717139700000,68286.8,68322.2,68243,68316.2
1717140000000,68316.2,68384.4,68306.4,68334.9
1717140300000,68347.9,68358.7,68302.8,68322.3
1717140600000,68322.3,68323.2,68275.3,68280.6
1717140900000,68280.6,68280.6,68207,68222.8
1717141200000,68226,68227.8,68147.1,68165
1717141500000,68165,68165,68102.7,68117
1717141800000,68117,68123.2,68042.2,68059.9
1717142100000,68060.6,68132.2,68058.2,68131.8
1717142400000,68134.2,68250.6,68119.6,68192.8
1717142700000,68192.8,68205.6,68155.3,68199.5
1717143000000,68203.9,68235.3,68190.6,68228.7
1717143300000,68228.7,68270.9,68168.6,68266.4
1717143600000,68270.1,68272.6,68212.9,68230.6
1717143900000,68228,68239.1,68165.7,68169.2
1717144200000,68167.2,68179.1,68118.2,68159.3
1717144500000,68159.1,68174.2,68145.7,68159.2
1717144800000,68163.5,68235,68159.2,68223.5
1717145100000,68224.2,68224.2,68139.5,68157.6
1717145400000,68158.8,68186.9,68118.6,68118.7
1717145700000,68130.1,68138.1,68089.8,68092
1717146000000,68092,68119.2,68074.8,68091.1
1717146300000,68091.1,68096.6,68059.2,68069.6
1717146600000,68072,68145.3,68056,68130.6
1717146900000,68132.4,68134.2,67903.3,67919.9
1717147200000,67910.5,67936.7,67860.6,67908.6
1717147500000,67908.5,67908.8,67847.9,67886.1
1717147800000,67886.6,67888.7,67843.2,67872.6
1717148100000,67879.1,67918.8,67868.9,67901.5
1717148400000,67901.5,67967,67901.2,67947.1
1717148700000,67943.2,67959.1,67906,67915.4
1717149000000,67916.9,67934.5,67878.4,67894.8
1717149300000,67884.1,67923.1,67845,67908.4
1717149600000,67909.2,68014.6,67877.9,68014.6
1717149900000,68014.6,68215.1,68006.3,68152.3
1717150200000,68152.3,68202.8,68087.7,68163.7
1717150500000,68160.2,68170.8,68101.6,68123
1717150800000,68125.4,68136.2,68077.7,68111.3
1717151100000,68116,68118,68065.5,68107
1717151400000,68107,68120,68061.2,68094.3
1717151700000,68094.3,68180.7,68059.2,68162.5
1717152000000,68159.7,68206.7,68138.9,68199.2
1717152300000,68199.8,68200.8,68139.6,68183.2
1717152600000,68177,68199.1,68126.1,68199.1
1717152900000,68197.1,68264.4,68171.1,68258.7
1717153200000,68258.7,68290.7,68228,68236.8
1717153500000,68240.9,68286.1,68228,68246.5
1717153800000,68246.7,68368.4,68246.5,68354
1717154100000,68354.7,68367.7,68290.4,68300.4
1717154400000,68300.7,68356.8,68297.7,68340.7
1717154700000,68339.6,68346.6,68255.5,68258.7
1717155000000,68260.4,68320.6,68252.3,68302.5
1717155300000,68302.5,68405.2,68285.8,68388.7
1717155600000,68385.2,68388.7,68332.4,68363.8
1717155900000,68349.6,68386.9,68290.8,68370.8
1717156200000,68370.8,68385,68319.4,68361.7
1717156500000,68360.4,68361.7,68290.8,68314.6
1717156800000,68314.6,68374.6,68258.7,68370.9
1717157100000,68370.9,68382.7,68294.3,68362.8
1717157400000,68362.8,68398.7,68319.3,68327.1
1717157700000,68319.4,68376.2,68319.3,68357.1
1717158000000,68357.9,68534.6,68356.6,68468.1
1717158300000,68468.1,68543.3,68458.1,68515.9
1717158600000,68516.3,68944.7,68511.2,68826.9
1717158900000,68828,68990.4,68810.7,68831.7
1717159200000,68824.8,68886.7,68650.4,68816.4
1717159500000,68816.4,68897.8,68735.7,68741.1
1717159800000,68743.9,68765.1,68649.5,68662.4
1717160100000,68662.4,68669.9,68495.5,68592.2
1717160400000,68592.8,68710.7,68563.1,68704.2
1717160700000,68704.2,68757.9,68663.2,68737.7
1717161000000,68729.7,68737.7,68597.3,68658.2
1717161300000,68658.2,68667.8,68579.3,68630.9
1717161600000,68630.4,68758.6,68619.9,68708.9
1717161900000,68707.2,68762.6,68658.7,68662.3
1717162200000,68659.4,68727.8,68090.6,68158.8
1717162500000,68160,68398.8,68153.5,68381.2
1717162800000,68381.2,68425,68263.8,68363.3
1717163100000,68366.2,68394.2,68204.7,68311.2
1717163400000,68323.1,68333.2,68121.3,68210.2
1717163700000,68210.2,68210.2,67981.7,68030.9
1717164000000,68021.3,68023.4,67710.8,67867.4
1717164300000,67875.2,68005.2,67783.2,67991.5
1717164600000,67974.5,68016.7,67739.7,67749.5
1717164900000,67766.6,67893.9,67710.9,67809.1
1717165200000,67809.5,67877.3,67673.3,67684.4
1717165500000,67685,67752.5,67617,67694.9
1717165800000,67694.1,67764.6,67608,67720.7
1717166100000,67720.7,67804.1,67400.6,67444
1717166400000,67444,67460,67298.2,67314.7
1717166700000,67309.2,67422.7,67175.7,67408.7
1717167000000,67406.9,67488.9,67332.7,67358.8
1717167300000,67359.4,67464.2,67354.8,67444.2
1717167600000,67460.4,67491.5,67333.7,67333.7
1717167900000,67350,67403.5,67269.9,67337.7
1717168200000,67337.7,67404,67258.8,67265.8
1717168500000,67265.8,67345,67177.9,67306.7
1717168800000,67306.7,67414.5,67299.2,67348
1717169100000,67348,67428.4,67329.7,67413.4
1717169400000,67414.6,67430.5,67138.8,67265.7
1717169700000,67283.8,67361.9,67257.3,67334.7
1717170000000,67334.7,67379.9,67270.4,67379.9
1717170300000,67372,67377,67260.8,67327.7
1717170600000,67330.9,67342.9,67218.3,67263.9
1717170900000,67265.6,67297.6,67114.7,67121.1
1717171200000,67127,67291.9,66995.9,67088.4
1717171500000,67063,67222.8,66777.8,66792
1717171800000,66796.6,66910.9,66716,66774.5
1717172100000,66774.6,66868.5,66611.1,66685.3
1717172400000,66662.8,66819.2,66615.1,66766
1717172700000,66765.8,66985.4,66756.8,66931
1717173000000,66931,67065.2,66918.8,67014.7
1717173300000,67014.7,67015.9,66827.9,66910.2
1717173600000,66911.1,66934.2,66808.7,66906.2
1717173900000,66906.1,67006.7,66868.1,66969.6
1717174200000,66974.6,67105.2,66953.6,67049.2
1717174500000,67049.7,67168.2,67034.7,67117.9
1717174800000,67118.1,67327.8,67074.4,67231.3
1717175100000,67231.3,67309.2,67208.7,67260.3
1717175400000,67264.8,67278.5,67208.8,67221
1717175700000,67212.3,67311.3,67208.8,67270
1717176000000,67267.4,67342.2,67265.8,67330.2
1717176300000,67330.2,67404.6,67294.6,67366.4
1717176600000,67366.4,67385.2,67309.7,67311.3
1717176900000,67312.4,67334.7,67258.7,67263.9
1717177200000,67263.5,67280.4,67215.6,67257.9
1717177500000,67257.9,67272.1,67192.9,67231.6
1717177800000,67233,67319.2,67222.5,67267
1717178100000,67267,67303.8,67240,67290.2
1717178400000,67290.2,67293.2,67208.8,67259.9
1717178700000,67258.7,67323.9,67208.7,67258.6
1717179000000,67258.6,67364.2,67258.6,67315.5
1717179300000,67313.6,67382.4,67275.6,67293.6
1717179600000,67293.6,67313.4,67230.5,67276.2
1717179900000,67258.2,67320.9,67208.7,67208.7
1717180200000,67208.7,67274.7,67086.2,67124.2
1717180500000,67125,67324.2,67075.3,67266.7
1717180800000,67266.7,67358.2,67235.2,67358.2
1717181100000,67358.2,67364.7,67266.4,67291.4
1717181400000,67291.4,67310.5,67237.9,67261.9
1717181700000,67261.9,67370.2,67238,67367.6
1717182000000,67368.1,67372.8,67244,67270
1717182300000,67272.1,67367.1,67231.3,67284.8
1717182600000,67359.6,67362.1,67272.1,67335.7
1717182900000,67335.7,67370.4,67272.6,67325.8
1717183200000,67326.4,67383.8,67270,67383.8
1717183500000,67383.8,67519.5,67326.8,67451.1
1717183800000,67447.8,67514.8,67384.6,67445.1
1717184100000,67445.1,67548.6,67431.5,67494.7
1717184400000,67494.7,67779.9,67494.7,67745.7
1717184700000,67745.2,67858.7,67643,67709.6
1717185000000,67709.6,67941.2,67698.1,67820.8
1717185300000,67820.8,67892.2,67510.7,67524.2
1717185600000,67619,67749.2,67568.2,67729.2
1717185900000,67731.3,67731.3,67582.3,67582.3
1717186200000,67590.1,67656.6,67517.5,67603.3
1717186500000,67604.8,67666.7,67570,67582.4
1717186800000,67586.9,67614.8,67533.8,67541.7
1717187100000,67540.1,67633.6,67517.5,67628.7
1717187400000,67629.5,67636.8,67554.3,67586.2
1717187700000,67573,67592.6,67547.3,67585
1717188000000,67586.3,67666.7,67576.6,67612.6
1717188300000,67610.7,67696.7,67591.4,67640.9
1717188600000,67642.1,67678.7,67565.7,67565.8
1717188900000,67565.9,67648.8,67548.2,67646.5
1717189200000,67563.8,67567.3,67495.5,67551.3
1717189500000,67549.4,67549.4,67522.6,67523.6
1717189800000,67524.9,67575.7,67523.6,67570.5
1717190100000,67570.5,67574.9,67504.4,67521.4
1717190400000,67521.4,67521.4,67463.8,67464.2
1717190700000,67464.4,67490.9,67383.9,67490.4
1717191000000,67489.4,67533.7,67427.6,67442.7
1717191300000,67442.7,67483.4,67440.5,67461.6
1717191600000,67462.4,67462.6,67395.8,67399.1
1717191900000,67399,67414.2,67376.2,67414
1717192200000,67414.9,67510.3,67414.9,67510.3
1717192500000,67508.3,67550.3,67415.1,67424.6
1717192800000,67426.8,67526.1,67426.7,67454.1
1717193100000,67457.2,67500.4,67427.6,67496
1717193400000,67495.4,67496.7,67476.3,67477.8
1717193700000,67477.8,67495.7,67477.8,67495.7
1717194000000,67495.7,67495.7,67495.7,67495.7
1717194300000,67495.7,67495.7,67495.7,67495.7
1717194600000,67495.7,67495.7,67495.7,67495.7
1717194900000,67495.7,67495.7,67495.7,67495.7
1717195200000,67495.7,67495.7,67495.7,67495.7
1717195500000,67495.7,67495.7,67495.7,67495.7
1717195800000,67495.7,67495.7,67495.7,67495.7
1717196100000,67495.7,67495.7,67495.7,67495.7
1717196400000,67495.7,67495.7,67495.7,67495.7
1717196700000,67495.7,67495.7,67495.7,67495.7
1717197000000,67495.7,67495.7,67495.7,67495.7
1717197300000,67495.7,67495.7,67255.7,67255.7
1717197600000,67265.9,67265.9,67117.6,67181.7
1717197900000,67175.8,67175.8,67088.9,67099.4
1717198200000,67099,67202.9,67099,67177.6
1717198500000,67176.3,67229.9,67176.3,67210.9
1717198800000,67207.8,67443.5,67192.9,67369.5
1717199100000,67372,67461.7,67346.4,67394.7
1717199400000,67393.7,67472.6,67379.1,67435
1717199700000,67438.7,67441.6,67401.7,67414
