timestamp,open,high,low,close
1648771200000,45476.4,45521.4,45386.8,45513.4
1648771500000,45513.8,45553.2,45504.8,45548.8
1648771800000,45549.2,45594.6,45503.5,45583.2
1648772100000,45583.1,45586.6,45504.6,45531
1648772400000,45531.4,45569.6,45518.8,45564.8
1648772700000,45561.1,45577.7,45553.7,45559.8
1648773000000,45564.1,45572,45319.3,45367.1
1648773300000,45366.6,45520.3,45363.1,45516.6
1648773600000,45516.8,45565.2,45509.3,45564.4
1648773900000,45564.3,45587,45536.3,45585.8
1648774200000,45585.1,45593.5,45515.9,45516.8
1648774500000,45519.2,45531,45431.7,45504
1648774800000,45504.5,45504.5,45420,45424.7
1648775100000,45420.3,45461.6,45350.5,45354.5
1648775400000,45354,45357.6,45274.4,45297.2
1648775700000,45297.1,45370.7,45274.4,45326.2
1648776000000,45326.7,45334.3,45252.4,45271.3
1648776300000,45271.8,45275.2,45098.8,45106.4
1648776600000,45107.5,45186.1,45102.2,45163.2
1648776900000,45163.1,45179.8,45024.7,45107.9
1648777200000,45107.9,45170.9,45061.6,45122.7
1648777500000,45123,45129.6,45008.2,45078.2
1648777800000,45075.9,45077.8,44893,44893
1648778100000,44893,45019.4,44893,44893
1648778400000,44893,44990.8,44893,44934.9
1648778700000,44934.8,44964.3,44893,44964.3
1648779000000,44963.9,45000.9,44913.9,44922.8
1648779300000,44923.1,44983.5,44767.7,44866
1648779600000,44868.3,44881.6,44716.9,44716.9
1648779900000,44716.2,44723,44515.5,44591.7
1648780200000,44591.6,44692.5,44503.2,44687.4
1648780500000,44683.7,44713.6,44633.2,44665.3
1648780800000,44665,44697.9,44605,44670.8
1648781100000,44670.9,44671.2,44505.4,44518.9
1648781400000,44519.2,44589.3,44284.9,44332
1648781700000,44332.4,44341.6,44195.7,44337.6
1648782000000,44337.6,44428.7,44261,44408.6
1648782300000,44408.3,44456.9,44308.4,44429.3
1648782600000,44429.3,44440.7,44297.3,44344.7
1648782900000,44345.5,44393.3,44318.7,44368.9
1648783200000,44372.2,44448.4,44328.9,44422.5
1648783500000,44419.3,44419.3,44345.3,44367.2
1648783800000,44367.3,44484.5,44367.1,44472.4
1648784100000,44471.7,44482.5,44446.1,44475.5
1648784400000,44475.9,44505.8,44475.5,44495.4
1648784700000,44495.4,44497.8,44441.8,44477.2
1648785000000,44477.7,44494.9,44407.3,44416.1
1648785300000,44418.2,44553.7,44402.7,44553.7
1648785600000,44554.7,44660.2,44518.8,44637
1648785900000,44639,44656.6,44549,44550.6
1648786200000,44551.9,44624.8,44549,44611.9
1648786500000,44611,44625.9,44546.9,44568.5
1648786800000,44568.5,44652.9,44552.8,44647.3
1648787100000,44648.2,44662.1,44633.6,44635.6
1648787400000,44636.7,44669.9,44594.9,44629
1648787700000,44633.9,44714.9,44629.1,44713.3
1648788000000,44716.7,44726.4,44694.8,44710.8
1648788300000,44718.3,44741.2,44663.6,44677.7
1648788600000,44673.9,44679.9,44624,44634.5
1648788900000,44632.1,44648.5,44629.7,44636.1
1648789200000,44636.1,44672,44636.1,44671.3
1648789500000,44669,44702.3,44649.1,44701.1
1648789800000,44701.4,44717.3,44660.6,44673.4
1648790100000,44674.7,44688.1,44662.1,44662.1
1648790400000,44662.6,44674.1,44662.6,44670.6
1648790700000,44670.6,44704,44670.6,44695.9
1648791000000,44695.9,44820.1,44695.9,44725.3
1648791300000,44725.3,44725.3,44649.1,44649.1
1648791600000,44649.1,44699.1,44607.5,44628.7
1648791900000,44628.7,44628.7,44609.8,44612.2
1648792200000,44612.2,44657.3,44555.6,44557.6
1648792500000,44557.4,44668.4,44557.4,44668.4
1648792800000,44668.4,44718.4,44647.4,44647.4
1648793100000,44647.4,44688.7,44638.9,44638.9
1648793400000,44638.9,44669.5,44541.9,44561.5
1648793700000,44561.5,44651,44555.1,44647.2
1648794000000,44646.7,44705.7,44629.2,44705.7
1648794300000,44707.8,44840.9,44702,44823.9
1648794600000,44823.9,44879.6,44743.2,44743.2
1648794900000,44743.2,44744.1,44743.2,44743.2
1648795200000,44743.2,44743.2,44743.2,44743.2
1648795500000,44743.2,44884.7,44743.2,44822.1
1648795800000,44822.1,44822.1,44822.1,44822.1
1648796100000,44822.1,44833.9,44822.1,44833.9
1648796400000,44833.9,44895.1,44781.6,44834.6
1648796700000,44834.6,44846.9,44821.8,44846.9
1648797000000,44846.9,44944.4,44820,44820.2
1648797300000,44820.2,44879.7,44820.2,44823.3
1648797600000,44823.3,44966.6,44823.3,44890.1
1648797900000,44890.1,44990.4,44881.9,44889.5
1648798200000,44889.5,44890,44834.4,44842
1648798500000,44842,44940.2,44832.3,44910.8
1648798800000,44910.8,44984.5,44896.7,44902.1
1648799100000,44902.1,45122.3,44902.1,45030
1648799400000,45030,45142.8,45000.9,45034.5
1648799700000,45034.5,45090.2,45020.9,45030.9
1648800000000,45030.9,45187.5,45030.9,45111.4
1648800300000,45111.5,45203,45035.6,45087.2
1648800600000,45087.2,45189.6,45069.9,45083
1648800900000,45083,45101,45074.5,45101
1648801200000,45101,45239.7,45101,45163.2
1648801500000,45163.2,45338.7,45163.2,45269
1648801800000,45268.2,45368.3,45241.9,45259.6
1648802100000,45259.6,45259.6,45132.3,45150.3
1648802400000,45150.4,45273.4,45138.6,45231.2
1648802700000,45231.2,45254.4,45124.5,45133.3
1648803000000,45133.3,45202.1,45085.4,45187.6
1648803300000,45187.6,45196.8,45090.6,45099
1648803600000,45109.2,45126.2,45063.2,45093.1
1648803900000,45093.1,45135.5,45069.3,45100.4
1648804200000,45100.4,45240.6,45100.4,45136.2
1648804500000,45136.3,45155.2,45084.2,45099.3
1648804800000,45099.3,45262.5,45099.3,45174.9
1648805100000,45174.9,45276.2,45172.5,45184.9
1648805400000,45184.9,45254,45175.2,45175.2
1648805700000,45175.2,45215.6,45175.2,45175.2
1648806000000,45175.2,45175.2,45073.8,45091.9
1648806300000,45091.9,45143.4,44983.6,45143.4
1648806600000,45143.4,45208.2,45075.8,45091.1
1648806900000,45091.1,45098.7,45091.1,45098.7
1648807200000,45098.7,45116.6,45032.5,45035.3
1648807500000,45035.3,45149.6,45035.3,45080.1
1648807800000,45080.3,45090.2,45073.7,45090.2
1648808100000,45090.2,45096.2,45029.9,45096.2
1648808400000,45096.2,45096.2,45096.2,45096.2
1648808700000,45096.2,45210.4,45085.6,45097
1648809000000,45097,45180.5,45069.3,45078.2
1648809300000,45078.2,45214.5,45078.2,45109.1
1648809600000,45109.1,45147.9,45079.4,45109.4
1648809900000,45109.4,45109.4,45109.4,45109.4
1648810200000,45109.4,45264,45094.2,45175.5
1648810500000,45175.5,45289.7,45175.5,45286.9
1648810800000,45286.9,45317.2,45165.9,45165.9
1648811100000,45165.9,45165.9,45165.9,45165.9
1648811400000,45165.9,45249.3,45165.7,45169.5
1648811700000,45169.5,45311.8,45169.5,45209.7
1648812000000,45209.7,45295.4,45205.5,45207.3
1648812300000,45207.3,45318.3,45207.3,45217.7
1648812600000,45216.7,45235.4,45150.1,45183.1
1648812900000,45183.9,45189.6,45084.3,45124
1648813200000,45124,45194.7,45070.8,45081.6
1648813500000,45081.6,45139.4,45073.5,45073.5
1648813800000,45073.5,45073.5,45036.1,45038.7
1648814100000,45039,45046.5,44997.3,45029.9
1648814400000,45029.9,45050.5,44935.7,44994.5
1648814700000,44995.4,45181.3,44994.5,45075.4
1648815000000,45075.4,45075.4,44891.9,44934.2
1648815300000,44933.2,44957,44888.7,44917.5
1648815600000,44911,44923.1,44701.8,44715
1648815900000,44715.3,44826.2,44706.9,44817
1648816200000,44816.4,45034.4,44773.4,44926.5
1648816500000,44921.8,45402.8,44919.8,45290.7
1648816800000,45290.7,45304.6,45096.7,45134.8
1648817100000,45134.8,45203.1,45119.8,45145.8
1648817400000,45145.8,45284,45071.8,45194.5
1648817700000,45186.6,45340.4,45186.2,45261.8
1648818000000,45261.8,45402.1,45261.8,45399.1
1648818300000,45399.1,45441.2,45245.7,45266.1
1648818600000,45265,45345,45240.2,45299
1648818900000,45299,45529.2,45299,45446.1
1648819200000,45446.1,45531.9,45420.1,45440.4
1648819500000,45417.9,45505.2,45360.8,45373.2
1648819800000,45373.2,45519.5,45373.2,45475.2
1648820100000,45476.1,45562.6,45440.6,45500.3
1648820400000,45498.9,45535.3,45471.7,45489
1648820700000,45489,45614.7,45446.7,45507.6
1648821000000,45507.6,45507.6,45281.2,45360.9
1648821300000,45360.9,45493.8,45360.9,45440.1
1648821600000,45440.1,45527.7,45420.3,45454.5
1648821900000,45454.5,45652.5,45454.5,45520.8
1648822200000,45520.4,45747.8,45519.7,45654.1
1648822500000,45654.1,45756.4,45553.4,45572.3
1648822800000,45572.6,45574.7,45528.3,45547.3
1648823100000,45550.9,45647.6,45512.4,45617.5
1648823400000,45617.5,45739.2,45554,45587.1
1648823700000,45587.1,45783,45587.1,45648.9
1648824000000,45649.3,45801.9,45644.7,45682.1
1648824300000,45682.2,46002.6,45682.1,45910.9
1648824600000,45909.4,46032.9,45846.9,45898.5
1648824900000,45894.5,46104.8,45873.6,46085.6
1648825200000,46085.6,46386.9,46074.1,46287.7
1648825500000,46287.7,46480.4,46232.4,46443.2
1648825800000,46451.7,46659.9,46434.4,46529.9
1648826100000,46532.4,46611.5,46481,46546.9
1648826400000,46546.6,46658,46529.8,46550.1
1648826700000,46550.8,46573.2,46483.3,46485.4
1648827000000,46485.2,46521,46384.2,46384.2
1648827300000,46384.2,46477.5,46384.2,46470.1
1648827600000,46470.2,46631.7,46451.6,46585.3
1648827900000,46585.3,46585.3,46538.4,46538.4
1648828200000,46538.4,46586.4,46538.4,46572.6
1648828500000,46572.8,46572.8,46538.4,46538.4
1648828800000,46538.4,46539,46538.4,46538.4
1648829100000,46538.4,46600.7,46441,46553.1
1648829400000,46553.1,46623.8,46459.2,46463.2
1648829700000,46463,46509.2,46384.2,46384.2
1648830000000,46384.2,46459.7,46384.2,46409
1648830300000,46409.7,46529.9,46392.9,46475
1648830600000,46475,46475,46291.6,46301
1648830900000,46300.9,46353.9,46230,46345.9
1648831200000,46345.9,46403.6,46262.2,46349.8
1648831500000,46349.8,46430.4,46278.3,46285.7
1648831800000,46285.6,46285.6,46185.8,46185.8
1648832100000,46182.9,46235.6,46067,46106.1
1648832400000,46106.1,46124,45920,46040.7
1648832700000,46041.9,46246.5,46028.8,46128
1648833000000,46128,46207.8,46098.5,46180.8
1648833300000,46186.5,46274,46156.3,46188.3
1648833600000,46189,46347.4,46169.7,46297
1648833900000,46297,46364.4,46227.7,46243
1648834200000,46243.5,46283.7,46199.9,46222.6
1648834500000,46222.6,46472.8,46209.2,46401.8
1648834800000,46401.5,46543.5,46387.8,46424.6
1648835100000,46423.2,46580.7,46422.7,46487.6
1648835400000,46487.6,46487.6,46413,46413
1648835700000,46413,46445.2,46392.7,46428
1648836000000,46420.9,46591.2,46408.7,46506.5
1648836300000,46506.5,46631.1,46400,46400
1648836600000,46396.6,46437.9,46394.7,46415.4
1648836900000,46419.9,46555.1,46416.7,46427.4
1648837200000,46427.4,46437.7,46418.6,46418.6
1648837500000,46418.6,46418.6,46257.4,46325.1
1648837800000,46324.6,46349.7,46314.6,46338.2
1648838100000,46339,46420.2,46246.2,46256.8
1648838400000,46256.9,46367.2,46252.4,46281.8
1648838700000,46281.8,46356.4,46254.1,46264.5
1648839000000,46264.5,46389.9,46223.3,46275
1648839300000,46274.9,46404.1,46267.1,46303.5
1648839600000,46303.5,46440,46252.4,46252.4
1648839900000,46252.4,46427.1,46248,46248
1648840200000,46255.8,46257.3,46223,46236
1648840500000,46236.1,46312.9,46174.6,46174.6
1648840800000,46174.6,46251.5,46153.1,46177.2
1648841100000,46177.2,46252.7,46161.3,46177.1
1648841400000,46177.1,46294.5,46177.1,46182.6
1648841700000,46182.6,46182.6,46120.4,46126.3
1648842000000,46126,46159.1,46121.1,46131.2
1648842300000,46131.7,46262.8,46114.1,46249.7
1648842600000,46248.5,46334.7,46248.5,46331.3
1648842900000,46331,46341.6,46308.1,46328.4
1648843200000,46334.1,46335.7,46271.1,46294.4
1648843500000,46296.5,46302.5,46267.7,46301.5
1648843800000,46297.8,46325.8,46257.6,46265.1
1648844100000,46259.7,46302.1,46259.7,46291.4
1648844400000,46285.1,46335.2,46232.5,46243.2
1648844700000,46244.2,46273,46233.7,46262.5
1648845000000,46260.6,46304.2,46256.6,46286.8
1648845300000,46284.9,46306.1,46281.5,46290.7
1648845600000,46280.5,46333.4,46207.7,46207.7
1648845900000,46207.8,46245.7,46063.4,46089
1648846200000,46086.8,46116.5,46075.9,46081.9
1648846500000,46082,46129.9,46081.1,46116.5
1648846800000,46116.5,46116.5,46116.5,46116.5
1648847100000,46116.5,46116.5,46116.5,46116.5
1648847400000,46116.5,46116.5,46116.5,46116.5
1648847700000,46116.5,46116.5,46116.5,46116.5
1648848000000,46116.5,46116.5,46116.5,46116.5
1648848300000,46116.5,46116.5,46116.5,46116.5
1648848600000,46116.5,46116.5,46116.5,46116.5
1648848900000,46116.5,46116.5,46116.5,46116.5
1648849200000,46116.5,46116.5,46116.5,46116.5
1648849500000,46116.5,46116.5,46116.5,46116.5
1648849800000,46116.5,46116.5,46116.5,46116.5
1648850100000,46116.5,46262.5,46116.5,46258.3
1648850400000,46258.3,46307.7,46205,46211.3
1648850700000,46211.3,46350.8,46204.8,46350.8
1648851000000,46350.7,46352.3,46298,46314.9
1648851300000,46317.1,46326.2,46249.6,46269.4
1648851600000,46269.4,46278.2,46228.2,46235.5
1648851900000,46235.5,46269.4,46216.6,46269.4
1648852200000,46267.7,46347.3,46263.3,46302.5
1648852500000,46302.6,46331.2,46282.3,46292.1
1648852800000,46290.9,46313.6,46132.7,46154.9
1648853100000,46154.9,46216.1,46149.8,46172
1648853400000,46172,46224.6,46153.9,46203.9
1648853700000,46204.1,46325.9,46204.1,46325.9
1648854000000,46322.1,46322.8,46279.2,46285.8
1648854300000,46285.8,46288.8,46225.5,46229.9
1648854600000,46229.6,46263.4,46100,46187.1
1648854900000,46190.2,46244.5,46183.6,46228.5
1648855200000,46228.1,46232.9,46137.7,46165.8
1648855500000,46164.7,46190.5,46132,46135.3
1648855800000,46135.3,46164.4,46079.3,46146.7
1648856100000,46146.7,46158.7,46116.5,46145.7
1648856400000,46145.2,46187.6,46144.1,46166.7
1648856700000,46166.7,46221.6,46166.7,46219.3
1648857000000,46219.1,46236,46158.2,46167.9
1648857300000,46167.9,46246.4,46163,46237.4
1648857600000,46237.4,46238.3,46048.2,46085.6
1648857900000,46085.6,46114.8,46054.8,46084.9
1648858200000,46084.9,46141.5,46067.4,46128.3
1648858500000,46128.3,46163,46100.5,46137
1648858800000,46136.3,46186.4,46124.1,46181.7
1648859100000,46181.7,46206.3,46166.8,46186.2
1648859400000,46188.8,46331.2,46168.9,46298
1648859700000,46299.4,46400.2,46279,46368.9
1648860000000,46369.3,46406.8,46316.5,46379.3
1648860300000,46379.4,46548.4,46376.8,46499.9
1648860600000,46499.9,46934.9,46481.7,46899.8
1648860900000,46899.8,47154.3,46862,46863.1
1648861200000,46863.1,46979.3,46847.7,46948.1
1648861500000,46948.1,46954.8,46759.4,46938.6
1648861800000,46944.9,46974.7,46906.4,46933.8
1648862100000,46933.8,46937.8,46593.3,46737
1648862400000,46737,46737,46635.8,46689
1648862700000,46686.9,46693.8,46525.1,46564.8
1648863000000,46564.8,46631.9,46477.1,46549.9
1648863300000,46547.4,46615.3,46539.5,46574.3
1648863600000,46578.9,46655.5,46562.3,46609.9
1648863900000,46609.9,46728.8,46602.9,46720.8
1648864200000,46724.6,46732.5,46674.1,46697.4
1648864500000,46693.8,46728.3,46693.8,46702.5
1648864800000,46702.5,46742.5,46641.4,46726
1648865100000,46728,46753.6,46725.9,46725.9
1648865400000,46725.7,46754.6,46710.6,46741.7
1648865700000,46741.3,46755.1,46724.1,46754.8
1648866000000,46754.8,46793.1,46752.3,46787.8
1648866300000,46788,46798.1,46680.1,46680.1
1648866600000,46680.1,46717.3,46571.9,46617.6
1648866900000,46616.9,46631.3,46345.4,46428.1
1648867200000,46429.9,46466.1,46227.8,46288.9
1648867500000,46288.9,46422.1,46288.6,46411.3
1648867800000,46411,46490.4,46368.3,46472.9
1648868100000,46475.2,46501,46445,46463.1
1648868400000,46465,46506.1,46352.4,46408.9
1648868700000,46410.6,46436.5,46373.4,46405.5
1648869000000,46405.5,46424.9,46359.9,46361.8
1648869300000,46361.8,46400.4,46360.4,46385.1
1648869600000,46382.8,46394.3,46363.4,46365.1
1648869900000,46364.8,46372.7,46327.5,46372.7
1648870200000,46365.6,46461.1,46365.6,46437.9
1648870500000,46438.3,46455.2,46426.8,46427.8
1648870800000,46428.1,46485.7,46426.6,46471.3
1648871100000,46472.7,46512.7,46443,46467.2
1648871400000,46467.4,46476.3,46464.9,46465.1
1648871700000,46465,46541.1,46465,46537.6
1648872000000,46540.1,46611.9,46531.7,46543.2
1648872300000,46541.8,46542.9,46481.5,46501.1
1648872600000,46501.2,46534.9,46493.6,46532.3
1648872900000,46532.2,46534.1,46487.7,46491.6
1648873200000,46493.7,46505.1,46472,46480.3
1648873500000,46477.6,46477.6,46446.5,46457.2
1648873800000,46456,46500.9,46453.6,46499
1648874100000,46498.5,46510.1,46477.5,46494.9
1648874400000,46493.7,46531,46488.1,46524.2
1648874700000,46524,46550.3,46511.3,46537.4
1648875000000,46537.5,46560.2,46537.2,46537.7
1648875300000,46529.7,46529.7,46486.2,46486.2
1648875600000,46486.7,46490.5,46440.6,46440.6
1648875900000,46437.3,46457.5,46436.5,46454.8
1648876200000,46454.7,46467.2,46448,46466.7
1648876500000,46466.4,46508.6,46442.2,46508.6
1648876800000,46509.9,46542.3,46503.5,46524.3
1648877100000,46524.2,46545.4,46516.5,46521.8
1648877400000,46521.7,46528.8,46504.8,46522.2
1648877700000,46522.1,46523.6,46475.6,46476.9
1648878000000,46479.4,46479.4,46374.8,46418.4
1648878300000,46418.3,46438.7,46385.4,46438.3
1648878600000,46450.8,46475.9,46444.8,46474.3
1648878900000,46474.7,46503,46472.6,46498.8
1648879200000,46499.1,46499.9,46475.2,46480.9
1648879500000,46483.5,46525.4,46477.3,46518.8
1648879800000,46517.9,46521.1,46468.9,46476.2
1648880100000,46475.5,46499.4,46463.3,46497
1648880400000,46497.1,46502.9,46457.2,46468.3
1648880700000,46469.8,46498.8,46441.6,46450.6
1648881000000,46433.8,46447.6,46423.9,46425
1648881300000,46424.9,46458.7,46424.8,46436
1648881600000,46436.8,46534.9,46436.8,46534.6
1648881900000,46535.2,46539.8,46529.2,46536.1
1648882200000,46536.1,46560.2,46535.6,46549.7
1648882500000,46546.8,46597.2,46544.4,46589.5
1648882800000,46593,46601.1,46550.9,46550.9
1648883100000,46550.9,46557,46546.3,46546.3
1648883400000,46546.3,46546.3,46530.6,46530.6
1648883700000,46530.6,46582.4,46505.9,46524.1
1648884000000,46524.1,46552.7,46474,46476.9
1648884300000,46476.9,46480.9,46422.8,46422.8
1648884600000,46424,46434.9,46424,46430.1
1648884900000,46430.3,46449.3,46428.6,46439.2
1648885200000,46438.7,46469.2,46436.9,46465.9
1648885500000,46467,46502.2,46465.2,46501.4
1648885800000,46501.8,46602,46501.3,46580.4
1648886100000,46580.4,46629.8,46524.9,46623.2
1648886400000,46623.2,46623.2,46515.1,46529.3
1648886700000,46530.4,46530.7,46524,46524
1648887000000,46524,46524,46524,46524
1648887300000,46524,46536.3,46524,46525
1648887600000,46525.4,46528.2,46524,46524
1648887900000,46524,46560.8,46479.9,46560.8
1648888200000,46575.4,46602.5,46474,46539.2
1648888500000,46537.8,46544,46534.3,46535.6
1648888800000,46535.3,46537,46526.5,46529.9
1648889100000,46529.9,46534,46474,46503
1648889400000,46503,46560.2,46480.1,46560.2
1648889700000,46560.2,46613.2,46495.5,46594.9
1648890000000,46594.9,46594.9,46482.6,46483.3
1648890300000,46483.1,46511.3,46482.9,46506.8
1648890600000,46506.9,46539.5,46506.3,46539.5
1648890900000,46540.4,46584.7,46540.4,46581.7
1648891200000,46581.7,46583.7,46513.5,46524.1
1648891500000,46524.5,46626.1,46519.7,46548.5
1648891800000,46548.5,46635.1,46534.6,46541.8
1648892100000,46541.8,46568.3,46541.8,46543.1
1648892400000,46543.1,46546.2,46543.1,46546.2
1648892700000,46546.2,46762.9,46546.2,46652.2
1648893000000,46652,46755.9,46650.1,46667.5
1648893300000,46663.6,46766.3,46663.6,46703.5
1648893600000,46703.5,46737.2,46620.4,46629.7
1648893900000,46629.7,46629.7,46629.7,46629.7
1648894200000,46629.7,46629.7,46629.7,46629.7
1648894500000,46629.7,46635.8,46629.7,46635.8
1648894800000,46635.8,46635.8,46557.7,46558.5
1648895100000,46559.5,46617.5,46549.9,46550.5
1648895400000,46550.5,46550.5,46527.1,46536.6
1648895700000,46536.2,46543.6,46526.7,46540.7
1648896000000,46540.8,46578.4,46536.1,46578.4
1648896300000,46578.4,46580.6,46542.7,46572.2
1648896600000,46572.2,46637.2,46567.2,46637.2
1648896900000,46637.2,46696.1,46597.5,46677.9
1648897200000,46679.6,46707.1,46640.4,46649.5
1648897500000,46650,46711.4,46640.6,46656.1
1648897800000,46656.1,46702.1,46635.6,46635.6
1648898100000,46635.6,46695.5,46607.9,46650.9
1648898400000,46650.9,46652.6,46584,46584
1648898700000,46583.7,46592,46559,46592
1648899000000,46598.3,46673.3,46573.1,46593.5
1648899300000,46593.2,46690.6,46577.4,46690.6
1648899600000,46709.6,46709.6,46603.2,46611.7
1648899900000,46611.7,46619.9,46611.7,46612.7
1648900200000,46612.7,46612.7,46612.7,46612.7
1648900500000,46612.7,46621.9,46511.3,46601.9
1648900800000,46601.9,46601.9,46438.9,46443.5
1648901100000,46443.5,46813.7,46379.4,46411.4
1648901400000,46410.8,46649.3,46206,46533.5
1648901700000,46533.5,46713.2,46533.5,46624
1648902000000,46625.2,46778.1,46623.5,46688.5
1648902300000,46688.5,46811.7,46688.5,46695.3
1648902600000,46695.4,46866.5,46666.2,46787.9
1648902900000,46787.9,46903.4,46759,46794.9
1648903200000,46795.4,46906.2,46782.1,46807.7
1648903500000,46807.6,46883,46782.1,46782.1
1648903800000,46782.1,46856.4,46782.1,46782.1
1648904100000,46782.1,46782.1,46655.8,46758.1
1648904400000,46758.1,46758.1,46668.3,46672.9
1648904700000,46672.9,46694.4,46672.9,46672.9
1648905000000,46672.9,46744.9,46672.9,46733.3
1648905300000,46733.3,46777.4,46726.5,46769.8
1648905600000,46769.6,46892.5,46756.8,46880.7
1648905900000,46879.8,46889.3,46823.6,46823.6
1648906200000,46823.7,46851.2,46815.1,46841
1648906500000,46840.7,46911.3,46811.5,46813.7
1648906800000,46813.7,46813.7,46813.7,46813.7
1648907100000,46813.7,46813.7,46786.1,46786.1
1648907400000,46786.1,46786.1,46786.1,46786.1
1648907700000,46786.1,46786.1,46683.5,46690.5
1648908000000,46691.3,46757.4,46690.5,46716.3
1648908300000,46714.9,46716.5,46672.9,46672.9
1648908600000,46672.9,46672.9,46672.9,46672.9
1648908900000,46672.9,46693.9,46672.9,46679.9
1648909200000,46680.3,46693.1,46672.9,46672.9
1648909500000,46672.9,46765.8,46672.9,46688.7
1648909800000,46688.7,46691.7,46681.5,46682
1648910100000,46682,46697.4,46553.3,46553.3
1648910400000,46553.3,46577.2,46553.3,46573.9
1648910700000,46572.7,46608.8,46553.3,46583.9
1648911000000,46583.5,46601.9,46576,46576.1
1648911300000,46576.2,46609.9,46565.3,46577.5
1648911600000,46576.7,46578.5,46553.3,46553.3
1648911900000,46553.3,46580.5,46410.5,46455.3
1648912200000,46455.3,46455.7,46265.2,46334.5
1648912500000,46334.5,46508.2,46327.6,46508.2
1648912800000,46508.2,46508.2,46357.3,46490.2
1648913100000,46490.2,46548.4,46408,46422.6
1648913400000,46422.6,46467.3,46355.5,46384.5
1648913700000,46286.8,46376.6,46131.4,46198.8
1648914000000,46198.6,46368.2,46156.1,46216.6
1648914300000,46218.2,46267.8,46148.7,46148.7
1648914600000,46149.8,46264.5,46118.8,46162.7
1648914900000,46162.5,46336.3,46149.5,46248.4
1648915200000,46247.7,46376.8,46123.7,46123.7
1648915500000,46124,46325,46123.8,46292.8
1648915800000,46292.8,46401.1,46255.4,46371.1
1648916100000,46371.1,46416.8,46272.8,46338
1648916400000,46338,46385.5,46232.4,46298.3
1648916700000,46298.3,46398.8,46263.8,46362.6
1648917000000,46366.5,46377.1,46236.6,46297.1
1648917300000,46297.1,46297.1,46208.2,46269
1648917600000,46269,46348.3,46269,46306.2
1648917900000,46306.2,46479.8,46296.1,46345.5
1648918200000,46345.5,46382.5,46276.5,46277.5
1648918500000,46277.6,46322.5,46267.8,46322.5
1648918800000,46322.5,46361.4,46257.7,46343.4
1648919100000,46343.4,46425.5,46333.2,46368.1
1648919400000,46368.1,46368.5,46344,46359
1648919700000,46359,46396.8,46340,46379.6
1648920000000,46379.6,46414.9,46340,46340
1648920300000,46340,46386,46340,46355.8
1648920600000,46355.8,46454.8,46355.8,46444.4
1648920900000,46444.4,46464.1,46365.1,46411
1648921200000,46411,46430.2,46411,46430.2
1648921500000,46430.2,46466.2,46358.9,46379
1648921800000,46378.8,46484.3,46378.8,46420.4
1648922100000,46420.4,46438.8,46384.3,46384.3
1648922400000,46384.3,46443,46163.9,46184.7
1648922700000,46185,46220.3,45684.1,45684.1
1648923000000,45684.1,45766.4,45601.1,45752
1648923300000,45752,46118.7,45721.7,46073.8
1648923600000,46073.8,46109.2,45883.4,45998.2
1648923900000,45998.2,46059.2,45837.9,45839.7
1648924200000,45839.2,46013.9,45833.8,45980.4
1648924500000,45980.4,46017.9,45902.6,45904.8
1648924800000,45904.6,45954.6,45819.8,45858.2
1648925100000,45858.2,45865.1,45732.2,45799.1
1648925400000,45730,45922.7,45697.5,45879.7
1648925700000,45879.7,45998.1,45818.3,45820.4
1648926000000,45820.4,45962.7,45820.4,45887.9
1648926300000,45887.9,45979.3,45865.4,45888.6
1648926600000,45888.8,45985.9,45888.1,45906.8
1648926900000,45910.8,46026,45910.8,45950.6
1648927200000,45950.6,46106.7,45950.6,46050.6
1648927500000,46051.4,46166.2,46042.5,46046.2
1648927800000,46046.2,46089.8,46044.9,46089.8
1648928100000,46089.1,46224,46086.8,46156.2
1648928400000,46156.3,46243.9,46109.6,46135.6
1648928700000,46136.1,46217.4,46100.7,46131.8
1648929000000,46135.8,46150.2,46098.1,46150.2
1648929300000,46150.2,46166.1,46100.3,46100.3
1648929600000,46100.3,46329.8,46091,46091
1648929900000,46091,46344,46091,46209.3
1648930200000,46210,46302.2,46171.9,46203.2
1648930500000,46203.7,46351.7,46181.8,46210.6
1648930800000,46210.5,46346.6,46200.7,46221.3
1648931100000,46221.9,46336.5,46220.7,46249.8
1648931400000,46250.1,46344.8,46162.7,46192
1648931700000,46289.6,46307.4,46191.5,46303.2
1648932000000,46205.2,46312.7,46196.9,46214.2
1648932300000,46214.3,46348.2,46211.4,46247.1
1648932600000,46248.4,46301.7,46173.6,46177.3
1648932900000,46177.3,46255.9,46122.4,46138.4
1648933200000,46138.4,46244.9,46073.3,46090.1
1648933500000,46090.1,46229.6,46063.6,46129.6
1648933800000,46129.6,46143.2,46084.7,46095.3
1648934100000,46097.4,46151.7,46066.2,46081.2
1648934400000,46081.2,46083.7,46023.8,46024.9
1648934700000,46022.2,46022.2,45975.7,45975.7
1648935000000,45975.7,46115.6,45975.7,46001.9
1648935300000,46002.9,46344.1,46002.9,46255
1648935600000,46258.1,46361.3,46168,46261.4
1648935900000,46261.4,46271.6,46192.4,46271.6
1648936200000,46271.6,46314.6,46189.8,46220.5
1648936500000,46220,46310.3,46194.9,46194.9
1648936800000,46194.9,46348.7,46188.1,46324.3
1648937100000,46324.3,46373.4,46254.2,46336.2
1648937400000,46336.2,46341.2,46222.6,46230.9
1648937700000,46231.2,46323.2,46202.9,46216.7
1648938000000,46216.7,46241.9,46211.1,46211.1
1648938300000,46211.1,46217.9,46101.4,46138.7
1648938600000,46138.7,46181,46078.5,46117.9
1648938900000,46121.9,46161.6,46086.4,46086.4
1648939200000,46086.4,46157.9,46035.4,46152.4
1648939500000,46152.4,46228.5,46015.1,46087.7
1648939800000,46087.7,46165.9,46087.7,46121.7
1648940100000,46121.7,46165.9,46109.1,46126.8
1648940400000,46126.8,46126.8,46006.9,46007.6
1648940700000,46007.5,46034.1,45996.1,46001.6
1648941000000,46001.6,46195.4,46001.5,46139.8
1648941300000,46139.8,46139.8,46080.8,46080.8
1648941600000,46080.8,46080.8,46080.8,46080.8
1648941900000,46080.8,46080.8,45966.3,46024.1
1648942200000,46027.6,46029.7,45963.4,45967.4
1648942500000,45967.4,45967.4,45844.3,45926.6
1648942800000,45927.5,45927.5,45891.2,45891.6
1648943100000,45891.7,45908.4,45889.5,45889.5
1648943400000,45889.5,45889.5,45889.5,45889.5
1648943700000,45889.5,45889.5,45762.2,45825
1648944000000,45825,45825,45825,45825
1648944300000,45825,45925.2,45825,45886.3
1648944600000,45888.3,45890.2,45850,45888.8
1648944900000,45888.5,45895.9,45863,45894.2
1648945200000,45894.8,46062.8,45894.8,45948.3
1648945500000,45948.3,45948.3,45875,45875.4
1648945800000,45875.4,46009,45875,45962.1
1648946100000,45962.1,46006.4,45962.1,46006.4
1648946400000,46006.4,46066.6,46006.4,46032.2
1648946700000,46032.2,46082.6,46032.2,46056
1648947000000,46056,46100.4,46056,46062.9
1648947300000,46062.9,46111.3,45976.1,46111.3
1648947600000,46111.3,46117.5,46005,46006
1648947900000,46006,46006,45977.4,45977.4
1648948200000,45977.4,45977.4,45844.3,45873.3
1648948500000,45873.3,45883.1,45775.6,45775.6
1648948800000,45771.7,45779.4,45515.7,45680.9
1648949100000,45680.5,45686.9,45546.2,45584
1648949400000,45584.2,45655.3,45521.2,45536.7
1648949700000,45534.2,45595.7,45520.3,45554.9
1648950000000,45550.3,45738.7,45550.1,45737.5
1648950300000,45737.5,45804.9,45716.8,45735
1648950600000,45735.6,45767,45700.8,45711.8
1648950900000,45715.1,45834.2,45715.1,45817.6
1648951200000,45816.8,45860.5,45771.9,45858.7
1648951500000,45858.8,45863.5,45835.8,45839.4
1648951800000,45839.9,45852.7,45833.9,45848.2
1648952100000,45848.4,45863.4,45848.2,45859
1648952400000,45858.5,45890.8,45858.5,45890.2
1648952700000,45890.8,45890.8,45851.6,45858.9
1648953000000,45858.7,45905.6,45858,45905.6
1648953300000,45906.8,45916.2,45905.9,45914.1
1648953600000,45913.9,45915.5,45836.5,45839.1
1648953900000,45839,45839.1,45760.1,45760.1
1648954200000,45760.5,45775,45744.3,45762.8
1648954500000,45764.2,45766.2,45730.2,45743.1
1648954800000,45743.4,45822,45709.7,45811.7
1648955100000,45812.7,45837.5,45790.3,45834.3
1648955400000,45837.1,45839.4,45818,45820.9
1648955700000,45821.2,45864.1,45816.9,45863.5
1648956000000,45863.6,45886.4,45847,45870.4
1648956300000,45870.2,45892.5,45869.3,45879.7
1648956600000,45878.9,45916.9,45877.8,45912.6
1648956900000,45911.9,45925.1,45894.5,45897.1
1648957200000,45897,45897.8,45839.7,45845.2
1648957500000,45845.3,45899.4,45845.1,45886
1648957800000,45884.4,45890.4,45864.7,45865.9
1648958100000,45865.6,45907.5,45857.6,45900
1648958400000,45900,45933.3,45889.6,45929
1648958700000,45928.9,46098.4,45926.8,46080
1648959000000,46080.2,46129.9,46079.3,46125.7
1648959300000,46125.6,46126.3,46100.9,46106.9
1648959600000,46106.7,46106.9,46080.9,46081.6
1648959900000,46081.2,46107.8,46079.8,46107.5
1648960200000,46107.9,46127.9,46104.3,46111.2
1648960500000,46112.2,46112.2,46073,46076
1648960800000,46075.5,46090,46069.8,46089.9
1648961100000,46089.7,46105.3,46085.9,46092.8
1648961400000,46092.8,46229.9,46092.6,46224.1
1648961700000,46224,46323.2,46220.3,46323.2
1648962000000,46324.3,46336.2,46272.8,46277.9
1648962300000,46277.8,46281.6,46204.6,46227.9
1648962600000,46227.5,46252.6,46221.8,46227.1
1648962900000,46226.6,46263,46200.7,46202.8
1648963200000,46202.1,46214,46190.3,46209.6
1648963500000,46209.6,46252.8,46202,46240.5
1648963800000,46240.1,46292.6,46238.2,46289.3
1648964100000,46288.5,46310.8,46269.1,46297.3
1648964400000,46299.5,46300.1,46262.2,46274.4
1648964700000,46274.1,46274.6,46242.2,46248.4
1648965000000,46247.7,46279.5,46247,46257.1
1648965300000,46256.9,46313.4,46244.3,46313.4
1648965600000,46313.4,46337.8,46274.4,46274.4
1648965900000,46273.3,46524.9,46272.8,46506.2
1648966200000,46506.2,46512.9,46359,46384.6
1648966500000,46384.4,46384.4,46286.3,46288.9
1648966800000,46288.3,46322.4,46284.1,46297.8
1648967100000,46299.5,46324.9,46288,46324.9
1648967400000,46324.8,46387.2,46301.6,46372.9
1648967700000,46372.4,46403.1,46346.7,46348.7
1648968000000,46348.4,46361.7,46342.1,46344.8
1648968300000,46344.7,46413.7,46342.5,46396.1
1648968600000,46396.1,46400.6,46377.5,46383.8
1648968900000,46383.7,46409.1,46383.7,46395
1648969200000,46394.2,46422.8,46353.6,46371.6
1648969500000,46371.6,46385.9,46330.6,46331.5
1648969800000,46330.6,46338.6,46302.7,46326.4
1648970100000,46326.4,46339.6,46287.8,46307.7
1648970400000,46307.5,46315.1,46269.4,46269.7
1648970700000,46269.9,46290.1,46259,46260.5
1648971000000,46260.1,46412.2,46257.2,46387
1648971300000,46387,46392.1,46366.2,46370.4
1648971600000,46370.3,46371.6,46314.4,46317.3
1648971900000,46317.2,46344.9,46301.4,46307.9
1648972200000,46307.8,46349.1,46307.2,46330.8
1648972500000,46330.8,46337.5,46308.1,46321.8
1648972800000,46321.8,46365.2,46321.8,46357.4
1648973100000,46355.7,46375.4,46333.8,46366.2
1648973400000,46366.2,46372.2,46333.4,46333.7
1648973700000,46334,46334.5,46287.4,46300.2
1648974000000,46300,46301,46270.1,46289.7
1648974300000,46290.1,46312.8,46286.1,46296.6
1648974600000,46295.9,46312.4,46291.9,46298.1
1648974900000,46298.3,46303.8,46266.7,46268.2
1648975200000,46265.1,46291.9,46260,46283.2
1648975500000,46283.3,46286.5,46216.7,46216.7
1648975800000,46216.1,46231.4,46189.7,46190.1
1648976100000,46189.4,46245.4,46189.4,46234.4
1648976400000,46234.4,46283.9,46153.1,46185
1648976700000,46185.1,46194.4,46139.7,46149.5
1648977000000,46150.1,46171.7,46148.2,46159.3
1648977300000,46159.4,46186.3,46159.4,46183.8
1648977600000,46183.7,46251.1,46171.3,46241.4
1648977900000,46240.7,46316.5,46231.4,46311.5
1648978200000,46312.1,46342.3,46271.1,46325.4
1648978500000,46327.3,46351.6,46325.6,46346.3
1648978800000,46346.9,46375.8,46317.2,46360.2
1648979100000,46359.4,46394.1,46345.6,46389.5
1648979400000,46391.3,46401.7,46356.8,46362.5
1648979700000,46363.6,46363.8,46321.8,46325.8
1648980000000,46326.6,46352.7,46319.9,46326.6
1648980300000,46326.8,46327.6,46299.4,46299.4
1648980600000,46299.4,46303.9,46231.1,46243.1
1648980900000,46245.1,46262.5,46196.6,46214
1648981200000,46214,46216,46169.2,46178.3
1648981500000,46178.5,46198.9,46161.8,46183.4
1648981800000,46182.6,46201.5,46170,46196.3
1648982100000,46194.3,46203.3,46158.7,46159
1648982400000,46159.4,46159.4,46095.6,46102
1648982700000,46102.1,46110,46090.4,46105.5
1648983000000,46104.8,46166.9,46104.1,46135.8
1648983300000,46135.4,46147.5,46118.6,46132.6
1648983600000,46133.5,46139.7,46097.9,46103.1
1648983900000,46102.9,46102.9,46049.9,46069.3
1648984200000,46070,46108.5,46045.3,46101.4
1648984500000,46101.6,46138.3,46086.8,46136.3
1648984800000,46135.6,46137.6,46101.4,46134.9
1648985100000,46134.9,46171.8,46134.6,46171
1648985400000,46171,46181.5,46155.8,46180.5
1648985700000,46180.3,46189.5,46151.4,46183.8
1648986000000,46183.8,46339.1,46183.7,46274.9
1648986300000,46274.9,46286.5,46254.7,46257.8
1648986600000,46257.8,46257.8,46257.8,46257.8
1648986900000,46257.8,46257.8,46238.8,46238.8
1648987200000,46238.8,46238.8,46238.8,46238.8
1648987500000,46238.8,46238.8,46238.8,46238.8
1648987800000,46238.8,46238.8,46193.3,46207
1648988100000,46207,46273.4,46207,46273.4
1648988400000,46273.6,46395,46273.6,46295.4
1648988700000,46295.6,46303.9,46295.4,46295.4
1648989000000,46295.4,46406.4,46295.4,46406.4
1648989300000,46406.4,46406.4,46315.6,46339.2
1648989600000,46339.2,46432.4,46333.4,46347.7
1648989900000,46347.7,46445,46338.1,46379.1
1648990200000,46379.5,46383.3,46362.1,46371.6
1648990500000,46371.3,46386.2,46347,46386.2
1648990800000,46386.2,46386.2,46347.9,46363.9
1648991100000,46367.4,46371.3,46349.5,46349.5
1648991400000,46349.5,46349.5,46349.5,46349.5
1648991700000,46349.5,46391,46349.5,46389
1648992000000,46387.8,46608.2,46387.8,46608.2
1648992300000,46608.2,46650.5,46513.6,46541.7
1648992600000,46541.7,46629.6,46458.7,46460.7
1648992900000,46460.7,46624,46419.8,46448.2
1648993200000,46448.2,46537.3,46411.9,46442.5
1648993500000,46442.5,46552.2,46437.1,46460.6
1648993800000,46460.7,46557.2,46377.2,46409.3
1648994100000,46407.6,46474.5,46400.8,46459.7
1648994400000,46459.7,46489.6,46368.4,46368.4
1648994700000,46368.4,46392.8,46350.3,46356.6
1648995000000,46356.6,46377.8,46356.6,46371.9
1648995300000,46371.9,46382.6,46371.9,46382.6
1648995600000,46382.6,46382.6,46382.6,46382.6
1648995900000,46382.6,46398.1,46371.1,46371.1
1648996200000,46384.4,46401,46296.2,46302.3
1648996500000,46302.2,46305.2,46270.3,46298.3
1648996800000,46298.3,46334.9,46294.8,46325.8
1648997100000,46325.1,46350.1,46323,46348.1
1648997400000,46347.9,46389.2,46345.9,46379.2
1648997700000,46379.3,46581,46373.8,46581
1648998000000,46582.4,46740.9,46558.2,46628.7
1648998300000,46629.1,46657.5,46545.6,46548
1648998600000,46547.1,46644.2,46510.6,46541.6
1648998900000,46540.9,46697.5,46502.2,46591.3
1648999200000,46592.2,46608.8,46527.7,46531.4
1648999500000,46531.3,46558.7,46455.4,46455.4
1648999800000,46458.4,46460.6,46403.6,46414.1
1649000100000,46413.2,46413.2,46363.5,46368.1
1649000400000,46368.7,46385.9,46333.4,46334.8
1649000700000,46333.7,46436.7,46333.5,46388.8
1649001000000,46388.8,46400.8,46379.8,46383.2
1649001300000,46382.2,46383.3,46354.5,46365.4
1649001600000,46365.3,46397.6,46345.4,46347.5
1649001900000,46347.1,46405.9,46345.2,46397.6
1649002200000,46397.6,46464.7,46397.6,46453.4
1649002500000,46452.7,46452.7,46376.8,46396.2
1649002800000,46395.9,46396.3,46254.1,46254.1
1649003100000,46254.1,46277.6,46254.1,46266.9
1649003400000,46267,46289.9,46254.1,46254.1
1649003700000,46254.1,46254.1,46254.1,46254.1
1649004000000,46254.1,46265.2,46254.1,46257
1649004300000,46256.5,46258.8,46254.1,46254.1
1649004600000,46254.1,46299.2,46254.1,46272.1
1649004900000,46270,46294.9,46254.1,46254.1
1649005200000,46254.1,46309.9,46254.1,46288.3
1649005500000,46289,46309.1,46270.2,46289.4
1649005800000,46288.2,46295,46258.9,46294.6
1649006100000,46294.3,46297.9,46254.1,46254.1
1649006400000,46254.1,46268,46199.4,46200.1
1649006700000,46200.3,46239.7,46199.4,46203.1
1649007000000,46203.5,46263.5,46202.3,46257.4
1649007300000,46258.4,46287.9,46256.8,46283.8
1649007600000,46287.3,46364.1,46287.3,46335.8
1649007900000,46335.8,46337.5,46307.9,46309.9
1649008200000,46310.2,46313.8,46264.7,46312.3
1649008500000,46312.3,46456.9,46306.2,46349.6
1649008800000,46349.6,46381.1,46341.4,46361.2
1649009100000,46365.9,46487.8,46361.2,46387.2
1649009400000,46387.8,46485.6,46374.3,46384.1
1649009700000,46384,46490.2,46376.1,46382.6
1649010000000,46382.3,46475.6,46356,46375.9
1649010300000,46375.5,46464.8,46340.1,46353.5
1649010600000,46354,46454,46349.3,46353
1649010900000,46354.4,46449.7,46311.8,46358
1649011200000,46358,46443,46315,46322.9
1649011500000,46322.7,46456.6,46319.9,46369.7
1649011800000,46369.7,46674.8,46368,46584.2
1649012100000,46583.6,46782.2,46541.1,46541.3
1649012400000,46541.1,46578.3,46445.5,46462.5
1649012700000,46462.4,46676.8,46456.9,46564.9
1649013000000,46563.4,46651.2,46529.2,46549.7
1649013300000,46549.6,46603.8,46412.8,46459
1649013600000,46459,46578.3,46418.9,46492.4
1649013900000,46492.4,46587.5,46427.9,46429.6
1649014200000,46428.2,46557.2,46428,46445.3
1649014500000,46444,46536,46383.7,46404.2
1649014800000,46404.6,46508.8,46379.5,46433.6
1649015100000,46433.6,46540.4,46395.2,46405.2
1649015400000,46405.1,46509.1,46398.9,46410
1649015700000,46410.2,46517.2,46360.9,46455.7
1649016000000,46372.3,46393.4,46348.7,46361.8
1649016300000,46361.8,46475.2,46358.2,46367.8
1649016600000,46367.7,46372.9,46340,46364.3
1649016900000,46363.8,46373.5,46358.1,46367.7
1649017200000,46367.7,46369.8,46342.8,46356.2
1649017500000,46358.3,46495.1,46358.3,46418.1
1649017800000,46416,46521.3,46393.5,46408.6
1649018100000,46409.9,46421.1,46393.4,46404.6
1649018400000,46404.4,46530.9,46391.9,46404
1649018700000,46404.3,46492.9,46373.6,46375.1
1649019000000,46375.1,46468,46333,46334.6
1649019300000,46333.7,46365.4,46326.1,46365.4
1649019600000,46365.4,46447.3,46288.6,46343.3
1649019900000,46343.3,46481.9,46341.3,46424
1649020200000,46424,46628.7,46419.5,46588
1649020500000,46604.3,46639.7,46508.2,46544
1649020800000,46545.5,46729.5,46542.9,46606.3
1649021100000,46607,46806.3,46604.3,46650
1649021400000,46649.1,46774.9,46526.6,46534.7
1649021700000,46534.7,46801.2,46533.8,46698.3
1649022000000,46698.2,46703.7,46630.6,46663.4
1649022300000,46664.9,46674.1,46619.4,46673.1
1649022600000,46673.1,46700,46661.9,46681.6
1649022900000,46685,46915.1,46657.1,46915.1
1649023200000,46916.4,47041.7,46737,46748.9
1649023500000,46742.3,46898.3,46731.7,46834.4
1649023800000,46835.2,46838.3,46735,46782.3
1649024100000,46782.3,47150.9,46744.4,47059.3
1649024400000,47060.9,47452.2,46954.8,47373.9
1649024700000,47373.2,47397.5,47209.5,47238.9
1649025000000,47238.9,47389.4,47180.3,47230.6
1649025300000,47230.5,47384.5,47223.1,47274.5
1649025600000,47276.3,47399.6,47243.3,47300.2
1649025900000,47300.2,47407.4,46810.2,46831.7
1649026200000,46833.7,47036.2,46825.8,46968.1
1649026500000,46968.1,47023.6,46618.6,46654.9
1649026800000,46654.9,46678.8,46394.9,46487.2
1649027100000,46487.2,46591.2,46392.8,46501.7
1649027400000,46478.7,46692.2,46478.7,46535
1649027700000,46530.5,46583.4,46434.8,46456.7
1649028000000,46456.7,46562.4,46442.5,46462.3
1649028300000,46462.3,46586.1,46452.2,46490.1
1649028600000,46488.9,46568.2,46371.5,46371.5
1649028900000,46371.5,46455.8,46304.8,46366.8
1649029200000,46366.7,46425.8,46302,46316.2
1649029500000,46302,46414.5,46235.9,46272
1649029800000,46272,46469.1,46269.7,46382.7
1649030100000,46382.7,46496.8,46348.2,46364.4
1649030400000,46364.4,46458.5,46139.2,46364.7
1649030700000,46364.1,46460.6,46317.6,46365.3
1649031000000,46365.3,46444.2,46248.5,46273.3
1649031300000,46271.5,46337.3,46191.7,46209.4
1649031600000,46207.7,46218.3,46099.2,46132.2
1649031900000,46135.4,46135.4,45736,45941.1
1649032200000,45940.5,46027.3,45855.3,45986.5
1649032500000,45981.8,46127.7,45966.2,46034.9
1649032800000,46034.9,46051.3,45968,45976.8
1649033100000,45978.6,46072.4,45890.5,45898.7
1649033400000,45898.7,46018.1,45816.5,45931.2
1649033700000,45929.4,45946.4,45790.9,45809.3
1649034000000,45811,45888.8,45781.5,45805.4
1649034300000,45817.8,45891,45755.9,45890.8
1649034600000,45891,46018.2,45887.1,45935
1649034900000,45935,46077.6,45912.9,45916.6
1649035200000,45899.1,45963.7,45789.3,45820
1649035500000,45819,45825.8,45770.1,45816.8
1649035800000,45817.4,45857.4,45765.5,45850.1
1649036100000,45850.4,45859,45825.5,45836.1
1649036400000,45827.9,45829.8,45723.5,45769.7
1649036700000,45769.7,45860.3,45767.3,45850.5
1649037000000,45848.6,45866,45837.2,45847.1
1649037300000,45846.5,45888.4,45818.4,45820.9
1649037600000,45820.9,45820.9,45715.4,45803.1
1649037900000,45804.6,45853.5,45738.2,45738.7
1649038200000,45738.4,45817.1,45736.2,45811
1649038500000,45808.3,45869.6,45801.9,45865.1
1649038800000,45865.2,45893.4,45851,45891.3
1649039100000,45892,45904.7,45848.3,45885.8
1649039400000,45885.8,45896.6,45831.7,45860.2
1649039700000,45858.7,45881.8,45847.1,45880.8
1649040000000,45882.1,45933.9,45882.1,45914.1
1649040300000,45914.5,46016.2,45872.7,46005.6
1649040600000,46005.5,46005.9,45932.7,45979.9
1649040900000,45980.9,45997.1,45951.4,45988.3
1649041200000,45988,46013.2,45949.2,46011.7
1649041500000,46008.2,46031.9,45992.8,46031.1
1649041800000,46031.4,46106.4,46028.7,46079.6
1649042100000,46079.5,46101.7,46050,46071.8
1649042400000,46068.5,46080.2,46062,46069.4
1649042700000,46069.5,46105.1,46065.6,46091.8
1649043000000,46090.3,46108.2,46076.7,46104.2
1649043300000,46107.5,46122.8,46070.8,46086.5
1649043600000,46084.2,46086.5,46042.3,46058.5
1649043900000,46059.1,46066.5,46028.5,46056.2
1649044200000,46056.2,46057.7,46011.6,46021
1649044500000,46021,46025.9,45962.6,45968.9
1649044800000,45963.5,45993.4,45796.1,45824.9
1649045100000,45825.1,45889.6,45810,45840.2
1649045400000,45840.9,45943.2,45802.1,45942.4
1649045700000,45942.5,45989.8,45923,45976.6
1649046000000,45971.2,46064.2,45971.2,46064.2
1649046300000,46064.8,46070.4,46011.7,46064.7
1649046600000,46065.9,46088.8,46021.2,46085.1
1649046900000,46076,46099.6,46040.7,46097
1649047200000,46096.2,46102.9,46073.1,46095.9
1649047500000,46096,46099.2,46069.2,46073.1
1649047800000,46072.7,46081.5,46035.9,46066.5
1649048100000,46063.3,46075.1,46005.9,46026.4
1649048400000,46026.1,46036.2,45975.9,45988.9
1649048700000,45991.6,46005.6,45980.2,45998.9
1649049000000,45997.3,46127.4,45991.4,46122.7
1649049300000,46126,46150,46089.2,46125.8
1649049600000,46126.2,46169,46116,46135.7
1649049900000,46135.5,46142.7,46106.2,46113.1
1649050200000,46113,46162.3,46109.3,46144.2
1649050500000,46142.5,46154.2,46130.5,46151.7
1649050800000,46149.3,46167.8,46144.7,46165.6
1649051100000,46157,46172.2,46133.7,46164.4
1649051400000,46165.5,46180.3,46149.4,46159.7
1649051700000,46159,46191.8,46141.2,46180.8
1649052000000,46181.2,46194.2,46169.2,46179.5
1649052300000,46182.1,46214.5,46158,46160.9
1649052600000,46161.5,46163.9,46125.4,46126.8
1649052900000,46126.4,46141.8,46115.8,46126.3
1649053200000,46126.3,46150.7,46110.9,46147.3
1649053500000,46150.7,46179,46146.5,46166.5
1649053800000,46169.4,46181.7,46149.2,46176.9
1649054100000,46177.7,46189.2,46160.6,46174.3
1649054400000,46173.8,46197.8,46150.6,46187.4
1649054700000,46189.2,46275.1,46175.3,46181.3
1649055000000,46181.3,46181.9,46181.3,46181.3
1649055300000,46181.3,46193,46181.3,46193
1649055600000,46193,46193,46193,46193
1649055900000,46193,46193,46041.5,46093.5
1649056200000,46094.4,46101.8,46047.5,46058
1649056500000,46056.9,46085.1,46047.6,46051.7
1649056800000,46051.7,46101.6,46046,46099.6
1649057100000,46100.4,46114.7,46089.8,46109.7
1649057400000,46110,46117.9,46056.1,46059.6
1649057700000,46057.2,46119.5,46057.1,46110.4
1649058000000,46106.3,46139.1,46104,46122.1
1649058300000,46127.7,46172,46084.2,46143.1
1649058600000,46143,46152.2,46129.2,46143
1649058900000,46143.3,46145.1,46055.3,46127.8
1649059200000,46127.9,46135.9,46031.7,46078.7
1649059500000,46079.4,46108.9,46062.5,46062.5
1649059800000,46062.7,46093.3,46059.8,46078.4
1649060100000,46078.5,46096.8,46065.6,46076.9
1649060400000,46077.6,46123.9,46065.3,46080.1
1649060700000,46081.2,46126.1,46074.7,46114.5
1649061000000,46116.8,46232.1,46100.8,46184.7
1649061300000,46185.3,46200.1,46142.9,46146.5
1649061600000,46146.7,46146.8,45970.4,45974
1649061900000,45978.2,45999.8,45918.9,45953.1
1649062200000,45948,46096.8,45911.9,46090.6
1649062500000,46092.3,46132.7,46084.4,46106.1
1649062800000,46105.6,46105.6,46023.4,46029.9
1649063100000,46030.2,46030.2,45903.9,45910.5
1649063400000,45913.7,45952.3,45906.3,45952.3
1649063700000,45954.2,45958.9,45865.6,45937.5
1649064000000,45932.4,45991.3,45903.4,45988.8
1649064300000,45987.9,46010.5,45981.3,46005.2
1649064600000,46005.5,46030.2,45976.1,46010.7
1649064900000,46009.7,46024.7,45994.4,46011.9
1649065200000,46011.7,46047.2,45997.3,45997.3
1649065500000,46000.4,46000.4,45946,45962.7
1649065800000,45962,45972.8,45842.7,45863.2
1649066100000,45862.8,45890.6,45835.9,45859.4
1649066400000,45858.9,45889,45809.6,45848.6
1649066700000,45847.3,45861,45783.5,45800.6
1649067000000,45801.1,45901.3,45792.4,45891.8
1649067300000,45886.1,45968.2,45886.1,45957.3
1649067600000,45955.6,45975.4,45939.5,45952.3
1649067900000,45952.2,45954.9,45836,45888.9
1649068200000,45888.9,45891.1,45824.1,45831.9
1649068500000,45836,45844,45767.2,45779.3
1649068800000,45779.9,45847.7,45757.9,45816
1649069100000,45815.8,46003.3,45798.8,45955.8
1649069400000,45954.9,45988.9,45917.7,45963.8
1649069700000,45964.2,45968.9,45920.8,45947.4
1649070000000,45947.2,45983.5,45882.8,45983.5
1649070300000,45982.4,46058,45977.3,46050.3
1649070600000,46050.4,46137.2,46038.1,46133
1649070900000,46133.7,46141.1,46093.4,46115.4
1649071200000,46115.5,46138.3,46085,46110.2
1649071500000,46109.3,46136,46106.8,46129.8
1649071800000,46126.3,46126.3,46083.2,46100.9
1649072100000,46100.8,46109.9,46037.4,46058.3
1649072400000,46058.1,46088.8,46039.2,46049.7
1649072700000,46049.6,46102.1,46047.3,46094.5
1649073000000,46093,46123.6,46076.8,46119.6
1649073300000,46120,46139.3,46101.2,46117.4
1649073600000,46117.4,46117.4,46067.7,46070
1649073900000,46071.6,46161.7,46058.2,46161.7
1649074200000,46161.1,46187.5,46150.2,46171.2
1649074500000,46171.2,46182.2,46126.7,46129.6
1649074800000,46138,46198.3,46112.9,46194.1
1649075100000,46193.8,46199.5,46128.2,46138.7
1649075400000,46142.7,46143,46008.7,46014.2
1649075700000,46017.4,46040.6,45981.1,45981.6
1649076000000,45983,46021.3,45954.2,45968.9
1649076300000,45965.2,45967.4,45867.9,45880.5
1649076600000,45881.4,45933.3,45874.6,45896.8
1649076900000,45895.9,45957.5,45895.9,45953.5
1649077200000,45953.1,46001.6,45952.9,45958.2
1649077500000,45955.2,45993.3,45911.4,45991.6
1649077800000,45994.3,46022.7,45987.2,45999.4
1649078100000,45999.5,46013.3,45932,45988.8
1649078400000,45987.5,46004.1,45965.4,45997.9
1649078700000,45997.9,46003.8,45945,45950.6
1649079000000,45949.2,45979.9,45826.7,45865.9
1649079300000,45865.7,46132.8,45864.4,46078.6
1649079600000,46078.6,46181.1,46078.6,46104.1
1649079900000,46102.6,46132.2,46029.1,46109.2
1649080200000,46113.9,46189.6,46032.2,46044.7
1649080500000,46049.1,46142.2,46043.2,46130.7
1649080800000,46131.5,46181.9,46089.2,46175.1
1649081100000,46175.1,46195.5,46166.3,46192.9
1649081400000,46193.2,46304.6,46119.2,46150.6
1649081700000,46149.9,46153.1,46086.6,46124.8
1649082000000,46124.5,46139.3,46056.2,46076.5
1649082300000,46078.1,46113.4,46043.1,46072.1
1649082600000,46072.5,46098.9,46036.2,46043.9
1649082900000,46042.5,46077,46009.8,46038.6
1649083200000,46038.9,46048.2,45913.8,45920.4
1649083500000,45920.4,45960.1,45900.5,45902.5
1649083800000,45902.5,45929.1,45848,45875.7
1649084100000,45871.2,45889.8,45831.2,45853.1
1649084400000,45847,45915,45757.8,45780.7
1649084700000,45780.7,45806.5,45570.1,45635.9
1649085000000,45635.9,45638.8,45511.1,45590.9
1649085300000,45594.9,45670.1,45543.8,45582.9
1649085600000,45583,45629.5,45573.2,45609.9
1649085900000,45610.5,45639.4,45558.1,45625.1
1649086200000,45624.8,45693.4,45620,45674.5
1649086500000,45673.2,45685.9,45598.3,45660.1
1649086800000,45660.1,45676.8,45613.6,45622.7
1649087100000,45622.4,45681.3,45607.3,45651.7
1649087400000,45651.6,45671.3,45640.9,45661.3
1649087700000,45661.3,45661.7,45560.2,45585.3
1649088000000,45582,45646.5,45539.2,45586.3
1649088300000,45584.5,45643.7,45551.6,45643.5
1649088600000,45643.7,45719.9,45623.2,45712
1649088900000,45711.8,45755.4,45694.2,45736.5
1649089200000,45735.7,45744.9,45697.8,45702.7
1649089500000,45702.3,45717.2,45683.7,45691.4
1649089800000,45693.8,45720.1,45683.5,45684.7
1649090100000,45679.7,45679.7,45608.4,45661.1
1649090400000,45661.8,45674,45600.7,45626.8
1649090700000,45626.8,45720.1,45608.4,45710.8
1649091000000,45710,45749.7,45677.3,45716.1
1649091300000,45715.9,45715.9,45650,45650
1649091600000,45649.3,45679.9,45637.8,45639.9
1649091900000,45639.9,45688.4,45620.5,45679.1
1649092200000,45679.1,45770.9,45672,45690.2
1649092500000,45689.3,45788.3,45674.3,45755.7
1649092800000,45755.7,45809.8,45689.7,45704.2
1649093100000,45705.4,45709.6,45638,45674.4
1649093400000,45674.8,45687.8,45642.7,45642.7
1649093700000,45642.8,45654,45585.9,45589.7
1649094000000,45585.8,45597.2,45174,45284.7
1649094300000,45285.2,45327.1,45219.7,45254.4
1649094600000,45254,45344.8,45238.3,45344.6
1649094900000,45344.5,45461.8,45305.1,45332.3
1649095200000,45332.3,45332.8,45229.1,45269.9
1649095500000,45268.8,45281.4,45125.2,45161.5
1649095800000,45161.5,45234.1,45108.9,45203.1
1649096100000,45203.1,45340.5,45185.1,45230
1649096400000,45230.6,45266.9,45225.7,45262.6
1649096700000,45262.6,45273.3,45199.7,45244.1
1649097000000,45244.1,45254.1,45192.3,45244.4
1649097300000,45247.1,45402.5,45242.6,45320.5
1649097600000,45320.5,45423.2,45283.1,45351.7
1649097900000,45352.2,45479.5,45351.8,45465.9
1649098200000,45465.9,45563.4,45437.8,45462.1
1649098500000,45462.1,45578.2,45453,45557.9
1649098800000,45557.9,45681.1,45472.7,45590.6
1649099100000,45590.9,45767.3,45590.9,45680.5
1649099400000,45682.5,45711.4,45658.4,45658.4
1649099700000,45658.4,45774.7,45629.9,45680.3
1649100000000,45680.3,45680.3,45680.3,45680.3
1649100300000,45680.3,45701.1,45680.3,45699.5
1649100600000,45699.8,45879.2,45672.9,45773.1
1649100900000,45773.1,45773.1,45773.1,45773.1
1649101200000,45773.1,45957.1,45773.1,45854.7
1649101500000,45854.7,45914.5,45828.8,45839
1649101800000,45839,45988.2,45839,45880.3
1649102100000,45880.4,45967.1,45861.9,45954.2
1649102400000,45954.2,45954.2,45877.2,45877.2
1649102700000,45877.2,45877.2,45775.7,45780.9
1649103000000,45786.2,45962.5,45780.7,45850.7
1649103300000,45850.7,46132.3,45850.7,46031.3
1649103600000,46025.4,46241.7,46025.2,46154.3
1649103900000,46154.3,46340.8,46115.9,46162.2
1649104200000,46162.5,46191,46155.5,46155.5
1649104500000,46155.5,46225.9,46155.5,46221
1649104800000,46222,46402.9,46212,46297.7
1649105100000,46297.8,46314.1,46276,46276
1649105400000,46276,46276,46276,46276
1649105700000,46276,46342.5,46265.1,46342.5
1649106000000,46276.4,46499.9,46276.4,46382.8
1649106300000,46382.8,46382.8,46295.8,46296.2
1649106600000,46296.4,46470.9,46158.2,46438.3
1649106900000,46436.3,46478.6,46405.3,46419.3
1649107200000,46419.2,46477.3,46398.2,46441.2
1649107500000,46441.6,46506.2,46428.7,46480.7
1649107800000,46481.6,46496.1,46370.4,46374.8
1649108100000,46374.4,46390.6,46344.7,46378.3
1649108400000,46380.5,46547.8,46380.5,46493.8
1649108700000,46493.4,46520.7,46433.5,46481.9
1649109000000,46481.6,46481.9,46387.5,46387.5
1649109300000,46392.5,46499.8,46336.6,46429.6
1649109600000,46408.1,46454.8,46389.2,46429.2
1649109900000,46430.7,46442.9,46381.2,46418.6
1649110200000,46418.7,46423.6,46359.2,46384.9
1649110500000,46387.9,46394.9,46345.2,46359
1649110800000,46355.9,46375.3,46333.6,46361
1649111100000,46363.3,46401.7,46338.2,46375.6
1649111400000,46372.7,46457.3,46371.8,46446.2
1649111700000,46455.1,46539.8,46438.8,46539.8
1649112000000,46539.8,46656.8,46531.8,46580
1649112300000,46576.6,46791.7,46576.6,46741.8
1649112600000,46741.7,46793.2,46673.2,46673.2
1649112900000,46663.3,46690.8,46637.7,46637.7
1649113200000,46637.5,46687.5,46612,46612
1649113500000,46615.3,46652.5,46600.7,46612
1649113800000,46606.2,46655.5,46592,46653.4
1649114100000,46653.4,46653.4,46579.7,46618.1
1649114400000,46617,46740,46583.1,46693.2
1649114700000,46692.3,46798.1,46674.2,46757.3
1649115000000,46760.5,46834.1,46576.6,46817.4
1649115300000,46818,46819.8,46603.9,46625.9
1649115600000,46624.9,46648.8,46530.7,46573.4
1649115900000,46573.1,46574.5,46516.7,46528.8
1649116200000,46526.3,46562.9,46518.7,46562.1
1649116500000,46561.1,46571.2,46537.7,46547.2
1649116800000,46544.3,46590.8,46461.7,46585.4
1649117100000,46584.5,46594.2,46554.9,46584.7
1649117400000,46584.8,46587.6,46549.2,46568.6
1649117700000,46568.9,46573,46543.9,46564.7
1649118000000,46564.7,46578.3,46548,46549.8
1649118300000,46550.3,46558.5,46516.6,46517.5
1649118600000,46517.6,46539.6,46427.8,46437.7
1649118900000,46431.8,46440.4,46381,46424.5
1649119200000,46422.2,46443.4,46390.6,46442.6
1649119500000,46440.5,46483.7,46440.5,46483.4
1649119800000,46483.5,46488,46440.9,46452.2
1649120100000,46452,46470.8,46441.8,46468.7
1649120400000,46467.9,46484.4,46436.6,46484.4
1649120700000,46483.8,46511.2,46466.1,46467.2
1649121000000,46466.1,46474.8,46416,46429
1649121300000,46429.1,46457,46425.4,46457
1649121600000,46457.1,46494.1,46455.9,46483.5
1649121900000,46483.8,46495.4,46473.2,46481.3
1649122200000,46481.4,46498.7,46478.6,46494.4
1649122500000,46496,46507.7,46489.9,46507.7
1649122800000,46507.7,46545.5,46505.5,46539.5
1649123100000,46540.5,46633.8,46539.7,46626.1
1649123400000,46627.7,46633.7,46562.4,46565.9
1649123700000,46568.7,46589.8,46552.9,46589.8
1649124000000,46584.1,46621.2,46584.1,46616
1649124300000,46615.7,46621.2,46575.4,46615.2
1649124600000,46614.4,46680.6,46602.1,46671.3
1649124900000,46673.5,46687.5,46620,46631.2
1649125200000,46630.3,46641.8,46582.7,46586.4
1649125500000,46585.5,46587.1,46537.1,46548.2
1649125800000,46546.9,46555.2,46520.8,46540.3
1649126100000,46540,46541.3,46512,46535.5
1649126400000,46535.4,46574,46535.4,46571.6
1649126700000,46571.7,46571.7,46540.1,46561.2
1649127000000,46561.7,46569.1,46548.5,46565.7
1649127300000,46566,46600.6,46565.6,46586.6
1649127600000,46586.5,46623.9,46579.3,46619.3
1649127900000,46620,46658.8,46614,46644.1
1649128200000,46644.6,46725.5,46635.2,46661.1
1649128500000,46661.8,46680.3,46548.7,46550.6
1649128800000,46550.7,46595.3,46545.6,46587
1649129100000,46587.9,46601.4,46575,46596.3
1649129400000,46596.4,46653.2,46595.5,46650.9
1649129700000,46652.7,46657.2,46572,46576.9
1649130000000,46577,46589.5,46558.4,46563
1649130300000,46560.6,46569.4,46554.4,46565.5
1649130600000,46563.9,46591.3,46546.5,46583.1
1649130900000,46582.1,46602.6,46566.7,46597.9
1649131200000,46598,46712.3,46575.2,46679.4
1649131500000,46680.7,46680.7,46606.7,46613
1649131800000,46613.1,46684.5,46608.1,46680.4
1649132100000,46680.2,46680.9,46635.8,46635.8
1649132400000,46645.5,46695.1,46629.9,46686.7
1649132700000,46686.6,46687,46638.6,46645.1
1649133000000,46644.9,46681.8,46644.8,46681.2
1649133300000,46681,46710.8,46674.4,46709.9
1649133600000,46712.3,46801.8,46712.3,46789.7
1649133900000,46789.6,46790.4,46750,46776.8
1649134200000,46776.9,46801.7,46738,46738.4
1649134500000,46738.2,46741.4,46724.8,46725.3
1649134800000,46723,46777.3,46723,46769
1649135100000,46769.2,46783.9,46759.8,46763.7
1649135400000,46759.8,46766,46670.3,46676.3
1649135700000,46677,46713.6,46670.9,46685.6
1649136000000,46686.4,46728,46686.4,46704.3
1649136300000,46704.4,46722.7,46698.8,46717.2
1649136600000,46717.1,46746.8,46717.1,46739.8
1649136900000,46738.8,46748.4,46724.6,46727
1649137200000,46735,46735,46698.5,46706.3
1649137500000,46699.9,46710.9,46668.4,46686.3
1649137800000,46688.3,46695.8,46686.2,46695
1649138100000,46695.2,46695.2,46660.2,46664.1
1649138400000,46666.9,46681.2,46642.8,46676
1649138700000,46675.7,46688.5,46652.9,46686
1649139000000,46686,46700.5,46665.4,46700.5
1649139300000,46696.5,46704.6,46687.8,46694
1649139600000,46694.6,46698.4,46640.8,46653.8
1649139900000,46652.7,46667.7,46616.8,46617.7
1649140200000,46617.9,46628.5,46609.9,46620.6
1649140500000,46621.9,46627.1,46620.7,46625
1649140800000,46624.9,46625,46603.7,46603.7
1649141100000,46603.8,46611.7,46594,46607.3
1649141400000,46604.4,46604.9,46531.2,46579.2
1649141700000,46578.7,46578.7,46542.1,46561.3
1649142000000,46563,46611.3,46562.8,46610.7
1649142300000,46610.4,46616.5,46574.8,46598.8
1649142600000,46596.7,46605.2,46527.5,46535.5
1649142900000,46539,46571.4,46526.3,46570.7
1649143200000,46571,46585.7,46558.3,46585.7
1649143500000,46585,46613.7,46577.1,46611.9
1649143800000,46611.6,46656.2,46607.2,46655
1649144100000,46656.2,46766.1,46656.2,46682
1649144400000,46682.3,46786.2,46675.6,46691.6
1649144700000,46785.4,46785.4,46665,46680.9
1649145000000,46682.9,46770.8,46652,46654.8
1649145300000,46654.6,46758.5,46651.7,46709.1
1649145600000,46709.1,46757.2,46614.2,46623.4
1649145900000,46622.3,46709.5,46595.6,46603.1
1649146200000,46595.3,46685.9,46571.8,46590.5
1649146500000,46592.4,46601.6,46568.2,46582.8
1649146800000,46582.6,46602.9,46573.7,46574.1
1649147100000,46574.9,46576.1,46547.4,46557.8
1649147400000,46557.8,46562.2,46520.2,46543.4
1649147700000,46542.8,46562.6,46542.8,46559.9
1649148000000,46559.6,46592.3,46550.9,46563.5
1649148300000,46564.2,46564.3,46540.4,46556.9
1649148600000,46558.7,46601.3,46553,46601.3
1649148900000,46606.6,46623,46601.6,46617.3
1649149200000,46617.4,46620.3,46594,46594.5
1649149500000,46594,46595.8,46571.2,46576.3
1649149800000,46572.9,46604.6,46567.8,46587.1
1649150100000,46587.4,46595.6,46569.1,46590.9
1649150400000,46591.4,46617.6,46589.3,46601.7
1649150700000,46601.9,46635.7,46601.9,46634.4
1649151000000,46634.2,46637.3,46612.8,46614.7
1649151300000,46615,46647,46609.5,46633.8
1649151600000,46633.8,46633.8,46552.8,46556.7
1649151900000,46556.2,46561.8,46518.5,46531.2
1649152200000,46532.1,46546,46515.3,46546
1649152500000,46546,46547.2,46515,46520.6
1649152800000,46517.1,46631.3,46478,46508.7
1649153100000,46509.5,46524.9,46486.3,46520.4
1649153400000,46519.8,46690.8,46515.1,46590.7
1649153700000,46592,46717.6,46589.4,46624.8
1649154000000,46624.2,46723.1,46575.2,46591.2
1649154300000,46591.2,46658.7,46555.4,46648
1649154600000,46648,46648,46558.4,46586.8
1649154900000,46586.9,46672.8,46544.7,46563.2
1649155200000,46562.2,46702.1,46555.4,46611.4
1649155500000,46611.8,46716.6,46597.6,46626.8
1649155800000,46626.4,46650.4,46599.2,46602.4
1649156100000,46602,46613.3,46599.8,46600.5
1649156400000,46600.3,46677.9,46524.7,46534.1
1649156700000,46633.2,46696.1,46521.3,46619.9
1649157000000,46620.4,46770.4,46603.7,46671.5
1649157300000,46671.6,46782.8,46639.5,46643.2
1649157600000,46643.2,46737.5,46619.9,46631.6
1649157900000,46630.6,46632.6,46574.1,46574.1
1649158200000,46575,46590.8,46538.8,46550.1
1649158500000,46552.6,46623.8,46552.6,46623.8
1649158800000,46624.1,46642.6,46609.2,46613.1
1649159100000,46612,46614.8,46574.9,46577.3
1649159400000,46576,46583.4,46561.1,46580.5
1649159700000,46581.4,46723.2,46579.3,46723.2
1649160000000,46723.2,46774.1,46651.8,46693.4
1649160300000,46693.5,46801.8,46670.8,46670.8
1649160600000,46670.7,46802.6,46631.1,46703.6
1649160900000,46702.3,46890.6,46695.6,46779.8
1649161200000,46780.1,47082.3,46779.8,46948.8
1649161500000,46949.2,47213.3,46941.8,47096.4
1649161800000,47097.7,47179.9,47042.6,47042.6
1649162100000,47042.7,47076.5,46949.1,46987.3
1649162400000,46987.3,46992.8,46792.9,46864.3
1649162700000,46859.2,46918.2,46822.5,46849.1
1649163000000,46848.6,46968.9,46837.8,46968.9
1649163300000,46970.3,46970.3,46718.5,46719.6
1649163600000,46720.2,46805.2,46698.6,46766.4
1649163900000,46765.2,46765.9,46705.1,46708.2
1649164200000,46708.2,46730.8,46477.8,46480.6
1649164500000,46480.6,46554.3,46291.2,46465.7
1649164800000,46465.7,46554.5,46405.1,46464.9
1649165100000,46464.9,46474.1,46414,46414
1649165400000,46414,46474.9,46321.2,46329.8
1649165700000,46332.1,46447.3,46332.1,46444
1649166000000,46447.4,46486.4,46420,46467.1
1649166300000,46467,46569.4,46455,46456.5
1649166600000,46456.5,46467,46333.2,46333.2
1649166900000,46336.4,46413.9,46292.7,46362.4
1649167200000,46366.2,46407.1,46328.3,46387
1649167500000,46390.2,46390.7,46010.4,46115
1649167800000,46115.7,46163.5,45998.8,45998.8
1649168100000,45998.8,46003.2,45998.8,45998.8
1649168400000,45998.8,46009.5,45832.8,45939
1649168700000,45939.1,45979.9,45862.8,45883.6
1649169000000,45882.4,45924.6,45841.6,45846.7
1649169300000,45849.4,45894.8,45799.3,45828.1
1649169600000,45829,45870.2,45775.7,45775.7
1649169900000,45775.7,45834.1,45775.7,45812.2
1649170200000,45813.4,45864.1,45797.6,45842.5
1649170500000,45848.9,45857.7,45775.7,45775.7
1649170800000,45775.7,45778.1,45719.5,45729.1
1649171100000,45728.9,45915,45719.5,45783.2
1649171400000,45783.2,45861.6,45777.1,45810.1
1649171700000,45810,45841.4,45781,45781
1649172000000,45781,45786.2,45719.5,45719.5
1649172300000,45719.5,45820.3,45696.7,45721
1649172600000,45721,45866.1,45721,45765
1649172900000,45765,45769.4,45721,45721
1649173200000,45721,45724.6,45721,45721
1649173500000,45721,45721,45721,45721
1649173800000,45721,45843.4,45721,45770.9
1649174100000,45770.9,45800,45735,45735
1649174400000,45735,45749.1,45609,45614
1649174700000,45614.1,45924.1,45611.8,45843.7
1649175000000,45843.7,46021.5,45834.3,45945.3
1649175300000,45945.5,46051.2,45883,45883
1649175600000,45883,45908.9,45883,45908.9
1649175900000,45910,45916.1,45883,45883
1649176200000,45883,45883,45758.3,45790.5
1649176500000,45790.6,45813.4,45761,45799
1649176800000,45799.9,45799.9,45737.2,45749.3
1649177100000,45749.6,45750.7,45719.9,45738.7
1649177400000,45738.5,45797,45701.4,45705.3
1649177700000,45705.2,45871,45697.1,45868.4
1649178000000,45872.2,46009.1,45844.3,45956.1
1649178300000,45956,45990.5,45925.9,45953.7
1649178600000,45954.5,46079.4,45943.6,45979.3
1649178900000,45979.3,45979.5,45979.3,45979.3
1649179200000,45979.3,45979.3,45979.3,45979.3
1649179500000,45979.3,45979.3,45979.3,45979.3
1649179800000,45979.3,45979.9,45979.3,45979.3
1649180100000,45979.3,46173.2,45979.3,46062.9
1649180400000,46062.9,46131.4,46062.9,46073.4
1649180700000,46071.4,46084.5,45983.3,45983.3
1649181000000,45983.3,46016.1,45903.2,45903.2
1649181300000,45903.2,45919.9,45903.2,45917.7
1649181600000,45916.2,45933,45903.2,45921.9
1649181900000,45922.5,45922.9,45903.2,45903.2
1649182200000,45903.2,45903.2,45831.2,45875.8
1649182500000,45875.7,45926.3,45854.5,45926.3
1649182800000,45925.8,45934.9,45910.7,45911.3
1649183100000,45911.2,45935.6,45884.1,45907.8
1649183400000,45906.7,45919.9,45854.5,45876.4
1649183700000,45876.3,45911.7,45854.5,45856.4
1649184000000,45854.9,45929.8,45854.5,45904.9
1649184300000,45904.4,45930.5,45865.9,45915.4
1649184600000,45915.8,45927.3,45889.2,45900.9
1649184900000,45901.1,45935.1,45854.5,45854.5
1649185200000,45854.5,45878.8,45854.5,45854.5
1649185500000,45854.5,45854.5,45667.8,45688.6
1649185800000,45688.1,45695.1,45611.5,45611.5
1649186100000,45611.5,45637.9,45496,45572.7
1649186400000,45573.5,45788.3,45562.2,45788.3
1649186700000,45788,46025.9,45751.8,45948.8
1649187000000,45948,45948.7,45934.3,45934.3
1649187300000,45934.3,45937.6,45884,45934.3
1649187600000,45934.3,45934.3,45934.3,45934.3
1649187900000,45934.3,45993.9,45934.3,45934.3
1649188200000,45934.3,45974.9,45934.3,45946.4
1649188500000,45947.5,46065.7,45942.2,45985.5
1649188800000,45985.4,46082.2,45934.3,46028.9
1649189100000,46028.2,46135.5,45977.1,46023
1649189400000,46022.3,46032.6,45991.6,45991.6
1649189700000,45991.6,45991.6,45934.3,45934.3
1649190000000,45934.3,45934.3,45934.3,45934.3
1649190300000,45934.3,45934.3,45871.1,45871.1
1649190600000,45871.1,45871.1,45749.7,45753.7
1649190900000,45753.1,45755.8,45617.5,45632.6
1649191200000,45632.3,45680.9,45602.5,45634
1649191500000,45633.1,45683.2,45610.8,45664.8
1649191800000,45664.4,45752.9,45663.1,45738.1
1649192100000,45734,45838.6,45689.3,45838.6
1649192400000,45838.5,45866.5,45764.9,45808.8
1649192700000,45808.7,45827.1,45748.5,45799.3
1649193000000,45801.9,45854.9,45760.9,45847
1649193300000,45846.9,45960.6,45822.3,45851.1
1649193600000,45851.7,45862.2,45831.5,45831.5
1649193900000,45831.5,45831.5,45704.4,45800.6
1649194200000,45800.5,45830.5,45794.4,45828.1
1649194500000,45841.9,45886.5,45841.6,45848.1
1649194800000,45849.4,45849.4,45824.1,45835.3
1649195100000,45838.3,45880.4,45767.2,45855.4
1649195400000,45857.5,45877.6,45844.8,45872.4
1649195700000,45872.8,45907,45850.6,45902.9
1649196000000,45891.9,45928.7,45817.8,45822.7
1649196300000,45822.2,45904.4,45806,45892.2
1649196600000,45892.8,45919.6,45878.1,45908.4
1649196900000,45907.5,45917.1,45895.8,45907.9
1649197200000,45907.8,45907.8,45848.7,45855.4
1649197500000,45853.2,45856.4,45824,45827.9
1649197800000,45827.3,45881.8,45826.4,45876.3
1649198100000,45884.7,45888.5,45849.9,45849.9
1649198400000,45852,45969.1,45844.2,45957.9
1649198700000,45958.1,46000,45889,45923.3
1649199000000,45921.6,45924.2,45777.6,45804.9
1649199300000,45808.2,45808.2,45751.6,45804.1
1649199600000,45803.6,45821.9,45759,45788.8
1649199900000,45788.6,45790.7,45748.7,45778.1
1649200200000,45778.9,45806.7,45762.5,45798.2
1649200500000,45797.8,45837.1,45797.8,45814.3
1649200800000,45819.9,45820.2,45712.7,45712.9
1649201100000,45712.5,45714,45692.6,45707.8
1649201400000,45707.4,45780.8,45692.6,45780.4
1649201700000,45780.7,45835.8,45780.4,45823
1649202000000,45823.1,45824.1,45714.6,45715.7
1649202300000,45715.3,45719,45553.3,45559.2
1649202600000,45558.7,45590.2,45365.8,45503.8
1649202900000,45505.9,45510.1,45425,45449
1649203200000,45449.1,45456,45316.7,45351.1
1649203500000,45354.8,45379.1,45184.6,45184.7
1649203800000,45185.3,45314,44965.9,45012
1649204100000,45012,45202.4,44766,44766
1649204400000,44763.4,44851.1,44387.7,44851.1
1649204700000,44851.2,44941.7,44721.6,44905.6
1649205000000,44907.6,45036.2,44726.4,44906.8
1649205300000,44906.2,45003.8,44876.9,44984.6
1649205600000,44985.9,44988.1,44925,44931
1649205900000,44932.5,45052.3,44893.2,45041.9
1649206200000,45037.7,45037.7,44965.2,45027.6
1649206500000,45030.3,45060.2,44973.3,44973.8
1649206800000,44975.1,45104.9,44928.2,45038.3
1649207100000,45043.3,45217.4,45042.8,45120.6
1649207400000,45119.5,45142.7,45086.2,45087
1649207700000,45086.8,45292.2,45081.2,45267.1
1649208000000,45262.9,45329.3,45236.6,45240.2
1649208300000,45240.1,45259,45144.4,45197.1
1649208600000,45195.9,45196.8,45105.7,45139.7
1649208900000,45133.3,45166.6,45106.3,45114.2
1649209200000,45114.2,45142,45099.3,45124.9
1649209500000,45122.2,45157.6,45099.1,45152.6
1649209800000,45151.7,45156.6,45095.7,45113
1649210100000,45116.4,45147.3,45112,45147.2
1649210400000,45143.5,45202.1,45106.9,45196
1649210700000,45196,45264.9,45196,45236.6
1649211000000,45235.2,45235.2,45158.7,45202.7
1649211300000,45199.9,45250.7,45181.7,45222.5
1649211600000,45221.4,45281.1,45219.4,45271.4
1649211900000,45271.6,45318.2,45250.1,45253.5
1649212200000,45249.9,45266.7,45230.8,45231.7
1649212500000,45234.6,45308.1,45234.6,45286.2
1649212800000,45289.8,45289.8,45227.9,45258.7
1649213100000,45259,45264.5,45235.9,45237.2
1649213400000,45236.9,45237,45219.4,45228.3
1649213700000,45230.3,45230.3,45169.5,45180.5
1649214000000,45179.9,45195.2,45170.3,45189.5
1649214300000,45189.7,45198,45168.1,45178.8
1649214600000,45179.8,45179.8,45100.1,45131.2
1649214900000,45128.2,45230.9,45112.1,45170.4
1649215200000,45170.3,45210.9,45148.9,45152.8
1649215500000,45152.7,45185.3,45137.5,45183.2
1649215800000,45183.3,45202.7,45179.4,45199.1
1649216100000,45195.5,45246.9,45187.5,45231.5
1649216400000,45231,45231.5,45206.1,45215
1649216700000,45213,45240.9,45193.9,45198.8
1649217000000,45198.7,45215.7,45173.5,45177
1649217300000,45175.1,45178.6,45123.4,45167.7
1649217600000,45168.7,45222.4,45088.6,45114.2
1649217900000,45111,45156.1,45106.1,45140.3
1649218200000,45140.8,45240.5,45140.8,45234.2
1649218500000,45234.9,45305.4,45234.9,45305
1649218800000,45304.6,45312,45276.2,45289.4
1649219100000,45287.9,45293.2,45248.7,45257.3
1649219400000,45254.8,45257.8,45196.8,45198.2
1649219700000,45195.2,45269.7,45194.2,45255
1649220000000,45248.7,45298.7,45247.6,45293.3
1649220300000,45292.5,45302,45266.2,45292.2
1649220600000,45295.6,45299.1,45271,45280.6
1649220900000,45283.2,45324.2,45281.9,45291.9
1649221200000,45293.3,45296.6,45270.1,45275.4
1649221500000,45275,45339.4,45266.2,45316
1649221800000,45315.3,45368,45313.8,45368
1649222100000,45367.1,45392.2,45345.3,45361.3
1649222400000,45361.4,45369.5,45319.2,45326
1649222700000,45324.6,45331.2,45276.2,45287
1649223000000,45295,45342.4,45265.1,45317.5
1649223300000,45316.9,45322.3,45301.3,45307.9
1649223600000,45307.6,45326.3,45294.6,45320.7
1649223900000,45320.5,45342.4,45294.7,45327
1649224200000,45331.8,45353.3,45318.3,45353.3
1649224500000,45351.7,45354.7,45300.4,45332
1649224800000,45331.7,45343.6,45273.7,45304.9
1649225100000,45304.6,45304.6,45259.7,45267.7
1649225400000,45267.9,45285.1,45247.7,45263.7
1649225700000,45262.2,45283,45230.7,45254.1
1649226000000,45254.3,45273.7,45209.4,45241.1
1649226300000,45240.6,45343.7,45239.6,45311.2
1649226600000,45309.9,45347.5,45308.8,45339.5
1649226900000,45339.1,45426.9,45332.6,45420.9
1649227200000,45420.9,45429.8,45375.3,45376.7
1649227500000,45377.2,45401.3,45372.5,45376.7
1649227800000,45379.2,45406.5,45375.1,45395.7
1649228100000,45395.2,45436.4,45395.2,45426.5
1649228400000,45428.6,45460,45400,45408.6
1649228700000,45410.7,45437.6,45396.6,45437.6
1649229000000,45434.6,45465.4,45428.8,45433.7
1649229300000,45431.4,45444.1,45413.5,45430.4
1649229600000,45430.7,45435.2,45386.2,45394.2
1649229900000,45395.4,45416.9,45384.1,45409.6
1649230200000,45409.7,45409.7,45345.3,45346.1
1649230500000,45346.9,45356.4,45277.6,45287.5
1649230800000,45288.3,45324.6,45283.4,45313.4
1649231100000,45312.8,45313.1,45284.7,45305.6
1649231400000,45304.8,45313.5,45272.4,45275.4
1649231700000,45274.7,45278.7,45209.8,45238.3
1649232000000,45238,45260.8,45210.2,45250.1
1649232300000,45248.2,45272.8,45225.5,45248
1649232600000,45247.7,45249.1,45153.1,45178
1649232900000,45178.2,45211.2,45155,45174.5
1649233200000,45174.9,45206.6,45160,45206.6
1649233500000,45206.9,45241.9,45201.8,45233.2
1649233800000,45217.8,45293.3,45217.8,45243.2
1649234100000,45243.3,45250.7,45216.7,45240.1
1649234400000,45239.8,45257.4,45217.8,45255.9
1649234700000,45256.4,45311.9,45254.5,45280.4
1649235000000,45281.2,45352.8,45281.2,45352.7
1649235300000,45353.3,45433.3,45327.7,45337.2
1649235600000,45337.2,45352,45312.7,45324.2
1649235900000,45321.3,45335.1,45309.6,45309.6
1649236200000,45309.6,45309.6,45309.6,45309.6
1649236500000,45309.6,45309.6,45309.6,45309.6
1649236800000,45309.6,45309.6,45309.6,45309.6
1649237100000,45309.6,45309.6,45211.6,45214.7
1649237400000,45214.7,45251.7,45212,45228.2
1649237700000,45226.2,45267.6,45226.2,45264
1649238000000,45263.8,45277.9,45262.9,45268.2
1649238300000,45269.3,45274.8,45206.3,45206.4
1649238600000,45207.7,45244.2,45186.2,45240.4
1649238900000,45240.6,45293.2,45236.3,45290.3
1649239200000,45289.5,45298,45216.5,45223.3
1649239500000,45222.9,45237.8,45185.8,45222.4
1649239800000,45223.6,45229.7,45154,45160.8
1649240100000,45159.2,45175.3,44998.8,45144.6
1649240400000,45144.6,45298.8,45144.6,45297.8
1649240700000,45298.5,45410,45297.6,45394.9
1649241000000,45395.2,45432.3,45296.2,45303
1649241300000,45303.1,45307.2,45107.7,45124
1649241600000,45124.3,45180.9,45116.5,45172.2
1649241900000,45173.4,45207.6,45070.2,45075.8
1649242200000,45075.9,45148.4,45075.9,45132.4
1649242500000,45132.1,45134.6,45023.7,45026.7
1649242800000,45027.8,45067.9,44845.9,44973.4
1649243100000,44973.4,45048.9,44833.5,44852
1649243400000,44850.7,44854.2,44765.3,44770.6
1649243700000,44769.6,44803.8,44739.3,44761.9
1649244000000,44762,44859.8,44758.3,44847
1649244300000,44844.2,44852.4,44642.7,44662.3
1649244600000,44661.7,44937.2,44658.7,44866.8
1649244900000,44864.4,44920.8,44822.2,44823.1
1649245200000,44822.8,44851.5,44754.2,44850.2
1649245500000,44851.3,45056.3,44850.1,44971.1
1649245800000,45006.1,45034.2,44834.8,44858.4
1649246100000,44866.3,44939.4,44739.9,44776.1
1649246400000,44776.3,44838.2,44698.7,44811.6
1649246700000,44811.6,44820.6,44668.3,44678.2
1649247000000,44678.2,44919.1,44638,44871.8
1649247300000,44870.6,44967.1,44862.4,44922.6
1649247600000,44922.9,45006.3,44872.4,44872.4
1649247900000,44872.4,44894.5,44772.5,44871.1
1649248200000,44871.2,44871.2,44721.9,44753.1
1649248500000,44753.4,44789.3,44738.4,44745.5
1649248800000,44746.8,44885.8,44740.4,44843.1
1649249100000,44844.7,44850.7,44766.5,44785.1
1649249400000,44785.1,44818.2,44754.6,44776.4
1649249700000,44776.4,44776.4,44776.4,44776.4
1649250000000,44776.4,44819.5,44776.4,44804.7
1649250300000,44802.4,44892.8,44802.4,44864
1649250600000,44867.3,44882.8,44840.5,44848.7
1649250900000,44848.1,44855.6,44776.4,44855.6
1649251200000,44855.8,44896.9,44854.1,44883.6
1649251500000,44884,44893.2,44843.3,44864.6
1649251800000,44864,44949.7,44801.1,44830.9
1649252100000,44830.9,44849.4,44715.9,44734.3
1649252400000,44725.2,44799.6,44538.9,44554.7
1649252700000,44554.7,44668.3,44190,44215.5
1649253000000,44214,44274.8,44190,44248.3
1649253300000,44251.2,44343.9,44190,44190
1649253600000,44190,44281,43891.5,43936.1
1649253900000,43936.1,43979.8,43816.9,43967.2
1649254200000,43967.8,44093.5,43930,43998
1649254500000,43998,44181.6,43998,44059.9
1649254800000,44059.9,44107.7,43995.5,44099.6
1649255100000,44098.5,44192.9,44057.5,44122.6
1649255400000,44122.6,44428.1,44122.6,44330.7
1649255700000,44330.7,44430.7,44239.4,44334.5
1649256000000,44339.2,44345.2,44229,44254.5
1649256300000,44254.4,44411.2,44228.8,44302.2
1649256600000,44303,44362,44274.7,44279
1649256900000,44279,44303,44203.9,44219.6
1649257200000,44214.5,44247.8,44153.6,44174
1649257500000,44172.9,44184,44043.5,44043.5
1649257800000,44043.6,44084.8,44004.8,44044.6
1649258100000,44040.9,44108.9,43818.9,43834.7
1649258400000,43829.5,44110,43820.2,44038.5
1649258700000,44038.5,44038.5,43920.1,43920.1
1649259000000,43920.1,44023.7,43724.6,43952.2
1649259300000,43960.9,44089.6,43892.8,44000.6
1649259600000,43999.3,44133,43995.3,44133
1649259900000,44133,44276.7,44133,44211.4
1649260200000,44211.4,44303,44123,44144.5
1649260500000,44144.5,44196.1,44093.9,44121.6
1649260800000,44119,44266.3,44055,44113.5
1649261100000,44113.5,44285.4,44113.5,44182.3
1649261400000,44182.3,44195.2,44039,44066.4
1649261700000,44066.4,44086,43929.2,43941.2
1649262000000,43941,43942.3,43802.5,43854.9
1649262300000,43854.9,43919.4,43808.2,43817.1
1649262600000,43825.8,43923.9,43750.5,43765.9
1649262900000,43766.1,43822.2,43597.5,43597.5
1649263200000,43597.5,43826.1,43586.3,43764
1649263500000,43764,43797.3,43607.8,43667.9
1649263800000,43667.9,43758.6,43656.4,43755.4
1649264100000,43755.4,43852.1,43708.8,43746.2
1649264400000,43746.2,43804.2,43500,43529.5
1649264700000,43530.2,43629.1,43374,43515.3
1649265000000,43517.9,43664,43400.1,43528.2
1649265300000,43528.2,43693.7,43528.2,43619.9
1649265600000,43619.9,43770.3,43611.7,43684.2
1649265900000,43684.2,43760,43657.6,43673.4
1649266200000,43673.4,43810.1,43617.7,43708.3
1649266500000,43708.3,43755.1,43608.4,43691.9
1649266800000,43691.9,43879.2,43671.2,43794.4
1649267100000,43794.4,43968.2,43783.9,43874.1
1649267400000,43874.1,43960.5,43866.4,43960.5
1649267700000,43960.5,43963.5,43785.6,43785.8
1649268000000,43785.7,44288.7,43717.9,44125.1
1649268300000,44124,44124,43771.9,43794.9
1649268600000,43794.9,43853.2,43675.4,43675.4
1649268900000,43675.4,43675.4,43514.7,43520.8
1649269200000,43517.8,43626.2,43222,43286.9
1649269500000,43290.2,43502.2,43284.7,43391.8
1649269800000,43383.4,43670.8,43352.9,43670.1
1649270100000,43671.7,43722.1,43496.1,43635.5
1649270400000,43631.9,43764.2,43554.7,43685.6
1649270700000,43685.6,43854.8,43654.1,43659.3
1649271000000,43659.3,43857.1,43659.3,43815.4
1649271300000,43815.4,43944.9,43740.9,43795.3
1649271600000,43795.2,43958.1,43784.4,43814.8
1649271900000,43815.4,43875.9,43634.5,43768.5
1649272200000,43770.9,43899.2,43705.3,43745.2
1649272500000,43744.6,43778.9,43646.1,43646.8
1649272800000,43643.6,43750.4,43593.9,43671.4
1649273100000,43668.5,43742.3,43592.5,43623.4
1649273400000,43624,43670.2,43487.2,43504
1649273700000,43500.9,43685.2,43493.5,43595.4
1649274000000,43595.4,43735.6,43570.9,43660.4
1649274300000,43660.3,43853.4,43651.3,43776.9
1649274600000,43775.6,43868.6,43713.5,43731
1649274900000,43731.1,43807.7,43712.9,43722
1649275200000,43723.7,43947.1,43691.3,43915.8
1649275500000,43915,43982,43856.4,43861.7
1649275800000,43874.5,43874.8,43767.5,43769.2
1649276100000,43769.9,43779,43723.2,43777.6
1649276400000,43777.7,43860.8,43773,43854.8
1649276700000,43856.5,43896.3,43787.4,43892.6
1649277000000,43892.7,43919.8,43891.2,43898.2
1649277300000,43904.6,43904.6,43811.5,43847
1649277600000,43849.3,43852.6,43758.8,43759
1649277900000,43763,43874.1,43756.6,43873.3
1649278200000,43873.7,43917.3,43873,43898.3
1649278500000,43895.7,43914.7,43838.1,43843.3
1649278800000,43804.8,43856.8,43775.7,43776.8
1649279100000,43777.7,43932.5,43771.4,43887.2
1649279400000,43885.6,43899.8,43804.5,43817.8
1649279700000,43818,43836.2,43807.4,43833.1
1649280000000,43833.4,43866.5,43819,43854.1
1649280300000,43854.3,43927.4,43852.3,43926.3
1649280600000,43927.1,43931.4,43922,43922.7
1649280900000,43923.7,43940.7,43767.6,43784.7
1649281200000,43793.9,43833,43785.9,43794
1649281500000,43794.2,43852.5,43765.3,43852.5
1649281800000,43854.4,43866.5,43795.9,43862
1649282100000,43862.9,43879.1,43812.6,43816.5
1649282400000,43816.4,43816.4,43756.5,43793.7
1649282700000,43793.5,43818.5,43762.6,43768
1649283000000,43769,43815.4,43769,43813
1649283300000,43812.6,43820.6,43739.4,43744
1649283600000,43744,43762.4,43623.4,43665.8
1649283900000,43665.4,43727.7,43650.5,43682.6
1649284200000,43682.7,43709.7,43620.7,43623.8
1649284500000,43620.9,43700.2,43616.4,43688.3
1649284800000,43688.1,43699.8,43550.2,43568.8
1649285100000,43567.9,43604.1,43557.9,43584.1
1649285400000,43585.8,43614.7,43559,43588.7
1649285700000,43587.9,43595.6,43455.7,43472.6
1649286000000,43472.4,43566.4,43414.5,43457.2
1649286300000,43457.1,43463.3,43257.7,43421.6
1649286600000,43422.4,43500.5,43352.7,43352.7
1649286900000,43355.7,43433.8,43341.5,43423.2
1649287200000,43422.7,43500.2,43422.7,43434.1
1649287500000,43434.3,43509.5,43424.6,43438.1
1649287800000,43438.9,43471.1,43318.3,43337.4
1649288100000,43330.9,43343.5,43257.3,43266.1
1649288400000,43266.1,43354.8,43197.3,43330.3
1649288700000,43330.8,43333.9,43173,43251.7
1649289000000,43253.5,43282.5,43094.4,43106.8
1649289300000,43106.8,43190.5,43094.5,43138.5
1649289600000,43138.8,43271.9,43112.4,43232.9
1649289900000,43236.9,43241.4,43132.8,43154.9
1649290200000,43155.8,43338.2,43099.1,43330.9
1649290500000,43329.6,43446.6,43324.6,43349.9
1649290800000,43349.8,43442.5,43346.8,43427.1
1649291100000,43434.2,43434.5,43376.2,43407.7
1649291400000,43407.8,43506.9,43377.1,43476.6
1649291700000,43477.2,43514.4,43462,43481.6
1649292000000,43481.3,43481.6,43374.3,43377.9
1649292300000,43373.1,43381.7,43200.2,43214.9
1649292600000,43222.4,43225.8,42718.6,42778.5
1649292900000,42781,42884.2,42730,42851.2
1649293200000,42849.9,43047.8,42834.7,42965.7
1649293500000,42966.9,43131,42908.3,43127.5
1649293800000,43129.3,43175.9,43055.8,43119.1
1649294100000,43118.6,43171,42978.9,43005
1649294400000,43008.3,43094.9,42954,43094.6
1649294700000,43093.8,43157.3,43086,43150.1
1649295000000,43151.9,43234.7,43081.3,43219.2
1649295300000,43224.3,43274.9,43217.8,43241.6
1649295600000,43241.5,43288.5,43206.1,43277.4
1649295900000,43278.3,43302.1,43206.9,43266.4
1649296200000,43266.3,43303.6,43243.3,43303
1649296500000,43305.6,43369.3,43292.3,43335.2
1649296800000,43334.8,43383.5,43253.6,43301.6
1649297100000,43304.7,43332.1,43285.2,43323.5
1649297400000,43326.6,43328.8,43234.7,43234.8
1649297700000,43234.9,43268.9,43229.4,43231.7
1649298000000,43220.9,43229.6,43112.1,43120.8
1649298300000,43121.6,43163,43095.1,43107.8
1649298600000,43105.4,43297.3,43090.3,43297.3
1649298900000,43306.8,43306.8,43251.4,43278.5
1649299200000,43278.4,43283.2,43160.4,43165.8
1649299500000,43165.2,43226.2,43130.8,43141.2
1649299800000,43130.8,43241.9,43125.1,43238.9
1649300100000,43239,43351.3,43233.9,43315.9
1649300400000,43314.4,43347.9,43272.5,43336.2
1649300700000,43336.7,43362.8,43301.3,43332
1649301000000,43333,43336.6,43203.9,43223.4
1649301300000,43227.2,43288.9,43193.8,43288.9
1649301600000,43290.1,43290.2,43176.4,43195.3
1649301900000,43194.7,43210.7,43150.4,43158.6
1649302200000,43161.8,43221.8,43118.1,43200.6
1649302500000,43200.4,43262.8,43192.9,43262.2
1649302800000,43263.6,43278.3,43216.1,43245.7
1649303100000,43246,43269.7,43182.4,43258.8
1649303400000,43259.9,43347.2,43252.2,43341.4
1649303700000,43339.1,43345.4,43258.8,43266.8
1649304000000,43270.9,43300.3,43235.3,43300.3
1649304300000,43296,43310.6,43260.5,43300.5
1649304600000,43300.2,43315.6,43208.2,43214.5
1649304900000,43211.4,43245.4,43185.9,43240.4
1649305200000,43241,43279.5,43232.8,43275.4
1649305500000,43272.7,43311.4,43272,43310.3
1649305800000,43310.7,43319.1,43274.7,43311.5
1649306100000,43315,43346.6,43299.6,43339.2
1649306400000,43339.1,43339.1,43243.6,43251.9
1649306700000,43252,43416.9,43234.8,43413
1649307000000,43413.5,43439.4,43376.1,43396.1
1649307300000,43396.1,43396.1,43359.3,43366.4
1649307600000,43366.7,43409.6,43251.8,43282.2
1649307900000,43281.9,43294.7,43261.5,43289.2
1649308200000,43289.2,43289.2,43244.3,43266.7
1649308500000,43266.6,43318.1,43251.8,43309.7
1649308800000,43307.9,43308.5,43270.5,43286.4
1649309100000,43286.4,43289.5,43253.5,43264.2
1649309400000,43261.8,43272.4,43204.7,43204.7
1649309700000,43204.5,43252,43188.3,43243.7
1649310000000,43243.9,43279.1,43210.1,43212
1649310300000,43212.1,43295.1,43193.6,43279.4
1649310600000,43279.4,43353.1,43278,43349.7
1649310900000,43349.6,43440.7,43336.8,43356.4
1649311200000,43356.9,43451.8,43339,43363.4
1649311500000,43360,43363.1,43311.5,43313.4
1649311800000,43317.1,43332.7,43287.3,43319.4
1649312100000,43319.6,43345.3,43315.7,43321.7
1649312400000,43321.5,43381.8,43314,43372.6
1649312700000,43371.6,43394.7,43363.4,43383.3
1649313000000,43382.9,43385.9,43367.3,43373.3
1649313300000,43373.2,43483.5,43364.3,43415
1649313600000,43415,43530.2,43399.9,43441.8
1649313900000,43440.7,43482.9,43376,43399.3
1649314200000,43399.3,43471.7,43364,43366.3
1649314500000,43366.2,43448.6,43340.2,43435.2
1649314800000,43435.2,43452.8,43333.9,43347.5
1649315100000,43347.6,43478.7,43347.6,43388.5
1649315400000,43386.4,43524.9,43386.4,43436.4
1649315700000,43436.2,43538.6,43424.6,43451.1
1649316000000,43451.1,43561.7,43442.8,43474.9
1649316300000,43473.7,43555.2,43433.6,43495.5
1649316600000,43495.5,43586.6,43447.6,43496.9
1649316900000,43584.2,43584.2,43484.4,43497.9
1649317200000,43497.9,43572.2,43425,43425
1649317500000,43427.3,43539.2,43416.2,43451.4
1649317800000,43452.3,43556.9,43447.4,43450.9
1649318100000,43451,43512.8,43402.8,43407.6
1649318400000,43413.2,43530.5,43411.7,43438.2
1649318700000,43437.8,43526.1,43418.3,43437.4
1649319000000,43443,43528.7,43418.2,43426
1649319300000,43428.4,43518.9,43418.7,43418.7
1649319600000,43418.7,43526.5,43415.9,43452.3
1649319900000,43452.3,43557.4,43434.9,43474.1
1649320200000,43474.1,43593.3,43459.9,43459.9
1649320500000,43459.9,43459.9,43420.7,43429.5
1649320800000,43429.5,43452,43409.5,43452
1649321100000,43452,43452,43452,43452
1649321400000,43452,43491.6,43401.7,43454
1649321700000,43454,43562.7,43454,43562.7
1649322000000,43562.7,43564,43431,43432.1
1649322300000,43432.5,43463,43359.2,43390.6
1649322600000,43390.8,43465.6,43316,43341.5
1649322900000,43341.5,43429.6,43307.5,43342.5
1649323200000,43341.6,43412.2,43319.5,43320.7
1649323500000,43406.9,43417,43251,43284.3
1649323800000,43284.6,43354.8,43284.5,43354.8
1649324100000,43354.8,43470,43354.8,43383.3
1649324400000,43383.6,43530.7,43383.6,43453.5
1649324700000,43453.5,43453.5,43384,43384
1649325000000,43384,43384,43384,43384
1649325300000,43384,43504.7,43384,43415.5
1649325600000,43416.5,43521.5,43395.3,43454.7
1649325900000,43454.7,43454.7,43391.9,43403.1
1649326200000,43403.3,43519,43397.3,43445.6
1649326500000,43445.6,43445.6,43384.1,43384.1
1649326800000,43384.1,43401.3,43384.1,43397.1
1649327100000,43397.2,43398.7,43384.1,43384.1
1649327400000,43384.1,43411.1,43384.1,43384.1
1649327700000,43384.1,43384.1,43307.8,43339.2
1649328000000,43339.9,43412.2,43319.8,43335.1
1649328300000,43335.1,43464.4,43331.3,43382.8
1649328600000,43383.6,43477.8,43383.6,43451.6
1649328900000,43451.6,43451.6,43393.6,43393.6
1649329200000,43393.6,43393.6,43393.6,43393.6
1649329500000,43393.6,43738.5,43393.6,43460.6
1649329800000,43457.3,43609.4,43287.6,43515.8
1649330100000,43516.7,43648.3,43516.1,43518.3
1649330400000,43518.3,43568.1,43518.3,43525.4
1649330700000,43525.4,43589.6,43518.3,43589.6
1649331000000,43589.6,43728.6,43589.6,43645.6
1649331300000,43645.6,43758.8,43645.6,43685.9
1649331600000,43685.9,43869.8,43685.9,43787.3
1649331900000,43785.1,43874.8,43675.7,43716.6
1649332200000,43718.8,43781.8,43666.5,43686.1
1649332500000,43683.1,43793.7,43645.7,43793.7
1649332800000,43793.7,43868.4,43700.8,43741.4
1649333100000,43739.3,43819.1,43737.7,43805
1649333400000,43801.1,43931.8,43786,43788
1649333700000,43788,43792.8,43756.8,43775
1649334000000,43775.2,43798.2,43758.4,43786.1
1649334300000,43786.5,43791.8,43756.8,43758.2
1649334600000,43757.8,43758.1,43664.1,43688.3
1649334900000,43689.4,43696.1,43664.1,43664.1
1649335200000,43664.1,43673.7,43600.3,43604.5
1649335500000,43607.8,43681.3,43567,43660.6
1649335800000,43660.6,43660.6,43556.6,43556.6
1649336100000,43556.6,43564,43556.6,43562.8
1649336400000,43562.8,43595.5,43520.5,43525
1649336700000,43521.4,43522.9,43413.2,43413.2
1649337000000,43413.2,43428.1,43325.6,43355.5
1649337300000,43356.2,43563.5,43351.2,43457.7
1649337600000,43457.7,43534.6,43350,43351.9
1649337900000,43351.9,43444.6,43323.3,43347.9
1649338200000,43346.9,43549.1,43325.7,43473.5
1649338500000,43475.1,43677.9,43434.5,43527.4
1649338800000,43529.5,43644.2,43476.4,43544.4
1649339100000,43544.4,43616.1,43453.8,43462.2
1649339400000,43462.2,43657,43462.2,43615.7
1649339700000,43615.7,43703.3,43548.1,43659.5
1649340000000,43659.5,43815.9,43561.6,43702.1
1649340300000,43702.1,43702.1,43593.9,43598.1
1649340600000,43598.1,43644,43547.4,43621.5
1649340900000,43624.5,43663.1,43499,43532.3
1649341200000,43532.1,43541.8,43454.9,43470.8
1649341500000,43470.8,43585,43470.8,43507.4
1649341800000,43507.4,43524.4,43454.4,43500.6
1649342100000,43504.3,43616.9,43492,43515.6
1649342400000,43515.6,43515.6,43340,43450.5
1649342700000,43451.6,43534.8,43374.6,43462.8
1649343000000,43462.8,43504.2,43340.7,43376.8
1649343300000,43376.7,43449,43326.4,43374.9
1649343600000,43373.5,43588.9,43353.5,43467.9
1649343900000,43465.4,43507.5,43412.5,43418.4
1649344200000,43420.6,43463.6,43115.8,43205.7
1649344500000,43205.7,43348.7,43197.4,43274.4
1649344800000,43272.4,43384.1,43255.9,43296.7
1649345100000,43295.1,43368.9,43140.2,43141.9
1649345400000,43141.9,43238.7,43013.4,43055.7
1649345700000,43057,43310,43056.8,43221.1
1649346000000,43226.3,43236,43226.3,43226.3
1649346300000,43226.3,43343.7,43211.8,43215.8
1649346600000,43219.6,43369.5,43217.6,43276.7
1649346900000,43276.7,43395.3,43258.3,43299.3
1649347200000,43299.3,43458.1,43299.3,43373.4
1649347500000,43373.4,43437.1,43323,43361.6
1649347800000,43361.6,43521.7,43361.6,43453.8
1649348100000,43453.8,43470.3,43428.5,43428.5
1649348400000,43428.5,43464.7,43335.7,43374.6
1649348700000,43378.4,43394.5,43351.7,43374.7
1649349000000,43374.7,43507.5,43374.7,43429.9
1649349300000,43429.9,43453.9,43429.9,43453.9
1649349600000,43453.9,43453.9,43345.3,43355.6
1649349900000,43355.6,43408,43288.1,43291.2
1649350200000,43291.2,43408.1,43291.2,43356.5
1649350500000,43356.5,43525.5,43356.5,43525.5
1649350800000,43525.5,43604.8,43449.3,43531
1649351100000,43531.3,43549.6,43515.8,43544.5
1649351400000,43541,43711.8,43522.6,43650.2
1649351700000,43650.2,43650.2,43579,43589
1649352000000,43589,43685,43589,43592.7
1649352300000,43592.7,43728.5,43592.7,43639.1
1649352600000,43639.1,43709.3,43626.1,43650.9
1649352900000,43650.9,43688.2,43578.4,43616.1
1649353200000,43604.2,43628,43539.1,43547.2
1649353500000,43545.4,43637,43523.3,43523.3
1649353800000,43523.3,43576.4,43523.3,43523.3
1649354100000,43523.3,43722.7,43523.3,43687.8
1649354400000,43687.8,43714.7,43600.6,43625.8
1649354700000,43626.7,43689,43602.2,43666.3
1649355000000,43666.3,43718,43621.1,43718
1649355300000,43718,43718,43608.2,43621.7
1649355600000,43621.7,43714.5,43621.7,43652.4
1649355900000,43652.4,43852.2,43652.4,43719.9
1649356200000,43719.9,43719.9,43541.8,43581.2
1649356500000,43581.7,43639.2,43545.7,43587.8
1649356800000,43595.8,43651.2,43546.4,43625.3
1649357100000,43625.3,43625.3,43545.1,43580.3
1649357400000,43580,43649.6,43551.4,43625.4
1649357700000,43624.4,43759.7,43624.4,43656.5
1649358000000,43655.6,43796.6,43646,43701.1
1649358300000,43701.2,43772,43652.3,43704.7
1649358600000,43704.7,43791.7,43661.8,43666.5
1649358900000,43665.9,43759.9,43596,43599.6
1649359200000,43599.6,43628.5,43508,43516.9
1649359500000,43517.6,43607.2,43455.5,43464.7
1649359800000,43464.8,43575.1,43459.5,43470.6
1649360100000,43474.8,43565,43433.8,43454.5
1649360400000,43454.4,43559.7,43439.2,43458.4
1649360700000,43458.4,43493.7,43389.6,43409.4
1649361000000,43406.7,43526.9,43362.6,43368.9
1649361300000,43369.3,43461.4,43334,43378.1
1649361600000,43378.1,43463.1,43348.6,43358.1
1649361900000,43358.1,43476.7,43353.9,43375.2
1649362200000,43375.2,43491.8,43368.2,43396.9
1649362500000,43400.4,43488.6,43378.3,43408.3
1649362800000,43412,43491.6,43351.9,43369
1649363100000,43378.9,43496.4,43373,43409.2
1649363400000,43405.8,43525.5,43405.8,43440.7
1649363700000,43441.8,43605.8,43439.2,43524.6
1649364000000,43525,43612.6,43495.3,43510.8
1649364300000,43513.2,43618.6,43513.2,43550.2
1649364600000,43550.2,43623.4,43509.2,43525.7
1649364900000,43526.5,43619.5,43515.6,43532.6
1649365200000,43532.6,43570.9,43436.8,43451.7
1649365500000,43451.4,43632.4,43444.9,43522.9
1649365800000,43522.9,43631.5,43509.1,43509.1
1649366100000,43506.2,43506.2,43363.3,43363.3
1649366400000,43363.5,43372.2,43195.9,43197.7
1649366700000,43195.3,43269.7,43160.3,43246.3
1649367000000,43249.4,43325.6,43249.4,43325.6
1649367300000,43325.5,43471.9,43325.5,43420.6
1649367600000,43420.7,43426.1,43351.7,43355.6
1649367900000,43355.5,43424.6,43347.3,43421.6
1649368200000,43421.8,43512.7,43421.8,43467.8
1649368500000,43463,43479,43433,43479
1649368800000,43465.8,43504.9,43433.3,43504.9
1649369100000,43505.3,43518.5,43452.7,43452.7
1649369400000,43452.8,43496.9,43452.8,43484.1
1649369700000,43484.8,43507.7,43450.4,43490
1649370000000,43489.8,43538.2,43487,43538.2
1649370300000,43538.1,43539.8,43476.7,43481.6
1649370600000,43481.1,43538,43481.1,43506.6
1649370900000,43508.8,43510.8,43477.2,43477.6
1649371200000,43477.4,43504.1,43467.2,43493.9
1649371500000,43494,43565.6,43482.6,43549.9
1649371800000,43549.5,43559.4,43521,43546.7
1649372100000,43547,43587.3,43547,43583.9
1649372400000,43583.8,43591.4,43550.9,43591.4
1649372700000,43592.1,43610.8,43569.8,43606.3
1649373000000,43605.6,43638,43593.5,43631
1649373300000,43630.7,43677.6,43628.1,43677.6
1649373600000,43678.6,43696.2,43545.5,43551.6
1649373900000,43552,43600.7,43543.6,43565.4
1649374200000,43564.7,43605,43544.3,43565.1
1649374500000,43568.4,43577.3,43542.7,43561.3
1649374800000,43561.2,43562.9,43507.3,43515.9
1649375100000,43514.9,43535.1,43506.9,43508.1
1649375400000,43510,43522.7,43415.1,43416.8
1649375700000,43417.3,43435.6,43381.9,43409.5
1649376000000,43401.7,43412.7,43292.4,43394.3
1649376300000,43399,43445.9,43364.2,43445.9
1649376600000,43446.2,43475.6,43421.3,43475.6
1649376900000,43475.3,43478.6,43410.3,43450.8
1649377200000,43450.2,43465.7,43410.9,43415.5
1649377500000,43413.9,43416.9,43336.2,43341.6
1649377800000,43337.1,43361.7,43315.8,43324.5
1649378100000,43325.9,43362,43325.5,43357.9
1649378400000,43360.5,43411.1,43346.6,43383.5
1649378700000,43383.9,43403.5,43334.4,43358.2
1649379000000,43358.4,43387.2,43287.3,43289.8
1649379300000,43287.7,43321.9,43287.4,43292.2
1649379600000,43290.3,43492.5,43273.9,43468.6
1649379900000,43468.5,43499.9,43405.1,43491.9
1649380200000,43492,43552,43470.3,43545.3
1649380500000,43544.7,43544.7,43488.9,43517.4
1649380800000,43517.4,43517.4,43469.9,43479.2
1649381100000,43480.1,43501,43479,43501
1649381400000,43501.1,43569.9,43477.9,43567.6
1649381700000,43567.7,43582.2,43560.6,43580
1649382000000,43579.9,43580,43532.2,43541.9
1649382300000,43541.5,43586.1,43532.2,43564.1
1649382600000,43568.6,43606.8,43545.6,43565.2
1649382900000,43565.3,43575.8,43548,43574.7
1649383200000,43574.2,43581.6,43550.2,43573.7
1649383500000,43573.8,43616.1,43564.2,43608.7
1649383800000,43608.9,43608.9,43564.2,43564.2
1649384100000,43571.3,43575,43533,43548.7
1649384400000,43548.8,43569.9,43538.2,43569.9
1649384700000,43569,43604.7,43559.4,43559.4
1649385000000,43559.1,43568.5,43533.3,43551.4
1649385300000,43551.3,43600.9,43551,43597.7
1649385600000,43597.2,43626.9,43581.6,43612.4
1649385900000,43612.2,43642,43598.7,43610.2
1649386200000,43612.9,43649.1,43595.7,43600.3
1649386500000,43599.3,43601.7,43553.7,43573
1649386800000,43570.3,43607.9,43554.7,43605.4
1649387100000,43605.3,43627.2,43601.2,43625
1649387400000,43624.8,43644.8,43614.7,43627.9
1649387700000,43627.8,43630.3,43599.1,43599.1
1649388000000,43597.6,43606.5,43569.3,43604.1
1649388300000,43603.8,43629.9,43599.7,43611.3
1649388600000,43610.2,43610.2,43556.2,43557.4
1649388900000,43556.2,43566.5,43546.6,43555.8
1649389200000,43552.6,43552.6,43538.2,43542.6
1649389500000,43542.5,43544,43511.4,43524.2
1649389800000,43526.5,43533.1,43508.7,43521.2
1649390100000,43521.3,43591.5,43520.2,43562.5
1649390400000,43561.6,43607.3,43544.4,43602.6
1649390700000,43602.7,43615.4,43589.6,43602.9
1649391000000,43602.4,43603,43585.3,43593
1649391300000,43594.9,43594.9,43559.2,43563.2
1649391600000,43557.2,43557.2,43530.2,43533.9
1649391900000,43533.4,43574.7,43528.2,43547.4
1649392200000,43547.2,43573.2,43546.8,43562.4
1649392500000,43554.4,43564.4,43507.6,43512.9
1649392800000,43510.9,43512.2,43478.7,43484.1
1649393100000,43483.9,43495.2,43457.5,43489.7
1649393400000,43488.7,43490.3,43475.6,43482.5
1649393700000,43482.7,43500,43482.5,43494.2
1649394000000,43494.3,43499.7,43438.2,43469.7
1649394300000,43470.5,43472.9,43460.1,43470.9
1649394600000,43472.6,43530.3,43467.7,43528
1649394900000,43528.1,43546,43520.1,43546
1649395200000,43546.3,43552.9,43534.2,43549.9
1649395500000,43550.2,43552.4,43544.1,43551.2
1649395800000,43551.9,43559.6,43531.4,43558.8
1649396100000,43559.1,43579.2,43558.7,43576.9
1649396400000,43576.2,43610.1,43576.2,43602.3
1649396700000,43606.7,43612.6,43599.4,43605.5
1649397000000,43605.4,43612.2,43600.5,43605.8
1649397300000,43596.8,43622.9,43596.4,43609.4
1649397600000,43610.1,43677.8,43581.2,43592.9
1649397900000,43590.5,43607.3,43566.5,43586.4
1649398200000,43585.8,43604.5,43577.7,43577.8
1649398500000,43577.7,43604.3,43573.2,43583.8
1649398800000,43583.5,43588.2,43537.9,43551.4
1649399100000,43551.5,43552.3,43504.5,43518.8
1649399400000,43516.2,43525,43492.6,43525
1649399700000,43525,43567.1,43477.6,43480.5
1649400000000,43480.2,43480.2,43458,43464.1
1649400300000,43466.2,43594.4,43464.1,43512.9
1649400600000,43512.9,43630.2,43498.3,43557.4
1649400900000,43639,43652.3,43530.1,43561.7
1649401200000,43561.7,43642.1,43512.6,43556.5
1649401500000,43556.9,43637.8,43548.3,43559.9
1649401800000,43559.4,43678.5,43555.5,43586.8
1649402100000,43586.6,43672.2,43570.5,43580.6
1649402400000,43579.6,43680.9,43503.2,43521.7
1649402700000,43521.7,43564.9,43400,43455.9
1649403000000,43455.9,43529.1,43402.2,43415.8
1649403300000,43416.4,43435.4,43376.2,43435.3
1649403600000,43436.6,43448.2,43411,43419.1
1649403900000,43418.7,43435.6,43406.5,43421.8
1649404200000,43421.3,43629.2,43421.3,43534.1
1649404500000,43532.5,43808.1,43527.7,43740.5
1649404800000,43740.5,43867.1,43653.3,43762.8
1649405100000,43763.3,43879.1,43737.9,43767
1649405400000,43767.6,43894.8,43753.8,43794.2
1649405700000,43794,43919.3,43783.4,43819.5
1649406000000,43816.3,43931.9,43816.3,43820.5
1649406300000,43821.5,43906.2,43755.9,43839.7
1649406600000,43839.7,43839.7,43678.4,43678.4
1649406900000,43678.6,43705,43623.9,43672.3
1649407200000,43673.6,43828,43661.9,43737.1
1649407500000,43738.7,43996.7,43732.1,43879.6
1649407800000,43881.2,43930.2,43778.2,43804.1
1649408100000,43804.1,43842.6,43665.4,43667.5
1649408400000,43666.8,43765.6,43639.8,43668.5
1649408700000,43668.5,43760.6,43639.5,43650.7
1649409000000,43654.3,43773.8,43652.5,43684.3
1649409300000,43685.9,43805.2,43680.5,43722.4
1649409600000,43722.6,43727.4,43674.4,43682.4
1649409900000,43682.1,43777.1,43664.4,43740.6
1649410200000,43798.9,43798.9,43601.8,43602.2
1649410500000,43600,43614,43588.9,43601.3
1649410800000,43597.8,43620,43566.2,43569
1649411100000,43565.9,43598,43541.2,43570.1
1649411400000,43571.5,43636.3,43503,43506.1
1649411700000,43504.2,43636.9,43500.5,43541.9
1649412000000,43540.2,43655.8,43489.2,43493.7
1649412300000,43496.7,43508.7,43488.5,43501.6
1649412600000,43501.4,43508,43483.7,43502.3
1649412900000,43502.9,43507.6,43472,43486.6
1649413200000,43486,43503.2,43480.8,43501.5
1649413500000,43502.4,43520.3,43484.4,43495.2
1649413800000,43495.8,43542.6,43495.2,43529.3
1649414100000,43526.3,43548.6,43524.7,43548.6
1649414400000,43547.7,43560.9,43517.6,43530.1
1649414700000,43524.1,43547.7,43524.1,43528.6
1649415000000,43528.7,43549.6,43522.5,43538.7
1649415300000,43538.2,43540.2,43507.6,43514.6
1649415600000,43514.3,43519.7,43354,43376.6
1649415900000,43373.3,43470.8,43311.1,43414.3
1649416200000,43414.5,43465.5,43413.8,43465.2
1649416500000,43464,43476,43370.2,43377.7
1649416800000,43377.1,43381.9,43321.2,43338.7
1649417100000,43339.1,43361.7,43335.8,43342.2
1649417400000,43342.8,43371.1,43291.9,43291.9
1649417700000,43292,43317.1,43225,43317.1
1649418000000,43317.4,43351.2,43314.4,43341
1649418300000,43341.1,43354,43312.2,43326.5
1649418600000,43335.3,43335.3,43303.4,43308.8
1649418900000,43309.3,43311.8,43225.2,43292.4
1649419200000,43328.9,43383.7,43249.7,43272.4
1649419500000,43270.3,43453.5,43270.3,43451.3
1649419800000,43362.9,43447,43314.6,43397.7
1649420100000,43314.7,43419.2,43244.5,43275.2
1649420400000,43275.3,43383.7,43269.2,43305.6
1649420700000,43304.8,43422.7,43302.3,43340.9
1649421000000,43340.9,43451.8,43281.3,43316.6
1649421300000,43316.6,43399.1,43283.2,43285.4
1649421600000,43303.2,43364.9,43207.7,43235.2
1649421900000,43236.7,43299.2,43147.4,43201.5
1649422200000,43201.5,43333,43079.5,43125.3
1649422500000,43125.6,43253.7,43116,43117.7
1649422800000,43205,43216.2,43021.8,43034.5
1649423100000,43034.4,43114.8,42992,42992
1649423400000,42993.2,43144.2,42896.1,42950.8
1649423700000,42949.7,43094.5,42923.3,42930.5
1649424000000,42931.5,43037.6,42906.2,42913.6
1649424300000,42913.8,42945,42826.2,42849.6
1649424600000,42849.6,43019.3,42762.6,42820.1
1649424900000,42817.7,42975.3,42799.2,42876.7
1649425200000,42876.7,42934.7,42735.9,42836.5
1649425500000,42836.5,42980.9,42804.9,42889.7
1649425800000,42888.1,42934.4,42828.7,42864.1
1649426100000,42864.5,42957.6,42843.1,42866.3
1649426400000,42865.8,43209.2,42855.9,43120.5
1649426700000,43122.4,43400.6,43110.4,43315.2
1649427000000,43320.3,43368.1,43173.4,43225.7
1649427300000,43226,43355,43153.5,43261.7
1649427600000,43261.1,43472.7,43261.1,43380.3
1649427900000,43380.3,43605.3,43355,43592.7
1649428200000,43592.7,43689.4,43521.3,43525.7
1649428500000,43525.7,43525.7,43465,43465
1649428800000,43465,43465,43298.7,43300.8
1649429100000,43300.3,43416.6,43300.2,43302.9
1649429400000,43302.9,43797.2,43302.9,43709.6
1649429700000,43708.2,43869.1,43689.3,43713.6
1649430000000,43712.8,43975.3,43699.3,43822.9
1649430300000,43822.6,43984.5,43800.4,43813.8
1649430600000,43813.5,43944.9,43792.9,43863.6
1649430900000,43839,43907.4,43748.5,43789.7
1649431200000,43783.7,43874,43741.9,43775.2
1649431500000,43857.3,43857.3,43742.2,43807.8
1649431800000,43810.4,43897,43804.4,43885.3
1649432100000,43883.1,43886.5,43608.4,43628.2
1649432400000,43628.1,43680.6,43614.9,43626.3
1649432700000,43626.7,43708.4,43588.1,43672.4
1649433000000,43672,43720.1,43588.1,43592
1649433300000,43592.9,43627.3,43588.1,43618.8
1649433600000,43618.6,43645,43588.1,43632.7
1649433900000,43633.4,43664.6,43617.8,43618.2
1649434200000,43618.1,43676.7,43588.1,43588.1
1649434500000,43588.1,43616.6,43588.1,43612.1
1649434800000,43611.4,43652.2,43608.5,43624.9
1649435100000,43625.2,43649,43623.2,43630.1
1649435400000,43628.8,43632.4,43588.1,43588.1
1649435700000,43588.1,43588.1,43588.1,43588.1
1649436000000,43588.1,43588.1,43588.1,43588.1
1649436300000,43588.1,43588.1,43510.3,43510.3
1649436600000,43510.3,43510.3,43454.2,43467.5
1649436900000,43459.6,43468.6,43454.2,43454.2
1649437200000,43454.2,43454.2,43316.8,43365.3
1649437500000,43365.6,43365.7,43305.6,43305.6
1649437800000,43305.6,43305.6,43011.8,43050
1649438100000,43049.9,43094.2,42890.3,42890.3
1649438400000,42890.3,43023,42890.3,42900.6
1649438700000,42897.2,42933.7,42890.3,42890.3
1649439000000,42890.3,42930.2,42796.7,42809.8
1649439300000,42810.6,42964.6,42778.8,42942.1
1649439600000,42942.6,43000.7,42862.1,42863.7
1649439900000,42863.7,42942.7,42858.1,42895.9
1649440200000,42895,42914.4,42862.1,42903.5
1649440500000,42903.3,42968.4,42889.7,42965.4
1649440800000,42965.7,42981.3,42917.4,42934.5
1649441100000,42935.3,42946.1,42820.5,42864.6
1649441400000,42864.3,42883,42402.6,42562.9
1649441700000,42563.1,42705.8,42491.3,42595
1649442000000,42599.9,42757.1,42595.7,42689.1
1649442300000,42688.7,42694.9,42602.9,42644.5
1649442600000,42643.7,42704.5,42629.5,42669.3
1649442900000,42669.5,42683.3,42589.8,42601.9
1649443200000,42601.8,42796.8,42601.8,42787.7
1649443500000,42788.1,42912.8,42773.6,42846
1649443800000,42846.2,43213.4,42842.7,42933.4
1649444100000,42940.9,42947.1,42830.3,42895
1649444400000,42897.4,43039.3,42864,43030.7
1649444700000,43030.3,43030.3,42959.5,42980
1649445000000,42980.4,43125.3,42980.4,43081.7
1649445300000,43083.3,43139,43061.3,43078.1
1649445600000,43079.2,43086.2,42979.5,42990.8
1649445900000,42989.7,43112.9,42982.8,43030.5
1649446200000,43030.6,43154.3,42883.2,42900.2
1649446500000,42900.2,42966,42787.3,42794.4
1649446800000,42794.6,42886.8,42666.4,42827.9
1649447100000,42828.1,42954,42637.9,42637.9
1649447400000,42637.6,42783.4,42628.3,42646.1
1649447700000,42730.8,42767.5,42631.1,42709.6
1649448000000,42709.6,42855.2,42667.3,42760.2
1649448300000,42760.2,42895.9,42760.2,42779.5
1649448600000,42779.4,42869.6,42760.7,42788.3
1649448900000,42788.3,42802.1,42669.5,42669.5
1649449200000,42669.8,42758,42557.7,42581.5
1649449500000,42581.6,42705.1,42497,42635
1649449800000,42635,42870.2,42570.3,42758.8
1649450100000,42759.1,42828.4,42710.8,42734.6
1649450400000,42785.7,42882,42699.8,42702.7
1649450700000,42702.7,42837.7,42698.4,42755
1649451000000,42755.1,42857.2,42743.5,42767.9
1649451300000,42767.9,42861.6,42695.4,42781.4
1649451600000,42781.4,42781.4,42781.4,42781.4
1649451900000,42781.4,42781.4,42781.4,42781.4
1649452200000,42781.4,42781.4,42781.4,42781.4
1649452500000,42781.4,42781.4,42781.4,42781.4
1649452800000,42781.4,42781.4,42781.4,42781.4
1649453100000,42781.4,42781.4,42781.4,42781.4
1649453400000,42781.4,42781.4,42781.4,42781.4
1649453700000,42781.4,42781.4,42781.4,42781.4
1649454000000,42781.4,42781.4,42781.4,42781.4
1649454300000,42781.4,42781.4,42781.4,42781.4
1649454600000,42781.4,42781.4,42781.4,42781.4
1649454900000,42781.4,42781.4,42608.4,42608.4
1649455200000,42608.4,42608.4,42608.4,42608.4
1649455500000,42608.4,42727.1,42534.5,42554.8
1649455800000,42554.8,42639.3,42383.2,42418.1
1649456100000,42420.2,42484,42295,42307.7
1649456400000,42307.7,42389.3,42186.3,42338.4
1649456700000,42338.3,42399.2,42221.5,42222.2
1649457000000,42224.2,42473.9,42221.5,42309.4
1649457300000,42308.1,42507.9,42303.5,42466.4
1649457600000,42466.4,42466.4,42226,42325.7
1649457900000,42325.7,42465.7,42300.2,42367.1
1649458200000,42354.8,42517,42334.2,42422.2
1649458500000,42422.2,42498.5,42240.8,42254.5
1649458800000,42254.5,42392.5,42126,42265.5
1649459100000,42265.5,42354.4,42084.5,42150.3
1649459400000,42150.3,42313.6,42051.6,42151.4
1649459700000,42150.9,42230.8,42067.6,42128.7
1649460000000,42128.7,42340.4,42106.6,42143.7
1649460300000,42143.7,42264.5,42091.2,42101.3
1649460600000,42101.3,42243.5,42090.6,42132.2
1649460900000,42132.1,42307.2,42100.9,42100.9
1649461200000,42100.9,42219.7,42070.7,42105.1
1649461500000,42105.1,42323.4,42103.3,42193.5
1649461800000,42193.5,42348,42193.5,42303.2
1649462100000,42303.2,42379.7,42255.4,42255.4
1649462400000,42255.4,42443.5,42164.4,42300
1649462700000,42300,42401.2,42236.5,42245
1649463000000,42245,42434,42245,42360.8
1649463300000,42360.8,42442.1,42108.1,42221.2
1649463600000,42221.6,42352.5,42190.8,42273.7
1649463900000,42273.7,42400.6,42273.7,42289.1
1649464200000,42289.1,42412.3,42250,42343.3
1649464500000,42343.3,42439.3,42254.3,42255.2
1649464800000,42256.7,42403.2,42239,42252.1
1649465100000,42256.5,42290.1,42242.5,42281.9
1649465400000,42281.8,42474,42217.4,42356.7
1649465700000,42356.6,42519.8,42347.6,42443.6
1649466000000,42443.6,42516.1,42331.3,42419.8
1649466300000,42419.8,42469.3,42419.8,42469.3
1649466600000,42469.3,42490.2,42269.6,42334.4
1649466900000,42459.4,42459.4,42297.7,42419.8
1649467200000,42419.8,42483.4,42419.8,42428.6
1649467500000,42428.6,42428.6,42275.7,42300.5
1649467800000,42300.5,42484.3,42297.6,42350.4
1649468100000,42350.4,42446.5,42294.5,42316.6
1649468400000,42316.6,42398.3,42294.5,42294.5
1649468700000,42294.5,42397.3,42248.1,42296
1649469000000,42296,42303.5,42296,42303.5
1649469300000,42302.7,42374.6,42296,42372.4
1649469600000,42371.9,42385.7,42335.4,42346.3
1649469900000,42346.3,42357.5,42296.7,42298.5
1649470200000,42300.2,42301.6,42296,42296
1649470500000,42296,42322.5,42296,42320.6
1649470800000,42326.1,42339.1,42296,42296
1649471100000,42296,42308.9,42296,42308.1
1649471400000,42305,42310.7,42296,42296
1649471700000,42296,42296,42296,42296
1649472000000,42296,42296,42133.2,42219
1649472300000,42219,42264.5,42178.9,42187
1649472600000,42186.9,42239.8,42118.6,42128.8
1649472900000,42128.5,42180.4,42116.8,42122.3
1649473200000,42122.3,42177.1,42116.8,42116.8
1649473500000,42116.8,42141.4,42116.8,42139.9
1649473800000,42139.9,42324.7,42134.4,42306.4
1649474100000,42306.4,42322.1,42231.2,42290.7
1649474400000,42289.8,42291.3,42222.2,42230.5
1649474700000,42230.4,42298.2,42185.3,42272.7
1649475000000,42270.3,42315,42270.3,42314.4
1649475300000,42313.5,42362.9,42303.9,42316.8
1649475600000,42317,42317,42280,42280
1649475900000,42278.8,42355.3,42275.3,42349.2
1649476200000,42349.2,42395,42341.9,42366.1
1649476500000,42366.1,42368.2,42319.2,42326.9
1649476800000,42325.8,42371.3,42298.7,42335.2
1649477100000,42335,42340.4,42295.8,42307.5
1649477400000,42302.7,42350.3,42282.9,42350.3
1649477700000,42347.3,42415.4,42343.3,42412.7
1649478000000,42410.2,42435,42381.1,42421.6
1649478300000,42421.5,42435,42392,42403.3
1649478600000,42400.7,42418.3,42383.8,42389
1649478900000,42389,42410,42385,42392.3
1649479200000,42391.6,42453.6,42382,42451.4
1649479500000,42450.9,42494.5,42375.8,42385.6
1649479800000,42381.7,42407.2,42367.7,42369.3
1649480100000,42370.4,42404.5,42336.7,42343
1649480400000,42344.3,42396.4,42341.6,42392.2
1649480700000,42390,42440.1,42362.2,42435.7
1649481000000,42437.2,42470.6,42412.2,42464.4
1649481300000,42464.4,42494.2,42450,42460
1649481600000,42460,42460,42414.4,42426.5
1649481900000,42426.5,42442,42417,42424
1649482200000,42421.7,42435.6,42415.9,42432.9
1649482500000,42431.7,42478.3,42419,42468.3
1649482800000,42468.3,42472.3,42405.6,42457
1649483100000,42460.8,42476.2,42441.6,42451.2
1649483400000,42451.2,42495.9,42443.7,42483.4
1649483700000,42486.3,42579.7,42478.6,42526.4
1649484000000,42525.9,42544.7,42489.4,42493.4
1649484300000,42492.2,42497,42460.5,42486.6
1649484600000,42487.5,42519,42413.3,42415.6
1649484900000,42415.6,42447.5,42398.9,42405.9
1649485200000,42405.9,42438.6,42387.9,42424.7
1649485500000,42424.4,42439.7,42417.4,42434.3
1649485800000,42434.3,42435.3,42409.9,42417.4
1649486100000,42418.3,42463.2,42346.9,42365.4
1649486400000,42363,42420.2,42361.3,42406.6
1649486700000,42406.2,42440,42397.8,42430.1
1649487000000,42430.1,42448.7,42404.3,42421.8
1649487300000,42421.6,42423.9,42371.6,42376.6
1649487600000,42376.2,42417,42371.5,42409.5
1649487900000,42407.2,42424.9,42401.1,42403.8
1649488200000,42403.5,42408.2,42347.1,42351.7
1649488500000,42353.6,42415.1,42351.9,42402.7
1649488800000,42404.2,42425,42356.8,42362.6
1649489100000,42360.3,42360.3,42325.7,42325.7
1649489400000,42329.7,42354.7,42293,42301.2
1649489700000,42299.8,42366.6,42299.8,42355.4
1649490000000,42354,42376.5,42331.3,42333.8
1649490300000,42334.6,42430.4,42331.3,42426.1
1649490600000,42423.8,42457.3,42410.8,42446.4
1649490900000,42448.2,42450,42392.8,42415.7
1649491200000,42417.3,42448.8,42375.8,42375.8
1649491500000,42377.1,42389.5,42351.7,42366.6
1649491800000,42366.6,42387.6,42360,42385.8
1649492100000,42386,42416,42385.6,42399.8
1649492400000,42399.8,42399.8,42349.4,42360.6
1649492700000,42359.4,42377.8,42310,42321
1649493000000,42320,42369.9,42315.4,42369.9
1649493300000,42369.2,42546.7,42369,42422.8
1649493600000,42424.8,42568.9,42403.8,42411.8
1649493900000,42411.8,42425.3,42333.7,42425.3
1649494200000,42425.3,42425.3,42425.3,42425.3
1649494500000,42425.3,42425.3,42425.3,42425.3
1649494800000,42425.3,42425.3,42425.3,42425.3
1649495100000,42425.3,42525.4,42425.3,42525.4
1649495400000,42525.4,42529.4,42394,42404
1649495700000,42404,42419.8,42380.3,42419.8
1649496000000,42419.8,42419.8,42419.8,42419.8
1649496300000,42419.8,42419.8,42419.8,42419.8
1649496600000,42419.8,42419.8,42419.8,42419.8
1649496900000,42419.8,42419.8,42419.8,42419.8
1649497200000,42419.8,42419.8,42419.8,42419.8
1649497500000,42419.8,42419.8,42419.8,42419.8
1649497800000,42419.8,42433.6,42419.8,42421.3
1649498100000,42421.3,42430.2,42419.8,42419.8
1649498400000,42419.8,42419.8,42419.8,42419.8
1649498700000,42419.8,42419.8,42419.8,42419.8
1649499000000,42419.8,42419.8,42419.8,42419.8
1649499300000,42419.8,42419.8,42419.8,42419.8
1649499600000,42419.8,42419.8,42419.8,42419.8
1649499900000,42419.8,42419.8,42419.8,42419.8
1649500200000,42419.8,42419.8,42269.8,42410.8
1649500500000,42411,42535.6,42395.4,42426.5
1649500800000,42426.6,42557,42419.8,42425.9
1649501100000,42426.2,42427.5,42419.8,42419.8
1649501400000,42419.8,42419.8,42419.8,42419.8
1649501700000,42419.8,42424.7,42419.8,42424.7
1649502000000,42424.1,42437.9,42419.8,42419.8
1649502300000,42419.8,42483.2,42395.9,42419.8
1649502600000,42419.8,42527.6,42419.8,42442
1649502900000,42444.6,42561.5,42444.5,42477.5
1649503200000,42477.2,42493.1,42441.5,42441.5
1649503500000,42441.5,42532.1,42410.8,42446
1649503800000,42445.9,42547.1,42424.1,42440
1649504100000,42440.2,42505,42412.8,42413.6
1649504400000,42413.2,42522.3,42412.9,42434.7
1649504700000,42435.4,42519.5,42418.2,42426.8
1649505000000,42426.8,42509.8,42419.8,42419.8
1649505300000,42443.4,42493.3,42400.6,42443.7
1649505600000,42443.7,42505.6,42419.8,42419.8
1649505900000,42419.8,42500.3,42379.5,42379.8
1649506200000,42379.5,42512.9,42377.4,42419.8
1649506500000,42419.8,42490.8,42368.2,42368.5
1649506800000,42368.7,42466.8,42367.6,42400.2
1649507100000,42400.1,42504.4,42400.1,42419.8
1649507400000,42419.8,42550.4,42414.3,42461
1649507700000,42461.2,42547.2,42434.8,42457.7
1649508000000,42457.6,42547.8,42436.7,42445.7
1649508300000,42445.2,42533.6,42426.4,42426.4
1649508600000,42422.9,42509.3,42411.1,42419.8
1649508900000,42418,42546.3,42409.1,42542.5
1649509200000,42542.5,42549.3,42448.2,42448.6
1649509500000,42449.1,42531.6,42433,42438.8
1649509800000,42431.7,42515.1,42428.5,42429.2
1649510100000,42429.2,42449.7,42423.9,42448.4
1649510400000,42448.7,42449.3,42426.3,42427.2
1649510700000,42427.1,42453,42424.2,42453
1649511000000,42452.8,42464.5,42443.7,42447.2
1649511300000,42447.8,42456.8,42446.8,42451.3
1649511600000,42451.2,42458.2,42437,42457.7
1649511900000,42460.4,42464.1,42455,42462.7
1649512200000,42461.8,42463.1,42424.9,42425
1649512500000,42424.9,42425,42416.6,42420.9
1649512800000,42421.4,42438.5,42415.6,42432.2
1649513100000,42431.5,42450.6,42430.7,42448
1649513400000,42451.1,42452.7,42341.3,42346.1
1649513700000,42345.8,42400.6,42343.5,42396.8
1649514000000,42397.2,42401.5,42339.1,42366.7
1649514300000,42366.3,42395.8,42357.6,42386.3
1649514600000,42385.6,42391.9,42375.1,42375.1
1649514900000,42375.3,42398.8,42358.6,42373.9
1649515200000,42373.8,42385.6,42335.3,42382.3
1649515500000,42382.5,42387.4,42347.7,42368.7
1649515800000,42369.3,42400.7,42368.7,42400.7
1649516100000,42400.7,42413.6,42392.1,42413.5
1649516400000,42416.3,42421.5,42409.5,42421.5
1649516700000,42421.6,42425.4,42401.6,42412.6
1649517000000,42412.3,42412.4,42380.9,42406.4
1649517300000,42407.1,42408.6,42357,42361.4
1649517600000,42361.2,42368.7,42340.1,42340.8
1649517900000,42340.6,42358.5,42239.3,42316.3
1649518200000,42316.3,42321.3,42221.3,42258.7
1649518500000,42258.6,42267.4,42229.4,42265.1
1649518800000,42265.6,42321.8,42263.9,42281.3
1649519100000,42281,42300.4,42229.5,42232.8
1649519400000,42232.9,42279.5,42225.9,42226.1
1649519700000,42225.9,42225.9,42161.5,42179.4
1649520000000,42183.9,42244.2,42153.6,42243.5
1649520300000,42242.4,42255.9,42231.4,42254.7
1649520600000,42255,42273.5,42251,42265.7
1649520900000,42265,42314,42255.1,42312.5
1649521200000,42312.7,42330,42307.6,42325.2
1649521500000,42325.5,42395.2,42325.5,42380.6
1649521800000,42380.2,42417.9,42380.2,42402.9
1649522100000,42402.8,42412.2,42379.8,42393.6
1649522400000,42394.2,42496,42387.8,42420
1649522700000,42420,42437.6,42420,42437.5
1649523000000,42437.6,42550.5,42437.4,42499
1649523300000,42499,42499,42420,42459.2
1649523600000,42459.2,42459.2,42419.8,42419.8
1649523900000,42419.8,42444.5,42419.8,42444.5
1649524200000,42444.5,42563.8,42444.4,42544.1
1649524500000,42544.1,42557.1,42488,42492.4
1649524800000,42492.4,42503.1,42488,42496.3
1649525100000,42498.3,42521.4,42488,42488
1649525400000,42488,42655.8,42488,42578.2
1649525700000,42575.9,42616.5,42568.1,42595.3
1649526000000,42595.3,42606.2,42542.5,42606.2
1649526300000,42606.2,42606.2,42565,42565
1649526600000,42565,42565,42555.6,42559.7
1649526900000,42559.7,42616,42559.7,42616
1649527200000,42616,42660.7,42555.4,42555.4
1649527500000,42555.6,42642.5,42549.7,42563
1649527800000,42563,42590.8,42542.5,42546.9
1649528100000,42546.9,42546.9,42488,42488
1649528400000,42488,42488,42488,42488
1649528700000,42488,42488,42488,42488
1649529000000,42488,42488,42488,42488
1649529300000,42488,42488,42488,42488
1649529600000,42488,42488,42488,42488
1649529900000,42488,42488,42488,42488
1649530200000,42488,42488,42488,42488
1649530500000,42488,42521.9,42488,42521.9
1649530800000,42521.9,42574.6,42488,42488
1649531100000,42488,42568,42488,42542.9
1649531400000,42542.9,42595.3,42542.9,42563.2
1649531700000,42563.2,42563.2,42563.2,42563.2
1649532000000,42563.2,42563.2,42542.9,42542.9
1649532300000,42542.9,42542.9,42488,42488
1649532600000,42488,42488,42488,42488
1649532900000,42488,42488,42488,42488
1649533200000,42488,42488,42488,42488
1649533500000,42488,42581.3,42488,42502.7
1649533800000,42502.5,42523.9,42502,42523.8
1649534100000,42524.1,42586.3,42495.6,42542.9
1649534400000,42542.9,42596.6,42542.9,42542.9
1649534700000,42542.9,42556.4,42542.9,42552
1649535000000,42552.6,42590.6,42550.5,42578.4
1649535300000,42578.9,42596.7,42578.9,42582.2
1649535600000,42582.5,42584,42542.9,42549.5
1649535900000,42549.6,42550.8,42542.9,42542.9
1649536200000,42542.9,42542.9,42542.9,42542.9
1649536500000,42542.9,42542.9,42542.9,42542.9
1649536800000,42542.9,42542.9,42542.9,42542.9
1649537100000,42542.9,42542.9,42488.1,42488.1
1649537400000,42488.1,42488.1,42488.1,42488.1
1649537700000,42488.1,42488.1,42397.5,42397.6
1649538000000,42397.7,42488.1,42380.4,42419.9
1649538300000,42419.9,42419.9,42419.9,42419.9
1649538600000,42419.9,42419.9,42419.9,42419.9
1649538900000,42419.9,42431.7,42419.9,42428
1649539200000,42428.1,42430.1,42419.9,42419.9
1649539500000,42419.9,42428.1,42419.9,42419.9
1649539800000,42421.7,42455.5,42421.4,42452.4
1649540100000,42447.3,42454.7,42445.3,42454.2
1649540400000,42454.4,42526.1,42430.6,42526.1
1649540700000,42525.8,42538.4,42511.8,42538.4
1649541000000,42538.5,42543,42529,42534.3
1649541300000,42533.9,42534,42514.6,42524.3
1649541600000,42524.2,42538.5,42509.7,42528.1
1649541900000,42528.4,42563.3,42527.9,42549
1649542200000,42551.5,42564.5,42518.6,42529.9
1649542500000,42529.7,42569.9,42527.4,42562.8
1649542800000,42562.7,42575.1,42562.5,42569.8
1649543100000,42568.7,42590,42542.7,42543.3
1649543400000,42544.5,42556.3,42543.3,42553.5
1649543700000,42553.7,42563.4,42532.3,42548.8
1649544000000,42548.9,42548.9,42494.9,42498.5
1649544300000,42496.7,42501.2,42477.3,42488.1
1649544600000,42488.4,42490.9,42474.8,42484.2
1649544900000,42484.4,42507.6,42481.6,42507.2
1649545200000,42505.5,42505.5,42491.4,42491.7
1649545500000,42492,42519.1,42484.7,42484.7
1649545800000,42484.8,42486.2,42461.9,42462.6
1649546100000,42462.4,42469.5,42460,42467.8
1649546400000,42468,42468.8,42454.4,42468.2
1649546700000,42467,42481.9,42459.5,42481.6
1649547000000,42481.5,42685,42475.8,42627.7
1649547300000,42629.7,42746.9,42597.3,42734.2
1649547600000,42731.6,42735.9,42660.7,42662.5
1649547900000,42662.8,42665.4,42616.2,42616.4
1649548200000,42616.7,42760.4,42615.6,42742.1
1649548500000,42742.8,42752.7,42720,42723.5
1649548800000,42724.6,42736.6,42668.3,42691.9
1649549100000,42691.8,42730.3,42667.8,42730.3
1649549400000,42729.9,42730.1,42690.7,42697.2
1649549700000,42697.3,42697.7,42646.1,42649.6
1649550000000,42649.5,42673.3,42639.4,42656.2
1649550300000,42655.6,42682.9,42653,42681.4
1649550600000,42681.5,42690.9,42675,42676.7
1649550900000,42677.3,42677.3,42642.1,42655.6
1649551200000,42655.2,42657.5,42635.2,42639.6
1649551500000,42640.2,42674.6,42639.5,42650.5
1649551800000,42650.6,42650.6,42621.4,42622.2
1649552100000,42622.2,42622.4,42570.2,42595.5
1649552400000,42594.4,42600.4,42567.5,42574.5
1649552700000,42574.4,42580.7,42571.3,42574.2
1649553000000,42574.4,42616.3,42574,42616
1649553300000,42616.5,42648.5,42616.5,42643.7
1649553600000,42644,42664.3,42643.7,42653.4
1649553900000,42653,42685.3,42649.8,42685.3
1649554200000,42685.7,42709,42677.4,42702.7
1649554500000,42702.7,42740.2,42702.7,42709.6
1649554800000,42709.3,42732.4,42703.7,42731.5
1649555100000,42731.2,42731.2,42714.8,42726.6
1649555400000,42726.7,42739.4,42722.9,42731.2
1649555700000,42731.1,42738,42727.6,42734.3
1649556000000,42734.5,42749.6,42730.2,42749.6
1649556300000,42749.4,42762.1,42745.6,42759.5
1649556600000,42759.4,42759.6,42727.1,42739
1649556900000,42738.6,42740.3,42705,42711.4
1649557200000,42712.1,42712.1,42703.4,42709.6
1649557500000,42709.7,42731.3,42709.6,42725.2
1649557800000,42724.5,42731.9,42720.9,42731.8
1649558100000,42732,42732.3,42707.6,42707.9
1649558400000,42708,42728.8,42707.7,42718
1649558700000,42718.5,42753.6,42718.5,42750
1649559000000,42754.8,42839.9,42754.8,42804.5
1649559300000,42804.4,42806.9,42790.5,42794.7
1649559600000,42794.6,42795,42747.1,42747.1
1649559900000,42748.1,42776.9,42744.3,42776.9
1649560200000,42776.7,42849.6,42774,42831.5
1649560500000,42832,42832,42819.9,42819.9
1649560800000,42819.2,42820.7,42802.2,42809
1649561100000,42808.8,42809,42776.2,42776.2
1649561400000,42776,42776,42750.3,42750.3
1649561700000,42750.2,42750.4,42744.1,42744.2
1649562000000,42744.1,42770.3,42743.2,42770.2
1649562300000,42770.1,42779.1,42755.8,42756.2
1649562600000,42756.1,42757.3,42748.4,42753.9
1649562900000,42753.9,42755.5,42746.8,42748.7
1649563200000,42748.9,42750.7,42726.1,42726.1
1649563500000,42725.7,42725.7,42713.8,42713.9
1649563800000,42713.8,42724.4,42710.3,42710.8
1649564100000,42710.6,42718.4,42710.6,42718
1649564400000,42718.6,42740,42718,42732.4
1649564700000,42732.5,42743.8,42727.9,42732.5
1649565000000,42732.4,42746.6,42724,42724
1649565300000,42724.6,42737.4,42708.2,42713
1649565600000,42713.2,42714.2,42699.2,42702.9
1649565900000,42703.1,42706,42700.7,42700.7
1649566200000,42700.7,42703.8,42685.1,42703.8
1649566500000,42703.8,42708.3,42698.4,42701.5
1649566800000,42701.4,42702.8,42697.4,42702.8
1649567100000,42701.8,42732,42693.9,42730.3
1649567400000,42730.3,42734.6,42711.6,42716.4
1649567700000,42716.3,42730.2,42709.6,42730.2
1649568000000,42730,42751.2,42672.3,42675.5
1649568300000,42671.8,42675.2,42644.7,42652.7
1649568600000,42652.6,42660.4,42651.9,42659.4
1649568900000,42659.5,42671,42659.1,42671
1649569200000,42668.4,42671.4,42661.3,42671.4
1649569500000,42671.2,42673.8,42655.1,42657
1649569800000,42657.5,42658,42635.4,42652.2
1649570100000,42652.3,42658.5,42626.4,42629.1
1649570400000,42629,42649.1,42627.1,42649.1
1649570700000,42649,42654.3,42625.3,42625.3
1649571000000,42625.3,42637.9,42616.2,42622.7
1649571300000,42622.5,42628.3,42617.2,42624.2
1649571600000,42624.3,42716.1,42622.4,42630.1
1649571900000,42630.1,42658.8,42630.1,42653.4
1649572200000,42653.5,42661.6,42649.4,42661.6
1649572500000,42661.6,42818.4,42661.6,42818.4
1649572800000,42818.4,42818.4,42719.4,42725.1
1649573100000,42719.6,42834.1,42719.6,42752.3
1649573400000,42752.3,42840.9,42752.3,42765.1
1649573700000,42765.1,42765.1,42765.1,42765.1
1649574000000,42765.1,42825.9,42703,42703
1649574300000,42702.5,42706.7,42681.3,42681.3
1649574600000,42681.3,42681.3,42620.6,42632.8
1649574900000,42632.8,42632.8,42632.8,42632.8
1649575200000,42632.8,42632.8,42632.8,42632.8
1649575500000,42632.8,42632.8,42632.8,42632.8
1649575800000,42632.8,42632.8,42632.8,42632.8
1649576100000,42632.8,42632.8,42632.8,42632.8
1649576400000,42632.8,42632.8,42632.8,42632.8
1649576700000,42632.8,42632.8,42632.8,42632.8
1649577000000,42632.8,42632.8,42632.8,42632.8
1649577300000,42632.8,42632.8,42632.8,42632.8
1649577600000,42632.8,42632.8,42632.8,42632.8
1649577900000,42632.8,42632.8,42534.4,42591.7
1649578200000,42592.3,42640.2,42592.3,42640.2
1649578500000,42639.2,42639.2,42622.8,42626.5
1649578800000,42627,42650.7,42620.7,42649.7
1649579100000,42649.9,42665.7,42624.4,42646.7
1649579400000,42646.5,42675,42646.5,42668.1
1649579700000,42668.2,42722,42633.5,42637.5
1649580000000,42637.5,42656,42637.5,42637.5
1649580300000,42637.5,42637.5,42637.5,42637.5
1649580600000,42637.5,42637.5,42637.5,42637.5
1649580900000,42637.5,42637.5,42637.5,42637.5
1649581200000,42637.5,42637.5,42637.5,42637.5
1649581500000,42637.5,42637.5,42542.5,42542.5
1649581800000,42542.5,42545.3,42542.5,42542.5
1649582100000,42542.5,42542.5,42504.8,42533.5
1649582400000,42533.9,42541.4,42480.4,42493.2
1649582700000,42493.8,42510.2,42492.7,42508.4
1649583000000,42507.8,42545.3,42504,42539.1
1649583300000,42539,42541.8,42498.9,42502.6
1649583600000,42503,42532.1,42502.6,42529.8
1649583900000,42530.3,42534.4,42461.1,42469.8
1649584200000,42469.6,42473.7,42464.4,42473.5
1649584500000,42472.7,42497.5,42469.3,42483.5
1649584800000,42483.3,42513.8,42419.9,42433.3
1649585100000,42433.1,42475.2,42433.1,42462.8
1649585400000,42462.7,42482.1,42462.6,42481.9
1649585700000,42481.8,42500,42481.8,42497.1
1649586000000,42497.4,42500.8,42480.7,42482
1649586300000,42483.5,42483.8,42443.3,42448.7
1649586600000,42448.8,42462.7,42430.3,42439.9
1649586900000,42439.8,42451.3,42419.9,42438
1649587200000,42439.1,42467.8,42438,42455.8
1649587500000,42456,42487,42456,42482.7
1649587800000,42482.8,42482.8,42447.5,42465.5
1649588100000,42465,42485.4,42456.8,42485
1649588400000,42484.2,42505.8,42480.7,42484.5
1649588700000,42484,42494.5,42483.6,42484.8
1649589000000,42486.2,42515.7,42486.2,42513.3
1649589300000,42514.4,42535,42514.4,42534.3
1649589600000,42534.3,42537.4,42525.4,42537.2
1649589900000,42537.3,42537.9,42513.8,42515.1
1649590200000,42514.7,42516.2,42499.2,42503.2
1649590500000,42503.4,42503.5,42490.9,42491.6
1649590800000,42491.1,42497.6,42487.3,42496.4
1649591100000,42496.5,42756.5,42496.3,42649.5
1649591400000,42645.7,42678.3,42645.7,42678.3
1649591700000,42678.4,42678.4,42634.9,42657.5
1649592000000,42657.4,42657.6,42627.8,42654.9
1649592300000,42652.2,42803.5,42638.6,42779.4
1649592600000,42779.5,42779.9,42721.7,42753.4
1649592900000,42752.5,42752.5,42691.9,42695
1649593200000,42694.4,42696.5,42684.5,42691
1649593500000,42693.2,42693.2,42553.7,42575.9
1649593800000,42576.2,42615,42542.6,42612.7
1649594100000,42612.6,42616.9,42605.7,42605.8
1649594400000,42605.7,42625.9,42604.4,42622.5
1649594700000,42622.4,42624.4,42600.3,42600.3
1649595000000,42600.2,42604.3,42542.5,42543
1649595300000,42542.5,42552.4,42542.5,42551.4
1649595600000,42550.8,42552.4,42542.5,42542.5
1649595900000,42542.5,42574.8,42542.5,42572.9
1649596200000,42571.5,42617.5,42571.5,42609.8
1649596500000,42610.3,42624,42588.2,42597.9
1649596800000,42597.4,42597.6,42542.5,42544.8
1649597100000,42544.4,42555.2,42542.5,42554.5
1649597400000,42554.3,42559.7,42542.7,42555.4
1649597700000,42554.5,42554.5,42542.5,42542.5
1649598000000,42542.5,42563.7,42542.5,42563.2
1649598300000,42563.7,42600.2,42561.3,42589.9
1649598600000,42590.1,42590.5,42555.8,42556
1649598900000,42556,42556,42542.5,42542.5
1649599200000,42542.5,42553.2,42542.5,42542.5
1649599500000,42542.5,42561.3,42542.5,42560.1
1649599800000,42560.3,42576.5,42560.3,42576.4
1649600100000,42576.4,42592.9,42568.1,42574.6
1649600400000,42574.9,42606.1,42574.8,42590.8
1649600700000,42589,42595.7,42561.2,42595.5
1649601000000,42595.6,42654.4,42592.8,42654.4
1649601300000,42654.4,42692.8,42643.2,42689.5
1649601600000,42689.1,42692.5,42650.3,42661.8
1649601900000,42664.4,42673.2,42659.4,42663.6
1649602200000,42663.8,42706.6,42663.7,42674
1649602500000,42673.9,42674,42643.1,42663.5
1649602800000,42663.3,42723.7,42663.3,42714
1649603100000,42713,42717.9,42704.8,42714.2
1649603400000,42714.1,42714.2,42640.3,42648.9
1649603700000,42649,42655.8,42630.4,42634
1649604000000,42633.8,42643.7,42619.1,42633.6
1649604300000,42633.8,42705.9,42633.8,42692.1
1649604600000,42692.1,42730.8,42692.1,42716
1649604900000,42716.3,42730.1,42716.2,42722.2
1649605200000,42721.9,42797.9,42690.8,42711.2
1649605500000,42711.2,42750.4,42702,42719
1649605800000,42718.9,42720.8,42705.3,42711.9
1649606100000,42712,42715.7,42705.3,42715.5
1649606400000,42715.7,42748,42713.2,42731.9
1649606700000,42731.9,42734.8,42705.3,42705.3
1649607000000,42705.3,42705.3,42705.3,42705.3
1649607300000,42705.3,42705.3,42705.3,42705.3
1649607600000,42705.3,42705.3,42705.3,42705.3
1649607900000,42705.3,42705.3,42705.3,42705.3
1649608200000,42705.3,42712.5,42705.3,42712.5
1649608500000,42712.5,42742.4,42706.4,42717.5
1649608800000,42719,42755.5,42715.5,42743.5
1649609100000,42743.4,42758.3,42743.4,42752.9
1649609400000,42753.4,42766.5,42752.8,42761.6
1649609700000,42761.9,42762.1,42726.8,42755
1649610000000,42755.3,42910.7,42754.9,42890.3
1649610300000,42808.4,42939.2,42801.9,42852.2
1649610600000,42852.1,42972.1,42826.6,42826.6
1649610900000,42824.2,42851.2,42782.6,42851.2
1649611200000,42851.1,43143.5,42851.1,43047.4
1649611500000,43047.4,43050.7,43047.4,43047.4
1649611800000,43047.4,43065.2,42955.5,43063.1
1649612100000,43061,43292.4,43061,43211.9
1649612400000,43211.9,43211.9,43123.8,43168.4
1649612700000,43168.3,43179.1,43057.9,43061.4
1649613000000,43059.8,43059.9,43005.7,43042.7
1649613300000,43042.9,43089.3,43041.7,43079.7
1649613600000,43078.8,43118.4,43053.8,43053.8
1649613900000,43054.2,43117.8,43052.8,43117.8
1649614200000,43117.8,43218,43104,43195.4
1649614500000,43194.6,43199.4,43140,43166.2
1649614800000,43166.3,43192.5,43139.1,43182.3
1649615100000,43182,43185.4,43165.4,43170.9
1649615400000,43173.1,43208.8,43166.6,43202.6
1649615700000,43197.7,43197.7,43129.3,43140.5
1649616000000,43140.4,43140.4,43109.2,43126.6
1649616300000,43131.6,43141.2,43096.5,43112.3
1649616600000,43112.3,43113.4,43100.5,43111.3
1649616900000,43106.2,43114.3,43084.9,43084.9
1649617200000,43085,43086.5,43059.2,43059.2
1649617500000,43059.2,43108.7,43059.2,43095.7
1649617800000,43095.8,43113.9,43095.8,43111.6
1649618100000,43111.6,43141.3,43108.4,43137.9
1649618400000,43137.8,43179.3,43134.9,43136.4
1649618700000,43136.5,43187.6,43136.5,43173.4
1649619000000,43172.8,43192.9,43172,43188.3
1649619300000,43188.2,43195.1,43175.4,43176.9
1649619600000,43177.1,43240.9,43165.1,43232
1649619900000,43232,43247.8,43188.2,43192.6
1649620200000,43192.9,43192.9,43162.9,43180.7
1649620500000,43180.9,43214.2,43180.9,43205.8
1649620800000,43205.4,43413.9,43205.4,43307.7
1649621100000,43308.2,43384.5,43306.6,43329.3
1649621400000,43330.5,43452.7,43327.3,43367.5
1649621700000,43367.5,43367.5,43304.3,43304.3
1649622000000,43304.3,43319.2,43304.3,43318
1649622300000,43317.5,43319.4,43305,43306.2
1649622600000,43307.2,43338.5,43304.3,43304.3
1649622900000,43304.3,43316.8,43304.3,43304.3
1649623200000,43304.3,43304.3,43304.3,43304.3
1649623500000,43304.3,43304.3,43211.6,43217.9
1649623800000,43217.8,43218.1,43106.8,43107
1649624100000,43106.9,43118.4,43079.8,43079.9
1649624400000,43051.2,43117,43034.9,43079.4
1649624700000,43079.3,43106.5,43077.1,43089.5
1649625000000,43089.4,43239.3,43086.2,43127.9
1649625300000,43127.8,43249.1,43123.6,43129.9
1649625600000,43129.9,43129.9,43129.9,43129.9
1649625900000,43129.9,43152.1,43129.9,43129.9
1649626200000,43129.9,43129.9,42997,43006.8
1649626500000,43036.6,43038.4,42989.1,43013.5
1649626800000,43012.2,43106.6,43010.1,43069.4
1649627100000,43067.6,43077.8,43017.6,43017.6
1649627400000,43019.9,43019.9,42814.9,42835.8
1649627700000,42837.2,42872.3,42633.6,42670.8
1649628000000,42650.1,42682.7,42559.2,42618.6
1649628300000,42619.7,42646.1,42583.3,42622.5
1649628600000,42622.3,42622.3,42559.2,42559.2
1649628900000,42559.2,42559.3,42419.9,42419.9
1649629200000,42419.9,42510.6,42419.9,42465.9
1649629500000,42466.6,42478.9,42419.9,42419.9
1649629800000,42419.9,42419.9,42182.5,42204.6
1649630100000,42204.6,42291.2,42116.8,42169.1
1649630400000,42169,42268.9,42138.6,42140
1649630700000,42140.3,42140.3,41864.6,41945.5
1649631000000,41949.1,42164.6,41866.6,42059.5
1649631300000,42058.9,42126.7,42032.8,42102.4
1649631600000,42091.4,42102.4,41960,41979.3
1649631900000,41979.3,42044.5,41974.7,42035.5
1649632200000,42036.3,42239.6,42036.3,42187
1649632500000,42183.9,42332.7,42175.1,42302.2
1649632800000,42310.9,42325.1,42253,42254.7
1649633100000,42253.5,42293.4,42213.8,42293.4
1649633400000,42289.1,42315.6,42254.5,42278.6
1649633700000,42278.4,42293.7,42209.6,42229.7
1649634000000,42229.6,42367.1,42179.5,42296.5
1649634300000,42296.4,42332,42236,42236
1649634600000,42235.6,42269.6,42208.9,42237.4
1649634900000,42237.4,42238.5,42039.2,42113.5
1649635200000,42115.6,42191.6,42009.6,42051
1649635500000,42055.2,42096.2,41892.4,41938.5
1649635800000,41939.9,42014.6,41904.3,41979.9
1649636100000,41981,42072,41933,42015.3
1649636400000,42012.2,42021.4,41775.3,41894.6
1649636700000,41892.8,42236.4,41881.1,42227.9
1649637000000,42227.4,42332.5,42123.6,42126
1649637300000,42124.3,42229,42122.8,42227.1
1649637600000,42226.3,42228.7,42157.1,42210.1
1649637900000,42201.5,42224.5,42147.8,42148.7
1649638200000,42148.6,42317.2,42148.6,42265.4
1649638500000,42269,42285.5,42248.1,42262
1649638800000,42259.9,42323,42251.6,42306.6
1649639100000,42306.5,42308.5,42247.7,42296.2
1649639400000,42297.2,42319.6,42283.6,42319.6
1649639700000,42319.6,42359.7,42291.9,42353.4
1649640000000,42353.3,42364.6,42325.6,42360.6
1649640300000,42358.9,42374.6,42295.9,42295.9
1649640600000,42308.5,42308.5,42226.3,42285
1649640900000,42284.1,42289,42213.5,42218.5
1649641200000,42213.5,42244.6,42201.7,42240.3
1649641500000,42240.4,42244.6,42131,42132.5
1649641800000,42134.4,42174.6,42117.7,42123
1649642100000,42133.5,42149.5,42121.1,42122.1
1649642400000,42121.1,42131.6,42029.8,42037.5
1649642700000,42037.8,42142.8,41988.6,42128.8
1649643000000,42125.5,42182.6,42125.2,42163
1649643300000,42162.9,42178.5,42022.1,42028
1649643600000,42024.6,42037.8,41872.1,41964.4
1649643900000,41963.1,41999.6,41947.4,41983.5
1649644200000,41977.5,42019.8,41904.3,42017.6
1649644500000,42014.7,42042.2,41959.4,42001.1
1649644800000,42000.8,42003.5,41966.7,41984
1649645100000,41987.3,42000.5,41884.3,41924.6
1649645400000,41926.9,41929.6,41807.3,41854.8
1649645700000,41853.8,41881.4,41778.1,41876.7
1649646000000,41879.7,41908.5,41796.1,41868
1649646300000,41870.1,41980.3,41838.3,41979.7
1649646600000,41980.1,42039.6,41969,41979.8
1649646900000,41979.8,42014.6,41965.1,41985.9
1649647200000,41985.7,42029.6,41962.4,42012.6
1649647500000,42012.3,42024.6,41964.8,41992.8
1649647800000,41992.8,42014.8,41909.1,42001.3
1649648100000,41997.6,42054.6,41995,42033.7
1649648400000,42031,42051.3,42021.1,42033.6
1649648700000,42034.6,42079.6,42024.8,42035.3
1649649000000,42030.9,42109.6,42024.7,42097.8
1649649300000,42095.6,42103.8,42057,42074.8
1649649600000,42079.8,42154.6,42056.1,42112.3
1649649900000,42125.5,42133.3,42098.6,42103.9
1649650200000,42096.5,42119.3,42056.9,42057.9
1649650500000,42051,42125.4,42047.3,42107.3
1649650800000,42104.5,42135.6,42099.2,42128.3
1649651100000,42126,42134.9,42110.9,42131.3
1649651400000,42131,42131,42091.8,42109.7
1649651700000,42109.5,42131.4,42102.5,42127
1649652000000,42127.7,42164.4,42127.6,42163.8
1649652300000,42164.4,42244.6,42144.7,42222.1
1649652600000,42221,42224.6,42193.9,42224.6
1649652900000,42219.6,42219.6,42197.3,42214.1
1649653200000,42213.5,42244.6,42207.6,42222.7
1649653500000,42222,42233.5,42181.1,42197.2
1649653800000,42196.2,42200.8,42167.5,42183.4
1649654100000,42182.9,42183.4,42164.7,42180.2
1649654400000,42181.5,42249.6,42179.7,42228
1649654700000,42230.9,42259.6,42225.5,42230.7
1649655000000,42231.7,42261.1,42225.9,42257.1
1649655300000,42257.1,42262.1,42242,42249.3
1649655600000,42251.5,42252.8,42211.2,42216.3
1649655900000,42210.4,42231.8,42202.2,42216.2
1649656200000,42216.2,42259.6,42208.8,42238
1649656500000,42237.8,42253.6,42227.3,42246.9
1649656800000,42248,42248.1,42196.5,42234.6
1649657100000,42228.1,42234.6,42194.5,42205.3
1649657400000,42205.1,42230.3,42205.1,42228.3
1649657700000,42227.5,42239.4,42191.8,42192.6
1649658000000,42190.1,42200.4,42162.7,42176.1
1649658300000,42177.8,42185.4,42141.6,42149.8
1649658600000,42146.9,42158.7,42142.2,42154.9
1649658900000,42155.6,42199.6,42155.6,42176.6
1649659200000,42180.7,42212.3,42169,42208.2
1649659500000,42207.8,42304.6,42207.3,42294.6
1649659800000,42294.6,42309.6,42242.2,42242.2
1649660100000,42234.6,42237.6,42192.3,42224.6
1649660400000,42223.1,42244.6,42188,42211.8
1649660700000,42213.1,42213.2,42150.7,42170.3
1649661000000,42169.7,42194.6,42143.5,42173.3
1649661300000,42168.3,42179.6,42152.9,42170.9
1649661600000,42171.9,42231,42171.9,42231
1649661900000,42228.5,42309.6,42228.5,42295.9
1649662200000,42294.8,42308.1,42273.2,42286.6
1649662500000,42286.7,42288.5,42245.5,42264.5
1649662800000,42264.5,42264.5,42226.7,42230.1
1649663100000,42226.7,42383.3,42226.7,42304.7
1649663400000,42304.6,42304.7,42273.4,42274.8
1649663700000,42274.8,42290.3,42269.5,42280.2
1649664000000,42278.3,42325.3,42270.6,42317.7
1649664300000,42317.7,42317.7,42247.1,42269.1
1649664600000,42269.1,42358.2,42253.3,42281.4
1649664900000,42281.4,42292.2,42207.8,42207.8
1649665200000,42207.8,42239.6,42207.8,42234.6
1649665500000,42234.6,42239.6,42152.3,42225.6
1649665800000,42225.6,42225.6,42144.3,42164.6
1649666100000,42164.5,42164.5,42095.1,42095.1
1649666400000,42095.1,42154.6,42095.1,42129.2
1649666700000,42129.5,42169.6,42129.1,42164.6
1649667000000,42169.6,42180.5,42130.4,42164
1649667300000,42166.6,42257.9,42160.7,42174.7
1649667600000,42174.6,42183,42129.1,42160.7
1649667900000,42160.7,42180.8,42129.1,42129.1
1649668200000,42129.1,42129.1,42075.1,42087.2
1649668500000,42087.3,42159.8,41970.5,42035.6
1649668800000,42040.6,42040.6,41970.5,41978.4
1649669100000,41979.5,42034.6,41970.5,41987.8
1649669400000,41988.9,42020.3,41858.2,41874.4
1649669700000,41875.9,41954.6,41849.4,41924.9
1649670000000,41933.6,41954.6,41835.6,41837.5
1649670300000,41837.5,41929.6,41837.5,41837.5
1649670600000,41837.5,41878.9,41771.5,41817.7
1649670900000,41820.9,41889.6,41500,41500
1649671200000,41500,41534.6,41198.9,41316.3
1649671500000,41316.3,41505.7,41279.1,41455.7
1649671800000,41455.7,41572.4,41423.3,41473.4
1649672100000,41473.4,41625.4,41456.5,41532
1649672400000,41547,41548,41485.6,41528.6
1649672700000,41527.6,41540,41439.7,41439.7
1649673000000,41439.7,41514.3,41373.7,41405.8
1649673300000,41399.3,41443.8,41348.8,41351.1
1649673600000,41348.2,41495.4,41344.7,41468.4
1649673900000,41469.4,41486,41440.2,41479.2
1649674200000,41479.2,41626.3,41475.7,41524.2
1649674500000,41526.8,41631.7,41522.3,41556.9
1649674800000,41552.2,41637,41486.9,41527.6
1649675100000,41527.3,41530,41443.4,41451.1
1649675400000,41451.2,41502.6,41401,41424.1
1649675700000,41425.8,41494,41355.8,41366.9
1649676000000,41366.9,41367.2,41146.6,41158.3
1649676300000,41170.3,41201.7,41125.8,41128.9
1649676600000,41127.9,41157,41088,41108
1649676900000,41108,41239.6,40947.7,41209.8
1649677200000,41207.2,41311.2,41165.7,41223.7
1649677500000,41223.7,41271,41095.3,41095.3
1649677800000,41095.3,41140,41001.3,41037
1649678100000,41036.4,41064.6,40946.3,41025.1
1649678400000,41025.7,41151.2,40940,41052.5
1649678700000,41052.5,41067.6,40953.1,40965.5
1649679000000,40960.2,41180.1,40956.9,41105.8
1649679300000,41105.8,41237.4,41105.8,41141.7
1649679600000,41146.4,41257.7,41063.5,41137.7
1649679900000,41139.8,41224.8,41065.7,41088.4
1649680200000,41086.7,41105.3,41020.7,41021.1
1649680500000,41022.9,41088.9,41006.4,41080.7
1649680800000,41094.6,41189.6,41080.7,41157
1649681100000,41154.2,41199.2,41142.8,41184.4
1649681400000,41186.1,41193,41112.9,41131.4
1649681700000,41127.7,41204.6,41081.6,41103.8
1649682000000,41104.6,41144.6,41098.9,41119.4
1649682300000,41119.3,41120.9,41029.6,41054.3
1649682600000,41042.2,41104.6,40964.5,41044.5
1649682900000,41044.1,41097.1,41037.2,41041.5
1649683200000,41037.9,41069.6,40960.8,41016.7
1649683500000,41017.4,41039.6,40923.8,40944.4
1649683800000,40939.6,41029.6,40711.5,40774
1649684100000,40772,41004.6,40772,40858.7
1649684400000,40858.2,41009.6,40838.3,40999.9
1649684700000,40998.4,41120.5,40943.5,41114.2
1649685000000,41114,41149.5,41020.4,41063.1
1649685300000,41062.8,41129.6,41060.1,41097.6
1649685600000,41096.8,41227.3,41052.4,41149.7
1649685900000,41149.7,41149.7,41037.6,41084.5
1649686200000,41086.8,41116.1,40972.5,40992
1649686500000,40999.2,41001.4,40859.6,40887.4
1649686800000,40892,40904.6,40818.5,40821.7
1649687100000,40821.7,40879.6,40821.7,40821.7
1649687400000,40821.7,40906.2,40821.7,40879.9
1649687700000,40879.9,40889,40787.5,40817.4
1649688000000,40816.8,40852.2,40761,40764.7
1649688300000,40764.5,40824.6,40691.6,40752
1649688600000,40749,40785.6,40691.7,40741.3
1649688900000,40739.2,40829.6,40728.7,40779.6
1649689200000,40774.6,40849.6,40736.6,40811.9
1649689500000,40811.1,40924.6,40804.6,40839.3
1649689800000,40837.6,40942.1,40829.4,40914.8
1649690100000,40914.8,41006.4,40876.5,40887.7
1649690400000,40887.7,40892.1,40796.9,40841.6
1649690700000,40838.7,40838.7,40812.3,40825.3
1649691000000,40825.3,40829.6,40825.3,40825.3
1649691300000,40825.3,40849.6,40825.3,40825.3
1649691600000,40825.3,40880.5,40825.3,40861.4
1649691900000,40861.4,40869.6,40739.1,40749.5
1649692200000,40759.6,40790.1,40714.6,40739.4
1649692500000,40751.5,40782.2,40568.1,40595.4
1649692800000,40595.4,40714.6,40510.1,40657.1
1649693100000,40679.6,40791.2,40608.3,40616
1649693400000,40615.8,40694.6,40612.9,40637.6
1649693700000,40641.1,40764.6,40632.5,40739
1649694000000,40749.6,40751.4,40703.6,40708.7
1649694300000,40708.7,40708.7,40529.6,40529.6
1649694600000,40529.6,40645.7,40529.6,40557.5
1649694900000,40557.9,40674.6,40544.7,40658.3
1649695200000,40659.6,40674.6,40578.7,40588.1
1649695500000,40588,40734.7,40588,40729.9
1649695800000,40726,40779.6,40717.2,40751.7
1649696100000,40748.9,40760.3,40710,40731.5
1649696400000,40731.1,40814.6,40731.1,40799.6
1649696700000,40804.6,40935.9,40789.7,40812
1649697000000,40811.7,40819.6,40679.2,40716.6
1649697300000,40716.9,40729.5,40273.2,40396.9
1649697600000,40397,40419.7,40304.2,40386.1
1649697900000,40386.1,40478.7,40330.6,40478.7
1649698200000,40478.7,40584.1,40458.3,40499.8
1649698500000,40504.4,40592.4,40335.2,40335.9
1649698800000,40336.1,40437.9,40280.2,40306.2
1649699100000,40306.2,40411.2,40283.7,40353.6
1649699400000,40353,40495.8,40351.3,40388.3
1649699700000,40386.1,40477.9,40381.6,40412.1
1649700000000,40493.4,40493.4,40312,40327.8
1649700300000,40327.7,40481,40326.8,40381.5
1649700600000,40381.5,40483.7,40334.5,40343.1
1649700900000,40343.7,40343.7,40211.3,40211.7
1649701200000,40212.3,40391.1,40211.7,40341.9
1649701500000,40341.9,40433.4,40341.9,40407
1649701800000,40407,40474.4,40307,40386.7
1649702100000,40387.3,40412.2,40342.2,40397.7
1649702400000,40397.7,40414.6,40318.3,40351.7
1649702700000,40351.3,40470.4,40340.2,40426.4
1649703000000,40426.4,40461.2,40411.1,40441.2
1649703300000,40441.2,40492.4,40440.8,40488.4
1649703600000,40488.4,40631.8,40488.4,40549.9
1649703900000,40549.9,40549.9,40549.9,40549.9
1649704200000,40549.9,40549.9,40349.4,40349.4
1649704500000,40352.8,40441.6,40345.3,40353
1649704800000,40353,40353,40140.6,40226.8
1649705100000,40226.8,40226.8,39907.8,39907.8
1649705400000,39906.6,39975.6,39800,39865.4
1649705700000,39865.4,39937.7,39806.8,39887.8
1649706000000,39889.7,40025,39884.5,39954.2
1649706300000,39954.2,40012.6,39919.6,40012.6
1649706600000,40012,40096.1,39934.8,39938.2
1649706900000,39938.2,40064.6,39931.6,39951.6
1649707200000,39954.6,40119.3,39902.9,39915.7
1649707500000,39915.6,39917.3,39525.7,39631.3
1649707800000,39632.1,39805.9,39631.3,39735.5
1649708100000,39735.5,39846.8,39735.5,39808.3
1649708400000,39808.3,39849,39735.5,39742.4
1649708700000,39742.4,40114,39742.4,40051.4
1649709000000,40054.5,40229.7,40010.3,40076.6
1649709300000,40084.7,40106.5,40050.5,40055.3
1649709600000,40055.3,40055.3,39865.6,39865.6
1649709900000,39865.6,39972,39865.6,39964.3
1649710200000,39965.5,39966.9,39865.6,39889.5
1649710500000,39892.8,39931,39799.3,39800.5
1649710800000,39809.6,39847.7,39809.6,39826.1
1649711100000,39826,39827.3,39668.8,39694.6
1649711400000,39693.4,39770.7,39653.9,39742.6
1649711700000,39742,39812,39734.8,39734.8
1649712000000,39730.7,39781.8,39627.5,39772
1649712300000,39771.6,39771.6,39640.6,39646.1
1649712600000,39645.7,39705.6,39583.6,39583.6
1649712900000,39601.4,39626,39460.7,39513.5
1649713200000,39518.9,39581.8,39281,39578.1
1649713500000,39575.3,39615.4,39351.5,39423.7
1649713800000,39418.2,39459.9,39368,39433.2
1649714100000,39434.4,39450,39434.2,39450
1649714400000,39450,39454.7,39314.3,39363.8
1649714700000,39363.9,39395.6,39273.2,39337.5
1649715000000,39337.5,39476.4,39244,39468.9
1649715300000,39464.3,39732.5,39463.2,39714.2
1649715600000,39710,39799.3,39661.9,39760.7
1649715900000,39760.6,39811.9,39741.3,39784
1649716200000,39779.6,39857.7,39765.2,39857.7
1649716500000,39857.8,39929.7,39851.3,39929.7
1649716800000,39929.7,39935.4,39889,39898.8
1649717100000,39902.3,39912.8,39660.7,39726.5
1649717400000,39717.8,39821.9,39702.2,39819.4
1649717700000,39820.5,39835.3,39713.3,39722.6
1649718000000,39721.8,39800.4,39677.4,39749.6
1649718300000,39752.1,39752.1,39554.8,39563.8
1649718600000,39561.5,39669.3,39544.4,39668.8
1649718900000,39666.8,39690.8,39597.5,39613.9
1649719200000,39604.6,39609.5,39534.2,39584.9
1649719500000,39584.9,39630.3,39542.7,39614.4
1649719800000,39614.1,39644.5,39556.9,39558
1649720100000,39558,39558,39478.2,39488
1649720400000,39486.1,39516.9,39413.5,39420.1
1649720700000,39421.3,39457.6,39361.2,39455.8
1649721000000,39455,39455.8,39401.9,39416
1649721300000,39416.4,39483.6,39414,39483.2
1649721600000,39483.1,39631.2,39478.2,39628.8
1649721900000,39631.2,39636.3,39440.6,39451.2
1649722200000,39447.5,39498.5,39329.2,39492.6
1649722500000,39494,39678.8,39491.1,39589
1649722800000,39586.5,39655.5,39584.1,39642.7
1649723100000,39643.2,39667.1,39613.5,39630.3
1649723400000,39631.1,39722.8,39594.6,39600.2
1649723700000,39600.6,39706.2,39592.5,39701.7
1649724000000,39698.5,39812,39694.6,39733.6
1649724300000,39734.1,39754.6,39692,39705.3
1649724600000,39703.2,39737.8,39651.2,39651.2
1649724900000,39655.2,39661,39511.3,39524.8
1649725200000,39525.1,39553.7,39389.7,39436.3
1649725500000,39438,39535.9,39429.7,39535.9
1649725800000,39539,39647.5,39533.9,39608.8
1649726100000,39612.8,39645.2,39575,39636
1649726400000,39632.1,39637,39598.6,39615
1649726700000,39616.1,39687.5,39535.2,39675.2
1649727000000,39674.6,39689.6,39600.6,39631.4
1649727300000,39634.2,39665.1,39595.7,39599.8
1649727600000,39596.8,39599.8,39490.9,39553.3
1649727900000,39547.4,39579.9,39469.1,39476
1649728200000,39476.2,39492,39433,39460.3
1649728500000,39465.9,39500.6,39448.1,39471.6
1649728800000,39479,39503.7,39459.1,39503.4
1649729100000,39502.9,39513.8,39461.1,39488.6
1649729400000,39484.7,39503.5,39469.5,39499.5
1649729700000,39497.3,39501.7,39365.8,39379.6
1649730000000,39375.6,39403.3,39361.4,39385.4
1649730300000,39386.1,39399,39279.4,39303.5
1649730600000,39306.3,39329.8,39258.1,39278.8
1649730900000,39265.9,39378.3,39265.9,39340.2
1649731200000,39340.3,39410,39336.2,39359.6
1649731500000,39359.7,39427,39341.9,39426.3
1649731800000,39423.9,39444.7,39382.7,39444.7
1649732100000,39439.5,39450.1,39427.6,39448.2
1649732400000,39448.6,39498.7,39443.4,39490.8
1649732700000,39496.4,39543.6,39466.1,39533
1649733000000,39542.3,39582.2,39533,39557.7
1649733300000,39556.7,39571.1,39483.8,39492.2
1649733600000,39491.8,39521.7,39474.3,39486.4
1649733900000,39487.6,39542.9,39486.7,39530
1649734200000,39529.6,39533.6,39511.5,39527
1649734500000,39527,39585.3,39511,39583.8
1649734800000,39583.7,39691.4,39576,39651.3
1649735100000,39652.5,39702.7,39646.8,39661.2
1649735400000,39667.2,39673.2,39639.9,39647.8
1649735700000,39648.4,39707.4,39646.7,39704.6
1649736000000,39704.1,39737.9,39674.9,39690.1
1649736300000,39689.5,39696.3,39635.1,39643.1
1649736600000,39643.3,39646.8,39596.6,39619.4
1649736900000,39619.6,39694.2,39602.9,39692.9
1649737200000,39692.8,39792.4,39685.3,39792.4
1649737500000,39793.3,39854.7,39760.1,39808.6
1649737800000,39811.9,39816.1,39759.1,39769.6
1649738100000,39760.1,39773.9,39746.8,39761.6
1649738400000,39763.3,39834.5,39759.5,39782
1649738700000,39782,39784.9,39742.3,39761.4
1649739000000,39761,39777.5,39731,39776.6
1649739300000,39776.5,39913.3,39775.6,39887.6
1649739600000,39883.8,39909.5,39835.8,39878.1
1649739900000,39877.4,39915.1,39859.7,39872.5
1649740200000,39870.2,39908,39862.8,39882.1
1649740500000,39883.2,39949.5,39883,39949.5
1649740800000,39949.5,40090.2,39940.7,40090.2
1649741100000,40090.2,40090.2,40013,40013
1649741400000,40014.9,40039.5,39960.2,39967.9
1649741700000,39964.6,39972.3,39939.3,39952.9
1649742000000,39953.5,40015.1,39948,40011.9
1649742300000,40015.3,40051.2,40004.7,40038.6
1649742600000,40040,40087.8,40036.5,40080.3
1649742900000,40080.5,40172.1,40080.5,40090.5
1649743200000,40090.5,40101.3,40090.5,40090.5
1649743500000,40090.5,40090.5,40017.6,40048.3
1649743800000,40048.3,40111.1,40036.7,40094.5
1649744100000,40097.3,40200.6,40079.5,40142.9
1649744400000,40142.9,40142.9,40111.9,40116.4
1649744700000,40116.4,40116.4,39950.3,39966.3
1649745000000,39966.3,40023.5,39891.2,39951
1649745300000,39951,40021,39912.6,39939.5
1649745600000,39940.4,40020.5,39825.3,39831.3
1649745900000,39831.1,39962.7,39828.3,39853
1649746200000,39858.1,39948.3,39811.8,39858.7
1649746500000,39858.8,39975,39841.6,39900.3
1649746800000,39900.5,39949.7,39857.9,39858.7
1649747100000,39855.5,39987,39841.1,39905.8
1649747400000,39905.7,40069.2,39903.1,39998.8
1649747700000,39998.8,40092.2,39948.5,40002.5
1649748000000,40003.5,40157.6,40002.5,40077.9
1649748300000,40076,40207,40071.4,40136.5
1649748600000,40136.5,40219.7,40074,40089.6
1649748900000,40084.3,40166.8,40054.3,40065.6
1649749200000,40064.8,40174.3,40054.3,40076.1
1649749500000,40075.3,40201.2,40073.2,40108.8
1649749800000,40108.3,40197.7,40060.1,40087.3
1649750100000,40088.4,40229,40086.1,40202.5
1649750400000,40202.5,40231.1,40086.6,40105.8
1649750700000,40105.9,40260.7,40105.9,40123.4
1649751000000,40123.9,40356.8,40119.9,40242
1649751300000,40247.5,40333.7,40140.1,40141.8
1649751600000,40141.2,40235,40075.9,40096.2
1649751900000,40094.1,40193.3,40084.5,40089.6
1649752200000,40089.6,40233.9,40089.6,40137.7
1649752500000,40139.1,40241.2,40137.7,40178.6
1649752800000,40182.9,40328.5,40171.6,40232.1
1649753100000,40231.2,40310.4,40145.1,40180.6
1649753400000,40180.7,40295.6,40170.1,40199.7
1649753700000,40193,40288.9,40146.4,40229.5
1649754000000,40229.5,40229.5,40097.6,40101.4
1649754300000,40101.2,40191,40036.6,40036.6
1649754600000,40036.8,40140.7,40022.5,40059.5
1649754900000,40050.7,40152.5,40033.3,40045.9
1649755200000,40045.9,40138.7,40013.9,40073.6
1649755500000,40077.4,40202.6,40054.1,40134.9
1649755800000,40127.6,40227,40077.6,40077.6
1649756100000,40078.1,40245.6,40078.1,40168.5
1649756400000,40168.5,40257.4,40135.4,40145.7
1649756700000,40150.7,40245.7,40103.5,40124
1649757000000,40123.9,40241.8,40106.4,40151
1649757300000,40171.2,40292,40163.3,40180.5
1649757600000,40180.5,40204.5,40169.1,40192.1
1649757900000,40192.1,40235.8,40118.8,40137.7
1649758200000,40136.5,40227.8,40108.3,40128.2
1649758500000,40128.1,40231.4,40067.1,40097.9
1649758800000,40097.9,40108.8,40080.2,40083.5
1649759100000,40083.3,40088.8,40055,40088.8
1649759400000,40089,40134.7,40086.3,40133.7
1649759700000,40134.7,40306.6,40134.7,40206.7
1649760000000,40206.9,40308.7,40149.3,40162.9
1649760300000,40162.6,40298.1,40162.6,40171.6
1649760600000,40171.6,40282.5,40171.6,40193
1649760900000,40193,40269.3,40093.5,40172.5
1649761200000,40172.5,40199.9,40081.5,40092.6
1649761500000,40093.2,40170.9,40073.5,40098.4
1649761800000,40098.4,40112.8,40098.4,40109.7
1649762100000,40107.6,40257.4,40107.6,40176.4
1649762400000,40176.4,40181.2,40140.3,40163.9
1649762700000,40155.1,40335.6,40155.1,40257.9
1649763000000,40257.9,40416.4,40243.6,40348.2
1649763300000,40350.7,40401,40284.8,40304
1649763600000,40300.6,40372.6,40274.5,40305.8
1649763900000,40305.8,40449.6,40279.7,40300.6
1649764200000,40308.5,40469.1,40302.4,40363.8
1649764500000,40363.8,40407.6,40303.7,40365.9
1649764800000,40365.9,40365.9,40365.9,40365.9
1649765100000,40365.9,40382.3,40365.9,40365.9
1649765400000,40365.9,40365.9,40365.9,40365.9
1649765700000,40365.9,40365.9,40266.8,40279.3
1649766000000,40279.3,40279.3,40279.3,40279.3
1649766300000,40279.3,40289,40174.8,40281.9
1649766600000,40266.1,40659.1,40239.3,40591.4
1649766900000,40587.8,40599.6,40355.2,40462.3
1649767200000,40474.8,40556.4,40391.7,40497.3
1649767500000,40496.7,40529.2,40436.5,40520.8
1649767800000,40509.7,40591.3,40460.3,40527.4
1649768100000,40528.1,40656.3,40528.1,40573
1649768400000,40574.9,40652.2,40507.1,40555.2
1649768700000,40555.3,40566.4,40430.5,40493.1
1649769000000,40492.9,40540.2,40428.3,40481.1
1649769300000,40489.4,40529,40443.2,40466.4
1649769600000,40466.6,40495.9,40405.4,40473.9
1649769900000,40473.4,40569.7,40460.9,40490.4
1649770200000,40491.9,40499.2,40281.9,40310.4
1649770500000,40309.5,40330.6,40139.9,40266.1
1649770800000,40266.1,40324.9,40186.6,40316.5
1649771100000,40316.7,40548,40281.4,40359.1
1649771400000,40358.9,40502.5,40350.2,40417.2
1649771700000,40417.2,40503.9,40355,40364.1
1649772000000,40364.1,40426,40252.4,40284.8
1649772300000,40287.3,40394.4,40208.3,40216
1649772600000,40215.9,40311.5,40098.7,40161.8
1649772900000,40161.9,40208.3,40020.2,40052
1649773200000,40052,40202.4,39885.5,39898.9
1649773500000,39897.5,40027.1,39798.3,39804.7
1649773800000,39806.4,40007.3,39804.7,39920.8
1649774100000,39916.9,40087.9,39888.5,39975.9
1649774400000,39975.9,40010.5,39910.9,39956.7
1649774700000,39956.7,39991.8,39929.5,39935.5
1649775000000,39935.5,40041.6,39881.3,39959.6
1649775300000,39959.6,40083.4,39959.6,40029
1649775600000,40029,40043.2,39965.4,40043.2
1649775900000,40040.8,40094.3,39968.1,39973.4
1649776200000,39971.3,40187,39964.8,40122.2
1649776500000,40122.2,40207.9,40087.8,40157.1
1649776800000,40157.1,40324.5,40157.1,40252.7
1649777100000,40252.7,40367.4,40238.6,40347.4
1649777400000,40347.4,40399,40211.8,40246.8
1649777700000,40246.8,40301,40180.9,40235.1
1649778000000,40234.6,40402.9,40233.6,40300.1
1649778300000,40305.2,40407.3,40229.3,40255.1
1649778600000,40255.1,40363.6,40243.4,40299.9
1649778900000,40299.9,40379.8,40130.3,40217.2
1649779200000,40217.2,40217.2,40076.3,40085.5
1649779500000,40085.5,40209,40035.9,40083.4
1649779800000,40094,40147.1,40050.1,40147.1
1649780100000,40145.4,40412.8,40140.1,40263.7
1649780400000,40263.7,40303.5,40162.1,40170.2
1649780700000,40171,40215.2,39972.8,40006.2
1649781000000,40006.2,40096.7,39974.9,40036.6
1649781300000,40034.5,40044.6,39959.8,39967.2
1649781600000,39966.7,39966.7,39897.7,39949.6
1649781900000,39951.7,39989,39924.8,39970.5
1649782200000,39971.3,40048.2,39966.5,40031
1649782500000,40020.4,40097,40010.2,40066.2
1649782800000,40065.1,40066.6,39968,40016.3
1649783100000,40016.7,40124.6,40011.4,40073.1
1649783400000,40072.7,40169.1,40062.1,40130.2
1649783700000,40142.3,40145.5,40079.7,40137.9
1649784000000,40137.4,40177.6,40107,40127.1
1649784300000,40127.2,40130,40070.4,40086.8
1649784600000,40087.2,40114.5,40032.6,40040.9
1649784900000,40038.8,40080.1,40009.5,40021.1
1649785200000,40018.7,40024.6,39956.8,39973.9
1649785500000,39973.4,39979.8,39932.8,39947.8
1649785800000,39947.7,39966.9,39904.6,39960
1649786100000,39958.5,39985.7,39924.9,39976.6
1649786400000,39978.2,39979.9,39911.5,39938.3
1649786700000,39940,40013.8,39938,39952.7
1649787000000,39956.9,39968.5,39800.2,39808.4
1649787300000,39809.7,39809.7,39687.4,39713.6
1649787600000,39712.3,39769.8,39712.2,39746.4
1649787900000,39747,39785.9,39739.7,39755.4
1649788200000,39755.6,39761.8,39639.8,39664.8
1649788500000,39659.8,39717.7,39609.4,39617.5
1649788800000,39618.5,39701.7,39600.2,39641.4
1649789100000,39641.5,39738.3,39641.5,39708.7
1649789400000,39707.5,39718,39663.9,39664.8
1649789700000,39658.8,39677,39626.2,39632.9
1649790000000,39633.3,39678.6,39531.1,39543.7
1649790300000,39546.5,39581.6,39464.1,39486.5
1649790600000,39485.1,39516.8,39444.1,39474
1649790900000,39476.3,39480.9,39422.4,39454.9
1649791200000,39454.9,39499.5,39454.9,39454.9
1649791500000,39454.9,39454.9,39368.6,39454.9
1649791800000,39454.9,39454.9,39368.6,39454.9
1649792100000,39454.9,39652.6,39454.9,39582.3
1649792400000,39582.3,39582.3,39582.3,39582.3
1649792700000,39582.3,39582.3,39582.3,39582.3
1649793000000,39582.3,39582.3,39454.9,39454.9
1649793300000,39454.9,39461.5,39300,39300
1649793600000,39300,39391.8,39300,39334
1649793900000,39333.5,39439.7,39332.6,39439.7
1649794200000,39441.3,39512.5,39389.1,39389.1
1649794500000,39389.1,39393.9,39389.1,39393.9
1649794800000,39395.3,39564.1,39392.4,39513.1
1649795100000,39513.1,39594.7,39513.1,39522.9
1649795400000,39522.9,39550.4,39522.9,39522.9
1649795700000,39524.2,39527.5,39454.9,39454.9
1649796000000,39454.9,39514.1,39300,39411.1
1649796300000,39395.6,39517.6,39358.4,39453
1649796600000,39451.9,39529.2,39413.8,39462.2
1649796900000,39461.3,39578.1,39461.3,39534.1
1649797200000,39534.1,39582.4,39461,39485.8
1649797500000,39486.3,39605.1,39476.1,39559.4
1649797800000,39559.4,39695.3,39528.6,39674.3
1649798100000,39674.2,39787,39614.7,39614.7
1649798400000,39614.7,39614.7,39614.7,39614.7
1649798700000,39614.7,39759,39567.3,39654.9
1649799000000,39655.1,39659.3,39604.3,39604.3
1649799300000,39604.2,39651.2,39566.5,39648.2
1649799600000,39651.2,39680.5,39624.1,39668.1
1649799900000,39665.5,39704.9,39638.4,39686.5
1649800200000,39691.1,39698.9,39589.3,39595.2
1649800500000,39597,39678.9,39597,39661.1
1649800800000,39644.1,39665.8,39588.4,39622.3
1649801100000,39622.9,39654.7,39554.7,39586.5
1649801400000,39587.3,39662.2,39539.5,39659
1649801700000,39651.6,39663.7,39591.8,39601.7
1649802000000,39601.4,39620.6,39585.5,39605.4
1649802300000,39608.3,39609.6,39561.7,39574.3
1649802600000,39575.8,39797.4,39562.9,39763.8
1649802900000,39763.8,39763.8,39681.7,39715.8
1649803200000,39715.7,39715.8,39562.9,39569
1649803500000,39571.7,39612.8,39522.2,39612.8
1649803800000,39608,39759.4,39603.1,39717.8
1649804100000,39718.5,39852.2,39715.3,39813.8
1649804400000,39813.8,39911,39789.3,39889
1649804700000,39884.9,39926.2,39833.8,39917.8
1649805000000,39917.8,39917.8,39852.4,39867.7
1649805300000,39873.3,39916.5,39855.7,39916.5
1649805600000,39909.8,40207.7,39909.1,40090.1
1649805900000,40090.6,40163.3,40036.8,40070.4
1649806200000,40071.7,40157.6,40071.7,40141.3
1649806500000,40141.9,40143.2,40015.3,40015.3
1649806800000,40018.5,40054.4,39932.9,40035.2
1649807100000,40031.5,40114.9,40004.7,40108.9
1649807400000,40109.2,40133.8,40100.7,40122
1649807700000,40125.1,40125.1,40031.4,40038.6
1649808000000,40048.9,40076.9,39982.3,40017.6
1649808300000,40017.7,40142.2,40006.1,40105.9
1649808600000,40105.2,40143.1,40073.7,40134.8
1649808900000,40134.5,40142.5,40080.1,40100.5
1649809200000,40105,40130.2,40102.3,40114.3
1649809500000,40115.9,40123.1,40049.1,40049.1
1649809800000,40035.4,40053.7,39997.1,40013.8
1649810100000,40011.6,40047.2,39999.5,40047.2
1649810400000,40046.6,40054.5,40012.3,40031.2
1649810700000,40024.1,40043.4,39988.9,39998.9
1649811000000,39999,39999.4,39878.4,39919.9
1649811300000,39923.1,39932.1,39868.1,39897.9
1649811600000,39897.8,39899.7,39830.2,39830.2
1649811900000,39832,39847.9,39697.3,39697.3
1649812200000,39695.8,39745.3,39688.4,39733.1
1649812500000,39735.9,39744.8,39607.3,39633
1649812800000,39633.1,39649.4,39595.4,39602.4
1649813100000,39601.9,39620.6,39547,39576.9
1649813400000,39575.1,39708.8,39557.9,39692.2
1649813700000,39694.5,39766.4,39672.6,39749.1
1649814000000,39749.4,39791.7,39736.7,39740.4
1649814300000,39741,39753,39687,39708.1
1649814600000,39707.6,39813.4,39706.5,39802
1649814900000,39801.7,39832.1,39792.5,39832
1649815200000,39831.2,39840.4,39805.8,39840.4
1649815500000,39851.1,39882.9,39835.8,39837.6
1649815800000,39835.5,39835.5,39768.4,39768.4
1649816100000,39768.5,39779,39689.6,39709.6
1649816400000,39709.9,39734.7,39688.8,39697.1
1649816700000,39698.3,39726.2,39666,39725.7
1649817000000,39725.5,39928.2,39725.5,39927.9
1649817300000,39927.6,40128.1,39897.7,40128.1
1649817600000,40128.8,40128.8,40012.3,40033.8
1649817900000,40030.7,40041.4,39952.5,40037.7
1649818200000,40041.2,40080.2,40032.4,40050.9
1649818500000,40053.4,40053.7,39996.7,40014.8
1649818800000,40012.9,40065.3,39984,40060.7
1649819100000,40062.7,40106,40018.3,40093.4
1649819400000,40090.9,40123.8,40090.9,40097.3
1649819700000,40098.1,40206.4,40094.2,40206.4
1649820000000,40203.2,40221.2,40162,40193.7
1649820300000,40193.6,40193.6,40121.8,40134.9
1649820600000,40138.2,40153.6,40068.8,40084.2
1649820900000,40083.9,40105.2,40075.9,40104
1649821200000,40104.1,40125.6,40102.1,40122.6
1649821500000,40129,40139.2,40063.3,40067.8
1649821800000,40067.1,40072.3,40043.3,40043.6
1649822100000,40044.7,40053.6,40036,40041.6
1649822400000,40040.7,40060.4,40005.1,40010.2
1649822700000,40010.7,40014.5,39981,40005.5
1649823000000,40006.5,40006.5,39966.4,39968.9
1649823300000,39968.4,40011,39966.9,39983.3
1649823600000,39983.1,39990.2,39964.6,39973.8
1649823900000,39973.4,39979.4,39906.2,39943.7
1649824200000,39944.6,39992.2,39917.1,39941.7
1649824500000,39946.3,39951.5,39916.8,39916.8
1649824800000,39915.4,39942.2,39900,39942.2
1649825100000,39940,40044.6,39936.8,40034.3
1649825400000,40036.9,40038.2,40004.9,40018.3
1649825700000,40015.8,40090.4,40014,40086.8
1649826000000,40092.5,40111.3,40077.4,40094.7
1649826300000,40095.8,40110.3,40076,40076.1
1649826600000,40082.5,40084.2,40045.1,40049.1
1649826900000,40053.6,40077.7,40044.7,40074.7
1649827200000,40078.1,40083.5,40044,40049.2
1649827500000,40049.2,40059,40029.2,40054.6
1649827800000,40054.4,40117.3,40037.5,40117.1
1649828100000,40118,40200.5,40111.7,40116.7
1649828400000,40119,40122.2,40111.7,40116.7
1649828700000,40116.7,40118.8,40074.7,40107.9
1649829000000,40108.2,40148.4,40095.6,40148.2
1649829300000,40149.3,40244.3,40149,40177.7
1649829600000,40177.7,40184.2,40177.7,40177.7
1649829900000,40177.7,40177.7,40118.6,40123.7
1649830200000,40123.7,40123.7,40123.7,40123.7
1649830500000,40123.7,40123.7,40123.7,40123.7
1649830800000,40123.7,40123.7,40052.4,40058.7
1649831100000,40057.8,40057.8,40037.5,40044.6
1649831400000,40044.5,40056.7,40035.9,40037.6
1649831700000,40037.5,40100.2,40020.3,40060
1649832000000,40060.5,40084.7,40032.8,40035.7
1649832300000,40036.2,40081.4,40023.6,40038.1
1649832600000,40042.1,40045.8,39848.6,39911.5
1649832900000,39904.3,39960.3,39897.7,39960.3
1649833200000,39960.3,39960.3,39878.5,39931.2
1649833500000,39931.8,39952.5,39898.8,39911.6
1649833800000,39911.1,40002.1,39875.7,39963.6
1649834100000,39967.9,40113.7,39956.1,40048.4
1649834400000,40047.8,40097,40043.2,40057.8
1649834700000,40058.2,40169.8,40055,40136.2
1649835000000,40136.3,40214.7,40106.7,40115.7
1649835300000,40115.4,40137.6,40082.1,40082.1
1649835600000,40082.1,40092.3,40082.1,40082.1
1649835900000,40082.1,40154.4,40082.1,40151.1
1649836200000,40150,40150,40082.1,40089.5
1649836500000,40089.1,40102,40082.1,40102
1649836800000,40102,40153.7,40102,40121.1
1649837100000,40157.4,40157.4,40119.3,40127.8
1649837400000,40126.2,40145.7,40102,40102
1649837700000,40102,40109.3,40011.5,40102.1
1649838000000,40102.1,40102.1,40102.1,40102.1
1649838300000,40102.1,40102.1,40009.2,40018
1649838600000,40013.6,40057.7,40011.8,40034.3
1649838900000,40036,40068.7,40025.3,40054.9
1649839200000,40054.8,40207.1,40054.8,40102.2
1649839500000,40102.2,40144.7,40102.2,40119.6
1649839800000,40117.3,40147.3,40102.2,40102.2
1649840100000,40102.2,40120.6,40102.2,40116.3
1649840400000,40120.4,40167.4,40107.1,40116.4
1649840700000,40116.9,40116.9,40107.1,40107.1
1649841000000,40107.1,40113.5,40107.1,40107.7
1649841300000,40108.2,40109.1,40107.1,40107.1
1649841600000,40107.1,40134.3,40107.1,40107.1
1649841900000,40107.1,40107.1,40107.1,40107.1
1649842200000,40107.1,40107.1,40107.1,40107.1
1649842500000,40107.1,40107.1,40107.1,40107.1
1649842800000,40107.1,40107.1,40012.5,40014
1649843100000,40012.3,40059.6,40000.7,40044.6
1649843400000,40045.8,40219.6,40044.6,40109.9
1649843700000,40109.9,40109.9,40014.8,40034.7
1649844000000,40032.3,40099.7,40032.3,40069.9
1649844300000,40070.2,40077.4,40032.3,40032.3
1649844600000,40032.3,40052.6,40032.3,40052.6
1649844900000,40052.6,40078.7,39934.5,39965.1
1649845200000,39965.1,39969.1,39965.1,39965.1
1649845500000,39965.1,39965.1,39777.4,39806.8
1649845800000,39806.3,39891.8,39776.8,39813.5
1649846100000,39813.8,39916,39796.8,39916
1649846400000,39922.2,39930.5,39807.1,39844.1
1649846700000,39844.1,39932.9,39822.3,39833.9
1649847000000,39833.9,39859.9,39750,39750.9
1649847300000,39753.8,39832.9,39750,39768.9
1649847600000,39767,39936.7,39766.2,39836.7
1649847900000,39836.7,39935.2,39802.6,39900.1
1649848200000,39900.1,39900.1,39853.8,39875.8
1649848500000,39875.8,39892.2,39875.8,39891.7
1649848800000,39893.4,40010.7,39893.4,39939.2
1649849100000,39939.2,39960.4,39939.2,39960.4
1649849400000,39960.4,40015.8,39854.9,39865.3
1649849700000,39865.4,39867.4,39818.9,39850.4
1649850000000,39850.6,39859.1,39772.8,39859.1
1649850300000,39866.9,39866.9,39791,39806.9
1649850600000,39806.9,39879.3,39806.9,39868.6
1649850900000,39872.9,39873.8,39750,39750
1649851200000,39750,39794.3,39654.3,39748.4
1649851500000,39746.8,39918.8,39708.8,39818.8
1649851800000,39823.6,39827.8,39765,39803.6
1649852100000,39796.2,39851.2,39769.3,39822.5
1649852400000,39822.7,39822.7,39765,39765
1649852700000,39765,39771.7,39676.5,39687.9
1649853000000,39684.7,39729.3,39665.8,39694.7
1649853300000,39677.9,39699,39665.8,39685.6
1649853600000,39688.4,39787.9,39681.2,39770.1
1649853900000,39770.5,39858.4,39765.1,39769
1649854200000,39769,39780.5,39769,39769
1649854500000,39769,39769,39665.8,39676.3
1649854800000,39665.9,39691,39665.8,39678.2
1649855100000,39682.6,39706.9,39665.8,39665.8
1649855400000,39665.8,39709.8,39665.8,39709.8
1649855700000,39713.7,39727.2,39677.7,39687.7
1649856000000,39687.6,39804.8,39687.6,39791.2
1649856300000,39794.7,39794.7,39765,39789.3
1649856600000,39788.1,39844.1,39760.9,39835.7
1649856900000,39835.4,40123.6,39830.5,40053.4
1649857200000,40053.4,40309.6,40053.4,40271.6
1649857500000,40271.1,40448.5,40199.5,40322.3
1649857800000,40323.3,40582.1,40307.8,40502
1649858100000,40504.4,40575.9,40448.7,40575.9
1649858400000,40575.9,40627.7,40429.8,40461.7
1649858700000,40461.7,40617.9,40461.7,40482.1
1649859000000,40482.1,40698.3,40461.1,40633.9
1649859300000,40633.9,40969.7,40618.6,40881.4
1649859600000,40881.4,40884.9,40764.9,40842.7
1649859900000,40842.8,40888.4,40584.4,40631.8
1649860200000,40631.8,40631.8,40366.8,40481.8
1649860500000,40481.8,40661.8,40477.7,40614.5
1649860800000,40614.5,40744,40548.7,40676.6
1649861100000,40678.4,40786.5,40586.6,40589.4
1649861400000,40589,40764,40564.8,40668.1
1649861700000,40668.1,40762.9,40588.1,40660.1
1649862000000,40660.1,40882.2,40638,40800.8
1649862300000,40800.8,41036.4,40759.2,40959.8
1649862600000,40959.8,40975.5,40799.9,40894.2
1649862900000,40898.3,41007.8,40844,40913.5
1649863200000,40913.5,41364,40886.7,41320.6
1649863500000,41342.6,41342.6,41242.1,41272.5
1649863800000,41272.5,41417.2,41224.8,41241.1
1649864100000,41241.1,41244.5,41092.6,41128.6
1649864400000,41131.2,41248,41058.1,41137.1
1649864700000,41137.6,41285,41087,41187.1
1649865000000,41186.1,41277,41111.4,41142.6
1649865300000,41142.6,41256.7,41123.5,41194.1
1649865600000,41194.1,41280.6,41054.5,41185
1649865900000,41185.1,41276.1,41153.6,41184.1
1649866200000,41177.1,41298,41161.1,41242
1649866500000,41239.6,41299.3,41183.3,41246.7
1649866800000,41246.9,41283.5,41167.5,41188.7
1649867100000,41188.9,41214.2,41105.2,41108.7
1649867400000,41108.2,41168.6,41054.3,41092.9
1649867700000,41092.4,41230.3,41020.3,41031.4
1649868000000,41028.5,41159.1,41020.8,41097.8
1649868300000,41091.5,41289.6,41091.4,41178.8
1649868600000,41127.1,41204,40925,40926.3
1649868900000,40927.2,41077.1,40912.2,41011.5
1649869200000,41011.5,41069.2,40817.6,40908.2
1649869500000,40911,41078.3,40894.4,40984.1
1649869800000,40983.3,41127.9,40955.9,40982.8
1649870100000,40982.9,41120.6,40971.5,41032
1649870400000,41032,41081.6,41010.4,41042.1
1649870700000,41041.5,41136.2,40991.6,41056.3
1649871000000,41054.2,41139.8,40962.1,40966.2
1649871300000,40966.2,41038,40858.6,40865.8
1649871600000,40864.9,40959.5,40844.5,40852.2
1649871900000,40853.7,41068.3,40839.6,40944
1649872200000,40942.9,41054.3,40934.7,40962.6
1649872500000,40961.9,41008.8,40936.6,41008.8
1649872800000,41008.8,41070.3,40947.2,40970.6
1649873100000,40974.4,41143.2,40959.8,41056.8
1649873400000,41060.3,41143.3,41014.1,41057.7
1649873700000,41058.3,41125.2,41024.9,41053.6
1649874000000,41053.6,41226.7,41053.6,41135.4
1649874300000,41218.9,41270.7,41135.8,41167.6
1649874600000,41153,41250.5,41137.3,41153.2
1649874900000,41154.9,41270.5,41124.5,41131.6
1649875200000,41132.4,41321.2,41132.4,41236.7
1649875500000,41254.1,41395.2,41209.5,41255.1
1649875800000,41346.8,41393.3,41246.5,41299.3
1649876100000,41291.2,41385.5,41254.3,41325
1649876400000,41322.6,41417.8,41312.2,41340.4
1649876700000,41340.4,41544.1,41320.6,41320.6
1649877000000,41320,41366.6,41211.4,41211.4
1649877300000,41218.2,41283.7,41214.1,41265.1
1649877600000,41265,41347.8,41235.6,41260.4
1649877900000,41260.4,41377.3,41259.6,41332.5
1649878200000,41332.5,41378,41254.2,41286.6
1649878500000,41286.6,41290.4,41135,41152.9
1649878800000,41157.1,41247.7,41091.3,41163.2
1649879100000,41163.2,41207.3,41069.3,41093.7
1649879400000,41093.7,41143.9,41024.5,41057.8
1649879700000,41057.8,41127.6,41011.8,41100.2
1649880000000,41100.2,41143,40988.2,41031.2
1649880300000,41031.8,41092.8,40990.1,40993.1
1649880600000,40993.1,41108.4,40986.4,41046.2
1649880900000,41056.5,41235.8,41040.8,41146.6
1649881200000,41145.9,41261.7,41118.3,41131.8
1649881500000,41131.8,41197.5,41086.9,41111.6
1649881800000,41112.5,41276.7,41101.7,41202.7
1649882100000,41201.7,41288.4,41131.3,41143.1
1649882400000,41142.6,41240.2,41125.5,41129.8
1649882700000,41218.1,41340.6,41103.3,41267.8
1649883000000,41267.8,41347,41215.7,41232.2
1649883300000,41232.2,41234.9,41191.1,41203.2
1649883600000,41202,41213.4,41152,41182.8
1649883900000,41181.2,41184,41148.1,41154
1649884200000,41153.9,41269.2,41150.9,41156.4
1649884500000,41157.1,41162.5,41143.4,41162.3
1649884800000,41161.8,41258,41159.6,41185.1
1649885100000,41184.8,41194.6,41136.7,41138.8
1649885400000,41136.7,41152.4,41114.5,41150.9
1649885700000,41151.4,41246.9,41151.4,41239.3
1649886000000,41238.2,41241.5,41129.6,41131.7
1649886300000,41131.2,41152.1,41058,41124.4
1649886600000,41124.2,41156.7,41082.2,41151
1649886900000,41150.4,41179.9,41132,41174.5
1649887200000,41161.9,41185.5,41129.7,41141.9
1649887500000,41148.2,41202.8,41116.8,41159.2
1649887800000,41158.9,41188.8,41129.6,41178.7
1649888100000,41178.7,41180.4,41126.9,41136.8
1649888400000,41138.2,41214,41136.8,41180.3
1649888700000,41181.7,41268.3,41181.7,41225.5
1649889000000,41230,41347.8,41225.8,41305.9
1649889300000,41306.1,41316.2,41257.9,41279.4
1649889600000,41278.6,41294.5,41223,41242.7
1649889900000,41236.1,41276,41213.7,41276
1649890200000,41276.8,41280,41175.4,41196.3
1649890500000,41198.6,41240.6,41169.6,41234.4
1649890800000,41236.5,41284,41154.7,41154.7
1649891100000,41156.5,41157.4,41041.2,41096.6
1649891400000,41097.6,41156,41096.6,41150.7
1649891700000,41150.8,41160.2,41099.6,41109.6
1649892000000,41108.3,41146.2,41091.5,41130
1649892300000,41129.8,41148.1,41114.3,41118.7
1649892600000,41117.7,41120.8,41089.5,41098.8
1649892900000,41112.8,41117.2,41090.8,41103
1649893200000,41109.8,41146.8,41107.4,41114.9
1649893500000,41115.8,41123.6,41041.4,41080.3
1649893800000,41080.1,41115.8,41077.6,41112.7
1649894100000,41112.5,41118.6,41088.2,41102.4
1649894400000,41105.5,41108.5,41019,41076.9
1649894700000,41080.3,41132.8,41076.9,41079.8
1649895000000,41078.2,41136.1,41071.4,41128
1649895300000,41129.3,41133.6,41063.9,41071.3
1649895600000,41076,41123,41051.1,41117.1
1649895900000,41123,41180.7,41117.1,41176
1649896200000,41175.6,41226.6,41162.3,41221.1
1649896500000,41218.4,41218.8,41145.7,41149.8
1649896800000,41153.7,41157,41095.1,41112.2
1649897100000,41111,41193.5,41081,41111.6
1649897400000,41110.4,41152,41107.7,41149.5
1649897700000,41149.7,41194.8,41136,41159.3
1649898000000,41159.1,41183.8,41138.2,41162.5
1649898300000,41164.3,41181.2,41164.3,41172.7
1649898600000,41174.6,41196.1,41161.9,41177.7
1649898900000,41185.9,41251.8,41176.2,41247.7
1649899200000,41250.4,41268.1,41232.6,41267.5
1649899500000,41270.4,41318.6,41249.5,41314.5
1649899800000,41314.4,41334.3,41265.9,41325.6
1649900100000,41327.7,41327.7,41268.2,41270.7
1649900400000,41275.3,41339.6,41264.8,41306.1
1649900700000,41307.1,41317.7,41288.5,41315.9
1649901000000,41314.5,41436.8,41310.7,41409.8
1649901300000,41410,41450.7,41400.3,41446.1
1649901600000,41436.9,41443.8,41376,41386.6
1649901900000,41386.9,41390,41362.8,41377.3
1649902200000,41388.1,41431.4,41368.1,41371
1649902500000,41370.6,41378.5,41305.6,41328
1649902800000,41328.4,41366.4,41326.5,41359.1
1649903100000,41360.5,41365.8,41319.5,41339.1
1649903400000,41339.2,41343.2,41307.5,41330.6
1649903700000,41330.2,41420.4,41317.6,41402.5
1649904000000,41399.9,41400.7,41360.1,41379.8
1649904300000,41367.7,41378.8,41334.7,41334.7
1649904600000,41334,41398.7,41321,41389.4
1649904900000,41386.5,41393.8,41358.3,41379.8
1649905200000,41380,41409,41354,41354.6
1649905500000,41355.6,41355.6,41251.9,41296.4
1649905800000,41298.2,41309.5,41291,41295.9
1649906100000,41296.3,41305,41267.2,41300.2
1649906400000,41296.8,41314.7,41281.1,41303.4
1649906700000,41303.5,41303.5,41245.9,41251.3
1649907000000,41252.2,41272.8,41241.1,41242.6
1649907300000,41243.3,41262.5,41238.5,41262.5
1649907600000,41262.7,41287.3,41261.8,41266
1649907900000,41265.8,41314.9,41237.5,41301.2
1649908200000,41300,41300,41254.3,41272.2
1649908500000,41273.1,41284.8,41267.1,41275.5
1649908800000,41274.9,41317.1,41274.9,41278.1
1649909100000,41276.6,41353.6,41276.6,41343.3
1649909400000,41345.2,41363.8,41328.5,41363.8
1649909700000,41364.4,41369.8,41340.2,41344.8
1649910000000,41344.6,41348,41330.5,41345.7
1649910300000,41348,41361.9,41322.2,41339.8
1649910600000,41333.4,41371.2,41328.9,41335.8
1649910900000,41338.8,41352.1,41331.6,41335.9
1649911200000,41336.2,41336.2,41243.4,41251.8
1649911500000,41251.6,41257.9,41217,41232.3
1649911800000,41232.4,41238.7,41200.7,41235.6
1649912100000,41235.4,41254.6,41228.1,41245.8
1649912400000,41246.8,41271.1,41241.3,41253.9
1649912700000,41254.3,41264.5,41242.2,41253.4
1649913000000,41255.1,41299.6,41245.3,41290.7
1649913300000,41290.6,41295.2,41252.2,41254.1
1649913600000,41254.3,41271.7,41240.4,41264.9
1649913900000,41262.8,41288.5,41247.7,41250.6
1649914200000,41250.1,41254.6,41202.8,41215.6
1649914500000,41215.3,41261.6,41201.4,41253.4
1649914800000,41259.9,41259.9,41233.9,41237.7
1649915100000,41241.4,41251.3,41215.7,41225.4
1649915400000,41226.4,41259.7,41214,41259.4
1649915700000,41258.6,41289.9,41258.6,41263.1
1649916000000,41264.9,41290.3,41259.6,41275.1
1649916300000,41279.3,41291.8,41222.5,41227.7
1649916600000,41227,41235.5,41178.1,41180.5
1649916900000,41180.2,41206.8,41179.3,41194.3
1649917200000,41194.1,41215.7,41185.2,41205.7
1649917500000,41210.9,41225.3,41196.7,41221.1
1649917800000,41218,41218,41146.8,41164.6
1649918100000,41166,41174.5,41147.3,41156.4
1649918400000,41157,41161.1,41122.1,41157.9
1649918700000,41158,41172.6,41147.3,41159.3
1649919000000,41159.9,41163,41138.2,41162.2
1649919300000,41161.7,41168.8,41151.5,41158.5
1649919600000,41159.1,41169.5,41134.1,41167.1
1649919900000,41166.1,41168.5,41133.1,41134.4
1649920200000,41134.7,41147.5,41120.1,41147.3
1649920500000,41145.1,41171.1,41138.9,41167.7
1649920800000,41168.1,41244.9,41158.3,41228.2
1649921100000,41228.1,41241.6,41220.3,41227.5
1649921400000,41231.2,41264.3,41228.3,41229.4
1649921700000,41229.2,41234.3,41195,41195.1
1649922000000,41192,41248.6,41192,41248.6
1649922300000,41251.2,41315.7,41251.2,41294.5
1649922600000,41293.7,41293.7,41229.1,41239
1649922900000,41238.5,41240.3,41217.8,41234.2
1649923200000,41232.8,41271.2,41210.1,41212.5
1649923500000,41207.9,41256,41201.8,41238.3
1649923800000,41238.4,41271.3,41236.2,41259.9
1649924100000,41260,41274.9,41240.5,41246.3
1649924400000,41251.4,41254.2,41228.6,41244.1
1649924700000,41245.2,41246.4,41166.2,41183.1
1649925000000,41183.5,41186.9,41151.1,41173.1
1649925300000,41170.1,41196.9,41164,41190.2
1649925600000,41192.2,41230.7,41166,41170.4
1649925900000,41171.7,41177.5,41156.4,41169.7
1649926200000,41169.2,41175.9,41129.9,41132.8
1649926500000,41136.7,41136.7,41128.1,41134.6
1649926800000,41131.2,41138.3,41118.1,41122.9
1649927100000,41122.7,41132.1,41112,41114.2
1649927400000,41113.9,41113.9,41066.7,41081
1649927700000,41081.1,41108.3,41081,41096.2
1649928000000,41095.8,41096.4,41074.1,41080.3
1649928300000,41079.5,41079.5,40939.6,41004.5
1649928600000,41005.8,41064.2,40974.5,41060.1
1649928900000,41062.7,41088.2,41039.5,41086.1
1649929200000,41086.8,41143.1,41086.8,41098.4
1649929500000,41098.3,41109.3,41055.2,41073.1
1649929800000,41074,41157,41035.2,41135.4
1649930100000,41136.2,41169.9,41126.9,41142.9
1649930400000,41142.3,41155.9,41131.2,41139.8
1649930700000,41135.6,41137,41106,41137
1649931000000,41141.2,41165.8,41108.3,41137.4
1649931300000,41136.8,41169.8,41093.5,41096.5
1649931600000,41095.9,41127,41075.5,41127
1649931900000,41129.2,41136.5,41102.6,41115.5
1649932200000,41117.3,41126.6,41044.8,41057.9
1649932500000,41057.8,41058.5,41013.9,41031.4
1649932800000,41036,41064.3,41019.1,41039.4
1649933100000,41039.2,41041.8,40952.6,40952.6
1649933400000,40952.4,40981,40917.5,40947.7
1649933700000,40947.9,40961.7,40906.4,40909.7
1649934000000,40910.2,40953.7,40905.4,40948
1649934300000,40947.9,40993.5,40940.2,40953.1
1649934600000,40953,41026.8,40931.1,41014.4
1649934900000,41014.3,41017.7,40921.8,40944.2
1649935200000,40944.7,40951.4,40912.8,40940.6
1649935500000,40940.5,40984.1,40926.4,40971.2
1649935800000,40969.5,40988.7,40936.6,40982.7
1649936100000,40977.2,40999.9,40941.5,40960.4
1649936400000,40959.7,40967.9,40925.7,40934.9
1649936700000,40936.9,41005.9,40921.2,40951.5
1649937000000,40944.9,40951.5,40888.8,40888.8
1649937300000,40888.8,40888.8,40888.8,40888.8
1649937600000,40888.8,40912.3,40888.8,40888.8
1649937900000,40888.8,40937.3,40888.8,40937.3
1649938200000,40936.2,40953,40924.1,40947.9
1649938500000,40945.6,41047.2,40945.6,40988
1649938800000,40986,41035.8,40980.9,41004.7
1649939100000,41006,41006,40969.1,40989.6
1649939400000,40989,41037,40955.5,40972.4
1649939700000,40970.6,40979.4,40951.1,40966.9
1649940000000,40967.2,40985.7,40959.5,40977.8
1649940300000,40978.5,41118.7,40964.8,41107.9
1649940600000,41107.8,41119,41062.4,41077.3
1649940900000,41080.3,41141.6,41059.6,41111.8
1649941200000,41112.5,41157,41107.9,41154.3
1649941500000,41153.8,41240.5,41153.8,41165.9
1649941800000,41167.8,41175.8,41123.1,41126.3
1649942100000,41136.6,41141,41068.9,41089.6
1649942400000,41084.1,41090.4,41051,41057.8
1649942700000,41059.5,41171.9,41042.4,41168.8
1649943000000,41167.5,41208.2,41134.4,41208.2
1649943300000,41204.9,41252,41080.5,41081.5
1649943600000,41073.5,41092.5,40660.2,40728.8
1649943900000,40729,40766.6,40579.3,40673.4
1649944200000,40673,40688.3,40495.6,40572.9
1649944500000,40579.5,40629.3,40531.6,40567
1649944800000,40566.8,40609.9,40458.7,40458.7
1649945100000,40458.7,40458.7,40288.5,40353.9
1649945400000,40357.6,40429.5,40336.7,40416.6
1649945700000,40410,40429.8,40296.9,40307.1
1649946000000,40306.8,40463.3,40292.4,40435
1649946300000,40435.5,40456.6,40399.3,40437.2
1649946600000,40435.7,40616.8,40435.7,40475.7
1649946900000,40486.7,40494.4,40367.4,40387
1649947200000,40385.8,40441.5,40377.3,40387.8
1649947500000,40388.8,40431.2,40347.2,40358.1
1649947800000,40356.4,40397.2,40328.6,40383.2
1649948100000,40388.1,40431.8,40382.2,40408.2
1649948400000,40407.9,40442.1,40370,40413.3
1649948700000,40413.6,40441.8,40351,40388.5
1649949000000,40388.4,40427.1,40357,40388.7
1649949300000,40394.9,40434.9,40354.6,40378.5
1649949600000,40384.4,40390.7,40312.8,40390.7
1649949900000,40390.9,40426.6,40370,40386.5
1649950200000,40386.7,40395.6,40307.8,40320.6
1649950500000,40318.8,40332.3,40009.6,40053.2
1649950800000,40051.8,40082.3,39926.7,39939.1
1649951100000,39938,39994.4,39919.9,39919.9
1649951400000,39919.9,39951.3,39919.9,39932.1
1649951700000,39932.3,39942.6,39919.9,39919.9
1649952000000,39919.9,39985.9,39828.8,39870.2
1649952300000,39870,39956.4,39847,39956.4
1649952600000,39956.5,40015.8,39922.4,39941.9
1649952900000,39946,39971.2,39875.8,39890.3
1649953200000,39890.8,39949.7,39872.2,39919.9
1649953500000,39920.2,39929.8,39874.4,39905.4
1649953800000,39905,39941.3,39835.8,39862.9
1649954100000,39862,39862,39760,39766.3
1649954400000,39768.3,39818.1,39760,39818.1
1649954700000,39815,39843.7,39763.3,39763.3
1649955000000,39762.9,39800.9,39760,39772.3
1649955300000,39773.3,39909.1,39772.3,39907.2
1649955600000,39904.3,39905.1,39860.7,39888.2
1649955900000,39890.8,39926.7,39878.3,39880.6
1649956200000,39881.6,39914.7,39845.4,39847.6
1649956500000,39846.1,39852.9,39820.7,39826.5
1649956800000,39826.8,39860.4,39811.5,39850.3
1649957100000,39847.8,39899.3,39847.7,39892.6
1649957400000,39891.8,39990.8,39872,39989.2
1649957700000,39990.6,40005.4,39934.7,39934.7
1649958000000,39934.6,39942.4,39863.9,39863.9
1649958300000,39863.7,39871.5,39805.4,39834.3
1649958600000,39834.4,39838.8,39807.4,39828.1
1649958900000,39826.3,39942.9,39826.3,39942.9
1649959200000,39941.5,39978.6,39919.1,39969.1
1649959500000,39967.6,39971.2,39892.9,39892.9
1649959800000,39893.5,39928.9,39887.1,39914.8
1649960100000,39915,39936.5,39871.3,39884.7
1649960400000,39885.6,39900,39839.9,39900
1649960700000,39900,39903,39900,39900
1649961000000,39900,39913.6,39900,39910
1649961300000,39910,39910,39814.9,39821.9
1649961600000,39821.9,39863.2,39816.7,39853.1
1649961900000,39859.5,39868,39846.5,39860
1649962200000,39859.8,39881,39639.8,39641.9
1649962500000,39638.7,39687.1,39595.6,39621.9
1649962800000,39620.9,39679.8,39534.6,39664.7
1649963100000,39664.8,39732.1,39656.7,39675.8
1649963400000,39676.1,39705.3,39664.4,39682.7
1649963700000,39685.3,39746.9,39661.5,39726.7
1649964000000,39727.5,39738.7,39691.8,39708.1
1649964300000,39707.9,39737.8,39682.4,39703.1
1649964600000,39703.7,39716.2,39676.6,39699.2
1649964900000,39696,39743.2,39674.4,39688.1
1649965200000,39688.3,39744.5,39684.9,39738.2
1649965500000,39738.8,39746.8,39724.5,39738.6
1649965800000,39736.5,39791.8,39704.2,39778.4
1649966100000,39776.9,39800.1,39719.1,39735.1
1649966400000,39735,39741.2,39658.5,39696.7
1649966700000,39695,39754.9,39625.5,39657.2
1649967000000,39659.4,39670.4,39633.8,39663.8
1649967300000,39661.3,39708.4,39641.8,39665.7
1649967600000,39667.8,39725.3,39667.8,39707.4
1649967900000,39705.8,39743.6,39701.8,39734
1649968200000,39734.7,39803.6,39731.5,39794.3
1649968500000,39795.7,39846.5,39772.4,39843.8
1649968800000,39844.1,39844.1,39800.3,39811.6
1649969100000,39811.5,39827.5,39762.6,39825.9
1649969400000,39825.8,39837.1,39815.6,39830.2
1649969700000,39832.1,39863.5,39818,39863.4
1649970000000,39863.4,39863.4,39863.4,39863.4
1649970300000,39863.4,39863.4,39863.4,39863.4
1649970600000,39863.4,39863.4,39824.1,39825.5
1649970900000,39825.4,39845.6,39824.7,39836.3
1649971200000,39837,39860.9,39833.8,39859.4
1649971500000,39859.6,39871.4,39837.2,39860.2
1649971800000,39860.1,39923.5,39860,39922.2
1649972100000,39922.3,39955.5,39911.2,39950.5
1649972400000,39948.1,39950.6,39865.4,39865.4
1649972700000,39868.8,39886.6,39850.9,39866.1
1649973000000,39866.2,39933.6,39865.9,39922.6
1649973300000,39922,39935.5,39898.7,39928.6
1649973600000,39926.9,39937.2,39907.1,39916.9
1649973900000,39920,39935.9,39913.5,39935.1
1649974200000,39935.4,39960.4,39918.8,39952.5
1649974500000,39952.8,39953.9,39903.5,39907
1649974800000,39906.8,39925.9,39900.4,39906.3
1649975100000,39911.1,39930.2,39902.9,39918.1
1649975400000,39918.2,39923.5,39899.8,39905.6
1649975700000,39907.4,39907.9,39793.3,39800
1649976000000,39799.8,39823.3,39794.8,39821.7
1649976300000,39820.6,39855.2,39795,39840.6
1649976600000,39838.8,39838.8,39787.8,39789.8
1649976900000,39788.3,39793.6,39754.2,39780.1
1649977200000,39780.3,39800.3,39773.5,39788.2
1649977500000,39787.5,39820.9,39774.6,39820.8
1649977800000,39820.9,39860.4,39809.9,39846.5
1649978100000,39846.8,39858.3,39839.9,39851.2
1649978400000,39850.7,39853.8,39804.5,39804.7
1649978700000,39805.5,39847.4,39805.5,39840.7
1649979000000,39839.9,39851.4,39806.6,39822.7
1649979300000,39827.6,39878.4,39827.6,39859.3
1649979600000,39859.2,39896,39855.7,39879.1
1649979900000,39879.3,39885,39858.1,39876.7
1649980200000,39875.7,39877.2,39834.9,39858.2
1649980500000,39856.6,39890.1,39848.1,39889
1649980800000,39883.6,39929,39853.6,39908.3
1649981100000,39907.9,39933,39890.6,39917
1649981400000,39916.6,39944.5,39901.1,39901.7
1649981700000,39900.7,39926.7,39888.3,39915
1649982000000,39914.4,40055.2,39914.4,40055.2
1649982300000,40060,40102.7,40042.5,40052.1
1649982600000,40050.2,40053,39954.1,39964
1649982900000,39964.8,39980.7,39866.2,39866.2
1649983200000,39864.5,39864.5,39776.3,39798.4
1649983500000,39797.8,39837.9,39724.8,39837.6
1649983800000,39837.4,39842.1,39823.7,39836.8
1649984100000,39836.1,39836.7,39776.7,39799.5
1649984400000,39799.4,39801.7,39777.2,39778.6
1649984700000,39776.2,39871.7,39776.2,39864
1649985000000,39863.9,39870.5,39820.9,39827.9
1649985300000,39828.5,39884.4,39828.5,39864.8
1649985600000,39864,39886,39863.3,39885.9
1649985900000,39884.4,39892.8,39879.2,39884.5
1649986200000,39882.9,39909.3,39870.2,39881.1
1649986500000,39878.8,39883.2,39825.4,39827.4
1649986800000,39828.7,39914.7,39827.8,39910.9
1649987100000,39911.3,39915.3,39884.8,39891.9
1649987400000,39891.6,39918.2,39883.8,39904.4
1649987700000,39904.8,39916.5,39879.5,39887
1649988000000,39886.2,39904,39865.1,39865.1
1649988300000,39865.2,39881,39862.9,39880.5
1649988600000,39880.4,39896.5,39877.2,39891.3
1649988900000,39891.4,39943.5,39880.5,39941.3
1649989200000,39942.5,40010.4,39938.9,39967.2
1649989500000,39968.7,39991.7,39962.6,39974.7
1649989800000,39975.1,39993.4,39938.1,39954.8
1649990100000,39954.5,39986.1,39937.1,39985.5
1649990400000,39984.5,40016.8,39977.2,39991.3
1649990700000,39991.4,40004.6,39972.7,39985.1
1649991000000,39985.3,39992.3,39970.5,39972.1
1649991300000,39970.7,39979,39940.1,39973.3
1649991600000,39973,39990.5,39946.7,39989.2
1649991900000,39993.6,40052.9,39989.2,40034.9
1649992200000,40034.6,40054.4,40032.6,40039.2
1649992500000,40038.3,40042.5,40000.3,40004.2
1649992800000,40004,40034.8,40001.7,40028.7
1649993100000,40030.1,40096.6,40028.7,40076
1649993400000,40076.8,40124,40072,40093
1649993700000,40092.7,40101.3,40040.6,40057.5
1649994000000,40058,40079.6,40056.9,40067.5
1649994300000,40067.6,40100.7,40067.6,40076.7
1649994600000,40076.6,40134.9,40076.1,40133.6
1649994900000,40133.5,40163.3,40106.9,40159.8
1649995200000,40159.7,40163.9,40131,40150.6
1649995500000,40149.9,40150.6,40124.5,40131.2
1649995800000,40130,40160.8,40126.2,40159.4
1649996100000,40159.6,40215.5,40132.7,40206.4
1649996400000,40209.9,40221.1,40181.7,40191.5
1649996700000,40194.5,40194.5,40121.6,40122.8
1649997000000,40119.6,40131.4,40087.2,40098
1649997300000,40104.2,40116.2,40081,40105.2
1649997600000,40103.8,40114.4,40101.7,40109.8
1649997900000,40109.1,40112.5,40101.8,40104.7
1649998200000,40104.9,40114.2,40057.2,40060.6
1649998500000,40062.4,40063.6,40028.8,40056.1
1649998800000,40059.6,40090.6,40049,40076.2
1649999100000,40076.1,40093.5,40070.5,40088.3
1649999400000,40092,40102.1,40069.8,40078.8
1649999700000,40079.2,40085.1,40063.9,40079.3
1650000000000,40082.5,40132,40078.3,40121.5
1650000300000,40124.6,40148.5,40100.8,40136.6
1650000600000,40136.1,40139.3,40087.1,40112.6
1650000900000,40111.7,40169.1,40109.1,40161.5
1650001200000,40160.5,40166.6,40138.4,40152.6
1650001500000,40152.8,40154.1,40123.8,40128.6
1650001800000,40128.7,40129.5,40115.4,40115.9
1650002100000,40117.4,40122.9,40091.1,40092.2
1650002400000,40091.3,40098.6,40086.2,40091.9
1650002700000,40086.2,40104.9,40059.2,40104.7
1650003000000,40104.4,40120.5,40102.8,40107.4
1650003300000,40108.5,40108.5,40060.1,40068.6
1650003600000,40065.8,40072.2,40054.2,40058.9
1650003900000,40059.7,40087.7,40048.6,40069.4
1650004200000,40060.3,40070.4,40045.4,40050.5
1650004500000,40050.9,40061.2,39951.1,39951.1
1650004800000,39953.7,39976.7,39948.5,39954.2
1650005100000,39954.7,39989.2,39935.8,39986.6
1650005400000,39987.1,40026.7,39983,40017
1650005700000,40012.3,40017.4,39992.1,40005
1650006000000,40004.4,40012.5,39939.4,39978.4
1650006300000,39983,40011.7,39966.4,39985.8
1650006600000,39983.8,39990.8,39940,39953.2
1650006900000,39955,39986.9,39953.2,39966.6
1650007200000,39965.5,39968.6,39922.9,39940.1
1650007500000,39939.8,39951.1,39933.4,39937.8
1650007800000,39935.8,39975.8,39934.8,39969.1
1650008100000,39971.3,40087.9,39971.3,40064.5
1650008400000,40064.4,40103.2,40064.4,40094.1
1650008700000,40099,40158.6,40077.7,40152
1650009000000,40152.3,40397,40152.3,40376.5
1650009300000,40376.6,40381.7,40165.7,40195.6
1650009600000,40194.1,40259.3,40134.7,40247.7
1650009900000,40247.9,40247.9,40215,40237.4
1650010200000,40238.3,40308.4,40235.4,40308.4
1650010500000,40312.3,40345.4,40202.6,40210.2
1650010800000,40215.4,40227.2,40161.8,40163.8
1650011100000,40163.2,40163.2,40087.9,40088.7
1650011400000,40088.9,40111.1,40069,40086.3
1650011700000,40077.8,40125,40076.1,40088
1650012000000,40091.5,40138,40088,40116.7
1650012300000,40118.1,40152.4,40116.3,40123.8
1650012600000,40123.6,40125,40077.9,40084.7
1650012900000,40084.6,40109.6,40084.6,40109.6
1650013200000,40109.4,40126.4,40091.1,40100.8
1650013500000,40098.4,40102.1,40087.1,40093.8
1650013800000,40095.1,40149.3,40093.4,40142.3
1650014100000,40141.3,40145,40082,40105
1650014400000,40105.1,40118.3,40098.1,40101.8
1650014700000,40101.1,40102.6,40070.9,40098.2
1650015000000,40098.1,40106.9,40060.8,40090.1
1650015300000,40090.7,40116.4,40090.7,40110.6
1650015600000,40104.7,40118.3,40046.4,40063.9
1650015900000,40073.6,40136.4,40000.3,40134.6
1650016200000,40133.5,40144.4,40107.7,40113.1
1650016500000,40114.7,40119,40073.8,40073.8
1650016800000,40073.1,40102.2,40068.9,40092.8
1650017100000,40094.1,40127.5,40056.5,40126.4
1650017400000,40126.2,40150.7,40110.4,40126.7
1650017700000,40124.5,40131,40100.6,40101.2
1650018000000,40099.9,40114.3,40083,40104.4
1650018300000,40105.1,40216.6,40102.3,40201.5
1650018600000,40204.7,40206.8,40150,40156.5
1650018900000,40157.8,40170.6,40120.1,40153.1
1650019200000,40159.3,40199.3,40157.2,40179.9
1650019500000,40180.7,40348.4,40170.6,40283.1
1650019800000,40281.4,40281.4,40233.3,40233.3
1650020100000,40234.5,40237.4,40218.7,40224.5
1650020400000,40224.2,40261.5,40211.9,40231.2
1650020700000,40234.1,40244.7,40220.7,40230.1
1650021000000,40241.4,40319.6,40232.3,40288.2
1650021300000,40288.4,40302.2,40228.2,40231.1
1650021600000,40229.9,40242.5,40220.6,40221.6
1650021900000,40227.8,40227.8,40194,40197
1650022200000,40192.2,40206.5,40078.3,40162.7
1650022500000,40163.4,40171.5,40139.4,40155
1650022800000,40151.7,40165.1,40119.9,40120.9
1650023100000,40119.9,40158.3,40104.7,40152.2
1650023400000,40153.5,40193,40152.9,40176.2
1650023700000,40170.7,40180,40143.9,40173.9
1650024000000,40176.1,40183.2,40148.4,40181.3
1650024300000,40180.8,40204.7,40166.3,40170.7
1650024600000,40166,40170.6,40107.8,40152.7
1650024900000,40154.8,40182.4,40148.6,40180.1
1650025200000,40181.9,40215.4,40175.9,40185
1650025500000,40189.4,40189.7,40144.8,40176.3
1650025800000,40165.8,40174,40123.6,40132.3
1650026100000,40136.6,40144.6,40100.7,40135.8
1650026400000,40132.7,40158.3,40111.6,40157
1650026700000,40158.3,40161.5,40105.9,40117.2
1650027000000,40116.8,40118.5,40078.4,40087.3
1650027300000,40089.5,40104.7,40083.5,40104.7
1650027600000,40104.8,40133.3,40079.7,40080.3
1650027900000,40087.5,40098.3,40045.7,40045.8
1650028200000,40045.7,40077.5,40040.1,40062.3
1650028500000,40056.3,40125.7,40047.9,40108.2
1650028800000,40105.5,40183.8,40105.5,40167
1650029100000,40157.9,40170.7,40153.3,40158.4
1650029400000,40157.6,40177.4,40151.9,40175.9
1650029700000,40176.6,40191.3,40122.2,40141.3
1650030000000,40141.7,40145,40124.9,40138.1
1650030300000,40137.4,40158.3,40058.7,40064.7
1650030600000,40064.5,40066.7,40015.7,40017.3
1650030900000,40017.2,40040.8,39983.8,40002.1
1650031200000,40003,40077.6,39997,40044.4
1650031500000,40042.7,40080.7,40037.1,40079.2
1650031800000,40078.2,40080.8,40051.9,40061.8
1650032100000,40051.1,40071.6,40047.1,40069.3
1650032400000,40063.5,40077.2,40006.8,40010.9
1650032700000,40017.2,40017.2,39915.2,39952.9
1650033000000,39954,40027.7,39943.4,40011.6
1650033300000,40013.9,40037.2,39984.8,40035.9
1650033600000,40036.1,40071.4,40023.1,40057.3
1650033900000,40056.8,40538.8,40056.8,40500.6
1650034200000,40501.2,40795.1,40497.2,40497.2
1650034500000,40493.2,40533.8,40346.6,40408.4
1650034800000,40408.2,40492.9,40326.9,40450.9
1650035100000,40451.1,40532.4,40415.9,40421.9
1650035400000,40422.1,40435.9,40365.3,40383.2
1650035700000,40383,40421.9,40312.5,40389.6
1650036000000,40385,40441.3,40385,40430.2
1650036300000,40430.7,40487.5,40390.9,40468.8
1650036600000,40465.7,40480.5,40406.1,40416.6
1650036900000,40414.1,40434,40388.2,40427.3
1650037200000,40426.1,40480.2,40420.1,40453.5
1650037500000,40448.4,40483.5,40433.1,40471.7
1650037800000,40470.8,40479.8,40376.6,40405
1650038100000,40404.5,40426.5,40375.1,40385
1650038400000,40381,40392,40324.8,40333.2
1650038700000,40333.1,40347,40325,40343.5
1650039000000,40336.4,40343.5,40210.1,40242.1
1650039300000,40244.5,40257.3,40200.3,40238.7
1650039600000,40236.4,40255.1,40210.2,40221.8
1650039900000,40220.8,40292.9,40214.9,40238.3
1650040200000,40237.1,40280.3,40221.8,40280.3
1650040500000,40278.2,40296.1,40269,40294.2
1650040800000,40294.8,40302.6,40287.8,40290
1650041100000,40289,40352.9,40277.1,40344
1650041400000,40340.9,40402.7,40340.9,40384.5
1650041700000,40381.7,40385.5,40321.9,40336.9
1650042000000,40337.8,40466.4,40326.1,40455.2
1650042300000,40455.1,40610.3,40446,40574.8
1650042600000,40565.3,40566.6,40453.9,40480.7
1650042900000,40467.9,40471.6,40417.2,40432.1
1650043200000,40431.6,40497.5,40409.5,40461.2
1650043500000,40450.4,40470.8,40417,40425.7
1650043800000,40425.5,40510.7,40411.7,40415.9
1650044100000,40416.5,40424.9,40344.4,40372.2
1650044400000,40371.3,40376.5,40355.6,40367.7
1650044700000,40368.3,40415.3,40351.3,40386.2
1650045000000,40388.1,40394,40365.6,40386
1650045300000,40383.6,40402.6,40377.1,40391.5
1650045600000,40391.4,40424,40357.3,40357.3
1650045900000,40342.1,40375,40338.8,40367.5
1650046200000,40373.5,40420.9,40369.3,40420.4
1650046500000,40419.5,40421.2,40341.5,40369
1650046800000,40367.1,40380.2,40343.4,40352.9
1650047100000,40351.1,40385,40350.7,40377.5
1650047400000,40373.3,40393.2,40373.3,40385.5
1650047700000,40389.3,40402.1,40362,40394.7
1650048000000,40398.8,40402.7,40343.5,40375.2
1650048300000,40375.7,40397.2,40358.7,40380.8
1650048600000,40378,40383.3,40343.7,40362.9
1650048900000,40364.8,40367.2,40331.2,40342.8
1650049200000,40338.9,40358.8,40322.8,40346.1
1650049500000,40346.3,40346.8,40257.2,40273.6
1650049800000,40271.2,40293.7,40261.4,40290.9
1650050100000,40297.2,40297.5,40267.5,40282.7
1650050400000,40282.5,40293.8,40253.2,40288
1650050700000,40286.4,40294,40273.9,40288.5
1650051000000,40288.3,40291.8,40252.7,40278.3
1650051300000,40279.8,40299.5,40277.6,40286.9
1650051600000,40287.2,40292.9,40273.9,40275.8
1650051900000,40275.6,40316.1,40266.7,40295.5
1650052200000,40296.4,40310,40281.5,40285.6
1650052500000,40285.9,40301.3,40258.6,40276.7
1650052800000,40276.6,40313.4,40267.8,40305.8
1650053100000,40306,40312.3,40298.8,40302.1
1650053400000,40301.9,40301.9,40265.4,40274
1650053700000,40274.6,40274.6,40256.7,40264.3
1650054000000,40265.3,40266.1,40250.5,40251.7
1650054300000,40250.9,40259,40247.5,40256
1650054600000,40256.4,40294.4,40243.7,40270.6
1650054900000,40270.7,40270.7,40252.4,40258.8
1650055200000,40258.1,40301.6,40252.3,40301.3
1650055500000,40301.2,40351.5,40285.2,40333.1
1650055800000,40333.4,40350.7,40330.8,40341
1650056100000,40341.3,40352.8,40331.1,40352.8
1650056400000,40341.1,40389.1,40331.9,40334.9
1650056700000,40334.9,40366.9,40329.3,40331.2
1650057000000,40332,40374.1,40331.6,40374.1
1650057300000,40374,40374.1,40338.8,40340.9
1650057600000,40343,40350,40305.6,40310.9
1650057900000,40310.9,40378.6,40310.9,40372.5
1650058200000,40372.5,40376.5,40358.7,40364.1
1650058500000,40362.8,40368.3,40354.1,40365.8
1650058800000,40365.7,40389.9,40356,40389.1
1650059100000,40388.1,40408.8,40362.4,40374.7
1650059400000,40373.9,40389.2,40336.4,40379.2
1650059700000,40379.3,40379.3,40353.2,40370.5
1650060000000,40369.2,40389.5,40309.6,40311
1650060300000,40310.5,40374.2,40282.2,40366.2
1650060600000,40366.2,40373.1,40337.5,40339
1650060900000,40338.6,40348,40296.9,40339.3
1650061200000,40339.3,40393.6,40327.2,40382
1650061500000,40381.2,40382.1,40338.7,40354
1650061800000,40358.3,40403.8,40339,40389.5
1650062100000,40389.5,40407.4,40375,40405.4
1650062400000,40405.3,40405.3,40362.2,40384.1
1650062700000,40384,40394.6,40353.5,40369
1650063000000,40370,40380.5,40349,40371
1650063300000,40369.8,40450.8,40369.7,40407.3
1650063600000,40407.2,40443,40376.8,40427.2
1650063900000,40430.4,40433.1,40390.8,40392.2
1650064200000,40392.2,40425.4,40376.4,40414.6
1650064500000,40414.6,40414.9,40353.3,40357.8
1650064800000,40357.8,40378.1,40355.6,40370.2
1650065100000,40370.2,40413.2,40366.6,40408
1650065400000,40409.3,40432.8,40391.1,40425.6
1650065700000,40425.6,40485,40407,40480.6
1650066000000,40483.1,40543.9,40481.2,40508.8
1650066300000,40508.7,40539.7,40493.8,40516.7
1650066600000,40521.9,40527.8,40483.3,40483.3
1650066900000,40480.7,40522.8,40467.3,40489.6
1650067200000,40497.7,40511.8,40447.6,40456.2
1650067500000,40456.2,40484,40428.1,40457
1650067800000,40457.3,40457.8,40407.9,40419.9
1650068100000,40419.3,40441.7,40408.4,40427.3
1650068400000,40427.2,40457,40415,40443.7
1650068700000,40444,40447.1,40402.8,40444
1650069000000,40444,40453.4,40416.8,40442.7
1650069300000,40443.1,40445,40433,40440.3
1650069600000,40440.3,40472.7,40439.4,40465.3
1650069900000,40465.5,40492.8,40453.2,40476
1650070200000,40477.8,40523.7,40476.8,40521.2
1650070500000,40521.2,40521.3,40481.6,40502.9
1650070800000,40505.6,40526.2,40490,40494.2
1650071100000,40494.1,40499.4,40477.2,40494.7
1650071400000,40494.6,40505.6,40467.7,40499.5
1650071700000,40501.6,40580,40499.7,40565
1650072000000,40565,40634.9,40519.1,40574.5
1650072300000,40574.5,40574.5,40527.7,40532.9
1650072600000,40532.9,40550,40519.1,40540.6
1650072900000,40540.6,40555.8,40507.3,40514.6
1650073200000,40513.7,40555.1,40511.4,40527.4
1650073500000,40526.9,40564.9,40515.4,40525.9
1650073800000,40525.3,40535.1,40505.9,40509.5
1650074100000,40509.4,40534.5,40508.3,40524.2
1650074400000,40525.6,40541.3,40455.4,40457.1
1650074700000,40456.8,40490.4,40454.1,40465.2
1650075000000,40469.6,40493.4,40460.8,40493.4
1650075300000,40493.4,40494.9,40468.7,40474.4
1650075600000,40474.6,40533.1,40474.6,40518.7
1650075900000,40515.6,40549.2,40511.7,40531.4
1650076200000,40531.4,40541.5,40503.1,40509.7
1650076500000,40509.7,40522.7,40498.4,40507.9
1650076800000,40507.9,40521.5,40493.5,40505.4
1650077100000,40504.4,40530.9,40492.1,40521.4
1650077400000,40523.3,40530.3,40520.5,40524.4
1650077700000,40524.4,40552.7,40470.2,40470.2
1650078000000,40470.1,40470.7,40418,40425.3
1650078300000,40425.2,40444.3,40394.5,40406
1650078600000,40405.9,40430.3,40375,40395
1650078900000,40397,40417.2,40351.9,40360.8
1650079200000,40360.8,40394.5,40345.7,40378.3
1650079500000,40376.9,40384.6,40366.3,40375.5
1650079800000,40376.1,40426.5,40376.1,40426.5
1650080100000,40426.5,40426.9,40392.5,40409.9
1650080400000,40412.4,40431,40411.2,40431
1650080700000,40430.5,40443.1,40358.8,40366.3
1650081000000,40366.3,40402,40365.3,40382.4
1650081300000,40382.4,40393.9,40364.4,40381.6
1650081600000,40381.6,40383,40363,40374.4
1650081900000,40380.2,40390.3,40361.6,40386
1650082200000,40386,40389,40366.5,40377.3
1650082500000,40377.7,40390.7,40374.5,40381.9
1650082800000,40381.5,40427.4,40378.2,40425.7
1650083100000,40426.5,40429.1,40416.6,40426.1
1650083400000,40428.7,40469.5,40411.8,40460.1
1650083700000,40457.4,40475.5,40440.3,40456.9
1650084000000,40456.9,40510,40448.2,40480.4
1650084300000,40480.4,40488.4,40454.6,40457
1650084600000,40458.1,40484.3,40455,40481.7
1650084900000,40482.2,40493.1,40454.8,40480.3
1650085200000,40480.3,40483.1,40466.6,40480.8
1650085500000,40480.8,40480.8,40461.7,40465
1650085800000,40466,40468.7,40447.7,40460.8
1650086100000,40461.2,40466.3,40452.6,40462.1
1650086400000,40461.9,40469.1,40384,40400.2
1650086700000,40400.2,40461.8,40400.2,40453.2
1650087000000,40453.1,40460.9,40434.6,40442.2
1650087300000,40440.7,40443.2,40355.9,40371.8
1650087600000,40371.3,40391.2,40347.6,40390.7
1650087900000,40392.5,40413.8,40326.2,40390.9
1650088200000,40390.9,40419.9,40388.2,40418
1650088500000,40418,40420.5,40395.2,40405.4
1650088800000,40405.8,40406.2,40367,40382
1650089100000,40381.9,40398.1,40374.6,40383.1
1650089400000,40383,40398.5,40367,40391.1
1650089700000,40391.2,40392.9,40359.8,40366.3
1650090000000,40367.6,40403.1,40364.2,40401.3
1650090300000,40400,40401.3,40353.4,40353.4
1650090600000,40353.4,40374,40335.1,40353.6
1650090900000,40353.6,40356,40326.9,40352.4
1650091200000,40349.8,40349.8,40322.6,40330.3
1650091500000,40329.3,40350,40322.6,40348.9
1650091800000,40346.2,40352.4,40335.7,40341.7
1650092100000,40341.3,40373.2,40339.4,40373.2
1650092400000,40382,40402.9,40380.8,40402.4
1650092700000,40402.5,40404.8,40376.2,40380
1650093000000,40379.9,40381.2,40366.8,40377.9
1650093300000,40376,40377.5,40357.4,40359.2
1650093600000,40359.3,40373.1,40356.7,40366.5
1650093900000,40366.6,40384,40363.4,40376.8
1650094200000,40376.6,40380.4,40336.4,40351.5
1650094500000,40351.6,40359.7,40340.4,40340.4
1650094800000,40340.5,40347.7,40339.1,40344.6
1650095100000,40344.5,40376.9,40338.8,40372.1
1650095400000,40372.6,40381,40364.8,40366.6
1650095700000,40366.5,40372.4,40348.6,40355.3
1650096000000,40355.4,40355.4,40325,40354
1650096300000,40356,40370,40355,40368
1650096600000,40368.2,40373.5,40368.2,40371.7
1650096900000,40371.3,40398.3,40369.1,40394.7
1650097200000,40394.8,40404.2,40382.1,40383.2
1650097500000,40382.2,40385.4,40363.3,40370.9
1650097800000,40369.3,40370.1,40323.6,40324.1
1650098100000,40323.7,40332.1,40312.7,40331.6
1650098400000,40332,40337.3,40327,40336.2
1650098700000,40337.3,40347.3,40328.5,40329.2
1650099000000,40330.7,40334.9,40324.8,40330.6
1650099300000,40330.5,40332.3,40312.2,40331.1
1650099600000,40330,40335,40314.3,40314.3
1650099900000,40314,40329.5,40304,40325.7
1650100200000,40325.8,40364.5,40325.8,40358.9
1650100500000,40359.1,40371.8,40348.7,40368.8
1650100800000,40368.4,40375.5,40340.6,40340.8
1650101100000,40343,40356.8,40337.6,40355
1650101400000,40354.9,40360.6,40350.5,40354.9
1650101700000,40354.8,40356.4,40294.5,40301.9
1650102000000,40302.1,40313.5,40259.3,40311.8
1650102300000,40311.6,40320.4,40268.6,40276.6
1650102600000,40277.2,40277.6,40256.8,40263.3
1650102900000,40263.1,40283.7,40249,40280.9
1650103200000,40280.8,40294.8,40278.1,40280.4
1650103500000,40280,40284.7,40278,40282.6
1650103800000,40282.5,40305.2,40278.4,40305.1
1650104100000,40305,40375.9,40286.8,40360.9
1650104400000,40361.4,40435,40360.9,40388.4
1650104700000,40388.5,40388.5,40364.8,40378
1650105000000,40378.6,40379,40352.6,40357.3
1650105300000,40357.2,40358.5,40347.3,40354.2
1650105600000,40354.3,40362.4,40336.5,40355.3
1650105900000,40355.6,40364.9,40351,40353.9
1650106200000,40353.5,40404.9,40352.1,40401.6
1650106500000,40401.5,40402.1,40373.5,40381
1650106800000,40381.6,40419.3,40380.5,40416.9
1650107100000,40418.3,40445.6,40411.6,40411.6
1650107400000,40411.5,40414.1,40373.1,40374
1650107700000,40374.8,40402.5,40363.9,40397.6
1650108000000,40397.6,40424.1,40385.7,40418.8
1650108300000,40418.7,40420.1,40400.3,40406.9
1650108600000,40405.5,40421,40400.8,40420.9
1650108900000,40421,40428.9,40420.8,40428
1650109200000,40428.1,40429.1,40403.4,40404.6
1650109500000,40404.5,40408.3,40376.9,40376.9
1650109800000,40377.5,40386.1,40358.4,40374.4
1650110100000,40373.4,40394.5,40359.7,40379.2
1650110400000,40378.8,40404.9,40373.7,40396.6
1650110700000,40396.6,40411.8,40393.7,40395.5
1650111000000,40396.1,40396.1,40364.7,40365.8
1650111300000,40365.6,40366.3,40349.9,40357.3
1650111600000,40356.9,40405.5,40317.2,40392.9
1650111900000,40392.8,40418,40387.3,40413.9
1650112200000,40413.7,40429.6,40413.1,40425.7
1650112500000,40426.2,40430.8,40373.4,40375.3
1650112800000,40368.8,40390.2,40368.4,40377.2
1650113100000,40377.3,40389.8,40366.4,40372.7
1650113400000,40370.5,40400,40359.4,40398.8
1650113700000,40398.9,40417,40391.1,40412.9
1650114000000,40413,40417.2,40397.7,40416.5
1650114300000,40416.4,40420.5,40404.4,40407.5
1650114600000,40407.6,40410.8,40399.8,40409.7
1650114900000,40408.9,40417.6,40395.9,40417.1
1650115200000,40417.3,40420.5,40410.7,40418.1
1650115500000,40415,40415.5,40377.4,40377.5
1650115800000,40377.5,40394.7,40352.4,40369.4
1650116100000,40370.5,40377.6,40357,40372.8
1650116400000,40373.5,40373.8,40370.3,40372.4
1650116700000,40373,40380.1,40351,40352.6
1650117000000,40363.6,40398.4,40363.6,40397.9
1650117300000,40397.8,40414.3,40391.5,40403.8
1650117600000,40403.6,40418.4,40403.3,40412.7
1650117900000,40403.9,40409.1,40387.8,40407.9
1650118200000,40408.2,40413.4,40381.4,40381.4
1650118500000,40380.7,40388.1,40369.4,40387
1650118800000,40388,40420.6,40381.9,40418.1
1650119100000,40418.2,40459,40418.2,40451
1650119400000,40451.4,40451.4,40396.9,40423.6
1650119700000,40427.8,40453.4,40424.4,40451.3
1650120000000,40451.4,40451.4,40431.9,40441.9
1650120300000,40442,40442.3,40424.9,40430.1
1650120600000,40429.8,40450.8,40427.4,40446.1
1650120900000,40446.2,40453.6,40440,40450.3
1650121200000,40450.4,40533.4,40450.3,40456.7
1650121500000,40457.4,40471.2,40416.7,40440.6
1650121800000,40440.6,40440.6,40130,40150.2
1650122100000,40149.2,40273.2,40104.7,40238.6
1650122400000,40240.1,40251.6,40186.5,40186.5
1650122700000,40186.2,40238.6,40181.8,40184.1
1650123000000,40183.2,40210.4,40121.4,40121.7
1650123300000,40121.7,40147.1,39974.8,40012.1
1650123600000,40012.2,40098.5,40012.2,40085.7
1650123900000,40085.8,40110.7,40056.4,40100.6
1650124200000,40100.6,40117.3,39989.1,39994.2
1650124500000,39991.7,40045.6,39970.5,40026.2
1650124800000,40026.6,40049,39976.2,40009.7
1650125100000,40009.7,40061.6,39998,40055
1650125400000,40054.9,40108.5,40053.1,40098.9
1650125700000,40099.2,40126.2,40099.2,40121.8
1650126000000,40122.6,40124.6,40096.4,40115.9
1650126300000,40115.8,40122.2,40103,40103.5
1650126600000,40103.4,40117.4,40086.4,40117.3
1650126900000,40118.1,40130.1,40105.7,40120.9
1650127200000,40121.4,40134.7,40113.7,40131.5
1650127500000,40131.4,40132.2,40116.7,40116.7
1650127800000,40116.8,40126.7,40091.4,40125.2
1650128100000,40125.3,40184.2,40125.2,40167
1650128400000,40166.6,40188.2,40158.3,40177.4
1650128700000,40177.3,40177.5,40135.1,40135.2
1650129000000,40134.5,40142.9,40128.5,40136.1
1650129300000,40136.2,40151.6,40135.3,40146.1
1650129600000,40142.1,40151.5,40133.6,40135.4
1650129900000,40135.7,40138.2,40112,40119.3
1650130200000,40118.3,40139.7,40109,40139.7
1650130500000,40138.3,40138.9,40128,40131.5
1650130800000,40131.8,40141.2,40092.1,40097.3
1650131100000,40097.1,40106,40067.9,40084.5
1650131400000,40084.4,40109.6,40084.4,40106.9
1650131700000,40106.8,40107.1,40080.1,40104.9
1650132000000,40104.5,40113.1,40097.9,40113.1
1650132300000,40114.2,40154.5,40114.2,40145
1650132600000,40145,40145,40120.1,40121.3
1650132900000,40121.4,40121.4,40104.8,40110.1
1650133200000,40109.4,40110.7,40080.2,40094.7
1650133500000,40094.9,40120.8,40094.9,40117.6
1650133800000,40114.6,40119.6,40094.5,40098.1
1650134100000,40098.2,40098.9,40081.8,40086.9
1650134400000,40087,40095.5,40085.4,40095.5
1650134700000,40095.2,40142.2,40095.2,40139
1650135000000,40139.2,40144.1,40134.3,40144.1
1650135300000,40143.7,40151.7,40143.7,40148.6
1650135600000,40148.7,40163.1,40145.5,40161
1650135900000,40162.9,40162.9,40138.9,40150.9
1650136200000,40151,40205.3,40145.5,40199.3
1650136500000,40199,40208.6,40173.5,40185.7
1650136800000,40186.4,40186.4,40162.6,40165.5
1650137100000,40167.2,40173.7,40162.1,40166.3
1650137400000,40166.2,40193.7,40156.6,40192.7
1650137700000,40193.5,40198.9,40178.9,40196
1650138000000,40196.8,40201.4,40179,40186.3
1650138300000,40186.5,40202,40164.5,40167.2
1650138600000,40166.3,40170.4,40158.5,40165.4
1650138900000,40164.7,40187.3,40160.9,40176.3
1650139200000,40176.2,40176.2,40162.2,40170
1650139500000,40171.4,40190.5,40167.9,40190.5
1650139800000,40190.3,40194.5,40150.8,40155.9
1650140100000,40156.7,40177.7,40154.5,40171.5
1650140400000,40171.8,40178.9,40164,40171.3
1650140700000,40173.1,40180.5,40164.2,40179.1
1650141000000,40178.7,40199.9,40173.9,40197.7
1650141300000,40197.5,40198,40174.1,40177.5
1650141600000,40174,40195.1,40174,40176.2
1650141900000,40175.9,40194,40172.4,40192.9
1650142200000,40193.2,40333.6,40193.2,40306.4
1650142500000,40306.4,40306.4,40246.5,40246.5
1650142800000,40222.9,40291.3,40222.9,40275.4
1650143100000,40275.9,40292,40269.8,40275.6
1650143400000,40275.4,40275.5,40260.1,40267.9
1650143700000,40267.8,40277.6,40259.5,40277
1650144000000,40276.4,40302.9,40273.5,40302.9
1650144300000,40303.3,40346.2,40303.3,40345.3
1650144600000,40349.1,40349.7,40322.5,40322.6
1650144900000,40323.6,40349.2,40322.9,40349.2
1650145200000,40349.1,40425.4,40349.1,40400
1650145500000,40399.4,40563,40394.8,40488.9
1650145800000,40488.6,40496.4,40441.7,40466.1
1650146100000,40465.9,40474.1,40433.8,40457.3
1650146400000,40435.2,40600,40435.2,40534
1650146700000,40533.8,40617.8,40524.5,40609.8
1650147000000,40611,40641.9,40549.5,40549.5
1650147300000,40549.7,40556,40505.7,40514.2
1650147600000,40514.3,40532.7,40423.5,40500.1
1650147900000,40500.4,40501.2,40455.3,40471.7
1650148200000,40473.6,40483.6,40423.5,40438.8
1650148500000,40439.9,40450.4,40420.6,40423.9
1650148800000,40421.8,40435.9,40415.2,40429.1
1650149100000,40429.4,40440.5,40396.4,40401.5
1650149400000,40400.6,40401.5,40357.3,40378.6
1650149700000,40378.1,40383.9,40369.1,40371.8
1650150000000,40371.9,40384.5,40359,40376.2
1650150300000,40376,40394.9,40375.4,40392.3
1650150600000,40393,40393.2,40359.8,40364.5
1650150900000,40364.3,40394.2,40360.8,40393
1650151200000,40393.1,40403.1,40386.9,40403
1650151500000,40403.1,40436.3,40393.8,40431.2
1650151800000,40431.3,40437.7,40417.7,40425.2
1650152100000,40425.3,40425.3,40397.7,40403.2
1650152400000,40402.2,40457,40401.1,40446.2
1650152700000,40446.1,40446.5,40375.5,40378.9
1650153000000,40378.6,40378.6,40337.6,40354.6
1650153300000,40355,40366.5,40336.5,40340.9
1650153600000,40345.6,40357.8,40336.1,40353.3
1650153900000,40353.6,40369,40320.2,40369
1650154200000,40369.1,40373.2,40331,40334
1650154500000,40334.5,40341.1,40321,40340.9
1650154800000,40341.5,40362.2,40316.8,40316.8
1650155100000,40318.1,40324.9,40276.7,40291.8
1650155400000,40292.3,40335,40291,40327.3
1650155700000,40327.4,40337.5,40318.2,40329.9
1650156000000,40329.8,40333,40310.5,40311.6
1650156300000,40313,40341.1,40313,40341.1
1650156600000,40341.2,40361.5,40334.5,40358.5
1650156900000,40359.2,40359.6,40340.1,40345.6
1650157200000,40346.1,40353.7,40339.3,40353.5
1650157500000,40353.7,40353.7,40315.2,40330.7
1650157800000,40330.8,40350.7,40322.4,40325.8
1650158100000,40325.3,40327.6,40298.2,40300
1650158400000,40300.3,40341.1,40300.3,40341.1
1650158700000,40341.1,40358.9,40340.2,40353.3
1650159000000,40353.2,40354,40331.8,40342.2
1650159300000,40342.6,40357.4,40341.5,40355.1
1650159600000,40355.2,40362.8,40352.1,40360
1650159900000,40361,40382.9,40360.6,40367.2
1650160200000,40367.3,40373.9,40343.8,40350.7
1650160500000,40350.9,40362.7,40346.3,40359.4
1650160800000,40359.5,40360,40324.3,40324.7
1650161100000,40321.4,40332.7,40320.9,40328.5
1650161400000,40321.9,40339.4,40317,40338.7
1650161700000,40338.6,40338.6,40312.1,40313.2
1650162000000,40313.3,40317.2,40294.9,40294.9
1650162300000,40294.9,40309.7,40226.7,40229.1
1650162600000,40229.1,40235,40205.2,40212.3
1650162900000,40211.5,40238,40206.1,40216.5
1650163200000,40217.1,40217.1,40137.8,40166.7
1650163500000,40166.7,40179,40119.5,40133.1
1650163800000,40133.1,40134.4,40095.8,40129.7
1650164100000,40122.7,40159.4,40122.6,40141.7
1650164400000,40139.5,40147.2,40118.8,40146.3
1650164700000,40146.6,40147.6,40096.7,40137
1650165000000,40137.4,40146.2,40127.5,40145.1
1650165300000,40145.1,40171.7,40145.1,40168.9
1650165600000,40169.3,40200.6,40167.9,40184.1
1650165900000,40184.5,40200,40184.2,40198.1
1650166200000,40198.3,40219.4,40195.6,40215.7
1650166500000,40215.8,40247.7,40215.4,40244.7
1650166800000,40245.2,40247.3,40236,40241.9
1650167100000,40241.8,40255.3,40241.8,40252.5
1650167400000,40252.3,40254.6,40244.6,40254.3
1650167700000,40254.4,40254.5,40204.9,40204.9
1650168000000,40204.8,40226.8,40201.1,40221.7
1650168300000,40221.9,40242.6,40219.3,40242.5
1650168600000,40242.6,40246,40233.9,40245.6
1650168900000,40245.7,40303.6,40236.9,40275.7
1650169200000,40275.9,40289.4,40275.8,40286.5
1650169500000,40285.8,40286,40268,40275.5
1650169800000,40277.4,40278.3,40256.5,40269.4
1650170100000,40269.8,40280.1,40263.2,40270.8
1650170400000,40270.7,40278.4,40260.7,40277.8
1650170700000,40277.9,40280.5,40243.1,40258.5
1650171000000,40256,40257.4,40249.4,40257.3
1650171300000,40257.9,40257.9,40238.7,40247.7
1650171600000,40247.9,40251.1,40227.5,40230.4
1650171900000,40229.6,40239.5,40224.9,40239.3
1650172200000,40239.5,40254.3,40226.6,40252.3
1650172500000,40252.5,40268.2,40243.4,40267.5
1650172800000,40268,40268.3,40253,40267.1
1650173100000,40267.6,40274.6,40266.2,40271.4
1650173400000,40270.6,40300.2,40270.2,40284
1650173700000,40283.9,40284,40274.8,40282.4
1650174000000,40282.2,40290.8,40263.9,40275.9
1650174300000,40276,40303,40275.8,40289.4
1650174600000,40289.4,40348.2,40285.3,40346
1650174900000,40346.6,40377.6,40327.7,40339.8
1650175200000,40341.4,40352.9,40328.1,40334
1650175500000,40334.1,40334.1,40310.4,40329.1
1650175800000,40329,40329,40293.5,40316.6
1650176100000,40316,40316.6,40303.3,40306.8
1650176400000,40306.9,40308,40290.3,40290.3
1650176700000,40290.2,40307.1,40281.9,40302.1
1650177000000,40302.6,40346.1,40297.4,40328.5
1650177300000,40329.2,40329.2,40319.7,40326.1
1650177600000,40326.2,40328.7,40293.2,40294.2
1650177900000,40294.1,40324.4,40291,40319.9
1650178200000,40318.5,40318.5,40298.6,40299.5
1650178500000,40296.4,40297,40289.3,40289.9
1650178800000,40290,40292.7,40282.1,40284.2
1650179100000,40284.1,40301,40275.8,40298.6
1650179400000,40298.5,40300.9,40295.1,40299.8
1650179700000,40300.5,40311.4,40298.6,40310.8
1650180000000,40310.9,40318.2,40285.2,40286.6
1650180300000,40286.6,40286.9,40260.1,40265.7
1650180600000,40265.5,40268.2,40255.5,40259.9
1650180900000,40259.9,40260.7,40222.4,40233.4
1650181200000,40234.3,40234.4,40209.3,40229.6
1650181500000,40229.3,40239.2,40224.7,40235.5
1650181800000,40235.4,40237.6,40227.4,40230.6
1650182100000,40230.5,40256.8,40226.2,40256.5
1650182400000,40254.6,40269.9,40246.2,40269.9
1650182700000,40271.8,40311.7,40271.8,40296.4
1650183000000,40297.3,40329.3,40297.3,40323.2
1650183300000,40323.5,40378,40323.5,40364.4
1650183600000,40362.3,40370.3,40348.7,40364
1650183900000,40363.1,40364,40333.6,40337.9
1650184200000,40337.5,40339.6,40331.6,40335.9
1650184500000,40336.7,40336.7,40317.1,40333.7
1650184800000,40334,40334.2,40313.1,40317
1650185100000,40316.9,40370.1,40316,40333.9
1650185400000,40333.8,40350.4,40330.7,40340.9
1650185700000,40341.3,40366,40341.3,40358.1
1650186000000,40358,40394,40358,40388.3
1650186300000,40385.8,40440.4,40385.7,40438.8
1650186600000,40438.3,40486.7,40438.3,40469
1650186900000,40468.9,40475.9,40436.3,40452.6
1650187200000,40452.1,40452.9,40435.4,40441.2
1650187500000,40442.2,40448,40422.8,40434.7
1650187800000,40435.6,40437.1,40395.3,40417.3
1650188100000,40417.4,40422.7,40413.2,40417.5
1650188400000,40417.8,40417.8,40390.2,40400.6
1650188700000,40400.8,40402.4,40374.5,40384.3
1650189000000,40384.4,40390.6,40381,40383.2
1650189300000,40384.8,40387.3,40381.2,40386.2
1650189600000,40386.2,40407.7,40386.2,40402.9
1650189900000,40401.8,40426,40397.7,40407.9
1650190200000,40408.6,40408.7,40393.4,40404.2
1650190500000,40404.6,40405.2,40390.9,40398
1650190800000,40397.9,40421.2,40395.3,40421.2
1650191100000,40421.2,40421.4,40388.5,40393.1
1650191400000,40393,40402.1,40383.3,40400.6
1650191700000,40400.6,40407.3,40377.2,40384.8
1650192000000,40385.2,40385.2,40368.3,40368.3
1650192300000,40369.2,40369.2,40352.5,40364.3
1650192600000,40365.1,40385.7,40362.2,40381.2
1650192900000,40381,40382.4,40370.7,40375.3
1650193200000,40375.3,40386.6,40375.3,40384.5
1650193500000,40382.3,40382.7,40358.1,40370.6
1650193800000,40370,40370.5,40359.1,40359.1
1650194100000,40359,40359.1,40331.7,40341.5
1650194400000,40340.5,40343.2,40327.4,40338.4
1650194700000,40337.5,40376.6,40335.4,40370.5
1650195000000,40370.3,40388.9,40360.8,40384.1
1650195300000,40384,40414.2,40376.9,40411.8
1650195600000,40413.9,40417.1,40402,40407.2
1650195900000,40407.3,40409.1,40386.9,40392.7
1650196200000,40392,40396.2,40374.5,40378
1650196500000,40378.4,40427.9,40378.4,40426.7
1650196800000,40426.6,40446.4,40417.6,40429.5
1650197100000,40429.4,40429.4,40381.8,40387.1
1650197400000,40387.1,40387.1,40367.6,40383.1
1650197700000,40386.2,40386.8,40334,40361.3
1650198000000,40361.4,40376,40355.4,40360
1650198300000,40360.1,40366.2,40346.9,40362.5
1650198600000,40362.6,40383.2,40359.5,40379.1
1650198900000,40378.5,40416.2,40377.5,40416.1
1650199200000,40416.2,40420.8,40401.1,40415.3
1650199500000,40415.4,40419.8,40402.8,40406.9
1650199800000,40406.8,40409.2,40390.2,40390.6
1650200100000,40390.6,40398.3,40383.9,40392.3
1650200400000,40391.4,40391.4,40373.6,40378.6
1650200700000,40379.1,40379.5,40367.5,40374.7
1650201000000,40374.6,40406.2,40373.9,40401.5
1650201300000,40401.3,40470.2,40400.8,40468.9
1650201600000,40469.4,40494.5,40410.1,40414
1650201900000,40414.9,40423,40369.1,40370.7
1650202200000,40371.1,40371.1,40330.2,40361.4
1650202500000,40361.4,40494.6,40361.4,40466.5
1650202800000,40466,40548.4,40465.1,40520.8
1650203100000,40514.4,40551.5,40489.3,40517.7
1650203400000,40518.2,40524.4,40458.3,40500
1650203700000,40500,40500,40270.5,40300
1650204000000,40300,40300,40173.7,40268
1650204300000,40267.9,40319.1,40260.9,40297.5
1650204600000,40297.4,40326.4,40295.7,40314.8
1650204900000,40315.3,40315.3,40278.3,40296.1
1650205200000,40296.2,40300.7,40274.3,40294.7
1650205500000,40295.1,40340.3,40295.1,40335.7
1650205800000,40335.6,40369.8,40328.2,40366.4
1650206100000,40369,40374.8,40353,40364
1650206400000,40363.8,40382.6,40338.1,40339.6
1650206700000,40338.2,40370.3,40322.7,40370.3
1650207000000,40370.9,40372,40344.5,40344.5
1650207300000,40344,40344.9,40304.1,40322.5
1650207600000,40321.3,40342,40296,40301.8
1650207900000,40301.4,40311.3,40292.8,40308
1650208200000,40308.1,40313.1,40290.7,40301
1650208500000,40301.1,40334.6,40298,40328.3
1650208800000,40328.1,40328.6,40301.2,40318.8
1650209100000,40318.7,40372.4,40318.3,40362.1
1650209400000,40363,40415.9,40360.1,40415.9
1650209700000,40416,40428.4,40407.1,40422.7
1650210000000,40422.7,40422.8,40398.5,40418.8
1650210300000,40418.7,40418.9,40397.1,40404.8
1650210600000,40405,40442.4,40402,40430.7
1650210900000,40430.3,40430.3,40414.3,40417.3
1650211200000,40416.4,40432.6,40407.2,40424.4
1650211500000,40424.4,40429.4,40393.7,40413.4
1650211800000,40413.5,40434.9,40408.4,40432
1650212100000,40431.5,40432.6,40410.7,40411.4
1650212400000,40411.3,40425,40407.6,40422.2
1650212700000,40422.1,40422.3,40396.5,40396.6
1650213000000,40396.8,40402.7,40379.3,40402.4
1650213300000,40401.5,40405.6,40385.9,40387
1650213600000,40387.8,40389.4,40354.9,40372.7
1650213900000,40372.1,40372.4,40300,40320.7
1650214200000,40321.2,40340.4,40320.7,40334.9
1650214500000,40335.8,40335.8,40145,40170
1650214800000,40169.6,40193.6,40128,40168.3
1650215100000,40166.2,40177.3,40150.4,40152.7
1650215400000,40152.6,40200.7,40150,40200.1
1650215700000,40199.2,40232.2,40199.2,40221.2
1650216000000,40221.1,40231.7,40161.3,40175
1650216300000,40174.9,40174.9,40147.8,40152.3
1650216600000,40154.2,40166,40142.4,40163.6
1650216900000,40165,40165.9,40130,40134.9
1650217200000,40134.8,40185.1,40130.6,40175.9
1650217500000,40176,40176.2,40126.9,40127.5
1650217800000,40127.4,40146.3,40125.2,40144.9
1650218100000,40144.6,40145.1,40022.8,40064.1
1650218400000,40063.3,40106.4,40043,40057.1
1650218700000,40065.7,40121.4,39848.2,39885.6
1650219000000,39886.7,39986.6,39879.4,39942.9
1650219300000,39942.9,39962.8,39897.8,39923.6
1650219600000,39923.4,40067.3,39920.6,40046.1
1650219900000,40047.2,40047.6,40021.7,40040.4
1650220200000,40041.6,40071.5,40027.5,40033.5
1650220500000,40033.3,40052.9,40033.3,40051.3
1650220800000,40052.9,40095.6,40052.7,40073.8
1650221100000,40080.9,40097.3,40076.9,40090.4
1650221400000,40090.4,40090.9,40066.1,40071
1650221700000,40071.8,40083.1,40036.3,40083
1650222000000,40082,40112.9,40063.4,40111.7
1650222300000,40111.8,40112.9,40059.9,40072.3
1650222600000,40071.8,40075.2,40056.6,40065.4
1650222900000,40066,40100.1,40061.6,40099.5
1650223200000,40098.5,40099.5,40071.4,40082.5
1650223500000,40082.4,40090.7,40063.5,40087.3
1650223800000,40087.4,40120.7,40081.4,40083.9
1650224100000,40087.7,40109.5,40085.3,40107.7
1650224400000,40107.5,40137,40107.3,40131.3
1650224700000,40131.3,40378.6,40127.9,40368.4
1650225000000,40369.9,40401.6,40326.8,40361.9
1650225300000,40362.3,40362.7,40321.8,40338.8
1650225600000,40338.4,40405.6,40338.2,40404.6
1650225900000,40404.9,40408.3,40338.9,40339.4
1650226200000,40339.3,40353.8,40320,40320.1
1650226500000,40320.2,40333.6,40318,40332.6
1650226800000,40332.6,40359.3,40332.6,40347.7
1650227100000,40347.3,40347.4,40325.8,40332.2
1650227400000,40332.2,40360.6,40325.6,40346.3
1650227700000,40346.1,40393.4,40343.6,40358.8
1650228000000,40359,40373.2,40340.2,40341.4
1650228300000,40340.1,40343.2,40246.2,40252.8
1650228600000,40253,40256.6,40222.4,40229.5
1650228900000,40229.4,40246.1,40223.1,40227.2
1650229200000,40206.8,40233.4,40171.1,40176.4
1650229500000,40176.3,40177.7,40131.2,40155.7
1650229800000,40155.6,40162,40121.2,40121.6
1650230100000,40124.4,40147.1,40071.9,40145.1
1650230400000,40145.7,40150.7,40099.9,40147.4
1650230700000,40147.3,40157.2,40115.3,40128.7
1650231000000,40128.6,40138,40084.5,40128.1
1650231300000,40128,40177.3,40126.9,40177.3
1650231600000,40177.3,40231.1,40174.2,40178.6
1650231900000,40176.8,40176.8,40126.2,40133.8
1650232200000,40133.7,40186,40131.1,40151.3
1650232500000,40149.7,40169.4,40149.2,40163.9
1650232800000,40137.8,40155.1,39984.6,40029.1
1650233100000,40025.8,40231.4,40007.3,40219.5
1650233400000,40219.8,40229.5,40140.3,40220.2
1650233700000,40220.2,40249.6,40176.3,40207.7
1650234000000,40207.7,40294.6,40197.4,40249.4
1650234300000,40249.4,40269.6,40226.2,40237.2
1650234600000,40234.3,40264.6,40176.8,40197.6
1650234900000,40197.6,40211.8,40107.8,40117.3
1650235200000,40116.7,40134,40085.6,40102.6
1650235500000,40103.7,40111.3,39908.2,39970.6
1650235800000,39970.5,39999.5,39967.5,39994.3
1650236100000,39994.3,40014.3,39947.7,39959.2
1650236400000,39959.8,39962.4,39827,39835.5
1650236700000,39834,39873.4,39814.7,39821.6
1650237000000,39824.3,39914.7,39812.3,39888
1650237300000,39885.8,39938.8,39861.8,39899.1
1650237600000,39899.1,39905.3,39684.2,39776.7
1650237900000,39782.3,39803.1,39600,39615.3
1650238200000,39616.2,39676,39541.6,39610.2
1650238500000,39613.3,39675.8,39566.8,39617.6
1650238800000,39615.8,39623,39520.2,39576.8
1650239100000,39576.7,39601,39518.5,39571.5
1650239400000,39569.7,39665.4,39569.7,39638.2
1650239700000,39638.1,39702.4,39632.4,39644
1650240000000,39645.9,39645.9,39549.1,39616.7
1650240300000,39616.5,39637.3,39588,39608.9
1650240600000,39608.4,39697.2,39603.9,39692
1650240900000,39694.6,39727.3,39674.1,39689.8
1650241200000,39690.2,39714.4,39674.7,39714.4
1650241500000,39714.7,39718.4,39702.5,39711.7
1650241800000,39711.7,39711.7,39662.6,39673
1650242100000,39679.5,39680.5,39614.3,39652.4
1650242400000,39654.3,39679.4,39633.8,39675
1650242700000,39674.4,39675.3,39637.8,39640.3
1650243000000,39642.7,39714.6,39634.3,39714.6
1650243300000,39717,39718.4,39686.8,39690.4
1650243600000,39689.9,39719.6,39677.4,39714.6
1650243900000,39711.2,39752.7,39705.4,39752.7
1650244200000,39754.6,39783.3,39738.7,39746.8
1650244500000,39745.6,39745.6,39690.2,39698
1650244800000,39695.8,39702.9,39638.9,39646.5
1650245100000,39645.9,39691.3,39629.3,39677.5
1650245400000,39677.6,39702,39651,39669.7
1650245700000,39663.2,39724.6,39657.1,39711.8
1650246000000,39710.8,39739.6,39707,39721.3
1650246300000,39725.8,39725.8,39671,39711.2
1650246600000,39709.6,39724.6,39692,39720.1
1650246900000,39724.6,39734.6,39712,39715.2
1650247200000,39714.6,39751.1,39693.4,39734.6
1650247500000,39721.8,39759.6,39717.4,39747.7
1650247800000,39759.6,39792.3,39722.8,39722.8
1650248100000,39722.5,39744.5,39710.2,39716
1650248400000,39716.9,39744.6,39716.9,39720.6
1650248700000,39723.4,39746.6,39709.4,39746.6
1650249000000,39742.2,39766.8,39733.1,39755.6
1650249300000,39753.6,39780.2,39752.7,39758.3
1650249600000,39759.2,39780.1,39748.4,39761.8
1650249900000,39763.8,39763.8,39745.5,39753.1
1650250200000,39754,39760.5,39732,39760.5
1650250500000,39760,39765.6,39750.8,39753.7
1650250800000,39753.8,39774.8,39750.8,39774.2
1650251100000,39774.1,39839.6,39773.5,39807.7
1650251400000,39807.2,39810.5,39773.7,39776.5
1650251700000,39776.6,39790.8,39740.1,39753.6
1650252000000,39759.5,39767.4,39728.4,39758.2
1650252300000,39757.2,39790.8,39757.2,39785.2
1650252600000,39785.5,39793.6,39752.8,39760.4
1650252900000,39761.1,39779.7,39719.1,39764.8
1650253200000,39769.1,39797.6,39769.1,39795
1650253500000,39794.6,39824.6,39784.8,39809.8
1650253800000,39810.7,39810.7,39795.6,39804.7
1650254100000,39807.5,39809.6,39776.1,39778.6
1650254400000,39778.8,39809.8,39766.4,39780.2
1650254700000,39780.7,39781.2,39735.8,39744.6
1650255000000,39745.6,39747.8,39575.3,39613.1
1650255300000,39604.1,39628.4,38917.1,38946.1
1650255600000,38941.3,39106.4,38659.3,38772
1650255900000,38775.7,38878.1,38730.1,38870.3
1650256200000,38862.4,38987.5,38848.4,38903.6
1650256500000,38903.9,38917.5,38870.1,38909.5
1650256800000,38910.9,38963.3,38788.2,38863.3
1650257100000,38866.8,38887.2,38805.3,38830.8
1650257400000,38831.4,38869.4,38797.8,38816.6
1650257700000,38816.7,38823.4,38747.4,38780.9
1650258000000,38780.7,38810.3,38731.9,38739
1650258300000,38738.7,38743.6,38515.3,38672.8
1650258600000,38674.2,38761,38665.5,38755.5
1650258900000,38756.4,38871.3,38755.5,38867.3
1650259200000,38867.2,38886.8,38839.4,38878.9
1650259500000,38886.8,38925.3,38859.8,38925.3
1650259800000,38925.1,38951.8,38863,38876.3
1650260100000,38875.5,38886.4,38859.2,38866.2
1650260400000,38866.8,38910.2,38863.5,38899.7
1650260700000,38894.5,38930,38877.6,38882.4
1650261000000,38881,38934.6,38874.8,38878.7
1650261300000,38878.1,38896.9,38876.2,38892.3
1650261600000,38892.3,38899.9,38875.7,38899.9
1650261900000,38894.9,38950,38891.1,38950
1650262200000,38950,38950,38850.8,38876.4
1650262500000,38876.5,38894.7,38867.1,38893.3
1650262800000,38893.1,38903.6,38887.2,38893.1
1650263100000,38893.3,38926.1,38885.8,38921.2
1650263400000,38923.4,38937.8,38899,38914.5
1650263700000,38914.2,39104.8,38914,39017.3
1650264000000,39017.3,39091.6,39017.3,39017.3
1650264300000,39017.3,39067.2,39017.3,39067.2
1650264600000,39067.2,39075.5,39038.2,39038.2
1650264900000,39038.2,39038.2,39038.2,39038.2
1650265200000,39038.2,39078.4,38967.1,39039.2
1650265500000,39039.2,39068.2,38978.8,39012.5
1650265800000,39012.5,39047.8,39012.5,39047.8
1650266100000,39047.8,39047.8,39047.8,39047.8
1650266400000,39047.8,39047.8,38967.1,38967.1
1650266700000,38967.1,38997.3,38908.9,38940
1650267000000,38940,38974.6,38940,38958.9
1650267300000,38964.2,38967.3,38940,38940
1650267600000,38940,38940,38940,38940
1650267900000,38940,38940,38776.4,38787.7
1650268200000,38791.4,38869.7,38787,38845.5
1650268500000,38843.2,38895.8,38842.3,38885
1650268800000,38885,39051.8,38885,38991
1650269100000,38991,39065.9,38991,39012.9
1650269400000,39012.9,39012.9,39012.9,39012.9
1650269700000,39012.9,39012.9,38976.3,38976.3
1650270000000,38976.3,38978.9,38976.3,38976.3
1650270300000,38976.3,39019,38976.3,38976.3
1650270600000,38976.3,38976.3,38976.3,38976.3
1650270900000,38976.3,38976.3,38976.3,38976.3
1650271200000,38976.3,38976.3,38976.3,38976.3
1650271500000,38976.3,38976.3,38976.3,38976.3
1650271800000,38976.3,38976.3,38885,38885
1650272100000,38885,38885,38885,38885
1650272400000,38885,38885,38778.3,38843.2
1650272700000,38838.8,38865.3,38838.8,38860.2
1650273000000,38857.1,38952.2,38845.7,38853.1
1650273300000,38852.7,38854.1,38845.7,38845.7
1650273600000,38845.7,38854.1,38845.7,38845.7
1650273900000,38845.7,38845.7,38845.7,38845.7
1650274200000,38845.7,39016.3,38845.7,38913.4
1650274500000,38913.9,38931.1,38904.5,38927.9
1650274800000,38926,38928.8,38904.5,38905.5
1650275100000,38905.8,38928.1,38904.5,38908.7
1650275400000,38908.4,38912.2,38904.5,38908.7
1650275700000,38910,38940.1,38906.5,38936.5
1650276000000,38931.1,38939.9,38912.9,38925.8
1650276300000,38926.1,38968.5,38908.9,38942.8
1650276600000,38942.6,38968.1,38926.7,38960.9
1650276900000,38960.2,38961,38924.7,38927
1650277200000,38924.1,38974.6,38916.9,38971.5
1650277500000,38971.7,39019.3,38962.4,39007.8
1650277800000,39007.6,39113.7,38984.9,39023.5
1650278100000,39020.2,39028.7,38966.3,38966.3
1650278400000,38969.6,38979.5,38946.8,38953.5
1650278700000,38954.8,38964.6,38937.5,38948.7
1650279000000,38949.4,38969.6,38919.1,38920.9
1650279300000,38920.5,38926.1,38904.5,38904.5
1650279600000,38904.5,38916,38904.5,38912.3
1650279900000,38912.3,38959.6,38904.5,38952
1650280200000,38951.3,38995.1,38936.9,38993.9
1650280500000,38994.4,39060,38982.8,39042.3
1650280800000,39040.6,39110.4,39018.7,39019.7
1650281100000,39019.7,39019.7,39019.7,39019.7
1650281400000,39019.7,39052.8,39019.7,39043.7
1650281700000,39036.7,39119.9,39021.1,39021.1
1650282000000,39021.1,39027.5,39021.1,39021.1
1650282300000,39021.1,39028.9,39021.1,39021.1
1650282600000,39021.1,39021.1,38965.1,38995.6
1650282900000,38995.6,39028.2,38954.6,38967
1650283200000,38967,39115.5,38967,39034.7
1650283500000,39034.7,39113.4,39028.2,39045.9
1650283800000,39044.7,39144,39041,39070.1
1650284100000,39070.1,39302.6,39070.1,39235
1650284400000,39235,39340.5,39229.3,39229.3
1650284700000,39229.3,39270.7,39175.3,39205.3
1650285000000,39205.3,39231.9,39205.3,39230.2
1650285300000,39229.6,39398.8,39223.5,39312
1650285600000,39312,39357.6,39248,39263.4
1650285900000,39263.4,39302.4,39263.4,39300.5
1650286200000,39300.5,39420.8,39300.5,39361.1
1650286500000,39361.1,39498.8,39361.1,39362.9
1650286800000,39363.5,39517.7,39363.5,39465.1
1650287100000,39465.1,39465.1,39361.1,39361.1
1650287400000,39361.1,39361.1,39361.1,39361.1
1650287700000,39361.1,39361.1,39361.1,39361.1
1650288000000,39361.1,39367.8,39361.1,39367.8
1650288300000,39364.2,39364.2,39269.5,39361.1
1650288600000,39361.1,39620.3,39361.1,39464.5
1650288900000,39464.5,39492.3,39382.4,39382.4
1650289200000,39382.4,39389.3,39290.4,39342.4
1650289500000,39343.2,39354.7,39306.3,39321.8
1650289800000,39321.8,39367.4,39222.2,39294.2
1650290100000,39293.9,39296.7,39248.1,39279.7
1650290400000,39278.7,39483.1,39274.5,39417.8
1650290700000,39417.8,39419.6,39417.8,39417.8
1650291000000,39417.8,39439.6,39417.8,39426.7
1650291300000,39426.7,39439.6,39426.7,39429.4
1650291600000,39429.3,39585.7,39426.7,39504
1650291900000,39583.2,39583.2,39426.7,39432.3
1650292200000,39432.3,39437.8,39342.6,39359
1650292500000,39357.2,39408.9,39322,39345.5
1650292800000,39345.5,39388.7,39345.5,39387.8
1650293100000,39388,39396.6,39359.2,39359.2
1650293400000,39359.2,39363.6,39359.2,39363.6
1650293700000,39363.6,39363.6,39363.6,39363.6
1650294000000,39363.6,39369.4,39295.6,39295.6
1650294300000,39295.6,39316.3,39295.6,39307
1650294600000,39306,39324.3,39300.2,39303.1
1650294900000,39303.1,39303.1,39303.1,39303.1
1650295200000,39303.1,39303.1,39131.9,39131.9
1650295500000,39131.6,39186.2,39106.3,39157.7
1650295800000,39161.7,39226.2,39161.7,39191.9
1650296100000,39190.7,39197.8,39146,39149.6
1650296400000,39150.2,39185.3,39124.8,39181.9
1650296700000,39175.5,39234.6,39155.1,39161.3
1650297000000,39164.6,39188.4,39155.7,39180.4
1650297300000,39180.1,39217.8,39179.4,39215.3
1650297600000,39215.4,39225.9,39190.4,39201.1
1650297900000,39201.6,39209.6,39162.1,39174.4
1650298200000,39194,39194.6,39013.6,39050.6
1650298500000,39054.5,39124.6,39035.6,39078.2
1650298800000,39078.2,39139.7,39075.2,39135.2
1650299100000,39135.7,39174.6,39106,39161.9
1650299400000,39162.4,39166.5,39135.9,39157.6
1650299700000,39157.8,39360.3,39155.4,39279.1
1650300000000,39279.1,39294.6,39185.8,39281
1650300300000,39278.4,39562.6,39278.3,39449.4
1650300600000,39451.7,39508.6,39417.5,39474
1650300900000,39476,39586.1,39474.5,39505.9
1650301200000,39505.9,39505.9,39505.9,39505.9
1650301500000,39505.9,39819.7,39505.9,39744
1650301800000,39744,40324.6,39718.9,40098.4
1650302100000,40102.8,40224.2,40028.8,40028.8
1650302400000,40027,40041.8,39861.1,39869.7
1650302700000,39875,39909.6,39801.5,39853.7
1650303000000,39852.7,40034.6,39816.5,39990.2
1650303300000,39990,40064.6,39965.5,40006.6
1650303600000,40013.2,40114.7,39982.6,40020.5
1650303900000,40023.5,40129,40016,40048.9
1650304200000,40048.1,40150.9,40033.9,40076.6
1650304500000,40078.9,40377.8,40078.9,40189.9
1650304800000,40189.9,40335.3,40189.9,40248.7
1650305100000,40248.7,40264.6,40185.6,40254.6
1650305400000,40254.6,40440,40231.6,40350.7
1650305700000,40350.7,40934.6,40350.7,40778.4
1650306000000,40778.3,40893,40726,40837.5
1650306300000,40840.1,40935.7,40728,40728
1650306600000,40728.1,40839.5,40705.5,40762.9
1650306900000,40762.7,40825.8,40639.3,40661.9
1650307200000,40666,40766.5,40627.6,40646.1
1650307500000,40646.1,40711.6,40557.8,40631.8
1650307800000,40633.6,40759.1,40545.4,40587.5
1650308100000,40587.5,40711.2,40575.5,40606.7
1650308400000,40607.2,40747.5,40604.9,40604.9
1650308700000,40604.9,40681.1,40508.1,40508.3
1650309000000,40508.6,40580.7,40430.9,40455.2
1650309300000,40459.2,40633.1,40459.2,40538.6
1650309600000,40538.6,40684.6,40538.6,40582.7
1650309900000,40580.2,40661,40539.9,40566.3
1650310200000,40566.3,40614.3,40457.8,40465.8
1650310500000,40465.8,40550.5,40406.1,40417.1
1650310800000,40499.5,40542.8,40416.1,40457.4
1650311100000,40457.2,40548.4,40397.1,40401.7
1650311400000,40400.7,40552.9,40391.5,40515.9
1650311700000,40458.2,40723.2,40450.2,40723.2
1650312000000,40723.2,40814.6,40640.2,40765.9
1650312300000,40778.5,40940.1,40712.1,40807.7
1650312600000,40807.7,40861.1,40689.5,40756.5
1650312900000,40755.2,40865.5,40703.8,40712.5
1650313200000,40713,40834.9,40649.9,40651.3
1650313500000,40652.7,40756.9,40620.5,40715.9
1650313800000,40707,40768.6,40656.7,40663.6
1650314100000,40669.4,40800.8,40661.4,40695.9
1650314400000,40691.4,40753.3,40655.1,40665.9
1650314700000,40660.5,40802.3,40660.5,40667
1650315000000,40668.2,40668.8,40616.1,40636.8
1650315300000,40644.5,40716.6,40605.9,40626.9
1650315600000,40616.2,40756.3,40610.8,40711.4
1650315900000,40710.9,40771.8,40685.7,40726.3
1650316200000,40726.4,40742.6,40696.7,40730.8
1650316500000,40730.9,40767.7,40712.2,40762.4
1650316800000,40762.8,41023.2,40762.6,40946.8
1650317100000,40947,40953.5,40860.5,40860.7
1650317400000,40860.6,40883.5,40859.9,40867.3
1650317700000,40884.8,40938.8,40874,40874
1650318000000,40873.7,40873.7,40762.7,40769.1
1650318300000,40769.3,40777,40728.5,40745.2
1650318600000,40744.4,40785,40729.6,40753.3
1650318900000,40754.5,40790.4,40728.2,40753.4
1650319200000,40750.3,40772,40740.5,40749.6
1650319500000,40749.5,40798.3,40728.4,40777.9
1650319800000,40777.6,40781.4,40724.8,40748.6
1650320100000,40746.4,40779.9,40742.3,40756.4
1650320400000,40762.7,40845.3,40760.9,40839.3
1650320700000,40834.7,40839.5,40775.7,40777.3
1650321000000,40777,40781.2,40687.1,40759.6
1650321300000,40755.4,40789.1,40755.4,40781.1
1650321600000,40773,40781.5,40742.7,40749.1
1650321900000,40749.9,40775.9,40728.8,40748.5
1650322200000,40736.6,40858.9,40733.9,40853.9
1650322500000,40858,40891,40832,40884.5
1650322800000,40885.9,40935,40875.6,40881.3
1650323100000,40878.5,40881.8,40825.9,40837.5
1650323400000,40849,40850.9,40800.5,40803.2
1650323700000,40804.2,40859.4,40803,40848.9
1650324000000,40849,40889.3,40849,40883.5
1650324300000,40889.3,40889.3,40796.2,40796.2
1650324600000,40796.4,40821.3,40777.7,40786.8
1650324900000,40788.3,40792,40693.2,40698.8
1650325200000,40703.5,40734.8,40693.3,40722.8
1650325500000,40722.9,40782,40721.4,40767.1
1650325800000,40768,40782.7,40740.3,40760.5
1650326100000,40756.5,40770.3,40737.8,40760.3
1650326400000,40760.5,40863.1,40753.8,40811
1650326700000,40803.3,40880.1,40774.4,40878.6
1650327000000,40879.5,41024.8,40809.7,41004.6
1650327300000,41006.8,41019.3,40859.7,40860.2
1650327600000,40858.9,40899,40833.4,40853.3
1650327900000,40853.9,40919.1,40850.8,40915
1650328200000,40917.5,41220.7,40903.5,41096.2
1650328500000,41096.2,41097.2,40995.5,41020.8
1650328800000,41020.6,41036.8,40956.2,40959.2
1650329100000,40964.8,40980.8,40844,40850
1650329400000,40848.9,40892,40827.1,40872.9
1650329700000,40873.4,40888.3,40838.8,40840.9
1650330000000,40846.3,40865.4,40832.7,40855.4
1650330300000,40861.1,40863.7,40837.5,40855.2
1650330600000,40855.3,40887,40830.5,40876
1650330900000,40875.1,40890.6,40814.1,40814.1
1650331200000,40814.2,40841,40803,40840.8
1650331500000,40842,40842.7,40821.2,40824.9
1650331800000,40825.8,40834.8,40809.4,40809.6
1650332100000,40809.4,40809.4,40755.5,40760.6
1650332400000,40759.1,40794.2,40749,40788.7
1650332700000,40788.8,40793.5,40760.8,40772.4
1650333000000,40777.5,40786.4,40735,40749.6
1650333300000,40748.4,40764.6,40679.7,40714
1650333600000,40712.7,40723.1,40680.9,40711.7
1650333900000,40717.8,40719.6,40678.2,40688.1
1650334200000,40681.3,40692.5,40669.1,40671.4
1650334500000,40673.2,40684.5,40644.6,40667.3
1650334800000,40667.9,40691.8,40649.5,40675.7
1650335100000,40676.1,40683.5,40659.4,40668.4
1650335400000,40667.9,40679.8,40649.5,40673.7
1650335700000,40672.4,40679,40644.6,40652.3
1650336000000,40649.6,40691.5,40644.6,40644.6
1650336300000,40644.6,40658.4,40644.6,40645
1650336600000,40649.8,40652.9,40644.6,40644.6
1650336900000,40644.6,40644.6,40644.6,40644.6
1650337200000,40644.6,40644.6,40644.6,40644.6
1650337500000,40644.6,40744.7,40644.6,40700.7
1650337800000,40705,40705,40661,40693.5
1650338100000,40693.7,40700.7,40684.9,40687
1650338400000,40685.4,40698.8,40674.3,40682.6
1650338700000,40683,40696.5,40677.2,40686.9
1650339000000,40689.9,40707,40655.9,40666.7
1650339300000,40666.7,40667.9,40644.6,40645.7
1650339600000,40645.9,40688.4,40644.6,40681.2
1650339900000,40683,40704.2,40657.8,40658.9
1650340200000,40662.8,40666.7,40644.6,40644.6
1650340500000,40644.6,40666.1,40644.6,40650.7
1650340800000,40656.7,40679.6,40646.2,40679.6
1650341100000,40680.9,40696.4,40644.6,40667
1650341400000,40667.3,40719.3,40667.3,40716.4
1650341700000,40725.3,40754,40724.8,40731.5
1650342000000,40730.1,40741.2,40717.1,40723.2
1650342300000,40721,40730.8,40705.2,40705.7
1650342600000,40705.4,40736.2,40705.1,40728.9
1650342900000,40731.7,40737.6,40727.6,40735.6
1650343200000,40735.1,40743.4,40716.9,40738.5
1650343500000,40743.6,40751.8,40730.5,40744.6
1650343800000,40745.9,40830.1,40742.9,40828.5
1650344100000,40828.2,40829.5,40790.6,40818.9
1650344400000,40823.9,40833.1,40778.4,40778.4
1650344700000,40787,40801.8,40744.8,40762.1
1650345000000,40762.2,40786.6,40753.3,40766.6
1650345300000,40766.8,40774.5,40756.9,40762.6
1650345600000,40762.7,40763.7,40644.6,40652.6
1650345900000,40652.2,40683.2,40648.5,40681.5
1650346200000,40690.7,40690.7,40658.9,40663.5
1650346500000,40664,40684.7,40663.2,40676.6
1650346800000,40675.5,40683.4,40650.2,40679.9
1650347100000,40680,40682.9,40673.7,40680.2
1650347400000,40680,40682.8,40641.7,40648.3
1650347700000,40647.5,40648.3,40622.9,40626.5
1650348000000,40627.1,40660.7,40626.5,40651.7
1650348300000,40644.6,40667.9,40644.6,40661.4
1650348600000,40661.5,40685.2,40655.7,40673.6
1650348900000,40675.6,40691.6,40673.3,40680.6
1650349200000,40679.2,40701.9,40676.8,40696.2
1650349500000,40695.8,40735.8,40695.8,40722.7
1650349800000,40722.3,40731.6,40697.5,40731.5
1650350100000,40729.9,40729.9,40700.1,40709.3
1650350400000,40701.7,40710.8,40680.5,40695.1
1650350700000,40694.5,40756.5,40690.3,40754.7
1650351000000,40755.5,40762.9,40710.2,40715.7
1650351300000,40718.3,40719.8,40660.3,40670.2
1650351600000,40674,40681.5,40659.5,40679.1
1650351900000,40679.8,40704.7,40675.6,40686
1650352200000,40683.9,40686,40627.5,40631.2
1650352500000,40631,40636.3,40539.9,40590.5
1650352800000,40590.1,40653.7,40568,40653.7
1650353100000,40654.8,40701.3,40639.4,40694.4
1650353400000,40699.3,40700,40647.2,40647.3
1650353700000,40650.2,40653.4,40628.8,40635.8
1650354000000,40633.3,40635.8,40597.6,40597.6
1650354300000,40607.3,40654.4,40597.6,40650.3
1650354600000,40654.4,40659.1,40606.1,40617
1650354900000,40619,40659.1,40613.8,40638.5
1650355200000,40639.1,40671.8,40621.7,40667.2
1650355500000,40665.8,40691.4,40659.7,40690.5
1650355800000,40689.5,40733.3,40678.6,40689.2
1650356100000,40695.7,40708.9,40688.2,40698.2
1650356400000,40698.4,40768.1,40689.1,40747.8
1650356700000,40759.3,40781.1,40747.8,40766.8
1650357000000,40765.9,40813.5,40765.9,40782.3
1650357300000,40782.3,40801.7,40739.6,40766.1
1650357600000,40761.5,40775.3,40724.7,40724.7
1650357900000,40723.7,40744.5,40693.3,40709.1
1650358200000,40708.8,40711.8,40666.1,40675.9
1650358500000,40676,40714.7,40676,40687.6
1650358800000,40690.4,40699.7,40676.3,40689.3
1650359100000,40689,40721.4,40687.2,40712.7
1650359400000,40709.9,40716.9,40578.2,40581.8
1650359700000,40585.8,40650.8,40581.3,40633.7
1650360000000,40632.5,40640.6,40599.5,40610.7
1650360300000,40610.3,40613.2,40551.1,40600.7
1650360600000,40600.2,40643.8,40575.5,40634.6
1650360900000,40639.6,40664.7,40614.6,40638.3
1650361200000,40636,40642.1,40616.5,40627.3
1650361500000,40627.5,40663.5,40594.7,40654.1
1650361800000,40656,40656.8,40580.8,40580.9
1650362100000,40580.8,40622.5,40574.6,40619.5
1650362400000,40617.1,40634.5,40594.4,40606
1650362700000,40604.3,40670.1,40604.3,40651.6
1650363000000,40650.2,40688.1,40645.1,40673.4
1650363300000,40672.4,40684.6,40654.7,40669.6
1650363600000,40669.3,40672.8,40641.4,40664.9
1650363900000,40665.6,40712.7,40664.5,40696.8
1650364200000,40697.1,40737.5,40693.7,40700.3
1650364500000,40706.3,40714.8,40687.1,40702.9
1650364800000,40701.9,40748.9,40684.1,40738.5
1650365100000,40736.3,40736.3,40698.4,40698.4
1650365400000,40697.4,40721.5,40685.1,40718.6
1650365700000,40721.5,40771.7,40706.4,40760.6
1650366000000,40761.3,40766.8,40731.8,40742.7
1650366300000,40742.6,40746.5,40721.3,40742.8
1650366600000,40741.1,40742.2,40716.6,40730
1650366900000,40740.4,40781.5,40736.3,40780.5
1650367200000,40784.9,40796.7,40762.1,40773
1650367500000,40774,40792.3,40755.7,40757.9
1650367800000,40757.6,40757.6,40714.5,40738.6
1650368100000,40737.1,40754.7,40725.3,40740.6
1650368400000,40742.2,40742.2,40708.2,40735.9
1650368700000,40735.7,40761.5,40731.2,40758.2
1650369000000,40756.1,40929.3,40686.9,40688.4
1650369300000,40687.6,40722.1,40627.4,40654.1
1650369600000,40651.1,40679.6,40623.2,40671.6
1650369900000,40673.1,40750.3,40673.1,40750.3
1650370200000,40752.3,40903.3,40752.3,40840.7
1650370500000,40842.8,40864.2,40802.2,40816.6
1650370800000,40813.8,40842.4,40793.4,40813.4
1650371100000,40814.3,40905.9,40814.3,40866.6
1650371400000,40865.5,40948.4,40857.1,40948.4
1650371700000,40948.5,40998.5,40933.6,40955.5
1650372000000,40950.2,41056.8,40933.7,40959.6
1650372300000,40959.6,40966.3,40879.7,40884.6
1650372600000,40885,40928.2,40877.2,40922.5
1650372900000,40920.5,40923.2,40902.2,40923.2
1650373200000,40927.6,40966.4,40852.8,40853.2
1650373500000,40853.1,40869.8,40804,40828
1650373800000,40828.4,40866.3,40814.2,40864.1
1650374100000,40866.3,40896.2,40829,40852.7
1650374400000,40856.1,40954.9,40851.4,40952.7
1650374700000,40952.8,40964.5,40913.9,40932.6
1650375000000,40934.7,41023.5,40835.2,41011.2
1650375300000,41007.1,41037.2,40942.1,40959.7
1650375600000,40959.7,41121.4,40923.3,41112.6
1650375900000,41113.8,41300.1,41076.2,41282.2
1650376200000,41282.3,41395.8,41257.7,41360
1650376500000,41361.3,41420.8,41346.7,41411.2
1650376800000,41406.2,41607.7,41376.1,41597.5
1650377100000,41597.3,41642.6,41492.5,41492.6
1650377400000,41501,41602,41463.8,41511.9
1650377700000,41513,41543.7,41452.3,41510.4
1650378000000,41511.2,41526.6,41458.4,41479.4
1650378300000,41479.7,41533.9,41478.6,41484.9
1650378600000,41484,41572.2,41479.1,41493.8
1650378900000,41493.6,41513.4,41465.8,41505.8
1650379200000,41510.3,41521.1,41467,41509.5
1650379500000,41491.9,41559.9,41491.9,41530.1
1650379800000,41525.3,41566.2,41519.7,41555.7
1650380100000,41556.3,41588.4,41534.8,41536
1650380400000,41537.9,41560.9,41499,41555.4
1650380700000,41555,41607,41541.2,41585.8
1650381000000,41582.2,41697.9,41576.6,41585.6
1650381300000,41583.9,41627,41503.9,41507.9
1650381600000,41507.7,41521.2,41477.5,41488.2
1650381900000,41488.1,41520.3,41452.7,41479.8
1650382200000,41466.2,41484.1,41371.7,41381
1650382500000,41379.9,41409.6,41341.4,41401.2
1650382800000,41402.5,41503.4,41397.1,41443.3
1650383100000,41433.5,41464,41417.5,41459
1650383400000,41457,41474.3,41445,41449
1650383700000,41447.4,41460.1,41403.8,41415
1650384000000,41416.3,41452,41383.1,41439.5
1650384300000,41421.9,41477.8,41418.6,41455.8
1650384600000,41454.2,41458.3,41425.4,41448.1
1650384900000,41446.5,41484.5,41409.9,41480.3
1650385200000,41478.8,41505.2,41459.2,41469.3
1650385500000,41466.1,41486.2,41442.6,41464.6
1650385800000,41462.6,41478.6,41425.7,41451.4
1650386100000,41451,41470,41254,41276.8
1650386400000,41275.5,41289.7,41201.8,41260.9
1650386700000,41274,41329,41227.6,41315.7
1650387000000,41311.1,41359.3,41305,41342.8
1650387300000,41343.4,41351.5,41267.7,41309.3
1650387600000,41309.2,41320.3,41289.2,41313.6
1650387900000,41313.5,41324.2,41220.8,41220.8
1650388200000,41225.5,41252.6,41216.8,41232.3
1650388500000,41232.2,41286.2,41229.1,41273
1650388800000,41276.1,41289.8,41250.1,41274.5
1650389100000,41275.3,41275.3,41138.2,41172.4
1650389400000,41177,41241.7,41170.8,41225.8
1650389700000,41222.4,41336.6,41210,41250.4
1650390000000,41255.4,41351.6,41242.8,41248.5
1650390300000,41250.7,41393.7,41221.5,41306.8
1650390600000,41313.4,41417.3,41284.5,41285.5
1650390900000,41299,41402.4,41280.9,41343.8
1650391200000,41343.8,41418.8,41307.4,41320.8
1650391500000,41320.3,41341.8,41282,41316.4
1650391800000,41316.6,41418.9,41285.3,41341
1650392100000,41343.5,41421,41299.2,41352.3
1650392400000,41352.3,41424.1,41300.1,41369.2
1650392700000,41369.2,41429.6,41326.7,41418.6
1650393000000,41418.5,41537.8,41354.8,41367.4
1650393300000,41367.5,41424.5,41358.4,41418.9
1650393600000,41409.2,41419.8,41365,41385.4
1650393900000,41378.1,41471.2,41343.4,41379.7
1650394200000,41380.6,41476.2,41328.3,41354.8
1650394500000,41354.8,41451.5,41354.8,41417.5
1650394800000,41417.5,41475.5,41354.9,41368
1650395100000,41368.3,41400.9,41325.8,41397.1
1650395400000,41398.5,41541.5,41381.8,41445.1
1650395700000,41447.7,41582,41432.9,41495.8
1650396000000,41461.3,41500.7,41451.8,41484.7
1650396300000,41484.5,41484.5,41417.8,41435.6
1650396600000,41436.6,41494.3,41414.6,41422.9
1650396900000,41421.4,41443.1,41406,41442
1650397200000,41439.4,41442.7,41345.4,41376.8
1650397500000,41373.3,41397.1,41348,41384.7
1650397800000,41384.8,41456.2,41384.8,41387.7
1650398100000,41389.5,41413.1,41343.3,41390
1650398400000,41389,41389,41262.1,41286.3
1650398700000,41282.7,41298.4,41243.9,41261.7
1650399000000,41262.2,41293,41227.4,41238.2
1650399300000,41237.5,41277,41226.5,41270.5
1650399600000,41269,41287.3,41264,41278.7
1650399900000,41275.3,41275.3,41255.3,41259.8
1650400200000,41258.2,41276.5,41235.6,41258.1
1650400500000,41259.5,41279.1,41173,41181
1650400800000,41180.6,41210.7,41176.1,41200.2
1650401100000,41200.4,41233.4,41169.5,41197.9
1650401400000,41184.7,41221.8,41177.2,41218.6
1650401700000,41218.5,41252.8,41218.5,41248.9
1650402000000,41236.4,41241.7,41227.2,41229.6
1650402300000,41229.5,41237.2,41212.9,41223.8
1650402600000,41224.8,41250.5,41217.8,41249.6
1650402900000,41249.5,41268.6,41249.5,41256.1
1650403200000,41256,41259.6,41243.6,41254.4
1650403500000,41254.3,41277.4,41222.1,41272.1
1650403800000,41272.6,41327.5,41271.2,41326
1650404100000,41326.1,41342.4,41290.5,41293.1
1650404400000,41290.2,41296.2,41227.8,41234.5
1650404700000,41230.9,41296.8,41230.9,41293.1
1650405000000,41291.9,41303.7,41265.9,41267.2
1650405300000,41267.8,41290.1,41248.5,41269.1
1650405600000,41257.8,41295.7,41234.1,41282.4
1650405900000,41282.8,41319.5,41278.7,41309.6
1650406200000,41309,41362.1,41305.6,41337
1650406500000,41336.8,41337.1,41304.6,41314.3
1650406800000,41320.1,41332.5,41297.6,41302.8
1650407100000,41303.4,41345.2,41294.5,41342.9
1650407400000,41340.5,41380,41312.3,41369.6
1650407700000,41369.5,41423.2,41362.3,41416
1650408000000,41414.8,41417.5,41378.4,41383.8
1650408300000,41386,41393.8,41330.9,41332.7
1650408600000,41334.3,41344,41323.5,41339.8
1650408900000,41343.5,41375.8,41343.2,41358.7
1650409200000,41357.5,41393,41354.7,41386.9
1650409500000,41387.1,41404.8,41384.6,41388
1650409800000,41386.6,41405.4,41386.6,41399
1650410100000,41394.1,41406.7,41380.2,41401.4
1650410400000,41398.7,41453.9,41395.2,41431.1
1650410700000,41431.8,41431.8,41366.3,41401.8
1650411000000,41404.4,41449.4,41400.1,41436.4
1650411300000,41446.4,41451.3,41413.5,41417.7
1650411600000,41417.6,41458,41416.1,41429.7
1650411900000,41430.9,41474.3,41408.4,41471.5
1650412200000,41472.8,41494.8,41445.9,41481.1
1650412500000,41482.6,41484.8,41442.7,41447.8
1650412800000,41446.8,41453.3,41394.4,41398.5
1650413100000,41397.7,41440.5,41394.9,41436.9
1650413400000,41437,41500.4,41434,41493.9
1650413700000,41494.2,41494.2,41446.4,41456.9
1650414000000,41457.1,41460.6,41314.7,41340.7
1650414300000,41341.6,41344.5,41225.6,41257.3
1650414600000,41255.2,41341.6,41237.5,41314.3
1650414900000,41319.2,41352.8,41249.7,41258.6
1650415200000,41267.3,41310,41267.3,41310
1650415500000,41309.9,41340.9,41294.8,41339.2
1650415800000,41339,41347.5,41314.7,41316.3
1650416100000,41319.2,41320.8,41262.2,41262.2
1650416400000,41262.9,41292,41233.8,41254.8
1650416700000,41253,41275,41246.2,41268
1650417000000,41269.5,41269.5,41240.2,41242.6
1650417300000,41242.5,41286.5,41196.3,41278.4
1650417600000,41279.1,41286.2,41272.1,41282.6
1650417900000,41283.4,41298.6,41279.7,41284.4
1650418200000,41285.1,41291.5,41278.6,41285.5
1650418500000,41286.8,41306.6,41282.2,41302.8
1650418800000,41304.4,41315.3,41297.5,41309.7
1650419100000,41309.9,41310.1,41301.2,41303.8
1650419400000,41302.9,41346.2,41281.2,41327.4
1650419700000,41327.4,41339.1,41312,41315.3
1650420000000,41311.3,41327.6,41286.1,41295
1650420300000,41294,41335.5,41280.5,41324.6
1650420600000,41323.2,41358.5,41318.6,41341.6
1650420900000,41341.9,41354.5,41317.9,41326.3
1650421200000,41325.1,41333.3,41294.5,41296
1650421500000,41299.9,41313.5,41290.7,41308.4
1650421800000,41308.5,41320,41299.2,41318.7
1650422100000,41326.6,41336.5,41292.5,41298.8
1650422400000,41298.5,41314.6,41294.5,41308.2
1650422700000,41305.2,41318.5,41281.3,41300.7
1650423000000,41301,41323.3,41297.4,41321.4
1650423300000,41331.3,41356.8,41327.5,41332.3
1650423600000,41333.2,41355.4,41310.2,41328.2
1650423900000,41326.4,41351.5,41321.3,41350
1650424200000,41350.1,41354.3,41330.5,41336.6
1650424500000,41336.7,41359.6,41330.6,41352.7
1650424800000,41355.6,41355.6,41328.2,41329.7
1650425100000,41329.1,41346,41328.2,41342
1650425400000,41342.2,41361.2,41329.8,41350.5
1650425700000,41350.4,41355,41262.3,41277.2
1650426000000,41277.3,41305.3,41264.7,41302.3
1650426300000,41301.6,41335.6,41287.1,41316.2
1650426600000,41315.9,41351.4,41309,41343.5
1650426900000,41347,41357,41336.1,41349.8
1650427200000,41356.1,41356.1,41304.8,41332.2
1650427500000,41332.5,41362.9,41332.5,41345.5
1650427800000,41351.3,41354,41328.9,41349.5
1650428100000,41346.7,41352.7,41312.8,41315.1
1650428400000,41318,41318,41293.4,41310.1
1650428700000,41310.5,41310.5,41256.9,41263.5
1650429000000,41262.3,41271.5,41235.5,41237.6
1650429300000,41239.2,41254.9,41226.3,41252
1650429600000,41251.3,41277.8,41242,41268.9
1650429900000,41267.3,41291.6,41251.2,41291.6
1650430200000,41291.3,41292.3,41244.5,41273.4
1650430500000,41273.8,41301.3,41273.8,41291.7
1650430800000,41291.5,41296.2,41269.1,41285.8
1650431100000,41284.7,41314.4,41281.5,41304.2
1650431400000,41288.8,41293,41263.1,41271.5
1650431700000,41272.3,41291.5,41265.6,41283.4
1650432000000,41282.8,41314.2,41281.8,41306.9
1650432300000,41310,41355.1,41297.3,41354.2
1650432600000,41354,41367.8,41346.6,41354.4
1650432900000,41355,41390.6,41344.7,41371.2
1650433200000,41372.3,41406.3,41362.5,41396.9
1650433500000,41396,41396.2,41368.8,41378.5
1650433800000,41377.9,41399,41371.8,41375.6
1650434100000,41376.6,41408.4,41376.6,41405.4
1650434400000,41405.7,41406.7,41368.2,41396.8
1650434700000,41396.4,41419.8,41385.1,41410.6
1650435000000,41419.8,41419.8,41378.7,41384.8
1650435300000,41393.8,41393.8,41352.5,41363.1
1650435600000,41358.4,41369.3,41355.1,41359.2
1650435900000,41359.2,41388.6,41352.4,41370.6
1650436200000,41369.9,41398.3,41366.5,41397.2
1650436500000,41397.1,41397.1,41368.6,41369.1
1650436800000,41369.2,41388.8,41364.5,41367.4
1650437100000,41368.9,41392.5,41363,41378.4
1650437400000,41376.7,41405.5,41373.9,41401.2
1650437700000,41401.1,41428.8,41393.4,41427.9
1650438000000,41429.8,41431.7,41385.7,41399.7
1650438300000,41398.9,41584.9,41398.9,41498.4
1650438600000,41498.6,41501,41420.8,41427.8
1650438900000,41430.4,41435.1,41319.5,41327.2
1650439200000,41326.4,41365.9,41302.6,41309.7
1650439500000,41308.5,41323.9,41283.8,41293.6
1650439800000,41294.1,41321.5,41283.9,41319.7
1650440100000,41322,41323.5,41274.2,41289.5
1650440400000,41289.3,41313.2,41272.2,41286.3
1650440700000,41284.2,41307.4,41248.2,41298.6
1650441000000,41300.3,41315,41290.5,41290.5
1650441300000,41290.1,41325.6,41279.5,41303.5
1650441600000,41299.3,41306,41275.2,41290.1
1650441900000,41290.3,41332.8,41289.4,41315.4
1650442200000,41316.6,41335.9,41310.7,41332.6
1650442500000,41331.6,41343,41323.8,41338.6
1650442800000,41338.5,41364.5,41317.8,41359
1650443100000,41364.5,41393.6,41349.3,41390.3
1650443400000,41385.4,41390.3,41373.3,41387.5
1650443700000,41383.9,41414.2,41379,41400.4
1650444000000,41400.7,41477.4,41395.6,41441.8
1650444300000,41441.3,41455.8,41406.4,41431.8
1650444600000,41435.4,41443.9,41416.7,41418.2
1650444900000,41417.8,41446.1,41406,41439.6
1650445200000,41444.8,41458.8,41419.6,41446.6
1650445500000,41442.9,41504.3,41441.6,41496.3
1650445800000,41488,41495.2,41455.3,41467.7
1650446100000,41466.1,41487.3,41441.4,41477.1
1650446400000,41474,41521,41469.2,41501.8
1650446700000,41501.9,41532.2,41501.9,41514.3
1650447000000,41514.8,41533.7,41497,41522.7
1650447300000,41523.7,41557.5,41517.4,41553.7
1650447600000,41555.8,41572.1,41527.7,41571.9
1650447900000,41571.6,41673.3,41500.9,41504.5
1650448200000,41506.7,41526,41439.8,41492.1
1650448500000,41493.6,41514.2,41483.9,41508.8
1650448800000,41504.3,41504.4,41427.8,41436.9
1650449100000,41441,41455,41415.5,41450.9
1650449400000,41450.5,41463.7,41447.2,41456.5
1650449700000,41456.7,41536.4,41456.7,41532.3
1650450000000,41532.1,41632.1,41526.7,41578.3
1650450300000,41577.1,41824.9,41576.4,41779.1
1650450600000,41779.2,41784.1,41722.9,41728.8
1650450900000,41735.6,41735.6,41643.5,41673
1650451200000,41664.4,41869,41664.4,41814.4
1650451500000,41814.9,41914.2,41739.1,41744.7
1650451800000,41744.7,41756,41719.3,41751.2
1650452100000,41751.9,41795.5,41732.4,41788.7
1650452400000,41795.5,41795.5,41711.2,41744
1650452700000,41744.2,41745,41681.8,41722.4
1650453000000,41722.8,41756.4,41719.5,41745.6
1650453300000,41745.2,41801.4,41744.1,41793.9
1650453600000,41791.5,41833.9,41784.7,41798.8
1650453900000,41798.7,41853.4,41795.7,41815.6
1650454200000,41814.8,41862.7,41774.1,41823.1
1650454500000,41823.3,41975.7,41794.1,41929.7
1650454800000,41930,42074.4,41926.2,42072.2
1650455100000,42065.1,42105,42004.9,42069.6
1650455400000,42065.8,42153.2,42027.8,42030.3
1650455700000,42028.3,42082.4,41981.4,42069.6
1650456000000,42069.3,42122.2,42066.4,42093.1
1650456300000,42094.6,42101.2,42003.9,42004.3
1650456600000,42003.1,42004.3,41915.8,41935.4
1650456900000,41935.3,41966.5,41919.2,41919.2
1650457200000,41919.5,41967,41917.7,41955.8
1650457500000,41955.7,42029.9,41954.2,42010.9
1650457800000,42010.4,42061.9,41995.8,42038.5
1650458100000,42038.4,42114.7,42038.3,42077.9
1650458400000,42078.1,42096,41998.9,41998.9
1650458700000,41999.1,42032.2,41995.6,42021.5
1650459000000,42019.2,42100.2,42013.8,42065
1650459300000,42065.3,42129.2,42040.8,42071.6
1650459600000,42071.3,42080.2,41971.7,41999.7
1650459900000,41999.6,42005.2,41955.2,41969.4
1650460200000,41969,41981.3,41936.6,41950.6
1650460500000,41950.9,42006.7,41937.5,41994.9
1650460800000,41996.1,42011.3,41977.6,41997
1650461100000,41997,42009.5,41962.7,41974.2
1650461400000,41975.2,42020.4,41827.3,41846.8
1650461700000,41847.2,41879.7,41753.5,41812.5
1650462000000,41799.7,41804.4,41603.6,41674.8
1650462300000,41679.2,41719.1,41591.1,41610.7
1650462600000,41609.1,41673.5,41475.7,41508.5
1650462900000,41513.4,41540.4,41481.4,41537.9
1650463200000,41538.7,41583.8,41509,41544.3
1650463500000,41545.6,41553.7,41487.3,41532.8
1650463800000,41531.4,41678,41531.4,41677.6
1650464100000,41678.2,41706.8,41657.9,41673.9
1650464400000,41678.8,41697.9,41492.6,41542.4
1650464700000,41542.4,41629.9,41542.4,41564
1650465000000,41564.6,41616.5,41542,41601
1650465300000,41600.5,41629.9,41600.3,41625.5
1650465600000,41625.5,41629.6,41589.2,41604.5
1650465900000,41604.5,41632.9,41503.8,41551.1
1650466200000,41551.1,41598.3,41551.1,41551.1
1650466500000,41551.1,41556.4,41551.1,41551.1
1650466800000,41551.1,41551.1,41304.8,41305.7
1650467100000,41306.9,41351.5,41282.2,41286.7
1650467400000,41262.7,41286.1,41261.7,41276.7
1650467700000,41276.8,41299,41079,41089.1
1650468000000,41086,41104.7,41023.5,41076.8
1650468300000,41080,41168.2,41067.5,41139.4
1650468600000,41140.7,41195,41114.1,41176.9
1650468900000,41176,41196.1,41126.9,41174.3
1650469200000,41175.8,41216.6,41160.1,41211.3
1650469500000,41210.3,41255.5,41210.1,41223.3
1650469800000,41223.2,41227.1,41172.3,41211.1
1650470100000,41210.8,41252.3,41203.4,41224.5
1650470400000,41226.3,41226.3,41169.5,41191.9
1650470700000,41191.6,41272,41187.5,41256.6
1650471000000,41254.3,41256.9,41112.9,41145
1650471300000,41143.7,41150.5,41050,41062
1650471600000,41061.9,41087.6,41010.2,41052
1650471900000,41053.7,41152.9,40995.8,41150.2
1650472200000,41147.6,41238.8,41114,41235
1650472500000,41235.5,41357.5,41211.9,41334.2
1650472800000,41331.5,41332.1,41293.8,41320.7
1650473100000,41321.8,41326.9,41273.6,41279.6
1650473400000,41286.6,41351,41274.3,41341.7
1650473700000,41347.1,41412.8,41318.8,41343
1650474000000,41334.9,41459.3,41328.1,41377.5
1650474300000,41389,41495.9,41286.1,41301.3
1650474600000,41301.3,41427.9,41294.1,41357.2
1650474900000,41357.2,41372.1,41279.4,41287.7
1650475200000,41288.5,41318.9,41274.5,41303
1650475500000,41301.3,41315.6,41275.7,41310.5
1650475800000,41309.2,41324.9,41283.4,41310.4
1650476100000,41309.6,41408.8,41252,41263.7
1650476400000,41264.2,41401.2,41252.9,41312.3
1650476700000,41309.1,41481.1,41305.3,41375.3
1650477000000,41375.3,41375.3,41296.3,41304.2
1650477300000,41301.6,41412.9,41269.1,41326
1650477600000,41322.2,41409.4,41287.9,41315.1
1650477900000,41315.1,41375.4,41277.9,41295.2
1650478200000,41292.7,41384.6,41257.1,41268
1650478500000,41268,41354.9,41143,41178.3
1650478800000,41178.3,41243.4,41141.9,41183.1
1650479100000,41184.4,41257.3,41134.1,41149.5
1650479400000,41148.8,41263.8,41109.5,41259
1650479700000,41259,41259,41100,41118.4
1650480000000,41123.2,41123.2,40876.6,40876.9
1650480300000,40877.7,41027.1,40872,41011.9
1650480600000,41012,41023.4,40880.7,40901.5
1650480900000,40901.7,40928.2,40875.7,40928.1
1650481200000,40928.2,40990.5,40904.3,40954.5
1650481500000,40953.2,41018.1,40922,41004.5
1650481800000,41004.1,41199.5,41003.7,41100.5
1650482100000,41094.7,41204.7,41078.3,41115.9
1650482400000,41116.1,41129.9,41082.2,41116.9
1650482700000,41117.5,41170.1,41117.5,41154.7
1650483000000,41155.5,41166.9,41088.9,41114.2
1650483300000,41114.8,41190.2,41114.8,41172.4
1650483600000,41172.3,41190.3,41146.7,41176.5
1650483900000,41184.5,41227.5,41176.1,41192.8
1650484200000,41189.3,41199.5,41148.8,41171.6
1650484500000,41172.7,41188.8,41123.6,41148.4
1650484800000,41148.6,41320.6,41130.1,41241.8
1650485100000,41243.6,41352.2,41177.1,41230.5
1650485400000,41226.8,41315.6,41165.1,41181.6
1650485700000,41181.5,41193.5,41113.4,41118.4
1650486000000,41115,41153.6,41114.1,41147.5
1650486300000,41149.1,41214.9,41141.4,41208.5
1650486600000,41205.5,41251.8,41205.5,41239.7
1650486900000,41244,41263.3,41221.9,41251.4
1650487200000,41251.1,41303.3,41245.3,41279.6
1650487500000,41267.2,41294.2,41264.6,41284.3
1650487800000,41283.5,41361.4,41274.8,41355.8
1650488100000,41358.9,41401.9,41346.4,41380.5
1650488400000,41370.4,41378.2,41329.4,41340.3
1650488700000,41340.2,41380.7,41331.6,41341.7
1650489000000,41341.8,41382.1,41339.3,41374
1650489300000,41372.8,41374,41349.6,41367.9
1650489600000,41368.6,41410.6,41354.5,41410.6
1650489900000,41411,41588.2,41410.6,41539
1650490200000,41539.1,41560.3,41514,41514.9
1650490500000,41514.4,41530.1,41411.8,41420.3
1650490800000,41421.2,41423.5,41377.1,41378.5
1650491100000,41374.4,41450.8,41371.2,41447.5
1650491400000,41445.2,41468.9,41434.5,41448.5
1650491700000,41449.1,41468.3,41433,41453.7
1650492000000,41451.6,41466.5,41434.3,41434.3
1650492300000,41436.1,41451.4,41419.7,41432.8
1650492600000,41433.8,41480.4,41417.1,41468.4
1650492900000,41466,41540.8,41459.2,41533.9
1650493200000,41535,41578.9,41474.6,41483.6
1650493500000,41485.7,41503.6,41434.9,41457.2
1650493800000,41457.7,41467.7,41436.2,41465.9
1650494100000,41465.5,41499,41421.7,41490.1
1650494400000,41493.7,41522.8,41486.9,41486.9
1650494700000,41485.8,41506.6,41483.5,41485.1
1650495000000,41484.8,41504.9,41447,41447
1650495300000,41446.6,41457.6,41433.9,41445.2
1650495600000,41445,41447.8,41379.8,41386.3
1650495900000,41387.7,41413.2,41322.9,41324.5
1650496200000,41324.3,41342.2,41296.2,41322.6
1650496500000,41322.9,41373.2,41305.3,41344.6
1650496800000,41346.9,41359.2,41334.1,41358.8
1650497100000,41362.2,41380.9,41350.4,41375.1
1650497400000,41374.1,41377.3,41316.5,41364.2
1650497700000,41363.9,41371.9,41262.2,41299.9
1650498000000,41299.3,41331.6,41289,41327.3
1650498300000,41326.8,41365.1,41321.5,41357.7
1650498600000,41360,41370.8,41318.4,41322.1
1650498900000,41324.5,41332,41299.8,41323.5
1650499200000,41318.2,41373.8,41289,41322.6
1650499500000,41321,41407.3,41313.4,41385.2
1650499800000,41386.6,41471.1,41382,41435.6
1650500100000,41441.5,41445.6,41389.1,41395.8
1650500400000,41396,41407.8,41370.6,41391.3
1650500700000,41391.5,41475.9,41379.3,41467.8
1650501000000,41468,41471.5,41435.2,41440.9
1650501300000,41438.9,41464.9,41433.6,41456.8
1650501600000,41452.7,41493.1,41444.5,41492.5
1650501900000,41492.6,41523.7,41482.8,41495.9
1650502200000,41502,41502,41457.7,41469.1
1650502500000,41469.5,41523.5,41469.1,41499.2
1650502800000,41499.7,41527,41495.3,41507.9
1650503100000,41507.1,41516,41483.5,41515.9
1650503400000,41516,41518,41438.7,41450.3
1650503700000,41446.1,41449.6,41433.2,41446.7
1650504000000,41445.1,41553.8,41445.1,41553.1
1650504300000,41553.8,41621.2,41551.6,41604.5
1650504600000,41601.3,41621.9,41571.7,41621.7
1650504900000,41621.5,41728.1,41620.9,41677.5
1650505200000,41676.2,41700.1,41659.4,41699.5
1650505500000,41699.3,41699.5,41657.3,41660.5
1650505800000,41668.1,41668.4,41599.4,41635
1650506100000,41634.6,41650.1,41602.2,41632.5
1650506400000,41632.8,41641.2,41611.9,41616.3
1650506700000,41613.4,41668.3,41585.6,41658.9
1650507000000,41659.9,41685.7,41653.2,41663.8
1650507300000,41659.9,41680.9,41640.8,41656.2
1650507600000,41656,41656,41624.8,41626.9
1650507900000,41627,41661.3,41627,41646.6
1650508200000,41645.3,41660.6,41603.2,41613.3
1650508500000,41613.2,41619.9,41536.9,41562.5
1650508800000,41562.1,41580.2,41547.3,41558.3
1650509100000,41558.2,41562.8,41534,41547.5
1650509400000,41541.6,41595.2,41541.4,41579
1650509700000,41587.8,41599.3,41586.8,41586.8
1650510000000,41581.1,41610,41521.3,41543.8
1650510300000,41552.2,41572.7,41546.4,41546.4
1650510600000,41543.7,41603.9,41543.7,41581.1
1650510900000,41581.5,41635.8,41577.8,41622.1
1650511200000,41622.5,41625.6,41560.3,41562
1650511500000,41560.2,41612.1,41560.2,41607.7
1650511800000,41608.9,41617.5,41554.1,41566.4
1650512100000,41565.3,41620.4,41564.1,41617.7
1650512400000,41618.1,41624.3,41592.9,41611.2
1650512700000,41611.4,41615.3,41594.8,41610.4
1650513000000,41613.7,41658.6,41613.7,41651.5
1650513300000,41645.7,41668.7,41643.3,41654.2
1650513600000,41654.5,41661.7,41633.5,41639.9
1650513900000,41636.5,41643.5,41612.4,41640.5
1650514200000,41641.7,41695.7,41629.7,41683.4
1650514500000,41683.9,41711.5,41629.4,41633.4
1650514800000,41633.4,41637.1,41599.7,41615.8
1650515100000,41612,41620.2,41593.7,41595
1650515400000,41596.6,41622.5,41543.1,41546.6
1650515700000,41547.1,41554.4,41496.4,41513.5
1650516000000,41514.9,41538.5,41498.9,41535.4
1650516300000,41533,41533,41518.9,41523
1650516600000,41528.1,41541.1,41521.1,41541.1
1650516900000,41542.6,41577.4,41540.8,41564.7
1650517200000,41566.7,41573,41540.9,41543.5
1650517500000,41542.7,41599,41542.7,41596.5
1650517800000,41597.4,41632.2,41593.8,41624.9
1650518100000,41625.7,41656.4,41622.6,41623.2
1650518400000,41623.1,41633.5,41610.1,41616.5
1650518700000,41615.6,41617.4,41543.1,41558.2
1650519000000,41558.6,41563.1,41516.9,41516.9
1650519300000,41516.6,41520.6,41463.3,41476.3
1650519600000,41477.9,41492.7,41424.6,41453.8
1650519900000,41454,41481,41443.7,41461.9
1650520200000,41461.9,41546.1,41429.6,41429.6
1650520500000,41429.6,41480.8,41429.6,41480.8
1650520800000,41480.8,41480.8,41433.7,41441
1650521100000,41435.8,41446,41433.7,41435.3
1650521400000,41435.3,41467,41435.3,41440
1650521700000,41441.8,41454,41435.3,41435.3
1650522000000,41435.3,41466.3,41435.3,41451.1
1650522300000,41453.1,41474.8,41435.3,41459.3
1650522600000,41464.4,41579.9,41459.3,41542.1
1650522900000,41542.1,41542.1,41521.5,41542.1
1650523200000,41542.1,41606.6,41542.1,41567.6
1650523500000,41567.6,41641.5,41525.2,41561.6
1650523800000,41561.6,41561.7,41525.4,41525.4
1650524100000,41525.4,41525.4,41525.4,41525.4
1650524400000,41525.4,41525.4,41525.4,41525.4
1650524700000,41525.4,41525.4,41525.4,41525.4
1650525000000,41525.4,41529.1,41496.5,41496.5
1650525300000,41496.5,41592.4,41496.5,41541.6
1650525600000,41541.6,41668.9,41541.6,41595
1650525900000,41595,41601,41595,41595
1650526200000,41595,41702.7,41595,41630.1
1650526500000,41630.1,41669.5,41630.1,41669.5
1650526800000,41669.5,41710,41630.1,41672.5
1650527100000,41672.5,41714.5,41652.8,41656.2
1650527400000,41656.2,41795.3,41653.7,41712
1650527700000,41712.5,41968.9,41703.8,41904.7
1650528000000,41904.7,41986.3,41837.4,41841.9
1650528300000,41839.8,41850.5,41743.6,41801.4
1650528600000,41802.6,41802.6,41747.4,41759.9
1650528900000,41760.9,41774.8,41750,41773.8
1650529200000,41771.8,41829.7,41766.2,41809.7
1650529500000,41799.1,41910.6,41776.1,41844.6
1650529800000,41844.6,41924.2,41837,41891.2
1650530100000,41891.2,41891.2,41851.7,41856.1
1650530400000,41856.1,41975.2,41849.7,41882.7
1650530700000,41882.7,42052,41880.8,41961.4
1650531000000,41960.6,42006,41911,41911
1650531300000,41911,41969,41911,41969
1650531600000,41969,41969,41916,41916
1650531900000,41909.7,41909.7,41845.2,41858.7
1650532200000,41858.7,41861,41842.9,41849.8
1650532500000,41850.3,41921.4,41817.7,41817.7
1650532800000,41817.7,41856.7,41813.2,41821.7
1650533100000,41826.4,41972.6,41819.2,41882.7
1650533400000,41883.7,41925.8,41854.6,41895
1650533700000,41895,41981.6,41821.4,41824.2
1650534000000,41824.4,41824.4,41723.9,41740.6
1650534300000,41728.1,41826.7,41727.7,41799.6
1650534600000,41741.9,41826.2,41721,41765.9
1650534900000,41765.9,41854.4,41765.9,41854.4
1650535200000,41854.4,41854.4,41799.9,41799.9
1650535500000,41799.9,41822.7,41799.9,41799.9
1650535800000,41799.9,41951.1,41799.9,41904.8
1650536100000,41906.4,42375.5,41906.4,42327.6
1650536400000,42329,42342.9,42209.3,42209.3
1650536700000,42209.3,42252.1,42134.5,42166.9
1650537000000,42160,42193.2,42143.3,42143.3
1650537300000,42143.3,42318.4,42143.3,42238.9
1650537600000,42233.8,42363.6,42230.9,42261.2
1650537900000,42261.2,42419.8,42261.2,42347
1650538200000,42347,42433.6,42281.3,42311.4
1650538500000,42311.4,42311.4,42206.1,42209.7
1650538800000,42210.1,42302.8,42209.5,42286
1650539100000,42286,42431.5,42269.9,42340.1
1650539400000,42338.9,42427.1,42313,42323.9
1650539700000,42323.9,42422.6,42323.9,42325.8
1650540000000,42324.1,42422.1,42324.1,42335
1650540300000,42335.4,42445,42335.4,42445
1650540600000,42445,42499.9,42383.7,42419.3
1650540900000,42418.5,42646.6,42408.8,42542.3
1650541200000,42542.3,42614.2,42440.6,42441.7
1650541500000,42441.7,42525.2,42358.2,42412
1650541800000,42412.2,42446.7,42335.6,42358.6
1650542100000,42361.5,42512,42358.6,42433.6
1650542400000,42496.5,42632.2,42433.6,42512
1650542700000,42514.4,42591,42494.4,42515.7
1650543000000,42515.7,42546.3,42385.7,42390.7
1650543300000,42390.7,42456.9,42317,42386.8
1650543600000,42378.2,42567.1,42378.2,42441.3
1650543900000,42441.5,42575.8,42420.7,42490.5
1650544200000,42488,42676,42478.3,42541.6
1650544500000,42541.6,42561.6,42541.6,42561.6
1650544800000,42561.6,42699.9,42561.6,42663.3
1650545100000,42663.3,42783.1,42590.2,42654.9
1650545400000,42651.5,42802.1,42651.5,42686.3
1650545700000,42690.3,42793.7,42673.5,42677
1650546000000,42677,42713.2,42597.6,42656.5
1650546300000,42656.5,42662.1,42576.5,42576.5
1650546600000,42582.8,42757,42574.3,42659.4
1650546900000,42656.1,42876.7,42647.9,42819.4
1650547200000,42819.7,42938.4,42776.7,42858.4
1650547500000,42858.4,42924.6,42775.9,42803.7
1650547800000,42803.7,42990.3,42738.9,42917.1
1650548100000,42917.1,42947,42737,42737
1650548400000,42736.8,42746.9,42690.6,42724.5
1650548700000,42724.5,42803.4,42631.4,42658.3
1650549000000,42658.8,42793.6,42600.1,42621.2
1650549300000,42685,42685,42636.9,42677.6
1650549600000,42677.6,42677.6,42551.2,42556.2
1650549900000,42557.9,42574.4,42542.5,42574.4
1650550200000,42574.4,42653,42503.8,42574.4
1650550500000,42574.4,42632.4,42574.4,42590.7
1650550800000,42587.3,42589.3,42521.3,42560.8
1650551100000,42558.9,42656.2,42536,42656.2
1650551400000,42656.2,42690.8,42571.7,42611.5
1650551700000,42611.5,42611.5,42543.4,42543.4
1650552000000,42543.4,42549.5,42422.9,42483.5
1650552300000,42485.6,42498.4,42398.4,42403.6
1650552600000,42401.8,42432.3,42383.7,42420.2
1650552900000,42422,42475.7,42415.9,42469.5
1650553200000,42469.5,42514.1,42461.8,42499.9
1650553500000,42499.8,42582,42480.4,42491
1650553800000,42491,42506.2,42491,42500.1
1650554100000,42499.9,42596.5,42497.1,42512.8
1650554400000,42512.8,42542.1,42426,42486.4
1650554700000,42486.9,42506.3,42486.9,42506.3
1650555000000,42506.3,42506.3,42352.9,42360
1650555300000,42360,42377.2,42247.5,42249.4
1650555600000,42249.8,42251.2,42222.2,42237.4
1650555900000,42237.5,42246.8,42222.2,42222.2
1650556200000,42222.2,42222.2,42174.2,42176.3
1650556500000,42176.3,42176.3,42155.4,42155.4
1650556800000,42155.4,42155.4,42033.8,42046.3
1650557100000,42039.5,42047.4,41962.5,41991.3
1650557400000,41991.2,42047.8,41959.5,42044.8
1650557700000,42043.9,42080.7,42010.9,42076.5
1650558000000,42079,42090.9,42004.1,42007
1650558300000,42009.8,42014.1,41885.8,41901.5
1650558600000,41901.5,41963.3,41865.9,41914.3
1650558900000,41915.2,41931.7,41903.5,41903.5
1650559200000,41903.5,41954.4,41903.5,41936.2
1650559500000,41941.2,42050.7,41903.5,41939
1650559800000,41939,41939,41845.1,41905
1650560100000,41905,41912.1,41784.3,41788.6
1650560400000,41788.5,41803.1,41739.9,41775.2
1650560700000,41773.3,41773.3,41729.9,41729.9
1650561000000,41731.2,41783.9,41655.7,41679
1650561300000,41678.2,41721.4,41574.3,41597.9
1650561600000,41601.2,41893.4,41589.6,41769.5
1650561900000,41771.3,41934.3,41762.1,41879.6
1650562200000,41882.1,41958.6,41753.8,41762.2
1650562500000,41762.2,41786.8,41524.8,41529.8
1650562800000,41529.8,41637.9,41529.8,41588.9
1650563100000,41588.9,41647.6,41538.2,41647.6
1650563400000,41647.6,41687.6,41552.3,41554.2
1650563700000,41554.2,41554.2,41470.9,41508.7
1650564000000,41508.4,41508.4,41353.7,41365.1
1650564300000,41367.4,41455.4,41352.8,41442.9
1650564600000,41436.5,41470.5,41425.1,41435.1
1650564900000,41430.3,41583.6,41417.5,41560
1650565200000,41560,41667.8,41503.5,41570.3
1650565500000,41566.3,41570.3,41557.8,41557.8
1650565800000,41557.8,41628.9,41503.5,41532.5
1650566100000,41531.8,41668.6,41530.7,41567.6
1650566400000,41568.3,41604.1,41540.6,41550.5
1650566700000,41549.3,41554.4,41374.4,41386.2
1650567000000,41385.2,41467,41378.9,41434.4
1650567300000,41435.9,41471.7,41385.3,41420.4
1650567600000,41417.6,41422.9,41305.1,41323
1650567900000,41321.6,41422.4,41321.6,41348.8
1650568200000,41349,41417.5,41343.5,41412.8
1650568500000,41412.9,41447.9,41372.2,41372.2
1650568800000,41371.9,41420.9,41340.8,41420.7
1650569100000,41421.4,41484.7,41376.9,41467.4
1650569400000,41467.7,41511.5,41414.7,41434
1650569700000,41434.4,41434.4,41322.4,41369
1650570000000,41371,41505.2,41359.2,41398.5
1650570300000,41400.3,41454.2,41174.6,41191.3
1650570600000,41193,41307.6,41193,41269
1650570900000,41268.4,41282.2,41195.6,41196.4
1650571200000,41195.5,41254.2,41119.8,41252.1
1650571500000,41261.1,41261.1,41172.1,41183.3
1650571800000,41179.2,41209.8,41091.7,41155.7
1650572100000,41152.9,41167.6,41104.9,41104.9
1650572400000,41104.7,41168.9,41055.2,41092.2
1650572700000,41093.3,41143.7,41091.3,41117.5
1650573000000,41114.2,41140.4,40970.4,41009.5
1650573300000,41008.6,41012.3,40659.6,40660.1
1650573600000,40659.8,40730.8,40611.8,40659.4
1650573900000,40658.1,40778,40604.1,40758.6
1650574200000,40759.4,40759.6,40685.2,40696.8
1650574500000,40700,40702.1,40508.4,40559.3
1650574800000,40522,40619.4,40518.6,40604
1650575100000,40603.9,40868.8,40600.3,40773.3
1650575400000,40773.1,40863.7,40686.2,40693.6
1650575700000,40690.4,40842.8,40619.2,40649.9
1650576000000,40649.6,40804.7,40633.2,40704.9
1650576300000,40704.9,40825.1,40632.8,40706.7
1650576600000,40706.5,40876.8,40703.2,40774.1
1650576900000,40774.1,40864.2,40745.9,40764.8
1650577200000,40766,40867.3,40727.6,40776.7
1650577500000,40775,40862.1,40647.9,40669
1650577800000,40668.8,40780.9,40653.2,40695.8
1650578100000,40697.4,40793,40690.8,40692.7
1650578400000,40678.5,40721.1,40558.5,40652.3
1650578700000,40678.2,40750.2,40643,40664.2
1650579000000,40665.2,40811.2,40665,40712
1650579300000,40708.4,40839.9,40708.4,40734.8
1650579600000,40734.4,40818.1,40637.5,40648.6
1650579900000,40650.2,40725.5,40248.3,40248.3
1650580200000,40249.9,40250.2,39760.8,39931.2
1650580500000,39932.4,40213.2,39892.4,40077.5
1650580800000,40081.7,40410.7,40081.7,40330.5
1650581100000,40328.3,40473.7,40291.4,40410.5
1650581400000,40410.5,40505.9,40297.2,40297.2
1650581700000,40297.2,40427.9,40249.9,40390.5
1650582000000,40378.4,40507.2,40313,40404.3
1650582300000,40404.4,40467.1,40352.2,40398.7
1650582600000,40394.7,40526.1,40394.7,40425.4
1650582900000,40425.4,40439.3,40335.3,40338.3
1650583200000,40339.9,40349.4,40328.7,40332.7
1650583500000,40332.7,40478.1,40307.4,40375.7
1650583800000,40375.8,40474.3,40375.8,40407
1650584100000,40402.3,40505.4,40402.3,40417.2
1650584400000,40417.2,40513.5,40417.2,40428.5
1650584700000,40430.8,40526.1,40428.5,40428.5
1650585000000,40431.9,40600.8,40431.9,40501.3
1650585300000,40501.3,40576.6,40473.6,40522.4
1650672000000,39647.2,39747,39625.9,39742
1650672300000,39742.5,39777,39600.5,39724.4
1650672600000,39726.6,39813.8,39644,39651.6
1650672900000,39653.1,39704.6,39650.4,39679.8
1650673200000,39679.7,39699.9,39647,39656
1650673500000,39656,39656.9,39606.9,39617
1650673800000,39617.9,39629.1,39542.7,39560.1
1650674100000,39560.1,39592.2,39548.4,39584.7
1650674400000,39584.7,39621.4,39574.9,39587.6
1650674700000,39587.6,39587.6,39528.9,39550.9
1650675000000,39550.9,39554.9,39498.4,39503.7
1650675300000,39503.4,39547.6,39501.5,39507.4
1650675600000,39507.1,39541.4,39500.6,39519.1
1650675900000,39519.1,39563.2,39512.3,39553.9
1650676200000,39555.5,39557.3,39511.7,39539.6
1650676500000,39539.5,39577.6,39521.8,39541.3
1650676800000,39541.1,39567.5,39515.5,39552.5
1650677100000,39552.5,39589.5,39541.8,39553.7
1650677400000,39554.2,39614.9,39550.3,39614.9
1650677700000,39612.5,39615,39564.8,39579
1650678000000,39580.3,39592.3,39518.9,39592
1650678300000,39594,39645,39545.5,39550.5
1650678600000,39550.4,39568.6,39525.9,39534.5
1650678900000,39535,39605.3,39534.4,39556.4
1650679200000,39557.7,39560.5,39478.3,39496.4
1650679500000,39496.4,39501.6,39418.2,39452
1650679800000,39455.6,39460.8,39405,39430.8
1650680100000,39433.4,39453.2,39417.6,39444.6
1650680400000,39446.6,39466.4,39441.2,39466.4
1650680700000,39466.4,39482.8,39420.1,39460.3
1650681000000,39461.1,39498.4,39441.7,39474.7
1650681300000,39474.7,39495,39471.8,39490.7
1650681600000,39492.5,39494.4,39445.8,39474
1650681900000,39473.6,39489.2,39432.1,39439.6
1650682200000,39439.6,39455.7,39380.3,39380.3
1650682500000,39380.3,39444.8,39380.3,39438.4
1650682800000,39438.4,39459.7,39410.9,39457.3
1650683100000,39457.3,39457.3,39392.6,39396.4
1650683400000,39398,39447.5,39384.8,39447.1
1650683700000,39448.8,39449.9,39402,39412
1650684000000,39414.7,39493.4,39406.1,39473.1
1650684300000,39473.1,39476.4,39393.2,39407.2
1650684600000,39408.6,39460.6,39380.3,39460.3
1650684900000,39460.3,39474.1,39417.6,39420.1
1650685200000,39417.7,39425.4,39380.3,39384.3
1650685500000,39385.5,39395.2,39380.3,39381.9
1650685800000,39381.9,39429.8,39381.9,39429.8
1650686100000,39429.1,39438.6,39400.5,39402.3
1650686400000,39402.2,39472.5,39394.1,39471.1
1650686700000,39471.9,39494.7,39455.7,39482.3
1650687000000,39482.6,39507.5,39457.5,39458.1
1650687300000,39458.1,39483.4,39390.7,39401
1650687600000,39400.1,39401.8,39235,39302.3
1650687900000,39301.9,39337.4,39231.2,39327.9
1650688200000,39326.2,39363.9,39307.1,39363.9
1650688500000,39368,39448.1,39360.4,39446.2
1650688800000,39444.1,39449.6,39400,39444.1
1650689100000,39444.2,39471.2,39395,39470.5
1650689400000,39470.5,39490.9,39443.2,39472.7
1650689700000,39472.7,39503,39454,39477.8
1650690000000,39476.7,39531.9,39461,39509.7
1650690300000,39508.5,39517.6,39451.6,39483.9
1650690600000,39484,39488.2,39448.5,39466.6
1650690900000,39466.6,39530.1,39464.2,39522.7
1650691200000,39522.5,39541.4,39500,39505.7
1650691500000,39505.7,39528.2,39489.1,39517.8
1650691800000,39517,39528.5,39485.3,39520.1
1650692100000,39519.9,39560.9,39510.5,39538.9
1650692400000,39540.2,39550.3,39519.6,39546.3
1650692700000,39546.3,39569,39525.2,39526.1
1650693000000,39523.4,39541.8,39497.9,39506.2
1650693300000,39507.5,39528.2,39502.5,39512.5
1650693600000,39512,39544.4,39491.5,39503.3
1650693900000,39503.2,39544.6,39496.4,39526.7
1650694200000,39526.7,39609.7,39518.3,39604.4
1650694500000,39607,39618.2,39570.4,39587.7
1650694800000,39587.6,39588.2,39546.5,39559.3
1650695100000,39559.4,39682.2,39540.7,39572.9
1650695400000,39572.9,39572.9,39572.9,39572.9
1650695700000,39572.9,39572.9,39572.9,39572.9
1650696000000,39572.9,39572.9,39546.9,39546.9
1650696300000,39546.9,39549.2,39546.9,39546.9
1650696600000,39546.9,39557.2,39546.9,39553.3
1650696900000,39553.3,39554.3,39546.9,39546.9
1650697200000,39546.9,39567.2,39546.9,39566.4
1650697500000,39566.4,39571.3,39559.4,39566.2
1650697800000,39566.2,39576.8,39566.2,39566.2
1650698100000,39566.2,39584.5,39566.2,39568.7
1650698400000,39568.7,39600.6,39566.2,39577.4
1650698700000,39577.4,39586.5,39566.2,39574.4
1650699000000,39574.4,39578.9,39574.4,39574.4
1650699300000,39574.4,39574.4,39574.4,39574.4
1650699600000,39574.4,39574.4,39574.4,39574.4
1650699900000,39574.4,39574.4,39574.4,39574.4
1650700200000,39574.4,39574.4,39574.4,39574.4
1650700500000,39574.4,39574.4,39574.4,39574.4
1650700800000,39574.4,39574.4,39574.4,39574.4
1650701100000,39574.4,39574.4,39574.4,39574.4
1650701400000,39574.4,39574.4,39574.4,39574.4
1650701700000,39574.4,39574.4,39574.4,39574.4
1650702000000,39574.4,39574.4,39574.4,39574.4
1650702300000,39574.4,39575.4,39574.4,39574.4
1650702600000,39574.4,39579,39574.4,39576.7
1650702900000,39576.5,39606.2,39574.4,39576.8
1650703200000,39576.8,39600.7,39574.9,39596.5
1650703500000,39596.5,39629.3,39580.2,39622.1
1650703800000,39622,39631.4,39581.2,39589.1
1650704100000,39588.4,39592.2,39574.4,39585.8
1650704400000,39585.8,39607,39574.4,39574.4
1650704700000,39574.4,39574.4,39574.4,39574.4
1650705000000,39574.4,39574.4,39574.4,39574.4
1650705300000,39574.4,39574.4,39574.4,39574.4
1650705600000,39574.4,39574.4,39574.4,39574.4
1650705900000,39574.4,39574.4,39574.4,39574.4
1650706200000,39574.4,39574.4,39574.4,39574.4
1650706500000,39574.4,39574.4,39574.4,39574.4
1650706800000,39574.4,39574.4,39574.4,39574.4
1650707100000,39574.4,39574.4,39574.4,39574.4
1650707400000,39574.4,39574.4,39574.4,39574.4
1650707700000,39574.4,39574.4,39574.4,39574.4
1650708000000,39574.4,39574.4,39574.4,39574.4
1650708300000,39574.4,39574.4,39574.4,39574.4
1650708600000,39574.4,39574.4,39574.4,39574.4
1650708900000,39574.4,39574.4,39574.4,39574.4
1650709200000,39574.4,39574.4,39574.4,39574.4
1650709500000,39574.4,39574.4,39574.4,39574.4
1650709800000,39574.4,39574.4,39574.4,39574.4
1650710100000,39574.4,39574.4,39574.4,39574.4
1650710400000,39574.4,39574.4,39574.4,39574.4
1650710700000,39574.4,39608.6,39574.4,39574.6
1650711000000,39574.4,39579.2,39574.4,39574.4
1650711300000,39574.4,39574.4,39574.4,39574.4
1650711600000,39574.4,39590.9,39574.4,39574.4
1650711900000,39574.4,39581.4,39574.4,39574.4
1650712200000,39574.4,39625.1,39574.4,39617.7
1650712500000,39616.5,39638.9,39587.3,39592.1
1650712800000,39592.1,39617.3,39584.3,39584.3
1650713100000,39579.9,39614.5,39576.4,39610.6
1650713400000,39611.1,39616.9,39583.5,39599.7
1650713700000,39598.9,39610.3,39574.4,39574.4
1650714000000,39575.7,39593.7,39574.4,39584.2
1650714300000,39585.7,39602.8,39574.4,39574.4
1650714600000,39574.4,39576,39574.4,39574.4
1650714900000,39574.4,39574.4,39574.4,39574.4
1650715200000,39574.4,39595.1,39574.4,39574.4
1650715500000,39574.4,39574.4,39574.4,39574.4
1650715800000,39574.4,39574.4,39574.4,39574.4
1650716100000,39574.4,39574.4,39574.4,39574.4
1650716400000,39574.4,39579.4,39574.4,39574.4
1650716700000,39574.4,39696.7,39574.4,39692.6
1650717000000,39696.1,39726.8,39614.4,39632.2
1650717300000,39636,39671,39613.8,39646.8
1650717600000,39647.2,39708.1,39647.2,39667.5
1650717900000,39667.5,39698.7,39639.2,39657.6
1650718200000,39657.9,39657.9,39635,39638.3
1650718500000,39638.2,39669.3,39637,39650
1650718800000,39650.5,39696.1,39643.2,39693
1650719100000,39693,39749.8,39673.1,39701.5
1650719400000,39701.4,39732.6,39681.1,39716.1
1650719700000,39716.4,39728.1,39689.1,39719.2
1650720000000,39719.2,39728.1,39695.4,39696.2
1650720300000,39695.5,39719.5,39661.9,39702.6
1650720600000,39704,39722.9,39662.8,39679.4
1650720900000,39677.6,39703.1,39607.2,39626.1
1650721200000,39620.7,39655.2,39597.1,39644.9
1650721500000,39644.6,39653.9,39601.4,39608.9
1650721800000,39608.9,39644.2,39608.9,39643
1650722100000,39642.9,39672.6,39624.8,39659
1650722400000,39658.8,39709.7,39656.2,39684.9
1650722700000,39684.9,39710.1,39667.9,39706.2
1650723000000,39706,39716.7,39680.2,39685.1
1650723300000,39685.8,39703.3,39636.4,39664
1650723600000,39664,39664,39599.9,39609.2
1650723900000,39609.9,39619.3,39595.2,39616.1
1650724200000,39616.1,39624.7,39602.3,39602.7
1650724500000,39603.3,39622.6,39596,39610.8
1650724800000,39611.3,39636.4,39597.7,39603.3
1650725100000,39605.6,39625.2,39595.6,39620.8
1650725400000,39621.9,39643.8,39617,39628.4
1650725700000,39627.3,39671.2,39626.1,39670.3
1650726000000,39672.2,39673,39634.7,39641.1
1650726300000,39642.7,39697.4,39642.7,39673.1
1650726600000,39673,39681.1,39639.2,39665.1
1650726900000,39665,39679.7,39617.9,39679.7
1650727200000,39679.2,39717,39679.2,39686.1
1650727500000,39689.7,39875.9,39687.9,39748.8
1650727800000,39748.8,39828.5,39748.8,39813.9
1650728100000,39813.9,39813.9,39670.2,39693
1650728400000,39696.7,39747.2,39689.3,39726
1650728700000,39725.9,39747.8,39693.4,39745
1650729000000,39746,39772.9,39712.8,39770.2
1650729300000,39770.2,39781.9,39739,39751.1
1650729600000,39750.2,39771.2,39674,39678.3
1650729900000,39679.7,39811.3,39666.1,39811.3
1650730200000,39814,39922.7,39784.9,39897.6
1650730500000,39897.2,39929.7,39837.4,39840.7
1650730800000,39838.1,39877.8,39820.5,39822.3
1650731100000,39822.2,39857.9,39782.6,39836.7
1650731400000,39836.6,39881.4,39834,39848.2
1650731700000,39848.1,39854.9,39813.2,39838
1650732000000,39839.5,39866.8,39816.8,39840.5
1650732300000,39839.9,39894.9,39837.5,39875.8
1650732600000,39875.8,39885,39854.1,39854.3
1650732900000,39854.3,39856,39846.5,39855
1650733200000,39855,39855,39693.7,39739
1650733500000,39739,39739,39679,39705.7
1650733800000,39705.6,39713.6,39675.3,39706.3
1650734100000,39706.2,39708.6,39660,39687.3
1650734400000,39687.2,39716.4,39679.5,39687.1
1650734700000,39687.1,39727.7,39686.5,39705.6
1650735000000,39705.6,39742.2,39697.9,39712.3
1650735300000,39712.4,39750.3,39710.2,39747.5
1650735600000,39747.5,39750.3,39718.9,39737.2
1650735900000,39737.2,39738.3,39713.7,39717.1
1650736200000,39717,39754,39716.4,39728.5
1650736500000,39728.1,39772.6,39727.9,39767.6
1650736800000,39767.5,39773.7,39744.6,39747
1650737100000,39745.6,39767,39742.2,39748.5
1650737400000,39748.8,39777.2,39747.5,39775.9
1650737700000,39778,39803,39762.9,39785.4
1650738000000,39785.4,39786.9,39762,39765.9
1650738300000,39766.4,39770,39734.2,39734.2
1650738600000,39734.2,39791.1,39727.8,39728.5
1650738900000,39728.5,39732.5,39660.7,39666.7
1650739200000,39668.4,39698.6,39666.3,39669.6
1650739500000,39669.5,39686.7,39623.9,39656.1
1650739800000,39656.1,39660.1,39627.8,39650.6
1650740100000,39651.4,39651.4,39601.2,39627.8
1650740400000,39627.8,39645.3,39612.1,39644.2
1650740700000,39644.2,39684.4,39634.7,39656.9
1650741000000,39651.8,39671.2,39646.1,39666.6
1650741300000,39666.6,39666.6,39657.6,39658.7
1650741600000,39659.6,39701,39648.2,39691.6
1650741900000,39691.5,39691.5,39641.5,39655.4
1650742200000,39655.3,39681.6,39649.1,39671.3
1650742500000,39670.9,39693.8,39647,39673
1650742800000,39672.1,39691.2,39667.3,39682.6
1650743100000,39682.6,39694.7,39664.9,39666.1
1650743400000,39667,39683.4,39655.5,39657.9
1650743700000,39657.9,39727,39653.9,39706.3
1650744000000,39706.3,39778,39698.6,39763.1
1650744300000,39766.5,39766.5,39731,39744.6
1650744600000,39744.7,39744.7,39716.4,39720.7
1650744900000,39720.9,39739.2,39716.9,39718.1
1650745200000,39718,39751,39708.9,39747.1
1650745500000,39747.2,39751.1,39723.6,39727.5
1650745800000,39728.4,39766.3,39726.7,39741.5
1650746100000,39741.5,39758.6,39737.4,39737.4
1650746400000,39737.4,39748.8,39721.2,39742.3
1650746700000,39742.3,39748.2,39725.6,39727.6
1650747000000,39727.6,39748.8,39727,39744.7
1650747300000,39744.7,39750.2,39718,39750.2
1650747600000,39750.2,39774.9,39750.2,39761
1650747900000,39761.2,39773.7,39754.7,39773.5
1650748200000,39773.4,39778.1,39769.6,39774.5
1650748500000,39775.1,39776.3,39771,39774.1
1650748800000,39774.8,39774.8,39742.9,39772.2
1650749100000,39774.7,39819.4,39774.7,39819.4
1650749400000,39819.3,39819.3,39806.4,39809.5
1650749700000,39807.8,39822.1,39807.8,39822.1
1650750000000,39821.1,39858.8,39821,39845.6
1650750300000,39845.7,39850,39817.1,39818.4
1650750600000,39817.7,39905.4,39814.9,39888.6
1650750900000,39888.3,39888.3,39797.5,39854.7
1650751200000,39842.4,39858.2,39828.5,39830
1650751500000,39829.9,39838.4,39798.5,39823.9
1650751800000,39824.4,39864.8,39820,39824.8
1650752100000,39824.7,39850.7,39810.5,39847.2
1650752400000,39847.4,39855.6,39835.2,39835.5
1650752700000,39835.6,39841.3,39821.6,39832.2
1650753000000,39833.8,39861.7,39832.2,39861.5
1650753300000,39861.3,39888.5,39860.7,39872.6
1650753600000,39872,39883.2,39845.7,39861.6
1650753900000,39861.5,39882.3,39849.7,39859.7
1650754200000,39859.5,39862.1,39830.6,39835.3
1650754500000,39835.5,39835.5,39758.6,39777.6
1650754800000,39776.9,39777.6,39746.5,39759.3
1650755100000,39758.6,39777.2,39734.3,39750.4
1650755400000,39750.2,39750.2,39735.8,39748.9
1650755700000,39748.9,39766.7,39744.5,39758.9
1650756000000,39759,39762.5,39736.2,39744.3
1650756300000,39744.1,39754.3,39735.4,39751.2
1650756600000,39751.3,39753,39574.4,39574.4
1650756900000,39574.4,39574.4,39314.8,39463.8
1650757200000,39462.6,39518.3,39445.7,39487.2
1650757500000,39487.2,39500.2,39428.6,39485
1650757800000,39484,39484,39377.8,39388.3
1650758100000,39389.7,39427.7,39376.1,39400.8
1650758400000,39400.6,39494.1,39386.1,39449.2
1650758700000,39448.6,39489.8,39424.5,39478.1
1650759000000,39478.2,39529.4,39478.2,39507.9
1650759300000,39508.5,39522.3,39479.4,39503.8
1650759600000,39503.7,39513.3,39480.4,39507.3
1650759900000,39507.5,39595.5,39507.3,39595
1650760200000,39600.5,39611.6,39571.9,39572.4
1650760500000,39571.4,39603.8,39558.9,39602
1650760800000,39601.8,39601.8,39578.4,39583.8
1650761100000,39583.6,39585,39546.3,39546.3
1650761400000,39546,39551.9,39516.6,39542.1
1650761700000,39542.6,39548,39525.6,39525.6
1650762000000,39523.3,39563.5,39490.1,39534.9
1650762300000,39534.8,39573.3,39534.8,39561.7
1650762600000,39562.5,39593.2,39558.2,39573.3
1650762900000,39573.2,39595.6,39564.3,39580.5
1650763200000,39580.1,39581.4,39537,39543.6
1650763500000,39542.4,39566.7,39522.3,39545.9
1650763800000,39546.3,39560.6,39519.2,39519.5
1650764100000,39519.4,39531.5,39508.4,39523.1
1650764400000,39524.4,39537.6,39510.8,39521.1
1650764700000,39521,39549.3,39492.7,39492.7
1650765000000,39492.5,39492.6,39443.6,39464.2
1650765300000,39464.3,39464.3,39436.1,39439.7
1650765600000,39439.9,39463.7,39436.7,39442.9
1650765900000,39443,39450.7,39385.2,39443.4
1650766200000,39443.5,39526.6,39443.4,39509.4
1650766500000,39507.4,39539.7,39504.9,39526.6
1650766800000,39527,39536.1,39515.6,39531.7
1650767100000,39532,39533,39517.1,39526.9
1650767400000,39526.2,39536.1,39520.2,39535.9
1650767700000,39536.1,39541,39530.2,39534.1
1650768000000,39534.9,39558.4,39532.1,39555.3
1650768300000,39555.8,39555.8,39533.9,39540.4
1650768600000,39541.1,39541.1,39483,39491.8
1650768900000,39492,39511.7,39492,39501.3
1650769200000,39500.5,39690.3,39474.6,39672.6
1650769500000,39672.5,39697.1,39639.9,39690.8
1650769800000,39690.4,39690.4,39646,39646
1650770100000,39646,39670.6,39635.8,39660.5
1650770400000,39660.6,39682.4,39660.3,39671
1650770700000,39671,39741,39666.1,39740.1
1650771000000,39740.3,39781.4,39721.9,39768
1650771300000,39768,39771,39742.2,39770.8
1650771600000,39771.2,39771.2,39733.1,39750.4
1650771900000,39751,39754.4,39737.9,39750.2
1650772200000,39753.6,39781.2,39722.8,39723.6
1650772500000,39723.8,39737.1,39723.8,39736.7
1650772800000,39736,39770,39735.8,39769.4
1650773100000,39769.1,39769.7,39741.2,39746.9
1650773400000,39746.6,39769,39742.1,39766
1650773700000,39766.2,39766.2,39737.4,39739.1
1650774000000,39739.3,39740.1,39721.8,39738.9
1650774300000,39738.8,39752.5,39695.7,39712.3
1650774600000,39712.6,39713.6,39672,39674.1
1650774900000,39673.2,39674.1,39619.5,39637.9
1650775200000,39640.4,39665.1,39640.4,39664.3
1650775500000,39664.3,39673.1,39651.4,39661.4
1650775800000,39661.7,39678.9,39659.8,39674.4
1650776100000,39676.3,39682.9,39663.6,39670.5
1650776400000,39670.8,39680.4,39666.5,39677.9
1650776700000,39677.8,39678.5,39604.6,39634.7
1650777000000,39634.3,39645.3,39627,39642.6
1650777300000,39643.7,39657.4,39633.1,39640.6
1650777600000,39640.7,39648,39629.1,39630.6
1650777900000,39629.1,39646.4,39622.5,39624.8
1650778200000,39624.9,39638.9,39618.3,39629.2
1650778500000,39627.5,39642.7,39624.1,39634
1650778800000,39634.7,39636.6,39627.5,39634.5
1650779100000,39634.6,39638.7,39628.3,39632.6
1650779400000,39634.1,39645.9,39626.7,39638.1
1650779700000,39638.2,39641.3,39633.4,39634.5
1650780000000,39634.1,39663,39612.5,39658.4
1650780300000,39660.6,39660.6,39645.7,39653.2
1650780600000,39653.5,39660.5,39642.8,39648.2
1650780900000,39649.3,39674.8,39645.4,39668.4
1650781200000,39668.5,39715.8,39667.7,39711.4
1650781500000,39711.6,39745.8,39711.6,39740.9
1650781800000,39742.3,39751.3,39716.5,39723.1
1650782100000,39726.4,39726.8,39700.4,39701.2
1650782400000,39700.9,39711.1,39695.7,39704.6
1650782700000,39704.7,39723.3,39688,39688
1650783000000,39688.3,39710.1,39677,39710.1
1650783300000,39710.5,39714.8,39702.7,39706.5
1650783600000,39708,39729.4,39706.5,39714.9
1650783900000,39714.8,39725.1,39697.2,39720.4
1650784200000,39720.5,39747.1,39717.7,39743.8
1650784500000,39743,39744.6,39734.2,39735.7
1650784800000,39736.1,39741.4,39719.3,39723.4
1650785100000,39723.3,39723.3,39701.6,39717
1650785400000,39717.6,39723.5,39706.9,39712.1
1650785700000,39712.2,39757.5,39712,39757.5
1650786000000,39757.3,39765.3,39738,39738
1650786300000,39737.9,39741.3,39713.3,39720.7
1650786600000,39721.2,39788.7,39693.7,39702.6
1650786900000,39702.2,39712.2,39694.4,39711.3
1650787200000,39711.3,39719.4,39710.6,39717.1
1650787500000,39717,39757.1,39717,39757.1
1650787800000,39758.6,39762.2,39751.7,39755.5
1650788100000,39755.6,39756.4,39730.6,39732.2
1650788400000,39730.2,39773.4,39723.8,39731.7
1650788700000,39732.2,39732.2,39700.3,39727.6
1650789000000,39727.5,39733.2,39712.1,39712.5
1650789300000,39712.1,39712.3,39701,39704.4
1650789600000,39704.5,39711.9,39701.4,39709.8
1650789900000,39710.9,39740.3,39710.9,39736.2
1650790200000,39736.3,39736.3,39702.6,39707.6
1650790500000,39708,39709.5,39685.3,39693.2
1650790800000,39692.9,39696,39661.5,39663.2
1650791100000,39663,39664.4,39633.5,39664.4
1650791400000,39664.9,39707.9,39663.2,39691.8
1650791700000,39697.5,39726.9,39694,39718.3
1650792000000,39718.2,39727.1,39711.7,39714.8
1650792300000,39714.9,39725.6,39697.6,39722.9
1650792600000,39722.8,39728.2,39718.5,39720.3
1650792900000,39720.3,39725.4,39703.1,39711.5
1650793200000,39710.8,39727.4,39694.2,39713.6
1650793500000,39713.3,39735.5,39713.1,39727.7
1650793800000,39725.3,39734.6,39721.4,39734.3
1650794100000,39734.1,39735.9,39719.8,39720.4
1650794400000,39716.8,39731.1,39710.6,39731.1
1650794700000,39737,39743.7,39717.2,39737.9
1650795000000,39738.3,39738.4,39721.4,39729.5
1650795300000,39730,39730,39686.6,39686.6
1650795600000,39686.5,39691.4,39646.3,39647.9
1650795900000,39647.3,39659.6,39642.1,39642.1
1650796200000,39641.4,39643.9,39637.6,39643.9
1650796500000,39644,39646.4,39619.6,39625.3
1650796800000,39625.3,39679.2,39617.6,39644.1
1650797100000,39645.5,39660.7,39629.2,39629.2
1650797400000,39629.7,39646.3,39609.2,39627.2
1650797700000,39628.4,39656.9,39628.4,39655.7
1650798000000,39655.7,39663,39643.4,39663
1650798300000,39663,39675.8,39663,39673.5
1650798600000,39673.3,39677.4,39666.2,39676.7
1650798900000,39676.7,39676.7,39661.7,39661.7
1650799200000,39661.7,39661.7,39661.7,39661.7
1650799500000,39661.7,39661.7,39566.2,39566.2
1650799800000,39566.2,39590.3,39566.2,39574.4
1650800100000,39574.5,39586.5,39573.1,39578.6
1650800400000,39578.4,39584.8,39566.2,39569.2
1650800700000,39569.5,39596.1,39566.2,39566.2
1650801000000,39566.2,39572.8,39566.2,39566.2
1650801300000,39566.2,39575.5,39566.2,39569.6
1650801600000,39569.4,39576.2,39566.2,39566.2
1650801900000,39566.2,39612.3,39566.2,39600.2
1650802200000,39600.2,39605.4,39588.1,39602.5
1650802500000,39602,39603.6,39581.8,39600
1650802800000,39600.1,39614.2,39572.9,39574.6
1650803100000,39575.2,39575.2,39566.2,39566.2
1650803400000,39566.2,39566.2,39566.2,39566.2
1650803700000,39566.2,39566.2,39566.2,39566.2
1650804000000,39566.2,39574.1,39566.2,39566.2
1650804300000,39566.2,39566.2,39566.2,39566.2
1650804600000,39566.2,39566.2,39566.2,39566.2
1650804900000,39566.2,39566.2,39566.2,39566.2
1650805200000,39566.2,39566.2,39566.2,39566.2
1650805500000,39566.2,39566.2,39421.9,39457.9
1650805800000,39456.6,39488.7,39450.7,39467.4
1650806100000,39467.8,39503.6,39465.3,39503.3
1650806400000,39503.1,39505.9,39486.3,39486.4
1650806700000,39486.3,39486.9,39439.8,39458.5
1650807000000,39458.4,39461.9,39441.9,39461.8
1650807300000,39461.9,39478.6,39321.7,39376.3
1650807600000,39376.5,39539,39326.5,39513.6
1650807900000,39513.6,39582.1,39502,39510.6
1650808200000,39510.8,39544.8,39490.1,39544.8
1650808500000,39544.5,39546.4,39510.9,39536.1
1650808800000,39536.2,39593.4,39536.1,39592
1650809100000,39592.3,39629.7,39554,39555.5
1650809400000,39555.1,39562.2,39536.5,39536.6
1650809700000,39537.2,39543.7,39515.4,39515.4
1650810000000,39515.2,39515.9,39471.7,39472.6
1650810300000,39472.8,39477.4,39428.7,39436.6
1650810600000,39436.1,39471.3,39334.3,39375.7
1650810900000,39375.8,39385.6,39357.4,39384
1650811200000,39384.1,39701.9,39373.8,39664.9
1650811500000,39664.7,39677.1,39633.2,39666.4
1650811800000,39666.2,39895.9,39659.9,39781.7
1650812100000,39781.3,39818.4,39696.4,39708.5
1650812400000,39707.1,39791.7,39707.1,39747.8
1650812700000,39747.7,39755.5,39664.6,39675
1650813000000,39675.9,39680.9,39647.1,39651.1
1650813300000,39649.8,39681.9,39608.2,39653.2
1650813600000,39653.6,39709.1,39649.7,39708.3
1650813900000,39706.9,39709.9,39644.5,39656.1
1650814200000,39657.2,39670.5,39623.4,39627.8
1650814500000,39627.5,39628.9,39614.4,39616.8
1650814800000,39613.4,39621.1,39603.9,39605.3
1650815100000,39605.2,39609.3,39591.6,39592
1650815400000,39600.1,39611.6,39597.8,39598
1650815700000,39598.1,39610,39595.8,39608.4
1650816000000,39608.5,39660.6,39607.3,39647.4
1650816300000,39648.2,39649.1,39584.3,39587.8
1650816600000,39587.6,39612.1,39583.8,39607.6
1650816900000,39607.6,39667.1,39605.3,39614.6
1650817200000,39615,39619.1,39502.5,39530.4
1650817500000,39528.9,39551.6,39527.7,39547
1650817800000,39547.1,39547.1,39403.5,39410.6
1650818100000,39410.5,39438.1,39368,39379.2
1650818400000,39375.4,39411.6,39368.9,39397.4
1650818700000,39396.6,39432,39365,39388.2
1650819000000,39388,39394.8,38993.5,39147.4
1650819300000,39147.7,39725.3,39147.7,39460.5
1650819600000,39457.2,39484.3,39312.5,39366
1650819900000,39365,39365,39276.8,39320
1650820200000,39320.2,39378,39278,39280.2
1650820500000,39282.8,39309.9,39240.8,39268.7
1650820800000,39269.4,39275.9,39141.4,39186.8
1650821100000,39187.1,39282.4,39156.6,39246.4
1650821400000,39247.6,39330.5,39232.9,39313.1
1650821700000,39312.8,39356.5,39303.1,39327
1650822000000,39330.2,39374.8,39293.6,39374.7
1650822300000,39374.5,39390.6,39319.4,39359.1
1650822600000,39358.7,39382.4,39323.9,39357.1
1650822900000,39357.2,39397.4,39357.2,39385
1650823200000,39384.9,39412.6,39372.8,39402.6
1650823500000,39402.7,39452.5,39402.5,39443.9
1650823800000,39444.1,39449.5,39420.5,39447
1650824100000,39446.5,39502.7,39446,39491
1650824400000,39491.4,39543.6,39487.9,39543.1
1650824700000,39542.2,39608.5,39524.7,39578.7
1650825000000,39578.5,39578.5,39545.2,39562.6
1650825300000,39561.2,39570.9,39547.9,39551.1
1650825600000,39548.8,39574.4,39545.3,39561.6
1650825900000,39560.9,39594.8,39560.9,39567
1650826200000,39566.9,39604,39555,39596.2
1650826500000,39596.4,39655.8,39575.7,39624.4
1650826800000,39624.8,39756,39624.8,39643.4
1650827100000,39643.5,39657.6,39600.3,39626.3
1650827400000,39627.9,39701.7,39626,39648.1
1650827700000,39647.9,39697.9,39647.7,39689.7
1650828000000,39687.7,39710.7,39686.3,39688.8
1650828300000,39688,39705,39678.6,39700.8
1650828600000,39701.1,39701.8,39652.5,39669.4
1650828900000,39669.5,39669.6,39652.4,39652.4
1650829200000,39652.3,39664.7,39632.1,39661.4
1650829500000,39662.4,39673.5,39610.6,39642.7
1650829800000,39642,39667.8,39631.6,39659.4
1650830100000,39659.6,39666.3,39647.6,39657.4
1650830400000,39657.4,39681.2,39646.5,39648.3
1650830700000,39648.6,39661.9,39603.9,39605.2
1650831000000,39605.6,39612.9,39539.7,39546.7
1650831300000,39545.5,39551.5,39472.3,39494.9
1650831600000,39494.8,39495,39445.4,39450.1
1650831900000,39450.3,39482.5,39449.4,39472.9
1650832200000,39471.8,39500,39471.2,39488.9
1650832500000,39488.2,39503.6,39463.3,39469.9
1650832800000,39469.3,39479.2,39458.6,39479.2
1650833100000,39479.6,39495.9,39463.5,39494.9
1650833400000,39494.7,39509.4,39447.2,39449
1650833700000,39449.5,39466.4,39442.9,39462.9
1650834000000,39456.2,39478.7,39431,39437.5
1650834300000,39437.3,39465.6,39399.7,39430.8
1650834600000,39430.8,39473.7,39397.2,39473.7
1650834900000,39473.7,39475,39424.2,39460.8
1650835200000,39461,39501,39455,39500.6
1650835500000,39500,39555.4,39482.3,39544.8
1650835800000,39542.3,39555.2,39515.4,39516.1
1650836100000,39515.9,39548.3,39496.7,39525.8
1650836400000,39525.8,39550.5,39523.4,39546.5
1650836700000,39546.1,39557,39542,39554.8
1650837000000,39554.3,39583.7,39551.8,39574.7
1650837300000,39574.3,39605.4,39562.4,39602.8
1650837600000,39580.9,39629.6,39515.6,39515.7
1650837900000,39515.7,39724.6,39515.7,39690
1650838200000,39690,39734.6,39667,39718.1
1650838500000,39718.1,39724.6,39659.7,39678.9
1650838800000,39676.2,39693.4,39655.6,39684.6
1650839100000,39684.6,39784.3,39667,39679.6
1650839400000,39679.6,39689.6,39679.6,39679.6
1650839700000,39679.6,39714.6,39679.6,39679.6
1650840000000,39679.6,39679.6,39547,39557.9
1650840300000,39554.8,39564.6,39505.9,39525.2
1650840600000,39526.3,39529.6,39493.9,39518.8
1650840900000,39514.4,39534.6,39508.5,39512.8
1650841200000,39514.6,39521.7,39499.2,39499.2
1650841500000,39494.7,39516.8,39458.1,39463.7
1650841800000,39465,39532.7,39465,39522.2
1650842100000,39524.8,39533,39458.1,39461.6
1650842400000,39460.1,39489.6,39458.1,39486.5
1650842700000,39478.1,39514.6,39458.1,39503.7
1650843000000,39503.6,39524.6,39498.3,39510.4
1650843300000,39508.4,39514.1,39458.1,39458.1
1650843600000,39458.1,39494.6,39458.1,39483.3
1650843900000,39482.3,39489.9,39458.1,39458.1
1650844200000,39458.1,39458.1,39458.1,39458.1
1650844500000,39458.1,39458.1,39458.1,39458.1
1650844800000,39458.1,39469.6,39458.1,39458.1
1650845100000,39458.1,39458.1,39271.7,39301.1
1650845400000,39301.1,39319.6,39190,39245.8
1650845700000,39243.9,39264.6,39153.5,39210.1
1650846000000,39210.1,39210.1,38851,38851
1650846300000,38851,39052.2,38851,38980.1
1650846600000,38975.5,39035.6,38895.9,38949.2
1650846900000,38949.3,39033.2,38931.7,39031.6
1650847200000,39031.9,39034.8,38977.1,38996.4
1650847500000,39004,39009.6,38919.3,38946
1650847800000,38957.8,38994.6,38663.4,38663.4
1650848100000,38677.8,38898,38676.6,38817.1
1650848400000,38817.1,38865.8,38726.5,38782.3
1650848700000,38782.2,38919.6,38719.1,38884.2
1650849000000,38884.3,38961.3,38848.1,38861.2
1650849300000,38862.3,38920.8,38858.5,38890.8
1650849600000,38887.7,38902.5,38838.6,38876.3
1650849900000,38873.1,38924.6,38848.6,38892.8
1650850200000,38895.2,38944.8,38881.7,38929.8
1650850500000,38929.7,39048.3,38927.5,39046.6
1650850800000,39047.4,39077,39023.3,39053.8
1650851100000,39055.3,39057.2,38960.1,38963.6
1650851400000,38964.7,38999,38958.9,38962.5
1650851700000,38964.6,39109.6,38953.6,39076.2
1650852000000,39080.7,39104.7,39050.8,39087.5
1650852300000,39086.7,39088.9,39011.8,39048.8
1650852600000,39048.4,39059.6,39035.5,39046.7
1650852900000,39046.8,39064.6,39028.6,39048.5
1650853200000,39052.5,39074.6,39026,39028
1650853500000,39036.6,39036.6,38949.2,38956.5
1650853800000,38956,38988.4,38941.8,38967.1
1650854100000,38970.7,39009.6,38955.6,38969.5
1650854400000,38969.1,38989.6,38946,38955.7
1650854700000,38955.8,38976,38945.7,38957.5
1650855000000,38955.1,39054.5,38948,39031.7
1650855300000,39040.1,39072.5,38998.2,39052.9
1650855600000,39052.8,39092.7,39048.3,39084.6
1650855900000,39088.7,39098.3,39069.1,39084.8
1650856200000,39081.5,39164.6,39081.5,39125.7
1650856500000,39126.4,39173.5,39122.1,39170.8
1650856800000,39173,39249.6,39172.7,39214.1
1650857100000,39213,39215.1,39183.4,39202.6
1650857400000,39203.4,39209.8,39163.4,39192.5
1650857700000,39188.5,39218.5,39176.2,39194.7
1650858000000,39192,39241.2,39184.3,39208.4
1650858300000,39206.5,39217.8,39169.7,39214.3
1650858600000,39203.2,39214.3,39166.2,39195.5
1650858900000,39196.3,39229.6,39183,39208.4
1650859200000,39211.5,39214.3,39166.2,39175
1650859500000,39181.9,39183.7,39143.7,39154.8
1650859800000,39156.6,39170.8,39122.1,39145.3
1650860100000,39142.6,39147.8,39073.4,39076.6
1650860400000,39073.4,39094.6,39034.1,39088.9
1650860700000,39086.9,39092.4,39054.7,39072.2
1650861000000,39072.9,39091.9,39062.6,39068.6
1650861300000,39069.7,39114.7,39067.7,39097
1650861600000,39069.4,39111.4,39065.4,39096.1
1650861900000,39099.6,39127,39079.7,39126.7
1650862200000,39128.6,39156,39118.9,39128.3
1650862500000,39122.5,39144,39095.9,39097.6
1650862800000,39098.3,39123.3,39087.9,39099.8
1650863100000,39100.3,39103.5,39026,39034.3
1650863400000,39034.4,39130.6,39032.2,39130.6
1650863700000,39129,39170.7,39114.7,39154.7
1650864000000,39159.6,39187.7,39154.1,39170.1
1650864300000,39169.6,39170.2,39136.6,39147.6
1650864600000,39147.6,39147.6,39081.8,39093.1
1650864900000,39091.4,39097.5,39027.6,39051.7
1650865200000,39051,39054.8,38983.4,39006.4
1650865500000,39004.4,39019.6,38996.7,39008.7
1650865800000,39004.2,39004.2,38942.9,38969.9
1650866100000,38964.2,38974.7,38942.9,38945.6
1650866400000,38945.2,38982.2,38943.2,38949.7
1650866700000,38949.6,38964.7,38942.9,38943.9
1650867000000,38949.6,38959.5,38841,38879.6
1650867300000,38870.2,38918.2,38841.6,38847.3
1650867600000,38846.9,38957.1,38846.9,38950.6
1650867900000,38951.2,39012.6,38937.5,38944.3
1650868200000,38946.1,38993.5,38945,38972.4
1650868500000,38971.9,38979.2,38896,38912.6
1650868800000,38913,38927.5,38777.9,38848
1650869100000,38846.7,38868.7,38815.3,38866.7
1650869400000,38866.9,38869,38666,38728.2
1650869700000,38726.5,38726.5,38557.8,38598.7
1650870000000,38597.3,38635.4,38180.5,38257.9
1650870300000,38264.6,38468.6,38204.4,38402.6
1650870600000,38403.6,38494.2,38393,38432.2
1650870900000,38432.7,38488.3,38397.3,38458.4
1650871200000,38456.2,38474.3,38404.1,38461.2
1650871500000,38461.9,38522,38440.3,38457.2
1650871800000,38470,38470,38357.8,38390.5
1650872100000,38390.7,38464.6,38390.7,38442.7
1650872400000,38443.7,38468.5,38381.2,38454.2
1650872700000,38454.6,38515.2,38442.7,38488.6
1650873000000,38488.4,38490.2,38402.5,38420.9
1650873300000,38421.1,38449.6,38407.8,38432.8
1650873600000,38421.7,38426.9,38351.4,38422.1
1650873900000,38422,38481.2,38417.5,38473.6
1650874200000,38476.2,38518.6,38466,38470.9
1650874500000,38470.9,38520.3,38470.9,38487.9
1650874800000,38487.9,38515.5,38470.9,38470.9
1650875100000,38470.9,38471.4,38470.9,38470.9
1650875400000,38470.9,38490.6,38470.9,38474.7
1650875700000,38477,38516.5,38472.7,38506.5
1650876000000,38503.4,38528.2,38484.3,38496.4
1650876300000,38495.8,38500.3,38470.9,38470.9
1650876600000,38470.9,38470.9,38470.9,38470.9
1650876900000,38470.9,38470.9,38359.3,38377.3
1650877200000,38377.5,38398.9,38344.9,38370.1
1650877500000,38375,38431,38359.1,38425.7
1650877800000,38425.8,38432.1,38341.5,38347.2
1650878100000,38347.7,38374,38230.8,38283.1
1650878400000,38283,38299.7,38177.4,38254.9
1650878700000,38255.9,38337.3,38255.9,38320.5
1650879000000,38324.5,38489.3,38314.1,38484.8
1650879300000,38484.9,38504.9,38458.8,38481.2
1650879600000,38482.1,38586.8,38482.1,38550.9
1650879900000,38551,38560.8,38511.3,38535.9
1650880200000,38536,38621.2,38502.6,38540
1650880500000,38541.4,38553.7,38517.1,38548.6
1650880800000,38548,38613.9,38532.1,38535.8
1650881100000,38537.8,38546.5,38439.6,38528.3
1650881400000,38528.3,38528.3,38528.3,38528.3
1650881700000,38528.3,38528.3,38528.3,38528.3
1650882000000,38528.3,38528.3,38528.3,38528.3
1650882300000,38528.3,38528.3,38528.3,38528.3
1650882600000,38528.3,38528.3,38435.8,38440.1
1650882900000,38435.8,38461.9,38412.7,38425.9
1650883200000,38429.1,38459.6,38411.5,38432
1650883500000,38433.1,38470.2,38433.1,38468.2
1650883800000,38469,38473.5,38437.6,38455.8
1650884100000,38456.4,38461,38379.2,38402.2
1650884400000,38402.2,38404.1,38364.5,38397.8
1650884700000,38398.9,38409.6,38378.3,38402.4
1650885000000,38409.6,38415.3,38327,38340.8
1650885300000,38348.7,38384.6,38311.4,38352.3
1650885600000,38352.7,38886.1,38351.6,38885.4
1650885900000,38882.2,38894.1,38564.3,38643.5
1650886200000,38642.6,38755.9,38631.1,38661.8
1650886500000,38654,38730.5,38642.6,38675.8
1650886800000,38678.7,38738.8,38651.9,38731.3
1650887100000,38728.8,38879.3,38691.9,38826.1
1650887400000,38825.5,38842.3,38759.4,38769.6
1650887700000,38769.2,38790.5,38741.3,38788.6
1650888000000,38789.7,38797.5,38758.9,38764.8
1650888300000,38765.6,38766.5,38731.5,38739.1
1650888600000,38738.8,38774.6,38711.9,38752.4
1650888900000,38753.7,38844.4,38737.3,38844.2
1650889200000,38841.7,38952.2,38804.9,38910.2
1650889500000,38910.4,38922.8,38852.1,38921.3
1650889800000,38920.3,38941.4,38869.9,38888.3
1650890100000,38886.9,38895.2,38841.2,38873.3
1650890400000,38873.7,38885.6,38830.5,38830.5
1650890700000,38831.1,38839.2,38776,38783.4
1650891000000,38784.6,38796.4,38753.4,38771
1650891300000,38763,38788.1,38763,38775.8
1650891600000,38764,38764.2,38708.4,38715.4
1650891900000,38697.8,38739.6,38659.4,38720.4
1650892200000,38722.5,38770.7,38716,38764.9
1650892500000,38765,38778.6,38748.7,38766.9
1650892800000,38768.2,38791.6,38756.5,38769.1
1650893100000,38772.9,38794.6,38741.2,38774.6
1650893400000,38774.6,38779.6,38617.1,38654.3
1650893700000,38650.7,39254.6,38650.7,39035.3
1650894000000,39035.1,39120.6,38910.4,38912.6
1650894300000,38919.1,38925.9,38753.5,38856.3
1650894600000,38856.9,38954.3,38687.2,38758.1
1650894900000,38758.3,38823.5,38692.7,38700
1650895200000,38706.2,38722.1,38635.8,38682.5
1650895500000,38679,38815.9,38647.5,38808.1
1650895800000,38808.3,38854.6,38703.2,38723.9
1650896100000,38723.8,38739.6,38667.4,38710.9
1650896400000,38714.9,38789.7,38629.2,38783
1650896700000,38787,38981.9,38787,38954.9
1650897000000,38955,39357.2,38955,39268.8
1650897300000,39269.8,39341.2,39189,39195.9
1650897600000,39190.5,39212.7,39085.9,39109.7
1650897900000,39100.3,39186.7,39080.6,39114
1650898200000,39118.3,39122.5,38943.1,39038.1
1650898500000,39043.5,39092.7,39006.7,39018.1
1650898800000,39017.4,39081.8,39007.5,39071.7
1650899100000,39068.1,39078.7,38998.8,39067.8
1650899400000,39070.1,39324.5,39045.2,39196.7
1650899700000,39199.9,39202.7,39060.4,39136
1650900000000,39135.9,39296.4,39135.9,39195
1650900300000,39195.9,39267,39178.2,39192.3
1650900600000,39190.2,39194.6,39121.1,39145.6
1650900900000,39142.6,39246.8,39132.9,39153.7
1650901200000,39156.5,39184.4,39096.5,39097.9
1650901500000,39096.5,39096.5,38896.9,38907.9
1650901800000,38915.9,38960.9,38887.3,38928.8
1650902100000,38928.5,38974.6,38901.8,38944.6
1650902400000,38943.6,38954.6,38888,38939.2
1650902700000,38939.5,39114.7,38927,39063
1650903000000,39063.3,39290.2,39043,39290.2
1650903300000,39289.2,39453.5,39284.3,39307.5
1650903600000,39294.7,39409.3,39292.6,39377.3
1650903900000,39377.8,39388.6,39299.5,39333.3
1650904200000,39319.4,39399.6,39271.8,39383.5
1650904500000,39380.4,39442.7,39364.1,39405.3
1650904800000,39394.9,39579.6,39369,39506
1650905100000,39502,39623.2,39443.6,39601.9
1650905400000,39600.3,39605.3,39516.7,39528.8
1650905700000,39521.9,39537.7,39435.5,39437.4
1650906000000,39437.9,39474.5,39381.6,39424.9
1650906300000,39424.8,39441,39383.8,39410.1
1650906600000,39410.5,39496.2,39376.1,39449.8
1650906900000,39449.8,39529.6,39447,39509.3
1650907200000,39509.1,39534.6,39462.7,39518
1650907500000,39516.9,39534.6,39431.3,39459.9
1650907800000,39466.7,39509.6,39343.5,39346.8
1650908100000,39347.3,39369.6,39338.4,39351.3
1650908400000,39349.7,39414.4,39343.3,39361
1650908700000,39365.2,39379.6,39336.3,39369.6
1650909000000,39369.6,39399.6,39325.8,39331.3
1650909300000,39335.9,39389.6,39320.5,39355.2
1650909600000,39357,39374.6,39289.4,39314.6
1650909900000,39319.6,39380.7,39299.9,39368.5
1650910200000,39370.1,39400.5,39317.8,39367.1
1650910500000,39369.6,39434.6,39368.2,39398
1650910800000,39399.1,39470.3,39390.2,39409.1
1650911100000,39416.6,39485.1,39409.1,39465.1
1650911400000,39463.7,39519.6,39437.2,39504.7
1650911700000,39504.7,39555,39468.8,39531.5
1650912000000,39528.6,39564.6,39518.2,39529.9
1650912300000,39526.9,40299.6,39517.4,40170.7
1650912600000,40171,40200.9,40045.6,40188.8
1650912900000,40189.6,40202.8,39850.5,39863.8
1650913200000,39861.5,39919.3,39787,39843.8
1650913500000,39843.6,39849.6,39764.7,39788.8
1650913800000,39791.2,39791.6,39733.2,39771.3
1650914100000,39771.4,40045.7,39771.3,40029.1
1650914400000,40027.6,40194.6,40022.3,40121.4
1650914700000,40124.7,40194.7,39998.7,40165.2
1650915000000,40163.2,40334.6,40156.9,40180.7
1650915300000,40181.4,40293.1,40172.9,40262.8
1650915600000,40261.2,40280.1,40103.5,40215.7
1650915900000,40225.9,40241.3,40110.3,40123.2
1650916200000,40126.8,40180.4,40073.6,40178.9
1650916500000,40178.8,40219.6,40154.5,40196.1
1650916800000,40191.8,40285.6,40188,40264
1650917100000,40265.1,40267,40207.7,40226.4
1650917400000,40227.6,40235.8,40108.3,40114.3
1650917700000,40111.7,40148.2,40105.2,40141.1
1650918000000,40138.7,40183.3,40088,40088
1650918300000,40090.2,40095.3,40055.7,40078.3
1650918600000,40077.7,40088.9,40057.7,40074.5
1650918900000,40074.6,40089.5,40027.8,40088.7
1650919200000,40089.2,40143.4,40078.7,40125.4
1650919500000,40127.8,40140.6,40081.7,40092
1650919800000,40088.5,40099.4,40055.5,40083.9
1650920100000,40085,40140.1,40071.3,40135.6
1650920400000,40108.9,40109.2,40069.9,40072
1650920700000,40072.1,40114.3,40071.4,40110.8
1650921000000,40111.4,40146,40107.4,40139.1
1650921300000,40137.1,40146.3,40071.4,40074.3
1650921600000,40074.4,40092,40067.7,40068.8
1650921900000,40069,40069.5,40017.9,40018
1650922200000,40018.2,40105.9,40018.2,40097.6
1650922500000,40116.3,40145,40073.6,40125
1650922800000,40125.3,40143.3,40121.7,40141.5
1650923100000,40141.3,40149.6,40098.3,40124.5
1650923400000,40124,40200,40123.5,40195
1650923700000,40197.1,40197.1,40159.3,40185
1650924000000,40174.5,40231.8,40128.4,40132.3
1650924300000,40132,40154.7,40103.5,40115.5
1650924600000,40112.6,40176.7,40112.5,40156
1650924900000,40155.8,40182.4,40152.8,40166.8
1650925200000,40167.2,40180.8,40124.5,40140.4
1650925500000,40153.5,40213.3,40153.5,40202
1650925800000,40202.9,40234.9,40187.2,40234.2
1650926100000,40234.1,40253.7,40203.7,40244.5
1650926400000,40242.8,40315.8,40230.1,40315.1
1650926700000,40315.2,40542.1,40309.5,40326
1650927000000,40324.2,40325.6,40260.8,40292.3
1650927300000,40294.5,40351.8,40289.5,40309.1
1650927600000,40309.2,40367.2,40255.2,40266.2
1650927900000,40266,40266.2,40205.1,40229.6
1650928200000,40229.4,40315,40221.2,40314.9
1650928500000,40314.5,40527.5,40311.2,40470.3
1650928800000,40470.5,40509,40421.3,40480.9
1650929100000,40480.2,40488.2,40381.7,40390.8
1650929400000,40390.9,40482.4,40390.9,40453.7
1650929700000,40448.1,40471.3,40442.2,40460.7
1650930000000,40460.9,40474.7,40416.5,40416.8
1650930300000,40416.2,40457.4,40412.6,40446.8
1650930600000,40446.9,40454.8,40404.8,40405.7
1650930900000,40405.8,40421,40374.3,40393.4
1650931200000,40392.1,40531.5,40387.2,40434.3
1650931500000,40428.6,40478.2,40371.1,40382.9
1650931800000,40382.7,40416.3,40377.9,40416.3
1650932100000,40416.5,40420,40353.5,40368.5
1650932400000,40355.1,40444.5,40351.5,40433.3
1650932700000,40430.4,40527.5,40427.3,40509.1
1650933000000,40508.7,40596.2,40484,40558.7
1650933300000,40559.4,40718.4,40558.5,40602.8
1650933600000,40603.3,40603.3,40534.3,40569.5
1650933900000,40571.8,40611.2,40528.4,40530.1
1650934200000,40533.5,40554,40532.7,40539.9
1650934500000,40539.3,40547.2,40503.7,40523.3
1650934800000,40523,40548.1,40502.2,40544
1650935100000,40529.6,40544,40479.6,40495.8
1650935400000,40493.4,40506.1,40478.5,40505
1650935700000,40503.1,40548.1,40489,40531.2
1650936000000,40533.1,40576.4,40517.3,40530.4
1650936300000,40531.7,40542.7,40480.6,40495.7
1650936600000,40498,40512.7,40449.8,40462.9
1650936900000,40470.5,40470.5,40410.4,40456.3
1650937200000,40443.3,40505.3,40440.5,40494.1
1650937500000,40493.7,40511.5,40468.6,40479.4
1650937800000,40479.3,40495,40424.1,40443
1650938100000,40439.6,40445,40418.9,40435.1
1650938400000,40434.2,40451.6,40409.8,40433
1650938700000,40432.8,40443.4,40404.8,40433.6
1650939000000,40433.7,40452.1,40428,40444.8
1650939300000,40449.4,40499.6,40446.1,40489.7
1650939600000,40490.4,40504,40489.2,40500.1
1650939900000,40500,40517.1,40498.2,40516.7
1650940200000,40516.6,40551.1,40499.4,40499.5
1650940500000,40500.5,40509,40416.8,40421.8
1650940800000,40417.7,40429.3,40359.8,40423.5
1650941100000,40420.6,40479.6,40398.7,40470.1
1650941400000,40470.5,40479.4,40443.4,40471.3
1650941700000,40479.5,40487.7,40448.7,40479
1650942000000,40480.5,40526.6,40468.4,40495.1
1650942300000,40493.6,40528.7,40491.2,40522.8
1650942600000,40524.1,40531,40501.8,40522.7
1650942900000,40522.4,40538.1,40512.9,40530.1
1650943200000,40530.5,40543.7,40515.4,40543.7
1650943500000,40536.3,40593.6,40527.8,40593.6
1650943800000,40587.6,40587.6,40534.8,40534.8
1650944100000,40550,40556.8,40499,40516.3
1650944400000,40504.9,40509.8,40464.4,40478.2
1650944700000,40471.1,40486.8,40447.7,40473.5
1650945000000,40473.4,40482.1,40470,40481.5
1650945300000,40476.7,40496.9,40471.9,40496.9
1650945600000,40496.8,40554.4,40491,40491
1650945900000,40492.4,40509.1,40486.2,40491
1650946200000,40495.6,40495.6,40456.6,40470.3
1650946500000,40468.1,40480.2,40459.5,40476.3
1650946800000,40473.3,40526.9,40471.3,40505.7
1650947100000,40511,40546.3,40505.7,40528.9
1650947400000,40529.7,40568.6,40528.9,40562.1
1650947700000,40565.3,40574,40553.6,40562.1
1650948000000,40555.9,40581.3,40544.1,40545.8
1650948300000,40551.7,40574.5,40541.2,40556.4
1650948600000,40556.4,40556.4,40521.6,40543.2
1650948900000,40550.8,40560.3,40521.2,40526.9
1650949200000,40521,40565,40517.6,40531.9
1650949500000,40539.5,40560.9,40533.8,40552.4
1650949800000,40552.1,40571.7,40522.3,40531.8
1650950100000,40530.6,40546.7,40510.2,40546.7
1650950400000,40545.9,40583.2,40534.9,40576.9
1650950700000,40575,40600.4,40571.5,40576.4
1650951000000,40574.3,40581.4,40550.7,40554.6
1650951300000,40553.6,40565.8,40484,40502.3
1650951600000,40503.6,40586.6,40493.8,40586.6
1650951900000,40586.8,40601.3,40577.3,40599.3
1650952200000,40600.2,40645.1,40566.5,40570.8
1650952500000,40563,40563.3,40546.3,40550.2
1650952800000,40549,40570.7,40513.7,40537.3
1650953100000,40538.4,40549.6,40487,40535.1
1650953400000,40539.5,40551.7,40527.6,40528.2
1650953700000,40529,40529.3,40472.2,40477.9
1650954000000,40479.5,40479.5,40455.7,40467.3
1650954300000,40467,40470.7,40435.8,40452.8
1650954600000,40452.5,40493.6,40452.5,40459.3
1650954900000,40457.3,40460.8,40418.7,40434.3
1650955200000,40436.5,40457.3,40436.5,40451
1650955500000,40453,40502.3,40440.4,40498.7
1650955800000,40501.7,40526.9,40472,40480
1650956100000,40479.3,40484.9,40454.4,40472.3
1650956400000,40473.4,40489.6,40429.8,40448.3
1650956700000,40446.9,40483.7,40360.2,40473.8
1650957000000,40473.6,40594.7,40457.4,40554.6
1650957300000,40552.7,40579.5,40524.5,40550.3
1650957600000,40554.5,40554.5,40519.9,40532.3
1650957900000,40532.2,40544.2,40504.1,40523.7
1650958200000,40527,40579.1,40517.5,40574
1650958500000,40572.7,40582.6,40559.3,40571.8
1650958800000,40569.1,40587,40562.4,40562.6
1650959100000,40567.5,40598.5,40565,40593.5
1650959400000,40592.7,40617.2,40591.4,40602.4
1650959700000,40599.6,40601.1,40533.6,40540.9
1650960000000,40545.9,40579.7,40540.8,40553.9
1650960300000,40565.1,40596.4,40542.9,40589.5
1650960600000,40588.8,40632.2,40587.6,40610.2
1650960900000,40616.2,40616.2,40593.3,40602.5
1650961200000,40604.6,40741.9,40604.6,40677.6
1650961500000,40674.8,40674.8,40564.1,40565.5
1650961800000,40565,40569.1,40454.9,40499.6
1650962100000,40496.3,40509.7,40437.4,40465.2
1650962400000,40466.1,40473.2,40443,40458.9
1650962700000,40459.7,40490.5,40442.2,40449.4
1650963000000,40449.3,40464.3,40411,40455.8
1650963300000,40455.4,40471.9,40439.4,40466.6
1650963600000,40469.5,40474.6,40438.6,40438.6
1650963900000,40442.4,40442.4,40423,40434.8
1650964200000,40435,40472.3,40430.9,40437.3
1650964500000,40437,40454.7,40423.7,40454.7
1650964800000,40452.7,40452.7,40399,40428.4
1650965100000,40426.4,40452.4,40426.4,40437.9
1650965400000,40439.3,40487.4,40436.6,40471.6
1650965700000,40471.1,40477.8,40463.8,40465.5
1650966000000,40461.8,40461.8,40379.9,40395.4
1650966300000,40394.6,40397,40307.6,40334.5
1650966600000,40335.8,40341.5,40299.8,40326.7
1650966900000,40327,40358.4,40323.3,40339.9
1650967200000,40339.1,40361.6,40333.6,40360.4
1650967500000,40360.3,40362,40305.4,40326.7
1650967800000,40324.1,40397.8,40298.7,40368.7
1650968100000,40368.6,40371.6,40315.7,40318.8
1650968400000,40319.8,40374.9,40319.8,40359.5
1650968700000,40356.9,40379.3,40356.9,40379.3
1650969000000,40378.4,40385.3,40356,40359.6
1650969300000,40357.7,40373.5,40335.4,40358.8
1650969600000,40351.9,40366.6,40324.8,40331.9
1650969900000,40332.3,40339.4,40313.5,40314.1
1650970200000,40307.8,40326,40302.1,40309.4
1650970500000,40311.6,40346.5,40308,40333.1
1650970800000,40329.7,40352.4,40317.7,40317.9
1650971100000,40321.6,40336.5,40219.2,40242.3
1650971400000,40242.3,40450.1,40238.8,40401.8
1650971700000,40402.3,40434.2,40365.6,40434.2
1650972000000,40433.9,40512.1,40432.4,40484.7
1650972300000,40485,40492.5,40458.7,40492.5
1650972600000,40487.4,40487.4,40440.9,40454.4
1650972900000,40452.3,40461.9,40425.3,40434.4
1650973200000,40433.5,40452.2,40405.1,40447.2
1650973500000,40448.7,40476.2,40438.1,40470.7
1650973800000,40463.6,40485.6,40425.9,40425.9
1650974100000,40425.7,40444.4,40414.7,40420.1
1650974400000,40422.1,40454.7,40421.9,40421.9
1650974700000,40420.2,40461.5,40388.8,40461.5
1650975000000,40462.8,40509.3,40455.4,40474.9
1650975300000,40474.8,40484.7,40438.8,40449.4
1650975600000,40450,40453.3,40436.6,40437.1
1650975900000,40436.1,40511.1,40424.2,40484.3
1650976200000,40482.3,40580.5,40471.4,40568.7
1650976500000,40568.6,40570.7,40459.5,40462
1650976800000,40466.8,40466.8,40368,40384.6
1650977100000,40382.5,40382.5,40241.7,40320.3
1650977400000,40320,40323.6,40175.4,40271.4
1650977700000,40269,40306.3,40224.4,40242.4
1650978000000,40246.1,40246.1,40165.7,40228.8
1650978300000,40228.7,40301.7,40218,40275.8
1650978600000,40278.9,40295.4,40194.7,40255.9
1650978900000,40254.6,40265.5,40190.1,40193.8
1650979200000,40194.6,40203.6,40056.6,40087
1650979500000,40086.2,40208.7,40079.8,40164.6
1650979800000,40164.6,40199,40032.5,40046.5
1650980100000,40040.6,40059.3,39961,39981.1
1650980400000,39980.8,40025.4,39903.2,39928
1650980700000,39923.3,40016.7,39908.3,39925.1
1650981000000,39923.1,39945.9,39892,39903.4
1650981300000,39903.4,39910.9,39769.9,39784.1
1650981600000,39786.2,39786.2,39607.5,39700
1650981900000,39699.5,39767.9,39637.9,39749.8
1650982200000,39743.2,39769.6,39674.2,39726.8
1650982500000,39728.4,39737.9,39524.9,39543.5
1650982800000,39543.3,39612.4,39499.4,39548.8
1650983100000,39548.9,39626.6,39526.7,39626.6
1650983400000,39627.3,39642.9,39563.2,39564.7
1650983700000,39561.5,39592.8,39469.2,39485.1
1650984000000,39485.2,39518.1,39382.5,39393.2
1650984300000,39390.9,39474.7,39385.7,39438.6
1650984600000,39441,39441,39304.2,39308.7
1650984900000,39310.5,39311.9,39198.5,39229.1
1650985200000,39219.2,39224.7,39102.7,39187.5
1650985500000,39187.4,39281.9,39040.3,39270.5
1650985800000,39272.6,39311.6,39247.4,39283
1650986100000,39285.1,39285.4,39089.1,39089.1
1650986400000,39088.9,39215.2,39023.2,39188.1
1650986700000,39188,39208.2,39094.3,39104
1650987000000,39104.2,39164.9,39066.4,39124.8
1650987300000,39124.3,39127.8,39005.6,39068.4
1650987600000,39068.8,39068.8,38823.4,38939.6
1650987900000,38939.2,38939.6,38836.3,38841.4
1650988200000,38838.4,38897,38803,38805.3
1650988500000,38810,38827,38521.9,38533.2
1650988800000,38532.8,38656.7,38365.2,38583.6
1650989100000,38586.5,38746.5,38560.8,38746.5
1650989400000,38745.9,38811.1,38646,38664.2
1650989700000,38663.4,38679.2,38555.8,38616.6
1650990000000,38617.8,38830.3,38617.8,38780.4
1650990300000,38789.3,38833.8,38719.2,38723.1
1650990600000,38720.9,38725.7,38484.4,38504
1650990900000,38505,38596.4,38391.3,38404.8
1650991200000,38402,38502.6,38357.9,38473.5
1650991500000,38480.8,38524.3,38423.7,38520.4
1650991800000,38518.3,38610.1,38514.3,38586.3
1650992100000,38589,38678.6,38548.8,38624.2
1650992400000,38624.4,38629.1,38447.5,38468.1
1650992700000,38467.5,38479.2,38400.8,38448.1
1650993000000,38447.8,38481.3,38313.9,38315.9
1650993300000,38315,38380.2,38205.6,38236.5
1650993600000,38240.7,38270.8,38029.8,38030.2
1650993900000,38030.1,38224.6,38029.8,38211.4
1650994200000,38211.3,38270.9,38148,38223.2
1650994500000,38225.4,38263.6,38158.5,38243.3
1650994800000,38242.1,38431.7,38239.4,38383.1
1650995100000,38385,38397.2,38299.2,38367.5
1650995400000,38373.6,38418,38292.4,38363.1
1650995700000,38363.3,38409,38324.9,38351.2
1650996000000,38347.2,38348.3,38204.5,38230.8
1650996300000,38235.1,38284.4,38177.8,38237.1
1650996600000,38236.8,38408.5,38236.8,38407.9
1650996900000,38405.9,38430.8,38307.9,38339.8
1650997200000,38338.5,38372.8,38280.8,38296.7
1650997500000,38297.7,38355.6,38286.4,38335.7
1650997800000,38334.9,38362.9,38286.4,38339.1
1650998100000,38339.3,38382.5,38319.8,38327.6
1650998400000,38326.4,38326.9,38234.3,38235.4
1650998700000,38235.5,38279.7,38233.1,38265.7
1650999000000,38265,38332.9,38253.6,38316
1650999300000,38315.2,38374.9,38305.2,38361.6
1650999600000,38361.5,38400.3,38294.1,38301.4
1650999900000,38301.7,38453.9,38300,38439.9
1651000200000,38436.6,38520.3,38393.6,38396.5
1651000500000,38395,38401.2,38157.5,38188.6
1651000800000,38189.9,38306.3,38185.2,38215.3
1651001100000,38219.8,38219.8,38065,38086.9
1651001400000,38085.1,38116.4,37831.7,37910
1651001700000,37910.3,38245.6,37889.8,38245.6
1651002000000,38245.7,38286.1,38091.3,38241.9
1651002300000,38240.9,38298.9,38182.7,38254.2
1651002600000,38254.8,38395,38225.7,38294.5
1651002900000,38294.3,38355.7,38228.3,38242.5
1651003200000,38238.1,38366.2,38101.1,38224.1
1651003500000,38221.8,38228.2,37931.8,37977.7
1651003800000,37976,38000,37695.7,37715.4
1651004100000,37723,38040.2,37719.2,38015.9
1651004400000,38014.7,38044.7,37910.3,37976
1651004700000,37978.2,37994.6,37916.8,37980.4
1651005000000,37978.6,38107.3,37951.3,38079.3
1651005300000,38080.1,38116.1,38052.9,38097.8
1651005600000,38098.4,38100.6,37994,38047
1651005900000,38046.8,38054.7,38004.7,38008.7
1651006200000,38009.8,38071.7,37911.9,37945.4
1651006500000,37945.2,38103.3,37935.3,38081.5
1651006800000,38031.4,38036.8,37981.6,37996.6
1651007100000,37996.3,38241.4,37992,38237.6
1651007400000,38238.9,38292.2,38204.7,38286.5
1651007700000,38285.6,38298.5,38246.6,38264.1
1651008000000,38265.6,38265.7,38194.7,38217.8
1651008300000,38217.5,38272.6,38203.9,38268.8
1651008600000,38268.4,38282.8,38257.9,38258.2
1651008900000,38282.1,38294,38212.6,38294
1651009200000,38295.4,38323.9,38259.8,38322
1651009500000,38322.9,38396.7,38322,38366.5
1651009800000,38366.3,38403.6,38346.7,38403.3
1651010100000,38403.6,38470.8,38277.3,38366.3
1651010400000,38366.3,38366.3,38257.3,38299.4
1651010700000,38300.1,38364.3,38287.3,38337.4
1651011000000,38336.8,38407.2,38329.4,38358.9
1651011300000,38358.8,38388.9,38321.3,38378
1651011600000,38384.3,38387.2,38339.3,38339.9
1651011900000,38341.7,38382.2,38316.8,38382.2
1651012200000,38382.2,38470.9,38289.5,38313.2
1651012500000,38313.2,38363.7,38255.1,38300.3
1651012800000,38298.5,38309.3,38188.7,38188.7
1651013100000,38188.7,38329.1,38188.7,38253.7
1651013400000,38255.9,38279.1,38245.2,38245.2
1651013700000,38245.2,38245.2,38245.2,38245.2
1651014000000,38245.2,38257.7,38245.2,38257.7
1651014300000,38257.7,38257.7,38067.6,38090.9
1651014600000,38092.9,38104.3,37893.7,37955.9
1651014900000,37967.6,37987,37693.9,37706.3
1651015200000,37714.7,38031.4,37703.5,37987.1
1651015500000,37983.9,37991.5,37928.3,37941.7
1651015800000,37941.2,38126.6,37890.5,38103.2
1651016100000,38105.1,38132,38027.1,38099
1651016400000,38098.7,38115.8,38039.9,38064
1651016700000,38064.2,38071.8,37979.3,38069.3
1651017000000,38070.2,38079.1,37990,37991.3
1651017300000,37991,38097.2,37989.8,38071.8
1651017600000,38072,38134.1,38014.6,38127.6
1651017900000,38128.7,38153.8,38071.6,38102.3
1651018200000,38102.2,38200.8,38095.1,38108.3
1651018500000,38108.4,38126.7,38062.4,38082.9
1651018800000,38082.5,38116.2,38070.5,38089.4
1651019100000,38089.4,38159.2,38072.8,38149.6
1651019400000,38149.5,38168.2,38118.4,38127.9
1651019700000,38126.4,38135.1,38070.7,38095
1651020000000,38095,38097.2,37962.6,37969.8
1651020300000,37969.5,38103.8,37847,38095.9
1651020600000,38095.9,38164.4,38090,38113.6
1651020900000,38113.8,38161,38083.8,38131.3
1651021200000,38134.7,38192.1,38125.8,38169.8
1651021500000,38164.3,38202.2,38138.7,38177.1
1651021800000,38178.1,38204.4,38169.7,38177.3
1651022100000,38174.4,38272.1,38171.7,38234.7
1651022400000,38241.1,38260.5,38161.9,38162.4
1651022700000,38161.9,38188.4,38146.4,38179.7
1651023000000,38179.7,38191,38140.1,38175.1
1651023300000,38174.9,38260.3,38152.2,38250.5
1651023600000,38250.9,38252.5,38221.4,38230
1651023900000,38230.1,38242.6,38201.3,38205.7
1651024200000,38204.7,38275.8,38181.3,38233.3
1651024500000,38230.9,38272.8,38224.9,38269.3
1651024800000,38269.8,38276.7,38256.7,38274.3
1651025100000,38271.6,38288.2,38231.1,38259.7
1651025400000,38253.9,38314.4,38245.4,38304.3
1651025700000,38306.5,38306.5,38269.7,38285.2
1651026000000,38284.4,38287.2,38268.1,38280.1
1651026300000,38280,38345.9,38278.8,38341.7
1651026600000,38342.5,38345.6,38311.4,38332.7
1651026900000,38333.5,38338.6,38318.4,38325.6
1651027200000,38326.7,38368.7,38326.7,38359.8
1651027500000,38359.3,38370.4,38344.1,38358.5
1651027800000,38358.6,38390.5,38327.6,38386.5
1651028100000,38386.4,38390.7,38350.3,38385.7
1651028400000,38385.2,38394,38370.5,38379
1651028700000,38377.3,38399.5,38312.5,38374.3
1651029000000,38374,38427.1,38360.2,38412.1
1651029300000,38412.5,38430.9,38354.1,38355.7
1651029600000,38354.7,38386.9,38348.9,38383
1651029900000,38383.4,38412.4,38359.8,38359.8
1651030200000,38360.7,38372.6,38330.3,38368.6
1651030500000,38368.5,38375.6,38360.9,38372.5
1651030800000,38372.1,38387.9,38321.9,38331.7
1651031100000,38329.9,38363.5,38302.5,38355.4
1651031400000,38355.6,38357,38317.7,38327.8
1651031700000,38327.8,38331.2,38294.1,38307.1
1651032000000,38307.4,38307.4,38275.2,38302.7
1651032300000,38302.6,38338.1,38301.6,38334.4
1651032600000,38334,38403.3,38322.7,38370.1
1651032900000,38370,38385.6,38361.6,38369.3
1651033200000,38357.1,38377.7,38331.4,38347.4
1651033500000,38350,38387.9,38339.8,38378.1
1651033800000,38378.2,38389.4,38365.3,38385.6
1651034100000,38385.8,38409.9,38371.3,38373.3
1651034400000,38371.8,38378.5,38354.5,38377.2
1651034700000,38374.9,38384.7,38355.6,38361.8
1651035000000,38361.8,38362.1,38319.7,38351.8
1651035300000,38350.8,38371.6,38350.5,38368.2
1651035600000,38368.8,38393.6,38363.6,38381.6
1651035900000,38380.6,38381.7,38334.7,38350.2
1651036200000,38349.9,38412.1,38349.1,38399.8
1651036500000,38398.4,38444.7,38391,38395.8
1651036800000,38396,38397.3,38367,38375.5
1651037100000,38373.6,38471.7,38357.1,38385.8
1651037400000,38384.7,38441.1,38379.4,38387.6
1651037700000,38387.2,38438.6,38386.4,38430.6
1651038000000,38427.4,38450.3,38413.5,38444.8
1651038300000,38449.6,38562,38428.1,38438.5
1651038600000,38438.2,38438.2,38409.6,38414.7
1651038900000,38418.6,38423.6,38381.5,38381.5
1651039200000,38381.5,38385.5,38381.5,38381.5
1651039500000,38381.6,38409.3,38381.5,38409.3
1651039800000,38409.2,38418.6,38381.5,38390.4
1651040100000,38391,38435.5,38384,38413.5
1651040400000,38411.6,38427.5,38408.4,38426.6
1651040700000,38426,38450.7,38421.9,38444.8
1651041000000,38448.3,38504.7,38439.8,38500.4
1651041300000,38500.3,38500.5,38443.6,38449.8
1651041600000,38452.9,38485.7,38446.7,38477.3
1651041900000,38477.2,38646.5,38466.5,38571.6
1651042200000,38573.8,38658.6,38573.8,38585.4
1651042500000,38587.9,38616.3,38571.6,38611.7
1651042800000,38613,38724,38609.8,38699.6
1651043100000,38700.7,38745.1,38629.4,38726.8
1651043400000,38725.9,38726.8,38652,38652
1651043700000,38653.3,38665.1,38626.4,38632.3
1651044000000,38629.4,38660,38604.8,38631.3
1651044300000,38635.6,38638,38571.6,38627.7
1651044600000,38627.8,38666.7,38612.5,38666.7
1651044900000,38665.2,38741.6,38665.2,38732
1651045200000,38732.2,38796.8,38731.1,38765.4
1651045500000,38766.8,38788.3,38713.2,38716.1
1651045800000,38726.2,38851.9,38710.7,38849.3
1651046100000,38848.5,38997.5,38814.7,38960.6
1651046400000,38968.6,39082.6,38966.9,39041.9
1651046700000,39039.8,39066.1,38953.1,39065.3
1651047000000,39066.1,39074.7,38999,39047.5
1651047300000,39038.1,39170.1,39038.1,39131.3
1651047600000,39131.6,39150.5,39087.3,39100.6
1651047900000,39101.8,39101.8,38978.5,38985
1651048200000,38987.5,38995.3,38805.6,38845.3
1651048500000,38847.6,38896.2,38833.5,38837.9
1651048800000,38839.8,38933.6,38839.8,38899
1651049100000,38895.2,38895.2,38800,38800
1651049400000,38800,38816.1,38671.1,38799.6
1651049700000,38802.4,38983.9,38798.9,38934.7
1651050000000,38941.9,39014.1,38922,39012.6
1651050300000,39014.5,39093.6,38827,38827
1651050600000,38827,38864.7,38827,38827
1651050900000,38827,38867.5,38827,38848.3
1651051200000,38847.2,38972.4,38842.9,38936.4
1651051500000,38937,38990.2,38934.8,38965.6
1651051800000,38965.8,38988.4,38888.7,38917.4
1651052100000,38917.6,38959.6,38887.3,38948.7
1651052400000,38947.2,38985.5,38943,38961.1
1651052700000,38959.8,39014.9,38952.7,38984.3
1651053000000,38986.3,39037.9,38984.3,39017.3
1651053300000,39011.9,39067.4,39007.1,39019.2
1651053600000,39024.4,39025.4,38967.3,38976.9
1651053900000,38980.8,39000.9,38936.7,38940.9
1651054200000,38941.3,38959.2,38934.1,38948.8
1651054500000,38948.5,38987.9,38925.6,38966.1
1651054800000,38966,39018.4,38953.4,38992.9
1651055100000,38993,39029,38988.6,39027.6
1651055400000,39028.3,39035.8,38977.9,38996.1
1651055700000,38995.9,39095.6,38990.8,39047.9
1651056000000,39051.5,39064.3,39023.9,39059.9
1651056300000,39058.2,39089.8,38940.1,38959
1651056600000,38959.3,39064.7,38956.9,39052.3
1651056900000,39048.2,39089.3,39046.8,39062.2
1651057200000,39057.7,39073.9,39041.9,39047
1651057500000,39047.2,39047.2,38929.8,38933.3
1651057800000,38930.3,38950.7,38870,38879.9
1651058100000,38881.3,38903.8,38841.1,38841.1
1651058400000,38842.5,38852.1,38685.4,38726.7
1651058700000,38727.9,38745.2,38617.9,38731
1651059000000,38731.6,38906.4,38731.6,38876.4
1651059300000,38874.4,38893.2,38826.7,38835
1651059600000,38839.4,38918.5,38820.6,38847.2
1651059900000,38847.3,38926.3,38847.3,38881.4
1651060200000,38889,38904.4,38856.3,38860.1
1651060500000,38858.9,39023,38844,38970.1
1651060800000,38971.7,39071.9,38950,39066.7
1651061100000,39066.6,39093.2,39006.4,39059.3
1651061400000,39056.8,39138.6,39015.6,39024.6
1651061700000,39024.4,39045.3,38915.5,38915.8
1651062000000,38922,38937.3,38850.2,38920.2
1651062300000,38922,39032.7,38907.8,39026.4
1651062600000,39019.7,39046.1,38916.1,38935.2
1651062900000,38935.9,38946.9,38865.6,38926.1
1651063200000,38926.5,38952.7,38891.5,38910.3
1651063500000,38900.8,38926.2,38851.4,38852.9
1651063800000,38852.8,38877,38850.2,38867.4
1651064100000,38868.2,38909.8,38833.8,38849
1651064400000,38848.8,38928.7,38848.8,38903.9
1651064700000,38902.5,38923.5,38783.1,38803.8
1651065000000,38801.9,38821.1,38742.4,38747.5
1651065300000,38744.6,38814.7,38744.6,38801.1
1651065600000,38801.5,38882.9,38801.5,38853.2
1651065900000,38851.7,38952.7,38851.7,38943.1
1651066200000,38935.6,39375.2,38922.4,39153.6
1651066500000,39151.1,39241.8,39050.3,39099.6
1651066800000,39103.4,39245.6,39096.1,39195.6
1651067100000,39201.4,39345.1,39184.5,39308.6
1651067400000,39309.3,39418.3,39298.4,39326.4
1651067700000,39325.7,39331,39287.1,39298.3
1651068000000,39298.1,39362.7,38835.8,38867.2
1651068300000,38863.7,38944.8,38763.5,38812
1651068600000,38812.2,38824.3,38581,38599.6
1651068900000,38600.2,38668.4,38489.4,38644
1651069200000,38645.4,38771.4,38597.6,38671.7
1651069500000,38666.1,38735.7,38554.6,38556.9
1651069800000,38556.9,38576.6,38411.5,38541.9
1651070100000,38544.6,38702.6,38522.2,38664.7
1651070400000,38659,38740.5,38612.8,38698.3
1651070700000,38694.7,38855.5,38658.6,38778.6
1651071000000,38778.4,38781.4,38624.5,38627
1651071300000,38630.1,38697.2,38606.3,38629
1651071600000,38642.3,38778.2,38630.6,38749.7
1651071900000,38749.3,38752.9,38669.2,38672.9
1651072200000,38674,38736,38596.4,38642.9
1651072500000,38643.9,38755.7,38642.2,38712.6
1651072800000,38714.1,38767,38657.5,38728.5
1651073100000,38727.6,38799.4,38708,38748.7
1651073400000,38753.4,39054.5,38753.4,38950.7
1651073700000,38950.9,38980.4,38889.1,38889.9
1651074000000,38890.9,39077,38850.9,38916.1
1651074300000,38913.7,39009.7,38889,38953.5
1651074600000,38957.1,39019.1,38871.2,38879.2
1651074900000,38882.9,38963.4,38864.5,38959.9
1651075200000,38960.4,39023.6,38888.1,38992
1651075500000,38994.5,39188.4,38983.9,39104.8
1651075800000,39106.1,39115.6,39075.7,39093.8
1651076100000,39094,39155.1,39038.2,39058
1651076400000,39066.1,39245.6,39057.9,39203
1651076700000,39208.9,39255,39197.2,39240.8
1651077000000,39236.4,39259.4,39195.6,39223
1651077300000,39224,39224.3,39169.1,39202
1651077600000,39201.6,39299.3,39165.2,39235
1651077900000,39232.1,39239.7,39168.4,39168.4
1651078200000,39168.4,39196.9,39104.8,39118.9
1651078500000,39119.2,39148.5,39096.4,39147.7
1651078800000,39148.8,39151.7,38960.4,39135.6
1651079100000,39135.1,39209.6,39075.5,39113.3
1651079400000,39113.6,39129.6,38987.4,39016.7
1651079700000,39017,39018.2,38929.5,38930.7
1651080000000,38930,39000.8,38929.1,38969
1651080300000,38967.1,39061,38949.1,39032.5
1651080600000,39029.2,39093.8,39016.7,39067.7
1651080900000,39068,39099.9,39011.8,39053.7
1651081200000,39056.6,39065,39017.6,39039.4
1651081500000,39036.4,39093.9,38970.7,39064.4
1651081800000,39064.5,39103.7,39055.7,39088.8
1651082100000,39081.8,39090,39056.4,39067.7
1651082400000,39067.6,39116.5,39055.6,39065
1651082700000,39064.3,39138.5,39060.8,39110
1651083000000,39104.8,39126.3,39099.3,39115.9
1651083300000,39115.9,39115.9,38968.6,38979.9
1651083600000,38979.8,39002.5,38950.8,38956.9
1651083900000,38974.3,38974.3,38949.1,38952.6
1651084200000,38953.1,38984.7,38949.1,38970.3
1651084500000,38968.9,38990.6,38846.4,38915.6
1651084800000,38911.3,38999.3,38911.3,38986.9
1651085100000,38987.5,39010.3,38885.3,38911.7
1651085400000,38911.9,38917.5,38852.1,38862.7
1651085700000,38861.6,38862.6,38756.2,38756.2
1651086000000,38756.2,38756.2,38676.5,38704.4
1651086300000,38703.4,38747.4,38665.1,38686.2
1651086600000,38679.7,38719.4,38663.8,38711.7
1651086900000,38712.2,38731.6,38654.6,38694.9
1651087200000,38695,38711.7,38637.9,38670.8
1651087500000,38667.1,38721.6,38660.4,38700.7
1651087800000,38700.6,38731.3,38664.5,38682.9
1651088100000,38686,38699.6,38640.9,38682.1
1651088400000,38683.6,38810.8,38676.9,38773.7
1651088700000,38773.3,38843.7,38759.5,38777.7
1651089000000,38775,38823.1,38732.4,38805.6
1651089300000,38806.8,38862.5,38799.4,38815.1
1651089600000,38819,38840.3,38802,38810.6
1651089900000,38810.7,39078.6,38810.7,39013.4
1651090200000,39013.3,39092.9,38986.8,38988.7
1651090500000,38988.9,39226.6,38983.8,39128.4
1651090800000,39128.2,39200.3,39079.9,39188.8
1651091100000,39184.9,39240.3,39115.4,39134
1651091400000,39126.1,39259.7,39123.5,39134.7
1651091700000,39219.3,39219.3,39097.4,39133.7
1651092000000,39134.8,39144.2,39094.6,39101
1651092300000,39100.2,39135.9,39080.5,39120.3
1651092600000,39117.7,39121.9,39079.5,39095.3
1651092900000,39083,39083,39039.2,39062.8
1651093200000,39041.5,39077.7,39031.6,39073.2
1651093500000,39074.4,39094.8,39060.3,39086.5
1651093800000,39086.7,39095.6,39081.2,39091.7
1651094100000,39091.1,39095.1,39077.5,39077.5
1651094400000,39077.4,39077.4,39036.4,39076.2
1651094700000,39076.1,39108.6,39060.9,39061
1651095000000,39060.9,39094.2,39047.4,39094.2
1651095300000,39094,39187.2,39094,39170.3
1651095600000,39175.3,39331.8,39170.5,39282.4
1651095900000,39281.5,39281.5,39155.2,39155.2
1651096200000,39152.5,39208,39142.8,39144.3
1651096500000,39144.8,39195.7,39142.7,39190.1
1651096800000,39169.6,39217.4,39132.8,39173.2
1651097100000,39173.7,39206.9,39154.3,39206.9
1651097400000,39208.6,39224.7,39187.4,39209.4
1651097700000,39209.3,39209.5,39128.9,39128.9
1651098000000,39129,39183.1,39128.9,39178
1651098300000,39177.8,39188.8,39147.9,39174.9
1651098600000,39180.5,39180.5,39123.8,39138.4
1651098900000,39135,39144.1,39018.3,39057.3
1651099200000,39053.1,39066.6,39017.5,39038.5
1651099500000,39038.9,39067.2,39023.2,39024.1
1651099800000,39023.2,39056.9,39022.8,39056.7
1651100100000,39056.8,39056.9,39018.7,39030.5
1651100400000,39030.9,39049.3,39020.6,39041.5
1651100700000,39042.9,39078.3,39039.6,39062.5
1651101000000,39061.4,39106.6,39061.4,39099.3
1651101300000,39099.4,39146.4,39086,39136
1651101600000,39135.6,39148.7,39120.4,39136.1
1651101900000,39140.5,39146.5,39136.5,39144
1651102200000,39141.8,39243.4,39101.4,39183.9
1651102500000,39183.9,39220.3,39157.8,39201
1651102800000,39201.1,39202.9,39158.3,39165.5
1651103100000,39164.5,39179,39145.4,39163.4
1651103400000,39180.7,39211.4,39176.7,39201.5
1651103700000,39198.4,39213.3,39188.5,39206
1651104000000,39204.1,39223.2,39143.8,39190.8
1651104300000,39187.8,39187.8,39137.9,39162.3
1651104600000,39163.6,39235.5,39158.8,39214.2
1651104900000,39213.3,39226.9,39138.6,39174.7
1651105200000,39170.7,39171.1,39123,39142.4
1651105500000,39150,39234.8,39135.9,39226.1
1651105800000,39225.2,39324.7,39206.8,39322.7
1651106100000,39322.2,39328,39265,39301
1651106400000,39298.6,39305.8,39266.4,39272.9
1651106700000,39281.9,39363.3,39272.9,39355
1651107000000,39355,39398.7,39275.4,39314.1
1651107300000,39308.4,39346.9,39292.5,39344.5
1651107600000,39344.6,39413.3,39344.6,39413.2
1651107900000,39413.3,39637.1,39404.9,39610.8
1651108200000,39612.4,39630.4,39492.2,39522.9
1651108500000,39527.8,39531,39304.6,39377
1651108800000,39380.2,39473.3,39365.8,39473.3
1651109100000,39472.5,39483.8,39427.1,39452.8
1651109400000,39452.5,39453,39372.3,39372.3
1651109700000,39372.7,39398.3,39345.9,39384.2
1651110000000,39384.2,39390.4,39338,39360.8
1651110300000,39360.1,39360.1,39261.5,39270.7
1651110600000,39271.1,39293.8,39162.4,39165.3
1651110900000,39166.4,39223.2,39166.4,39198.3
1651111200000,39197,39220.3,39142,39193.2
1651111500000,39193.3,39227.1,39187.7,39218.4
1651111800000,39218.1,39249.2,39206.8,39214.8
1651112100000,39217.1,39285.1,39215.5,39285.1
1651112400000,39286.1,39369.3,39268.3,39367.7
1651112700000,39371.5,39377.2,39336.3,39358.6
1651113000000,39358.4,39393.8,39353.2,39365.2
1651113300000,39369.5,39381.5,39359.7,39374.5
1651113600000,39375.7,39416.4,39357.9,39414.9
1651113900000,39416.1,39424.6,39379,39401.6
1651114200000,39402.9,39425.9,39398.5,39425.9
1651114500000,39421.2,39430.5,39377.5,39396.4
1651114800000,39396.3,39396.7,39336.9,39338.9
1651115100000,39337.4,39479.3,39337.4,39426.9
1651115400000,39426.5,39474.8,39417.5,39473.6
1651115700000,39473.1,39475,39397.3,39418.1
1651116000000,39419,39430.5,39362,39371.8
1651116300000,39373.1,39419,39363.4,39416.1
1651116600000,39416.1,39417.8,39386.1,39409.3
1651116900000,39406.3,39409.3,39356.7,39369.3
1651117200000,39360.4,39361.5,39347.3,39354.5
1651117500000,39348.5,39369.9,39308.3,39366.8
1651117800000,39365.3,39372.2,39291.8,39320.9
1651118100000,39320.8,39330.3,39304.6,39309.8
1651118400000,39308.1,39329,39290.7,39292
1651118700000,39305,39305,39274.7,39294.5
1651119000000,39295.4,39329.1,39294.5,39315.3
1651119300000,39315.4,39329.5,39303.6,39314
1651119600000,39314.1,39315.3,39257.6,39279.2
1651119900000,39273.8,39283.8,39221.6,39264.2
1651120200000,39264.4,39287,39264.2,39279.4
1651120500000,39280.1,39290.3,39274.7,39287
1651120800000,39288,39315.3,39286.3,39311.7
1651121100000,39311.3,39321.2,39277.6,39313.8
1651121400000,39313.7,39354.2,39312.4,39350.3
1651121700000,39347.9,39359.8,39335.2,39347.2
1651122000000,39350,39391,39323.8,39324.2
1651122300000,39323.9,39329.3,39309.8,39309.8
1651122600000,39308.4,39328.4,39307.1,39316.6
1651122900000,39316.6,39327.8,39286.6,39322.8
1651123200000,39318,39388.3,39295,39312.6
1651123500000,39301.3,39303.2,39227.7,39237.1
1651123800000,39237.3,39245.9,39224.3,39234.7
1651124100000,39245.2,39251.9,39220.3,39246.1
1651124400000,39245.2,39251.6,39199.8,39206
1651124700000,39206.1,39275.4,39189.6,39264.4
1651125000000,39265,39273.1,39261.6,39269.3
1651125300000,39269.4,39301,39268.8,39286.6
1651125600000,39286.1,39298.1,39267.7,39267.7
1651125900000,39266.6,39285.5,39248.6,39267.5
1651126200000,39263.3,39285.6,39248.1,39270.1
1651126500000,39273.1,39344,39270.1,39332.4
1651126800000,39333.5,39378.7,39333.4,39364.2
1651127100000,39366,39380.7,39340.4,39351.9
1651127400000,39351.8,39365,39350.7,39359.4
1651127700000,39351.6,39366,39349.1,39362.1
1651128000000,39362.6,39380.2,39353.2,39376.5
1651128300000,39375.2,39393.8,39317.6,39358.2
1651128600000,39360.3,39371.7,39342.4,39365.3
1651128900000,39366.1,39370.1,39311,39370.1
1651129200000,39375,39380.4,39345.9,39380.1
1651129500000,39373.5,39380.2,39356,39359.8
1651129800000,39362.5,39424.6,39348.8,39401.9
1651130100000,39402.2,39430.6,39376.4,39421.6
1651130400000,39422.4,39444.6,39419.7,39430.4
1651130700000,39431.2,39504.5,39421.4,39483
1651131000000,39482.5,39513.4,39418.2,39423.2
1651131300000,39423.8,39492.2,39423.8,39457.1
1651131600000,39457.3,39478.8,39444.4,39478.8
1651131900000,39478.7,39587,39434.4,39434.4
1651132200000,39443.5,39456.8,39382.7,39386.3
1651132500000,39383.5,39394.7,39359.3,39359.3
1651132800000,39360.7,39376.7,39332.7,39348.5
1651133100000,39347.1,39395.2,39342.7,39389.4
1651133400000,39389.2,39465,39355.8,39465
1651133700000,39464.2,39472.9,39442.6,39462.8
1651134000000,39465.4,39470.3,39456.1,39458
1651134300000,39457.5,39542.6,39451.7,39539.7
1651134600000,39539.2,39580.1,39521.7,39580.1
1651134900000,39576.2,39610,39553.5,39553.5
1651135200000,39553.5,39599.3,39543,39599.3
1651135500000,39601.3,39643,39574.8,39596.5
1651135800000,39590.7,39607,39573.7,39603.2
1651136100000,39607.1,39721.4,39563.8,39596.3
1651136400000,39597,39708.2,39595.5,39645.4
1651136700000,39648.5,39768,39648.5,39697
1651137000000,39699.3,39748.2,39696.3,39699.5
1651137300000,39699.7,39717.8,39698.5,39709.9
1651137600000,39710.2,39762.6,39664.6,39696.8
1651137900000,39697.7,39718.6,39662,39662
1651138200000,39661.6,39705.1,39654.5,39673.8
1651138500000,39674.1,39834.3,39674.1,39727.9
1651138800000,39729.2,39837,39728.4,39777.6
1651139100000,39775.2,39851.7,39747,39762.8
1651139400000,39762.6,39763.3,39722.6,39729.3
1651139700000,39729.4,39749,39724.9,39737.8
1651140000000,39738.2,39787.1,39736.5,39760
1651140300000,39760.1,39784.5,39732.2,39736.4
1651140600000,39736.5,39748.5,39659.5,39672.8
1651140900000,39672.2,39672.8,39570.8,39581.2
1651141200000,39583,39646.3,39561.8,39633.8
1651141500000,39632.7,39707.5,39629.8,39660.9
1651141800000,39661.9,39678.3,39640.5,39658.9
1651142100000,39662.5,39673.3,39612.4,39615.7
1651142400000,39623.8,39625,39600.8,39610.8
1651142700000,39609.6,39647.7,39606.8,39638.3
1651143000000,39637.1,39665,39636.4,39653.6
1651143300000,39657.6,39671.5,39651.5,39669.6
1651143600000,39666.6,39705.4,39661.6,39701.3
1651143900000,39703.4,39715.5,39682.5,39692.5
1651144200000,39692.1,39717,39691.1,39696.3
1651144500000,39700.4,39700.4,39639.3,39644
1651144800000,39642.3,39644,39595.3,39602.7
1651145100000,39597.7,39609.1,39585.5,39599.5
1651145400000,39596.5,39631.8,39578,39613.8
1651145700000,39613.8,39618.1,39594,39610
1651146000000,39609.8,39628.1,39598.7,39622.6
1651146300000,39623.8,39664,39622,39643.9
1651146600000,39644,39660.8,39626.6,39640.8
1651146900000,39641,39663.5,39625.9,39650.8
1651147200000,39648.7,39691.6,39646.1,39671.1
1651147500000,39670.9,39749.2,39667.5,39721.5
1651147800000,39720.5,39720.5,39556.5,39569.8
1651148100000,39569.5,39599.7,39506.2,39599.7
1651148400000,39603.5,39709.1,39580.4,39699.4
1651148700000,39699.5,39709.8,39662,39690.2
1651149000000,39692,39796.1,39614.8,39761.1
1651149300000,39760.9,39771.5,39648.8,39681.5
1651149600000,39678.1,39742.8,39674.9,39738
1651149900000,39734.8,39738,39625.5,39631.4
1651150200000,39631.8,39632.8,39492.6,39504.1
1651150500000,39508.7,39549.3,39474.7,39512
1651150800000,39513,39516.7,39385.7,39411.2
1651151100000,39410.5,39456.1,39402.2,39433.2
1651151400000,39434,39435.5,39359.2,39359.2
1651151700000,39359.2,39398.2,39217.7,39234.5
1651152000000,39233.9,39339.3,39197.2,39335.2
1651152300000,39333.6,39478.9,39323.4,39393.8
1651152600000,39392,39565.7,39385.1,39389.6
1651152900000,39389.6,39399.7,39389.6,39397.2
1651153200000,39397.2,39397.2,39221.3,39222.2
1651153500000,39221.8,39278,39054.6,39090.9
1651153800000,39091,39118.7,39026.5,39085.9
1651154100000,39076.4,39130,39026.8,39049.8
1651154400000,39047.6,39047.6,38851.2,38882.4
1651154700000,38883.2,39098.5,38847.8,38978
1651155000000,38979.5,39028.9,38896.7,38955.5
1651155300000,38951.9,39086.6,38888.9,39082.1
1651155600000,39083,39239.4,39020.2,39146
1651155900000,39146,39167.3,38928.7,39013.7
1651156200000,39013.7,39013.7,38932,38932
1651156500000,38932,39037.3,38931.6,38954.1
1651156800000,38954.1,39054.3,38915.9,38974
1651157100000,38974,39186.9,38974,39057.3
1651157400000,39056.7,39182.4,39037.6,39092.9
1651157700000,39092.9,39390.9,39075.3,39330.8
1651158000000,39330.8,39479.7,39248.3,39476.4
1651158300000,39476,40228.3,39476,40114.7
1651158600000,40111,40188,39996.8,40053.9
1651158900000,40055.5,40093.1,39708.7,39710.2
1651159200000,39710.1,39723.3,39480.3,39637.8
1651159500000,39639.4,39808.2,39631,39665.1
1651159800000,39665,39704.5,39533.6,39607.2
1651160100000,39596.1,39619.5,39518.7,39523.4
1651160400000,39523.4,39550.1,39479.9,39483.5
1651160700000,39486,39487.8,39069.8,39206.8
1651161000000,39210.2,39488.8,39146.5,39379.2
1651161300000,39379.9,39505.9,39297.3,39415.4
1651161600000,39418.7,39497.8,39358.6,39425.2
1651161900000,39426.5,39446.7,39285,39315.9
1651162200000,39315.9,39480,39281.5,39469.9
1651162500000,39477.6,39699.1,39448.2,39587.8
1651162800000,39588.2,39669.1,39556.9,39626.2
1651163100000,39626.7,39729.9,39626.7,39665.4
1651163400000,39665.2,39742.1,39577.8,39649.3
1651163700000,39650.1,39814.2,39650.1,39700.2
1651164000000,39699.8,40089,39685,40029.5
1651164300000,40029,40114.5,39734.7,39834.4
1651164600000,39834.5,39907.1,39746.4,39841.9
1651164900000,39841,39954.3,39797.5,39865.1
1651165200000,39865.1,39986.3,39822,39882.2
1651165500000,39881.9,39921.4,39852.5,39906.6
1651165800000,39913.1,40034.4,39882.6,39934.3
1651166100000,39935.1,39956.4,39834.5,39900.2
1651166400000,39899.9,40079.3,39852.4,39977.6
1651166700000,39988.2,40218.4,39947.3,40139.7
1651167000000,40139.7,40157.6,39971.7,40047
1651167300000,40047.4,40113.9,39981,40079
1651167600000,40079.4,40093,39963.2,40054.4
1651167900000,40053.2,40165.8,40036.3,40135
1651168200000,40135.2,40228.4,40080.7,40159.6
1651168500000,40159.6,40310.1,40143.9,40230.9
1651168800000,40234,40343.5,40163.6,40263.2
1651169100000,40257.9,40406.9,40120.3,40144.1
1651169400000,40142.1,40199.5,40126.7,40169.6
1651169700000,40168.4,40177.3,40023.5,40095.1
1651170000000,40087.2,40154.1,40086.2,40149.5
1651170300000,40153.9,40242.7,40149.5,40234.8
1651170600000,40239.6,40278.2,40165.8,40176.2
1651170900000,40172.3,40222.5,40144.9,40176.1
1651171200000,40178.4,40187.7,40141.9,40176
1651171500000,40175.5,40211.5,40108.4,40136.2
1651171800000,40218.1,40247.5,40116.5,40119
1651172100000,40132.2,40178.5,40116.5,40116.5
1651172400000,40116.5,40119.9,39943.6,39947.1
1651172700000,39941.8,40119.4,39939.6,40118.9
1651173000000,40120.6,40189.4,40111,40124
1651173300000,40122.8,40129.7,40059.8,40077.4
1651173600000,40077.5,40172.2,40074.3,40170
1651173900000,40164.5,40202.5,40091.3,40092.3
1651174200000,40093,40114.9,39991.5,39999.6
1651174500000,39999.9,40060.2,39965.9,39994.3
1651174800000,39994.2,40004.7,39967.4,39977.6
1651175100000,39978.3,40018.5,39938.2,39950.8
1651175400000,39950.1,39951.2,39889.1,39893.9
1651175700000,39882.3,39932.9,39880.1,39932.9
1651176000000,39931.3,39939,39721.1,39754.7
1651176300000,39758,39807.6,39695.3,39735.3
1651176600000,39732.5,39803.3,39705,39705.7
1651176900000,39702.2,39756.6,39694.4,39736.6
1651177200000,39739.4,39835.1,39715.7,39826.2
1651177500000,39826.9,39975.4,39798,39954
1651177800000,39954.2,40165.9,39949.8,40059.2
1651178100000,40059.2,40098.1,39954.9,40002.5
1651178400000,40002.4,40004.3,39968.7,40000.8
1651178700000,39996.7,39997,39803.7,39844
1651179000000,39838.7,39891.5,39827.6,39878.7
1651179300000,39878.9,39928.9,39850.7,39850.7
1651179600000,39787.1,39852,39780.7,39847.9
1651179900000,39851.2,39901.3,39847.9,39884.6
1651180200000,39883.2,39903.6,39882,39903
1651180500000,39903.1,39912.6,39874,39901.3
1651180800000,39902.3,39924.8,39842.8,39845.6
1651181100000,39848,39848,39776.5,39798.2
1651181400000,39798.1,39820.8,39795.6,39816.9
1651181700000,39815.4,39830.7,39770.8,39785.3
1651182000000,39785.8,39786.6,39737,39769.1
1651182300000,39769.7,39807.3,39733.4,39739.3
1651182600000,39739.4,39805.4,39739.4,39800.2
1651182900000,39800.3,39821.5,39779.2,39804
1651183200000,39786.8,39826.6,39711.7,39780
1651183500000,39780.2,39800.7,39749.8,39774.4
1651183800000,39773.7,39779.2,39702.6,39704.8
1651184100000,39705.8,39735,39698.2,39724
1651184400000,39720,39742.7,39712.8,39724.5
1651184700000,39726.7,39737.6,39589.6,39651.5
1651185000000,39654.2,39684.7,39654,39672.3
1651185300000,39670.3,39674.6,39648,39657.1
1651185600000,39662.4,39664.4,39614.9,39646.2
1651185900000,39646.1,39704.6,39631.6,39704.6
1651186200000,39705.2,39749.6,39683.3,39727
1651186500000,39728.3,39756.3,39718.1,39747.9
1651186800000,39745.9,39761,39702.6,39704
1651187100000,39703.9,39724.1,39682.1,39711.6
1651187400000,39712.2,39755.7,39709.4,39747.1
1651187700000,39746.7,39804.5,39738.1,39794.3
1651188000000,39793.7,39794.4,39733,39750.3
1651188300000,39759.2,39763.4,39705.9,39731.4
1651188600000,39732.2,39763.3,39685.2,39686.2
1651188900000,39686,39693.2,39656.4,39674.6
1651189200000,39674.1,39684.7,39632.7,39648
1651189500000,39647.2,39676.1,39642.6,39664.9
1651189800000,39665.2,39713,39664.4,39708.2
1651190100000,39707.3,39736.8,39702.3,39702.8
1651190400000,39702.3,39737.9,39691.8,39693.5
1651190700000,39693.6,39720.9,39676.2,39715.7
1651191000000,39716.7,39797.4,39715,39773.8
1651191300000,39772.7,39821.9,39772.7,39781.2
1651191600000,39778.4,39807.8,39752.7,39758.2
1651191900000,39758.7,39774.4,39717.8,39717.8
1651192200000,39717.6,39725.2,39679,39704.8
1651192500000,39704.3,39723.9,39683.8,39717.6
1651192800000,39717.3,39736.4,39642.5,39643.9
1651193100000,39643.8,39695.7,39635.7,39690.6
1651193400000,39692.6,39754.7,39692.5,39733.5
1651193700000,39733.1,39800.4,39731.4,39799.7
1651194000000,39797.2,39807.8,39779,39784.1
1651194300000,39784,39798.6,39755,39787.8
1651194600000,39787.9,39820.3,39787.1,39802.2
1651194900000,39795.2,39826.4,39772.1,39820.9
1651195200000,39812.7,39863.1,39812.7,39835.3
1651195500000,39835.1,39878.5,39826.1,39864
1651195800000,39863.9,39864.4,39808.7,39825.9
1651196100000,39831.4,39863.4,39826.8,39858.5
1651196400000,39857.2,39860.1,39786,39809.5
1651196700000,39811.1,39811.1,39772.1,39778.9
1651197000000,39780.4,39781.3,39733.1,39741.9
1651197300000,39746.7,39793.5,39746.7,39775.1
1651197600000,39780.1,39786.5,39698.9,39712.8
1651197900000,39713.8,39773.5,39711.9,39764.2
1651198200000,39765.8,39781.2,39687.1,39687.1
1651198500000,39688.3,39702.2,39667.2,39682.3
1651198800000,39683.1,39683.1,39638.9,39649.2
1651199100000,39651.3,39658.3,39607.8,39644.9
1651199400000,39645.2,39656.8,39616.4,39641.3
1651199700000,39641.9,39654.5,39632.4,39640.9
1651200000000,39637.4,39677.7,39628.8,39659.5
1651200300000,39659.5,39692.2,39657.4,39657.4
1651200600000,39653.6,39653.6,39610.1,39617.3
1651200900000,39618,39618.8,39419.4,39477.7
1651201200000,39474.4,39518.3,39449.7,39505.7
1651201500000,39505.2,39505.7,39452.6,39463.8
1651201800000,39461.9,39474.4,39264.5,39347.3
1651202100000,39345,39404.2,39302.5,39387.4
1651202400000,39389.5,39409.2,39366.3,39399
1651202700000,39398.1,39413,39354,39404.3
1651203000000,39405.3,39412,39375,39388.2
1651203300000,39388.4,39495.3,39346.5,39491.4
1651203600000,39495.3,39499.1,39455.7,39474.3
1651203900000,39474.7,39483.7,39419.5,39444.7
1651204200000,39443,39461.7,39418.4,39461.7
1651204500000,39460.2,39491.7,39433.4,39486
1651204800000,39487.7,39501.9,39416.7,39425.3
1651205100000,39437.7,39451.7,39356.8,39443.8
1651205400000,39450.6,39462.6,39396.7,39398.3
1651205700000,39397.5,39430,39349.9,39353.5
1651206000000,39352,39388.7,39335.1,39388.7
1651206300000,39390.7,39449.8,39380.4,39431.3
1651206600000,39432.9,39458.6,39424.3,39430.5
1651206900000,39429.9,39448.8,39417.5,39440
1651207200000,39444.4,39501.3,39443.6,39490.7
1651207500000,39486.6,39543.7,39477.7,39543.7
1651207800000,39543.5,39549.5,39514.7,39521.6
1651208100000,39522.5,39534.7,39497.6,39497.6
1651208400000,39496.7,39572.5,39495.8,39528.7
1651208700000,39528,39572.2,39513.2,39515.4
1651209000000,39515.2,39518.1,39499.2,39511
1651209300000,39510.9,39554.7,39510.7,39550.6
1651209600000,39548.9,39596.8,39515.5,39568.7
1651209900000,39568.1,39573.6,39555.1,39555.5
1651210200000,39555.2,39558.3,39524.7,39526.4
1651210500000,39526.2,39563.2,39523.8,39541.3
1651210800000,39541.2,39549.5,39526.1,39531.1
1651211100000,39531.5,39545.6,39447.5,39459.2
1651211400000,39459.5,39483.7,39448.2,39448.2
1651211700000,39451.9,39457.9,39441.6,39455.9
1651212000000,39454.5,39454.7,39431.5,39444.1
1651212300000,39444.3,39493.1,39434.2,39434.2
1651212600000,39426.3,39438.8,39346,39403.2
1651212900000,39406.6,39438.5,39374.7,39434.9
1651213200000,39437.9,39473.2,39416.2,39443.2
1651213500000,39444.6,39480,39435.7,39464.8
1651213800000,39465.5,39488.6,39437,39474.3
1651214100000,39474.9,39526.1,39474.9,39516.8
1651214400000,39518.7,39528.7,39487.4,39508.4
1651214700000,39508.3,39508.3,39482.5,39498.5
1651215000000,39494.7,39494.7,39428.2,39435.8
1651215300000,39437.6,39451.9,39423.1,39423.2
1651215600000,39423.3,39454.6,39391,39405.3
1651215900000,39406.8,39454.6,39377.5,39453.9
1651216200000,39450.5,39453.8,39415.6,39417.2
1651216500000,39418.2,39429.7,39393.3,39404.7
1651216800000,39409.5,39451.3,39404.7,39451.3
1651217100000,39451.9,39484.9,39445.7,39484.7
1651217400000,39485.6,39527.5,39471.2,39523.4
1651217700000,39526.5,39537.8,39510.4,39525.2
1651218000000,39526.1,39532.7,39521.8,39526.2
1651218300000,39510.1,39529.5,39505.3,39523.9
1651218600000,39526.2,39565.7,39519.1,39561.5
1651218900000,39558.1,39579.3,39542.4,39564.8
1651219200000,39564.7,39588.8,39558.4,39565.2
1651219500000,39565.7,39576.6,39530.7,39550.2
1651219800000,39544.7,39544.7,39501.7,39537
1651220100000,39536.9,39544.7,39468.2,39470.6
1651220400000,39469.9,39483.4,39468.9,39482.1
1651220700000,39482,39488.6,39446.2,39483
1651221000000,39481.2,39486.9,39380.3,39382.1
1651221300000,39380.2,39426,39369.5,39415.6
1651221600000,39416.2,39422.1,39406.5,39407.2
1651221900000,39406.5,39431.8,39400.1,39401.2
1651222200000,39401.2,39424,39399.8,39405.3
1651222500000,39403.1,39405.2,39352.1,39365.1
1651222800000,39364,39364.4,39246.9,39265.2
1651223100000,39264.6,39268.9,39102.3,39204.9
1651223400000,39204.6,39233.5,39164.9,39164.9
1651223700000,39167,39181.3,39040.1,39165.9
1651224000000,39165.7,39219.3,39160.4,39166.6
1651224300000,39167.3,39180.7,39142.4,39178.5
1651224600000,39179.1,39234.7,39120.3,39170.7
1651224900000,39173.4,39238.5,39165,39226.3
1651225200000,39226.1,39226.1,39175.4,39177.5
1651225500000,39178.3,39193.7,39088.7,39134.4
1651225800000,39133.9,39138.1,39105.6,39116.9
1651226100000,39116.7,39124.7,39070.1,39099.8
1651226400000,39102.5,39116.1,39080.5,39110.1
1651226700000,39110.9,39174,39104.6,39164.3
1651227000000,39162.1,39164.9,39112.4,39117.5
1651227300000,39117.3,39194.6,39093.2,39139.8
1651227600000,39140.4,39144.8,39118.5,39123.5
1651227900000,39128.6,39146,39065.6,39065.6
1651228200000,39066,39108.5,39048.8,39089.6
1651228500000,39089.6,39133.5,39075.6,39090.7
1651228800000,39091.9,39093.1,38893.5,38915.9
1651229100000,38914.3,38967.4,38644.2,38703.8
1651229400000,38703.1,38804.5,38701.9,38774.2
1651229700000,38775.9,38796.2,38733.5,38754.4
1651230000000,38748.9,38811.8,38734.3,38771.9
1651230300000,38774.1,38895.6,38741.5,38894.3
1651230600000,38898.9,38899.7,38754.3,38754.3
1651230900000,38757.3,38792,38730.5,38792
1651231200000,38791.1,38804.7,38741.9,38790.8
1651231500000,38794.5,38809.7,38732.9,38737.7
1651231800000,38736.7,38778.9,38702.2,38708
1651232100000,38707.9,38720.9,38642.1,38642.1
1651232400000,38642.1,38704.1,38642.1,38687.7
1651232700000,38686.8,38814.5,38686.8,38798.4
1651233000000,38798.2,38799.3,38685.5,38700.2
1651233300000,38701.8,38743.7,38699.5,38707.3
1651233600000,38708,38739.7,38642.1,38669.3
1651233900000,38669.3,38723,38642.1,38722.5
1651234200000,38721.7,38814.7,38707.1,38814.6
1651234500000,38812.8,38900.2,38796,38900.2
1651234800000,38902.4,38961.7,38840.5,38946.2
1651235100000,38945.8,38948.2,38872.6,38937.9
1651235400000,38936.7,38937.5,38834,38924.5
1651235700000,38924.5,38924.5,38829,38899.1
1651236000000,38899,39091.6,38896.2,39078.3
1651236300000,39078.1,39078.3,39006.5,39020.6
1651236600000,39019.2,39020,38900.9,38919.6
1651236900000,38919.4,38930.1,38861.9,38874.7
1651237200000,38873.6,38931.2,38855.8,38893.5
1651237500000,38891.4,38902.9,38789.3,38802.4
1651237800000,38805.3,38852,38755.6,38830.7
1651238100000,38828.8,39043.2,38827.7,39013.3
1651238400000,39012.4,39130.8,38983.3,39056.5
1651238700000,39057.7,39057.7,38988.4,39013.3
1651239000000,39014.9,39236.6,38908.5,39155.1
1651239300000,39157.6,39234.8,39142.9,39142.9
1651239600000,39142.9,39142.9,38976.6,38976.9
1651239900000,38982.4,39063.3,38892.3,39054.4
1651240200000,39054.6,39102,39024.3,39094
1651240500000,39089.9,39328.6,39089.9,39246.5
1651240800000,39243.4,39263.3,39145.9,39237.3
1651241100000,39231.7,39231.7,39145.2,39145.2
1651241400000,39145.2,39182.9,39145.2,39145.2
1651241700000,39145.2,39171.4,38977.1,38994.9
1651242000000,38999.1,39013.7,38886.3,38917.4
1651242300000,38916.9,38917.9,38815,38891.7
1651242600000,38889.6,38964.9,38882,38894.1
1651242900000,38894.2,38936.8,38814.3,38897.9
1651243200000,38892.8,38935.8,38851.3,38896.9
1651243500000,38900.8,38904.7,38768.8,38768.8
1651243800000,38770.7,38821.7,38758.5,38818.5
1651244100000,38818.9,38920.4,38817.9,38916.7
1651244400000,38916.3,38920.6,38849.9,38904.2
1651244700000,38896.5,39055.6,38845.9,38870.4
1651245000000,38872.3,38894.8,38804.8,38867.7
1651245300000,38866.3,38922.2,38832,38904.7
1651245600000,38904.1,38980,38845.3,38947
1651245900000,38947,38947,38863.5,38907.4
1651246200000,38907.9,39041.6,38882.2,38976.3
1651246500000,38978.4,39092.9,38976.5,38976.5
1651246800000,38976.5,39034.7,38976.5,39026.9
1651247100000,39032.5,39097.8,39024.5,39030.8
1651247400000,39027.2,39041.3,38976.5,39011.6
1651247700000,39010.8,39018.1,38976.5,38976.5
1651248000000,38976.5,38976.5,38840.6,38844.5
1651248300000,38845.9,38884.4,38827.9,38847.2
1651248600000,38848.9,38909.2,38839.8,38880.1
1651248900000,38880.5,38933.9,38847.6,38874.7
1651249200000,38870.7,38946.9,38870.7,38946.3
1651249500000,38940.7,38979.8,38869.2,38928.5
1651249800000,38928.7,39029.5,38879.6,39011
1651250100000,39009,39013.7,38837.2,38837.2
1651250400000,38836.7,38854.7,38455.8,38475.2
1651250700000,38479.6,38621.3,38479.6,38579.9
1651251000000,38582.1,38591.5,38451,38481.5
1651251300000,38479.4,38502.7,38408.3,38472.5
1651251600000,38474.1,38651.4,38461.9,38596.2
1651251900000,38595.1,38595.1,38516.1,38551.7
1651252200000,38552.2,38569.3,38511.3,38559.4
1651252500000,38559.6,38597.9,38537.2,38582.6
1651252800000,38579.7,38589.6,38551.7,38578.5
1651253100000,38578.1,38633.3,38575.5,38585
1651253400000,38585.6,38679,38583.7,38630.3
1651253700000,38630.2,38630.2,38602.9,38612.3
1651254000000,38610.4,38612.9,38602.9,38602.9
1651254300000,38602.9,38602.9,38488.5,38525.9
1651254600000,38526,38729.9,38517,38614.1
1651254900000,38614,38621.6,38606.5,38606.5
1651255200000,38606.5,38701.5,38510.9,38608.7
1651255500000,38608.7,38617,38608.7,38608.7
1651255800000,38608.7,38608.7,38506.4,38552.5
1651256100000,38554.2,38609.5,38506.4,38530.6
1651256400000,38531.2,38563.5,38488.5,38488.7
1651256700000,38491.7,38637.7,38488.7,38568.3
1651257000000,38569,38614.6,38563.5,38597.4
1651257300000,38598,38610.3,38563.5,38563.5
1651257600000,38563.5,38563.5,38488.7,38488.7
1651257900000,38488.7,38488.7,38325,38331.8
1651258200000,38329.3,38413.1,38329.3,38361.6
1651258500000,38358.8,38517.9,38352.4,38497.4
1651258800000,38492.5,38576.5,38451.3,38534.7
1651259100000,38534,38534.6,38465.9,38465.9
1651259400000,38465.9,38465.9,38351.9,38352.1
1651259700000,38351.8,38472.9,38335.4,38468.6
1651260000000,38466.4,38514.4,38417.5,38463.6
1651260300000,38463.6,38543.5,38258.6,38269.8
1651260600000,38267.9,38348.5,38213.5,38308.5
1651260900000,38304,38318,38243.6,38296.8
1651261200000,38294.5,38425,38289.2,38338.5
1651261500000,38335.9,38352.4,38192.4,38213.2
1651261800000,38218,38223.9,38140.9,38163.1
1651262100000,38163.5,38381.6,38159.3,38293
1651262400000,38291.6,38426.1,38291.6,38345.5
1651262700000,38345.9,38468.1,38345.9,38383.8
1651263000000,38383.8,38387.3,38383.8,38385.8
1651263300000,38386.5,38432.5,38383.8,38432.5
1651263600000,38432,38541.8,38432,38510.5
1651263900000,38510.2,38593.6,38477,38514
1651264200000,38514,38514,38514,38514
1651264500000,38514,38514,38514,38514
1651264800000,38514,38514,38514,38514
1651265100000,38514,38514,38514,38514
1651265400000,38514,38528.2,38514,38527.2
1651265700000,38527.6,38527.7,38514,38514
1651266000000,38514,38538.2,38459.9,38488.1
1651266300000,38490.4,38693,38490.3,38572.8
1651266600000,38572.8,38591.1,38572.8,38572.8
1651266900000,38572.8,38572.8,38572.8,38572.8
1651267200000,38572.8,38572.8,38572.8,38572.8
1651267500000,38572.8,38572.8,38572.8,38572.8
1651267800000,38572.8,38572.8,38572.8,38572.8
1651268100000,38572.8,38572.8,38572.8,38572.8
1651268400000,38572.8,38572.8,38572.8,38572.8
1651268700000,38572.8,38572.8,38493.1,38538.5
1651269000000,38538.5,38538.5,38493.1,38493.1
1651269300000,38493.1,38509.6,38493.1,38498.7
1651269600000,38498.6,38500.6,38493.1,38493.1
1651269900000,38493.1,38496.5,38493.1,38493.1
1651270200000,38493.1,38493.1,38493.1,38493.1
1651270500000,38493.1,38493.1,38383.8,38470.2
1651270800000,38469.4,38553.6,38457.9,38516.5
1651271100000,38516.4,38536.6,38488.3,38525.9
1651271400000,38525.9,38567.7,38485.7,38522.7
1651271700000,38522.7,38522.7,38464.6,38472.5
1651272000000,38472.5,38502.9,38465.3,38480.5
1651272300000,38480.5,38546.5,38475.5,38540.6
1651272600000,38541.2,38561,38524.7,38550
1651272900000,38549.8,38562.8,38509.4,38548.2
1651273200000,38548.1,38548.1,38515.2,38538.7
1651273500000,38538.8,38567.4,38534.2,38566.3
1651273800000,38566.6,38580.2,38537.6,38575.3
1651274100000,38575.2,38591.7,38540,38549.1
1651274400000,38549,38568.4,38492.2,38557.3
1651274700000,38557.3,38558.2,38509.1,38510.8
1651275000000,38510.7,38580.7,38501.6,38567.1
1651275300000,38567,38587.6,38529.8,38552
1651275600000,38551.9,38600.5,38537.5,38580.1
1651275900000,38581.7,38598.4,38511.7,38529.7
1651276200000,38529.7,38543.6,38500.8,38526.8
1651276500000,38526.7,38547,38502.5,38528.1
1651276800000,38527.9,38569.8,38499.4,38556.3
1651277100000,38555.9,38584.1,38526.4,38579
1651277400000,38578.9,38596.6,38547.4,38556.4
1651277700000,38556.4,38611.9,38546.6,38602.5
1651278000000,38603.9,38685,38585.8,38612.4
1651278300000,38613.3,38730,38597.5,38664.2
1651278600000,38664.1,38666,38554.3,38580.7
1651278900000,38581,38594.9,38485.4,38521.7
1651279200000,38521.6,38534.6,38492.2,38512.8
1651279500000,38512.7,38545.9,38498.6,38545.7
1651279800000,38547.2,38555,38517.8,38548
1651280100000,38548,38579.3,38547.3,38576.7
1651280400000,38576.2,38618.7,38566,38612.4
1651280700000,38612.4,38654.9,38608.7,38629.7
1651281000000,38629.6,38650.1,38615.6,38627.4
1651281300000,38627.4,38641.8,38587.8,38613.5
1651281600000,38613.5,38617,38573.7,38578
1651281900000,38578,38644.1,38577.9,38638.1
1651282200000,38638,38688.3,38635,38671.4
1651282500000,38674.6,38683.4,38603.4,38626.4
1651282800000,38626.4,38652.4,38619,38639.6
1651283100000,38639.6,38676.7,38636,38672
1651283400000,38670.6,38702.5,38650.5,38651.9
1651283700000,38651.9,38659.1,38626.4,38642.8
1651284000000,38643.3,38696.6,38642.9,38690
1651284300000,38689.9,38711.7,38674.2,38703.4
1651284600000,38705,38705,38657.6,38660.6
1651284900000,38660.5,38670.3,38625.5,38668.8
1651285200000,38669.3,38671.6,38635,38640.1
1651285500000,38640.1,38642.4,38619.8,38632.8
1651285800000,38632.8,38648.6,38600,38615.7
1651286100000,38616.5,38652.6,38601.6,38640.4
1651286400000,38639.6,38671.7,38603.8,38607.6
1651286700000,38607.5,38635.6,38590.7,38611.5
1651287000000,38610.3,38636.1,38608.7,38633.1
1651287300000,38634.5,38643.2,38617,38632.3
1651287600000,38632.2,38641.7,38571.8,38593.2
1651287900000,38592.9,38639.6,38580.9,38585.1
1651288200000,38585,38593.9,38544.5,38573.9
1651288500000,38573.9,38596.8,38535.4,38570.6
1651288800000,38570.5,38570.5,38530.7,38538.1
1651289100000,38537.1,38566.3,38529.7,38558.7
1651289400000,38558.7,38572.8,38522.8,38543.5
1651289700000,38543.4,38568.4,38541.5,38568.4
1651290000000,38568.3,38580.4,38538.9,38566.8
1651290300000,38569.1,38598.4,38566.8,38591.9
1651290600000,38593.2,38613.1,38591.9,38607.8
1651290900000,38607.8,38616,38584.5,38595.6
1651291200000,38597,38607.6,38578.3,38600
1651291500000,38600,38632.9,38599.5,38615.6
1651291800000,38614.6,38630.2,38601.2,38615
1651292100000,38615.5,38616.9,38550.9,38566.1
1651292400000,38567.7,38578.6,38559.3,38560.7
1651292700000,38560.5,38560.5,38530.9,38539.1
1651293000000,38539.9,38550.9,38456,38456
1651293300000,38453.2,38493.3,38432.5,38492.9
1651293600000,38492.8,38513.1,38481,38500.4
1651293900000,38500.5,38501.4,38465.3,38470.4
1651294200000,38470.4,38489.8,38464,38487.2
1651294500000,38487.2,38501.2,38469.2,38501.2
1651294800000,38501.2,38522.9,38461.1,38518.3
1651295100000,38518,38544,38505.8,38540.5
1651295400000,38541.9,38543.2,38497.3,38497.3
1651295700000,38499.6,38523.1,38497.8,38506.5
1651296000000,38506.1,38553.3,38502,38553.2
1651296300000,38553.5,38571.7,38548,38565.6
1651296600000,38565.5,38568.1,38529.4,38532.2
1651296900000,38532.1,38573.9,38528.2,38573.9
1651297200000,38573.9,38715.6,38573.9,38650.1
1651297500000,38649,38796.2,38635.6,38656.2
1651297800000,38656.2,38779.6,38656.2,38779.6
1651298100000,38779.6,38779.6,38666.4,38666.4
1651298400000,38666.4,38672.6,38666.4,38666.4
1651298700000,38666.4,38666.4,38666.4,38666.4
1651299000000,38666.4,38666.4,38666.4,38666.4
1651299300000,38666.4,38666.4,38666.4,38666.4
1651299600000,38666.4,38666.4,38666.4,38666.4
1651299900000,38666.4,38666.4,38666.4,38666.4
1651300200000,38666.4,38666.4,38666.4,38666.4
1651300500000,38666.4,38666.4,38666.4,38666.4
1651300800000,38666.4,38673,38666.4,38666.4
1651301100000,38666.4,38667.9,38666.4,38666.4
1651301400000,38666.4,38747.7,38666.4,38666.4
1651301700000,38666.4,38666.4,38666.4,38666.4
1651302000000,38666.4,38678.7,38666.4,38666.4
1651302300000,38666.4,38666.4,38666.4,38666.4
1651302600000,38666.4,38666.4,38666.4,38666.4
1651302900000,38666.4,38666.4,38666.4,38666.4
1651303200000,38666.4,38666.4,38666.4,38666.4
1651303500000,38666.4,38667.8,38666.4,38666.4
1651303800000,38666.4,38666.4,38666.4,38666.4
1651304100000,38666.4,38672.3,38666.4,38670.8
1651304400000,38670.7,38700.4,38666.4,38666.4
1651304700000,38666.4,38666.4,38666.4,38666.4
1651305000000,38666.4,38666.4,38666.4,38666.4
1651305300000,38666.4,38666.4,38666.4,38666.4
1651305600000,38666.4,38666.4,38666.4,38666.4
1651305900000,38666.4,38666.4,38666.4,38666.4
1651306200000,38666.4,38666.4,38666.4,38666.4
1651306500000,38666.4,38666.4,38666.4,38666.4
1651306800000,38666.4,38666.4,38605.3,38605.3
1651307100000,38605.3,38605.3,38605.3,38605.3
1651307400000,38605.3,38605.3,38544.7,38544.7
1651307700000,38544.7,38560.4,38544.7,38559.9
1651308000000,38558.7,38578,38549.2,38557.9
1651308300000,38558.1,38561.9,38544.7,38544.7
1651308600000,38544.7,38585,38544.7,38584.4
1651308900000,38584.2,38601.6,38564.6,38567.7
1651309200000,38567.7,38572.6,38544.7,38544.7
1651309500000,38544.7,38576.8,38544.7,38573.4
1651309800000,38573.4,38585.9,38570.6,38582.5
1651310100000,38582.6,38597.9,38561.8,38563.7
1651310400000,38563.9,38566,38549.3,38557.6
1651310700000,38557.6,38583,38557.6,38582.7
1651311000000,38582.7,38582.7,38582.7,38582.7
1651311300000,38582.7,38582.7,38582.7,38582.7
1651311600000,38582.7,38582.7,38582.7,38582.7
1651311900000,38582.7,38582.7,38582.7,38582.7
1651312200000,38582.7,38582.7,38582.7,38582.7
1651312500000,38582.7,38606.5,38582.7,38585.1
1651312800000,38584.3,38595.1,38582.7,38582.7
1651313100000,38582.7,38584,38582.7,38582.7
1651313400000,38582.7,38582.7,38582.7,38582.7
1651313700000,38582.7,38582.7,38582.7,38582.7
1651314000000,38582.7,38582.7,38582.7,38582.7
1651314300000,38582.7,38589.8,38582.7,38589.8
1651314600000,38589.3,38619.2,38589.3,38605.7
1651314900000,38605.4,38608.2,38582.7,38582.7
1651315200000,38582.7,38600,38582.7,38582.7
1651315500000,38582.7,38593.4,38582.7,38584.4
1651315800000,38582.7,38582.8,38582.7,38582.7
1651316100000,38582.7,38582.7,38582.7,38582.7
1651316400000,38582.7,38582.7,38582.7,38582.7
1651316700000,38582.7,38582.7,38582.7,38582.7
1651317000000,38582.7,38582.7,38582.7,38582.7
1651317300000,38582.7,38582.7,38582.7,38582.7
1651317600000,38582.7,38582.7,38582.7,38582.7
1651317900000,38582.7,38582.7,38582.7,38582.7
1651318200000,38582.7,38582.7,38582.7,38582.7
1651318500000,38582.7,38590.4,38582.7,38582.7
1651318800000,38582.7,38582.7,38582.7,38582.7
1651319100000,38582.7,38582.7,38582.7,38582.7
1651319400000,38582.7,38582.7,38582.7,38582.7
1651319700000,38582.7,38582.7,38582.7,38582.7
1651320000000,38582.7,38582.7,38582.7,38582.7
1651320300000,38582.7,38582.7,38582.7,38582.7
1651320600000,38582.7,38582.7,38582.7,38582.7
1651320900000,38582.7,38582.7,38582.7,38582.7
1651321200000,38582.7,38582.7,38582.7,38582.7
1651321500000,38582.7,38582.7,38582.7,38582.7
1651321800000,38582.7,38582.7,38582.7,38582.7
1651322100000,38582.7,38582.7,38582.7,38582.7
1651322400000,38582.7,38582.7,38582.7,38582.7
1651322700000,38582.7,38582.7,38523.1,38523.2
1651323000000,38523.9,38528.1,38516.7,38517.4
1651323300000,38517.6,38518.9,38500.4,38507.1
1651323600000,38506.4,38510.7,38479.3,38479.3
1651323900000,38478.4,38530.5,38478.4,38529.4
1651324200000,38529.5,38577.4,38524.8,38566.1
1651324500000,38566.3,38592.1,38561.1,38590.7
1651324800000,38590.6,38592,38574.2,38576.1
1651325100000,38576,38582.3,38570,38572.3
1651325400000,38572.6,38587.2,38502.7,38511.9
1651325700000,38507.7,38541.4,38507.7,38522.7
1651326000000,38522.8,38530.5,38480.7,38480.7
1651326300000,38481.5,38502.7,38480.7,38480.7
1651326600000,38480.7,38490.7,38480.7,38480.7
1651326900000,38480.7,38480.8,38480.7,38480.7
1651327200000,38480.7,38494.8,38393.4,38494.8
1651327500000,38494.8,38647.6,38480.3,38500.1
1651327800000,38500.4,38521.7,38498.7,38499.8
1651328100000,38499.4,38499.4,38391.6,38392.2
1651328400000,38392.8,38411.5,38383.8,38383.8
1651328700000,38383.8,38397.8,38383.8,38383.8
1651329000000,38383.8,38388.9,38383.8,38383.8
1651329300000,38383.8,38383.8,38383.8,38383.8
1651329600000,38383.8,38383.8,38383.8,38383.8
1651329900000,38383.8,38383.8,38305.2,38305.2
1651330200000,38305.2,38339.6,38305.2,38339.6
1651330500000,38339.6,38339.6,38195.5,38208.8
1651330800000,38208.1,38249.9,38195.5,38195.5
1651331100000,38195.5,38387,38195.5,38319.4
1651331400000,38319.2,38516.7,38318.9,38395.8
1651331700000,38395.8,38395.8,38341.3,38341.3
1651332000000,38341.3,38341.3,38272.2,38280.6
1651332300000,38280.7,38502.7,38280.1,38423.4
1651332600000,38423.3,38547.3,38396.1,38439.6
1651332900000,38445.1,38534,38438,38438
1651333200000,38438,38438,38438,38438
1651333500000,38438,38438,38438,38438
1651333800000,38438,38460.2,38438,38459.7
1651334100000,38459.9,38485.4,38457.9,38484.1
1651334400000,38484.1,38484.1,38484.1,38484.1
1651334700000,38484.1,38595.7,38484.1,38521.7
1651335000000,38522.8,38525.6,38513.2,38513.2
1651335300000,38513.2,38513.2,38513.2,38513.2
1651335600000,38513.2,38532.5,38513.2,38521.7
1651335900000,38524.1,38555.4,38523.9,38529.4
1651336200000,38529.3,38566.9,38528,38559.5
1651336500000,38559.8,38561.3,38513.2,38522.3
1651336800000,38522.1,38527.4,38513.2,38513.2
1651337100000,38513.2,38513.2,38513.2,38513.2
1651337400000,38513.2,38513.2,38513.2,38513.2
1651337700000,38513.2,38513.2,38447.3,38447.3
1651338000000,38447.3,38447.3,38347.4,38347.4
1651338300000,38347.4,38347.4,38347.4,38347.4
1651338600000,38347.4,38347.4,38347.4,38347.4
1651338900000,38347.4,38347.4,38272.2,38280.1
1651339200000,38280.1,38284.2,38272.2,38272.2
1651339500000,38272.2,38282.9,38272.2,38272.2
1651339800000,38272.2,38276.3,38272.2,38272.2
1651340100000,38272.2,38353.2,38272.2,38289.6
1651340400000,38289.5,38289.5,38272.2,38272.9
1651340700000,38273.6,38289.1,38272.9,38274.3
1651341000000,38274.5,38274.5,38272.2,38272.2
1651341300000,38272.2,38272.2,38272.2,38272.2
1651341600000,38272.2,38299.4,38272.2,38287.5
1651341900000,38287.8,38311.4,38282.2,38286
1651342200000,38286,38288.9,38272.2,38272.2
1651342500000,38272.2,38290,38272.2,38272.2
1651342800000,38272.2,38272.2,38272.2,38272.2
1651343100000,38272.2,38278.3,38272.2,38277.6
1651343400000,38279,38279,38272.2,38272.2
1651343700000,38272.2,38272.2,38272.2,38272.2
1651344000000,38272.2,38272.2,38272.2,38272.2
1651344300000,38272.2,38272.2,38272.2,38272.2
1651344600000,38272.2,38272.2,38195.5,38272.2
1651344900000,38272.2,38315.1,38272.2,38309
1651345200000,38308.7,38335.8,38302,38325.8
1651345500000,38324.5,38343.8,38315.7,38334.1
1651345800000,38334.2,38335.2,38316.8,38324.4
1651346100000,38324.2,38346.3,38304.1,38330.7
1651346400000,38330.4,38330.4,38287.3,38290.5
1651346700000,38290.9,38335.1,38284.6,38321.5
1651347000000,38321.4,38321.4,38297.4,38311.3
1651347300000,38311.1,38313.2,38289.7,38298.7
1651347600000,38298.8,38314.8,38298.8,38314.4
1651347900000,38314.5,38354,38273.8,38353
1651348200000,38353.4,38528.1,38345.2,38455.1
1651348500000,38455.1,38533,38441.1,38507.2
1651348800000,38507.2,38514.2,38399,38401.7
1651349100000,38401.7,38404.2,38401.7,38401.7
1651349400000,38401.7,38401.7,38401.7,38401.7
1651349700000,38401.7,38401.7,38401.7,38401.7
1651350000000,38401.7,38413,38383.8,38383.8
1651350300000,38383.8,38383.8,38383.8,38383.8
1651350600000,38383.8,38383.8,38383.8,38383.8
1651350900000,38383.8,38383.8,38315.6,38319.7
1651351200000,38319.4,38322.1,38315.6,38322.1
1651351500000,38322.1,38327.6,38322.1,38327.6
1651351800000,38327.6,38375.6,38272.2,38276.7
1651352100000,38276.8,38376.1,38276.4,38376.1
1651352400000,38376.1,38410,38255.1,38286.8
1651352700000,38286.1,38286.1,38227.3,38230.6
1651353000000,38230.3,38245.4,38228,38241.8
1651353300000,38241.9,38247.8,38241.4,38247.8
1651353600000,38247.7,38277.2,38247.7,38267.9
1651353900000,38267.9,38287.9,38254.4,38287.8
1651354200000,38287.9,38301.3,38284,38288.1
1651354500000,38288.2,38289.3,38281.2,38281.6
1651354800000,38284.2,38314.4,38275.4,38314.4
1651355100000,38315.1,38323.3,38301.9,38309.4
1651355400000,38309.2,38334.9,38276,38301.8
1651355700000,38301.2,38302.6,38271.7,38271.7
1651356000000,38247.1,38276.2,38198.2,38201.7
1651356300000,38201.8,38224,38195.6,38210.4
1651356600000,38210.2,38232.5,38195.6,38199.5
1651356900000,38199.5,38214.5,38195.6,38203.4
1651357200000,38199.9,38246.9,38195.6,38240.4
1651357500000,38239.2,38284.7,38228.1,38278.8
1651357800000,38277.6,38311.3,38269,38308.3
1651358100000,38308,38308,38245.3,38294.3
1651358400000,38294.3,38327.5,38246.6,38327.5
1651358700000,38327.3,38327.3,38294.3,38310.4
1651359000000,38310.8,38312.6,38275.3,38290.6
1651359300000,38290.5,38290.5,38207,38214.7
1651359600000,38214.7,38229.6,37863,37863
1651359900000,37863.1,37904.1,37577.1,37595.5
1651360200000,37597.8,37806.5,37573.9,37777
1651360500000,37777.7,37792,37660.4,37733.8
1651360800000,37735,37775.1,37679.6,37743.5
1651361100000,37742.9,37743.7,37677.9,37710.7
1651361400000,37710.6,37828.4,37660.3,37683.4
1651361700000,37684.2,37686.3,37612,37660.5
1651362000000,37660.5,37703.2,37636.4,37652.6
1651362300000,37653.9,37654.1,37620,37620.1
1651362600000,37619.8,37716.2,37568.3,37622.8
1651362900000,37624.1,37639.6,37596.3,37597
