timestamp,open,high,low,close
1688169600000,30407.1,30427.2,30392.3,30422.8
1688169900000,30422.8,30441.9,30412.9,30436.7
1688170200000,30436.7,30450.3,30361.4,30379.4
1688170500000,30382.5,30419,30380.2,30415
1688170800000,30415.1,30428.8,30397.4,30425.5
1688171100000,30425.5,30467.4,30410.1,30448.5
1688171400000,30448.5,30466.5,30443,30449.2
1688171700000,30449.2,30464.8,30427.9,30458.4
1688172000000,30458.5,30473.6,30447.4,30452.2
1688172300000,30452.2,30452.2,30401.3,30425.1
1688172600000,30417.3,30425.3,30404.5,30420
1688172900000,30420,30420,30397.6,30405.3
1688173200000,30405.3,30417.8,30392.7,30392.7
1688173500000,30392.7,30393.5,30350.1,30378
1688173800000,30378.8,30415.6,30378.8,30412.6
1688174100000,30412.6,30412.6,30348.1,30355.5
1688174400000,30357.8,30379.3,30329.7,30347.9
1688174700000,30348.2,30382.4,30348.2,30358.9
1688175000000,30358.9,30386.6,30344,30382.3
1688175300000,30382.3,30398.4,30376.5,30390.8
1688175600000,30390.8,30402.4,30371.6,30386
1688175900000,30386,30388.1,30368.9,30379.9
1688176200000,30381.3,30383.6,30366.7,30371.2
1688176500000,30371.2,30378,30366.2,30378
1688176800000,30378.7,30386.8,30350.5,30350.5
1688177100000,30350.5,30406.1,30322,30404.1
1688177400000,30404.1,30404.1,30381.7,30388.2
1688177700000,30390,30406,30390,30393.7
1688178000000,30393.8,30406.2,30393.2,30403.7
1688178300000,30404.5,30435.3,30404.5,30428.3
1688178600000,30428.3,30463,30428.2,30429.4
1688178900000,30429.4,30429.4,30404.4,30424.2
1688179200000,30424.2,30425.9,30403.8,30403.8
1688179500000,30405,30408,30363.9,30372.7
1688179800000,30372.7,30373.3,30361.8,30363
1688180100000,30365.2,30369.3,30351,30359.5
1688180400000,30360.1,30363.1,30350.9,30362.9
1688180700000,30363.1,30377.9,30360.4,30362.4
1688181000000,30362.4,30362.4,30345.5,30345.9
1688181300000,30345.9,30372.1,30345.9,30346.5
1688181600000,30346.5,30346.5,30330.9,30334
1688181900000,30334,30336.5,30328.3,30335.1
1688182200000,30336.9,30348.5,30329.4,30332.5
1688182500000,30332.5,30332.8,30326.2,30332.7
1688182800000,30332.7,30332.7,30310.7,30314.4
1688183100000,30314.4,30328.7,30306.9,30324.2
1688183400000,30324.2,30327.7,30319.1,30325.7
1688183700000,30327,30330.7,30326.5,30330.7
1688184000000,30336.6,30351.1,30336.6,30341.6
1688184300000,30342.2,30347.8,30331.4,30335.3
1688184600000,30335.3,30344.1,30326.4,30326.4
1688184900000,30326.4,30326.4,30268.6,30298.5
1688185200000,30298.5,30321.5,30265.4,30280
1688185500000,30280.4,30291.5,30260.9,30287.1
1688185800000,30287.1,30293.4,30257.4,30286.8
1688186100000,30288.2,30322.9,30288.2,30315.9
1688186400000,30317.6,30332.9,30303.6,30313
1688186700000,30313,30330.5,30299.1,30328.3
1688187000000,30329,30332,30326.2,30329
1688187300000,30329,30329,30310.2,30323.1
1688187600000,30323.1,30335.8,30323.1,30335.8
1688187900000,30335.8,30337.2,30330.9,30331.4
1688188200000,30331.4,30340.8,30331.4,30338.5
1688188500000,30338.5,30363.3,30338.5,30359.2
1688188800000,30359.2,30359.2,30337.5,30343.6
1688189100000,30343.6,30343.6,30333.3,30333.3
1688189400000,30333.3,30348.4,30329.4,30342.4
1688189700000,30342.4,30350,30342.4,30350
1688190000000,30350,30350,30338.5,30341.5
1688190300000,30342.5,30349.1,30342.3,30342.3
1688190600000,30342.3,30353.6,30339.4,30353.6
1688190900000,30354.2,30364.1,30354.2,30364.1
1688191200000,30364.1,30376.4,30360.5,30376.4
1688191500000,30376.4,30376.4,30361.5,30368.5
1688191800000,30369,30374,30367.9,30367.9
1688192100000,30367.9,30367.9,30350.8,30355.1
1688192400000,30355.9,30358.9,30350.8,30350.8
1688192700000,30350.8,30359.6,30350.8,30359.6
1688193000000,30359.6,30359.6,30338.2,30342.3
1688193300000,30343,30357.1,30339.6,30353.3
1688193600000,30353.3,30353.3,30341.4,30345.6
1688193900000,30345.6,30355.7,30342.1,30353.4
1688194200000,30353.5,30400.6,30353.5,30368.4
1688194500000,30368.4,30384.3,30367.7,30380.9
1688194800000,30412,30421,30412,30415.6
1688195100000,30415.6,30422.6,30408.9,30408.9
1688195400000,30408.9,30408.9,30388.9,30392.1
1688195700000,30392.1,30395.9,30385.2,30388.8
1688196000000,30388.8,30398.2,30386.6,30386.6
1688196300000,30386.6,30398.6,30349.2,30398.6
1688196600000,30398.6,30421.8,30398.6,30418.2
1688196900000,30419,30422,30411.1,30411.1
1688197200000,30411.1,30411.4,30403.9,30411.4
1688197500000,30411.4,30411.8,30404.4,30411.8
1688197800000,30411.9,30414.9,30408.1,30414.5
1688198100000,30414.7,30432.5,30414.7,30432.5
1688198400000,30432.5,30441.7,30428.5,30441.7
1688198700000,30441.7,30441.7,30431.3,30431.3
1688199000000,30431.3,30431.3,30417.6,30417.6
1688199300000,30417.9,30420.9,30413.6,30413.6
1688199600000,30413.7,30421.3,30412.7,30421
1688199900000,30421,30421,30406.4,30406.4
1688200200000,30406.4,30406.4,30392.3,30399.3
1688200500000,30400.8,30414.2,30400.8,30409.9
1688200800000,30411.5,30419.3,30411.5,30419.3
1688201100000,30419.5,30430.9,30410,30410
1688201400000,30411,30414.9,30410.8,30414.9
1688201700000,30415.3,30427.7,30402.6,30410.4
1688202000000,30410.4,30419.3,30407.2,30415.5
1688202300000,30415.5,30424.4,30411.2,30424.4
1688202600000,30424.4,30424.4,30406.2,30409.7
1688202900000,30409.7,30412.9,30404.8,30409.3
1688203200000,30409.4,30420.5,30409.4,30420.5
1688203500000,30420.5,30431.3,30417.4,30431.3
1688203800000,30431.3,30431.3,30422.5,30429.3
1688204100000,30429.3,30429.6,30423.3,30429.6
1688204400000,30429.6,30431,30424.2,30425.8
1688204700000,30425.8,30425.8,30413.5,30417
1688205000000,30417,30417,30412.8,30413.7
1688205300000,30413.7,30416.8,30413.7,30416.8
1688205600000,30416.8,30416.8,30416.8,30416.8
1688205900000,30416.8,30421.2,30416.8,30418
1688206200000,30418.5,30427.1,30418.5,30424.1
1688206500000,30424.1,30424.1,30402.8,30402.8
1688206800000,30403,30432.6,30403,30429.5
1688207100000,30429.5,30449.7,30429.5,30449.7
1688207400000,30449.9,30453.4,30438.4,30453.4
1688207700000,30453.4,30453.6,30448.2,30453.6
1688208000000,30453.6,30454.4,30433.3,30454.4
1688208300000,30454.4,30454.4,30417.7,30419.2
1688208600000,30421.5,30437.5,30418.9,30434.2
1688208900000,30434.2,30436.9,30430.7,30436.9
1688209200000,30437,30448.5,30436.9,30448.5
1688209500000,30448.5,30449.1,30440.4,30449.1
1688209800000,30449.2,30462.5,30449.2,30462.5
1688210100000,30462.6,30471.9,30462.6,30471.9
1688210400000,30472.5,30475.5,30469.1,30469.1
1688210700000,30469.1,30469.1,30454.9,30454.9
1688211000000,30455.1,30461.4,30455.1,30461.4
1688211300000,30461.5,30464.5,30456.1,30459.3
1688211600000,30459.3,30511.1,30454.3,30511.1
1688211900000,30511.1,30565.3,30501.9,30561.9
1688212200000,30561.9,30561.9,30512.2,30522
1688212500000,30522,30522,30489.8,30502.2
1688212800000,30502.9,30505.9,30480.9,30484
1688213100000,30484,30526.8,30484,30526.8
1688213400000,30526.8,30545.9,30526.8,30541.5
1688213700000,30542.8,30600.8,30542.8,30572.2
1688214000000,30572.2,30595.6,30568.9,30595.6
1688214300000,30595.6,30595.6,30542.1,30548.6
1688214600000,30549.2,30555.3,30530.2,30530.2
1688214900000,30532,30571.5,30532,30571.5
1688215200000,30571.7,30583,30555.6,30569
1688215500000,30569.1,30579.4,30554.7,30554.7
1688215800000,30554.8,30575.3,30550.1,30567.6
1688216100000,30567.6,30567.6,30540.9,30544.7
1688216400000,30544.7,30574,30540,30574
1688216700000,30574,30586.4,30574,30586.4
1688217000000,30587.3,30606.7,30542.9,30547.9
1688217300000,30550.4,30561.4,30546.5,30553.4
1688217600000,30554.1,30571.1,30548.3,30551.4
1688217900000,30551.4,30551.4,30516.5,30516.5
1688218200000,30520.9,30530.7,30520.5,30530.6
1688218500000,30531.8,30534.8,30528.6,30528.6
1688218800000,30528.7,30560.2,30528.7,30556.9
1688219100000,30556.9,30556.9,30526.4,30529.5
1688219400000,30529.5,30541.8,30526.1,30541.8
1688219700000,30541.8,30541.8,30527.3,30537.1
1688220000000,30537.1,30542.2,30515.1,30518.7
1688220300000,30519,30545.7,30509.8,30520.8
1688220600000,30521.6,30535.9,30521.6,30532.1
1688220900000,30532.2,30538.3,30523.8,30530.6
1688221200000,30532.8,30556.4,30532.8,30553.2
1688221500000,30553.2,30553.2,30532.2,30537
1688221800000,30538.1,30549.1,30531.4,30531.4
1688222100000,30531.6,30541.5,30524,30541.5
1688222400000,30541.5,30542.2,30535.5,30538.7
1688222700000,30538.8,30566.7,30538.8,30566.7
1688223000000,30566.7,30574.6,30566.7,30574.6
1688223300000,30574.7,30585.3,30569.5,30578.2
1688223600000,30578.5,30629.2,30569.4,30577.1
1688223900000,30577.1,30577.3,30558.2,30558.2
1688224200000,30560.4,30563.4,30539.9,30553
1688224500000,30553,30556.7,30531.2,30531.2
1688224800000,30532.7,30552.1,30532.7,30552.1
1688225100000,30556.6,30559.6,30547.1,30547.7
1688225400000,30548.1,30564.2,30547.7,30557.3
1688225700000,30557.4,30564.2,30557.4,30564.2
1688226000000,30564.2,30568.5,30561,30568.5
1688226300000,30568.5,30568.5,30558.7,30564.8
1688226600000,30564.8,30564.8,30540.3,30540.3
1688226900000,30541.3,30551.7,30541.3,30548.6
1688227200000,30548.6,30551.8,30542.4,30551.8
1688227500000,30551.8,30562.6,30546,30562.3
1688227800000,30562.3,30562.3,30534.9,30539.1
1688228100000,30539.1,30548.3,30524.1,30536.5
1688228400000,30536.5,30536.5,30521.8,30531.6
1688228700000,30531.6,30531.6,30525.4,30529.2
1688229000000,30529.2,30532.6,30519.7,30527
1688229300000,30528.2,30531.2,30518.1,30521.9
1688229600000,30521.9,30544.8,30516.7,30544.8
1688229900000,30544.8,30544.9,30527.1,30527.1
1688230200000,30527.1,30552.5,30527.1,30552.5
1688230500000,30552.5,30552.5,30541.6,30548.4
1688230800000,30548.4,30548.4,30536.5,30547.4
1688231100000,30547.4,30555.8,30544.2,30555.8
1688231400000,30555.8,30555.8,30546.1,30549.1
1688231700000,30549.1,30558.1,30549.1,30558.1
1688232000000,30558.1,30558.1,30554,30557.7
1688232300000,30557.7,30557.7,30553.1,30556.5
1688232600000,30556.5,30556.5,30550.3,30553.5
1688232900000,30553.5,30559.5,30550.4,30559.5
1688233200000,30559.5,30560.8,30552.4,30560.8
1688233500000,30560.8,30560.8,30557.4,30557.4
1688233800000,30557.4,30557.4,30526.5,30534.1
1688234100000,30534.9,30553.6,30534.9,30552
1688234400000,30553.1,30559.4,30553.1,30556.3
1688234700000,30556.3,30561,30556.3,30557.8
1688235000000,30557.8,30563,30557.8,30563
1688235300000,30564,30576,30551.4,30551.4
1688235600000,30551.4,30558.2,30547.8,30558.2
1688235900000,30558.2,30558.2,30551.7,30554.8
1688236200000,30554.9,30562,30554.9,30562
1688236500000,30562,30562,30558.3,30561.4
1688236800000,30561.4,30564.6,30561.4,30564.6
1688237100000,30565.9,30586.8,30565.9,30583.8
1688237400000,30583.8,30583.8,30579.3,30579.3
1688237700000,30579.5,30586.9,30579.5,30582.7
1688238000000,30583.8,30592.8,30580.5,30592.8
1688238300000,30593.3,30601.9,30581.9,30585.6
1688238600000,30585.6,30585.6,30575.8,30579.1
1688238900000,30579.1,30579.9,30575.2,30578.8
1688239200000,30578.8,30586.8,30574.3,30585.9
1688239500000,30585.9,30608.7,30584.7,30608.7
1688239800000,30608.7,30608.7,30599.5,30604.5
1688240100000,30604.5,30604.5,30572.7,30582.6
1688240400000,30582.6,30583.8,30576.3,30582.4
1688240700000,30582.4,30582.4,30574.8,30574.8
1688241000000,30580.5,30583.5,30574.9,30577.7
1688241300000,30577.7,30591.7,30573.2,30588.6
1688241600000,30588.6,30588.6,30581,30581
1688241900000,30581,30581,30563.1,30563.1
1688242200000,30564.7,30567.7,30564.6,30567.7
1688242500000,30571.6,30574.6,30571.6,30574.6
1688242800000,30574.6,30584.5,30574.6,30581.1
1688243100000,30581.1,30587,30581.1,30587
1688243400000,30587,30587,30571.6,30579.4
1688243700000,30579.4,30579.4,30572.1,30576.8
1688244000000,30576.8,30576.8,30568.8,30574.5
1688244300000,30574.5,30577.6,30560.1,30568.6
1688244600000,30568.6,30568.6,30560.4,30563.5
1688244900000,30563.5,30563.6,30554.6,30563.3
1688245200000,30563.3,30564.5,30560.3,30564.5
1688245500000,30564.5,30564.5,30547.1,30554.1
1688245800000,30554.9,30576.6,30554.9,30576.6
1688246100000,30576.6,30576.6,30562.8,30565.7
1688246400000,30565.7,30565.7,30558.9,30563.1
1688246700000,30563.1,30563.1,30556.7,30561.6
1688247000000,30561.6,30564.7,30560.4,30560.4
1688247300000,30560.4,30560.6,30556.9,30560.6
1688247600000,30564.1,30568,30562.2,30564.6
1688247900000,30564.6,30564.6,30556.4,30564
1688248200000,30564.3,30567.8,30564.2,30567.8
1688248500000,30567.8,30567.8,30558.7,30565.1
1688248800000,30565.1,30566.7,30527.4,30562.2
1688249100000,30562.2,30574.8,30558.3,30571.6
1688249400000,30571.6,30574.9,30568.1,30574.9
1688249700000,30574.9,30574.9,30563.9,30569.1
1688250000000,30569.1,30572.2,30569.1,30572.2
1688250300000,30572.2,30580.5,30572.2,30577.4
1688250600000,30577.6,30580.6,30560.2,30568.2
1688250900000,30568.2,30568.2,30535.6,30535.6
1688251200000,30537.3,30554,30537.3,30545.1
1688251500000,30545.1,30545.1,30526.2,30542.1
1688251800000,30542.1,30549.7,30542.1,30549.7
1688252100000,30549.7,30549.7,30540.6,30547.6
1688252400000,30547.7,30570,30547.7,30570
1688252700000,30570,30570,30559.1,30559.1
1688253000000,30559.1,30559.1,30542.9,30542.9
1688253300000,30545.9,30550.9,30542,30548.7
1688253600000,30549.5,30552.5,30549.5,30552.5
1688253900000,30552.5,30554.4,30547.9,30549.3
1688254200000,30549.3,30549.3,30546.2,30546.2
1688254500000,30546.2,30549.9,30540.6,30549.9
1688254800000,30549.9,30549.9,30541.8,30541.8
1688255100000,30542.5,30545.5,30540.6,30544.6
1688255400000,30546.2,30564,30546.2,30564
1688255700000,30564,30564,30557.1,30557.1
1688256000000,30560.4,30560.4,30551.6,30560.4
1688256300000,30560.4,30560.4,30550.2,30554.3
1688256600000,30554.3,30554.3,30524.7,30528.8
1688256900000,30533,30550.9,30531.7,30546.7
1688257200000,30546.7,30546.7,30527.9,30530.4
1688257500000,30530.5,30617.7,30530.4,30617.7
1688257800000,30617.7,30617.7,30535.3,30550.8
1688258100000,30551.4,30607,30551.4,30570.7
1688258400000,30570.7,30570.7,30557.3,30562.8
1688258700000,30562.8,30566.1,30548.9,30562.6
1688259000000,30562.6,30566.9,30556.8,30560.7
1688259300000,30561.5,30564.5,30547.7,30553.5
1688259600000,30553.5,30561.7,30532.6,30535.2
1688259900000,30535.8,30556.8,30533.3,30556.8
1688260200000,30557.6,30568.6,30557.6,30565.2
1688260500000,30565.2,30565.2,30554.1,30554.1
1688260800000,30554.2,30561.9,30554,30558.2
1688261100000,30558.2,30558.2,30542.8,30547.1
1688261400000,30547.1,30547.1,30537.2,30545.5
1688261700000,30545.5,30548.9,30534.2,30542.2
1688262000000,30542.2,30550.1,30537.7,30547
1688262300000,30547,30551.3,30547,30551.3
1688262600000,30551.3,30551.3,30537.7,30543.5
1688262900000,30543.5,30543.5,30535.1,30538.6
1688263200000,30538.6,30538.6,30530.8,30534.5
1688263500000,30534.5,30534.5,30528.5,30533.2
1688263800000,30533.2,30542.8,30533.2,30538.6
1688264100000,30538.6,30538.6,30443.6,30488.1
1688264400000,30488.7,30551.9,30488.7,30534.2
1688264700000,30535.2,30550.3,30535.2,30545.4
1688265000000,30545.4,30562.2,30541.5,30562.2
1688265300000,30562.2,30564.3,30545.7,30560.6
1688265600000,30561.4,30577.3,30561.4,30568.4
1688265900000,30568.4,30568.4,30558.5,30561.8
1688266200000,30561.8,30561.8,30538.3,30541.4
1688266500000,30541.4,30541.4,30519.3,30523
1688266800000,30523,30523,30496.4,30499.5
1688267100000,30500.4,30521.3,30500.4,30510.1
1688267400000,30510.1,30514.7,30498.4,30511.2
1688267700000,30511.4,30514.4,30495.8,30508.9
1688268000000,30508.9,30520.3,30508.9,30516.6
1688268300000,30516.7,30519.7,30512.6,30517.6
1688268600000,30517.6,30517.6,30505.7,30513.1
1688268900000,30513.1,30513.1,30479.1,30482.3
1688269200000,30482.3,30487.4,30458.4,30487.4
1688269500000,30487.4,30487.4,30453.7,30478.1
1688269800000,30478.7,30489.3,30469.5,30469.5
1688270100000,30469.6,30483,30456.8,30482.6
1688270400000,30482.6,30484.9,30450.6,30484.9
1688270700000,30485.1,30488.1,30458.7,30479.3
1688271000000,30479.3,30482.4,30479.2,30482.4
1688271300000,30482.4,30498.2,30479.2,30494
1688271600000,30494,30494,30487.1,30489.9
1688271900000,30492.2,30507,30491.1,30507
1688272200000,30507,30507,30485.2,30490.9
1688272500000,30491.5,30494.5,30482.8,30482.8
1688272800000,30478.6,30482.6,30473.7,30480.6
1688273100000,30480.6,30494.5,30477.1,30494.5
1688273400000,30494.5,30494.5,30487.6,30487.6
1688273700000,30487.6,30507.5,30483.7,30500
1688274000000,30500.5,30522.5,30500.5,30522.5
1688274300000,30522.5,30522.5,30494.6,30494.6
1688274600000,30495.9,30498.9,30495.4,30495.4
1688274900000,30495.4,30495.4,30481.5,30481.5
1688275200000,30481.5,30481.5,30477.6,30481.1
1688275500000,30481.1,30481.1,30469.4,30469.4
1688275800000,30469.4,30473.8,30466.2,30466.2
1688276100000,30466.6,30473.1,30466.6,30470.1
1688276400000,30470.1,30473.7,30465.1,30473.7
1688276700000,30473.7,30473.7,30464.1,30470.3
1688277000000,30470.3,30489.5,30470.3,30480
1688277300000,30480,30480,30454.2,30454.2
1688277600000,30454.2,30469.3,30446.6,30469.3
1688277900000,30470.8,30473.8,30460.5,30465.8
1688278200000,30465.8,30465.8,30458.3,30461.1
1688278500000,30461.1,30467.4,30456.2,30467.4
1688278800000,30467.4,30470.8,30463.6,30466.9
1688279100000,30467,30486.3,30467,30486.3
1688279400000,30486.3,30486.3,30475.8,30475.8
1688279700000,30475.8,30475.8,30468.7,30468.7
1688280000000,30468.9,30480.7,30468.9,30480.7
1688280300000,30480.7,30480.7,30468.6,30471.8
1688280600000,30471.8,30471.8,30454.9,30464.9
1688280900000,30464.9,30464.9,30452.4,30463.7
1688281200000,30463.7,30463.7,30453.4,30453.4
1688281500000,30453.6,30456.6,30453.6,30456.6
1688281800000,30456.6,30460.3,30456.6,30460.3
1688282100000,30460.3,30472.7,30460.3,30472.7
1688282400000,30472.7,30472.7,30468.3,30471.6
1688282700000,30471.6,30478.7,30471.6,30478.7
1688283000000,30479.9,30482.9,30479.8,30479.8
1688283300000,30479.8,30479.8,30475.4,30475.4
1688283600000,30476.3,30483.1,30471.9,30483.1
1688283900000,30484.3,30487.3,30478.2,30483.6
1688284200000,30483.6,30488.5,30483.6,30488.5
1688284500000,30488.5,30488.5,30481.9,30481.9
1688284800000,30481.9,30485.8,30476.3,30482.7
1688285100000,30482.7,30492.4,30478.8,30492.4
1688285400000,30493.5,30499.6,30493.4,30495.9
1688285700000,30496.2,30522.8,30496.2,30518.8
1688286000000,30518.8,30518.8,30498.7,30502.2
1688286300000,30502.2,30506,30501.5,30506
1688286600000,30506,30506,30495.9,30495.9
1688286900000,30495.9,30495.9,30472.6,30479.9
1688287200000,30479.9,30484.5,30468.5,30478.1
1688287500000,30478.1,30485.9,30471.3,30482
1688287800000,30482.1,30485.1,30475.3,30483.2
1688288100000,30483.2,30483.2,30461.6,30461.6
1688288400000,30461.9,30479.3,30461.6,30478.5
1688288700000,30479.3,30482.3,30478.7,30482.3
1688289000000,30482.3,30492.1,30482.3,30492.1
1688289300000,30492.7,30499.9,30488.4,30499.9
1688289600000,30499.9,30499.9,30495.8,30495.9
1688289900000,30496,30506.3,30496,30503.2
1688290200000,30503.2,30503.2,30500,30500
1688290500000,30500.1,30503,30499.6,30503
1688290800000,30503.1,30519.3,30498.7,30508.9
1688291100000,30509.1,30517.6,30509.1,30514.3
1688291400000,30514.3,30514.3,30506,30513.3
1688291700000,30513.3,30513.3,30491.2,30495
1688292000000,30495.2,30500.4,30492.3,30500.4
1688292300000,30500.4,30506.8,30500.4,30506.8
1688292600000,30506.8,30509.2,30497.5,30500.7
1688292900000,30500.7,30506,30486.9,30500.4
1688293200000,30500.4,30500.4,30490.2,30495.4
1688293500000,30495.4,30498.5,30491.3,30497.3
1688293800000,30497.3,30498.7,30489.9,30489.9
1688294100000,30493.9,30496.9,30488.2,30488.2
1688294400000,30488.7,30491.7,30488.7,30491.7
1688294700000,30491.7,30498.4,30491.7,30498.2
1688295000000,30498.2,30498.2,30482.9,30486.3
1688295300000,30486.3,30496.5,30479.5,30496.5
1688295600000,30496.5,30496.5,30483.4,30486.4
1688295900000,30486.4,30494.4,30486.4,30494.4
1688296200000,30494.4,30494.4,30487.2,30494.4
1688296500000,30494.4,30497.6,30486.3,30493.9
1688296800000,30493.9,30500.3,30493.9,30500.3
1688297100000,30500.9,30503.9,30500.2,30503.7
1688297400000,30503.7,30503.7,30499,30499
1688297700000,30499,30504.4,30499,30499.7
1688298000000,30499.7,30499.7,30495.6,30498.8
1688298300000,30498.8,30513.5,30498.8,30507
1688298600000,30507,30507,30507,30507
1688298900000,30507,30511.2,30507,30511.2
1688299200000,30511.3,30539.3,30510.6,30539.3
1688299500000,30539.3,30542.9,30521.2,30521.2
1688299800000,30521.4,30524.4,30483.1,30523.2
1688300100000,30523.2,30548.4,30520.1,30524.8
1688300400000,30524.8,30524.8,30511.2,30514.8
1688300700000,30514.8,30514.8,30511.7,30511.7
1688301000000,30511.7,30515.2,30511.7,30515.2
1688301300000,30515.5,30518.5,30511.1,30514.3
1688301600000,30514.3,30526.8,30514.3,30526.8
1688301900000,30526.8,30526.8,30508.9,30508.9
1688302200000,30510.8,30513.8,30509.9,30513.4
1688302500000,30513.4,30513.4,30494.8,30498.3
1688302800000,30504.2,30507.2,30488.2,30492.9
1688303100000,30492.9,30503.3,30492.9,30499.4
1688303400000,30499.4,30499.4,30490.6,30495.3
1688303700000,30495.3,30499.2,30495.3,30499.2
1688304000000,30499.2,30499.2,30468.8,30482.3
1688304300000,30482.3,30482.3,30467.1,30467.1
1688304600000,30467.1,30473.9,30467.1,30473.9
1688304900000,30474.2,30477.2,30466.1,30473.1
1688305200000,30474.3,30491.2,30474.3,30491.2
1688305500000,30491.2,30491.2,30483.2,30483.2
1688305800000,30483.2,30492.7,30483.2,30492.7
1688306100000,30492.7,30492.9,30488.7,30488.7
1688306400000,30489.6,30492.6,30482.6,30485.9
1688306700000,30486.1,30489.1,30484.6,30488.1
1688307000000,30488.1,30494.4,30488.1,30491.1
1688307300000,30491.1,30502.4,30491.1,30499
1688307600000,30499,30499,30482.6,30482.6
1688307900000,30482.6,30505.6,30463.8,30500.6
1688308200000,30500.6,30500.6,30475.7,30483.5
1688308500000,30484,30496.4,30484,30496.4
1688308800000,30497.8,30585.2,30497.8,30581.1
1688309100000,30581.7,30596.6,30535.8,30535.8
1688309400000,30536,30585.8,30535.8,30557.5
1688309700000,30559.3,30576.6,30559.3,30562
1688310000000,30563.6,30582.7,30561.6,30577.4
1688310300000,30577.5,30584,30552.8,30552.8
1688310600000,30553.2,30563.2,30553.1,30562.3
1688310900000,30562.3,30562.3,30545.3,30545.3
1688311200000,30546.3,30549.3,30161.4,30253.6
1688311500000,30255.2,30436.1,30250.2,30436
1688311800000,30437.1,30439,30398.9,30417.6
1688312100000,30419.1,30498.2,30419.1,30494.4
1688312400000,30494.4,30494.4,30417.8,30439.8
1688312700000,30441.3,30487.3,30441.3,30473
1688313000000,30473.9,30476.9,30433.1,30453.1
1688313300000,30453.1,30481,30449.2,30477.4
1688313600000,30477.4,30477.4,30458.8,30469.4
1688313900000,30469.7,30484.5,30462,30467.2
1688314200000,30470,30520,30470,30516.8
1688314500000,30518.1,30646.6,30518.1,30597.3
1688314800000,30599,30602,30565.8,30580.6
1688315100000,30581.9,30592.1,30523.4,30537.4
1688315400000,30539.5,30555.2,30523.3,30552
1688315700000,30554.9,30562.1,30541.1,30544.7
1688316000000,30545,30567.6,30545,30565.2
1688316300000,30565.8,30568.8,30532.7,30546
1688316600000,30546,30559.5,30546,30557.5
1688316900000,30557.5,30557.5,30538.3,30541.9
1688317200000,30542.4,30550,30542.4,30550
1688317500000,30550,30553.1,30550,30553.1
1688317800000,30553.1,30556.5,30549.2,30553.4
1688318100000,30553.4,30553.4,30539.5,30539.5
1688318400000,30539.5,30539.5,30460,30492.2
1688318700000,30495,30530.7,30495,30522.9
1688319000000,30522.9,30522.9,30488.7,30492.6
1688319300000,30493.2,30511.1,30493.2,30505.8
1688319600000,30505.8,30505.8,30485.1,30488.3
1688319900000,30488.7,30502.2,30488.5,30499.1
1688320200000,30499.1,30501.7,30470.3,30472
1688320500000,30472.4,30472.4,30406.9,30420.5
1688320800000,30420.2,30420.5,30352,30405.3
1688321100000,30405.5,30443.9,30397.7,30439
1688321400000,30438.3,30452,30430.6,30443.8
1688321700000,30443.6,30477.7,30443.4,30462.6
1688322000000,30462.6,30462.9,30426.2,30429.6
1688322300000,30429.9,30444.5,30428.7,30433
1688322600000,30433,30447.2,30418.2,30443.2
1688322900000,30443.2,30452.3,30434.9,30440.4
1688323200000,30440.5,30462.7,30438.8,30454.1
1688323500000,30454.2,30460,30441.8,30442.2
1688323800000,30442.6,30476.3,30442.3,30475.7
1688324100000,30475.3,30494.3,30469.5,30491
1688324400000,30491.1,30506.4,30485.8,30505.8
1688324700000,30505.7,30506.6,30497.8,30504.9
1688325000000,30505.1,30511.1,30499,30510.5
1688325300000,30510.4,30520,30493.8,30498.8
1688325600000,30498.9,30509.5,30498.9,30509.5
1688325900000,30509.5,30525.2,30506.1,30524.2
1688326200000,30524.3,30529.1,30499.3,30510.6
1688326500000,30510.7,30515.2,30501.4,30508.4
1688326800000,30508.5,30518.1,30508.5,30516.7
1688327100000,30516.9,30524,30516.9,30522.5
1688327400000,30518.1,30530.1,30510.7,30529.9
1688327700000,30530.1,30531.4,30525.4,30530.4
1688328000000,30530.3,30531.2,30521.1,30526.6
1688328300000,30525.7,30531.2,30493,30510.5
1688328600000,30510.4,30528.7,30510,30523.3
1688328900000,30523.1,30523.8,30515.1,30520.5
1688329200000,30520.2,30531.3,30518.6,30523.9
1688329500000,30524.1,30531.5,30523.8,30528.5
1688329800000,30528.4,30542.1,30527.3,30542
1688330100000,30542.1,30555.7,30542.1,30553.3
1688330400000,30553.3,30558.5,30552.3,30557.8
1688330700000,30557.9,30591.7,30555.1,30580.8
1688331000000,30580.7,30586.7,30566.7,30568.3
1688331300000,30568.2,30570.4,30550.9,30558.2
1688331600000,30526.6,30572.2,30526.6,30564.9
1688331900000,30565.4,30566.2,30542.9,30552
1688332200000,30552.3,30578.9,30551.2,30578.3
1688332500000,30578.5,30578.7,30551.4,30551.6
1688332800000,30550.8,30567.4,30540.8,30557.9
1688333100000,30554.5,30571.5,30554.5,30569.7
1688333400000,30569.7,30571.4,30559.1,30567.8
1688333700000,30568.6,30570.2,30557.8,30559.6
1688334000000,30559.4,30560.6,30522.3,30560.5
1688334300000,30558.1,30560.7,30532.4,30546.5
1688334600000,30544.2,30546.3,30517.1,30525.1
1688334900000,30525.3,30528.2,30521.2,30526.6
1688335200000,30498.4,30544.2,30498.4,30531.9
1688335500000,30532,30559,30530.8,30544.3
1688335800000,30544.9,30554.1,30535,30548
1688336100000,30548.8,30578.4,30545.1,30573.6
1688336400000,30574,30600.1,30574,30598.2
1688336700000,30598.9,30744.2,30598.9,30659.2
1688337000000,30659,30728.5,30657.7,30725.1
1688337300000,30725.6,30747.7,30680.1,30704.8
1688337600000,30713.4,30718.6,30413.3,30541.7
1688337900000,30542.6,30588.5,30528.6,30563.6
1688338200000,30562.2,30618.8,30562.1,30618.6
1688338500000,30619.4,30624.1,30590.1,30619.2
1688338800000,30620,30627.1,30588.8,30597.1
1688339100000,30596.7,30604.4,30551.2,30576.9
1688339400000,30577.6,30592.2,30574.7,30576.5
1688339700000,30576.7,30582.1,30532.5,30543.3
1688340000000,30542.4,30557,30535.8,30541.3
1688340300000,30541.9,30577.6,30538.7,30570.2
1688340600000,30570.2,30579.6,30536.6,30546.6
1688340900000,30546.5,30548.1,30535.3,30540.3
1688341200000,30539.4,30570.6,30535.6,30568.5
1688341500000,30558.6,30568.5,30538.6,30546.8
1688341800000,30547.7,30604.6,30543.2,30591.8
1688342100000,30592,30606.1,30583.4,30586.1
1688342400000,30589.3,30602.5,30573.3,30591.9
1688342700000,30592.6,30603,30574.4,30598.9
1688343000000,30602.2,30622.2,30597.4,30619.5
1688343300000,30620.4,30656.2,30620.3,30653.2
1688343600000,30653.4,30653.4,30597.8,30629.3
1688343900000,30631,30636.7,30614.5,30632.8
1688344200000,30632.3,30638.6,30612.7,30621.4
1688344500000,30620.6,30621.4,30578.1,30584.2
1688344800000,30584.5,30596.6,30568.4,30575.8
1688345100000,30576,30588.6,30569.3,30580.2
1688345400000,30581.1,30603,30578.1,30596.2
1688345700000,30596.6,30609.6,30593.7,30605.7
1688346000000,30606.7,30626.6,30604.8,30616.5
1688346300000,30615.9,30623.2,30607.2,30618.7
1688346600000,30624,30633.3,30611.6,30623.9
1688346900000,30624.5,30632.2,30619.5,30627.1
1688347200000,30627.1,30653.1,30621.4,30650.5
1688347500000,30653.1,30685.4,30649.7,30661.3
1688347800000,30662.2,30709.5,30661.3,30702.7
1688348100000,30702.7,30729.3,30662.4,30674.4
1688348400000,30674.4,30684.5,30660.3,30666.6
1688348700000,30664.7,30680.6,30636.4,30650
1688349000000,30650,30650.8,30636.9,30637.5
1688349300000,30639,30644.4,30626.8,30633.5
1688349600000,30634.8,30655.8,30633,30654.7
1688349900000,30654.7,30709.2,30654.7,30707
1688350200000,30707,30716.6,30680.3,30687.4
1688350500000,30687.2,30711.6,30686.4,30692.2
1688350800000,30692.7,30720.4,30691.5,30708.1
1688351100000,30709.3,30728.6,30703.3,30728.6
1688351400000,30727.2,30752.6,30710.7,30733.8
1688351700000,30733.8,30743.5,30726.1,30730.6
1688352000000,30730.5,30730.5,30720.5,30725.7
1688352300000,30725.4,30743.3,30708.9,30728.7
1688352600000,30720.7,30730.7,30712.6,30719
1688352900000,30718.2,30735.3,30718.2,30723.9
1688353200000,30723.4,30762.7,30723.4,30742.7
1688353500000,30744.5,30748.8,30726,30731.3
1688353800000,30730.8,30750.7,30726.4,30727.8
1688354100000,30728.8,30746.6,30728.4,30733
1688354400000,30732,30751.7,30731.7,30731.7
1688354700000,30734.2,30752.2,30733,30749.2
1688355000000,30745.7,30750.5,30729,30735.7
1688355300000,30734.1,30735.7,30724,30727.2
1688355600000,30727.9,30760.9,30727.2,30749
1688355900000,30746.9,30752.6,30737.4,30747.5
1688356200000,30746.8,30760.6,30743.6,30750.6
1688356500000,30751,30751.6,30719.9,30728.8
1688356800000,30728,30753.6,30727.9,30751.9
1688357100000,30752.7,30766.6,30748.8,30759.8
1688357400000,30761.5,30762,30654,30711.3
1688357700000,30710,30716.3,30693.9,30705.9
1688358000000,30705.5,30716.6,30679.9,30690.6
1688358300000,30693.1,30711.5,30687.9,30703.6
1688358600000,30702.4,30712.3,30690.8,30701.6
1688358900000,30698.7,30698.7,30669.5,30692.1
1688359200000,30692.1,30701.9,30679.3,30683.4
1688359500000,30681.8,30683.9,30659.4,30671.1
1688359800000,30670.3,30678.6,30663,30673
1688360100000,30672.6,30673.4,30646.7,30656
1688360400000,30661.5,30662.9,30642.7,30651.2
1688360700000,30651,30651.5,30640,30646.8
1688361000000,30646,30662.6,30645.2,30659.8
1688361300000,30659.2,30672.5,30658.3,30669.1
1688361600000,30670,30672.5,30646.1,30651
1688361900000,30649.9,30666.5,30649.5,30665.6
1688362200000,30663.7,30665.5,30648.6,30648.7
1688362500000,30648.6,30666.7,30642.7,30666.5
1688362800000,30665.4,30666.5,30659.1,30659.5
1688363100000,30659.6,30661,30648.9,30649.9
1688363400000,30649.6,30651.5,30643.9,30646.5
1688363700000,30645.8,30646.7,30638.1,30644.5
1688364000000,30644.5,30648.9,30636.7,30637.6
1688364300000,30638.5,30646.6,30633.9,30635.5
1688364600000,30637.5,30639.6,30591.7,30613.1
1688364900000,30612.5,30632.1,30603.5,30629.9
1688365200000,30629.3,30632.7,30603.1,30607.1
1688365500000,30604.6,30617.1,30601.2,30611.4
1688365800000,30611.6,30611.6,30588.6,30605.8
1688366100000,30605.8,30631.6,30603,30617.2
1688366400000,30621.9,30627.8,30616.1,30627.7
1688366700000,30626.7,30627.9,30605.8,30613.3
1688367000000,30612.6,30626.6,30611.7,30619.8
1688367300000,30616.3,30625.5,30609.2,30619.1
1688367600000,30618.2,30633,30611.9,30631.6
1688367900000,30631.4,30631.7,30607,30613
1688368200000,30613.8,30620.2,30608.9,30616.6
1688368500000,30615.9,30654.1,30615.3,30651.3
1688368800000,30653.2,30665.1,30637.1,30644.6
1688369100000,30644.1,30690.8,30642.9,30678.4
1688369400000,30680,30680,30640.7,30656.7
1688369700000,30656.6,30717.1,30654.7,30711.1
1688370000000,30712.8,30725.6,30692.9,30702.1
1688370300000,30702.1,30703.7,30667.6,30667.6
1688370600000,30667.6,30683.9,30637,30639.9
1688370900000,30643.9,30644.9,30628.4,30636.2
1688371200000,30636.6,30644.9,30618.5,30637.9
1688371500000,30637.3,30657.5,30630.7,30657.5
1688371800000,30657.1,30661.7,30649.7,30654.7
1688372100000,30654.1,30669.6,30611.7,30615.2
1688372400000,30614.6,30617.6,30583.8,30606
1688372700000,30606,30613.4,30589.5,30594.9
1688373000000,30593.1,30614.9,30581.8,30589.4
1688373300000,30589.4,30626.6,30584.5,30626.6
1688373600000,30624.4,30626.6,30598.7,30601.3
1688373900000,30601.4,30618.1,30601.3,30610
1688374200000,30609.6,30610.6,30601,30603.7
1688374500000,30603.7,30612.8,30603.1,30611
1688374800000,30611.5,30620.5,30606.1,30620.1
1688375100000,30620.3,30640.3,30615.7,30630.8
1688375400000,30631.3,30641.1,30628.7,30640.5
1688375700000,30640.1,30640.9,30628.7,30636.5
1688376000000,30635.6,30636.8,30628.8,30631.5
1688376300000,30631,30637,30625.3,30631
1688376600000,30631,30631.6,30607.5,30609.1
1688376900000,30608.6,30627.4,30607.3,30618.9
1688377200000,30620.3,30620.6,30609.7,30610.8
1688377500000,30611,30627.4,30610.3,30610.7
1688377800000,30608.2,30608.2,30588.9,30595.1
1688378100000,30597.7,30597.7,30572.8,30577.3
1688378400000,30578.9,30591.7,30554.1,30557.2
1688378700000,30559.6,30590.6,30557.2,30585.4
1688379000000,30585.6,30613.7,30580.6,30588.1
1688379300000,30587,30596.5,30579.1,30589.3
1688379600000,30588.4,30597.2,30587.5,30588.7
1688379900000,30590.1,30590.1,30579.4,30587.7
1688380200000,30585,30597,30585,30596.5
1688380500000,30595.9,30618.6,30595.3,30614.2
1688380800000,30613.9,30619.4,30609.9,30614.6
1688381100000,30614,30621.8,30609.9,30621.8
1688381400000,30620,30636.7,30619,30636.7
1688381700000,30632.6,30636.7,30609.2,30611.7
1688382000000,30609.6,30625.1,30598.3,30623.2
1688382300000,30623.2,30623.6,30616.7,30618.4
1688382600000,30618,30629.8,30615,30629.3
1688382900000,30629.8,30641.6,30609.9,30618
1688383200000,30618.7,30641.2,30610.9,30641.2
1688383500000,30641.5,30644.4,30621.5,30624.1
1688383800000,30622.8,30628.4,30611.1,30616.2
1688384100000,30615.5,30629.1,30612.8,30619.4
1688384400000,30619.4,30619.6,30602.3,30611.3
1688384700000,30610.7,30611.3,30600.9,30609.3
1688385000000,30610.1,30611.8,30586.2,30611.8
1688385300000,30611.8,30616.1,30590.3,30605.5
1688385600000,30605.6,30611.7,30586.3,30587.6
1688385900000,30586.9,30592.3,30555.7,30561.1
1688386200000,30563.7,30578.1,30538.7,30575.3
1688386500000,30575.4,30576.8,30542.9,30550.8
1688386800000,30549.4,30585.3,30548.1,30582.8
1688387100000,30582.9,30583.4,30560.4,30566.9
1688387400000,30565.9,30586.3,30549.7,30583.1
1688387700000,30583.3,30601.6,30583,30598.7
1688388000000,30599.5,30603.3,30586.9,30590.9
1688388300000,30590.8,30608.7,30590.8,30594.9
1688388600000,30596.3,30601.5,30583.1,30598.5
1688388900000,30597.8,30624.6,30593.3,30620.5
1688389200000,30619.5,30640.8,30617.7,30629.1
1688389500000,30630.3,30631.4,30609.6,30612.2
1688389800000,30612.6,30619,30610.4,30615
1688390100000,30614.8,30614.9,30600.7,30600.8
1688390400000,30600.5,30610.6,30598.1,30606
1688390700000,30599.8,30609.2,30592.7,30595.8
1688391000000,30596.4,30604.3,30580.4,30594.7
1688391300000,30595.3,30607,30583.9,30596.4
1688391600000,30597.9,30617,30596.4,30615.4
1688391900000,30616.3,30662.9,30615.3,30651.1
1688392200000,30650.9,30662.1,30611.1,30618.1
1688392500000,30620.2,30627.1,30593.3,30624
1688392800000,30626.6,30657.2,30620,30653.7
1688393100000,30653.8,30678.1,30645.9,30669.2
1688393400000,30670.3,30677.1,30647.5,30658.4
1688393700000,30658.8,30677.7,30645.4,30657
1688394000000,30650.8,30665.6,30647.6,30662.5
1688394300000,30662.9,30670.4,30639.7,30639.8
1688394600000,30639.7,30683.3,30627.4,30677.1
1688394900000,30677.8,30681.6,30649.7,30673.4
1688395200000,30673.5,30729.8,30668.6,30725.1
1688395500000,30725,30730.2,30681.1,30694.4
1688395800000,30687.9,30704.6,30675.8,30698.7
1688396100000,30699.3,30712.2,30682.6,30702.9
1688396400000,30702.9,30903.9,30702.9,30886.7
1688396700000,30887.8,30935,30852.9,30876.4
1688397000000,30874.2,30902.9,30864.5,30883.3
1688397300000,30883.2,30906.7,30820.8,30825.2
1688397600000,30828.4,30883.1,30825,30881.5
1688397900000,30882.7,30925.4,30876.6,30911.1
1688398200000,30927.3,31049.6,30910.1,31036.6
1688398500000,31034.7,31056.8,30947,30954
1688398800000,30954,31057.2,30952,31038.8
1688399100000,31033.3,31142.4,31033.3,31075.8
1688399400000,31075.4,31091.3,31012.4,31023.9
1688399700000,31023.7,31059.9,31006.3,31033.1
1688400000000,31038.3,31106.3,31026.7,31045.8
1688400300000,31046.5,31046.5,30803.9,30919.3
1688400600000,30919.1,30962.3,30910.3,30928.7
1688400900000,30928.9,31003.4,30925.4,30989.3
1688401200000,30989.3,30992.3,30958,30974.7
1688401500000,30971.7,31001.3,30940.4,30971.7
1688401800000,30971.6,31011.1,30950.8,30956.7
1688402100000,30958.9,30958.9,30896.8,30912.1
1688402400000,30911.6,30948.9,30911.6,30943
1688402700000,30942.9,30973.3,30925.5,30973.3
1688403000000,30973.1,31006.7,30962.4,31000.7
1688403300000,31002.1,31026.7,30973.5,31014.3
1688403600000,31014.3,31031.1,30951.5,30956.7
1688403900000,30958.1,30961.8,30919.8,30952.3
1688404200000,30952.4,30960.9,30897.6,30909.9
1688404500000,30909.2,30939,30889.9,30935.6
1688404800000,30942.9,30979.9,30896.2,30935.4
1688405100000,30932.7,30981.5,30932.7,30975.1
1688405400000,30975.7,30977.6,30944.2,30957.1
1688405700000,30954.5,31018.8,30954.5,31017.5
1688406000000,31017.6,31032.3,31005.7,31005.7
1688406300000,31005.7,31007.1,31005.7,31005.7
1688406600000,31005.7,31011.6,31005.7,31005.7
1688406900000,31005.8,31007.9,31005.7,31005.7
1688407200000,31005.7,31005.7,31005.7,31005.7
1688407500000,31005.7,31005.7,31005.7,31005.7
1688407800000,31005.7,31020.3,30999.8,31018.1
1688408100000,31018.2,31030.7,30997.1,31004.2
1688408400000,31011.3,31015.6,30990.2,31003.2
1688408700000,30999,31002.8,30970.8,30975.7
1688409000000,30976.6,31000.6,30974.3,30978.8
1688409300000,30978.2,30995.6,30971.1,30995.6
1688409600000,30995.1,31077.3,30994.1,31077.3
1688409900000,31080.6,31111.6,31037.5,31093
1688410200000,31093,31226.5,31081.3,31152.1
1688410500000,31152.1,31198.8,31120.2,31182.5
1688410800000,31180.1,31242.2,31173.2,31178.9
1688411100000,31178.9,31202.5,31110.7,31132.7
1688411400000,31132.6,31142.9,31096.8,31111
1688411700000,31115.2,31160.4,31107.4,31156.5
1688412000000,31158.2,31207.9,31140.5,31200.1
1688412300000,31200.3,31341.7,31197.1,31303.5
1688412600000,31304.8,31355.8,31234.2,31261.4
1688412900000,31262.1,31311.2,31235.6,31276.5
1688413200000,31276.5,31304.7,31256.3,31262.1
1688413500000,31259.7,31292.5,31259.1,31280
1688413800000,31282.7,31354.2,31278,31298.4
1688414100000,31298.7,31300.4,31221.7,31231.9
1688414400000,31229.3,31238.2,31204.3,31219.4
1688414700000,31218.8,31269.6,31218.8,31256.9
1688415000000,31257.3,31263.6,31228.4,31229.3
1688415300000,31228.8,31228.8,31135.3,31176.7
1688415600000,31176.4,31214,31176.4,31189.6
1688415900000,31189.6,31215.9,31173.5,31200.7
1688416200000,31201.1,31201.1,31173.2,31182.3
1688416500000,31183.1,31183.1,31138.5,31146.3
1688416800000,31146.3,31168,31130.3,31140.7
1688417100000,31140.7,31154.1,31095.7,31104.3
1688417400000,31105.1,31114.8,31075.1,31095
1688417700000,31096.6,31123.5,31092.7,31094.8
1688418000000,31091,31094.5,31040.7,31045.5
1688418300000,31045.3,31095.2,31045.3,31079.9
1688418600000,31080.2,31082.5,31042.5,31059.4
1688418900000,31058.8,31058.9,31036.4,31047.2
1688419200000,31047.2,31047.9,31002,31002.3
1688419500000,31002.6,31019.7,30885.2,31002
1688419800000,31002,31035.8,30971.3,31021.2
1688420100000,31021.2,31040,31012.8,31026.7
1688420400000,31026.3,31063.2,31015.7,31058.1
1688420700000,31057.9,31058.9,31007.1,31009.2
1688421000000,31009.3,31026.4,30998.1,31026.4
1688421300000,31026,31026,31013.2,31017.1
1688421600000,31010.4,31053.8,31005,31047.9
1688421900000,31047.8,31047.9,31022.5,31022.5
1688422200000,31022.3,31035.8,31019.5,31033.6
1688422500000,31033.7,31093.3,31032.7,31081.8
1688422800000,31081.9,31089.7,31059.2,31081.8
1688423100000,31082.2,31089,31080,31089
1688423400000,31088.8,31106.7,31075.8,31077.9
1688423700000,31078.4,31102.7,31076.6,31081.1
1688424000000,31079.1,31084,31075.9,31079.9
1688424300000,31078.5,31086.6,31053.2,31079.5
1688424600000,31079.7,31115.3,31078.8,31106.4
1688424900000,31105.5,31111.5,31089.9,31089.9
1688425200000,31090,31113.3,31084.8,31093.9
1688425500000,31093.7,31104.4,31084.6,31097.2
1688425800000,31097.2,31097.2,31080.1,31082.3
1688426100000,31082,31091.4,31063.6,31086.7
1688426400000,31086.5,31086.7,31078.7,31083.6
1688426700000,31085.1,31085.1,31078.4,31082.2
1688427000000,31082.9,31097,31076.5,31093.2
1688427300000,31092.7,31110.7,31090.5,31094.3
1688427600000,31094,31103.2,31092.4,31101.5
1688427900000,31101.8,31105.6,31088.2,31099
1688428200000,31099,31125.1,31098.7,31121.6
1688428500000,31122.5,31129.8,31116.5,31128
1688428800000,31128,31141.9,31101.5,31114.1
1688429100000,31114.6,31140.3,31113.7,31135.9
1688429400000,31132.3,31136.6,31112.1,31122.9
1688429700000,31123,31123.4,31111.2,31111.2
1688430000000,31112.5,31125.9,31090.9,31097.1
1688430300000,31102.4,31118.9,31095.9,31117.6
1688430600000,31116.7,31118.3,31098.5,31108.9
1688430900000,31108.1,31118.6,31098.5,31113.9
1688431200000,31113.6,31148.9,31111.7,31148.9
1688431500000,31146.6,31158.6,31121.1,31131.1
1688431800000,31128.5,31131.1,31095.1,31098.2
1688432100000,31097.3,31111.6,31071,31089.7
1688432400000,31089.3,31104.8,31081.8,31101.3
1688432700000,31100.8,31105.6,31084,31100.3
1688433000000,31100.3,31108.8,31099.6,31106.6
1688433300000,31105.2,31130.1,31082.5,31127.3
1688433600000,31127.3,31155.5,31121.8,31121.8
1688433900000,31124.4,31197.5,31121.6,31180.2
1688434200000,31181.2,31188.4,31152.5,31171.2
1688434500000,31171.2,31224.5,31127.9,31219.4
1688434800000,31220.3,31293.3,31204.3,31248.1
1688435100000,31248.4,31258.5,31197.5,31240.6
1688435400000,31243.4,31270.9,31217.9,31267.2
1688435700000,31265.2,31271.5,31234.9,31260.4
1688436000000,31261.1,31296,31255.9,31289.6
1688436300000,31290,31291.6,31231.4,31234.3
1688436600000,31233.9,31246.8,31212.1,31233.1
1688436900000,31232.8,31252.4,31216.7,31244.4
1688437200000,31244,31252.6,31227.5,31242.7
1688437500000,31243.9,31262.5,31240.2,31257.7
1688437800000,31256.6,31257.7,31205.8,31225.6
1688438100000,31225.6,31236.1,31222.3,31222.3
1688438400000,31225.5,31225.5,31177.3,31189.3
1688438700000,31186.6,31202.2,31174.5,31196.4
1688439000000,31193,31215.8,31186.5,31211
1688439300000,31209.6,31243.3,31209.6,31237
1688439600000,31236.9,31237.2,31202.1,31209
1688439900000,31202.9,31222.2,31184.9,31197.8
1688440200000,31200.4,31210.2,31192.9,31206.3
1688440500000,31203.5,31211.6,31164.3,31168.9
1688440800000,31169,31203,31168.5,31198.6
1688441100000,31197.1,31197.9,31167,31168.3
1688441400000,31168.2,31177.4,31157.8,31175.2
1688441700000,31176.8,31232.8,31168.2,31221.1
1688442000000,31221.4,31228.9,31205.6,31211.3
1688442300000,31209.6,31218.7,31190,31209.3
1688442600000,31208.6,31210.4,31164.1,31174.1
1688442900000,31169.3,31177.4,31151.3,31165.6
1688443200000,31166.7,31185.5,31163.2,31172.6
1688443500000,31171.8,31172.6,31136.8,31155.1
1688443800000,31155.8,31155.8,31122.6,31124.3
1688444100000,31127,31134.1,31105.6,31115.4
1688444400000,31117.7,31117.7,31065.3,31113
1688444700000,31112.4,31116.2,31081.9,31091.1
1688445000000,31091.9,31091.9,31060.3,31079.7
1688445300000,31079.5,31081.3,31036.6,31037.2
1688445600000,31036.8,31044.5,31006.6,31006.9
1688445900000,31007.9,31041.1,30984.6,31035.4
1688446200000,31036.6,31038.6,30980.6,31009
1688446500000,31009.2,31038.7,31004.5,31026.6
1688446800000,31026.4,31058.7,31024.6,31053.3
1688447100000,31053.4,31053.4,31001.3,31012.9
1688447400000,31012.5,31044.2,31010.9,31040.7
1688447700000,31040.6,31057.5,31037.8,31045.8
1688448000000,31045.8,31050.5,31043.7,31045.7
1688448300000,31044.3,31046.1,31029.8,31033.4
1688448600000,31034,31034.8,31012.5,31030
1688448900000,31031.7,31040.6,31023.5,31027.5
1688449200000,31026.5,31035.6,30985.5,30996.8
1688449500000,30996.7,30998.6,30945.4,30985.3
1688449800000,30986.7,31002.2,30976.7,30980.2
1688450100000,30981.1,30987.2,30947.2,30955.1
1688450400000,30955.1,30959.7,30865.9,30885.5
1688450700000,30885.5,30929.2,30863.5,30929.2
1688451000000,30928.5,30983,30922.9,30982.9
1688451300000,30984.5,30999.9,30978.2,30988.7
1688451600000,30989.9,30997,30981.2,30995.8
1688451900000,30995.8,31023,30994.6,31016.5
1688452200000,31016.2,31016.6,30997.2,30999
1688452500000,30997.4,31000.1,30985.9,30990.8
1688452800000,30986.7,30998.8,30982.3,30996.1
1688453100000,30996.2,30997.8,30977.7,30977.8
1688453400000,30985.4,30990.7,30963,30976.7
1688453700000,30979.9,30990.7,30964.2,30972.8
1688454000000,30990.6,30990.6,30957.2,30958.9
1688454300000,30958.8,30980.2,30958.8,30978.3
1688454600000,30978.3,30985.1,30971.1,30981.7
1688454900000,30979.7,30994.1,30973.5,30991.8
1688455200000,30991.6,31006.4,30989.5,30998.6
1688455500000,30993.7,31008.8,30986.8,30994.3
1688455800000,30993.5,30995.6,30976.7,30976.7
1688456100000,30977.7,30982.1,30974.8,30977.5
1688456400000,30978.1,30980.5,30938.5,30945.2
1688456700000,30944.6,30946.9,30900,30911.6
1688457000000,30909.9,30915.1,30881.1,30890.2
1688457300000,30891.8,30904.5,30872.6,30882.2
1688457600000,30882,30923.8,30876.2,30919
1688457900000,30917.9,30934.8,30907.6,30932.6
1688458200000,30926.9,30932.6,30917.1,30927.4
1688458500000,30927.5,30933,30902.9,30920.2
1688458800000,30920.2,30945,30916.6,30939.9
1688459100000,30941.4,30947.4,30936.9,30941.7
1688459400000,30941.7,30943.3,30934,30938.9
1688459700000,30937.7,30942.2,30937.7,30937.8
1688460000000,30939.9,30940,30921.2,30926.4
1688460300000,30923.2,30928.7,30884.8,30891.9
1688460600000,30890.6,30913.1,30887.6,30901.8
1688460900000,30901.8,30906.7,30878.5,30902.3
1688461200000,30902.7,30906.6,30868.5,30879.9
1688461500000,30879.9,30919.3,30840.9,30909.1
1688461800000,30911.1,30967.9,30908,30964.1
1688462100000,30972.3,31017.1,30967.9,30996.1
1688462400000,30997.3,30999.1,30967,30994.7
1688462700000,30993,31002.4,30987.3,30988.7
1688463000000,30989.6,30989.6,30974.9,30976.7
1688463300000,30973.2,30977.8,30912.8,30930.1
1688463600000,30926.6,30959.8,30918.4,30947.4
1688463900000,30944.3,30970.5,30935.7,30963.8
1688464200000,30965.7,30985.8,30963.7,30976.7
1688464500000,30977,30991,30970.6,30983.6
1688464800000,30983.6,30989.6,30977.3,30985.1
1688465100000,30986.2,30998.6,30980.6,30990
1688465400000,30990.4,31005.7,30984.2,30986.1
1688465700000,30986.4,30992.9,30974.8,30986
1688466000000,30984.1,30986,30968.1,30973.3
1688466300000,30973.8,30982.2,30969.6,30972.8
1688466600000,30973.4,30974.5,30939.4,30942.5
1688466900000,30942.6,31013.1,30923.2,30940.3
1688467200000,30943.6,31010.7,30920.1,30998.6
1688467500000,30999.7,31022.6,30995,31017.5
1688467800000,31017.3,31023.8,31003.5,31003.5
1688468100000,31004.3,31022.6,30990.8,30997
1688468400000,30999.4,31001.6,30985.2,30988.8
1688468700000,30988.2,30993.5,30982.9,30986.2
1688469000000,30986.4,30986.5,30974.2,30983.9
1688469300000,30981.7,30985.8,30970.2,30973.1
1688469600000,30971.9,30999.5,30971.9,30988.7
1688469900000,30989.7,31023.6,30985.3,31017.5
1688470200000,31016.5,31048.6,31002.7,31032.6
1688470500000,31032.6,31033.8,30996.7,31004.2
1688470800000,31005.2,31012.9,30987.4,30993.7
1688471100000,30993.7,31013.3,30993.7,31002.3
1688471400000,31002,31013.8,30994.2,31002.6
1688471700000,31003.6,31049.6,30980.1,31037.7
1688472000000,31036.8,31041.3,30986.7,30997.1
1688472300000,30989.8,31024.4,30989,31018.7
1688472600000,31018.4,31019.5,30997.8,31007.4
1688472900000,31003.5,31051,30987.5,31046.7
1688473200000,31045.7,31050.4,31025.3,31029.3
1688473500000,31026.7,31042.2,31013.9,31023.6
1688473800000,31031.3,31038.3,30999.3,31015.5
1688474100000,31013.1,31018.6,31007,31014.1
1688474400000,31017.4,31017.8,31007.7,31011.7
1688474700000,31008.5,31015.9,30997,30999.6
1688475000000,31001.1,31029.2,30999.6,31023.6
1688475300000,31025.1,31029.2,31015.3,31020.2
1688475600000,31017.5,31031.7,31006.8,31013.8
1688475900000,31016.9,31023.7,30997.2,31000.5
1688476200000,31000.7,31008.2,30975.4,30983.1
1688476500000,30983.2,31016.1,30967.2,31009.1
1688476800000,31009.1,31011.2,30998.7,31002.6
1688477100000,30999.2,31012.8,30997.1,31006.3
1688477400000,31006.7,31019.2,30974.1,31010.6
1688477700000,31012.6,31018.5,30995.7,31010.4
1688478000000,31012.1,31029.3,31009.5,31016.7
1688478300000,31012.7,31017.5,30992.4,30992.4
1688478600000,30994.7,30998.6,30950,30984.8
1688478900000,30984.7,30987.3,30965.1,30968.1
1688479200000,30970.8,30974.6,30947.2,30960.4
1688479500000,30962.9,31005.5,30956.3,30990.7
1688479800000,30991.5,30994.5,30972.8,30975.7
1688480100000,30974.8,30990.9,30974,30982.7
1688480400000,30982.4,30985.6,30974.7,30980.3
1688480700000,30978.2,30989.5,30978.1,30985
1688481000000,30982.1,31014.4,30982.1,31013.5
1688481300000,31014.4,31014.4,30986.4,30992.9
1688481600000,30993.5,30994.4,30950.8,30956.4
1688481900000,30952,30976.4,30945.8,30969
1688482200000,30969.2,30979.8,30944.5,30965.2
1688482500000,30965.2,30967.7,30934.8,30942.1
1688482800000,30947.2,30950.8,30928.8,30937.9
1688483100000,30933.3,30950.8,30911.1,30921.7
1688483400000,30919.8,30964.5,30919.8,30949
1688483700000,30951,30984.2,30942.8,30977.4
1688484000000,30977.3,30980.4,30948,30949.6
1688484300000,30949.2,30967.2,30892,30906.3
1688484600000,30906.3,30933.4,30896.6,30920.3
1688484900000,30920.7,30938.4,30859.5,30893.7
1688485200000,30894.7,30904.2,30863.2,30903.6
1688485500000,30899.1,30921.9,30884.4,30911.8
1688485800000,30913.7,30940.7,30910.2,30927.3
1688486100000,30927.2,30943.1,30913.2,30931
1688486400000,30932.8,30943.5,30925.8,30931.5
1688486700000,30933.3,30943.4,30915,30932.7
1688487000000,30932.7,30951.9,30923.3,30932.6
1688487300000,30934.3,31010,30917.3,31010
1688487600000,31010,31020.7,31010,31018.6
1688487900000,31017.1,31098.6,31010,31020.2
1688488200000,31020.3,31038.3,30990.4,31015.2
1688488500000,31015,31038.3,31003.5,31024.1
1688488800000,31022.3,31034.1,30995.4,30995.5
1688489100000,30995.3,30998.7,30884.6,30907.2
1688489400000,30907.2,30925.6,30787.6,30918.9
1688489700000,30922.3,30935.9,30885.7,30930.6
1688490000000,30931.1,30935.3,30901.2,30923.4
1688490300000,30921.7,30959.2,30901.9,30904.1
1688490600000,30904.6,30919.5,30879.6,30884.2
1688490900000,30884.2,30902.7,30872.7,30890.1
1688491200000,30880.8,30913.3,30865.5,30896.6
1688491500000,30898.6,30912.1,30882.9,30906.9
1688491800000,30907.1,30914.1,30884.9,30898.8
1688492100000,30898.8,30902.1,30872.2,30895.4
1688492400000,30890.5,30899.3,30863.6,30868.8
1688492700000,30868.8,30908,30867.9,30901.1
1688493000000,30897.7,30897.7,30840.6,30865
1688493300000,30865.7,30872.6,30846.2,30866.9
1688493600000,30866.7,30866.7,30823,30831.5
1688493900000,30832.2,30857.6,30828.9,30837.3
1688494200000,30836.8,30837.3,30816,30837.2
1688494500000,30834.1,30887,30820.8,30862.6
1688494800000,30868.6,30889.2,30852.8,30876.6
1688495100000,30875,30896.1,30854.2,30888.8
1688495400000,30888.7,30906.6,30888.7,30895.8
1688495700000,30896.6,30903.4,30886.7,30896.7
1688496000000,30897.9,30900.6,30872.8,30881.5
1688496300000,30881.3,30887.1,30876.7,30880.3
1688496600000,30879.7,30879.7,30859.4,30867
1688496900000,30863.9,30874.5,30855.1,30871.3
1688497200000,30871.6,30888.8,30841.5,30844.1
1688497500000,30844.1,30848.3,30795.4,30823.5
1688497800000,30822.4,30834,30695.5,30756
1688498100000,30752.7,30799.8,30696.7,30774.2
1688498400000,30774.2,30774.2,30643.3,30702.7
1688498700000,30702.7,30724.6,30664,30679.7
1688499000000,30679.6,30679.6,30598.5,30664
1688499300000,30669.7,30673,30615.7,30647.2
1688499600000,30646.7,30718.6,30622.3,30693.1
1688499900000,30693.1,30719.9,30662.7,30716.7
1688500200000,30716.6,30751.4,30707.3,30746.5
1688500500000,30748.3,30748.8,30662.3,30667.2
1688500800000,30670.2,30695.3,30645.2,30685.6
1688501100000,30684.7,30694.4,30671,30684.2
1688501400000,30682.4,30719.4,30670.7,30708
1688501700000,30708.8,30725.5,30698.1,30718
1688502000000,30719.5,30736.2,30708.2,30724.1
1688502300000,30725.2,30737.4,30720.1,30728.6
1688502600000,30726.8,30729.3,30702.8,30711.7
1688502900000,30714.7,30764.8,30708.4,30745.9
1688503200000,30747.2,30749,30722.5,30737.1
1688503500000,30736.8,30755.2,30729.1,30738.3
1688503800000,30742.3,30782.7,30734.7,30765.1
1688504100000,30766.2,30782.7,30760.9,30771.8
1688504400000,30764.5,30791.4,30764.1,30777.7
1688504700000,30777.6,30777.6,30754.1,30767.9
1688505000000,30767.3,30773.5,30766.6,30767.3
1688505300000,30767.3,30767.3,30758.1,30764.8
1688505600000,30764.7,30772.9,30764,30765.9
1688505900000,30765.9,30770.9,30765.4,30768.6
1688506200000,30768.5,30768.5,30731,30739.2
1688506500000,30739.2,30753.7,30734.3,30737.7
1688506800000,30737.3,30758.2,30736.2,30758.2
1688507100000,30758.4,30772.5,30758.2,30772.2
1688507400000,30772.6,30776.7,30770.9,30774.4
1688507700000,30774.5,30777.2,30770.4,30773.4
1688508000000,30773.4,30773.4,30773.4,30773.4
1688508300000,30773.4,30773.4,30773.4,30773.4
1688508600000,30773.4,30773.4,30773.4,30773.4
1688508900000,30773.4,30773.4,30773.4,30773.4
1688509200000,30773.4,30773.4,30773.4,30773.4
1688509500000,30773.4,30773.4,30773.4,30773.4
1688509800000,30773.4,30773.4,30773.4,30773.4
1688510100000,30773.4,30773.4,30744.8,30751.2
1688510400000,30751.2,30751.2,30746.3,30750
1688510700000,30750,30770.6,30750,30770.6
1688511000000,30770.6,30770.6,30770.6,30770.6
1688511300000,30770.6,30795.2,30766.6,30785.8
1688511600000,30788.5,30799.5,30784.6,30796.4
1688511900000,30795.1,30813.4,30794.2,30810.4
1688512200000,30810.5,30810.7,30780,30791.6
1688512500000,30784.3,30791.6,30765.6,30773.2
1688512800000,30773.2,30773.2,30749,30771.3
1688513100000,30771.6,30783.9,30765.6,30777.5
1688513400000,30777.3,30786.7,30775.1,30778.2
1688513700000,30781.4,30787.1,30777.4,30779.6
1688514000000,30781.4,30788.6,30770.5,30772.1
1688514300000,30775.8,30785.2,30760.4,30770
1688514600000,30770,30770,30742,30747.6
1688514900000,30747.6,30749.6,30736,30741.5
1688515200000,30741.5,30767,30736.3,30767
1688515500000,30767,30780,30767,30777.2
1688515800000,30777.4,30779.9,30767.8,30771.6
1688516100000,30771.6,30798.5,30771.1,30793.1
1688516400000,30794.4,30800.3,30780.7,30793.9
1688516700000,30794.9,30812.1,30791.1,30795.4
1688517000000,30795.3,30795.7,30776.9,30780.2
1688517300000,30778.4,30786.4,30763.5,30773.7
1688517600000,30773.7,30777.6,30768.3,30773.7
1688517900000,30773.7,30773.7,30749.7,30764.5
1688518200000,30764.5,30764.5,30738.2,30741.9
1688518500000,30741.9,30744.4,30732.6,30739
1688518800000,30740,30754.9,30739,30754.9
1688519100000,30756.4,30770.2,30756.2,30770.2
1688519400000,30770.2,30784.9,30769.6,30778.2
1688519700000,30777.4,30804.7,30776,30802.2
1688520000000,30803.7,30812.7,30791.6,30794.7
1688520300000,30791.6,30802.3,30785.9,30799.8
1688520600000,30795.6,30799.8,30782.8,30788.3
1688520900000,30787.8,30807.8,30784.4,30802.2
1688521200000,30802.4,30808.2,30781.4,30788
1688521500000,30788.8,30798.7,30771.6,30775.1
1688521800000,30774,30780,30765.5,30775.1
1688522100000,30772,30775.1,30764.4,30775.1
1688522400000,30771.7,30775.1,30764.9,30772.8
1688522700000,30773.3,30803.7,30770.2,30796.7
1688523000000,30796.6,30827,30793.6,30818.5
1688523300000,30818.5,30825.5,30818.5,30824.9
1688523600000,30824.9,30824.9,30797.7,30814.7
1688523900000,30815.3,30827.6,30810.4,30812
1688524200000,30812,30835.6,30806.6,30831.5
1688524500000,30831.5,30834.4,30822.3,30828.1
1688524800000,30823.6,30826.7,30801.8,30806.8
1688525100000,30806.5,30822.3,30805.1,30808.9
1688525400000,30805,30817.9,30792,30808.2
1688525700000,30808.2,30808.2,30799.8,30807.1
1688526000000,30807.1,30834.9,30807.1,30826.8
1688526300000,30826.8,30834.8,30821,30825.8
1688526600000,30825.8,30825.8,30817.6,30825.1
1688526900000,30825.1,30825.8,30800.2,30808
1688527200000,30811,30826,30804.9,30823.4
1688527500000,30823.4,30823.4,30816.6,30818
1688527800000,30818,30822.7,30811.8,30811.8
1688528100000,30811.8,30817.2,30808.4,30813.1
1688528400000,30813.1,30817.5,30809.6,30815.1
1688528700000,30815.1,30815.1,30810.5,30810.5
1688529000000,30810.6,30847.7,30810.6,30847.7
1688529300000,30847.7,30847.7,30832.2,30839.4
1688529600000,30840,30843,30819.7,30821.5
1688529900000,30822.2,30825.2,30797.3,30809.7
1688530200000,30810.9,30815.6,30808.2,30814.5
1688530500000,30814.5,30829.3,30811.4,30823.6
1688530800000,30823.9,30831.2,30819.6,30827.7
1688531100000,30827.7,30835.8,30820.4,30835.2
1688531400000,30835.2,30835.2,30815.3,30821.8
1688531700000,30821.8,30823.1,30814.1,30822.9
1688532000000,30822.9,30822.9,30802.6,30811.6
1688532300000,30811.6,30816.5,30794.5,30797.1
1688532600000,30797.1,30805.3,30791.3,30802.8
1688532900000,30802.9,30807.6,30800.1,30806.4
1688533200000,30806.4,30818.4,30802.8,30812.8
1688533500000,30813.3,30827,30810.9,30821.6
1688533800000,30821.6,30838.6,30821.6,30838.6
1688534100000,30838.6,30838.6,30829.9,30833.8
1688534400000,30833.8,30837.8,30817.9,30833.4
1688534700000,30833.4,30847.6,30826.2,30827.7
1688535000000,30827.7,30832.3,30817.2,30819.1
1688535300000,30821.7,30824.7,30809.8,30819.3
1688535600000,30819.3,30820.8,30795.8,30800
1688535900000,30800,30811.1,30791.5,30811.1
1688536200000,30811.1,30811.1,30787,30800.7
1688536500000,30800.7,30800.7,30768.7,30786.7
1688536800000,30786.7,30789.4,30768.5,30771.1
1688537100000,30771.1,30780.8,30766,30775.5
1688537400000,30775.5,30805.1,30774.8,30798.1
1688537700000,30798.1,30804.8,30785.1,30804.8
1688538000000,30804.8,30810.9,30790.5,30791.7
1688538300000,30791.7,30792.7,30759.8,30765.7
1688538600000,30765.7,30770.6,30744.9,30766.8
1688538900000,30764.6,30786.7,30762.7,30778.4
1688539200000,30778.4,30781.5,30773.3,30777.9
1688539500000,30778.2,30787.1,30774.3,30776
1688539800000,30776,30783,30775.2,30783
1688540100000,30783,30818,30781.7,30818
1688540400000,30818,30818,30818,30818
1688540700000,30818,30818,30818,30818
1688541000000,30818,30818,30818,30818
1688541300000,30818,30818,30818,30818
1688541600000,30818,30818,30818,30818
1688541900000,30818,30818,30817.9,30818
1688542200000,30818,30818,30742.7,30746.3
1688542500000,30757.8,30760.8,30751.3,30759.4
1688542800000,30759.4,30759.4,30759.4,30759.4
1688543100000,30759.4,30759.4,30759.4,30759.4
1688543400000,30759.4,30759.4,30749.3,30752.3
1688543700000,30752.3,30752.3,30736.8,30750.8
1688544000000,30750.8,30750.8,30726.3,30731.4
1688544300000,30733.7,30736.7,30730.9,30734
1688544600000,30734,30735.5,30727.8,30731
1688544900000,30731,30731,30640,30672.7
1688545200000,30671.7,30684.9,30662.8,30676.6
1688545500000,30677,30726.3,30676.6,30713.3
1688545800000,30712.9,30757.4,30710.3,30756.6
1688546100000,30756.6,30758.2,30756.6,30758.2
1688546400000,30758.2,30758.2,30730.1,30742.1
1688546700000,30742.1,30742.1,30717.7,30719.9
1688547000000,30719.9,30754,30719.9,30754
1688547300000,30754.1,30770.8,30733.9,30735.7
1688547600000,30735.7,30745.2,30729.8,30741.5
1688547900000,30741.5,30741.5,30736.6,30741.5
1688548200000,30741.5,30741.5,30718.7,30722.5
1688548500000,30722.7,30729.5,30711.9,30711.9
1688548800000,30712.2,30720.2,30697.2,30713.6
1688549100000,30713.6,30713.6,30692.7,30707.1
1688549400000,30707.1,30716.4,30702.9,30709.2
1688549700000,30709.2,30710.2,30703.7,30703.7
1688550000000,30703.7,30703.7,30679.7,30689
1688550300000,30689,30706.4,30676.3,30688.9
1688550600000,30688.9,30688.9,30661.5,30665.8
1688550900000,30666.6,30675.3,30649.2,30651
1688551200000,30651,30672.5,30634.1,30672.5
1688551500000,30672.5,30672.5,30614.5,30655.4
1688551800000,30655.4,30655.4,30614.5,30624.6
1688552100000,30624.6,30676.8,30577.7,30676.8
1688552400000,30677.1,30684.7,30659.3,30672.1
1688552700000,30672.1,30680.5,30649.5,30651.4
1688553000000,30651.4,30659,30579,30583.7
1688553300000,30583.7,30589.9,30428.6,30482.6
1688553600000,30482.6,30547.6,30451.6,30514.7
1688553900000,30514.7,30519.7,30478.6,30491.6
1688554200000,30492.7,30504.4,30485.9,30500.7
1688554500000,30500.7,30507.8,30367.3,30402.5
1688554800000,30402.5,30456.6,30329.7,30445.5
1688555100000,30445.5,30451.3,30410.1,30438.2
1688555400000,30435.9,30440.2,30403.8,30414.2
1688555700000,30415.1,30460.6,30395.8,30445.3
1688556000000,30449.7,30452.6,30412.9,30414.4
1688556300000,30415.4,30418.4,30402,30407
1688556600000,30405,30411,30369.1,30369.1
1688556900000,30372.2,30410.5,30334.5,30409
1688557200000,30409.3,30440.6,30409,30426.9
1688557500000,30426.9,30445.5,30424.2,30434.8
1688557800000,30434.8,30434.8,30391.9,30399.6
1688558100000,30399.6,30399.6,30361.5,30373.4
1688558400000,30373.4,30403.9,30334,30399
1688558700000,30399.5,30404.3,30262.7,30353.1
1688559000000,30353.1,30395.3,30337.4,30344.4
1688559300000,30344.4,30356.3,30296.9,30346.2
1688559600000,30347.2,30394.9,30343.9,30384.1
1688559900000,30384.1,30384.1,30344.8,30364.4
1688560200000,30368.4,30397.8,30362.7,30397.8
1688560500000,30397.8,30397.8,30367.5,30371.7
1688560800000,30371.7,30371.7,30337.3,30359.6
1688561100000,30359.6,30359.6,30318.1,30335.8
1688561400000,30335.8,30335.8,30316.6,30325
1688561700000,30325,30342.3,30268.6,30293.4
1688562000000,30293.4,30328.5,30234.6,30258.4
1688562300000,30258.4,30269.4,30215.7,30239
1688562600000,30239,30265.2,30226.9,30251.3
1688562900000,30251.3,30286,30224.9,30274.3
1688563200000,30272.8,30275.8,30248.5,30248.5
1688563500000,30250.9,30253.9,30188.8,30189.6
1688563800000,30191.4,30263.2,30174.1,30244.1
1688564100000,30244.1,30256.4,30201.3,30256.4
1688564400000,30257.6,30340.9,30250.4,30339.4
1688564700000,30339.4,30341.9,30287.2,30308.4
1688565000000,30308.1,30347.2,30306.9,30347.2
1688565300000,30347.3,30350.3,30324.3,30327
1688565600000,30327,30379.2,30318.3,30374.5
1688565900000,30374.6,30378.3,30352.1,30354.5
1688566200000,30354.5,30354.5,30308,30318.3
1688566500000,30319.6,30406.1,30319.3,30379.5
1688566800000,30379.5,30382.7,30350.1,30363.7
1688567100000,30365,30372.5,30350.9,30372.5
1688567400000,30372.5,30412.5,30363.5,30400.9
1688567700000,30400.9,30403.9,30367.9,30379.4
1688568000000,30379.4,30413.3,30379.2,30406.5
1688568300000,30407.6,30415.4,30358.2,30363.9
1688568600000,30363.9,30405.4,30354.7,30404.8
1688568900000,30404.8,30405.4,30377.8,30385.7
1688569200000,30387,30390,30347.5,30349.9
1688569500000,30349.9,30359.7,30324.8,30327.8
1688569800000,30327.8,30351,30309.5,30309.5
1688570100000,30309.5,30309.5,30249.5,30288.7
1688570400000,30288.7,30343.7,30279.6,30330.1
1688570700000,30330.1,30341.4,30309.7,30340.1
1688571000000,30340.1,30340.1,30253.8,30264
1688571300000,30264.1,30284.4,30217.4,30260.6
1688571600000,30260.6,30309.7,30228.8,30301.4
1688571900000,30308.6,30338.5,30294.7,30300.6
1688572200000,30300.6,30332.3,30299,30325.2
1688572500000,30325.2,30346.5,30316.2,30328
1688572800000,30328,30354.6,30307.2,30347.1
1688573100000,30347.1,30355.5,30337.4,30355.4
1688573400000,30355.7,30366.4,30354.2,30358
1688573700000,30358.2,30401.6,30355.5,30399.4
1688574000000,30399.4,30404.2,30387.3,30394.7
1688574300000,30401.3,30426.1,30400.4,30416.1
1688574600000,30416.8,30419.8,30393,30398.1
1688574900000,30398.1,30423.1,30396.5,30418
1688575200000,30418,30418,30404.6,30416.3
1688575500000,30416.3,30416.3,30394,30406.5
1688575800000,30406.5,30421,30398.8,30421
1688576100000,30421,30446.1,30417.9,30435.7
1688576400000,30435.7,30450.5,30419.2,30440.9
1688576700000,30440.9,30496.1,30437.7,30471
1688577000000,30471,30494.5,30450.4,30479.7
1688577300000,30479.7,30480.1,30454.9,30463.6
1688577600000,30463.6,30493,30455.6,30488
1688577900000,30488,30549.8,30488,30545.2
1688578200000,30545.2,30545.2,30480.1,30493.7
1688578500000,30494,30505.1,30491.3,30497.4
1688578800000,30497.4,30497.4,30464.9,30484.7
1688579100000,30484.7,30499.7,30476.5,30491.7
1688579400000,30491.7,30494.3,30483.5,30486.4
1688579700000,30486.4,30502.8,30479.6,30497
1688580000000,30497.9,30566.7,30487,30487
1688580300000,30491.5,30550.1,30491.5,30533.4
1688580600000,30533.4,30533.4,30509.2,30512.2
1688580900000,30514,30517,30492,30496.4
1688581200000,30496.4,30503.3,30482,30485.6
1688581500000,30485.6,30486.7,30418.4,30441
1688581800000,30441,30460.3,30437.4,30446.9
1688582100000,30445.1,30455.2,30430.3,30430.3
1688582400000,30430.1,30446.9,30413.2,30425.8
1688582700000,30425.7,30456.2,30411.2,30452.9
1688583000000,30452.9,30463.5,30446.5,30451.4
1688583300000,30452.4,30474,30446,30474
1688583600000,30474.4,30479.6,30444.2,30444.2
1688583900000,30444.2,30458.7,30443.4,30455.2
1688584200000,30455.2,30481,30455.2,30476.2
1688584500000,30476.2,30491.8,30469.8,30483.3
1688584800000,30483.3,30493.9,30464.5,30472.5
1688585100000,30472.5,30481.3,30467.9,30480.1
1688585400000,30480.1,30505.1,30475.9,30491.8
1688585700000,30493,30508.4,30486.8,30499.2
1688586000000,30499.1,30505.7,30463.7,30472.5
1688586300000,30472.5,30504.7,30459.3,30489.2
1688586600000,30489.2,30493.2,30411.5,30425.3
1688586900000,30424.4,30450.6,30401.1,30406.6
1688587200000,30408.2,30430.9,30400.2,30401.8
1688587500000,30401.8,30437.6,30372.2,30429.5
1688587800000,30430.7,30439.2,30406,30406.4
1688588100000,30406.4,30423,30400.2,30420
1688588400000,30420,30423.5,30413.3,30415.2
1688588700000,30415.2,30442.4,30415.2,30440.6
1688589000000,30440.6,30443.1,30430,30436.1
1688589300000,30436.1,30465.5,30436.1,30463.6
1688589600000,30463.6,30469.7,30457.2,30462.6
1688589900000,30462.6,30462.6,30447.2,30450.9
1688590200000,30450.9,30461.3,30448.9,30459.1
1688590500000,30459.8,30464.4,30439,30449.2
1688590800000,30449.2,30452.4,30435,30435
1688591100000,30435,30435,30427.3,30427.3
1688591400000,30427.3,30427.3,30426.4,30426.4
1688591700000,30427.8,30434.2,30427.1,30432.2
1688592000000,30432.2,30450.8,30427.2,30450.8
1688592300000,30451.6,30462.7,30451.6,30461.7
1688592600000,30462.2,30465.3,30458.8,30458.8
1688592900000,30458.8,30458.8,30410.1,30410.1
1688593200000,30410.1,30432.6,30395.6,30432.6
1688593500000,30432.6,30432.6,30397.8,30398.5
1688593800000,30398.5,30422.7,30398.4,30421.6
1688594100000,30421.6,30444.1,30418.4,30442.9
1688594400000,30442.9,30442.9,30409.4,30418
1688594700000,30421.6,30444.2,30421.3,30439.6
1688595000000,30439.6,30444.5,30436.6,30437.7
1688595300000,30437.7,30472.5,30431.8,30463.4
1688595600000,30463.4,30463.4,30448,30448
1688595900000,30448,30448,30425.7,30426.7
1688596200000,30426.7,30429.4,30405.5,30405.5
1688596500000,30416.7,30427.6,30399.2,30419.5
1688596800000,30419.5,30419.7,30403.2,30406.2
1688597100000,30406.2,30408.9,30366,30402.7
1688597400000,30402.7,30424.7,30402.7,30403.7
1688597700000,30403.7,30414,30396.1,30412.3
1688598000000,30412.7,30421.6,30366.8,30379.7
1688598300000,30379.7,30397,30367,30390.8
1688598600000,30391.7,30407.4,30391.2,30407.4
1688598900000,30407.4,30447.2,30402.5,30447.2
1688599200000,30447.2,30466.3,30447.2,30462.9
1688599500000,30465.9,30471.6,30455.9,30471.6
1688599800000,30471.6,30471.6,30454.8,30463.6
1688600100000,30464.9,30501.2,30463.6,30493.7
1688600400000,30493.4,30501.8,30484.9,30498.2
1688600700000,30498.2,30511,30460.5,30467.6
1688601000000,30468.7,30484.1,30459.2,30481
1688601300000,30481,30490,30474.5,30474.5
1688601600000,30474.5,30474.5,30448.4,30452.6
1688601900000,30452.6,30454.4,30436,30448.3
1688602200000,30448.3,30448.3,30421,30424.2
1688602500000,30424.2,30442.5,30417,30436.4
1688602800000,30436.4,30503.9,30431.1,30496.6
1688603100000,30496.6,30496.6,30474.9,30474.9
1688603400000,30474.9,30474.9,30398.3,30412
1688603700000,30412.1,30429.7,30412,30414.8
1688604000000,30414.8,30414.8,30380.4,30392.6
1688604300000,30393.3,30396.9,30374.4,30377.2
1688604600000,30377.2,30400.4,30368.2,30393.2
1688604900000,30393.2,30396.8,30383.4,30388.1
1688605200000,30388.1,30396.1,30369.3,30390
1688605500000,30390.4,30402.8,30378.6,30383
1688605800000,30383,30397.3,30379.4,30393.6
1688606100000,30394.1,30397.1,30372.5,30374.2
1688606400000,30374.2,30374.2,30310.1,30351.7
1688606700000,30351.7,30368,30343.6,30368
1688607000000,30372.9,30389.8,30372.9,30382.4
1688607300000,30382.4,30389.7,30374.7,30389.2
1688607600000,30390.9,30397.2,30383.2,30388.4
1688607900000,30387.5,30395.8,30382.6,30395.5
1688608200000,30395.5,30418.6,30389.6,30417
1688608500000,30417.2,30451,30417,30446.4
1688608800000,30446.4,30477,30443.1,30454
1688609100000,30455.9,30490.1,30454,30486.8
1688609400000,30489.1,30530,30479.3,30479.3
1688609700000,30481.8,30498.1,30454.1,30463.1
1688610000000,30463.1,30490.5,30463.1,30471.8
1688610300000,30471.8,30471.8,30433.8,30458.7
1688610600000,30464.4,30484.6,30462.7,30472
1688610900000,30472.1,30496.5,30472,30483.6
1688611200000,30483.6,30491.1,30453.4,30456.4
1688611500000,30456.7,30461,30446.4,30450.4
1688611800000,30451.1,30467.4,30448.4,30448.9
1688612100000,30450.3,30453.3,30443.7,30443.9
1688612400000,30444,30455.7,30436.1,30444.9
1688612700000,30446.2,30457.6,30446.2,30454
1688613000000,30454,30461.6,30448.1,30460.6
1688613300000,30461.6,30480.8,30460.6,30473.5
1688613600000,30475.7,30486.8,30456.4,30462.5
1688613900000,30462.5,30477.4,30457.3,30477.4
1688614200000,30478.8,30489.5,30472.3,30481.9
1688614500000,30481.9,30496,30476.8,30487.2
1688614800000,30487.8,30498,30483.8,30483.8
1688615100000,30484.2,30489.4,30473.8,30473.9
1688615400000,30476.2,30486.2,30473.8,30473.9
1688615700000,30473.9,30480.1,30468.5,30477
1688616000000,30477,30477,30463.8,30465.3
1688616300000,30465.3,30470.5,30462.4,30464.1
1688616600000,30464.1,30481.4,30455.1,30481.4
1688616900000,30481.4,30488.7,30481.4,30484.8
1688617200000,30485.1,30499.7,30485.1,30488.7
1688617500000,30488.7,30510.2,30476,30477.4
1688617800000,30477.4,30483,30456,30457.5
1688618100000,30457.5,30464.9,30454.7,30462.6
1688618400000,30462.6,30465.7,30457.7,30465.7
1688618700000,30465.7,30465.7,30445.9,30447.7
1688619000000,30447.7,30447.7,30423.6,30428.6
1688619300000,30428.6,30443.7,30428.6,30440.1
1688619600000,30440.1,30443.9,30432,30438
1688619900000,30438,30438,30432.9,30436.5
1688620200000,30436.5,30436.5,30412.3,30412.3
1688620500000,30412.5,30435.4,30412.3,30430
1688620800000,30430,30437.4,30428.1,30437.4
1688621100000,30437.4,30454.9,30437.4,30452.8
1688621400000,30452.8,30471,30449.5,30469.6
1688621700000,30473.9,30566.6,30471.5,30540.9
1688622000000,30542.5,30556.4,30519.2,30548.7
1688622300000,30548.8,30591.6,30524.1,30526.4
1688622600000,30526.4,30544,30523,30533.2
1688622900000,30533.2,30564.3,30531.7,30552.2
1688623200000,30555.2,30568.2,30541.5,30543.1
1688623500000,30543.1,30548,30529.8,30541.5
1688623800000,30541.5,30541.5,30531.7,30535.3
1688624100000,30535.3,30590.2,30533.5,30584.5
1688624400000,30584.5,30584.5,30554.5,30566.9
1688624700000,30566.9,30617.1,30564.5,30577.1
1688625000000,30577.1,30613.5,30577.1,30595.5
1688625300000,30595.5,30611.6,30585.5,30592.4
1688625600000,30592.4,30618.4,30589.1,30618.4
1688625900000,30618.4,30688.9,30616.5,30662.1
1688626200000,30662.1,30705.6,30661.1,30683
1688626500000,30686.8,30697.7,30666.6,30679.7
1688626800000,30684.1,30700.5,30661.3,30661.3
1688627100000,30661.3,30715.8,30659.4,30705.4
1688627400000,30706.6,30720.6,30683.2,30719
1688627700000,30719.3,30728.8,30698.7,30713
1688628000000,30713,30768,30702.5,30755.9
1688628300000,30755.9,30770.7,30746,30759.2
1688628600000,30761.7,30806.2,30753.8,30806.2
1688628900000,30806.2,30827.2,30786.6,30821.2
1688629200000,30821.2,30828.2,30803,30815.5
1688629500000,30815.5,30827.4,30787.6,30787.6
1688629800000,30787.6,30799.5,30750.8,30758.2
1688630100000,30756.6,30794.7,30756.6,30773.4
1688630400000,30773.8,30824.2,30773.4,30800.3
1688630700000,30800.3,30808.2,30764.4,30764.4
1688631000000,30764.5,30786.8,30764,30769.5
1688631300000,30769.5,30792.7,30767.9,30777
1688631600000,30777,30790.1,30767.7,30782.8
1688631900000,30782.8,30794.9,30778.6,30780.7
1688632200000,30781.2,30889.7,30778.2,30867.9
1688632500000,30869.6,30920.1,30868.7,30912.3
1688632800000,30911.2,30947.2,30909.9,30947.2
1688633100000,30943.1,31221.9,30943.1,31206.9
1688633400000,31206.9,31279.1,31152.9,31181.8
1688633700000,31181.8,31333.9,31171.4,31302.4
1688634000000,31303.4,31504.5,31300.8,31350.6
1688634300000,31350.6,31422.9,31341.6,31361.2
1688634600000,31361.2,31432.5,31305.5,31306.8
1688634900000,31306.8,31398.1,31304.9,31327.7
1688635200000,31328.9,31392.9,31328.9,31350.1
1688635500000,31351.1,31414,31348.5,31352.9
1688635800000,31357.8,31406.3,31320.7,31331.1
1688636100000,31333.7,31373.1,31242.3,31251.1
1688636400000,31248.7,31286.3,31074.3,31134
1688636700000,31136.8,31185.2,31007,31072.1
1688637000000,31072.9,31110.6,31056.7,31073
1688637300000,31073,31086,31038.9,31038.9
1688637600000,31042.7,31114.8,31040.3,31107.2
1688637900000,31107.2,31107.2,31058.2,31070.7
1688638200000,31070.7,31103,31043.7,31101.1
1688638500000,31103.2,31112.3,31080.9,31093.7
1688638800000,31097.4,31115.9,31081.3,31089.5
1688639100000,31091,31101.2,31089.1,31099.2
1688639400000,31101.6,31115.1,31077.6,31078.7
1688639700000,31078.7,31078.7,31043.4,31074.2
1688640000000,31074.2,31170.6,31069,31144.6
1688640300000,31146.4,31176.6,31119.4,31130.2
1688640600000,31131.4,31202.7,31130.2,31196.9
1688640900000,31198.3,31240.2,31196.4,31224.6
1688641200000,31224.6,31241.3,31172.8,31179.8
1688641500000,31179.3,31188.9,31166.3,31175.6
1688641800000,31174.1,31179.8,31157.9,31169.5
1688642100000,31169.9,31181.9,31156.9,31157.7
1688642400000,31157.3,31167.2,31148.9,31162.6
1688642700000,31162.6,31180.6,31151.6,31168.3
1688643000000,31168.3,31173.1,31137.5,31149.1
1688643300000,31151.3,31155.6,31146.8,31148.8
1688643600000,31148.8,31153.6,31055.6,31055.6
1688643900000,31052.2,31079.6,31002.6,31036.7
1688644200000,31036.7,31064.1,30825.7,30869.2
1688644500000,30869.7,30891.2,30687.4,30814.8
1688644800000,30814.1,30856.7,30738.5,30784.9
1688645100000,30786.7,30789.7,30623.6,30673.4
1688645400000,30673.4,30750.9,30660.3,30727.7
1688645700000,30727.7,30727.7,30638,30719.1
1688646000000,30718.1,30735.4,30666.4,30721.7
1688646300000,30722.4,30727.7,30668.1,30683.1
1688646600000,30683.1,30695.5,30500.7,30501.6
1688646900000,30501,30588,30494.6,30579.7
1688647200000,30579.7,30582.4,30531.2,30569.1
1688647500000,30569.1,30570.8,30503.7,30566.4
1688647800000,30566.4,30616.6,30559.5,30607.6
1688648100000,30607,30610,30600,30600
1688648400000,30600,30632.3,30600,30630.9
1688648700000,30630.9,30630.9,30600,30607.7
1688649000000,30607.7,30607.7,30600,30607
1688649300000,30607,30607,30604,30607
1688649600000,30607,30607,30607,30607
1688649900000,30607,30607,30604,30604
1688650200000,30604,30604,30528.5,30528.5
1688650500000,30528.5,30545.2,30503.7,30531.1
1688650800000,30531.1,30533.6,30432.9,30460
1688651100000,30460,30519.6,30403.7,30490.7
1688651400000,30491.7,30499.9,30394.7,30399.7
1688651700000,30399.7,30399.7,30313,30343.3
1688652000000,30349.3,30407.7,30307.7,30375.3
1688652300000,30375.3,30375.3,30182.1,30204.3
1688652600000,30205.6,30295.6,30157,30283.2
1688652900000,30286,30286.2,30162.7,30191.7
1688653200000,30190.1,30191.7,30097.4,30132.9
1688653500000,30132.6,30162.8,30015.4,30018.3
1688653800000,30017.4,30111.6,29981.1,30033.5
1688654100000,30031.1,30031.4,29881,29907.9
1688654400000,29903.8,30157.5,29861.4,30144.5
1688654700000,30142.1,30163.2,30044.8,30087
1688655000000,30087.4,30139.1,30066.7,30137
1688655300000,30135.6,30187.7,30096.6,30181.5
1688655600000,30183.1,30183.1,30095.7,30152.4
1688655900000,30152.5,30154.6,30092.6,30106.6
1688656200000,30103.1,30113.7,30051.3,30090.9
1688656500000,30090.4,30170,30076.9,30169.1
1688656800000,30170.3,30235.1,30159.6,30233.1
1688657100000,30234,30234,30182.2,30227.7
1688657400000,30228.1,30252.6,30188.7,30252.6
1688657700000,30249.5,30359.3,30240.5,30334.9
1688658000000,30341.6,30394.7,30293.8,30388.8
1688658300000,30388.9,30457,30359.2,30396.5
1688658600000,30396.8,30397.2,30349.3,30386.9
1688658900000,30386.8,30416,30373.4,30373.9
1688659200000,30384.9,30399.6,30352.3,30387.6
1688659500000,30386.1,30431.9,30377,30402.7
1688659800000,30402.7,30410,30327.7,30388.1
1688660100000,30387.4,30398.9,30353.5,30371.8
1688660400000,30370.4,30371.8,30274.9,30312.6
1688660700000,30318.6,30326.6,30288.7,30316.3
1688661000000,30314.5,30324.2,30259.2,30277.2
1688661300000,30277.2,30310.5,30238.8,30242.3
1688661600000,30241.8,30258.2,30206.6,30224.4
1688661900000,30225,30227.9,30136.9,30152.9
1688662200000,30156.9,30266.7,30152.9,30265.3
1688662500000,30263.4,30292.6,30226,30285.4
1688662800000,30285.1,30312.4,30265.2,30301.6
1688663100000,30301.4,30318.3,30274.1,30276.4
1688663400000,30276.6,30276.6,30220.7,30231.2
1688663700000,30230.6,30254.8,30220,30236.7
1688664000000,30236.3,30247.1,30219.4,30236.5
1688664300000,30235.4,30235.4,30200.3,30216.8
1688664600000,30214.1,30223.1,30171.8,30213.5
1688664900000,30213.4,30263.9,30212.4,30248.7
1688665200000,30248.8,30248.9,30221,30226.5
1688665500000,30224.7,30252.6,30195,30252.6
1688665800000,30250.3,30252.6,30217.4,30236.9
1688666100000,30237.2,30264.6,30227.5,30262.7
1688666400000,30261.1,30304.7,30253.7,30274.4
1688666700000,30277.3,30310,30277.3,30287.3
1688667000000,30287.3,30303.8,30275.5,30292.7
1688667300000,30293.2,30293.2,30250.9,30262.4
1688667600000,30260.1,30262.4,30211.4,30239.9
1688667900000,30240,30253.6,30226.2,30243.2
1688668200000,30242.6,30270.2,30236.8,30251.6
1688668500000,30251.7,30252.8,30226.8,30226.8
1688668800000,30225.4,30225.4,30178.8,30191.5
1688669100000,30190.2,30219.7,30190.2,30219.4
1688669400000,30219.7,30228.2,30206.6,30210.7
1688669700000,30210.3,30356.3,30210.3,30344.7
1688670000000,30343.4,30344.7,30292.2,30298.5
1688670300000,30298.1,30310.2,30274.7,30309.9
1688670600000,30309.2,30309.2,30240.1,30245.2
1688670900000,30245.6,30287.5,30244.4,30272.9
1688671200000,30273,30273,30253.1,30268.2
1688671500000,30269.3,30291.2,30253.6,30272.9
1688671800000,30272.3,30278.8,30232.5,30246.9
1688672100000,30245.8,30251.2,30228.9,30242.8
1688672400000,30243,30265.1,30235.8,30259.2
1688672700000,30256.6,30275.1,30251.4,30255.8
1688673000000,30257.4,30306.6,30236.4,30236.9
1688673300000,30239.3,30287.6,30239.3,30278.5
1688673600000,30277.6,30313,30264.5,30294.7
1688673900000,30294.3,30299.1,30238.8,30257
1688674200000,30254.2,30257.8,30236.7,30244.4
1688674500000,30244.1,30279.8,30244.1,30278.7
1688674800000,30278,30278.7,30253.7,30257.9
1688675100000,30257.7,30263.6,30251.3,30262.1
1688675400000,30260.6,30260.6,30243,30255.5
1688675700000,30255.3,30261.6,30229.6,30242.8
1688676000000,30242.7,30245,30223.6,30233.1
1688676300000,30232.5,30241.4,30225.6,30241.1
1688676600000,30243.5,30276.4,30242,30273.5
1688676900000,30274.7,30282.6,30270.8,30281.5
1688677200000,30283.3,30294,30240.1,30256.3
1688677500000,30256.4,30311.7,30256.4,30310.7
1688677800000,30310.8,30312,30276.2,30277
1688678100000,30276.8,30278.4,30246.5,30247.2
1688678400000,30246.9,30247.6,30155.7,30179.4
1688678700000,30179.5,30224.9,30161.5,30221.9
1688679000000,30221.8,30228.7,30218.3,30227
1688679300000,30227.2,30227.2,30189.7,30222.8
1688679600000,30222.7,30222.7,30157.2,30164.1
1688679900000,30164.6,30175.9,30164.6,30175.9
1688680200000,30176.2,30191.7,30175.9,30189.6
1688680500000,30189.6,30191.6,30187.3,30189.8
1688680800000,30184.8,30187.1,30137,30139.8
1688681100000,30139.9,30189.8,30139.8,30187.3
1688681400000,30187,30189.9,30162.8,30174.8
1688681700000,30174.5,30176.8,30153.7,30175.5
1688682000000,30176.1,30195.6,30176.1,30179.8
1688682300000,30180.1,30197,30176.4,30197
1688682600000,30195.8,30215.5,30192.4,30213.1
1688682900000,30222.5,30234.4,30219.6,30224.7
1688683200000,30224.3,30224.7,30195.7,30197.8
1688683500000,30198.7,30198.8,30142.7,30143.9
1688683800000,30148.8,30158.2,30081,30100.7
1688684100000,30103.7,30135.7,30097.7,30131.5
1688684400000,30134,30134,30027.7,30046.7
1688684700000,30049.9,30054.9,29942.4,30011.8
1688685000000,30012.6,30065.1,30004.4,30055.6
1688685300000,30056.3,30056.3,29903.9,29959.9
1688685600000,29964.4,29964.6,29826.7,29954.3
1688685900000,29953,30039,29923.2,30027.1
1688686200000,30027.6,30028.5,29966.2,29985.2
1688686500000,29973.7,30000.2,29912.8,29923.3
1688686800000,29927.8,29988,29926.2,29950.9
1688687100000,29952.2,29985.7,29924.3,29948.7
1688687400000,29951.5,29977.8,29936.1,29945.5
1688687700000,29950.3,29952.2,29860.1,29873.3
1688688000000,29874.3,29912.3,29688.6,29790.3
1688688300000,29791.4,29832.8,29746,29828.9
1688688600000,29827.9,29977.1,29816.3,29967.3
1688688900000,29966.9,29978.3,29935.6,29957.2
1688689200000,29956.9,29969.3,29913.5,29949.3
1688689500000,29948.9,29970.2,29923.7,29956.4
1688689800000,29956.4,29956.4,29871.6,29890
1688690100000,29885.7,29914.9,29848.9,29884.5
1688690400000,29883.7,30077.3,29881.1,30063.4
1688690700000,30064.3,30064.3,30013.5,30025
1688691000000,30022.2,30025.7,29984.6,30013.3
1688691300000,30014,30036.7,29988.1,30023.4
1688691600000,30030.1,30036.7,29998.1,30024.2
1688691900000,30028,30053,30005.8,30030.8
1688692200000,30031.5,30036.4,30010.5,30027.6
1688692500000,30027.3,30029.7,29988.8,29989.1
1688692800000,29986.6,29989.1,29935.6,29967.3
1688693100000,29967.3,29984.7,29940.5,29984.7
1688693400000,29980.9,30026.7,29976.1,30016.3
1688693700000,30013.3,30085.7,30013.3,30065.2
1688694000000,30065.6,30067.8,30041.4,30066.8
1688694300000,30060.9,30074.6,30036,30071
1688694600000,30069.6,30089,30054.5,30088.4
1688694900000,30088.2,30090,30058.9,30068.2
1688695200000,30065.5,30069.2,30028.2,30044.1
1688695500000,30043.7,30071.4,30040.1,30064.6
1688695800000,30064.9,30069.7,30039.9,30065.9
1688696100000,30065.5,30067.4,30045.5,30055.4
1688696400000,30056.5,30060.4,30052.9,30057.9
1688696700000,30056.6,30070.7,30056.5,30060.2
1688697000000,30060.8,30081.4,30060.2,30080.9
1688697300000,30082.3,30089.1,30071.6,30081.3
1688697600000,30081.6,30096.7,30046,30090.1
1688697900000,30090.1,30115,30086.7,30104.7
1688698200000,30106.7,30106.7,30063.1,30070.5
1688698500000,30069.5,30094.1,30055.8,30074.3
1688698800000,30074.5,30081.6,30051.1,30051.7
1688699100000,30051.4,30066.7,30041.4,30060.6
1688699400000,30057.4,30066.8,30042.6,30066.8
1688699700000,30066.3,30103.7,30062.6,30096.3
1688700000000,30096.4,30127.3,30095.3,30118.1
1688700300000,30117.9,30124.7,30072.8,30076.8
1688700600000,30076.9,30093.4,30066.4,30078.7
1688700900000,30074.6,30111,30070.2,30096.8
1688701200000,30097,30108.5,30079.1,30083.6
1688701500000,30083.1,30111.4,30081.7,30104
1688701800000,30103.1,30106.3,30077.7,30094.4
1688702100000,30092.9,30117.5,30089.2,30108.8
1688702400000,30108.8,30138.2,30102,30137.6
1688702700000,30135.6,30145.5,30113.2,30131
1688703000000,30130.5,30132.2,30095.4,30103.9
1688703300000,30108.1,30116.7,30081.8,30101.8
1688703600000,30099.5,30101.8,30068.3,30082.7
1688703900000,30081.6,30097.6,30063.5,30091.7
1688704200000,30090.5,30091.7,30058.8,30082.1
1688704500000,30072.7,30100.5,30065.2,30093.3
1688704800000,30091.4,30095.5,30085.7,30093
1688705100000,30092.5,30095.1,30058.8,30060.5
1688705400000,30060.3,30069.4,30050.8,30054
1688705700000,30054.8,30066.1,30046,30063.1
1688706000000,30063.1,30064.1,30050.1,30061.8
1688706300000,30062.6,30062.6,30028.6,30047.1
1688706600000,30047.2,30054.9,30046.7,30053.6
1688706900000,30052.3,30060,30045,30059.4
1688707200000,30059.6,30195,30055.4,30186.5
1688707500000,30187,30242.1,30167.4,30176.6
1688707800000,30175.5,30192.9,30158.6,30166.6
1688708100000,30167.3,30240.4,30165.6,30228.6
1688708400000,30229.8,30271.3,30200,30220.2
1688708700000,30221,30258.9,30217.9,30226.2
1688709000000,30225.4,30229.5,30200.4,30206.2
1688709300000,30206.2,30215.4,30182.1,30184.5
1688709600000,30184.5,30203.5,30166.6,30183.4
1688709900000,30182.6,30212,30177.7,30182.4
1688710200000,30182.8,30183.5,30165,30171.2
1688710500000,30170.3,30177,30161.5,30170.6
1688710800000,30170.8,30171.6,30074.3,30103.7
1688711100000,30104,30130.4,30090.3,30108.1
1688711400000,30104.4,30130.5,30075.6,30124.2
1688711700000,30125.4,30149.8,30122.3,30132.8
1688712000000,30132.4,30136.8,30101.3,30113.4
1688712300000,30113.1,30120.4,30080.8,30118.4
1688712600000,30118.3,30120.4,30098.6,30109.7
1688712900000,30110.5,30122.9,30089.4,30089.4
1688713200000,30092.1,30110.2,30089.4,30102.5
1688713500000,30107.3,30111.4,30086.7,30096
1688713800000,30092.8,30096.6,30064.7,30085.5
1688714100000,30085.3,30096.6,30059.2,30091
1688714400000,30092,30096.5,30091,30094.1
1688714700000,30090.6,30094.1,30060.9,30075.1
1688715000000,30074.5,30075.1,30043.9,30058.5
1688715300000,30057,30097.4,30026.4,30088.1
1688715600000,30087.1,30088.1,30058.6,30071.9
1688715900000,30072.9,30072.9,29960.4,29977.2
1688716200000,29976.8,30021.9,29956.7,30008.3
1688716500000,30009.6,30010.3,29903.2,29975.8
1688716800000,29975.3,29986.2,29939.7,29980.7
1688717100000,29986.2,30023.3,29979.6,30015.8
1688717400000,30016,30056.9,30015.2,30037.9
1688717700000,30041.7,30056.6,30006.2,30016.6
1688718000000,30016.4,30016.6,29986.4,30012.5
1688718300000,30014.1,30015,29987.8,30012.3
1688718600000,30013.1,30024.2,29999,30021.4
1688718900000,30020.3,30045.2,30015,30044.1
1688719200000,30038,30058.3,30035.8,30043.6
1688719500000,30043.2,30072.5,30043.2,30061.2
1688719800000,30061.6,30066.7,30047.6,30053.2
1688720100000,30047.7,30054.6,30027.9,30039.6
1688720400000,30037.4,30057.7,30025.1,30056.8
1688720700000,30056.3,30070.6,30054.9,30056.9
1688721000000,30055.6,30060.1,30054.9,30058.2
1688721300000,30059.5,30069.3,30050,30056.6
1688721600000,30057,30097,30056.1,30095.9
1688721900000,30096.5,30121.9,30085.7,30119.8
1688722200000,30119.8,30130.7,30086.5,30093.5
1688722500000,30095.3,30097.6,30090.1,30094.4
1688722800000,30094.4,30154.1,30094.4,30139.4
1688723100000,30139.4,30156.7,30131,30136.5
1688723400000,30136.5,30136.5,30116.3,30119.6
1688723700000,30116.6,30119.6,30097.2,30108.8
1688724000000,30108.8,30124.7,30103.5,30106.8
1688724300000,30106.8,30116,30088.5,30092.8
1688724600000,30092.8,30093.4,30064.9,30070.6
1688724900000,30070.2,30092.7,30070,30081.4
1688725200000,30081.4,30081.4,30067,30067.7
1688725500000,30067.7,30087.3,30064.3,30087.3
1688725800000,30087.4,30106.1,30078.9,30098.5
1688726100000,30098.5,30111,30094.2,30096
1688726400000,30099,30110.8,30095.8,30110.8
1688726700000,30110.8,30136.1,30110.7,30135.6
1688727000000,30135.6,30144.7,30122.4,30144.7
1688727300000,30144.7,30144.7,30135.5,30138.1
1688727600000,30138.1,30151.9,30128.8,30147.8
1688727900000,30147.8,30149.7,30114.1,30126.9
1688728200000,30126.9,30130.9,30109,30114.6
1688728500000,30114.6,30128.5,30103,30124.9
1688728800000,30124.9,30131,30118.5,30131
1688729100000,30131,30149.6,30131,30142.9
1688729400000,30142.9,30154.4,30136.3,30153.4
1688729700000,30153.4,30168.7,30132.2,30134.2
1688730000000,30134.5,30145.7,30121.5,30122.9
1688730300000,30122.9,30148.9,30100.4,30115.2
1688730600000,30115.2,30115.2,30077,30088.8
1688730900000,30088.8,30096.7,30072,30094.6
1688731200000,30094.6,30110.6,30085.3,30108.2
1688731500000,30106.9,30152.1,30106.9,30116.7
1688731800000,30116.7,30119.8,30085.7,30097.2
1688732100000,30096.8,30101.8,30073.6,30077.8
1688732400000,30076.9,30087.8,30055.7,30071
1688732700000,30071.1,30091.8,30058.4,30072.2
1688733000000,30070.3,30306.3,30070.3,30280.4
1688733300000,30279.9,30286.8,30231.4,30248.8
1688733600000,30246,30257.7,30031.6,30127.1
1688733900000,30128.9,30189.3,30128.9,30183.7
1688734200000,30185.1,30212.3,30153.2,30195.7
1688734500000,30195,30197.9,30162.5,30172.7
1688734800000,30174.3,30176.1,30099.8,30128.5
1688735100000,30128.4,30137.5,30101.4,30127
1688735400000,30126.8,30225.4,30126.8,30205.2
1688735700000,30205.2,30217.6,30175.8,30180
1688736000000,30182.5,30221.3,30180,30212.1
1688736300000,30212.3,30253.8,30212.1,30248.2
1688736600000,30248.2,30265.7,30219.8,30245.2
1688736900000,30246,30249.3,30205.9,30227.4
1688737200000,30226.7,30261.2,30225.6,30245
1688737500000,30245.4,30290.5,30232.8,30251.3
1688737800000,30258,30340.3,30251.3,30303.1
1688738100000,30303.1,30360.1,30289.6,30354.2
1688738400000,30354,30412.8,30346,30370.5
1688738700000,30370.8,30388,30326.1,30333.8
1688739000000,30333.3,30344.8,30290.1,30300.8
1688739300000,30295.3,30311.8,30254.2,30271.2
1688739600000,30277.9,30302.6,30261.1,30276
1688739900000,30272.8,30329.3,30249.8,30315.3
1688740200000,30324,30324,30242,30258.5
1688740500000,30255.6,30315.1,30244,30305.2
1688740800000,30305.2,30366.2,30305.2,30334.6
1688741100000,30333.7,30369.3,30330,30332.9
1688741400000,30333.8,30363.2,30323.3,30352.4
1688741700000,30354.1,30399.2,30350.4,30381.5
1688742000000,30381.5,30405.5,30348.6,30359.3
1688742300000,30360.5,30387.5,30321.8,30327.2
1688742600000,30321.8,30331.8,30306.8,30318.1
1688742900000,30317.8,30340.4,30303.9,30313
1688743200000,30307.1,30338.2,30302.2,30329.6
1688743500000,30329.5,30359.6,30316.7,30323.1
1688743800000,30323.1,30341.4,30286.8,30299.1
1688744100000,30301.9,30317.8,30297.6,30304.3
1688744400000,30303.6,30317.2,30292.1,30310.2
1688744700000,30312,30336.4,30307.3,30332
1688745000000,30332,30344.3,30319.4,30335.1
1688745300000,30337.3,30391.6,30335.1,30381.2
1688745600000,30363.3,30383.6,30343.7,30354.5
1688745900000,30346.2,30365.5,30332.4,30351.3
1688746200000,30348.8,30418.9,30345.9,30385.7
1688746500000,30391.9,30391.9,30338.5,30354
1688746800000,30351.3,30354,30295.4,30309.8
1688747100000,30310.5,30317.2,30294.6,30314.8
1688747400000,30314.8,30348.4,30299.5,30336.7
1688747700000,30335.8,30367.2,30314.5,30365.9
1688748000000,30363.4,30365.3,30326.2,30340.5
1688748300000,30339.7,30358.1,30317.8,30338.1
1688748600000,30336.7,30336.7,30296.9,30313.4
1688748900000,30313.5,30328.7,30307.9,30328.5
1688749200000,30327.8,30336.9,30319.2,30324
1688749500000,30323.2,30324,30300.3,30305.2
1688749800000,30300.3,30306.7,30290.6,30298.9
1688750100000,30298.2,30316.7,30294.2,30304.7
1688750400000,30304,30304.7,30220.8,30251
1688750700000,30248.6,30269.1,30245.7,30253.9
1688751000000,30253.8,30256.5,30241.7,30251.7
1688751300000,30251.4,30256.1,30223.2,30236.2
1688751600000,30236.9,30239.6,30225.8,30238.8
1688751900000,30234.8,30239.6,30167.3,30204.1
1688752200000,30204.4,30229.7,30191.4,30219.9
1688752500000,30212.7,30229.1,30185.1,30210.3
1688752800000,30209.8,30219.7,30200.3,30200.3
1688753100000,30200.7,30219.3,30192.9,30211.1
1688753400000,30211.4,30224,30182.8,30214.5
1688753700000,30214.1,30217.4,30183.5,30200.7
1688754000000,30200.3,30209.7,30197.5,30197.8
1688754300000,30197.5,30205.2,30174.2,30182.9
1688754600000,30181.4,30186.7,30145.8,30153.5
1688754900000,30153.5,30163.8,30115.7,30128.6
1688755200000,30129.3,30145,30120.4,30128.7
1688755500000,30128.3,30173.5,30125.2,30156
1688755800000,30156.7,30156.7,30088.8,30115.5
1688756100000,30115.3,30158.3,30114.9,30135.2
1688756400000,30134.4,30155.4,30105.3,30155.4
1688756700000,30155.1,30164.5,30148.6,30162.6
1688757000000,30161.6,30171.3,30150.2,30166.7
1688757300000,30166.2,30175.4,30152.1,30159.4
1688757600000,30159.4,30175.5,30141.1,30174.8
1688757900000,30173,30175.6,30155.4,30162.6
1688758200000,30161.8,30174.2,30161.1,30174.2
1688758500000,30174.6,30203.2,30174.6,30191.4
1688758800000,30191.4,30191.4,30156.2,30162.7
1688759100000,30162.1,30186.4,30158.8,30182
1688759400000,30181.9,30193.5,30161.9,30178.5
1688759700000,30175.9,30222,30175.9,30217.4
1688760000000,30216.3,30216.3,30186.5,30189.5
1688760300000,30189.1,30219.5,30183.7,30218.6
1688760600000,30218.7,30218.7,30197.7,30198
1688760900000,30198.5,30213.3,30197.9,30205.1
1688761200000,30204.8,30204.8,30195.3,30197.3
1688761500000,30197.2,30197.2,30187.1,30193.2
1688761800000,30193.3,30269.9,30192.4,30258.4
1688762100000,30258.2,30266.6,30218.3,30218.6
1688762400000,30218.5,30237.9,30218.5,30226.1
1688762700000,30226.4,30231.9,30211.4,30212.5
1688763000000,30212.4,30230.5,30212.4,30226.4
1688763300000,30226.2,30236.9,30216.9,30234.6
1688763600000,30202.3,30233.1,30202.1,30230.4
1688763900000,30230.3,30234.8,30220.2,30221.2
1688764200000,30223.9,30272.8,30221.2,30262.4
1688764500000,30262.3,30262.7,30244,30258.1
1688764800000,30257.8,30259,30234.9,30234.9
1688765100000,30237,30284.2,30237,30282.9
1688765400000,30282.8,30287.6,30240,30240.6
1688765700000,30240.5,30247.1,30222.1,30230.8
1688766000000,30230.1,30244.8,30230,30239.6
1688766300000,30239.9,30242.2,30238.9,30240.2
1688766600000,30241.2,30274.4,30240.4,30273.5
1688766900000,30273.4,30273.4,30220.4,30231.7
1688767200000,30232.2,30253.4,30222.6,30248.7
1688767500000,30250.8,30259.8,30242.5,30254.7
1688767800000,30254.5,30267.9,30253.8,30260.5
1688768100000,30260.4,30288.7,30253.3,30267.1
1688768400000,30266.2,30268.9,30246.1,30252.4
1688768700000,30254.7,30257.5,30250.3,30256.4
1688769000000,30257.2,30266,30255.1,30260.7
1688769300000,30256,30256,30234.3,30235.4
1688769600000,30235,30253.2,30225.9,30231.8
1688769900000,30231.4,30253,30229.1,30249.1
1688770200000,30250.5,30262.9,30249.1,30259.4
1688770500000,30259.6,30263.5,30238.8,30244.1
1688770800000,30244.2,30264.5,30244.2,30258.3
1688771100000,30258.6,30269.5,30253.7,30268.6
1688771400000,30270.8,30287.6,30270.8,30277.8
1688771700000,30277.7,30277.7,30265,30272.7
1688772000000,30273.5,30276.4,30269.5,30276.1
1688772300000,30275.7,30278.8,30273.5,30275.8
1688772600000,30276.4,30276.4,30252.9,30259
1688772900000,30258.7,30259.9,30252.9,30258.7
1688773200000,30258.8,30270.7,30254.8,30266.6
1688773500000,30267,30267,30226,30252.7
1688773800000,30251.7,30265.1,30249.4,30264
1688774100000,30265.1,30288.8,30265.1,30286.9
1688774400000,30288.1,30288.1,30259.7,30259.7
1688774700000,30262,30274.3,30252,30265.6
1688775000000,30265.1,30265.1,30245.5,30248.3
1688775300000,30252.2,30265.1,30238.3,30264.9
1688775600000,30264.6,30265.1,30236.8,30242.5
1688775900000,30242.9,30247.2,30242.2,30245.6
1688776200000,30245.3,30245.3,30237.6,30242
1688776500000,30243,30247.5,30215.5,30229
1688776800000,30230.5,30251.5,30227.4,30244.7
1688777100000,30245.8,30245.8,30226,30231.8
1688777400000,30231,30238.4,30228.4,30236.4
1688777700000,30235.3,30236.3,30217.2,30228.9
1688778000000,30229,30233.1,30211.8,30218.7
1688778300000,30218.6,30218.6,30194.9,30202.8
1688778600000,30203,30212.8,30203,30212.5
1688778900000,30211,30212.6,30203.5,30204.2
1688779200000,30204.8,30215.1,30204,30211.9
1688779500000,30212.8,30241.5,30212.8,30239.2
1688779800000,30237.5,30237.5,30213.2,30213.5
1688780100000,30213.8,30217.6,30210.1,30215.7
1688780400000,30215.7,30217.6,30213.3,30214.8
1688780700000,30212.1,30235.5,30211.5,30232.5
1688781000000,30232.6,30244.7,30225.9,30240.6
1688781300000,30240.3,30245.8,30237,30241.5
1688781600000,30243.2,30245.1,30232.7,30236.6
1688781900000,30236.6,30237.5,30222.5,30237.5
1688782200000,30238.3,30247.3,30223.3,30226
1688782500000,30226.2,30226.2,30218.9,30221.9
1688782800000,30223.6,30272.5,30223.6,30267.3
1688783100000,30267.3,30284.8,30241.5,30243.6
1688783400000,30242.6,30279.2,30235.1,30275.2
1688783700000,30274.3,30274.3,30243.8,30248.6
1688784000000,30248.5,30265.5,30241.6,30262.3
1688784300000,30258.4,30302,30258.4,30297.4
1688784600000,30297.3,30324.5,30288.8,30299.9
1688784900000,30299.4,30301.1,30289.6,30289.6
1688785200000,30289.6,30298,30251.2,30256.6
1688785500000,30257.5,30275.3,30257.5,30270.8
1688785800000,30271.2,30284.9,30262.3,30280.8
1688786100000,30280.7,30287.2,30264.1,30265.2
1688786400000,30264.1,30265.5,30243.6,30243.7
1688786700000,30244.9,30249.8,30229.4,30231
1688787000000,30228.3,30240.7,30224.9,30234.3
1688787300000,30234.5,30237.7,30211.2,30218
1688787600000,30218.1,30223.2,30211.5,30217.1
1688787900000,30217.6,30222.5,30213.9,30218
1688788200000,30217.9,30222.8,30211.2,30214.8
1688788500000,30214.5,30216.5,30212.8,30213.6
1688788800000,30213.7,30222.6,30196.8,30221.2
1688789100000,30221.1,30221.1,30172.7,30184.6
1688789400000,30188.1,30201,30186.5,30190.7
1688789700000,30190.6,30191.3,30169,30182.5
1688790000000,30184.1,30202.2,30181.4,30192.6
1688790300000,30194.9,30201.8,30186.2,30194
1688790600000,30194,30203.7,30189,30198.2
1688790900000,30198.4,30198.4,30185.1,30192.6
1688791200000,30192.4,30193.2,30172.7,30174.5
1688791500000,30174.1,30180.7,30159.9,30174
1688791800000,30174.3,30178.6,30162.8,30167.8
1688792100000,30168.6,30174.5,30167.9,30171.9
1688792400000,30174.8,30174.8,30153.1,30160.2
1688792700000,30160,30160,30126.8,30148.3
1688793000000,30149.6,30152.1,30130.3,30151.2
1688793300000,30150.2,30152.3,30138.2,30140.9
1688793600000,30140.9,30166.8,30140.2,30161.7
1688793900000,30161.9,30168.5,30158.5,30164.8
1688794200000,30164.9,30168.6,30142.4,30155.1
1688794500000,30156.2,30159.5,30136.3,30136.3
1688794800000,30136.8,30163.3,30127.6,30157.1
1688795100000,30157,30169.1,30152.5,30158.4
1688795400000,30158.7,30171.9,30158.7,30168.8
1688795700000,30166.6,30181.3,30166.6,30178.2
1688796000000,30177.7,30195.5,30173.5,30188
1688796300000,30189.4,30194.5,30172.7,30174.3
1688796600000,30174.5,30187.2,30172.6,30174.4
1688796900000,30172.1,30172.3,30150,30150
1688797200000,30150.1,30150.1,30086.3,30106.6
1688797500000,30103.2,30137.3,30094.9,30134
1688797800000,30131.1,30131.1,30106.3,30114.5
1688798100000,30114.1,30132.2,30112.5,30121.2
1688798400000,30119.9,30124.1,30106.2,30121.8
1688798700000,30124.1,30126.5,30119.1,30125
1688799000000,30123.9,30123.9,30111.4,30120.1
1688799300000,30120.2,30121,30109.2,30115.3
1688799600000,30115.1,30132.9,30108.1,30131.6
1688799900000,30128.6,30135,30128.6,30132.9
1688800200000,30131.6,30135.1,30129.3,30134.6
1688800500000,30134,30151.3,30134,30150.5
1688800800000,30150.4,30162.3,30149.1,30160.1
1688801100000,30159.9,30159.9,30137.9,30141.8
1688801400000,30141.4,30147.7,30127.1,30136.2
1688801700000,30136.1,30145,30131.2,30136.3
1688802000000,30136.2,30150.3,30134.4,30145.8
1688802300000,30144.7,30147.6,30140.7,30146.1
1688802600000,30145.3,30145.3,30123,30128.5
1688802900000,30128.3,30139,30127.3,30133.6
1688803200000,30132.5,30139.9,30129.3,30137.3
1688803500000,30137.1,30157.3,30135.9,30151.1
1688803800000,30152.2,30165.8,30152.1,30164
1688804100000,30163.9,30249.9,30161.3,30210.8
1688804400000,30210.3,30211.5,30192.2,30199.7
1688804700000,30199.6,30215.5,30198.1,30207
1688805000000,30204.9,30226.9,30203.6,30217.5
1688805300000,30216.8,30232.8,30211.7,30231
1688805600000,30232.8,30232.8,30187.1,30192.5
1688805900000,30192.4,30206,30186.6,30197.7
1688806200000,30197.3,30213.4,30187,30210.2
1688806500000,30209.4,30218.1,30204.9,30214.9
1688806800000,30215.4,30220.6,30196.3,30215.9
1688807100000,30213.8,30217.8,30199.4,30199.4
1688807400000,30198,30205.6,30194,30205.6
1688807700000,30205.6,30223.4,30201.3,30201.3
1688808000000,30201.2,30201.3,30188.7,30191.1
1688808300000,30191,30194.4,30175.8,30184.9
1688808600000,30182.9,30191.9,30175.8,30190.5
1688808900000,30190.2,30203.1,30186.2,30190.8
1688809200000,30192.6,30193.7,30162,30174.4
1688809500000,30172.4,30181.1,30169.3,30176.4
1688809800000,30175.9,30178.5,30172.7,30177.2
1688810100000,30177.1,30189.5,30176,30187
1688810400000,30186.3,30187.5,30180.5,30180.5
1688810700000,30181.3,30191.3,30172.6,30189.3
1688811000000,30188.7,30189.6,30176.8,30180.9
1688811300000,30181.5,30183.1,30169.5,30175.6
1688811600000,30175.5,30178.9,30172.3,30177.3
1688811900000,30177.2,30180.5,30172.7,30173.9
1688812200000,30173.7,30176.3,30162.2,30162.2
1688812500000,30163.7,30178.6,30163.7,30174.9
1688812800000,30174.8,30176.3,30161.8,30162.3
1688813100000,30162.6,30167.8,30159,30164.6
1688813400000,30164.5,30171,30162.2,30170.8
1688813700000,30170.7,30170.7,30157.9,30161.7
1688814000000,30161.6,30161.7,30158.2,30160.1
1688814300000,30160.6,30167.5,30160,30167.3
1688814600000,30167.2,30167.6,30141.5,30146.8
1688814900000,30147,30147,30135.6,30137.2
1688815200000,30136.3,30138.9,30099.3,30120.4
1688815500000,30120.2,30142.8,30115.3,30136.2
1688815800000,30136.1,30163.8,30135.9,30158.3
1688816100000,30157.4,30158.3,30111.3,30124.2
1688816400000,30124.3,30128,30093.9,30110.8
1688816700000,30110.2,30136.6,30110.1,30127.7
1688817000000,30128.3,30140.9,30128.3,30131.7
1688817300000,30128.4,30146.8,30128.4,30141.8
1688817600000,30139.8,30151,30126.9,30146.6
1688817900000,30144.4,30145.9,30090,30113.3
1688818200000,30113.1,30126.5,30103.8,30107.4
1688818500000,30110.3,30129.9,30110.3,30125.3
1688818800000,30125.1,30151.5,30124.8,30144.2
1688819100000,30144,30145.1,30136,30138.7
1688819400000,30138.1,30146.3,30134.7,30142.8
1688819700000,30142.6,30143.4,30115.4,30119.5
1688820000000,30119.9,30133,30117.5,30132.6
1688820300000,30133,30143.2,30132.5,30142
1688820600000,30141.2,30141.6,30116.2,30122.8
1688820900000,30122.3,30122.3,30103.2,30110.6
1688821200000,30111,30139.8,30111,30136.4
1688821500000,30135.5,30140.7,30134.4,30137.8
1688821800000,30137.6,30143,30136.5,30138.5
1688822100000,30139.9,30141.3,30136.1,30138.5
1688822400000,30138.6,30146.9,30138.6,30144.7
1688822700000,30144.6,30164.4,30142.3,30162.7
1688823000000,30162.2,30173.5,30154.2,30168.5
1688823300000,30167.3,30168.4,30146.4,30160.5
1688823600000,30160.8,30164,30158.9,30161.1
1688823900000,30162.9,30181.3,30162.5,30174
1688824200000,30173.9,30179.6,30170.6,30172.5
1688824500000,30173.5,30175.6,30149.5,30149.5
1688824800000,30148.8,30158.3,30140.1,30145.1
1688825100000,30144.9,30145.9,30136,30144.9
1688825400000,30144.6,30144.9,30137.4,30137.5
1688825700000,30138.9,30164.2,30138.9,30153.5
1688826000000,30153.9,30160.6,30150.4,30153.3
1688826300000,30152.2,30160.6,30150.4,30159.3
1688826600000,30158.6,30164.7,30146.7,30149
1688826900000,30148.9,30168.9,30148.9,30168.8
1688827200000,30168.6,30169.7,30160.5,30169.3
1688827500000,30169.7,30173.3,30162.8,30166.2
1688827800000,30166.3,30167,30140,30142.5
1688828100000,30141.3,30149,30141.1,30149
1688828400000,30149.9,30152.8,30128.9,30132.7
1688828700000,30132,30140.1,30114.9,30122.6
1688829000000,30121.2,30132.5,30120.2,30124.4
1688829300000,30125.9,30140.5,30125.9,30139.7
1688829600000,30139.8,30152,30139.8,30150.6
1688829900000,30152.1,30154.4,30149.5,30150.7
1688830200000,30150.2,30158.8,30147.8,30157.3
1688830500000,30158.7,30160.3,30154.9,30155.8
1688830800000,30155.5,30164.6,30153.3,30164.3
1688831100000,30164.4,30164.4,30146.1,30152.2
1688831400000,30152.2,30152.2,30142.4,30144.5
1688831700000,30144.1,30149,30140.5,30146.5
1688832000000,30146.1,30185.7,30145.9,30185.6
1688832300000,30185.3,30185.3,30165.4,30168.9
1688832600000,30169.1,30170.5,30166.3,30170.5
1688832900000,30173.1,30188.2,30173,30185
1688833200000,30185.5,30186.7,30166.8,30169.4
1688833500000,30172.7,30175.7,30152.5,30161.6
1688833800000,30162.9,30168.1,30155.4,30157.1
1688834100000,30157.4,30207.8,30144.5,30203.4
1688834400000,30205.5,30259.3,30185.6,30221.7
1688834700000,30220.9,30241.1,30219.3,30223.3
1688835000000,30222.5,30222.5,30199.5,30203.4
1688835300000,30201.7,30201.7,30182.5,30192.8
1688835600000,30193.6,30200,30180.1,30198
1688835900000,30197.8,30197.8,30188.1,30193.8
1688836200000,30193.7,30207.2,30192.8,30192.8
1688836500000,30191.3,30215.1,30184.4,30212.3
1688836800000,30215.2,30221.4,30206.1,30211
1688837100000,30211.4,30214.6,30189.7,30192.7
1688837400000,30192.6,30200.3,30184.2,30188.6
1688837700000,30188.4,30191.9,30180.8,30182.8
1688838000000,30182.4,30192.9,30178.7,30187.5
1688838300000,30186.6,30204.3,30186.2,30199.2
1688838600000,30198.8,30205.7,30193,30203.9
1688838900000,30205.5,30213.6,30190.1,30192.7
1688839200000,30192.7,30192.7,30169,30175.9
1688839500000,30175.7,30176.3,30154.9,30158.5
1688839800000,30158.4,30158.4,30143.2,30151.4
1688840100000,30152.3,30152.9,30138.4,30150.1
1688840400000,30151.1,30152.9,30146.2,30147.6
1688840700000,30146.6,30149.8,30141.8,30146.5
1688841000000,30147.6,30159.9,30147.6,30157.9
1688841300000,30157.2,30159.9,30149.6,30157.1
1688841600000,30157.6,30158.4,30146.1,30150.2
1688841900000,30149.8,30150.7,30130.3,30136.9
1688842200000,30136.2,30138.8,30126,30138.2
1688842500000,30137.4,30141.8,30137.4,30138.5
1688842800000,30140.4,30142.8,30127.3,30134.4
1688843100000,30134.3,30137.4,30127.5,30136.2
1688843400000,30136.1,30136.1,30123.3,30128.6
1688843700000,30127.8,30131.4,30103.9,30116.9
1688844000000,30117,30117,29983.8,30024.7
1688844300000,30026.2,30074,30024.9,30052
1688844600000,30047.8,30052.4,30011.8,30037.8
1688844900000,30038.3,30066.2,30038.3,30058.9
1688845200000,30058.4,30067.7,30056.2,30064.5
1688845500000,30063.5,30066.6,30043,30058.1
1688845800000,30057.2,30073.3,30053,30065.8
1688846100000,30065,30065,30044.9,30048.8
1688846400000,30048.2,30065,30034.9,30036.7
1688846700000,30037.1,30040.1,30025.9,30026.1
1688847000000,30026.8,30061.5,29992.7,30051.1
1688847300000,30052.2,30055.4,30017.6,30023
1688847600000,30025.2,30062.3,30023,30052.6
1688847900000,30052.6,30070,30047.6,30051.8
1688848200000,30051.7,30079.9,30033.6,30069.1
1688848500000,30068.7,30068.8,30054.6,30054.8
1688848800000,30054.7,30072.6,30053.2,30057.5
1688849100000,30057.4,30079.4,30049.5,30071.6
1688849400000,30072,30091.9,30071.4,30089.7
1688849700000,30089.6,30105.8,30089.5,30096.6
1688850000000,30098.2,30131.2,30096.9,30129
1688850300000,30129.2,30129.2,30117.1,30127.5
1688850600000,30127.4,30131.3,30125.1,30131.3
1688850900000,30131.4,30131.8,30121.5,30130.2
1688851200000,30130.4,30140.7,30129.7,30135.8
1688851500000,30136,30165.9,30136,30164.9
1688851800000,30164.8,30166.9,30152,30156.4
1688852100000,30158.9,30169,30157.4,30159.6
1688852400000,30159.6,30161.2,30144.9,30154.6
1688852700000,30154.5,30157.5,30150.2,30156.9
1688853000000,30156.8,30159,30149.7,30157.4
1688853300000,30157.3,30159.6,30151.9,30159.2
1688853600000,30127.7,30159.6,30127.7,30150.7
1688853900000,30149.4,30162.2,30140,30158.8
1688854200000,30158.9,30165.5,30157,30164
1688854500000,30163.8,30164.1,30149,30153.4
1688854800000,30153.1,30156.1,30142.2,30151.9
1688855100000,30151.5,30152,30139,30146.2
1688855400000,30146.2,30152.9,30146.2,30152
1688855700000,30152.1,30168.3,30148.2,30167.3
1688856000000,30169.5,30171.4,30162.6,30166.2
1688856300000,30166.4,30183.2,30162.6,30182.7
1688856600000,30182.6,30194.1,30177.3,30193.9
1688856900000,30193.8,30195.9,30190.6,30194.2
1688857200000,30194.3,30220.5,30191.8,30217.3
1688857500000,30217.7,30222.8,30213.5,30213.5
1688857800000,30217.7,30228,30215.6,30222.1
1688858100000,30222,30223.8,30213.6,30222.3
1688858400000,30222.2,30230,30219.6,30219.6
1688858700000,30224.4,30230.9,30223.8,30227.8
1688859000000,30227.9,30228.7,30222.2,30227.8
1688859300000,30228,30231.5,30215.6,30215.7
1688859600000,30215.6,30215.8,30191.3,30208.2
1688859900000,30208.5,30225.5,30208.3,30219
1688860200000,30219.1,30240.9,30217.7,30237.2
1688860500000,30237.3,30263.3,30220.2,30260.3
1688860800000,30260.4,30282.6,30248.5,30250.7
1688861100000,30250.1,30258.4,30242.6,30248.6
1688861400000,30248.4,30248.4,30233.6,30238.2
1688861700000,30238.1,30247.6,30238.1,30246.4
1688862000000,30246.2,30246.3,30231.5,30238.1
1688862300000,30238.2,30239.6,30225.5,30230.9
1688862600000,30231,30280.6,30231,30279.6
1688862900000,30279.4,30290.6,30264.6,30276.6
1688863200000,30276.7,30284.7,30275.1,30281.9
1688863500000,30281.4,30285.5,30263.4,30284.6
1688863800000,30284.5,30318.7,30280.6,30303.6
1688864100000,30303.3,30318.3,30297.6,30314.1
1688864400000,30314.9,30360.1,30313.8,30349.6
1688864700000,30349.2,30362.8,30327.6,30360.1
1688865000000,30360.6,30372.7,30351,30359.7
1688865300000,30359.9,30372.9,30323.3,30331.6
1688865600000,30331.8,30337.5,30328.2,30336.9
1688865900000,30335.9,30337.9,30329.9,30334.2
1688866200000,30334.3,30336.6,30321.1,30331.7
1688866500000,30332.4,30334.9,30281.9,30281.9
1688866800000,30281,30295.6,30270.7,30294.7
1688867100000,30294.9,30302.5,30288.9,30302.5
1688867400000,30302.3,30307.1,30302.3,30304.2
1688867700000,30304.3,30305,30298.8,30304.8
1688868000000,30305,30314,30304.9,30313.6
1688868300000,30313.5,30321.1,30308.6,30318.6
1688868600000,30318.5,30324.1,30316,30320.7
1688868900000,30321,30332.6,30310.3,30310.3
1688869200000,30310.4,30326.3,30309.7,30316.8
1688869500000,30315,30315.7,30280.7,30289.8
1688869800000,30289.9,30295.6,30271.3,30279.5
1688870100000,30281.5,30281.5,30257.1,30257.5
1688870400000,30257.8,30262.1,30245.6,30253.6
1688870700000,30253.8,30269.8,30253.6,30264.5
1688871000000,30264.8,30272.2,30258.5,30270.4
1688871300000,30270.5,30276.2,30267.3,30274.8
1688871600000,30274.9,30279.6,30262.2,30266.9
1688871900000,30267,30272.4,30258.7,30262
1688872200000,30262.1,30266.6,30260.7,30266
1688872500000,30265.1,30266.2,30241.6,30252.4
1688872800000,30251.6,30258.8,30250,30254
1688873100000,30253.9,30254.7,30249.6,30253.3
1688873400000,30252.9,30294.1,30251.2,30293.1
1688873700000,30293,30293.5,30287.4,30291.4
1688874000000,30291.4,30295.1,30285.8,30286.8
1688874300000,30287,30287.3,30280.9,30285.6
1688874600000,30285.1,30286,30270.2,30271.4
1688874900000,30271.1,30272.1,30256.3,30265.9
1688875200000,30265.6,30267.6,30255,30266.3
1688875500000,30265.7,30266.1,30253.8,30260.7
1688875800000,30261,30264.1,30252.8,30254.8
1688876100000,30254.7,30268.9,30251.2,30267.4
1688876400000,30267.1,30268.1,30259.4,30265.5
1688876700000,30265.6,30267.8,30260.7,30267.7
1688877000000,30267.6,30267.6,30254.6,30262.8
1688877300000,30262.9,30265.7,30252.5,30260
1688877600000,30259.8,30265.2,30252.4,30265.2
1688877900000,30265.1,30271,30255.5,30270.9
1688878200000,30270.9,30272.2,30254.7,30261
1688878500000,30260.9,30263.2,30253.4,30257.1
1688878800000,30257.5,30264.2,30257.5,30263.8
1688879100000,30263.2,30265.7,30257,30265.3
1688879400000,30264.4,30275.2,30261,30275
1688879700000,30275,30275.1,30269,30272.6
1688880000000,30272.5,30273.4,30261.4,30265.6
1688880300000,30265.5,30267.7,30248.2,30258.3
1688880600000,30258.1,30265.2,30254.9,30264.3
1688880900000,30264.4,30270.8,30262.8,30266.3
1688881200000,30266.1,30271.4,30257.9,30258.1
1688881500000,30258.2,30260.3,30246.1,30254.4
1688881800000,30254.5,30257.2,30235.1,30242.8
1688882100000,30243.9,30248.8,30237.6,30244.8
1688882400000,30244.6,30246.2,30231.3,30238.4
1688882700000,30238.3,30241.3,30225.3,30230.5
1688883000000,30229.2,30235.9,30228.5,30235.4
1688883300000,30235.3,30235.4,30219.7,30224.6
1688883600000,30224.5,30225.1,30211,30220
1688883900000,30220.6,30225.7,30220.6,30224.5
1688884200000,30224.2,30224.2,30211.8,30215.4
1688884500000,30215.3,30235.1,30214.1,30233.1
1688884800000,30233.3,30238.4,30230.1,30235.6
1688885100000,30235.6,30237.6,30229.2,30233.3
1688885400000,30233.1,30235.4,30203.8,30233.3
1688885700000,30233,30233,30218.3,30228.3
1688886000000,30228.2,30228.8,30211.9,30216.4
1688886300000,30216.4,30243.9,30213.7,30243.4
1688886600000,30243.5,30254,30239.2,30253.3
1688886900000,30253.4,30253.6,30246.4,30248.7
1688887200000,30217.1,30248.7,30217.1,30244.3
1688887500000,30244.7,30246,30208.8,30240
1688887800000,30240.1,30245.1,30231.9,30234.1
1688888100000,30234,30234.1,30225.3,30225.3
1688888400000,30225.2,30233.2,30217.8,30232.6
1688888700000,30232.9,30233.2,30225.3,30231
1688889000000,30230.9,30233.4,30229,30233
1688889300000,30233.1,30238.9,30229.5,30238
1688889600000,30237.9,30245.6,30234.8,30245
1688889900000,30245.1,30259.2,30245.1,30258.2
1688890200000,30258.3,30267.2,30255.8,30267.1
1688890500000,30266.9,30267.9,30258.1,30261.8
1688890800000,30261.9,30262.2,30258.3,30261.3
1688891100000,30224.1,30260.9,30221.1,30260.3
1688891400000,30260.4,30263.7,30254.2,30263.4
1688891700000,30260.7,30268.6,30260.7,30268.3
1688892000000,30268.4,30280.5,30262.7,30266.7
1688892300000,30266.4,30274.1,30259.9,30273.6
1688892600000,30273.7,30276.5,30239.5,30273
1688892900000,30273.9,30277.3,30272.5,30276.6
1688893200000,30276.5,30278.2,30269.8,30275
1688893500000,30274.9,30275.4,30259.8,30266.9
1688893800000,30266.8,30266.9,30245,30252.2
1688894100000,30252.4,30257.9,30249.9,30257.6
1688894400000,30257.7,30259.5,30250,30255.5
1688894700000,30222.6,30263,30222.6,30261.4
1688895000000,30261.7,30262.5,30221.9,30232.7
1688895300000,30232.6,30239,30227.8,30239
1688895600000,30239.3,30240.5,30233.8,30240.1
1688895900000,30234.3,30249.8,30234.2,30248.5
1688896200000,30248.4,30250.4,30243.3,30250.4
1688896500000,30250.3,30251,30218.1,30249.2
1688896800000,30249.3,30257.2,30220.4,30256
1688897100000,30255.8,30257.5,30248.5,30251.9
1688897400000,30252,30253.5,30248.8,30249.9
1688897700000,30249.1,30249.2,30197.7,30243.3
1688898000000,30242.2,30245.3,30205.4,30236.9
1688898300000,30236.7,30247.7,30236.7,30247.7
1688898600000,30247,30265.4,30239.6,30257.4
1688898900000,30260,30260,30252.9,30255.8
1688899200000,30255.9,30272,30251.2,30268.3
1688899500000,30269.8,30269.8,30251.6,30258.8
1688899800000,30257.7,30258,30250.4,30257.6
1688900100000,30257.5,30258,30241.9,30243.5
1688900400000,30242.5,30247,30229.8,30244.1
1688900700000,30243.8,30243.8,30221.7,30230.6
1688901000000,30229,30231.2,30219.1,30230.5
1688901300000,30230.6,30243.9,30221.6,30242.8
1688901600000,30242.9,30246.3,30241.3,30246.2
1688901900000,30246.6,30247.9,30241.4,30247.1
1688902200000,30247.7,30248.2,30243.5,30246.9
1688902500000,30242,30247,30210.6,30238.5
1688902800000,30238.7,30253.5,30232.9,30250.8
1688903100000,30250.9,30260.1,30250.9,30254.3
1688903400000,30254.2,30255.3,30236,30245.4
1688903700000,30245.7,30247.7,30241,30247.7
1688904000000,30247.1,30249.6,30243,30249.2
1688904300000,30249.1,30249.8,30237.5,30249.5
1688904600000,30249.8,30250.5,30231.6,30236
1688904900000,30236.1,30237.2,30227.4,30236.8
1688905200000,30236.7,30253.2,30233.6,30253.2
1688905500000,30253.2,30261.1,30249.3,30258.3
1688905800000,30258.5,30307.1,30255.4,30291.5
1688906100000,30291.5,30303.5,30275.7,30294.8
1688906400000,30294.9,30294.9,30276.8,30284.8
1688906700000,30284.9,30291.5,30276.6,30291.5
1688907000000,30291.4,30322.7,30291.4,30311.4
1688907300000,30311.5,30313.3,30300.7,30306.1
1688907600000,30308,30322.9,30297.8,30308.4
1688907900000,30306,30323.2,30305.1,30321.8
1688908200000,30321.9,30322.9,30301.3,30310.4
1688908500000,30310.5,30312,30284.2,30294.6
1688908800000,30294.5,30297.3,30282.6,30284.2
1688909100000,30283,30290.9,30278.5,30290.7
1688909400000,30282.5,30291.3,30274.9,30290.6
1688909700000,30290.7,30291.5,30272.7,30282.2
1688910000000,30282.1,30287.8,30267.2,30284.6
1688910300000,30284.7,30284.7,30266.1,30270
1688910600000,30270.5,30277.5,30239.6,30241.9
1688910900000,30239.8,30249,30235.2,30242.5
1688911200000,30243.6,30244.5,30207.5,30225
1688911500000,30224.7,30224.7,30166.5,30179
1688911800000,30178.9,30199.8,30170.6,30190.4
1688912100000,30190.7,30200.3,30175.8,30198.1
1688912400000,30199.9,30210.9,30184.2,30210.3
1688912700000,30210.4,30226.2,30207.1,30213.3
1688913000000,30213.1,30262.7,30213,30262
1688913300000,30262.1,30407.2,30262,30345.6
1688913600000,30345.5,30375.2,30280,30302.5
1688913900000,30302.5,30345.8,30293.5,30293.5
1688914200000,30293.6,30313.2,30260.1,30302.4
1688914500000,30302.5,30336.7,30302.2,30313.3
1688914800000,30313,30332.5,30306.7,30332.5
1688915100000,30332.6,30361.7,30331.7,30337.5
1688915400000,30337.5,30338.3,30275.4,30286.1
1688915700000,30285.8,30288.4,30257.2,30286.9
1688916000000,30289.5,30344.1,30289.5,30331.5
1688916300000,30331.2,30337.4,30318,30321.8
1688916600000,30321.7,30334,30318.3,30318.3
1688916900000,30318.9,30326,30315.1,30320.7
1688917200000,30320.6,30334.4,30320,30330.3
1688917500000,30329.7,30343.2,30318.3,30326.3
1688917800000,30326.1,30329.3,30315.5,30317.8
1688918100000,30317.7,30334.9,30312.3,30327.4
1688918400000,30327.6,30329.7,30302,30310.6
1688918700000,30311.3,30311.6,30299.2,30302.9
1688919000000,30303,30303.1,30281.3,30291.9
1688919300000,30289.3,30291,30268,30274.3
1688919600000,30273.7,30284.1,30265.7,30279.8
1688919900000,30279.7,30281.2,30263,30271.6
1688920200000,30271.8,30282.3,30271.7,30279.2
1688920500000,30279.1,30289.2,30275.4,30288.6
1688920800000,30288.4,30288.4,30273.8,30280.5
1688921100000,30280.6,30280.7,30265.8,30275.9
1688921400000,30275.5,30277.4,30261.1,30271
1688921700000,30270.7,30271.1,30257.6,30269.6
1688922000000,30269.3,30270.2,30205,30264.3
1688922300000,30264.7,30264.9,30258.1,30263.5
1688922600000,30263.4,30263.4,30237.7,30247.8
1688922900000,30247.9,30254.4,30233.4,30234.1
1688923200000,30234.2,30250.6,30229.3,30247.1
1688923500000,30247,30252.8,30232.5,30244.1
1688923800000,30245.4,30248.5,30241.1,30246.4
1688924100000,30246.2,30249.9,30207.8,30208.3
1688924400000,30208.8,30250.4,30207.8,30237.3
1688924700000,30237.4,30254.3,30237.1,30244.3
1688925000000,30244.1,30264.4,30239.2,30263.7
1688925300000,30263.8,30267.9,30259.8,30259.8
1688925600000,30263.6,30274.4,30261.9,30271.6
1688925900000,30271.5,30275.8,30260.4,30275.2
1688926200000,30276,30278.1,30253.5,30259.6
1688926500000,30261.5,30264.7,30246.6,30252.1
1688926800000,30252.2,30254.7,30236.8,30243
1688927100000,30242.9,30244.5,30238.4,30243.7
1688927400000,30243.6,30244.4,30234.7,30239.8
1688927700000,30239.9,30250.5,30238.5,30245.6
1688928000000,30245.8,30249,30241.7,30248.2
1688928300000,30248.1,30249.7,30239.1,30246.7
1688928600000,30246.6,30247,30234.1,30241.6
1688928900000,30241.5,30245.8,30227.1,30233.5
1688929200000,30233.4,30242.6,30192.8,30199.8
1688929500000,30199.7,30213,30194.7,30195.2
1688929800000,30195.1,30200.3,30186.4,30195.5
1688930100000,30195.6,30213.2,30193.2,30211.9
1688930400000,30211.8,30213.6,30207.6,30211.9
1688930700000,30212,30233.5,30208.7,30229
1688931000000,30229.2,30229.6,30221.3,30224.5
1688931300000,30224.7,30224.7,30205.8,30223.7
1688931600000,30223.6,30238.1,30220.6,30233.9
1688931900000,30234.1,30234.4,30225.8,30227.6
1688932200000,30227.5,30227.7,30219.5,30221
1688932500000,30220.9,30222.2,30212.2,30217.1
1688932800000,30218.4,30218.7,30180.3,30209.3
1688933100000,30209.1,30211.8,30204.9,30210.5
1688933400000,30210.4,30223.4,30205.8,30209.7
1688933700000,30209.5,30221.5,30198.3,30220.9
1688934000000,30220.6,30220.7,30207.9,30209.8
1688934300000,30210.6,30210.6,30194.9,30197.2
1688934600000,30197.1,30197.1,30098.2,30148
1688934900000,30148.1,30180.4,30147.1,30178.7
1688935200000,30178.7,30186,30167.7,30170.4
1688935500000,30170.3,30172.8,30154.3,30160.5
1688935800000,30160.6,30180.4,30160.6,30166
1688936100000,30166.2,30169.9,30152.6,30168.9
1688936400000,30168.6,30188,30123.5,30187.5
1688936700000,30187.6,30189.7,30162.9,30162.9
1688937000000,30169.1,30181,30147.4,30147.4
1688937300000,30148,30163.5,30110,30126.8
1688937600000,30126.8,30158.9,30124.1,30155.8
1688937900000,30156.5,30186.1,30154.7,30181.9
1688938200000,30181.9,30185.4,30171,30171
1688938500000,30171.7,30182.1,30163.2,30173.9
1688938800000,30175.3,30175.7,30168.3,30170.5
1688939100000,30170.3,30170.9,30149.2,30150.7
1688939400000,30150.3,30151.4,30109.8,30114.6
1688939700000,30114.6,30122.6,30110.2,30120.1
1688940000000,30094.5,30116,30081.4,30108.9
1688940300000,30108.3,30108.3,30042.9,30068.3
1688940600000,30068.4,30069.6,30032,30055.4
1688940900000,30055.7,30113.5,30048.1,30078.6
1688941200000,30079,30098.4,30069.6,30089.1
1688941500000,30089,30102.6,30074.3,30095.9
1688941800000,30096.1,30125.9,30085.6,30124.8
1688942100000,30124.4,30145.1,30120.2,30141
1688942400000,30143.9,30169.1,30143.4,30163.9
1688942700000,30163.9,30164.7,30149.7,30163.7
1688943000000,30158.2,30173.6,30140.2,30161.5
1688943300000,30162.2,30162.4,30139.2,30145.5
1688943600000,30143.7,30162.7,30143.5,30156.6
1688943900000,30155.9,30158.4,30146.1,30154.6
1688944200000,30154.8,30155.4,30139.8,30153.4
1688944500000,30154,30154,30120.2,30123.9
1688944800000,30126,30143.8,30123.3,30134.1
1688945100000,30133.5,30143.5,30128.7,30137.3
1688945400000,30137.5,30140,30098.4,30124.8
1688945700000,30116.8,30139.4,30108,30127
1688946000000,30126.6,30128.4,30101,30117.6
1688946300000,30115.3,30123.9,30107,30122.9
1688946600000,30123.2,30141.7,30118.4,30137.2
1688946900000,30140,30141.7,30132.2,30135.4
1689033600000,30380.8,30409.3,30375.5,30393.5
1689033900000,30382.1,30398.7,30367.4,30394.1
1689034200000,30394.4,30422.2,30389.4,30411.1
1689034500000,30412.6,30473.3,30403.5,30459.2
1689034800000,30457.2,30460.9,30427.4,30445.7
1689035100000,30439.4,30446.9,30398.2,30411.7
1689035400000,30411.7,30418.2,30398.8,30406.7
1689035700000,30405.4,30407.1,30341.3,30350.3
1689036000000,30350.3,30366.1,30334.7,30345.8
1689036300000,30343.7,30369.8,30342.2,30355.8
1689036600000,30354.9,30362,30335.9,30350
1689036900000,30350.3,30394.6,30346.1,30388.7
1689037200000,30388.1,30409.8,30372.3,30381.1
1689037500000,30385.6,30428.1,30380.4,30419.6
1689037800000,30417.3,30449.6,30410.5,30425.3
1689038100000,30432.3,30445.3,30421.7,30438.2
1689038400000,30436,30440.2,30424.6,30433.6
1689038700000,30434,30466.8,30431.4,30456.6
1689039000000,30455.4,30514.6,30454.9,30491
1689039300000,30491,30493.8,30474.6,30486.3
1689039600000,30486.9,30509.2,30479.4,30499.3
1689039900000,30499.1,30528.7,30492.3,30522.5
1689040200000,30521.3,30554,30519.2,30522.9
1689040500000,30522.9,30566.6,30522.9,30555.9
1689040800000,30554.4,30567.9,30512.6,30524
1689041100000,30523.2,30524,30505.7,30513.6
1689041400000,30511.3,30514.7,30507.1,30514.1
1689041700000,30513.6,30514.7,30491.8,30501.3
1689042000000,30509.7,30509.7,30495.7,30504
1689042300000,30508.4,30509.3,30471.1,30480.4
1689042600000,30480.4,30491.7,30472.1,30480
1689042900000,30479.3,30501.6,30472.6,30495.5
1689043200000,30494,30496.1,30455.4,30473.5
1689043500000,30467,30482.3,30462.1,30472.3
1689043800000,30472.2,30472.3,30440.6,30456.3
1689044100000,30447.3,30466.7,30436.1,30456.2
1689044400000,30455.9,30466.7,30445.6,30451.1
1689044700000,30449.5,30451.7,30443.5,30451.7
1689045000000,30444,30451.7,30437.6,30447.3
1689045300000,30450.6,30451.7,30424.2,30432.9
1689045600000,30440.7,30442.7,30411.1,30412.1
1689045900000,30415.1,30417.1,30374.3,30394.9
1689046200000,30395.3,30426.3,30388.2,30425.4
1689046500000,30425.5,30434.6,30412.8,30432.8
1689046800000,30434.5,30436.3,30412.5,30431.8
1689047100000,30430,30439.5,30418.7,30420.7
1689047400000,30421.7,30438.3,30420.7,30422.6
1689047700000,30423.2,30458.1,30422.6,30443
1689048000000,30442.7,30466.6,30442.7,30465.2
1689048300000,30466.6,30468.9,30456.5,30458.7
1689048600000,30460.7,30467,30454.8,30460.3
1689048900000,30460.7,30466.5,30444.9,30458.2
1689049200000,30450.6,30461.1,30448.5,30455.1
1689049500000,30460.7,30460.7,30439.7,30446.3
1689049800000,30446.4,30460.7,30439.7,30450.6
1689050100000,30450.7,30451.2,30424.2,30435.9
1689050400000,30440.9,30443.4,30419.2,30428.5
1689050700000,30428.8,30437.5,30422.3,30436.6
1689051000000,30438.1,30440.6,30406.4,30415.1
1689051300000,30421.1,30424.7,30410.6,30413.3
1689051600000,30418.2,30424.7,30404.1,30414.8
1689051900000,30414.8,30424.7,30405.1,30423.1
1689052200000,30424.1,30424.2,30410.6,30415.3
1689052500000,30413.4,30421.4,30404.6,30417.8
1689052800000,30417.6,30426.6,30417.6,30426.6
1689053100000,30424.3,30442.9,30420.5,30430.4
1689053400000,30431.1,30431.1,30421.6,30426.7
1689053700000,30426.4,30437.6,30422.4,30426.3
1689054000000,30427,30428.1,30412.3,30413.8
1689054300000,30415.7,30431.4,30414,30431.1
1689054600000,30430.2,30436.6,30413.5,30415.2
1689054900000,30413.6,30431.4,30413.6,30425.8
1689055200000,30425,30463.9,30419.5,30459.6
1689055500000,30459,30483.5,30451.1,30483.1
1689055800000,30482.2,30515.5,30481.8,30505.8
1689056100000,30505.1,30508.3,30469.3,30474.7
1689056400000,30474.4,30479.5,30465.7,30478.3
1689056700000,30477.3,30513.4,30473.6,30510.9
1689057000000,30511.9,30575.7,30511.9,30549.6
1689057300000,30549.5,30560.9,30539.1,30540.9
1689057600000,30540.3,30541.6,30527.6,30539.3
1689057900000,30540.4,30558,30517.7,30551.1
1689058200000,30551,30620.9,30550.6,30569.2
1689058500000,30576.3,30610.6,30568.7,30601.8
1689058800000,30600.8,30611.2,30553.8,30562.4
1689059100000,30562.5,30619.8,30562.5,30594.6
1689059400000,30595.7,30595.7,30562.2,30577.7
1689059700000,30567.3,30577.7,30537.4,30559.7
1689060000000,30557.1,30559.7,30530.8,30549.7
1689060300000,30550.7,30568.5,30548.9,30548.9
1689060600000,30548.4,30559.7,30524.5,30530.2
1689060900000,30530.3,30536.1,30524.7,30532.1
1689061200000,30529.3,30536.3,30521.6,30532.7
1689061500000,30531.2,30533.7,30517.8,30522.3
1689061800000,30521.9,30547.5,30516.6,30524.5
1689062100000,30524.2,30524.5,30506.1,30509.3
1689062400000,30509.6,30523.6,30507,30516.8
1689062700000,30518.3,30534.3,30515.7,30530.3
1689063000000,30528.8,30536.6,30525.3,30532.6
1689063300000,30532.3,30533.5,30516.4,30522.1
1689063600000,30521.2,30522.1,30494.8,30514.7
1689063900000,30513.8,30514.7,30503.1,30514.3
1689064200000,30512.8,30514.7,30493.7,30504.3
1689064500000,30504,30509.8,30474,30496.7
1689064800000,30496.7,30505.7,30478.7,30503.3
1689065100000,30503.9,30503.9,30482.2,30493.9
1689065400000,30484.5,30496.7,30483.1,30483.9
1689065700000,30483.3,30500.1,30471.3,30478.7
1689066000000,30470.6,30478.7,30460.6,30474.5
1689066300000,30475,30478.9,30465.4,30473
1689066600000,30472.1,30474.1,30446.8,30449
1689066900000,30450.7,30451.7,30410.3,30413.3
1689067200000,30413.5,30413.5,30319,30337
1689067500000,30337,30390.3,30336.7,30387
1689067800000,30389.1,30391.9,30348.8,30352.5
1689068100000,30351.7,30363.1,30337.5,30357
1689068400000,30356.8,30383.7,30349.8,30371.1
1689068700000,30373.2,30373.2,30354.5,30366.5
1689069000000,30364.6,30392.1,30361.2,30389.2
1689069300000,30390,30419.4,30383.2,30417.3
1689069600000,30416.5,30417.7,30403.7,30408.2
1689069900000,30408.2,30408.2,30389.9,30398.8
1689070200000,30398,30399.9,30373,30392.8
1689070500000,30390.5,30402.5,30388.6,30402.5
1689070800000,30402,30402.5,30377.7,30381.6
1689071100000,30381.7,30388.8,30355.7,30373.2
1689071400000,30373.6,30373.6,30345.5,30362.2
1689071700000,30361.6,30370,30355.7,30363.8
1689072000000,30362.8,30391,30362.6,30389
1689072300000,30390.2,30391.1,30370.7,30371.9
1689072600000,30371.5,30372.2,30365.4,30367.7
1689072900000,30367.9,30368.1,30359.2,30365.8
1689073200000,30365.4,30376.9,30365.2,30374.3
1689073500000,30374.4,30379.6,30367.2,30372.9
1689073800000,30374.5,30376.6,30362.9,30365.8
1689074100000,30365.2,30384.2,30360.8,30382.2
1689074400000,30381.7,30402.8,30378.6,30401.8
1689074700000,30402.6,30406.1,30399.5,30404.4
1689075000000,30404.4,30424.5,30400.9,30416.6
1689075300000,30416.7,30416.7,30376.3,30385.1
1689075600000,30387,30391.2,30370,30386.1
1689075900000,30379.7,30388.7,30368.8,30378.3
1689076200000,30379.2,30383.4,30372.8,30379.7
1689076500000,30379.7,30379.7,30375.4,30377.7
1689076800000,30379.2,30379.7,30365.7,30378.1
1689077100000,30371.3,30373.3,30361.3,30370.9
1689077400000,30369.8,30370.9,30353,30358.9
1689077700000,30363.8,30382.6,30358.1,30370
1689078000000,30370.1,30370.2,30360.8,30368.8
1689078300000,30368.2,30369.8,30357.8,30369.3
1689078600000,30369.3,30406.7,30369.2,30399.5
1689078900000,30400.2,30405.9,30381,30381.9
1689079200000,30381.2,30390.4,30379.3,30380.3
1689079500000,30380.2,30380.3,30366.9,30367.4
1689079800000,30366.3,30396.7,30362.8,30396.7
1689080100000,30395.4,30404.5,30388.3,30398.9
1689080400000,30398.6,30407,30387.8,30401.9
1689080700000,30399.1,30399.7,30394,30398.9
1689081000000,30398.5,30398.9,30386.5,30393.3
1689081300000,30392.3,30393.3,30375.9,30379.7
1689081600000,30378.5,30379.7,30365.4,30365.4
1689081900000,30365.1,30380.2,30364.9,30376.9
1689082200000,30378.4,30440,30377.5,30437.8
1689082500000,30437.6,30460.3,30420,30458.9
1689082800000,30458.2,30462.9,30282.5,30344.3
1689083100000,30343.7,30407.7,30342.5,30387.5
1689083400000,30388.3,30392.5,30362.8,30387.7
1689083700000,30387.5,30420.9,30386.4,30414.3
1689084000000,30414.9,30464,30403,30403.6
1689084300000,30403.5,30403.6,30363.4,30370.8
1689084600000,30371.9,30407.5,30370.8,30379.7
1689084900000,30378.8,30385.5,30351.5,30366.9
1689085200000,30367,30442.1,30364.5,30436.5
1689085500000,30436.5,30510.2,30421.3,30479.5
1689085800000,30479.6,30522.5,30468.7,30504.8
1689086100000,30500.5,30505.7,30462.2,30484
1689086400000,30486.5,30511.6,30468.3,30502
1689086700000,30501.2,30564.6,30491.2,30559.3
1689087000000,30559.5,30562.9,30525.4,30540.5
1689087300000,30528.1,30541.7,30480.8,30500.3
1689087600000,30500.2,30527.7,30493.5,30526.5
1689087900000,30526.7,30540.1,30511.8,30524.6
1689088200000,30522.3,30590.1,30522.3,30588.7
1689088500000,30596.4,30779.1,30592.8,30723.7
1689088800000,30720.6,30721.7,30632.6,30635
1689089100000,30635,30635.8,30520.3,30526.5
1689089400000,30534.6,30544.6,30463,30530.6
1689089700000,30531.8,30586.9,30525.3,30562.2
1689090000000,30565.6,30609.1,30562.7,30571.4
1689090300000,30571.3,30571.4,30515.3,30528.3
1689090600000,30528.1,30543.9,30522.5,30540.6
1689090900000,30540.6,30568.3,30537.3,30565.7
1689091200000,30565,30602.2,30565,30576
1689091500000,30567.3,30577.9,30514.1,30527.8
1689091800000,30527.6,30537.6,30522.7,30532.9
1689092100000,30532.4,30549.9,30484.2,30490
1689092400000,30489.2,30503.3,30480.4,30490.2
1689092700000,30491.1,30518.7,30484.6,30503.1
1689093000000,30503.2,30532.5,30488.6,30522.8
1689093300000,30524.3,30540.1,30522.7,30533.5
1689093600000,30533.4,30586.7,30529,30572.9
1689093900000,30573,30592.1,30570,30587.6
1689094200000,30589,30667.2,30585.8,30657.3
1689094500000,30657.4,30658.7,30611.8,30621.1
1689094800000,30621.7,30624,30576.5,30594.5
1689095100000,30588.2,30639.4,30582.2,30628.1
1689095400000,30627.8,30631,30588.4,30603.5
1689095700000,30597.4,30608.2,30574.4,30586.7
1689096000000,30586,30586.7,30574.6,30582.5
1689096300000,30582.5,30627.2,30572.9,30615.7
1689096600000,30615.8,30619.6,30592.5,30598.9
1689096900000,30599.1,30627.7,30597.1,30608.1
1689097200000,30608.4,30609.2,30586.5,30601.4
1689097500000,30592.7,30602.8,30566.7,30571
1689097800000,30572.7,30572.7,30525,30528.4
1689098100000,30536.7,30550.6,30522.8,30549.1
1689098400000,30549.2,30550,30526.5,30529.3
1689098700000,30528.6,30531.3,30518.4,30518.7
1689099000000,30520,30534.1,30511.4,30529.4
1689099300000,30529.6,30530,30508.5,30509.5
1689099600000,30509.3,30510,30484.6,30494.6
1689099900000,30489.5,30496.7,30458,30466.1
1689100200000,30469,30469.7,30417.5,30435.2
1689100500000,30434.8,30435.6,30380.5,30402.9
1689100800000,30403.1,30467.1,30401.7,30456.5
1689101100000,30454.6,30474.3,30422,30433.4
1689101400000,30434.4,30452.4,30430.5,30451.4
1689101700000,30450.3,30458.9,30436.6,30455.2
1689102000000,30455.3,30463.6,30440.2,30461
1689102300000,30461,30465.2,30441.9,30460.7
1689102600000,30459,30470.9,30435.9,30469.9
1689102900000,30469.5,30500.3,30456.8,30488.8
1689103200000,30488.4,30513.9,30484.7,30501.2
1689103500000,30502.1,30544,30502.1,30528.7
1689103800000,30529.4,30535.5,30512.2,30521.7
1689104100000,30520.5,30526.9,30503.2,30504.2
1689104400000,30503.9,30519.4,30493.7,30514.4
1689104700000,30514.1,30544.8,30514.1,30544.4
1689105000000,30542.6,30553.7,30535.5,30550.8
1689105300000,30550.6,30558,30538.8,30553.5
1689105600000,30556.1,30578.7,30555.8,30567.8
1689105900000,30567.7,30603.6,30558.7,30589.9
1689106200000,30590.4,30594.9,30583.4,30585
1689106500000,30589.9,30591.1,30563,30571.9
1689106800000,30572,30576,30570.2,30572.6
1689107100000,30572.4,30573,30556.9,30559.6
1689107400000,30564.5,30565.7,30525,30526.9
1689107700000,30526.7,30539.2,30523.5,30535.5
1689108000000,30536.2,30540.4,30535.5,30539.7
1689108300000,30539.9,30569,30537.8,30566.7
1689108600000,30566.7,30582.3,30560.6,30566.6
1689108900000,30564.6,30566.6,30542.7,30549
1689109200000,30549,30551.9,30543.2,30551.7
1689109500000,30551.8,30552,30529.9,30530.7
1689109800000,30530.8,30530.8,30509,30509.1
1689110100000,30509.3,30509.4,30493,30499.3
1689110400000,30499.4,30499.7,30491.4,30495
1689110700000,30494.9,30499.9,30494.9,30498.6
1689111000000,30498.9,30498.9,30487,30489.3
1689111300000,30489.3,30491.8,30483.2,30488.6
1689111600000,30488.8,30497.4,30488.7,30497.4
1689111900000,30497.4,30550.5,30496.8,30532.5
1689112200000,30530.5,30530.5,30508.2,30513.5
1689112500000,30513.3,30550.9,30513.3,30537.7
1689112800000,30530,30541.2,30506.5,30535
1689113100000,30534.2,30563,30533.8,30554.6
1689113400000,30551.9,30551.9,30536.9,30541
1689113700000,30539.5,30543,30499.7,30515.5
1689114000000,30514.7,30514.9,30505.2,30514.6
1689114300000,30514.5,30514.8,30506.8,30512.2
1689114600000,30512.1,30512.2,30491.1,30500
1689114900000,30499.5,30523.7,30485.9,30501.4
1689115200000,30500.8,30504.5,30496.5,30499.5
1689115500000,30500.8,30520.3,30496.6,30517.6
1689115800000,30518.4,30535.4,30516.7,30532.6
1689116100000,30533.1,30557.5,30525.4,30551
1689116400000,30551.7,30581.2,30551.7,30571.4
1689116700000,30571.7,30575.6,30557.1,30559.7
1689117000000,30558.3,30594.2,30558.3,30583.4
1689117300000,30583.9,30605.5,30580.4,30584.2
1689117600000,30583.8,30583.9,30570.7,30577
1689117900000,30570.5,30619.9,30570.5,30619.9
1689118200000,30619.9,30619.9,30586.8,30589.8
1689118500000,30587.7,30590.7,30575.7,30579.5
1689118800000,30579.5,30590.8,30572.7,30582.4
1689119100000,30583,30586,30574.8,30582.8
1689119400000,30579.8,30595.8,30578.4,30588.5
1689119700000,30588.7,30595.2,30588,30592.4
1689120000000,30592.6,30602.9,30585,30587.5
1689120300000,30587.6,30589.7,30575.5,30580.5
1689120600000,30576.5,30580.5,30559.9,30570.6
1689120900000,30570.2,30570.6,30550,30556.2
1689121200000,30556.2,30556.2,30525.1,30541.7
1689121500000,30540.2,30541.7,30528.8,30538.4
1689121800000,30537.3,30538.4,30526.6,30533.3
1689122100000,30533.1,30545.5,30531.9,30543.1
1689122400000,30543,30550.2,30543,30546.4
1689122700000,30546.2,30546.4,30527.7,30534.3
1689123000000,30529.7,30542.3,30485.1,30493.7
1689123300000,30496,30496.7,30476.3,30492.4
1689123600000,30496.7,30499.9,30483.3,30495.8
1689123900000,30495.8,30544.1,30494.3,30522.9
1689124200000,30522.4,30555.2,30522.4,30527.1
1689124500000,30529.5,30532.7,30495.5,30515.5
1689124800000,30519.9,30520.9,30498.6,30514.4
1689125100000,30514.2,30514.7,30486.1,30496.6
1689125400000,30503.1,30505.7,30473.4,30477.1
1689125700000,30475.3,30496.7,30471.3,30486.7
1689126000000,30491.1,30514.2,30485.1,30512.3
1689126300000,30513.5,30527.3,30492,30513.4
1689126600000,30513.6,30529.9,30513.6,30515.6
1689126900000,30515.5,30516.7,30508.8,30514.7
1689127200000,30510.2,30514.7,30507.8,30513.5
1689127500000,30514,30515.7,30511.6,30512.8
1689127800000,30513.3,30518.8,30510.3,30513.9
1689128100000,30510.8,30521.9,30506.8,30519.4
1689128400000,30519.8,30544.7,30516,30542.7
1689128700000,30543.5,30547.8,30537.5,30545.6
1689129000000,30544.9,30587.8,30543.2,30583.2
1689129300000,30584.1,30591.2,30557.2,30581.8
1689129600000,30583.3,30586,30571.4,30581.2
1689129900000,30582.8,30635.3,30572.3,30614.9
1689130200000,30615.3,30615.3,30596.7,30599.2
1689130500000,30606.1,30607.5,30575.8,30577.4
1689130800000,30577.5,30579.8,30563.2,30567.6
1689131100000,30567.3,30567.6,30558.7,30564.5
1689131400000,30565.8,30567,30561,30561.1
1689131700000,30564.6,30565.5,30549.6,30564.4
1689132000000,30559.1,30581.6,30557.9,30576.9
1689132300000,30575.6,30604.6,30574.7,30599.1
1689132600000,30599.1,30599.1,30588.4,30595.7
1689132900000,30593.9,30595.7,30587.2,30593.6
1689133200000,30588.8,30593.6,30559.5,30570.1
1689133500000,30578.3,30580,30562.4,30571.9
1689133800000,30577.7,30580,30555.6,30569.7
1689134100000,30578.3,30580,30560.4,30567.4
1689134400000,30567.8,30571.4,30558.1,30558.1
1689134700000,30555.7,30559.7,30547.8,30547.8
1689135000000,30548.1,30548.6,30540.4,30542.4
1689135300000,30542.5,30567.3,30542.2,30566.9
1689135600000,30564.9,30585.9,30560.1,30582.4
1689135900000,30580.1,30586.5,30571.3,30582.8
1689136200000,30584.8,30586.3,30573.7,30578
1689136500000,30579.7,30589.8,30572.9,30578.7
1689136800000,30582.8,30582.8,30567.4,30570.9
1689137100000,30571.3,30591.7,30569.7,30591
1689137400000,30588.7,30595.2,30577.7,30593.1
1689137700000,30593.7,30608,30590.1,30607.8
1689138000000,30607.5,30608.5,30597,30599.7
1689138300000,30600.4,30601.2,30595.7,30597.1
1689138600000,30597,30616.6,30596.9,30613.5
1689138900000,30610.5,30618.6,30608.3,30616.1
1689139200000,30613.8,30646.7,30613.8,30626.1
1689139500000,30623.9,30626,30597.1,30605.7
1689139800000,30605.7,30609.6,30584,30586.5
1689140100000,30586.7,30606.3,30586,30605.2
1689140400000,30605.5,30618.2,30605.2,30616.9
1689140700000,30616.8,30639.1,30613.2,30639.1
1689141000000,30637.3,30664.2,30636.5,30638.4
1689141300000,30636.5,30638.4,30622.8,30628.4
1689141600000,30631.6,30643.8,30628.4,30637.2
1689141900000,30636.7,30652.4,30634.4,30647
1689142200000,30647.1,30647.2,30631.5,30634.1
1689142500000,30630.4,30634.1,30604.8,30616.7
1689142800000,30615.3,30636.8,30600.7,30631.3
1689143100000,30630,30758,30628.7,30712.6
1689143400000,30712.5,30743.7,30674.8,30686.4
1689143700000,30680,30762.2,30680,30722.5
1689144000000,30722.7,30723.7,30703,30707.3
1689144300000,30707.1,30718.6,30690.1,30697.5
1689144600000,30690,30698.8,30681.4,30690.2
1689144900000,30689,30690.2,30683.9,30690.2
1689145200000,30690,30732.2,30684.9,30727.9
1689145500000,30727.3,30737.4,30690.5,30694.4
1689145800000,30693.8,30706.5,30692.1,30694.1
1689146100000,30692.1,30725,30692.1,30725
1689146400000,30721.6,30743.3,30719.5,30729.4
1689146700000,30730.4,30767.7,30729.4,30755.5
1689147000000,30759.7,30814.4,30744.7,30792.2
1689147300000,30791.8,30792.5,30760.6,30767.5
1689147600000,30766.7,30787.6,30759.4,30776
1689147900000,30776.7,30793.3,30776.7,30785.6
1689148200000,30782.9,30794.9,30780.7,30787.5
1689148500000,30788.5,30789,30705.2,30711.3
1689148800000,30711.6,30730.8,30700.3,30709.4
1689149100000,30709.7,30721.7,30707.4,30707.9
1689149400000,30708.4,30715.7,30704.9,30715.1
1689149700000,30714.1,30715.1,30704.4,30712.7
1689150000000,30711.5,30712.7,30686.7,30706.3
1689150300000,30697.5,30706.3,30684.3,30688.4
1689150600000,30693.5,30695.7,30676.3,30684.2
1689150900000,30692.7,30694.4,30662.2,30670.4
1689151200000,30670.4,30676.7,30648.6,30655.8
1689151500000,30660.8,30680.5,30655.8,30674.8
1689151800000,30675.9,30693,30672.1,30689.4
1689152100000,30688.9,30703.9,30683.6,30702.5
1689152400000,30703.2,30726.7,30698.1,30726.2
1689152700000,30725.2,30725.2,30710.5,30710.7
1689153000000,30703.6,30708.9,30691.9,30691.9
1689153300000,30692.1,30693.4,30685.8,30685.9
1689153600000,30685.8,30688.9,30666.2,30676
1689153900000,30676.3,30676.3,30658.4,30666.8
1689154200000,30671.9,30677.1,30668.3,30671.7
1689154500000,30671.4,30679.8,30671.2,30679.3
1689154800000,30679.7,30707.8,30675.8,30706.7
1689155100000,30705.4,30709.2,30688.4,30700.4
1689155400000,30701.6,30706,30698.6,30704.3
1689155700000,30702.4,30704.7,30691.8,30696.1
1689156000000,30696.3,30696.6,30684.3,30685
1689156300000,30685.3,30685.3,30670.4,30672.9
1689156600000,30673.1,30688.4,30665.3,30684.5
1689156900000,30683.9,30684.5,30668.3,30681.8
1689157200000,30682.5,30683.8,30676.7,30678.2
1689157500000,30682.2,30683.8,30672.7,30682.9
1689157800000,30678.3,30683.8,30657.6,30659.6
1689158100000,30659.1,30672,30657.3,30669.3
1689158400000,30671.5,30672,30664.4,30668.6
1689158700000,30668.1,30668.6,30640.1,30649.1
1689159000000,30650.3,30650.3,30629.6,30633.4
1689159300000,30633.2,30648.7,30629.8,30646.7
1689159600000,30647.1,30647.1,30638.6,30645.6
1689159900000,30644.9,30645.8,30628.5,30636.3
1689160200000,30635.7,30664.5,30634.1,30662.5
1689160500000,30663.5,30670.3,30655.4,30669.6
1689160800000,30669.8,30689.2,30669.6,30685.9
1689161100000,30676.8,30700.6,30676.7,30697.1
1689161400000,30697.4,30708.2,30694.9,30701.3
1689161700000,30698.5,30702.3,30688.7,30694.4
1689162000000,30693.9,30694.2,30681,30686.9
1689162300000,30683.7,30689.8,30680.1,30689.2
1689162600000,30694.2,30759.8,30692.7,30758.9
1689162900000,30759.6,30772.5,30721.1,30744
1689163200000,30743.7,30748.5,30720,30730.7
1689163500000,30728.2,30730.7,30720.8,30730
1689163800000,30723.3,30730,30713.1,30729.2
1689164100000,30725.9,30729.2,30706.4,30708.5
1689164400000,30714.4,30719.5,30708.3,30716.7
1689164700000,30715.7,30798.8,30712.7,30783.4
1689165000000,30783.8,30943,30678.1,30748.4
1689165300000,30748.9,30861.9,30721.3,30838.7
1689165600000,30834.2,30838.7,30761.6,30761.6
1689165900000,30768.9,30786.8,30726.6,30749.9
1689166200000,30750.1,30750.6,30626.5,30660.3
1689166500000,30660.2,30695.1,30660.2,30687.2
1689166800000,30687.8,30738.8,30682.2,30729.9
1689167100000,30728.2,30762.4,30728.2,30760.6
1689167400000,30760.8,30806.3,30756.4,30801.4
1689167700000,30804.8,30830.5,30778.4,30818.2
1689168000000,30817.9,30818.2,30769.6,30785.4
1689168300000,30784.2,30784.4,30618.4,30633.7
1689168600000,30631.4,30694.9,30624.1,30648.8
1689168900000,30649,30702.9,30450.3,30515.6
1689169200000,30515.2,30598,30513.3,30563.5
1689169500000,30564.1,30588.7,30517.7,30574.2
1689169800000,30572.6,30589.5,30541.2,30588.7
1689170100000,30588.7,30649.2,30574.4,30638.7
1689170400000,30637.7,30759.4,30622.6,30739.8
1689170700000,30740.5,30794.9,30737.9,30762
1689171000000,30760.7,30770,30728.7,30768.9
1689171300000,30768.7,30782.9,30713.2,30730
1689171600000,30730.8,30741.5,30702.9,30726.7
1689171900000,30726.3,30726.3,30702.6,30707.5
1689172200000,30707.5,30753.9,30707.5,30750.8
1689172500000,30751.5,30768.9,30733,30758.4
1689172800000,30757.8,30782.8,30752.8,30762.5
1689173100000,30767.1,30768.6,30740.3,30754.7
1689173400000,30753.7,30800.8,30752.7,30789.1
1689173700000,30789,30789.4,30709.3,30720.7
1689174000000,30720.7,30721.8,30683.3,30700.9
1689174300000,30701.2,30760.2,30700.7,30746.8
1689174600000,30746.8,30774.2,30743.2,30749.6
1689174900000,30749.7,30749.8,30695.1,30698.6
1689175200000,30696.9,30702.2,30669.6,30675.9
1689175500000,30682.6,30682.6,30636.7,30643.6
1689175800000,30643.7,30670.5,30613.7,30620.9
1689176100000,30620.8,30634.7,30561.3,30564.5
1689176400000,30564.5,30565.4,30504.3,30504.3
1689176700000,30504.5,30561.9,30473.2,30517.5
1689177000000,30517.8,30521.1,30456,30473.6
1689177300000,30473.9,30497.5,30451.2,30487.9
1689177600000,30486.3,30504.1,30460.4,30467.9
1689177900000,30467.5,30469.3,30395.9,30408.7
1689178200000,30407.7,30457.6,30389.6,30453.2
1689178500000,30452.7,30498,30423.4,30494.5
1689178800000,30493.1,30503.7,30464.3,30467.1
1689179100000,30467.3,30467.5,30414,30446.2
1689179400000,30445.2,30485.9,30424.6,30480.7
1689179700000,30477.8,30492.7,30450.1,30490.1
1689180000000,30489,30492.2,30457.8,30471.2
1689180300000,30471.1,30472.4,30430.1,30451.4
1689180600000,30450.7,30462.2,30439.2,30441
1689180900000,30439.3,30453.2,30428.1,30453
1689181200000,30453.7,30492.2,30437.7,30480.6
1689181500000,30480.7,30481.8,30466.2,30467.3
1689181800000,30466.8,30467.3,30414,30439.5
1689182100000,30441.1,30448,30425.1,30426.6
1689182400000,30425.1,30426.6,30388.7,30402.3
1689182700000,30402.1,30419.6,30385.9,30414.6
1689183000000,30405.7,30480.6,30402.4,30467.6
1689183300000,30458.9,30472.2,30431.5,30449
1689183600000,30449.5,30456.4,30411.9,30427.6
1689183900000,30427.6,30440.2,30389.5,30413.4
1689184200000,30413.3,30429.3,30390.8,30429.3
1689184500000,30428.9,30434.6,30405.4,30419.5
1689184800000,30408.6,30440.6,30406.5,30432.6
1689185100000,30432.6,30432.6,30394.2,30407.9
1689185400000,30407.2,30420,30396.9,30415.8
1689185700000,30415.1,30433.7,30393.6,30431.9
1689186000000,30424.1,30461.3,30417,30456.7
1689186300000,30450,30480.5,30439.1,30476.5
1689186600000,30470.8,30501.5,30458.7,30487.2
1689186900000,30482.1,30508.4,30467.6,30501.5
1689187200000,30501.3,30501.7,30474.2,30501.7
1689187500000,30489.5,30501.7,30471.1,30475.1
1689187800000,30475.2,30501.7,30467.5,30467.7
1689188100000,30467.4,30501.7,30466.9,30488.3
1689188400000,30487.8,30489.4,30442.3,30443.1
1689188700000,30443.2,30465.1,30434.2,30450.4
1689189000000,30455.9,30457.3,30424.7,30434.2
1689189300000,30428.2,30438.6,30419,30431.3
1689189600000,30421,30435.7,30234,30283.2
1689189900000,30282.9,30376.6,30264,30335.7
1689190200000,30326.2,30346.9,30234.4,30252.2
1689190500000,30253,30253,30181.8,30230
1689190800000,30238.6,30272.7,30190.4,30256.8
1689191100000,30257.8,30283.8,30213.3,30250.8
1689191400000,30250.6,30282,30221.2,30277.1
1689191700000,30268.8,30277.7,30241.6,30255.1
1689192000000,30255.2,30255.2,30203.6,30252.1
1689192300000,30254.6,30254.6,30226.3,30236.9
1689192600000,30231.3,30274.1,30216.1,30274.1
1689192900000,30271.7,30284.6,30247.8,30275.6
1689193200000,30274.8,30292.9,30260.6,30291.3
1689193500000,30290.5,30291.5,30273.3,30279.7
1689193800000,30274.7,30287.1,30265.9,30277.7
1689194100000,30277.5,30293.9,30264.7,30292.7
1689194400000,30293.4,30302.1,30284.2,30300.1
1689194700000,30300.1,30310.2,30289.3,30305.7
1689195000000,30305.3,30313.7,30299,30313.5
1689195300000,30313.7,30323.7,30297.2,30322.6
1689195600000,30305.2,30320.5,30300.3,30314.9
1689195900000,30315.1,30315.6,30302.6,30310.9
1689196200000,30311,30328.3,30310.8,30325.6
1689196500000,30325.3,30327.6,30318.6,30318.7
1689196800000,30319.2,30319.8,30310.9,30314.4
1689197100000,30314.5,30322.7,30313.5,30317.4
1689197400000,30317.5,30317.6,30303.8,30309.2
1689197700000,30309.1,30310.1,30295,30297.3
1689198000000,30297.7,30317.1,30297.3,30311.4
1689198300000,30311.4,30320.3,30308.8,30319.4
1689198600000,30320.3,30343.4,30319.6,30343.4
1689198900000,30342.4,30345.2,30329.2,30335.4
1689199200000,30318.8,30323.8,30304.6,30315.7
1689199500000,30315.1,30335,30313.9,30332.5
1689199800000,30333.5,30335.1,30315.2,30330.2
1689200100000,30330,30332.9,30312.6,30329.2
1689200400000,30329.3,30329.3,30322,30327.4
1689200700000,30326,30327.4,30318.6,30322.7
1689201000000,30322.8,30331.2,30321.7,30330.2
1689201300000,30334.3,30335.7,30324,30335.7
1689201600000,30334.8,30335.7,30316.7,30321.5
1689201900000,30320.8,30321.8,30307.3,30311.4
1689202200000,30311.6,30321,30311.6,30319
1689202500000,30318.9,30336.5,30318.2,30334.8
1689202800000,30334.5,30337.2,30324.7,30331.9
1689203100000,30333.4,30344.4,30325.1,30335.8
1689203400000,30334.7,30339.6,30329.6,30332.7
1689203700000,30333,30346.3,30328.3,30345.6
1689204000000,30345.4,30346.4,30338.7,30339.9
1689204300000,30339.3,30342.1,30334.6,30342.1
1689204600000,30340.2,30342.3,30332.2,30339.4
1689204900000,30339.3,30362.7,30339.3,30361.9
1689205200000,30361.9,30372.7,30353.7,30372.3
1689205500000,30372.1,30386.6,30371.4,30374.7
1689205800000,30379.7,30382.5,30355.8,30365.7
1689206100000,30365.5,30365.5,30355,30361.9
1689206400000,30355,30358.4,30344.8,30354.7
1689206700000,30354.6,30378.4,30354.1,30376.4
1689207000000,30376.3,30383.2,30365.9,30382.5
1689207300000,30380.6,30405.6,30380.6,30386.3
1689207600000,30386.2,30387.4,30375.7,30385.3
1689207900000,30386.7,30386.7,30363.5,30364.8
1689208200000,30369.3,30369.3,30354.4,30366.7
1689208500000,30365.6,30370.1,30343.3,30356.7
1689208800000,30350.7,30356.7,30334.2,30350.1
1689209100000,30348.7,30350.1,30330.1,30336.6
1689209400000,30336.6,30338,30318.9,30325.7
1689209700000,30326.7,30328.5,30319.6,30324.1
1689210000000,30325.8,30349.5,30311.9,30346.6
1689210300000,30349.5,30359.6,30335.8,30335.8
1689210600000,30335.8,30337,30311.5,30312
1689210900000,30312.2,30313,30290.9,30293.6
1689211200000,30294.3,30295.6,30290.1,30291.3
1689211500000,30291.4,30306.1,30287.6,30303
1689211800000,30303.4,30306.9,30279.2,30284.7
1689212100000,30284.9,30286.7,30265.9,30275
1689212400000,30276,30314.7,30275.6,30305.1
1689212700000,30306.5,30368.7,30298.5,30360.5
1689213000000,30361.2,30362.3,30347.9,30354.6
1689213300000,30354.2,30360.7,30349.1,30352.3
1689213600000,30354.1,30354.1,30328.6,30330.5
1689213900000,30330.2,30338.5,30323,30332.4
1689214200000,30330.8,30331.5,30314.4,30314.8
1689214500000,30318.3,30322.6,30309.3,30320.6
1689214800000,30320.6,30322.6,30312.6,30321.8
1689215100000,30322.6,30343.4,30319.4,30342.5
1689215400000,30336.2,30355.4,30335.5,30339.8
1689215700000,30341.1,30341.1,30326.1,30328.1
1689216000000,30328.7,30332.1,30316.8,30321.5
1689216300000,30325.3,30326.3,30317.8,30326.3
1689216600000,30325,30326.3,30304.7,30316.7
1689216900000,30307.6,30316.7,30300,30312.1
1689217200000,30311.8,30312.1,30289.1,30289.1
1689217500000,30295,30296.5,30280.9,30285.9
1689217800000,30285.5,30289.4,30282.7,30289.4
1689218100000,30289.2,30317.2,30283.3,30307.1
1689218400000,30307.2,30311.1,30284.1,30288.9
1689218700000,30288.1,30288.9,30261.7,30265.3
1689219000000,30263.7,30266.6,30247.8,30250.3
1689219300000,30250.6,30274.9,30247,30267.8
1689219600000,30267.8,30269.2,30246.2,30254.3
1689219900000,30254.4,30266.1,30254.3,30258.6
1689220200000,30258.9,30270.9,30251.1,30270.9
1689220500000,30269,30272.4,30262.5,30268.8
1689220800000,30266.9,30267,30250.1,30255.4
1689221100000,30262.3,30264,30248,30259.1
1689221400000,30263,30266.6,30235.3,30252.2
1689221700000,30251.6,30274.6,30233.3,30272.7
1689222000000,30271.8,30272.7,30238.4,30257.9
1689222300000,30254,30257.2,30253.3,30255.8
1689222600000,30252.4,30264.2,30252,30262.5
1689222900000,30264.8,30288.5,30262.7,30283.1
1689223200000,30283,30283.1,30256.7,30258.7
1689223500000,30258.9,30278.3,30258.9,30270.2
1689223800000,30270.7,30270.7,30256.7,30264.5
1689224100000,30262.8,30278.3,30251,30267.1
1689224400000,30269.3,30270.1,30243.4,30257.2
1689224700000,30251.1,30258.4,30239,30243.9
1689225000000,30240.2,30266.6,30239.8,30265.4
1689225300000,30265.8,30265.8,30244.7,30247
1689225600000,30245.9,30281.7,30245.9,30281.6
1689225900000,30282.1,30283.1,30270,30279
1689226200000,30279.3,30284.6,30274.7,30278.6
1689226500000,30278.1,30279.5,30255.9,30258.4
1689226800000,30258.5,30258.7,30253.9,30257.2
1689227100000,30257.9,30271.8,30256.1,30269.3
1689227400000,30263.9,30271.9,30263.5,30270
1689227700000,30270.4,30290.9,30268.3,30288
1689228000000,30287.4,30290.3,30266.1,30276.8
1689228300000,30275.7,30295.6,30268.8,30294.8
1689228600000,30295.6,30316.6,30283.5,30314.7
1689228900000,30312.7,30314.7,30291.9,30292.5
1689229200000,30295.2,30298.6,30292.1,30297.2
1689229500000,30290.9,30334.6,30290.9,30330.5
1689229800000,30328.6,30330.8,30312.2,30322.6
1689230100000,30323.4,30324.5,30306.2,30307.7
1689230400000,30307.2,30318.8,30301.9,30316.2
1689230700000,30316.6,30330,30310.4,30324.1
1689231000000,30325.6,30342.4,30318.5,30338.9
1689231300000,30338.3,30366.2,30336.9,30357.2
1689231600000,30354.9,30369,30347.2,30359
1689231900000,30357.7,30371.5,30354.7,30369.8
1689232200000,30371.1,30393.4,30368.6,30391.5
1689232500000,30390.1,30393.6,30366.6,30378.6
1689232800000,30378.7,30379.4,30367.4,30369.7
1689233100000,30369.5,30380,30369.4,30378.2
1689233400000,30378.8,30380,30351.5,30357.8
1689233700000,30362,30362,30352,30353.1
1689234000000,30353.2,30368.3,30352.5,30362.8
1689234300000,30361.1,30365.7,30345.6,30349
1689234600000,30348.9,30354.8,30331.5,30338.3
1689234900000,30338.6,30340.5,30333.5,30335.7
1689235200000,30337.9,30339.6,30326.6,30337.4
1689235500000,30332.4,30338.6,30318.9,30333.1
1689235800000,30326.6,30333.2,30320.9,30329.6
1689236100000,30330.1,30353.7,30329.8,30345.4
1689236400000,30345.4,30363.1,30342.5,30359
1689236700000,30361.1,30390.7,30358.4,30376.7
1689237000000,30377.8,30378.5,30362.1,30365.6
1689237300000,30365.5,30366.6,30349.3,30358.6
1689237600000,30358.6,30377.6,30350.7,30376
1689237900000,30377.3,30377.5,30368.4,30376.4
1689238200000,30369.7,30383.3,30369.1,30382.8
1689238500000,30383.2,30383.2,30374.6,30374.7
1689238800000,30379.8,30431.8,30379.5,30425.6
1689239100000,30425.2,30462.9,30412.2,30459.9
1689239400000,30458.4,30501.8,30433.3,30482.4
1689239700000,30483.5,30501.8,30460.9,30469
1689240000000,30465.5,30469.9,30454.7,30469.7
1689240300000,30468.7,30469.7,30448.6,30465.6
1689240600000,30466.7,30503.4,30464,30503.3
1689240900000,30503.1,30551.3,30495.3,30532.5
1689241200000,30532.9,30570.7,30531.2,30558
1689241500000,30558.3,30568.9,30530.4,30538.4
1689241800000,30539.9,30539.9,30520.4,30529.1
1689242100000,30527.3,30548.6,30525.1,30543.9
1689242400000,30544.1,30560,30508.9,30513.1
1689242700000,30513,30530.1,30513,30526.5
1689243000000,30526.6,30536.4,30523.4,30528.1
1689243300000,30526.9,30528.1,30502.2,30502.6
1689243600000,30504.5,30520.6,30502.6,30512.3
1689243900000,30516.6,30537.9,30512.6,30529.5
1689244200000,30530,30553.5,30529.1,30544.4
1689244500000,30546.2,30588.9,30544.9,30580.4
1689244800000,30579.5,30599.4,30576.5,30599.4
1689245100000,30599.3,30604.2,30554.9,30565.3
1689245400000,30565.4,30576.5,30564.7,30570
1689245700000,30572.3,30573.1,30547.7,30549.8
1689246000000,30549.3,30564.5,30548.4,30561.7
1689246300000,30561.6,30566.7,30533.1,30537.1
1689246600000,30536.3,30545.6,30524.6,30531.7
1689246900000,30530.9,30540.5,30530.5,30540.5
1689247200000,30534,30553.1,30534,30551
1689247500000,30550.2,30559,30540.2,30540.2
1689247800000,30540.2,30550.6,30530.4,30530.4
1689248100000,30530.2,30540.9,30512.2,30535
1689248400000,30526.4,30536.7,30519.3,30520.3
1689248700000,30520.6,30525.8,30515.1,30522.7
1689249000000,30522.3,30551.9,30522.3,30532.1
1689249300000,30532.4,30532.4,30513.3,30515.6
1689249600000,30515.1,30540.2,30515.1,30523.4
1689249900000,30523.9,30523.9,30516,30519.6
1689250200000,30519.7,30548.2,30519.7,30544.3
1689250500000,30543.4,30544.3,30527.6,30537.5
1689250800000,30542.9,30544.3,30515.1,30524.1
1689251100000,30522.5,30524.1,30506.7,30511.7
1689251400000,30511.7,30528,30460.9,30468.4
1689251700000,30460.9,30473.6,30437.6,30460.5
1689252000000,30460.6,30547.8,30455.6,30543.1
1689252300000,30544.4,30565.7,30532,30551.8
1689252600000,30551.8,30551.8,30469.8,30476.7
1689252900000,30476.9,30506.6,30476.9,30494.7
1689253200000,30494,30512.6,30493.8,30508.1
1689253500000,30507.1,30527.1,30507.1,30519.3
1689253800000,30521.2,30533.4,30520.7,30529.2
1689254100000,30529.6,30529.8,30514.5,30526.5
1689254400000,30520.2,30526.5,30476.5,30484.9
1689254700000,30485.4,30514.2,30485,30506.8
1689255000000,30505.3,30554.3,30484.4,30546.6
1689255300000,30540.8,30557.3,30540.8,30545.6
1689255600000,30546.6,30655.9,30541.6,30641
1689255900000,30642.3,30646.9,30599.7,30612.3
1689256200000,30607.8,30625.3,30598.8,30623.2
1689256500000,30618.8,30641.8,30616.3,30638.7
1689256800000,30637.9,30663.8,30550,30560.1
1689257100000,30560.1,30560.1,30452,30499.4
1689257400000,30498.9,30517.1,30476.3,30516.4
1689257700000,30516.1,30531.4,30499.8,30519
1689258000000,30518.6,30525.3,30506.5,30518.7
1689258300000,30518.7,30539.1,30503.3,30520.7
1689258600000,30521.4,30593.1,30520.7,30573.7
1689258900000,30573,30583.1,30565.1,30572.6
1689259200000,30572.3,30578.6,30560.6,30564.9
1689259500000,30564.3,30573,30544.5,30558.8
1689259800000,30558.3,30561.7,30547.9,30555.8
1689260100000,30554.8,30557.1,30536.1,30543.1
1689260400000,30543,30564.1,30543,30557.6
1689260700000,30556.6,30566.6,30535.5,30537.9
1689261000000,30537.2,30545.4,30522.4,30524.9
1689261300000,30524.4,30545.2,30524.2,30545.2
1689261600000,30545.1,30584.1,30540.3,30575
1689261900000,30574.7,30796.3,30574.7,30796.3
1689262200000,30793.7,30879.2,30729.1,30737.1
1689262500000,30730.9,30863.6,30730.1,30793.7
1689262800000,30795.8,30987.4,30789.6,30987.4
1689263100000,30984.8,31157.4,30845.7,30917.1
1689263400000,30916.8,30985.5,30857,30865.2
1689263700000,30855.8,30957.9,30821.8,30887.9
1689264000000,30887.5,30910.9,30789.9,30808.3
1689264300000,30807.1,30900.7,30792.2,30855.6
1689264600000,30851.3,30931.4,30844.5,30874
1689264900000,30873.2,30912.2,30860.4,30876.5
1689265200000,30875.4,30901.6,30810.7,30876.5
1689265500000,30876.8,30947.6,30862.5,30863.3
1689265800000,30863.7,30889.9,30700.3,30736.2
1689266100000,30736.6,30798.6,30736.2,30791.9
1689266400000,30791.7,30810.4,30751.8,30765.2
1689266700000,30764.3,30785.1,30733.7,30776.3
1689267000000,30775.2,30877,30775.2,30802.7
1689267300000,30801.7,30818.5,30772.3,30798.7
1689267600000,30796.6,30853.2,30790.9,30829
1689267900000,30829,30861.1,30764.8,30786.5
1689268200000,30785.2,30815.7,30775.6,30814.2
1689268500000,30812,30819.8,30777.7,30791.5
1689268800000,30791.7,30868.9,30786.3,30864.3
1689269100000,30863.9,30893.7,30846.9,30877.6
1689269400000,30872.4,30937.9,30841.9,30918.4
1689269700000,30920.8,31096.4,30892.2,31046
1689270000000,31049.7,31112.4,30956.4,31092.9
1689270300000,31097.4,31185.6,31072.4,31085.7
1689270600000,31084.7,31106.5,31043.9,31084.4
1689270900000,31085,31124.5,31045.8,31056.7
1689271200000,31053.1,31127.1,31040.3,31121.5
1689271500000,31106.2,31309.5,31086,31250
1689271800000,31249.4,31422.6,31240.2,31378.1
1689272100000,31372.6,31427.5,31227.7,31282.7
1689272400000,31282.1,31458.7,31260,31353.2
1689272700000,31354.6,31407.8,31226.9,31248.1
1689273000000,31246.7,31251.8,31085.3,31157.2
1689273300000,31156.5,31284.6,31115.8,31243
1689273600000,31248,31290.3,31187,31234.8
1689273900000,31226.3,31295.2,31138.4,31148.2
1689274200000,31147.2,31232.6,31146.5,31206.6
1689274500000,31206.2,31273.1,31204.7,31238.8
1689274800000,31241.2,31279.8,31228.8,31264.4
1689275100000,31263.5,31367.2,31253.2,31355.8
1689275400000,31356.2,31391.3,31299.7,31369.9
1689275700000,31370.3,31388.2,31319.5,31368.7
1689276000000,31368.8,31437.3,31355.2,31437.3
1689276300000,31442.4,31744.2,31423.4,31660.9
1689276600000,31655.2,31793.9,31624.8,31655.4
1689276900000,31655.3,31741,31654.1,31695.5
1689277200000,31699,31740.1,31657,31663.3
1689277500000,31666.8,31707.5,31496,31527.6
1689277800000,31526.7,31667.2,31497.6,31596.4
1689278100000,31594.9,31650.4,31554.5,31606
1689278400000,31607.9,31697.2,31563.7,31664.4
1689278700000,31667.4,31689.2,31546.1,31554
1689279000000,31553.7,31569.9,31506.5,31547.5
1689279300000,31547.5,31597.9,31520.4,31565.4
1689279600000,31566.9,31597.2,31516.4,31531
1689279900000,31533.2,31566.8,31531,31544.9
1689280200000,31552.2,31554,31400.9,31431.7
1689280500000,31431.7,31474.5,31401.4,31451.6
1689280800000,31456.1,31474.7,31427.8,31434
1689281100000,31428.5,31475.2,31428.5,31458.4
1689281400000,31459.8,31480.4,31432.5,31436.2
1689281700000,31436.8,31443.8,31287,31342.8
1689282000000,31342.9,31349.2,31210.4,31272.5
1689282300000,31272.5,31296.7,31018.4,31088
1689282600000,31088.6,31174.8,31051.6,31139.9
1689282900000,31139.9,31203.9,31137.5,31152.7
1689283200000,31152.3,31153.1,31072,31082.6
1689283500000,31082.6,31150.6,31062.4,31133.7
1689283800000,31133.7,31165.5,31098.1,31122.4
1689284100000,31122.9,31179.8,31122.9,31159.3
1689284400000,31159.4,31243.9,31159.3,31237.4
1689284700000,31236.5,31253.8,31209.5,31249.1
1689285000000,31249.2,31259.6,31202.2,31258.5
1689285300000,31258.6,31258.6,31223.7,31230.7
1689285600000,31230.7,31255.1,31203.6,31249.7
1689285900000,31249.7,31298.1,31245.7,31284
1689286200000,31284,31297,31270.5,31282.8
1689286500000,31282.8,31312.3,31275.7,31300.5
1689286800000,31300.5,31332.9,31290.8,31322
1689287100000,31322,31322,31273.5,31273.5
1689287400000,31271.7,31304.7,31269.2,31283.2
1689287700000,31283.8,31287.6,31191.6,31202.5
1689288000000,31202.7,31266.3,31200.6,31261.5
1689288300000,31261.5,31309.4,31235.5,31300.1
1689288600000,31301.8,31306,31280.9,31285.7
1689288900000,31280.8,31310.4,31280.8,31299
1689289200000,31299,31365.5,31284.3,31364.7
1689289500000,31366.6,31369.6,31340.7,31345.6
1689289800000,31356.7,31364.1,31327.7,31348.8
1689290100000,31348.8,31356.1,31326.7,31356.1
1689290400000,31356.1,31377.7,31353.3,31368.2
1689290700000,31368.5,31371.5,31330.4,31357.8
1689291000000,31357.8,31391.1,31347.6,31391.1
1689291300000,31393,31403.7,31358.6,31373.2
1689291600000,31376.2,31469.7,31348.2,31465.9
1689291900000,31465.9,31467.4,31403.9,31414.2
1689292200000,31414.2,31442.7,31402.8,31431.3
1689292500000,31431.3,31469.8,31419.1,31455.7
1689292800000,31455.7,31456.2,31421.5,31438
1689293100000,31438,31448.2,31394.7,31443.4
1689293400000,31443.4,31453.9,31411.4,31445.7
1689293700000,31445.8,31464.7,31372.3,31381.9
1689294000000,31382.8,31463.2,31381.9,31439.9
1689294300000,31438.8,31440.1,31344.9,31381
1689294600000,31381,31453.8,31368.9,31438.4
1689294900000,31438.4,31485.1,31413.6,31471.9
1689295200000,31468.9,31497.2,31446.5,31461.1
1689295500000,31462.1,31486,31420.7,31465.3
1689295800000,31465.3,31478.4,31386.7,31389.9
1689296100000,31386.6,31432.4,31365.4,31423.7
1689296400000,31423.7,31424.2,31364.2,31377.2
1689296700000,31378,31470.6,31378,31394.1
1689297000000,31394.1,31396.2,31320.2,31345.6
1689297300000,31345.6,31374.9,31325.6,31365.1
1689297600000,31369.5,31407.2,31369.4,31383.3
1689297900000,31383.3,31396.7,31373.6,31391.5
1689298200000,31390.3,31425.3,31383.3,31406.1
1689298500000,31397.2,31415.3,31395.5,31400.2
1689298800000,31400.6,31412.6,31387,31407.5
1689299100000,31406.9,31410.5,31367.8,31376.7
1689299400000,31376.7,31395.2,31369.8,31373.5
1689299700000,31376.7,31407.2,31371.7,31399.5
1689300000000,31401.4,31440.3,31387.7,31434.8
1689300300000,31434.8,31443,31391.7,31396.6
1689300600000,31396.6,31444.5,31392.7,31431.2
1689300900000,31430.9,31435.4,31401.7,31401.7
1689301200000,31402.7,31419.9,31375.7,31402.3
1689301500000,31402.3,31403.5,31372.7,31382.3
1689301800000,31371.2,31385.3,31363.6,31371.1
1689302100000,31371.2,31392.4,31371.1,31383
1689302400000,31383,31398.4,31374.5,31390.3
1689302700000,31390.4,31401.1,31383.9,31388.9
1689303000000,31391.4,31424.8,31390.9,31414.6
1689303300000,31414.6,31454.9,31407.4,31441.5
1689303600000,31439,31457.9,31434.4,31446
1689303900000,31439.8,31449,31395.8,31404.8
1689304200000,31404.7,31432.7,31404.7,31431
1689304500000,31431,31603,31416.7,31513.6
1689304800000,31509,31517.5,31478.1,31502.5
1689305100000,31503.8,31529.6,31482,31488.7
1689305400000,31483.9,31509.8,31469.5,31477.1
1689305700000,31477.2,31480.2,31458.6,31469.3
1689306000000,31469.3,31478.2,31389.1,31410.8
1689306300000,31414.9,31425.5,31395,31399.6
1689306600000,31399.7,31446.3,31396.4,31436.1
1689306900000,31428.8,31452.9,31427.2,31436.1
1689307200000,31436.1,31447.8,31424.5,31432.7
1689307500000,31432.7,31450.7,31403.1,31424.4
1689307800000,31425.2,31447.3,31415.4,31438.5
1689308100000,31439.4,31444.1,31422,31425.3
1689308400000,31425.5,31428.5,31397.2,31420.9
1689308700000,31420.9,31448.4,31412.5,31437.9
1689309000000,31440.8,31443.8,31408.3,31419
1689309300000,31419.5,31424.7,31399,31408.2
1689309600000,31408.2,31416.7,31383.5,31405.2
1689309900000,31406.3,31416.5,31387.9,31416.5
1689310200000,31416.5,31416.5,31367.5,31377.9
1689310500000,31380.8,31389.7,31360,31378.7
1689310800000,31379.8,31382.8,31351.5,31358.2
1689311100000,31358.4,31372.4,31352.3,31365.7
1689311400000,31359.8,31372.1,31342.4,31372.1
1689311700000,31374.4,31377.4,31337.9,31347.2
1689312000000,31347.2,31362.7,31344.2,31354.4
1689312300000,31354.4,31356.1,31349,31349.9
1689312600000,31355.3,31371,31354.5,31364.6
1689312900000,31364.6,31364.6,31330.9,31336.5
1689313200000,31346.7,31349.7,31328.7,31335.9
1689313500000,31336.7,31339.7,31331,31338
1689313800000,31340.3,31350.5,31326.6,31334.9
1689314100000,31334.9,31341.7,31326.2,31340.8
1689314400000,31340.8,31348.4,31325.4,31327.1
1689314700000,31327.6,31357.3,31316.9,31344.7
1689315000000,31344.7,31355.6,31340,31353.8
1689315300000,31355.3,31366.4,31348,31356.2
1689315600000,31358.9,31362,31324.8,31333.5
1689315900000,31333.5,31333.5,31307.6,31313.2
1689316200000,31313,31315.6,31292.9,31315.5
1689316500000,31315.5,31319.9,31302.4,31313.2
1689316800000,31313.2,31313.2,31272.3,31300.5
1689317100000,31300.5,31300.5,31295.6,31300.3
1689317400000,31300.3,31300.3,31274.4,31285.2
1689317700000,31285.2,31289.7,31268.6,31273.7
1689318000000,31277.6,31318.8,31269.2,31289.7
1689318300000,31289.7,31289.9,31272.7,31285.5
1689318600000,31285.5,31285.5,31270.7,31275.7
1689318900000,31275.7,31278.2,31234.4,31243.5
1689319200000,31245.2,31290.6,31240,31263.7
1689319500000,31263.7,31269.6,31232.2,31236.3
1689319800000,31236.3,31239,31186.4,31189.8
1689320100000,31189.8,31196.8,31158.4,31158.4
1689320400000,31158.4,31200.9,31141.3,31161.7
1689320700000,31146.7,31177.6,31140.6,31146.8
1689321000000,31144.7,31172.9,31090.1,31104
1689321300000,31104,31104,31062.9,31076.1
1689321600000,31076.1,31136.1,31067,31126.6
1689321900000,31126.6,31197.5,31121.9,31181.7
1689322200000,31175.5,31210.9,31174.7,31206.5
1689322500000,31206.5,31213.2,31189.7,31200.9
1689322800000,31197.7,31224,31190.5,31222.5
1689323100000,31223,31226,31193.3,31205.6
1689323400000,31206.6,31223.6,31196.1,31212.4
1689323700000,31212.4,31266.1,31204.3,31259.2
1689324000000,31259.2,31259.3,31217.2,31231.5
1689324300000,31231.5,31231.5,31207.6,31215
1689324600000,31215,31222.2,31206.3,31213.3
1689324900000,31213.6,31223.4,31213.3,31223.4
1689325200000,31223.4,31223.4,31205.9,31211.8
1689325500000,31211.8,31212.5,31185.6,31194.8
1689325800000,31194.8,31197,31169.1,31178
1689326100000,31178,31185,31156.9,31165.3
1689326400000,31169.7,31169.7,31133.4,31146.3
1689326700000,31146.3,31196.1,31141.1,31189
1689327000000,31189,31189,31117.9,31134.2
1689327300000,31142.6,31175.7,31142.6,31158.9
1689327600000,31164.1,31183.7,31164.1,31171.1
1689327900000,31172.1,31199,31170.6,31198
1689328200000,31198,31198.1,31179.3,31191.3
1689328500000,31191.7,31194.7,31170.4,31178.2
1689328800000,31167.4,31179.9,31147.1,31156.1
1689329100000,31156.1,31161.3,31147.4,31153.7
1689329400000,31153.6,31157.4,31138.3,31144.8
1689329700000,31149.2,31157.4,31125.1,31141.9
1689330000000,31143.2,31161.3,31126.7,31137.1
1689330300000,31137.1,31141.4,31128,31138.3
1689330600000,31138.3,31140.3,31096.2,31111
1689330900000,31112,31123.3,31106.6,31110.3
1689331200000,31110.4,31118.1,31075.2,31097.1
1689331500000,31097.1,31142.5,31081.4,31122.9
1689331800000,31124.6,31145.3,31121.6,31138.4
1689332100000,31140.1,31152.6,31133.3,31147.5
1689332400000,31147.5,31147.9,31133.4,31139.4
1689332700000,31139.4,31139.4,31122.8,31122.9
1689333000000,31123.1,31169,31117.7,31165.9
1689333300000,31166.7,31169.7,31157.9,31158.6
1689333600000,31158.6,31173.6,31148.3,31163.9
1689333900000,31165.4,31202.7,31164.9,31193.4
1689334200000,31193.4,31193.4,31176,31181.2
1689334500000,31181.2,31181.4,31172.9,31181.4
1689334800000,31181.4,31182.5,31167.9,31181.3
1689335100000,31181.3,31183.9,31163.7,31183.9
1689335400000,31183.9,31202.3,31179.1,31188.9
1689335700000,31188.9,31194,31177.4,31188.4
1689336000000,31189.5,31197.3,31181,31185.1
1689336300000,31185.1,31202.2,31180,31186.3
1689336600000,31186.3,31195,31173.1,31195
1689336900000,31195,31195,31159.8,31168
1689337200000,31168,31177.9,31164.7,31174
1689337500000,31174,31179,31171.4,31175.6
1689337800000,31175.6,31175.6,31159.6,31171.3
1689338100000,31171.3,31171.3,31124.8,31165.7
1689338400000,31162.6,31172.5,31149.8,31165.8
1689338700000,31165.8,31165.8,31131.1,31131.1
1689339000000,31135.3,31139.4,31094.2,31107.8
1689339300000,31106.3,31125.2,31104.9,31113.8
1689339600000,31113.8,31113.8,31081.1,31087.4
1689339900000,31087.6,31119.4,31085.7,31116.1
1689340200000,31118.1,31156.2,31116.1,31135.2
1689340500000,31139.8,31144.7,31126.7,31130
1689340800000,31130,31130,31084.5,31101.9
1689341100000,31104.9,31126.6,31100.9,31122.7
1689341400000,31125.4,31147,31122.9,31127.4
1689341700000,31127.4,31127.4,31048.3,31106
1689342000000,31106.8,31208.2,31106.8,31182.4
1689342300000,31182.4,31212.4,31171.7,31208.5
1689342600000,31210.9,31253.8,31204.6,31251.8
1689342900000,31252.3,31257.9,31227,31242.4
1689343200000,31242.5,31249.7,31201.3,31209.2
1689343500000,31209.2,31214.1,31162.5,31200.9
1689343800000,31196.5,31236.9,31196.5,31219.1
1689344100000,31220.7,31225.4,31178.9,31202.9
1689344400000,31202.9,31249.9,31186.2,31232.4
1689344700000,31232.4,31232.4,31186.9,31193.8
1689345000000,31195.2,31251.7,31192.7,31229.6
1689345300000,31230.9,31234.8,31177.6,31224
1689345600000,31224,31234,31212.7,31218.7
1689345900000,31225.5,31228.5,31199.5,31205.7
1689346200000,31205.7,31238.2,31200.5,31229.8
1689346500000,31233,31330.5,31221.6,31300.3
1689346800000,31295.1,31295.1,31234.4,31258.4
1689347100000,31258.4,31259.7,31222.5,31256
1689347400000,31256,31282.7,31239.6,31282.7
1689347700000,31282.7,31333.9,31269.7,31327.3
1689348000000,31327.3,31327.3,31276,31286.1
1689348300000,31286.2,31309.5,31286.1,31309.5
1689348600000,31310.4,31323.7,31306,31312.9
1689348900000,31312.9,31312.9,31282.6,31290.4
1689349200000,31290.4,31290.4,31259.5,31270.8
1689349500000,31270.8,31270.8,31212.9,31212.9
1689349800000,31213.3,31232.3,31187.8,31207.8
1689350100000,31207.8,31225.6,31204.9,31221
1689350400000,31221,31238,31209.8,31223.6
1689350700000,31223.6,31237.6,31200.2,31233.4
1689351000000,31233.7,31236.7,31196.8,31200.1
1689351300000,31200.1,31231.4,31188.9,31228.5
1689351600000,31228.7,31235.8,31215,31227.9
1689351900000,31227.9,31254.9,31149.7,31161
1689352200000,31161,31170.7,31065.2,31147.1
1689352500000,31145.2,31182.9,31145.2,31159.6
1689352800000,31159.6,31218.7,31148.1,31207.7
1689353100000,31207.7,31234.1,31193.3,31231.6
1689353400000,31231.6,31231.6,31195.9,31211.1
1689353700000,31211.1,31211.1,31174.6,31195.4
1689354000000,31195.4,31195.4,31150.4,31162.4
1689354300000,31162.4,31166.7,31085.9,31125.8
1689354600000,31125.8,31138.4,31076.8,31076.8
1689354900000,31077.6,31090,30833.6,30878.1
1689355200000,30878.1,30938.3,30866.2,30908.1
1689355500000,30908.1,30959,30879.6,30922.3
1689355800000,30922.3,30951.7,30876.4,30927.6
1689356100000,30927.6,30927.6,30843.4,30853.5
1689356400000,30853.5,30870.3,30799.4,30859.9
1689356700000,30859.9,30894.6,30818.6,30881.4
1689357000000,30878.7,30886.2,30839,30874.7
1689357300000,30874.7,30874.7,30646.9,30684.9
1689357600000,30684.9,30746.5,30601,30740.3
1689357900000,30740.3,30740.3,30658.4,30693.7
1689358200000,30694.4,30740.1,30676.4,30721.3
1689358500000,30721.7,30724.7,30677.1,30687.9
1689358800000,30686.3,30687.9,30481.7,30544.3
1689359100000,30544.3,30544.3,30349.9,30368.7
1689359400000,30369.4,30371.3,30107.7,30129.8
1689359700000,30132.9,30211,30043.8,30194.3
1689360000000,30194.3,30194.3,30082.5,30135.9
1689360300000,30136.7,30232.9,30058.2,30232.9
1689360600000,30230.9,30235.2,30135.2,30187.6
1689360900000,30187.6,30187.6,30074,30088.6
1689361200000,30088.6,30117.3,29917.4,29934.8
1689361500000,29939.4,30131.6,29901,30130.3
1689361800000,30128.3,30213.9,30070,30213.9
1689362100000,30213.9,30223.6,30177.1,30197.3
1689362400000,30197.3,30206.1,30149.4,30184.4
1689362700000,30170.9,30184.1,30131.2,30147.7
1689363000000,30148.1,30165.8,30105.5,30124.3
1689363300000,30124.3,30129,30053,30108.1
1689363600000,30108,30115.7,30056.7,30084
1689363900000,30081.2,30087,30047.6,30058.7
1689364200000,30058.7,30104.5,30037.3,30096
1689364500000,30096,30098.8,30041,30096.3
1689364800000,30096.2,30120.1,30071.4,30081.6
1689365100000,30080.1,30084.6,30042.1,30064.1
1689365400000,30064.1,30084.3,30037.6,30072.2
1689365700000,30079,30080.6,30043.2,30067.7
1689366000000,30060.4,30070.7,30005.6,30042.4
1689366300000,30042.4,30042.4,29982,29997.4
1689366600000,29997.8,30020.5,29967,29968.7
1689366900000,29968.7,30119.7,29968.7,30116.7
1689367200000,30118.3,30139.2,30107.9,30135.5
1689367500000,30135.5,30218,30130.7,30215.5
1689367800000,30215.5,30215.5,30158.7,30181.3
1689368100000,30189.1,30192.1,30163.2,30186.4
1689368400000,30186.4,30196.1,30139.5,30188.9
1689368700000,30190.2,30206.7,30170.8,30201.1
1689369000000,30201.1,30214.2,30191.2,30214.2
1689369300000,30214.2,30224.7,30204.9,30222.1
1689369600000,30222.1,30222.1,30149,30164.9
1689369900000,30164.9,30175.4,30150.8,30173.5
1689370200000,30173.5,30173.5,30147.3,30153.2
1689370500000,30154.2,30179.4,30150,30169.4
1689370800000,30169.4,30169.4,30142.9,30142.9
1689371100000,30142.9,30144,30106.9,30144
1689371400000,30145,30187.7,30131.5,30187.7
1689371700000,30187.7,30197,30169.7,30197
1689372000000,30197,30199.3,30176.3,30191.7
1689372300000,30191.7,30191.7,30162.9,30183.1
1689372600000,30183.1,30183.1,30165.3,30166.6
1689372900000,30168.1,30192.1,30159.5,30192.1
1689373200000,30192.1,30196.6,30182.2,30191.5
1689373500000,30191.5,30191.5,30168.9,30178.1
1689373800000,30179.6,30209,30179.6,30208.5
1689374100000,30208.5,30210.5,30194.3,30200.8
1689374400000,30200.8,30200.8,30178.7,30193.4
1689374700000,30193.4,30206.9,30183.4,30203.4
1689375000000,30203.4,30208.3,30197.1,30202.5
1689375300000,30202.5,30210.8,30188.7,30188.7
1689375600000,30188.7,30200.6,30173,30196.4
1689375900000,30196.4,30204.2,30186.9,30204.2
1689376200000,30204.2,30213.2,30202.1,30207.7
1689376500000,30207.7,30233.6,30197.9,30231.6
1689376800000,30231.6,30248.6,30222.9,30235.1
1689377100000,30236,30266.6,30232.8,30258.3
1689377400000,30258.3,30268,30225.5,30265
1689377700000,30270.1,30278.9,30262.9,30269.2
1689378000000,30269.2,30270.4,30238.1,30260.2
1689378300000,30260.2,30260.5,30194.9,30234
1689378600000,30237.9,30264.4,30227.4,30264.4
1689378900000,30264.4,30271.3,30258,30268.8
1689379200000,30268.8,30268.8,30242.7,30252.9
1689379500000,30252.9,30252.9,30221.2,30239.2
1689379800000,30239.2,30241.3,30224.5,30226.8
1689380100000,30226.8,30241.1,30219.6,30225.8
1689380400000,30225.8,30228.1,30192.5,30211.5
1689380700000,30211.5,30261.2,30207.1,30261.2
1689381000000,30261.2,30266.4,30218.2,30230
1689381300000,30230,30267,30217.9,30257.8
1689381600000,30257.8,30261.8,30239.3,30242
1689381900000,30242,30267.5,30242,30258.4
1689382200000,30258.4,30267.7,30249.6,30265.8
1689382500000,30265.8,30285,30261.6,30285
1689382800000,30285,30288.2,30271.1,30275.7
1689383100000,30275.7,30276.9,30240.9,30254.9
1689383400000,30254.9,30276.3,30254,30276.3
1689383700000,30276.3,30288.8,30274.5,30282.7
1689384000000,30282.7,30298.7,30278.4,30289.3
1689384300000,30286.3,30299.8,30285.5,30299.8
1689384600000,30299.8,30302.2,30289.1,30302.2
1689384900000,30302.2,30324.3,30301.6,30322.9
1689385200000,30322.9,30344.1,30307.2,30307.2
1689385500000,30307.2,30329.2,30304.5,30304.5
1689385800000,30304.5,30321.6,30292.4,30292.4
1689386100000,30292.4,30299,30288.8,30292.9
1689386400000,30292.9,30305.8,30284.6,30285.4
1689386700000,30285.4,30286.1,30255.1,30269.4
1689387000000,30269.4,30282.7,30268.9,30275.9
1689387300000,30275.9,30293.4,30272.6,30277
1689387600000,30277,30277,30258.2,30258.4
1689387900000,30258.4,30265.4,30258.3,30259.8
1689388200000,30259.8,30270.6,30255.8,30258.1
1689388500000,30258.1,30273.9,30251.5,30264.5
1689388800000,30264.5,30278.3,30264.5,30269.6
1689389100000,30269.6,30284,30268.4,30276.7
1689389400000,30276.7,30277.9,30270.7,30274.5
1689389700000,30274.5,30274.5,30243,30244
1689390000000,30244,30254.9,30237.4,30251.5
1689390300000,30251.5,30251.5,30216.9,30224.3
1689390600000,30224.3,30236.6,30212.9,30232.1
1689390900000,30232.1,30236.9,30214.1,30221.7
1689391200000,30221.7,30257.9,30221,30241.2
1689391500000,30241.2,30254,30237.7,30248.4
1689391800000,30248.4,30262,30248.4,30257.3
1689392100000,30257.3,30279.6,30255.7,30267.9
1689392400000,30267.9,30284.4,30267.9,30272.9
1689392700000,30273.4,30282.1,30268,30272.8
1689393000000,30272.8,30274.3,30255.1,30260.4
1689393300000,30260.4,30260.4,30239.9,30240.4
1689393600000,30241.5,30252.9,30241.5,30245.3
1689393900000,30245.3,30246.7,30241.9,30241.9
1689394200000,30241.9,30255.7,30240.2,30254.1
1689394500000,30254.8,30268.5,30254.8,30264.8
1689394800000,30264.8,30272.6,30263.2,30265
1689395100000,30265,30276.2,30265,30274.6
1689395400000,30274.6,30275.9,30265.1,30266.5
1689395700000,30266.5,30267.5,30242.8,30244
1689396000000,30244,30250.4,30243.7,30249.2
1689396300000,30249.2,30256.1,30244.9,30254.6
1689396600000,30254.6,30256.3,30248.3,30255.2
1689396900000,30255.2,30255.7,30245,30248.3
1689397200000,30248.3,30248.3,30241.8,30243.4
1689397500000,30243.4,30252.8,30242.5,30252
1689397800000,30251.9,30263.7,30251.9,30261.4
1689398100000,30261.4,30265.2,30254.8,30254.8
1689398400000,30254.8,30255.7,30233.1,30234.4
1689398700000,30234.4,30234.4,30208,30217.9
1689399000000,30217.9,30234.3,30210.9,30226.9
1689399300000,30226.9,30231,30223.6,30229.8
1689399600000,30229.8,30234.5,30229,30233
1689399900000,30233,30245.4,30233,30242.2
1689400200000,30242.2,30247.2,30240.2,30247.2
1689400500000,30247.2,30249.5,30235.6,30247.2
1689400800000,30247.2,30256.2,30223.5,30224.4
1689401100000,30224.4,30238.3,30218.7,30237.6
1689401400000,30237.6,30242.8,30235.5,30235.5
1689401700000,30235.5,30261.2,30235.5,30257.7
1689402000000,30257.7,30260.6,30246.3,30246.8
1689402300000,30246.8,30247.9,30240.9,30247.9
1689402600000,30247.9,30266.8,30247.4,30256
1689402900000,30256,30256,30243.8,30245.6
1689403200000,30245.6,30245.6,30236.6,30242.6
1689403500000,30242.6,30254.9,30242.6,30252.7
1689403800000,30252.7,30257.3,30249.1,30252.1
1689404100000,30252.1,30264,30249.6,30261.2
1689404400000,30261.2,30267.3,30252,30263.9
1689404700000,30263.9,30290.7,30263.9,30283.3
1689405000000,30283.3,30299.5,30281.9,30292.3
1689405300000,30292.3,30299.2,30264.8,30283.3
1689405600000,30283.3,30286.4,30275,30275.5
1689405900000,30275.5,30294.7,30270.6,30276.2
1689406200000,30276.2,30277,30250.6,30265.6
1689406500000,30265.6,30291.2,30265.6,30289.8
1689406800000,30289.8,30335.5,30286,30333.8
1689407100000,30333.8,30338.2,30320,30320.4
1689407400000,30320.4,30323.7,30315.8,30323.7
1689407700000,30323.7,30324.7,30308.8,30315.2
1689408000000,30315.2,30317.2,30300.2,30300.4
1689408300000,30300.4,30301.8,30261.1,30296.9
1689408600000,30296.9,30299,30288.2,30291.4
1689408900000,30291.4,30297,30269.6,30290.1
1689409200000,30290,30290,30270.8,30278.1
1689409500000,30278.1,30296.2,30278.1,30296.2
1689409800000,30299.2,30306.2,30292.5,30300.9
1689410100000,30300.9,30310.6,30296.7,30301.8
1689410400000,30301.8,30317,30270.9,30316
1689410700000,30316,30320.5,30300.7,30301.8
1689411000000,30301.8,30305.1,30274.3,30304.6
1689411300000,30304.6,30304.8,30296.6,30300.6
1689411600000,30300.6,30303.2,30292.5,30298.5
1689411900000,30298.5,30303,30298.2,30301.6
1689412200000,30301.6,30302.4,30296,30301
1689412500000,30301.4,30305.7,30294.3,30300.4
1689412800000,30300.3,30306.1,30298.2,30304.5
1689413100000,30304.5,30317.1,30299.6,30316
1689413400000,30316,30317.4,30307.7,30313.3
1689413700000,30314.8,30317.4,30303.1,30307
1689414000000,30307,30318.2,30303.9,30314.1
1689414300000,30314.1,30319.3,30305.1,30316.9
1689414600000,30316.9,30324.6,30310.1,30324.2
1689414900000,30324.2,30328,30319,30324.8
1689415200000,30324.8,30331.3,30321.6,30331.1
1689415500000,30331.1,30333.9,30322,30333.9
1689415800000,30333.9,30339.9,30330.8,30336.8
1689416100000,30336.8,30348.3,30329.8,30348.1
1689416400000,30348.1,30351.2,30337.6,30338.3
1689416700000,30338.3,30338.4,30325,30337.5
1689417000000,30337.5,30339.9,30319.4,30325.9
1689417300000,30325.9,30325.9,30323.5,30323.7
1689417600000,30323.7,30323.8,30310.6,30311.7
1689417900000,30311.7,30320.1,30301.1,30310.6
1689418200000,30310.6,30310.6,30293.5,30307.2
1689418500000,30307.2,30311.1,30302.3,30307
1689418800000,30307,30310.3,30300.2,30307
1689419100000,30307,30312.4,30303.6,30312.4
1689419400000,30312.4,30318.2,30307.8,30311.7
1689419700000,30311.7,30311.7,30280.1,30280.1
1689420000000,30280.3,30295.7,30279.8,30291.7
1689420300000,30291.7,30291.7,30280.5,30284.3
1689420600000,30284.5,30295.6,30284.5,30295.3
1689420900000,30295.3,30302.9,30290.8,30298.6
1689421200000,30298.6,30298.6,30294,30298.3
1689421500000,30298.3,30298.9,30289.3,30296.9
1689421800000,30296.9,30296.9,30289.9,30295.3
1689422100000,30295.3,30295.3,30289.5,30294.7
1689422400000,30294.7,30297.9,30289.8,30297.6
1689422700000,30297.6,30305.3,30295.2,30303.8
1689423000000,30303.8,30306.9,30301.1,30306.1
1689423300000,30306.1,30307.4,30301.5,30307.4
1689423600000,30307.4,30307.4,30301.4,30306.8
1689423900000,30306.8,30339.9,30306.8,30336.5
1689424200000,30336.5,30336.5,30320.8,30324
1689424500000,30324,30324.9,30317.3,30324.7
1689424800000,30324.7,30331.6,30318.2,30326.9
1689425100000,30327.1,30333.5,30327.1,30332.8
1689425400000,30332.8,30336.7,30332.8,30336.7
1689425700000,30336.7,30336.7,30326.7,30331.8
1689426000000,30331.8,30331.8,30312.3,30316.1
1689426300000,30316.5,30322.7,30314.9,30314.9
1689426600000,30314.9,30316.1,30301.7,30306.7
1689426900000,30306.7,30306.7,30290.6,30299.6
1689427200000,30300.6,30309,30300.4,30309
1689427500000,30309,30309,30288.6,30295.2
1689427800000,30295.2,30297.4,30281.7,30284.6
1689428100000,30287.1,30290.1,30284.6,30284.6
1689428400000,30284.6,30285.7,30273.8,30285.7
1689428700000,30285.7,30302.3,30256.5,30294.8
1689429000000,30295.1,30309.2,30295.1,30309.2
1689429300000,30309.2,30309.8,30299.4,30308.6
1689429600000,30308.7,30312.7,30300.2,30300.2
1689429900000,30300.2,30300.2,30285,30285
1689430200000,30285.1,30290.7,30282.3,30289.3
1689430500000,30289.3,30289.3,30279,30289.3
1689430800000,30289.3,30289.3,30278.2,30288.1
1689431100000,30288.1,30288.1,30269.2,30272.1
1689431400000,30272.5,30291.8,30272.5,30291.8
1689431700000,30291.8,30292,30281.8,30291.9
1689432000000,30291.9,30291.9,30276.6,30286
1689432300000,30286.3,30289.3,30280.1,30280.1
1689432600000,30280.1,30281.6,30271.3,30271.8
1689432900000,30271.8,30271.8,30255.6,30261.5
1689433200000,30262.7,30273.6,30246.4,30255.9
1689433500000,30255.9,30263.7,30237.4,30263.7
1689433800000,30263.8,30285.1,30263.8,30284.7
1689434100000,30284.7,30293.5,30279.8,30289.4
1689434400000,30289.4,30289.4,30269.6,30269.6
1689434700000,30269.7,30276.1,30261.2,30265.6
1689435000000,30267.3,30274.4,30264.2,30274.4
1689435300000,30274.4,30283.7,30270,30283.7
1689435600000,30283.7,30288.8,30279.5,30288.8
1689435900000,30288.8,30298.5,30283.3,30298.5
1689436200000,30298.5,30298.5,30280,30295.6
1689436500000,30295.6,30295.6,30277.8,30283.1
1689436800000,30283.1,30283.1,30268.5,30270.5
1689437100000,30270.4,30273.5,30252.3,30259.7
1689437400000,30259.7,30265.4,30253.9,30265.4
1689437700000,30267.1,30282.3,30261.9,30278.8
1689438000000,30279,30282,30245.7,30249.7
1689438300000,30251.1,30264.4,30251.1,30264.4
1689438600000,30266.1,30272.3,30244.9,30245.7
1689438900000,30246.2,30259.2,30246.2,30255.7
1689439200000,30256.6,30271.3,30251.4,30271.3
1689439500000,30271.8,30274.8,30247.4,30247.8
1689439800000,30248.5,30264.6,30248.5,30264.6
1689440100000,30264.6,30265.7,30257.4,30263
1689440400000,30264.4,30273.9,30260.6,30273.9
1689440700000,30273.9,30273.9,30270.7,30270.7
1689441000000,30270.7,30270.7,30264,30269.8
1689441300000,30269.8,30277,30269.8,30277
1689441600000,30277,30277,30277,30277
1689441900000,30279,30286.8,30279,30286.8
1689442200000,30286.8,30286.8,30277.2,30282.7
1689442500000,30282.7,30287.8,30278.3,30287.8
1689442800000,30287.8,30287.8,30279.1,30279.1
1689443100000,30279.1,30279.1,30256.4,30256.4
1689443400000,30256.4,30256.4,30240.7,30256.2
1689443700000,30260.4,30264,30258.3,30263.3
1689444000000,30263.5,30269.6,30263.5,30269.6
1689444300000,30269.7,30279,30267.6,30276.8
1689444600000,30276.8,30279.9,30276.3,30276.3
1689444900000,30276.3,30276.3,30268.9,30274.2
1689445200000,30274.2,30275.8,30244.4,30275.8
1689445500000,30275.8,30287.4,30275.8,30287.4
1689445800000,30287.4,30311.4,30279,30308.1
1689446100000,30309.3,30331.3,30307.3,30331.3
1689446400000,30331.3,30331.3,30307.7,30312.6
1689446700000,30312.3,30329.1,30312.3,30320.4
1689447000000,30320.4,30320.4,30309,30316
1689447300000,30316,30316,30296.5,30301.6
1689447600000,30301.6,30313.7,30298.7,30312
1689447900000,30312,30319.6,30308.2,30319.6
1689448200000,30319.6,30323.1,30312.8,30323.1
1689448500000,30323.5,30330.4,30311.1,30321.3
1689448800000,30321.3,30322.3,30311.1,30321.6
1689449100000,30321.6,30323.5,30313.3,30323.1
1689449400000,30323.1,30323.1,30311.8,30311.8
1689449700000,30311.8,30315.8,30308.7,30312.4
1689450000000,30312.4,30313.5,30309,30313.5
1689450300000,30313.5,30313.5,30306.6,30311.7
1689450600000,30311.7,30312.2,30306.9,30312.2
1689450900000,30312.2,30312.2,30305.8,30311
1689451200000,30311,30311,30292.2,30296.3
1689451500000,30296.3,30296.3,30272.4,30272.4
1689451800000,30273.6,30286.6,30273.6,30284.8
1689452100000,30284.8,30294.9,30278.7,30287.5
1689452400000,30287.5,30287.9,30284.5,30287.9
1689452700000,30287.9,30287.9,30282.6,30284.5
1689453000000,30284.5,30284.5,30268.9,30273.1
1689453300000,30273.6,30276.6,30272.5,30276.4
1689453600000,30276.4,30286.7,30276.4,30280.3
1689453900000,30280.3,30283.8,30278.6,30283.8
1689454200000,30283.8,30287.6,30283.5,30284.9
1689454500000,30287.9,30287.9,30279.4,30283
1689454800000,30283,30283,30276.8,30282.8
1689455100000,30282.8,30282.8,30272,30279.5
1689455400000,30279.5,30279.5,30270.1,30270.1
1689455700000,30270.1,30273.1,30264.9,30264.9
1689456000000,30264.9,30272,30261.4,30272
1689456300000,30272.2,30277.3,30269.9,30277.3
1689456600000,30277.3,30278.9,30268.2,30278.4
1689456900000,30278.4,30279.1,30267.9,30277.9
1689457200000,30277.9,30280.1,30274.4,30280.1
1689457500000,30280.1,30280.1,30280.1,30280.1
1689457800000,30280.1,30284.4,30280.1,30284.4
1689458100000,30284.4,30284.4,30275.5,30281
1689458400000,30281,30282,30250.4,30270.5
1689458700000,30270.9,30278,30270.6,30278
1689459000000,30278,30278,30268,30276
1689459300000,30272.9,30276.8,30269.5,30274.1
1689459600000,30274.8,30282.7,30273.7,30282.7
1689459900000,30282.7,30286.9,30274.2,30286.9
1689460200000,30286.9,30292.4,30282.5,30291.4
1689460500000,30291.4,30291.4,30264.6,30264.6
1689460800000,30264.6,30269.8,30260.5,30268.4
1689461100000,30268.4,30268.4,30263.1,30263.9
1689461400000,30263.9,30265.9,30258.6,30264.6
1689461700000,30264.6,30264.6,30258.6,30261.1
1689462000000,30264.2,30264.2,30258.9,30264
1689462300000,30264,30267.2,30258.5,30260
1689462600000,30260,30260,30249.9,30260
1689462900000,30260,30267,30256.1,30266.3
1689463200000,30266.6,30269.6,30257.3,30263.4
1689463500000,30263.4,30266.5,30257,30266.5
1689463800000,30266.5,30266.5,30258.6,30262.7
1689464100000,30262.7,30262.7,30255.8,30256.5
1689464400000,30256.5,30262.5,30251.4,30256.5
1689464700000,30256.5,30256.5,30250.2,30253.3
1689465000000,30253.3,30253.6,30250.2,30253.6
1689465300000,30253.6,30266.7,30253.2,30264
1689465600000,30267,30269.4,30258.9,30269.4
1689465900000,30269.4,30273,30263.7,30270
1689466200000,30270,30280.3,30266.9,30280.3
1689466500000,30280.3,30280.3,30264.9,30271.6
1689466800000,30271.6,30271.6,30257,30265.7
1689467100000,30265.7,30265.7,30247.8,30259.2
1689467400000,30259.2,30266.4,30250.4,30264.2
1689467700000,30264.2,30264.2,30255.4,30261.7
1689468000000,30261.7,30265.7,30253.8,30265.7
1689468300000,30265.7,30267.4,30260,30263.3
1689468600000,30266.6,30270.4,30264.6,30270.4
1689468900000,30270.4,30271.9,30266.9,30271.9
1689469200000,30271.9,30278.4,30270.2,30278.4
1689469500000,30278.4,30281.5,30275.1,30281.5
1689469800000,30281.5,30302.2,30281.5,30302.2
1689470100000,30302.2,30302.2,30294,30295.9
1689470400000,30295.9,30306.6,30292.2,30306.6
1689470700000,30306.6,30306.6,30291.6,30296.6
1689471000000,30296.9,30299.9,30269.5,30269.5
1689471300000,30269.5,30269.5,30248.6,30254
1689471600000,30254.3,30263.4,30250.8,30254.9
1689471900000,30254.9,30256.6,30245.7,30256.6
1689472200000,30256.6,30256.6,30246.1,30251
1689472500000,30251,30251,30243.9,30250
1689472800000,30250,30250,30241.2,30248.1
1689473100000,30248.1,30248.7,30238.6,30245.2
1689473400000,30245.4,30248.4,30240.8,30248
1689473700000,30248,30248,30141.6,30171.1
1689474000000,30171.1,30171.1,30048.7,30108.2
1689474300000,30108.8,30127.6,30090.4,30094
1689474600000,30094,30122,30090.9,30119.3
1689474900000,30119.8,30202.8,30119.8,30199.7
1689475200000,30201.8,30293.8,30201.8,30282
1689475500000,30282,30304.6,30252,30256.8
1689475800000,30256.8,30257.1,30235.5,30244.3
1689476100000,30243.8,30250.9,30235.9,30235.9
1689476400000,30236.3,30242.5,30197.6,30211.2
1689476700000,30211.2,30211.2,30186.8,30186.8
1689477000000,30186.8,30208.5,30183.4,30199.7
1689477300000,30200.1,30210.3,30184.7,30195.7
1689477600000,30196.5,30199.5,30191,30191.1
1689477900000,30191.1,30192,30179,30188.5
1689478200000,30190.4,30207.7,30190.4,30194.8
1689478500000,30194.8,30206.9,30184.6,30203.8
1689478800000,30208.7,30218.3,30198.9,30198.9
1689479100000,30199.1,30202.2,30195.7,30195.7
1689479400000,30195.7,30195.7,30166,30166.5
1689479700000,30166.5,30173.1,30162.7,30169.5
1689480000000,30169.5,30175.4,30154.2,30168.9
1689480300000,30171.1,30183.6,30166.9,30183.6
1689480600000,30183.6,30183.6,30170.4,30182.4
1689480900000,30182.4,30182.4,30158.3,30162.3
1689481200000,30162.3,30162.3,30139,30147.4
1689481500000,30148,30154.5,30143.4,30149.9
1689481800000,30149.9,30149.9,30131.3,30144.6
1689482100000,30144.7,30151.6,30139,30151.6
1689482400000,30151.6,30151.6,30134.7,30147.4
1689482700000,30147.4,30147.4,30124.2,30135.5
1689483000000,30135.5,30151.3,30129.8,30148.2
1689483300000,30148.2,30149.3,30133.8,30136.2
1689483600000,30136.7,30154.9,30130.6,30147.2
1689483900000,30153.5,30191.6,30153.5,30186.9
1689484200000,30186.9,30186.9,30174.4,30179.4
1689484500000,30179.7,30193.3,30177.5,30187.9
1689484800000,30187.9,30187.9,30176.7,30181.7
1689485100000,30181.7,30201,30181.7,30192.4
1689485400000,30192.4,30194,30181.9,30181.9
1689485700000,30182.3,30185.3,30178.2,30183.7
1689486000000,30183.7,30183.7,30176.4,30183.5
1689486300000,30183.5,30185.2,30177.1,30185.2
1689486600000,30185.2,30200,30180,30200
1689486900000,30200.1,30218.2,30195.8,30216.8
1689487200000,30216.8,30216.8,30205.9,30209.5
1689487500000,30209.5,30215,30204.4,30215
1689487800000,30215,30216.6,30211.2,30216.6
1689488100000,30216.6,30216.6,30199.9,30212.7
1689488400000,30212.7,30218,30204,30218
1689488700000,30218.3,30228.9,30217.1,30228.9
1689489000000,30228.9,30228.9,30220.2,30224.2
1689489300000,30224.2,30241.2,30219.5,30241.2
1689489600000,30242.6,30249.7,30241.1,30249.7
1689489900000,30250.9,30270.8,30246.6,30270.8
1689490200000,30270.8,30283.8,30254.7,30258.4
1689490500000,30258.6,30261.6,30243.4,30243.4
1689490800000,30243.4,30243.9,30233.8,30242.9
1689491100000,30242.9,30255.8,30230.1,30255.8
1689491400000,30255.8,30268.4,30248.1,30268.4
1689491700000,30269.2,30272.2,30257.9,30264.3
1689492000000,30264.4,30267.4,30259.1,30266.7
1689492300000,30266.7,30266.7,30256.4,30257.7
1689492600000,30257.7,30257.7,30245.2,30254.7
1689492900000,30254.7,30254.7,30244.4,30244.4
1689493200000,30244.6,30247.6,30244.6,30247.6
1689493500000,30247.8,30261,30247.8,30259.2
1689493800000,30259.2,30259.2,30250.6,30255.1
1689494100000,30255.1,30255.1,30241.2,30248.1
1689494400000,30248.5,30251.5,30245.5,30249.9
1689494700000,30249.9,30251.1,30243.8,30250.1
1689495000000,30250.1,30260,30250.1,30256
1689495300000,30256,30262.3,30252.2,30262.3
1689495600000,30262.3,30271.5,30255.5,30271.5
1689495900000,30272.6,30275.6,30270.9,30275.1
1689496200000,30275.1,30275.1,30263.3,30265.8
1689496500000,30265.8,30267.3,30253.8,30265.1
1689496800000,30265.1,30265.1,30255,30264.3
1689497100000,30264.3,30272.1,30259.4,30264.2
1689497400000,30264.2,30271.7,30264.2,30266.6
1689497700000,30268,30274.9,30264.5,30274.9
1689498000000,30276.7,30279.8,30269.8,30269.8
1689498300000,30269.8,30271.7,30263,30270
1689498600000,30270,30273.8,30262.4,30270.6
1689498900000,30270.6,30271,30262.3,30271
1689499200000,30271.7,30286.3,30270.8,30286.3
1689499500000,30286.3,30290.3,30280.5,30289.9
1689499800000,30289.9,30289.9,30279,30285.9
1689500100000,30286.2,30293.2,30279.7,30279.7
1689500400000,30279.7,30279.7,30269.6,30276
1689500700000,30276,30276.2,30271.1,30276.2
1689501000000,30276.2,30279.3,30276.2,30279.3
1689501300000,30279.6,30283,30276.4,30283
1689501600000,30283.2,30286.2,30275.9,30279.7
1689501900000,30280.3,30301.7,30280.3,30301.7
1689502200000,30301.7,30301.7,30289.3,30294.5
1689502500000,30295,30318.6,30283.4,30286.5
1689502800000,30286.5,30296.6,30265.9,30287.5
1689503100000,30287.5,30291.4,30282.3,30286.2
1689503400000,30286.5,30289.5,30278.2,30278.2
1689503700000,30278.2,30278.2,30263.4,30270.7
1689504000000,30270.7,30275.8,30256.4,30270.2
1689504300000,30270.9,30281.1,30270.7,30281.1
1689504600000,30281.1,30293.7,30276.2,30285.1
1689504900000,30285.1,30285.1,30267,30274.8
1689505200000,30274.8,30275,30264.9,30269.4
1689505500000,30269.4,30271.5,30256.2,30270.1
1689505800000,30271.7,30289.2,30271.1,30289.2
1689506100000,30289.4,30297.9,30277.5,30290.7
1689506400000,30290.7,30290.7,30278.8,30278.8
1689506700000,30282,30286.1,30281.1,30286.1
1689507000000,30286.1,30286.1,30280.4,30285
1689507300000,30285,30287.8,30274.8,30286.8
1689507600000,30286.8,30297.3,30284.7,30287.8
1689507900000,30294.9,30298.3,30288.9,30298.3
1689508200000,30298.3,30298.3,30281.4,30289.1
1689508500000,30289.1,30289.1,30278.1,30288.6
1689508800000,30289.2,30306.2,30289.2,30306.2
1689509100000,30307.3,30317.9,30298.9,30305.8
1689509400000,30305.8,30305.8,30298,30302.2
1689509700000,30302.2,30302.8,30293.8,30297.3
1689510000000,30297.3,30297.3,30290.6,30292.4
1689510300000,30292.4,30292.5,30274.9,30282
1689510600000,30282,30286.6,30281.5,30286.6
1689510900000,30286.6,30286.6,30279.1,30285.7
1689511200000,30285.7,30285.8,30277.1,30279.7
1689511500000,30279.8,30282.8,30279.8,30282.8
1689511800000,30282.8,30283.3,30275,30279.3
1689512100000,30279.3,30279.3,30264.8,30264.8
1689512400000,30266.6,30283.2,30265.6,30282.8
1689512700000,30282.8,30282.8,30273.4,30277
1689513000000,30277,30277,30264.9,30269.1
1689513300000,30272.1,30272.1,30266,30266
1689513600000,30266,30270,30253.9,30269.5
1689513900000,30269.5,30271.1,30262.1,30271.1
1689514200000,30271.1,30281.2,30262.5,30281.2
1689514500000,30281.2,30289.1,30272.6,30287.2
1689514800000,30287.2,30291.6,30282.7,30291.6
1689515100000,30291.6,30293.4,30286.6,30290.8
1689515400000,30290.8,30291,30281.4,30281.4
1689515700000,30285.6,30289.8,30282.5,30289.8
1689516000000,30289.8,30301.6,30282.5,30301.6
1689516300000,30301.7,30307.9,30301.7,30307.2
1689516600000,30307.2,30308,30302.9,30303.4
1689516900000,30308.8,30331.9,30305.1,30318.2
1689517200000,30318.2,30344.5,30302.3,30344.5
1689517500000,30344.6,30419.1,30344.6,30388.6
1689517800000,30388.9,30413.8,30384.7,30400.9
1689518100000,30400.9,30405.4,30361.1,30392.1
1689518400000,30392.3,30415.7,30380.4,30384
1689518700000,30384.1,30387.1,30336.4,30348.3
1689519000000,30348.7,30361.9,30348.6,30361.1
1689519300000,30361,30380.7,30359.2,30380.7
1689519600000,30380.9,30402.8,30372.1,30372.1
1689519900000,30372.3,30408.3,30371.5,30408.3
1689520200000,30408.3,30408.3,30383.3,30383.3
1689520500000,30386.4,30409.5,30386.4,30397.9
1689520800000,30397.9,30397.9,30371.2,30379.3
1689521100000,30380.8,30387.2,30380.4,30387.2
1689521400000,30387.2,30387.2,30373.3,30380.4
1689521700000,30380.4,30380.4,30364.8,30370.1
1689522000000,30370.1,30380.5,30360.9,30372.1
1689522300000,30372.3,30375.3,30364.9,30368
1689522600000,30368,30368,30354,30363.2
1689522900000,30363.2,30363.2,30351.8,30359.4
1689523200000,30359.4,30359.4,30347.6,30359
1689523500000,30359,30362.1,30346.7,30353.4
1689523800000,30353.4,30353.4,30341.6,30347.8
1689524100000,30347.8,30347.8,30325.3,30329.4
1689524400000,30329.4,30334.5,30310.1,30331.1
1689524700000,30331.5,30350.4,30331.4,30350.3
1689525000000,30349.9,30366.5,30349.9,30366.5
1689525300000,30366.5,30378.9,30360.6,30370.1
1689525600000,30370.1,30370.1,30336.9,30340.5
1689525900000,30340.5,30342.5,30332.6,30342.5
1689526200000,30342.6,30350.8,30340.8,30347.4
1689526500000,30347.4,30347.4,30338.9,30345.3
1689526800000,30345.3,30345.3,30336.2,30344.9
1689527100000,30344.9,30348.5,30341.7,30348.1
1689527400000,30348.1,30348.5,30342.1,30347.8
1689527700000,30347.8,30370.2,30347.8,30367
1689528000000,30367.3,30370.3,30354.7,30368.8
1689528300000,30368.8,30368.8,30356.6,30366.9
1689528600000,30370,30379.8,30370,30377.7
1689528900000,30375.9,30377.5,30364.6,30368.6
1689529200000,30368.6,30368.6,30361.5,30361.5
1689529500000,30361.5,30361.5,30353.2,30361.2
1689529800000,30361.2,30377,30358.3,30374.4
1689530100000,30374.4,30374.4,30357.4,30365.5
1689530400000,30365.5,30369.4,30358.5,30369.4
1689530700000,30369.4,30377.1,30357.3,30373.8
1689531000000,30373.8,30373.8,30362,30366.2
1689531300000,30366.2,30366.2,30335.4,30335.4
1689531600000,30335.4,30341.3,30331.3,30339.2
1689531900000,30339.2,30339.2,30312.9,30316.3
1689532200000,30316.3,30323.6,30310.1,30319.7
1689532500000,30320,30326.4,30233.4,30241.5
1689532800000,30241.9,30286.3,30241.5,30286.3
1689533100000,30286.3,30286.3,30249.3,30269.6
1689533400000,30270.1,30278.4,30257.2,30257.2
1689533700000,30257.6,30260.6,30235.8,30255.3
1689534000000,30255.6,30282.2,30254.5,30272.6
1689534300000,30273,30276,30266.4,30271.8
1689534600000,30271.8,30272.9,30266.2,30272.9
1689534900000,30273.8,30276.8,30267.3,30271.2
1689535200000,30271.2,30271.2,30230.3,30260
1689535500000,30260,30261.8,30250,30250
1689535800000,30250,30254.2,30232.7,30233.5
1689536100000,30234.3,30250.1,30224.5,30236.4
1689536400000,30236.4,30236.4,30190.8,30215.5
1689536700000,30215.5,30233.9,30211.9,30233.9
1689537000000,30233.9,30241.8,30229,30241.3
1689537300000,30241.3,30242.4,30233.4,30234.5
1689537600000,30234.5,30252.6,30222.6,30252.5
1689537900000,30253.9,30267.4,30245.1,30261.3
1689538200000,30261.5,30267.6,30254.8,30266.5
1689538500000,30266.6,30278.3,30250,30254.8
1689538800000,30254.8,30254.8,30229.6,30236.2
1689539100000,30236.2,30243.5,30235.2,30242.4
1689539400000,30242.4,30256.5,30242.4,30256.5
1689539700000,30256.7,30266.1,30248.7,30264.2
1689540000000,30264.2,30274.5,30260.9,30271.4
1689540300000,30271.4,30273.3,30260,30270.3
1689540600000,30270.3,30270.3,30246.6,30252.8
1689540900000,30252.8,30252.8,30248.9,30248.9
1689541200000,30248.9,30261.5,30247.3,30261.5
1689541500000,30261.5,30263.4,30245,30259.2
1689541800000,30259.2,30267.8,30248,30262.7
1689542100000,30264.9,30282.5,30252.7,30270.7
1689542400000,30266.3,30288.9,30265,30282.1
1689542700000,30283.2,30298.3,30269.6,30288.2
1689543000000,30288.2,30288.4,30266.1,30271
1689543300000,30271,30278.6,30260.6,30278.4
1689543600000,30278.4,30280.5,30264.7,30277.1
1689543900000,30277.1,30280.2,30268.2,30273.3
1689544200000,30277.3,30281.7,30264.2,30278.7
1689544500000,30277,30281.7,30264.2,30275.5
1689544800000,30275.5,30285.7,30246.5,30285.7
1689545100000,30285.7,30303.2,30285.7,30294
1689545400000,30294.4,30324.8,30294,30317.1
1689545700000,30317.1,30328.3,30310.5,30321.1
1689546000000,30321.1,30337.5,30309.5,30309.5
1689546300000,30309.5,30309.5,30293.4,30296.8
1689546600000,30296.8,30296.8,30287,30290.1
1689546900000,30290.1,30290.6,30280.2,30286.4
1689547200000,30288.7,30318.1,30286.8,30305.7
1689547500000,30312.3,30329,30300.1,30314.8
1689547800000,30314.8,30332.1,30302.3,30317.7
1689548100000,30318.2,30321,30308.2,30312.6
1689548400000,30312.6,30320.2,30295.8,30302.3
1689548700000,30302.3,30306.3,30288.9,30292.6
1689549000000,30292.6,30300,30281.5,30291.9
1689549300000,30291.9,30292.8,30270,30283.3
1689549600000,30283.3,30287.8,30245,30248.5
1689549900000,30246.8,30254.7,30204.2,30204.2
1689550200000,30204.9,30214.6,30131.2,30163.2
1689550500000,30163.2,30206.8,30144.9,30201.1
1689550800000,30199.7,30241.4,30189.9,30226.8
1689551100000,30226.6,30238.1,30205.1,30229.5
1689551400000,30229.5,30229.5,30202.7,30206.3
1689551700000,30206.3,30222.6,30187.1,30217.3
1689552000000,30217.3,30228.1,30184.3,30187.4
1689552300000,30187.4,30212.8,30177.9,30202.4
1689552600000,30202.2,30249.3,30195.6,30244.8
1689552900000,30244.8,30293.1,30239,30277.2
1689553200000,30277.2,30278.1,30254.4,30264.4
1689553500000,30265.8,30266.1,30241.1,30251.2
1689553800000,30251.2,30252,30228,30244.3
1689554100000,30244.3,30249.1,30223,30226.6
1689554400000,30226.6,30237.7,30195.2,30206.1
1689554700000,30206.1,30210.9,30171.3,30205.2
1689555000000,30205.2,30224.3,30188,30194.9
1689555300000,30194.9,30201.8,30186.9,30198.2
1689555600000,30198.2,30205.5,30175.2,30202.8
1689555900000,30204.2,30219.4,30200,30217.8
1689556200000,30218.1,30238.3,30206.3,30236.1
1689556500000,30236.1,30236.1,30201.6,30219.4
1689556800000,30216.7,30252.2,30215.3,30251.5
1689557100000,30251.5,30261.9,30244.6,30256
1689557400000,30256,30277.3,30247.4,30274.8
1689557700000,30274.8,30308.6,30266.9,30282.5
1689558000000,30282.5,30298.4,30270.3,30290.5
1689558300000,30290.5,30290.5,30271.6,30282.8
1689558600000,30282.8,30285.6,30263.4,30267.9
1689558900000,30267.1,30275.7,30257.2,30272.2
1689559200000,30272.2,30279.4,30261.2,30273.8
1689559500000,30273.8,30284.9,30264.5,30270.5
1689559800000,30270.5,30275.7,30256.4,30263.8
1689560100000,30262.8,30278.3,30260.2,30277
1689560400000,30277,30278.3,30262.1,30276.9
1689560700000,30276.9,30281.6,30268.1,30273.6
1689561000000,30273.6,30275.7,30259.1,30275.7
1689561300000,30275.7,30275.7,30258.1,30270.8
1689561600000,30270.8,30282.7,30260.5,30282.7
1689561900000,30279.5,30279.5,30249.6,30257
1689562200000,30260,30261.7,30240,30259.1
1689562500000,30259.1,30259.1,30234.9,30242.8
1689562800000,30242.8,30245.7,30234.4,30239
1689563100000,30239.4,30248.1,30237.8,30243.5
1689563400000,30240.5,30253.3,30240.5,30252.5
1689563700000,30252.5,30262.4,30247.9,30262.4
1689564000000,30262.4,30263.3,30255.7,30259.4
1689564300000,30259.8,30263.3,30245.9,30249.6
1689564600000,30249.6,30263.8,30248.3,30263.4
1689564900000,30263.4,30277.9,30263.4,30276
1689565200000,30276,30284.7,30273.3,30284.7
1689565500000,30284.7,30286.2,30275.3,30285.8
1689565800000,30285.8,30285.8,30273.4,30275.4
1689566100000,30275.4,30292.2,30271.4,30285.2
1689566400000,30285.2,30286.1,30276.1,30282.6
1689566700000,30282.6,30284.6,30269.8,30278.9
1689567000000,30278.9,30286.7,30272.7,30282.5
1689567300000,30282.5,30286,30275,30283.1
1689567600000,30283.1,30283.1,30269.2,30278.9
1689567900000,30278.9,30278.9,30271.7,30276.5
1689568200000,30276.5,30278.8,30270.3,30278.2
1689568500000,30278.2,30293.4,30274.4,30279.6
1689568800000,30279.6,30280.3,30249.9,30263.3
1689569100000,30263.3,30268.2,30251.7,30268.2
1689569400000,30271.2,30274.2,30265.1,30268.1
1689569700000,30270.9,30278.6,30266.1,30277.2
1689570000000,30279.3,30290.1,30276.6,30290.1
1689570300000,30290.1,30296.2,30289.9,30296.2
1689570600000,30296.2,30304.7,30284.7,30301.7
1689570900000,30301.7,30302.6,30266,30273.2
1689571200000,30273.2,30286,30262.2,30271.7
1689571500000,30272.2,30279.6,30270.2,30278.3
1689571800000,30278.3,30279.6,30261.8,30269.5
1689572100000,30269.5,30273.3,30260.2,30269.8
1689572400000,30269.8,30289.7,30265.8,30287.6
1689572700000,30287.6,30287.7,30270.3,30271.2
1689573000000,30271.2,30272.2,30255.2,30266.7
1689573300000,30254.3,30266.7,30243.6,30251.6
1689573600000,30251.6,30262.4,30243.4,30255.3
1689573900000,30255.3,30255.3,30247.4,30253.8
1689574200000,30253.8,30259.4,30248.7,30257.9
1689574500000,30257.9,30258.7,30246.6,30252
1689574800000,30252,30259.7,30248.8,30256.9
1689575100000,30256.9,30257.4,30249.8,30257.3
1689575400000,30257.3,30263.5,30246.8,30251.8
1689575700000,30251.8,30251.8,30244.7,30247.3
1689576000000,30247.3,30251.7,30237,30238.2
1689576300000,30241.6,30251.7,30216.9,30233
1689576600000,30233,30241.3,30224.7,30239.3
1689576900000,30240.9,30248.5,30234.5,30244.8
1689577200000,30244.8,30253.9,30241.7,30244.1
1689577500000,30244.1,30250.1,30242.2,30246.1
1689577800000,30246.1,30250.3,30237.9,30246.5
1689578100000,30246.5,30246.7,30237.8,30244.6
1689578400000,30244.6,30252.3,30242.6,30249.5
1689578700000,30249.5,30269.3,30249.4,30268.3
1689579000000,30268.3,30268.3,30217.8,30236.9
1689579300000,30228.8,30252.7,30225.3,30251.3
1689579600000,30251.3,30253.9,30238.6,30252.7
1689579900000,30252.7,30252.7,30238.2,30239
1689580200000,30242.8,30253.5,30238.9,30252.2
1689580500000,30252.2,30265.2,30239.6,30259.8
1689580800000,30263.2,30267.8,30249.5,30251.7
1689581100000,30251.7,30266.7,30246,30266.7
1689581400000,30266.7,30267.5,30256.1,30266.6
1689581700000,30266.6,30271.5,30262.4,30269.1
1689582000000,30269.1,30277.8,30265.2,30277.8
1689582300000,30277.8,30300.6,30271.3,30299.4
1689582600000,30299.4,30301.7,30289.6,30291.3
1689582900000,30291.3,30296.6,30283.8,30291.8
1689583200000,30293.6,30296.4,30272,30282.7
1689583500000,30277.4,30295.9,30257.6,30274.8
1689583800000,30277.8,30286,30255,30256
1689584100000,30263.5,30279.7,30240.4,30264.7
1689584400000,30264.7,30264.7,30241.6,30253.8
1689584700000,30253.8,30261.8,30232.5,30248.9
1689585000000,30248.9,30255.9,30205.8,30228.5
1689585300000,30228.5,30232.4,30198.4,30227.2
1689585600000,30227.2,30231.7,30209.4,30209.8
1689585900000,30209.8,30219.7,30199.7,30213.1
1689586200000,30214.2,30219.4,30199.7,30211.5
1689586500000,30211.5,30213.7,30197.3,30206
1689586800000,30206.2,30209.2,30189.1,30198.2
1689587100000,30198.2,30199.2,30168.5,30168.5
1689587400000,30168.9,30192.1,30157.7,30177.1
1689587700000,30177.1,30182.2,30146.4,30166.2
1689588000000,30166.2,30178,30162.6,30175.7
1689588300000,30175.7,30176.5,30164.7,30173.4
1689588600000,30173.5,30187.8,30169.7,30182.5
1689588900000,30182.5,30182.5,30125.4,30146.8
1689589200000,30146.8,30150.1,30018,30019.2
1689589500000,30018.9,30104.5,29963.9,30098.5
1689589800000,30099.1,30111.9,30036.6,30063.5
1689590100000,30067.7,30067.7,30031,30040.6
1689590400000,30040.6,30064.9,30036.9,30059.2
1689590700000,30059.3,30149.6,30049,30145.5
1689591000000,30149.1,30151.7,30107.6,30149.9
1689591300000,30148.6,30158.3,30130.4,30143.2
1689591600000,30143.2,30178.1,30123.4,30168.2
1689591900000,30168.9,30186.2,30152.7,30186.2
1689592200000,30186.2,30234.7,30180.8,30228.6
1689592500000,30228.2,30235.4,30200,30211.7
1689592800000,30212.3,30220.6,30194.9,30194.9
1689593100000,30194.9,30205.4,30189.7,30193
1689593400000,30193,30195.1,30176.9,30189.8
1689593700000,30189.8,30189.8,30163.3,30180.1
1689594000000,30180.1,30194.2,30161,30188
1689594300000,30188,30198.1,30161.8,30191.3
1689594600000,30191.3,30191.3,30153.2,30154
1689594900000,30154,30154.5,30138.1,30150.1
1689595200000,30150.1,30151.4,30111.6,30119.9
1689595500000,30121,30124,30062.5,30065.5
1689595800000,30065.5,30094.2,30047.7,30065.2
1689596100000,30065.2,30088.9,30038.8,30064.5
1689596400000,30066.7,30069.7,30036.7,30044.5
1689596700000,30044.5,30058.8,30021.4,30052.1
1689597000000,30052.1,30082.8,30015.3,30064.5
1689597300000,30064.5,30072,30050,30067.5
1689597600000,30067.5,30125.6,30062,30119.5
1689597900000,30123.1,30177.3,30123.1,30149.2
1689598200000,30149.2,30158.6,30148.9,30154
1689598500000,30155.2,30180.5,30154,30174.9
1689598800000,30174.9,30178,30160.9,30169.3
1689599100000,30169.3,30169.3,30154.8,30163.4
1689599400000,30163.4,30163.4,30146.7,30159.7
1689599700000,30159.7,30163.1,30153.6,30162.7
1689600000000,30162.7,30213.6,30153.6,30212.4
1689600300000,30213.5,30243,30212.4,30221.6
1689600600000,30221.6,30221.6,30184.4,30191.9
1689600900000,30194.9,30196.4,30158.1,30167.8
1689601200000,30167.8,30209,30166.4,30207.7
1689601500000,30207.7,30219.9,30193.6,30207.7
1689601800000,30207.7,30276.6,30207.6,30269.2
1689602100000,30269.2,30269.2,30245.5,30266.5
1689602400000,30266.6,30278.7,30241,30267.8
1689602700000,30267.8,30269.8,30236.3,30242.7
1689603000000,30242.7,30246.8,30233.7,30240.1
1689603300000,30240,30253.4,30226.9,30253.4
1689603600000,30253.4,30272.9,30241.2,30261.8
1689603900000,30261.8,30263.4,30211.4,30231.2
1689604200000,30231.2,30232.8,30210.2,30232.8
1689604500000,30233.6,30247.9,30233.6,30239.2
1689604800000,30239.4,30243.3,30218.6,30239.3
1689605100000,30239.3,30257.8,30236.4,30255.9
1689605400000,30255.9,30255.9,30239.1,30253.3
1689605700000,30253.3,30261,30250.5,30250.5
1689606000000,30250.5,30266.6,30249.7,30258.3
1689606300000,30258.3,30258.3,30248.9,30251.8
1689606600000,30251.8,30251.8,30223.4,30238.4
1689606900000,30238.8,30250.2,30208.3,30212.9
1689607200000,30212.9,30212.9,30149.8,30159.8
1689607500000,30160.6,30172.8,30123.6,30141.2
1689607800000,30141.2,30149.4,30110.4,30146.5
1689608100000,30146.5,30157.2,30107.8,30143
1689608400000,30143.4,30163.9,30143,30156.7
1689608700000,30158.2,30164.3,30130.8,30151.6
1689609000000,30149.2,30152.6,30128.9,30143
1689609300000,30145,30161.9,30142.3,30151.8
1689609600000,30153,30162.8,30133.4,30133.4
1689609900000,30134,30203.1,30131.6,30201.2
1689610200000,30201.2,30212.7,30190.9,30212.7
1689610500000,30214,30214,30190.6,30192.1
1689610800000,30192.1,30196.5,30185.9,30191.7
1689611100000,30191.7,30191.7,30176.7,30179.7
1689611400000,30179.7,30179.7,30081.8,30101.9
1689611700000,30101.9,30103.6,30059,30069.7
1689612000000,30074,30090.1,30064.9,30082.3
1689612300000,30085,30117.6,30085,30105.6
1689612600000,30105.6,30113.9,30099.5,30110.4
1689612900000,30111.4,30120.7,30108.2,30118.4
1689613200000,30118.4,30128.6,30114.1,30123.7
1689613500000,30123.7,30123.7,30064,30074.8
1689613800000,30074.8,30074.8,30023.7,30023.7
1689614100000,30023.7,30036.1,29997.2,30003.7
1689614400000,30003.7,30030.6,29906,29996.7
1689614700000,30001.2,30105.4,29996.5,30104.3
1689615000000,30104.3,30128.5,30095.4,30117.4
1689615300000,30117.4,30119.7,30086,30102.1
1689615600000,30102.1,30102.1,30054.9,30059.6
1689615900000,30059.6,30059.6,29994,30012.1
1689616200000,30012.1,30043.2,30008.8,30040
1689616500000,30040,30070.7,30016.7,30019.7
1689616800000,30019.7,30023.8,29989.7,30017.3
1689617100000,30017.4,30037.6,29998.1,30020
1689617400000,30020,30020,29978.7,29978.7
1689617700000,29981.1,30023.8,29978.7,30018.6
1689618000000,30020,30023,29983.5,29986.6
1689618300000,29987.2,30000.5,29963.5,30000.5
1689618600000,30000.5,30000.5,29763.6,29790.4
1689618900000,29789.5,29917,29787.9,29884.5
1689619200000,29881.2,29886.8,29824.8,29834.3
1689619500000,29834.3,29842.3,29647,29662.8
1689619800000,29662.8,29834.4,29643.4,29822.5
1689620100000,29822.5,29848,29781.7,29800
1689620400000,29800,29810.4,29733.1,29775.5
1689620700000,29775.5,29790.8,29742.4,29763.7
1689621000000,29763.7,29830.6,29763.6,29817.8
1689621300000,29817.8,29868.5,29817.8,29862.9
1689621600000,29862.5,29872.3,29825.6,29842.5
1689621900000,29842.5,29907.6,29836.1,29892.2
1689622200000,29892.2,29896.6,29840.1,29862.6
1689622500000,29862.6,29873.2,29845.1,29854.7
1689622800000,29854.7,29867.2,29839.6,29860.7
1689623100000,29865.7,29869.7,29819.9,29831.2
1689623400000,29831.2,29847.2,29812.4,29816.4
1689623700000,29819.3,29891.2,29819.3,29870.2
1689624000000,29870.2,29936.9,29858.4,29922.6
1689624300000,29920.6,29943.1,29913.7,29930.3
1689624600000,29933,29940.3,29911,29924.3
1689624900000,29924.3,29965.4,29917.5,29942
1689625200000,29942,29942,29905.1,29913
1689625500000,29913,29926.6,29906.4,29915.9
1689625800000,29915.9,29918.3,29889.4,29892.1
1689626100000,29892.2,29907.7,29892.1,29897.4
1689626400000,29897.4,29916.2,29886.5,29914.2
1689626700000,29914.2,29914.2,29887.8,29895.4
1689627000000,29895.4,29895.4,29887.3,29889.3
1689627300000,29890.1,29906.3,29887.5,29900.5
1689627600000,29900.5,29945.1,29893.4,29942.2
1689627900000,29942.3,29946.9,29937.8,29941.4
1689628200000,29941.4,29947.9,29941.4,29947.9
1689628500000,29949.2,30056.1,29949.2,30048.9
1689628800000,30048.9,30048.9,30010.1,30027.7
1689629100000,30027.7,30043.6,30007,30043.2
1689629400000,30043.2,30043.2,30015.5,30015.5
1689629700000,30015.5,30019.7,30013.6,30013.6
1689630000000,30014.1,30182.5,30013.7,30177.6
1689630300000,30177.1,30184.8,30126.2,30166.1
1689630600000,30167.4,30248.3,30167.4,30222.5
1689630900000,30223.2,30255.9,30215.7,30230.3
1689631200000,30230.3,30233.4,30175.8,30185.8
1689631500000,30184.6,30196.9,30141,30156.3
1689631800000,30156.3,30161.6,30144.5,30154.5
1689632100000,30154.5,30172.5,30128.8,30141.7
1689632400000,30142.8,30178.1,30142.8,30176.4
1689632700000,30181.5,30184.5,30161.7,30161.7
1689633000000,30163.3,30180.2,30160.3,30163.4
1689633300000,30169.4,30172.4,30138.4,30138.4
1689633600000,30130.3,30134.4,30124.5,30132.3
1689633900000,30132.3,30139.7,30107.9,30118.1
1689634200000,30118.1,30118.1,30087.4,30105.1
1689634500000,30105.5,30108.5,30080.4,30083.6
1689634800000,30084.3,30087.3,30060.6,30072.3
1689635100000,30072.3,30072.3,30072.3,30072.3
1689635400000,30072.3,30100.8,30072.3,30090.4
1689635700000,30090.4,30113.9,30084.4,30113.7
1689636000000,30113.7,30113.7,30091.5,30097.7
1689636300000,30097.7,30103.2,30091.7,30102.2
1689636600000,30102.2,30110.1,30097.9,30104.2
1689636900000,30104.2,30141.7,30104.2,30128.3
1689637200000,30128.3,30128.3,30106.6,30109.1
1689637500000,30109.8,30135.3,30109.2,30119.8
1689637800000,30119.8,30136.5,30119,30129.9
1689638100000,30129.9,30129.9,30112.6,30112.6
1689638400000,30114.3,30129.6,30111.9,30116.8
1689638700000,30116.8,30142.1,30105.2,30139.1
1689639000000,30139.1,30139.1,30122.7,30130.1
1689639300000,30130.1,30130.1,30091.8,30108
1689639600000,30108,30134.8,30094.2,30119.9
1689639900000,30119.9,30160.7,30115.9,30157.6
1689640200000,30157.6,30168.6,30141.1,30143.9
1689640500000,30143.9,30154.8,30143.9,30153
1689640800000,30153.1,30156.3,30151.4,30154.4
1689641100000,30154.4,30154.4,30123.4,30131.6
1689641400000,30131.6,30137.6,30119,30137.6
1689641700000,30137.6,30149.4,30136.9,30144.1
1689642000000,30144.1,30148.1,30125.3,30136.7
1689642300000,30136.7,30136.7,30121.6,30132.3
1689642600000,30132.3,30164.4,30132.3,30158.3
1689642900000,30158.3,30158.3,30144.6,30152.9
1689643200000,30152.9,30152.9,30135.2,30139.4
1689643500000,30140.5,30170.1,30140.3,30166.1
1689643800000,30160.7,30168.4,30158.3,30163.5
1689644100000,30163.5,30170.6,30160.1,30166.1
1689644400000,30166.1,30173.1,30163.8,30171.3
1689644700000,30171,30189.8,30167.9,30187.7
1689645000000,30187.7,30207.7,30187.7,30194.8
1689645300000,30194.8,30213.5,30188.4,30188.4
1689645600000,30187.2,30193.6,30187.2,30189
1689645900000,30189,30204.8,30187.4,30187.4
1689646200000,30187.4,30187.4,30148.7,30148.7
1689646500000,30148.7,30148.7,30133,30137.5
1689646800000,30137.5,30137.5,30128.5,30133.4
1689647100000,30133.9,30141.9,30126,30131.5
1689647400000,30131.5,30131.5,30106.7,30107.2
1689647700000,30107.2,30117.2,30089.5,30092.4
1689648000000,30092.5,30106.1,30092.5,30101.3
1689648300000,30101.3,30103.6,30090.4,30102
1689648600000,30102,30107.1,30095.5,30097.4
1689648900000,30097.4,30098.1,30089.4,30095.9
1689649200000,30095.9,30123.7,30091,30121.2
1689649500000,30121.2,30123,30107.8,30107.8
1689649800000,30108.2,30122.5,30107.8,30121.1
1689650100000,30121.1,30121.3,30106.3,30111.8
1689650400000,30111.8,30111.8,30092.7,30096.3
1689650700000,30096.3,30099.7,30086.8,30089.5
1689651000000,30090.3,30119.3,30089.5,30104.7
1689651300000,30104.7,30104.7,30083.1,30084.3
1689651600000,30084.3,30084.3,30055.3,30063.4
1689651900000,30063.4,30081.2,30057.7,30063.5
1689652200000,30063.5,30078.7,30058.7,30072.8
1689652500000,30072.8,30072.8,30055.9,30056.1
1689652800000,30056.1,30064.6,30049.9,30057
1689653100000,30057.1,30071.4,30041.1,30050.2
1689653400000,30050.2,30050.7,30036.6,30047.2
1689653700000,30047.2,30047.2,30023.1,30031.3
1689654000000,30031.3,30033.7,30018.1,30031.9
1689654300000,30031.9,30077.1,30028.8,30060.4
1689654600000,30060.4,30068.9,30044,30063.9
1689654900000,30064,30080.6,30064,30071.2
1689655200000,30071.2,30071.2,30053.5,30057.7
1689655500000,30057.7,30079.6,30057.4,30074.8
1689655800000,30074.8,30083.4,30068.6,30081.5
1689656100000,30082.2,30094.7,30080,30091.5
1689656400000,30091.5,30093.2,30076.8,30077
1689656700000,30077,30077,30063.6,30067.8
1689657000000,30067.8,30078.3,30067.8,30076.1
1689657300000,30076.1,30080.2,30066.3,30066.3
1689657600000,30066.3,30068.9,30066.3,30068.9
1689657900000,30068.9,30068.9,30055.1,30068.9
1689658200000,30068.9,30068.9,30048.8,30061.5
1689658500000,30061.5,30061.5,30041.9,30045.6
1689658800000,30045.6,30045.6,30027.1,30033.5
1689659100000,30033.5,30034.7,30016.8,30033.2
1689659400000,30033.2,30045.8,30030.2,30034.7
1689659700000,30034.7,30037.8,30027.9,30027.9
1689660000000,30028.8,30046.8,30025.4,30046.8
1689660300000,30046.8,30063.4,30038.2,30054.1
1689660600000,30054.1,30062,30045,30048
1689660900000,30048,30049,29994,30016.1
1689661200000,30018.3,30061.9,30017.1,30060.1
1689661500000,30061.3,30068.9,30027.7,30039.4
1689661800000,30039.4,30039.4,30007.1,30007.3
1689662100000,30007.3,30007.3,29949.7,29966.6
1689662400000,29967.4,29970.4,29917.7,29938.3
1689662700000,29938.3,29984.9,29908.7,29962.4
1689663000000,29962.4,29964.4,29941.9,29942.8
1689663300000,29942.8,29964.1,29941.1,29959.2
1689663600000,29959.2,29994.2,29948.8,29988.6
1689663900000,29988.6,29988.6,29967.4,29973.2
1689664200000,29973.2,30006.8,29967.9,29999.4
1689664500000,29999.5,30009.1,29995.7,30009.1
1689664800000,30009.1,30009.1,30001.6,30005.6
1689665100000,30005.6,30008.7,29993.2,29995.2
1689665400000,29995.2,30001.8,29986.4,29997.1
1689665700000,29998.8,30005.1,29983,29983
1689666000000,29987.2,29987.2,29964.9,29966.2
1689666300000,29969,29972,29930.1,29938.9
1689666600000,29938.9,29963.6,29919.8,29961.6
1689666900000,29961.6,29961.6,29955.1,29958.1
1689667200000,29958.1,29958.1,29908,29911
1689667500000,29911,29939.9,29911,29919.7
1689667800000,29919.7,29921,29878.1,29912
1689668100000,29912,29924.4,29871.6,29883.7
1689668400000,29883.7,29951,29879.4,29951
1689668700000,29951.8,30057.6,29951.8,30045.4
1689669000000,30042.7,30082.4,30017.5,30069.6
1689669300000,30069.6,30069.6,30044.8,30044.8
1689669600000,30044.8,30044.8,30015.3,30017.9
1689669900000,30019.2,30026.6,30002.6,30005.5
1689670200000,30005.8,30019.1,30002.7,30004.2
1689670500000,30004.2,30004.2,29985.2,29998.5
1689670800000,29998.9,30012.5,29997.9,30008.3
1689671100000,30008.3,30011,29996.8,29996.8
1689671400000,29996.8,29996.8,29954.1,29957.2
1689671700000,29958.4,29974.8,29957.5,29971.8
1689672000000,29971.8,29992.5,29971.8,29992.5
1689672300000,29992.5,30001.3,29990.5,29993.7
1689672600000,29993.7,29993.7,29963.7,29966
1689672900000,29966,29980.7,29964.1,29971.9
1689673200000,29973,29976,29969.7,29969.7
1689673500000,29969.7,29969.7,29947.7,29950.4
1689673800000,29950.4,29963.2,29948.4,29948.4
1689674100000,29948.4,29948.4,29941.4,29945
1689674400000,29945,29945,29945,29945
1689674700000,29945,29948.4,29923.2,29942.5
1689675000000,29942.5,29943.9,29939,29942
1689675300000,29942,29942,29887.6,29900.8
1689675600000,29901.3,29937.2,29900.8,29931.7
1689675900000,29932.3,29935.3,29917.8,29922.8
1689676200000,29922.2,29932.2,29920.2,29928.5
1689676500000,29928.5,29959.5,29928.5,29958.2
1689676800000,29958.2,29970.5,29952.6,29958.9
1689677100000,29958.9,29969,29954.3,29969
1689677400000,29971.5,30001.1,29971.5,29978.6
1689677700000,29978.6,29987.4,29977.9,29980.7
1689678000000,29980.7,29987.5,29980.1,29985.6
1689678300000,29985.6,29989.5,29983.9,29988.9
1689678600000,29988.9,29989.4,29971.3,29986.1
1689678900000,29986.1,29998.4,29974.1,29996
1689679200000,29996,30042.4,29988.4,30019.7
1689679500000,30019.7,30019.7,29994.7,30006.1
1689679800000,30006.1,30021.3,30006.1,30008.5
1689680100000,30008.5,30008.5,29975.4,29984.1
1689680400000,29986,29989,29971,29971.7
1689680700000,29971.7,29971.9,29936.7,29951.6
1689681000000,29951.6,29951.6,29853.3,29861.8
1689681300000,29861.8,29865.6,29786.8,29853.7
1689681600000,29853.7,29886,29843.6,29848
1689681900000,29848,29887.3,29837.5,29885.9
1689682200000,29885.9,29886.3,29817.9,29830.1
1689682500000,29830.1,29867.1,29794.4,29863.4
1689682800000,29863.4,29863.4,29838.7,29858.4
1689683100000,29862.5,29867.6,29807.9,29820.2
1689683400000,29820.3,29850.6,29734.7,29754.1
1689683700000,29754.6,29832.4,29749.5,29813.3
1689684000000,29813.3,29813.6,29744.1,29750.6
1689684300000,29750.6,29785.2,29704.9,29712.8
1689684600000,29715.1,29783.8,29712.8,29730.1
1689684900000,29730.1,29771.1,29730.1,29756.4
1689685200000,29756.4,29806.9,29749.4,29775.7
1689685500000,29775.7,29775.7,29676.4,29711.6
1689685800000,29711.6,29805.9,29710.2,29792
1689686100000,29792,29792.2,29758,29785.7
1689686400000,29785.7,29793.8,29726.3,29793.3
1689686700000,29796.8,29801.6,29768.1,29769.6
1689687000000,29769.6,29772,29745.9,29772
1689687300000,29772,29798.5,29751.5,29788.2
1689687600000,29788.2,29836.4,29788.2,29816.3
1689687900000,29816.4,29825.6,29799.2,29824.6
1689688200000,29824.6,29824.6,29772.3,29801.7
1689688500000,29800.8,29804.1,29763.5,29799.8
1689688800000,29799.5,29864.8,29794.5,29848.9
1689689100000,29848.9,29848.9,29812.3,29824.3
1689689400000,29825.9,29889.8,29825.9,29887.7
1689689700000,29887.9,29890.7,29860,29872
1689690000000,29873.6,29991,29868.4,29978.9
1689690300000,29978.9,29978.9,29911.4,29915.9
1689690600000,29915.9,29917,29805.4,29819.9
1689690900000,29819.9,29863.7,29817.1,29863.3
1689691200000,29863.3,29946.4,29853.3,29943.9
1689691500000,29944.4,29956,29911.7,29918.1
1689691800000,29918.1,29926.4,29898,29902
1689692100000,29902,29902.6,29878.5,29894.5
1689692400000,29894.6,29897.6,29853.9,29865.2
1689692700000,29866.2,29870.7,29833.7,29857.8
1689693000000,29857.8,29892.1,29857.1,29882.7
1689693300000,29882.7,29901.5,29846.1,29866.3
1689693600000,29867.7,29874.4,29850.1,29850.1
1689693900000,29850.1,29850.1,29829.7,29829.7
1689694200000,29829.7,29852.1,29815.4,29818.2
1689694500000,29818.2,29858.3,29818.1,29852.2
1689694800000,29852.2,29859.5,29823.8,29829.2
1689695100000,29829.7,29853.5,29827.6,29853.3
1689695400000,29853.5,29857.7,29836.7,29857.7
1689695700000,29853.8,29891.6,29851.4,29880
1689696000000,29880,29891.2,29869.3,29891.2
1689696300000,29891.2,29911.6,29886.4,29905.6
1689696600000,29905.6,29922.9,29901.6,29922.9
1689696900000,29922.5,29933.1,29905.9,29912.4
1689697200000,29912.4,29912.4,29888.2,29895.4
1689697500000,29895.4,29895.4,29880.1,29884.5
1689697800000,29884.5,29896,29870.9,29888.5
1689698100000,29884,29886.5,29878.3,29878.3
1689698400000,29878.3,29878.3,29805.2,29814.3
1689698700000,29813.1,29821.1,29498.1,29679.3
1689699000000,29679.3,29747.6,29619.6,29725.9
1689699300000,29726.2,29732.6,29664.4,29677.1
1689699600000,29677.1,29715.1,29663,29685.3
1689699900000,29685.3,29716.2,29673.2,29712.2
1689700200000,29712.2,29734.5,29704.2,29710.4
1689700500000,29711,29729.5,29681.4,29685.7
1689700800000,29682.2,29715.4,29656.4,29679.9
1689701100000,29679.6,29698.8,29676.5,29691
1689701400000,29691.4,29721.2,29681.6,29686.5
1689701700000,29686.7,29723.1,29675.5,29722
1689702000000,29722.1,29761.1,29712.8,29759
1689702300000,29760.2,29762.4,29730.1,29757
1689702600000,29757.9,29762.6,29740.4,29759.9
1689702900000,29761.8,29799.8,29744.7,29787.2
1689703200000,29786,29804.7,29768.3,29768.4
1689703500000,29768.3,29786.5,29764,29782.5
1689703800000,29782,29843.4,29782,29837.6
1689704100000,29837.5,29842.1,29806.6,29832.6
1689704400000,29832.5,29867.2,29830.8,29857.1
1689704700000,29857.6,29895.8,29857.1,29895.8
1689705000000,29891.5,29894,29857.6,29870.8
1689705300000,29870.9,29870.9,29841.9,29846.5
1689705600000,29842.1,29847.6,29832.2,29836.9
1689705900000,29836.4,29875.1,29833.7,29867.2
1689706200000,29863.8,29866.6,29846.7,29859.6
1689706500000,29860.3,29876.5,29860.3,29872.2
1689706800000,29872.7,29898,29857.5,29898
1689707100000,29898.3,29912.4,29884.9,29886.3
1689707400000,29885.9,29885.9,29846.6,29863.4
1689707700000,29864,29864.7,29838.7,29850.3
1689708000000,29848.4,29850.3,29829.1,29836.7
1689708300000,29830.6,29836.7,29744.1,29744.1
1689708600000,29744.4,29782,29740.6,29770.7
1689708900000,29771.1,29771.1,29743.3,29743.3
1689709200000,29743.3,29752.9,29708.4,29715.3
1689709500000,29709,29729.3,29693.3,29701.5
1689709800000,29707.2,29715.7,29694.1,29709.4
1689710100000,29709.2,29716.8,29663.9,29687.1
1689710400000,29684.9,29759.4,29678.6,29720
1689710700000,29720,29742.9,29690.7,29704.7
1689711000000,29704.8,29751.6,29700.3,29723.9
1689711300000,29724.1,29724.1,29699.8,29701.5
1689711600000,29702.8,29707.6,29698.5,29706.4
1689711900000,29707.1,29711.3,29694.8,29694.9
1689712200000,29694.8,29723.7,29675.7,29718.2
1689712500000,29715.2,29742.9,29711.8,29734.5
1689712800000,29734.1,29781.5,29729.8,29755.1
1689713100000,29758.3,29768.4,29745.2,29745.2
1689713400000,29744.5,29753.7,29740.6,29751.8
1689713700000,29751.5,29754.7,29745.7,29751.5
1689714000000,29751.6,29786.1,29741.3,29752.4
1689714300000,29752.5,29769.9,29751.6,29752.2
1689714600000,29752.7,29752.7,29738.1,29750.1
1689714900000,29750.3,29764.6,29745.9,29764.6
1689715200000,29765,29799,29764,29794.8
1689715500000,29794.6,29804.4,29792.3,29799.5
1689715800000,29799.3,29800.8,29785.8,29787.9
1689716100000,29787.4,29792.2,29787.1,29788.6
1689716400000,29788.5,29789.1,29783.8,29785.6
1689716700000,29785.5,29788.2,29784,29786.7
1689717000000,29786.2,29786.2,29751.4,29758.6
1689717300000,29758.7,29774.6,29758.7,29771.2
1689717600000,29766.4,29768.3,29747.9,29765.9
1689717900000,29766,29780.2,29765.7,29771.8
1689718200000,29771.9,29773.5,29763.8,29772.4
1689718500000,29768.6,29773.1,29732.6,29741.3
1689718800000,29741.4,29753.5,29734.7,29751.2
1689719100000,29751.1,29751.1,29748.3,29750.6
1689719400000,29749.7,29750.6,29735.2,29735.4
1689719700000,29735.3,29756.7,29733.1,29751.8
1689720000000,29753.4,29776.6,29745,29774.8
1689720300000,29774.5,29797.5,29773.4,29791.2
1689720600000,29790.8,29802.1,29773.9,29783
1689720900000,29777.6,29794.7,29770.1,29789.6
1689721200000,29788.4,29801.3,29778.1,29793.6
1689721500000,29793.8,29797.5,29775.5,29776.9
1689721800000,29779.6,29780.3,29767.6,29772
1689722100000,29778.8,29786.5,29760.4,29779.5
1689722400000,29783.8,29803.8,29779.5,29800.6
1689722700000,29800,29813.4,29798.1,29812.1
1689723000000,29812.2,29816.7,29796.9,29810.7
1689723300000,29805.4,29810.7,29767,29786.5
1689723600000,29787.8,29796.6,29783.2,29791.4
1689723900000,29791.4,29805.5,29776.2,29802.4
1689724200000,29802.9,29824.8,29799.8,29819.6
1689724500000,29820,29836.8,29817,29827.8
1689724800000,29829.9,29839.4,29811.6,29837.2
1689725100000,29837,29837.5,29810.6,29826.4
1689725400000,29828.5,29861.1,29828.5,29848.9
1689725700000,29847.9,29864.9,29832.4,29862.9
1689726000000,29864.9,29900.5,29849.8,29880.4
1689726300000,29879.9,29896.7,29863.3,29888.6
1689726600000,29888.8,29977.4,29888.8,29971.4
1689726900000,29967.5,30028.4,29960.8,29977.3
1689727200000,29977.8,29982.3,29947.1,29964.7
1689727500000,29960.8,29995.7,29960.8,29987.9
1689727800000,29987.9,30005.5,29981.7,30003.4
1689728100000,30001.1,30043.7,29999.7,30024
1689728400000,30026.4,30042,29986.2,30001.4
1689728700000,30001.8,30029.9,29988.3,29999.9
1689729000000,29993.6,30002.1,29977.4,29996.6
1689729300000,29997.1,30022.7,29965.7,29972
1689729600000,29973.2,29973.2,29925,29938.8
1689729900000,29940.1,29969.5,29933.3,29964.8
1689730200000,29965.1,29972.9,29939.7,29956.8
1689730500000,29953.8,29960.4,29939,29956.1
1689730800000,29956.2,29968.6,29943.9,29943.9
1689731100000,29944.2,29965.3,29943,29964.5
1689731400000,29964.8,29986.6,29959.5,29975.3
1689731700000,29975.3,29986.3,29972.7,29979.5
1689732000000,29979.8,29996.8,29966.6,29975
1689732300000,29975,29981.7,29964.1,29976.1
1689732600000,29970.8,29979.5,29966.4,29977
1689732900000,29977,29979.7,29966.7,29974.8
1689733200000,29975.3,29989.5,29967.9,29985.5
1689733500000,29985.3,29985.4,29945.2,29947.4
1689733800000,29946.3,29967.6,29946.3,29962.9
1689734100000,29963.1,29985,29959.4,29976.2
1689734400000,29976.9,29986.1,29971.9,29978
1689734700000,29977.7,29986,29974.1,29983.8
1689735000000,29983.4,29997.7,29976.4,29991.2
1689735300000,29991.7,30003.2,29985.4,29999.3
1689735600000,29999.4,30022.3,29988.7,29991
1689735900000,29989,29997.4,29982.4,29992.7
1689736200000,29996.9,30045.8,29994.8,30036.7
1689736500000,30036.6,30039.6,30018.9,30021.4
1689736800000,30019.6,30037.3,30019.6,30036.3
1689737100000,30036.5,30036.6,30020.3,30025.9
1689737400000,30028.1,30034.7,30001.5,30013.1
1689737700000,30012.5,30020.6,30009.7,30012.9
1689738000000,30012.6,30023.5,29979.2,30015.2
1689738300000,30016,30035.3,30011.8,30028.2
1689738600000,30027.9,30047.5,30025.1,30046.7
1689738900000,30045.9,30051.1,30029.7,30042.2
1689739200000,30046.7,30068.2,30036.1,30046.7
1689739500000,30048.2,30079,30045.5,30072.2
1689739800000,30072,30078,30057.9,30064.1
1689740100000,30063.3,30136.7,30060.7,30127
1689740400000,30126.7,30161.2,30122.8,30124.8
1689740700000,30124.4,30124.4,30094.3,30113.3
1689741000000,30111.7,30157,30111.7,30153.4
1689741300000,30155.8,30155.8,30132.9,30133.7
1689741600000,30133.9,30133.9,30094.7,30104.9
1689741900000,30103.8,30103.8,30072,30083.4
1689742200000,30074.7,30088.6,30065.2,30080.8
1689742500000,30088.6,30088.6,30067.5,30088.6
1689742800000,30087.2,30088.6,30053.4,30066.4
1689743100000,30062.9,30086,30062.8,30076.9
1689743400000,30076.5,30077.3,30054.5,30057.5
1689743700000,30057.2,30077.8,30056.8,30076.3
1689744000000,30076.3,30094.8,30072.4,30088.9
1689744300000,30089.1,30094.8,30061,30067.3
1689744600000,30067.3,30073.8,30059.9,30066.1
1689744900000,30066,30072.5,30036.6,30054.4
1689745200000,30055.6,30063.3,30051.6,30056.6
1689745500000,30056.9,30061.7,30048.6,30058.5
1689745800000,30058.7,30081.8,30056.1,30071
1689746100000,30071.3,30082.6,30069.1,30074.6
1689746400000,30074,30086.1,30064.1,30066.7
1689746700000,30066.7,30071.9,30060,30067.2
1689747000000,30066,30068,30041.7,30048.4
1689747300000,30052.5,30055.6,30046.7,30052.2
1689747600000,30053.8,30055.6,30030.2,30031.7
1689747900000,30034.8,30046.7,30017.4,30024.3
1689748200000,30031.1,30034,30004.4,30024.8
1689748500000,30025.4,30038.6,30018.4,30022.9
1689748800000,30021.7,30024.9,29982.3,29991.1
1689749100000,29990.9,30005.1,29978.8,29995
1689749400000,29996.4,30022.6,29994.3,30018
1689749700000,30018.9,30027.7,30012.7,30017.8
1689750000000,30018.1,30047.8,30017.2,30027.6
1689750300000,30028.3,30029.6,29997.7,30015.9
1689750600000,30012.1,30018.6,30001.2,30013.6
1689750900000,30013.5,30020.4,30010.4,30015.9
1689751200000,30015.5,30029.8,30011.5,30014.8
1689751500000,30020.3,30023,30008.8,30017.8
1689751800000,30017.8,30019.6,30009.6,30010.5
1689752100000,30010.1,30015.4,30002.9,30006.8
1689752400000,30006.2,30006.8,29969.3,29976.7
1689752700000,29976.7,29976.7,29941.9,29957.7
1689753000000,29957.8,29988.5,29954.2,29965.5
1689753300000,29965.4,29979.8,29963.7,29968.3
1689753600000,29968.3,29974.1,29948.9,29955.3
1689753900000,29961.4,29962.3,29931.4,29935.4
1689754200000,29935.3,29955.7,29931.3,29952
1689754500000,29952.4,29961,29941.9,29961
1689754800000,29961.2,29976.2,29955.3,29974.5
1689755100000,29974.8,29982.6,29972.2,29978.1
1689755400000,29977.9,29986.6,29960.4,29960.4
1689755700000,29960.5,29970.7,29954.9,29962.1
1689756000000,29962,29963.9,29954.7,29960
1689756300000,29955.9,29961,29865.4,29883.2
1689756600000,29885.1,29911.1,29867,29876.1
1689756900000,29875.6,29907.9,29875.6,29896
1689757200000,29895.5,29896.6,29847.1,29869.3
1689757500000,29869.7,29919.6,29869.2,29916.4
1689757800000,29916.1,29922.2,29908.6,29916
1689758100000,29915.3,29962.1,29915.2,29953.2
1689758400000,29952.4,29962.1,29941.2,29941.7
1689758700000,29943.4,29957.2,29941.7,29956.1
1689759000000,29956.6,29958,29945.9,29950.7
1689759300000,29950.6,29950.7,29942,29942
1689759600000,29935.6,29954.6,29935.6,29954.6
1689759900000,29954.2,30012.7,29954.2,29997.1
1689760200000,29996.8,29996.8,29979.2,29979.7
1689760500000,29985.8,29985.8,29974.6,29985.8
1689760800000,29984.6,29990.9,29979.7,29990.9
1689761100000,29990.7,30003.9,29981.7,29981.7
1689761400000,29981.6,30002.5,29981.6,30001.4
1689761700000,29994.5,30001.4,29978.2,29986.4
1689762000000,29980,29981.7,29958.4,29970.4
1689762300000,29965,29971.5,29953.1,29963.2
1689762600000,29963.3,29971.5,29959.2,29963.5
1689762900000,29963.1,29982.2,29962.2,29975.6
1689763200000,29980.3,29991.4,29958.9,29961.6
1689763500000,29961.6,29966.7,29949.4,29966.7
1689763800000,29966.1,29966.7,29952.5,29955.8
1689764100000,29955.8,29958,29949.5,29954.7
1689764400000,29954.1,29981.8,29954.1,29974.5
1689764700000,29974.3,29976.6,29955.3,29955.3
1689765000000,29958.4,29970.6,29954.5,29965
1689765300000,29965.9,29967.1,29960.7,29964.6
1689765600000,29962.6,29972.2,29952.7,29962.6
1689765900000,29962.2,29964.6,29940.6,29962.2
1689766200000,29962.3,29963.2,29953.8,29954.9
1689766500000,29954.8,29954.9,29936.4,29939.7
1689766800000,29939.4,29965,29939.4,29957.6
1689767100000,29958.9,29971.5,29954,29966.5
1689767400000,29966.4,29986.3,29965.7,29977.9
1689767700000,29977.9,29999.1,29976.7,29981.6
1689768000000,29981.9,29990.3,29972.5,29974.5
1689768300000,29975.6,29978,29971.2,29972
1689768600000,29971.6,29973.8,29911.7,29926.6
1689768900000,29925.1,29937.5,29910.8,29915.2
1689769200000,29914.8,29918.8,29906.6,29913.7
1689769500000,29914.5,29915.7,29891.7,29897.8
1689769800000,29897.9,29916.1,29894.7,29908.6
1689770100000,29908.2,29910.4,29884,29888.7
1689770400000,29888.4,29912.7,29864.6,29887.9
1689770700000,29887.3,29929.6,29886.4,29929.1
1689771000000,29928.9,29931.2,29911.1,29930.7
1689771300000,29929.9,29941,29917.3,29918
1689771600000,29917.9,29926.5,29909.5,29910.2
1689771900000,29909.8,29918.4,29875.8,29880
1689772200000,29880.1,29885.5,29860.1,29869.7
1689772500000,29868.2,29883.2,29810.2,29876.9
1689772800000,29876.9,29905.9,29863.2,29903.9
1689773100000,29904.1,29918.6,29902.5,29918.3
1689773400000,29917.8,29951.8,29914.5,29942.3
1689773700000,29941.8,29945.2,29915.7,29936.6
1689774000000,29937.5,30010.5,29935.5,30010.1
1689774300000,30009.5,30095.8,29982.1,29988.3
1689774600000,29988.7,30008.8,29923.1,29990.5
1689774900000,29989.2,29990.5,29954.9,29967.8
1689775200000,29968.4,30023.2,29953.1,29958.5
1689775500000,29956.6,29966.8,29858.9,29891.8
1689775800000,29893.6,29896.6,29849.1,29866.8
1689776100000,29867.4,29904.2,29833.8,29880.5
1689776400000,29880.9,29886.9,29858.1,29870.4
1689776700000,29872,29872.5,29838.5,29839.1
1689777000000,29838.4,29866.3,29820.1,29836.8
1689777300000,29835.9,29844.5,29766.2,29830.9
1689777600000,29831.4,29832.8,29799.6,29804.7
1689777900000,29805.3,29819.7,29761.3,29798
1689778200000,29798.3,29843.7,29797.9,29810.9
1689778500000,29809.5,29810.9,29789.3,29790.3
1689778800000,29790.7,29823.6,29742.8,29798.7
1689779100000,29798.6,29822.6,29786.4,29818.3
1689779400000,29819.8,29831.2,29810.3,29810.8
1689779700000,29811.1,29845.1,29809.1,29832.9
1689780000000,29833.8,29839.2,29822.1,29836.7
1689780300000,29836.8,29869.9,29834.1,29848.7
1689780600000,29849.2,29899.7,29831.6,29891.8
1689780900000,29890.7,29891.8,29854.6,29854.6
1689781200000,29855,29870.2,29841.2,29860.7
1689781500000,29860.8,29928.1,29860.8,29918.2
1689781800000,29916.7,29962.7,29916.7,29947.7
1689782100000,29947.5,29961.8,29908.9,29920.8
1689782400000,29921,29942.3,29918,29931.7
1689782700000,29929.8,29946.3,29889.2,29911.6
1689783000000,29912,29913.1,29882.1,29897.6
1689783300000,29897.4,29897.4,29866.3,29867.5
1689783600000,29867.4,29894.8,29847.2,29881.4
1689783900000,29880.5,29883.8,29867.6,29872.3
1689784200000,29871.4,29884.3,29864.7,29880
1689784500000,29879.7,29887.5,29871.6,29872.1
1689784800000,29872.1,29873.5,29849.1,29850.8
1689785100000,29850.9,29864.6,29848.1,29848.6
1689785400000,29848.3,29869,29846.2,29869
1689785700000,29869,29876.8,29847.7,29871
1689786000000,29872,29884.4,29855.5,29882.5
1689786300000,29881.2,29901.2,29874.8,29888.8
1689786600000,29888.6,29969.8,29888,29964.7
1689786900000,29964.7,29964.7,29900.9,29900.9
1689787200000,29900.9,29945.3,29900.5,29943.4
1689787500000,29943.8,29951.8,29925.9,29934.4
1689787800000,29932.5,29944.6,29911.1,29929.1
1689788100000,29925.8,29962.3,29925.8,29959
1689788400000,29958.5,29982,29951.7,29970.8
1689788700000,29970.7,30043.4,29965.9,30042.5
1689789000000,30042.6,30055.2,30005.7,30005.7
1689789300000,30004.3,30005.7,29937.8,29959.4
1689789600000,29958.9,29984.6,29925.1,29938.1
1689789900000,29937.8,29963.8,29931.7,29936.7
1689790200000,29936,29936.7,29912.8,29929.5
1689790500000,29929.1,29937.1,29920.8,29935.5
1689790800000,29934.7,30000.6,29931.5,29990.7
1689791100000,29990.8,30026.6,29981.2,29992.2
1689791400000,29991.6,29992.2,29948.5,29963.6
1689791700000,29963.5,29978.7,29957,29965.1
1689792000000,29964.3,30010.1,29958.4,30009.7
1689792300000,30010,30048.8,30000,30008.6
1689792600000,30007.9,30040,30007.9,30023.9
1689792900000,30024.9,30060.5,30024.7,30046.4
1689793200000,30046.8,30063.2,30016.8,30022.1
1689793500000,30022,30027.6,30000.4,30008.9
1689793800000,30008.7,30037.3,30008.4,30034.3
1689794100000,30033.8,30042.4,30019.5,30039.7
1689794400000,30039.7,30068.5,30038.1,30049.4
1689794700000,30050,30052.4,30028.7,30028.7
1689795000000,30023.1,30034.9,29996.5,30000.1
1689795300000,29999.4,30027.9,29994.3,30027.9
1689795600000,30027.5,30049.5,30024.1,30036.9
1689795900000,30037.8,30037.8,30012.7,30018.6
1689796200000,30019.9,30041.4,30014,30040.1
1689796500000,30039.9,30041.4,30006.4,30012
1689796800000,30013.2,30026.3,29990.2,29991.2
1689797100000,29991.9,30015.8,29982.6,30012.6
1689797400000,30011.1,30011.6,29982.3,29997.4
1689797700000,29997.1,29997.3,29981,29982.7
1689798000000,29982.3,29984.6,29939.9,29968.3
1689798300000,29967.8,29971.2,29957.5,29959
1689798600000,29958.4,29983.1,29946.6,29980.9
1689798900000,29981.2,29981.2,29968.7,29970
1689799200000,29970.2,29977.6,29961,29975
1689799500000,29975.6,29995.1,29973.2,29983.6
1689799800000,29983.6,29984.1,29944.7,29956.7
1689800100000,29956.1,29956.7,29924.6,29934.1
1689800400000,29929.5,29933.1,29890.1,29893.3
1689800700000,29892.7,29903.2,29881.4,29884.8
1689801000000,29882.4,29900.2,29871.2,29886.9
1689801300000,29886.7,29887.2,29839.5,29841.9
1689801600000,29841.8,29853.9,29823.8,29846.9
1689801900000,29846.9,29896.5,29846.9,29894.5
1689802200000,29894.4,29914.8,29882.7,29910.1
1689802500000,29910.2,29931.3,29887.8,29895.5
1689802800000,29895.6,29904.6,29890.7,29904.6
1689803100000,29905.3,29906,29898.2,29898.4
1689803400000,29898.3,29900.3,29895.7,29898
1689803700000,29898.8,29902,29898.8,29900.9
1689804000000,29895.9,29917.8,29895.7,29903.2
1689804300000,29902.6,29902.6,29886.2,29894
1689804600000,29894.1,29894.3,29860.1,29864.9
1689804900000,29865.3,29868.1,29847.3,29852.6
1689805200000,29852.7,29889.5,29844,29882.9
1689805500000,29882.7,29882.7,29873.4,29881.7
1689805800000,29881.1,29881.2,29856.4,29857.1
1689806100000,29856.7,29868.6,29837.1,29850.6
1689806400000,29850.1,29865.8,29843.8,29847.2
1689806700000,29846.2,29847.2,29821.7,29826.2
1689807000000,29826.1,29853.2,29826.1,29844.4
1689807300000,29844.6,29849.6,29836.2,29842.8
1689807600000,29842.9,29859,29836.5,29839.4
1689807900000,29840,29845,29804.6,29835.8
1689808200000,29836.3,29844.8,29824.6,29834.1
1689808500000,29833.9,29846.9,29820.5,29823.1
1689808800000,29822.8,29841.7,29817.2,29836.9
1689809100000,29837.2,29892.9,29836.4,29883.4
1689809400000,29883.1,29903.8,29878.6,29900.1
1689809700000,29899.7,29913.5,29898,29908.4
1689810000000,29907.7,29909.2,29884.6,29905
1689810300000,29904.6,29906.7,29873.5,29877.5
1689810600000,29876,29904,29872.7,29904
1689810900000,29903.8,29905.1,29877.1,29880.4
1689811200000,29880.6,29895.2,29871.4,29892.1
1689811500000,29891.3,29899.5,29883.4,29889.2
1689811800000,29885.1,29903.4,29876.6,29902.9
1689812100000,29903.3,29903.6,29884.9,29899.3
1689812400000,29898.7,29914.3,29897.6,29907.1
1689812700000,29900.1,29909.5,29883.1,29888.2
1689813000000,29886.2,29927.9,29858.1,29926.4
1689813300000,29922.7,29934.4,29918.5,29932.1
1689813600000,29931.4,29940.4,29925,29937.5
1689813900000,29937.8,29976.6,29937.8,29968.9
1689814200000,29964.4,29983.3,29954.8,29963.6
1689814500000,29965.2,29976.1,29963.6,29969.9
1689814800000,29971.9,29987.4,29970.3,29977.9
1689815100000,29977.4,29997.8,29977.4,29987.2
1689815400000,29990.9,29990.9,29971.1,29973.5
1689815700000,29973.4,29983.4,29961.4,29973.5
1689816000000,29959.8,29973.5,29942,29953.4
1689816300000,29952.8,29968.9,29947.8,29963.6
1689816600000,29969.1,29978.8,29954.8,29958
1689816900000,29959,29965.1,29956.2,29963.3
1689817200000,29963.6,29990.6,29960.2,29983.2
1689817500000,29984.3,29987.6,29968.2,29975.3
1689817800000,29975.2,29977.7,29966.6,29972.7
1689818100000,29972,29972.7,29959.2,29967.7
1689818400000,29966.8,29992.1,29962.2,29987.2
1689818700000,29987.2,30011.3,29981,30007.2
1689819000000,30007.5,30019.8,29980.4,29999.2
1689819300000,29999.1,30000.4,29976.8,29989.5
1689819600000,29991.7,29991.7,29979.4,29983.3
1689819900000,29983.4,30002.6,29982,29993.3
1689820200000,29993.2,30007.2,29990.4,30003.4
1689820500000,30004.7,30006.6,29967.4,29978.9
1689820800000,29982.6,29982.6,29954.6,29967.1
1689821100000,29964.1,29967.7,29955.1,29967.7
1689821400000,29963.9,29986,29960,29960
1689821700000,29961.2,29961.4,29945.7,29955.8
1689822000000,29955.7,29960.3,29944.6,29957.3
1689822300000,29958.6,29964.7,29941.1,29947.7
1689822600000,29947.8,29954.7,29936.6,29946.9
1689822900000,29947.3,29956.8,29936.5,29949.7
1689823200000,29945.5,29949.7,29941.5,29945.9
1689823500000,29941.2,29946.4,29901.6,29907
1689823800000,29906.3,29907.6,29887.4,29906.1
1689824100000,29906.1,29908,29903.5,29904.7
1689824400000,29904.9,29916.7,29904.7,29911.8
1689824700000,29912.1,29916.7,29908.8,29913.1
1689825000000,29913,29914.1,29903.2,29912.7
1689825300000,29912.5,29924.8,29911.1,29921
1689825600000,29920,29932.9,29918.7,29918.7
1689825900000,29923.4,29932.5,29918.7,29929.5
1689826200000,29929.3,29941.5,29929.3,29936.8
1689826500000,29937,29941.6,29936.2,29938.9
1689826800000,29939.4,29940.2,29907.9,29913
1689827100000,29919.3,29919.3,29899.3,29914.3
1689827400000,29907.7,29915.5,29904.4,29915.3
1689827700000,29915.5,29921.4,29907.1,29921.1
1689828000000,29920.9,29941.7,29918.7,29935.6
1689828300000,29935.8,29955.5,29935.6,29947
1689828600000,29946.9,29946.9,29931.2,29937.1
1689828900000,29932,29938.4,29928.5,29938.1
1689829200000,29934.6,29940.3,29925.6,29936.8
1689829500000,29931.4,29938.1,29924.3,29932.8
1689829800000,29932.1,29952.3,29925.4,29949.7
1689830100000,29953.2,30020.7,29953.2,30002.3
1689830400000,29999.4,30009.7,29985.9,30005
1689830700000,30006.1,30011.9,29990.6,30005.8
1689831000000,30005.4,30048.7,30004.4,30040.5
1689831300000,30037.4,30082.4,30037.4,30063.3
1689831600000,30062.4,30138.9,30057.1,30110
1689831900000,30113.3,30125.2,30084.7,30090.8
1689832200000,30090.4,30135.3,30090.3,30133.2
1689832500000,30133,30141.7,30096.8,30103
1689832800000,30109.9,30128.1,30102.1,30126.7
1689833100000,30126.2,30134.5,30114.7,30125.5
1689833400000,30115.4,30125.5,30058.9,30077.9
1689833700000,30071.8,30089.6,30062.1,30081.8
1689834000000,30076.8,30110.9,30071.7,30100.8
1689834300000,30101.3,30160,30099.1,30157.5
1689834600000,30158.3,30159.4,30121.4,30139.8
1689834900000,30136.9,30139.8,30107.1,30124.7
1689835200000,30124.6,30129.8,30075.6,30086.5
1689835500000,30093.5,30097.5,30076.6,30084.1
1689835800000,30079.4,30093.6,30073.5,30088.7
1689836100000,30088.1,30093.2,30081.3,30091.8
1689836400000,30091.6,30119.7,30091.3,30111.8
1689836700000,30107.5,30117.3,30082.8,30095.4
1689837000000,30087.5,30095.4,30077.8,30081.9
1689837300000,30082.7,30133.2,30082.7,30117.2
1689837600000,30117,30140.5,30117,30128.7
1689837900000,30131.3,30200.8,30128.7,30183.8
1689838200000,30183.5,30190.1,30158.1,30176.5
1689838500000,30176.5,30176.5,30157.3,30166.7
1689838800000,30166.4,30177.6,30155.6,30167
1689839100000,30167,30175.8,30153.2,30165
1689839400000,30165.9,30196.3,30165.2,30186.1
1689839700000,30188.5,30189.1,30171.4,30173.9
1689840000000,30176.9,30198,30174.1,30192.1
1689840300000,30192.3,30192.3,30151.2,30166.6
1689840600000,30159.7,30172.9,30152.4,30170.4
1689840900000,30170.2,30173.5,30145,30153.9
1689841200000,30152.7,30163.5,30148.7,30159.6
1689841500000,30159.4,30181.1,30159.4,30178.4
1689841800000,30177,30179.1,30158.5,30166.2
1689842100000,30166.3,30196.7,30159.4,30191.6
1689842400000,30191.8,30201,30187.2,30195.9
1689842700000,30197.2,30277.1,30194.6,30259.9
1689843000000,30259.8,30259.8,30223.9,30237.3
1689843300000,30235,30240.2,30220.8,30237.4
1689843600000,30237.6,30252,30188.8,30189.7
1689843900000,30189.6,30214.5,30188.4,30204.7
1689844200000,30206.1,30245.8,30204,30224.4
1689844500000,30224.4,30258.6,30219.5,30254.5
1689844800000,30254.9,30270.9,30232.4,30265.5
1689845100000,30264.9,30269.3,30246.7,30256.3
1689845400000,30256,30320.1,30255.9,30304.4
1689845700000,30303.9,30349,30302.3,30346.3
1689846000000,30346.6,30357.6,30325.4,30333.9
1689846300000,30334,30357.3,30299.1,30316.7
1689846600000,30314.7,30325.1,30305.4,30305.4
1689846900000,30305.4,30312.6,30289,30299.7
1689847200000,30299.3,30313,30297.9,30310.5
1689847500000,30310.4,30357.1,30309.2,30354.6
1689847800000,30354.6,30379.2,30310.4,30312.1
1689848100000,30316.2,30350.3,30312.1,30349.7
1689848400000,30350.3,30371.7,30346.1,30351.5
1689848700000,30352.6,30376.6,30346.4,30352.5
1689849000000,30347.8,30362,30346.6,30351.8
1689849300000,30352.7,30374.9,30345.3,30370.6
1689849600000,30371,30384.1,30345.6,30357.4
1689849900000,30357.4,30361.5,30318,30334.9
1689850200000,30317.6,30334.9,30255.4,30265.1
1689850500000,30264.8,30279.2,30255.1,30265.3
1689850800000,30264.4,30278.6,30233.3,30247.1
1689851100000,30247.2,30269.3,30242.7,30261.6
1689851400000,30263.2,30276.1,30255.7,30255.8
1689851700000,30255.7,30256.6,30236.6,30243.5
1689852000000,30243.7,30257.3,30234.4,30234.7
1689852300000,30238.7,30248.2,30234.7,30245.2
1689852600000,30245.1,30269.5,30236.2,30256.6
1689852900000,30256.6,30269.3,30247.7,30254.7
1689853200000,30254.7,30254.7,30234.3,30244.3
1689853500000,30239,30253.8,30237.4,30250.4
1689853800000,30250,30280.1,30250,30272.1
1689854100000,30271.7,30271.7,30258.6,30264.4
1689854400000,30259.4,30274,30259.3,30272.2
1689854700000,30271.7,30280.4,30255.8,30255.8
1689855000000,30267.7,30267.7,30242.1,30255.1
1689855300000,30254.9,30285.4,30246,30257.8
1689855600000,30248.1,30257.8,30237.1,30250.1
1689855900000,30249.7,30255.7,30238.1,30250.1
1689856200000,30251.2,30251.2,30208.7,30231.9
1689856500000,30233.6,30240.3,30205.9,30215.4
1689856800000,30214.7,30219.9,30193.9,30200.7
1689857100000,30201.5,30209.7,30189.7,30195.3
1689857400000,30194.6,30212.8,30193,30201.2
1689857700000,30201.4,30206.4,30188.2,30188.7
1689858000000,30189.7,30202.6,30187.6,30192.4
1689858300000,30192.3,30214.7,30188.1,30192.6
1689858600000,30192.8,30202.1,30151.4,30153.4
1689858900000,30156.7,30169.1,30147.9,30169.1
1689859200000,30169.5,30182.2,30166.6,30182.2
1689859500000,30179.9,30212.5,30179.9,30198.4
1689859800000,30199.1,30235.2,30197.4,30227.4
1689860100000,30223.3,30237.9,30219.5,30226.9
1689860400000,30226.1,30226.8,30207.4,30211.9
1689860700000,30211.8,30234.8,30200.5,30227.7
1689861000000,30228.1,30246.1,30227.3,30231.9
1689861300000,30234.6,30235,30208.3,30219.8
1689861600000,30210.2,30219.8,30187.6,30204.7
1689861900000,30204.4,30205.4,30165.5,30170.7
1689862200000,30167.3,30189.4,30161.4,30176.8
1689862500000,30174.1,30174.1,30107.2,30131
1689862800000,30132,30142.9,30085.8,30088.8
1689863100000,30097.3,30113.7,30077,30107.3
1689863400000,30105.6,30107.3,30050.7,30060.5
1689863700000,30061.6,30061.6,29823.1,29877.1
1689864000000,29874.8,29910.6,29764.9,29772.5
1689864300000,29770.8,29832.6,29717.5,29764.8
1689864600000,29764.1,29764.1,29600.5,29707.1
1689864900000,29706.5,29756.7,29656.6,29748.9
1689865200000,29745.5,29808.7,29690,29795.5
1689865500000,29797.4,29797.4,29732,29771.6
1689865800000,29770.8,29805.1,29757,29789.8
1689866100000,29791.3,29791.3,29736.7,29784.6
1689866400000,29784.7,29800.9,29758.9,29800.8
1689866700000,29800.6,29819.7,29779.2,29806.9
1689867000000,29806,29814.9,29768.7,29781.7
1689867300000,29782.4,29803.9,29770.4,29782
1689867600000,29782.3,29794.1,29757.4,29792.3
1689867900000,29792.7,29792.7,29761.7,29765.1
1689868200000,29763.7,29777.5,29738.7,29743.4
1689868500000,29742.6,29783,29740.3,29774.4
1689868800000,29774.4,29793.4,29743.9,29790.6
1689869100000,29790.6,29839.2,29787.3,29828.3
1689869400000,29829.9,29829.9,29804.8,29808.4
1689869700000,29809.1,29811.8,29762.5,29768
1689870000000,29763.2,29777.4,29715.9,29722.6
1689870300000,29723.2,29742.6,29709.6,29728.8
1689870600000,29729.1,29746.9,29712.9,29737.6
1689870900000,29736.7,29736.7,29694.5,29702.3
1689871200000,29706.1,29748.2,29686.5,29713.7
1689871500000,29713.7,29715.4,29675.6,29678.1
1689871800000,29678,29722.2,29669.8,29676.1
1689872100000,29675.8,29693.8,29639.7,29680.9
1689872400000,29680.9,29714.7,29665.3,29692.2
1689872700000,29692,29713.6,29671.1,29705.9
1689873000000,29705.9,29716.6,29691,29708.9
1689873300000,29709.1,29716.6,29683.2,29688.9
1689873600000,29689,29699.6,29676.2,29683.7
1689873900000,29683.3,29687.2,29664.2,29686.6
1689874200000,29685.8,29701.6,29672.1,29698.8
1689874500000,29698.7,29736.5,29690,29734.5
1689874800000,29734.6,29775.3,29716.8,29765.3
1689875100000,29764,29775.8,29757.4,29775.3
1689875400000,29773.1,29786.4,29759.7,29763
1689875700000,29765.5,29765.5,29720,29726.4
1689876000000,29725.3,29726.7,29694.5,29700.1
1689876300000,29699.3,29738.7,29697.3,29721.9
1689876600000,29721.8,29741.3,29704.7,29720.9
1689876900000,29719.6,29721.5,29682.7,29687.3
1689877200000,29686.1,29692.3,29670.3,29676.8
1689877500000,29675.4,29676.5,29543.7,29565.5
1689877800000,29567.2,29704.5,29555.9,29689
1689878100000,29684.8,29762.5,29665.1,29717.9
1689878400000,29717.8,29755.2,29707.6,29717.7
1689878700000,29714.8,29746,29714,29727.1
1689879000000,29727.5,29727.5,29675.7,29691
1689879300000,29690.8,29691,29648.8,29663.4
1689879600000,29663.4,29684.6,29641.7,29657.6
1689879900000,29657.4,29694.6,29657.4,29687.8
1689880200000,29689.6,29689.6,29663.7,29663.7
1689880500000,29664.3,29698.7,29663.4,29686.7
1689880800000,29688.6,29698.3,29676.9,29686.5
1689881100000,29687.1,29729,29685.9,29716.7
1689881400000,29715.4,29726.2,29707.2,29716.7
1689881700000,29715.9,29718.4,29690.2,29691.2
1689882000000,29691.2,29694.6,29664.7,29667.4
1689882300000,29667.6,29682.5,29646.2,29660
1689882600000,29661.8,29728.3,29661.4,29714.8
1689882900000,29716.7,29724.5,29696.3,29724.5
1689883200000,29721.9,29734.4,29703.1,29709.9
1689883500000,29708.3,29718.3,29705,29709.7
1689883800000,29709.7,29710.3,29676.7,29680.5
1689884100000,29680.6,29689.5,29668.4,29688.3
1689884400000,29689.2,29696,29656.5,29666.7
1689884700000,29665.6,29704.4,29659.3,29694.4
1689885000000,29695.1,29695.7,29646.8,29650.2
1689885300000,29650.2,29680.5,29642.1,29675.1
1689885600000,29677.3,29678.7,29658,29661.7
1689885900000,29661.7,29696.7,29650.6,29690.6
1689886200000,29691.3,29695.2,29673.8,29674.5
1689886500000,29675.5,29706.9,29675.1,29706.8
1689886800000,29693.9,29732.8,29691.9,29716.9
1689887100000,29716.9,29735.7,29713.7,29733.2
1689887400000,29733.1,29756.6,29733.1,29755.7
1689887700000,29755.8,29756.1,29737.7,29753.3
1689888000000,29753.4,29762.2,29748.3,29761.3
1689888300000,29761.8,29819.3,29758.9,29817.3
1689888600000,29817.7,29818.3,29778.8,29804.1
1689888900000,29803.6,29806.3,29794.4,29795.9
1689889200000,29796,29827,29790.8,29812.7
1689889500000,29813.2,29818.6,29802.9,29810.6
1689889800000,29811,29814.5,29798.4,29814.5
1689890100000,29814.6,29854.7,29814.6,29839.8
1689890400000,29831.9,29837.4,29807.2,29815.3
1689890700000,29814.7,29814.7,29794.1,29804.5
1689891000000,29804.5,29811.8,29796.7,29799.5
1689891300000,29799.3,29807.2,29787.6,29805.1
1689891600000,29804.6,29809.3,29792.6,29795.1
1689891900000,29794.3,29802.9,29782.6,29783
1689892200000,29783.5,29797.1,29778.3,29794.1
1689892500000,29801.3,29802.2,29777.1,29784.2
1689892800000,29784.2,29797.3,29783.7,29794.5
1689893100000,29792.6,29794.5,29772.6,29780.1
1689893400000,29779.4,29780.1,29768.7,29777
1689893700000,29777.1,29791.8,29771.7,29784
1689894000000,29784,29784,29763.9,29780.2
1689894300000,29780.2,29794.7,29772.7,29792.8
1689894600000,29793.5,29793.5,29773.3,29777.6
1689894900000,29777.1,29786.3,29772,29785.4
1689895200000,29785.6,29785.6,29775.4,29776.7
1689895500000,29776.8,29795.1,29772.7,29782
1689895800000,29781.5,29784.5,29756.7,29757.3
1689896100000,29757.4,29779.7,29757.2,29777
1689896400000,29779.7,29785.6,29769.9,29779.3
1689896700000,29780.1,29781.7,29766.6,29779.9
1689897000000,29779,29779.4,29762.3,29763.2
1689897300000,29763.2,29780.4,29762.3,29775.8
1689897600000,29775.4,29786,29764.5,29772.6
1689897900000,29769.9,29792.2,29768.1,29786.7
1689898200000,29787.9,29788.6,29768.1,29768.8
1689898500000,29768.4,29768.5,29748.1,29748.6
1689898800000,29748.7,29789.6,29744.6,29789.6
1689899100000,29788.7,29788.7,29749.7,29750.2
1689899400000,29750.5,29759.3,29746.7,29755.7
1689899700000,29755.3,29755.3,29695.8,29722.2
1689900000000,29723.1,29794.6,29720.6,29790.6
1689900300000,29790.5,29803,29769.3,29770
1689900600000,29770,29781.6,29759.7,29770
1689900900000,29769.2,29771.3,29758.9,29765.2
1689901200000,29764,29765.2,29733.4,29736.5
1689901500000,29736.4,29755.7,29736.4,29754.6
1689901800000,29751.1,29780.7,29751.1,29758.8
1689902100000,29758.6,29789.5,29755.3,29787.2
1689902400000,29787.6,29865.7,29787.1,29848
1689902700000,29847.6,29857.7,29839.6,29839.6
1689903000000,29839.7,29841.1,29814.3,29820
1689903300000,29819,29820,29798.5,29808
1689903600000,29807.6,29839,29806.6,29826.3
1689903900000,29828.7,29829.4,29803.8,29813.8
1689904200000,29813.6,29848.7,29813.5,29838.7
1689904500000,29839.7,29861.7,29835.8,29844.4
1689904800000,29844,29856.9,29825.3,29829.6
1689905100000,29826.3,29845.3,29812.7,29841.2
1689905400000,29839.9,29887.7,29839.9,29870.3
1689905700000,29870.4,29874.3,29862.1,29870.5
1689906000000,29870.6,29873.6,29860.7,29870.6
1689906300000,29870.3,29918.8,29870.2,29906.8
1689906600000,29906.6,29907.2,29889,29898.1
1689906900000,29889.9,29899.7,29871.1,29871.1
1689907200000,29871.6,29871.6,29856.7,29856.7
1689907500000,29855.8,29867.1,29853.6,29863.1
1689907800000,29863.2,29865.7,29852.5,29859.8
1689908100000,29859.6,29872.9,29859.1,29870.7
1689908400000,29869.9,29876.5,29863.4,29871
1689908700000,29871.6,29900.5,29864.9,29894.7
1689909000000,29894.8,29907.4,29890.6,29894.6
1689909300000,29895.6,29911,29880.7,29885.9
1689909600000,29889.4,29889.4,29870.2,29878.7
1689909900000,29877.6,29878.7,29869.6,29870.6
1689910200000,29876.4,29878.7,29852.3,29857.2
1689910500000,29856.5,29858.3,29850,29858.3
1689910800000,29857.8,29875.2,29857.8,29869.9
1689911100000,29870.4,29871.8,29866.6,29871.8
1689911400000,29871.7,29889,29871.2,29887.2
1689911700000,29886.9,29887.6,29865.3,29867.4
1689912000000,29866.9,29875.4,29866,29873
1689912300000,29873,29873,29854.8,29865.3
1689912600000,29863.7,29865.3,29851.7,29851.7
1689912900000,29851.6,29865.3,29840,29842.3
1689913200000,29842.4,29846.2,29835.7,29842.9
1689913500000,29842.2,29842.3,29827.2,29838.1
1689913800000,29838.4,29852.7,29835.8,29849.5
1689914100000,29850.1,29856.1,29847.8,29848.7
1689914400000,29849.7,29854.9,29847.7,29852.9
1689914700000,29854.3,29863.9,29839.7,29847
1689915000000,29847.9,29847.9,29840.1,29847.7
1689915300000,29841.1,29847.7,29833.8,29847.7
1689915600000,29839.2,29847.7,29818.4,29818.7
1689915900000,29818.8,29831.9,29818.4,29831.9
1689916200000,29832.2,29839.4,29829.9,29831.6
1689916500000,29830.4,29831.6,29814.9,29815.6
1689916800000,29815.1,29816.3,29800.6,29803.8
1689917100000,29803.9,29804.8,29782.1,29790.5
1689917400000,29791.6,29803.4,29791.6,29794.8
1689917700000,29798.4,29799.3,29778.3,29793.8
1689918000000,29784.9,29793.8,29780,29788.5
1689918300000,29788.4,29788.5,29776.5,29776.7
1689918600000,29771.8,29787.9,29766.3,29783.1
1689918900000,29784.4,29789.8,29775.7,29787.7
1689919200000,29787.1,29801.8,29778.6,29784.9
1689919500000,29784.9,29789.6,29771.5,29785.3
1689919800000,29785.6,29808.1,29783.3,29800
1689920100000,29802.5,29820.7,29800,29809.2
1689920400000,29809,29809.7,29799,29799.8
1689920700000,29799.6,29824.9,29799.6,29818.1
1689921000000,29818,29818.1,29805,29813.9
1689921300000,29810.3,29813.9,29803.9,29804.1
1689921600000,29794.8,29803,29787.5,29791.8
1689921900000,29791.3,29809.8,29791.3,29808.1
1689922200000,29807.9,29827.2,29807.6,29822.9
1689922500000,29822.1,29826.2,29820.1,29822.8
1689922800000,29822.7,29829.8,29819.4,29820.8
1689923100000,29820.8,29820.8,29802.4,29807.9
1689923400000,29798.9,29808.8,29798,29798.4
1689923700000,29798,29798.8,29782.8,29791.7
1689924000000,29784.9,29791.7,29777.7,29788.1
1689924300000,29790.8,29791.7,29781.3,29783.3
1689924600000,29790.3,29791.7,29744.3,29761.7
1689924900000,29761.7,29761.7,29735.5,29750.5
1689925200000,29750.7,29754,29739.6,29748.9
1689925500000,29747.5,29756.8,29740.3,29746.5
1689925800000,29748.5,29756.8,29743.7,29743.8
1689926100000,29743.4,29744.1,29733,29739.1
1689926400000,29739,29755.7,29733.6,29751.8
1689926700000,29750.3,29762.9,29737.1,29740.2
1689927000000,29740.3,29750.1,29740.1,29747.4
1689927300000,29747.7,29760.7,29742.9,29760.2
1689927600000,29760.5,29775.6,29757.9,29773.3
1689927900000,29773.2,29777,29765.7,29774.6
1689928200000,29774.7,29786.7,29774.1,29778.3
1689928500000,29777.1,29779.5,29760.8,29769.6
1689928800000,29770.2,29784.6,29768.3,29782.8
1689929100000,29782.9,29782.9,29768.3,29777.7
1689929400000,29770.4,29779.2,29765.3,29768.2
1689929700000,29766.4,29776.7,29758.1,29770.7
1689930000000,29769.8,29776.7,29751.8,29760.4
1689930300000,29761.6,29776.2,29753.2,29773.6
1689930600000,29773.7,29780.8,29773.6,29779.5
1689930900000,29778.9,29809.1,29778.4,29809.1
1689931200000,29807.6,29810.6,29798.7,29804.3
1689931500000,29804.7,29818,29793.4,29813.5
1689931800000,29814.5,29815.8,29795.6,29796.7
1689932100000,29796.1,29796.7,29781.8,29796.7
1689932400000,29795,29796.7,29763.2,29780.8
1689932700000,29773,29780.8,29748.9,29759.6
1689933000000,29755.8,29759.6,29744.5,29752.9
1689933300000,29754.2,29754.2,29724.7,29725.9
1689933600000,29724.8,29743.4,29723.7,29742.6
1689933900000,29742.5,29754.5,29739.8,29750.3
1689934200000,29751.3,29758.7,29750.8,29757.6
1689934500000,29757.8,29770.2,29756.1,29770.2
1689934800000,29770.7,29779.1,29769.7,29774.1
1689935100000,29773.5,29780.6,29761.2,29763
1689935400000,29762.5,29784.9,29753.1,29783.3
1689935700000,29783.5,29785.8,29759.4,29760.7
1689936000000,29760.4,29774.2,29759.3,29772.5
1689936300000,29772.1,29783.6,29772.1,29777.4
1689936600000,29778.2,29781.8,29767.8,29767.8
1689936900000,29768.8,29772.6,29760.7,29762.4
1689937200000,29762.2,29770.3,29758,29763.5
1689937500000,29756.9,29763.5,29752.4,29762.1
1689937800000,29762,29778.6,29759,29778.6
1689938100000,29778.3,29782.7,29770.9,29774.5
1689938400000,29774.6,29783.9,29708.1,29708.9
1689938700000,29709.1,29739,29708.9,29722.9
1689939000000,29722.8,29728.4,29715.6,29719.6
1689939300000,29721.6,29736,29714.6,29716.7
1689939600000,29717,29742,29716.5,29725.6
1689939900000,29726.4,29740.5,29726,29736.4
1689940200000,29737.4,29747.9,29735.6,29746.2
1689940500000,29746.3,29748.1,29742.5,29746.3
1689940800000,29746.8,29767.5,29745.2,29766.7
1689941100000,29765.7,29791.6,29765.7,29779.5
1689941400000,29779,29783,29764.7,29779
1689941700000,29779.1,29792.6,29779,29790.4
1689942000000,29791.4,29810.4,29782.1,29808.5
1689942300000,29808.4,29822.6,29801.5,29809.7
1689942600000,29809.6,29823.1,29804.3,29819
1689942900000,29818.8,29846.8,29818.8,29831.3
1689943200000,29831.4,29837,29818.7,29828.9
1689943500000,29829.6,29867.3,29828.9,29837.7
1689943800000,29836.4,29837.7,29823.9,29836.1
1689944100000,29835.8,29842.2,29825.4,29840.9
1689944400000,29841.4,29848.4,29814.3,29832.3
1689944700000,29830.8,29863,29822.8,29852
1689945000000,29852.5,29855.6,29842.2,29851.6
1689945300000,29850.6,29881.9,29849.8,29862.6
1689945600000,29862.7,29872.1,29833.7,29838.6
1689945900000,29838.9,29850,29834.6,29844.6
1689946200000,29840.4,29847.6,29834.6,29846.4
1689946500000,29846.4,29865.2,29823.8,29832.4
1689946800000,29835.3,29845.4,29823.8,29826.9
1689947100000,29826.9,29830.1,29769.3,29771.2
1689947400000,29772.1,29793,29771.8,29773.6
1689947700000,29774.1,29789.1,29774.1,29782.3
1689948000000,29782.3,29782.8,29758.2,29762.2
1689948300000,29762.2,29790.6,29762.2,29767.8
1689948600000,29767.8,29832.9,29767,29832.9
1689948900000,29834,29841.3,29805.4,29809.7
1689949200000,29809.9,29816.7,29805.3,29810.8
1689949500000,29810.8,29810.8,29769.8,29777.2
1689949800000,29778.5,29803.6,29777.4,29800.3
1689950100000,29800.3,29807.3,29798.7,29799.9
1689950400000,29800.4,29838.9,29799.9,29828.7
1689950700000,29828.7,29834.3,29820.9,29829.7
1689951000000,29829.9,29839.3,29817.1,29820.5
1689951300000,29820.5,29849,29814.2,29845.9
1689951600000,29845.9,29878.7,29844.6,29852.7
1689951900000,29852.7,29853.2,29835,29848
1689952200000,29848,29858.9,29841,29846.8
1689952500000,29850.1,29853.1,29846.7,29853.1
1689952800000,29853.1,29853.1,29853.1,29853.1
1689953100000,29853.1,29853.1,29853.1,29853.1
1689953400000,29853.1,29853.1,29835.3,29843.9
1689953700000,29844,29849,29832,29834.7
1689954000000,29835.4,29838.4,29829.9,29834.7
1689954300000,29834.7,29842.6,29834.7,29842.6
1689954600000,29842.8,29852.4,29834.5,29846.3
1689954900000,29846.3,29846.3,29846.3,29846.3
1689955200000,29846.3,29846.3,29830.6,29837.5
1689955500000,29837.5,29837.5,29808.4,29818.7
1689955800000,29818.7,29818.7,29794.9,29796.7
1689956100000,29796.7,29805.6,29792.8,29805.3
1689956400000,29805.3,29810.2,29801.2,29802.4
1689956700000,29802.4,29809,29789.2,29809
1689957000000,29809,29809,29794,29802.2
1689957300000,29802.2,29802.2,29794.5,29794.5
1689957600000,29794.8,29800.9,29792.6,29800.9
1689957900000,29800.9,29806.3,29796.1,29806.3
1689958200000,29807.1,29814.3,29791.1,29794.9
1689958500000,29794.9,29794.9,29794.9,29794.9
1689958800000,29794.9,29802.1,29794.9,29802.1
1689959100000,29803.5,29829.3,29802.3,29826.9
1689959400000,29832.3,29841.4,29820.8,29827.6
1689959700000,29827.6,29828.2,29817.7,29828.2
1689960000000,29828.2,29832.8,29824.2,29827.6
1689960300000,29827.6,29876.6,29827.6,29871.5
1689960600000,29871.6,29876.6,29849.9,29871.5
1689960900000,29871.5,29871.5,29871.5,29871.5
1689961200000,29871.5,29871.5,29871.5,29871.5
1689961500000,29871.5,29871.5,29854.4,29870
1689961800000,29870,29870,29855.7,29865.7
1689962100000,29865.7,29906.9,29865.7,29896.1
1689962400000,29896.4,30006.6,29896.4,29968.8
1689962700000,29968.8,29984.5,29948.3,29984
1689963000000,29985.7,29992.1,29962.7,29962.7
1689963300000,29962.9,29966.8,29942.7,29954
1689963600000,29954,29969.5,29946.9,29969.3
1689963900000,29969.3,29982.9,29966.7,29968.6
1689964200000,29969,29984.2,29961.7,29969.3
1689964500000,29973.4,30026.3,29973.4,30016
1689964800000,30016,30029.4,29990.2,30001.8
1689965100000,30001.8,30001.8,29969.7,29975.4
1689965400000,29975.4,29975.4,29961.4,29961.4
1689965700000,29961.4,29973.6,29953,29953
1689966000000,29953,29953,29913.7,29913.7
1689966300000,29913.7,29920.7,29858.3,29871.6
1689966600000,29871.6,29872.2,29755.4,29774.2
1689966900000,29774.2,29830.2,29749.6,29822
1689967200000,29822.2,29847.9,29822,29838.7
1689967500000,29838.7,29850.3,29835.2,29846
1689967800000,29846.6,29849.6,29818.7,29822.1
1689968100000,29823,29838.5,29820.9,29833.1
1689968400000,29833.1,29836.9,29826.1,29833.2
1689968700000,29833.2,29865.8,29826.7,29864.5
1689969000000,29864.5,29875.8,29858.6,29869.6
1689969300000,29869.6,29874.1,29855.5,29858.5
1689969600000,29858.5,29858.5,29833.7,29840.2
1689969900000,29840.2,29840.2,29812.4,29812.4
1689970200000,29812.6,29852.9,29812.6,29852.9
1689970500000,29852.9,29852.9,29812.5,29812.5
1689970800000,29812.7,29833.2,29812.7,29833.2
1689971100000,29833.3,29861,29833.2,29861
1689971400000,29861,29867,29855.3,29855.3
1689971700000,29855.3,29855.3,29841.9,29841.9
1689972000000,29841.9,29852.1,29832.9,29849.7
1689972300000,29849.7,29849.7,29838.8,29838.8
1689972600000,29838.8,29855,29829.1,29855
1689972900000,29855.2,29863,29854.5,29862.9
1689973200000,29862.9,29862.9,29820.8,29829
1689973500000,29829,29834.8,29824,29831.1
1689973800000,29831.1,29844.3,29831.1,29842.2
1689974100000,29842.2,29842.2,29831.4,29831.4
1689974400000,29831.6,29874.8,29831.6,29862.3
1689974700000,29862.3,29862.3,29850.4,29850.4
1689975000000,29850.4,29850.4,29843.4,29843.4
1689975300000,29845.7,29851.8,29845.2,29851.8
1689975600000,29852.9,29864.1,29838.8,29841.9
1689975900000,29842.8,29849.7,29840,29849.7
1689976200000,29849.7,29881.2,29849.7,29880.3
1689976500000,29881.7,29884.7,29844.4,29844.4
1689976800000,29844.4,29856.9,29832.7,29852.8
1689977100000,29854.4,29865.6,29854.4,29865.6
1689977400000,29865.8,29868.8,29865.8,29868.8
1689977700000,29868.8,29877.2,29868.8,29872.9
1689978000000,29872.9,29889.4,29869.6,29889.4
1689978300000,29889.4,29889.4,29869.1,29872.7
1689978600000,29873.9,29891.7,29873.9,29888.6
1689978900000,29888.6,29888.6,29888.6,29888.6
1689979200000,29890.7,29902.4,29890.3,29890.3
1689979500000,29892.7,29901.9,29877.8,29881.5
1689979800000,29881.5,29881.5,29868.5,29875.4
1689980100000,29877.6,29880.6,29865.8,29869.2
1689980400000,29870.9,29879.1,29869.4,29879.1
1689980700000,29879.1,29879.1,29863.4,29863.4
1689981000000,29863.4,29874.6,29863.4,29868
1689981300000,29868,29868,29864.6,29864.6
1689981600000,29864.6,29878.6,29839,29874.3
1689981900000,29874.3,29874.3,29861.5,29868.9
1689982200000,29868.9,29868.9,29840.2,29859.6
1689982500000,29859.6,29874.8,29840.2,29870.4
1689982800000,29870.4,29872,29861.7,29866.7
1689983100000,29866.7,29866.7,29855.4,29864.1
1689983400000,29864.1,29865.8,29850.1,29850.9
1689983700000,29850.9,29850.9,29838.9,29843.2
1689984000000,29847.7,29852.5,29844.7,29852.5
1689984300000,29852.5,29856.5,29852.5,29854.1
1689984600000,29854.6,29863.1,29846.9,29863.1
1689984900000,29863.8,29877.9,29863.8,29877.9
1689985200000,29877.9,29877.9,29873.8,29877.9
1689985500000,29877.9,29877.9,29869.7,29874
1689985800000,29876.3,29884.3,29876.3,29884.3
1689986100000,29884.3,29892.9,29884.3,29892.9
1689986400000,29892.9,29898.9,29892.9,29898.9
1689986700000,29899,29905.2,29884.8,29895.2
1689987000000,29895.7,29939.1,29895.7,29914.9
1689987300000,29914.9,29925.1,29909.4,29924.6
1689987600000,29925.2,29929.7,29901.9,29901.9
1689987900000,29901.9,29911.9,29897.9,29904.1
1689988200000,29904.1,29913.9,29901.3,29909.2
1689988500000,29909.2,29909.2,29892.7,29898.6
1689988800000,29898.6,29903,29891.1,29902.2
1689989100000,29902.2,29902.2,29887.2,29887.2
1689989400000,29887.2,29887.2,29871.2,29874.9
1689989700000,29874.9,29874.9,29867.9,29869
1689990000000,29869,29873.7,29860.9,29871.1
1689990300000,29871.1,29883.3,29865.9,29881.2
1689990600000,29881.2,29890.4,29874.4,29884.9
1689990900000,29884.9,29884.9,29869.2,29869.2
1689991200000,29869.2,29875.5,29864.7,29868.5
1689991500000,29869.7,29890.7,29869.7,29877.9
1689991800000,29877.9,29887.8,29869.3,29883.4
1689992100000,29884.9,29888.3,29884.2,29888.3
1689992400000,29889.9,29904.7,29889.9,29892.7
1689992700000,29892.7,29897,29874.8,29877.8
1689993000000,29877.8,29889.7,29872.8,29889.7
1689993300000,29889.7,29893.5,29886,29893.5
1689993600000,29893.5,29897.2,29890.9,29890.9
1689993900000,29891.2,29906,29891.2,29906
1689994200000,29907.3,29910.3,29887.9,29895.7
1689994500000,29895.7,29904.2,29863.6,29877.5
1689994800000,29878.2,29881.2,29852.8,29852.8
1689995100000,29853,29870.7,29843.2,29843.2
1689995400000,29843.2,29849.7,29837.8,29841.2
1689995700000,29841.2,29861.2,29837.9,29858.1
1689996000000,29858.9,29875.4,29858.9,29875.4
1689996300000,29875.4,29879.6,29867.3,29879.6
1689996600000,29875.3,29878.8,29858,29858
1689996900000,29859.9,29872,29859.9,29866.8
1689997200000,29866.8,29866.8,29852.9,29856.2
1689997500000,29858.4,29864.5,29858.2,29864.5
1689997800000,29864.5,29867.9,29864.5,29867.9
1689998100000,29867.9,29867.9,29845.1,29845.1
1689998400000,29847.8,29850.8,29840.2,29840.2
1689998700000,29840.4,29844.2,29840.3,29841.7
1689999000000,29841.7,29841.7,29838,29841.4
1689999300000,29842.3,29856.5,29842.3,29856.5
1689999600000,29856.5,29859.9,29854.2,29857.5
1689999900000,29857.5,29857.5,29854,29857.4
1690000200000,29857.4,29864.6,29857.4,29864.6
1690000500000,29864.6,29874.8,29864.6,29872.7
1690000800000,29872.7,29872.7,29867.5,29867.5
1690001100000,29867.9,29873.2,29815.4,29825.9
1690001400000,29826.7,29829.7,29809.4,29813.6
1690001700000,29816.8,29825.9,29816.8,29825.8
1690002000000,29826.2,29829.2,29817.4,29817.4
1690002300000,29817.4,29840.4,29812.4,29827.8
1690002600000,29827.8,29827.8,29816.8,29816.8
1690002900000,29816.8,29824.9,29814.6,29819.4
1690003200000,29819.4,29822.2,29810.8,29819.4
1690003500000,29819.4,29821,29814,29815.1
1690003800000,29815.1,29815.1,29801.8,29814.3
1690004100000,29814.3,29824,29811.5,29824
1690004400000,29824,29824,29816.9,29816.9
1690004700000,29816.9,29816.9,29800,29803.3
1690005000000,29803.3,29808.6,29801.1,29808.6
1690005300000,29809.4,29818.2,29806.9,29810.1
1690005600000,29810.1,29816.9,29791.5,29803.3
1690005900000,29803.3,29803.3,29790.9,29798.3
1690006200000,29798.3,29798.3,29794,29797.5
1690006500000,29797.6,29816.1,29797.5,29816.1
1690006800000,29816.1,29816.1,29806.7,29810.3
1690007100000,29812.1,29822.5,29812.1,29822.5
1690007400000,29822.5,29822.5,29822.5,29822.5
1690007700000,29822.5,29826.5,29818.4,29825.6
1690008000000,29825.6,29827.2,29818.5,29827.2
1690008300000,29827.2,29827.2,29818.6,29818.6
1690008600000,29819.7,29829.7,29819.7,29829.7
1690008900000,29831.5,29834.5,29830.6,29832.2
1690009200000,29832.2,29832.2,29823,29823
1690009500000,29823,29831.8,29819.6,29831.8
1690009800000,29831.8,29831.8,29828.9,29828.9
1690010100000,29828.9,29828.9,29814.8,29814.8
1690010400000,29815.8,29821.9,29810.9,29810.9
1690010700000,29814.3,29864.2,29814.3,29858.9
1690011000000,29858.9,29908.4,29854.5,29903.1
1690011300000,29903.9,29906.9,29879.5,29887.9
1690011600000,29888.7,29929.2,29888.7,29906
1690011900000,29906.7,29916.9,29904.1,29904.1
1690012200000,29904.1,29905.3,29886.4,29894.8
1690012500000,29896.3,29899.3,29879.6,29885
1690012800000,29885.4,29888.8,29882.7,29886.2
1690013100000,29887,29897.5,29885.4,29885.4
1690013400000,29888.8,29898.5,29888.8,29898.5
1690013700000,29898.7,29914,29898.7,29914
1690014000000,29915.2,29918.2,29908.4,29917.5
1690014300000,29917.9,29920.5,29890.9,29895.1
1690014600000,29895.1,29895.1,29878.7,29881.8
1690014900000,29881.8,29885.6,29877.8,29879.9
1690015200000,29881,29886.6,29879.3,29886.6
1690015500000,29886.9,29889.9,29869.8,29872.7
1690015800000,29874.3,29882.4,29874.3,29882.4
1690016100000,29882.4,29882.4,29878.8,29882.3
1690016400000,29882.3,29882.3,29868.5,29868.5
1690016700000,29868.5,29876.1,29868.5,29876.1
1690017000000,29876.1,29876.1,29868,29868
1690017300000,29868.2,29883.1,29868.2,29883.1
1690017600000,29883.1,29886.1,29882.5,29886.1
1690017900000,29886.7,29893.1,29886.7,29887.7
1690018200000,29887.7,29887.7,29882.8,29882.8
1690018500000,29884.1,29887.1,29883.2,29883.2
1690018800000,29883.2,29884.2,29877.2,29881.8
1690019100000,29881.8,29892.8,29872,29884.3
1690019400000,29884.3,29884.3,29857.5,29857.9
1690019700000,29857.9,29875.6,29855.2,29875.6
1690020000000,29875.6,29875.6,29841,29868.7
1690020300000,29868.9,29871.9,29845.6,29864.2
1690020600000,29867,29870.3,29850,29850
1690020900000,29850.9,29853.9,29823.6,29828.5
1690021200000,29829.1,29832.1,29818.4,29826.7
1690021500000,29826.7,29830.1,29812.9,29819.8
1690021800000,29819.9,29840.3,29819.9,29834.2
1690022100000,29834.2,29837.7,29828.4,29837.7
1690022400000,29837.7,29838.3,29835,29838.3
1690022700000,29838.3,29841.5,29837.6,29837.6
1690023000000,29837.6,29844.5,29837.6,29844.5
1690023300000,29845,29848,29844.2,29844.2
1690023600000,29844.2,29848.5,29844.2,29844.8
1690023900000,29844.8,29844.8,29844.8,29844.8
1690024200000,29844.8,29844.8,29836.5,29836.5
1690024500000,29836.5,29836.5,29816.4,29818.1
1690024800000,29818.1,29823.4,29816.2,29821.9
1690025100000,29821.9,29821.9,29817.8,29817.8
1690025400000,29817.8,29825,29817.8,29825
1690025700000,29825,29825,29825,29825
1690026000000,29825,29825,29825,29825
1690026300000,29825,29828.3,29825,29828.3
1690026600000,29828.3,29828.3,29828.3,29828.3
1690026900000,29829.7,29832.7,29828.3,29832.4
1690027200000,29832.4,29832.4,29819.4,29819.4
1690027500000,29819.4,29821.9,29816.6,29820.1
1690027800000,29820.1,29820.1,29813,29813.9
1690028100000,29813.9,29813.9,29804.4,29811.2
1690028400000,29811.2,29812.8,29804.4,29811.9
1690028700000,29811.9,29820.2,29806.8,29818.3
1690029000000,29818.3,29818.3,29810.1,29810.1
1690029300000,29810.1,29810.1,29800.6,29800.6
1690029600000,29800.6,29800.6,29786.4,29789.8
1690029900000,29790.3,29799.7,29787.7,29789.1
1690030200000,29789.1,29790.4,29773.6,29775.2
1690030500000,29775.5,29798.2,29770.6,29786.5
1690030800000,29786.5,29790.5,29780.6,29790.5
1690031100000,29790.5,29796,29784.5,29796
1690031400000,29796,29796,29792,29792
1690031700000,29792,29800.8,29792,29800.8
1690032000000,29800.8,29807.5,29800.8,29806.3
1690032300000,29806.3,29814.3,29806.3,29807.8
1690032600000,29807.8,29807.8,29807.8,29807.8
1690032900000,29807.8,29807.8,29795.6,29795.6
1690033200000,29795.6,29795.6,29795.6,29795.6
1690033500000,29795.6,29795.6,29794.3,29794.3
1690033800000,29794.3,29794.3,29794.3,29794.3
1690034100000,29794.3,29794.3,29794.3,29794.3
1690034400000,29795.3,29816.8,29795.3,29814.4
1690034700000,29814.4,29827.1,29808.5,29819.2
1690035000000,29819.2,29821.1,29814.7,29814.7
1690035300000,29814.7,29814.7,29814.7,29814.7
1690035600000,29815.5,29835.5,29810.2,29810.2
1690035900000,29810.2,29810.2,29794.9,29796.8
1690036200000,29796.8,29804.1,29791.6,29798.8
1690036500000,29799.3,29820.4,29799.3,29818
1690036800000,29821.7,29830.4,29811.9,29815.3
1690037100000,29816.5,29822.9,29797.3,29822.9
1690037400000,29822.9,29826,29805.7,29824.7
1690037700000,29824.8,29828.6,29824.8,29827.3
1690038000000,29827.3,29832.8,29817.1,29830.5
1690038300000,29831.1,29834.1,29831.1,29834.1
1690038600000,29834.2,29837.2,29816.2,29819.9
1690038900000,29820.6,29831.9,29806,29807.9
1690039200000,29807.9,29815.1,29807.9,29815.1
1690039500000,29814.2,29825.8,29814.2,29825.8
1690039800000,29825.8,29825.8,29806.7,29814.6
1690040100000,29814.6,29822.6,29814.6,29822.6
1690040400000,29823.2,29835,29823.2,29834.9
1690040700000,29834.9,29847.9,29834.9,29845.8
1690041000000,29845.8,29853.3,29839.9,29846.5
1690041300000,29846.5,29846.5,29846.5,29846.5
1690041600000,29846.5,29853.5,29846.5,29853.5
1690041900000,29853.5,29853.5,29853.5,29853.5
1690042200000,29853.5,29853.5,29808.7,29808.7
1690042500000,29810.3,29822.6,29810,29822.6
1690042800000,29822.6,29827.2,29822.6,29827.2
1690043100000,29827.2,29827.2,29819.3,29822.4
1690043400000,29822.4,29831.2,29822.4,29831.2
1690043700000,29831.9,29841.3,29831.9,29841.3
1690044000000,29841.3,29846.5,29841.3,29846.5
1690044300000,29847.5,29850.5,29837,29840.4
1690044600000,29840.4,29847.6,29840.4,29845.4
1690044900000,29846.4,29849.6,29838.9,29849.6
1690045200000,29849.6,29849.6,29833.7,29833.7
1690045500000,29833.7,29833.7,29831.2,29831.2
1690045800000,29831.2,29834.5,29831.2,29834.5
1690046100000,29834.5,29834.5,29834.5,29834.5
1690046400000,29834.5,29839.1,29834.5,29838
1690046700000,29838,29838,29830.2,29830.2
1690047000000,29830.2,29830.2,29813,29813
1690047300000,29813,29814,29790.1,29790.1
1690047600000,29790.1,29797.7,29785.9,29790.4
1690047900000,29790.4,29790.4,29783.1,29783.1
1690048200000,29783.1,29783.1,29754,29769
1690048500000,29769.5,29783,29769.5,29782
1690048800000,29782,29782,29770.7,29770.7
1690049100000,29770.7,29770.7,29756,29765.4
1690049400000,29765.4,29765.4,29744.6,29753.8
1690049700000,29755.3,29770.2,29755.3,29760.5
1690050000000,29761.2,29779.9,29752,29758.2
1690050300000,29758.2,29770.4,29745.1,29770.4
1690050600000,29770.4,29772.7,29765.1,29765.1
1690050900000,29765.1,29777.7,29765.1,29772.2
1690051200000,29772.2,29772.2,29760.9,29764.6
1690051500000,29764.6,29767.9,29756.7,29759.8
1690051800000,29759.8,29759.8,29747.4,29754.2
1690052100000,29755.1,29758.1,29755.1,29758.1
1690052400000,29758.1,29758.1,29749.7,29749.7
1690052700000,29745,29797.8,29745,29797.8
1690053000000,29797.8,29798.1,29785.5,29785.5
1690053300000,29785.6,29791.8,29784.4,29784.4
1690053600000,29784.4,29786.6,29769.7,29784.4
1690053900000,29785.3,29788.8,29782.1,29782.1
1690054200000,29782.1,29782.1,29771.4,29771.4
1690054500000,29771.4,29774.7,29761.5,29770.8
1690054800000,29770.8,29782.9,29770.8,29782.9
1690055100000,29782.9,29782.9,29779.5,29779.5
1690055400000,29779.5,29791.7,29776.4,29785.6
1690055700000,29785.6,29785.6,29777.3,29777.3
1690056000000,29777.3,29777.3,29768.2,29768.2
1690056300000,29768.2,29768.2,29762.4,29762.4
1690056600000,29762.4,29774.4,29762.4,29768
1690056900000,29768,29768,29762.8,29766.1
1690057200000,29766.7,29779.6,29766.7,29779.6
1690057500000,29779.6,29779.6,29777.1,29777.1
1690057800000,29777.1,29779.8,29772.6,29774.2
1690058100000,29774.2,29774.4,29770.1,29774.4
1690058400000,29774.9,29783.5,29774.9,29778.7
1690058700000,29778.7,29778.7,29768.9,29768.9
1690059000000,29769,29777.7,29769,29777.7
1690059300000,29779.5,29782.5,29769.2,29769.2
1690059600000,29769.2,29802.2,29766.4,29802.2
1690059900000,29802.3,29805.5,29798.7,29805.5
1690060200000,29805.5,29805.5,29805.5,29805.5
1690060500000,29805.5,29805.5,29790.9,29797.6
1690060800000,29797.6,29801.7,29797.6,29801.7
1690061100000,29801.7,29810.8,29796.3,29810.8
1690061400000,29810.8,29810.8,29803.8,29808.5
1690061700000,29808.5,29808.5,29803.2,29807.8
1690062000000,29807.8,29808.6,29803.1,29808.6
1690062300000,29808.6,29808.6,29802.8,29807.5
1690062600000,29807.5,29807.5,29801,29805.1
1690062900000,29805.1,29805.1,29799.8,29803
1690063200000,29803,29807.6,29768.9,29806.1
1690063500000,29806.1,29810.4,29804.1,29810.3
1690063800000,29810.3,29810.3,29798.4,29803.2
1690064100000,29803.2,29803.2,29796.5,29801.3
1690064400000,29801.3,29801.3,29788.4,29796.8
1690064700000,29796.8,29797.8,29781.2,29795.8
1690065000000,29795.9,29798.9,29781.3,29795.1
1690065300000,29795.1,29797.2,29781.6,29797.2
1690065600000,29797.2,29799,29791.7,29798.1
1690065900000,29798.1,29798.9,29790.3,29795.2
1690066200000,29795.2,29795.2,29778.4,29789.2
1690066500000,29789.2,29789.2,29782.8,29788.7
1690066800000,29788.7,29788.7,29780.2,29788
1690067100000,29788,29788.9,29772.4,29786.7
1690067400000,29786.7,29786.7,29770.7,29775
1690067700000,29782.7,29785.7,29614.4,29674.4
1690068000000,29674.4,29710.2,29655.6,29710.2
1690068300000,29710.2,29710.2,29664.2,29668.3
1690068600000,29668.3,29668.3,29619.9,29649
1690068900000,29649,29687.6,29642.3,29677.3
1690069200000,29677.3,29681.3,29662.4,29674.9
1690069500000,29675.5,29704.7,29653.3,29700.1
1690069800000,29700.1,29727.6,29682.3,29724.1
1690070100000,29728.8,29760.7,29728.8,29760.7
1690156800000,30056.5,30066.6,30039.4,30046.6
1690157100000,30046.6,30050.5,30034.4,30036.9
1690157400000,30036.9,30043.1,30032.7,30040.7
1690157700000,30040.7,30064.6,30038.5,30057.3
1690158000000,30057.3,30068.9,30048.5,30058.8
1690158300000,30058.5,30068.9,30051.7,30056.2
1690158600000,30056.2,30056.9,30038.8,30047
1690158900000,30047,30047,30033,30036
1690159200000,30036,30050.3,30036,30043.7
1690159500000,30043.7,30045.3,30029.1,30032.5
1690159800000,30032.5,30033.4,30017.8,30025.3
1690160100000,30025.3,30025.3,29979.1,29984.5
1690160400000,29984.5,29991.4,29975.3,29975.3
1690160700000,29975.8,29978.8,29941.3,29948.3
1690161000000,29948.3,29961.8,29922.9,29949.7
1690161300000,29949.7,29949.7,29920.9,29937.7
1690161600000,29937.7,29937.7,29920.4,29920.4
1690161900000,29924.9,29933.6,29905.6,29916.3
1690162200000,29916.3,29927.1,29904.7,29919.7
1690162500000,29919.7,29920,29873,29874.9
1690162800000,29874.9,29876.7,29841.5,29852.7
1690163100000,29852.7,29887.2,29841.7,29849
1690163400000,29848.7,29870.7,29847.7,29854.7
1690163700000,29854.7,29894.1,29851.4,29885.3
1690164000000,29885.3,29885.3,29857.9,29859.9
1690164300000,29859.9,29860.1,29812.8,29819.7
1690164600000,29819.7,29824.3,29791.8,29793.7
1690164900000,29792.4,29801.1,29757.5,29769.1
1690165200000,29769.5,29772.2,29758.5,29766.9
1690165500000,29766.9,29769.7,29756.6,29761
1690165800000,29762.6,29763.7,29749.7,29756.2
1690166100000,29756.2,29767.6,29741.2,29763.7
1690166400000,29763.7,29763.7,29741.9,29755.8
1690166700000,29755.8,29786.3,29750.5,29779.2
1690167000000,29779.2,29779.8,29763.8,29770.9
1690167300000,29770.9,29778.7,29759.3,29772.1
1690167600000,29772.1,29772.1,29738.6,29760.9
1690167900000,29760.9,29760.9,29690.9,29692
1690168200000,29692,29723.2,29681.3,29721.9
1690168500000,29721.9,29728.4,29699.7,29725.7
1690168800000,29725.7,29730.7,29708.7,29711.8
1690169100000,29711.8,29712.7,29688.4,29698.1
1690169400000,29698.1,29708.5,29678.6,29704.3
1690169700000,29704.3,29704.9,29676.6,29676.6
1690170000000,29676.7,29679.7,29666.4,29677.6
1690170300000,29677.6,29691.3,29645.6,29687
1690170600000,29687,29693.6,29669.5,29679
1690170900000,29679,29692.8,29674,29686.9
1690171200000,29686.9,29687.4,29664.4,29674.5
1690171500000,29674.5,29674.6,29643,29660.4
1690171800000,29660.4,29715.6,29654.7,29715.6
1690172100000,29715.6,29717.8,29700.1,29717.8
1690172400000,29717.8,29769,29710,29760.1
1690172700000,29760.1,29760.1,29746,29753.7
1690173000000,29753.7,29772.4,29752.8,29766.9
1690173300000,29766.9,29769.3,29760.3,29764.5
1690173600000,29764.5,29764.8,29737.7,29759.5
1690173900000,29759.5,29759.5,29746.7,29754.1
1690174200000,29754.1,29771.7,29748.9,29769.2
1690174500000,29769.2,29775.4,29763.3,29764.9
1690174800000,29764.9,29766.5,29755.3,29761
1690175100000,29761,29762.1,29752.9,29760.6
1690175400000,29760.6,29762.1,29736.2,29742.2
1690175700000,29742.2,29746.3,29738,29741
1690176000000,29741,29768,29735,29764.3
1690176300000,29764.3,29786.8,29759.5,29780.8
1690176600000,29780.8,29784.4,29774.6,29775.9
1690176900000,29775.9,29777.7,29769.3,29774
1690177200000,29774,29774.8,29763.5,29774.8
1690177500000,29774.8,29774.8,29767.3,29774.8
1690177800000,29774.8,29774.8,29767.3,29774.8
1690178100000,29774.8,29774.8,29762.9,29774.8
1690178400000,29774.8,29774.8,29762.9,29774.8
1690178700000,29774.8,29774.8,29765.9,29765.9
1690179000000,29765.9,29770.6,29753.1,29762.5
1690179300000,29762.5,29762.5,29743.4,29751.2
1690179600000,29751.2,29759.4,29751,29758.8
1690179900000,29758.8,29770.4,29758.8,29765.4
1690180200000,29765.4,29766,29755.4,29757.6
1690180500000,29757.6,29759.7,29748.5,29759.7
1690180800000,29759.7,29759.7,29745.9,29748.3
1690181100000,29748.3,29767.9,29741.3,29767.5
1690181400000,29767.5,29768.3,29764.2,29765
1690181700000,29758.2,29764.9,29751.4,29762.3
1690182000000,29762.3,29763.7,29756.7,29763
1690182300000,29763,29763.7,29721.5,29721.5
1690182600000,29723.4,29727.6,29704,29722.9
1690182900000,29722.9,29741.6,29721.6,29739.3
1690183200000,29739.3,29763.2,29737.9,29757.3
1690183500000,29757.9,29782.4,29757.3,29777
1690183800000,29777,29777,29756.8,29772.8
1690184100000,29772.8,29791.9,29766.1,29791.5
1690184400000,29791.5,29827.6,29782.7,29817.4
1690184700000,29817.4,29834.6,29806.3,29831.3
1690185000000,29831.3,29840.4,29814.2,29817.9
1690185300000,29817.9,29818.3,29792.6,29798.9
1690185600000,29798.9,29799.5,29789.3,29794.7
1690185900000,29794.7,29801.9,29791.1,29796.3
1690186200000,29796.3,29798.8,29788.2,29793
1690186500000,29793,29793,29763.4,29766.4
1690186800000,29766.4,29772.1,29765.3,29766.2
1690187100000,29766.5,29792.5,29766.5,29789.1
1690187400000,29789.1,29789.1,29764.7,29772
1690187700000,29772,29772,29739.9,29746.6
1690188000000,29746.6,29746.6,29739.5,29739.5
1690188300000,29739.5,29749.6,29739.5,29748.4
1690188600000,29748.4,29748.4,29725.7,29726.8
1690188900000,29726.8,29731.7,29726.8,29727.8
1690189200000,29727.8,29727.8,29715.3,29723.5
1690189500000,29723.5,29730.9,29723.5,29730.9
1690189800000,29731,29734.5,29715.1,29725.5
1690190100000,29725.5,29737.9,29725.5,29734.2
1690190400000,29734.2,29734.2,29723.9,29724.8
1690190700000,29724.8,29725.5,29710.3,29710.3
1690191000000,29710.8,29722.8,29710.8,29712.3
1690191300000,29712.3,29716.4,29691.5,29691.5
1690191600000,29694.7,29705.2,29682.7,29690
1690191900000,29690,29691.5,29647.3,29647.3
1690192200000,29646.9,29647.3,28963.7,29166.4
1690192500000,29166.4,29214.8,29116.7,29154.3
1690192800000,29154.3,29230.1,29100.6,29223.9
1690193100000,29223.9,29319.3,29218.9,29291.1
1690193400000,29291.7,29313.3,29257.5,29289.4
1690193700000,29289.4,29331.3,29266.7,29325.5
1690194000000,29327.5,29349.8,29276.2,29282.9
1690194300000,29282.9,29324.8,29242,29324.3
1690194600000,29327.1,29327.9,29250.1,29251.8
1690194900000,29251.8,29279.2,29241.4,29277
1690195200000,29277,29285.2,29247.4,29270.2
1690195500000,29270.2,29294.2,29262,29263.2
1690195800000,29263.2,29298.6,29253.8,29291.6
1690196100000,29291.6,29298.8,29274.5,29289.6
1690196400000,29289.6,29293,29274.5,29292.8
1690196700000,29292.8,29292.8,29278.6,29284.6
1690197000000,29284.6,29293.3,29275.8,29285.4
1690197300000,29285.4,29289.1,29251.9,29254.1
1690197600000,29253.4,29271.9,29249.7,29259.5
1690197900000,29259.5,29262.2,29240.6,29242.4
1690198200000,29242.4,29271.7,29232.7,29240.1
1690198500000,29240.1,29241.8,29198.6,29212
1690198800000,29212,29226.6,29192.7,29225.3
1690199100000,29225.3,29243.3,29210.7,29226.9
1690199400000,29227.1,29239,29212,29239
1690199700000,29239,29239,29215.1,29232.6
1690200000000,29232.6,29232.6,29198.8,29201.8
1690200300000,29201.8,29201.8,29169.6,29173.5
1690200600000,29173.5,29177.7,29140.2,29155.6
1690200900000,29155.6,29186.7,29145.9,29168.9
1690201200000,29168.9,29196,29138.9,29142.9
1690201500000,29142.9,29149.9,29133.8,29143.5
1690201800000,29143.5,29166.1,29135.7,29153.6
1690202100000,29153.6,29185.7,29152.2,29185.7
1690202400000,29185.7,29189.8,29161.6,29161.6
1690202700000,29161.6,29162.7,29151,29158.7
1690203000000,29158.7,29221.7,29158,29190
1690203300000,29190,29197.4,29180,29193.1
1690203600000,29193.1,29212.2,29184.1,29189.2
1690203900000,29189.2,29190.2,29175.1,29183.4
1690204200000,29183.4,29194,29177.1,29192.9
1690204500000,29192.9,29192.9,29181.8,29188.7
1690204800000,29189.1,29201.7,29189.1,29195.7
1690205100000,29195.7,29195.7,29186.7,29190.2
1690205400000,29190.9,29217.3,29188.2,29200.4
1690205700000,29200.4,29202.3,29175.7,29191.8
1690206000000,29191.8,29191.8,29164.3,29166.4
1690206300000,29166.4,29168.3,29130.4,29149.3
1690206600000,29150.4,29156.2,29084.1,29115.6
1690206900000,29115.6,29151,29112.6,29142.7
1690207200000,29144.7,29150.8,29093.7,29099.1
1690207500000,29099.1,29123.7,29063.2,29108.8
1690207800000,29107.7,29149.3,29106.9,29129.6
1690208100000,29129.6,29129.6,29050.7,29066.5
1690208400000,29066.6,29092.9,29049.4,29049.4
1690208700000,29049.4,29061.7,29033.1,29051.2
1690209000000,29051.2,29051.2,29020.7,29041.6
1690209300000,29043.2,29078,28991.2,29036.7
1690209600000,29037,29126.1,29033.7,29102.7
1690209900000,29102.7,29142.8,29077.9,29090.6
1690210200000,29091.7,29094.7,29045.7,29054.3
1690210500000,29055.8,29061.7,28998.8,29009.7
1690210800000,29009.7,29069.1,28946.9,28999.8
1690211100000,29000.2,29008.3,28895.5,28920.8
1690211400000,28920.8,29005.2,28840.7,28991.8
1690211700000,28991.8,29056.1,28969,29022.6
1690212000000,29026.9,29102.3,29018.3,29092.1
1690212300000,29092.1,29092.1,29062.4,29065.7
1690212600000,29065.8,29072,29039.4,29043.9
1690212900000,29043.9,29058.2,29029.4,29038.4
1690213200000,29038.4,29039.4,29007.1,29013.5
1690213500000,29013.5,29054.1,29010.3,29041.8
1690213800000,29041.9,29044.9,29020,29023.3
1690214100000,29023.3,29059.9,29017.4,29059.9
1690214400000,29059.9,29091.7,29039.9,29091.7
1690214700000,29091.7,29092.4,29050.2,29055.5
1690215000000,29055.5,29055.5,29045,29051
1690215300000,29051,29051,28987.6,28995.7
1690215600000,28995.7,29063.2,28992.2,29053.8
1690215900000,29053.8,29055.4,29018.4,29051.1
1690216200000,29051.3,29074.1,29042.7,29068.7
1690216500000,29070.3,29114.1,29069,29104.2
1690216800000,29104.2,29104.2,29056.3,29068.6
1690217100000,29069.7,29082.4,29054,29081.5
1690217400000,29081.5,29090.4,29073,29079.9
1690217700000,29079.9,29079.9,29065.8,29071.4
1690218000000,29072.6,29082.7,29049.4,29049.5
1690218300000,29049.5,29050.6,29040.4,29046.7
1690218600000,29046.8,29070.6,29045.7,29070.6
1690218900000,29071.4,29086.8,29064.4,29064.4
1690219200000,29064.4,29080.7,29061.4,29078.7
1690219500000,29078.7,29078.7,29066.9,29066.9
1690219800000,29067.2,29074.2,29021.7,29029
1690220100000,29029,29029,29010.7,29016.1
1690220400000,29016.1,29022.1,29006.3,29014
1690220700000,29015.2,29030.6,29008.2,29030.6
1690221000000,29031.8,29038.9,29018,29018
1690221300000,29018,29018,28982.6,29002.3
1690221600000,29002.3,29008.3,28980.9,28980.9
1690221900000,28980.9,28987.7,28970.8,28982.3
1690222200000,28982.3,29012.3,28974.6,29012.3
1690222500000,29012.3,29012.3,28971.2,28971.2
1690222800000,28971.2,28995.8,28968.2,28995.8
1690223100000,28995.8,29032.2,28995.8,29027.8
1690223400000,29027.9,29058.7,29027.8,29052.2
1690223700000,29052.2,29055,29043.5,29044
1690224000000,29044,29048,29033.2,29047.5
1690224300000,29047.9,29097.4,29047.5,29097.4
1690224600000,29097.4,29097.4,29067.1,29073.8
1690224900000,29073.8,29092.7,29069.1,29086.2
1690225200000,29090.1,29105.4,29081.8,29104.3
1690225500000,29104.3,29122.2,29088.1,29112.1
1690225800000,29112.1,29112.1,29102.7,29106.1
1690226100000,29106.2,29113.9,29099.2,29107.5
1690226400000,29107.5,29107.5,29107.5,29107.5
1690226700000,29107.5,29107.5,29100.9,29106.2
1690227000000,29106.3,29117.3,29101.6,29101.6
1690227300000,29101.6,29101.6,29090.8,29097.5
1690227600000,29100.9,29103.9,29088.7,29088.7
1690227900000,29088.7,29096.1,29086.8,29086.8
1690228200000,29086.8,29086.8,29068.7,29072.5
1690228500000,29076.1,29086.1,29076,29077.5
1690228800000,29077.7,29106.2,29076.6,29076.6
1690229100000,29076.7,29104.6,29076.6,29096.7
1690229400000,29096.7,29101.6,29095.8,29095.8
1690229700000,29095.8,29095.8,29095.8,29095.8
1690230000000,29095.8,29095.8,29090.7,29090.7
1690230300000,29090.7,29101.3,29090.7,29101.3
1690230600000,29101.8,29117,29100.8,29104.3
1690230900000,29104.3,29104.3,29073.8,29079
1690231200000,29079,29079,29065.4,29074.8
1690231500000,29076.6,29111.9,29076.2,29106.4
1690231800000,29106.4,29108.4,29094.3,29108.4
1690232100000,29108.4,29115.5,29108.4,29115.5
1690232400000,29115.5,29119.7,29104.7,29111.4
1690232700000,29113,29120.9,29110.3,29118.7
1690233000000,29118.7,29118.7,29107.5,29107.5
1690233300000,29107.5,29107.5,29093.4,29106.6
1690233600000,29106.6,29128,29106.6,29128
1690233900000,29128.4,29131.4,29128,29131.4
1690234200000,29131.4,29131.4,29131.4,29131.4
1690234500000,29131.6,29151.4,29131.6,29149.8
1690234800000,29149.8,29149.8,29137.8,29137.8
1690235100000,29137.8,29137.8,29135.4,29135.6
1690235400000,29135.6,29135.6,29131.8,29135
1690235700000,29135,29138.1,29135,29138.1
1690236000000,29138.1,29155.9,29138.1,29142.8
1690236300000,29143,29146,29137.1,29141.3
1690236600000,29141.3,29153.9,29141.3,29150.4
1690236900000,29150.4,29150.4,29131.4,29131.4
1690237200000,29131.4,29131.4,29115,29128.7
1690237500000,29128.7,29131,29124.1,29124.1
1690237800000,29124.1,29135.1,29116.3,29135.1
1690238100000,29135.5,29138.5,29135.1,29136.9
1690238400000,29136.9,29138.1,29127.7,29138.1
1690238700000,29138.1,29138.1,29128.1,29130.5
1690239000000,29130.5,29130.5,29117.8,29126.6
1690239300000,29126.6,29126.6,29126.6,29126.6
1690239600000,29126.6,29128.4,29126.6,29128.4
1690239900000,29128.4,29138.6,29125.9,29138.6
1690240200000,29138.6,29146.5,29138.6,29143.3
1690240500000,29143.3,29147,29143.3,29147
1690240800000,29147.2,29169.9,29147,29159.4
1690241100000,29159.4,29159.4,29159.1,29159.1
1690241400000,29159.1,29159.1,29151.2,29156.7
1690241700000,29156.7,29156.7,29156.7,29156.7
1690242000000,29156.7,29156.7,29145.8,29152.7
1690243200000,29138.2,29138.2,29138.2,29138.2
1690243500000,29152.7,29152.7,29123.2,29129
1690243800000,29129,29132.3,29129,29132.3
1690244100000,29132.3,29132.3,29125.5,29125.5
1690244400000,29126.1,29138,29125.8,29138
1690244700000,29138,29144.9,29138,29144.9
1690245000000,29144.9,29144.9,29141.3,29141.3
1690245300000,29138.3,29140.2,29110.5,29110.5
1690245600000,29110.5,29110.5,29088.4,29088.4
1690245900000,29088.6,29098.5,29088.6,29098.5
1690246200000,29098.5,29098.5,29089.5,29091
1690246500000,29091.2,29097.8,29064.7,29077.6
1690246800000,29077.6,29077.6,29068.7,29068.7
1690247100000,29068.7,29077.9,29059.6,29061.1
1690247400000,29061.1,29062.6,29050.5,29050.5
1690247700000,29050.5,29050.5,29050.5,29050.5
1690248000000,29050.5,29050.5,29050.5,29050.5
1690248300000,29050.5,29050.5,29027.8,29037.9
1690248600000,29037.9,29037.9,29032,29032
1690248900000,29032,29041.8,29032,29041.8
1690249200000,29041.8,29041.8,29033.4,29033.4
1690249500000,29034.4,29044.2,29033.4,29044.2
1690249800000,29047.2,29050.2,29042.8,29047.1
1690250100000,29047.1,29047.6,29044,29046.8
1690250400000,29047.5,29050.5,29047.5,29047.5
1690250700000,29047.5,29047.5,29038.2,29038.5
1690251000000,29038.5,29046.6,29038.5,29046.6
1690251300000,29046.7,29061.9,29046.6,29061.9
1690251600000,29063.3,29066.3,29063.3,29063.7
1690251900000,29063.7,29079.3,29063.7,29079.3
1690252200000,29079.7,29107.5,29079.3,29107.5
1690252500000,29107.5,29126.6,29105.4,29123.5
1690252800000,29123.6,29133.1,29123.5,29126.3
1690253100000,29126.4,29132.6,29121.3,29121.9
1690253400000,29121.9,29121.9,29106.3,29106.3
1690253700000,29106.3,29106.3,29095.9,29095.9
1690254000000,29096.5,29111.6,29093.9,29097.9
1690254300000,29098.1,29112.7,29098.1,29102
1690254600000,29102,29102,29101,29101
1690254900000,29101,29101,29091.1,29091.1
1690255200000,29091.1,29091.3,29089.9,29091.3
1690255500000,29091.3,29092.5,29062.5,29073.6
1690255800000,29073.6,29073.6,29073.6,29073.6
1690256100000,29073.6,29073.6,29073.6,29073.6
1690256400000,29073.6,29073.6,29073.6,29073.6
1690256700000,29073.9,29077.9,29069.5,29077.9
1690257000000,29079.5,29086.5,29079.3,29083.3
1690257300000,29083.3,29083.3,29074.9,29074.9
1690257600000,29075.1,29078.1,29075.1,29078.1
1690257900000,29078.1,29084.1,29077.3,29084.1
1690258200000,29084.1,29084.1,29083.6,29083.6
1690258500000,29083.6,29083.6,29072.9,29072.9
1690258800000,29072.9,29072.9,29063.8,29063.8
1690259100000,29063.8,29063.8,29053.1,29058.3
1690259400000,29058.3,29061.4,29058.1,29058.1
1690259700000,29058.1,29058.1,29047.7,29047.7
1690260000000,29047.7,29047.7,29041.2,29041.2
1690260300000,29042.2,29046.8,29042.2,29046.8
1690260600000,29046.8,29050.3,29046.8,29050.3
1690260900000,29050.3,29056.8,29050.3,29056.8
1690261200000,29058.4,29064.5,29054.7,29064.5
1690261500000,29064.5,29068.5,29059.7,29068.5
1690261800000,29068.5,29068.5,29068.5,29068.5
1690262100000,29068.5,29068.5,29068.5,29068.5
1690262400000,29068.5,29068.5,29068.5,29068.5
1690262700000,29068.5,29072.3,29068.5,29072.3
1690263000000,29073.1,29091.8,29073.1,29091.8
1690263300000,29091.8,29103,29091.8,29101.3
1690263600000,29101.3,29101.3,29090.2,29090.2
1690263900000,29090.6,29105.1,29090.2,29103.6
1690264200000,29103.6,29104.8,29088.9,29104.8
1690264500000,29104.8,29108.5,29095.5,29099.3
1690264800000,29099.3,29099.3,29098,29098
1690265100000,29098,29098,29098,29098
1690265400000,29098.4,29109.7,29098,29107.9
1690265700000,29107.9,29108.3,29101.3,29101.3
1690266000000,29101.3,29101.3,29101,29101
1690266300000,29101.2,29111.8,29101.2,29111.8
1690266600000,29111.8,29111.8,29104.1,29111
1690266900000,29111,29111,29111,29111
1690267200000,29111,29111,29085,29102.5
1690267500000,29102.5,29102.5,29102.5,29102.5
1690267800000,29102.5,29102.5,29102.5,29102.5
1690268100000,29102.5,29109.2,29102.5,29109.2
1690268400000,29109.6,29126.5,29109.6,29126.5
1690268700000,29126.5,29126.5,29121.8,29121.8
1690269000000,29121.8,29121.8,29116,29118.5
1690269300000,29118.5,29118.5,29113.5,29117.2
1690269600000,29117.2,29118.5,29117,29118.5
1690269900000,29118.5,29121.6,29118.5,29121.6
1690270200000,29121.6,29121.6,29114.3,29118.5
1690270500000,29118.5,29118.5,29118.5,29118.5
1690270800000,29118.7,29121.7,29116.1,29116.9
1690271100000,29116.9,29118.5,29097.8,29109.4
1690271400000,29109.4,29109.4,29109.4,29109.4
1690271700000,29109.4,29109.4,29109.4,29109.4
1690272000000,29111.5,29118.9,29111.2,29118.9
1690272300000,29118.9,29118.9,29103.6,29111.2
1690272600000,29111.2,29111.2,29103.2,29103.2
1690272900000,29103.2,29103.2,29103.2,29103.2
1690273200000,29103.2,29103.2,29103.2,29103.2
1690273500000,29103.2,29110.5,29103.2,29110.5
1690273800000,29110.5,29110.5,29102.2,29105.5
1690274100000,29109.1,29124,29109.1,29124
1690274400000,29124,29140,29124,29127.9
1690274700000,29125.8,29135.2,29125.8,29131.2
1690275000000,29131.8,29152.6,29131.8,29148.7
1690275300000,29149.5,29161.6,29148.9,29153.7
1690275600000,29153.7,29155.6,29151.1,29151.1
1690275900000,29151.1,29151.5,29143.1,29147.7
1690276200000,29147.7,29148.2,29145,29145
1690276500000,29145,29145,29141.9,29142.5
1690276800000,29142.5,29161.1,29142.5,29161.1
1690277100000,29161.1,29164.3,29158.8,29164.3
1690277400000,29163.5,29171.2,29141.9,29157.6
1690277700000,29157.6,29236.5,29157.6,29236.5
1690278000000,29236.9,29243.6,29180.6,29180.6
1690278300000,29182.2,29189,29174.9,29184.6
1690278600000,29184.6,29184.6,29152.8,29158.3
1690278900000,29158.3,29158.3,29142,29147.5
1690279200000,29147.5,29147.5,29116.2,29132.7
1690279500000,29133,29146.8,29132.4,29143.6
1690279800000,29143.6,29148.5,29142.9,29144
1690280100000,29144,29145.7,29138.6,29142.1
1690280400000,29142.1,29155.5,29142.1,29152.4
1690280700000,29152.4,29160.4,29152.4,29155.3
1690281000000,29155.4,29158.4,29147.9,29151.6
1690281300000,29151.6,29151.6,29151.6,29151.6
1690281600000,29151.6,29151.6,29142.3,29145.6
1690281900000,29145.6,29145.6,29136.6,29139.9
1690282200000,29139.9,29139.9,29133,29133
1690282500000,29133.8,29136.8,29133.1,29133.1
1690282800000,29133.1,29133.1,29130.6,29130.6
1690283100000,29130.6,29130.6,29122.4,29122.4
1690283400000,29123,29126,29120.3,29120.3
1690283700000,29120.3,29120.3,29117.3,29117.3
1690284000000,29117.3,29121.8,29113.5,29121.3
1690284300000,29121.3,29121.3,29121.3,29121.3
1690284600000,29121.3,29124.4,29115.1,29115.1
1690284900000,29115.1,29129.7,29115.1,29118
1690285200000,29118,29118,29104.2,29111.1
1690285500000,29111.1,29111.1,29103.1,29103.1
1690285800000,29103.1,29103.1,29103.1,29103.1
1690286100000,29103.1,29103.1,29086.7,29089.8
1690286400000,29089.8,29105.3,29089.8,29099.6
1690286700000,29099.6,29099.6,29092.8,29092.8
1690287000000,29092.8,29093.2,29086.9,29090.6
1690287300000,29090.6,29090.6,29069,29071.4
1690287600000,29071.4,29095,29071.4,29091.7
1690287900000,29092.5,29101.7,29092.5,29101.7
1690288200000,29101.7,29101.7,29101.7,29101.7
1690288500000,29101.7,29101.7,29092.3,29092.3
1690288800000,29092.3,29092.3,29092.3,29092.3
1690289100000,29092.3,29095.2,29087.2,29087.9
1690289400000,29087.9,29087.9,29078.4,29086.2
1690289700000,29086.2,29086.2,29086.2,29086.2
1690290000000,29086.2,29086.2,29058.4,29060.4
1690290300000,29060.5,29114.7,29060.5,29108.7
1690290600000,29108.7,29108.7,29074.6,29074.6
1690290900000,29074.6,29092.3,29074.6,29092.3
1690291200000,29092.3,29102.4,29084.4,29102.4
1690291500000,29102.8,29126.7,29102.4,29115.7
1690291800000,29118.7,29207.2,29118.2,29205.7
1690292100000,29210.1,29261.2,29194,29261.2
1690292400000,29261.2,29303.2,29246.8,29295.4
1690292700000,29295.5,29298.5,29195.6,29216.7
1690293000000,29216.7,29245,29209.1,29218
1690293300000,29218,29256.9,29213.3,29238.5
1690293600000,29238.9,29257.7,29230.4,29235.6
1690293900000,29235.6,29253,29224.7,29253
1690294200000,29253.1,29280.4,29253,29277.4
1690294500000,29277.9,29301.9,29221.7,29245.6
1690294800000,29245.6,29245.6,29236,29238
1690295100000,29238,29253.4,29235.6,29236.8
1690295400000,29236.8,29237.7,29167.2,29167.2
1690295700000,29169.4,29187.9,29166.2,29180.2
1690296000000,29180.2,29180.2,29157,29165
1690296300000,29165.5,29172.2,29139,29146
1690296600000,29146,29146,29133.7,29142.5
1690296900000,29142.9,29155.9,29142.9,29144.2
1690297200000,29144.2,29163.3,29138.4,29163.1
1690297500000,29163.8,29180,29160.5,29166.9
1690297800000,29167.4,29174,29166.9,29167.7
1690298100000,29167.7,29187.9,29167.7,29187.9
1690298400000,29187.9,29194.1,29185.6,29187
1690298700000,29187,29187.8,29159.8,29162.9
1690299000000,29163.8,29166.8,29152.6,29159.2
1690299300000,29159.2,29159.2,29159.2,29159.2
1690299600000,29159.4,29185.6,29159.4,29183.1
1690299900000,29183.1,29188.4,29169.7,29184.1
1690300200000,29184.1,29184.1,29183.1,29183.1
1690300500000,29183.8,29186.8,29167.3,29172.7
1690300800000,29172.7,29172.7,29172.7,29172.7
1690301100000,29172.7,29188,29172.7,29188
1690301400000,29188.1,29213.1,29188,29213.1
1690301700000,29213.3,29256.7,29209.2,29256.7
1690302000000,29256.7,29256.7,29237.5,29238.3
1690302300000,29238.3,29238.3,29204.3,29205.3
1690302600000,29205.3,29205.3,29188.8,29188.8
1690302900000,29189,29213.3,29189,29211
1690303200000,29211,29218.6,29208.4,29208.4
1690303500000,29208.4,29208.4,29166.2,29169.6
1690303800000,29169.8,29197.4,29169.6,29197.4
1690304100000,29197.4,29197.4,29188.4,29193.8
1690304400000,29193.8,29196,29189.1,29195.4
1690304700000,29196.8,29199.8,29188.7,29188.7
1690305000000,29188.7,29188.7,29168.6,29168.6
1690305300000,29168.6,29175.3,29167.2,29167.2
1690305600000,29167.2,29182.4,29167.2,29182.4
1690305900000,29183.6,29230.8,29183.6,29230.2
1690306200000,29233.1,29236.1,29222.2,29222.2
1690306500000,29222.6,29250.6,29222.6,29237.8
1690306800000,29237.8,29237.8,29230.8,29230.8
1690307100000,29230.8,29230.8,29217.4,29219.6
1690307400000,29219.6,29219.6,29219.6,29219.6
1690307700000,29220,29240.8,29219.6,29239
1690308000000,29239.1,29242.1,29231.6,29237.6
1690308300000,29237.6,29264.8,29229.9,29247.5
1690308600000,29247.5,29256.1,29247.4,29254.4
1690308900000,29254.4,29254.4,29247,29247
1690309200000,29247,29247,29234.3,29239.9
1690309500000,29239.9,29242.3,29238,29242.3
1690309800000,29243,29256.9,29242.3,29256.9
1690310100000,29256.9,29297.9,29256.9,29290.1
1690310400000,29292.9,29331.4,29263.9,29264.7
1690310700000,29265.2,29275.4,29241.4,29245.6
1690311000000,29245.6,29245.6,29223.8,29233
1690311300000,29233.1,29243.7,29227.4,29227.9
1690311600000,29227.9,29231.7,29224.1,29231.7
1690311900000,29231.7,29239.8,29231.7,29239.8
1690312200000,29239.8,29239.8,29232.4,29232.4
1690312500000,29232.4,29232.4,29227.1,29227.6
1690312800000,29227.6,29227.6,29215.5,29215.5
1690313100000,29215.5,29222.3,29215.5,29222.3
1690313400000,29222.3,29222.3,29212.6,29212.6
1690313700000,29212.8,29226.2,29194.1,29194.1
1690314000000,29194.8,29198.1,29194.3,29197.1
1690314300000,29197.1,29197.1,29180.8,29180.8
1690314600000,29180.8,29192.9,29177.2,29192.7
1690314900000,29192.7,29192.7,29182,29182
1690315200000,29182,29198.6,29167.6,29188.3
1690315500000,29188.4,29197.6,29188.3,29195.1
1690315800000,29195.1,29195.1,29170.6,29188
1690316100000,29188,29188,29188,29188
1690316400000,29188,29188,29188,29188
1690316700000,29188,29191.5,29188,29191.5
1690317000000,29192,29198.3,29190.6,29194.6
1690317300000,29194.6,29196.7,29189,29189
1690317600000,29189,29189,29189,29189
1690317900000,29189.6,29205.3,29189.6,29200.4
1690318200000,29200.4,29202.6,29194.7,29198.7
1690318500000,29198.7,29198.7,29198.7,29198.7
1690318800000,29198.7,29202.8,29195.7,29195.7
1690319100000,29195.8,29198.8,29195.8,29198.8
1690319400000,29198.8,29198.8,29194.3,29198.2
1690319700000,29198.2,29201.3,29198.2,29201.3
1690320000000,29201.3,29205,29201.3,29205
1690320300000,29205,29214.1,29205,29214.1
1690320600000,29214.1,29214.1,29214.1,29214.1
1690320900000,29214.1,29214.1,29204.1,29204.1
1690321200000,29204.1,29204.1,29197.5,29197.5
1690321500000,29197.5,29197.5,29193.3,29193.3
1690321800000,29193.3,29193.3,29192.9,29192.9
1690322100000,29192.9,29192.9,29192.9,29192.9
1690322400000,29193.2,29208.1,29189.6,29208.1
1690322700000,29208.1,29215.6,29197.5,29197.5
1690323000000,29198,29210,29198,29199.8
1690323300000,29199.8,29199.8,29185,29188.2
1690323600000,29188.2,29188.2,29185.1,29185.1
1690323900000,29185.1,29186.2,29178,29183.1
1690324200000,29183.1,29184.2,29180.3,29180.3
1690324500000,29180.3,29190.5,29180.3,29190.5
1690324800000,29190.5,29190.5,29183.6,29188.6
1690325100000,29188.6,29188.6,29182.7,29182.7
1690325400000,29182.7,29182.7,29182.7,29182.7
1690325700000,29182.7,29182.7,29174.2,29174.2
1690326000000,29174.2,29180.8,29174.2,29180.8
1690326300000,29180.8,29180.8,29167.2,29170.7
1690326600000,29170.7,29170.7,29170.7,29170.7
1690326900000,29170.7,29173.9,29170.7,29173.9
1690327200000,29173.9,29173.9,29168.6,29171.9
1690327500000,29171.9,29175,29171.9,29175
1690327800000,29175,29192.9,29173.3,29192.9
1690328100000,29194.5,29197.5,29191.6,29191.6
1690328400000,29191.6,29191.6,29187.6,29187.6
1690328700000,29188.9,29195.2,29188.9,29195.2
1690329000000,29195.2,29208,29195.2,29200.1
1690329300000,29200.1,29200.1,29190.9,29190.9
1690329600000,29189.9,29191.6,29187,29187.6
1690329900000,29187.6,29198.2,29187.6,29194.5
1690330200000,29194.5,29194.5,29177.7,29177.7
1690330500000,29181.2,29184.2,29167.3,29167.3
1690330800000,29167.3,29168.4,29152.7,29152.7
1690331100000,29152.7,29155.1,29127.5,29155.1
1690331400000,29155.1,29155.1,29124.1,29128.8
1690331700000,29128.8,29150.9,29128.8,29143.4
1690332000000,29143.8,29158,29143.4,29146.5
1690332300000,29146.5,29146.5,29134.4,29135.5
1690332600000,29135.6,29141.8,29135.6,29139
1690332900000,29139,29139.1,29130.8,29130.8
1690333200000,29130.8,29135.6,29130.8,29134
1690333500000,29134,29134,29098.5,29117.6
1690333800000,29117.6,29117.6,29112.7,29112.7
1690334100000,29113.1,29130.4,29110,29110
1690334400000,29111.9,29134.4,29111.9,29122.4
1690334700000,29122.4,29123.1,29122.4,29123.1
1690335000000,29123.1,29123.1,29097.4,29106.2
1690335300000,29106.2,29106.2,29082.6,29093.2
1690335600000,29093.2,29114.4,29091.1,29105.9
1690335900000,29106.3,29116.6,29103.9,29111.6
1690336200000,29110.8,29111.1,29102.6,29104
1690336500000,29104,29104,29097.1,29097.1
1690336800000,29097.1,29109.1,29097.1,29104.3
1690337100000,29104.3,29114.1,29104.3,29114.1
1690337400000,29114.3,29121.5,29108.7,29108.7
1690337700000,29108.7,29112,29108.7,29112
1690338000000,29112.7,29127,29112.7,29127
1690338300000,29127,29152,29127,29152
1690338600000,29152,29152,29140.9,29140.9
1690338900000,29140.9,29144.5,29130.4,29130.4
1690339200000,29130.6,29144.8,29130.6,29144.8
1690339500000,29144.8,29149.1,29142.6,29149.1
1690339800000,29149.6,29166.7,29149.1,29166.6
1690340100000,29166.6,29253.6,29166.6,29250.5
1690340400000,29251.1,29255.6,29227.2,29229.4
1690340700000,29229.4,29315.8,29226.6,29315.8
1690341000000,29317.4,29371.3,29272,29272
1690341300000,29272.6,29286.3,29232.2,29246.4
1690341600000,29246.4,29246.4,29211.9,29228
1690341900000,29228,29228,29214.9,29215.5
1690342200000,29215.5,29215.5,29186.5,29186.5
1690342500000,29186.5,29204.9,29186.5,29203.4
1690342800000,29203.4,29212.7,29199.1,29210.1
1690343100000,29210.1,29211.2,29204.3,29211.2
1690343400000,29211.6,29221.2,29206.6,29206.6
1690343700000,29207,29213.1,29205.5,29205.5
1690344000000,29205.5,29205.5,29195.7,29195.7
1690344300000,29195.7,29195.7,29188.4,29188.4
1690344600000,29188.4,29197.5,29188.4,29191.8
1690344900000,29192.9,29196.3,29182,29188.6
1690345200000,29189.6,29198.3,29181.8,29188.8
1690345500000,29188.8,29188.8,29177.3,29182.2
1690345800000,29182.2,29198.3,29182.2,29193.2
1690346100000,29193.2,29193.2,29174.5,29174.5
1690346400000,29174.8,29181.9,29173.6,29173.6
1690346700000,29173.6,29173.6,29173.6,29173.6
1690347000000,29173.6,29173.6,29173.6,29173.6
1690347300000,29173.6,29173.6,29165.4,29166.3
1690347600000,29166.3,29166.3,29166.3,29166.3
1690347900000,29166.3,29183.6,29162.8,29180.6
1690348200000,29180.6,29180.6,29180.6,29180.6
1690348500000,29180.6,29210.2,29180.6,29207.4
1690348800000,29207.4,29207.4,29181.4,29181.4
1690349100000,29181.4,29192.2,29181.4,29192.2
1690349400000,29192.2,29192.2,29182.3,29182.7
1690349700000,29183,29207.5,29182.7,29207.5
1690350000000,29207.5,29225.9,29206.2,29219.7
1690350300000,29219.9,29239.8,29219.9,29225.1
1690350600000,29227.6,29230.6,29227,29230.6
1690350900000,29230.6,29233.9,29230.6,29233.9
1690351200000,29233.9,29233.9,29221.8,29221.8
1690351500000,29222.4,29230.7,29222.4,29227.1
1690351800000,29227.1,29227.1,29223.7,29223.7
1690352100000,29223.7,29231,29223.7,29231
1690352400000,29231,29231,29223.1,29223.1
1690352700000,29224.2,29233.7,29224.2,29227.9
1690353000000,29227.9,29227.9,29227.9,29227.9
1690353300000,29228.1,29267.1,29227.9,29262.2
1690353600000,29265.3,29279.3,29170.5,29174.3
1690353900000,29175,29189.8,29172,29179
1690354200000,29179,29183.6,29166.5,29166.5
1690354500000,29166.5,29171.8,29164.5,29171.8
1690354800000,29171.9,29183.5,29171.8,29183.5
1690355100000,29183.6,29204.3,29183.5,29200.3
1690355400000,29200.4,29208,29200.3,29205
1690355700000,29205,29205,29183,29183
1690356000000,29183,29183,29177.3,29180.6
1690356300000,29180.6,29180.6,29173.1,29173.1
1690356600000,29173.1,29173.1,29173.1,29173.1
1690356900000,29173.2,29177.6,29169.5,29169.5
1690357200000,29169.5,29169.5,29168.7,29168.7
1690357500000,29169.1,29172.1,29168.8,29170.8
1690357800000,29170.8,29172.6,29170.8,29172.6
1690358100000,29172.7,29179.5,29172.6,29179.5
1690358400000,29179.6,29193,29179.6,29186.1
1690358700000,29186.1,29193.6,29186.1,29193.6
1690359000000,29193.6,29193.6,29190.9,29190.9
1690359300000,29190.9,29190.9,29190.9,29190.9
1690359600000,29190.9,29190.9,29175.6,29184.8
1690359900000,29184.8,29184.8,29180.5,29180.5
1690360200000,29180.5,29184.7,29180.5,29184.7
1690360500000,29184.7,29204.2,29181.6,29204.2
1690360800000,29204.2,29204.2,29197.2,29197.2
1690361100000,29197.2,29200.6,29193.7,29197.3
1690361400000,29197.3,29197.3,29193.6,29193.6
1690361700000,29193.6,29193.6,29183.7,29183.7
1690362000000,29184,29190.4,29183.7,29187.5
1690362300000,29187.5,29194.1,29185,29194.1
1690362600000,29194.1,29194.1,29185.2,29185.2
1690362900000,29185.2,29185.8,29185.2,29185.8
1690363200000,29185.8,29185.8,29176.7,29184.1
1690363500000,29184.1,29184.1,29182.7,29182.7
1690363800000,29182.7,29182.7,29161.6,29161.7
1690364100000,29164.7,29168.7,29158.3,29162.2
1690364400000,29162.2,29162.2,29131.1,29137.4
1690364700000,29137.4,29153.9,29131.6,29153.9
1690365000000,29154.7,29161,29149.8,29153
1690365300000,29153.5,29159.6,29153.5,29156
1690365600000,29158.5,29161.5,29149.2,29149.2
1690365900000,29149.2,29149.2,29131.6,29134.1
1690366200000,29134.1,29143.9,29133,29143.9
1690366500000,29144,29153.2,29144,29147.5
1690366800000,29147.5,29152.7,29141.9,29152.7
1690367100000,29152.7,29152.7,29145.3,29145.5
1690367400000,29145.5,29157.2,29136.4,29157.2
1690367700000,29157.2,29163.8,29157.2,29163.8
1690368000000,29163.8,29163.8,29161.6,29161.6
1690368300000,29161.6,29161.6,29161.6,29161.6
1690368600000,29161.6,29161.6,29156,29160
1690368900000,29160.1,29163.1,29155.9,29155.9
1690369200000,29155.9,29160.3,29155.9,29160
1690369500000,29160.1,29167.6,29159.8,29165.9
1690369800000,29165.9,29173.6,29161.4,29170
1690370100000,29170,29178.1,29167.8,29171.6
1690370400000,29171.6,29171.6,29166.7,29166.7
1690370700000,29166.7,29166.7,29162.9,29162.9
1690371000000,29162.9,29167,29162.9,29167
1690371300000,29167,29167.5,29163.4,29163.4
1690371600000,29163.4,29163.4,29160.5,29160.5
1690371900000,29160.5,29160.5,29142.7,29142.7
1690372200000,29150.4,29153.4,29138,29139.1
1690372500000,29139.1,29146.4,29139.1,29141.2
1690372800000,29141.2,29142.2,29136.3,29142.2
1690373100000,29143.2,29149.3,29142.2,29147.4
1690373400000,29147.4,29157.2,29147.4,29153.7
1690373700000,29153.7,29156.9,29153.7,29156.9
1690374000000,29156.9,29179.7,29156.9,29179.7
1690374300000,29180.1,29199.6,29180.1,29199.6
1690374600000,29200.1,29203.1,29194.7,29194.7
1690374900000,29194.7,29202.7,29192.7,29202.7
1690375200000,29202.7,29202.7,29194.8,29202.7
1690375500000,29202.7,29202.7,29201,29201
1690375800000,29201,29201,29201,29201
1690376100000,29201,29201,29201,29201
1690376400000,29201,29212.8,29201,29209.8
1690376700000,29209.8,29209.8,29206.9,29206.9
1690377000000,29207.2,29279,29206.9,29234.7
1690377300000,29234.7,29238.2,29225.2,29237.7
1690377600000,29237.7,29237.7,29226.4,29230.1
1690377900000,29230.1,29230.1,29230.1,29230.1
1690378200000,29230.3,29237,29216.7,29218
1690378500000,29218.8,29227.3,29218.8,29225.9
1690378800000,29227.1,29269.7,29227.1,29269.7
1690379100000,29269.7,29269.7,29246.5,29255.6
1690379400000,29255.6,29282.7,29249.3,29269.3
1690379700000,29273.8,29276.8,29258.9,29269.9
1690380000000,29271,29316.2,29202.7,29224.7
1690380300000,29224.9,29236.2,29182.9,29188.7
1690380600000,29188.9,29212.2,29188.9,29212.2
1690380900000,29213.1,29231.7,29212.3,29229.4
1690381200000,29229.6,29259.8,29229.4,29255.6
1690381500000,29255.8,29264.9,29255.8,29264.9
1690381800000,29265.4,29281.6,29254.9,29258.1
1690382100000,29260.1,29263.1,29253.5,29259.8
1690382400000,29259.8,29259.8,29259.8,29259.8
1690382700000,29259.8,29263.4,29246.3,29246.3
1690383000000,29246.3,29246.3,29237.2,29244.9
1690383300000,29244.9,29244.9,29234.1,29239
1690383600000,29239.4,29246.9,29239,29246.9
1690383900000,29247.8,29254.3,29243.9,29254.1
1690384200000,29254.2,29270.4,29252.5,29270.4
1690384500000,29273.6,29276.6,29262.7,29262.7
1690384800000,29263.1,29267.8,29262,29262
1690385100000,29262,29263.7,29259.3,29259.3
1690385400000,29259.3,29288.5,29259.3,29281.1
1690385700000,29281.2,29293.9,29277.6,29281.5
1690386000000,29281.7,29297.8,29273.7,29281.2
1690386300000,29280.4,29291.7,29279.7,29291.7
1690386600000,29292,29298.4,29282,29282
1690386900000,29282,29288.8,29280.2,29288.8
1690387200000,29288.8,29288.8,29287.2,29287.2
1690387500000,29287.2,29296.6,29287.2,29292.6
1690387800000,29292.6,29292.6,29280.2,29280.2
1690388100000,29281.2,29329.2,29281.2,29304.2
1690388400000,29304.2,29304.2,29256.7,29262.7
1690388700000,29262.7,29262.7,29252.1,29259.7
1690389000000,29259.7,29286.7,29255.5,29286.7
1690389300000,29286.7,29299.6,29257.4,29257.4
1690389600000,29257.4,29270,29254.4,29270
1690389900000,29270,29274.7,29257.7,29260.8
1690390200000,29260.9,29267.7,29258.6,29258.6
1690390500000,29258.8,29275,29258.6,29267.4
1690390800000,29268.3,29285.6,29267.6,29285.6
1690391100000,29285.6,29285.6,29274.1,29278.2
1690391400000,29278.2,29278.2,29256.3,29256.3
1690391700000,29256.3,29271.7,29256.3,29267
1690392000000,29267.6,29284.8,29267.6,29282.7
1690392300000,29284.6,29287.6,29262.7,29262.7
1690392600000,29262.7,29265.5,29252.3,29265.5
1690392900000,29265.5,29265.5,29259.6,29262.5
1690393200000,29262.5,29267.5,29259.3,29267.5
1690393500000,29267.5,29271.7,29263.4,29266.8
1690393800000,29267,29276.9,29266.8,29276.9
1690394100000,29277.8,29283.4,29238.2,29238.3
1690394400000,29238.5,29325.3,29227.9,29282.6
1690394700000,29283.2,29303.8,29266.4,29268.4
1690395000000,29269.2,29396.4,29269.2,29303.5
1690395300000,29307,29327.6,29267.6,29270.9
1690395600000,29270.9,29312.9,29270.6,29279.4
1690395900000,29279.4,29279.4,29229.9,29257.4
1690396200000,29257.4,29286.9,29245.9,29259.6
1690396500000,29263.2,29368.2,29263.2,29363.8
1690396800000,29361.2,29455.5,29322.1,29382.7
1690397100000,29382.8,29401.1,29325.9,29325.9
1690397400000,29326.3,29353.9,29314.2,29353.9
1690397700000,29353.9,29353.9,29321.1,29341.1
1690398000000,29342.1,29352.7,29311.2,29317.7
1690398300000,29319,29337.6,29206.7,29212.1
1690398600000,29212.1,29233.7,29161.9,29228.2
1690398900000,29228.7,29252.7,29212.7,29212.7
1690399200000,29213.6,29309.2,29213.6,29297.6
1690399500000,29297.6,29337.6,29285.7,29327.9
1690399800000,29329.1,29332.1,29308.7,29312.9
1690400100000,29314.6,29339,29314.6,29337.9
1690400400000,29337.9,29352.7,29326.5,29352.6
1690400700000,29353.7,29366.2,29353.7,29358.2
1690401000000,29358.2,29358.2,29327.8,29327.8
1690401300000,29328,29367.7,29328,29367.7
1690401600000,29367.8,29382.4,29358,29362.2
1690401900000,29362.5,29432.8,29362.5,29396.8
1690402200000,29396.8,29428.1,29387.6,29417.5
1690402500000,29417.5,29501.2,29412.6,29490.4
1690402800000,29490.4,29490.4,29436.4,29455.9
1690403100000,29458.2,29482.2,29457.1,29457.1
1690403400000,29457.1,29494.6,29457.1,29485.9
1690403700000,29487.5,29557.9,29485.9,29531.7
1690404000000,29532.8,29634.6,29531.1,29543.3
1690404300000,29543.7,29592.8,29543.4,29592.5
1690404600000,29590.4,29644.6,29574.8,29631.3
1690404900000,29631.4,29646.3,29561,29563.8
1690405200000,29572.3,29592.4,29567.4,29592.4
1690405500000,29592.4,29592.4,29576.2,29583.1
1690405800000,29583.3,29610,29583.1,29591.1
1690406100000,29591.8,29623.5,29591.8,29623.5
1690406400000,29623.5,29623.6,29533.2,29538
1690406700000,29538.4,29567.9,29413,29475.9
1690407000000,29475.9,29521,29455.5,29465.8
1690407300000,29465.8,29497,29452.6,29479.5
1690407600000,29479.5,29512.7,29473.6,29496.9
1690407900000,29496.9,29496.9,29496.9,29496.9
1690408200000,29496.9,29496.9,29475.1,29475.1
1690408500000,29475.1,29475.1,29437.5,29437.5
1690408800000,29437.5,29466,29432.8,29450.4
1690409100000,29450.5,29470.6,29447.9,29456
1690409400000,29456,29465.6,29452.1,29457.3
1690409700000,29457.8,29467.4,29457.3,29459.7
1690410000000,29460.1,29466.3,29430.8,29434.9
1690410300000,29434.9,29435.1,29424,29424
1690410600000,29425.9,29435.6,29425.7,29428.6
1690410900000,29428.6,29428.6,29406.3,29406.8
1690411200000,29407,29434.4,29404.4,29404.4
1690411500000,29400.7,29405.7,29395.6,29405.7
1690411800000,29406.3,29430.3,29406.3,29430.3
1690412100000,29430.3,29446.5,29426.8,29440
1690412400000,29440.1,29443.1,29439.3,29442.9
1690412700000,29442.9,29492.4,29440.2,29466.9
1690413000000,29466.9,29466.9,29432.1,29432.1
1690413300000,29426.8,29429.8,29404.8,29411.1
1690413600000,29411.1,29412.7,29343.7,29360.5
1690413900000,29353.2,29356.7,29345.2,29350.7
1690414200000,29350.7,29355.7,29340.8,29347.4
1690414500000,29347.4,29347.4,29309.4,29309.4
1690414800000,29309.4,29309.4,29268.8,29270.6
1690415100000,29270.6,29309.1,29262.2,29302.5
1690415400000,29302.5,29314.6,29302.5,29313.5
1690415700000,29313.5,29318,29313.5,29318
1690416000000,29308.9,29318,29308.6,29308.6
1690416300000,29308.6,29308.6,29279.7,29279.7
1690416600000,29280.1,29297.8,29280.1,29290.1
1690416900000,29290.1,29292.5,29279,29279
1690417200000,29281,29312.7,29281,29312.7
1690417500000,29312.7,29312.7,29312.7,29312.7
1690417800000,29312.7,29325.8,29304.5,29307.5
1690418100000,29307.5,29309.6,29294.2,29294.2
1690418400000,29294.8,29297.8,29289.6,29289.6
1690418700000,29289.6,29289.6,29269.3,29277.4
1690419000000,29277.9,29297.7,29277.4,29293.2
1690419300000,29294.1,29319.3,29290.8,29319.3
1690419600000,29319.3,29319.3,29304.7,29304.7
1690419900000,29306.2,29330.1,29306.2,29330.1
1690420200000,29331.2,29347.1,29330.1,29347.1
1690420500000,29347.2,29368.8,29347.2,29362
1690420800000,29362.1,29373.8,29362,29373.8
1690421100000,29374,29380.8,29365.3,29365.3
1690421400000,29366.8,29378,29353.9,29353.9
1690421700000,29353.9,29353.9,29343.3,29343.3
1690422000000,29343.3,29343.3,29343.3,29343.3
1690422300000,29343.3,29343.3,29343.3,29343.3
1690422600000,29343.3,29353.3,29343.3,29350.7
1690422900000,29351,29368.3,29350.2,29364.3
1690423200000,29364.5,29371.8,29352.7,29352.7
1690423500000,29352.7,29352.7,29331.9,29331.9
1690423800000,29331.9,29331.9,29328.5,29328.5
1690424100000,29328.5,29328.5,29317.6,29317.6
1690424400000,29317.6,29327.3,29317.6,29327.3
1690424700000,29327.3,29327.3,29315.2,29315.2
1690425000000,29315.2,29332.1,29315.2,29332.1
1690425300000,29332.1,29335.2,29332.1,29332.7
1690425600000,29332.7,29339.3,29332.7,29339.3
1690425900000,29339.3,29359.7,29336,29359.7
1690426200000,29359.7,29365.8,29355.1,29365.8
1690426500000,29366.3,29402.7,29359.9,29402.7
1690426800000,29399.7,29399.7,29388.2,29389.3
1690427100000,29389.3,29389.3,29389.3,29389.3
1690427400000,29389.3,29389.3,29389.3,29389.3
1690427700000,29389.4,29394.8,29389.4,29394.8
1690428000000,29394.8,29394.8,29383.3,29383.3
1690428300000,29383.3,29383.3,29383.3,29383.3
1690428600000,29383.3,29386.8,29383.3,29386.8
1690428900000,29386.8,29406.7,29386.8,29406.7
1690429200000,29406.8,29409.8,29403.4,29403.4
1690429500000,29403.4,29403.4,29403.4,29403.4
1690429800000,29403.4,29403.4,29399.4,29399.4
1690430100000,29399.4,29399.4,29376.6,29380.4
1690430400000,29380.4,29383.5,29380.4,29383.5
1690430700000,29383.5,29383.5,29380.8,29380.8
1690431000000,29380.8,29388.7,29380.8,29388.7
1690431300000,29389.1,29409.2,29388.7,29409.2
1690431600000,29409.7,29412.7,29409.2,29412.7
1690431900000,29412.7,29412.7,29412.7,29412.7
1690432200000,29412.7,29426.2,29412.7,29426.2
1690432500000,29426.2,29446.7,29415.4,29439.3
1690432800000,29439.3,29439.3,29431.8,29434.9
1690433100000,29435,29446.1,29422.9,29428.9
1690433400000,29429.1,29444.3,29428.9,29437.8
1690433700000,29437.9,29452.5,29437.8,29449
1690434000000,29449.4,29459.6,29446.7,29446.7
1690434300000,29446.7,29456.5,29437.5,29455.8
1690434600000,29459.6,29462.6,29444,29444
1690434900000,29444,29447.2,29443.6,29446.8
1690435200000,29446.8,29447.1,29443.3,29447.1
1690435500000,29447.1,29447.1,29435.9,29435.9
1690435800000,29437,29440,29428.4,29436.8
1690436100000,29436.8,29436.8,29436.8,29436.8
1690436400000,29436.8,29436.8,29436.8,29436.8
1690436700000,29436.8,29444.3,29436.8,29444.3
1690437000000,29444.3,29444.3,29444.3,29444.3
1690437300000,29444.3,29444.3,29430.1,29430.1
1690437600000,29430.1,29438.4,29426.7,29438
1690437900000,29438,29440.7,29432.8,29432.8
1690438200000,29432.8,29439.4,29432.8,29439.4
1690438500000,29439.4,29439.4,29434.8,29434.8
1690438800000,29434.8,29434.8,29427.3,29427.3
1690439100000,29427.3,29427.3,29425,29427.3
1690439400000,29427.3,29427.3,29419.8,29419.8
1690439700000,29419.8,29421.2,29406.1,29406.1
1690440000000,29406.1,29406.1,29376.2,29379.3
1690440300000,29379.3,29379.3,29359.1,29359.1
1690440600000,29359.2,29366,29353,29353
1690440900000,29353,29353.8,29349.8,29350.1
1690441200000,29350.1,29377.2,29349.6,29369
1690441500000,29369,29376,29369,29370.6
1690441800000,29370.6,29375.4,29370.6,29375.4
1690442100000,29375.6,29396.2,29375.5,29396.2
1690442400000,29396.2,29412,29396.2,29408.7
1690442700000,29408.7,29408.7,29397.3,29397.3
1690443000000,29397.3,29416.1,29395,29416.1
1690443300000,29416.1,29416.5,29406.5,29416.5
1690443600000,29416.5,29423.9,29416.3,29421.1
1690443900000,29421.5,29432.2,29415.6,29415.6
1690444200000,29415.6,29415.6,29377.3,29390.1
1690444500000,29390.1,29390.1,29385.8,29385.8
1690444800000,29385.8,29386.9,29374.9,29374.9
1690445100000,29374.9,29374.9,29364.5,29367.7
1690445400000,29367.7,29381.1,29367.7,29381.1
1690445700000,29381.1,29381.1,29376.3,29376.3
1690446000000,29376.3,29376.3,29368.9,29376
1690446300000,29379.4,29398.8,29379.4,29398.8
1690446600000,29398.8,29410.4,29397.1,29410.4
1690446900000,29410.4,29410.4,29404.2,29404.2
1690447200000,29404.2,29404.5,29386.9,29386.9
1690447500000,29387,29433.1,29387,29433.1
1690447800000,29433.1,29433.1,29422.1,29422.1
1690448100000,29422.1,29433.1,29422.1,29433.1
1690448400000,29434.6,29449.4,29433.6,29437.5
1690448700000,29438.4,29443,29434.4,29441.9
1690449000000,29441.9,29443.3,29440.1,29443.3
1690449300000,29443.3,29453.7,29441.1,29449.6
1690449600000,29449.6,29484.6,29446.3,29483.6
1690449900000,29483.6,29506.1,29477.3,29479.6
1690450200000,29480,29486.8,29476.7,29477.3
1690450500000,29477.3,29484.3,29477.3,29480.2
1690450800000,29480.3,29483.3,29480.1,29480.1
1690451100000,29480.2,29519,29480.2,29519
1690451400000,29519,29519.6,29507.3,29519.6
1690451700000,29520.1,29531.6,29512.6,29512.6
1690452000000,29514.2,29517.2,29512.1,29513.2
1690452300000,29513.2,29513.2,29513.2,29513.2
1690452600000,29513.2,29521.5,29513.2,29521.5
1690452900000,29521.5,29521.5,29513.2,29513.3
1690453200000,29513.3,29513.3,29500,29500.2
1690453500000,29500.2,29500.2,29500.2,29500.2
1690453800000,29500.2,29500.2,29500.2,29500.2
1690454100000,29500.2,29500.2,29500.2,29500.2
1690454400000,29500.2,29500.2,29464.7,29468.8
1690454700000,29464.5,29464.5,29464.5,29464.5
1690455000000,29464.5,29464.5,29464.5,29464.5
1690455300000,29464.5,29464.5,29459.9,29459.9
1690455600000,29459.9,29459.9,29439.1,29453.6
1690455900000,29453.6,29453.6,29453.6,29453.6
1690456200000,29453.6,29457,29453.6,29457
1690456500000,29457,29457,29446.3,29446.3
1690456800000,29446.3,29453,29446.3,29453
1690457100000,29453,29453,29442.9,29446.1
1690457400000,29446.1,29456.6,29446.1,29456.6
1690457700000,29456.9,29471.2,29456.6,29469.1
1690458000000,29469.1,29489.6,29469.1,29486.2
1690458300000,29486.2,29486.2,29473.2,29479.7
1690458600000,29480.1,29483.1,29479.3,29479.3
1690458900000,29479.3,29479.3,29479.3,29479.3
1690459200000,29479.3,29479.3,29463.9,29470.3
1690459500000,29470.3,29470.3,29470.3,29470.3
1690459800000,29470.3,29470.3,29460,29460
1690460100000,29460,29460,29460,29460
1690460400000,29460,29463.6,29455.6,29460.7
1690460700000,29460.7,29460.7,29455.7,29455.7
1690461000000,29455.7,29455.7,29442.7,29452.6
1690461300000,29452.6,29452.6,29441.5,29448.2
1690461600000,29448.2,29448.2,29437.7,29441.3
1690461900000,29441.3,29448.4,29433,29448.4
1690462200000,29448.4,29449.6,29445.3,29446
1690462500000,29446,29463.1,29446,29460.3
1690462800000,29460.3,29466.8,29457,29460.8
1690463100000,29460.8,29461.6,29447.7,29451.2
1690463400000,29451.2,29451.2,29433.4,29441.2
1690463700000,29441.2,29442.7,29431.3,29442.7
1690464000000,29442.7,29442.7,29442.7,29442.7
1690464300000,29442.7,29442.7,29442.7,29442.7
1690464600000,29442.7,29467,29442.7,29467
1690464900000,29467,29467,29436.2,29443.4
1690465200000,29443.1,29445.9,29433.7,29438.8
1690465500000,29438.8,29438.8,29402.7,29423.3
1690465800000,29423.7,29438.5,29423.7,29429.3
1690466100000,29430.6,29433.6,29411.1,29412.6
1690466400000,29412.6,29412.6,29396,29399
1690466700000,29399,29399,29380.4,29385.3
1690467000000,29385.3,29393.3,29374,29381.6
1690467300000,29381.6,29402.9,29379.6,29401
1690467600000,29401,29401,29373.8,29382.4
1690467900000,29382.4,29382.4,29340.5,29355.5
1690468200000,29355.5,29368.4,29350.5,29358
1690468500000,29358,29363.9,29342.8,29342.8
1690468800000,29342.8,29342.8,29317.5,29330.8
1690469100000,29333,29338.9,29311.6,29311.6
1690469400000,29311.6,29311.6,29293.7,29295.8
1690469700000,29295.9,29326.7,29295.8,29308.6
1690470000000,29308.6,29311.6,29250.2,29283.7
1690470300000,29284.3,29305.7,29230.1,29240.4
1690470600000,29240.4,29240.4,29207.1,29229.3
1690470900000,29229.3,29268.1,29223.1,29253.9
1690471200000,29253.9,29278.8,29245.7,29273.4
1690471500000,29273.4,29291.5,29273.4,29291.5
1690471800000,29292,29320.6,29292,29301.5
1690472100000,29302.2,29303.5,29277.6,29282.8
1690472400000,29283.2,29306,29283.2,29292.6
1690472700000,29292.7,29324.3,29292.7,29307.1
1690473000000,29307.1,29308.1,29274.6,29274.6
1690473300000,29274.6,29274.6,29260.7,29260.7
1690473600000,29260.7,29269,29251.9,29266.8
1690473900000,29266.8,29266.8,29257.6,29257.7
1690474200000,29257.7,29264.7,29254.2,29262.2
1690474500000,29263.7,29270.2,29246.7,29246.7
1690474800000,29246.7,29250.2,29229.7,29250.2
1690475100000,29250.2,29253.7,29242.7,29247.2
1690475400000,29247.2,29294.6,29237.1,29294.6
1690475700000,29294.6,29294.6,29268.7,29268.7
1690476000000,29269.1,29285.4,29269.1,29277.8
1690476300000,29277.8,29284.5,29268.6,29269.8
1690476600000,29269.8,29269.8,29237.5,29237.5
1690476900000,29237.5,29249.4,29233.8,29235.1
1690477200000,29238,29251.7,29236.8,29242.9
1690477500000,29242.9,29242.9,29221.9,29227.1
1690477800000,29229.1,29233.3,29221.9,29224.8
1690478100000,29225.2,29232.4,29203.9,29207
1690478400000,29207,29239,29149.4,29234.9
1690478700000,29235.2,29254.6,29233.4,29237.6
1690479000000,29238,29249.1,29221.2,29221.2
1690479300000,29221.2,29232.7,29217.3,29232.7
1690479600000,29232.7,29232.7,29184.9,29200.7
1690479900000,29200.7,29210.1,29192.7,29207.1
1690480200000,29207.1,29218,29198.6,29199.3
1690480500000,29199.3,29199.3,29185.5,29185.5
1690480800000,29185.5,29196.7,29166.8,29196.5
1690481100000,29196.5,29208.5,29176.1,29179.4
1690481400000,29179.4,29179.4,29140.1,29149.1
1690481700000,29149.1,29169.1,29131.9,29169.1
1690482000000,29170.1,29181.3,29167.9,29173.7
1690482300000,29173.7,29173.7,29154.2,29155.6
1690482600000,29155.6,29155.6,29109.3,29124.9
1690482900000,29124.9,29124.9,29063.7,29063.7
1690483200000,29063.7,29115.8,29062.8,29106.5
1690483500000,29106.5,29154.1,29103.3,29123.2
1690483800000,29123.2,29165.2,29115.4,29146.4
1690484100000,29147.4,29147.4,29103.6,29103.9
1690484400000,29103.9,29109.8,29088.5,29091.3
1690484700000,29091.7,29126,29091.7,29126
1690485000000,29127.6,29137.4,29116.1,29116.1
1690485300000,29117.6,29142.5,29116.1,29135
1690485600000,29135,29135,29124.3,29126.4
1690485900000,29126.4,29126.4,29107.3,29111.5
1690486200000,29111.5,29111.5,29099.6,29101.6
1690486500000,29101.6,29101.6,29074,29080.5
1690486800000,29080.5,29102.2,29066.1,29094.5
1690487100000,29094.5,29094.5,29071,29084.4
1690487400000,29084.6,29127.1,29084.6,29127.1
1690487700000,29127.1,29135.3,29123.3,29125.4
1690488000000,29126.2,29153.6,29121.6,29145.6
1690488300000,29145.6,29145.6,29133,29141.7
1690488600000,29141.7,29147.6,29128.2,29147.6
1690488900000,29147.6,29147.6,29131.8,29131.8
1690489200000,29131.8,29131.8,29121.2,29126.2
1690489500000,29126.2,29127.9,29124.5,29127.9
1690489800000,29129,29132,29107.7,29110.6
1690490100000,29110.6,29132.2,29110.6,29129.2
1690490400000,29129.2,29129.2,29106.8,29111.4
1690490700000,29111.4,29111.4,29106.7,29107.1
1690491000000,29107.1,29107.1,29098.7,29098.7
1690491300000,29098.7,29107.6,29098.7,29107.2
1690491600000,29107.2,29117.6,29099.8,29116.4
1690491900000,29116.4,29122.9,29114.9,29122.9
1690492200000,29122.9,29132.9,29122.9,29132.9
1690492500000,29133.6,29137.2,29133.6,29137.2
1690492800000,29137.2,29137.2,29129.5,29129.5
1690493100000,29129.5,29142.7,29129.5,29142.7
1690493400000,29144.1,29153.6,29144.1,29153.6
1690493700000,29153.6,29154.8,29152.7,29152.7
1690494000000,29152.7,29163.3,29152.7,29163.3
1690494300000,29163.6,29190.4,29163.6,29190.4
1690494600000,29190.4,29190.4,29164.5,29164.5
1690494900000,29160.8,29160.8,29150,29153.6
1690495200000,29153.8,29188.1,29153.8,29185.3
1690495500000,29185.3,29190.7,29178.3,29190.7
1690495800000,29190.7,29192.1,29183.6,29189
1690496100000,29189,29196,29183.2,29195.1
1690496400000,29195.1,29198.7,29191.4,29198.7
1690496700000,29198.7,29198.7,29170,29170
1690497000000,29174.9,29179.5,29170,29179.4
1690497300000,29179.4,29185.8,29179.4,29185.8
1690497600000,29185.8,29185.8,29178.8,29178.8
1690497900000,29178.8,29185.8,29178.8,29182.6
1690498200000,29182.6,29182.6,29164.3,29172.9
1690498500000,29172.9,29172.9,29172.9,29172.9
1690498800000,29172.9,29172.9,29146.7,29153.2
1690499100000,29153.2,29153.2,29141.8,29152.3
1690499400000,29153,29156,29152.3,29156
1690499700000,29156,29156,29149.6,29150.7
1690500000000,29151.4,29154.4,29150.7,29154.4
1690500300000,29154.4,29158.6,29147.4,29158.6
1690500600000,29159.3,29173.3,29158.6,29173.3
1690500900000,29173.3,29173.3,29166.4,29169.9
1690501200000,29169.9,29187,29166.8,29187
1690501500000,29187,29192,29172.1,29172.1
1690501800000,29172.4,29175.4,29171.6,29175.1
1690502100000,29175.1,29190.5,29175.1,29190.5
1690502400000,29184.3,29190.5,29178.3,29179
1690502700000,29179,29193.8,29175.9,29193.8
1690503000000,29193.8,29199.8,29184.7,29199.8
1690503300000,29199.8,29199.8,29189.9,29198.5
1690503600000,29198.5,29214.3,29188.9,29202.7
1690503900000,29202.7,29204.6,29197,29202.5
1690504200000,29202.7,29205.7,29198.3,29201.4
1690504500000,29201.4,29201.4,29201.4,29201.4
1690504800000,29201.4,29211.5,29201.4,29211.5
1690505100000,29211.5,29266.1,29211.5,29252.5
1690505400000,29252.5,29252.5,29239.2,29242.4
1690505700000,29242.4,29242.4,29242.4,29242.4
1690506000000,29242.4,29246.8,29234.6,29234.6
1690506300000,29235.1,29241.4,29229.8,29229.8
1690506600000,29229.8,29230,29223.9,29230
1690506900000,29230.9,29251.7,29230.9,29250.7
1690507200000,29250.7,29250.7,29234.5,29234.7
1690507500000,29235.5,29238.5,29234.3,29234.3
1690507800000,29235.4,29246.2,29234.9,29234.9
1690508100000,29234.9,29246.8,29234.9,29246.8
1690508400000,29246.8,29260.1,29232.6,29235.7
1690508700000,29235.7,29235.7,29229.8,29232
1690509000000,29232.1,29244,29232.1,29244
1690509300000,29244,29244,29227.2,29231.1
1690509600000,29231.1,29231.1,29229.5,29229.5
1690509900000,29229.5,29232,29228.5,29232
1690510200000,29232,29232,29221.9,29228.7
1690510500000,29228.7,29228.7,29210.3,29210.3
1690510800000,29210.3,29210.3,29197.4,29205.6
1690511100000,29205.6,29205.6,29193.4,29193.4
1690511400000,29193.4,29193.4,29180.4,29180.4
1690511700000,29180.4,29180.4,29174.7,29174.7
1690512000000,29174.7,29174.7,29164.9,29164.9
1690512300000,29164.9,29169.4,29164.9,29169.4
1690512600000,29169.4,29170,29165.6,29170
1690512900000,29170.1,29190.2,29170,29190
1690513200000,29190,29192,29190,29192
1690513500000,29192,29192,29192,29192
1690513800000,29192,29192,29188.7,29188.7
1690514100000,29188.7,29188.7,29175.7,29182.7
1690514400000,29182.7,29197.1,29182.7,29193.4
1690514700000,29193.4,29217.6,29193.4,29209
1690515000000,29209.8,29237.1,29209.8,29231.8
1690515300000,29231.8,29248.8,29231.8,29234.1
1690515600000,29234.1,29234.1,29221.5,29222
1690515900000,29222,29222,29176.8,29179.1
1690516200000,29179.5,29188.9,29171.9,29188.9
1690516500000,29188.9,29215.2,29188.9,29215.2
1690516800000,29215.3,29218.3,29201.2,29201.2
1690517100000,29201.2,29208.8,29198.4,29208.7
1690517400000,29208.7,29208.7,29196.3,29196.3
1690517700000,29196.3,29205.9,29187.1,29205.9
1690518000000,29205.9,29205.9,29188.5,29191.6
1690518300000,29192.2,29198.5,29185.4,29185.4
1690518600000,29186,29218.3,29185.7,29214.4
1690518900000,29214.4,29214.4,29200.5,29200.5
1690519200000,29201,29210.8,29201,29210.8
1690519500000,29212.6,29222,29212.6,29222
1690519800000,29222.1,29225.1,29211.5,29218.3
1690520100000,29218.3,29218.6,29215.6,29218.6
1690520400000,29218.8,29221.8,29213.6,29215.3
1690520700000,29215.3,29215.3,29209.4,29209.4
1690521000000,29209.4,29209.4,29201.5,29201.5
1690521300000,29201.5,29201.5,29198.5,29198.5
1690521600000,29198.7,29203.6,29198.7,29202
1690521900000,29202,29202,29185.8,29185.8
1690522200000,29185.8,29185.8,29173.1,29173.1
1690522500000,29173.1,29173.1,29157,29157
1690522800000,29157,29157,29145.3,29145.3
1690523100000,29147.5,29155.6,29145.5,29155.6
1690523400000,29155.6,29155.6,29136.7,29139.3
1690523700000,29139.3,29146.8,29139.3,29146.8
1690524000000,29146.8,29147.9,29130,29130
1690524300000,29133,29156.9,29132.4,29156.9
1690524600000,29159.9,29161.1,29159.9,29161.1
1690524900000,29162.3,29172.9,29162.3,29168.3
1690525200000,29168.3,29168.3,29153.8,29153.8
1690525500000,29153.8,29157.7,29153.8,29155.5
1690525800000,29155.5,29157.9,29151.1,29155
1690526100000,29155,29155,29154.3,29154.3
1690526400000,29154.3,29156.8,29148.8,29155.2
1690526700000,29155.4,29161.6,29153.7,29161.6
1690527000000,29161.6,29161.6,29151.4,29155.9
1690527300000,29155.9,29155.9,29155.9,29155.9
1690527600000,29155.9,29155.9,29155.9,29155.9
1690527900000,29155.9,29155.9,29144.9,29144.9
1690528200000,29144.9,29144.9,29134.3,29136.1
1690528500000,29136.1,29148.6,29136.1,29148.6
1690528800000,29148.6,29148.6,29144.5,29144.5
1690529100000,29144.5,29154.9,29144.5,29154.9
1690529400000,29154.9,29154.9,29147.9,29147.9
1690529700000,29147.9,29147.9,29133.8,29133.8
1690530000000,29133.8,29133.8,29125.7,29125.7
1690530300000,29125.7,29125.7,29104.4,29104.4
1690530600000,29104.4,29106.3,29102.4,29106.3
1690530900000,29106.3,29107.2,29102.2,29107.2
1690531200000,29107.2,29110.7,29107.2,29109.7
1690531500000,29109.7,29109.7,29097.6,29097.6
1690531800000,29097.6,29100.9,29097.6,29100.9
1690532100000,29102,29115.1,29102,29115.1
1690532400000,29115.1,29122.3,29115.1,29122.3
1690532700000,29122.4,29139.2,29122.4,29139.2
1690533000000,29139.2,29139.2,29127.4,29139.2
1690533300000,29139.2,29144.2,29130.1,29144.2
1690533600000,29144.2,29147.7,29132,29136.5
1690533900000,29136.5,29139.9,29135.6,29135.6
1690534200000,29135.6,29135.6,29121.6,29121.6
1690534500000,29121.6,29121.6,29111.5,29117
1690534800000,29117.2,29133,29117,29118.8
1690535100000,29118.8,29118.8,29090.7,29090.7
1690535400000,29091.9,29120.1,29091.9,29119
1690535700000,29119,29119,29101.7,29106
1690536000000,29106,29109.1,29104,29107.5
1690536300000,29107.5,29109.2,29104.9,29109.2
1690536600000,29109.3,29119.6,29109.3,29119.1
1690536900000,29119.1,29123.3,29115.4,29123.3
1690537200000,29123.3,29125,29117.9,29117.9
1690537500000,29118.1,29159.8,29117.9,29159.8
1690537800000,29159.8,29160.7,29157.6,29160.7
1690538100000,29160.8,29194.2,29160.8,29178.5
1690538400000,29178.6,29182.4,29174.1,29177.4
1690538700000,29177.5,29180.9,29177.1,29180.9
1690539000000,29181.1,29189.2,29181.1,29185.5
1690539300000,29185.5,29192.7,29185.5,29192.7
1690539600000,29192.7,29194,29186.4,29186.4
1690539900000,29186.4,29186.4,29176.5,29176.5
1690540200000,29176.8,29180.2,29176.4,29180.2
1690540500000,29180.2,29180.2,29172.9,29175.9
1690540800000,29175.9,29175.9,29175.9,29175.9
1690541100000,29175.9,29179.1,29175.9,29179.1
1690541400000,29179.1,29186.6,29179.1,29185.2
1690541700000,29185.2,29185.2,29178.8,29182.1
1690542000000,29182.1,29185.5,29179.5,29179.5
1690542300000,29179.5,29185.7,29179.5,29184.5
1690542600000,29184.5,29184.9,29181.5,29184.9
1690542900000,29184.9,29186.4,29181.6,29181.6
1690543200000,29181.6,29181.6,29172,29172
1690543500000,29172,29172,29168.2,29168.2
1690543800000,29168.2,29168.2,29162.4,29162.4
1690544100000,29162.4,29179.2,29162.4,29179
1690544400000,29179,29188,29179,29188
1690544700000,29188,29204.1,29188,29192.7
1690545000000,29192.7,29192.7,29172.6,29184.8
1690545300000,29184.8,29184.8,29171,29174.1
1690545600000,29174.5,29192.4,29174.3,29192.4
1690545900000,29195.1,29220.5,29195.1,29220.5
1690546200000,29221.2,29239.6,29221.2,29228.7
1690546500000,29228.7,29228.7,29223.2,29223.2
1690546800000,29223.2,29226.6,29223.2,29226.6
1690547100000,29226.6,29242.4,29226.6,29242.4
1690547400000,29244.8,29252.9,29240.7,29250.6
1690547700000,29250.6,29250.6,29238.6,29238.6
1690548000000,29238.6,29238.6,29232,29233.4
1690548300000,29233.4,29237.3,29233.4,29237.3
1690548600000,29237.5,29265.6,29237.5,29265.6
1690548900000,29268.5,29280.2,29264.6,29273.4
1690549200000,29273.4,29273.4,29268.1,29271.2
1690549500000,29271.2,29272.1,29267.5,29269.7
1690549800000,29269.7,29269.7,29256.1,29263.6
1690550100000,29263.6,29263.6,29242.7,29242.7
1690550400000,29243,29246,29235.6,29239.5
1690550700000,29239.5,29253.2,29239.5,29253.2
1690551000000,29253.2,29281.6,29247.7,29281.6
1690551300000,29281.6,29281.6,29222.5,29236.1
1690551600000,29236.8,29251.9,29236.8,29243
1690551900000,29245.3,29248.3,29234,29241.3
1690552200000,29244.5,29261.8,29244.5,29254.7
1690552500000,29255.1,29258.1,29255.1,29257.4
1690552800000,29258,29273,29258,29270.8
1690553100000,29270.8,29275.3,29263.2,29275.3
1690553400000,29276.4,29328.2,29276.3,29321.1
1690553700000,29321.5,29341.2,29312.1,29341.2
1690554000000,29348,29385.2,29339.7,29365.5
1690554300000,29365.5,29400.7,29352.4,29400.7
1690554600000,29401.5,29471.6,29401.5,29435.4
1690554900000,29435.4,29435.4,29389.7,29411.1
1690555200000,29411.2,29422.3,29395.1,29395.1
1690555500000,29395.2,29415.6,29395.1,29408.8
1690555800000,29409,29427.9,29404.8,29409.4
1690556100000,29411.3,29452.1,29411.3,29452.1
1690556400000,29452.3,29466.3,29417.1,29429.2
1690556700000,29429.3,29475.4,29429.3,29472.8
1690557000000,29472.9,29495,29453.6,29453.6
1690557300000,29454,29471.4,29451.2,29451.2
1690557600000,29451.9,29497.8,29447.5,29450.6
1690557900000,29451.3,29473.5,29449.9,29456.2
1690558200000,29456.2,29464.4,29420.5,29423.7
1690558500000,29424.7,29427.7,29330.3,29360.1
1690558800000,29360.4,29387.8,29355.2,29358.5
1690559100000,29359.8,29373,29359.3,29359.7
1690559400000,29359.7,29364.2,29355.6,29364.2
1690559700000,29364.6,29367.6,29347.9,29354.4
1690560000000,29355.3,29361,29326.6,29326.7
1690560300000,29326.8,29333.7,29313.1,29313.1
1690560600000,29313.2,29316.7,29309.3,29316
1690560900000,29316,29335.5,29312.8,29335.5
1690561200000,29335.5,29339.9,29326.6,29326.6
1690561500000,29326.6,29339,29326.6,29339
1690561800000,29339,29339,29324.9,29332.1
1690562100000,29332.6,29366.9,29332.1,29362.1
1690562400000,29362.1,29362.1,29348.7,29360.2
1690562700000,29360.2,29360.7,29333.4,29340.8
1690563000000,29340.8,29341.4,29329.7,29339.2
1690563300000,29339.2,29339.2,29329.2,29329.2
1690563600000,29329.2,29329.2,29322.9,29323.1
1690563900000,29323.1,29323.1,29253.6,29253.6
1690564200000,29254.9,29287.3,29254.9,29287.3
1690564500000,29287.5,29298.9,29280.1,29283.3
1690564800000,29283.5,29286.5,29267.3,29270.6
1690565100000,29270.6,29274.3,29265.9,29270.1
1690565400000,29270.1,29270.1,29249.6,29249.6
1690565700000,29249.6,29249.6,29187.1,29205.8
1690566000000,29206.4,29209.4,29179.3,29182.4
1690566300000,29182.4,29200.5,29177.3,29199.3
1690566600000,29199.3,29208.3,29199.3,29205.7
1690566900000,29206.5,29222.7,29203.5,29222.7
1690567200000,29222.7,29232.9,29215.4,29223
1690567500000,29223,29223,29220,29220
1690567800000,29220,29220,29220,29220
1690568100000,29220.2,29233.1,29220.2,29233.1
1690568400000,29233.1,29246.4,29233.1,29246.4
1690568700000,29246.4,29246.4,29243.3,29243.3
1690569000000,29243.3,29263.5,29243.3,29261.4
1690569300000,29261.6,29271.4,29259.9,29260.6
1690569600000,29260.6,29300.6,29260.6,29300.6
1690569900000,29300.6,29300.6,29282,29285.2
1690570200000,29285.2,29285.2,29274.7,29282
1690570500000,29282,29282,29272.6,29274
1690570800000,29275.2,29278.2,29267.2,29277.8
1690571100000,29278.1,29290.2,29277.9,29290.2
1690571400000,29290.2,29290.2,29278.6,29278.6
1690571700000,29278.6,29286.2,29278.6,29286.2
1690572000000,29286.7,29299.7,29286.7,29288.6
1690572300000,29288.6,29288.6,29266.3,29266.3
1690572600000,29266.3,29271.5,29263.5,29271.5
1690572900000,29271.5,29271.5,29271.5,29271.5
1690573200000,29271.5,29271.5,29265.5,29267.2
1690573500000,29267.2,29286.3,29267.2,29286.3
1690573800000,29286.3,29290.3,29280.8,29284.5
1690574100000,29284.5,29285.3,29282.1,29285.3
1690574400000,29282.7,29285.8,29271.5,29271.5
1690574700000,29271.5,29271.5,29254.3,29257.5
1690575000000,29257.5,29257.5,29249.2,29257.1
1690575300000,29257.1,29257.1,29246.9,29256.3
1690575600000,29256.3,29269.6,29251.7,29269.6
1690575900000,29269.6,29272.7,29269.6,29272.7
1690576200000,29272.7,29283.5,29272.7,29283.5
1690576500000,29283.9,29293.7,29283.9,29292.9
1690576800000,29292.9,29292.9,29281.9,29286.6
1690577100000,29289.6,29289.6,29277.8,29283.6
1690577400000,29284.1,29300.3,29284.1,29300.3
1690577700000,29300.3,29310.6,29292.9,29310.6
1690578000000,29310.6,29310.6,29258.5,29258.5
1690578300000,29258.5,29266.8,29258.5,29266.8
1690578600000,29266.8,29289.3,29266.8,29281.7
1690578900000,29281.7,29288.6,29278,29285.7
1690579200000,29285.7,29289.4,29285.7,29289.4
1690579500000,29290.7,29301.9,29290.3,29301.9
1690579800000,29301.9,29301.9,29286.8,29286.8
1690580100000,29286.8,29286.8,29277.7,29281.3
1690580400000,29281.3,29281.3,29247.1,29252.2
1690580700000,29252.2,29255.4,29246,29246
1690581000000,29246,29254.1,29246,29254.1
1690581300000,29254.1,29255.1,29250.2,29250.2
1690581600000,29250.2,29252.1,29242.6,29249.2
1690581900000,29249.2,29253.4,29243.4,29246.7
1690582200000,29246.7,29256.2,29242.2,29256.2
1690582500000,29256.2,29256.2,29236.9,29236.9
1690582800000,29237.8,29248.2,29237.8,29246.5
1690583100000,29246.5,29246.5,29242.9,29242.9
1690583400000,29242.9,29242.9,29233.2,29237
1690583700000,29237.2,29242.5,29231.9,29236.7
1690584000000,29236.7,29245,29235.2,29237.7
1690584300000,29237.7,29243.7,29237.7,29242.4
1690584600000,29242.9,29245.9,29238.4,29245.2
1690584900000,29245.2,29245.2,29231.8,29235
1690585200000,29235,29238.6,29235,29238.6
1690585500000,29238.6,29245.8,29238.6,29245.8
1690585800000,29245.8,29247.5,29245.8,29247.5
1690586100000,29247.5,29247.5,29241.3,29241.3
1690586400000,29241.3,29252.5,29241.3,29252.5
1690586700000,29252.5,29259.7,29252.5,29253
1690587000000,29253.6,29264.6,29250.6,29258.7
1690587300000,29258.7,29261.6,29258.7,29261.6
1690587600000,29263.7,29266.7,29255.6,29255.6
1690587900000,29255.6,29255.6,29255.6,29255.6
1690588200000,29255.6,29259.9,29255.6,29259.9
1690588500000,29259.9,29259.9,29251.5,29253.5
1690588800000,29253.5,29253.5,29236.9,29240.7
1690589100000,29240.7,29245.8,29236.3,29245.8
1690589400000,29245.8,29257.7,29243.2,29257.7
1690589700000,29257.7,29263.9,29252.2,29263.9
1690590000000,29263.9,29274,29263.9,29269.5
1690590300000,29269.5,29269.5,29258.6,29269.2
1690590600000,29269.2,29284.9,29269.2,29281.1
1690590900000,29281.1,29281.1,29273.6,29274.7
1690591200000,29274.7,29274.7,29271.4,29272.7
1690591500000,29272.7,29278.8,29268.5,29276.9
1690591800000,29276.9,29276.9,29271.9,29271.9
1690592100000,29271.9,29271.9,29263.9,29263.9
1690592400000,29263.9,29273.9,29263.9,29271.1
1690592700000,29271.1,29273.6,29270.5,29270.5
1690593000000,29270.5,29276.1,29270.5,29271.6
1690593300000,29271.6,29276.1,29271.6,29276.1
1690593600000,29276.1,29276.1,29263.8,29267.2
1690593900000,29267.2,29269.1,29262.1,29269.1
1690594200000,29270.2,29278.8,29268,29274.7
1690594500000,29274.9,29280.7,29274.9,29279.7
1690594800000,29279.7,29288.7,29279.7,29288.7
1690595100000,29289.9,29305.3,29289.9,29296.9
1690595400000,29296.9,29315.4,29293.1,29308.6
1690595700000,29308.6,29315.7,29305.2,29315.7
1690596000000,29316,29327.3,29316,29326.8
1690596300000,29327.5,29330.5,29301.5,29301.5
1690596600000,29303.3,29314.3,29302.9,29314.1
1690596900000,29314.1,29324.6,29311.9,29311.9
1690597200000,29312,29315,29311,29314.1
1690597500000,29314.1,29314.1,29312.4,29312.9
1690597800000,29312.9,29322.9,29312.9,29320.9
1690598100000,29320.9,29320.9,29312.2,29316.1
1690598400000,29316.1,29316.1,29304.9,29308.6
1690598700000,29309.3,29315.8,29308.6,29315.8
1690599000000,29317.1,29327.4,29317.1,29327.4
1690599300000,29327.4,29327.4,29318.7,29318.7
1690599600000,29318.7,29321.9,29318.7,29321.9
1690599900000,29321.9,29321.9,29311.4,29311.4
1690600200000,29311.6,29317.8,29311.6,29314.8
1690600500000,29314.9,29328.3,29314.9,29328.3
1690600800000,29328.3,29328.3,29314.8,29323.2
1690601100000,29323.2,29324.6,29321.3,29324.6
1690601400000,29324.6,29325.5,29319.2,29319.2
1690601700000,29319.2,29319.2,29312.6,29313.6
1690602000000,29313.6,29316.6,29311.6,29311.6
1690602300000,29312.2,29315.2,29311.2,29311.2
1690602600000,29311.2,29311.2,29306.4,29306.4
1690602900000,29306.7,29314.1,29306.4,29314.1
1690603200000,29314.1,29314.1,29308.6,29308.6
1690603500000,29308.6,29313.2,29308.6,29310.5
1690603800000,29310.5,29313.8,29310.5,29313.8
1690604100000,29313.8,29327.1,29313.8,29327.1
1690604400000,29327.1,29328.9,29322.1,29325.1
1690604700000,29325.1,29338.1,29325.1,29338.1
1690605000000,29338.2,29348.5,29328.9,29329.8
1690605300000,29329.8,29333.2,29324.6,29328.1
1690605600000,29329.9,29332.9,29324.6,29329.3
1690605900000,29329.5,29333.9,29329.3,29333.9
1690606200000,29333.9,29333.9,29325.7,29325.7
1690606500000,29325.7,29325.7,29321.8,29321.8
1690606800000,29321.8,29324.9,29321.8,29324.9
1690607100000,29324.9,29325.8,29322.1,29325.8
1690607400000,29325.8,29325.8,29318.5,29318.5
1690607700000,29318.5,29318.5,29308,29308
1690608000000,29308,29311.1,29308,29308.4
1690608300000,29308.4,29308.4,29302,29302
1690608600000,29302,29306.3,29299.2,29306.3
1690608900000,29307.2,29310.2,29295.2,29299.8
1690609200000,29299.8,29299.8,29299.8,29299.8
1690609500000,29299.8,29299.8,29294.3,29298
1690609800000,29298,29298,29289.5,29295.4
1690610100000,29297.9,29309.9,29297.9,29306.5
1690610400000,29306.5,29306.5,29300.6,29300.6
1690610700000,29300.6,29303.1,29294.7,29298.3
1690611000000,29298.3,29298.3,29282.7,29282.7
1690611300000,29282.7,29291.9,29282.7,29291.9
1690611600000,29291.9,29293.1,29282.3,29291.4
1690611900000,29291.4,29291.4,29285.2,29288.9
1690612200000,29288.9,29288.9,29283.8,29283.8
1690612500000,29283.8,29287.8,29281.8,29281.8
1690612800000,29281.8,29281.8,29270.6,29270.6
1690613100000,29270.6,29274.9,29270.6,29274.5
1690613400000,29274.5,29274.5,29268.9,29270.1
1690613700000,29270.4,29286.1,29270.4,29286.1
1690614000000,29286.1,29286.1,29282.1,29282.1
1690614300000,29283.3,29291.3,29283.3,29291.3
1690614600000,29291.3,29291.3,29289,29289
1690614900000,29289,29289,29281.2,29281.2
1690615200000,29281.2,29281.2,29280,29280
1690615500000,29280,29280,29267.9,29271.3
1690615800000,29271.3,29272.7,29269.1,29272.7
1690616100000,29272.7,29276.2,29272.7,29276.2
1690616400000,29276.2,29276.2,29250.1,29256.7
1690616700000,29256.7,29256.7,29254.4,29254.4
1690617000000,29254.4,29254.4,29236.9,29243.4
1690617300000,29243.4,29246.1,29236.3,29236.3
1690617600000,29236.3,29241.3,29228.1,29241.3
1690617900000,29241.3,29251.9,29241.3,29251.6
1690618200000,29251.6,29255.6,29251.6,29254.7
1690618500000,29254.7,29254.7,29254.7,29254.7
1690618800000,29254.8,29270.6,29254.8,29270.6
1690619100000,29270.6,29270.6,29249.5,29249.5
1690619400000,29249.5,29254.4,29248.4,29248.4
1690619700000,29248.4,29248.4,29239.4,29242.7
1690620000000,29242.7,29243,29239.3,29243
1690620300000,29243,29243,29242.5,29242.5
1690620600000,29242.5,29242.5,29194.4,29226.1
1690620900000,29228.3,29234.7,29228,29234.7
1690621200000,29234.7,29234.7,29218.9,29226.2
1690621500000,29226.2,29226.2,29218.8,29224.6
1690621800000,29224.8,29228.5,29224.6,29228.5
1690622100000,29228.5,29236.2,29228.5,29236.2
1690622400000,29236.2,29236.2,29225.2,29230.4
1690622700000,29237.2,29240.2,29237.2,29238.9
1690623000000,29238.9,29238.9,29228.8,29228.8
1690623300000,29228.8,29228.8,29218.1,29219.4
1690623600000,29219.4,29219.4,29209.1,29212.9
1690623900000,29212.9,29213.3,29199.8,29204.2
1690624200000,29205.4,29211.8,29205.2,29211.7
1690624500000,29213.1,29217.6,29213,29217.6
1690624800000,29218.8,29221.8,29211.8,29211.8
1690625100000,29211.8,29211.8,29201.4,29201.4
1690625400000,29202.6,29207.9,29202.4,29207.9
1690625700000,29207.9,29207.9,29204.6,29204.7
1690626000000,29204.7,29221.1,29204.7,29221.1
1690626300000,29222,29229.1,29221.8,29229.1
1690626600000,29229.1,29229.6,29222.7,29228.7
1690626900000,29229.5,29232.5,29229,29229
1690627200000,29229,29229,29218.4,29226.8
1690627500000,29226.8,29226.8,29217.3,29217.3
1690627800000,29217.3,29217.3,29217.3,29217.3
1690628100000,29217.3,29217.3,29214.6,29214.6
1690628400000,29214.6,29214.6,29210.8,29210.8
1690628700000,29210.8,29214.8,29209.2,29214.8
1690629000000,29215.9,29221.5,29215.2,29221.5
1690629300000,29222.2,29238.5,29221.7,29233.7
1690629600000,29233.7,29238.3,29232.1,29238.3
1690629900000,29238.3,29238.3,29230.1,29230.1
1690630200000,29230.1,29230.1,29217.9,29217.9
1690630500000,29217.9,29217.9,29212.9,29213.2
1690630800000,29213.2,29216.4,29213.2,29216.4
1690631100000,29216.4,29216.4,29205.8,29205.8
1690631400000,29205.8,29205.8,29201.4,29201.4
1690631700000,29201.4,29203.3,29198.8,29203.2
1690632000000,29203.2,29203.2,29197.5,29197.5
1690632300000,29197.5,29214.1,29197.5,29214.1
1690632600000,29214.1,29214.1,29205,29205
1690632900000,29205,29238.2,29205,29238.2
1690633200000,29238.2,29256.8,29234.5,29256.8
1690633500000,29256.8,29261.8,29253.6,29261.8
1690633800000,29261.9,29274.2,29260.4,29265.5
1690634100000,29265.5,29265.5,29257.1,29257.8
1690634400000,29257.8,29257.8,29215.7,29215.7
1690634700000,29215.7,29215.7,29199.3,29210.9
1690635000000,29210.9,29220.1,29206.4,29220.1
1690635300000,29220.1,29231.3,29215.9,29230.5
1690635600000,29230.5,29262.4,29225.6,29238.2
1690635900000,29238.2,29268.5,29229.1,29256.9
1690636200000,29256.9,29264.8,29253.9,29261.3
1690636500000,29261.3,29261.3,29249.6,29255.2
1690636800000,29255.2,29255.2,29246.5,29249.6
1690637100000,29249.6,29249.6,29242.5,29242.5
1690637400000,29242.8,29252.8,29242.5,29244
1690637700000,29244,29244,29233,29234.8
1690638000000,29234.8,29242,29234,29234
1690638300000,29234,29234,29228.8,29228.8
1690638600000,29228.8,29234.1,29225.1,29234.1
1690638900000,29234.1,29234.1,29232,29234
1690639200000,29234,29235.7,29228.7,29231
1690639500000,29232.1,29240,29232.1,29240
1690639800000,29240,29248.5,29233.4,29248.5
1690640100000,29249.5,29257.1,29247.4,29247.4
1690640400000,29247.4,29247.4,29247.4,29247.4
1690640700000,29247.4,29247.4,29232.6,29232.6
1690641000000,29232.7,29243.5,29232.7,29243.5
1690641300000,29243.5,29243.5,29230,29230.1
1690641600000,29231.2,29238.9,29230.5,29238.9
1690641900000,29238.9,29238.9,29234,29234
1690642200000,29234,29234,29217.9,29217.9
1690642500000,29218.5,29226.3,29218.5,29226.3
1690642800000,29226.3,29233.1,29226.3,29233.1
1690643100000,29233.1,29233.1,29225.7,29225.7
1690643400000,29226.3,29235,29225.7,29235
1690643700000,29236.1,29239.1,29235.8,29239.1
1690644000000,29239.1,29239.1,29221.1,29224.8
1690644300000,29226,29237.8,29225.7,29237.8
1690644600000,29237.8,29237.8,29234.4,29234.4
1690644900000,29234.4,29234.4,29229,29229
1690645200000,29229,29233.6,29229,29233.6
1690645500000,29234.7,29237.7,29227.9,29231.1
1690645800000,29231.1,29235.6,29231.1,29232.7
1690646100000,29232.7,29236,29232.7,29236
1690646400000,29236,29236,29236,29236
1690646700000,29236,29236,29232.6,29232.6
1690647000000,29232.6,29232.6,29230.1,29230.1
1690647300000,29230.1,29237.6,29230.1,29235.8
1690647600000,29235.8,29239.8,29235.8,29239.5
1690647900000,29239.5,29239.5,29235.4,29235.4
1690648200000,29235.4,29235.4,29235.4,29235.4
1690648500000,29235.4,29239.2,29235.4,29239.2
1690648800000,29239.2,29239.2,29233.9,29235.3
1690649100000,29235.3,29236.1,29235.3,29236.1
1690649400000,29236.2,29246.1,29236.2,29246.1
1690649700000,29246.1,29250.1,29245.2,29247.4
1690650000000,29247.4,29247.4,29247.4,29247.4
1690650300000,29247.4,29247.4,29247.4,29247.4
1690650600000,29247.4,29247.4,29243.1,29243.1
1690650900000,29243.1,29243.1,29235.5,29238.7
1690651200000,29239,29252.4,29239,29252.4
1690651500000,29252.4,29252.4,29244.8,29244.8
1690651800000,29244.8,29261.3,29244.8,29257.7
1690652100000,29257.7,29261.4,29253.8,29261.4
1690652400000,29261.4,29263.5,29256.1,29260.3
1690652700000,29260.4,29267,29260.4,29267
1690653000000,29267,29270.7,29266.8,29270.7
1690653300000,29270.7,29270.7,29262.8,29265.9
1690653600000,29266.1,29272.4,29265.8,29271.5
1690653900000,29271.5,29271.5,29251.4,29251.4
1690654200000,29251.4,29251.4,29234.5,29237.5
1690654500000,29237.5,29237.5,29229.2,29229.2
1690654800000,29229.3,29240.1,29229.3,29236.5
1690655100000,29236.5,29243,29232.3,29243
1690655400000,29243,29243,29239.7,29239.7
1690655700000,29239.7,29246.4,29239.7,29243
1690656000000,29243,29243,29239.1,29239.1
1690656300000,29239.1,29239.1,29237.9,29238.4
1690656600000,29239.7,29248.2,29239.7,29244.1
1690656900000,29244.1,29248.7,29241.9,29245.2
1690657200000,29245.2,29262.6,29245.2,29262.6
1690657500000,29262.6,29272.9,29259.3,29272.9
1690657800000,29273.1,29283.9,29273.1,29273.6
1690658100000,29273.9,29280.5,29273.9,29280.5
1690658400000,29280.5,29280.5,29277.9,29277.9
1690658700000,29278,29284.1,29278,29280.5
1690659000000,29280.8,29285.6,29280.8,29281.4
1690659300000,29281.4,29281.4,29269,29279.4
1690659600000,29279.4,29279.4,29271.6,29271.6
1690659900000,29271.6,29276.5,29267.3,29276.5
1690660200000,29276.5,29278.4,29275,29278.4
1690660500000,29278.4,29280,29276.7,29280
1690660800000,29280.4,29291.2,29280.4,29289.5
1690661100000,29289.5,29306.6,29284,29296.7
1690661400000,29298,29304.7,29296.2,29299.6
1690661700000,29299.9,29302.9,29289.7,29289.7
1690662000000,29289.7,29318.7,29289.7,29306.1
1690662300000,29306.2,29321,29305.1,29305.1
1690662600000,29306.9,29309.9,29295.5,29301
1690662900000,29301,29302.8,29299.4,29299.4
1690663200000,29299.4,29299.4,29288.6,29291.4
1690663500000,29292.4,29295.4,29292.4,29295.4
1690663800000,29296.1,29302.2,29295.2,29295.2
1690664100000,29295.2,29295.8,29292.6,29295.8
1690664400000,29295.9,29337.6,29295.9,29333.2
1690664700000,29333.2,29337.6,29328.1,29336.7
1690665000000,29336.7,29336.7,29328.8,29335.7
1690665300000,29335.7,29335.7,29328.1,29331.3
1690665600000,29331.3,29331.3,29319.7,29328.6
1690665900000,29328.6,29328.6,29320.8,29327.5
1690666200000,29327.5,29328.8,29318.7,29327.1
1690666500000,29327.1,29328.3,29318.6,29327.9
1690666800000,29327.9,29327.9,29317.8,29325.8
1690667100000,29325.8,29327.3,29316.8,29325
1690667400000,29325,29325,29316,29322.7
1690667700000,29322.7,29322.8,29316.1,29322.8
1690668000000,29322.8,29329.2,29292.4,29329.2
1690668300000,29329.2,29329.2,29329.2,29329.2
1690668600000,29329.2,29330.4,29325.2,29330.3
1690668900000,29330.3,29330.5,29323.8,29330.5
1690669200000,29330.5,29330.5,29325.5,29325.5
1690669500000,29325.5,29326.5,29318,29318
1690669800000,29318,29326.7,29318,29326.1
1690670100000,29326.1,29326.1,29316.2,29321.8
1690670400000,29321.8,29325.9,29315.5,29323.4
1690670700000,29323.4,29325.9,29315.5,29325.9
1690671000000,29325.9,29325.9,29317.8,29317.8
1690671300000,29322.9,29325.9,29317.8,29325.4
1690671600000,29325.4,29326.5,29316.7,29316.7
1690671900000,29323.5,29326.5,29316.1,29325.5
1690672200000,29325.5,29325.5,29315.9,29323.7
1690672500000,29323.7,29323.7,29316.3,29323.7
1690672800000,29323.7,29327.7,29317.7,29326.9
1690673100000,29326.9,29327.8,29318.7,29323.9
1690673400000,29323.9,29327,29320.4,29326.9
1690673700000,29326.9,29329.8,29319.6,29329.8
1690674000000,29329.8,29333.4,29329.8,29333.4
1690674300000,29333.4,29333.4,29325.3,29330.8
1690674600000,29330.8,29330.8,29321,29327.7
1690674900000,29327.7,29331.2,29317.9,29321.8
1690675200000,29321.5,29325,29319.4,29324.6
1690675500000,29324.6,29324.7,29316.2,29323.1
1690675800000,29323.1,29323.5,29313.4,29323.5
1690676100000,29323.5,29323.5,29308,29320.1
1690676400000,29320.1,29320.1,29308,29308
1690676700000,29308,29308,29296.3,29303.8
1690677000000,29303.8,29303.8,29290.3,29297.9
1690677300000,29299.2,29303,29297.3,29303
1690677600000,29303,29306.1,29303,29306.1
1690677900000,29306.1,29306.1,29299.1,29304.1
1690678200000,29304.1,29304.1,29294.3,29302.6
1690678500000,29302.7,29315.7,29299.7,29315.7
1690678800000,29315.7,29315.7,29312.3,29312.3
1690679100000,29312.3,29313.9,29304.1,29307.4
1690679400000,29307.4,29307.4,29298.9,29307
1690679700000,29307,29307,29300.1,29303.2
1690680000000,29303.2,29303.2,29294.7,29302.7
1690680300000,29302.7,29306.2,29297.3,29306.2
1690680600000,29306.2,29306.2,29297.4,29300.4
1690680900000,29300.4,29305.9,29292.9,29303
1690681200000,29303,29303,29295.3,29302.4
1690681500000,29302.4,29302.4,29290.9,29301.2
1690681800000,29301.2,29303.1,29295.7,29303.1
1690682100000,29303.1,29303.2,29291.4,29302.3
1690682400000,29302.3,29302.3,29281.3,29291.4
1690682700000,29291.4,29295.5,29283.3,29291.8
1690683000000,29291.8,29291.8,29282.3,29287.7
1690683300000,29287.8,29290.8,29276.8,29285
1690683600000,29285,29285,29276.1,29283.1
1690683900000,29283.1,29287,29273.8,29280
1690684200000,29280,29284.2,29272.3,29284.2
1690684500000,29284.2,29285,29275.6,29281.7
1690684800000,29281.7,29283.8,29273.7,29274.6
1690685100000,29277.4,29284,29271.5,29283.8
1690685400000,29283.8,29287.4,29276.3,29287.1
1690685700000,29287.1,29287.1,29275.8,29283.3
1690686000000,29283.3,29283.3,29277.1,29283.2
1690686300000,29283.3,29286.5,29281.7,29286.5
1690686600000,29286.5,29286.5,29277.8,29285.7
1690686900000,29285.7,29285.7,29277.8,29284.6
1690687200000,29284.6,29284.8,29278.1,29284.8
1690687500000,29284.8,29285.8,29278.7,29285.8
1690687800000,29285.8,29285.8,29279.8,29284.7
1690688100000,29284.7,29284.7,29278.2,29284.1
1690688400000,29284.1,29285,29278.9,29284
1690688700000,29284,29286.5,29278.9,29286.5
1690689000000,29286.5,29286.5,29278.6,29278.6
1690689300000,29278.6,29285.6,29278.6,29285.6
1690689600000,29285.6,29285.6,29277.9,29285
1690689900000,29285,29285.6,29278.3,29285.3
1690690200000,29285.3,29287.3,29279.1,29287.3
1690690500000,29287.3,29288.2,29282.8,29288.2
1690690800000,29288.2,29288.2,29283.7,29283.7
1690691100000,29283.7,29288.3,29283.4,29285.3
1690691400000,29285.4,29291.5,29285.4,29291.5
1690691700000,29291.5,29294.6,29289,29292.8
1690692000000,29292.8,29297.9,29289.2,29293.6
1690692300000,29293.6,29293.6,29289.5,29289.5
1690692600000,29289.5,29289.5,29289.5,29289.5
1690692900000,29289.5,29289.5,29289.5,29289.5
1690693200000,29289.9,29294.1,29289.1,29293.7
1690693500000,29293.7,29294,29288.8,29294
1690693800000,29294,29294,29288.6,29292.5
1690694100000,29292.5,29292.5,29284.9,29290.7
1690694400000,29290.7,29291.9,29286.9,29291.9
1690694700000,29291.9,29296.6,29288.1,29296.6
1690695000000,29296.6,29296.6,29284.6,29291.2
1690695300000,29291.2,29291.4,29284.5,29291.4
1690695600000,29283,29288.9,29282.6,29288.9
1690695900000,29288.9,29288.9,29278.4,29286.9
1690696200000,29286.9,29286.9,29279.1,29279.1
1690696500000,29279.1,29288.1,29278.7,29286.6
1690696800000,29286.6,29287.3,29274.4,29281.1
1690697100000,29281.1,29282.4,29274.7,29278.7
1690697400000,29278.7,29278.7,29262.3,29269.2
1690697700000,29269.2,29269.6,29256.2,29265.6
1690698000000,29265.6,29267.1,29254.4,29254.4
1690698300000,29254.6,29257.6,29242.4,29256
1690698600000,29256,29256,29241,29252
1690698900000,29252,29252.6,29240.4,29251.8
1690699200000,29251.8,29253.4,29239.7,29253
1690699500000,29253,29254.1,29244.4,29254.1
1690699800000,29254.1,29254.3,29245.7,29254.3
1690700100000,29254.3,29256.9,29247.9,29256.9
1690700400000,29256.9,29256.9,29248.6,29256
1690700700000,29256,29256,29249.6,29255.1
1690701000000,29255.1,29255.1,29250.5,29255.1
1690701300000,29255.1,29255.5,29250.1,29255.5
1690701600000,29255.5,29255.5,29247.9,29254.4
1690701900000,29254.4,29254.4,29247.8,29249.9
1690702200000,29249.9,29253.3,29241.5,29253.2
1690702500000,29253.2,29253.2,29243.8,29251.5
1690702800000,29251.5,29253.8,29247.1,29253.8
1690703100000,29253.8,29258.8,29250.6,29258.8
1690703400000,29258.8,29262.1,29255.3,29262.1
1690703700000,29262.1,29262.1,29256.9,29261.3
1690704000000,29261.3,29262.4,29255.2,29255.2
1690704300000,29255.2,29263.3,29255,29263.3
1690704600000,29263.3,29263.3,29255.1,29262.2
1690704900000,29262.2,29269.1,29257.1,29269.1
1690705200000,29271.7,29278.6,29269.4,29278.6
1690705500000,29278.6,29278.6,29267.1,29267.1
1690705800000,29267.2,29272.3,29262.7,29262.7
1690706100000,29271,29274,29262.7,29266.7
1690706400000,29266.7,29267,29262,29262
1690706700000,29262,29272,29262,29272
1690707000000,29272,29272,29257.6,29265.6
1690707300000,29265.6,29269.2,29260,29269.2
1690707600000,29269.2,29271.7,29262.7,29263.4
1690707900000,29263.4,29268.1,29254,29265.3
1690708200000,29265.3,29268.3,29253.7,29260
1690708500000,29253.9,29262.9,29225,29262.7
1690708800000,29262.7,29263.4,29251.8,29262.8
1690709100000,29262.8,29264.8,29257,29257
1690709400000,29261.9,29264.9,29248.5,29262.1
1690709700000,29262.1,29262.4,29250.1,29250.6
1690710000000,29250.6,29255.8,29247.3,29255.8
1690710300000,29255.8,29257.1,29244.2,29251
1690710600000,29251,29251,29243.1,29243.1
1690710900000,29243.1,29250.8,29243.1,29250.8
1690711200000,29251.9,29254.9,29248.5,29248.5
1690711500000,29251.6,29257.8,29248.1,29257.1
1690711800000,29257,29260,29249.1,29255.3
1690712100000,29255.3,29256.1,29248.3,29256.1
1690712400000,29256.1,29256.1,29248.3,29254
1690712700000,29254,29257.8,29245.8,29256
1690713000000,29256,29256,29246.8,29253.3
1690713300000,29253.3,29253.3,29243.5,29250.4
1690713600000,29250.4,29251,29237.8,29242.6
1690713900000,29245.9,29248.9,29232.8,29248.5
1690714200000,29248.5,29248.5,29216,29216.5
1690714500000,29216.5,29248.3,29209,29248.3
1690714800000,29248.3,29252.9,29244.2,29250.2
1690715100000,29250.2,29264.6,29250.2,29264.6
1690715400000,29264.7,29276.2,29264.6,29276.2
1690715700000,29276.2,29276.2,29254,29263.1
1690716000000,29263.1,29263.1,29248.1,29251.7
1690716300000,29252.7,29255.7,29237.8,29237.8
1690716600000,29237.8,29239.3,29225.6,29238.3
1690716900000,29238.3,29244.4,29231.3,29244.4
1690717200000,29244.6,29267.5,29244.6,29267.5
1690717500000,29267.7,29285.3,29262.2,29281.6
1690717800000,29281.6,29284.5,29275.1,29275.4
1690718100000,29275.4,29275.4,29275.4,29275.4
1690718400000,29275.5,29278.5,29274,29274.9
1690718700000,29274.9,29281.3,29274.9,29281.3
1690719000000,29281.3,29287.9,29281,29287.9
1690719300000,29287.9,29289.4,29282.7,29289.4
1690719600000,29289.4,29292.8,29285.7,29292.8
1690719900000,29292.8,29297.3,29288.2,29297.3
1690720200000,29297.3,29297.3,29282,29288.5
1690720500000,29288.5,29291.4,29278.5,29289.8
1690720800000,29289.8,29289.8,29278.9,29287
1690721100000,29287,29287,29287,29287
1690721400000,29287,29295.5,29286.7,29291.1
1690721700000,29291.1,29291.1,29283.6,29287.6
1690722000000,29288.3,29295.6,29283.9,29284.7
1690722300000,29284.7,29285.3,29280.3,29285.3
1690722600000,29285.3,29285.3,29280.3,29285
1690722900000,29285,29285,29277.7,29284.6
1690723200000,29284.6,29284.6,29274.3,29282.9
1690723500000,29282.9,29282.9,29274.2,29282.7
1690723800000,29282.7,29282.7,29266.7,29274.9
1690724100000,29274.9,29275,29264.7,29275
1690724400000,29275,29278,29268,29277.7
1690724700000,29277.7,29280.2,29265,29276.2
1690725000000,29276.2,29276.2,29249.5,29253.5
1690725300000,29253.5,29256.8,29247.3,29254.1
1690725600000,29254.1,29257.5,29254.1,29257.5
1690725900000,29257.5,29266.5,29251.3,29266.5
1690726200000,29266.5,29266.5,29255.6,29260.1
1690726500000,29262,29271.3,29262,29271.3
1690726800000,29271.3,29272.8,29265.7,29272.4
1690727100000,29272.4,29274.4,29265.8,29270.6
1690727400000,29270.6,29272.9,29257.1,29264
1690727700000,29264,29269,29257.6,29266
1690728000000,29266.2,29286.4,29266.2,29286.4
1690728300000,29289.3,29382,29289.3,29354.7
1690728600000,29354.7,29354.7,29347.6,29351.7
1690728900000,29351.7,29353.4,29346.1,29353.4
1690729200000,29353.9,29411.7,29353.9,29409.8
1690729500000,29409.8,29409.9,29374.6,29374.6
1690729800000,29374.7,29385.3,29359.6,29366.8
1690730100000,29366.8,29379.8,29362.4,29379.8
1690730400000,29379.9,29394.7,29376.2,29394.7
1690730700000,29394.9,29404.9,29394.9,29395.2
1690731000000,29397,29407.7,29387,29387
1690731300000,29387,29401.1,29386,29401.1
1690731600000,29401.1,29401.1,29379.4,29379.4
1690731900000,29379.5,29382.5,29363.8,29363.8
1690732200000,29363.8,29364.5,29325.9,29326.1
1690732500000,29326.1,29326.1,29286.2,29312.4
1690732800000,29312.9,29324.8,29296.9,29304.8
1690733100000,29305,29358.2,29305,29358
1690733400000,29358.8,29371.7,29358.8,29368
1690733700000,29368,29368,29348.9,29348.9
1690734000000,29348.9,29350.3,29341.3,29344.6
1690734300000,29344.6,29344.6,29336.9,29340.3
1690734600000,29340.3,29340.3,29306.5,29310.4
1690734900000,29310.4,29313.5,29303.8,29313.5
1690735200000,29313.5,29321.1,29310.2,29318
1690735500000,29318.1,29343,29318.1,29343
1690735800000,29343,29343,29328.3,29333.2
1690736100000,29333.2,29343.3,29327.2,29343.3
1690736400000,29343.3,29344.1,29337,29337.8
1690736700000,29337.8,29343.5,29334.8,29334.8
1690737000000,29334.8,29335.3,29326,29331.5
1690737300000,29331.5,29332,29322.7,29332
1690737600000,29332,29333.9,29326.6,29333.9
1690737900000,29333.9,29340,29328.8,29340
1690738200000,29340,29340,29333.7,29339.6
1690738500000,29339.9,29352.5,29339.9,29352.5
1690738800000,29352.5,29356,29349,29353.8
1690739100000,29353.8,29353.8,29342.3,29346.6
1690739400000,29347.6,29361.2,29346.3,29361.2
1690739700000,29361.2,29361.2,29355.4,29360.2
1690740000000,29360.2,29360.2,29360.2,29360.2
1690740300000,29360.2,29360.2,29356.3,29359.5
1690740600000,29359.5,29369.1,29355.6,29355.6
1690740900000,29355.6,29355.6,29342.7,29351.8
1690741200000,29351.8,29353,29347.1,29353
1690741500000,29353,29353,29341.9,29348.7
1690741800000,29348.7,29348.7,29340.2,29348.1
1690742100000,29348.1,29348.4,29340.8,29348.4
1690742400000,29348.4,29348.8,29341.7,29348
1690742700000,29348,29348,29325.4,29335.6
1690743000000,29335.6,29335.6,29317.7,29326.8
1690743300000,29326.8,29326.8,29318.1,29320.2
1690743600000,29320.2,29327.4,29320.2,29327.4
1690743900000,29327.4,29332.1,29319.5,29332.1
1690744200000,29332.1,29332.4,29320.2,29329.5
1690744500000,29329.5,29329.5,29317,29327.2
1690744800000,29327.2,29327.2,29316.8,29326.9
1690745100000,29326.9,29327,29316.6,29327
1690745400000,29327,29327,29315.4,29325.4
1690745700000,29325.4,29326,29315.1,29319.9
1690746000000,29319.9,29319.9,29309.6,29314.8
1690746300000,29315.1,29318.1,29231.3,29236.2
1690746600000,29236.2,29236.2,29101,29159.2
1690746900000,29159.2,29166.2,29116.5,29166.2
1690747200000,29166.2,29166.2,29011.9,29076.7
1690747500000,29076.7,29125.3,29071.5,29122.3
1690747800000,29122.3,29122.3,29069.5,29111.2
1690748100000,29111.2,29157.2,29093.8,29143.4
1690748400000,29143.4,29143.4,29128.6,29134
1690748700000,29134.4,29160.1,29134,29134.2
1690749000000,29134.2,29134.2,29117.9,29130.7
1690749300000,29130.7,29154.6,29123,29147.1
1690749600000,29147.2,29165.8,29143.1,29155.4
1690749900000,29156.3,29159.3,29142.2,29158.1
1690750200000,29158.7,29161.7,29145.8,29152.4
1690750500000,29155.1,29236.8,29155.1,29234.8
1690750800000,29234.8,29234.8,29191.9,29214
1690751100000,29214,29214,29191.2,29200.4
1690751400000,29200.4,29200.4,29171.9,29187.3
1690751700000,29187.6,29190.6,29177.4,29179.8
1690752000000,29179.8,29179.8,29155.1,29158.6
1690752300000,29158.6,29164.1,29155.4,29160
1690752600000,29161.3,29175.7,29160.1,29165
1690752900000,29161.7,29161.7,29144.8,29151.1
1690753200000,29151.1,29167.3,29141.9,29167.3
1690753500000,29167.3,29167.3,29155.5,29164.1
1690753800000,29164.2,29192.8,29164.2,29192.8
1690754100000,29192.8,29192.8,29181.9,29181.9
1690754400000,29181.9,29181.9,29145.7,29157.1
1690754700000,29157.1,29157.1,29148.6,29148.6
1690755000000,29148.6,29148.6,29133.8,29133.8
1690755300000,29134,29143.8,29133.1,29136.7
1690755600000,29136.9,29139.9,29132.6,29132.6
1690755900000,29132.6,29132.6,29122.8,29123.8
1690756200000,29123.8,29126.6,29116.7,29126.6
1690756500000,29126.9,29140.8,29126.8,29137.6
1690756800000,29137.6,29139.3,29127.1,29127.1
1690757100000,29127.1,29127.1,29121,29121
1690757400000,29121.2,29135.6,29120.5,29120.5
1690757700000,29120.5,29120.5,29120.5,29120.5
1690758000000,29120.8,29130.1,29120.8,29130.1
1690758300000,29130.4,29182.4,29130.2,29182.4
1690758600000,29182.4,29208.8,29174.3,29194.7
1690758900000,29194.9,29205.4,29194.6,29198.9
1690759200000,29200.6,29216.9,29200.6,29216.9
1690759500000,29216.9,29228.2,29209.8,29228.2
1690759800000,29228.2,29234.5,29221.8,29234.5
1690760100000,29238.7,29248.4,29237.9,29243
1690760400000,29243,29243,29236.4,29236.4
1690760700000,29236.4,29236.4,29229.2,29229.2
1690761000000,29229.2,29236,29229.2,29236
1690761300000,29239.7,29242.7,29239.2,29242.7
1690761600000,29246.3,29251.8,29243.3,29251.8
1690761900000,29251.8,29251.8,29232.9,29232.9
1690762200000,29232.9,29232.9,29232.9,29232.9
1690762500000,29232.9,29242.9,29230.9,29242.7
1690762800000,29245.8,29252.8,29245.8,29252.8
1690763100000,29253.1,29283.3,29252.8,29266.1
1690763400000,29266.6,29287.5,29263.5,29268
1690763700000,29269.7,29286.9,29269.7,29286.4
1690764000000,29289.7,29469.7,29289.7,29457.9
1690764300000,29458.7,29489.6,29410.4,29453.2
1690764600000,29453.3,29466.1,29383.4,29411.7
1690764900000,29411.7,29428.4,29395.1,29422.5
1690765200000,29423,29452.7,29392.7,29392.7
1690765500000,29392.7,29406.6,29392.2,29395.2
1690765800000,29395.2,29396.5,29366.5,29379.8
1690766100000,29379.8,29381.8,29352.4,29364.7
1690766400000,29365.2,29383.4,29365.2,29382
1690766700000,29382.7,29406.7,29382.7,29406.7
1690767000000,29407,29426.1,29403.9,29413.5
1690767300000,29413.5,29419.2,29410.3,29416.9
1690767600000,29416.9,29416.9,29399.5,29399.5
1690767900000,29399.5,29399.5,29376.6,29376.6
1690768200000,29377.1,29404,29376.6,29404
1690768500000,29404,29414.2,29400.8,29414.2
1690768800000,29414.5,29434,29414.5,29434
1690769100000,29434,29434,29401.3,29401.3
1690769400000,29401.3,29401.3,29399.5,29399.5
1690769700000,29399.6,29417,29399.5,29416.8
1690770000000,29417,29432.1,29416.8,29427.8
1690770300000,29427.8,29437.1,29427.8,29432.7
1690770600000,29433.4,29460.1,29432.7,29459.8
1690770900000,29459.8,29459.8,29436.3,29440.9
1690771200000,29440.9,29440.9,29440.9,29440.9
1690771500000,29440.9,29440.9,29420.7,29420.7
1690771800000,29420.7,29424,29417.8,29417.8
1690772100000,29417.8,29431.4,29417.8,29424.5
1690772400000,29425.5,29431.6,29412.7,29412.7
1690772700000,29412.7,29412.7,29399,29399
1690773000000,29399.2,29402.2,29397.8,29397.8
1690773300000,29397.8,29397.8,29386.8,29386.8
1690773600000,29386.8,29396.8,29386.8,29396.8
1690773900000,29396.8,29400.5,29396.8,29400.5
1690774200000,29400.5,29404.1,29400.5,29404.1
1690774500000,29404.1,29408.1,29404.1,29408.1
1690774800000,29408.3,29414.7,29408.3,29414.2
1690775100000,29414.2,29414.2,29380.1,29388.7
1690775400000,29388.7,29407.6,29388.3,29398.9
1690775700000,29398.9,29398.9,29383.9,29383.9
1690776000000,29384,29394.2,29384,29390.2
1690776300000,29390.2,29398.6,29378.7,29382.3
1690776600000,29382.3,29383.8,29376.8,29379.9
1690776900000,29380.8,29388.6,29380.8,29388.6
1690777200000,29389.7,29398.3,29388.6,29393.1
1690777500000,29393.1,29393.1,29377.7,29377.7
1690777800000,29377.7,29377.8,29361.4,29361.4
1690778100000,29361.4,29364.5,29361.4,29363.3
1690778400000,29363.3,29366.6,29363.3,29364.6
1690778700000,29364.7,29376.9,29364.6,29376.9
1690779000000,29376.9,29376.9,29362.7,29362.7
1690779300000,29362.7,29374,29362.7,29370.8
1690779600000,29370.8,29370.8,29364.4,29364.4
1690779900000,29365.1,29375.7,29365.1,29370.2
1690780200000,29370.2,29370.2,29363.6,29363.6
1690780500000,29363.6,29374,29363.6,29374
1690780800000,29374,29374,29374,29374
1690781100000,29374.3,29380.8,29370.2,29370.2
1690781400000,29370.2,29383.5,29367.1,29381.6
1690781700000,29381.6,29381.6,29376.3,29376.3
1690782000000,29376.3,29376.3,29361.4,29366.1
1690782300000,29366.1,29366.1,29365.3,29365.3
1690782600000,29365.3,29365.3,29349.7,29349.7
1690782900000,29349.7,29349.7,29333.4,29344.2
1690783200000,29346.9,29350.1,29338.3,29338.3
1690783500000,29338.3,29353.5,29338.3,29353.5
1690783800000,29353.5,29361,29347.7,29361
1690784100000,29361,29375.6,29359.2,29375.6
1690784400000,29375.6,29392.2,29375.6,29392.2
1690784700000,29392.9,29407.6,29392.9,29395.3
1690785000000,29395.3,29395.3,29380.1,29380.1
1690785300000,29380.1,29380.1,29373.5,29376.1
1690785600000,29376.1,29376.8,29366.1,29371.4
1690785900000,29371.4,29371.4,29360.8,29360.8
1690786200000,29360.8,29375.6,29360.8,29364.3
1690786500000,29364.3,29379.4,29364.3,29379.4
1690786800000,29379.4,29379.4,29368.4,29371.7
1690787100000,29371.7,29371.7,29356.6,29357.9
1690787400000,29357.9,29357.9,29352.7,29352.7
1690787700000,29352.7,29356.1,29352.7,29356.1
1690788000000,29356.1,29367.7,29356.1,29367.7
1690788300000,29368.6,29375.6,29368.1,29375.6
1690788600000,29375.6,29376.2,29369,29376.2
1690788900000,29376.2,29377.2,29359.7,29359.7
1690789200000,29360,29365.9,29359.7,29365.9
1690789500000,29365.9,29365.9,29359.4,29360
1690789800000,29360,29360,29354.4,29354.4
1690790100000,29354.4,29354.4,29348.5,29349.8
1690790400000,29349.8,29349.8,29349.4,29349.4
1690790700000,29349.4,29349.4,29349.4,29349.4
1690791000000,29349.4,29349.4,29349.4,29349.4
1690791300000,29349.4,29349.4,29328.6,29328.6
1690791600000,29328.6,29352.3,29328.6,29352.3
1690791900000,29352.5,29383.3,29352.3,29363.5
1690792200000,29363.6,29366.6,29354.6,29354.6
1690792500000,29357.8,29363.1,29352.5,29352.5
1690792800000,29352.6,29355.6,29346.4,29354.4
1690793100000,29354.4,29354.4,29350.1,29353.4
1690793400000,29353.4,29353.4,29353.4,29353.4
1690793700000,29353.4,29353.4,29353.4,29353.4
1690794000000,29353.5,29356.5,29353.5,29355.1
1690794300000,29355.1,29355.1,29355.1,29355.1
1690794600000,29355.1,29355.1,29341.2,29344.7
1690794900000,29344.7,29345.9,29319.8,29322.6
1690795200000,29319.8,29330.7,29319.8,29330.7
1690795500000,29330.7,29331,29324.9,29324.9
1690795800000,29324.9,29324.9,29311.9,29315
1690796100000,29312.2,29322.5,29312.2,29314.5
1690796400000,29314.5,29319.2,29311.1,29319.2
1690796700000,29319.2,29319.2,29298.6,29308.7
1690797000000,29308.7,29338.6,29308.7,29334.6
1690797300000,29334.6,29344.6,29334.6,29344.6
1690797600000,29345,29348,29344.6,29346
1690797900000,29346,29352.9,29346,29348.2
1690798200000,29350.4,29352.7,29348.2,29352.7
1690798500000,29352.7,29359,29352.7,29358.4
1690798800000,29358.4,29358.4,29350.8,29353.9
1690799100000,29354.6,29374.5,29354.6,29374.5
1690799400000,29374.5,29374.5,29365,29365
1690799700000,29365,29365,29347.2,29347.2
1690800000000,29347.2,29351.1,29346.3,29351.1
1690800300000,29351.1,29351.1,29351.1,29351.1
1690800600000,29351.1,29351.1,29351.1,29351.1
1690800900000,29351.1,29351.1,29351.1,29351.1
1690801200000,29351.1,29354.5,29351.1,29354.5
1690801500000,29354.5,29354.7,29348.9,29354.7
1690801800000,29354.7,29354.7,29354.7,29354.7
1690802100000,29355.3,29362.7,29354.8,29360.7
1690802400000,29360.7,29365.2,29360.7,29365.2
1690802700000,29365.2,29365.2,29352.5,29352.5
1690803000000,29352.5,29355.7,29352.5,29355.7
1690803300000,29355.7,29359.6,29355.7,29359.6
1690803600000,29359.6,29359.6,29350.5,29355.6
1690803900000,29355.6,29355.6,29355.6,29355.6
1690804200000,29356,29362.6,29355.6,29362.6
1690804500000,29362.6,29369.5,29362.6,29369.5
1690804800000,29369.5,29369.5,29369.5,29369.5
1690805100000,29369.5,29370,29366.7,29369.1
1690805400000,29369.1,29372.2,29368.1,29369.3
1690805700000,29369.3,29369.3,29361.2,29361.2
1690806000000,29361.2,29361.2,29361.2,29361.2
1690806300000,29361.2,29371.1,29361.2,29370.2
1690806600000,29370.5,29401.3,29370.5,29398.7
1690806900000,29398.7,29424.4,29393.2,29412.7
1690807200000,29412.7,29417.9,29405.8,29405.8
1690807500000,29406.9,29430.1,29406.9,29421
1690807800000,29421,29421.9,29416.9,29421.9
1690808100000,29422.5,29436.8,29422.1,29436.8
1690808400000,29436.8,29436.8,29428.1,29428.1
1690808700000,29428.1,29428.1,29415.5,29418.4
1690809000000,29418.4,29418.4,29410.3,29410.3
1690809300000,29410.3,29419,29410.3,29419
1690809600000,29419,29419,29402.1,29409.4
1690809900000,29409.4,29409.4,29409.4,29409.4
1690810200000,29409.4,29414.5,29398.8,29398.8
1690810500000,29398.8,29398.8,29371.8,29379.3
1690810800000,29379.3,29379.3,29358.4,29361.5
1690811100000,29361.6,29389.1,29361.6,29377.2
1690811400000,29377.2,29381.1,29295.7,29309.6
1690811700000,29309.4,29327.4,29289.7,29325.9
1690812000000,29325.9,29325.9,29277.2,29300.2
1690812300000,29300.6,29318.1,29291.8,29306.2
1690812600000,29308.3,29327.6,29307.2,29320
1690812900000,29320,29332.6,29307.8,29310.9
1690813200000,29310.9,29311.4,29293.8,29302.3
1690813500000,29302.3,29302.3,29302.3,29302.3
1690813800000,29302.9,29309.1,29265.3,29265.3
1690814100000,29265.3,29288.6,29236.3,29280.2
1690814400000,29283.6,29289.9,29278,29289.9
1690814700000,29289.9,29289.9,29255.8,29282.8
1690815000000,29282.8,29282.8,29266.9,29266.9
1690815300000,29267.5,29278.5,29260.9,29269.6
1690815600000,29269.6,29293.1,29250.8,29293.1
1690815900000,29293.5,29296.5,29278.9,29282.5
1690816200000,29282.5,29298.1,29278.5,29298.1
1690816500000,29298.1,29298.1,29273.6,29279.9
1690816800000,29280.9,29294.3,29274.7,29274.7
1690817100000,29274.7,29274.7,29252.5,29260.6
1690817400000,29260.6,29260.6,29214,29256.1
1690817700000,29256.1,29265.3,29252.7,29252.7
1690818000000,29252.7,29252.7,29199.3,29217.8
1690818300000,29217.8,29228.5,29203.5,29226.3
1690818600000,29226.3,29238.4,29211.8,29218.5
1690818900000,29218.5,29235,29208.9,29208.9
1690819200000,29208.9,29227.7,29181.4,29227.7
1690819500000,29227.7,29227.7,29175.1,29186.2
1690819800000,29186.6,29189.6,29160.5,29170.1
1690820100000,29170.1,29203.5,29147.5,29201.2
1690820400000,29201.2,29221,29188.6,29220.9
1690820700000,29220.9,29220.9,29205.6,29212.3
1690821000000,29212.3,29228.7,29200.4,29228.7
1690821300000,29228.7,29228.7,29220.1,29220.1
1690821600000,29220.1,29220.1,29212.7,29216.2
1690821900000,29216.2,29216.2,29214.2,29214.7
1690822200000,29214.7,29214.7,29201.5,29214.7
1690822500000,29214.7,29214.7,29196.4,29196.4
1690822800000,29196.4,29196.4,29186.6,29187.7
1690823100000,29187.7,29200.2,29181,29195.6
1690823400000,29195.6,29195.6,29181.8,29186
1690823700000,29186.2,29190.7,29166.1,29169.4
1690824000000,29170.3,29173.3,29142.3,29143.3
1690824300000,29143.3,29150.2,29123.5,29150.2
1690824600000,29150.2,29155.7,29133.1,29155.6
1690824900000,29155.6,29171.7,29141.2,29171.7
1690825200000,29171.7,29198.8,29160.2,29198.8
1690825500000,29198.8,29238.2,29198.8,29226
1690825800000,29226.8,29233.5,29199.6,29199.6
1690826100000,29199.6,29199.6,29173.5,29176.7
1690826400000,29177.7,29180.7,29164.4,29164.4
1690826700000,29165.7,29180.6,29161.6,29179.4
1690827000000,29179.4,29179.4,29170.7,29170.7
1690827300000,29170.7,29170.7,29165,29165
1690827600000,29165,29165,29113.3,29136.1
1690827900000,29136.1,29169.7,29125.9,29169.3
1690828200000,29169.4,29175.9,29166.2,29172.6
1690828500000,29172.9,29175.9,29165.1,29174.6
1690828800000,29174.6,29174.6,29156.7,29160.6
1690829100000,29160.6,29168.5,29150.6,29168.5
1690829400000,29170.5,29173.5,29169.6,29170.9
1690829700000,29170.9,29174.3,29159.9,29159.9
1690830000000,29159.9,29159.9,29140.1,29140.1
1690830300000,29140.1,29144,29133.6,29144
1690830600000,29144,29156.9,29138.5,29156.9
1690830900000,29156.9,29169,29154.2,29169
1690831200000,29169.5,29191.1,29169.5,29187.1
1690831500000,29187.1,29187.1,29178.6,29178.6
1690831800000,29179.9,29198,29176.7,29196.8
1690832100000,29196.8,29196.9,29184.3,29184.3
1690832400000,29184.3,29194.5,29182.9,29194.5
1690832700000,29194.5,29194.5,29189.6,29190.8
1690833000000,29190.8,29198.3,29182.8,29187.7
1690833300000,29187.7,29188.6,29085.4,29125.8
1690833600000,29125.8,29147.4,29096.5,29100.3
1690833900000,29100.3,29169.5,29084.7,29166.9
1690834200000,29166.9,29183.9,29160.8,29163.9
1690834500000,29163.9,29184.7,29153.3,29184
1690834800000,29184.6,29211.4,29184.5,29211.4
1690835100000,29211.4,29212,29189.2,29212
1690835400000,29212,29223.1,29210.2,29223.1
1690835700000,29223.1,29223.1,29205.6,29205.6
1690836000000,29206.3,29213.8,29150.4,29150.4
1690836300000,29150.4,29150.4,29111.5,29146.1
1690836600000,29146.1,29173,29136.6,29162.4
1690836900000,29162.4,29176.9,29162.4,29176.1
1690837200000,29176.1,29176.1,29146.1,29157.4
1690837500000,29157.4,29167.5,29141,29167.5
1690837800000,29167.5,29182.1,29165.9,29181.7
1690838100000,29181.7,29191.9,29177.8,29191.9
1690838400000,29191.9,29255.6,29191.9,29230.8
1690838700000,29230.8,29230.8,29173.4,29173.4
1690839000000,29173.4,29217.8,29164.7,29217.8
1690839300000,29217.8,29217.8,29206,29206
1690839600000,29206,29206,29206,29206
1690839900000,29206,29206,29196.5,29196.5
1690840200000,29196.5,29196.5,29185.2,29191.6
1690840500000,29191.7,29205.1,29191.6,29205.1
1690840800000,29205.1,29205.1,29179.6,29183.2
1690841100000,29184,29187.2,29176.4,29179.9
1690841400000,29181.1,29184.1,29181,29181
1690841700000,29181,29196.7,29175.1,29196.7
1690842000000,29196.7,29200.8,29196.7,29200.8
1690842300000,29200.8,29203.1,29200.8,29203.1
1690842600000,29203.1,29203.1,29191.7,29191.7
1690842900000,29193.7,29196.7,29181.7,29187.3
1690843200000,29187.3,29187.3,29173.2,29173.2
1690843500000,29173.2,29173.2,29165.9,29165.9
1690843800000,29165.9,29174.2,29165.9,29174.2
1690844100000,29174.2,29174.2,29174.2,29174.2
1690844400000,29174.2,29174.2,29166.1,29166.1
1690844700000,29166.1,29166.1,29166.1,29166.1
1690845000000,29166.1,29166.1,29156.8,29156.8
1690845300000,29159.6,29182.6,29159.6,29179.4
1690845600000,29179.4,29179.4,29179.4,29179.4
1690845900000,29179.4,29179.4,29163.2,29163.2
1690846200000,29163.2,29176.7,29163.2,29176.7
1690846500000,29176.7,29178.8,29175.6,29178.8
1690846800000,29179,29202.6,29178.8,29197.6
1690847100000,29197.6,29201.8,29196.3,29200.2
