timestamp,open,high,low,close
1782864000000,58506.3,58652.8,58506.3,58652.8
1782864300000,58652.8,58672.8,58544.5,58589.8
1782864600000,58581.3,58630,58487.3,58567.2
1782864900000,58573.2,58604.8,58407.3,58448.8
1782865200000,58426.3,58476.8,58295.1,58320.5
1782865500000,58320.6,58355.1,58193.5,58310.3
1782865800000,58301.1,58497.9,58280.3,58387.6
1782866100000,58419.8,58431.8,58318.7,58319.4
1782866400000,58319,58409.5,58310.7,58364.6
1782866700000,58366,58443.4,58353.2,58421.2
1782867000000,58398.4,58544.8,58383,58478.8
1782867300000,58471.8,58514.5,58439.6,58500.8
1782867600000,58477.4,58511.8,58274.4,58278.1
1782867900000,58278.2,58306.8,58124,58220.4
1782868200000,58195.1,58226.2,57719.4,58091.9
1782868500000,58100.4,58271.7,57926.3,58220.9
1782868800000,58214.7,58328.9,58082,58152.1
1782869100000,58153.5,58328,58095.7,58244.9
1782869400000,58275.1,58481.1,58220.2,58390.7
1782869700000,58389.8,58841.2,58367.5,58681.2
1782870000000,58677.2,58916.8,58618.5,58784.8
1782870300000,58784.4,58931.6,58643.9,58717.8
1782870600000,58717.8,58757.8,58607.4,58748.6
1782870900000,58755.8,58812.4,58652.8,58652.8
1782871200000,58653,58759.8,58638.8,58661.7
1782871500000,58681.9,58687.9,58552.7,58629.8
1782871800000,58627.6,58791.9,58591,58718.9
1782872100000,58721.7,58811.3,58669.8,58721.9
1782872400000,58722,58934.8,58705.3,58812.9
1782872700000,58812.7,58924.8,58779.4,58871.8
1782873000000,58871.8,58988.8,58799.6,58924.8
1782873300000,58923.9,59006.8,58873.6,58959.3
1782873600000,58956.7,59083.4,58884.6,59057.8
1782873900000,59061.8,59097.6,58886.7,58960
1782874200000,58959.8,59043.8,58903.4,59040.8
1782874500000,59045.6,59051.8,58969.3,59008.9
1782874800000,59013.4,59015.8,58896.8,58945.3
1782875100000,58949.8,59047.8,58916.9,58977
1782875400000,58983.8,58983.8,58876.3,58912.8
1782875700000,58880.2,58922.4,58795.8,58802.4
1782876000000,58802.5,58859.3,58768.9,58776.2
1782876300000,58776.1,58876.8,58768.3,58846.7
1782876600000,58846.7,58861.6,58735.2,58825.7
1782876900000,58825.1,59073,58804.3,58895.7
1782877200000,58895.6,58947.1,58815.3,58831.5
1782877500000,58831.6,58971.7,58823.1,58875.8
1782877800000,58875.9,59234.2,58864.9,59165.9
1782878100000,59196.9,59230.5,59053.4,59079.7
1782878400000,59079.8,59111.8,58947.8,59032.4
1782878700000,59032,59075.2,58989.3,59073.8
1782879000000,59070.7,59089.9,58996,59042.8
1782879300000,59034.6,59131.5,58988.5,59117.1
1782879600000,59126.8,59180.1,59051.1,59098.9
1782879900000,59099,59200.3,59091,59173
1782880200000,59200,59220.1,59121.1,59128.9
1782880500000,59129,59227.8,59088.9,59196.8
1782880800000,59179,59296.3,59147.5,59280.2
1782881100000,59280.2,59383.2,59233.9,59316.4
1782881400000,59313.6,59324,59195.9,59248
1782881700000,59248.1,59277.1,59208.9,59264.6
1782882000000,59259.8,59265.8,59173.8,59234.3
1782882300000,59235.5,59303.8,59164.4,59201.8
1782882600000,59161.5,59224.7,59132.9,59213.7
1782882900000,59222.8,59284.8,59177.8,59257.6
1782883200000,59251.3,59260.8,59089.5,59167.4
1782883500000,59162,59217.5,59046.2,59099.5
1782883800000,59102.2,59126.6,59041.5,59120.8
1782884100000,59123,59130.9,59012.9,59092.1
1782884400000,59095.6,59124.1,59056,59111
1782884700000,59118.2,59130.8,59039.5,59076.7
1782885000000,59075.4,59115.8,59023.7,59033.5
1782885300000,59033.3,59084.6,59026.5,59075.8
1782885600000,59040.8,59084.4,58897.2,58941.8
1782885900000,58940.8,58974.8,58847.3,58885.8
1782886200000,58887.2,58912.8,58797.5,58877.4
1782886500000,58871.2,58900.8,58756.6,58796.5
1782886800000,58797.6,58810.7,58581.1,58703.7
1782887100000,58703.8,58739.7,58643.2,58718.9
1782887400000,58719.7,58762.9,58557.2,58578.4
1782887700000,58576.5,58638.1,58431,58565.8
1782888000000,58569.3,58627.8,58506.7,58586.8
1782888300000,58587,58625,58510,58614
1782888600000,58590.4,58696.3,58587.3,58661.8
1782888900000,58659.4,58694.8,58620.9,58686
1782889200000,58663.7,58716.5,58566.8,58610.8
1782889500000,58612.4,58621.4,58499.5,58595.9
1782889800000,58590.2,58618.3,58514.1,58608.8
1782890100000,58605.1,58661.5,58536.1,58597.7
1782890400000,58599,58736.3,58528.2,58731.6
1782890700000,58730.4,58749.8,58629.3,58671.8
1782891000000,58629.5,58671.5,58537.8,58646.9
1782891300000,58648,58689,58577.1,58638
1782891600000,58640.8,58671.7,58584.3,58625.6
1782891900000,58626.6,58708.4,58567.6,58699.8
1782892200000,58699.5,58736.3,58631.5,58659.7
1782892500000,58659.7,58710.4,58621.2,58703
1782892800000,58695.8,58712.1,58556.7,58675
1782893100000,58674.3,58748.3,58638.2,58659.6
1782893400000,58661.8,58682.7,58601.8,58628.2
1782893700000,58631.5,58661.1,58589,58633.3
1782894000000,58599.6,58636.9,58499.5,58534.1
1782894300000,58538.3,58614.8,58509.8,58555.1
1782894600000,58548.4,58597.2,58392.2,58521.8
1782894900000,58523.8,58589.1,58454.2,58558.8
1782895200000,58554.5,58678.3,58510.5,58672.3
1782895500000,58670,58678.3,58575.8,58632.9
1782895800000,58636.3,58742.1,58619.7,58736.7
1782896100000,58738.5,58920.8,58707.6,58912.7
1782896400000,58886.4,58932.4,58796.7,58885.8
1782896700000,58884.8,59030.2,58862.7,58943.9
1782897000000,58942.3,58959.4,58847.8,58892.7
1782897300000,58892.5,58937.8,58855.9,58903.4
1782897600000,58903.5,58903.5,58811.1,58864.5
1782897900000,58834,58864.5,58785.8,58795.3
1782898200000,58795.4,58887.5,58795.4,58853.4
1782898500000,58850.1,58858.5,58782.8,58805.5
1782898800000,58814.8,58830.1,58773.6,58809.8
1782899100000,58791.7,58889.5,58751,58840.7
1782899400000,58842.5,58891.1,58779.3,58861.2
1782899700000,58861.1,58908.7,58840.4,58851
1782900000000,58878.5,58878.8,58776.5,58806.7
1782900300000,58806.6,58843.8,58761,58803.2
1782900600000,58804.6,58804.6,58660.8,58698.3
1782900900000,58667.8,58710.6,58633.5,58710.5
1782901200000,58711.7,58735.6,58684.9,58693.8
1782901500000,58656.5,58688.4,58582.5,58680.9
1782901800000,58667.7,58693.9,58614.6,58660.7
1782902100000,58660.2,58671.1,58590.1,58644.1
1782902400000,58638.3,58661.1,58529.9,58556
1782902700000,58559,58621.5,58554,58611
1782903000000,58614.7,58627.5,58558.3,58592.3
1782903300000,58590.4,58618.6,58541.1,58591.5
1782903600000,58593.2,58614.8,58495.7,58592.5
1782903900000,58585.7,58642.6,58545.5,58592.8
1782904200000,58596.7,58681.2,58562,58634.8
1782904500000,58636.5,58689.5,58586.4,58638.7
1782904800000,58610,58652.6,58576.9,58650.2
1782905100000,58648.1,58679.3,58601.9,58631.8
1782905400000,58620.6,58678,58541.9,58566.4
1782905700000,58593.7,58671.6,58562.1,58605.7
1782906000000,58600.6,58617.1,58551.9,58616.4
1782906300000,58621.9,58639.8,58556.9,58591.6
1782906600000,58579,58596.8,58514.3,58525.4
1782906900000,58527.3,58563.5,58453.4,58555
1782907200000,58523.4,58617.6,58437.2,58471.4
1782907500000,58472.4,58497,58368.5,58452.4
1782907800000,58447.9,58544.2,58323.5,58382.8
1782908100000,58386.8,58500.1,58355.4,58482.8
1782908400000,58481.8,58485.1,58372.6,58484.9
1782908700000,58482.1,58536.7,58412.9,58491.5
1782909000000,58485.8,58531.4,58339.3,58382.3
1782909300000,58378.1,58410.6,58319.8,58346.1
1782909600000,58343.8,58390.6,58292,58341.9
1782909900000,58344.2,58348.2,58246.5,58255.7
1782910200000,58258.3,58362.3,58254.4,58358
1782910500000,58359.8,58470.7,58338.2,58432.4
1782910800000,58432.5,58687,58432.5,58532.9
1782911100000,58566.3,58630.1,58517.8,58560.9
1782911400000,58564.7,58641.9,58525.4,58598
1782911700000,58611.8,58696.2,58566.8,58599.3
1782912000000,58604.8,58840.8,58587.5,58774.3
1782912300000,58755.5,58775.8,58660.1,58735.8
1782912600000,58757.8,58818.5,58505,58748.3
1782912900000,58745.5,58898.2,58617.7,58782
1782913200000,58786.7,59005.1,58737.7,58955.3
1782913500000,58955.3,59343.9,58854.4,59232.4
1782913800000,59260.8,59424.1,59173.7,59357.4
1782914100000,59354.7,59447.9,59205.9,59432
1782914400000,59432,59433.7,59190.4,59291.9
1782914700000,59268.8,59438.6,59198.7,59434.4
1782915000000,59427.6,59924.6,59411.5,59908.8
1782915300000,59886.8,60014.5,59796.1,59963.8
1782915600000,59964.6,60031,59799.8,59863.3
1782915900000,59861.4,59910.8,59695.4,59729.8
1782916200000,59729.4,59759.2,59468.8,59606.7
1782916500000,59596.3,59688.1,59472.9,59645.2
1782916800000,59655.5,59704.6,59509.3,59518.2
1782917100000,59517.6,59642.3,59329.6,59529.7
1782917400000,59530,59712.5,59513.4,59613.7
1782917700000,59617.1,59617.1,59428.3,59489.5
1782918000000,59452.3,59709.3,59435.8,59709.2
1782918300000,59709.2,59936.4,59646,59724.3
1782918600000,59724.2,59928.2,59709.7,59870.1
1782918900000,59835.2,59902.9,59776.6,59812.8
1782919200000,59812,60485.1,59807.7,60361.4
1782919500000,60324.1,60416.3,60195.8,60225.8
1782919800000,60226.2,60326.5,60152.8,60192.1
1782920100000,60202.4,60224,60082,60120.2
1782920400000,60122.7,60203.1,60081.9,60170
1782920700000,60163.7,60200.2,60072.7,60082.7
1782921000000,60063.3,60110.7,60005.7,60050.2
1782921300000,60049.9,60136.4,60017.5,60096.1
1782921600000,60080.2,60131.3,59993.4,60085.6
1782921900000,60083,60174.8,60042.1,60073.2
1782922200000,60099.1,60113.5,60051.3,60084.1
1782922500000,60088.3,60113.5,59999.4,60042.2
1782922800000,60042.3,60072.8,59873.4,59942
1782923100000,59940.5,60198.2,59912.9,60088.8
1782923400000,60079.8,60125.1,60006.7,60045.6
1782923700000,60035.3,60038.4,59945.3,59976.9
1782924000000,59974.5,60031,59941.6,60030.9
1782924300000,59991.1,60040,59895.6,59903.5
1782924600000,59903.3,59968.5,59841.2,59866.6
1782924900000,59870,59872.7,59779.6,59835.4
1782925200000,59836.6,59884.9,59706.4,59733.8
1782925500000,59733.5,59822.4,59705.6,59816
1782925800000,59802.4,59857.8,59735.2,59841.4
1782926100000,59846.8,59979.3,59816,59938.8
1782926400000,59938.5,60109.6,59922.3,60101.1
1782926700000,60105.6,60154.7,60055.4,60097.4
1782927000000,60096.8,60137.5,60004.2,60095.6
1782927300000,60057.8,60187,60041.5,60139.1
1782927600000,60126.2,60172.4,60066.9,60096
1782927900000,60099.6,60155.4,60070.5,60122.5
1782928200000,60125.8,60184.3,60068.5,60110.9
1782928500000,60111.3,60168.8,60084.4,60136.3
1782928800000,60137.5,60167.6,60065.9,60159.4
1782929100000,60156.8,60156.8,60002.4,60045.6
1782929400000,60049.6,60070.2,59936.6,60022.4
1782929700000,60013.8,60138.4,59960.7,60134.3
1782930000000,60127,60134.3,60030.1,60053.5
1782930300000,60077.8,60104.3,60042.7,60063.9
1782930600000,60063.7,60141.4,59997.2,60140.9
1782930900000,60106.2,60196.7,60106.2,60151.1
1782931200000,60152.2,60184.5,60104.5,60169.2
1782931500000,60137.9,60196.4,60058.8,60186.3
1782931800000,60186.8,60244,59996.9,60061.9
1782932100000,60070.3,60127.2,60039.7,60083.6
1782932400000,60103.6,60247.2,60078.7,60167.7
1782932700000,60168.2,60236,60140.8,60199.5
1782933000000,60199.4,60236.1,60169,60228.9
1782933300000,60227.4,60304.7,60164.7,60193.1
1782933600000,60224.3,60224.3,60143.5,60213
1782933900000,60202.7,60202.7,60025.7,60102.5
1782934200000,60104.4,60230.6,60074.3,60213.3
1782934500000,60209.1,60210.8,60119.9,60154.4
1782934800000,60157.6,60170,60076,60160.2
1782935100000,60125.5,60157,60038,60058.1
1782935400000,60058.6,60140.1,60027.6,60090.4
1782935700000,60056.7,60090.4,59919.7,59949.2
1782936000000,59981.7,60013.4,59845.4,59867.7
1782936300000,59872.9,59982.8,59829.7,59895.4
1782936600000,59898,59972.9,59840.2,59909.3
1782936900000,59944.8,59973.1,59788.1,59831.9
1782937200000,59827.8,59937.4,59807.8,59921.6
1782937500000,59913.8,59950.4,59882.8,59920.5
1782937800000,59895.5,60011.8,59884.2,59957.4
1782938100000,59956.8,59978.3,59882.4,59946.1
1782938400000,59945.9,60020.6,59941.2,59986.2
1782938700000,59988.6,60140.7,59954.1,60112.8
1782939000000,60087.7,60112.8,60033.8,60071.6
1782939300000,60072.9,60087.2,60041.4,60049.2
1782939600000,60049.3,60139.3,60045.4,60101.4
1782939900000,60139.3,60242.3,60117.1,60200
1782940200000,60200.2,60409.6,60160.7,60393.1
1782940500000,60392.8,60447.9,60245.2,60424.6
1782940800000,60452.5,60466.2,60318.9,60351.3
1782941100000,60347.1,60544.1,60291.1,60472.3
1782941400000,60472.8,60665.6,60443.3,60654.1
1782941700000,60654,60790.7,60592.6,60661.5
1782942000000,60628.2,60768,60578.1,60756.3
1782942300000,60758.9,60773.7,60696.7,60772.1
1782942600000,60736.2,60791.6,60712.2,60728.3
1782942900000,60729.9,60777.8,60700,60732.3
1782943200000,60763.3,60778.2,60695.5,60738.8
1782943500000,60764.9,60768,60720.4,60733.9
1782943800000,60734,60766.4,60731.7,60731.7
1782944100000,60731.6,60777.9,60722.3,60739.8
1782944400000,60739.9,61264.5,60739.9,60891.1
1782944700000,60891,60964.1,60467.5,60500
1782945000000,60490.5,60623.6,60390.5,60444.6
1782945300000,60414.7,60494.1,60367.1,60423.1
1782945600000,60423.3,60505.9,60366.1,60402.1
1782945900000,60402.5,60453.7,60329.3,60393.2
1782946200000,60365,60408.3,60266.9,60360.9
1782946500000,60392.4,60449.5,60327.3,60415.3
1782946800000,60385.7,60414.1,60212.7,60224
1782947100000,60224.6,60295.5,60222.3,60254.3
1782947400000,60254.1,60296.9,60153,60190
1782947700000,60194.5,60315.5,60160.7,60244.7
1782948000000,60244.9,60284.5,60112.2,60154.6
1782948300000,60156.6,60201.7,60118.4,60153.6
1782948600000,60154,60208.8,60121.3,60158.3
1782948900000,60160.1,60160.1,59961.1,60089
1782949200000,60097.3,60150,60025.6,60099.6
1782949500000,60103.5,60107.6,59928.7,59953.9
1782949800000,59954,60022.4,59896.5,59989.3
1782950100000,60017,60043.4,59929.5,59942.7
1782950400000,59971.6,59978.6,59812.3,59850
1782950700000,59855.9,59940.2,59818.1,59897.7
1782951000000,59874.4,59938.6,59844.7,59888.3
1782951300000,59892.1,59918.4,59676,59713.1
1782951600000,59713.2,59825.8,59658.8,59795.3
1782951900000,59799.1,59801.7,59692,59727.6
1782952200000,59731.7,59740.7,59596.9,59596.9
1782952500000,59597,59685.4,59561.4,59581.5
1782952800000,59583.2,59598.3,59503.2,59541.7
1782953100000,59540.9,59728.5,59540.9,59727.5
1782953400000,59694.6,59791.4,59653.2,59653.6
1782953700000,59653.7,59710.8,59605.8,59665.8
1782954000000,59666,59747,59640.5,59669.2
1782954300000,59691.9,59779.3,59644.7,59743.8
1782954600000,59767.8,59879.3,59690.3,59841
1782954900000,59841.2,59935.3,59757.1,59920.6
1782955200000,59895.7,59950.8,59797.7,59920.6
1782955500000,59914.1,59963.5,59881.1,59960.7
1782955800000,59965.4,60144.4,59942.4,60084.8
1782956100000,60085.7,60150.4,60040.7,60123.7
1782956400000,60139.4,60265,60100.1,60137.1
1782956700000,60133.6,60261.8,60093.8,60155.8
1782957000000,60155.2,60155.2,60004.2,60050.9
1782957300000,60058.9,60118.3,60025.5,60118.1
1782957600000,60115.5,60137.9,60040.8,60111.2
1782957900000,60117.4,60125.7,59992.7,60048.2
1782958200000,60046.5,60095.2,59941.8,60084.4
1782958500000,60088.3,60205.6,60057.4,60152.3
1782958800000,60117.7,60182.5,60064.8,60124
1782959100000,60128.5,60164.6,60088,60153.1
1782959400000,60155.2,60228,60104.9,60228
1782959700000,60216.3,60354,60195.2,60308
1782960000000,60303,60348.4,60274.7,60318.7
1782960300000,60347.5,60430.9,60300.1,60300.1
1782960600000,60323.8,60340.3,60249.8,60337.3
1782960900000,60336.2,60409.4,60307.4,60359.6
1782961200000,60365.9,60393.2,60319.1,60364.8
1782961500000,60365.2,60418.9,60336.5,60352.7
1782961800000,60360.4,60421.7,60330.3,60421.7
1782962100000,60427.6,60447.3,60274.3,60312.9
1782962400000,60311.9,60316.8,60230.5,60264.3
1782962700000,60264.1,60656.5,60264.1,60494.8
1782963000000,60493.3,60579,60394,60564.7
1782963300000,60560.8,60739,60504.1,60739
1782963600000,60733.7,60747.5,60649,60746.6
1782963900000,60746.5,60795.1,60649.5,60762.4
1782964200000,60762.3,60999.9,60762.3,60918
1782964500000,60919.7,61061.7,60887.4,60969.6
1782964800000,60993.5,60996.9,60827.8,60944.3
1782965100000,60939.8,60941.3,60781.7,60839.2
1782965400000,60837.1,60916.7,60816.4,60883.1
1782965700000,60882.7,60920.8,60810,60839
1782966000000,60844.9,60875.3,60763.2,60797.2
1782966300000,60802.4,60815.8,60734.9,60797.5
1782966600000,60791.5,60791.5,60676.8,60698.1
1782966900000,60690.8,60763.2,60653.8,60752.1
1782967200000,60752.8,60761.3,60649.8,60676.8
1782967500000,60710.8,60736.9,60667.1,60713.3
1782967800000,60681.6,60825.8,60681.1,60787.3
1782968100000,60793.8,60794.3,60694.9,60725.4
1782968400000,60722.1,60722.1,60566.2,60628.2
1782968700000,60632,60804.2,60607.4,60766.5
1782969000000,60766,60804.2,60710,60798.3
1782969300000,60791.4,60798.4,60702.5,60762.5
1782969600000,60794,60821,60733.1,60740
1782969900000,60737.7,60742.6,60647.6,60684.5
1782970200000,60684.3,60730,60649.2,60714.3
1782970500000,60720.7,60817.1,60546,60589.4
1782970800000,60550.7,60618.2,60495.4,60544.8
1782971100000,60512.8,60599.3,60407.3,60455.1
1782971400000,60432.8,60517.9,60389.2,60480
1782971700000,60478.2,60510.5,60411.6,60445.8
1782972000000,60415.5,60456.3,60352.3,60359.9
1782972300000,60360.3,60438,60332.1,60363.1
1782972600000,60371.4,60384.9,60314.9,60339.6
1782972900000,60343.8,60409.2,60324.7,60362.5
1782973200000,60369,60498.8,60337.1,60349
1782973500000,60348.9,60444.6,60348.7,60409.6
1782973800000,60412.1,60591.1,60386.4,60561.8
1782974100000,60556.6,60558.8,60444.8,60506.7
1782974400000,60485.7,60520,60439.6,60465.9
1782974700000,60470.4,60472.4,60208.4,60250.2
1782975000000,60248.4,60258.4,60167.2,60249.3
1782975300000,60250.9,60256.1,60167.9,60175.3
1782975600000,60175,60226.7,60148.7,60170.4
1782975900000,60171.3,60213.9,60118.1,60207.7
1782976200000,60207.7,60230.8,60118.4,60138.6
1782976500000,60138.8,60201,60086.6,60101.5
1782976800000,60127.1,60165.2,60066.2,60151.5
1782977100000,60146.4,60150.8,60064.1,60094.8
1782977400000,60094.6,60147.7,60018,60101.8
1782977700000,60099.7,60104.1,60023.6,60059.8
1782978000000,60054.9,60111.1,60025.6,60036.2
1782978300000,60036.4,60133.9,60003.1,60089
1782978600000,60113.8,60154.6,60039.1,60039.5
1782978900000,60039.4,60105.8,60010.3,60073.8
1782979200000,60069,60146,60030.1,60088.9
1782979500000,60089.3,60284.9,60089.3,60261.7
1782979800000,60264.3,60264.8,60166.3,60242.3
1782980100000,60244.7,60318.1,60220.9,60313.4
1782980400000,60313.3,60313.3,60241.8,60282.9
1782980700000,60286.3,60334.8,60254.1,60290.3
1782981000000,60289.5,60390.3,60243.1,60390.3
1782981300000,60390.1,60437.6,60340.9,60401.8
1782981600000,60376.3,60398.8,60323.2,60379.6
1782981900000,60374.1,60487.2,60332.7,60426.7
1782982200000,60431.6,60464.8,60403.8,60458.1
1782982500000,60461,60463.9,60405.1,60445.9
1782982800000,60443,60458.8,60350.4,60413.8
1782983100000,60411.6,60411.6,60285.5,60329.8
1782983400000,60330,60445.4,60304,60401.5
1782983700000,60404.3,60417.7,60334.2,60384.8
1782984000000,60381.9,60525.5,60369.5,60514.1
1782984300000,60511.4,60562,60426.2,60532.8
1782984600000,60539.3,60739,60520.6,60626.8
1782984900000,60614.8,60872.1,60593.2,60862
1782985200000,60835.3,61133.2,60789.9,61011.4
1782985500000,61003.2,61007.8,60771.7,60983.8
1782985800000,60978.3,61303.8,60915.4,61227.5
1782986100000,61201.9,61350.7,61076.1,61104
1782986400000,61097.3,61115.8,60990.5,61028.2
1782986700000,60993.9,61081.7,60959.8,60984.8
1782987000000,60980.3,61168.8,60938.2,61153.1
1782987300000,61157.8,61223,60991,61080.2
1782987600000,61084.8,61159.4,61003.3,61141.8
1782987900000,61140.8,61176.4,61059.6,61145.2
1782988200000,61147.1,61221.5,61124.4,61209.9
1782988500000,61209.2,61230.9,61131.4,61222.6
1782988800000,61220.9,61280.3,61104.6,61133.9
1782989100000,61146.6,61222.6,61050.4,61203.6
1782989400000,61205,61268,61158.8,61240.8
1782989700000,61240.3,61243.8,61145.8,61190.8
1782990000000,61192,61207.2,61116.2,61183.8
1782990300000,61182.6,61277.2,61169.4,61262.8
1782990600000,61257.4,61294.5,61180.4,61211.9
1782990900000,61210.8,61227.1,61156.2,61191
1782991200000,61216.8,61286.8,61164.4,61244.8
1782991500000,61242.3,61272.4,61187.6,61226.5
1782991800000,61225,61289.8,61166.5,61202.8
1782992100000,61197,61275.8,61155.9,61226
1782992400000,61227.5,61264.4,61179.5,61239.8
1782992700000,61240.8,61251.8,61177.4,61217.3
1782993000000,61217.2,61227.8,61168.5,61202.4
1782993300000,61202.7,61313.5,61029.9,61296.8
1782993600000,61291.8,61291.8,61191.7,61239.7
1782993900000,61246.8,61296.4,61210,61251.9
1782994200000,61255.4,61301.3,61217,61288.4
1782994500000,61293.9,61349.1,61063.1,61124.4
1782994800000,61120.7,61214.4,61077.3,61137.9
1782995100000,61142.2,61293.6,61107.5,61272
1782995400000,61267.1,61508.1,61105.1,61254.1
1782995700000,61263.4,61420.1,61228.3,61353.3
1782996000000,61328.3,61349.1,61220.3,61311
1782996300000,61315.2,61453.7,61276.7,61428.5
1782996600000,61423.8,61542.3,61380.2,61542.3
1782996900000,61539.2,61542.3,61413.5,61469.8
1782997200000,61458.3,61548.5,61419,61527.4
1782997500000,61526.7,61605.9,61474.5,61561.6
1782997800000,61560.3,61661.8,61518.9,61593.8
1782998100000,61620.8,61734.5,61587.5,61726.7
1782998400000,61727.9,61850.1,61670.2,61817.4
1782998700000,61798.5,61913.5,61555.3,61595.4
1782999000000,61594.3,61921.6,61435.8,61910.1
1782999300000,61885.1,61985,61750.8,61870.8
1782999600000,61874.7,61970.4,61758,61907.3
1782999900000,61907.3,61966.2,61763.1,61887.5
1783000200000,61883.7,61894.9,61718.6,61814.8
1783000500000,61809,61896.8,61720,61872.8
1783000800000,61881.1,62036.6,61760.5,61823.9
1783001100000,61822.4,61946,61776.1,61819.7
1783001400000,61817,62133.3,61768,61994.5
1783001700000,62026.2,62136.5,61729.6,61802.7
1783002000000,61794.8,61797.4,61596.7,61643.3
1783002300000,61644.5,61715.6,61497.9,61614.6
1783002600000,61609.9,61745.2,61514.2,61521.4
1783002900000,61518.6,61676,61418.5,61522.3
1783003200000,61519.4,61538.1,61315.7,61368.2
1783003500000,61370.8,61623.3,61351.7,61583.7
1783003800000,61580.4,61695.1,61469.6,61498.5
1783004100000,61473.8,61638.8,61450.8,61638.8
1783004400000,61638.8,61674.8,61514.2,61534.5
1783004700000,61540.4,61574.1,61341.6,61476.8
1783005000000,61476.7,61571.2,61434.4,61524.4
1783005300000,61528.8,61592.3,61412.2,61447
1783005600000,61444.5,61655.6,61432.6,61645.1
1783005900000,61621.7,61774.5,61603.1,61648.2
1783006200000,61657.9,61722.2,61612.4,61689.9
1783006500000,61693.8,61769,61481.5,61606.1
1783006800000,61608.6,61689.5,61574.5,61624.2
1783007100000,61638.9,61688.2,61509,61540.7
1783007400000,61551.8,61553.6,61447.6,61547.6
1783007700000,61551.9,61572,61482.6,61543.3
1783008000000,61556,61603.2,61426.7,61544.4
1783008300000,61549.2,61605.8,61517.2,61551.1
1783008600000,61549.5,61690.9,61531.6,61633
1783008900000,61629.8,61632.2,61404.8,61419.8
1783009200000,61429,61447.3,61359.1,61423.1
1783009500000,61429.3,61461,61067.3,61135
1783009800000,61114,61265.5,61114,61208.6
1783010100000,61205.1,61298.5,61189.3,61287.2
1783010400000,61289.8,61389.9,61258.6,61374
1783010700000,61363,61724.3,61349.2,61694.5
1783011000000,61713.1,61713.1,61573.6,61626.4
1783011300000,61624.4,61632.5,61535.9,61623.6
1783011600000,61621.8,61645.5,61547.4,61638.3
1783011900000,61630.9,61767.8,61565.4,61674.9
1783012200000,61671.5,61739.2,61612.8,61728.1
1783012500000,61723.5,61776.6,61674,61774.9
1783012800000,61786.4,61878.3,61755,61809.9
1783013100000,61786.2,61845.8,61757.6,61819
1783013400000,61818.3,61818.3,61694.2,61711
1783013700000,61706.4,61710.1,61571,61660.3
1783014000000,61662.8,61772.5,61630.6,61723.9
1783014300000,61724.3,61752.3,61576,61617.3
1783014600000,61616.3,61690.6,61575.9,61644.3
1783014900000,61662.9,61662.9,61579.6,61612.5
1783015200000,61590.6,61689.2,61585.5,61684.2
1783015500000,61687,61774.4,61659.3,61771.9
1783015800000,61747.8,61800.3,61707.4,61770.6
1783016100000,61768.8,61769.5,61660.5,61737.3
1783016400000,61737.4,61769.4,61707.8,61744.1
1783016700000,61744.7,61809.7,61699.9,61804.7
1783017000000,61778.7,61805.2,61702.3,61754.3
1783017300000,61751.4,61754.1,61694.9,61737
1783017600000,61741.2,61743.2,61697.3,61709.7
1783017900000,61708.4,61814.2,61674.3,61774.9
1783018200000,61772,61777.8,61704.9,61730.9
1783018500000,61726.6,61728.7,61616.9,61699.5
1783018800000,61706.8,61706.8,61617.8,61617.8
1783019100000,61639,61647.3,61568.1,61583
1783019400000,61578.8,61612,61521.8,61599.6
1783019700000,61601.4,61603.9,61454.7,61492.7
1783020000000,61474.6,61498.6,61445.4,61485.7
1783020300000,61468.4,61566.4,61467.7,61552.7
1783020600000,61562.4,61589.9,61510.4,61547.4
1783020900000,61554.5,61576.3,61436.7,61494.5
1783021200000,61500.4,61539.4,61476.9,61518.3
1783021500000,61516.7,61545.5,61454.5,61478.4
1783021800000,61479.3,61634,61478.4,61617.9
1783022100000,61613.7,61613.7,61352,61403
1783022400000,61419.9,61458.5,61323.6,61399.9
1783022700000,61404.6,61481.5,61346.8,61440.4
1783023000000,61451.8,61451.8,61355,61365.8
1783023300000,61370.5,61451.3,61353.5,61369.9
1783023600000,61366.7,61381.4,61324,61352.1
1783023900000,61346.2,61367.9,61320.3,61329.1
1783024200000,61329,61348.7,61300,61337.2
1783024500000,61337,61371.8,61253.6,61282.9
1783024800000,61286.7,61332.4,61275.5,61295.1
1783025100000,61303.4,61415.2,61281.5,61379.1
1783025400000,61408.2,61428.7,61328.3,61363.9
1783025700000,61368.5,61532,61335.4,61516.7
1783026000000,61521.2,61595.3,61458.1,61458.1
1783026300000,61480,61495.5,61452.2,61473.1
1783026600000,61466.3,61491.1,61438,61453.8
1783026900000,61455.8,61485.6,61445.2,61473.3
1783027200000,61451.4,61478.5,61440.8,61473.8
1783027500000,61445.3,61476.1,61444.6,61469.7
1783027800000,61444.2,61475.6,61434.3,61459.8
1783028100000,61468.1,61498.6,61440.1,61476.3
1783028400000,61458.6,61477,61427.8,61427.8
1783028700000,61452.2,61457.6,61426,61447.3
1783029000000,61446,61553.1,61436.9,61483.8
1783029300000,61481.8,61528.4,61454.5,61495.6
1783029600000,61495.6,61529.5,61434.2,61453.5
1783029900000,61456.9,61494.2,61433.8,61458.4
1783030200000,61455.4,61472.5,61434.4,61459.7
1783030500000,61434.6,61497.6,61433.5,61489
1783030800000,61483.9,61483.9,61432.1,61451.9
1783031100000,61451.8,61466.7,61434.4,61453.5
1783031400000,61446.5,61459.2,61424.6,61429
1783031700000,61428.7,61475.9,61427.4,61457.6
1783032000000,61451,61460.2,61425.9,61430.3
1783032300000,61430.5,61458,61421.8,61441.9
1783032600000,61442,61474.8,61305.1,61444.6
1783032900000,61444.8,61486.3,61381.5,61391.8
1783033200000,61386.4,61386.4,61265,61293.9
1783033500000,61299.6,61307.4,61261,61278.2
1783033800000,61284.1,61340.8,61257.4,61258.8
1783034100000,61282.6,61382.4,61258.8,61366.8
1783034400000,61369.8,61420.6,61335.2,61381.8
1783034700000,61389.3,61472.9,61367.5,61438.8
1783035000000,61410.6,61539.6,61410.6,61523.8
1783035300000,61516.1,61516.8,61398.6,61414.8
1783035600000,61410.8,61424.3,61347,61380.8
1783035900000,61397,61491.9,61397,61488.4
1783036200000,61479.9,61534.8,61462.5,61513.2
1783036500000,61517,61520.9,61459.3,61459.5
1783036800000,61458.9,61507.9,61337.4,61424.4
1783037100000,61420.4,61420.4,61313.3,61330.5
1783037400000,61311.4,61393.9,61291,61314.8
1783037700000,61314.7,61384.2,61278,61344.9
1783038000000,61348.7,61389.4,61265.6,61290.4
1783038300000,61287.8,61307.8,61202.3,61219.8
1783038600000,61188.7,61279.8,61160.7,61178.4
1783038900000,61158.2,61300.3,61152.4,61257.9
1783039200000,61260.4,61297.2,61210.1,61265.7
1783039500000,61270,61342.4,61213.2,61313.2
1783039800000,61309.5,61333,61232,61272
1783040100000,61277.9,61295,61209.9,61237.8
1783040400000,61216.7,61362.6,61197.2,61348.7
1783040700000,61356.8,61474.1,61317.5,61458.2
1783041000000,61463.7,61655.4,61393.6,61567.8
1783041300000,61554.6,61587.8,61406.3,61440.8
1783041600000,61436.9,61542.7,61436.9,61530.2
1783041900000,61535.2,61567.4,61450.7,61500.8
1783042200000,61497.8,61565.1,61416,61565.1
1783042500000,61570.1,61655.8,61537.6,61648.9
1783042800000,61648.8,61661.8,61563.9,61593.9
1783043100000,61568.4,61604.6,61519.6,61576.9
1783043400000,61571.8,61601.5,61508.5,61562.1
1783043700000,61566,61579.2,61485.1,61509
1783044000000,61517.8,61550.8,61453.9,61518.7
1783044300000,61521.5,61596.2,61445.4,61588.8
1783044600000,61584.1,61585.8,61415.2,61428
1783044900000,61453.2,61490.5,61420.3,61462.3
1783045200000,61434.2,61519.5,61434.2,61476.9
1783045500000,61480.1,61489.8,61302.7,61335.8
1783045800000,61330.7,61337.3,61190.9,61328.3
1783046100000,61321.9,61394.2,61247.5,61297.9
1783046400000,61271.6,61335.8,61230.6,61294.3
1783046700000,61293.5,61314.5,61207.1,61277.9
1783047000000,61278,61374.9,61278,61359.8
1783047300000,61361.1,61394.4,61294.2,61360.8
1783047600000,61351.5,61388.6,61275.5,61372.5
1783047900000,61369.4,61372.8,61247.7,61319.9
1783048200000,61304,61312.8,61221.3,61261
1783048500000,61261.1,61365.4,61244.3,61365.4
1783048800000,61359.9,61510.5,61338.6,61485.7
1783049100000,61485.1,61507.8,61438.3,61470
1783049400000,61455.5,61476.4,61432.6,61461.8
1783049700000,61460.6,61466.3,61407.1,61410.2
1783050000000,61404.4,61415.8,61284.1,61294.3
1783050300000,61294.5,61342.6,61271,61331.3
1783050600000,61329.9,61329.9,61255.4,61255.8
1783050900000,61255.2,61390.8,61255.2,61360.6
1783051200000,61349.8,61396.4,61328.1,61370.2
1783051500000,61367.9,61374.5,61245.8,61296.6
1783051800000,61296.6,61365.4,61240.2,61326.3
1783052100000,61358.5,61358.5,61254.9,61317.2
1783052400000,61319.3,61363.2,61286.9,61351
1783052700000,61354.8,61370.2,61304.6,61368.7
1783053000000,61370.2,61414.2,61317,61342.4
1783053300000,61330.5,61443.3,61329.5,61434.4
1783053600000,61435.9,61456.7,61385.6,61434.4
1783053900000,61432.3,61443.5,61312.9,61312.9
1783054200000,61338.8,61368.8,61285.1,61336.3
1783054500000,61308.9,61444.5,61302.9,61348.5
1783054800000,61365.4,61470.7,61342.5,61470.1
1783055100000,61464.4,61491,61426.7,61475
1783055400000,61475.3,61492.1,61434.4,61466.2
1783055700000,61439,61579.4,61427.2,61568
1783056000000,61564.9,61568,61498,61540
1783056300000,61559.1,61615.9,61510.9,61558.8
1783056600000,61559.3,61691.6,61531,61656.8
1783056900000,61653.6,61735.2,61605.7,61644.3
1783057200000,61648.9,61650.4,61562.6,61626.6
1783057500000,61622,61659.1,61558.7,61659.1
1783057800000,61666.9,61676.2,61610.2,61667.1
1783058100000,61662.6,61683.4,61603.1,61631.1
1783058400000,61612.1,61777.1,61600.2,61763.8
1783058700000,61756.8,61781.4,61682.1,61720.5
1783059000000,61739.3,61750.7,61627.5,61661.6
1783059300000,61662.7,61744.3,61632.3,61667.6
1783059600000,61671.3,61674.8,61601.9,61666.4
1783059900000,61661.4,61661.4,61622.4,61625.4
1783060200000,61625.5,61717.3,61615.7,61615.7
1783060500000,61645.4,61663.1,61524.3,61561.1
1783060800000,61562.3,61617.9,61539.3,61579.1
1783061100000,61579.5,61624.9,61557.8,61604.4
1783061400000,61601.8,61708.1,61567.8,61672.1
1783061700000,61689.7,61691.2,61616.8,61642.4
1783062000000,61637.1,61677.3,61580.8,61601.8
1783062300000,61598.2,61714.7,61568.6,61657.9
1783062600000,61663.2,61663.2,61601.3,61632.8
1783062900000,61635,61684.6,61605.2,61677
1783063200000,61678.3,61700.4,61640.9,61693.4
1783063500000,61680.4,61698.8,61634,61695.4
1783063800000,61673.8,61740,61657.9,61697.3
1783064100000,61701.5,61773.8,61655.9,61694.8
1783064400000,61696.1,61760.8,61686.4,61749.4
1783064700000,61748.2,61803,61719.6,61761.5
1783065000000,61758.3,61774,61700.4,61726.7
1783065300000,61725.4,61725.7,61659.2,61659.4
1783065600000,61659.7,61768.1,61652.5,61676.7
1783065900000,61681.1,61726.9,61654.4,61695.4
1783066200000,61691.8,61707.8,61651.1,61681.5
1783066500000,61683.5,61731.9,61655.7,61677.8
1783066800000,61654.8,61679.6,61636.5,61669
1783067100000,61677.1,61762.6,61655.5,61710.8
1783067400000,61704.6,61714.5,61633.3,61687.1
1783067700000,61691,61720.4,61657.2,61684.5
1783068000000,61657,61837.8,61638,61798.4
1783068300000,61788.3,61798.2,61648.1,61678.8
1783068600000,61665.4,61677.8,61496,61526.8
1783068900000,61525.8,61549,61462.1,61514.1
1783069200000,61518.8,61567.8,61422.7,61523.4
1783069500000,61525.7,61589.2,61498,61544.8
1783069800000,61552.8,61640.3,61516.9,61633.9
1783070100000,61609.2,61671.3,61556,61591.1
1783070400000,61595.3,61652.2,61574.3,61606.3
1783070700000,61606,61632.9,61558,61593.5
1783071000000,61614.7,61622.8,61524.2,61524.4
1783071300000,61552.4,61573.8,61464.3,61518.4
1783071600000,61519.8,61593.9,61490.8,61591
1783071900000,61595.9,61716.3,61571.7,61679.4
1783072200000,61681.3,61690,61619.7,61652.3
1783072500000,61646.7,61681.2,61627.5,61649.8
1783072800000,61646.5,61703.2,61598.1,61658.7
1783073100000,61664.2,61667.2,61592.1,61602.8
1783073400000,61609.8,61701.2,61596.4,61663.1
1783073700000,61668.2,61668.2,61584.8,61617.2
1783074000000,61613.7,61705.4,61581.4,61662.9
1783074300000,61641.3,61694.4,61635,61680.2
1783074600000,61677,61728.6,61641,61689.5
1783074900000,61689.3,61801.9,61674.4,61763.1
1783075200000,61757.8,61977.8,61724.9,61921.9
1783075500000,61930.8,61964.7,61793.1,61907.3
1783075800000,61903.7,61930.9,61849.4,61879.3
1783076100000,61904.9,61904.9,61824.1,61851.8
1783076400000,61856,61915.8,61750.7,61894.9
1783076700000,61899.3,61949.3,61874.8,61949.3
1783077000000,61960.6,62001.3,61851,61956.9
1783077300000,61958.2,62001.2,61866.3,61889
1783077600000,61899.8,62008,61868.7,61991
1783077900000,61965.2,61989.4,61849.1,61891.6
1783078200000,61919.5,61962.8,61871.6,61911.8
1783078500000,61907.6,61910.8,61811.7,61829
1783078800000,61828.1,61829.7,61790.8,61826.4
1783079100000,61829.5,61977.4,61807.9,61969.4
1783079400000,61964.5,62035.7,61910.7,61935.6
1783079700000,61964.3,61976.2,61919.3,61960.8
1783080000000,61954.2,62086.2,61923.2,62071.8
1783080300000,62076.4,62105.6,62000.2,62026.2
1783080600000,62007.8,62098.9,61995.5,62084.7
1783080900000,62076.3,62086.5,61861.5,61897.9
1783081200000,61900,61939.2,61867.6,61911.1
1783081500000,61905.7,61911.4,61825.8,61890.9
1783081800000,61892.4,61903.4,61837.3,61883.6
1783082100000,61857.6,61880,61779.1,61834.5
1783082400000,61838.6,61907.5,61829.2,61861.3
1783082700000,61864.8,61910,61855.5,61875.6
1783083000000,61874.1,61940.2,61853.8,61907.6
1783083300000,61903.2,61915.2,61864,61914.2
1783083600000,61892.4,61975.1,61888.7,61913.3
1783083900000,61939.1,61958.9,61853.7,61911.5
1783084200000,61935.3,62005.7,61915.3,61988.3
1783084500000,61991,62036.2,61933.1,61933.1
1783084800000,61949.8,62014.8,61933.6,61974.6
1783085100000,61973.6,62057.8,61915.6,62030.7
1783085400000,62029.5,62044,61962.5,61967.8
1783085700000,61995.1,62002.8,61934.5,61976.2
1783086000000,61975.7,62126.6,61953.4,62088.8
1783086300000,62091.4,62103.7,61975.7,62011.3
1783086600000,62007.7,62212,61990.2,62073.7
1783086900000,62073.6,62096.3,62006.6,62048.2
1783087200000,62042.7,62042.7,61858.7,61945.9
1783087500000,61949.3,61961.9,61884.7,61933.5
1783087800000,61937.5,61939.3,61622.1,61683.8
1783088100000,61682.6,61815.5,61652.5,61719.7
1783088400000,61745.3,61846.3,61670.9,61779.5
1783088700000,61802.6,61874.7,61787.7,61861.9
1783089000000,61861.2,61894.8,61763.5,61807.9
1783089300000,61786.8,61879.6,61783.5,61833.5
1783089600000,61828.7,62007.3,61816.1,62001.7
1783089900000,61996.6,62051.1,61958.9,62026.7
1783090200000,62023.4,62214.5,61999.2,62197.8
1783090500000,62200.9,62200.9,62076.9,62109.6
1783090800000,62112.2,62176,62085.3,62116.5
1783091100000,62124.9,62344.3,62101.6,62271.4
1783091400000,62273.2,62284.8,62104.1,62128.8
1783091700000,62124,62158.3,61979.5,62097.7
1783092000000,62091.2,62101.8,61921.4,61972.2
1783092300000,61973.7,61983.6,61910.8,61948.2
1783092600000,61923.2,62051.4,61915.9,61964.1
1783092900000,61965.6,61997.5,61890.6,61912.8
1783093200000,61907.8,61914,61740.1,61783.1
1783093500000,61786.9,61857,61755.3,61792.2
1783093800000,61793.2,61915.1,61744.7,61902.7
1783094100000,61901.2,61902.9,61833,61867.9
1783094400000,61873.4,61908.7,61839.1,61905.8
1783094700000,61882.7,61937.3,61865.9,61910.1
1783095000000,61912.3,61936.7,61838.9,61875.2
1783095300000,61877.7,61928.8,61852,61917.3
1783095600000,61922.8,62056.4,61910.4,62038.1
1783095900000,62039.6,62052.3,61956.1,62015.1
1783096200000,62020.2,62075.2,61926.3,61985.8
1783096500000,61987.3,62039.5,61968,61994.4
1783096800000,61990,62025.7,61966.6,61998.5
1783097100000,62002.6,62008.2,61955.7,61982.7
1783097400000,61978.3,62039.8,61943,62015.4
1783097700000,62017.4,62074.7,61983.9,62056.1
1783098000000,62052.6,62119.8,62007.5,62087.8
1783098300000,62106.3,62234.2,62072.4,62218
1783098600000,62196.3,62235.5,62119.6,62137.9
1783098900000,62143.4,62164.1,62113.1,62162.8
1783099200000,62164.3,62194.2,62082,62090.5
1783099500000,62087.4,62142.7,62044.9,62132
1783099800000,62128,62142.9,62087.9,62113.8
1783100100000,62113.9,62197,62113.9,62169.8
1783100400000,62165.3,62221.4,62125.3,62168.3
1783100700000,62170.4,62196.7,62120.1,62149.7
1783101000000,62126.4,62161.3,62093,62143.7
1783101300000,62139.9,62166.6,62094.5,62114.1
1783101600000,62146.3,62156.3,62072.9,62105.3
1783101900000,62106.8,62106.8,62045.9,62054.7
1783102200000,62084.5,62119.6,62054.2,62107.8
1783102500000,62089.9,62150.5,62072.1,62103.5
1783102800000,62105,62114.4,62065.3,62103.7
1783103100000,62071.9,62125.9,62062.8,62093.1
1783103400000,62093,62170.5,62093,62146.8
1783103700000,62151.2,62179.1,62117.4,62158
1783104000000,62160.1,62189.5,62134.3,62172.8
1783104300000,62140.1,62179.9,62117.6,62129.4
1783104600000,62155.1,62174.8,62129.9,62155.9
1783104900000,62151.3,62199.1,62131.8,62152.2
1783105200000,62151.7,62204.7,62126.7,62151.7
1783105500000,62127,62153.8,62082.3,62134.7
1783105800000,62136.5,62165.4,62084.4,62130.1
1783106100000,62132.7,62244.7,62112.2,62187.3
1783106400000,62187.6,62217.2,62135.1,62164.7
1783106700000,62166.5,62182.1,62113.2,62167.5
1783107000000,62169,62200.8,62094.4,62160.1
1783107300000,62160.6,62260.4,62115.9,62188.5
1783107600000,62213.5,62221.2,62157.4,62176.9
1783107900000,62166.5,62196.8,62129.8,62188.4
1783108200000,62189.5,62207.5,62158.7,62176
1783108500000,62160.2,62187.2,62126.1,62154.2
1783108800000,62158.8,62172,62114.9,62161
1783109100000,62157.8,62440.9,62121.1,62351.7
1783109400000,62350.9,62391.3,62303.1,62382.5
1783109700000,62387.5,62569.1,62313.8,62554.4
1783110000000,62550.3,62596.1,62453,62537.7
1783110300000,62559.7,62627.4,62530.5,62557.9
1783110600000,62562.1,62630.3,62521.8,62603.5
1783110900000,62631.8,62848.3,62582.6,62619.3
1783111200000,62601.2,62673.2,62542.6,62647
1783111500000,62644,62803,62600.5,62750.9
1783111800000,62745.5,62774,62695,62727.6
1783112100000,62743.7,62744.3,62635,62720.7
1783112400000,62719.7,62779.9,62681.2,62744.2
1783112700000,62741.6,62748.2,62665.8,62717.7
1783113000000,62714,62896.3,62687.8,62690
1783113300000,62693.2,62740.7,62566.4,62566.4
1783113600000,62579.4,62646.3,62578.7,62593.3
1783113900000,62594.9,62626.1,62551,62567.8
1783114200000,62566.5,62574.9,62477.2,62490
1783114500000,62491.3,62537.7,62473.4,62478.3
1783114800000,62490.4,62572.2,62455.1,62544.3
1783115100000,62545.2,62646.3,62545.1,62609.1
1783115400000,62618.5,62765.7,62594.6,62726.1
1783115700000,62739.7,62754.2,62668.4,62668.4
1783116000000,62604.3,62681.6,62598.2,62604.9
1783116300000,62604.7,62604.7,62523.1,62564
1783116600000,62562.5,62579.1,62547.7,62565.1
1783116900000,62570,62610.5,62557.4,62604.9
1783117200000,62541.8,62624.1,62537.2,62606.5
1783117500000,62607.4,62651.3,62571.1,62571.1
1783117800000,62574.3,62574.3,62472.4,62530.7
1783118100000,62533.4,62567.3,62515.9,62518.1
1783118400000,62515.1,62559.3,62496.6,62559.3
1783118700000,62565.6,62608.9,62517.5,62522.8
1783119000000,62526.6,62545.3,62464.7,62530.7
1783119300000,62532.2,62539.7,62512.6,62512.6
1783119600000,62513.7,62541.5,62506.6,62506.6
1783119900000,62511.1,62513,62473.8,62486.3
1783120200000,62490.3,62511.8,62429,62503.2
1783120500000,62498.8,62589.4,62495,62563.8
1783120800000,62564.8,62623.1,62524.1,62571.5
1783121100000,62571.4,62578.4,62512.6,62566.8
1783121400000,62570.8,62618.9,62570.8,62606.4
1783121700000,62604.6,62636.8,62602.4,62629.6
1783122000000,62631.4,62646.6,62611.1,62622.5
1783122300000,62622.8,62626.6,62507.3,62507.3
1783122600000,62497.9,62544.8,62489.2,62543.1
1783122900000,62542.8,62561.4,62521.9,62523.4
1783123200000,62524.8,62554.2,62522.3,62537.2
1783123500000,62536,62886.5,62534,62872.3
1783123800000,62876.8,62891.3,62748.6,62766.5
1783124100000,62766.2,62794.1,62744.3,62784.6
1783124400000,62782.3,62782.3,62699.1,62700
1783124700000,62700.9,62728.1,62624.1,62705.9
1783125000000,62711.1,62752.3,62696.6,62718.9
1783125300000,62710.3,62710.3,62638.2,62638.2
1783125600000,62639.6,62690.9,62629,62658.5
1783125900000,62657.7,62759.8,62649.5,62717
1783126200000,62713.1,62724.9,62673.1,62684.4
1783126500000,62684.3,62721.3,62680.4,62699.1
1783126800000,62696.9,62696.9,62475.1,62506.1
1783127100000,62509.5,62533.2,62441.8,62446
1783127400000,62442.3,62492.8,62418.9,62457
1783127700000,62456.4,62539.7,62430.2,62499.9
1783128000000,62500.9,62509,62420,62420
1783128300000,62416,62437.8,62349.5,62437.8
1783128600000,62441.7,62488.6,62422.4,62422.4
1783128900000,62419.6,62458.6,62397.4,62427.5
1783129200000,62422.5,62422.5,62373.2,62390.6
1783129500000,62392.6,62417.2,62363.8,62367.2
1783129800000,62370.5,62440.3,62367.9,62421
1783130100000,62422.5,62452.2,62413.3,62413.3
1783130400000,62413.4,62469.4,62413.4,62430.5
1783130700000,62435.7,62498.2,62433.3,62475.8
1783131000000,62482.6,62512,62468,62468
1783131300000,62467.1,62468.4,62408.1,62421.5
1783131600000,62423.4,62437.1,62396.8,62434.6
1783131900000,62435.8,62435.8,62407.8,62431.4
1783132200000,62433.1,62449,62372.1,62372.1
1783132500000,62372.5,62443.9,62372.5,62392.1
1783132800000,62396.2,62442.8,62396.2,62442
1783133100000,62445.5,62468.9,62416.9,62432.5
1783133400000,62437.7,62522.4,62432.7,62499.4
1783133700000,62495.6,62499.1,62478.8,62485.6
1783134000000,62484.1,62527.9,62469.5,62473.2
1783134300000,62466.2,62466.2,62428.3,62452.6
1783134600000,62455.8,62518.1,62410,62505.1
1783134900000,62505.6,62532.1,62498.5,62498.5
1783135200000,62495,62512,62487.9,62503.3
1783135500000,62502,62515.9,62491.5,62514.9
1783135800000,62510.7,62624.2,62458.2,62603.4
1783136100000,62603.1,62693.6,62587.3,62653.3
1783136400000,62658.8,62674.4,62624,62650.8
1783136700000,62650.6,62663.6,62621.7,62640
1783137000000,62645,62647.1,62570.5,62570.5
1783137300000,62571.2,62590,62563.8,62571
1783137600000,62574.3,62590.2,62537.8,62562.4
1783137900000,62561.5,62634.1,62561.5,62614.9
1783138200000,62619.3,62653.9,62595.4,62595.7
1783138500000,62591.6,62591.6,62537.9,62541.6
1783138800000,62539.7,62648.8,62536.5,62633.3
1783139100000,62637.3,62669.6,62538.9,62608.7
1783139400000,62605.4,62696.4,62603.3,62630.8
1783139700000,62630.3,62674.7,62614.3,62627.2
1783140000000,62622.1,62637.4,62606.6,62632.9
1783140300000,62637.2,62666.5,62637.2,62646.6
1783140600000,62646.3,62686.5,62614.9,62632.3
1783140900000,62630.1,62649.4,62532.2,62632.4
1783141200000,62630.8,62630.8,62545.1,62563.4
1783141500000,62557.1,62560.3,62521.4,62521.4
1783141800000,62520.2,62535.6,62516.9,62521.9
1783142100000,62523.4,62523.8,62477.8,62481.3
1783142400000,62477.1,62477.1,62415.7,62415.7
1783142700000,62419.4,62485.3,62394.8,62462.2
1783143000000,62464.6,62481.2,62451.4,62451.4
1783143300000,62451.2,62476.7,62389.3,62464.6
1783143600000,62463.9,62515.5,62463.9,62506.4
1783143900000,62508.8,62544.3,62497.2,62506.4
1783144200000,62515.3,62515.9,62402.8,62423.1
1783144500000,62423.8,62425.4,62378,62412.2
1783144800000,62416.1,62441.3,62410.6,62433.8
1783145100000,62436.3,62508.2,62419.9,62429.4
1783145400000,62434,62435.8,62374.9,62376.1
1783145700000,62376.5,62400.3,62375.4,62393
1783146000000,62387.4,62387.4,62281.9,62294.8
1783146300000,62294.4,62388.9,62278.7,62369.8
1783146600000,62376.5,62473.4,62376.1,62403.7
1783146900000,62404.6,62422.9,62386.8,62422.9
1783147200000,62417.8,62439,62397.6,62402.5
1783147500000,62403.8,62467.9,62403.8,62453.1
1783147800000,62448.8,62476.3,62433.1,62463
1783148100000,62464,62464,62376.9,62441.7
1783148400000,62437.6,62451.8,62415.9,62430.5
1783148700000,62424.9,62445.3,62408,62444.9
1783149000000,62445.3,62501.8,62428,62492.9
1783149300000,62489.4,62503.5,62463.5,62502.8
1783149600000,62498.5,62579,62487.8,62551.4
1783149900000,62550.4,62550.4,62430.6,62485.9
1783150200000,62486.3,62510.4,62438.9,62438.9
1783150500000,62440.7,62458.5,62422.6,62435.7
1783150800000,62437.4,62476.1,62430.8,62446.2
1783151100000,62441,62537.1,62433.3,62518.8
1783151400000,62530,62537.7,62511.7,62519.1
1783151700000,62501.8,62541,62450.7,62511.7
1783152000000,62512.2,62528.7,62467.7,62476.9
1783152300000,62473.5,62502.2,62470.2,62479.6
1783152600000,62484.4,62495.9,62452.5,62492.8
1783152900000,62492.4,62500.4,62455.5,62500.4
1783153200000,62500.6,62527.6,62499.9,62515
1783153500000,62511.4,62523.9,62491.9,62491.9
1783153800000,62489.3,62540.7,62488.4,62538.9
1783154100000,62534.8,62617.4,62514.4,62578.5
1783154400000,62574.5,62589.3,62517.2,62540.6
1783154700000,62545,62607,62542.4,62574.2
1783155000000,62579.2,62592.4,62559,62562.6
1783155300000,62556.8,62561.2,62497.2,62497.2
1783155600000,62498.4,62532.6,62407.5,62411.7
1783155900000,62419.8,62502,62393.7,62443.4
1783156200000,62446.3,62501.7,62446.3,62449.3
1783156500000,62449.2,62459.4,62418.5,62444.5
1783156800000,62438.7,62447.5,62402.6,62416.7
1783157100000,62410.6,62421.9,62396.5,62420.2
1783157400000,62421.9,62431.9,62392.3,62394.4
1783157700000,62399.7,62414.7,62355.9,62382.9
1783158000000,62380.3,62404.7,62376.1,62390.9
1783158300000,62391.3,62440.2,62391.3,62435.8
1783158600000,62436.8,62448.8,62426.2,62447.7
1783158900000,62450.4,62459.2,62437,62437
1783159200000,62436.3,62441.6,62388.1,62403.6
1783159500000,62405.3,62439.1,62405.3,62412
1783159800000,62339.7,62430,62339.7,62407.2
1783160100000,62406.7,62446,62396.7,62445
1783160400000,62437.8,62447.1,62420.4,62442.3
1783160700000,62438.9,62471.7,62387.3,62438.1
1783161000000,62442.7,62442.7,62422.9,62431.1
1783161300000,62425.5,62439.1,62340.8,62417.6
1783161600000,62421.4,62440.8,62413.8,62433.7
1783161900000,62428,62438.7,62417.4,62438.7
1783162200000,62444.3,62475.7,62417.8,62467.8
1783162500000,62460.9,62490.7,62450.2,62450.2
1783162800000,62452.6,62452.6,62410.1,62421.8
1783163100000,62422.4,62471.7,62360,62466.9
1783163400000,62472.3,62474.9,62437.7,62471.3
1783163700000,62464.8,62502.4,62380.4,62442.7
1783164000000,62444.6,62474,62433.8,62433.8
1783164300000,62436.2,62436.2,62408.8,62423.9
1783164600000,62426.6,62502.7,62411.8,62499.9
1783164900000,62486.7,62491.9,62458.1,62463.9
1783165200000,62458.2,62462.5,62429.5,62439.3
1783165500000,62445.9,62457,62362.8,62430.9
1783165800000,62435.4,62450.3,62380,62442.4
1783166100000,62443.5,62460.8,62376.9,62431.7
1783166400000,62432.6,62529.4,62432.6,62494.5
1783166700000,62495.9,62513.9,62487.6,62496.6
1783167000000,62498.8,62517.2,62445.3,62512.7
1783167300000,62516.3,62524.5,62501,62524.3
1783167600000,62523.5,62523.5,62489.2,62504.9
1783167900000,62505.5,62566.2,62504.9,62530.6
1783168200000,62533.9,62592.9,62525.8,62588.1
1783168500000,62582.1,62582.1,62536.5,62564.6
1783168800000,62564,62572.1,62544.2,62568.8
1783169100000,62562.6,62575.3,62532.2,62545.4
1783169400000,62545.7,62569.1,62474.3,62569.1
1783169700000,62570.4,62638.9,62550.8,62607.1
1783170000000,62605.4,62605.4,62555,62555
1783170300000,62554.3,62563.9,62542.3,62561
1783170600000,62564.2,62564.2,62473.4,62561.9
1783170900000,62561.5,62641.1,62554.7,62641.1
1783171200000,62642.5,62729.2,62593.9,62616
1783171500000,62621.4,62659.1,62588.8,62603.6
1783171800000,62601.5,62601.5,62541.5,62541.5
1783172100000,62542.8,62562.7,62516.7,62540
1783172400000,62532.8,62554.3,62501,62534.2
1783172700000,62528.1,62528.1,62489.7,62523.6
1783173000000,62525.1,62531.9,62507,62519.7
1783173300000,62518.2,62543.1,62504.2,62539.8
1783173600000,62538.3,62605.7,62532.8,62572.5
1783173900000,62572.3,62604.7,62547.1,62577
1783174200000,62579.4,62642.1,62567.4,62616.9
1783174500000,62617.8,62685.6,62608.3,62620
1783174800000,62617.1,62640.8,62580.2,62617.9
1783175100000,62623.2,62638.9,62601.1,62620.4
1783175400000,62623,62628.6,62573.7,62581.9
1783175700000,62584.6,62614.3,62574.4,62588.8
1783176000000,62591.3,62645.5,62588.3,62633
1783176300000,62631.9,62668.4,62603,62611.7
1783176600000,62615.8,62642.5,62602.6,62613.4
1783176900000,62607.3,62651.2,62603.9,62649.9
1783177200000,62650.6,62684.6,62645.1,62683.4
1783177500000,62684.9,62854,62646.6,62803.6
1783177800000,62813,63018.8,62715.8,62779.2
1783178100000,62781.2,62786.8,62708.6,62745.2
1783178400000,62748.9,62863.2,62727.9,62845.4
1783178700000,62839.9,62879,62790,62879
1783179000000,62877.3,62877.3,62794.9,62860.9
1783179300000,62880.8,62953.2,62814.5,62856.7
1783179600000,62850.4,62877.5,62823.6,62876.2
1783179900000,62874.4,62958.8,62862.2,62898.9
1783180200000,62894,62904.2,62815,62899.7
1783180500000,62892.7,62897.6,62867.4,62886.4
1783180800000,62893,62913.8,62815.4,62899.4
1783181100000,62905.4,62922.3,62821.4,62842.1
1783181400000,62831.4,62838.5,62733.3,62733.3
1783181700000,62743.9,62812,62729.5,62806.1
1783182000000,62805.5,62830,62772.6,62806.9
1783182300000,62805.1,62831.5,62766.6,62809.6
1783182600000,62814.8,62882.8,62814.8,62849.8
1783182900000,62848.6,62897.1,62841.7,62896.7
1783183200000,62892.3,62899,62844.2,62859.7
1783183500000,62854.7,62863.6,62809.6,62856.9
1783183800000,62854,62919.9,62854,62858.1
1783184100000,62858.2,62880.3,62847.8,62872.5
1783184400000,62868.8,62868.8,62745.3,62858
1783184700000,62858.9,62899.7,62822.4,62890.1
1783185000000,62890,62890,62798.4,62817.3
1783185300000,62822.7,62876.7,62803.3,62865.2
1783185600000,62867.8,62886,62859,62876.7
1783185900000,62878.1,62935.2,62878.1,62932.5
1783186200000,62935.2,63134.4,62931.6,63098.2
1783186500000,63096.2,63148.4,63035.3,63125.5
1783186800000,63115.6,63130.5,63061.8,63130.5
1783187100000,63129.3,63228.3,63097,63183.4
1783187400000,63187.5,63375.8,63187.5,63311
1783187700000,63309,63316.6,63224.6,63228.2
1783188000000,63228.6,63238.1,63169.5,63182.1
1783188300000,63181.3,63276.6,63147,63147
1783188600000,63140.3,63296.1,63134.3,63273.8
1783188900000,63277.5,63298.6,63181,63212.4
1783189200000,63210.6,63217.5,63091.8,63126.6
1783189500000,63122,63146.4,63094.6,63128.3
1783189800000,63124.4,63124.4,63053.8,63070.1
1783190100000,63068.6,63099.8,63055,63065.3
1783190400000,63057.9,63100.9,63048.4,63067.3
1783190700000,63069.7,63113.4,63053.6,63053.6
1783191000000,63055.4,63134.1,63043.4,63102.6
1783191300000,63103.2,63126.9,63099.4,63119.6
1783191600000,63110.5,63193.4,63103.2,63174.6
1783191900000,63169.4,63186.5,63151.7,63184.1
1783192200000,63177.8,63184.1,63069.1,63126
1783192500000,63131.7,63215.3,63129.3,63213
1783192800000,63205.1,63272.8,63203,63266.7
1783193100000,63266,63329.8,63242.8,63322.1
1783193400000,63313.6,63414.3,63264.8,63371.1
1783193700000,63368.8,63395.2,63227.1,63252.8
1783194000000,63258.3,63324.7,63252.7,63314.5
1783194300000,63307.4,63313.3,63242.7,63253.4
1783194600000,63254.5,63281.6,63230.5,63230.5
1783194900000,63227.5,63275,63227.5,63246.2
1783195200000,63241,63346.3,63231.6,63341.8
1783195500000,63337.2,63337.2,63271.1,63293.5
1783195800000,63289.7,63317.1,63280.4,63288.5
1783196100000,63285.3,63296.6,63167.3,63195.3
1783196400000,63195.9,63197.4,63103.5,63149
1783196700000,63152.8,63152.8,63106.3,63122
1783197000000,63120.4,63188.7,63107.2,63185.9
1783197300000,63189.8,63221.7,63176.7,63176.7
1783197600000,63179.7,63274.2,63179.7,63243
1783197900000,63243.6,63272.3,63243.1,63270.5
1783198200000,63274.3,63276.6,63235.6,63276.6
1783198500000,63280.4,63280.4,63174.8,63181.9
1783198800000,63182.7,63209.3,63152.9,63184
1783199100000,63187.8,63209.5,63161.8,63162.2
1783199400000,63165,63325,63165,63302.9
1783199700000,63304,63333.9,63299,63332
1783200000000,63330.3,63399.8,63330.2,63386.5
1783200300000,63379.7,63391.1,63325.2,63389.1
1783200600000,63388.5,63406.5,63314.2,63314.2
1783200900000,63317.4,63327.4,63294.2,63306.3
1783201200000,63299.9,63326.4,63233.3,63238.6
1783201500000,63241.1,63260.2,63222.2,63222.2
1783201800000,63225.3,63275,63222.2,63253.3
1783202100000,63257.5,63284,63247.4,63247.4
1783202400000,63172.9,63263.5,63172.9,63206.8
1783202700000,63211,63230.3,63190.2,63230.3
1783203000000,63226.3,63226.3,63159.4,63198.6
1783203300000,63201.9,63259.6,63192.5,63232.4
1783203600000,63228.9,63228.9,63151,63159.6
1783203900000,63164.9,63169.4,63145,63168.6
1783204200000,63164.9,63187.8,63153,63162.3
1783204500000,63161.7,63198.9,63152.6,63152.6
1783204800000,63158.4,63170.6,63129.8,63156
1783205100000,63158.4,63158.4,63108.8,63145.9
1783205400000,63152.5,63189.9,63087.2,63146.5
1783205700000,63143.9,63147.4,63070.8,63143.9
1783206000000,63145,63159,63060.3,63156.7
1783206300000,63159.8,63189.9,63117.5,63140.8
1783206600000,63148,63151.5,62937.6,62948
1783206900000,62948.6,63004,62881.3,62984.9
1783207200000,62985.4,63040.5,62976.3,63028.4
1783207500000,63030.2,63051.7,63026.1,63050.6
1783207800000,63057.3,63113.9,63057.3,63113.4
1783208100000,63116.1,63117.9,63081.5,63090.5
1783208400000,63066.8,63180.7,63066.8,63161.6
1783208700000,63161.1,63188.6,63126.2,63166.6
1783209000000,63164.9,63164.9,63096.2,63149.8
1783209300000,63149.7,63151,63084.3,63093
1783209600000,63094.4,63094.5,62972.5,63012.8
1783209900000,63011.5,63038.8,62975.4,62980.4
1783210200000,62980.2,63009.4,62971.5,63000.1
1783210500000,62995.6,63006.6,62961.3,62992.5
1783210800000,62988.1,63004.3,62923.7,62976.6
1783211100000,62976.1,63004.6,62952.4,62999.4
1783211400000,62998.5,63011.2,62949.7,62961.9
1783211700000,62961.1,63064.6,62942.1,63045.9
1783212000000,63037.3,63075.2,63027.9,63039.6
1783212300000,63039.9,63059.5,62979.3,62988.8
1783212600000,62996,63000.2,62959.4,62990.4
1783212900000,62990.5,62990.5,62850.5,62937.1
1783213200000,62940.1,62978.5,62928.7,62932
1783213500000,62933.2,62999.3,62867.8,62935.6
1783213800000,62933.2,62970.2,62927.6,62933.5
1783214100000,62932.8,62932.8,62822.5,62826.5
1783214400000,62822.8,62854.6,62785,62794
1783214700000,62795.6,62923.6,62788.4,62889.1
1783215000000,62881.5,62881.5,62745.2,62768.5
1783215300000,62765.3,62822.5,62755.9,62805.5
1783215600000,62804.3,62831.1,62786.6,62813.1
1783215900000,62816.1,62861.2,62773.3,62799.6
1783216200000,62795,62858.1,62791.8,62835.3
1783216500000,62836.8,62851.5,62822.7,62835.9
1783216800000,62835,62881.4,62770.3,62770.3
1783217100000,62769.4,62776.3,62732.7,62736.7
1783217400000,62740.6,62754.9,62684.2,62684.4
1783217700000,62686.9,62703.4,62599.4,62700.4
1783218000000,62702.5,62733.9,62657,62663.4
1783218300000,62662.9,62708.4,62633,62700.7
1783218600000,62701,62732.4,62670.2,62714
1783218900000,62717.3,62742.7,62689.2,62726.6
1783219200000,62725.3,62738.9,62581.4,62591.8
1783219500000,62585.3,62642.8,62553.5,62587.2
1783219800000,62580.1,62623.8,62541.3,62587.7
1783220100000,62586.6,62645.7,62583,62645.4
1783220400000,62646.4,62699.4,62643.5,62699.4
1783220700000,62694.3,62729.6,62693.8,62713.3
1783221000000,62705.9,62736.6,62695.8,62712.2
1783221300000,62707.7,62727,62696.2,62696.2
1783221600000,62691.7,62691.7,62611.2,62675.9
1783221900000,62671.7,62671.7,62599.6,62619.6
1783222200000,62618.3,62690.6,62609.7,62642.3
1783222500000,62636.2,62725.1,62636.2,62716.2
1783222800000,62709.8,62716.6,62675.7,62686.4
1783223100000,62684.5,62723.8,62672.3,62720.8
1783223400000,62715.8,62742.8,62647.6,62717.3
1783223700000,62723,62747.2,62708.8,62716.3
1783224000000,62726.3,62726.3,62654.9,62701.5
1783224300000,62706,62729.3,62668.1,62718.6
1783224600000,62719.8,62768.5,62713.6,62739.4
1783224900000,62737.6,62768.9,62730.8,62765.2
1783225200000,62771.7,62828.1,62762.9,62819.5
1783225500000,62817,62819.5,62795.7,62812
1783225800000,62808.8,62901.5,62808.4,62853.7
1783226100000,62858.4,62893.7,62848.3,62858.2
1783226400000,62860.6,62905,62859.2,62889
1783226700000,62886.1,62891.8,62789.9,62810.1
1783227000000,62804.9,62810.1,62760.1,62761.7
1783227300000,62767.6,62792.7,62762.2,62762.2
1783227600000,62758.4,62760,62692.5,62729.2
1783227900000,62732.6,62743.2,62677.3,62704.2
1783228200000,62698.5,62727.6,62691.1,62697.2
1783228500000,62691.4,62741.9,62688.8,62729.8
1783228800000,62732.5,62738,62688.7,62688.7
1783229100000,62692,62731.4,62679.8,62704.4
1783229400000,62707.8,62761.2,62703.9,62740.4
1783229700000,62744.2,62744.2,62678.6,62694.4
1783230000000,62689.7,62689.7,62599.4,62620.4
1783230300000,62620,62665,62609.8,62664.4
1783230600000,62657.4,62717.1,62657.4,62694
1783230900000,62690.7,62719.4,62686.1,62689.7
1783231200000,62691.5,62693.1,62622.4,62656.1
1783231500000,62658.6,62686.7,62624.8,62624.8
1783231800000,62623.9,62672.7,62614.4,62670.3
1783232100000,62667.5,62729.3,62654.5,62727.2
1783232400000,62724.2,62748.6,62715.3,62735.2
1783232700000,62729.5,62747.5,62655.8,62743.5
1783233000000,62740.1,62772.5,62724.6,62770.9
1783233300000,62766.4,62766.4,62700.3,62716
1783233600000,62712.2,62712.2,62634.9,62704.3
1783233900000,62699.1,62726.4,62686.7,62720.4
1783234200000,62713.9,62738.3,62705.5,62733.5
1783234500000,62737.8,62747,62715.2,62724
1783234800000,62727.8,62744.6,62717.4,62721.2
1783235100000,62728.2,62745.5,62673.3,62715.1
1783235400000,62709,62725.2,62702.9,62702.9
1783235700000,62702.4,62737.6,62677.3,62691
1783236000000,62686.8,62786.2,62664.7,62735.7
1783236300000,62726.4,62734.4,62629.9,62629.9
1783236600000,62631.3,62802.8,62631.3,62793.6
1783236900000,62794.9,62861.6,62793.6,62838.7
1783237200000,62840.7,62892.9,62840.1,62869.3
1783237500000,62868.2,62877.4,62840.9,62875.2
1783237800000,62877.9,62959.6,62872,62956
1783238100000,62961.1,63008,62939,62968.6
1783238400000,62964.7,63054.8,62948,62970.5
1783238700000,62963.4,62963.4,62916.8,62931.9
1783239000000,62936.9,62980.6,62895.9,62959.6
1783239300000,62964.1,62999,62905.8,62919.4
1783239600000,62923.3,62937.5,62891.1,62894.7
1783239900000,62894.6,62896.3,62858.6,62885.1
1783240200000,62897.4,62943.4,62876.5,62883.4
1783240500000,62885.6,62913.7,62850.9,62887.9
1783240800000,62892.1,62909.4,62884.2,62885.1
1783241100000,62887.1,62935.3,62878.9,62907.7
1783241400000,62903.4,62903.4,62843.5,62870.8
1783241700000,62873.4,62898.3,62860.1,62860.1
1783242000000,62864.6,62879.9,62823.1,62824.8
1783242300000,62823.8,62853.6,62821.2,62851.3
1783242600000,62855.1,62855.4,62815.2,62819.4
1783242900000,62823.6,62827.7,62798.6,62817.3
1783243200000,62750.4,62813.9,62690.1,62703.1
1783243500000,62702.4,62713.6,62675.7,62684.3
1783243800000,62687.3,62733.8,62671.9,62671.9
1783244100000,62675.5,62695.6,62477.5,62520.8
1783244400000,62514.1,62584,62388.4,62480
1783244700000,62480.5,62556.9,62451.3,62533
1783245000000,62532.6,62584,62520.5,62535
1783245300000,62538.9,62580.8,62538.9,62572
1783245600000,62569.8,62610.2,62485.9,62604.2
1783245900000,62598,62631.6,62571,62617.4
1783246200000,62618,62680.5,62618,62630.1
1783246500000,62628.2,62643.4,62576.1,62643.4
1783246800000,62642.6,62684.7,62642.6,62667
1783247100000,62664.2,62664.2,62626.8,62642.3
1783247400000,62645.7,62683.6,62610.2,62617.9
1783247700000,62623.9,62653.1,62618.4,62623.8
1783248000000,62618.9,62651.9,62618.9,62641
1783248300000,62639.2,62696.8,62629.1,62686.6
1783248600000,62690.9,62704.6,62671.9,62704
1783248900000,62683.8,62706.2,62634.8,62706.2
1783249200000,62702.2,62766.6,62635.2,62644
1783249500000,62648.6,62667,62646.6,62656.5
1783249800000,62658.3,62666.9,62614.8,62651.7
1783250100000,62644,62646.8,62593.7,62612.6
1783250400000,62616.7,62626.2,62575.5,62575.5
1783250700000,62577.2,62595.2,62557.8,62570.3
1783251000000,62566.2,62673.4,62560.3,62657.5
1783251300000,62661.1,62670.7,62650.3,62650.3
1783251600000,62654.2,62662.9,62570.1,62648.4
1783251900000,62646.9,62680.6,62635.1,62637.8
1783252200000,62619.8,62637.9,62596.2,62616.1
1783252500000,62617.6,62623.2,62582.2,62602.2
1783252800000,62607.4,62607.4,62508,62545
1783253100000,62547.2,62575.4,62500.4,62537.1
1783253400000,62537,62575.1,62537,62571.4
1783253700000,62572.2,62633.9,62567.8,62597.3
1783254000000,62590.3,62692.8,62589.2,62691.1
1783254300000,62691.2,62701.4,62671.6,62700
1783254600000,62695.3,62725.5,62596.2,62616.7
1783254900000,62621.1,62708.4,62621.1,62676.4
1783255200000,62677.1,62680.6,62592.9,62657.4
1783255500000,62661,62689.5,62656.6,62683.4
1783255800000,62677.5,62685,62650.5,62684
1783256100000,62678.7,62692.3,62672.9,62692.3
1783256400000,62684.9,62685.2,62641.7,62668
1783256700000,62659.5,62771.4,62659.5,62724.4
1783257000000,62718.8,62721.3,62682.7,62685.9
1783257300000,62681.9,62696.3,62648.7,62692.2
1783257600000,62686.4,62721.2,62668.2,62686.1
1783257900000,62691.2,62704.9,62596.4,62641.1
1783258200000,62635.9,62679.9,62620.5,62647.5
1783258500000,62644.7,62672.9,62636,62667.4
1783258800000,62672.5,62709.6,62669.5,62697.7
1783259100000,62705.1,62768.9,62705.1,62757
1783259400000,62752.7,62754.9,62700.6,62746.8
1783259700000,62745.5,62753.6,62731.3,62745.4
1783260000000,62742.1,62768.9,62656.2,62667.6
1783260300000,62664.3,62701.4,62664.3,62693.7
1783260600000,62688,62711,62661.3,62693.9
1783260900000,62688.3,62688.3,62638.5,62639.6
1783261200000,62640,62670.6,62617.5,62645.4
1783261500000,62654.1,62678.8,62590.2,62662.1
1783261800000,62663,62688.1,62614.4,62614.4
1783262100000,62618.6,62715.1,62600.9,62715.1
1783262400000,62720.4,62739.2,62674.7,62689.2
1783262700000,62693.7,62703.2,62660.6,62673.3
1783263000000,62674.5,62687.9,62662.9,62678.7
1783263300000,62697.9,62768.1,62679.6,62765.2
1783263600000,62765.1,62892.3,62743.5,62865.9
1783263900000,62860.1,62899.6,62818.9,62825.7
1783264200000,62824.7,62825.3,62762.4,62762.4
1783264500000,62756.8,62777.4,62699.5,62732.8
1783264800000,62737,62759.6,62680,62706.5
1783265100000,62713.4,62743.7,62713.4,62718.6
1783265400000,62718.1,62779.9,62711,62765.3
1783265700000,62760.6,62856.1,62747.5,62760.9
1783266000000,62763.8,62769,62639.4,62646.9
1783266300000,62643,62695.3,62623.4,62679.4
1783266600000,62657.8,62707.1,62607.9,62626.1
1783266900000,62675.8,62715.3,62673.8,62688.6
1783267200000,62688.9,62717.6,62665.3,62665.3
1783267500000,62664.9,62721,62646.5,62647.1
1783267800000,62648.5,62684.3,62647.1,62654
1783268100000,62655.9,62676.5,62635.3,62668.3
1783268400000,62668,62668,62607.3,62664
1783268700000,62667.9,62668.2,62556.5,62569.8
1783269000000,62572,62611.7,62562.6,62595.1
1783269300000,62586,62616.1,62567.4,62575.5
1783269600000,62580.7,62591.4,62566.4,62577.9
1783269900000,62582,62596.9,62573.9,62575.2
1783270200000,62574.6,62580.4,62503.8,62580.4
1783270500000,62584.7,62610.6,62573.8,62587.6
1783270800000,62593,62678.9,62593,62678.9
1783271100000,62683.2,62689.6,62640.6,62666
1783271400000,62666.7,62666.7,62637.3,62663.5
1783271700000,62664.5,62675.2,62632.8,62645.7
1783272000000,62649.8,62771.6,62637.8,62744.2
1783272300000,62739.9,62742,62629.1,62638.1
1783272600000,62638.2,62664.7,62599,62639.2
1783272900000,62642.3,62657.6,62624,62632.3
1783273200000,62632.5,62642.2,62547.3,62555.7
1783273500000,62559.1,62621.8,62559.1,62597.2
1783273800000,62526.8,62596.3,62526.8,62563.5
1783274100000,62564.4,62589.1,62548.3,62578.1
1783274400000,62577.1,62602.7,62561.4,62602.7
1783274700000,62605.8,62640.4,62574.6,62610.3
1783275000000,62613.8,62628.2,62592.7,62606.7
1783275300000,62608.4,62665.4,62608.4,62632.4
1783275600000,62637.7,62658.2,62628.8,62642.5
1783275900000,62641.4,62673,62634.1,62634.1
1783276200000,62638,62673.2,62627.4,62673.2
1783276500000,62664.4,62716.8,62658.6,62715.5
1783276800000,62714.8,62715.8,62684.8,62714.4
1783277100000,62714,62738.4,62680,62738.4
1783277400000,62722.7,62835.9,62715.5,62788.2
1783277700000,62780.2,62785.8,62742.6,62760.8
1783278000000,62757.9,62800.8,62720.5,62762.2
1783278300000,62761.3,62779.4,62735.3,62767.9
1783278600000,62762.9,62818.7,62752.2,62792.6
1783278900000,62807.3,62831.3,62786.4,62791.4
1783279200000,62789.6,62789.6,62726.2,62732.8
1783279500000,62735.8,62738.9,62673.2,62734.5
1783279800000,62735,62785.8,62711.6,62744.9
1783280100000,62740.2,62752.2,62727.8,62739.4
1783280400000,62735.1,62752.8,62718.1,62752.8
1783280700000,62752.9,62782.1,62723.6,62723.6
1783281000000,62729.4,62730.6,62705,62715.7
1783281300000,62719.4,62730.4,62710.8,62717.4
1783281600000,62717.7,62752.8,62713,62714.3
1783281900000,62717.1,62791.1,62678.4,62770.8
1783282200000,62773.2,62792.8,62761.6,62766.9
1783282500000,62695.3,62768.1,62682.4,62684
1783282800000,62685.8,62721.9,62641.5,62712.4
1783283100000,62711.2,62711.2,62599.6,62671.9
1783283400000,62665.2,62680.6,62632.8,62680.6
1783283700000,62679.8,62692.5,62601.3,62686.9
1783284000000,62681.9,62695.4,62616.7,62695.4
1783284300000,62697.1,62712.5,62683.9,62686.8
1783284600000,62690.9,62713.4,62636.9,62683.9
1783284900000,62690.9,62704.4,62679.3,62679.3
1783285200000,62679.2,62679.2,62607,62612.7
1783285500000,62607.8,62621.8,62552.8,62590.5
1783285800000,62587.2,62710.9,62587.2,62686.4
1783286100000,62679.3,62850.7,62666.2,62849.6
1783286400000,62845.2,62884,62796.3,62823.7
1783286700000,62819.4,62889,62810,62868.5
1783287000000,62871.1,62997.6,62846.2,62858.2
1783287300000,62865,62924.8,62834.3,62881.7
1783287600000,62885.4,62976.8,62870.2,62975.4
1783287900000,62977.3,62998.9,62905.9,62916.8
1783288200000,62919.4,63018,62888.8,62998.6
1783288500000,62992.8,63168.1,62989.6,63039.1
1783288800000,63023.8,63110.7,62928.3,62996.2
1783289100000,63000.1,63053.6,62933.5,62967.6
1783289400000,62994.8,63168.4,62966.9,63144.2
1783289700000,63169.3,63366.5,63118.9,63295.2
1783290000000,63295.4,63567.9,63286.6,63474.9
1783290300000,63488.9,63675.2,63423.8,63655
1783290600000,63627.7,63881.2,63539.4,63583.2
1783290900000,63581.1,63641.7,63472.4,63587.1
1783291200000,63561,63594.9,63458.4,63503.9
1783291500000,63509.9,63643.4,63483.4,63503.1
1783291800000,63508.3,63586.7,63476.6,63549
1783292100000,63575,63690,63507.9,63659.2
1783292400000,63659,63782.6,63630.4,63767.1
1783292700000,63764.2,63801.8,63677,63723.5
1783293000000,63751,63929.9,63723.4,63889.8
1783293300000,63889.9,63946.2,63808.3,63876.6
1783293600000,63844.5,63876.4,63618.6,63641.2
1783293900000,63647.1,63714.2,63591.8,63592.3
1783294200000,63592.2,63661,63568.7,63592.1
1783294500000,63587.7,63636.7,63546.4,63599.1
1783294800000,63570.3,63679.4,63570,63640.7
1783295100000,63634.2,63634.2,63507.6,63546
1783295400000,63545.9,63612.8,63497.1,63506
1783295700000,63505.8,63597.4,63490,63586.9
1783296000000,63568.6,63652,63489.6,63647.8
1783296300000,63642.9,63661.4,63427.9,63519
1783296600000,63513.7,63539.9,63402,63539.9
1783296900000,63540.8,63649,63416.4,63448.5
1783297200000,63441.7,63509,63382.6,63382.6
1783297500000,63411.8,63452,63340.7,63356.1
1783297800000,63349.6,63463.5,63277.3,63421.2
1783298100000,63421.3,63538,63368.5,63500.1
1783298400000,63496.5,63595.8,63453.4,63550.1
1783298700000,63525.6,63713,63525.6,63610.3
1783299000000,63646.3,63694.3,63580.7,63582.4
1783299300000,63590.8,63710.8,63549.6,63696.4
1783299600000,63691.1,63723.3,63613.3,63659.2
1783299900000,63658.9,63799.6,63614,63782.4
1783300200000,63775.5,63791.7,63689.3,63724.5
1783300500000,63755.8,63787.4,63676.9,63751
1783300800000,63751.2,63773.3,63637.1,63649
1783301100000,63644.9,63685.7,63534.9,63672.8
1783301400000,63678.3,63859.8,63611.7,63845
1783301700000,63825.3,63859.8,63699.9,63737.9
1783302000000,63733.7,63740.6,63648.3,63656.8
1783302300000,63653.1,63653.1,63507.7,63557.4
1783302600000,63560.7,63567.8,63498.3,63503.6
1783302900000,63519.5,63543.9,63481,63514.1
1783303200000,63514.7,63617.6,63502.7,63549.9
1783303500000,63567.5,63567.5,63368.1,63417.1
1783303800000,63394.2,63413,63335.1,63394.7
1783304100000,63398.4,63458.2,63359.9,63407.1
1783304400000,63407,63602.4,63407,63553.7
1783304700000,63553,63566.6,63454.6,63461.7
1783305000000,63466.2,63568.9,63411.6,63454.6
1783305300000,63450.7,63509.8,63422.3,63440.8
1783305600000,63439,63439,63311.9,63334.4
1783305900000,63339.7,63409.7,63320.2,63342.3
1783306200000,63356.9,63402,63294.7,63392.3
1783306500000,63376.3,63434.7,63314.3,63375.9
1783306800000,63392.6,63440.2,63366.1,63403.2
1783307100000,63399.4,63412.4,63326.7,63350.1
1783307400000,63374.1,63402.1,63319.9,63355.1
1783307700000,63344.2,63372.6,63300.7,63339.1
1783308000000,63338.5,63350.4,63116.6,63210.3
1783308300000,63213,63233.3,63129.6,63149.8
1783308600000,63165,63182,63058.2,63131.4
1783308900000,63134.1,63260.7,63109.9,63194.3
1783309200000,63198.1,63210.5,63123.4,63144
1783309500000,63139.4,63198.5,63120.6,63178.1
1783309800000,63176.8,63187.8,63105,63160.8
1783310100000,63171.7,63243.9,63136,63240.5
1783310400000,63232.7,63317.6,63204.1,63311.8
1783310700000,63316,63332.8,63154.1,63179.6
1783311000000,63183,63292.1,63168.8,63276.5
1783311300000,63269.6,63290.3,63229.4,63271.2
1783311600000,63271.7,63306.1,63205.6,63210.8
1783311900000,63209.8,63209.8,63103.8,63172.6
1783312200000,63168.5,63249.3,63127.6,63200.2
1783312500000,63193.2,63288,63177.7,63261.3
1783312800000,63279.4,63341,63236.2,63249.2
1783313100000,63244.9,63295.9,63216.5,63260.7
1783313400000,63259.8,63294.8,63226.8,63271.6
1783313700000,63277.5,63281.4,63165.9,63188.2
1783314000000,63208.2,63213.5,63121.9,63121.9
1783314300000,63139.8,63175.4,63095.2,63142.1
1783314600000,63146.7,63190.8,63119.9,63143.5
1783314900000,63147.9,63187,63067.5,63131.4
1783315200000,63128.3,63148,63073.6,63126.9
1783315500000,63099.3,63124.8,62913.1,62947.1
1783315800000,62951.2,62983.7,62878.8,62926.8
1783316100000,62936.3,63082.6,62926.8,63049
1783316400000,63058.5,63099.5,63015.7,63045.5
1783316700000,63042.9,63066.9,63001,63046.9
1783317000000,63062.2,63110.3,63016.5,63071.3
1783317300000,63093.4,63105,63037.9,63037.9
1783317600000,63052.7,63091.4,63002.7,63045
1783317900000,63037.3,63053.9,62965.5,63053.9
1783318200000,63050.9,63066.9,63001.1,63033.1
1783318500000,63035.6,63093.9,62980.1,63003.4
1783318800000,63004.4,63004.4,62935.1,62949.1
1783319100000,62950.3,62986.3,62917.9,62973.8
1783319400000,62963.3,62989.1,62891.8,62918.5
1783319700000,62923.3,62993.1,62905.2,62961.1
1783320000000,62963.5,63013.7,62941.9,62978
1783320300000,62978.6,63032.6,62945.4,62966.4
1783320600000,62940,62973.7,62898.1,62922.9
1783320900000,62928.4,62944.3,62899.1,62899.1
1783321200000,62898.9,62927.2,62801.9,62843
1783321500000,62845.2,62918.8,62824.5,62866
1783321800000,62881.6,62898.3,62802.5,62866.9
1783322100000,62877.7,62921.4,62870.2,62879.5
1783322400000,62881.8,62973.3,62881.8,62940.7
1783322700000,62948.6,62974.1,62898.5,62898.5
1783323000000,62901.5,62924.1,62848,62919.1
1783323300000,62912.1,62981.5,62896.4,62945.1
1783323600000,62949.2,63059.6,62925.2,63042.9
1783323900000,63038.7,63068.9,63002.9,63051.7
1783324200000,63026.1,63042.6,62988.4,62998.1
1783324500000,63014.2,63054.9,62995.3,63027.9
1783324800000,63032.1,63108.7,63011.2,63106.1
1783325100000,63102.7,63184.6,63072.2,63103
1783325400000,63099.5,63099.5,62938.9,63001.6
1783325700000,63004.7,63008.6,62902.6,63003.2
1783326000000,63005.7,63037,62962.6,63001.7
1783326300000,62995.4,63018.7,62970.8,63012.4
1783326600000,62984.2,63008.2,62889.3,62889.8
1783326900000,62899.5,62903.8,62751.6,62791.5
1783327200000,62793.1,62861.2,62769.2,62842.7
1783327500000,62846.3,62890,62817.4,62854.4
1783327800000,62858.4,62868.8,62813,62837.6
1783328100000,62841.6,62861,62806.4,62839.9
1783328400000,62833,62860.3,62795.6,62816.5
1783328700000,62812.7,62841.1,62782,62783.7
1783329000000,62810.9,62826.4,62773.4,62797.6
1783329300000,62772.4,62825.7,62762.3,62781.8
1783329600000,62776.9,62789.3,62680.1,62726.3
1783329900000,62725.3,62725.3,62660.9,62695.8
1783330200000,62690.2,62708.4,62585.2,62599.7
1783330500000,62626.9,62643.3,62548.2,62576.4
1783330800000,62551,62666.3,62551,62603.8
1783331100000,62623.8,62645.1,62548.6,62585.3
1783331400000,62589.2,62632.8,62562,62610
1783331700000,62588.1,62625.8,62569.3,62606.5
1783332000000,62599.4,62742.5,62575,62724.5
1783332300000,62720.7,62784.4,62693.5,62769.9
1783332600000,62770,62789.5,62740.8,62782
1783332900000,62786.1,62816.8,62760.5,62796.5
1783333200000,62790.9,62817.1,62758.5,62777.5
1783333500000,62796.4,62824.9,62777.5,62823.8
1783333800000,62798.8,62927.3,62791,62883.1
1783334100000,62878.7,62979.1,62850,62966.2
1783334400000,62970.3,62978.2,62826.8,62858.6
1783334700000,62857,62870.8,62754.5,62779.4
1783335000000,62768.9,62817.8,62739.4,62766.9
1783335300000,62767.4,62773.7,62725.8,62765.3
1783335600000,62747.9,62829.2,62747.9,62811.7
1783335900000,62806.4,62808.3,62741.3,62749.8
1783336200000,62751.9,62765.2,62716.8,62735.8
1783336500000,62750.3,62807,62710.2,62807
1783336800000,62801.9,62870.1,62757.5,62814.2
1783337100000,62796.8,62844.2,62792,62796.9
1783337400000,62817,62939.9,62790,62869.7
1783337700000,62881,62907.4,62808.1,62831.1
1783338000000,62809.9,62914.4,62809.9,62907.8
1783338300000,62908.7,62949.7,62862.7,62893.9
1783338600000,62886.3,62894.3,62853.5,62877.9
1783338900000,62882.6,62894.3,62416,62439.5
1783339200000,62431,62435.5,61838.5,61862.9
1783339500000,61871.1,62010.8,61781.2,61936.8
1783339800000,61936.6,62088.6,61841.1,61931.2
1783340100000,61933.9,62087.8,61817.5,62026.5
1783340400000,62028.9,62049.8,61870.3,61965.7
1783340700000,61963.6,62054.2,61922.5,62023.1
1783341000000,62018.7,62117.6,61959.7,62111.3
1783341300000,62109.7,62113.8,61938.8,61944
1783341600000,61939.6,61952.5,61702.5,61753.5
1783341900000,61752.1,61753.4,61591.8,61648.7
1783342200000,61653.3,61841.2,61643.5,61809.6
1783342500000,61813.6,61837.7,61656.9,61699.1
1783342800000,61674.8,61716.5,61527.1,61553.5
1783343100000,61557.8,61702.6,61512.9,61653.6
1783343400000,61663.4,61757.8,61566.1,61582.6
1783343700000,61587.8,61653.7,61470,61504.2
1783344000000,61510,61605.7,61422.1,61523.5
1783344300000,61517.4,61517.4,61350.7,61398.6
1783344600000,61373.4,61603.6,61300.6,61550.2
1783344900000,61531.4,61560.2,61244.3,61430.8
1783345200000,61463.3,61604.6,61375.5,61567.2
1783345500000,61567.7,61839.5,61547.3,61818.1
1783345800000,61817.3,61986.8,61805.1,61854.5
1783346100000,61858.7,61891.7,61696.9,61697.6
1783346400000,61722.5,61887.3,61678.8,61809.9
1783346700000,61779.5,61867.8,61730.3,61836.7
1783347000000,61842.1,61943.6,61730.5,61859.7
1783347300000,61859.3,61946.1,61677.8,61758.8
1783347600000,61759.1,62023.4,61649,61886.2
1783347900000,61891.2,62358.9,61880.2,62030.8
1783348200000,62027.4,62166.4,61930.4,61962.7
1783348500000,61950.7,62057.8,61875,62032.6
1783348800000,62032.2,62136.9,61963.1,61993.3
1783349100000,61989.7,62022.4,61836.8,61871.4
1783349400000,61864.3,61978.7,61807.3,61944
1783349700000,61962.4,62012.4,61914.8,61997.4
1783350000000,61975.2,62218.7,61975.2,62165.2
1783350300000,62154.9,62528.8,62154.9,62397.6
1783350600000,62377.5,62485.3,62328.6,62425.9
1783350900000,62430.4,62501.7,62320.5,62407.4
1783351200000,62383.4,62425.4,62298,62323.1
1783351500000,62339.4,62421.4,62246,62402.2
1783351800000,62402.2,62405.5,62281.8,62286.7
1783352100000,62286.3,62328.3,62195.9,62327.4
1783352400000,62297.6,62899.7,62297.6,62861.3
1783352700000,62861.3,62868.4,62729.5,62854.5
1783353000000,62850.5,63496.7,62827.9,63439.9
1783353300000,63423.4,63506,63340.7,63499.6
1783353600000,63472.1,63535.3,63317.9,63427.8
1783353900000,63430.9,63682,63347.5,63593
1783354200000,63586.8,63819.2,63561.3,63700
1783354500000,63699.8,63751.5,63562.3,63700.1
1783354800000,63697,63750.7,63486.6,63559.3
1783355100000,63560,63560,63344.4,63417.8
1783355400000,63415.6,63655.5,63389,63557.1
1783355700000,63528.1,63764.7,63524,63579.3
1783356000000,63574.7,63704.6,63538.2,63699.6
1783356300000,63697.5,63746.3,63603.9,63645.3
1783356600000,63618.8,63726.1,63617.4,63680.7
1783356900000,63690.6,63700.2,63601.4,63670.7
1783357200000,63689.2,63780.9,63615.7,63723.7
1783357500000,63724.6,63895.3,63695.9,63849.3
1783357800000,63853.5,63856.6,63687.6,63804.1
1783358100000,63817.3,63864.3,63781.6,63864.3
1783358400000,63844.3,63887.4,63757.5,63845
1783358700000,63847.7,63934.4,63820.1,63846.2
1783359000000,63822.3,63901.5,63738.7,63761.9
1783359300000,63759,63762.5,63624.6,63692.5
1783359600000,63714.1,63724.2,63592.3,63664.4
1783359900000,63626.4,63695.8,63590.1,63605.3
1783360200000,63605.2,63719.6,63541.9,63570.9
1783360500000,63569.2,63586.7,63506.2,63541.9
1783360800000,63544.3,63694.2,63492.7,63694.2
1783361100000,63680.9,63711.2,63610.2,63630.1
1783361400000,63640.9,63717.1,63611.7,63651.9
1783361700000,63659.7,63707.8,63551.4,63634
1783362000000,63636.6,63772.4,63615.5,63764.5
1783362300000,63765.4,63845.1,63676.5,63717.5
1783362600000,63716.3,63739.2,63649.9,63670.3
1783362900000,63663.7,63807.9,63634,63739.6
1783363200000,63743.8,63773.1,63708.1,63754
1783363500000,63726.8,63765,63693.4,63712.8
1783363800000,63712.7,63780.2,63712.7,63727.2
1783364100000,63729.2,63741.8,63618.8,63656.7
1783364400000,63659.6,63706,63588.8,63597.9
1783364700000,63597.8,63675.3,63585.1,63627.4
1783365000000,63652.3,63716.7,63609.4,63678.7
1783365300000,63699.5,63828.6,63670.7,63787.8
1783365600000,63790.4,63851.4,63733.7,63815.3
1783365900000,63838.5,63857.4,63760.3,63803.4
1783366200000,63801.5,63801.5,63696,63732.4
1783366500000,63732.5,63773.4,63715.2,63715.7
1783366800000,63715.4,63816.8,63696.8,63777.1
1783367100000,63777,63839.5,63750.7,63768.4
1783367400000,63768,63814.9,63698.1,63786.5
1783367700000,63751.3,63798.3,63640.6,63698.9
1783368000000,63703.3,63716.8,63528.8,63549.9
1783368300000,63549,63598.4,63529,63549.3
1783368600000,63548,63572,63520.4,63552.9
1783368900000,63562.3,63590.6,63532.8,63576.9
1783369200000,63553.6,63650.5,63553.6,63615.4
1783369500000,63612.5,63719.8,63587.9,63710.7
1783369800000,63717,63840.4,63687.8,63828
1783370100000,63822.1,63826.8,63768.9,63793.7
1783370400000,63795.4,63840.8,63756.9,63763.1
1783370700000,63786.2,63786.2,63716.4,63728.2
1783371000000,63751.8,63857.4,63716.2,63852.4
1783371300000,63844.9,63852.8,63751.2,63758
1783371600000,63758.2,63812.1,63747,63777.9
1783371900000,63750.5,64428.7,63750.5,64352
1783372200000,64352.5,64658.9,64248.4,64261.1
1783372500000,64267.9,64333.4,64168.3,64216.6
1783372800000,64215.1,64301.9,64171.9,64217.2
1783373100000,64227.5,64237.5,64135.4,64176.4
1783373400000,64179.4,64273.2,64087.2,64238.6
1783373700000,64238.5,64238.5,64117.6,64148.2
1783374000000,64153.5,64179.8,64116,64178.6
1783374300000,64183,64255.6,64117.8,64254.7
1783374600000,64262.4,64451.8,64225.5,64401.8
1783374900000,64380,64493.1,64312.3,64423.7
1783375200000,64423.7,64455.9,64273,64324.3
1783375500000,64296.2,64338.8,64222.2,64296.5
1783375800000,64291,64348.7,64235.2,64306.6
1783376100000,64324.6,64434.6,64270.4,64323.9
1783376400000,64296,64322.6,64216,64216.5
1783376700000,64216.4,64256.1,64131.2,64149.3
1783377000000,64149,64192.3,64129.4,64148.4
1783377300000,64152.7,64186.2,64113.5,64174.4
1783377600000,64179.5,64188.9,64110.1,64160.8
1783377900000,64159.6,64249.9,64085.4,64227.1
1783378200000,64250,64257.6,64115.7,64167.3
1783378500000,64171,64207.7,64127.7,64207.7
1783378800000,64201.1,64302.6,64152.6,64186
1783379100000,64186.7,64282.2,64165,64165.1
1783379400000,64188.5,64235.5,64166,64203.5
1783379700000,64203.4,64248.2,64100.2,64144.1
1783380000000,64119.6,64140,64043.6,64063.6
1783380300000,64058,64089.1,64030.3,64058.4
1783380600000,64067.2,64116.1,64034.1,64075.7
1783380900000,64101.2,64141.1,64025.3,64025.8
1783381200000,64020.3,64076,64000.5,64000.7
1783381500000,64000.5,64060.9,63979.5,64058.7
1783381800000,64053.8,64085.9,64011.5,64067.6
1783382100000,64044.2,64075.6,63961.9,63980.2
1783382400000,63980.3,64038.5,63958.1,64017.7
1783382700000,63994.6,64060.8,63960.3,63964.4
1783383000000,63964.1,64012.4,63954.9,63963.5
1783383300000,63963.4,64070.4,63946,64050.9
1783383600000,64051.5,64204.6,64029.6,64186.4
1783383900000,64179.1,64278,64151.2,64203.7
1783384200000,64192.6,64216.3,64114.4,64145.7
1783384500000,64145.9,64184.4,63959.7,64004.1
1783384800000,64008.1,64047.1,63971.2,64017.7
1783385100000,64017.6,64141.2,64017.3,64121.9
1783385400000,64121.6,64227.9,64070.6,64218.1
1783385700000,64226.6,64233.9,64100.3,64158.4
1783386000000,64162.6,64162.6,63868.5,63888.1
1783386300000,63863.1,63952.3,63816.1,63939.2
1783386600000,63944,64061,63887.2,63907.3
1783386900000,63940.4,63987.3,63899.9,63954.1
1783387200000,63954.3,64013.7,63906.9,63955.6
1783387500000,63955.3,63960.9,63861.2,63884.5
1783387800000,63907.7,63938.3,63792.2,63882.2
1783388100000,63882.8,63909.2,63722.4,63797.2
1783388400000,63796.9,63910.6,63741.7,63909.4
1783388700000,63911.8,63977.7,63894.4,63923.3
1783389000000,63923.6,63952.2,63893,63917.2
1783389300000,63902.3,63932.2,63761.8,63775.5
1783389600000,63798.5,63871.3,63759.8,63842
1783389900000,63837.6,63852.7,63727.6,63742.4
1783390200000,63742.5,63811.5,63728.4,63781.3
1783390500000,63779,63837.4,63708.2,63748.3
1783390800000,63745.3,63757.7,63574.4,63591.4
1783391100000,63592,63617.1,63510.8,63524.1
1783391400000,63525.7,63550.8,63379.9,63457.3
1783391700000,63457.1,63528.4,63390.1,63479.4
1783392000000,63472.8,63560.1,63444.1,63552.7
1783392300000,63549.9,63574.7,63379.8,63392.8
1783392600000,63394.2,63410.7,63227.9,63306.6
1783392900000,63302.6,63303.5,63234.3,63285.7
1783393200000,63258.8,63350.3,63206.8,63297.9
1783393500000,63291.1,63374,63267.9,63339.6
1783393800000,63338.2,63366.8,63281.4,63283.8
1783394100000,63283.1,63318.9,63208,63253.7
1783394400000,63252.2,63315.9,63214.8,63314.5
1783394700000,63285.5,63335,63165.6,63244
1783395000000,63249.9,63299.3,63226.1,63268.2
1783395300000,63267.9,63314.6,63234.6,63252
1783395600000,63251.4,63253.7,63114.7,63167.3
1783395900000,63165.2,63165.2,63090.4,63108.5
1783396200000,63108.1,63163.4,63108.1,63127.8
1783396500000,63126.8,63145.7,63088.2,63139.1
1783396800000,63134.2,63172.7,63072.8,63123.3
1783397100000,63127.6,63160.4,63102.8,63150.9
1783397400000,63146,63215.6,63110.6,63143.2
1783397700000,63138.8,63172.4,63091.9,63130.2
1783398000000,63135.5,63185.6,63103,63132.1
1783398300000,63132.1,63230.3,63113.1,63211.3
1783398600000,63206,63229.8,63157.2,63209.5
1783398900000,63204.7,63214.4,63114.1,63159.1
1783399200000,63160.1,63178.3,63105.3,63105.3
1783399500000,63107.9,63126.6,63001.3,63025.1
1783399800000,63029.8,63057.8,62994,63040.1
1783400100000,63039,63072.2,62992.2,63045.2
1783400400000,63049.6,63073.4,63003.5,63043
1783400700000,63021,63050.4,62967.8,62981
1783401000000,62979.9,63013,62719.5,62769.3
1783401300000,62767,62909.2,62745.2,62827
1783401600000,62834.9,62958.5,62807.4,62940
1783401900000,62935,62935.2,62820.6,62885.5
1783402200000,62865.5,63086.7,62865.5,63054.2
1783402500000,63072,63150.8,63026.4,63121.3
1783402800000,63118.6,63133.1,63087.1,63121.3
1783403100000,63121.4,63150.5,63081.1,63109.9
1783403400000,63089.2,63210.5,63089.2,63202.9
1783403700000,63200.1,63218.3,63055.4,63055.4
1783404000000,63073.2,63172.7,63026.5,63068.4
1783404300000,63065.1,63065.1,62960,63025.5
1783404600000,63035.7,63045.2,62918.5,62965.1
1783404900000,62984.9,63103.3,62974.1,63027.1
1783405200000,63007.5,63080,63007.5,63048.9
1783405500000,63043.1,63127.8,63008.5,63112.5
1783405800000,63110.3,63192.3,63072.3,63182.8
1783406100000,63181.8,63239.9,63141.7,63194.8
1783406400000,63195.1,63239.9,63166.5,63196.1
1783406700000,63195.9,63269.4,63175.3,63261.6
1783407000000,63269.4,63354.4,63219.7,63322.4
1783407300000,63321.2,63348.9,63267.2,63288.8
1783407600000,63270.6,63402.3,63243.1,63318.1
1783407900000,63317.8,63341,63256.1,63264
1783408200000,63265.6,63358.8,63251.4,63344.5
1783408500000,63342.5,63358.8,63250.3,63259.1
1783408800000,63299.1,63317.9,63201,63201
1783409100000,63228.3,63251.6,63163.6,63191.1
1783409400000,63190.4,63227.7,63147.6,63149.4
1783409700000,63146.9,63146.9,63021.1,63065.6
1783410000000,63072.6,63175.8,63038.6,63082.8
1783410300000,63089.8,63142,63074.2,63097.7
1783410600000,63121.8,63138.3,63038.3,63076.8
1783410900000,63051.9,63098.5,63007.1,63034.8
1783411200000,63011.3,63080.6,62996.6,63022.4
1783411500000,63023.9,63040.3,62972.3,63010.5
1783411800000,63013.1,63143.5,62988.1,63069.5
1783412100000,63067.6,63116.6,63013,63110.3
1783412400000,63109.4,63122.1,63061.6,63088.2
1783412700000,63086.4,63090.6,62987.2,63037.3
1783413000000,63031.1,63044.4,62931.1,63029.2
1783413300000,63008.7,63057.1,62980.9,63043.5
1783413600000,63043.9,63064.1,62985.9,63021.6
1783413900000,63048.1,63052.1,62987.6,63005.7
1783414200000,63023.4,63028.5,62962,62994.1
1783414500000,62991.6,63090,62977.1,63044.8
1783414800000,63042.5,63114.3,62990.2,63108.8
1783415100000,63108,63148,63057.6,63120.9
1783415400000,63115.4,63195.4,63102,63173.4
1783415700000,63190.8,63195.3,63141.6,63166.7
1783416000000,63171.6,63174.1,63100.6,63121.8
1783416300000,63123.3,63165.1,63093.6,63111.9
1783416600000,63105,63121.5,63074,63114.3
1783416900000,63106.9,63169.8,63084.1,63135.2
1783417200000,63155.9,63242.3,63128.5,63232.4
1783417500000,63242.3,63288.8,63153.9,63255
1783417800000,63255.4,63264.3,63169.9,63191.6
1783418100000,63188.3,63215.6,63154.8,63189.7
1783418400000,63190.2,63397,63174.2,63368.3
1783418700000,63347.6,63390,63295.3,63326.2
1783419000000,63322.1,63336,63266.1,63279.6
1783419300000,63303,63388.6,63288.8,63381.1
1783419600000,63381.5,63408.3,63281.1,63310.3
1783419900000,63303.9,63335.3,63243.5,63264.8
1783420200000,63248.1,63248.1,63156.1,63203.7
1783420500000,63203,63250.7,63186.3,63249
1783420800000,63248.5,63253.6,63206.4,63206.4
1783421100000,63222.2,63229.1,63186.8,63198.1
1783421400000,63197.1,63214.6,63170,63205.8
1783421700000,63205.3,63226.2,63166.5,63226.2
1783422000000,63203.1,63221.7,63043.6,63103.2
1783422300000,63112,63167.5,63085.4,63129.6
1783422600000,63108,63131.9,63067.5,63097.5
1783422900000,63081.8,63134.3,63062.1,63107.7
1783423200000,63125.3,63171.7,63099.7,63135
1783423500000,63135.2,63171.1,63089.3,63116.5
1783423800000,63111.5,63146,63054.5,63082.6
1783424100000,63081.1,63188.5,63049.1,63098.3
1783424400000,63102.3,63211.6,63078.4,63211.6
1783424700000,63203.5,63360.3,63197.4,63349
1783425000000,63350.3,63398.3,63235.4,63273.1
1783425300000,63278.2,63351.9,63258.3,63342.1
1783425600000,63346.6,63432.5,63311.9,63407.3
1783425900000,63432.5,63724.9,63417.3,63723.1
1783426200000,63723.6,63808.1,63576.6,63753.7
1783426500000,63751,63751,63593.9,63636.3
1783426800000,63635.3,63709.8,63574.3,63696.7
1783427100000,63695.2,63725.4,63618.5,63645.6
1783427400000,63649.4,63649.4,63475.2,63536.1
1783427700000,63536.9,63536.9,63413.6,63494.4
1783428000000,63494.1,63576.4,63483,63531.7
1783428300000,63550.5,63550.5,63413.8,63413.8
1783428600000,63413.5,63491.1,63396,63437.6
1783428900000,63435.8,63445.6,63377.7,63400.4
1783429200000,63416.3,63422.8,63256.6,63281.1
1783429500000,63286.4,63330.4,63208.4,63298
1783429800000,63279.6,63318.6,63192.1,63272
1783430100000,63281,63306.5,63179.2,63238.3
1783430400000,63232.4,63237.7,63068.5,63085.8
1783430700000,63076.8,63084.4,62999.4,63045
1783431000000,63015.1,63192.9,63013.7,63085.2
1783431300000,63111.8,63141.8,62912.3,62978.8
1783431600000,62964.6,63113.6,62928.6,63101.4
1783431900000,63068.5,63351.1,63046.8,63270.8
1783432200000,63247.8,63324.1,62942.5,63055.8
1783432500000,63066.2,63066.2,62928.9,62986.9
1783432800000,62968,63062.6,62786,63011
1783433100000,63010.9,63191.9,62916.7,63015.9
1783433400000,63015.5,63068.7,62884,62888.5
1783433700000,62893.2,63030.4,62839.8,62964.2
1783434000000,62977.6,63083.3,62864.3,62950.8
1783434300000,62954.7,63090.7,62864,63082.9
1783434600000,63083.6,63189.1,62968.7,63110.1
1783434900000,63100.5,63147.8,62590.8,62829.2
1783435200000,62828.6,62950.2,62769.1,62874.4
1783435500000,62874.8,63215,62873.3,63173.7
1783435800000,63172.1,63453.4,63113,63307.5
1783436100000,63311.9,63577.4,63282.6,63497.1
1783436400000,63499.8,63571.1,63345.7,63419
1783436700000,63420,63470.6,63295.3,63443.5
1783437000000,63464.6,63527.7,63383.9,63455.2
1783437300000,63454.8,63596.8,63414.9,63544.9
1783437600000,63543.1,63703,63509.9,63686.6
1783437900000,63685.1,63741.6,63604.1,63690.3
1783438200000,63688.5,63755.1,63602.2,63688.2
1783438500000,63704.4,63925.4,63641.1,63788.6
1783438800000,63770.7,63801.9,63656,63787
1783439100000,63792.4,64049.8,63776.9,63941.5
1783439400000,63940.7,64055.4,63909.1,63914.2
1783439700000,63909.2,63916.8,63823.8,63863.5
1783440000000,63882.6,63951.7,63820.2,63879.1
1783440300000,63885.1,63999.9,63785.2,63824
1783440600000,63820.7,63852.9,63739.1,63826.3
1783440900000,63825.6,63918.5,63738.1,63804.8
1783441200000,63807.8,63992.3,63804.5,63975.3
1783441500000,63974.6,64021.1,63916.7,63947.5
1783441800000,63913.2,64000.5,63857.1,63939.9
1783442100000,63948,63987.3,63868.6,63984.2
1783442400000,63983.1,64039.3,63916,63983.4
1783442700000,64002.3,64003.8,63940.7,63951.7
1783443000000,63971.4,64194.3,63941.8,64078.1
1783443300000,64073.7,64073.7,63915.2,63933
1783443600000,63937.3,64010.7,63896.9,64003.6
1783443900000,63999.1,64092.3,63957.3,64038.8
1783444200000,64035.2,64046.3,63937.8,63946.7
1783444500000,63947.5,63984.8,63817.7,63929.2
1783444800000,63927.6,64047.1,63905.6,64006.3
1783445100000,64005.6,64110.4,63990,64097.1
1783445400000,64097.5,64115.4,64028.8,64102.4
1783445700000,64107.8,64150,64038.4,64109.6
1783446000000,64105.6,64186,64066.1,64179.8
1783446300000,64180,64180,64060.7,64127.3
1783446600000,64126.6,64144.7,64051.6,64140.3
1783446900000,64134.7,64158.9,64074.9,64146.4
1783447200000,64119.6,64143.3,63981.4,64003.4
1783447500000,64015,64024.2,63931.5,64021.1
1783447800000,64020.4,64020.4,63962.2,63972.9
1783448100000,63974,64023.9,63915.6,63997.5
1783448400000,64025.5,64099.9,63976.6,63995.9
1783448700000,64005,64017.2,63915.6,63940
1783449000000,63939.1,63967.9,63883.6,63951.7
1783449300000,63949.3,64016.5,63929,64006.1
1783449600000,64005.2,64047.4,63947.2,64026.4
1783449900000,64053.8,64103.5,63788.9,63878.3
1783450200000,63859.6,63867.3,63628.8,63724.3
1783450500000,63723.9,63739.6,63604.2,63633.6
1783450800000,63622.8,63727.7,63499.3,63637.1
1783451100000,63643.3,63706.1,63521.7,63567.5
1783451400000,63545.2,63568.8,63471.2,63493.4
1783451700000,63488.5,63505.1,63330.7,63467.9
1783452000000,63471.3,63559.2,63385.8,63537.3
1783452300000,63537.5,63641.7,63454.3,63556.7
1783452600000,63557.5,63758.9,63542.1,63736.1
1783452900000,63735.6,63757.3,63665.9,63742.2
1783453200000,63706.1,63774.6,63684.7,63757.4
1783453500000,63759.3,63848.9,63719.2,63805.5
1783453800000,63801.6,63828.8,63763.9,63797.1
1783454100000,63766.7,63803.6,63713.7,63775
1783454400000,63778.9,63860.1,63733,63834
1783454700000,63813.7,63819.3,63630.1,63666.6
1783455000000,63663.9,63743.8,63644.8,63716.8
1783455300000,63738.2,63779.3,63653.5,63703.7
1783455600000,63680.9,63716.1,63645.1,63696.4
1783455900000,63696.5,63724.5,63668.4,63692.6
1783456200000,63693.7,63712.4,63552.6,63621.4
1783456500000,63621.5,63643.3,63589.6,63615.5
1783456800000,63615.6,63687.3,63592,63634
1783457100000,63637.7,63643.3,63557.9,63585
1783457400000,63590.9,63616.6,63561.3,63587.4
1783457700000,63586.7,63659.5,63584.7,63653.9
1783458000000,63655,63783.6,63639,63776.9
1783458300000,63782.9,63828.3,63703.9,63727.3
1783458600000,63726.3,63777.9,63711.2,63742.3
1783458900000,63737.4,63737.4,63419.1,63506.8
1783459200000,63507,63515.2,63378.3,63393.7
1783459500000,63396.8,63480.8,63323.4,63477
1783459800000,63473.5,63497.7,63382,63442.4
1783460100000,63420.7,63446.3,63277.4,63338.8
1783460400000,63333.7,63392.5,63281.4,63359.9
1783460700000,63352.6,63479.7,63315.3,63473.7
1783461000000,63472.9,63484.7,63364,63386.5
1783461300000,63407.4,63450.1,63326.4,63385.3
1783461600000,63364.4,63364.4,63160.7,63293.5
1783461900000,63288.2,63404,63247.8,63358.7
1783462200000,63356.6,63425.5,63319.2,63417.1
1783462500000,63418.6,63470.3,63399.5,63407.7
1783462800000,63409.3,63477.3,63368.5,63390
1783463100000,63390.1,63420.9,63329.3,63417.5
1783463400000,63417.4,63495.8,63373.8,63494.4
1783463700000,63492.6,63619.1,63487.5,63576.3
1783464000000,63582.2,63592.2,63532.4,63568.1
1783464300000,63567.3,63567.3,63430.5,63454.7
1783464600000,63459.4,63549.8,63459.4,63492.7
1783464900000,63495.9,63527.2,63465.2,63503.9
1783465200000,63473.5,63577.7,63464.6,63555.7
1783465500000,63555.1,63628.3,63519,63592.8
1783465800000,63586.9,63610,63554.6,63599.9
1783466100000,63604.4,63669.1,63583.5,63669.1
1783466400000,63650.6,63668.3,63590.1,63607.4
1783466700000,63606,63621.8,63554,63611.8
1783467000000,63611.5,63622.2,63504,63537.5
1783467300000,63532,63545.5,63478.4,63511.2
1783467600000,63510.4,63514,63382,63399.2
1783467900000,63394.4,63415.2,63345.9,63362.4
1783468200000,63383.3,63412.7,63320.7,63345.8
1783468500000,63345.6,63357.2,63256.4,63296
1783468800000,63322.7,63395.6,63244,63373.1
1783469100000,63390,63446.2,63370.6,63445.5
1783469400000,63438,63475.4,63371.6,63452.3
1783469700000,63453.3,63478.4,63348.5,63395.6
1783470000000,63395.9,63563.1,63395.9,63554.7
1783470300000,63552.7,63642.3,63494.6,63568.4
1783470600000,63565.6,63598.4,63506.1,63540.9
1783470900000,63544.7,63642.3,63486.9,63642.3
1783471200000,63639.1,63716.6,63579.7,63665.1
1783471500000,63662,63674.7,63559.9,63568.7
1783471800000,63575.9,63613,63551.3,63569.4
1783472100000,63572.9,63642,63519.2,63569.4
1783472400000,63570.1,63570.4,63465.4,63480.5
1783472700000,63478.3,63494.5,63417.5,63464.5
1783473000000,63463.6,63605.1,63442.2,63587.2
1783473300000,63585.4,63585.4,63478.3,63492.3
1783473600000,63493.1,63584.5,63471,63531.7
1783473900000,63535.9,63547.7,63374.3,63390.3
1783474200000,63386.4,63406.7,63278.1,63303.6
1783474500000,63287.5,63319.9,62863.2,62976.8
1783474800000,62951.1,63134.8,62951.1,63105.2
1783475100000,63100.5,63172.2,63078.2,63151.1
1783475400000,63158.4,63175.3,63049.5,63062.5
1783475700000,63065.4,63073.5,62905.5,62975.2
1783476000000,62968.7,62979.7,62796.4,62890
1783476300000,62900.5,62962.9,62760.7,62774.3
1783476600000,62778,62905.4,62760.6,62837.1
1783476900000,62836.5,62874.1,62750.5,62822.9
1783477200000,62825,62889.2,62744.7,62874.6
1783477500000,62871.3,62948.5,62819.4,62843.3
1783477800000,62821.7,62870.9,62637.2,62666.6
1783478100000,62671.5,62748.4,62469.9,62705.6
1783478400000,62711.6,62929.9,62688.3,62924
1783478700000,62929.4,63021.4,62896.1,62965.4
1783479000000,62966.3,62983.6,62841.2,62879
1783479300000,62901.9,62946.1,62877.1,62941.2
1783479600000,62949.1,63042.3,62922.8,62990.5
1783479900000,62989.2,63002.3,62915.3,62950.9
1783480200000,62971.9,63053.7,62959.9,63021.4
1783480500000,63001.4,63026.7,62922.5,62946.6
1783480800000,62952,63018.4,62902.4,62945.8
1783481100000,62939.3,63021.1,62917.9,62983.4
1783481400000,63001.7,63001.7,62854.9,62883.6
1783481700000,62892.9,62956.4,62863.1,62921.7
1783482000000,62931.5,62931.5,62844.9,62900
1783482300000,62902.9,62902.9,62825.3,62839.8
1783482600000,62850.2,62854.5,62638.4,62660.7
1783482900000,62632.4,62729.4,62632.4,62718.6
1783483200000,62725.3,62782,62662.1,62773.3
1783483500000,62773.7,62805.6,62687.8,62791.8
1783483800000,62792.7,62816,62729.9,62748.4
1783484100000,62753,62796.4,62723.7,62754.6
1783484400000,62758.7,62857.5,62741.1,62839.8
1783484700000,62834.9,62842.6,62785.3,62805.2
1783485000000,62836.3,62855.7,62711.2,62733.8
1783485300000,62735.1,62801.5,62637.1,62680.4
1783485600000,62681.9,62752.4,62659.6,62689.1
1783485900000,62687.4,62723.3,62636.9,62636.9
1783486200000,62649.9,62701.3,62603.2,62670.6
1783486500000,62668.9,62765,62641.2,62743.9
1783486800000,62749.4,62790.4,62692.2,62739.4
1783487100000,62740.7,62830,62732.1,62783.3
1783487400000,62783.5,62789.9,62721,62750.8
1783487700000,62750.7,62797.6,62711,62764.6
1783488000000,62765.2,62802.9,62703.4,62703.4
1783488300000,62701.3,62737.1,62657.1,62721.7
1783488600000,62717,62731,62607.3,62723.5
1783488900000,62729.6,62731.2,62583.4,62611.8
1783489200000,62617.2,62631.9,62548.2,62572.1
1783489500000,62566.2,62587.8,62497.1,62533
1783489800000,62548.2,62587.9,62482.8,62580.5
1783490100000,62561.5,62637,62561.5,62583.7
1783490400000,62599.7,62599.7,62516.6,62552.6
1783490700000,62553.4,62588,62503.2,62572.8
1783491000000,62574.3,62578.4,62486.2,62572.7
1783491300000,62572.5,62593,62503.4,62518.7
1783491600000,62535.9,62632.2,62428.7,62622.5
1783491900000,62619.1,62654.2,62545.4,62568.1
1783492200000,62562.5,62585.1,62452.7,62498.5
1783492500000,62497.8,62511.8,62410.2,62464.4
1783492800000,62468.1,62526,62435,62487.7
1783493100000,62489.7,62604,62452.2,62575.7
1783493400000,62605.7,62696.3,62576.4,62656
1783493700000,62635.9,62664.6,62556.7,62603.6
1783494000000,62604.6,62620.5,62499.3,62530.3
1783494300000,62531.2,62562.1,62475,62558.2
1783494600000,62564.2,62699.6,62539.8,62690
1783494900000,62686.1,62693.4,62607.5,62638.3
1783495200000,62637,62688.9,62610.6,62687
1783495500000,62694.6,62783.3,62669.7,62757.5
1783495800000,62737.2,62834,62736.8,62803.4
1783496100000,62831,62831,62697.1,62719
1783496400000,62720.9,62775.3,62702,62775.3
1783496700000,62774.7,62825.7,62735.3,62817.5
1783497000000,62818.2,62845.7,62763.5,62843.5
1783497300000,62840,62842.9,62799.4,62834
1783497600000,62830,62873.9,62779.7,62835.8
1783497900000,62831.4,62889.7,62722.3,62784.2
1783498200000,62776.8,62804.7,62715.6,62780
1783498500000,62781.5,62798,62249.2,62376.5
1783498800000,62376,62443.3,62110.5,62169.2
1783499100000,62140.9,62188.6,62007.6,62028.1
1783499400000,62025.9,62113.5,61880.7,62075.3
1783499700000,62090.8,62101.6,61836.8,61934.4
1783500000000,61931.1,62009,61777.7,61975.7
1783500300000,61996.6,62286.2,61965.2,62132
1783500600000,62127.1,62183.9,62068.7,62097.8
1783500900000,62088.7,62166.4,61920.6,61959.8
1783501200000,61966.9,62057.1,61860.2,62055.1
1783501500000,62054.8,62058.1,61878.4,61895.3
1783501800000,61875.2,61931.9,61806,61806
1783502100000,61822.7,61861.2,61664.1,61728.2
1783502400000,61735.3,61829.8,61707.7,61770.1
1783502700000,61768.5,61885,61741.1,61879.5
1783503000000,61879.7,62110.2,61870.1,62110.2
1783503300000,62107.5,62107.5,61971.9,62041.4
1783503600000,62049.5,62091.6,61987.7,62091.6
1783503900000,62065,62093.4,61996.7,62040.5
1783504200000,62023.2,62064.6,61977.5,62014.8
1783504500000,62004.2,62044.4,61982,62008.4
1783504800000,61983.2,62037.5,61872.6,61894.2
1783505100000,61894.7,61910.7,61827.1,61848.9
1783505400000,61876.5,61945.9,61839,61940.8
1783505700000,61952.6,61971.8,61905.4,61954.4
1783506000000,61956.9,62019.6,61952.4,62001.4
1783506300000,62001.8,62055.4,61989,62053
1783506600000,62050,62099.8,61990.1,62089
1783506900000,62096.1,62114.7,62021.9,62069.8
1783507200000,62070.2,62101.4,62053,62088.4
1783507500000,62068.8,62117,62020.1,62092.1
1783507800000,62099.1,62144.9,62070.5,62107.2
1783508100000,62083.1,62132,62056.5,62126.1
1783508400000,62124.5,62139.5,62056.2,62085
1783508700000,62086.1,62128.4,62068.8,62078.2
1783509000000,62104.3,62110.5,61997.5,62057.2
1783509300000,62063.1,62118.1,62006.5,62081.3
1783509600000,62081.4,62105,62023.4,62026.7
1783509900000,62026.5,62064.6,61979.8,62064.6
1783510200000,62070.8,62111.9,62006.4,62107.3
1783510500000,62112.3,62128.4,62046,62090
1783510800000,62086.4,62335,62038.7,62277.9
1783511100000,62262.5,62296.5,62211.4,62217.6
1783511400000,62236.6,62310.2,62168.7,62296.5
1783511700000,62292.7,62307,62199,62226.6
1783512000000,62246.9,62246.9,62133.7,62237.5
1783512300000,62241.7,62373.8,62219.1,62352.9
1783512600000,62347.1,62370.9,62251.7,62261.7
1783512900000,62260.9,62326.3,62229.5,62290
1783513200000,62268.1,62302.4,62184.9,62205.3
1783513500000,62205.8,62238.1,62151.4,62208.9
1783513800000,62220.3,62248.1,62066.5,62107.5
1783514100000,62113.2,62113.2,62017.5,62105.2
1783514400000,62080.6,62093.9,62014.2,62022.1
1783514700000,62044.6,62052.9,61984.1,62011.2
1783515000000,62008.8,62075.9,61992.7,62059.9
1783515300000,62054.8,62098.5,61882.8,61902.7
1783515600000,61897.4,61925.7,61857.8,61875.1
1783515900000,61883.6,61939.5,61769.3,61925.9
1783516200000,61941.3,61941.3,61817.1,61862.2
1783516500000,61856.7,61888.3,61793.3,61827.7
1783516800000,61822.4,61836.9,61773.1,61806.1
1783517100000,61789.2,61803.8,61671.5,61737.5
1783517400000,61770.3,61992.3,61769.1,61974
1783517700000,61983.4,62035.6,61869.7,61964.7
1783518000000,61950.3,62028.5,61855.2,61891.3
1783518300000,61888.2,61910,61587.7,61673.2
1783518600000,61667.7,61715.3,61586.4,61614.8
1783518900000,61609.2,61902.7,61554.3,61879.3
1783519200000,61876.7,62003.1,61842.3,61893.7
1783519500000,61895.9,62009.9,61866,61988
1783519800000,61988.4,62086.1,61932.8,61978.1
1783520100000,61970.7,61980.2,61745.8,61856.6
1783520400000,61875.1,62114.2,61853,62004.7
1783520700000,62003.3,62086,61879.7,61934
1783521000000,61936.2,61978.9,61801.1,61953.2
1783521300000,61953.6,61969.7,61818,61845.8
1783521600000,61846,61922.5,61769.6,61843.4
1783521900000,61856.8,61856.8,61638.9,61709.9
1783522200000,61692.1,61985.1,61628,61929.9
1783522500000,61919.1,61928.8,61792.8,61824.6
1783522800000,61839,61859.5,61709.8,61734.5
1783523100000,61733.2,61814.8,61672.3,61689.1
1783523400000,61684.8,61715.3,61506.3,61538.2
1783523700000,61539.9,61649.5,61473.2,61607.7
1783524000000,61608.8,61629,61482.9,61500.5
1783524300000,61520.4,61624.7,61462.3,61560.2
1783524600000,61542.6,61651.6,61498.6,61615.8
1783524900000,61646.8,61735.9,61579.4,61618.6
1783525200000,61601.6,61674.5,61518.3,61554.1
1783525500000,61538.3,61632.5,61507.2,61614
1783525800000,61628.2,61678,61586.4,61631.6
1783526100000,61648.3,61673.4,61586.9,61633.2
1783526400000,61633.8,61722.3,61605.5,61632.1
1783526700000,61653,61834.9,61635.2,61819.9
1783527000000,61822.4,61822.4,61745.3,61769.8
1783527300000,61779.4,61829.4,61703.4,61804
1783527600000,61803.1,61902.7,61784.2,61854.9
1783527900000,61855,61925.2,61819.4,61851.8
1783528200000,61852.8,61892.2,61767.9,61787.9
1783528500000,61767.4,61859.4,61708.8,61833.4
1783528800000,61832.9,62022.5,61793.7,61995.8
1783529100000,61994.8,62001.5,61930.1,61953.2
1783529400000,61955,61991.4,61932.2,61973.8
1783529700000,61973.4,62094.2,61949.3,62047
1783530000000,62046.3,62054.1,61954.7,62004.5
1783530300000,61987.4,62091.6,61952.8,62068.1
1783530600000,62044.9,62064.8,61972.6,61979.6
1783530900000,61995.6,62086.5,61963.8,62055.6
1783531200000,62075.8,62242.3,62055.7,62171.5
1783531500000,62182.3,62258.9,62126.6,62253
1783531800000,62256.8,62338.1,62206.9,62268.6
1783532100000,62288.4,62344.3,62253.1,62321.1
1783532400000,62319.9,62326.9,62175.4,62203.6
1783532700000,62204.4,62220.5,62150.4,62180.9
1783533000000,62182.2,62186.8,61999.6,62011.5
1783533300000,62029,62063.4,61981.5,62060.2
1783533600000,62053.6,62236.9,62018.1,62164.1
1783533900000,62165.5,62192.6,62081.2,62142.3
1783534200000,62120.8,62248.8,62110.7,62230.3
1783534500000,62239.4,62304.7,62201.8,62235.2
1783534800000,62250.1,62257.4,62126.7,62130.3
1783535100000,62151.5,62188.6,62112,62132.4
1783535400000,62130.9,62130.9,62012.6,62028.9
1783535700000,62025.1,62042.2,61961.8,62009
1783536000000,62018.4,62045.2,61980,62014.5
1783536300000,62037.8,62154.3,62009.2,62146.9
1783536600000,62153.4,62225.1,62128.9,62147.7
1783536900000,62141.1,62147.7,62083.9,62125.1
1783537200000,62135.7,62219,62103.4,62128.2
1783537500000,62125.4,62138.9,62048.6,62101.8
1783537800000,62108.9,62108.9,62014.9,62017.3
1783538100000,62032.9,62070.3,61999.4,62026.2
1783538400000,62032.4,62171.2,62012.2,62157
1783538700000,62163,62192.7,62122.9,62175.2
1783539000000,62177.5,62204.2,62140,62183.1
1783539300000,62183,62222.5,62132.7,62200.4
1783539600000,62198.7,62240.5,62162.4,62227.4
1783539900000,62219.7,62238.7,62048.3,62091.1
1783540200000,62090.1,62140.4,62050,62134.1
1783540500000,62140.4,62243.1,62117.4,62233.6
1783540800000,62208.5,62236.6,62130.2,62211.4
1783541100000,62211.8,62266.3,62182.8,62239.8
1783541400000,62239,62239,62113.5,62203.4
1783541700000,62199.7,62199.7,62074.5,62125.3
1783542000000,62125.6,62206.3,62101.4,62172
1783542300000,62142.4,62220.4,62142.4,62215.2
1783542600000,62194.3,62223,62150.3,62176.3
1783542900000,62177.5,62183,62039.9,62104.1
1783543200000,62084.1,62179.6,62084.1,62141.8
1783543500000,62136.7,62175.3,62108,62162.9
1783543800000,62145.1,62197.5,62035.8,62065.4
1783544100000,62045.6,62078.9,62019.2,62054.7
1783544400000,62064.4,62096.1,62021.6,62061.3
1783544700000,62060.9,62095,61989.5,62024.1
1783545000000,62025.1,62041.7,61890.4,61949.1
1783545300000,61946,62002.1,61909.5,61968.6
1783545600000,61970.4,62036,61938.4,62024.8
1783545900000,62022.8,62059.7,61978.1,62059.7
1783546200000,62060.4,62106.8,62021.4,62057.5
1783546500000,62054.4,62119.2,61986.2,62041.1
1783546800000,62062,62089.7,61991.5,62044
1783547100000,62045.6,62105.8,62011.1,62090.6
1783547400000,62105.6,62142.9,62034.1,62138.8
1783547700000,62129.4,62202.6,62113.8,62136.2
1783548000000,62138.1,62242.3,62110.5,62219.9
1783548300000,62219.3,62306.4,62145.4,62172.8
1783548600000,62167.8,62205,62140.9,62163.1
1783548900000,62168.9,62207.9,62113.4,62148.9
1783549200000,62165.2,62236.7,62114,62226
1783549500000,62219.3,62258.7,62187.4,62252.6
1783549800000,62258.7,62286.9,62189.3,62237.7
1783550100000,62235.4,62252.2,62191.7,62204.5
1783550400000,62204.6,62278.3,62204.6,62274
1783550700000,62273,62278,62214.7,62247.6
1783551000000,62248,62248.7,62185.6,62214.2
1783551300000,62214.9,62288.6,62192.7,62281.5
1783551600000,62277.5,62277.5,62222.5,62243.3
1783551900000,62242.5,62299.4,62228.9,62256.8
1783552200000,62255.3,62299.3,62234.6,62275.3
1783552500000,62273.3,62280.9,62195.9,62228.3
1783552800000,62224.5,62224.5,62162.9,62182.4
1783553100000,62184,62220.9,62140.7,62216
1783553400000,62212,62213.6,62098.3,62163.8
1783553700000,62171.5,62192.7,62125.2,62156.5
1783554000000,62149.6,62224.7,62119.6,62208.8
1783554300000,62205.4,62243.6,62161.2,62186.4
1783554600000,62206.3,62278.1,62177,62257
1783554900000,62259.3,62282.5,62218.3,62237
1783555200000,62235,62268.3,62115.4,62155.7
1783555500000,62151.8,62169.9,62110.5,62123.1
1783555800000,62125.6,62213.6,62087.7,62189.9
1783556100000,62171.1,62209.2,62107.7,62125.6
1783556400000,62125.9,62166.6,62077.2,62103.6
1783556700000,62098.3,62149.1,62056.6,62142.7
1783557000000,62141.1,62238.2,62118,62159.5
1783557300000,62140.2,62195.9,62093.6,62114.6
1783557600000,62111.5,62154,62023.1,62150.6
1783557900000,62147.7,62201.1,62120.2,62130.4
1783558200000,62129,62144.4,61996.5,62033.7
1783558500000,62038.4,62082.6,62010.3,62079.7
1783558800000,62082.6,62166.2,62041.1,62154.2
1783559100000,62152.6,62592.2,62071.3,62577.1
1783559400000,62570.6,62570.6,62302.9,62354.2
1783559700000,62363.2,62470.3,62290.6,62457.6
1783560000000,62456.4,62498.8,62357.7,62391.3
1783560300000,62391.8,62417.1,62291.5,62341.8
1783560600000,62348.2,62359,62163.4,62216.1
1783560900000,62219.9,62260.6,62181.8,62206.2
1783561200000,62203.3,62209.8,61985.4,62057.8
1783561500000,62058.7,62065.6,61910.7,61996.4
1783561800000,61971.6,62003.9,61770.1,61881.3
1783562100000,61856.5,61898.4,61793.1,61856.2
1783562400000,61858.8,61903.1,61743.9,61885.7
1783562700000,61888,61998.8,61856,61972.8
1783563000000,61973,62037.6,61954.9,62005
1783563300000,62025.8,62068.5,61924.5,62007.2
1783563600000,62014.6,62066.5,61964.3,62023.3
1783563900000,62027.6,62050.1,61892.7,61952.3
1783564200000,61947,61986.2,61798.2,61813.5
1783564500000,61807.5,61851.8,61729.3,61820.6
1783564800000,61849.8,61878.4,61744.2,61755.9
1783565100000,61750.1,61792,61662.1,61689.8
1783565400000,61689.5,61756.6,61623.1,61753.6
1783565700000,61754.9,61760.8,61703.7,61727.5
1783566000000,61735.1,61786.6,61682.7,61684.7
1783566300000,61683.1,61775.5,61648.5,61735.1
1783566600000,61754.4,61812.8,61706,61796
1783566900000,61791.1,61857.6,61662.1,61734.7
1783567200000,61727.4,61857.4,61720.8,61822.7
1783567500000,61842.4,61898.9,61783.2,61859.3
1783567800000,61863.2,62011.4,61837.1,61959
1783568100000,61963.6,61985.2,61898.7,61918.7
1783568400000,61899.6,61926.4,61810.1,61926.4
1783568700000,61924.6,61926.2,61838,61876.4
1783569000000,61869.4,61929,61848.6,61924
1783569300000,61932.5,61949.6,61907.7,61918.8
1783569600000,61927.1,61982.6,61885.5,61970.7
1783569900000,61971.6,62042.2,61952.8,62013.6
1783570200000,62009.7,62020.4,61939.6,61973.6
1783570500000,61974.5,62065.9,61957.9,61989.2
1783570800000,61987.6,62003.5,61945.9,61977.9
1783571100000,61980.1,62046.8,61954.1,62039
1783571400000,62039.5,62183.4,62015.6,62149.8
1783571700000,62150,62242.3,62135.2,62208
1783572000000,62210.8,62252.3,62191.5,62248.6
1783572300000,62249.3,62272.2,62207.4,62264.4
1783572600000,62263.7,62356.1,62247.2,62310.1
1783572900000,62314.7,62408.9,62270.2,62401.1
1783573200000,62383.2,62427.9,62298.4,62396.7
1783573500000,62400.8,62420.7,62314.1,62389.4
1783573800000,62389.3,62576.7,62371.2,62447.2
1783574100000,62454.8,62486.6,62323.8,62359.2
1783574400000,62353.9,62370.1,62193.7,62257.1
1783574700000,62259.5,62276,62204.2,62249.6
1783575000000,62254.9,62269,62163.3,62244.5
1783575300000,62248.3,62359.6,62214.7,62304.9
1783575600000,62306.8,62346.7,62281.4,62322.7
1783575900000,62318.4,62434.9,62278.9,62434.9
1783576200000,62429.4,62509.9,62405.1,62475.3
1783576500000,62475.2,62541.6,62467.5,62535.8
1783576800000,62539.9,62710.3,62495.1,62590.8
1783577100000,62590.3,62618.9,62444.2,62444.2
1783577400000,62466.1,62493.1,62412.9,62475.9
1783577700000,62474.2,62544.2,62430.3,62497.6
1783578000000,62495.2,62570.8,62442.8,62554.3
1783578300000,62551,62806,62530.8,62759.7
1783578600000,62757.7,62775.1,62676.8,62740.3
1783578900000,62744.9,62778.7,62720.5,62730.5
1783579200000,62710.8,62794.9,62694.2,62794.4
1783579500000,62790.2,62840.9,62744.3,62760.5
1783579800000,62766,62815.1,62754.8,62773.8
1783580100000,62792.1,62916.6,62773.8,62902.7
1783580400000,62902.6,63123.8,62888.3,62893.4
1783580700000,62888.9,62904.9,62810.1,62840.6
1783581000000,62839.5,62901.9,62778,62891.6
1783581300000,62867.6,63036.7,62791.4,63031.5
1783581600000,63027.7,63042.4,62794.8,62809.9
1783581900000,62807.6,62886.7,62778,62866.6
1783582200000,62866.2,62866.6,62785.9,62795.8
1783582500000,62800,62817.8,62729.8,62781.5
1783582800000,62778.8,62997.6,62748.4,62969.5
1783583100000,62969.7,63216.7,62956.1,63072.2
1783583400000,63067.5,63112.2,63024.2,63050
1783583700000,63058.1,63058.1,62898.7,62949.6
1783584000000,62958.7,62965.1,62869.8,62934
1783584300000,62933.4,62972.8,62868.2,62883.3
1783584600000,62885.8,62917.8,62837.1,62905.9
1783584900000,62904.7,62930.3,62851.8,62899.3
1783585200000,62899.1,63001.4,62899.1,62966.3
1783585500000,62963.1,62996.9,62929.1,62988.2
1783585800000,62993,62993,62908.1,62927.2
1783586100000,62930.1,63032.8,62918.3,63029.2
1783586400000,63025.1,63030,62954,62957.1
1783586700000,62974.7,62983.5,62876.2,62895.1
1783587000000,62892.1,62897.8,62770,62885.8
1783587300000,62887,62887.2,62811.3,62840.6
1783587600000,62839.3,62888,62779.6,62804.1
1783587900000,62783,62823.2,62743.8,62796.4
1783588200000,62800.3,62842.9,62765.6,62789.7
1783588500000,62789.5,62863.9,62767.5,62788.9
1783588800000,62783.9,62820.2,62764.1,62800.6
1783589100000,62796.2,62884.5,62753.1,62872.6
1783589400000,62875.2,62930.7,62821.8,62912.1
1783589700000,62912.3,62947.8,62852.4,62922.9
1783590000000,62921.4,62931,62710.5,62749.7
1783590300000,62726.8,62827.7,62717.1,62813.3
1783590600000,62814.4,62869.4,62800.4,62869.3
1783590900000,62866.9,62916.5,62844.5,62898.8
1783591200000,62897.5,62907.9,62837.3,62907.1
1783591500000,62906.9,62958.9,62857.9,62950.2
1783591800000,62951.4,63004.9,62905.4,62952.5
1783592100000,62955.6,62963.8,62883.7,62910.1
1783592400000,62918.2,62920.7,62834.8,62855
1783592700000,62851.4,62863.8,62800.6,62831.3
1783593000000,62825.2,62849.5,62781.4,62834.3
1783593300000,62832.8,62899.6,62812.3,62859.4
1783593600000,62835.8,62857.2,62803.6,62853.8
1783593900000,62850.2,62850.2,62744.2,62768
1783594200000,62743.7,62782,62607.9,62687.9
1783594500000,62690.9,62740.9,62637.7,62731.8
1783594800000,62730.3,62776.4,62692.3,62708.8
1783595100000,62730.2,62757,62696.4,62718.8
1783595400000,62721,62766.8,62680.1,62724.3
1783595700000,62724.8,62741,62623,62640.5
1783596000000,62642.4,62677.8,62592.6,62613
1783596300000,62614.8,62678.1,62603.9,62644.8
1783596600000,62650.2,62678.1,62565.2,62579.1
1783596900000,62607.4,62637.3,62540.5,62624.3
1783597200000,62618.6,62619.5,62565,62599.1
1783597500000,62603.4,62628.3,62544.8,62609.8
1783597800000,62610.3,62698.5,62560.5,62683.4
1783598100000,62684.4,62760.5,62684.4,62700.6
1783598400000,62728.3,62739.7,62607.5,62639.7
1783598700000,62640.2,62811.8,62582.7,62782.9
1783599000000,62778.9,62799.9,62709.1,62720.5
1783599300000,62716.6,62760.1,62652.8,62718.5
1783599600000,62698.3,62734.4,62634.1,62686.7
1783599900000,62690.9,62793.9,62587.2,62755
1783600200000,62760.1,62765.8,62619.3,62731
1783600500000,62741.5,62901.4,62707.9,62873.5
1783600800000,62876,62896.4,62499.9,62561.8
1783601100000,62538.2,62573.2,62389.2,62495.9
1783601400000,62522.9,62618,62505,62589.8
1783601700000,62565.7,62614.9,62534.5,62558
1783602000000,62556.2,62751,62541.5,62739
1783602300000,62741.3,62804.2,62715.1,62789
1783602600000,62784.8,62872.4,62741.6,62820
1783602900000,62823.6,62823.6,62678.2,62748.5
1783603200000,62747.6,62748.5,62635.8,62648.4
1783603500000,62668.4,62758.8,62615.6,62655.9
1783603800000,62670.7,62697.7,62438.6,62580.9
1783604100000,62575.4,62808.3,62504.1,62652.1
1783604400000,62621.7,62913.5,62583.5,62895.5
1783604700000,62891.6,62926.7,62739,62872.7
1783605000000,62877.5,63188.2,62826.5,62972.4
1783605300000,62968.5,63008.2,62868.5,62973.9
1783605600000,62981.9,63091.5,62902.7,63014.8
1783605900000,63011.2,63059.7,62839.1,62869.4
1783606200000,62869.2,62907.9,62794.8,62870.9
1783606500000,62859.7,62859.7,62605.1,62649.7
1783606800000,62687.9,62736.4,62580.9,62703.3
1783607100000,62707.9,62823.8,62668.1,62823.8
1783607400000,62820.4,62820.4,62670.6,62728
1783607700000,62724,62890.9,62672.2,62876.3
1783608000000,62873,62945.8,62836.8,62860.6
1783608300000,62858.8,62969.2,62827.8,62881
1783608600000,62895.1,62921.2,62744.1,62878.6
1783608900000,62880.1,62990.3,62849.3,62957.3
1783609200000,62964,63016.8,62843.6,62921.3
1783609500000,62897,63152,62859.2,63096.2
1783609800000,63096.1,63124,62977.1,63017.6
1783610100000,63032,63088.7,62919.9,62974.9
1783610400000,62975.7,63205.5,62918.7,63052.7
1783610700000,63057.1,63097.7,62880.1,62940.2
1783611000000,62952.5,63037.2,62895.1,62930.5
1783611300000,62927.1,62927.1,62822.9,62916.8
1783611600000,62893.4,62972.3,62874.7,62921.2
1783611900000,62926,62995.9,62879,62969.8
1783612200000,62969,62977.7,62865.4,62886.9
1783612500000,62886.5,62888,62737.9,62804.4
1783612800000,62807.8,62915.7,62791.1,62900
1783613100000,62899.6,62946.4,62794.9,62811.5
1783613400000,62806.5,62834.1,62753.7,62796.7
1783613700000,62790.9,62833.6,62691.5,62720
1783614000000,62713.8,62779.4,62623.7,62655.9
1783614300000,62645.6,62658.9,62483.7,62635.5
1783614600000,62658.9,62692.1,62610.3,62645.1
1783614900000,62641.3,62742.6,62609.6,62710
1783615200000,62708.6,62735.9,62642.7,62649.9
1783615500000,62670.3,62688,62549.7,62608.2
1783615800000,62607.6,62672.8,62529.9,62652.2
1783616100000,62648.5,62672.4,62594.3,62642
1783616400000,62643.3,62734.1,62627.3,62679.3
1783616700000,62650.5,62750.2,62623.3,62688.7
1783617000000,62669.8,62743.3,62597.8,62647.8
1783617300000,62652.4,62800.4,62629.4,62770.3
1783617600000,62776.2,62799,62730.3,62731.1
1783617900000,62756,62787,62725.3,62787
1783618200000,62788.4,62812.8,62685.8,62733.5
1783618500000,62746.9,62996.5,62707.2,62971.3
1783618800000,62972,62993,62916.4,62977.6
1783619100000,62973.8,63041.4,62944.4,63011.2
1783619400000,63033.4,63073,62981.4,63045.4
1783619700000,63021.4,63122.3,62990,63066.9
1783620000000,63067.3,63176,63026.1,63059.8
1783620300000,63054.4,63446.3,63003.9,63321
1783620600000,63322,63410.9,63279.7,63310.8
1783620900000,63344.2,63369.3,63267.9,63337.8
1783621200000,63337.6,63375.1,63189.2,63222.2
1783621500000,63223.7,63340.3,63174.2,63308.2
1783621800000,63309.5,63372,63267,63329
1783622100000,63304,63339.8,63184.2,63215.6
1783622400000,63187.4,63287.2,63187.4,63268.9
1783622700000,63267.4,63311.2,63228.6,63270.8
1783623000000,63274.4,63297.4,63120,63151.1
1783623300000,63152.3,63194.3,63118.5,63172.9
1783623600000,63141.3,63206.6,63113.5,63176.2
1783623900000,63176.3,63231.1,63122.4,63197.1
1783624200000,63195.9,63227.2,63128.7,63136.6
1783624500000,63136.4,63193.2,63077.7,63147.1
1783624800000,63133.1,63165.3,63094,63160.3
1783625100000,63156,63236.3,63120.3,63213.6
1783625400000,63216.4,63238.1,63154.5,63177.5
1783625700000,63181.3,63252.3,63156.4,63226.8
1783626000000,63197.5,63335.1,63188.2,63314.6
1783626300000,63314.5,63323.2,63178.7,63215.9
1783626600000,63191.5,63238.5,63161.8,63194.4
1783626900000,63195.7,63255.4,63156.1,63174
1783627200000,63208.3,63243.3,63109.8,63147.8
1783627500000,63109.7,63221.7,63105.3,63182.6
1783627800000,63179.4,63200.8,63114.2,63153.3
1783628100000,63157.1,63191.3,63118.5,63177
1783628400000,63148.6,63227.9,63144.5,63196.3
1783628700000,63197.7,63280.1,63185.3,63232.7
1783629000000,63228.9,63275.7,63187,63271.7
1783629300000,63274,63283,63229,63254
1783629600000,63250.2,63279.4,63219.4,63268.2
1783629900000,63272.6,63278.6,63228.9,63236.5
1783630200000,63234.8,63245.3,63175.9,63212.5
1783630500000,63221.5,63271.3,63187,63239
1783630800000,63242.1,63343.7,63242.1,63332.7
1783631100000,63305.8,63353.6,63286,63327.9
1783631400000,63322.4,63322.4,63211.9,63272.3
1783631700000,63273.8,63301.5,63239.6,63288.1
1783632000000,63289.7,63291.6,63214.5,63237.6
1783632300000,63244,63245.5,63172.9,63208.2
1783632600000,63208.3,63224.6,63179.1,63204.2
1783632900000,63197.3,63231.8,63178.1,63230.6
1783633200000,63226.4,63226.4,63147.8,63186
1783633500000,63150.6,63218.9,63150.6,63176.5
1783633800000,63204.3,63231.5,63165.4,63230.1
1783634100000,63202.6,63245.8,63183,63229.2
1783634400000,63230.9,63286.5,63167.6,63222.6
1783634700000,63222.9,63299.3,63183.1,63240.3
1783635000000,63237.8,63237.8,63190.8,63201
1783635300000,63204.3,63336.6,63184.8,63301.9
1783635600000,63306.1,63327,63270,63322.7
1783635900000,63317.6,63330.2,63274,63300.3
1783636200000,63300.1,63321.6,63233.9,63249.6
1783636500000,63243.5,63270.2,63199.4,63221.9
1783636800000,63222,63372.9,63219.6,63317.8
1783637100000,63319.3,63350.4,63266.3,63281.8
1783637400000,63281.2,63281.5,63177.8,63181.5
1783637700000,63181.4,63205.3,63150.5,63171.7
1783638000000,63150.1,63205.9,63129.4,63177
1783638300000,63176.9,63209.8,63113,63158.4
1783638600000,63132.7,63160.8,63115.1,63134.9
1783638900000,63130,63142.3,63019.8,63051.3
1783639200000,63045.9,63225.9,62995.3,63223
1783639500000,63219.1,63280.9,63162.6,63184.1
1783639800000,63178.8,63178.8,63088.1,63168.3
1783640100000,63159.3,63207.3,63132.1,63199.8
1783640400000,63202,63253.1,63174.7,63217.2
1783640700000,63241.5,63269.4,63177.5,63202.3
1783641000000,63203.1,63276.9,63177.9,63273.6
1783641300000,63267.9,63267.9,63168.1,63181.3
1783641600000,63178.4,63204.1,63084.1,63130.3
1783641900000,63168.4,63205.9,63095.7,63169.1
1783642200000,63141.4,63184.2,63066.2,63151.5
1783642500000,63152.9,63210.9,63116.3,63138
1783642800000,63138.3,63203.1,63002.4,63043.2
1783643100000,63047.2,63067,62995.6,63027.3
1783643400000,63027.5,63072,62869,62894.4
1783643700000,62894.7,63081.2,62893.3,63054.4
1783644000000,63052.3,63130.1,62977.8,62978.2
1783644300000,62994.2,63035.8,62937.9,62998.7
1783644600000,62969.2,63030.3,62921.1,62957.6
1783644900000,62957.8,63073,62957.8,63066.3
1783645200000,63071.7,63078.5,62892.1,62892.1
1783645500000,62919.2,62983.8,62883.8,62964.6
1783645800000,62960.9,63084.6,62910.4,63052.6
1783646100000,63052.3,63227.5,63052,63188.1
1783646400000,63188,63326.9,63166.2,63257.5
1783646700000,63282.3,63351.8,63223,63345.6
1783647000000,63351.4,63359.8,63260.2,63286.5
1783647300000,63290.9,63414.4,63260.1,63319.5
1783647600000,63319.6,63363.1,63279.3,63318.3
1783647900000,63347.7,63831.9,63320,63704.4
1783648200000,63702.9,63900,63678.1,63769.5
1783648500000,63766.1,63804.2,63626.9,63679.8
1783648800000,63689,63765.7,63662.8,63753.9
1783649100000,63747.4,63756.9,63616.4,63723.1
1783649400000,63716.7,63843.6,63661.2,63797.2
1783649700000,63797.3,63911.4,63763.1,63904.2
1783650000000,63879.9,63900.1,63769.7,63786.8
1783650300000,63792.8,63824.4,63744.3,63759.8
1783650600000,63759.5,63815.8,63708.4,63795.8
1783650900000,63799.6,63874.1,63778,63864.8
1783651200000,63860.2,63860.2,63778.3,63799.3
1783651500000,63799.1,63942.3,63780,63924.3
1783651800000,63925,63996.4,63883.4,63928
1783652100000,63909.5,63950.3,63897.6,63899.3
1783652400000,63916.1,63940.8,63855.9,63858.9
1783652700000,63852.6,63874.2,63817,63830.7
1783653000000,63827.7,63889.1,63779.8,63878.9
1783653300000,63859,63873.7,63798.6,63837.4
1783653600000,63838.8,63860.1,63776.5,63819.6
1783653900000,63814.1,63850.3,63786.3,63798.8
1783654200000,63801.2,63813.4,63762.7,63770.9
1783654500000,63771.3,63843.4,63770.7,63782.7
1783654800000,63820.3,63897.1,63801.3,63890.8
1783655100000,63893.3,64000.6,63870.8,63960.2
1783655400000,63959.8,63961.8,63839.9,63859.3
1783655700000,63862.9,63903.9,63844.2,63901.8
1783656000000,63880.8,63980.3,63868.7,63967
1783656300000,63965.8,63989.1,63898.2,63919.1
1783656600000,63914.8,63948.5,63874.2,63927.9
1783656900000,63932.2,63973.4,63880.3,63948.6
1783657200000,63982.8,64003.4,63839.3,63850.8
1783657500000,63847,63892.8,63825.4,63845.6
1783657800000,63844.1,64002.7,63792.3,64002.7
1783658100000,64005.5,64112.9,63985.1,64028.9
1783658400000,64025.3,64059.2,63983.4,64029.1
1783658700000,64059.4,64128.2,64023.5,64072.6
1783659000000,64073.1,64091,64018.1,64038.3
1783659300000,64038,64041,63974.7,63981.9
1783659600000,63993.1,63993.1,63898.5,63936
1783659900000,63935.9,63977.9,63895,63912.8
1783660200000,63916.9,63953.2,63898,63940.9
1783660500000,63936.7,63978,63902.9,63951.8
1783660800000,63950.3,63954.5,63888.2,63940.3
1783661100000,63941.9,63952.7,63885.3,63932.8
1783661400000,63929,64076.2,63899.9,64054.8
1783661700000,64046,64079,64011.7,64011.7
1783662000000,64011.8,64156.6,64008.4,64131.3
1783662300000,64126.4,64140.6,64061.7,64107.8
1783662600000,64109.2,64130.3,64049.8,64059.8
1783662900000,64053.2,64084.7,64014.8,64044.9
1783663200000,64045.5,64122.3,64009.5,64018.4
1783663500000,64012.7,64055.3,63976.8,64003.6
1783663800000,64009,64035.3,63975.4,63992.1
1783664100000,63991.3,64007.9,63902.6,63903.3
1783664400000,63924.8,63942.9,63865.9,63880.3
1783664700000,63857.9,63877.5,63809.6,63865.3
1783665000000,63861.4,63905.4,63840.9,63869.6
1783665300000,63868.6,63890.2,63844.6,63849.6
1783665600000,63848.9,63889.4,63822.2,63846.5
1783665900000,63848.1,63881.1,63810.8,63832.7
1783666200000,63811.3,63870.2,63784.5,63810
1783666500000,63813.8,63822.4,63770.9,63816.7
1783666800000,63813.7,63828,63743.1,63802.9
1783667100000,63804.4,63824.8,63766.2,63820.1
1783667400000,63820.9,63878.6,63787.6,63877.7
1783667700000,63878.3,63899,63797.1,63868.2
1783668000000,63869.2,63976.2,63869.2,63967.3
1783668300000,63961.6,63965.3,63899.7,63903.4
1783668600000,63903.1,63926.9,63888.4,63903.8
1783668900000,63904.3,63904.3,63849.4,63894.4
1783669200000,63890.4,63923.9,63863,63889.8
1783669500000,63890,63916.8,63860.5,63914.2
1783669800000,63884.9,63941.7,63884.9,63906.1
1783670100000,63905.7,63965.5,63905.7,63939.5
1783670400000,63939.1,64004.4,63918,63951.6
1783670700000,63950.2,63995.3,63942.8,63973.5
1783671000000,63976,63989.3,63926.2,63966.9
1783671300000,63993.1,64346.2,63968.1,64204.1
1783671600000,64204.3,64302.6,64162.7,64281.1
1783671900000,64278,64292.4,64196.3,64284.4
1783672200000,64270.8,64304.9,64218.1,64278.9
1783672500000,64284.1,64324,64116.9,64151.1
1783672800000,64150.8,64158.5,64122.5,64156.7
1783673100000,64153.4,64213.7,64105.2,64201
1783673400000,64198.4,64198.4,64090.8,64155.7
1783673700000,64159.5,64238.8,64147.8,64192.8
1783674000000,64195.3,64202.5,64039.5,64177.6
1783674300000,64174.7,64199.8,64141.1,64182.3
1783674600000,64177.3,64221.8,64099.6,64169.1
1783674900000,64167.7,64294.1,64143.5,64271.6
1783675200000,64273.3,64317.2,64266.5,64288.8
1783675500000,64289.9,64377.1,64258.5,64377.1
1783675800000,64377.2,64430.8,64302.1,64370.6
1783676100000,64360.9,64434.1,64339.7,64408.7
1783676400000,64406.1,64427.3,64341.1,64427.1
1783676700000,64399.8,64442.1,64342.4,64359.7
1783677000000,64386.8,64390.9,64326.2,64346.6
1783677300000,64346.7,64376.7,64320.1,64345.2
1783677600000,64351.5,64372.3,64266.1,64284.7
1783677900000,64284.8,64326.3,64256.5,64274.9
1783678200000,64254.2,64285.5,64215.1,64238
1783678500000,64271,64302.5,64239.4,64243.5
1783678800000,64262.5,64369.7,64223.8,64365
1783679100000,64362.9,64398.4,64307.9,64393.5
1783679400000,64390.4,64453.5,64342,64378.2
1783679700000,64359.4,64408.5,64306.5,64408.5
1783680000000,64402.3,64435.1,64333.1,64431.3
1783680300000,64425.5,64446.2,64373,64446.2
1783680600000,64444.3,64444.3,64350.1,64350.1
1783680900000,64369,64389.3,64351.4,64356.2
1783681200000,64356.4,64404.1,64330.9,64386.4
1783681500000,64387.9,64437.3,64334.4,64334.4
1783681800000,64361.3,64419.9,64328.7,64406.7
1783682100000,64409.9,64431.4,64364.2,64379.1
1783682400000,64375.3,64376.4,64306.5,64355.6
1783682700000,64359.6,64403,64308.5,64379.7
1783683000000,64379.5,64379.5,64287.3,64324.8
1783683300000,64326.7,64367,64282.8,64351.5
1783683600000,64350.6,64359.7,64278.6,64330.9
1783683900000,64357.3,64434.7,64327.4,64423.6
1783684200000,64423.4,64423.4,64357.2,64375
1783684500000,64371.2,64390.1,64338.5,64359.3
1783684800000,64387.2,64402.1,64315.4,64346.2
1783685100000,64340.4,64355.1,64273.5,64325
1783685400000,64324.9,64569.8,64324.9,64503.1
1783685700000,64498.6,64505.3,64305.9,64417.8
1783686000000,64387.6,64442.9,64353.4,64409.2
1783686300000,64436.5,64478.7,64389,64430.7
1783686600000,64430.8,64481.1,64369,64383
1783686900000,64405.7,64447,64352,64352
1783687200000,64352.3,64383.2,64288.7,64328.6
1783687500000,64324.7,64347.1,64287.6,64308.9
1783687800000,64282.4,64320.1,64236.6,64236.9
1783688100000,64237.3,64304.9,64208,64244.5
1783688400000,64249,64301.1,64185.8,64210.3
1783688700000,64210.4,64270.9,64210.4,64266.5
1783689000000,64270.8,64291.9,64175.4,64200.5
1783689300000,64196.3,64220,64134,64151
1783689600000,64157.1,64229.7,64135.1,64206
1783689900000,64205.8,64205.8,64089.3,64107.2
1783690200000,64113.4,64238.7,64078.3,64182.9
1783690500000,64186.9,64313,64162,64255.3
1783690800000,64258.8,64400.3,64157.7,64311.6
1783691100000,64311.7,64523.1,64311.3,64481.1
1783691400000,64478.5,64658.7,64414.9,64504.3
1783691700000,64530.8,64540.9,64379,64438
1783692000000,64403.7,64480.6,64275.9,64309.5
1783692300000,64302.8,64370.5,64188.1,64213.8
1783692600000,64243.6,64270.9,64130.4,64137.4
1783692900000,64137.4,64214.8,63990.2,64067.9
1783693200000,64068,64087.6,63892.5,64057.8
1783693500000,64057.7,64122.9,63970.4,64091.1
1783693800000,64093.3,64280.3,63751.1,63988.2
1783694100000,63988.5,64097.5,63883.2,64052
1783694400000,64052.2,64125.3,63981.3,64027.7
1783694700000,64056.8,64104.5,63960,64039.9
1783695000000,64040.1,64078.4,63908.7,63942.7
1783695300000,63938.9,63965.3,63824.6,63873.6
1783695600000,63842.7,63976.2,63826.5,63916.2
1783695900000,63955.3,64036.1,63895.5,63990
1783696200000,63987.5,64028.8,63905.9,63936.1
1783696500000,63940.2,64150.6,63913.8,64001.7
1783696800000,64001.6,64132.4,63990.2,64103
1783697100000,64108.1,64167.8,64039.2,64063.8
1783697400000,64069.3,64121.8,64003.6,64045.7
1783697700000,64018.1,64048.2,63923.1,63961.4
1783698000000,63960.8,63975.7,63867.5,63902.2
1783698300000,63912.2,63971.4,63861.6,63919.4
1783698600000,63919.5,63981.4,63885.4,63975.2
1783698900000,63968.9,64003.3,63914.3,63968.8
1783699200000,63967.8,64023.5,63888.6,63956.3
1783699500000,63922.2,64001.6,63899.3,63961.4
1783699800000,63966.4,64044.6,63914.6,64005.8
1783700100000,64012.6,64111.5,63984.1,64015.2
1783700400000,64041.8,64054.2,63936.8,63964.4
1783700700000,63969,63993.1,63921.8,63964.1
1783701000000,63952,63997,63933.3,63950.6
1783701300000,63976.4,63987.3,63757.5,63831.2
1783701600000,63835.3,63931.8,63804,63892.7
1783701900000,63884.8,63943.1,63846.6,63900.1
1783702200000,63900,64097.6,63900,64019.3
1783702500000,63991.6,64179.4,63967.8,64091.8
1783702800000,64089.6,64117.3,64022.6,64090
1783703100000,64083.7,64087.5,63968.4,63991.5
1783703400000,63995.8,64005.6,63884.3,63911.7
1783703700000,63915.7,63946.9,63834.9,63848.5
1783704000000,63852.9,63922.8,63796.6,63922.8
1783704300000,63890.8,63974.2,63890.6,63932.7
1783704600000,63928.6,63928.8,63815.3,63864.5
1783704900000,63863.8,63875.5,63799.7,63828.4
1783705200000,63829.1,63848.5,63788.9,63814.1
1783705500000,63841.9,63877.4,63786.3,63846.5
1783705800000,63846.4,63896.1,63801.9,63830.1
1783706100000,63831.6,63879.6,63756.5,63782.1
1783706400000,63784.5,63914.7,63756.7,63871.8
1783706700000,63874,63904,63827.8,63890.1
1783707000000,63895.9,63966.6,63820.4,63850.8
1783707300000,63842.9,63852.5,63782.8,63817.5
1783707600000,63817.7,63897.3,63811.4,63872.8
1783707900000,63897.2,63930.2,63850.8,63883
1783708200000,63873.7,63905.7,63826.4,63849.7
1783708500000,63849.3,63893.7,63812.9,63872
1783708800000,63841.9,63867.6,63800.8,63838.8
1783709100000,63844,63844,63774.5,63793.2
1783709400000,63790.9,63793.2,63674,63705.2
1783709700000,63708.4,63773.4,63682.3,63742.4
1783710000000,63742.2,63797.6,63715.6,63766.3
1783710300000,63797.8,63833.8,63745.7,63794.8
1783710600000,63836.1,63863.8,63799.1,63814.8
1783710900000,63815,63885,63774.2,63798.4
1783711200000,63792.7,63798.3,63709.3,63760.8
1783711500000,63787.6,63850.9,63760.7,63824.4
1783711800000,63823.9,63970.1,63779.9,63920.4
1783712100000,63920,64008.4,63915.6,63967.8
1783712400000,63967.6,63991.4,63915.7,63916.4
1783712700000,63943.4,63956.9,63906.7,63938.5
1783713000000,63913.8,63977.9,63901.2,63943.7
1783713300000,63946,63946,63847.8,63887.6
1783713600000,63883.7,63891.2,63781.1,63811.2
1783713900000,63814.9,63835.6,63777.6,63779.8
1783714200000,63779.7,63823.2,63760.3,63760.3
1783714500000,63783.6,63858.4,63730.9,63731.2
1783714800000,63744.4,63865.7,63632.5,63740.6
1783715100000,63737.7,63763.2,63593.6,63691.3
1783715400000,63688.5,63796.4,63654.6,63793.7
1783715700000,63763.9,63866.4,63763.9,63816.7
1783716000000,63836.2,63847.3,63806.2,63845.3
1783716300000,63843.8,63843.8,63792.8,63838.9
1783716600000,63839.5,63840.7,63791.2,63829.6
1783716900000,63821.2,63821.3,63765.5,63772.7
1783717200000,63723.6,63852.3,63723.6,63852.3
1783717500000,63852.8,63881.2,63826.5,63868.3
1783717800000,63873.7,63937.4,63827.8,63904
1783718100000,63908.3,63923.6,63895.7,63895.7
1783718400000,63895.7,63972.8,63817,63972.8
1783718700000,63971.9,63979.1,63942.8,63968.1
1783719000000,63974,64006.9,63946.1,63949.3
1783719300000,63947.6,64054.8,63947.6,64018.1
1783719600000,64012.9,64012.9,63962.7,64002
1783719900000,64001.4,64001.4,63951.7,63951.7
1783720200000,63956.2,64002.1,63946.4,63977.8
1783720500000,63979.3,63979.3,63946.3,63971.9
1783720800000,63903.1,64001.8,63882.8,63941.4
1783721100000,63940.7,63998.2,63939.8,63998.2
1783721400000,64000.9,64017.7,63973.9,64010
1783721700000,64008.4,64029.2,63933.8,64010.5
1783722000000,64003.3,64029.4,63974.3,64029.4
1783722300000,64030.8,64098.1,63991.2,64091.1
1783722600000,64090.7,64125.3,64081.2,64085.9
1783722900000,64085.8,64107.3,64081.1,64081.1
1783723200000,64082.9,64099,64081.2,64084.8
1783723500000,64085.3,64092.3,64073.2,64078.6
1783723800000,64075.5,64114.9,64009.2,64093.2
1783724100000,64094.2,64129.1,64067.3,64068.1
1783724400000,64071.5,64071.5,63977.9,63994.5
1783724700000,63995.6,64010.1,63979.3,64007.9
1783725000000,64002.9,64081.7,63991,64081.7
1783725300000,64081.5,64126.7,64073.6,64080.9
1783725600000,64078,64123.5,64067.4,64123.5
1783725900000,64122.7,64166.8,64122.7,64151.5
1783726200000,64148.8,64165.7,64133.2,64163
1783726500000,64162.7,64170.6,64150.5,64169.8
1783726800000,64170.3,64170.3,64063.2,64162.6
1783727100000,64166,64168.9,64091.8,64091.8
1783727400000,64096.7,64110.7,64074.9,64104.7
1783727700000,64107.2,64132.9,64095.8,64123.8
1783728000000,64125.3,64133.3,64045.3,64058.2
1783728300000,64065.2,64102.4,64051.5,64056.7
1783728600000,64055.7,64065,64021.5,64033.7
1783728900000,64035.7,64036.6,63994.2,64011.4
1783729200000,64004.3,64060.5,63987.2,64060.5
1783729500000,64059.9,64091.3,64052.1,64070
1783729800000,64071.1,64095.1,64051.6,64051.6
1783730100000,64056.1,64074.1,64006.6,64021.5
1783730400000,64022,64112.6,64020.9,64111.5
1783730700000,64105.5,64105.5,63993.7,64049
1783731000000,64051.8,64101.7,64049,64095.3
1783731300000,64093.7,64102.1,64079.1,64079.1
1783731600000,64084.9,64093.8,64055.2,64091.8
1783731900000,64094.9,64126.7,64038.9,64083.2
1783732200000,64091.7,64104.2,64082.6,64099.6
1783732500000,64096.3,64154.9,64088.3,64140.1
1783732800000,64145.7,64270.8,64145.7,64173.1
1783733100000,64172.4,64202.9,64156.8,64190.5
1783733400000,64192.4,64230,64102.7,64161.9
1783733700000,64161.4,64173.2,64009.9,64020.3
1783734000000,64014.5,64044.5,63962.3,64014.9
1783734300000,64010.8,64074.6,63997.1,64048.5
1783734600000,64052,64057.2,64030.1,64044.5
1783734900000,64042.6,64045.2,63963.1,63971.6
1783735200000,63974.6,64010.3,63940.3,64003
1783735500000,63999.1,64019.3,63988.2,64010.3
1783735800000,64010.8,64026,63955.6,63968.7
1783736100000,63971.6,64038.4,63971.6,64018.3
1783736400000,64018.6,64018.6,63959.3,63969.8
1783736700000,63966.9,64002.3,63961.1,63993
1783737000000,63994.5,64032.3,63985.5,64030.1
1783737300000,64031.3,64066.2,64018.1,64051.5
1783737600000,64053.4,64107,64053.4,64105.9
1783737900000,64106.7,64123.1,64091.7,64108.2
1783738200000,64106,64122.2,64038.4,64094.4
1783738500000,64096.9,64130.2,64094.8,64117.1
1783738800000,64115.2,64127.2,64070.9,64078.1
1783739100000,64078.5,64136.5,64078.5,64125.5
1783739400000,64121.5,64148.3,64121.5,64141.7
1783739700000,64151.1,64157.9,64026.4,64146.8
1783740000000,64143.4,64145.7,64107.4,64107.4
1783740300000,64100.8,64107.3,64071.5,64079.6
1783740600000,64078.1,64101.4,64078.1,64098.5
1783740900000,64101.8,64141.4,64101.8,64137.6
1783741200000,64138.2,64153.1,64115.9,64119.2
1783741500000,64119,64143,64108.4,64130.3
1783741800000,64133,64144,64131.6,64141.6
1783742100000,64141.7,64154.7,64109.9,64109.9
1783742400000,64110.8,64110.8,64009.4,64083.7
1783742700000,64088.4,64096.7,64020.1,64048.1
1783743000000,64047.3,64084.1,64047.2,64084.1
1783743300000,64086.1,64101.1,64037.5,64094.5
1783743600000,64098.9,64122.8,64091.4,64119.2
1783743900000,64120.4,64135.2,64027,64097.9
1783744200000,64099.7,64144,64092.9,64140.2
1783744500000,64136.1,64174,64130,64153.2
1783744800000,64155.4,64158,64109.6,64113.3
1783745100000,64117.3,64129.8,64103.9,64123.8
1783745400000,64119.5,64119.5,64074.6,64075.5
1783745700000,64079.5,64111.5,64026.6,64107.9
1783746000000,64105.7,64117.1,64071.2,64117.1
1783746300000,64110.8,64135.9,64048.8,64134.4
1783746600000,64133.1,64160,64119.1,64119.7
1783746900000,64124.6,64133.3,64093,64097.9
1783747200000,64095.1,64149.3,64079.1,64081.1
1783747500000,64150.7,64159.1,64118.1,64157.4
1783747800000,64144.6,64175.8,64094.9,64161.9
1783748100000,64165.8,64183.2,64144.1,64144.1
1783748400000,64135.7,64139.2,64109.4,64138
1783748700000,64137.3,64139,64095.4,64096.8
1783749000000,64095.1,64133.2,64095.1,64126.5
1783749300000,64123.7,64142.3,64060.2,64060.2
1783749600000,64059.7,64123.8,64034.6,64106.5
1783749900000,64116,64139.9,64116,64139.9
1783750200000,64140.9,64168.4,64085.9,64130.9
1783750500000,64134.8,64170.4,64084.8,64170.4
1783750800000,64175.1,64232.4,64172.3,64208.3
1783751100000,64206.5,64224.1,64156.4,64180.6
1783751400000,64180.7,64222.2,64178.7,64217.7
1783751700000,64217.6,64219.2,64171.2,64171.2
1783752000000,64171.9,64185.2,64170.4,64170.8
1783752300000,64162.2,64193.6,64122,64158.4
1783752600000,64158.8,64193.7,64147.8,64185.5
1783752900000,64186.7,64186.7,64108.1,64169.9
1783753200000,64168.8,64182.1,64111.7,64157.2
1783753500000,64153.3,64155,64062.6,64155
1783753800000,64158.9,64172,64098.7,64171.2
1783754100000,64143.8,64171.2,64121.8,64171.2
1783754400000,64172.8,64176.6,64102.3,64141.8
1783754700000,64169.2,64210.5,64164.9,64170.5
1783755000000,64175.5,64186.7,64140.8,64140.8
1783755300000,64144.6,64168.9,64085.8,64162.1
1783755600000,64165.4,64188.4,64116.5,64130.3
1783755900000,64130.9,64130.9,64056.8,64124.3
1783756200000,64129.1,64129.1,64044.8,64103
1783756500000,64077.8,64118.7,64037.8,64114.9
1783756800000,64112.3,64133.8,64040.9,64114.8
1783757100000,64117.9,64145.7,64052.9,64137.7
1783757400000,64137.5,64206.8,64112.8,64185.4
1783757700000,64185.5,64206,64179.2,64204.3
1783758000000,64200.1,64227.7,64181.8,64208.7
1783758300000,64213.3,64219.7,64202.5,64202.5
1783758600000,64204.8,64208.9,64181.8,64183.8
1783758900000,64183.8,64219.8,64183.8,64203.3
1783759200000,64180.8,64269,64180.8,64238.9
1783759500000,64240.6,64240.6,64147.5,64197.9
1783759800000,64193.7,64215.6,64126.8,64215.4
1783760100000,64217.2,64222.4,64142.1,64222.3
1783760400000,64222,64233.7,64212.3,64227.9
1783760700000,64202.8,64226.3,64158.8,64210.7
1783761000000,64211.4,64215.4,64171.1,64174.1
1783761300000,64178.1,64197.3,64178.1,64192
1783761600000,64190,64213.2,64188.2,64213.2
1783761900000,64214,64225.8,64210.7,64225.8
1783762200000,64226.9,64253.1,64170.4,64177.7
1783762500000,64174.1,64228.9,64173.9,64225.7
1783762800000,64154.1,64205.2,64106,64141.5
1783763100000,64140.8,64140.8,64108.9,64112
1783763400000,64115.8,64130.6,64102.7,64104.1
1783763700000,64118.7,64130,64102.1,64113
1783764000000,64115.6,64132.3,64102.9,64102.9
1783764300000,64103,64115.2,64102.9,64114.4
1783764600000,64120.1,64155.6,64112.2,64144.4
1783764900000,64143.4,64143.4,64090.7,64090.7
1783765200000,64090.8,64119.2,64090.8,64119.2
1783765500000,64123,64135.2,64040.3,64132.9
1783765800000,64131.3,64131.3,64094.8,64117.4
1783766100000,64114.8,64115.5,64085,64086.7
1783766400000,64087.5,64132.5,64085,64085
1783766700000,64085.9,64136.2,64058.4,64058.4
1783767000000,64058.4,64138.4,64058.4,64129.7
1783767300000,64129.6,64141.1,64057.8,64141.1
1783767600000,64144.3,64144.6,64057.1,64135.8
1783767900000,64068,64166.3,64068,64146.9
1783768200000,64145.7,64165.6,64129.8,64160.5
1783768500000,64151.7,64151.7,64118.8,64124
1783768800000,64122,64140.8,64060.7,64120.4
1783769100000,64116.5,64131.8,64059.4,64106.8
1783769400000,64059.4,64124.3,64059.4,64122.1
1783769700000,64125.9,64165.7,64069.2,64123.5
1783770000000,64124.6,64141.9,64064.1,64133.4
1783770300000,64135.4,64154.2,64076.8,64150.9
1783770600000,64154,64154,64066.9,64143.1
1783770900000,64141.1,64151.7,64067.3,64134.8
1783771200000,64134.8,64157.3,64082.1,64157.3
1783771500000,64157.7,64163.5,64106.5,64157.6
1783771800000,64156.4,64179.7,64102.5,64170.4
1783772100000,64174.9,64184.5,64076.9,64129.2
1783772400000,64129.3,64140.2,64117.6,64120.4
1783772700000,64120.5,64139,64120.5,64127.3
1783773000000,64125.3,64126.9,64081.9,64090.4
1783773300000,64093.9,64111,64042,64082.9
1783773600000,64087.4,64094,64022.8,64094
1783773900000,64077.8,64125.4,64024.9,64120.1
1783774200000,64053.4,64149.8,64053.4,64133.6
1783774500000,64138,64145.7,64074.4,64139.1
1783774800000,64143.9,64146.5,64078.9,64134.1
1783775100000,64130.2,64155.2,64128,64141.1
1783775400000,64130.9,64144.3,64056.1,64139
1783775700000,64133.7,64140.4,64054.6,64138.6
1783776000000,64140.5,64166.9,64094.5,64147.1
1783776300000,64148.4,64162.3,64085.2,64151.1
1783776600000,64149.2,64219.6,64091.1,64182.2
1783776900000,64178,64182.1,64150.9,64161.1
1783777200000,64161,64203,64160.7,64200.9
1783777500000,64202,64220.7,64193.6,64215.2
1783777800000,64210.5,64220.5,64205.8,64210.1
1783778100000,64209.5,64211.2,64183,64191.2
1783778400000,64192.4,64225.2,64192.4,64219.5
1783778700000,64218.2,64233.7,64146,64233.7
1783779000000,64234.8,64234.8,64206.8,64218.9
1783779300000,64158.9,64252.8,64158.9,64251.4
1783779600000,64230.8,64318.5,64177.2,64312.7
1783779900000,64312.6,64408.1,64288.8,64334.3
1783780200000,64338.2,64392.5,64337.1,64378.2
1783780500000,64379.6,64459.1,64377.9,64426.8
1783780800000,64422.5,64422.5,64356.2,64375.7
1783781100000,64368.5,64388,64331.2,64331.2
1783781400000,64333.5,64355.9,64297.3,64334.3
1783781700000,64334.5,64342.7,64301.2,64301.4
1783782000000,64305.1,64344.7,64296.7,64343.5
1783782300000,64342.8,64342.9,64303.4,64331.7
1783782600000,64331.1,64434.7,64330.9,64415.8
1783782900000,64419,64429.6,64359.3,64368
1783783200000,64372,64429.3,64372,64424.1
1783783500000,64417.2,64423,64361.8,64382.2
1783783800000,64380.7,64408.8,64362.6,64386
1783784100000,64390.4,64403.9,63879.6,64075.4
1783784400000,64076.5,64160.1,64028.6,64054.5
1783784700000,64056.7,64115.1,63962.6,64042.3
1783785000000,64041.9,64100.1,63978.8,64099
1783785300000,64101.5,64150.6,64083,64126.7
1783785600000,64128.6,64173.2,64080,64102.1
1783785900000,64103,64113.2,64038.4,64072
1783786200000,64073.4,64148,64053.4,64139.8
1783786500000,64136,64162.8,64102.6,64162.8
1783786800000,64164.4,64182.4,64119.3,64169.3
1783787100000,64166.5,64187,64162.9,64173.2
1783787400000,64170.1,64233.7,64164,64175.1
1783787700000,64176.1,64176.1,64087.7,64099
1783788000000,64112.9,64113,64046.8,64102.1
1783788300000,64091.4,64127.5,64051.8,64124.7
1783788600000,64123.1,64136.8,64073.9,64078.4
1783788900000,64080.9,64142,64070.6,64137.5
1783789200000,64136.5,64152.8,64104.8,64148.9
1783789500000,64150.4,64188.3,64138.6,64187.3
1783789800000,64187.2,64187.2,64109,64159.2
1783790100000,64158.9,64216.2,64155.9,64190.9
1783790400000,64194.4,64194.4,64146.1,64170.8
1783790700000,64175.1,64261.3,64175.1,64258.2
1783791000000,64262,64341.6,64260,64335.9
1783791300000,64334.7,64356.7,64300.7,64307.7
1783791600000,64315.4,64348.3,64281.6,64309.3
1783791900000,64313.2,64340.6,64264.8,64264.8
1783792200000,64267.8,64300.8,64267.8,64277.6
1783792500000,64251.8,64287.2,64208,64274.2
1783792800000,64271.6,64275.4,64240.1,64261.5
1783793100000,64265,64304.9,64249.7,64269.7
1783793400000,64271.8,64298.7,64258.5,64262.3
1783793700000,64259,64315.9,64259,64315.3
1783794000000,64311.5,64346.2,64294,64325.6
1783794300000,64321.5,64321.5,64289.3,64302.4
1783794600000,64303.6,64323.4,64298.2,64315.2
1783794900000,64315.9,64316.6,64260.8,64260.8
1783795200000,64214.4,64317.8,64212.8,64314.1
1783795500000,64312.5,64312.5,64272.2,64285.2
1783795800000,64287,64287,64188.8,64257.1
1783796100000,64188.8,64292.5,64188.8,64288.4
1783796400000,64281.3,64284.7,64208.9,64266
1783796700000,64268.4,64275.9,64247.1,64263.9
1783797000000,64263.7,64279.1,64229.8,64275.2
1783797300000,64274.1,64290.7,64261.5,64288.8
1783797600000,64284.8,64297.4,64271.6,64297.4
1783797900000,64301.6,64301.6,64189,64192.4
1783798200000,64190.6,64217.6,64188.5,64199.7
1783798500000,64201.3,64245.2,64162.5,64213.9
1783798800000,64214.2,64236.4,64159.4,64227.2
1783799100000,64231.5,64255.2,64152.9,64155.2
1783799400000,64194.8,64242.3,64163.7,64241.7
1783799700000,64242.9,64247.9,64180.9,64180.9
1783800000000,64247.6,64283.6,64245.7,64273.2
1783800300000,64271.9,64271.9,64248.3,64268.1
1783800600000,64267.8,64309.1,64196.3,64280.4
1783800900000,64292.1,64308.4,64231.4,64307.8
1783801200000,64309.1,64325.5,64292.1,64295.2
1783801500000,64297.6,64314.6,64293.7,64314.6
1783801800000,64316.2,64324.8,64307.7,64308.9
1783802100000,64309.5,64326.5,64273.8,64326
1783802400000,64329.5,64420.2,64326.5,64373
1783802700000,64372.5,64384.7,64336.8,64353.8
1783803000000,64356.1,64362.4,64340,64344
1783803300000,64346.5,64350.9,64270.1,64339.1
1783803600000,64340.7,64389.7,64340.7,64389.7
1783803900000,64383.9,64386.8,64312.3,64364
1783804200000,64333.8,64365.8,64295,64310.8
1783804500000,64310.5,64350.1,64307.9,64345.7
1783804800000,64345,64355.7,64288.3,64350.9
1783805100000,64345.5,64345.5,64250,64325
1783805400000,64324.9,64336.8,64313.3,64316.9
1783805700000,64247.8,64317.6,64247.8,64313.4
1783806000000,64312.1,64323.9,64240.7,64309.7
1783806300000,64310.5,64337.9,64310.5,64321
1783806600000,64319.9,64344.4,64300.8,64302.7
1783806900000,64234.4,64315.8,64234.4,64314
1783807200000,64245.2,64330.3,64236,64321.3
1783807500000,64313.1,64339.8,64286.7,64339.8
1783807800000,64338.1,64392,64314.9,64315.1
1783808100000,64314,64323.6,64291.8,64319.3
1783808400000,64321.4,64321.4,64159.2,64255.1
1783808700000,64254.3,64279.2,64205.5,64205.5
1783809000000,64207.5,64265.9,64207.5,64237.6
1783809300000,64234.4,64251.7,64166.9,64166.9
1783809600000,64178.5,64193.9,64138.4,64173.3
1783809900000,64175,64185.7,64109.9,64122.2
1783810200000,64120.6,64134.3,64099.4,64122.3
1783810500000,64114.1,64172.1,64114.1,64158.9
1783810800000,64157.9,64198,64152,64197.6
1783811100000,64189,64215.3,64064.8,64081.1
1783811400000,64084.1,64107.4,64049.9,64099.4
1783811700000,64099.9,64149.4,64099.9,64111.9
1783812000000,64110.2,64110.2,63869.9,63874.4
1783812300000,63878.6,63910.6,63783.2,63888.6
1783812600000,63883.8,63916.6,63796.8,63832.3
1783812900000,63830.6,63870.8,63776.3,63821.4
1783813200000,63821.7,63925,63810.5,63918.6
1783813500000,63912.9,63980.9,63912.9,63973.1
1783813800000,63979.5,63985.3,63850.4,63857.2
1783814100000,63856,63861.8,63776,63776
1783814400000,63771.2,63876.5,63749.3,63856.6
1783814700000,63856.3,63856.3,63743.7,63760.9
1783815000000,63756.9,63833.1,63748,63748
1783815300000,63743.9,63827.7,63724.9,63813.2
1783815600000,63808.6,63871.1,63793.4,63803.3
1783815900000,63799.5,63849.8,63778.9,63791.6
1783816200000,63794.7,63818.2,63664.6,63764.4
1783816500000,63760.2,63789.5,63705.3,63712
1783816800000,63704,63767.9,63659.9,63757.5
1783817100000,63761.3,63832.6,63725.1,63743.9
1783817400000,63748,63812.1,63733.4,63794.5
1783817700000,63794.7,63831.1,63780.9,63796
1783818000000,63795.5,63893.2,63771.6,63859.7
1783818300000,63864.5,63911.6,63858.7,63910.7
1783818600000,63906.8,63942,63882,63882
1783818900000,63875.2,63964.3,63855.7,63958.4
1783819200000,63954.4,63960.5,63920.2,63920.3
1783819500000,63915.4,63930.4,63894.6,63909.4
1783819800000,63905.3,63968.7,63887.6,63968.3
1783820100000,63968.2,64041.7,63968.2,64035
1783820400000,64042,64132.8,64042,64117.4
1783820700000,64121.3,64125.5,64052.8,64091.2
1783821000000,64091.5,64107,64067.4,64097.6
1783821300000,64092.8,64097.8,64075.6,64091.7
1783821600000,64020.1,64088,64020.1,64030.2
1783821900000,64031.9,64071.5,64015.2,64019.1
1783822200000,64015,64046.7,63989.3,64012.7
1783822500000,64007.6,64052.3,64004,64010.3
1783822800000,64013.8,64095.8,64013.8,64088.8
1783823100000,64088.5,64088.5,64001.9,64078.6
1783823400000,64078.2,64078.2,64027.8,64063.8
1783823700000,64068,64088.5,64042.8,64042.9
1783824000000,64047.5,64061.7,64029.7,64048.6
1783824300000,64046.6,64064.9,64035.3,64040
1783824600000,64035.8,64063,64025,64036
1783824900000,64035.4,64090.8,64034,64036.5
1783825200000,64032.6,64070.3,63970.7,64040.3
1783825500000,64038.5,64046,63974.8,64009.5
1783825800000,64008,64089.9,63987.8,64055.6
1783826100000,64064.3,64100.6,64062.5,64083.8
1783826400000,64084.8,64120.6,64081.4,64082.9
1783826700000,64077.7,64098.5,64055.8,64098.5
1783827000000,64101,64179.3,64092,64146.6
1783827300000,64151.8,64155,64098,64098
1783827600000,64102,64152.3,64102,64135.4
1783827900000,64126.7,64173.4,64121.5,64152.5
1783828200000,64152.3,64153.7,64114.7,64128.4
1783828500000,64126.8,64183.5,64063,64183
1783828800000,64187,64206,64146.2,64157.9
1783829100000,64152.9,64170.1,64129.5,64146.4
1783829400000,64146.2,64146.2,64070.9,64135
1783829700000,64143,64177.6,64039.8,64078.8
1783830000000,64082.8,64096.6,64063.3,64081.8
1783830300000,64085,64099.2,64035.8,64038.2
1783830600000,64032.7,64038.2,63903.7,63903.7
1783830900000,63903.7,63973.1,63897.5,63950.4
1783831200000,63952.6,64008.8,63950.4,63991.8
1783831500000,63986.9,63988.7,63913,63951.8
1783831800000,63953.6,63953.6,63933.8,63952.2
1783832100000,63961.3,63976,63920,63962.4
1783832400000,63962,63987,63899.8,63978.3
1783832700000,63979.2,63987,63900.5,63974.2
1783833000000,63906.6,63969.8,63906.6,63950.5
1783833300000,63951.7,63951.7,63877.1,63911.3
1783833600000,63911.8,63914.2,63822.8,63881.4
1783833900000,63877.7,63904.9,63872.5,63876.2
1783834200000,63874.2,63915.9,63863.5,63891.5
1783834500000,63888.1,63947.1,63840.7,63946.2
1783834800000,63940.4,63949.5,63928,63935.6
1783835100000,63940.4,63950.4,63867.8,63936.5
1783835400000,63867.8,63944.9,63867.8,63938.8
1783835700000,63937.7,63964.7,63882.3,63925.3
1783836000000,63923.3,63924.3,63824.4,63839.5
1783836300000,63843.1,63849.3,63743.9,63746.1
1783836600000,63753.1,63756,63695.1,63706
1783836900000,63706.6,63727.5,63672.5,63691.6
1783837200000,63692.5,63741.5,63690.4,63731.6
1783837500000,63733,63746,63596.8,63627.1
1783837800000,63624.3,63690,63601.9,63689.5
1783838100000,63694,63737.2,63688,63690.2
1783838400000,63696.4,63745.5,63696.4,63736.5
1783838700000,63739.7,63771.3,63739.7,63767.9
1783839000000,63770.4,63770.4,63676.1,63735.5
1783839300000,63736.9,63738.9,63710.1,63718.2
1783839600000,63716,63752.5,63697.7,63751.5
1783839900000,63754.3,63768.1,63752.9,63763.4
1783840200000,63695.6,63788,63692.4,63780.3
1783840500000,63778.8,63813.2,63762.7,63801.4
1783840800000,63796.1,63842.3,63790,63842.3
1783841100000,63842.6,63842.6,63813,63825.5
1783841400000,63828.2,63855.1,63820.8,63848.5
1783841700000,63841.8,63843.7,63762.3,63818.2
1783842000000,63821.2,63834,63788.8,63828.7
1783842300000,63821.7,63840.5,63812.8,63838.5
1783842600000,63836.8,63845.8,63750.2,63845.8
1783842900000,63844.3,63864.8,63828.5,63846.3
1783843200000,63841.2,63911.7,63841.2,63882.8
1783843500000,63879.3,64068.5,63878.8,63978.1
1783843800000,63973.7,64027.9,63937.8,64005.8
1783844100000,64010.3,64057.7,63960.8,63965.7
1783844400000,63965.4,63977.1,63905,63971.3
1783844700000,63974,63974,63897.9,63951.1
1783845000000,63952.1,63967.1,63896.9,63896.9
1783845300000,63896.9,63967.8,63896.9,63957.8
1783845600000,63954.7,63970.6,63952.2,63966.6
1783845900000,63967.6,63967.6,63887.2,63917.1
1783846200000,63923.9,63959,63916.8,63933.3
1783846500000,63930.1,63949,63924,63941.1
1783846800000,63945.1,63950.9,63912.7,63931.4
1783847100000,63932.1,63940.9,63900.8,63926.4
1783847400000,63926.7,63926.7,63841.8,63842.7
1783847700000,63842.4,63842.4,63783.8,63797.4
1783848000000,63794.9,63797.4,63722.2,63741.3
1783848300000,63746.2,63811.5,63745.4,63790.9
1783848600000,63792.4,63872.8,63792.4,63855.3
1783848900000,63855.5,63902.3,63854.6,63901
1783849200000,63897.6,64006.3,63897.6,63966.9
1783849500000,63965.6,63979.8,63939.1,63946.4
1783849800000,63951.6,63962,63929.1,63961.7
1783850100000,63952.4,63955.3,63916.9,63922.5
1783850400000,63915.8,63919.1,63891.7,63903.2
1783850700000,63897.6,63908.5,63852.8,63874
1783851000000,63866.8,63896.2,63858.4,63895.9
1783851300000,63896.7,63905.6,63853.3,63871.3
1783851600000,63871.5,63894.5,63855.6,63855.6
1783851900000,63854.1,63862.4,63839.6,63839.6
1783852200000,63837.1,63871.9,63837.1,63865.9
1783852500000,63866.3,63877.8,63807.8,63830.4
1783852800000,63829.6,63829.6,63808.1,63828.3
1783853100000,63824.2,63827.1,63806.1,63807.2
1783853400000,63811.5,63814.4,63798.7,63808.5
1783853700000,63810.4,63860,63810.4,63830.2
1783854000000,63832.2,63872.1,63824.4,63872.1
1783854300000,63871.6,63879.9,63854.6,63877
1783854600000,63879.2,63879.2,63787.4,63809.6
1783854900000,63813.1,63869.2,63813.1,63865.5
1783855200000,63855.6,63863.6,63808.8,63844.1
1783855500000,63848.5,63884.9,63770.2,63884.9
1783855800000,63885.2,63969.2,63846.8,63969.2
1783856100000,63969.8,64002.2,63958.7,63964.8
1783856400000,63964.3,63968.1,63946.7,63967.3
1783856700000,63975.6,63990.4,63952.2,63982.7
1783857000000,63979.6,63989.5,63956.9,63967.3
1783857300000,63969.3,63993.7,63969.3,63980.5
1783857600000,63976.2,63976.2,63877,63944.1
1783857900000,63948.4,63974.5,63932.7,63974.5
1783858200000,63971.4,64096.7,63965.7,64065.8
1783858500000,64068.6,64085.6,64015.7,64015.7
1783858800000,64019.7,64034.8,63985.7,64000.7
1783859100000,64001.6,64035.2,63948.1,64019.3
1783859400000,64022.4,64043.3,63943.7,63992.9
1783859700000,63997.2,64000.5,63962.7,63980.4
1783860000000,63907.1,63993.4,63907.1,63993.4
1783860300000,63988.3,64019.4,63946.9,63998.1
1783860600000,63997.3,64006.5,63953.1,64005.4
1783860900000,63994.3,64000.5,63922.5,63987.1
1783861200000,63984.6,64016.2,63896.9,64016.2
1783861500000,64014.5,64014.5,63989.4,64014.5
1783861800000,64016.1,64022.3,63951,64003.2
1783862100000,63998.5,64060.4,63904.7,64045.6
1783862400000,64047,64050.7,63988.3,63988.3
1783862700000,63992.4,64018.8,63936,63936
1783863000000,63974.8,64023.9,63974.8,64023.9
1783863300000,64024.3,64052.9,63971,64003.5
1783863600000,64007,64021.7,63935.6,63999.6
1783863900000,64003.5,64012.3,63947.3,63966.7
1783864200000,63966.6,63989.7,63920.8,63920.8
1783864500000,63954.8,63990.4,63954.8,63984.9
1783864800000,63989.8,64002.5,63918.6,64000.2
1783865100000,64000.1,64004.4,63945.4,63957.9
1783865400000,63959,63979.9,63917.4,63937.4
1783865700000,63932.1,63961,63920.6,63947.4
1783866000000,63949.5,63961,63882.4,63960.7
1783866300000,63927.8,63960.7,63891.2,63891.2
1783866600000,63960,64021.4,63895.4,64017.5
1783866900000,64011.3,64033.9,63993.5,64023
1783867200000,64019.8,64047,63978.8,64028.7
1783867500000,64032.1,64178.3,64028.7,64144.7
1783867800000,64144,64253.2,64120.8,64180.2
1783868100000,64173.2,64186,64153,64164.4
1783868400000,64161.2,64166.2,64110.2,64126.8
1783868700000,64130,64226.2,64130,64143.1
1783869000000,64143.3,64169.8,64143.3,64148.8
1783869300000,64152.9,64152.9,64099.8,64116.4
1783869600000,64111.3,64161,64095.9,64159.8
1783869900000,64161.7,64209.1,64135.8,64184
1783870200000,64180.3,64215.1,64105.8,64105.8
1783870500000,64104.7,64125.1,64081.3,64110.4
1783870800000,64112,64126.2,64030.1,64110.5
1783871100000,64108.2,64151.5,64095.6,64146
1783871400000,64146.9,64176.3,64124.1,64138.2
1783871700000,64136.6,64141.7,64117.2,64141.7
1783872000000,64142.3,64150,64084.8,64105.5
1783872300000,64107.5,64156.1,64100.5,64142.8
1783872600000,64144.5,64174.1,64000.5,64028.9
1783872900000,64032,64077.5,64032,64061.4
1783873200000,64062,64116.1,64058.6,64094.2
1783873500000,64098.1,64142.1,64098.1,64141.7
1783873800000,64146,64148.6,64073,64084.6
1783874100000,64086.5,64098.2,64063.1,64079.8
1783874400000,64078.6,64089,64022.4,64081.4
1783874700000,64075.1,64109.2,64070.8,64106.3
1783875000000,64109,64109.2,64065.8,64080.4
1783875300000,64074.5,64141.7,64074.5,64135.6
1783875600000,64141,64141.7,64102.3,64118.3
1783875900000,64082.8,64122.9,64048,64122.9
1783876200000,64127.1,64133.9,64053.4,64107.5
1783876500000,64100.4,64132.1,64043.9,64132.1
1783876800000,64123.6,64123.6,64045.9,64094.9
1783877100000,64092.8,64112.4,64087.6,64091.7
1783877400000,64084.1,64112.1,64075.5,64110.9
1783877700000,64112.4,64131.3,64090.9,64131.3
1783878000000,64133.9,64141.6,64116.4,64117.1
1783878300000,64113.9,64130.8,64046.2,64110.7
1783878600000,64108.6,64108.6,63988.5,64023.8
1783878900000,64024.1,64050.3,64024,64042.3
1783879200000,64044.9,64074.1,64037.7,64046.4
1783879500000,64042.2,64042.2,63990.4,63993.4
1783879800000,63998.6,64008.4,63987,64002.9
1783880100000,64006.7,64006.7,63930.9,63996.7
1783880400000,63996.9,64022.3,63984.8,63998.3
1783880700000,63994,64055.2,63975.4,64036.1
1783881000000,64027.6,64048.7,63973.6,64045
1783881300000,64047.4,64101,63977.9,64081.6
1783881600000,64085.6,64099.7,64068.4,64093.3
1783881900000,64024.1,64117.3,64024.1,64112.2
1783882200000,64107,64107,64029.4,64095.6
1783882500000,64091.7,64114.1,64025.4,64107.8
1783882800000,64114.1,64133.7,64108.7,64129
1783883100000,64122.1,64174.7,64079.7,64170.5
1783883400000,64171,64197.6,64131.4,64132
1783883700000,64136.1,64153.5,64135,64145.5
1783884000000,64152.7,64174.8,64098.9,64174.8
1783884300000,64175.6,64175.6,64097.3,64099.8
1783884600000,64099.8,64167.5,64099.8,64130.9
1783884900000,64100.8,64135.4,64053.8,64053.8
1783885200000,64053.8,64125.1,64053.8,64123.2
1783885500000,64115.4,64137.7,64053.2,64135.4
1783885800000,64131.6,64235,64131.6,64203.8
1783886100000,64205.6,64227,64173.8,64193.1
1783886400000,64197.2,64219.8,64164.2,64164.8
1783886700000,64168.7,64182.7,64158.2,64174.7
1783887000000,64175,64183,64086.1,64086.1
1783887300000,64086.1,64173.8,64086.1,64168.7
1783887600000,64135.8,64176.2,64088.2,64160.8
1783887900000,64156.2,64172.9,64132.8,64170.3
1783888200000,64173.2,64181.6,64134,64155.1
1783888500000,64078.7,64167.6,64077.3,64165.2
1783888800000,64170.9,64188.6,64112.9,64183.2
1783889100000,64181.5,64200.2,64170.8,64200.2
1783889400000,64199.6,64199.6,64104.4,64104.4
1783889700000,64101.7,64169.7,64101.7,64160.9
1783890000000,64164.7,64201.2,64164.7,64190.2
1783890300000,64193.1,64193.7,64156.4,64171.8
1783890600000,64175.8,64189.6,64166.8,64171.7
1783890900000,64102.9,64170.8,64102.9,64118.5
1783891200000,64124.2,64124.6,64066.5,64072.7
1783891500000,64067.6,64081.1,64039.8,64067.6
1783891800000,64063.7,64063.7,64005.4,64035.4
1783892100000,64034.7,64045.5,64008.8,64029.7
1783892400000,64036.3,64041.3,63984.9,64013
1783892700000,64013.3,64013.6,63855.9,63913.7
1783893000000,63905.4,63917.7,63852.9,63855.5
1783893300000,63860.6,63909.5,63858.8,63884.1
1783893600000,63879.5,63879.5,63637,63686.4
1783893900000,63702.2,63787.8,63646.7,63771.1
1783894200000,63773.1,63814,63736.8,63752.5
1783894500000,63748.8,63797.9,63645.4,63657
1783894800000,63654.8,63805,63611.8,63800.5
1783895100000,63799,63804.2,63744.7,63793.4
1783895400000,63793.2,63832.4,63752.1,63764.4
1783895700000,63757.3,63805,63713,63780.2
1783896000000,63776.4,63776.4,63733.4,63736.2
1783896300000,63732.3,63732.3,63648.8,63685.4
1783896600000,63681.8,63786.9,63648.2,63786.9
1783896900000,63784.7,63893.8,63765.2,63830.7
1783897200000,63846.9,63854.7,63735.5,63777.9
1783897500000,63780.6,63881.8,63714.6,63739.2
1783897800000,63743.4,63798.3,63679.5,63783.3
1783898100000,63773,63800,63737,63765.3
1783898400000,63766.2,63819.5,63745.5,63794.6
1783898700000,63808.7,63808.7,63754.2,63789.6
1783899000000,63782.4,63832.6,63741.5,63815.4
1783899300000,63799.6,63827.9,63695.4,63779.6
1783899600000,63781.4,63783.7,63737.6,63753
1783899900000,63753.3,63779.7,63674.1,63704.5
1783900200000,63700.7,63793.5,63680.5,63727.5
1783900500000,63758.3,63782.1,63712.8,63745.8
1783900800000,63722.7,63869.9,63680.6,63866.3
1783901100000,63860.4,64012.1,63823.6,63997.7
1783901400000,64000.4,64264,63974.9,64236
1783901700000,64235.8,64393.2,64132.9,64161.1
1783902000000,64198.3,64287,64133.4,64164.3
1783902300000,64146.2,64201.3,64114.5,64152.6
1783902600000,64161,64174.5,64018,64042.2
1783902900000,64057.7,64086.4,63680,63694.2
1783903200000,63727,63761.4,63497.5,63750.1
1783903500000,63741.8,64019.3,63729.2,63876.1
1783903800000,63879.1,64005.4,63850.2,63968.4
1783904100000,63936.7,64077.9,63923.7,64005.2
1783904400000,64031,64033.7,63848.7,63882.9
1783904700000,63911.6,63934.4,63647.3,63647.3
1783905000000,63646.4,63864.6,63597.4,63813.7
1783905300000,63813.1,63959,63652.3,63719.4
1783905600000,63742.1,63783.2,63646.4,63668.8
1783905900000,63668.9,63747.7,63612.1,63680.7
1783906200000,63676.7,63705.9,63520.3,63561.1
1783906500000,63559.3,63692,63482.1,63669.7
1783906800000,63678.3,63732.6,63618.5,63634.1
1783907100000,63634.1,63666.1,63490.5,63569.3
1783907400000,63536.6,63605.5,63504.9,63534
1783907700000,63534.1,63568.7,63342.2,63349.4
1783908000000,63349.6,63420,63246.7,63298.6
1783908300000,63292.5,63375.1,63179.9,63262
1783908600000,63285,63414.6,63200,63375.5
1783908900000,63351.7,63510.5,63351.7,63421
1783909200000,63448.5,63502.5,63303.3,63303.6
1783909500000,63333.2,63470.4,63303.1,63427.5
1783909800000,63401.7,63456.8,63365.1,63390.8
1783910100000,63421,63459.8,63375.7,63399.8
1783910400000,63398.9,63467.4,63330.3,63405.9
1783910700000,63420.6,63420.6,63328.2,63404.7
1783911000000,63408.8,63439.1,63314.4,63356.8
1783911300000,63362.5,63382.2,63279.9,63309.1
1783911600000,63334.8,63351.4,63199.2,63233.7
1783911900000,63234.3,63237.5,62926.9,62943.4
1783912200000,62980.1,63022.8,62827.8,62947.2
1783912500000,62946.7,63084.5,62731.3,62862.4
1783912800000,62868.7,62953,62820.1,62927.8
1783913100000,62927.9,63045.5,62912.1,63030.9
1783913400000,63030.4,63035.5,62684.1,62686.9
1783913700000,62727.7,62845.8,62672.6,62806.7
1783914000000,62807.1,62862,62747.1,62761.4
1783914300000,62786.3,62833.3,62749.3,62792.1
1783914600000,62763.7,62818.9,62712.9,62757
1783914900000,62761.3,62802.2,62730,62734.2
1783915200000,62734.1,62807.6,62647.9,62696
1783915500000,62666,62783.4,62627.1,62752.5
1783915800000,62758.7,62825.9,62728.5,62776.4
1783916100000,62776.5,62866.4,62748.6,62858
1783916400000,62852.4,62862.1,62783.2,62783.2
1783916700000,62815,62837.1,62779.9,62802.1
1783917000000,62802.2,62837,62625.4,62694.3
1783917300000,62693.2,62720.6,62564.8,62689.6
1783917600000,62695.5,62697.1,62625.8,62682.4
1783917900000,62656.7,62720.4,62656.4,62684.8
1783918200000,62705.7,62742.7,62678.6,62688.3
1783918500000,62688.1,62725.1,62594,62608.9
1783918800000,62638.9,62720.2,62442,62704.4
1783919100000,62708.6,62775,62667.3,62770.6
1783919400000,62772,62871,62746,62771.7
1783919700000,62776.3,62793.8,62670.1,62767.2
1783920000000,62771.8,62801.6,62601.3,62632.6
1783920300000,62663.1,62692.1,62550.1,62573.9
1783920600000,62574,62718.9,62520.1,62692.3
1783920900000,62692,62782.4,62691.7,62717.7
1783921200000,62718.5,62768.2,62695.3,62739.2
1783921500000,62738.9,62759.7,62706.7,62759.7
1783921800000,62732.4,62791.3,62715.8,62743.7
1783922100000,62743.5,62762.1,62706.3,62736.2
1783922400000,62764.8,62826.9,62736.7,62775.1
1783922700000,62797.2,62807.4,62738.7,62768.7
1783923000000,62798.1,62798.1,62666.2,62678.5
1783923300000,62707.8,62744.1,62655.3,62661.4
1783923600000,62661.2,62713.7,62643.1,62667.7
1783923900000,62684.2,62804.2,62660.2,62797.8
1783924200000,62769.4,62833.9,62716.2,62723.1
1783924500000,62723.9,62779.9,62698,62768.8
1783924800000,62766.5,62801.2,62729.3,62767.9
1783925100000,62788.8,62836,62736.4,62780
1783925400000,62781.8,62792.4,62730.7,62760.3
1783925700000,62731.6,62759,62718.5,62728.9
1783926000000,62728.8,62784.4,62682.3,62726.5
1783926300000,62720.4,62812.4,62692,62794.5
1783926600000,62795.2,62837.4,62751.5,62760.7
1783926900000,62768.8,62824.8,62738.8,62757.4
1783927200000,62751.8,62900.4,62721.8,62892.6
1783927500000,62887.3,62954.9,62864.5,62915.9
1783927800000,62910.3,63009.2,62846.3,63003.4
1783928100000,62994.8,63017.1,62936.4,63010.4
1783928400000,62979.8,63013.9,62894.6,62927.1
1783928700000,62923.1,62991.4,62894.2,62926.9
1783929000000,62925.6,62955.9,62899,62933.4
1783929300000,62937.4,63015.9,62914.1,62940.5
1783929600000,62945.1,63015.9,62893.4,62962.4
1783929900000,62978.3,63000.9,62896.9,62906.4
1783930200000,62904.1,62991,62872.2,62961.5
1783930500000,62988.1,63013.3,62926.3,62962.8
1783930800000,62966.8,62983.2,62899.5,62983.2
1783931100000,62959.3,63051.1,62958.9,63036.7
1783931400000,63037.4,63048.5,62992,63022.7
1783931700000,63019.1,63037.4,62926.4,63032.6
1783932000000,63005.8,63070.1,62981.4,63064.6
1783932300000,63058.9,63136.7,63043,63132.4
1783932600000,63133.5,63234.4,63093,63124.8
1783932900000,63142.2,63154.4,63095,63154.4
1783933200000,63128.4,63158.2,63086.6,63116.3
1783933500000,63111.9,63122.6,63062.6,63091.9
1783933800000,63087,63129.7,63060.3,63078.3
1783934100000,63078.5,63093,63035.2,63035.2
1783934400000,63048.7,63070.1,63030.6,63064.2
1783934700000,63066.7,63067.4,63024.4,63067.4
1783935000000,63054.8,63058.3,63013.7,63056.1
1783935300000,63051.4,63066.5,63025.4,63055.3
1783935600000,63051,63056.7,63022.6,63051.7
1783935900000,63026,63057.7,63019.4,63056.3
1783936200000,63059.7,63065.7,63025.1,63059.2
1783936500000,63055,63056.1,63020.9,63022.2
1783936800000,63022.1,63053.4,63011.1,63048.5
1783937100000,63039.3,63042.5,62998.4,63024.2
1783937400000,63026.7,63030.4,62992.8,63025.5
1783937700000,63025.1,63068.2,62996.2,63066.4
1783938000000,63039.4,63091.3,63015.4,63031.4
1783938300000,63033.1,63035.4,62996.3,63032
1783938600000,63028.1,63071.2,63001.1,63024.8
1783938900000,63048.8,63060.4,63010.2,63034.8
1783939200000,63038.6,63047.1,62833.3,62879.2
1783939500000,62877.5,62921.3,62807.9,62888.5
1783939800000,62888,62908.2,62843.1,62895.1
1783940100000,62886.9,62896.3,62781.2,62815.4
1783940400000,62782.5,62946.7,62782.5,62891.8
1783940700000,62911.1,63083.6,62901.4,63061.2
1783941000000,63039.9,63077.8,62994.6,62994.6
1783941300000,63025.6,63042.4,62924.7,62938
1783941600000,62942.8,63036.8,62915.7,62957.6
1783941900000,62961.8,63004,62942,62969.1
1783942200000,62946.6,62970.1,62879.3,62940.8
1783942500000,62945.3,62962.4,62889.3,62937
1783942800000,62938,62938,62878,62901.3
1783943100000,62899.2,62914.3,62877.1,62903.5
1783943400000,62901.9,62914.4,62836.1,62853.8
1783943700000,62857.5,62872.3,62821.6,62822.1
1783944000000,62822.4,62927.5,62802.4,62806.7
1783944300000,62836.4,62860.7,62729.7,62776
1783944600000,62776.2,62869.2,62749.3,62790
1783944900000,62794,62834,62762.6,62793.6
1783945200000,62789.8,62789.8,62684.3,62719.6
1783945500000,62725.2,62812.8,62653.1,62690.7
1783945800000,62665.5,62733.8,62621.7,62665.3
1783946100000,62667,62682.8,62525.1,62534.8
1783946400000,62535.4,62574,62499.9,62554.3
1783946700000,62550,62617.1,62539.9,62571.3
1783947000000,62567.3,62580.5,62512.3,62517.1
1783947300000,62548,62580.1,62489.1,62571.5
1783947600000,62575.3,62615.1,62527.6,62527.6
1783947900000,62552.3,62600.9,62509.7,62514.2
1783948200000,62546,62547,62439.1,62463.6
1783948500000,62464.4,62485.9,62400.5,62422.6
1783948800000,62417.4,62496,62298.7,62459.8
1783949100000,62479.9,62533.2,62417.9,62459.8
1783949400000,62469.7,62701.8,62450,62652.8
1783949700000,62658,62706.5,62491.9,62506.8
1783950000000,62511,62557.3,62168.1,62252.3
1783950300000,62269.8,62350,62173.2,62260.2
1783950600000,62261.8,62298.3,62080.2,62176
1783950900000,62151.3,62293.1,62103.9,62236
1783951200000,62258.4,62337.2,62203.4,62230.6
1783951500000,62223.9,62286.7,62175.8,62258.2
1783951800000,62267.8,62367.1,62218.1,62359.3
1783952100000,62354.8,62430.3,62024.6,62386.5
1783952400000,62386.1,62482.2,62250.1,62388.4
1783952700000,62393.2,62602.8,62376,62509.8
1783953000000,62489.9,62621.8,62467.7,62581.9
1783953300000,62571,62601.8,62384.1,62564.1
1783953600000,62562.8,62602.4,62463.9,62558.3
1783953900000,62549.8,62677.2,62498,62671.7
1783954200000,62676.3,62683.6,62525.5,62596
1783954500000,62600.4,62736.1,62571.1,62727
1783954800000,62731.4,62806.3,62606.3,62606.3
1783955100000,62628.8,62718.9,62600.9,62716.5
1783955400000,62714.8,62768.4,62686.9,62722.8
1783955700000,62721.2,62923.4,62696.5,62844.6
1783956000000,62842.3,62853.4,62728.3,62838.8
1783956300000,62848.3,62848.3,62709.2,62751.2
1783956600000,62728.7,62792.9,62645.3,62664.8
1783956900000,62655.8,62693.8,62577.1,62601.7
1783957200000,62607.5,62612.2,62489.9,62591.6
1783957500000,62587.7,62612.4,62523.4,62609
1783957800000,62580,62621.9,62495.3,62528.8
1783958100000,62513.6,62559.8,62496.9,62551.6
1783958400000,62563.4,62572.6,62462.8,62544.2
1783958700000,62549,62569.4,62445.8,62505.6
1783959000000,62499.4,62530.6,62435.4,62476
1783959300000,62475.6,62481.1,62286.6,62325.2
1783959600000,62319.8,62319.8,62216.2,62234.5
1783959900000,62241.3,62289.2,62186.3,62285.4
1783960200000,62281.4,62281.4,62180.7,62214.2
1783960500000,62212.8,62249.7,62126,62249.7
1783960800000,62254.8,62328.9,62215.4,62306.1
1783961100000,62311.1,62363.7,62275.5,62320.3
1783961400000,62313,62319.6,62196.1,62218.8
1783961700000,62201.5,62228.6,62157.6,62217.3
1783962000000,62223.2,62287.2,62176.3,62214
1783962300000,62205.3,62300.3,62170.4,62260
1783962600000,62258.3,62313.2,62206.6,62258.9
1783962900000,62251.4,62257.2,62138.1,62200.8
1783963200000,62202.8,62214.3,62095.8,62130.9
1783963500000,62136.7,62154.4,62081.4,62125.8
1783963800000,62126.5,62165.9,62068.7,62112.7
1783964100000,62109.7,62114.7,61896.8,62029.4
1783964400000,62024.3,62054.1,61937.5,62033.5
1783964700000,62043.1,62126,61943.6,61973.6
1783965000000,61979.6,61994.1,61894.4,61960.9
1783965300000,61967.4,61973.4,61811.6,61843.2
1783965600000,61847.1,61936.8,61813.4,61908.4
1783965900000,61909,62003.2,61888,61925.6
1783966200000,61924.9,61924.9,61797.4,61866.6
1783966500000,61836.3,61888.4,61752,61764.9
1783966800000,61765.7,61948.4,61755.5,61938.9
1783967100000,61934.7,61939.4,61803.1,61885.4
1783967400000,61883.3,61927.8,61816.6,61852.8
1783967700000,61847.9,61929.6,61844.7,61919
1783968000000,61924.9,61943.4,61866.7,61931.6
1783968300000,61947,61973.3,61893.7,61967.2
1783968600000,61963.2,62041.9,61908.2,61959.7
1783968900000,61959.5,61997.5,61915.3,61960.4
1783969200000,61966.4,61983,61893.3,61955.4
1783969500000,61960,61993.4,61921.5,61981.6
1783969800000,61976.2,62029,61954.1,62011.4
1783970100000,62000.8,62057.1,61934.4,61974.8
1783970400000,61957.1,61993.2,61916.6,61957.5
1783970700000,61957.4,61996.4,61917.3,61954.3
1783971000000,61956.5,62078,61926.9,62047
1783971300000,62047.2,62091.4,62024.6,62044
1783971600000,62045.8,62114.5,62013.3,62111.4
1783971900000,62106.7,62113.9,62049,62107.9
1783972200000,62112,62191.6,62084.6,62162.6
1783972500000,62158,62233.7,62153.6,62224.5
1783972800000,62224.5,62242.3,62160.5,62241.8
1783973100000,62238.3,62263.9,62155.7,62161.7
1783973400000,62162.8,62169.5,62118.3,62134.4
1783973700000,62153.2,62153.2,62004.5,62052.7
1783974000000,62054,62133.6,62006.5,62133.6
1783974300000,62131.9,62163.4,62108.7,62157
1783974600000,62155.8,62173.4,62124,62164.5
1783974900000,62137.9,62201.5,62137.9,62189.7
1783975200000,62192.6,62207.6,62100.6,62100.6
1783975500000,62117.1,62133.8,62012.8,62013
1783975800000,62012.9,62108.3,61969.1,62105.1
1783976100000,62109.4,62157.7,62077.4,62119.4
1783976400000,62120.1,62166.7,62086.8,62131.6
1783976700000,62127.3,62134.4,62044.6,62044.6
1783977000000,62065.1,62074.5,61969.8,62053.5
1783977300000,62043.6,62052.2,62010.2,62052.2
1783977600000,62053,62097.6,62004.1,62017.5
1783977900000,62016.9,62016.9,61928.8,61974.6
1783978200000,61973.2,62016.6,61931.7,61979.9
1783978500000,62002.9,62012.9,61816.6,61897.9
1783978800000,61873.2,61923.6,61823.2,61923.6
1783979100000,61928.2,61967.8,61846.8,61954.5
1783979400000,61951.3,62015.5,61918,62010.6
1783979700000,62010.3,62065.4,61981,61981.4
1783980000000,62010.2,62153.5,61981.6,62095.6
1783980300000,62101.7,62149.3,62070.5,62108.6
1783980600000,62108.4,62134.3,62046.3,62119.8
1783980900000,62094.5,62150.9,62076.7,62117.8
1783981200000,62149,62167.3,62046.3,62094.2
1783981500000,62097,62122.4,62069,62101.5
1783981800000,62100.5,62122.4,61980.7,62034.3
1783982100000,62036.3,62067.8,61963.7,61970.4
1783982400000,61992.5,62012.6,61945.8,61977.6
1783982700000,61978.1,62011.8,61944.8,61944.8
1783983000000,61965,61967.4,61892.1,61916.1
1783983300000,61914.4,61917.8,61812.9,61816.3
1783983600000,61817,61921.2,61780.3,61857.8
1783983900000,61857.9,61963,61853.9,61928.6
1783984200000,61928.5,62007.6,61926.7,61984.4
1783984500000,61983,62065.9,61957,62050.5
1783984800000,62023.9,62119.8,62023.9,62105.6
1783985100000,62107.1,62168.3,62077.7,62091.5
1783985400000,62090.9,62136.6,62040.3,62104.8
1783985700000,62098,62131.1,62045.1,62070.6
1783986000000,62069.2,62072.4,62009.1,62028.1
1783986300000,62046.5,62169.8,62028.5,62160.8
1783986600000,62144.3,62280.2,62127.7,62250.8
1783986900000,62281.1,62281.1,62207.1,62237.1
1783987200000,62237.3,62297.5,62213.4,62246.1
1783987500000,62242.5,62273.3,62176.4,62242.5
1783987800000,62244.1,62419.2,62244.1,62367.1
1783988100000,62366.3,62368.8,62256.5,62309.8
1783988400000,62294.4,62354.4,62226.5,62345.1
1783988700000,62341.7,62341.7,62226.1,62308.4
1783989000000,62313,62385.8,62281.1,62312.9
1783989300000,62314.7,62372.7,62259.1,62293.7
1783989600000,62295,62344.8,62197.6,62243.7
1783989900000,62246.2,62319.5,62228.5,62312.6
1783990200000,62313.7,62367.1,62287.2,62365.2
1783990500000,62359.8,62596.5,62332.1,62482.8
1783990800000,62485.9,62508,62378.8,62423.8
1783991100000,62417.8,62459.4,62378.2,62435.5
1783991400000,62430,62450.8,62370.8,62430.7
1783991700000,62410.9,62523,62401.6,62489.7
1783992000000,62494.8,62568.1,62427.6,62555.4
1783992300000,62545.1,62575.8,62407,62455.9
1783992600000,62454.9,62507.7,62404.6,62460.8
1783992900000,62458.4,62492.3,62415,62445.6
1783993200000,62451.5,62458.5,62374.7,62422.8
1783993500000,62425.4,62458.2,62404.1,62432.8
1783993800000,62436.6,62474.5,62387.8,62455.1
1783994100000,62450.6,62487.9,62418.1,62443.1
1783994400000,62463.4,62484.3,62397.1,62464.3
1783994700000,62467.7,62548.9,62439.5,62504.2
1783995000000,62503.8,62516.9,62409.1,62409.1
1783995300000,62431.8,62456.5,62370.3,62395.1
1783995600000,62375.9,62401.5,62308.7,62326.8
1783995900000,62309.2,62332.2,62232.6,62299.8
1783996200000,62304.4,62388.7,62285.4,62357.5
1783996500000,62332.8,62456.4,62332.8,62456.4
1783996800000,62460.3,62537.4,62436.5,62519.8
1783997100000,62515.7,62574.2,62494.5,62528.2
1783997400000,62528,62547.8,62441,62441
1783997700000,62457.4,62493.5,62438.4,62476.6
1783998000000,62455,62542.3,62444.8,62471.8
1783998300000,62475.8,62477,62404.7,62420.6
1783998600000,62419.6,62428.7,62278.4,62325
1783998900000,62329.2,62378.1,62279.3,62347.5
1783999200000,62348.9,62348.9,62223.6,62301.3
1783999500000,62301,62402.9,62279.8,62402.9
1783999800000,62403.6,62435.9,62348.4,62369.5
1784000100000,62369.8,62479,62366,62427.3
1784000400000,62429.4,62453.6,62351.9,62405.8
1784000700000,62393.3,62460.1,62376.5,62441.3
1784001000000,62447.8,62502.4,62422.1,62501.1
1784001300000,62500.2,62511.5,62460.2,62501
1784001600000,62496.8,62552,62479.7,62548.9
1784001900000,62525.2,62592.3,62475.3,62500.1
1784002200000,62497.2,62518.2,62450.3,62492.5
1784002500000,62488.5,62519.2,62461,62508.9
1784002800000,62512.8,62577.7,62482.3,62533.2
1784003100000,62537.1,62589.5,62517.7,62576.8
1784003400000,62577.9,62683.9,62551.2,62665.8
1784003700000,62644.7,62705,62638.9,62689.4
1784004000000,62689.1,62689.1,62618.2,62638.8
1784004300000,62619.7,62667,62616.6,62654.4
1784004600000,62653.6,62667.3,62612.9,62661.3
1784004900000,62667,62702.8,62610.9,62673.6
1784005200000,62671.1,62673.7,62609.2,62660.5
1784005500000,62660.8,62795.8,62636.2,62779.4
1784005800000,62774.8,62787.3,62729,62758
1784006100000,62758.5,62767.8,62694.6,62738.8
1784006400000,62738.9,62803.2,62680.5,62783.4
1784006700000,62766.5,62808.8,62747.1,62777
1784007000000,62777.6,62810.2,62741.2,62755.3
1784007300000,62729.5,62763.2,62663.7,62664.6
1784007600000,62689.4,62703.5,62627.1,62684.4
1784007900000,62687.2,62691.9,62609.9,62627.7
1784008200000,62652.3,62668.2,62610.8,62658.7
1784008500000,62655.3,62665.4,62611.8,62658.6
1784008800000,62653.5,62666.2,62593.4,62600.6
1784009100000,62626.8,62634.8,62568.3,62569
1784009400000,62590.1,62654,62569.3,62589.7
1784009700000,62564.8,62620.8,62564.8,62594.3
1784010000000,62597.7,62639.3,62570.9,62633.8
1784010300000,62622.9,62631.9,62579.9,62616.9
1784010600000,62618.4,62689.1,62587.4,62684.6
1784010900000,62682.2,62704.5,62577.1,62582.8
1784011200000,62576.8,62625.3,62533.9,62623.4
1784011500000,62624.5,62631.4,62569.3,62591.8
1784011800000,62566.5,62605.4,62519.3,62545
1784012100000,62537,62556.5,62471.5,62547.6
1784012400000,62548,62567.3,62487.5,62555.5
1784012700000,62559.1,62580.9,62505.2,62518.3
1784013000000,62519.9,62519.9,62458.5,62517.4
1784013300000,62521.8,62557.6,62474.6,62496.1
1784013600000,62495.8,62545.9,62467.4,62530.7
1784013900000,62533.5,62583.8,62511.4,62555
1784014200000,62557.2,62576.8,62471.9,62525.8
1784014500000,62554.6,62571.8,62477.6,62511.8
1784014800000,62486,62538.8,62461.8,62505.8
1784015100000,62506.8,62506.8,62416.3,62449.3
1784015400000,62449.5,62508.8,62445.2,62474.2
1784015700000,62473.8,62506.8,62447.5,62472.8
1784016000000,62473.8,62507.8,62407.5,62498.8
1784016300000,62493.6,62505.8,62408.7,62409.2
1784016600000,62409,62486.8,62408.7,62470.8
1784016900000,62475.4,62541.8,62457.5,62521.2
1784017200000,62525.3,62534.8,62470.3,62492.4
1784017500000,62496.9,62598.8,62482.6,62550
1784017800000,62549.7,62595.8,62531.2,62582.5
1784018100000,62577.9,62684.8,62537.7,62670.4
1784018400000,62663.4,62733.8,62630.6,62696.5
1784018700000,62699.5,62717.2,62613.4,62648.8
1784019000000,62639.6,62652.9,62590.1,62632.4
1784019300000,62611.8,62649.7,62597.1,62609.4
1784019600000,62635.2,62672.3,62595.3,62670.7
1784019900000,62670.5,62672.2,62570.6,62620.8
1784020200000,62615.9,62627.3,62572.8,62626.7
1784020500000,62625.5,62657.8,62569,62603.3
1784020800000,62606.2,62643.8,62561,62613
1784021100000,62611.8,62630.8,62582.3,62601
1784021400000,62596.4,62609.8,62540.6,62541.8
1784021700000,62516.3,62550.4,62444.8,62542.7
1784022000000,62542.8,62542.8,62476.9,62495.8
1784022300000,62471.6,62558.7,62448.2,62507.2
1784022600000,62523.6,62544.6,62477.1,62544.6
1784022900000,62544,62580.5,62501.4,62561.4
1784023200000,62535.6,62642,62535.4,62626.8
1784023500000,62626.2,62664.2,62602.3,62628
1784023800000,62652.3,62664.3,62618.1,62649.8
1784024100000,62654.4,62664.8,62604.8,62633
1784024400000,62633.9,62659.2,62584.5,62657.8
1784024700000,62651.9,62651.9,62575.6,62592.5
1784025000000,62596.8,62627.4,62517.4,62554.8
1784025300000,62557.5,62685.8,62539.4,62681.7
1784025600000,62684.3,62737.3,62649.3,62734
1784025900000,62733.5,62833.6,62698.7,62826
1784026200000,62821.7,62835.4,62706.4,62749.1
1784026500000,62723.2,62805.7,62700.8,62729.6
1784026800000,62735,62737,62640.2,62661.2
1784027100000,62666.1,62695.6,62623.5,62678.1
1784027400000,62679.1,62729.1,62638.9,62697.2
1784027700000,62697.1,62765.7,62688.3,62739.6
1784028000000,62739.4,62759.2,62666.9,62745.1
1784028300000,62742.1,62808.6,62711.3,62795.8
1784028600000,62777.7,62841.1,62755.1,62840.9
1784028900000,62841.8,62852.1,62720.5,62754.7
1784029200000,62776.5,62810.3,62752.2,62791
1784029500000,62762.2,62807.4,62746.1,62768.5
1784029800000,62768.3,62813.1,62768.2,62803.9
1784030100000,62806.6,62811.8,62759.1,62774
1784030400000,62778.9,62801.8,62735.9,62749.4
1784030700000,62745.4,62749.3,62707.6,62731.8
1784031000000,62730.2,62785.8,62703.6,62780.2
1784031300000,62784.2,62865.4,62728.7,62863.7
1784031600000,62867.8,63009.1,62840.6,62990.6
1784031900000,62986.9,63041.2,62820.6,62897.2
1784032200000,62875.6,63531.5,62875.6,63412
1784032500000,63423.8,63618.7,63364.5,63381.3
1784032800000,63378.6,63529.7,63317,63502.1
1784033100000,63502.5,63795,63483.1,63666.7
1784033400000,63651.9,63812.5,63651.9,63745.5
1784033700000,63749.3,63919.1,63729.5,63871.5
1784034000000,63899.4,63914.1,63735.2,63756.7
1784034300000,63734.7,63841.8,63693.7,63730.4
1784034600000,63708.8,63776.1,63679.6,63712
1784034900000,63734,63845,63715.4,63813.4
1784035200000,63813.8,64110.2,63788.4,64050.3
1784035500000,64049,64049,63853.2,63901.8
1784035800000,63907.7,63920.9,63711.2,63743.3
1784036100000,63741.7,63902.7,63690.1,63846
1784036400000,63846.8,63904.9,63638.6,63730.5
1784036700000,63727.3,63845.4,63609.4,63743.8
1784037000000,63763,63860.7,63699.7,63760.5
1784037300000,63734.1,63791.9,63715.4,63774.6
1784037600000,63782.6,63820.7,63518.6,63545.9
1784037900000,63523.8,63685.4,63523.8,63650.1
1784038200000,63650.7,63821.8,63563.6,63813.9
1784038500000,63808,63822.6,63687.6,63789.2
1784038800000,63785.8,63815.1,63709,63742.8
1784039100000,63759.4,63863.8,63710.5,63851.4
1784039400000,63855.5,63956.9,63778.6,63899.5
1784039700000,63899,64002.4,63869.4,63932.5
1784040000000,63950.6,64031.5,63909.7,63973.8
1784040300000,63953.9,63976.1,63870.4,63915.5
1784040600000,63914.6,64020.8,63849.1,64017
1784040900000,64026.4,64275.2,63928,64239.5
1784041200000,64220.8,64366,64158.6,64302.3
1784041500000,64303.6,64316.7,64117.9,64208.5
1784041800000,64208.3,64245.8,64120.7,64158.1
1784042100000,64134.5,64281.3,64129.3,64264.8
1784042400000,64244,64338.4,64209.1,64224.6
1784042700000,64224.8,64505.1,64170.1,64440.3
1784043000000,64436.8,64910.2,64432.8,64819
1784043300000,64817.8,64828.3,64678.8,64759.1
1784043600000,64763.8,64798.7,64579.2,64731.4
1784043900000,64727.4,64796.1,64695.4,64772.7
1784044200000,64770.6,64811.4,64526.1,64547.3
1784044500000,64544.8,64723.3,64520.8,64678.3
1784044800000,64678.7,64765.8,64547.8,64691.6
1784045100000,64692,64837.7,64638,64822.2
1784045400000,64826.2,64853.9,64667.1,64687.5
1784045700000,64683.3,64718.4,64606.9,64690.6
1784046000000,64719.6,64794,64657.6,64763
1784046300000,64767.2,64839.1,64747.5,64776.2
1784046600000,64779.1,64849.8,64741,64834.2
1784046900000,64824.8,64851.3,64780.2,64792.1
1784047200000,64792.6,64823.4,64718.3,64737.8
1784047500000,64735.6,64761.6,64676.2,64717.8
1784047800000,64696.2,64816,64696.2,64736.6
1784048100000,64736.4,64751,64667.1,64684.7
1784048400000,64684,64684,64613.3,64655.2
1784048700000,64629.9,64660.4,64526.7,64551.7
1784049000000,64548.8,64572.6,64236.4,64559.5
1784049300000,64543.6,64630.1,64391.8,64418.8
1784049600000,64424.6,64478.2,64338.8,64422.4
1784049900000,64447.5,64526.1,64399,64480.9
1784050200000,64481.5,64491.7,64383.3,64406.4
1784050500000,64406.5,64462.7,64373.3,64425.9
1784050800000,64425.3,64492.3,64407.9,64479
1784051100000,64478.8,64508.4,64436.6,64480.4
1784051400000,64476.3,64611.5,64455.2,64580.4
1784051700000,64603.5,64663.5,64561.1,64587.5
1784052000000,64563,64591.4,64518.3,64543.4
1784052300000,64542.3,64558,64439.7,64455.8
1784052600000,64439.3,64487.1,64439.3,64447.5
1784052900000,64449.7,64512.7,64431.6,64494.4
1784053200000,64490.3,64503.5,64428.7,64453.4
1784053500000,64458.4,64513.1,64428.9,64480.1
1784053800000,64479.1,64541,64421.1,64511.8
1784054100000,64512.3,64600.6,64483,64580.2
1784054400000,64580.1,64600.6,64486.3,64518.4
1784054700000,64545.7,64617.4,64534.5,64552.9
1784055000000,64549.6,64549.6,64502.2,64522.3
1784055300000,64523.2,64549,64495.7,64513.4
1784055600000,64535.4,64598,64508.7,64562.4
1784055900000,64563.9,64563.9,64491.7,64525.8
1784056200000,64523.9,64605,64493.9,64579.6
1784056500000,64580,64582.9,64506.2,64549.6
1784056800000,64568.1,64660.8,64548.6,64580.7
1784057100000,64591.3,64601.8,64521,64521
1784057400000,64513.9,64513.9,64446.5,64469.7
1784057700000,64470.4,64501.7,64435.4,64470
1784058000000,64466,64519.5,64438.9,64508.3
1784058300000,64507.9,64560.9,64481.2,64557.4
1784058600000,64553.7,64600.4,64509.7,64593.9
1784058900000,64597.9,64624.5,64490.1,64529.8
1784059200000,64534,64553.9,64450,64467.8
1784059500000,64467.6,64467.6,64414.6,64464.5
1784059800000,64464,64464,64410.6,64415
1784060100000,64412.6,64475.6,64398.1,64453
1784060400000,64451.9,64453,64397,64422.9
1784060700000,64420.1,64423.5,64375.8,64402.4
1784061000000,64406.9,64416.6,64370.7,64406.8
1784061300000,64387.3,64408.6,64362.9,64371.7
1784061600000,64399.1,64455.4,64362.9,64439.5
1784061900000,64444.3,64484,64410.1,64437
1784062200000,64433,64480.4,64389.9,64453.5
1784062500000,64485,64562,64437.5,64521.9
1784062800000,64523.6,64551.7,64462.2,64515.4
1784063100000,64519.1,64571.2,64497.8,64551.5
1784063400000,64554,64581.8,64532.6,64554.1
1784063700000,64554.2,64612.7,64554.2,64585.7
1784064000000,64592.7,64617.6,64560.2,64561.6
1784064300000,64561.9,64633.1,64559.8,64585.1
1784064600000,64591.9,64652.2,64591.8,64616.5
1784064900000,64616.1,64741.5,64613.4,64703.3
1784065200000,64699.2,64857.7,64656.5,64663.9
1784065500000,64664.1,64725,64634.8,64658.5
1784065800000,64663.7,64688.8,64580.2,64615.6
1784066100000,64606.6,64645.6,64568.8,64604.6
1784066400000,64637.2,64637.2,64519.7,64570.9
1784066700000,64571.9,64622.8,64523.6,64524.4
1784067000000,64524.3,64555.4,64455.3,64472.7
1784067300000,64473.4,64722,64473.4,64702.2
1784067600000,64729.3,65066.6,64685,64968.1
1784067900000,64963.6,64968.1,64859,64890.7
1784068200000,64887.3,64989.2,64849.1,64934.8
1784068500000,64928.2,64982.1,64871.8,64878.7
1784068800000,64878.8,64919.1,64869.1,64872
1784069100000,64876.7,64937.4,64847.3,64874.1
1784069400000,64870.6,64903.2,64828.7,64874.3
1784069700000,64869.6,64879.4,64794.8,64818.5
1784070000000,64816.7,64862.5,64716,64793.5
1784070300000,64797.7,64894.4,64768.1,64870.4
1784070600000,64882.7,65000.5,64864.5,64969.2
1784070900000,64968.7,64968.7,64866,64899.7
1784071200000,64899,64899,64833,64850.2
1784071500000,64834,64886.9,64819.3,64849.1
1784071800000,64849.2,64894.1,64832.2,64855.8
1784072100000,64860.6,64947.2,64843.3,64915.1
1784072400000,64915.3,64974.6,64915,64958.5
1784072700000,64963.7,64997.8,64934.1,64989.7
1784073000000,64987.3,64989.7,64944.4,64979.3
1784073300000,64984.2,64995.5,64916.1,64969.4
1784073600000,64969.5,65018.9,64927.7,64956.1
1784073900000,64954.6,64982.6,64898.3,64947.3
1784074200000,64972.9,64973.9,64851.7,64874.7
1784074500000,64872.1,64892.8,64806.1,64831.4
1784074800000,64824.3,64864.3,64783.5,64820.3
1784075100000,64816.2,64855,64771.5,64843.8
1784075400000,64839.7,64842.4,64741.7,64779.4
1784075700000,64783,64786.6,64706.1,64752.5
1784076000000,64754.3,64794.8,64704.1,64710
1784076300000,64712.9,64803,64712.9,64757.1
1784076600000,64752.9,64797.4,64731.6,64786.2
1784076900000,64782.9,64809,64761.9,64780.3
1784077200000,64785.5,64795.9,64670.2,64738.8
1784077500000,64738.9,64757.4,64677.2,64695.7
1784077800000,64671.3,64711.4,64644.9,64700.6
1784078100000,64693.9,64740.5,64632.2,64648.7
1784078400000,64651.1,64764.1,64636.7,64721.5
1784078700000,64741.9,64811.5,64722.4,64762.6
1784079000000,64764.9,64806.1,64687.2,64728.4
1784079300000,64694.2,64735.1,64637.3,64662.3
1784079600000,64656.7,64678.9,64599.8,64676
1784079900000,64677.4,64680.2,64583.1,64618
1784080200000,64591.2,64627.5,64575.6,64626.8
1784080500000,64628.2,64642.7,64588.9,64607.2
1784080800000,64624.5,64652.9,64584.5,64628.6
1784081100000,64631.4,64670.2,64590.8,64636.1
1784081400000,64635.5,64715.3,64630.5,64637.9
1784081700000,64638,64665.3,64533,64558.4
1784082000000,64531.5,64573.7,64503.3,64527.4
1784082300000,64507,64527.4,64471,64475.6
1784082600000,64483.3,64502.8,64419.1,64444.9
1784082900000,64447.6,64515.9,64421.6,64490.9
1784083200000,64491.7,64517.8,64467.2,64517.8
1784083500000,64493.8,64518.5,64462,64462
1784083800000,64477.6,64477.6,64435.5,64453.7
1784084100000,64458.2,64476,64431.2,64447.5
1784084400000,64426,64512,64426,64504.8
1784084700000,64500.4,64603,64473.7,64583
1784085000000,64557.3,64621.4,64544.1,64584.3
1784085300000,64587.7,64587.7,64544.6,64573.7
1784085600000,64545.4,64578.4,64522.8,64533.4
1784085900000,64557.7,64571.4,64519.2,64568.4
1784086200000,64568.3,64723.4,64544.2,64697
1784086500000,64693.2,64693.2,64592.4,64593.5
1784086800000,64593.6,64676.4,64540.4,64655.6
1784087100000,64649.2,64702.4,64606.6,64671
1784087400000,64704.4,64796.4,64674.3,64753.1
1784087700000,64727.9,64774.8,64727,64740.8
1784088000000,64735.6,64759.1,64709.6,64720.6
1784088300000,64715,64776.2,64697.3,64733.4
1784088600000,64740,64839.4,64715.1,64768.4
1784088900000,64769.9,64802.1,64737.8,64738.2
1784089200000,64741.8,64780.9,64719.8,64739.4
1784089500000,64735.5,64758.4,64689.8,64708
1784089800000,64721.8,64757.9,64644.3,64744.9
1784090100000,64738.1,64785.7,64713.6,64755.5
1784090400000,64738.8,64761.9,64731.2,64756.7
1784090700000,64757.5,64815.6,64731.6,64768.9
1784091000000,64766.8,64801.9,64725.6,64760.1
1784091300000,64756.1,64756.1,64661.5,64670.7
1784091600000,64671.3,64768,64670.7,64687.9
1784091900000,64684,64684,64596.7,64638.4
1784092200000,64607.6,64626.3,64541.3,64577.5
1784092500000,64568.9,64627.2,64546,64624.1
1784092800000,64624.8,64651.7,64589.5,64613.2
1784093100000,64609.1,64632.2,64572.6,64582.9
1784093400000,64583.9,64682.7,64574.9,64675.5
1784093700000,64670.5,64702.5,64637.2,64662.5
1784094000000,64662.3,64685.7,64637.2,64653.3
1784094300000,64629.9,64726.2,64627.5,64720.6
1784094600000,64725.9,64763.3,64691.1,64729.5
1784094900000,64726.1,64920.4,64703.3,64868.2
1784095200000,64900.5,64921.3,64803.6,64823.2
1784095500000,64822.3,64948.3,64803.2,64923.1
1784095800000,64921.2,65007.9,64881.1,64997.1
1784096100000,64994.2,64994.3,64867.4,64933.6
1784096400000,64957.2,65002.7,64924.9,64946.3
1784096700000,64966.8,64971.2,64899.8,64936.3
1784097000000,64905.5,65207.9,64905.5,65179.2
1784097300000,65206.2,65236.7,64941,65002.7
1784097600000,65008.5,65035.3,64949.2,64974.4
1784097900000,64974.6,65035.1,64897.4,64924.6
1784098200000,64925.6,64945,64840.8,64868
1784098500000,64868.5,64922.1,64741.7,64770.2
1784098800000,64745.5,64778.7,64682.4,64750.4
1784099100000,64754.1,64771.6,64687.4,64770.4
1784099400000,64771.9,64839.6,64735.1,64829.3
1784099700000,64837.4,64840.5,64738.8,64762.4
1784100000000,64759.4,64763.6,64555.4,64581.7
1784100300000,64580.1,64609.2,64420.1,64466.9
1784100600000,64492.3,64544.9,64441.6,64515.5
1784100900000,64515.6,64574.6,64496.2,64559.2
1784101200000,64526.4,64603.7,64495.4,64566.4
1784101500000,64570.5,64583.6,64517,64562.4
1784101800000,64566.6,64577.7,64508.7,64525.2
1784102100000,64525.3,64557.1,64487.4,64488.3
1784102400000,64510.8,64641,64501.6,64636.9
1784102700000,64612.8,64637.9,64497.1,64524.5
1784103000000,64489.3,64552.7,64483.8,64538.3
1784103300000,64543.1,64610.5,64516.9,64574.9
1784103600000,64578.7,64584.6,64498.9,64530.3
1784103900000,64536.5,64600.2,64534.9,64597.9
1784104200000,64601.3,64640.8,64551.9,64623.6
1784104500000,64592.8,64680.1,64565.2,64654.2
1784104800000,64654.1,64696.1,64613.4,64696.1
1784105100000,64698.9,64709.4,64654.9,64689.3
1784105400000,64690.1,64733.8,64661.8,64677.7
1784105700000,64677.1,64736.6,64658.5,64721.9
1784106000000,64718.4,64745.5,64686.1,64745.5
1784106300000,64747.9,64800.8,64704.9,64731.7
1784106600000,64761,64808.2,64732,64791.6
1784106900000,64747.9,64865.3,64746.2,64809.2
1784107200000,64810.7,64872.4,64783.4,64840.5
1784107500000,64819.7,64841.6,64751.6,64783.6
1784107800000,64759.8,64779.9,64727.5,64755.4
1784108100000,64732.4,64756.8,64695.8,64736.7
1784108400000,64737.6,64737.6,64625.1,64662
1784108700000,64663.6,64687.7,64623.8,64687.7
1784109000000,64658.6,64680.9,64601.2,64636.2
1784109300000,64630.9,64634.1,64572.5,64615.4
1784109600000,64620.1,64744.4,64566.1,64699.1
1784109900000,64699.2,64806.4,64699,64762.5
1784110200000,64762.1,64790.5,64720.6,64748.8
1784110500000,64721,64756.2,64676.8,64707.1
1784110800000,64708.7,64730.2,64586.5,64630.1
1784111100000,64631.4,64632.7,64544.4,64586.6
1784111400000,64587.9,64616.4,64538.3,64583.3
1784111700000,64586,64642.4,64538.7,64636.4
1784112000000,64612.4,64639.1,64585.5,64585.5
1784112300000,64583.6,64628,64576.7,64596.6
1784112600000,64596.4,64631.6,64572.5,64615.4
1784112900000,64609.4,64616.6,64554.8,64588.7
1784113200000,64607.1,64657.2,64546.7,64622.9
1784113500000,64611.1,64705.3,64611.1,64675.7
1784113800000,64695.9,64695.9,64633.9,64676.3
1784114100000,64646.1,64687,64601.5,64626.1
1784114400000,64605.2,64642.9,64548.1,64549.7
1784114700000,64559.8,64611.4,64547.4,64587.2
1784115000000,64588,64634.6,64559.8,64610.6
1784115300000,64596.5,64661.9,64584.9,64656.2
1784115600000,64658.9,64664.3,64596.4,64640.7
1784115900000,64641.9,64656.4,64591.8,64619.4
1784116200000,64619.5,64684.4,64615,64650.1
1784116500000,64649.9,64699.2,64646.7,64661.8
1784116800000,64662.1,64691.9,64638.6,64685.2
1784117100000,64657.3,64660.8,64544.5,64650
1784117400000,64645.4,64682.8,64563.3,64636.1
1784117700000,64667.1,64713.3,64637.9,64657.8
1784118000000,64641.6,64648.3,64526.6,64560.8
1784118300000,64582.7,64647.3,64549.8,64614.1
1784118600000,64608.3,64907.9,64604.1,64727.6
1784118900000,64720.3,64805.3,64649.5,64765
1784119200000,64765.6,64839,64699.6,64743.1
1784119500000,64740.7,64949.8,64711.9,64940.8
1784119800000,64932,65202.5,64874.9,65112.1
1784120100000,65150.2,65150.2,65025.7,65086.8
1784120400000,65087.1,65343.3,65072,65244.3
1784120700000,65244.2,65388.8,65205.5,65231.7
1784121000000,65234.7,65352.9,65218.6,65305.6
1784121300000,65305,65492.4,65286.2,65480.6
1784121600000,65480.9,65516.4,65368.1,65425.5
1784121900000,65426.7,65426.7,65206.9,65235.9
1784122200000,65236.3,65448.7,65211,65400.1
1784122500000,65367.4,65467.5,65319.8,65391.8
1784122800000,65392.4,65443,65166.5,65202.8
1784123100000,65212.8,65212.8,64808.1,64892.8
1784123400000,64918.9,64976.6,64806.4,64975.4
1784123700000,64971.1,65068.8,64890.9,65059.8
1784124000000,65040.9,65218,64995.2,65135.3
1784124300000,65135.1,65302.2,65134.2,65201.4
1784124600000,65178.8,65346.3,65177.5,65212.7
1784124900000,65220.1,65317.3,65142.9,65304.2
1784125200000,65283.4,65362.4,65121.1,65187.3
1784125500000,65187,65320,65014.5,65249.5
1784125800000,65249.7,65428.9,65217.9,65393.3
1784126100000,65422.2,65465.9,65255.4,65284.7
1784126400000,65289.2,65404.8,65248.1,65320.2
1784126700000,65317.9,65421.3,65240.3,65369.7
1784127000000,65375.8,65443.1,65334,65348.8
1784127300000,65340.2,65389,65289.4,65317.9
1784127600000,65355.9,65355.9,65176.1,65225.3
1784127900000,65249.9,65438.1,65217.2,65368.5
1784128200000,65357.8,65402.2,65307.8,65343.2
1784128500000,65345.3,65367.3,65213.1,65363.2
1784128800000,65365.9,65365.9,65211.3,65270.9
1784129100000,65275.8,65382.2,65224.3,65324.6
1784129400000,65343.7,65467.5,65248.7,65401.9
1784129700000,65406.2,65501.6,65349.1,65444.6
1784130000000,65470.2,65479.6,65382,65432.1
1784130300000,65430.8,65456.4,65357.3,65421.2
1784130600000,65421.1,65539.8,65294.7,65356.3
1784130900000,65360,65383.5,65290,65343.4
1784131200000,65346.7,65411.2,65162.9,65218.7
1784131500000,65213,65262.1,65086.3,65127.4
1784131800000,65126,65135.4,65019.3,65021.3
1784132100000,65021.2,65134,65012,65107
1784132400000,65106,65122.6,64962.9,65046.9
1784132700000,65046.8,65118.6,65016.9,65114.8
1784133000000,65116.6,65122.5,64905,64908.3
1784133300000,64907.9,64922.2,64704,64799.3
1784133600000,64798.1,64887,64730.1,64887
1784133900000,64855.3,65016.7,64846.8,64982.3
1784134200000,64954.5,65038,64935,64993.3
1784134500000,65018.2,65078.9,64933.7,65036.6
1784134800000,65069,65111.1,64993.3,65063.3
1784135100000,65063.4,65090.5,64999.8,65074
1784135400000,65072.1,65073.6,64925.5,64972.6
1784135700000,64953.1,64999.6,64902.2,64953.9
1784136000000,64958.7,65015.4,64936.7,65014
1784136300000,65016.8,65027.5,64915.6,64992.2
1784136600000,64966.9,65031.6,64936.5,64937.8
1784136900000,64938.3,65037.4,64900.8,65011.5
1784137200000,65016.5,65068.4,64924.3,64990
1784137500000,64969.1,65139.9,64896.4,64936.7
1784137800000,64963.7,65051.5,64926.8,64987.9
1784138100000,64988,65035.4,64951.2,65009.7
1784138400000,64986.7,65040,64909.4,64917.4
1784138700000,64915,64995.9,64895.8,64973.2
1784139000000,64994.8,65090.1,64952.7,65050.3
1784139300000,65049.3,65074.5,64982.2,65008.7
1784139600000,65007.8,65072.6,65007.8,65048.6
1784139900000,65050.4,65050.4,64935.3,64998.3
1784140200000,64998.2,65074.1,64993,65046.8
1784140500000,65024.7,65043.6,64967.9,64970.2
1784140800000,64991.3,64995.9,64895.2,64917.5
1784141100000,64945.8,64969.4,64877.6,64969.4
1784141400000,64963.8,64975.1,64821.8,64871.6
1784141700000,64865.1,64894.8,64775.9,64820.3
1784142000000,64821.5,64908.2,64783.8,64895.6
1784142300000,64895.9,64895.9,64823.2,64862.6
1784142600000,64869.2,64897.7,64825.9,64856.9
1784142900000,64857.7,64859.1,64756.8,64760.9
1784143200000,64773.9,64774.3,64660.1,64732
1784143500000,64747.8,64823.4,64722.7,64775.6
1784143800000,64777,64896.5,64777,64833.2
1784144100000,64829.2,64888.2,64769.2,64882.5
1784144400000,64883.2,64947.6,64868.3,64947
1784144700000,64942.9,64942.9,64837.9,64837.9
1784145000000,64837.6,64941.1,64820.6,64924
1784145300000,64945.9,64959.8,64883.9,64932.3
1784145600000,64935.5,64941.7,64842.6,64910.2
1784145900000,64911.2,64950.7,64832.7,64897.8
1784146200000,64898.8,64936.7,64876.1,64902.5
1784146500000,64899.6,64970.5,64882.4,64936.1
1784146800000,64955,64984.4,64915.2,64958.4
1784147100000,64962.2,64967.2,64924.6,64964
1784147400000,64966.1,65017.7,64939.4,64955.9
1784147700000,64956,64972.1,64916.1,64971
1784148000000,64952.6,64995,64931.6,64957.5
1784148300000,64941.1,64952.6,64914.6,64914.6
1784148600000,64930.2,64944.2,64899,64915.6
1784148900000,64915.3,64949.4,64896.5,64926.2
1784149200000,64934.3,64979.3,64851.7,64890.4
1784149500000,64888.4,64914.8,64858.7,64873.8
1784149800000,64872.7,64878.8,64768.1,64850.9
1784150100000,64850,64873.5,64815.1,64843.9
1784150400000,64828.3,64886.1,64828.3,64867.5
1784150700000,64844.9,64891.3,64785.7,64826.2
1784151000000,64826.5,64843.7,64755.1,64788.9
1784151300000,64769.3,64793.8,64723,64723.4
1784151600000,64755.9,64792.4,64725.3,64768
1784151900000,64767.9,64795.4,64733.8,64733.8
1784152200000,64763.3,64790.3,64724.5,64790.3
1784152500000,64789.7,64793.2,64723,64766.9
1784152800000,64791.9,64844.4,64713,64773.7
1784153100000,64790.5,64814.6,64724.2,64780.3
1784153400000,64776.8,64817.4,64731.1,64731.1
1784153700000,64728.5,64788.1,64701.1,64762.1
1784154000000,64740.4,64798.8,64715.5,64769.4
1784154300000,64769.2,64862.7,64769,64862.7
1784154600000,64842.6,64915.1,64826.6,64865.2
1784154900000,64864.3,64903.3,64804.3,64829.3
1784155200000,64825,64849.1,64783.6,64844.6
1784155500000,64854,64924.5,64820.7,64869.1
1784155800000,64829.1,64904.4,64812,64846.3
1784156100000,64843.4,64847.6,64788,64825.1
1784156400000,64825.2,64892.2,64798,64876.1
1784156700000,64879.3,64887.6,64815.7,64848.8
1784157000000,64848.5,64902,64846.6,64851.4
1784157300000,64867.7,64892.7,64814.9,64884.6
1784157600000,64885.3,64888.8,64788.7,64815.8
1784157900000,64797,64826.3,64774.8,64812.1
1784158200000,64810.7,64828,64772.9,64815.7
1784158500000,64816.3,64821.6,64747.3,64767.9
1784158800000,64764,64766.7,64638.1,64700.3
1784159100000,64694.6,64719.1,64629.5,64708.1
1784159400000,64708,64782.9,64683.8,64754.2
1784159700000,64750,64757.8,64676.3,64693.5
1784160000000,64713,64793.4,64676.8,64750.4
1784160300000,64784.4,64807.2,64697.7,64805.5
1784160600000,64811.5,64811.5,64741,64766
1784160900000,64788.2,64804.2,64669.1,64685
1784161200000,64680.7,64687.8,64586.6,64592
1784161500000,64591.8,64632.3,64494.1,64494.1
1784161800000,64529.7,64564.5,64483,64555.3
1784162100000,64516.7,64555.3,64437.8,64470.1
1784162400000,64472.1,64495,64431.1,64485.1
1784162700000,64484.7,64546.3,64436.9,64536
1784163000000,64517,64609.1,64496.3,64547.9
1784163300000,64546.5,64567.4,64508.1,64527.2
1784163600000,64543.9,64573.3,64485.8,64571
1784163900000,64567.5,64619,64535.3,64595.9
1784164200000,64596,64606.8,64512,64529.6
1784164500000,64558.3,64558.3,64321,64372.7
1784164800000,64371.8,64469.3,64332.2,64465.7
1784165100000,64462,64560.2,64446.2,64500.6
1784165400000,64521.6,64584.4,64490.4,64558.3
1784165700000,64583.5,64641.6,64562.8,64638.9
1784166000000,64640.2,64689.8,64537.6,64574.2
1784166300000,64553.1,64745.5,64529.1,64744.4
1784166600000,64742.9,64791.4,64686.9,64719.8
1784166900000,64722.4,64738.3,64655.1,64686.9
1784167200000,64673.8,64695.5,64616.5,64642.9
1784167500000,64619.2,64669.5,64599.8,64636.6
1784167800000,64633.6,64635.8,64564.3,64611.4
1784168100000,64611.9,64642,64534,64642
1784168400000,64640.9,64645.5,64524.5,64607.9
1784168700000,64608,64653.9,64580,64627.2
1784169000000,64627.3,64631.9,64539.5,64574.6
1784169300000,64578.2,64646.2,64533.3,64549.8
1784169600000,64550.3,64583.8,64509.3,64520.5
1784169900000,64533.4,64607.5,64510.2,64545.9
1784170200000,64545.6,64581.8,64509.3,64548.9
1784170500000,64549,64619.3,64549,64595.4
1784170800000,64564,64613.6,64546.1,64546.9
1784171100000,64557.6,64597.6,64529,64594.6
1784171400000,64597.3,64669.9,64574.9,64654
1784171700000,64623.3,64647.1,64514.7,64554.9
1784172000000,64560.1,64596.4,64538.5,64552.3
1784172300000,64552.8,64654.1,64552.8,64636
1784172600000,64635.6,64674.6,64596.6,64667.7
1784172900000,64669.6,64697.9,64605.6,64606.9
1784173200000,64636.8,64646.8,64591.6,64594.4
1784173500000,64607.2,64607.2,64479.1,64491.8
1784173800000,64491.9,64566.7,64478.3,64566.7
1784174100000,64559.9,64567.6,64516.1,64566.4
1784174400000,64573.7,64594.8,64535.4,64568.5
1784174700000,64570.8,64576.7,64517,64517
1784175000000,64533.3,64617.8,64515.2,64577.7
1784175300000,64577.2,64577.2,64483.4,64522.1
1784175600000,64520.4,64546.3,64468.9,64544.7
1784175900000,64549.5,64608,64514.8,64601.6
1784176200000,64602.3,64645.5,64530.1,64572.3
1784176500000,64568.5,64568.5,64520.8,64528.2
1784176800000,64523.2,64572,64515,64543.9
1784177100000,64561,64583.6,64507.9,64580.8
1784177400000,64582.5,64593.7,64521.5,64589.9
1784177700000,64558.8,64590.7,64515.6,64590.1
1784178000000,64559.5,64616.4,64532.9,64592.8
1784178300000,64592.6,64629.9,64556.6,64618.7
1784178600000,64619.5,64723.4,64585.9,64723.4
1784178900000,64718.9,64786.5,64687.6,64732.6
1784179200000,64730.6,64881.9,64716.1,64874.8
1784179500000,64871.6,64902.6,64820.2,64879.7
1784179800000,64877.8,64946.6,64833.4,64860.3
1784180100000,64880.7,64890.2,64775.2,64879.6
1784180400000,64854.8,64895.5,64808.1,64861.6
1784180700000,64857.6,64870.9,64804.8,64834.1
1784181000000,64856.7,64875.7,64798.5,64820.2
1784181300000,64851.2,64889.8,64820.2,64867.2
1784181600000,64862.7,64889.7,64792.9,64826.7
1784181900000,64826.4,64922.5,64788.4,64858.2
1784182200000,64866.1,64892.8,64766.5,64813.5
1784182500000,64815.1,64833.8,64754.1,64816.2
1784182800000,64816.1,64845,64755.7,64800.9
1784183100000,64803.4,64819.2,64723.5,64774.5
1784183400000,64775.6,64777.4,64713.2,64719.5
1784183700000,64748,64748,64554.3,64618.4
1784184000000,64621.8,64685.6,64594.8,64648
1784184300000,64651.9,64728.3,64624.6,64727.7
1784184600000,64727.2,64744.1,64670.2,64688.7
1784184900000,64712.8,64735.6,64690.8,64725
1784185200000,64723.3,64727.3,64661.1,64708.9
1784185500000,64708.1,64708.1,64593.2,64607.7
1784185800000,64608.2,64659.9,64569.4,64602.6
1784186100000,64602.7,64602.7,64487.1,64523.8
1784186400000,64511.4,64565.4,64477.8,64523.6
1784186700000,64499.3,64538.6,64421.2,64450.4
1784187000000,64453.8,64456.5,64369.9,64419.4
1784187300000,64393.7,64431.8,64178.5,64218.3
1784187600000,64218.5,64218.5,64129.2,64167.7
1784187900000,64159.3,64235.6,64134.8,64160.9
1784188200000,64171.9,64181,64010.8,64045.1
1784188500000,64068.1,64202.1,64042.9,64155.9
1784188800000,64154.7,64209.1,64062.7,64122.5
1784189100000,64122.6,64159.9,64052.2,64066.7
1784189400000,64096.5,64096.5,63860.5,63869.7
1784189700000,63869.9,63959.9,63808.4,63864
1784190000000,63895.1,64019.2,63857.3,63977.5
1784190300000,63979.6,64119.7,63947.9,64107.3
1784190600000,64107,64172.9,64055.1,64147.6
1784190900000,64122.7,64311.8,64116.7,64243.2
1784191200000,64242.4,64280.2,64054,64059.7
1784191500000,64059.6,64162.3,64043.8,64100.5
1784191800000,64100.6,64100.8,63999,63999
1784192100000,64013.5,64080,63988.1,64050.2
1784192400000,64072.9,64133,64050,64059.7
1784192700000,64086.5,64106.5,64022.2,64080.4
1784193000000,64080,64121.7,64033.7,64033.7
1784193300000,64059,64092.9,64028.3,64064.3
1784193600000,64040.9,64086.7,63990.8,64018.5
1784193900000,64022,64047.7,63946.7,63955.3
1784194200000,63956.7,64065.9,63939.2,64038.1
1784194500000,64042,64065.9,63994.7,64013.7
1784194800000,63993.5,64069.8,63993.5,64029.4
1784195100000,64041.2,64077.6,64007.4,64007.4
1784195400000,64007.5,64075.6,63935.6,64016.1
1784195700000,64018.3,64042.2,63998.7,64041.9
1784196000000,64037.2,64062.1,63995.8,64048.9
1784196300000,64053.3,64132.6,64027.8,64107.1
1784196600000,64129.6,64129.6,64049.2,64069.1
1784196900000,64087,64177,64053.4,64173.7
1784197200000,64171.7,64173.6,64106,64151.4
1784197500000,64144.9,64176.7,64106.3,64171
1784197800000,64171.7,64213.1,64144.6,64184.8
1784198100000,64184.5,64184.5,64105.6,64110.4
1784198400000,64110.5,64154,64104.9,64116.2
1784198700000,64115.9,64139,64090.4,64130.9
1784199000000,64127,64151.8,64104.7,64111
1784199300000,64113.8,64172.4,64105.8,64142.1
1784199600000,64175,64175,64100.8,64104.8
1784199900000,64102.8,64114.8,64042.1,64097.3
1784200200000,64073.6,64137.8,64048.9,64115
1784200500000,64115.8,64138.1,64024,64047.1
1784200800000,64046.5,64203.7,64046,64199.9
1784201100000,64174,64180.8,64083.7,64098.5
1784201400000,64096.9,64141.9,64070.5,64135.4
1784201700000,64112,64162.4,64096.4,64150.2
1784202000000,64154,64215.6,64131.2,64211.9
1784202300000,64190.3,64217.8,64017.5,64037.5
1784202600000,64039.2,64159.6,64019.7,64146.1
1784202900000,64147.5,64208.1,64128.5,64173.4
1784203200000,64171.1,64202.2,64087.5,64087.5
1784203500000,64117.8,64133,64058.2,64097.9
1784203800000,64124.8,64142.3,64063.3,64110.3
1784204100000,64105.9,64120.1,64044.9,64114.5
1784204400000,64120.2,64132.2,63998.1,64074.3
1784204700000,64070.8,64138.8,64036.2,64138.8
1784205000000,64140.9,64165,64069.1,64080.4
1784205300000,64080.6,64109.7,63896.8,63924.8
1784205600000,63923.5,63940,63807,63844.4
1784205900000,63846.1,63934,63780.9,63884.5
1784206200000,63868.3,64001,63856.7,63979.6
1784206500000,63955.6,63961.6,63888.3,63912.3
1784206800000,63882,63971.4,63882,63932.6
1784207100000,63936.3,63977.6,63909.8,63976.6
1784207400000,63951.8,64059.5,63951.8,64035.1
1784207700000,64012.9,64057.3,63974.2,64045.4
1784208000000,64049.5,64186.4,64020.5,64132.8
1784208300000,64126.3,64198.7,64101.8,64165.7
1784208600000,64194.8,64300.9,64171,64268.4
1784208900000,64272.6,64422.9,64224.6,64232.7
1784209200000,64217.6,64305.5,64079,64086.3
1784209500000,64108.3,64232.2,64033.1,64155.2
1784209800000,64127,64342.6,64120.1,64195.1
1784210100000,64190.1,64334.3,64172.9,64303.3
1784210400000,64320.2,64441.7,64252.9,64266.9
1784210700000,64267.7,64570.1,64267.7,64535.8
1784211000000,64540,64649.4,64492.3,64562.9
1784211300000,64551.3,64653.1,64507.4,64629
1784211600000,64630.1,64630.1,64492,64553.8
1784211900000,64555.8,64797.7,64512,64682.8
1784212200000,64689.7,64765,64584.2,64685.6
1784212500000,64685.5,64784,64598.8,64637
1784212800000,64639.3,64688,64588.3,64688
1784213100000,64665.5,64694.2,64603.7,64637.1
1784213400000,64636.5,64665.5,64467.5,64510.8
1784213700000,64512.2,64515.4,64302.3,64486.9
1784214000000,64486.6,64531.8,64379,64431.2
1784214300000,64443.8,64443.8,64315.5,64381.8
1784214600000,64361.8,64423.1,64232.6,64289
1784214900000,64315.1,64471.1,64263.7,64471.1
1784215200000,64483.4,64641.9,64426.6,64593.7
1784215500000,64595.8,64842.3,64593.7,64739.8
1784215800000,64776.4,64780.2,64672.9,64738.7
1784216100000,64707.7,64764.7,64674.3,64762.3
1784216400000,64761.3,64763.7,64600.9,64678.8
1784216700000,64679,64710.9,64554,64709.1
1784217000000,64713,64779,64632.7,64685.2
1784217300000,64706.5,64706.5,64593,64655.3
1784217600000,64659.8,64667.9,64510.1,64523.3
1784217900000,64523.9,64563.6,64445.8,64545.4
1784218200000,64547.5,64547.5,64398.6,64458.8
1784218500000,64429.7,64482.8,64394.4,64416.8
1784218800000,64416.4,64441.6,64321,64386.2
1784219100000,64386.3,64530.6,64380,64471.4
1784219400000,64500.7,64610.1,64470.9,64535
1784219700000,64535.7,64540.4,64336.7,64366.4
1784220000000,64382.4,64436.1,64288.5,64330.7
1784220300000,64302.5,64411.7,64254.8,64366.8
1784220600000,64391.9,64456,64343.9,64405.2
1784220900000,64432.5,64491.9,64403,64432
1784221200000,64435.4,64437.2,64303.8,64308.7
1784221500000,64308.5,64343.8,64224.9,64237.8
1784221800000,64265.5,64276.4,64081.4,64122.8
1784222100000,64128.4,64192.5,64020.6,64170.5
1784222400000,64170,64197.5,64114.2,64159.1
1784222700000,64157.7,64190.9,64053.7,64178
1784223000000,64154.7,64246.3,64154,64218.7
1784223300000,64196.9,64240.1,64147.2,64189.7
1784223600000,64165.5,64189.7,64046.8,64106.6
1784223900000,64111.8,64116.8,64011.3,64094.6
1784224200000,64089.5,64108.8,63974.8,64050.2
1784224500000,64046.4,64047.1,63922.6,64025.8
1784224800000,64030.2,64097.8,63984.3,64041.3
1784225100000,64012.1,64139.5,64006.3,64097.5
1784225400000,64133.1,64179.2,64088.6,64132.2
1784225700000,64132.3,64188.5,64079.2,64186.9
1784226000000,64155.8,64288.7,64139,64257.2
1784226300000,64252.6,64268.3,64142.3,64142.3
1784226600000,64144.5,64183,64106.6,64145.3
1784226900000,64124.2,64124.2,64037.7,64093.9
1784227200000,64088.5,64121.4,64018.8,64107.4
1784227500000,64082.3,64198.2,64062.7,64182
1784227800000,64183.9,64282.4,64153.9,64224.7
1784228100000,64220.8,64234.7,64174.4,64174.4
1784228400000,64169.5,64251.8,64168.4,64208.5
1784228700000,64208.3,64256.7,64141.6,64198.7
1784229000000,64194.7,64239.5,64151.7,64154.1
1784229300000,64155.9,64228.4,64118,64179.6
1784229600000,64174.9,64202.2,64111.9,64140.1
1784229900000,64149.1,64233.2,64087,64185.3
1784230200000,64184.5,64240.5,64154.4,64200.1
1784230500000,64196.3,64226.8,64149,64197.1
1784230800000,64200,64200,64116.9,64154.6
1784231100000,64128.8,64157.2,64070.8,64123.9
1784231400000,64125.4,64222.4,64100.9,64222.4
1784231700000,64225.7,64234.1,64166.9,64221.6
1784232000000,64218.9,64228,64145.8,64147.6
1784232300000,64148.1,64200.9,64132.6,64132.6
1784232600000,64132.7,64162.5,64114.7,64136.6
1784232900000,64132.5,64183,64071.7,64179.2
1784233200000,64179,64192.3,64122,64125.6
1784233500000,64125.5,64154.9,64098.9,64103.6
1784233800000,64103.3,64154.8,64087.7,64145.4
1784234100000,64124.3,64156,64067.9,64069.8
1784234400000,64070,64104.1,64057.5,64103
1784234700000,64108.2,64109.2,64064.6,64087
1784235000000,64087.1,64087.1,64031.4,64069.5
1784235300000,64054.3,64111.3,64034.2,64068
1784235600000,64067.4,64087.5,64014.3,64087.5
1784235900000,64085.1,64137.8,64067.2,64112.4
1784236200000,64113.5,64155.3,64079.8,64132.9
1784236500000,64117.6,64157,64116.7,64130.5
1784236800000,64129,64155.4,64086.2,64086.2
1784237100000,64086,64138.4,64086,64117.7
1784237400000,64089,64124.9,64076.7,64102.7
1784237700000,64110.8,64191.9,64102.8,64127.6
1784238000000,64123.5,64174.1,64112.2,64163.8
1784238300000,64133.8,64154.5,64096.7,64140.3
1784238600000,64144.2,64165.3,64095.1,64120
1784238900000,64140.3,64141.8,64049.8,64086.5
1784239200000,64112.4,64192.3,64094.9,64153.8
1784239500000,64112.8,64177.5,64091.1,64149
1784239800000,64149.7,64153.2,64062.8,64121.6
1784240100000,64121.5,64149.6,64062.7,64097.2
1784240400000,64095.6,64095.6,63969.1,64011.5
1784240700000,63972.3,64030.3,63926.5,63970.6
1784241000000,63972.4,64124.7,63936.2,64039.1
1784241300000,64039.7,64106.2,64038.3,64069.2
1784241600000,64066.4,64066.4,63943.7,64031.5
1784241900000,64033.7,64033.7,63957.3,63969.8
1784242200000,63987.2,63990.8,63879.6,63914.3
1784242500000,63920.9,63933.3,63863.2,63919.3
1784242800000,63914.9,63961.3,63851.3,63883.5
1784243100000,63886.8,63903.7,63847.5,63891.3
1784243400000,63895.8,63896.1,63838.5,63877.5
1784243700000,63880.2,63880.2,63819.4,63826.6
1784244000000,63795.5,63836.2,63684.5,63710.9
1784244300000,63711.1,63801.1,63691.1,63747.9
1784244600000,63747.5,63807.2,63692.9,63724.6
1784244900000,63727.2,63746.5,63679.1,63694.3
1784245200000,63715.1,63800,63678.7,63786.9
1784245500000,63756.6,63820.4,63726.7,63764.5
1784245800000,63792.2,63857.7,63767.5,63825.7
1784246100000,63824.3,63835,63750.2,63777.6
1784246400000,63777,63802.6,63702.8,63754.7
1784246700000,63755.8,63755.8,63671.9,63682.9
1784247000000,63709.5,63780,63684.2,63740.3
1784247300000,63721.5,63857.6,63706.7,63788.6
1784247600000,63785,63790.5,63710.3,63727.2
1784247900000,63725.1,63750.7,63687,63750.4
1784248200000,63745.6,63755.8,63616.8,63635.8
1784248500000,63628.4,63689.5,63535.3,63625.1
1784248800000,63619.6,63739.4,63574.9,63735
1784249100000,63738.3,63810.5,63716.3,63797.6
1784249400000,63793.7,63807.5,63720.6,63777.6
1784249700000,63777.7,63837.4,63718,63808.3
1784250000000,63808.4,63939.2,63793.7,63862.9
1784250300000,63862.1,64013.8,63851.9,63978
1784250600000,63959.6,63994.8,63893.8,63914.8
1784250900000,63913.7,63968.5,63813.3,63819
1784251200000,63817.7,63872.2,63757.5,63862.3
1784251500000,63862.8,63923.8,63820.1,63902.6
1784251800000,63926.2,63932.3,63746.1,63746.1
1784252100000,63755.3,63839,63737.2,63816
1784252400000,63791.2,63815.6,63650.2,63650.2
1784252700000,63650.6,63675.4,63510,63550.4
1784253000000,63549.6,63569.7,63407.7,63453
1784253300000,63427.3,63533.2,63396.5,63462.1
1784253600000,63460.7,63534.4,63395.3,63523.1
1784253900000,63517.9,63554.4,63357.5,63370.9
1784254200000,63370.2,63571.4,63353.7,63563.3
1784254500000,63539.8,63608.1,63506.8,63524.5
1784254800000,63554.3,63560.9,63416.6,63496.2
1784255100000,63475.5,63558.5,63457.4,63479.8
1784255400000,63475.6,63525.3,63418.2,63418.9
1784255700000,63415.8,63459.3,63349,63382.1
1784256000000,63358.8,63436.2,63336.3,63403.8
1784256300000,63404.6,63431.4,63321.1,63384.9
1784256600000,63388.7,63414.1,63299.9,63310.4
1784256900000,63310.5,63447.4,63306.8,63429.6
1784257200000,63436.3,63520.3,63406.6,63504.5
1784257500000,63505.1,63604.4,63470.5,63556.3
1784257800000,63544.8,63578.2,63525.7,63570.5
1784258100000,63569.9,63650,63539,63647.7
1784258400000,63643.4,63646.2,63574.4,63588.6
1784258700000,63599.8,63665.6,63593,63607.8
1784259000000,63631.1,63641.9,63560.5,63640.5
1784259300000,63618.6,63641.9,63579,63587.2
1784259600000,63587,63598.7,63520.4,63569.2
1784259900000,63545.6,63580.3,63479.6,63486.1
1784260200000,63503.9,63533.6,63457.9,63491.5
1784260500000,63490.8,63536.3,63487.9,63487.9
1784260800000,63487.8,63506.8,63410.5,63452.2
1784261100000,63453.9,63466.1,63409.1,63421.5
1784261400000,63433,63491.1,63419.8,63420.5
1784261700000,63420.7,63481.2,63243.2,63290.7
1784262000000,63285.7,63347,63238.5,63314.6
1784262300000,63314.5,63357.3,63275.4,63327.9
1784262600000,63299.2,63352.7,63246.7,63298.7
1784262900000,63303.1,63355.1,63254.1,63352.8
1784263200000,63328.2,63435.1,63296.2,63409.8
1784263500000,63393.4,63521.9,63393.4,63468.3
1784263800000,63475.8,63477.1,63423.1,63433.3
1784264100000,63431.2,63443.7,63385.8,63408.8
1784264400000,63408.2,63417.7,63287.4,63364.8
1784264700000,63342,63374,63274.8,63342.7
1784265000000,63342.8,63391.2,63321.9,63365.8
1784265300000,63353.8,63381.2,63309.1,63314.2
1784265600000,63311.9,63331.1,63270.3,63284.8
1784265900000,63282.3,63282.3,63117.6,63145.8
1784266200000,63144.8,63174.2,63102.2,63118.4
1784266500000,63122.1,63154.9,63002.3,63043.6
1784266800000,63047.5,63047.5,62886.3,62918.3
1784267100000,62920,62927.5,62756.2,62846.9
1784267400000,62842.2,62851.2,62710.7,62778.2
1784267700000,62778.3,62824,62732.3,62759.8
1784268000000,62759.7,62833.7,62704.9,62790.5
1784268300000,62790.6,62944.6,62719.5,62719.5
1784268600000,62759.2,62795.3,62694.5,62747.7
1784268900000,62775.3,62775.3,62618.8,62711.3
1784269200000,62716.6,62806.2,62653.7,62770.8
1784269500000,62769.8,62892.2,62747.1,62851.8
1784269800000,62878,62912.9,62804.4,62861.2
1784270100000,62861.1,62898.4,62846.1,62866.5
1784270400000,62856.1,62868.8,62791.2,62803.4
1784270700000,62800,62857.1,62779.5,62857.1
1784271000000,62860.2,62863,62765.1,62828.9
1784271300000,62807.3,62894.7,62800.3,62872.2
1784271600000,62890.3,62890.3,62820.1,62834.8
1784271900000,62824.7,62871.8,62799.9,62871.8
1784272200000,62868.4,62870.9,62789.2,62824.1
1784272500000,62850.2,62859.2,62750,62782.4
1784272800000,62781.8,62829.9,62716.1,62801.9
1784273100000,62805.2,62883.4,62790.4,62877.5
1784273400000,62876.8,62928.1,62824.6,62834.1
1784273700000,62830.4,62887.2,62779.7,62855.4
1784274000000,62880.2,62923.7,62829.8,62858.1
1784274300000,62857.8,62890.3,62818.1,62846.4
1784274600000,62869.4,62906.1,62842.3,62862.8
1784274900000,62864.9,62885.2,62738.6,62747.5
1784275200000,62770.2,62804.9,62689.6,62786.4
1784275500000,62787.8,62822.5,62757.2,62773
1784275800000,62773.6,62836.3,62753.1,62808.7
1784276100000,62808.6,62840.4,62651.7,62683.7
1784276400000,62659.9,62788.8,62659.9,62783.4
1784276700000,62760.4,62801.2,62700.4,62723.8
1784277000000,62728.8,62741.5,62625.7,62666.9
1784277300000,62658.8,62703.1,62571.4,62647.7
1784277600000,62628.2,62731.7,62628.2,62731.7
1784277900000,62708.1,62813.1,62708.1,62770.4
1784278200000,62769.7,62837.6,62769.7,62801.8
1784278500000,62790.3,62880.1,62778.1,62828.8
1784278800000,62828.7,62878.4,62785.5,62832.6
1784279100000,62833.5,62891.7,62799.6,62834.9
1784279400000,62833.1,62903.5,62809.8,62880.9
1784279700000,62880.7,62886.1,62786.3,62792.3
1784280000000,62794.3,62888.9,62791.3,62888.8
1784280300000,62892.8,62911.3,62867.7,62870.7
1784280600000,62870.6,62913.8,62851.4,62870.3
1784280900000,62859.4,62939.3,62859.4,62939.3
1784281200000,62911.3,63001.7,62908.2,62978.3
1784281500000,62978.5,63010.4,62890.3,62890.3
1784281800000,62890.9,62963.1,62890.4,62946.5
1784282100000,62920.7,62948,62888.1,62932.9
1784282400000,62936,63024.4,62902.5,63012.8
1784282700000,63004.8,63073.6,62978,62992.4
1784283000000,63017.2,63042.1,62933.8,63007.2
1784283300000,63007.3,63066.3,62993.6,63015.1
1784283600000,63025.3,63056,62969,62978.9
1784283900000,62979,63068.8,62963.3,63015.7
1784284200000,63028,63049.3,63003.7,63014
1784284500000,63014.1,63102.7,63013.4,63074.6
1784284800000,63075.5,63134.6,63064.2,63126.6
1784285100000,63117.7,63128.8,63088.2,63114.8
1784285400000,63095,63133,63083.6,63111.8
1784285700000,63107.1,63137.9,63090.4,63096.1
1784286000000,63122,63154.7,63045.5,63051.5
1784286300000,63051.4,63082.1,63022.4,63022.5
1784286600000,63026.9,63064.7,63004.1,63009.1
1784286900000,63003.2,63048.9,62976.9,63047.3
1784287200000,63018.1,63058.9,63003.5,63026.8
1784287500000,63011.6,63075.9,63008.5,63072.5
1784287800000,63075.2,63096.1,63024.4,63067
1784288100000,63062.5,63233.4,63062.5,63227.4
1784288400000,63228.6,63240.2,63188.5,63238.4
1784288700000,63217.8,63283,63181.2,63201.3
1784289000000,63217.5,63292.3,63169.5,63292.3
1784289300000,63296.6,63305.2,63214.8,63215.5
1784289600000,63244.4,63291,63210,63222.8
1784289900000,63216.8,63239.8,63190.4,63193.8
1784290200000,63193.9,63214.7,63153.2,63195
1784290500000,63196.6,63240.5,63118.4,63133
1784290800000,63132.3,63194.2,63116.9,63169.1
1784291100000,63169,63183.6,63088.4,63137.7
1784291400000,63106.2,63146.2,63084.9,63126
1784291700000,63125.3,63127.4,63056.1,63066.8
1784292000000,63056.5,63099.2,62997.6,63035.9
1784292300000,63035.4,63084.5,62996.1,63005.3
1784292600000,62986.7,63093.2,62986.6,63093.2
1784292900000,63094.9,63105.9,62996.6,63039.8
1784293200000,63042.8,63045.3,62904,62913.7
1784293500000,62914.3,62935.4,62732.1,62787.8
1784293800000,62776.3,62815.4,62688.4,62755.8
1784294100000,62759.9,62832.6,62724.9,62781.9
1784294400000,62782.5,62899.5,62768.2,62768.4
1784294700000,62796.2,62843.8,62720,62796.9
1784295000000,62800.7,62883.7,62624.7,62625.1
1784295300000,62649.8,62696.7,62462.9,62524.3
1784295600000,62494.2,62699.4,62448.4,62480.4
1784295900000,62473.6,62727.7,62456.9,62674.6
1784296200000,62705.4,62810.2,62656,62761
1784296500000,62736.1,63113.4,62693.7,63093.8
1784296800000,63059,63258,63059,63095.4
1784297100000,63116.8,63345.7,63095.4,63278.4
1784297400000,63288.8,63450.4,63264.4,63310.1
1784297700000,63335.6,63436.6,63196.4,63256.4
1784298000000,63258.6,63291.3,63175.4,63225.2
1784298300000,63225.1,63298.8,63121.9,63159.3
1784298600000,63159.4,63181.5,63004.6,63119.4
1784298900000,63128.8,63283.8,63112.8,63275.4
1784299200000,63276.7,63277.8,63187.5,63197.8
1784299500000,63197.7,63224.8,63087.9,63102.9
1784299800000,63103,63177.3,63056.5,63098.9
1784300100000,63098.5,63197.9,63085.1,63095.3
1784300400000,63095.9,63132.5,63025.1,63043.9
1784300700000,63043.3,63073.6,62841.7,63005.4
1784301000000,62981,63043,62781.9,62865.6
1784301300000,62864.9,62971.4,62824.6,62913.5
1784301600000,62913.4,63090.2,62875.6,63055.7
1784301900000,63055.5,63219.4,63045.6,63214.1
1784302200000,63196.6,63247.9,63025,63142.7
1784302500000,63131.8,63247.2,63116,63221.3
1784302800000,63201.3,63229.4,63076.4,63163.5
1784303100000,63158.5,63162.3,63064.7,63137.3
1784303400000,63137.6,63235.6,63094.8,63234.5
1784303700000,63207.5,63404.9,63207.5,63404.3
1784304000000,63408.2,63410.2,63264.1,63365.7
1784304300000,63369.7,63420,63287.8,63420
1784304600000,63423.7,63512.6,63387.6,63389.5
1784304900000,63389.4,63490.1,63345.1,63441.1
1784305200000,63439.7,63465,63239.4,63294
1784305500000,63271.4,63433.6,63271.4,63404.4
1784305800000,63400.3,63438.5,63291.4,63295.2
1784306100000,63295.1,63424.3,63291.7,63372.8
1784306400000,63402.8,63492.1,63331.5,63482.2
1784306700000,63488,63602.2,63414.2,63580.6
1784307000000,63580.3,63655.3,63529,63580.5
1784307300000,63563,63609.7,63507.6,63514
1784307600000,63545.3,63649.7,63523.8,63633.8
1784307900000,63646.1,63966.2,63598.4,63936.3
1784308200000,63907.4,64096.8,63878.6,63914.9
1784308500000,63915,63985.4,63847.6,63878.5
1784308800000,63846.6,63987.9,63841.9,63931.1
1784309100000,63961.5,64077.4,63939.1,63981
1784309400000,63979.7,64062.5,63934.9,64043.8
1784309700000,64043.1,64043.1,63915.4,63970.3
1784310000000,63984.9,64031.5,63920.3,63987.8
1784310300000,63956.6,64180.9,63953.5,64112.5
1784310600000,64115.9,64123.4,63960.4,63960.4
1784310900000,63957.6,64043.6,63930.7,63975.8
1784311200000,63975.5,64033.4,63917.6,63967.3
1784311500000,63948.8,64020.1,63893.4,63965.2
1784311800000,63965.4,64074.3,63962.2,64018.8
1784312100000,64019.2,64047,63895.6,63914
1784312400000,63921.8,63938.8,63832.2,63891.5
1784312700000,63855.2,63929.4,63819.5,63916.1
1784313000000,63885.3,63965.9,63878.6,63962.3
1784313300000,63939.7,64023.4,63932,63987.2
1784313600000,63986.5,64109.6,63979.7,64108.2
1784313900000,64091.9,64343.5,64074.8,64257.5
1784314200000,64287.8,64340.8,64204.2,64299.3
1784314500000,64299.4,64309.9,64142.6,64215.7
1784314800000,64197.9,64219.6,64118.8,64156.5
1784315100000,64153.9,64185.5,64020.8,64020.8
1784315400000,64038.1,64069.8,63980.5,64002.2
1784315700000,63998.7,64054.2,63963.1,64025.6
1784316000000,64023.4,64023.4,63941.1,63942.4
1784316300000,63942.1,64050.9,63907.7,64021.4
1784316600000,64021,64087.1,64002.6,64052.8
1784316900000,64035.1,64130.6,64004.1,64057.3
1784317200000,64056.7,64142.7,64046.3,64108.7
1784317500000,64108.1,64166.7,64071.2,64093.6
1784317800000,64132.1,64170.1,64074.7,64134.4
1784318100000,64099,64142.6,64066.3,64113.8
1784318400000,64111.2,64112.4,63966.6,64020.5
1784318700000,64002,64036.5,63933.8,63963.3
1784319000000,63930.9,63990.9,63928.3,63935.3
1784319300000,63933.5,63980.9,63913,63972.9
1784319600000,63976.1,64006.8,63937,64001.2
1784319900000,64002.5,64030.7,63959.6,63959.6
1784320200000,63959.4,64018.7,63934.1,63976.5
1784320500000,63944.7,63967.5,63913.5,63916
1784320800000,63913.2,64074.8,63885.3,64074.8
1784321100000,64048.9,64093.4,63972.8,64008.9
1784321400000,64007.9,64106.6,63969,64104
1784321700000,64095.7,64157.1,64043.7,64072.1
1784322000000,64071.8,64144.6,64071.8,64131.8
1784322300000,64127.2,64130.4,64102.9,64125.6
1784322600000,64121.1,64148.8,64114.1,64121.8
1784322900000,64126.2,64142.5,64109,64112.7
1784323200000,64106.9,64147.6,64085.6,64133.8
1784323500000,64130,64182.3,64103.8,64103.8
1784323800000,64101.4,64112.5,64058.3,64061.4
1784324100000,64060.6,64081,64048.6,64057.7
1784324400000,64058.3,64061.8,64033,64060.5
1784324700000,64060.4,64071.3,63992.6,64071.3
1784325000000,64070.7,64071.8,64030.9,64061.3
1784325300000,64061.2,64070.8,64036.2,64063
1784325600000,64000.9,64111.7,64000.9,64025.1
1784325900000,64030.3,64042.6,64012.9,64017.4
1784326200000,64015.6,64044.7,64013.4,64037.3
1784326500000,64036,64036,63948.7,63971.7
1784326800000,63972.8,63976.2,63947,63973.6
1784327100000,63974.4,63987.1,63921.1,63921.5
1784327400000,63927.1,63931.8,63894.5,63900.2
1784327700000,63895.4,63895.4,63875.9,63886.8
1784328000000,63886.9,63914.6,63886.9,63904.8
1784328300000,63904.7,63930.7,63902.2,63930.7
1784328600000,63929.4,63953.9,63929.4,63943.1
1784328900000,63943.2,63944.9,63858.5,63941.7
1784329200000,63940.4,63940.4,63845.4,63888.7
1784329500000,63887.6,63889.5,63858.9,63867.2
1784329800000,63863.3,63870.8,63841,63858.7
1784330100000,63857,63880.9,63808.6,63875.2
1784330400000,63872.7,63909.3,63872.7,63909.3
1784330700000,63906.9,63922.9,63838.6,63922.8
1784331000000,63923.2,63967.9,63921.2,63965.6
1784331300000,63958.9,63971.6,63937.8,63941.5
1784331600000,63941.4,63945.9,63919.3,63927.1
1784331900000,63920.3,63956.5,63903.7,63905
1784332200000,63904.5,63932.3,63839.9,63903.7
1784332500000,63911,63931.4,63881.5,63892.2
1784332800000,63894.8,63919.3,63886.3,63886.3
1784333100000,63886.6,63886.9,63850.7,63863
1784333400000,63864.5,63930.2,63799.4,63920.7
1784333700000,63926,63977.1,63874.1,63963.8
1784334000000,63962.2,63962.2,63917.5,63934.7
1784334300000,63938.2,63962,63938.2,63946.7
1784334600000,63942.6,63942.6,63897.5,63897.9
1784334900000,63896.8,63911,63852.8,63879.5
1784335200000,63878,63887.8,63868.9,63883.5
1784335500000,63881.9,63916.3,63818.9,63906.2
1784335800000,63905.5,63905.5,63850.1,63856.2
1784336100000,63856.6,63864.2,63848.9,63864.2
1784336400000,63868,63871.8,63843.8,63870.5
1784336700000,63864.1,63882.5,63796.8,63874.4
1784337000000,63873.7,63883.6,63854.8,63881.7
1784337300000,63878.9,63906.8,63876.1,63886.6
1784337600000,63886.3,63944.5,63878.9,63943.2
1784337900000,63941.9,63958.5,63938.4,63953.1
1784338200000,63948.8,63948.8,63883.3,63883.5
1784338500000,63884.4,63915.6,63870,63905.3
1784338800000,63901.1,63904.4,63889.1,63904.4
1784339100000,63903.3,63935.1,63900.3,63906.4
1784339400000,63841.7,63943.4,63841.7,63942.1
1784339700000,63940.3,63941.3,63862.3,63911.9
1784340000000,63912.5,63931.6,63906.7,63909.7
1784340300000,63906.8,63922.7,63883,63922.6
1784340600000,63917.6,63934.5,63892.1,63928.9
1784340900000,63929.5,63950.6,63924.3,63940.7
1784341200000,63940.8,63962.3,63934.3,63954.5
1784341500000,63957.3,63960.8,63886.7,63954.6
1784341800000,63952.7,63974.7,63952.5,63962.3
1784342100000,63897.4,63992.8,63876.4,63967.3
1784342400000,63962.6,63962.6,63850.6,63920
1784342700000,63920.9,63932.3,63855.8,63921.8
1784343000000,63916.4,63928.3,63847.5,63923.3
1784343300000,63916.7,63918.2,63843.1,63918.2
1784343600000,63920.6,63925.2,63850,63909.9
1784343900000,63913.5,63942.2,63856.9,63935.4
1784344200000,63869.3,63936.4,63837.4,63936.4
1784344500000,63937.7,63949.4,63880.8,63928.5
1784344800000,63927.7,63939.9,63852.8,63917.7
1784345100000,63916.2,63918.2,63846.6,63846.6
1784345400000,63843,63917.5,63839.9,63899.3
1784345700000,63900.6,63908.3,63830.9,63897.5
1784346000000,63897.1,63925.2,63894.6,63903.1
1784346300000,63902.5,63919.7,63883.9,63912.1
1784346600000,63909.1,63922.8,63834.9,63922.8
1784346900000,63919.3,63974.4,63919.2,63970.8
1784347200000,63972.7,63972.7,63934,63955.9
1784347500000,63953.2,63958.8,63881.4,63949
1784347800000,63948.2,63958.8,63885.2,63948.9
1784348100000,63947,63954.2,63927.4,63954.2
1784348400000,63949.1,63949.1,63865.4,63913.1
1784348700000,63917.6,63942.4,63852.7,63942
1784349000000,63941.3,63941.3,63875.1,63926.4
1784349300000,63922.5,63922.5,63838.1,63840.3
1784349600000,63908,63917.3,63844.5,63900.8
1784349900000,63837.2,63907.1,63837.2,63839.2
1784350200000,63840.1,63928.8,63840.1,63919
1784350500000,63918,63926,63848.9,63926
1784350800000,63922.1,63930.8,63852.4,63910.7
1784351100000,63844.5,63930.5,63844.5,63901.9
1784351400000,63901.5,63901.5,63818.6,63881.8
1784351700000,63881.1,63891.7,63816.9,63883.1
1784352000000,63884.9,63925,63845.6,63923.3
1784352300000,63923.4,63934,63854.8,63921.1
1784352600000,63925,63940.9,63925,63930.2
1784352900000,63930.5,63951.7,63869,63912.9
1784353200000,63916.5,63922.4,63846.5,63922.4
1784353500000,63921,63960.7,63913.1,63919.8
1784353800000,63920.4,63929.4,63858.5,63908
1784354100000,63906.1,63915.8,63836.9,63915.8
1784354400000,63917.2,63924.4,63845.6,63913.4
1784354700000,63914.4,63923.4,63862.8,63862.8
1784355000000,63862.8,63926,63862.8,63919.3
1784355300000,63919.2,63956.6,63852.9,63956.4
1784355600000,63956.6,63958.5,63946.9,63946.9
1784355900000,63943.3,63948.3,63940.1,63942.3
1784356200000,63940.9,63940.9,63907.1,63908.4
1784356500000,63912.2,63914.3,63896,63912.8
1784356800000,63917,63928.5,63917,63925.4
1784357100000,63864.9,63934.3,63863.6,63933
1784357400000,63932,63934,63870.7,63932.1
1784357700000,63933.5,63936.2,63870.3,63870.3
1784358000000,63908.8,63960.4,63879.1,63934.8
1784358300000,63932.5,63948.1,63864.6,63947
1784358600000,63947.2,63975.7,63915.6,63947.7
1784358900000,63886.2,63954.3,63882.2,63951.9
1784359200000,63950.4,63975.3,63890.5,63973.2
1784359500000,63974.7,63977,63900.6,63974
1784359800000,63974.4,63974.4,63900.6,63966.2
1784360100000,63965.8,63965.8,63896.9,63896.9
1784360400000,63956.9,63976.1,63893.6,63975.6
1784360700000,63974.7,63979.9,63912.5,63936.6
1784361000000,63965.2,63976,63893.3,63935.8
1784361300000,63957.9,63973.7,63957.2,63957.2
1784361600000,63965.9,63976,63908.9,63930.3
1784361900000,63932,63938.5,63866.2,63925.3
1784362200000,63928.2,63941.6,63855,63931.8
1784362500000,63931.1,63942.5,63864.9,63942.5
1784362800000,63942.2,63944.1,63930,63940.9
1784363100000,63919.8,63970.3,63912.8,63964.4
1784363400000,63969.1,63978.4,63910.8,63973.4
1784363700000,63971.7,63971.7,63891.1,63951.4
1784364000000,63950.6,63950.6,63873.3,63873.3
1784364300000,63873.3,63963.5,63872,63962.1
1784364600000,63956.5,63958.2,63885.9,63948.5
1784364900000,63885.9,63957.9,63885.9,63955.8
1784365200000,63956,63967.8,63890.9,63938.7
1784365500000,63939.2,63939.2,63922.1,63922.1
1784365800000,63923.2,63936,63923.2,63932.2
1784366100000,63929.8,63930.4,63865,63917.7
1784366400000,63917.6,63922.3,63854.9,63854.9
1784366700000,63918.9,63918.9,63840.9,63896
1784367000000,63896.6,63913.6,63896.6,63913.6
1784367300000,63912.1,63923,63853.9,63919.7
1784367600000,63858.9,63924.1,63858.9,63924.1
1784367900000,63928,63931.7,63863.8,63928.6
1784368200000,63928.8,63941.5,63928.8,63938.1
1784368500000,63941.5,63941.5,63878.6,63935.3
1784368800000,63935.2,63940.7,63874.2,63940.1
1784369100000,63940.6,63947.2,63881.4,63943.8
1784369400000,63880.4,63949.8,63880.4,63946.7
1784369700000,63943.9,63947.3,63881.4,63947.2
1784370000000,63944.4,63951.3,63881.4,63950
1784370300000,63924.8,63961.6,63886.2,63960.8
1784370600000,63895.5,63963.6,63895.5,63963.6
1784370900000,63940.8,63970.1,63890.1,63890.1
1784371200000,63890.1,63959.2,63885.3,63956.5
1784371500000,63889.1,63935.8,63889.1,63935.8
1784371800000,63892.8,63961.6,63892.8,63939.8
1784372100000,63896.1,63963.1,63896.1,63960.8
1784372400000,63961.7,63970.6,63900,63970.6
1784372700000,63945.8,63977.3,63945.8,63965
1784373000000,63965.7,63970.7,63901.9,63970.7
1784373300000,63969.6,63972.4,63902.9,63972.4
1784373600000,63968.7,63975.6,63904.8,63975.6
1784373900000,63952.8,63977,63912.9,63970.1
1784374200000,63973.3,63974.1,63908.4,63972.3
1784374500000,63953.8,63975.1,63911.7,63975.1
1784374800000,63974.7,63975.7,63911.7,63974.7
1784375100000,63911.7,63975.8,63907.7,63974.9
1784375400000,63978.7,63978.7,63912.9,63975.7
1784375700000,63976.1,64046.2,63950.8,64012.7
1784376000000,64016.3,64089.2,64016.3,64083.4
1784376300000,64083.5,64152,64034.9,64072.9
1784376600000,64076.8,64097.6,64076,64087.2
1784376900000,64087,64099.2,64026.9,64066
1784377200000,64070.6,64070.6,63981.9,64032
1784377500000,64033.1,64071.3,64024.3,64048.1
1784377800000,64049.1,64094.3,64009.6,64084.2
1784378100000,64083.3,64155.4,64080.3,64155
1784378400000,64151.1,64151.1,64108.7,64139.6
1784378700000,64136.8,64218.3,64136.8,64160.8
1784379000000,64161.8,64178.4,64158.1,64158.4
1784379300000,64158.1,64188.7,64147.9,64167.1
1784379600000,64161.9,64164.5,64090.3,64116.5
1784379900000,64114.9,64115.5,64039.9,64057.4
1784380200000,64056.7,64056.7,63926.7,63962.5
1784380500000,63966.5,64004.1,63928.4,63950.7
1784380800000,63961.9,63969,63916.4,63924
1784381100000,63928.5,64012.2,63928.5,64006.2
1784381400000,64008.5,64055.7,63989.8,64028
1784381700000,64030.7,64030.7,63954,64014.3
1784382000000,64014.4,64028,63936.1,64016
1784382300000,64015,64024.7,63974.7,63996.2
1784382600000,64000.1,64025.1,63993.3,64021.4
1784382900000,64023.6,64061,64023.6,64059.9
1784383200000,64060.2,64107.7,64024.5,64085.8
1784383500000,64086.2,64090.6,64030.5,64084.8
1784383800000,64085.5,64128,64085.5,64114.7
1784384100000,64082.7,64113.3,64051.2,64099.2
1784384400000,64097.6,64118,64076.3,64096.3
1784384700000,64097.3,64131.7,64096.3,64130.9
1784385000000,64129.2,64151.1,64109.7,64133.6
1784385300000,64135.7,64137.1,64084.3,64137.1
1784385600000,64131.1,64135.6,64112.7,64135.6
1784385900000,64135.3,64135.6,64096.6,64123.3
1784386200000,64121.4,64125.6,64084.4,64105.9
1784386500000,64105.8,64112.6,64041.7,64081.4
1784386800000,64085.6,64090.9,64041.6,64077.9
1784387100000,64079.7,64093.1,64022.6,64060.9
1784387400000,64064.2,64069,63988.3,64054.3
1784387700000,64052.7,64090.2,64036.8,64041.4
1784388000000,64045.2,64070.8,63994.1,64064.6
1784388300000,64068.8,64070.2,63977.9,64031
1784388600000,64028.3,64042.4,64023,64023
1784388900000,64027.6,64036.4,63966.9,64019.2
1784389200000,63951.1,64027.1,63951.1,63999.5
1784389500000,63997.9,64095.1,63984.6,64092.2
1784389800000,64097.4,64118.4,64003.7,64074.5
1784390100000,64049.8,64085,64018,64077.4
1784390400000,64075.8,64078.3,64035.9,64058
1784390700000,64054.1,64066,64044,64065.1
1784391000000,64065.5,64117.3,64057.8,64101.1
1784391300000,64100.9,64106.5,64034.9,64091.3
1784391600000,64087.4,64096.2,64048.8,64092
1784391900000,64091.6,64102.5,64016.8,64101.7
1784392200000,64102.7,64127.3,64058.4,64067.8
1784392500000,64097.4,64125.3,64060.8,64086.2
1784392800000,64086.7,64101.8,64022.7,64096.3
1784393100000,64097.3,64127.2,64097.3,64125.3
1784393400000,64121.2,64261.9,64052.4,64248.9
1784393700000,64245.1,64279.1,64199.2,64258.9
1784394000000,64262.3,64276.8,64205.3,64257.3
1784394300000,64258.6,64258.6,64207.1,64234.7
1784394600000,64234.6,64276.6,64225,64273.7
1784394900000,64274.1,64321.2,64268.4,64319
1784395200000,64318.4,64397.1,64215.5,64250
1784395500000,64250.2,64253.5,64180,64252.2
1784395800000,64257.1,64293.5,64225.7,64257.1
1784396100000,64257.4,64363,64257.4,64363
1784396400000,64363.2,64414.5,64344.1,64396.1
1784396700000,64392,64447.4,64373.2,64397.3
1784397000000,64401.5,64434.5,64341.2,64415.1
1784397300000,64414.8,64443.2,64394.5,64436
1784397600000,64438.5,64442.8,64425.4,64441.4
1784397900000,64438.5,64439.3,64402.8,64427.3
1784398200000,64428.1,64432,64371.7,64428.3
1784398500000,64426.9,64466.9,64416.7,64457.1
1784398800000,64458.4,64557,64412.9,64557
1784399100000,64556.2,64625.7,64461.7,64526.4
1784399400000,64529.5,64531.1,64428.4,64454.8
1784399700000,64454.9,64494.4,64441,64445.5
1784400000000,64448.6,64451,64433.4,64434.2
1784400300000,64438.3,64476.8,64438.3,64445.8
1784400600000,64454.5,64491.9,64444.1,64447
1784400900000,64387,64488.1,64384.1,64464.5
1784401200000,64467.4,64483.8,64458.9,64465.9
1784401500000,64469.9,64509.5,64469.9,64481.6
1784401800000,64477.1,64497.5,64416.7,64497.5
1784402100000,64499.8,64555.2,64499.8,64521.5
1784402400000,64520.5,64531.8,64465.2,64467.7
1784402700000,64469.7,64480.1,64427.2,64437.2
1784403000000,64444.8,64472.3,64434,64460.4
1784403300000,64466.1,64495.5,64464.7,64479
1784403600000,64474.6,64491.7,64468.8,64477.5
1784403900000,64477.9,64511.5,64418.3,64495.8
1784404200000,64496,64518.9,64459.3,64510.8
1784404500000,64511,64528.3,64454.4,64515.5
1784404800000,64514.5,64534.1,64488.1,64507.8
1784405100000,64505.4,64526.3,64450.4,64525.5
1784405400000,64527.8,64595,64527.8,64573.7
1784405700000,64572.4,64586.6,64564.1,64584.1
1784406000000,64590.3,64696.3,64590.3,64629
1784406300000,64635.4,64644,64594.3,64600.1
1784406600000,64600,64600,64566.6,64577.3
1784406900000,64576.8,64576.8,64543.8,64555.9
1784407200000,64556.4,64575.6,64500.5,64566.1
1784407500000,64572.5,64575.5,64534.3,64535.2
1784407800000,64533.5,64628,64530.7,64626.4
1784408100000,64625.6,64676.6,64598.4,64651.4
1784408400000,64649.5,64659,64639.1,64659
1784408700000,64656.7,64674.9,64592.7,64623.8
1784409000000,64624.2,64718.8,64622.2,64718.8
1784409300000,64719.3,64806,64704.4,64750.4
1784409600000,64751.3,64795.9,64685.9,64685.9
1784409900000,64680.9,64705.6,64680.9,64683.7
1784410200000,64683.1,64683.1,64661.5,64666.1
1784410500000,64664.5,64665.2,64627.4,64644
1784410800000,64641.5,64664.3,64570.2,64604.9
1784411100000,64605.7,64632.2,64557.4,64632
1784411400000,64632.1,64767.5,64606.4,64731.6
1784411700000,64727.1,64734,64687,64687
1784412000000,64626.9,64750.8,64626.9,64750
1784412300000,64750.3,64757.3,64707.1,64734.3
1784412600000,64743.2,64823.7,64741.8,64755
1784412900000,64754.9,64758,64732.9,64743.9
1784413200000,64747.7,64795.8,64715,64715
1784413500000,64717.4,64728.3,64625.9,64692.6
1784413800000,64692.2,64719.7,64670.5,64707.2
1784414100000,64705.5,64709,64645.8,64704.6
1784414400000,64708.9,64744.8,64693.8,64732.9
1784414700000,64728.8,64732.6,64707.4,64728.7
1784415000000,64729.2,64778.9,64696.1,64713.8
1784415300000,64716.6,64792.9,64708,64765.3
1784415600000,64763.9,64781.6,64742.2,64757.8
1784415900000,64694.1,64768.1,64676.2,64700.1
1784416200000,64699.7,64702.2,64672,64696.6
1784416500000,64694.7,64764.8,64668.8,64764.2
1784416800000,64771.1,64803.6,64735.5,64757.4
1784417100000,64763.2,64797.9,64734.9,64786.6
1784417400000,64785.6,64798.8,64767.3,64774.9
1784417700000,64778.9,64801,64700.5,64797.1
1784418000000,64793.2,64793.5,64755.8,64785.1
1784418300000,64789.4,64799.4,64755.8,64755.8
1784418600000,64755.8,64784.8,64755.8,64784.2
1784418900000,64783.4,64802,64731,64791.8
1784419200000,64791.5,64813.8,64764.8,64790.6
1784419500000,64790.4,64809.4,64738.3,64802.6
1784419800000,64802.1,64817.4,64795.9,64800.6
1784420100000,64804,64814,64748.1,64809.9
1784420400000,64810.5,64813.8,64731.8,64807.6
1784420700000,64814,64864.9,64742.8,64746.7
1784421000000,64746.9,64772.1,64741.4,64746.7
1784421300000,64745.9,64746.7,64673.3,64734.6
1784421600000,64738.5,64740,64729.3,64729.7
1784421900000,64730.7,64759.1,64709.5,64709.5
1784422200000,64734,64767.1,64733.5,64743.3
1784422500000,64743.1,64743.1,64667.7,64739.7
1784422800000,64740.2,64747.3,64729,64733.3
1784423100000,64733.4,64733.5,64671.9,64671.9
1784423400000,64671.9,64734.1,64666.9,64730.7
1784423700000,64670.8,64730.9,64670.8,64727.1
1784424000000,64726.8,64740.9,64697.8,64733.3
1784424300000,64734.9,64735.3,64705.8,64726.1
1784424600000,64703.8,64730.6,64664.9,64730.6
1784424900000,64728.9,64734.9,64704.8,64723.5
1784425200000,64722,64728.9,64659.7,64727.4
1784425500000,64726.2,64726.2,64662.6,64722.7
1784425800000,64697.8,64742.4,64697.8,64722.4
1784426100000,64726.3,64731.3,64662.9,64722.2
1784426400000,64694.8,64807.5,64642.6,64772.6
1784426700000,64773.1,64921.5,64773.1,64802.8
1784427000000,64808.1,64872.7,64808.1,64845.2
1784427300000,64847.5,64880.6,64746,64776.8
1784427600000,64776.9,64799.4,64728.6,64782.3
1784427900000,64781.1,64788.8,64775.7,64775.7
1784428200000,64776.9,64886.5,64776.9,64842
1784428500000,64845.8,64909.2,64816.4,64841.9
1784428800000,64845.3,64846.9,64787.6,64794.6
1784429100000,64794.9,64802.2,64777,64802
1784429400000,64801.5,64825.4,64777.5,64796
1784429700000,64797,64805.3,64756.8,64779.8
1784430000000,64784,64800,64713.8,64713.8
1784430300000,64678.9,64742.6,64678.9,64690.1
1784430600000,64687.1,64700,64682.7,64692.7
1784430900000,64687.2,64690.8,64611.8,64631.7
1784431200000,64631.5,64635.5,64581.8,64606.9
1784431500000,64610.6,64632.2,64603.4,64628.1
1784431800000,64624.2,64655.8,64570.8,64614.7
1784432100000,64613.9,64634.9,64604.3,64615.5
1784432400000,64619.3,64641.6,64602.7,64625.5
1784432700000,64625.8,64658.5,64617.5,64649
1784433000000,64646.8,64650.5,64644.5,64649.3
1784433300000,64645.3,64666.7,64590.4,64666.5
1784433600000,64670.3,64670.3,64593.7,64618.4
1784433900000,64623.4,64629.3,64588.9,64597.1
1784434200000,64598.2,64617.9,64550.8,64601.9
1784434500000,64608.5,64628.8,64606.6,64623
1784434800000,64623.4,64642.9,64614.9,64636.7
1784435100000,64637.6,64672.6,64629.3,64671.3
1784435400000,64672.6,64674.3,64651.7,64659.7
1784435700000,64660.6,64754.4,64660.6,64736
1784436000000,64733.9,64733.9,64713.7,64716.5
1784436300000,64691.8,64745.2,64656.1,64715.2
1784436600000,64713.6,64713.8,64658.6,64664.5
1784436900000,64645.8,64676.5,64602.9,64675.6
1784437200000,64675.7,64727.6,64664.8,64727.6
1784437500000,64728.5,64728.5,64644.8,64644.8
1784437800000,64644.8,64749.8,64644.8,64746.3
1784438100000,64745.5,64769.9,64714.4,64729.3
1784438400000,64727.7,64731.8,64691.8,64716.6
1784438700000,64729.6,64734.2,64641.8,64668.7
1784439000000,64666.1,64671.8,64646.8,64649
1784439300000,64645.3,64658.4,64628.2,64656.3
1784439600000,64630.8,64657.4,64595.8,64652.9
1784439900000,64653.9,64675.2,64611,64670.9
1784440200000,64671.6,64703.6,64638.1,64690.2
1784440500000,64694.4,64694.4,64675.1,64676.9
1784440800000,64675.2,64675.2,64598.1,64661.9
1784441100000,64665.1,64667.3,64650.1,64650.1
1784441400000,64588.9,64684,64588.9,64682.4
1784441700000,64679.1,64695.1,64655.4,64675.3
1784442000000,64675.4,64713.1,64675.4,64710.7
1784442300000,64706.5,64708,64664.1,64683.8
1784442600000,64660.8,64717.5,64660.8,64700.7
1784442900000,64699.9,64699.9,64623.9,64623.9
1784443200000,64623.9,64688.5,64619.7,64687.2
1784443500000,64691.4,64693.1,64656.8,64663.3
1784443800000,64665.6,64679,64606,64668
1784444100000,64668.7,64676.9,64604.9,64663.7
1784444400000,64664.1,64678.3,64630.7,64656.4
1784444700000,64631.8,64659.1,64598.4,64648.2
1784445000000,64647.9,64652.7,64585.1,64648.8
1784445300000,64649,64660.2,64584.3,64658.1
1784445600000,64659.1,64678.7,64659.1,64677.5
1784445900000,64610.9,64684.6,64610.9,64681.2
1784446200000,64681.2,64681.2,64661.9,64677.1
1784446500000,64674.9,64711.6,64604.5,64693
1784446800000,64696.5,64742.3,64693.3,64723.1
1784447100000,64720.1,64724.2,64636.8,64672.9
1784447400000,64677.3,64688.9,64642.8,64668.1
1784447700000,64668.5,64680.9,64602.2,64672.6
1784448000000,64673.5,64679.9,64625.9,64648.2
1784448300000,64621.8,64654.2,64586.9,64645.2
1784448600000,64643.8,64686.6,64639.7,64660
1784448900000,64653,64653.8,64584.2,64614.5
1784449200000,64618.3,64622.1,64583.9,64616.1
1784449500000,64613.5,64634.8,64608.8,64619.3
1784449800000,64552.4,64635.3,64552.4,64616.7
1784450100000,64611.1,64620.1,64533.9,64611.9
1784450400000,64610.8,64621.4,64573.7,64607.9
1784450700000,64544.2,64664.2,64544.2,64664.2
1784451000000,64668.9,64704.6,64633.3,64650.1
1784451300000,64649.8,64670,64584.7,64662.7
1784451600000,64663.6,64677.7,64640.6,64665.5
1784451900000,64669.6,64671,64616.8,64629.1
1784452200000,64624.3,64634.5,64576.8,64576.8
1784452500000,64602.8,64602.8,64480.6,64532.1
1784452800000,64532,64534,64515.7,64518.4
1784453100000,64519.6,64531.7,64470.7,64531.7
1784453400000,64474.5,64559.2,64474.5,64533.5
1784453700000,64532.9,64547.5,64443.2,64461.4
1784454000000,64460.3,64493.7,64449.7,64471.4
1784454300000,64470.2,64498.7,64463,64493.5
1784454600000,64432.9,64503.7,64432.9,64471.6
1784454900000,64465.5,64481.3,64441.6,64468.9
1784455200000,64464.2,64522.1,64415,64514.2
1784455500000,64510.3,64510.3,64460.6,64487.8
1784455800000,64487.9,64544.2,64487.9,64523.1
1784456100000,64524.6,64552.2,64524.6,64551.2
1784456400000,64553.1,64564.4,64510.3,64524.7
1784456700000,64520.4,64580.7,64509.1,64580.2
1784457000000,64582,64586.1,64537.2,64585.3
1784457300000,64557.9,64605.4,64541.2,64595.3
1784457600000,64601,64630.6,64568.1,64627
1784457900000,64594.3,64657.7,64561.5,64561.5
1784458200000,64591.3,64591.3,64515.8,64544.4
1784458500000,64543.5,64557.2,64495.2,64543.7
1784458800000,64543.6,64543.6,64447,64509.1
1784459100000,64511.6,64588.6,64494.6,64558.4
1784459400000,64525.7,64568,64511.2,64541.4
1784459700000,64542.7,64574.5,64509.4,64574.5
1784460000000,64573.5,64596.2,64523,64547
1784460300000,64543.1,64543.1,64470.7,64503.1
1784460600000,64502.5,64514,64492.2,64496
1784460900000,64496.3,64513.6,64469.1,64474.6
1784461200000,64477.6,64487.7,64460,64486.1
1784461500000,64486.4,64496.4,64440.3,64441.1
1784461800000,64440.7,64444.5,64423.2,64425
1784462100000,64424.7,64432.9,64373.5,64422.9
1784462400000,64420.4,64420.4,64382.7,64387
1784462700000,64380.4,64384.2,64299.3,64324.7
1784463000000,64323.8,64334.2,64298,64298
1784463300000,64297,64346,64290.8,64308.4
1784463600000,64307.8,64389.2,64283.8,64389.2
1784463900000,64389.6,64404.4,64207,64262.3
1784464200000,64257.9,64347.6,64255.5,64315.3
1784464500000,64318.3,64395,64316.2,64370.2
1784464800000,64365.9,64366.6,64321.8,64364.6
1784465100000,64359.7,64359.7,64277,64322.4
1784465400000,64320.2,64409.1,64320.2,64381.4
1784465700000,64382.2,64412.7,64363,64397.1
1784466000000,64397.9,64417.1,64302.8,64340.7
1784466300000,64344.5,64350.7,64291.4,64333.4
1784466600000,64329.5,64329.5,64289.3,64308.8
1784466900000,64313,64339,64237.7,64283.5
1784467200000,64285.2,64321.8,64268.2,64312.6
1784467500000,64313,64372.4,64310.4,64359.4
1784467800000,64363.5,64426.6,64363.3,64395
1784468100000,64395.4,64405.5,64354.8,64375.7
1784468400000,64350.8,64391.4,64298.1,64308.2
1784468700000,64308.2,64428.7,64302.9,64425.4
1784469000000,64426.2,64471.4,64425.8,64448.8
1784469300000,64451.5,64452.2,64398.5,64431.3
1784469600000,64432.1,64481.1,64421.4,64480.4
1784469900000,64480,64480,64432.9,64450.8
1784470200000,64453,64508.2,64446.4,64491.1
1784470500000,64490.2,64507.3,64395.1,64452.7
1784470800000,64448.4,64448.4,64354.8,64393.9
1784471100000,64392.1,64433.6,64345.8,64416.2
1784471400000,64413.5,64463.4,64369.9,64463.4
1784471700000,64464.9,64500.9,64398.9,64453.2
1784472000000,64392.2,64475.1,64392.2,64475.1
1784472300000,64474.8,64564.6,64442.7,64564.6
1784472600000,64562.1,64603.4,64504.6,64548.4
1784472900000,64548.2,64558.3,64491.2,64543.3
1784473200000,64540.4,64573.9,64507,64523.1
1784473500000,64520.6,64531.8,64461.5,64461.5
1784473800000,64457.6,64532.7,64451.4,64527.9
1784474100000,64532.5,64547.5,64465.9,64504.5
1784474400000,64444,64503.9,64444,64486.1
1784474700000,64485.9,64497.5,64434.9,64462.8
1784475000000,64461.7,64482.4,64421.7,64454.2
1784475300000,64459.4,64523.8,64459,64517
1784475600000,64518.1,64540.3,64491.3,64516
1784475900000,64516.8,64530.7,64484.2,64515.2
1784476200000,64518.8,64547,64492.6,64534.5
1784476500000,64534,64534,64479,64532.2
1784476800000,64534.2,64555.7,64444.9,64555.3
1784477100000,64559.2,64597.6,64429.7,64489.3
1784477400000,64486.9,64511.1,64449.8,64501.5
1784477700000,64501.6,64522.5,64446.7,64522.5
1784478000000,64523,64585.4,64471.1,64566.4
1784478300000,64566.1,64566.1,64516.6,64561.7
1784478600000,64561.9,64565.6,64460.8,64491
1784478900000,64487.4,64519.3,64477.3,64502.5
1784479200000,64506.4,64559.2,64496.8,64553.5
1784479500000,64555.7,64563.5,64512.6,64548.1
1784479800000,64547.7,64549.7,64468.7,64487.2
1784480100000,64487.4,64501.5,64473.6,64491.4
1784480400000,64491.8,64514.7,64359.9,64505.4
1784480700000,64504.6,64590.5,64468.6,64537.3
1784481000000,64541.4,64649.1,64533.9,64647.6
1784481300000,64658.9,64705.7,64551.9,64611.1
1784481600000,64613.1,64657.7,64580.6,64602.2
1784481900000,64600.6,64632.1,64578,64602.5
1784482200000,64598.3,64680.8,64561.4,64623.4
1784482500000,64628.3,64661.3,64601.1,64626.4
1784482800000,64625.7,64625.7,64531,64578.6
1784483100000,64577.5,64577.5,64515.3,64547.2
1784483400000,64544,64558.6,64497.4,64525.8
1784483700000,64527.8,64534.4,64470.1,64502.6
1784484000000,64503.2,64514.8,64392.8,64432.9
1784484300000,64427.2,64437.5,64242,64394.5
1784484600000,64395.6,64459.2,64370.2,64426
1784484900000,64427.6,64439.1,64365.8,64439.1
1784485200000,64438.3,64445.3,64371.5,64442.9
1784485500000,64439.8,64443.8,64330.9,64349.9
1784485800000,64345.2,64394.9,64281,64386.4
1784486100000,64384.8,64400.4,64376.4,64398.9
1784486400000,64401.4,64404,64351.5,64377.9
1784486700000,64376.4,64400.6,64320.5,64394.4
1784487000000,64397.9,64397.9,64309.2,64330.1
1784487300000,64329,64378.3,64289.6,64378.3
1784487600000,64385,64389.4,64298.6,64340.5
1784487900000,64344.6,64414,64344.6,64412.3
1784488200000,64377.8,64412.5,64357.6,64404.7
1784488500000,64404.1,64419.6,64325.1,64325.1
1784488800000,64326.4,64403.6,64326.4,64376.7
1784489100000,64378.1,64399.4,64325.2,64390.9
1784489400000,64395.2,64395.2,64342.4,64375.4
1784489700000,64381.6,64414.7,64344.2,64370.1
1784490000000,64370.6,64384.8,64333,64368.6
1784490300000,64364.3,64371.3,64303,64365.1
1784490600000,64353.8,64357.7,64277.9,64355
1784490900000,64355.6,64417,64335.4,64414.2
1784491200000,64417,64508.5,64403.4,64445.6
1784491500000,64450.3,64467.5,64414,64462.7
1784491800000,64467.5,64481.7,64425.5,64458.5
1784492100000,64459.7,64459.7,64363.8,64436.7
1784492400000,64403.7,64477.5,64403.7,64474.8
1784492700000,64470.9,64470.9,64426,64441.1
1784493000000,64445,64467.2,64401.1,64401.1
1784493300000,64443.8,64489.4,64368.4,64449.1
1784493600000,64444.3,64455.3,64411.2,64455.3
1784493900000,64429.8,64468.7,64419,64453
1784494200000,64452.8,64462.3,64414.5,64459.5
1784494500000,64463.9,64489,64419.4,64485.8
1784494800000,64491,64510.5,64480.1,64489.2
1784495100000,64487.4,64487.4,64444.6,64468.2
1784495400000,64445.8,64515.5,64423.2,64487.4
1784495700000,64488.2,64493.6,64426.3,64441.2
1784496000000,64438.6,64443.5,64375.2,64431
1784496300000,64427.2,64430.7,64389,64427.4
1784496600000,64425.4,64428.5,64349,64373.8
1784496900000,64374.5,64392.7,64309.1,64378.6
1784497200000,64346,64367.2,64270.3,64276.2
1784497500000,64303,64358.6,64294.6,64347
1784497800000,64346.2,64381.8,64303.1,64349.7
1784498100000,64318.7,64371.3,64278.7,64368.2
1784498400000,64301.5,64595.4,64257.6,64422.7
1784498700000,64415.2,64510.4,64264.8,64467.3
1784499000000,64484.8,64641.3,64427.3,64592.2
1784499300000,64616.4,64801.5,64592.5,64726.7
1784499600000,64763.7,64849.6,64659.5,64707.5
1784499900000,64702.8,64760.3,64656.1,64712.4
1784500200000,64709.2,64754.7,64617.7,64700.3
1784500500000,64663.8,64737.1,64605.7,64732.4
1784500800000,64690,64777.6,64642.5,64727
1784501100000,64724.8,64761.3,64649.6,64670.6
1784501400000,64649.3,64671.7,64610.2,64651
1784501700000,64661.9,64662,64586.5,64609.5
1784502000000,64609.6,64638.8,64484.6,64561.4
1784502300000,64561.3,64632.8,64507.2,64618.8
1784502600000,64620.1,64675.1,64566.7,64653.8
1784502900000,64658,64669.1,64555.6,64628.6
1784503200000,64603.1,64647.6,64562.8,64643.9
1784503500000,64644.5,64670.5,64566.5,64626.7
1784503800000,64627.7,64712.8,64594.5,64692.7
1784504100000,64670,64723.9,64567.6,64599.7
1784504400000,64567.6,64706.4,64559.2,64701.8
1784504700000,64705,64726.2,64578.9,64578.9
1784505000000,64627.8,64681,64587.1,64606.6
1784505300000,64607.4,64702,64601.9,64677.4
1784505600000,64661.5,64685.5,64500.3,64567.6
1784505900000,64567.7,64822.2,64566.3,64754.8
1784506200000,64754.9,65000.5,64754.2,64969.8
1784506500000,64956.3,65056.9,64923.8,65003.3
1784506800000,65002.2,65002.2,64729.9,64870.1
1784507100000,64834.3,64883,64780.5,64807.1
1784507400000,64809.2,64835.7,64728.8,64745
1784507700000,64729.2,64894.6,64721.7,64831.1
1784508000000,64835.8,64881.7,64749.6,64750
1784508300000,64758.9,64758.9,64545.2,64619.8
1784508600000,64622.4,64627.1,64343.2,64540.2
1784508900000,64516.7,64548.3,64469.8,64481.9
1784509200000,64515.5,64563.1,64435.1,64560.7
1784509500000,64556,64958.7,64533.6,64929.1
1784509800000,64947.3,64980.8,64722.4,64753.1
1784510100000,64761.2,64792.4,64629.9,64633
1784510400000,64664.3,64866.3,64613.5,64785
1784510700000,64781.9,64901,64769.3,64780.5
1784511000000,64778.3,64853.8,64760.6,64806.7
1784511300000,64794,64882.9,64759.2,64834.6
1784511600000,64839.6,64851.1,64628.7,64719.1
1784511900000,64680.8,64735,64634.5,64690.2
1784512200000,64689.8,64714.5,64454,64461.7
1784512500000,64459.4,64589.8,64425.6,64550.4
1784512800000,64567.3,64878.5,64544.7,64848.7
1784513100000,64864.8,64899.8,64788.3,64868.1
1784513400000,64851.6,64872.9,64757.2,64773
1784513700000,64778.1,64782.8,64565.4,64603.3
1784514000000,64571.4,64653.1,64502.6,64630.1
1784514300000,64631.5,64663,64579.5,64607.6
1784514600000,64594.8,64815.6,64586.8,64698.4
1784514900000,64698.3,64777,64638.5,64666
1784515200000,64665.8,64832.7,64652,64755.8
1784515500000,64786.1,64917.3,64756.3,64866.8
1784515800000,64870.6,64888.2,64780.4,64803.8
1784516100000,64801.8,64845,64751.6,64751.6
1784516400000,64751.3,64838.2,64750,64828.6
1784516700000,64828.3,64829.9,64720,64736.6
1784517000000,64767.8,64808.8,64704.4,64790.2
1784517300000,64759.2,64842.5,64716.7,64716.7
1784517600000,64714.1,64729.2,64590,64646
1784517900000,64644.6,64672,64566.4,64607.7
1784518200000,64603.1,64719.5,64589.4,64661.5
1784518500000,64651.4,64787.8,64635.1,64733.2
1784518800000,64733.1,64850.3,64715.4,64816.7
1784519100000,64856.3,64864.4,64755,64799.4
1784519400000,64826.8,64852.5,64774.4,64774.5
1784519700000,64788.9,64819.6,64702.5,64817.2
1784520000000,64813.7,64820.2,64717.9,64726.6
1784520300000,64726.3,64729.1,64654.5,64661.5
1784520600000,64673.9,64747.7,64626.7,64639.8
1784520900000,64657.7,64658.1,64558.5,64593.3
1784521200000,64592.4,64670.5,64584.7,64664.4
1784521500000,64666.7,64731.7,64628.1,64711.7
1784521800000,64711,64743.3,64634.8,64666.3
1784522100000,64666.5,64766.9,64666.5,64690.4
1784522400000,64687.2,64714.1,64613.2,64677.3
1784522700000,64676.9,64685.8,64568.4,64579.2
1784523000000,64578.6,64590.6,64466.5,64466.5
1784523300000,64469.3,64534.1,64458.9,64487.9
1784523600000,64492.7,64511.3,64372.5,64381
1784523900000,64380.6,64445.4,64313.9,64345.3
1784524200000,64358.7,64364.8,63989.7,64193.6
1784524500000,64157.7,64340.4,64115.5,64300.2
1784524800000,64318.2,64338.7,64016.4,64146.6
1784525100000,64125.3,64181,64087.1,64139.2
1784525400000,64117.7,64182.3,64037.8,64112
1784525700000,64112.1,64158.5,64056.2,64142.5
1784526000000,64145.4,64209,64102,64126.8
1784526300000,64155.1,64156.5,64067.7,64125.4
1784526600000,64127.6,64133.9,64028.3,64057.6
1784526900000,64063.3,64120.7,64008.3,64078
1784527200000,64079,64112,64017.4,64089.7
1784527500000,64091.3,64124.9,63999.6,64099.8
1784527800000,64069.5,64146.4,64038.3,64116.4
1784528100000,64140.6,64168.6,64067.1,64134.6
1784528400000,64138.4,64167.1,64030.5,64030.5
1784528700000,64031.2,64098.5,64017.8,64063
1784529000000,64061.6,64100.1,63855.5,63945.8
1784529300000,63948.7,63972.9,63723.1,63857.5
1784529600000,63858.1,63873.8,63685.4,63749.6
1784529900000,63739.4,63819.5,63680.4,63791.5
1784530200000,63781.6,63884.9,63770.7,63836.7
1784530500000,63836.6,63884.4,63802.2,63860.9
1784530800000,63861.1,63934.4,63828.2,63928.6
1784531100000,63902.9,63950.5,63886.2,63927.7
1784531400000,63929.8,63936,63861.8,63891.4
1784531700000,63907.7,63925.4,63811.6,63902.3
1784532000000,63884.6,64029,63835.9,64026.6
1784532300000,64037.2,64078.3,63989.9,64044.7
1784532600000,64044.2,64125.2,64040.7,64107.4
1784532900000,64107.1,64107.2,64040.9,64065.8
1784533200000,64055.3,64135.1,64015.4,64128.7
1784533500000,64124.9,64188.3,64095.1,64135.7
1784533800000,64135.2,64246.1,64114.9,64209.4
1784534100000,64181.3,64214.6,64164.9,64187.8
1784534400000,64186.4,64298.3,64174.2,64220.4
1784534700000,64220.3,64238.1,64151.5,64164.3
1784535000000,64163.9,64237.3,64152.9,64216.6
1784535300000,64239.4,64297.3,64170.3,64211.1
1784535600000,64223.5,64224.3,64153.6,64167.4
1784535900000,64181.8,64205.9,64152.4,64178.8
1784536200000,64160.4,64197.3,64089.3,64137.4
1784536500000,64100.3,64220.1,63787.1,63886.3
1784536800000,63885.8,63925,63837.5,63853.8
1784537100000,63836.7,63993.7,63836.7,63993.7
1784537400000,63961.1,64044.7,63938.6,63953.8
1784537700000,63954.4,63994.6,63922.9,63992.5
1784538000000,63993.9,64017.5,63939.7,63957.2
1784538300000,63946.1,63994.8,63928.1,63945.2
1784538600000,63972.6,64052.3,63942.4,64041.4
1784538900000,64043.7,64111.2,64013.8,64037.8
1784539200000,64027.5,64116,64012.3,64101.8
1784539500000,64103.3,64140.7,64076.4,64140
1784539800000,64140.9,64193.5,64096.7,64159.5
1784540100000,64158.8,64198.1,64127.1,64142.1
1784540400000,64164,64191.8,64133.2,64178.5
1784540700000,64180.4,64208.4,64155.8,64160.1
1784541000000,64159.4,64228.4,64144,64160.1
1784541300000,64159.7,64163.1,64118.4,64118.4
1784541600000,64115.2,64169,64075.2,64163.8
1784541900000,64168.1,64168.1,64111.5,64138.3
1784542200000,64138.2,64224.8,64138.2,64197.2
1784542500000,64196.7,64226.4,64169.6,64185.1
1784542800000,64181.5,64344.6,64176.3,64312.5
1784543100000,64314.4,64353.3,64252,64270
1784543400000,64259.3,64282.5,64196.7,64200.4
1784543700000,64200.3,64253.2,64163.7,64195.9
1784544000000,64196,64268.2,64180,64264.1
1784544300000,64261.3,64285.9,64219.7,64255.5
1784544600000,64255,64290.6,64229.9,64290.6
1784544900000,64291.7,64292,64193.2,64219.5
1784545200000,64236.5,64283.2,64187.2,64247.6
1784545500000,64267.8,64381.1,64256.6,64351.7
1784545800000,64362,64376.5,64278.6,64319.8
1784546100000,64321.3,64346.8,64247.4,64262.4
1784546400000,64260.2,64288.2,64226.6,64255.9
1784546700000,64231.5,64302.3,64231.5,64285.8
1784547000000,64280.5,64730.3,64260.3,64726.2
1784547300000,64725.9,64872,64676.3,64786.5
1784547600000,64790.5,64866.2,64733.8,64766.7
1784547900000,64746.8,64915.3,64746.8,64888.4
1784548200000,64884.8,64915,64793.4,64882.8
1784548500000,64885.1,65009.5,64848.4,64947.8
1784548800000,64935,64945.8,64642.2,64745.4
1784549100000,64709.4,64803.3,64696.4,64782.3
1784549400000,64781.6,64807.5,64642.7,64694.7
1784549700000,64694,64750.7,64601.7,64632
1784550000000,64630.9,64692.8,64584.8,64645.8
1784550300000,64647.8,64687.1,64584.1,64636.4
1784550600000,64651.7,64660.4,64513.9,64649.1
1784550900000,64653,64689.6,64593.9,64622.5
1784551200000,64622.9,64642,64505.6,64545.5
1784551500000,64543.1,64676.7,64521.6,64664.1
1784551800000,64666.6,64676.9,64561.6,64578.2
1784552100000,64578.8,64637.8,64530.2,64564.1
1784552400000,64560.4,64638.6,64545.3,64575.9
1784552700000,64560.6,64669.1,64558.7,64667.4
1784553000000,64650.8,64690.6,64590.6,64590.6
1784553300000,64629.3,64657.8,64585.5,64645.4
1784553600000,64650.8,64650.8,64554.7,64575.8
1784553900000,64519.6,64531.6,64425.4,64472.2
1784554200000,64492.1,64642.5,64395.4,64604.5
1784554500000,64613.1,64695.4,64528.2,64588.9
1784554800000,64601.8,64642.7,64464.5,64587
1784555100000,64581.7,64658.8,64287,64629.4
1784555400000,64629,64699.9,64221.3,64280.6
1784555700000,64283.7,64357.1,64105.3,64254.2
1784556000000,64273.5,64404.2,64193.2,64346.8
1784556300000,64346.9,64430.4,64280,64380.1
1784556600000,64380.2,64393.8,64188.3,64260.2
1784556900000,64265.7,64294.5,64079.7,64188.2
1784557200000,64187.1,64285.5,63974.4,64271.5
1784557500000,64266.4,64410.7,64222.2,64383.8
1784557800000,64410,64478.8,64327.2,64379.1
1784558100000,64378.6,64384.9,64259,64349.7
1784558400000,64319.3,64411,64296.9,64357.2
1784558700000,64357,64507.4,64257.8,64277.1
1784559000000,64231.9,64339.4,64201.8,64276.8
1784559300000,64275.8,64359.9,64225.6,64320.7
1784559600000,64352.8,64545.9,64323.7,64540.1
1784559900000,64536.7,64742,64455.5,64740.4
1784560200000,64742.6,64930.8,64682.1,64889.6
1784560500000,64906.3,64943.5,64822.5,64938.1
1784560800000,64937.7,64960.6,64826.2,64869.7
1784561100000,64895.9,64908.6,64799.2,64893
1784561400000,64902,64945.9,64727.2,64770
1784561700000,64770.9,64826.5,64727.7,64793.8
1784562000000,64794.7,65231.1,64789.1,65171
1784562300000,65195.5,65359,65170.5,65242.6
1784562600000,65265.6,65605.2,65216.7,65443.6
1784562900000,65454,65574.8,65445.2,65543.5
1784563200000,65521.8,65583.4,65406.5,65479.8
1784563500000,65475.8,65493.9,65349.1,65445.8
1784563800000,65445.9,65548.1,65413.4,65504.3
1784564100000,65506.3,65516.7,65361.2,65391.4
1784564400000,65393.9,65436.7,65357.3,65431.7
1784564700000,65437.1,65443.5,65301.7,65369.6
1784565000000,65369.9,65426.6,65316.4,65386.3
1784565300000,65390.4,65432,65333.9,65419.9
1784565600000,65420.3,65504.2,65274.3,65296
1784565900000,65326.9,65466.2,65303.6,65408.6
1784566200000,65410.2,65425.8,65338.4,65338.4
1784566500000,65335.3,65452,65289.4,65452
1784566800000,65434.8,65489,65372.6,65377.7
1784567100000,65369.9,65480.2,65366.6,65473.6
1784567400000,65481.5,65495.6,65394.2,65426.8
1784567700000,65424.3,65446.6,65352.2,65434.4
1784568000000,65417.5,65465.8,65379.9,65420.2
1784568300000,65421.8,65467.1,65396.9,65452.9
1784568600000,65456.8,65458.2,65343.8,65344.1
1784568900000,65343.4,65401.5,65324.8,65331.3
1784569200000,65329.9,65354,65273.1,65308.7
1784569500000,65285.5,65427.1,65285.4,65427.1
1784569800000,65425.9,65589.9,65380.5,65527.5
1784570100000,65523.6,65580.6,65472.5,65514.4
1784570400000,65510.2,65644.3,65510.2,65575.8
1784570700000,65573.3,65576.5,65506.6,65521.7
1784571000000,65511.8,65747.3,65495,65700.1
1784571300000,65675.9,65721.6,65580,65619.1
1784571600000,65599.3,65623.6,65500.4,65545.2
1784571900000,65513.3,65584,65504.6,65518.2
1784572200000,65520.2,65520.3,65401.4,65452.4
1784572500000,65425.6,65498.2,65388,65433.3
1784572800000,65433.5,65436.5,65275.1,65301.1
1784573100000,65274.8,65303.5,65180.4,65225.8
1784573400000,65233.8,65263.9,65144.5,65144.9
1784573700000,65145.2,65206.3,65119.6,65163.5
1784574000000,65193.6,65225.3,65077.4,65131.3
1784574300000,65132.6,65188.7,65081.9,65142.8
1784574600000,65171.8,65199.6,65037.6,65050.2
1784574900000,65049.6,65152.1,65004,65092.4
1784575200000,65092.9,65120.1,65041.8,65087.5
1784575500000,65084.6,65127,64995.1,65079.4
1784575800000,65076.2,65113.3,64983.3,65003.2
1784576100000,65016,65084.3,64969.6,65042.7
1784576400000,65035.6,65119.5,65030.5,65045.8
1784576700000,65070.4,65103.1,64990.2,65076.9
1784577000000,65076.6,65135.3,65006.1,65131.7
1784577300000,65130.1,65131.5,65035.6,65094.6
1784577600000,65098.1,65132.9,64978.6,64998.7
1784577900000,65031.8,65115.2,64994.8,65074.1
1784578200000,65073.9,65181,65048.8,65157.3
1784578500000,65179.2,65222.2,65123,65212.7
1784578800000,65218.5,65272.1,65191.1,65217.6
1784579100000,65248,65279.2,65182,65241.3
1784579400000,65235.3,65386.7,65202,65336.4
1784579700000,65333.3,65358.2,65273.1,65280
1784580000000,65280.3,65311.7,65205,65267.7
1784580300000,65267.2,65324.3,65245.2,65304.1
1784580600000,65306,65331.7,65251.3,65301.5
1784580900000,65331.6,65346.7,65281,65299.2
1784581200000,65324.3,65324.3,65233.9,65274
1784581500000,65298.5,65309.1,65239.5,65284.9
1784581800000,65289.2,65313.4,65249.3,65272.8
1784582100000,65274,65305.2,65239.5,65285.8
1784582400000,65286.3,65312.4,65249.1,65265.8
1784582700000,65251.4,65285,65232.6,65260.4
1784583000000,65261,65395.7,65241.6,65374.8
1784583300000,65374.5,65400.5,65304.2,65304.2
1784583600000,65304.3,65350.9,65275.8,65279
1784583900000,65310.7,65337.5,65246.5,65273
1784584200000,65273.2,65288.7,65221.2,65265.5
1784584500000,65268.9,65270.2,65196.4,65239.6
1784584800000,65231.5,65231.5,65095.9,65122
1784585100000,65121.5,65173.4,65061.8,65169.4
1784585400000,65145.9,65191.3,65113.8,65155.5
1784585700000,65151.3,65158.9,65069.8,65158.9
1784586000000,65157.8,65184.2,65126,65184.1
1784586300000,65156.2,65208.4,65132.7,65172.7
1784586600000,65169.1,65186.5,65041.9,65069.5
1784586900000,65073.1,65111.8,65010.9,65090.8
1784587200000,65090.7,65090.7,65009.6,65064
1784587500000,65087.9,65105.2,65053.1,65078.4
1784587800000,65078.3,65107.8,65042.5,65083.6
1784588100000,65078.9,65107.8,65039.9,65102.4
1784588400000,65100.9,65139,65048.3,65122.6
1784588700000,65126.8,65182.4,65090.8,65163.9
1784589000000,65126.7,65163.9,65076.7,65112.7
1784589300000,65114.9,65217,65104.5,65191.8
1784589600000,65204.6,65204.6,65129,65174.9
1784589900000,65146.3,65203.3,65131.9,65197.5
1784590200000,65200.6,65214.4,65163.6,65198.6
1784590500000,65202.7,65211.4,65147.5,65161.5
1784590800000,65143.7,65188.8,65129.3,65178.7
1784591100000,65178.9,65216.3,65130.1,65186.7
1784591400000,65186.6,65186.6,65083,65144.7
1784591700000,65109.2,65229.2,65099.4,65208.7
1784592000000,65178.6,65205.8,65101.5,65192.3
1784592300000,65194.7,65207.3,65103,65163.2
1784592600000,65125.6,65204.4,65088.7,65144.3
1784592900000,65112.8,65310.8,65076.5,65301.2
1784593200000,65268.7,65377.9,65245,65376.3
1784593500000,65376.7,65384.8,65282,65282
1784593800000,65281.5,65414.2,65281.5,65371.9
1784594100000,65370.5,65406,65298.4,65403.3
1784594400000,65402.9,65503.4,65385,65418
1784594700000,65418.1,65491.4,65414.2,65490.8
1784595000000,65490,65513.5,65425.7,65507.8
1784595300000,65476.7,65542.4,65439.1,65487.3
1784595600000,65502.8,65514.2,65401.7,65495.5
1784595900000,65480.2,65593.3,65446.1,65591.1
1784596200000,65556.8,65616.8,65472.5,65472.7
1784596500000,65471.9,65507.4,65376.8,65430.9
1784596800000,65400.4,65450.8,65358.2,65381.6
1784597100000,65381.1,65449.3,65371.6,65398.6
1784597400000,65399.2,65418.1,65258.1,65412.5
1784597700000,65375.3,65431.7,65329.4,65343.8
1784598000000,65336.4,65341.7,65252.3,65265.9
1784598300000,65264.5,65297.5,65216.2,65216.2
1784598600000,65217.8,65258.1,65195.3,65240
1784598900000,65239.5,65239.5,65160.3,65160.8
1784599200000,65161.3,65305.9,65157.4,65283.3
1784599500000,65282.6,65370.1,65230.7,65230.7
1784599800000,65251.1,65269.8,65180,65245.3
1784600100000,65215.2,65230.2,65116.6,65129.8
1784600400000,65128.8,65267,65112.5,65247.3
1784600700000,65266.7,65273.5,65173.1,65222.1
1784601000000,65205.9,65317.9,65204,65269.3
1784601300000,65268.8,65324.5,65242.7,65255
1784601600000,65255.4,65312.9,65219.8,65302.8
1784601900000,65302.6,65310.8,65235.7,65264.3
1784602200000,65284.7,65344.6,65264.9,65344.6
1784602500000,65344.8,65450.4,65327.5,65334.6
1784602800000,65333.9,65441.3,65333.9,65387.9
1784603100000,65389.1,65491.7,65356.8,65374.7
1784603400000,65403.8,65455.2,65367.9,65441.7
1784603700000,65421.2,65486.9,65367.5,65374.4
1784604000000,65373.3,65452.7,65355.7,65401
1784604300000,65399.3,65444.9,65381.8,65444.9
1784604600000,65441.7,65442.6,65368,65410.2
1784604900000,65410.5,65477,65387.9,65442.5
1784605200000,65441.6,65490.3,65411.9,65451.8
1784605500000,65449.6,65460.8,65392.6,65392.8
1784605800000,65422,65503.5,65377.1,65458.8
1784606100000,65457.8,65547.9,65439.5,65493.4
1784606400000,65492,65645.7,65457.4,65639.6
1784606700000,65607.2,65693.6,65581.8,65581.8
1784607000000,65590.4,65614.2,65516.9,65554.5
1784607300000,65555,65588.4,65489.5,65541.7
1784607600000,65569.4,65625.4,65491.8,65493
1784607900000,65492.7,65527.6,65435.1,65445.4
1784608200000,65466.3,65503.4,65430,65483.5
1784608500000,65452.3,65525.7,65435.2,65461.9
1784608800000,65461.4,65502.1,65419.3,65464.8
1784609100000,65479.2,65502.7,65426.2,65437
1784609400000,65426.7,65483,65404.8,65422.8
1784609700000,65421.9,65484.4,65402.9,65441.3
1784610000000,65454.5,65497.6,65421.9,65494.8
1784610300000,65494.9,65511.3,65410.6,65490.6
1784610600000,65490.5,65492.1,65438.7,65492.1
1784610900000,65460.4,65487.1,65420.3,65420.3
1784611200000,65433.1,65554.5,65429.2,65533.3
1784611500000,65534.1,65602.4,65526,65533.4
1784611800000,65552.1,65558.1,65487.3,65542.8
1784612100000,65541.6,65552.4,65491.5,65492.3
1784612400000,65524.2,65634.2,65509,65566.9
1784612700000,65566.8,65873.4,65534.9,65760.9
1784613000000,65761.2,65784.2,65621.3,65683.8
1784613300000,65683.5,65718,65637.3,65670.8
1784613600000,65667.5,65772.8,65667.5,65700.1
1784613900000,65700,65733.8,65611.9,65611.9
1784614200000,65610.9,65691.7,65560.5,65649.3
1784614500000,65648.9,65682.5,65605.5,65621.5
1784614800000,65616.5,65773.2,65582.8,65743.8
1784615100000,65736.4,65797.5,65702.5,65743.9
1784615400000,65743.1,65872.3,65731.1,65851.7
1784615700000,65872,65942.8,65849.5,65879.7
1784616000000,65879.5,65912.6,65831.2,65912.6
1784616300000,65911.4,65921,65801.1,65835.7
1784616600000,65836,65886.6,65807.4,65834.8
1784616900000,65835,65890.4,65809.8,65841.8
1784617200000,65840.6,65903.1,65824.7,65877
1784617500000,65877.2,65887.9,65784.4,65810.7
1784617800000,65826.9,65874.9,65788.8,65874.9
1784618100000,65846.5,65939.2,65833.3,65939.2
1784618400000,65936.9,65960,65824.4,65826.7
1784618700000,65823.7,65916,65823.7,65910.9
1784619000000,65912.2,66015.7,65870.3,65937.9
1784619300000,65934.8,66019.9,65930.7,65974.7
1784619600000,65972.6,66093.2,65945.1,65960.1
1784619900000,65974.5,66157.3,65952.4,66108.6
1784620200000,66106.9,66192,66059.7,66131.5
1784620500000,66155.9,66186.9,66097.7,66138
1784620800000,66139.1,66206.5,66089.9,66199.6
1784621100000,66197.2,66203.6,66099.9,66131.5
1784621400000,66130.3,66238.8,66050.8,66203.5
1784621700000,66204.1,66239.9,66131,66233.5
1784622000000,66201.2,66305,66196,66232.1
1784622300000,66216.7,66272.8,66120.3,66169.1
1784622600000,66171.2,66214.3,66111.1,66144.8
1784622900000,66144,66309.2,66139.3,66294
1784623200000,66277.1,66298,66187.9,66225.7
1784623500000,66257.7,66284.6,66169.7,66220.6
1784623800000,66217.5,66224.2,66158.1,66158.1
1784624100000,66157.6,66215.9,66129.7,66178.6
1784624400000,66178.2,66189.2,66106.8,66113.4
1784624700000,66113.3,66176.4,66112.3,66144
1784625000000,66162.4,66163.1,66078.1,66129.6
1784625300000,66130.1,66199.8,66129.9,66163.8
1784625600000,66158,66198.1,66112.3,66190.1
1784625900000,66191.5,66200.9,66149.8,66158.8
1784626200000,66158.1,66276,66151.8,66217.6
1784626500000,66238.1,66289.5,66202.9,66241
1784626800000,66240.4,66267.4,66214.3,66225.5
1784627100000,66223.7,66266.5,66221,66265
1784627400000,66232.8,66298.6,66203,66266.7
1784627700000,66281.9,66304.3,66200.4,66224.8
1784628000000,66241.7,66268.9,66195.7,66250.2
1784628300000,66249.4,66276.5,66193.1,66252.5
1784628600000,66257.8,66345.9,66221.9,66287
1784628900000,66286.9,66357.3,66259.9,66289.9
1784629200000,66289.8,66332.4,66240.7,66315.4
1784629500000,66330.7,66352.5,66274.8,66350.6
1784629800000,66353.2,66359.1,66301.2,66324.1
1784630100000,66323.2,66376.4,66300.1,66300.1
1784630400000,66299.9,66351.9,66251.5,66280.7
1784630700000,66311,66311,66234.9,66234.9
1784631000000,66235.9,66263.1,66109.4,66117.8
1784631300000,66123.8,66161.3,66105.1,66117.3
1784631600000,66110.8,66159.3,66097.7,66114.7
1784631900000,66101.2,66158.5,66083.8,66094.8
1784632200000,66080.3,66217.2,66073.4,66187.3
1784632500000,66191.1,66215.9,66119.1,66161.1
1784632800000,66143,66183.9,66116.6,66135.8
1784633100000,66171.2,66182.1,66122.2,66160.3
1784633400000,66198,66231.8,66155.3,66177.4
1784633700000,66178.5,66271.2,66178.5,66218.6
1784634000000,66217.1,66301.5,66211,66290.2
1784634300000,66261.6,66302,66258.6,66277.4
1784634600000,66297.1,66308.6,66257.5,66261.2
1784634900000,66260.9,66300.5,66239.3,66267.1
1784635200000,66305.7,66314.4,66195.2,66230.3
1784635500000,66229.8,66341.7,66193.5,66305.4
1784635800000,66293.7,66390.1,66293.7,66331.4
1784636100000,66331.2,66406.9,66269.2,66375.9
1784636400000,66376.9,66449.1,66341.6,66377.6
1784636700000,66396.7,66424.7,66347.4,66381.4
1784637000000,66382.3,66497.5,66354.6,66446.4
1784637300000,66446.3,66591.3,66401.8,66553.1
1784637600000,66583.8,66586.5,66426,66443.8
1784637900000,66459.4,66505.2,66417.6,66471.8
1784638200000,66468,66521,66422.7,66437.9
1784638500000,66436.3,66536.2,66423.5,66480.3
1784638800000,66479,66507.8,66437.8,66462.2
1784639100000,66461.7,66547.7,66451.3,66506.7
1784639400000,66505.7,66582.6,66480.9,66557.2
1784639700000,66573.2,66611.4,66486.2,66486.2
1784640000000,66485.7,66546.2,66397.7,66397.8
1784640300000,66399.9,66411.2,66339.1,66390.1
1784640600000,66363.9,66474.7,66327.7,66474.7
1784640900000,66470,66502.5,66322.5,66334.7
1784641200000,66350.3,66366.6,66249,66311.2
1784641500000,66291.6,66606.3,66260.2,66604.6
1784641800000,66605.3,66705.1,66505,66688.9
1784642100000,66690.4,66757.2,66656.7,66703.3
1784642400000,66733.2,66811.4,66661.4,66807.5
1784642700000,66807.6,66902.8,66721.6,66762.7
1784643000000,66751.3,66906.3,66751.2,66870.9
1784643300000,66892.4,66898.1,66731.2,66793
1784643600000,66791.8,66845.6,66587.6,66595.5
1784643900000,66596.9,66703,66573.3,66696.1
1784644200000,66706,66834.7,66666.7,66768.2
1784644500000,66767,66814.9,66715.2,66715.2
1784644800000,66715.6,66799.2,66585.3,66778.8
1784645100000,66778.5,66880.7,66751.5,66799.1
1784645400000,66782.2,66828.3,66735.2,66797
1784645700000,66803.1,66866.4,66763.3,66779.1
1784646000000,66778.6,66783.3,66580.1,66595.5
1784646300000,66596.7,66755.8,66588.4,66717
1784646600000,66751.4,66751.4,66635.2,66636.6
1784646900000,66649.6,66700.4,66609.5,66699.6
1784647200000,66694.7,66711.5,66602.2,66659
1784647500000,66645.8,66665.2,66555.5,66588.4
1784647800000,66572.3,66577.7,66477.7,66534.3
1784648100000,66533.8,66679.2,66462.6,66633.5
1784648400000,66630,66662.5,66543.8,66581.6
1784648700000,66584.7,66656.7,66524,66601.7
1784649000000,66602.2,66669.2,66582.7,66611.1
1784649300000,66646.5,66687.2,66595.9,66611.5
1784649600000,66626.5,66722.7,66567.7,66717.1
1784649900000,66682.3,66716,66541.7,66556.6
1784650200000,66541,66628.4,66519.4,66580.8
1784650500000,66545.9,66576.1,66499.8,66521.8
1784650800000,66499.5,66562.7,66481.4,66502
1784651100000,66535.2,66561.7,66454.9,66463.6
1784651400000,66462.1,66535.6,66434.1,66535.3
1784651700000,66502.7,66612,66501.9,66560.4
1784652000000,66559.7,66600.3,66485.2,66507.2
1784652300000,66485.6,66525.5,66399.7,66462.5
1784652600000,66497.3,66514.8,66454.6,66482.4
1784652900000,66482.5,66570.9,66474.7,66474.7
1784653200000,66473.3,66530.6,66440.2,66482.7
1784653500000,66449.1,66511.7,66417.9,66428.9
1784653800000,66429,66457.4,66372.6,66424
1784654100000,66424.7,66441.1,66342.1,66411.3
1784654400000,66411.1,66445.9,66360,66441.5
1784654700000,66423.5,66458.6,66381,66399.3
1784655000000,66381.6,66426.9,66333.5,66396.1
1784655300000,66394.1,66449.2,66339.5,66424.1
1784655600000,66421.9,66468,66368,66460.9
1784655900000,66460.5,66465.2,66007.7,66253.3
1784656200000,66257.9,66309.8,66131.8,66139.4
1784656500000,66138.4,66184.2,66086,66167.1
1784656800000,66171.2,66191.7,66029.9,66145.2
1784657100000,66139.3,66294.2,66139.3,66285.2
1784657400000,66284.8,66284.8,66214.5,66220.3
1784657700000,66217.8,66267.5,66181.5,66211.3
1784658000000,66210,66271.2,66175.1,66176.5
1784658300000,66175.1,66205.8,66105.3,66175.4
1784658600000,66175.1,66203.8,66036.3,66171.7
1784658900000,66171.5,66259,66136.6,66195.4
1784659200000,66193,66267.9,66174,66210.7
1784659500000,66210.3,66322.1,66202.3,66266.3
1784659800000,66264.3,66319.7,66226,66226
1784660100000,66226.2,66283.4,66204.6,66279.6
1784660400000,66284.1,66333.8,66240,66294.5
1784660700000,66292.1,66338.7,66268,66301.5
1784661000000,66298.7,66333.6,66195.5,66261.6
1784661300000,66262.5,66328.1,66219.9,66294.9
1784661600000,66292.9,66337,66264.6,66301.9
1784661900000,66337.4,66372.1,66294.4,66332.8
1784662200000,66333.1,66399.7,66323.3,66345.5
1784662500000,66345.6,66462.2,66345.6,66410.1
1784662800000,66408.9,66439.7,66384.6,66391.4
1784663100000,66391.7,66459,66380.7,66415.4
1784663400000,66414.1,66471.6,66378.7,66384.6
1784663700000,66403.2,66430.4,66350.8,66410.5
1784664000000,66412.2,66447.4,66291.8,66389.9
1784664300000,66393.7,66420.8,66360,66395.5
1784664600000,66384.3,66400.2,66354.2,66354.2
1784664900000,66352.7,66360.3,66311.5,66342
1784665200000,66324.2,66330.2,66293.2,66297.7
1784665500000,66333.5,66355.6,66301.6,66352.4
1784665800000,66352.8,66406,66336,66406
1784666100000,66406.8,66458.6,66371.4,66381.9
1784666400000,66379.8,66426.7,66364.9,66388
1784666700000,66388.8,66427.7,66363,66363
1784667000000,66362.9,66390.2,66343.9,66380.1
1784667300000,66364.2,66393.5,66330.1,66330.1
1784667600000,66351,66351,66236.2,66289.4
1784667900000,66270.1,66338.4,66256.5,66295.8
1784668200000,66296.2,66375.8,66283.3,66361.2
1784668500000,66361.1,66361.2,66269.8,66269.8
1784668800000,66268.6,66325.8,66259.3,66316.2
1784669100000,66280.5,66316.3,66246.5,66251.5
1784669400000,66249.2,66273.5,66233.9,66269.2
1784669700000,66268.1,66319.6,66268,66292.4
1784670000000,66291.3,66321,66249.8,66276
1784670300000,66299.4,66332.6,66266.8,66283.8
1784670600000,66320.3,66353.7,66289.8,66336.3
1784670900000,66304.8,66338.8,66276.3,66338.8
1784671200000,66325,66341.8,66242,66314.2
1784671500000,66315.5,66323.7,66231.8,66302.3
1784671800000,66265,66313.5,66226.9,66236.5
1784672100000,66237.7,66278.8,66146.8,66159.7
1784672400000,66160.1,66226.9,66124.8,66149.9
1784672700000,66146.5,66244.1,66136.9,66202.7
1784673000000,66201.2,66290.6,66181.2,66255.1
1784673300000,66293.6,66304,66233.4,66271
1784673600000,66242.4,66295.1,66234.1,66254.6
1784673900000,66232,66267.8,66161.4,66180.7
1784674200000,66181.2,66252.1,66181.2,66214.9
1784674500000,66252.8,66275.8,66210.9,66223.7
1784674800000,66257.8,66257.8,66149.1,66188.7
1784675100000,66184.9,66244.3,66152.1,66190.8
1784675400000,66214.5,66252.3,66167,66231.4
1784675700000,66232.1,66302.1,66213.8,66263.3
1784676000000,66261.6,66291.7,66241.7,66251
1784676300000,66250.9,66356.6,66250.9,66326.3
1784676600000,66325.6,66405.4,66313.6,66344.8
1784676900000,66345.5,66412.3,66343,66372.4
1784677200000,66370.7,66389.3,66322.8,66382.6
1784677500000,66384.5,66431.1,66350.7,66405.9
1784677800000,66409,66512.5,66385.5,66480.8
1784678100000,66480.9,66531.9,66462.5,66476.2
1784678400000,66478.7,66575.5,66466.3,66574.9
1784678700000,66539.1,66620.6,66505,66582
1784679000000,66546.1,66640.1,66514.3,66623.8
1784679300000,66601.2,66643.3,66528.3,66551.7
1784679600000,66552.7,66677.7,66552.4,66577.1
1784679900000,66576.8,66640.4,66551.7,66584
1784680200000,66586.1,66681.6,66555.1,66674.8
1784680500000,66674.5,66674.5,66589.6,66646
1784680800000,66645.7,66691.4,66619.7,66652.7
1784681100000,66635.3,66687.6,66530,66663.7
1784681400000,66663.4,66663.4,66572.2,66583.6
1784681700000,66581.6,66628.8,66552.8,66552.8
1784682000000,66565,66614.8,66524.2,66591.6
1784682300000,66563.2,66585.2,66526.7,66529
1784682600000,66540.9,66550.8,66407.5,66447.9
1784682900000,66451.4,66456.7,66380,66383.8
1784683200000,66390.7,66403.8,66254.5,66314.2
1784683500000,66318.2,66396.6,66278.5,66306.2
1784683800000,66303.9,66377.1,66260.9,66348.1
1784684100000,66351,66367.1,66308.8,66351
1784684400000,66318.4,66355.6,66214.1,66323.7
1784684700000,66286.3,66457.6,66283.5,66402.7
1784685000000,66402,66436.5,66356.3,66364.8
1784685300000,66354,66418.8,66316,66355.4
1784685600000,66388.5,66392,66292.9,66383.4
1784685900000,66346.9,66440.4,66300.4,66365.2
1784686200000,66368.6,66422.2,66325.1,66397.1
1784686500000,66396.5,66486.4,66380.4,66401.7
1784686800000,66401.9,66434.6,66363,66380.1
1784687100000,66397.6,66397.6,66333.5,66333.5
1784687400000,66332.4,66350.2,66264.3,66292.1
1784687700000,66290,66300,66219.2,66278.6
1784688000000,66278.7,66356.2,66273.6,66324.7
1784688300000,66309.6,66344,66276.4,66305.3
1784688600000,66305.4,66318.7,66239.8,66265.2
1784688900000,66299.4,66299.4,66213.1,66237.6
1784689200000,66253.9,66325.9,66185.5,66243.2
1784689500000,66242.9,66307.3,66189.5,66202.5
1784689800000,66202,66216,66093.9,66141.3
1784690100000,66142.4,66211.1,66113.9,66211
1784690400000,66193.2,66256.1,66171.2,66210.3
1784690700000,66206.8,66269.4,66194,66199.3
1784691000000,66198.5,66267.3,66182.7,66182.7
1784691300000,66182.5,66214,66125.8,66208.7
1784691600000,66207.7,66235.7,66167.9,66201.3
1784691900000,66201.5,66311.4,66201.5,66275.5
1784692200000,66274.9,66290,66209.3,66210.4
1784692500000,66209.9,66222.3,66096.6,66151.8
1784692800000,66117.4,66276.8,66113.5,66272.7
1784693100000,66258.6,66305.3,66238.1,66258
1784693400000,66257.6,66297.9,66250.8,66289.3
1784693700000,66293.2,66341.6,66255.5,66262.7
1784694000000,66260.8,66354.3,66260.8,66306.3
1784694300000,66306.1,66351.8,66280.3,66310.8
1784694600000,66301.2,66328.2,66258.7,66322
1784694900000,66290.4,66366.8,66266.5,66312
1784695200000,66309.2,66379.8,66308.9,66340.2
1784695500000,66339.8,66349.1,66288.2,66289.1
1784695800000,66305.4,66345.9,66279.6,66295.1
1784696100000,66307.9,66340,66274.8,66336.4
1784696400000,66332.7,66332.7,66219.9,66250.4
1784696700000,66249.5,66256.8,66191.5,66206.4
1784697000000,66235.8,66256,66180.6,66210
1784697300000,66225.9,66225.9,66050.5,66124.8
1784697600000,66123.1,66123.1,65976.7,66031.2
1784697900000,66032.7,66087.5,65989.5,66002.7
1784698200000,66002.6,66085.6,65981.3,66045.2
1784698500000,66045.5,66065.1,65924.8,65948.5
1784698800000,65965.7,65965.7,65895.3,65905.3
1784699100000,65908.4,65985.5,65873.7,65937.7
1784699400000,65939.2,65985.7,65891.2,65891.2
1784699700000,65891.7,65944.4,65878.7,65930.5
1784700000000,65936,65978.4,65877.3,65914.6
1784700300000,65916.7,65928.2,65840.4,65872.3
1784700600000,65842.1,65945.3,65803,65937.5
1784700900000,65936.2,65936.2,65831,65846
1784701200000,65846.4,65865,65783.7,65829.6
1784701500000,65796.3,65833.2,65760.2,65779.4
1784701800000,65779.6,65907.6,65754.2,65859.7
1784702100000,65889.3,65951,65868.9,65917.3
1784702400000,65915.7,65931.1,65868.4,65906.5
1784702700000,65906,65906.5,65824.4,65877.7
1784703000000,65878.1,65921,65845.8,65888.2
1784703300000,65885.9,65893.4,65843.8,65887
1784703600000,65860.3,65923.7,65847.6,65847.6
1784703900000,65845,65882.5,65817.2,65882.5
1784704200000,65883.5,65891.3,65815.6,65827.3
1784704500000,65843.8,65890.4,65781.9,65865.7
1784704800000,65826.7,65893.3,65798.6,65798.6
1784705100000,65796.6,65873.9,65768.9,65856
1784705400000,65861.1,65867,65751.6,65796.3
1784705700000,65761.1,65789.9,65672.1,65681.2
1784706000000,65669.1,65751.7,65637.5,65722.7
1784706300000,65739.7,65780.1,65705.7,65706
1784706600000,65706.4,65793.6,65706.4,65771
1784706900000,65754.5,65812.1,65754.5,65767.5
1784707200000,65768.1,65938.5,65768.1,65937.6
1784707500000,65941.4,66023.1,65906.2,65992.5
1784707800000,65975,66004.9,65934.5,65984.6
1784708100000,65985.8,66029.1,65932.9,66022.6
1784708400000,66026.3,66112.3,65999.4,66010
1784708700000,66002.7,66018.5,65943.2,65970.1
1784709000000,65974.4,66021.8,65946.7,65997
1784709300000,65997.1,65998.5,65895.3,65931
1784709600000,65930.4,65944.6,65850.2,65879.5
1784709900000,65863.5,65941.3,65863.5,65925.8
1784710200000,65930.3,65950.7,65881.1,65897.6
1784710500000,65901.9,65946.1,65883.7,65934.8
1784710800000,65915.4,65960.3,65889.1,65944.3
1784711100000,65971.4,66019.7,65891.3,66019.4
1784711400000,66020.2,66020.2,65913.2,65929.2
1784711700000,65929.1,66015.2,65914,66007.7
1784712000000,65975.8,66035,65962.7,65979
1784712300000,65951.6,66001.1,65949.1,65949.1
1784712600000,65948.1,65966.9,65809.3,65846.7
1784712900000,65849.2,65867,65778.4,65799.2
1784713200000,65798.3,65856.5,65789.3,65836.8
1784713500000,65837.5,65854.5,65794,65848.2
1784713800000,65847.2,65847.2,65774.9,65815.5
1784714100000,65841.8,65903.5,65806.6,65861.2
1784714400000,65850.3,65906.7,65845.1,65859.1
1784714700000,65859.5,65889.2,65819.8,65867.5
1784715000000,65872.6,65884.9,65833.9,65852.1
1784715300000,65878.2,65907,65844.4,65896.9
1784715600000,65865.6,65925.9,65861.5,65920.4
1784715900000,65902,65930.5,65886.5,65889.4
1784716200000,65918.1,65930.5,65876.8,65921.9
1784716500000,65923.1,65930.2,65876.5,65930.2
1784716800000,65912.2,65963.2,65895.1,65943
1784717100000,65944.1,66059.8,65920.9,66052.9
1784717400000,66017.5,66048.8,65992.9,66000.6
1784717700000,66000.3,66001.2,65944.2,65999.9
1784718000000,65968.5,66030.1,65947.1,65969.3
1784718300000,65967.7,66031.9,65942.1,65985.8
1784718600000,65954,65995,65933.5,65933.5
1784718900000,65930.9,65965.3,65897.9,65941.8
1784719200000,65942.4,66043.9,65915.8,66036
1784719500000,66037.2,66037.2,65957.4,66002.3
1784719800000,65966.3,66020.3,65954.7,65969.6
1784720100000,65965.7,66006.8,65927.9,65930.2
1784720400000,65951.4,65951.5,65826,65863.8
1784720700000,65863.4,66007,65830.6,65959.3
1784721000000,65954.9,65998.2,65939.8,65950.3
1784721300000,65950.6,65986.1,65929.7,65964.9
1784721600000,65968.6,65970.5,65858.4,65865.2
1784721900000,65882.9,65900.7,65788.2,65838.3
1784722200000,65838.6,65869.2,65807.2,65833
1784722500000,65833.1,65884.6,65773.3,65809.9
1784722800000,65811.9,65841.1,65772.2,65792.2
1784723100000,65808.8,65863.1,65768.5,65800.8
1784723400000,65840,65861.5,65717.3,65751.9
1784723700000,65752,65781.6,65693.1,65780.6
1784724000000,65777.5,65786.6,65703.1,65732.4
1784724300000,65697.8,65773.3,65567.4,65625.6
1784724600000,65623.9,65699.7,65610.3,65690.2
1784724900000,65687.4,65687.4,65464.8,65582.7
1784725200000,65581.8,65604.7,65533,65593.2
1784725500000,65595.7,65636.7,65515.8,65635.7
1784725800000,65631.1,65636.6,65566.3,65566.3
1784726100000,65561.1,65602.4,65500.7,65572.9
1784726400000,65568.3,65579.2,65496.2,65528.9
1784726700000,65493.8,65578.2,65477.9,65571.1
1784727000000,65567.2,65744.2,65523.9,65742.6
1784727300000,65744.2,65836.2,65653.1,65795.8
1784727600000,65795.4,65870.8,65718.8,65841.2
1784727900000,65845.7,65933.4,65740.6,65820.9
1784728200000,65849.7,65883.2,65734.8,65865.3
1784728500000,65880.2,65924.5,65815.5,65874.2
1784728800000,65872.5,65990.9,65817.3,65985
1784729100000,65989.4,66159.8,65865.5,65954.3
1784729400000,65958.5,65996.7,65821.7,65857.5
1784729700000,65821.7,65821.7,65632.1,65732
1784730000000,65736.1,65737.7,65547,65602.4
1784730300000,65601.4,65679.7,65511.7,65545.6
1784730600000,65544.5,65705.8,65509.2,65630.5
1784730900000,65630.7,65830.6,65603.9,65683
1784731200000,65687.1,65695.1,65585.5,65616.3
1784731500000,65595.1,65713.3,65570.5,65699.4
1784731800000,65703.9,65757.4,65668.1,65674
1784732100000,65671.7,65759.2,65606.4,65757.7
1784732400000,65757.1,65917.1,65730.5,65816.3
1784732700000,65817.2,65864.1,65774.2,65798.5
1784733000000,65831.3,65937,65792.6,65869.3
1784733300000,65899.5,65947,65816.7,65908.4
1784733600000,65943.4,66038.8,65903.7,65957.6
1784733900000,65958.4,66096.1,65949.1,66041.7
1784734200000,66051.3,66088.5,65931.4,65954.5
1784734500000,65955.3,66004.9,65885.5,65907.7
1784734800000,65905.6,65993.7,65883.2,65981.7
1784735100000,65943.7,66024.1,65873.8,66006.8
1784735400000,66008.1,66037.4,65916.3,65976.3
1784735700000,65959,66023.5,65931.1,66010.3
1784736000000,65973.5,66027,65928.3,65958.5
1784736300000,65958.8,66120,65941.4,66114.4
1784736600000,66114.3,66114.3,65997.9,66087.4
1784736900000,66088,66088,65900.9,65996.8
1784737200000,65995.1,66012,65908.3,65909.9
1784737500000,65930,66005.5,65848.4,65991.7
1784737800000,65953.1,66230.6,65943,66173.3
1784738100000,66171.1,66356.4,66132.4,66327.1
1784738400000,66330.4,66330.4,66195.4,66255.8
1784738700000,66258.8,66262.5,66124.6,66127
1784739000000,66127.4,66208.1,66087.7,66087.8
1784739300000,66088.7,66206.6,66088.7,66163.5
1784739600000,66162,66241,66141.7,66155.4
1784739900000,66154,66236.7,66109.2,66161
1784740200000,66160.7,66181.5,66098.1,66100
1784740500000,66100.8,66136.4,65990.9,66003.5
1784740800000,66004.7,66042,65930.3,65979.6
1784741100000,65978.6,66010.8,65873.8,65925.4
1784741400000,65959.9,66060.1,65915.9,65986.7
1784741700000,65985.7,66115,65964.5,66070.4
1784742000000,66070.2,66147.2,66065.8,66144
1784742300000,66106.4,66202.2,66082,66089.7
1784742600000,66087.5,66129.8,65976.5,66019.6
1784742900000,65984.5,66039.4,65941.9,65958.3
1784743200000,65957.6,66039.1,65940.4,66039.1
1784743500000,66037.3,66046.7,65931.3,65931.3
1784743800000,65931.1,65983.8,65906.9,65919.9
1784744100000,65919.6,65973.7,65883,65926.3
1784744400000,65968.2,66015.8,65806.5,65807.6
1784744700000,65806.8,65879.8,65770.4,65818.9
1784745000000,65815,65833.8,65666.5,65682.8
1784745300000,65684.9,65774.5,65669.8,65680.2
1784745600000,65678.9,65739.7,65664.5,65705.8
1784745900000,65724.6,65815.4,65694,65743.6
1784746200000,65743,65855.6,65740.8,65854.5
1784746500000,65858,65897.3,65819.3,65819.3
1784746800000,65820.8,65885.7,65778.3,65808.7
1784747100000,65827.1,65838.6,65723.8,65724
1784747400000,65724.2,65783.3,65625.6,65707.5
1784747700000,65728.8,65809.3,65677.8,65775
1784748000000,65776.7,65851.4,65744.2,65806.1
1784748300000,65804.9,65890.9,65788.2,65828.1
1784748600000,65849.9,65904.3,65824,65847.2
1784748900000,65848.8,65893.6,65818.5,65839.9
1784749200000,65839.7,65875.4,65792.7,65825.2
1784749500000,65825.3,65859.9,65788.3,65847.6
1784749800000,65860.3,65872,65790.5,65842.5
1784750100000,65816.5,65925.7,65801.2,65876.1
1784750400000,65860.7,65921.8,65781.4,65814.1
1784750700000,65815,65830.2,65718.2,65796.1
1784751000000,65794.4,65897.3,65743.2,65893.3
1784751300000,65893.7,65915.9,65817.9,65858.7
1784751600000,65881.1,65904.8,65828.7,65860.2
1784751900000,65860.5,65948.7,65836.4,65877.9
1784752200000,65893.5,65915,65833.9,65868.7
1784752500000,65872.3,65907.4,65831.8,65904.2
1784752800000,65901.5,65916.7,65848.7,65890
1784753100000,65889.8,65914.4,65825.1,65878.9
1784753400000,65884.4,65905.8,65848.4,65871.5
1784753700000,65851.1,65889.7,65839,65885.1
1784754000000,65884.7,65894.6,65837.4,65891.1
1784754300000,65890.6,65906.8,65853,65854.7
1784754600000,65890.7,65901.8,65847.2,65861.8
1784754900000,65897.6,65911.7,65822.5,65882.9
1784755200000,65885.1,65905.9,65847.6,65847.6
1784755500000,65844.7,65875.1,65828.6,65873.1
1784755800000,65857.5,65916.9,65844.5,65916.9
1784756100000,65917,66034.7,65884.7,65979.9
1784756400000,66018.4,66090.2,65994.6,66051
1784756700000,66050.4,66083.4,65982.4,66083.4
1784757000000,66058.4,66092.8,65976.9,65990.1
1784757300000,66028.8,66033.4,65967.4,66032.4
1784757600000,66040,66041.8,65898.6,65933.2
1784757900000,65934.7,66000.3,65911.6,65937
1784758200000,65973.7,65993.1,65926.2,65936.6
1784758500000,65940.4,65986.6,65923.4,65927.8
1784758800000,65925.6,65971.3,65859.2,65930.1
1784759100000,65929.9,65995.8,65929.9,65954.2
1784759400000,65949.7,65978.3,65906.4,65906.4
1784759700000,65905,65938.1,65862.6,65884.5
1784760000000,65880.7,65932.3,65867.6,65886.9
1784760300000,65882.3,65991.5,65874.4,65978.5
1784760600000,65959.1,66000,65935.4,65985.5
1784760900000,65965.2,66010.4,65945.1,65973.5
1784761200000,65976.8,66011,65947.9,65990.2
1784761500000,65951.7,66029,65951.7,66028.7
1784761800000,65991.8,66034.8,65789.3,65854.3
1784762100000,65839.4,65888.7,65773.5,65820.4
1784762400000,65856.7,65933.9,65840.4,65902.5
1784762700000,65900.2,65964.5,65871.9,65926
1784763000000,65904.6,65958.5,65892,65892.4
1784763300000,65891.1,65946.3,65882.2,65941.1
1784763600000,65905.7,65958.7,65893.8,65951
1784763900000,65947.4,65991.7,65907.4,65958.1
1784764200000,65958.6,66028.6,65949.7,66019
1784764500000,65993.5,66103,65981.1,66043
1784764800000,66066.7,66098.2,65998.8,66066.7
1784765100000,66101.9,66212.1,66070.8,66135.6
1784765400000,66135.3,66202.6,66101.7,66150.2
1784765700000,66151.1,66216.2,66087.2,66119.7
1784766000000,66154.2,66236.1,66136.5,66236.1
1784766300000,66216.4,66274.1,66179,66179
1784766600000,66214.2,66224.8,66121.4,66205.3
1784766900000,66230.2,66233,66115.7,66125.5
1784767200000,66161.9,66179,66082.3,66095.1
1784767500000,66095.2,66161.8,66065.8,66065.8
1784767800000,66101.4,66132.3,66036.5,66084.1
1784768100000,66046.6,66070.5,65981.6,66012.1
1784768400000,65986.9,66112.8,65959.3,66112.8
1784768700000,66113.3,66170.5,65952.4,65969.9
1784769000000,65991.6,66031.1,65958.9,66007.6
1784769300000,65988.6,66004.8,65835,65845.8
1784769600000,65846.1,65942.3,65826.1,65847.8
1784769900000,65838.8,65925.3,65838.8,65860.4
1784770200000,65856.7,65906.8,65763.3,65789.7
1784770500000,65789.5,65820.4,65682.1,65700.5
1784770800000,65700.7,65773.2,65684.6,65717.8
1784771100000,65714.9,65803.5,65704,65781
1784771400000,65780.2,65830.6,65713.8,65788.5
1784771700000,65788.7,65828.4,65758.7,65758.7
1784772000000,65758.4,65803.9,65669.5,65803.9
1784772300000,65790.2,65804,65722.9,65744.8
1784772600000,65744,65803,65676.4,65676.4
1784772900000,65701.1,65727,65642.8,65685.3
1784773200000,65685.7,65720.4,65634.1,65686.2
1784773500000,65664.2,65716.8,65581.4,65695.6
1784773800000,65671.8,65786.2,65652.3,65751.2
1784774100000,65751.7,65793.2,65680.9,65729
1784774400000,65728.5,65738.5,65658.8,65708.4
1784774700000,65745.6,65803.2,65685.8,65721
1784775000000,65720.3,65783.5,65704.9,65708.2
1784775300000,65729.1,65787,65718,65735.9
1784775600000,65778.4,65778.4,65669,65672
1784775900000,65708,65715.7,65627.1,65707.1
1784776200000,65666.5,65687.5,65522.1,65582.6
1784776500000,65580.5,65596.7,65530.8,65549.7
1784776800000,65584.7,65650.3,65559.8,65569.1
1784777100000,65595.1,65617.4,65507.2,65598.9
1784777400000,65564.2,65653.9,65555.8,65602.4
1784777700000,65601.2,65667.7,65578.1,65659.7
1784778000000,65660.4,65661.3,65579.6,65617.4
1784778300000,65617.5,65653.5,65570.4,65609.5
1784778600000,65610.7,65645.6,65571.9,65590.7
1784778900000,65613.5,65623.6,65572.5,65586.8
1784779200000,65584,65608.8,65528.4,65605
1784779500000,65572.6,65625.6,65518,65548
1784779800000,65548.9,65633.8,65548.2,65595.3
1784780100000,65629.9,65657.5,65563.3,65563.8
1784780400000,65585.7,65659.8,65584.8,65625.7
1784780700000,65627,65695.6,65618.1,65618.9
1784781000000,65618.7,65652.6,65581.1,65590.4
1784781300000,65589.2,65634.1,65557.5,65593.9
1784781600000,65594,65595.4,65543,65553.7
1784781900000,65553,65630.2,65542.6,65558.1
1784782200000,65557.3,65569.4,65523.1,65565.3
1784782500000,65569.1,65581.2,65518.6,65570.8
1784782800000,65571.5,65577.6,65495.6,65510.4
1784783100000,65530.7,65585,65515.7,65585
1784783400000,65584.3,65604.2,65515.4,65587
1784783700000,65586.5,65613.5,65527.1,65613.4
1784784000000,65611.6,65645.9,65536.4,65581.4
1784784300000,65600.6,65684.7,65585,65684.7
1784784600000,65685.2,65753.2,65651.4,65709.1
1784784900000,65674.2,65708.7,65634.5,65672.4
1784785200000,65635.8,65711.4,65635.8,65664.2
1784785500000,65663.8,65724.5,65618.5,65618.5
1784785800000,65618.8,65633.5,65573.2,65577.9
1784786100000,65577.2,65661.1,65577.2,65651.9
1784786400000,65654.8,65683.2,65607.9,65625.2
1784786700000,65660.8,65678.7,65591.9,65599.3
1784787000000,65597.5,65646.4,65557.5,65595.6
1784787300000,65634.2,65664.4,65597.2,65663.1
1784787600000,65648,65690.2,65551.5,65601.5
1784787900000,65604.6,65717.5,65568.1,65714.9
1784788200000,65714.3,65714.3,65643.4,65643.4
1784788500000,65643.5,65709.7,65638.5,65668.7
1784788800000,65669.7,65748.1,65668.9,65698.9
1784789100000,65699.3,65769,65698.6,65726.9
1784789400000,65725.9,65781.2,65699.1,65729.8
1784789700000,65727.5,65749.5,65707.4,65748.4
1784790000000,65729.4,65744.1,65609.7,65671
1784790300000,65673.1,65681.4,65601.4,65650.3
1784790600000,65648,65661.7,65275.9,65415.7
1784790900000,65380.2,65446.7,65335.4,65413.6
1784791200000,65397.3,65427.2,65326.5,65400.7
1784791500000,65400.9,65418.5,65338.9,65397.2
1784791800000,65395.3,65419.5,65330.3,65347.9
1784792100000,65350.6,65415.2,65340.7,65355.1
1784792400000,65354,65396.4,65313.4,65318.7
1784792700000,65317.6,65392.9,65296.6,65334.9
1784793000000,65334.2,65380.1,65291.3,65380.1
1784793300000,65381,65416,65355.7,65364.3
1784793600000,65364.5,65437.4,65337.6,65360.1
1784793900000,65359.6,65480.4,65359.6,65431.6
1784794200000,65433.1,65518.7,65433.1,65458.2
1784794500000,65461,65534.4,65436.5,65531
1784794800000,65531.3,65556.1,65450.1,65475.8
1784795100000,65456,65551,65427.4,65551
1784795400000,65548.8,65611.6,65517.8,65586.5
1784795700000,65591.6,65606.9,65533.6,65535.2
1784796000000,65535,65606.1,65513.4,65555.4
1784796300000,65555.3,65608.5,65553.4,65554.5
1784796600000,65553.3,65599.2,65518.6,65588.6
1784796900000,65551.8,65613.6,65538.7,65555.1
1784797200000,65551.9,65681.6,65524.5,65646.8
1784797500000,65670.4,65691.3,65599.4,65670.7
1784797800000,65635.5,65675,65588.2,65598.5
1784798100000,65597.9,65683.4,65597.9,65643.4
1784798400000,65663,65714,65628,65632
1784798700000,65632.6,65693.2,65627,65675.1
1784799000000,65672.8,65694.9,65614.8,65627.9
1784799300000,65626.5,65672.3,65618.9,65667.5
1784799600000,65668,65687.7,65636.4,65687.2
1784799900000,65687.9,65695.8,65623.3,65627.2
1784800200000,65628.1,65663.7,65596.5,65599
1784800500000,65599.4,65637.9,65547,65599.9
1784800800000,65579.7,65623.5,65511.8,65622.7
1784801100000,65623.8,65670.1,65593.7,65615.8
1784801400000,65654,65678.1,65613.8,65644.6
1784801700000,65684.5,65687.6,65620,65635.5
1784802000000,65628.9,65674.5,65605.3,65674.5
1784802300000,65675,65729.7,65659,65694.6
1784802600000,65690.9,65752.3,65674.4,65674.4
1784802900000,65714.2,65744.1,65678.7,65733.5
1784803200000,65735.4,65748.3,65702.9,65748.3
1784803500000,65748.6,65753.9,65693.8,65730.2
1784803800000,65752,65752,65658.4,65658.4
1784804100000,65657.3,65711.1,65649.1,65701.8
1784804400000,65683.5,65707.8,65617.7,65617.7
1784804700000,65616.9,65659.1,65591.4,65626.9
1784805000000,65631.4,65680.5,65614.6,65675.8
1784805300000,65638.1,65684.6,65605.3,65656.3
1784805600000,65653,65653,65551.8,65604.1
1784805900000,65568.7,65623.2,65554.2,65555.6
1784806200000,65551.4,65608.3,65534.2,65595.5
1784806500000,65559.6,65586.5,65515.7,65517.2
1784806800000,65517.6,65550.6,65481.8,65525
1784807100000,65526.8,65550.8,65471.3,65493
1784807400000,65529.1,65573.9,65491.5,65502.3
1784807700000,65501.3,65525.4,65472.4,65486
1784808000000,65486.2,65554.6,65440.9,65531.8
1784808300000,65533.2,65554.3,65420.7,65423.1
1784808600000,65422.9,65494.8,65398.5,65439.4
1784808900000,65436.6,65484.1,65335.5,65355.7
1784809200000,65355.6,65478.5,65316.6,65383.7
1784809500000,65384,65423.2,65341.1,65387.2
1784809800000,65343.8,65387.5,65167.1,65245
1784810100000,65246.2,65259.4,65067.3,65128.2
1784810400000,65109,65134.5,65013.6,65051.3
1784810700000,65066.8,65121.8,64913.8,65109
1784811000000,65086.3,65222,65086.3,65192
1784811300000,65156.4,65187,65052.5,65087.5
1784811600000,65128.7,65186.9,65035.1,65077.5
1784811900000,65078.9,65086.9,64950.5,64950.5
1784812200000,64949.5,65038.2,64931,64994.1
1784812500000,64993.5,65034.1,64909.3,64970.6
1784812800000,64951.6,65055.7,64940.3,64974.6
1784813100000,65015.3,65027,64878.7,64940.8
1784813400000,64938.6,65156.3,64936.1,65123.7
1784813700000,65096.8,65151,64881,64958.4
1784814000000,64964.4,65079.1,64929.8,65011.5
1784814300000,65003.5,65056.1,64797.9,64923.9
1784814600000,64922.6,65091.3,64782.5,65007.9
1784814900000,65041.3,65068.5,64795.5,64795.5
1784815200000,64836.7,64908.1,64759.1,64908.1
1784815500000,64911.3,64923.9,64737.5,64842.3
1784815800000,64866.4,65034.8,64849.7,64996.2
1784816100000,64975.6,65040.6,64931.4,65007.9
1784816400000,65045,65165,65000,65052.9
1784816700000,65052.6,65127,65020.3,65067.5
1784817000000,65099.7,65113.3,64944.5,64985
1784817300000,65001.8,65159.5,64956.1,65090.7
1784817600000,65091.2,65136.6,64939.2,64976.8
1784817900000,64942.6,64978.3,64840.9,64881.6
1784818200000,64885.8,64899.3,64762.9,64777.9
1784818500000,64766.7,64863.2,64761.2,64825.5
1784818800000,64822.9,64871,64763.6,64835.2
1784819100000,64796.6,64853.6,64719,64771.4
1784819400000,64752.1,64781.3,64650.8,64720.5
1784819700000,64685.8,64835,64683.2,64832.7
1784820000000,64836.5,64909.5,64742.5,64896
1784820300000,64858.8,64906.2,64791.7,64816
1784820600000,64811.8,64881.4,64743.2,64863
1784820900000,64864.7,64908,64796.3,64902.1
1784821200000,64906,64932.6,64827.3,64839.2
1784821500000,64854.7,64926.9,64775.6,64923
1784821800000,64918.1,64974.6,64865.9,64878.5
1784822100000,64916.1,64952.9,64873,64908.5
1784822400000,64905.5,64905.5,64780.3,64816.4
1784822700000,64816.1,64816.1,64714.4,64755.3
1784823000000,64756.4,64857.4,64755.3,64821.2
1784823300000,64825.3,64831.7,64664.5,64713.2
1784823600000,64713.3,64779.3,64674.6,64745.9
1784823900000,64772.4,64797.2,64707,64761.1
1784824200000,64761.4,64761.4,64643.6,64674.4
1784824500000,64642.8,64740.6,64630.6,64725.2
1784824800000,64729.8,64729.8,64624,64653.3
1784825100000,64650.6,64711,64645.4,64647.2
1784825400000,64675.8,64707,64635.1,64688.8
1784825700000,64680.8,64770.3,64654.2,64675.8
1784826000000,64664.3,64740.4,64627.2,64695.8
1784826300000,64678.4,64740.9,64658.3,64721.1
1784826600000,64722.8,64751.7,64644.4,64711.6
1784826900000,64683.3,64769.9,64647,64701.2
1784827200000,64707.8,64813.4,64678.4,64778.8
1784827500000,64761.6,64805.8,64714.6,64776.8
1784827800000,64755.4,64827.7,64736.1,64818.9
1784828100000,64788.6,64819.4,64706.4,64721.8
1784828400000,64717.9,64772.5,64711.4,64755.8
1784828700000,64733.7,64810.4,64720.3,64748.6
1784829000000,64761.2,64787.2,64713.3,64715.9
1784829300000,64715.3,64758.2,64566.2,64582.8
1784829600000,64615.2,64671.3,64581.9,64644.8
1784829900000,64612.6,64711.5,64591.6,64707.3
1784830200000,64689.5,64712.4,64641,64652
1784830500000,64676.5,64702.9,64622.7,64672.2
1784830800000,64630.8,64706,64616.8,64673.2
1784831100000,64694.4,64767.1,64656.6,64749.9
1784831400000,64753.3,64813.4,64707.8,64813.4
1784831700000,64782.3,64816.7,64727.4,64759.1
1784832000000,64758.1,64770.9,64696.4,64759.2
1784832300000,64732.6,64848.6,64732.6,64822.5
1784832600000,64823.2,64888.1,64784.9,64792.3
1784832900000,64800.8,64853.6,64765.1,64788
1784833200000,64812.1,64877.1,64792.3,64824.8
1784833500000,64815,64846.4,64784,64825.4
1784833800000,64790.1,64826.7,64665.8,64753.6
1784834100000,64726.1,64803.3,64701.8,64701.9
1784834400000,64735,64791.3,64694.5,64791.3
1784834700000,64795.3,64842.1,64778.8,64834.8
1784835000000,64835.7,64867.4,64797.7,64835.2
1784835300000,64806.7,64837.4,64729.1,64738.8
1784835600000,64734.1,64756.7,64635.9,64665.3
1784835900000,64697.9,64702,64612.4,64632.8
1784836200000,64626.5,64704,64604.4,64659.1
1784836500000,64662.8,64818.4,64650.9,64769.4
1784836800000,64790.1,64900.7,64751,64861.7
1784837100000,64861.3,64992.1,64860.3,64980.3
1784837400000,64984,65005.7,64940.4,64994.6
1784837700000,64969.5,65079.3,64969.4,65048.7
1784838000000,65048.8,65097.8,65018.9,65072.7
1784838300000,65075.9,65141.8,65049.3,65115.8
1784838600000,65117.4,65123.6,65029.9,65065.5
1784838900000,65069.6,65102.8,65032.9,65066
1784839200000,65067.4,65079,65022.9,65076.6
1784839500000,65076.7,65085.7,65022.7,65082.9
1784839800000,65084,65092.4,65039.6,65065.6
1784840100000,65084.4,65114.2,65054.1,65091.3
1784840400000,65090.6,65152.8,65071.2,65071.2
1784840700000,65072,65101.9,64999.3,64999.3
1784841000000,65013.1,65035,64926.2,64998
1784841300000,64999.2,65002.7,64925.5,64948.2
1784841600000,64976.3,65032.1,64943.7,65022.2
1784841900000,65022.7,65088.9,64995,65034.1
1784842200000,65035,65052.5,65014.9,65015.8
1784842500000,65016,65063.3,64984.1,65025.2
1784842800000,65029.8,65050.2,64981.3,65047.2
1784843100000,65044.6,65099.8,65022.4,65070.5
1784843400000,65100.7,65109.8,65045.6,65081.2
1784843700000,65049.1,65117,65041.2,65115.8
1784844000000,65116.4,65123.1,65034.9,65122.9
1784844300000,65123.9,65163.4,65081.4,65081.4
1784844600000,65087.7,65107.4,64995.9,65024.6
1784844900000,65048.4,65059,64927.5,65013.4
1784845200000,65009.4,65112.9,64993.2,65100.8
1784845500000,65099.7,65150.5,65057.9,65058.3
1784845800000,65057,65134.9,65057,65133.4
1784846100000,65129.6,65164.2,65099.4,65145.7
1784846400000,65162,65173.5,65084.9,65156.5
1784846700000,65155.2,65155.8,65095.9,65137.7
1784847000000,65135.6,65135.6,65049.5,65103.6
1784847300000,65107.7,65150.3,65099.2,65142.5
1784847600000,65140.9,65163.3,65092.3,65116.9
1784847900000,65142,65164.4,65083.2,65085.2
1784848200000,65123.8,65150.6,65086.8,65140.3
1784848500000,65108.2,65157.4,65101.4,65151.6
1784848800000,65129,65176.5,65098.7,65098.7
1784849100000,65098.9,65132.1,65064,65105.5
1784849400000,65132,65152.5,65079.7,65152.5
1784849700000,65150.9,65162.2,65101.6,65124
1784850000000,65123.3,65141.8,65074.4,65102.9
1784850300000,65124,65140.6,65053.8,65056.4
1784850600000,65053.1,65086.1,64990,65023.8
1784850900000,65023.9,65051.5,64961.7,65030.3
1784851200000,65051.2,65055.8,64932.1,64955.9
1784851500000,64972.4,64973.7,64870.6,64899.9
1784851800000,64901.7,64919.9,64811.1,64879.5
1784852100000,64880,64904.3,64828.4,64874.9
1784852400000,64840.9,64941.7,64820.9,64882.9
1784852700000,64910.5,64912,64812,64828.7
1784853000000,64832.2,64856.3,64701.4,64759.6
1784853300000,64747.7,64857.7,64709.4,64738.6
1784853600000,64705.4,64813.9,64683.6,64799.8
1784853900000,64801.4,64882.7,64782.2,64876.7
1784854200000,64879.2,64896.6,64833.1,64834.8
1784854500000,64863.7,64923.5,64819.5,64923.5
1784854800000,64924.2,65041.2,64862.9,65034
1784855100000,65032.4,65075.7,64970.9,64996.5
1784855400000,64997.4,65041.9,64936,64957.2
1784855700000,64958.2,65001.7,64916.6,64984.7
1784856000000,64965.3,64986.9,64910.9,64986.9
1784856300000,64989.4,65067,64955.9,64979.2
1784856600000,64942.4,65080.2,64940.2,65072.2
1784856900000,65075.7,65121.8,65022.3,65044.6
1784857200000,65071.9,65106.3,65013.8,65015.6
1784857500000,65015.9,65080.9,65002.9,65018
1784857800000,65039.7,65072.3,64984.2,65027.3
1784858100000,65011.6,65051.1,64979,65025.3
1784858400000,65032.9,65072.9,64991.7,64991.7
1784858700000,64994.8,65075.5,64975,65075.2
1784859000000,65059.9,65135.5,65039.1,65080.9
1784859300000,65078.4,65118.6,65031.4,65076.3
1784859600000,65075.2,65110.3,64995.8,65099.7
1784859900000,65065.5,65121.6,65039.8,65066.6
1784860200000,65097.6,65097.6,64865.4,64890.9
1784860500000,64893.5,64934.3,64847.9,64933.6
1784860800000,64934.4,65016.3,64914.9,65004.5
1784861100000,64983.8,65008.6,64859.1,64891.8
1784861400000,64926.1,64973.7,64859,64923.3
1784861700000,64939.6,65062.3,64932.2,65032.2
1784862000000,65063.4,65116.8,64985.3,65097.2
1784862300000,65114,65259.7,65081.8,65191.3
1784862600000,65186.1,65262.2,65169.3,65262.2
1784862900000,65262.8,65344.1,65242.7,65302.7
1784863200000,65271.4,65333.5,65224.6,65226.1
1784863500000,65256.2,65342.5,65218.9,65234.7
1784863800000,65236.6,65309.1,65201.4,65262.3
1784864100000,65244,65274.4,65195.8,65236.6
1784864400000,65252.5,65360.4,65229.2,65355.1
1784864700000,65350.7,65411.5,65304.1,65392
1784865000000,65362.4,65395.4,65326.6,65341.4
1784865300000,65361.2,65406.3,65339,65402.4
1784865600000,65409.9,65418,65339.6,65360.2
1784865900000,65381.3,65389.9,65323.1,65362.2
1784866200000,65356.1,65367.7,65306.7,65310.2
1784866500000,65319.8,65340.1,65281.3,65336.4
1784866800000,65315.2,65388.7,65252.4,65323.9
1784867100000,65358.4,65378.9,65313.8,65362.7
1784867400000,65330.4,65365.3,65295.5,65295.5
1784867700000,65310.8,65328.7,65248.7,65279.2
1784868000000,65279.7,65290,65220.3,65281.4
1784868300000,65281,65303.7,65235.8,65255.5
1784868600000,65255.4,65290.6,65225.4,65256.8
1784868900000,65254.8,65261.3,65186.6,65260.8
1784869200000,65259,65267.9,65165.1,65215.6
1784869500000,65184.2,65344.1,65178,65284.2
1784869800000,65296.6,65318.3,65259.7,65297.6
1784870100000,65264.9,65320.8,65260.5,65303.5
1784870400000,65304.5,65311.7,65248.5,65284.6
1784870700000,65305.9,65305.9,65245.9,65262.7
1784871000000,65279.7,65279.7,65201.9,65243.1
1784871300000,65222,65247.8,65184.8,65220.3
1784871600000,65220.9,65258.3,65179.5,65251.8
1784871900000,65232.4,65282.1,65226.1,65252
1784872200000,65255.8,65260.4,65206.4,65257.2
1784872500000,65223,65264.8,65201.7,65261.8
1784872800000,65241.9,65274.8,65195.9,65250.2
1784873100000,65274.7,65274.7,65198,65273.8
1784873400000,65278.5,65331.8,65251.5,65328
1784873700000,65329,65444.6,65274.9,65439.6
1784874000000,65439.7,65441.3,65332.6,65403.6
1784874300000,65404.6,65431,65341.9,65378
1784874600000,65387.8,65399.3,65307.1,65396.9
1784874900000,65397.8,65464.2,65382.6,65441.2
1784875200000,65408.8,65432.5,65364.5,65374.4
1784875500000,65374.1,65432.5,65346,65367.5
1784875800000,65396.8,65412.2,65360.7,65404.2
1784876100000,65403.7,65428.2,65343.7,65422
1784876400000,65422.8,65534,65390.6,65460.5
1784876700000,65458.8,65574.2,65458.8,65574.1
1784877000000,65578,65724.5,65549.4,65719.2
1784877300000,65702.5,65760.2,65624.4,65674.6
1784877600000,65677.3,65681.5,65555.2,65594.5
1784877900000,65561.4,65613.6,65536.4,65593.5
1784878200000,65594.6,65652.2,65477,65481.6
1784878500000,65514.6,65514.6,65378.1,65436.6
1784878800000,65435.8,65439.6,65285.3,65323.1
1784879100000,65306.5,65402,65289.2,65400.6
1784879400000,65364.8,65456.3,65336.5,65450.3
1784879700000,65416.4,65459,65413.6,65453.6
1784880000000,65450.1,65459.9,65354.3,65388.7
1784880300000,65389,65453.9,65344.7,65412.8
1784880600000,65410.9,65429.1,65345.6,65360.5
1784880900000,65359.6,65433.1,65338,65364.3
1784881200000,65362.9,65364.6,65270.2,65275.8
1784881500000,65277,65343.7,65228.2,65341.9
1784881800000,65341.6,65377.5,65306.4,65354.5
1784882100000,65355.5,65404.5,65310.2,65399.1
1784882400000,65382.9,65401.4,65352.6,65395.4
1784882700000,65396.6,65402.9,65342.6,65377.2
1784883000000,65376.7,65376.7,65251.5,65278.6
1784883300000,65280.9,65287.4,65225.5,65225.5
1784883600000,65258,65274.9,65119.3,65119.3
1784883900000,65155.1,65155.1,65030.6,65080
1784884200000,65080.1,65081.6,64964.2,64997.8
1784884500000,64992.3,65023.9,64875.9,64954.6
1784884800000,64953.2,64978,64866.8,64925.5
1784885100000,64923.1,64979.4,64877.8,64882.7
1784885400000,64885.2,64968.1,64878.1,64940.7
1784885700000,64936.5,65001.5,64892.2,64960.1
1784886000000,64962.6,65049.9,64961.3,64997.7
1784886300000,64998.6,65086.6,64993.2,65004.8
1784886600000,65022.5,65087.2,65004.5,65071.6
1784886900000,65039.2,65082.9,65017.7,65064
1784887200000,65064.5,65105,65003.4,65033
1784887500000,65051.7,65062.8,64961.1,64981.4
1784887800000,65006.1,65025.9,64917.1,64919
1784888100000,64914.4,64975.8,64881.8,64918.8
1784888400000,64902.5,64969.7,64886.6,64932.5
1784888700000,64931.1,64976.1,64915.7,64932.8
1784889000000,64965.6,65009.7,64934.4,64935.4
1784889300000,64935.7,64989.2,64914.1,64930.4
1784889600000,64929.6,64996.3,64924.1,64968.8
1784889900000,64935,64992.9,64927.2,64975.8
1784890200000,64972.9,64972.9,64823.4,64836.2
1784890500000,64836,64903.2,64828.2,64899.3
1784890800000,64903.2,64960.4,64840.9,64948.2
1784891100000,64948.3,64979.8,64885.5,64891.4
1784891400000,64890.8,64965.9,64876.9,64915.8
1784891700000,64914.5,64999.7,64914.5,64948.4
1784892000000,64950.6,64995.8,64941.5,64959.5
1784892300000,64991.8,65017.1,64941.5,64960.9
1784892600000,64980.4,65007.6,64883.4,64919.2
1784892900000,64911.8,64960.9,64876.2,64926.4
1784893200000,64925.1,64954.4,64860,64860
1784893500000,64861.8,64900.8,64771.5,64880
1784893800000,64883.8,65026.9,64866.1,65026.7
1784894100000,64994.3,65047.6,64922.5,64995.8
1784894400000,64991.8,65024.9,64912.8,64924.5
1784894700000,64943.1,65030.3,64901.8,65030.3
1784895000000,65029.2,65050.8,64978.8,64979.7
1784895300000,65015.3,65028.8,64940.7,64946.1
1784895600000,64961.4,65063.5,64938.4,65030.7
1784895900000,65060.1,65082,64936,64967.7
1784896200000,64968.6,65006.3,64910.4,64926.8
1784896500000,64915.2,64981.9,64907.7,64966
1784896800000,64970.5,64976.7,64840.1,64871
1784897100000,64870.9,64903.8,64740.1,64791.9
1784897400000,64793.8,64817.6,64739.9,64799.1
1784897700000,64770.8,64838.3,64674.6,64717
1784898000000,64684.2,64746.6,64610.1,64653.3
1784898300000,64655.2,64657.2,64271.9,64342.4
1784898600000,64345.9,64417.4,64271.1,64315.3
1784898900000,64311.6,64490.3,64265.9,64441.8
1784899200000,64440.5,64447,64299.9,64312.6
1784899500000,64335.9,64381.4,64274.4,64299.7
1784899800000,64318.8,64358.3,64190.3,64248.8
1784900100000,64219.3,64328.6,64174.3,64226.5
1784900400000,64210.1,64353.9,64140.1,64319.1
1784900700000,64319.8,64384.6,64174.8,64218.2
1784901000000,64187.1,64207.5,63887.7,63926.8
1784901300000,63915.4,64090.5,63823.7,64070.3
1784901600000,64062.5,64132.9,63872.6,63921.7
1784901900000,63895.1,64133.9,63894.3,64113.3
1784902200000,64093.2,64133.7,63882,63898.6
1784902500000,63895.8,63927.7,63694.4,63781.8
1784902800000,63779.2,63794.3,63651.6,63732.1
1784903100000,63735.9,63801,63629.6,63759.8
1784903400000,63766.1,63805.7,63689.8,63722.8
1784903700000,63720.1,63808.2,63716.2,63719.4
1784904000000,63741.9,63818.4,63703.2,63735.2
1784904300000,63752.2,63790.6,63641.7,63782.8
1784904600000,63783.8,63892,63757.1,63839.8
1784904900000,63864.2,63993.4,63839.4,63972.7
1784905200000,63972.2,63989.5,63817,63847.8
1784905500000,63827.6,63912.9,63763.8,63843.5
1784905800000,63827.7,64081.4,63822.5,64075.2
1784906100000,64067.8,64128.5,63880.3,63910.7
1784906400000,63891.8,64060.7,63865.1,64038.8
1784906700000,64027.3,64094.4,63992.5,64029.4
1784907000000,64036.9,64152.2,63978.2,64129.3
1784907300000,64108.3,64226.4,64094.8,64226.4
1784907600000,64234.8,64267.2,64074.1,64079.3
1784907900000,64066.9,64144.2,64018.1,64036.5
1784908200000,64047,64124.9,63946.3,64068.7
1784908500000,64069,64132.3,63990.5,64007.3
1784908800000,64016.8,64080.7,63933.7,64067.2
1784909100000,64048.5,64118,63991.1,64059.3
1784909400000,64058.1,64140.6,64035.7,64075.8
1784909700000,64061.8,64101.5,63990.5,64087.2
1784910000000,64091,64107.6,64017.7,64049.5
1784910300000,64080.8,64097.6,63998.4,64003.6
1784910600000,64015.3,64021.9,63905.9,63977.7
1784910900000,63971.7,63971.7,63888.2,63904.3
1784911200000,63924.2,63929.4,63853,63853.1
1784911500000,63852.5,63908.2,63795.6,63860.5
1784911800000,63859.2,63879.1,63782.6,63876.7
1784912100000,63876.5,63943.1,63830.6,63893.3
1784912400000,63888.3,63942.4,63833.4,63942.4
1784912700000,63938.6,63947.6,63837.5,63877.7
1784913000000,63877.1,63904.7,63813.8,63876.6
1784913300000,63894.2,63986.8,63857,63975.5
1784913600000,63975.7,64022,63947.4,64013.4
1784913900000,64017.2,64083.2,63996.7,64035.6
1784914200000,64029.6,64120.4,64000.2,64098.1
1784914500000,64112.8,64129.7,64039.1,64058.1
1784914800000,64082.7,64116.4,64047.2,64105.7
1784915100000,64086.1,64112.4,64042.2,64092.7
1784915400000,64089.2,64115.4,64047.2,64090.9
1784915700000,64064.8,64143.3,64064.8,64084.3
1784916000000,64113.5,64125.6,64067.5,64121.2
1784916300000,64119.8,64141.9,64063.5,64106.7
1784916600000,64078.6,64149.4,64077,64146.7
1784916900000,64144.5,64155,64045.1,64078.4
1784917200000,64057.7,64104.8,64043.3,64097.6
1784917500000,64074.9,64106.7,64047.4,64058.7
1784917800000,64086.7,64127.9,64047.1,64086.2
1784918100000,64082.4,64119.8,64047.3,64099.8
1784918400000,64101.6,64112.4,64046.2,64112.4
1784918700000,64109.8,64177.3,64091.4,64176.5
1784919000000,64175.9,64230.9,64132.3,64194.8
1784919300000,64196.9,64223.1,64177.1,64198.8
1784919600000,64211.6,64229.5,64114.7,64156.5
1784919900000,64123.2,64166.4,64056.3,64089.2
1784920200000,64088.6,64121.7,64056.2,64057.5
1784920500000,64055.6,64141.4,64055.6,64124.2
1784920800000,64124,64153.1,64080.6,64135.8
1784921100000,64114.9,64153.5,64090.7,64139.1
1784921400000,64139.4,64177.3,64104.6,64160.8
1784921700000,64161.6,64212.3,64117.4,64193.5
1784922000000,64175.5,64197.9,64143.7,64192.3
1784922300000,64192.2,64205.5,64106.2,64157.1
1784922600000,64158.4,64176.7,64114,64158.3
1784922900000,64128.2,64166.8,64085.8,64162.6
1784923200000,64151.8,64224.2,64125.3,64171
1784923500000,64171.2,64171.2,64103.5,64114.3
1784923800000,64131.2,64151.7,64103.1,64145.3
1784924100000,64132.8,64161.8,64102.6,64137.3
1784924400000,64137.9,64193.9,64116.4,64192.9
1784924700000,64167.3,64197.5,64144.3,64154.7
1784925000000,64143.1,64162.3,64106,64110.4
1784925300000,64138.4,64150.6,64035.3,64142.3
1784925600000,64111.6,64147.3,64069.5,64117.5
1784925900000,64104.8,64128.7,64047.5,64079.8
1784926200000,64068.6,64105,64066.9,64089.2
1784926500000,64089.1,64128,64067.9,64069.1
1784926800000,64104.8,64159.4,64094.6,64132.6
1784927100000,64130.9,64130.9,64089,64116.9
1784927400000,64113,64113,64070.5,64094.2
1784927700000,64091.1,64114.5,64025.5,64092.9
1784928000000,64092.2,64117.6,64033.5,64114.6
1784928300000,64115.8,64121.5,64094.8,64110.8
1784928600000,64114.3,64148.7,64106.3,64106.3
1784928900000,64105.6,64124.3,64098.2,64100.3
1784929200000,64101.8,64115.2,64071.2,64104.1
1784929500000,64098.5,64119.6,64074.1,64118.6
1784929800000,64117.3,64117.3,64075.1,64084.9
1784930100000,64085.2,64089.8,64066,64089.1
1784930400000,64022.9,64082,64011.4,64080
1784930700000,64075.1,64099.9,64010.9,64086.3
1784931000000,64089.5,64110.2,64079,64092.8
1784931300000,64090.4,64108.5,64084.1,64108.5
1784931600000,64106.9,64111.3,64083.7,64108.1
1784931900000,64106.3,64108.3,64032.3,64108.3
1784932200000,64105.8,64151.7,64105.8,64128.3
1784932500000,64128.7,64134.4,64122.2,64124.1
1784932800000,64125.7,64151.4,64084.8,64116.8
1784933100000,64119.3,64128,64060.9,64123.1
1784933400000,64121.4,64121.4,64106.3,64106.3
1784933700000,64105.7,64113.6,64047.1,64100.4
1784934000000,64035.4,64121.7,64035.4,64094.3
1784934300000,64093.7,64100.1,64029.6,64097.4
1784934600000,64034.8,64102.6,64031.4,64091.2
1784934900000,64089.4,64093.4,64079.2,64080.8
1784935200000,64084.6,64110.3,64039.9,64110.3
1784935500000,64109.2,64114.2,64041.8,64113.2
1784935800000,64115.2,64117.8,64048.2,64049.9
1784936100000,64112.3,64117.4,64035,64117
1784936400000,64111.1,64116.7,64095.8,64115.3
1784936700000,64111.2,64112.6,64032.3,64032.8
1784937000000,64034.1,64097.4,64031,64085.2
1784937300000,64086.3,64092.1,64027.7,64081.2
1784937600000,64081.6,64118.2,64075.1,64104.2
1784937900000,64108,64108.4,64079.3,64079.7
1784938200000,64017.9,64089.7,64014.1,64081.6
1784938500000,64083.2,64086.8,64019.4,64077
1784938800000,64077.1,64103.4,64027.1,64034.6
1784939100000,64099.9,64101.5,64034.6,64096
1784939400000,64095.8,64104.8,64034.9,64101.3
1784939700000,64100.4,64100.4,64087.9,64094.8
1784940000000,64095.1,64095.1,63994,64038.1
1784940300000,64037.7,64038.2,64019.1,64027.8
1784940600000,63966.6,64031.2,63959.1,64026.2
1784940900000,63961.5,64023.2,63944.8,64010.7
1784941200000,63943.9,64102.7,63943.9,64061
1784941500000,64058.4,64058.5,63962.9,64002.9
1784941800000,64002.4,64002.4,63945.7,63955.9
1784942100000,63957.2,63970.5,63946.8,63946.8
1784942400000,63945.8,63958,63941.4,63955
1784942700000,63950.5,64017.2,63942.5,63985.3
1784943000000,63983.1,64009.9,63912.2,64009.9
1784943300000,64013.9,64059.2,63983.2,64009.4
1784943600000,64004.8,64062,63999.5,64062
1784943900000,64066.6,64080.6,64050.5,64050.5
1784944200000,64049.8,64064.6,64021.2,64027.2
1784944500000,64027.8,64029.3,63940.8,64005.1
1784944800000,64002.6,64023.2,63953.8,64019.6
1784945100000,64020.4,64034.8,64014.8,64022.7
1784945400000,64021.4,64021.4,63957.7,64009.1
1784945700000,64005.1,64005.1,63968.2,63971
1784946000000,63970.3,63989.1,63970,63970.8
1784946300000,63969.7,63995.7,63930.8,63932.1
1784946600000,63932.1,63998,63930.3,63975.5
1784946900000,63979.2,63986.7,63896.9,63984.9
1784947200000,63986.7,63993.8,63920.9,63987.1
1784947500000,63919.4,63997,63919.4,63971.5
1784947800000,63970.8,63975.1,63894.8,63975.1
1784948100000,63971,63976.3,63955.2,63976.3
1784948400000,63977.5,63990.7,63892.4,63986.8
1784948700000,63986.7,63986.7,63909.6,63977.8
1784949000000,63978.3,64013,63938.5,63976.6
1784949300000,63981.5,64009.9,63981.5,64009.2
1784949600000,64009.7,64009.7,63999.8,64003.5
1784949900000,64007.5,64038.3,64007.5,64012
1784950200000,64008.2,64033.4,63998.6,64033.4
1784950500000,64033.8,64033.9,64016.9,64019.4
1784950800000,64019.6,64029.9,63960.3,64029.9
1784951100000,64030.3,64032.2,63957.1,64002.1
1784951400000,64001.8,64008.3,63981.3,64007.4
1784951700000,64006.9,64022.4,63938,64016.9
1784952000000,64016.8,64045,64016.2,64045
1784952300000,64046.3,64059.8,63984.7,64058.6
1784952600000,64060.9,64063.8,63995.9,64063.8
1784952900000,64065.4,64069.2,64046.4,64046.4
1784953200000,64044.7,64044.7,63983.4,64037.2
1784953500000,64040,64048.3,63975.6,64041.1
1784953800000,63980.8,64047.3,63980.8,64024.1
1784954100000,64021.4,64067.4,64020.8,64066.9
1784954400000,64067.1,64123,64056,64119.2
1784954700000,64120.5,64126.6,64114.1,64121.6
1784955000000,64121.5,64140.9,64031.9,64089.5
1784955300000,64090.4,64113.3,64026.5,64113.3
1784955600000,64115.3,64134.8,64061.9,64107.6
1784955900000,64105.7,64115.2,64037.8,64112.1
1784956200000,64111.1,64111.1,64025.9,64088.8
1784956500000,64088.5,64088.5,64078.3,64078.3
1784956800000,64083.1,64090.3,64029.8,64088.3
1784957100000,64087.4,64088,64023.6,64084.1
1784957400000,64083.5,64083.5,64038.6,64038.6
1784957700000,64036.3,64037.1,63962.4,63965.4
1784958000000,63959.5,63978.8,63908.6,63972.8
1784958300000,63912.6,63973.2,63908.6,63971.8
1784958600000,63971.3,63971.8,63913.4,63951.9
1784958900000,63948.8,63967,63888.4,63957
1784959200000,63956.7,63985.2,63919.8,63983.2
1784959500000,63920.4,63991.1,63920.4,63989.9
1784959800000,63986,63991.8,63914.4,63991.8
1784960100000,63992.2,64001.5,63953.4,63973.2
1784960400000,63971.6,63971.6,63929.8,63933.4
1784960700000,63934.3,63954,63926.3,63941.8
1784961000000,63875,63929.7,63866.3,63923
1784961300000,63918.8,63962.1,63912.3,63959.9
1784961600000,63955.6,63955.6,63919.7,63921.9
1784961900000,63922.5,63925.6,63898.9,63899.2
1784962200000,63901.8,63925.1,63837.7,63925.1
1784962500000,63924.5,63949.9,63915.2,63948.5
1784962800000,63923,63965.1,63916.6,63923
1784963100000,63941.8,63959.8,63918.9,63919.8
1784963400000,63921.3,63964.6,63890.6,63924.9
1784963700000,63945.8,63954,63907.8,63927
1784964000000,63925.5,63963.2,63919.5,63927.8
1784964300000,63927.2,63960.6,63927.2,63931.5
1784964600000,63927.4,63956.4,63909.1,63932.9
1784964900000,63932.6,63959.4,63928.4,63945.9
1784965200000,63946.7,63962.8,63932.6,63937.9
1784965500000,63939.1,63971.4,63909.4,63917.1
1784965800000,63919.7,63960.5,63919.7,63923.2
1784966100000,63926.6,63963.8,63898.6,63915.4
1784966400000,63909,63934.3,63842.7,63877.5
1784966700000,63877.4,63894.5,63837,63874.4
1784967000000,63846.3,63902.2,63839.9,63873.8
1784967300000,63907.6,63921.4,63877.3,63887.2
1784967600000,63884.8,63924.8,63883.2,63883.8
1784967900000,63882.9,63932.4,63882.8,63932.4
1784968200000,63933.3,63943.5,63896.1,63896.6
1784968500000,63896.1,63907.3,63835.3,63870.4
1784968800000,63872.3,63920.7,63861.3,63867.5
1784969100000,63867.6,63897,63774.2,63810
1784969400000,63811.7,63817.2,63711,63718.4
1784969700000,63718.7,63831.7,63716.9,63780.8
1784970000000,63786.4,63838.2,63740.9,63749.5
1784970300000,63750.2,63792.9,63734.7,63766.6
1784970600000,63766,63802.3,63757.1,63779.3
1784970900000,63779.7,63858.6,63779.7,63804.1
1784971200000,63803.3,63859.1,63791.3,63834.3
1784971500000,63849.8,63874.9,63824.9,63848.3
1784971800000,63874.9,63879.5,63845.6,63845.6
1784972100000,63844.9,63894.2,63833,63833.9
1784972400000,63833.1,63877.4,63833.1,63848.4
1784972700000,63880.2,63904.4,63837.3,63869.9
1784973000000,63876.9,63962.5,63876.9,63905.2
1784973300000,63905.6,63946.8,63899.7,63910.1
1784973600000,63910,63958,63910,63928.5
1784973900000,63958.7,63959.5,63884.1,63932.3
1784974200000,63933.5,63971.2,63932.1,63951.5
1784974500000,63949.9,63981.9,63911.9,63954.8
1784974800000,63974.1,63974.1,63901.3,63963.6
1784975100000,63964.3,63973.1,63911,63938.7
1784975400000,63939.3,63958.6,63901.3,63918.7
1784975700000,63920.8,63943.8,63860.5,63912.7
1784976000000,63948.5,63964.7,63911.8,63952.8
1784976300000,63931.1,63974.6,63896.1,63941.8
1784976600000,63967.6,63967.6,63921.1,63941.4
1784976900000,63944.4,63986.9,63944.4,63973.7
1784977200000,63994.3,64027.6,63954.8,63987.5
1784977500000,63988,64009.8,63963.5,63963.5
1784977800000,63989.1,63989.1,63961.6,63976.7
1784978100000,63975.5,64003.8,63930,63987
1784978400000,63987.7,64004.8,63981.3,63988.3
1784978700000,63988.4,64012.5,63941.7,64012.5
1784979000000,63990.3,64039.8,63988.5,63988.5
1784979300000,63984.3,63986.9,63979.8,63980.5
1784979600000,63999.8,64008.6,63958.4,63990.2
1784979900000,63932.7,64008.3,63931.6,63968.2
1784980200000,63964.5,64011.4,63964.3,63974.7
1784980500000,63975.5,64006.6,63964.2,63971.9
1784980800000,64004.7,64012.8,63965.5,64012.7
1784981100000,63983,64017.1,63965.9,63965.9
1784981400000,63965.2,63993,63949.6,63970.2
1784981700000,63970.7,64004.9,63967.2,63973.7
1784982000000,63973.6,63995.3,63948.4,63973.5
1784982300000,63977.2,63994.8,63952.1,63957.5
1784982600000,63976.6,63992.9,63909.8,63971
1784982900000,63971.5,64020.2,63959.8,63991.6
1784983200000,63993.8,64031.9,63988.4,64005.2
1784983500000,64004.7,64059.6,64003.3,64009.3
1784983800000,64028.8,64036,63969.9,64014.8
1784984100000,64015.7,64043.8,64015,64029.1
1784984400000,64028.6,64067,64020.3,64035.5
1784984700000,64034.1,64057.7,63989.1,64037.4
1784985000000,64036.9,64072.1,64034,64035.6
1784985300000,64037.7,64070.5,64002.5,64015.7
1784985600000,64015.6,64061.6,64015.6,64060.9
1784985900000,64036.4,64071.3,64034.6,64038.1
1784986200000,64040.1,64055.8,64026.5,64036.3
1784986500000,64038.6,64075.9,64038.4,64051.1
1784986800000,64053.5,64119.4,64053.5,64106.3
1784987100000,64123.8,64198.2,64123,64147.8
1784987400000,64145.8,64169.4,64094.1,64094.1
1784987700000,64092.6,64119,64051.9,64079
1784988000000,64078.9,64092.4,64026.7,64039.7
1784988300000,64069.5,64095.8,64045.9,64084
1784988600000,64085.8,64101.8,64055.4,64084.3
1784988900000,64085.1,64107.4,64070.1,64075.7
1784989200000,64076.2,64094.5,64042.8,64062.2
1784989500000,64062.4,64088.8,64026.9,64088.8
1784989800000,64072.7,64115.5,64072.7,64083.8
1784990100000,64080.3,64140.4,64079.5,64101.5
1784990400000,64102.9,64132.6,64084,64103.8
1784990700000,64103.9,64125.7,64084.4,64085.3
1784991000000,64086.4,64117.4,64082.1,64117.4
1784991300000,64116.9,64148,64116.9,64120.1
1784991600000,64118.2,64141,64095.9,64099.5
1784991900000,64100.6,64150.8,64099.6,64131.7
1784992200000,64132.5,64186.4,64132.5,64156.2
1784992500000,64157.8,64211.9,64142.5,64158.3
1784992800000,64161.7,64201,64132.5,64134.4
1784993100000,64133.9,64152.3,64104.3,64137.2
1784993400000,64136.4,64136.4,64091.4,64093.1
1784993700000,64120.6,64155.3,64096.9,64145.3
1784994000000,64145.5,64162.3,64121.1,64124.2
1784994300000,64149.6,64154.2,64102.4,64102.4
1784994600000,64102.3,64124.4,64090.3,64114.8
1784994900000,64091.1,64117.6,64076.7,64113.3
1784995200000,64115.2,64129.8,64096.6,64100.1
1784995500000,64117.8,64125.8,64064.6,64087.8
1784995800000,64064.4,64145.1,64064.4,64145.1
1784996100000,64113.6,64134.7,64067.4,64080.1
1784996400000,64080.7,64099.4,64049.5,64073.5
1784996700000,64067.7,64075.9,64029.9,64075.9
1784997000000,64053.7,64106.3,64047,64090.9
1784997300000,64092.2,64126.2,64091.7,64101.1
1784997600000,64126.1,64138.5,64100.8,64113.1
1784997900000,64113.3,64168.2,64113.2,64137.3
1784998200000,64137.2,64155.8,64109.8,64116.5
1784998500000,64135.1,64140.8,64095.5,64119.1
1784998800000,64119.8,64164.8,64114.1,64145.8
1784999100000,64145.3,64171.4,64133,64154.8
1784999400000,64094.1,64157.6,64094.1,64118.7
1784999700000,64137.8,64172.7,64123.3,64131.1
1785000000000,64154.1,64161.8,64133.3,64160.1
1785000300000,64165.6,64215.4,64163,64178.3
1785000600000,64178.8,64234.7,64164,64205.2
1785000900000,64209.1,64246.1,64171,64171
1785001200000,64170.9,64226.5,64170.9,64195.7
1785001500000,64218.1,64280,64175.8,64176.4
1785001800000,64178.1,64228,64169.4,64177
1785002100000,64176.6,64203.4,64159.4,64175
1785002400000,64176.9,64347.2,64176.9,64272.9
1785002700000,64273.9,64309.2,64238.6,64252.1
1785003000000,64254.3,64307.8,64254.3,64265.6
1785003300000,64264.8,64307.2,64254.1,64281
1785003600000,64281.4,64305.5,64262.9,64275
1785003900000,64277.6,64351.8,64270.5,64326.2
1785004200000,64326.5,64377,64296.9,64339
1785004500000,64338.8,64338.8,64299,64302.5
1785004800000,64330.9,64330.9,64291.6,64306.8
1785005100000,64305,64343.1,64305,64325.9
1785005400000,64344.8,64383.5,64303,64303
1785005700000,64306.4,64362.9,64306.4,64324.7
1785006000000,64328.5,64373.1,64314.6,64350.2
1785006300000,64347.5,64366.6,64325.1,64333.4
1785006600000,64333.6,64377.8,64333.6,64346.1
1785006900000,64345.1,64356.4,64306.7,64322
1785007200000,64322.6,64358.3,64311.3,64329.6
1785007500000,64326.4,64367.6,64319.4,64319.4
1785007800000,64319.2,64338.8,64310.9,64321.8
1785008100000,64320.8,64348.6,64304.5,64306.6
1785008400000,64334.5,64338,64305.5,64305.5
1785008700000,64335.5,64340.1,64293.9,64309.7
1785009000000,64308.9,64351.3,64308.9,64333.3
1785009300000,64333,64372.8,64297.7,64302.1
1785009600000,64302.3,64335,64264.7,64297.8
1785009900000,64297.2,64298.7,64234.9,64252
1785010200000,64254.2,64319.4,64254.2,64282.5
1785010500000,64307.1,64310.2,64252.2,64286.9
1785010800000,64287.2,64315.8,64273.7,64276.9
1785011100000,64278.4,64312,64241.5,64307.6
1785011400000,64307.9,64307.9,64249.1,64249.1
1785011700000,64262.8,64265.2,64227.6,64237.6
1785012000000,64269.4,64269.4,64202,64252.8
1785012300000,64190.9,64267.9,64184.6,64242.9
1785012600000,64243.1,64287.9,64243.1,64245.4
1785012900000,64266.8,64272.3,64202,64235.3
1785013200000,64270.1,64271.5,64210.5,64246.8
1785013500000,64219.6,64268.9,64183.3,64224.2
1785013800000,64223.5,64247.4,64175.8,64189.4
1785014100000,64189.6,64215.7,64165.7,64184.9
1785014400000,64182.6,64222.4,64174.5,64197.6
1785014700000,64195.9,64233.5,64158.9,64233.5
1785015000000,64202.5,64295.5,64202.5,64295.5
1785015300000,64270.1,64306.6,64259,64260
1785015600000,64279.8,64302.1,64241.8,64247.1
1785015900000,64244.9,64368.1,64244.5,64310.9
1785016200000,64314,64331.1,64259.9,64266
1785016500000,64285.7,64295.9,64214.6,64245.9
1785016800000,64222.9,64311,64222.9,64294
1785017100000,64293.7,64326.1,64283,64302.6
1785017400000,64304.4,64335.8,64278.2,64314.7
1785017700000,64315.5,64347.8,64304.1,64307
1785018000000,64307.8,64329.7,64300.4,64324.1
1785018300000,64324.6,64332.5,64271.9,64303.9
1785018600000,64304.4,64311.6,64267,64293.8
1785018900000,64268.9,64338.8,64268.9,64309.7
1785019200000,64310.6,64339.4,64288.6,64314.6
1785019500000,64334.8,64349.7,64279.1,64349.7
1785019800000,64325.6,64362.8,64314,64314.9
1785020100000,64314.1,64344.7,64314.1,64344.6
1785020400000,64344.7,64352.4,64309.9,64315.4
1785020700000,64315.5,64358,64315.5,64321.2
1785021000000,64321.8,64357.8,64315.9,64316.2
1785021300000,64319,64351.8,64307.7,64308.5
1785021600000,64307.6,64339.6,64302.6,64315.5
1785021900000,64313.6,64335.9,64277.1,64335.8
1785022200000,64279.3,64338.9,64279.3,64311.4
1785022500000,64310.9,64361.2,64303.6,64308.4
1785022800000,64309.3,64323.9,64270,64296.5
1785023100000,64297.6,64330.3,64263,64298.3
1785023400000,64301.1,64328.3,64274.1,64274.1
1785023700000,64302.8,64313.5,64242.1,64276.3
1785024000000,64307.6,64313.8,64259.8,64293.6
1785024300000,64297,64374.5,64297,64327.8
1785024600000,64326.1,64378.6,64306.7,64340.1
1785024900000,64356.8,64356.8,64333.9,64334.5
1785025200000,64331.6,64398.4,64317.9,64370.9
1785025500000,64372,64420.6,64366.6,64381.3
1785025800000,64379,64408.6,64360.8,64366.9
1785026100000,64364.8,64387.6,64322.1,64331.8
1785026400000,64330.7,64355.9,64320.1,64355.9
1785026700000,64326.8,64370.8,64298.8,64332.5
1785027000000,64332.9,64422.1,64332.9,64385.9
1785027300000,64385.6,64445,64377.7,64445
1785027600000,64417.8,64477.4,64385.3,64389
1785027900000,64421.1,64430.8,64387.6,64390.3
1785028200000,64392.8,64442.8,64373.9,64411
1785028500000,64441.2,64441.2,64364.4,64404.4
1785028800000,64433.2,64433.2,64378.8,64408.8
1785029100000,64350.4,64414.6,64350.4,64404.8
1785029400000,64388.7,64434.4,64388.7,64404.7
1785029700000,64405.2,64438.5,64391.5,64400.2
1785030000000,64400.4,64420,64375.1,64388.2
1785030300000,64389,64411.5,64367.2,64411.5
1785030600000,64378.5,64423.5,64375.6,64389.2
1785030900000,64393.7,64409.6,64362.9,64372.8
1785031200000,64376.9,64398.4,64362.3,64365.4
1785031500000,64362.7,64372.6,64339,64348.2
1785031800000,64348.9,64394.9,64348.9,64387.4
1785032100000,64387.7,64410.9,64354.8,64376.4
1785032400000,64374.7,64414.4,64354.8,64354.8
1785032700000,64354,64409.1,64322.9,64387
1785033000000,64388.7,64393.3,64338.8,64352.5
1785033300000,64350.7,64380.1,64340.9,64379.6
1785033600000,64378.9,64378.9,64348,64349.3
1785033900000,64363.8,64409.9,64315.5,64382
1785034200000,64382.5,64453.2,64382.5,64432.1
1785034500000,64431.3,64464.4,64421,64429.5
1785034800000,64429.6,64475.8,64405,64408.4
1785035100000,64407.9,64441.4,64395.3,64441.4
1785035400000,64410.8,64516.1,64407.5,64513.7
1785035700000,64513,64513,64444,64448.7
1785036000000,64449.5,64493.6,64449.2,64466.1
1785036300000,64487.8,64494.4,64446.7,64494.4
1785036600000,64465.8,64507.5,64456.7,64480.8
1785036900000,64498.8,64508.7,64475.6,64486.8
1785037200000,64485.6,64502.3,64452.6,64452.6
1785037500000,64453.8,64478.7,64453.3,64453.5
1785037800000,64473.8,64473.8,64450.7,64452.8
1785038100000,64452.9,64487.6,64438.5,64458.9
1785038400000,64492.6,64492.6,64440.4,64448
1785038700000,64447.3,64459.7,64418.9,64422.2
1785039000000,64439.8,64446.1,64385.6,64412.9
1785039300000,64412.6,64436.8,64398.5,64409.7
1785039600000,64409.9,64461.9,64409.4,64450.2
1785039900000,64449.8,64486.5,64444.2,64457
1785040200000,64457.9,64488.7,64444.9,64447.9
1785040500000,64475.6,64488.4,64422.8,64462.3
1785040800000,64462.6,64504.9,64435.2,64483.9
1785041100000,64484.2,64530.2,64466.7,64475.1
1785041400000,64475.2,64500.3,64450.9,64460.2
1785041700000,64458.5,64481.7,64404.8,64462.4
1785042000000,64433.4,64444.2,64404,64415.2
1785042300000,64440.6,64440.6,64407.6,64436.3
1785042600000,64436.8,64459.4,64416.3,64426.5
1785042900000,64442.8,64443.4,64409.6,64443.4
1785043200000,64443.1,64443.1,64378.5,64378.5
1785043500000,64378.5,64436.9,64369.7,64398.7
1785043800000,64398.3,64405.1,64332.3,64370.8
1785044100000,64372.1,64407.6,64371.5,64381.8
1785044400000,64382.1,64409.3,64347.8,64385.1
1785044700000,64385.8,64398.7,64334.5,64369.1
1785045000000,64369.3,64385.8,64347.1,64347.1
1785045300000,64346.6,64346.9,64323.1,64325.5
1785045600000,64326.8,64378.5,64290.3,64316.1
1785045900000,64314.2,64323.8,64280.8,64290.8
1785046200000,64290.7,64317.6,64257.4,64260.9
1785046500000,64258.2,64295.8,64241.7,64243.1
1785046800000,64242.7,64242.7,64200.6,64205
1785047100000,64205.3,64245.8,64204.3,64209.9
1785047400000,64235.5,64278.7,64208.2,64278.7
1785047700000,64279.3,64324.4,64251.3,64289.4
1785048000000,64288,64313.8,64276.3,64308.6
1785048300000,64309.9,64340.8,64284.8,64311.9
1785048600000,64276.9,64360.1,64276.9,64337.1
1785048900000,64338.1,64391.3,64333.6,64373.2
1785049200000,64373.9,64389.9,64343.8,64343.8
1785049500000,64339.4,64358.2,64331.5,64331.5
1785049800000,64328.3,64362,64303,64349.8
1785050100000,64335,64374.2,64307.2,64309.4
1785050400000,64309,64310.7,64271.5,64275.4
1785050700000,64275.1,64307.8,64246.3,64281.2
1785051000000,64240.2,64309.6,64239,64302.7
1785051300000,64301.5,64303.1,64225.4,64225.4
1785051600000,64225.4,64314.4,64225.4,64276.8
1785051900000,64257.6,64302.1,64257.6,64285.2
1785052200000,64282.6,64311.7,64272.8,64277.3
1785052500000,64277,64300.2,64267,64279.1
1785052800000,64282.2,64302.8,64260.7,64265
1785053100000,64230.5,64305,64230.5,64284.5
1785053400000,64303.8,64312,64251.8,64297.8
1785053700000,64299.8,64336.6,64271.7,64334.4
1785054000000,64335.1,64335.2,64301.2,64301.2
1785054300000,64258.7,64333.6,64258.7,64333.6
1785054600000,64305.6,64331.8,64269.3,64311.2
1785054900000,64311.4,64337.5,64273.7,64273.7
1785055200000,64274.3,64361.1,64274.3,64350.6
1785055500000,64350.3,64387.8,64350.3,64374.6
1785055800000,64340,64419.8,64340,64400
1785056100000,64364.1,64425.1,64364.1,64391.1
1785056400000,64391.6,64438,64391.6,64418.8
1785056700000,64421.5,64437.3,64387.9,64408.6
1785057000000,64410.4,64432.9,64371.9,64407.8
1785057300000,64409.8,64479.8,64375.3,64447.6
1785057600000,64447.4,64481.2,64420.1,64421.2
1785057900000,64478.1,64478.5,64412.6,64412.6
1785058200000,64412.6,64468.8,64408.3,64431.4
1785058500000,64431.2,64467.3,64431.1,64449.6
1785058800000,64450,64482.4,64417.4,64452.4
1785059100000,64453.8,64486.1,64453.8,64484.9
1785059400000,64484.5,64484.8,64422.8,64448.6
1785059700000,64474.8,64474.8,64412.9,64447.1
1785060000000,64447.9,64465.8,64394.9,64419.7
1785060300000,64419.2,64449.7,64384.9,64446.9
1785060600000,64418.7,64443.8,64409.3,64443.8
1785060900000,64441.6,64441.6,64393.8,64409.1
1785061200000,64376.9,64467.8,64376.9,64441
1785061500000,64439,64457.8,64395.9,64456.3
1785061800000,64430.8,64466.2,64406.1,64466.2
1785062100000,64442.1,64484.5,64422.8,64422.8
1785062400000,64475.8,64487.3,64428.6,64485.2
1785062700000,64485.4,64514.6,64430.5,64430.5
1785063000000,64426.9,64464.8,64424,64430
1785063300000,64432.7,64453.7,64385.2,64449.3
1785063600000,64447.8,64457.4,64419.8,64435.5
1785063900000,64399.9,64472,64384.9,64384.9
1785064200000,64440.8,64444.2,64378.5,64417.8
1785064500000,64417.2,64450.9,64380.1,64432.5
1785064800000,64396.9,64457,64396.9,64447.3
1785065100000,64421.5,64444.5,64380.5,64414.1
1785065400000,64412.2,64427.8,64372,64372
1785065700000,64372,64435.4,64372,64421.8
1785066000000,64366.5,64430,64366.5,64406.4
1785066300000,64436.6,64449.7,64408.8,64421
1785066600000,64422,64449.9,64386.6,64418.8
1785066900000,64417.6,64443.4,64377.5,64420.2
1785067200000,64450.5,64493.4,64420,64492.4
1785067500000,64496.4,64585.2,64473.9,64500.3
1785067800000,64493.4,64550.8,64487.8,64514.6
1785068100000,64514.4,64555.9,64451.7,64451.7
1785068400000,64451.6,64510.7,64424.4,64480.7
1785068700000,64480.1,64517.1,64479.1,64515.3
1785069000000,64515.6,64515.6,64463.6,64463.6
1785069300000,64426.8,64489.8,64426.8,64447.9
1785069600000,64446.5,64446.5,64378,64437.3
1785069900000,64410.6,64423.1,64354.5,64374
1785070200000,64389.8,64418.1,64348,64418.1
1785070500000,64418,64420.6,64375.8,64375.8
1785070800000,64374.7,64390.4,64334.1,64334.1
1785071100000,64336,64370.8,64326.9,64328.3
1785071400000,64326.9,64366.7,64320.4,64328.7
1785071700000,64329.3,64405.7,64329.3,64381.9
1785072000000,64382.2,64448.2,64381.9,64411.7
1785072300000,64409.2,64435.3,64377,64381.8
1785072600000,64383,64417.1,64369.5,64385.2
1785072900000,64409.6,64434.6,64391.1,64397.2
1785073200000,64398.5,64497.4,64398.5,64497.4
1785073500000,64497.5,64507.3,64451.1,64451.1
1785073800000,64449.4,64472.3,64431.8,64431.8
1785074100000,64431.7,64445.8,64422.7,64433.4
1785074400000,64435.2,64552.9,64435.2,64552.9
1785074700000,64554,64702.7,64517.7,64596.6
1785075000000,64595.7,64650.7,64563,64616.8
1785075300000,64631.8,64631.8,64572.7,64574.8
1785075600000,64574.7,64605.4,64546.4,64559.2
1785075900000,64558.2,64595,64532.4,64542.4
1785076200000,64543.7,64629.3,64532.2,64564.9
1785076500000,64565.7,64618,64560.8,64571.7
1785076800000,64570.2,64653.4,64569.7,64600.7
1785077100000,64601.1,64683.8,64601.1,64607.6
1785077400000,64605.6,64617.5,64605.6,64613.6
1785077700000,64614.9,64652.9,64594.7,64627.6
1785078000000,64627.8,64715.6,64609.8,64630.2
1785078300000,64629.5,64696,64591.8,64601
1785078600000,64602.9,64625.7,64587.4,64587.9
1785078900000,64618.4,64707.8,64594.6,64668.2
1785079200000,64669,64716.7,64669,64676.9
1785079500000,64676.2,64700.2,64657.4,64669.6
1785079800000,64670.5,64694.7,64635.7,64656.7
1785080100000,64658.3,64763.7,64658.3,64712
1785080400000,64713.3,64740.4,64698,64714.8
1785080700000,64715,64735.6,64675.5,64679.4
1785081000000,64683,64714.4,64653.3,64674.8
1785081300000,64676.8,64720.1,64672.2,64678.9
1785081600000,64679.3,64733.7,64649.2,64649.2
1785081900000,64651.5,64662.3,64612.4,64612.4
1785082200000,64612.6,64659,64612.6,64629.7
1785082500000,64631.5,64725.9,64629.4,64656.7
1785082800000,64659.3,64713.6,64659.3,64667
1785083100000,64668.1,64756.4,64668.1,64712
1785083400000,64711.8,64869.5,64711.7,64766.9
1785083700000,64769.5,64824.7,64727.9,64731.3
1785084000000,64730.6,64776,64715.3,64740.5
1785084300000,64739.7,64778.1,64721.6,64732.8
1785084600000,64729.5,64732,64661.1,64661.1
1785084900000,64692.3,64698.2,64639.5,64641.7
1785085200000,64641.5,64666.4,64607.4,64621.9
1785085500000,64619.1,64690.1,64590.3,64654.6
1785085800000,64654.9,64714.2,64614.8,64713.1
1785086100000,64717.3,64728.8,64666.2,64690.1
1785086400000,64661.4,64690.3,64628.2,64636.9
1785086700000,64636.4,64673.6,64625.3,64655
1785087000000,64654.1,64692.6,64639.3,64686.3
1785087300000,64657.7,64685,64607.8,64617.4
1785087600000,64616.3,64619.6,64589.7,64591.8
1785087900000,64624,64635,64592.2,64595.4
1785088200000,64627.2,64649.1,64601,64613.2
1785088500000,64612.7,64632.7,64556.2,64632.1
1785088800000,64631.4,64631.4,64589.2,64600
1785089100000,64599,64636,64562.2,64605.8
1785089400000,64605,64645.8,64600.3,64623.8
1785089700000,64599.3,64620.7,64581.1,64583.8
1785090000000,64584,64643.3,64584,64607.6
1785090300000,64629.2,64633.7,64590,64602.3
1785090600000,64602,64638,64574.5,64620.8
1785090900000,64621.8,64662.9,64589.2,64662.9
1785091200000,64658.7,64658.7,64590.2,64645.2
1785091500000,64644.6,64657.6,64621.4,64656.1
1785091800000,64656.3,64713.7,64632.5,64660
1785092100000,64658.7,64686.2,64623.7,64676.4
1785092400000,64676.3,64685.1,64632.3,64643.4
1785092700000,64642.2,64643.3,64608.6,64609
1785093000000,64607.9,64618.7,64567.5,64618.6
1785093300000,64591.3,64635,64591.3,64635
1785093600000,64634.8,64669.3,64608.3,64619.3
1785093900000,64620,64660.5,64581.1,64634.1
1785094200000,64635.4,64695.6,64633.8,64652.8
1785094500000,64650.5,64662.8,64633.4,64634.2
1785094800000,64602.7,64664.5,64602.7,64662.4
1785095100000,64652.8,64655.3,64616.5,64617.5
1785095400000,64617,64645.4,64583.2,64631.8
1785095700000,64616.6,64640.3,64608.9,64610.8
1785096000000,64611.6,64643.9,64600,64600.2
1785096300000,64601,64642.3,64582.9,64626.8
1785096600000,64642.1,64642.1,64599.4,64608.6
1785096900000,64606.8,64620.7,64558.4,64591.2
1785097200000,64593.2,64595.5,64548.3,64589.7
1785097500000,64573.8,64589,64518.4,64589
1785097800000,64589.7,64611.2,64565.6,64566
1785098100000,64591.2,64598,64564.1,64572
1785098400000,64573.7,64610.9,64571.9,64578.1
1785098700000,64602.8,64603.5,64541.5,64571.4
1785099000000,64570.1,64592.8,64560.4,64588.8
1785099300000,64587.6,64592.2,64560.7,64589.6
1785099600000,64595.9,64624.5,64570.9,64589.3
1785099900000,64588.2,64606.8,64560.4,64571
1785100200000,64573.1,64651.7,64573.1,64604.4
1785100500000,64604.5,64668.3,64604.5,64649.3
1785100800000,64649.5,64720.1,64649.5,64695.6
1785101100000,64727.2,64797.2,64712.4,64727.3
1785101400000,64727.4,64779.9,64710.3,64777.1
1785101700000,64746.8,64775.8,64712.9,64713.2
1785102000000,64712.9,64783.4,64703.4,64728
1785102300000,64730.2,64857.8,64704.6,64819.9
1785102600000,64790.5,64818.7,64752,64780.8
1785102900000,64811.1,64831,64750.7,64790.5
1785103200000,64794.9,65177.5,64743.9,65062.6
1785103500000,65102,65163.5,65045.2,65125.3
1785103800000,65089.6,65183.4,65076.6,65110.2
1785104100000,65150.2,65181.7,65070.6,65127.8
1785104400000,65129,65181.9,65107.1,65109.3
1785104700000,65108.3,65191.9,65064.3,65114
1785105000000,65101.3,65352.1,65098.2,65284.1
1785105300000,65324,65399.3,65297.6,65316.9
1785105600000,65357.6,65437.8,65328.7,65372
1785105900000,65370.8,65427.9,65300.7,65373.1
1785106200000,65372.9,65428.8,65308.5,65349.2
1785106500000,65326.9,65352.7,65277.7,65329
1785106800000,65308.2,65412.9,65281.9,65321.7
1785107100000,65357.7,65514.7,65357.1,65433.1
1785107400000,65473.3,65473.3,65311.4,65311.4
1785107700000,65344.4,65433,65259.7,65259.7
1785108000000,65292.4,65320.5,65237.1,65277.8
1785108300000,65251.8,65317.4,65213.6,65236.4
1785108600000,65270.7,65321.1,65174.7,65307.9
1785108900000,65274.1,65332.8,65232.8,65236.8
1785109200000,65236.5,65347.4,65236.5,65308.2
1785109500000,65305.1,65402.5,65286,65300.8
1785109800000,65301,65392.7,65300,65339.3
1785110100000,65320.7,65355.5,65247.6,65340.4
1785110400000,65325.8,65361.9,65193.1,65193.1
1785110700000,65194.9,65228.2,65101.3,65152.7
1785111000000,65150,65181.1,65098.2,65136.1
1785111300000,65151.8,65163.1,65010.9,65049.2
1785111600000,65047.6,65122.5,65026.7,65066.4
1785111900000,65100.3,65197.4,65065.8,65104.8
1785112200000,65105.2,65162.3,65064.7,65103.4
1785112500000,65104.2,65121.6,65021.3,65041.9
1785112800000,65040.1,65101.5,65027.6,65063.9
1785113100000,65076.1,65129.5,65040.2,65073.3
1785113400000,65071.2,65129.9,64999.8,65044.8
1785113700000,65034.1,65070.2,64977.6,65068.1
1785114000000,65051.1,65134.9,65018.8,65108.8
1785114300000,65091.3,65145.3,65059.7,65107.7
1785114600000,65094.9,65111.5,64955.1,64964.6
1785114900000,64962.9,65022,64903.1,64988.7
1785115200000,65006.8,65018.7,64940.7,65006
1785115500000,65005.6,65005.6,64921.3,64955.5
1785115800000,64933.5,65024.3,64903,64950.8
1785116100000,64952.3,65027.6,64811.6,65024.9
1785116400000,65024.1,65057,64988.7,65013.2
1785116700000,65002.3,65109.8,64991.9,65104.8
1785117000000,65111.6,65131.7,65057.4,65096.1
1785117300000,65083.8,65153,65068.5,65110.8
1785117600000,65110.1,65152.5,65068.9,65068.9
1785117900000,65069.4,65146.8,65066.5,65140.8
1785118200000,65118.2,65156.8,65087.6,65110.2
1785118500000,65108.2,65153.9,65059.1,65141.8
1785118800000,65127.6,65175.9,65071.2,65109.8
1785119100000,65086,65147.7,65086,65092.3
1785119400000,65091.4,65107.8,65021.1,65068.8
1785119700000,65061.8,65194,65045.7,65176.8
1785120000000,65181.8,65212.6,65136.2,65150.7
1785120300000,65148.4,65199.5,65122.7,65127.5
1785120600000,65127.6,65143,65037.4,65088.2
1785120900000,65087.3,65140.9,65074,65082.4
1785121200000,65096.3,65231.1,65077.3,65104.2
1785121500000,65077.8,65184.8,65077.8,65112.2
1785121800000,65111.6,65217.8,65092.5,65217.5
1785122100000,65221.8,65232.2,65181.8,65191.6
1785122400000,65196.3,65276.1,65173,65222.4
1785122700000,65217.1,65275.2,65208.8,65224.2
1785123000000,65222.8,65229.1,65163.7,65194.1
1785123300000,65218.2,65250.8,65187.8,65192.8
1785123600000,65193.3,65293.4,65193.3,65258.2
1785123900000,65256.7,65301.8,65220.9,65222.5
1785124200000,65222,65255.8,65199.6,65219.6
1785124500000,65244.6,65244.6,65177.9,65220.3
1785124800000,65205,65284.1,65187,65250.3
1785125100000,65248.8,65312.6,65193,65193.9
1785125400000,65194.9,65258.4,65153.3,65257.1
1785125700000,65256,65338.4,65216.9,65281.8
1785126000000,65286.9,65437.9,65286.9,65298
1785126300000,65326,65335.8,65200.6,65244.8
1785126600000,65260.8,65260.8,65159.4,65241.9
1785126900000,65242.3,65327.4,65214.5,65294.8
1785127200000,65265.5,65378.9,65261.8,65320.8
1785127500000,65329.3,65329.3,65244.2,65294.7
1785127800000,65295.5,65296.1,65224.9,65252.8
1785128100000,65239.2,65254.1,65186.7,65193.8
1785128400000,65208,65257.8,65192.4,65194.4
1785128700000,65194.5,65264.8,65194.5,65257.4
1785129000000,65256.7,65328.5,65251.9,65280
1785129300000,65277.6,65327.3,65248.4,65284.4
1785129600000,65284.6,65375,65284.3,65343.3
1785129900000,65344.6,65352.2,65294.4,65351.1
1785130200000,65355.5,65365.9,65293.6,65339.4
1785130500000,65341.8,65353.3,65279.3,65295.8
1785130800000,65297.9,65337.2,65274.5,65303.9
1785131100000,65299.2,65332.6,65260.6,65284.1
1785131400000,65306.2,65334.6,65258.1,65332
1785131700000,65301.4,65431.9,65298.1,65400.2
1785132000000,65404.8,65480,65362.7,65453.3
1785132300000,65442.7,65679.7,65401.7,65463.4
1785132600000,65464.6,65594.5,65464.6,65537.6
1785132900000,65521.8,65583.6,65471.3,65515.5
1785133200000,65514.3,65515.8,65419.6,65480.6
1785133500000,65476.3,65476.3,65373.3,65431.8
1785133800000,65399.7,65489,65379.7,65456.9
1785134100000,65487.2,65517.4,65418.5,65422.7
1785134400000,65435.3,65483.4,65402.3,65467.5
1785134700000,65472.9,65472.9,65348.8,65362.3
1785135000000,65389.6,65390.4,65321.9,65362.5
1785135300000,65360.1,65387.4,65319.3,65319.7
1785135600000,65319.8,65371.6,65284.4,65336.5
1785135900000,65334.9,65380.8,65264.2,65346.8
1785136200000,65341.4,65371.2,65293.8,65366.2
1785136500000,65366.7,65375.5,65302.1,65371.7
1785136800000,65372.9,65387.1,65336.1,65379.1
1785137100000,65350.1,65383.8,65320.5,65320.5
1785137400000,65320.2,65326.8,65203,65271.4
1785137700000,65268.5,65294,65151.5,65151.5
1785138000000,65150.3,65225,65135.8,65221.9
1785138300000,65226,65265.9,65192.3,65243
1785138600000,65248.9,65248.9,65178.8,65231.9
1785138900000,65251.6,65262.1,65130.3,65165.1
1785139200000,65146,65193,65104.6,65157.7
1785139500000,65126.7,65184.1,65101.5,65106
1785139800000,65107.8,65144.5,65075.1,65098.8
1785140100000,65128.1,65198.5,65047.5,65148.9
1785140400000,65152.2,65175.4,65104.6,65131.6
1785140700000,65128.9,65194.1,65120.7,65149
1785141000000,65175.6,65176.9,65069.6,65116.4
1785141300000,65084.1,65146.2,65070.5,65076.4
1785141600000,65104.7,65124.8,65064.9,65073.1
1785141900000,65073.3,65151.5,65070.4,65142
1785142200000,65110.7,65148.1,65035.1,65091
1785142500000,65111.6,65136.8,65077.7,65078.3
1785142800000,65076.4,65076.4,65009.2,65071.2
1785143100000,65070.6,65077.2,65009.3,65035.8
1785143400000,65032.2,65095.8,65028.4,65031.6
1785143700000,65028.9,65081.9,65025.6,65044.9
1785144000000,65058.8,65156.2,65058.8,65152.4
1785144300000,65134.6,65171.2,65124.1,65162.6
1785144600000,65134.3,65211.1,65118.3,65210.5
1785144900000,65211.8,65280.7,65190.1,65264.1
1785145200000,65268.2,65276.2,65203,65211.5
1785145500000,65207.9,65245.8,65189.7,65242.2
1785145800000,65239.6,65246.5,65180.2,65180.6
1785146100000,65207.8,65216.2,65167.8,65167.8
1785146400000,65187.8,65211.7,65159.3,65161.8
1785146700000,65161.7,65215.3,65140.9,65174.6
1785147000000,65189.8,65199.5,65143.8,65191.7
1785147300000,65190.9,65223.4,65157.8,65216.1
1785147600000,65215,65330.6,65199.8,65291.7
1785147900000,65292,65303.6,65255,65287.3
1785148200000,65291.6,65322.4,65253.1,65253.1
1785148500000,65270.6,65342.8,65256,65336.3
1785148800000,65312.2,65356.5,65291.6,65319.1
1785149100000,65318,65372,65273.7,65274.2
1785149400000,65270.6,65305.2,65247,65268.3
1785149700000,65268.5,65292.2,65240.9,65278.8
1785150000000,65246.2,65278.8,65176.9,65231.8
1785150300000,65228.4,65255.8,65188.2,65231.4
1785150600000,65231.1,65247,65162.6,65193.1
1785150900000,65157.6,65207.3,65149.6,65191.7
1785151200000,65192,65205.9,65099.4,65106.8
1785151500000,65107.5,65153.6,65038.5,65038.5
1785151800000,65048.8,65140.2,65031.6,65111.2
1785152100000,65110.9,65150.9,65104,65104
1785152400000,65103.8,65124.7,65055.9,65069.8
1785152700000,65062,65092.2,65035.4,65087.4
1785153000000,65075.8,65083.3,65002.8,65056.6
1785153300000,65059.1,65071.4,65012.4,65014.1
1785153600000,65015.4,65151.3,65011.7,65119.2
1785153900000,65113.8,65201.2,65088.9,65140.9
1785154200000,65140.6,65178.1,64991.8,64999.9
1785154500000,65010.5,65090.3,64982.9,64993.2
1785154800000,65009.3,65018.6,64941.5,64961.7
1785155100000,64967.2,64989.7,64928.6,64952.6
1785155400000,64931.5,64955.5,64755.1,64787.9
1785155700000,64815.1,64918.6,64785.2,64886.7
1785156000000,64899.7,64997.6,64886.9,64957.5
1785156300000,64956.4,65073.4,64956.4,64988.9
1785156600000,64988.5,65037.7,64930.7,64988.8
1785156900000,65016.7,65048.1,64979.3,65025.4
1785157200000,65029.7,65064.5,64942,65025.9
1785157500000,64998.7,65027.8,64945.7,64989.9
1785157800000,64996.2,65006.9,64869.4,64879.3
1785158100000,64891.1,64964.5,64865.2,64962.4
1785158400000,64930.9,64991.6,64851.7,64889.7
1785158700000,64857.2,64907.6,64821.5,64850.2
1785159000000,64860.7,65076.7,64847.3,65007.8
1785159300000,65019,65437.8,64989.6,65338.8
1785159600000,65349.2,65615.4,65325.7,65576.8
1785159900000,65574.7,65651.7,65420.8,65534.4
1785160200000,65553.2,65597.7,65275.9,65340.8
1785160500000,65338.5,65389.8,65093.8,65123
1785160800000,65138,65318.4,65106.5,65253.8
1785161100000,65259.8,65367.3,65042,65300.7
1785161400000,65315.1,65315.1,65122.1,65293.8
1785161700000,65269.3,65329.5,65089.3,65121.8
1785162000000,65101.7,65123.7,64860.6,64949.6
1785162300000,64947.9,65020.8,64781.3,64781.3
1785162600000,64782.3,64817.2,64514.5,64558.3
1785162900000,64556.3,64672.4,64398.7,64564.6
1785163200000,64560.1,64611.8,64359.3,64383.4
1785163500000,64411.2,64573.8,64379.5,64519
1785163800000,64507.9,64640.3,64442.5,64499.8
1785164100000,64488.1,64625.8,64488.1,64613.5
1785164400000,64621.8,64683.7,64544.4,64643.8
1785164700000,64631.3,64707.8,64498.2,64528.8
1785165000000,64516.2,64686.8,64478.9,64652.8
1785165300000,64658.8,64666.8,64492.6,64635.7
1785165600000,64615.8,64703.8,64500.1,64527.7
1785165900000,64524.3,64590.6,64455.7,64581.8
1785166200000,64580.8,64627.8,64450.1,64500.8
1785166500000,64497.8,64505.8,64307.8,64483.8
1785166800000,64491.6,64534.9,64449.3,64486.4
1785167100000,64506.8,64553.3,64430.3,64493.8
1785167400000,64487.4,64565.8,64476.1,64508.8
1785167700000,64499.8,64543.4,64458.6,64458.9
1785168000000,64479.5,64570.8,64431.8,64551
1785168300000,64561.8,64587.6,64477.9,64550.8
1785168600000,64543.5,64608.8,64502.8,64531.8
1785168900000,64514.4,64539.8,64418.9,64512.8
1785169200000,64518.8,64557.8,64437.7,64517.8
1785169500000,64526.8,64717.5,64509.9,64658.5
1785169800000,64652.8,64811.1,64647.7,64794.4
1785170100000,64806.8,64890.8,64775,64830.5
1785170400000,64859.8,64879.8,64806.2,64852.1
1785170700000,64855.5,64876.7,64793.9,64831.7
1785171000000,64831.1,64840.8,64734.2,64758.8
1785171300000,64741,64845.8,64720.3,64808.9
1785171600000,64817.8,64871.8,64696,64746.8
1785171900000,64736.6,64805.3,64718.7,64762.7
1785172200000,64762.6,64831.3,64750.6,64799.4
1785172500000,64805.3,64872.3,64785.9,64856.8
1785172800000,64840.2,64989.4,64840.2,64936.1
1785173100000,64947.5,64975.8,64899,64909.4
1785173400000,64909.5,65005.9,64901.8,64997.8
1785173700000,65001.8,65026.8,64935.5,64947.5
1785174000000,64935.4,64993.1,64898.3,64909.9
1785174300000,64910.1,64948,64858.3,64880.4
1785174600000,64906.1,64926.9,64855.3,64887.2
1785174900000,64908.5,64966.6,64884,64928.1
1785175200000,64928.4,64991.6,64921.2,64935.8
1785175500000,64924.8,64962.1,64883.6,64900.8
1785175800000,64882.5,64918.8,64862.4,64892.8
1785176100000,64876.8,64884.3,64744.1,64760.4
1785176400000,64767.6,64825.1,64742.9,64808.8
1785176700000,64818.8,64846.3,64791.8,64846.3
1785177000000,64831.8,64867.3,64709.2,64720.6
1785177300000,64710,64768.9,64692.8,64714.8
1785177600000,64691.6,64801.2,64656.1,64751.3
1785177900000,64739.8,64778.4,64668.6,64681.1
1785178200000,64692.8,64778.3,64666.3,64759.8
1785178500000,64745.8,64812.8,64742.6,64776.1
1785178800000,64787.9,64822.8,64734.3,64751.8
1785179100000,64745.3,64889.2,64716.3,64866.2
1785179400000,64846,64957.4,64846,64908.4
1785179700000,64881.1,64924.2,64850.8,64912.8
1785180000000,64913,64963.8,64836.7,64895.6
1785180300000,64885.8,64931.4,64837.4,64907
1785180600000,64931.4,64992.9,64875.8,64952.3
1785180900000,64958.8,65016,64893.9,64938.4
1785181200000,64915.9,64966.4,64875.1,64903.8
1785181500000,64909,64915.2,64855,64867.9
1785181800000,64892.8,64900.5,64819.5,64887.6
1785182100000,64855.8,64918.6,64854.8,64895.2
1785182400000,64918.6,64988.8,64896.6,64932.8
1785182700000,64920.1,64938.8,64853.7,64854.9
1785183000000,64852.8,64900.3,64841.8,64889.9
1785183300000,64886.9,64889.9,64817.2,64827.3
1785183600000,64856.3,64902.9,64824.1,64902.2
1785183900000,64901.5,64947.2,64876.2,64921.6
1785184200000,64950,64950,64886.8,64935.6
1785184500000,64928.8,64963.7,64877.9,64891.8
1785184800000,64896.8,64899.3,64852.9,64876.8
1785185100000,64863.2,64876.8,64807.1,64853.8
1785185400000,64839,64874.5,64822.7,64874.5
1785185700000,64847,64898.3,64846.9,64874.1
1785186000000,64874.2,64892.2,64815.5,64824.4
1785186300000,64824.1,64865.9,64812.1,64844.6
1785186600000,64858.8,64882,64810.3,64819
1785186900000,64819.6,64828.8,64765.1,64789.7
1785187200000,64816,64819.4,64785.1,64785.1
1785187500000,64789.2,64804.4,64727.6,64769.9
1785187800000,64747,64824,64747,64786
1785188100000,64785.9,64797.6,64732.7,64733
1785188400000,64733.4,64767.8,64707.8,64733.3
1785188700000,64733.2,64766.8,64712.3,64765
1785189000000,64741.1,64796.1,64721.7,64761.3
1785189300000,64761.1,64790.2,64705.8,64757.2
1785189600000,64731,64731,64566.4,64648.6
1785189900000,64648.8,64677.2,64589.9,64670.7
1785190200000,64652.2,64676.3,64606.5,64666
1785190500000,64640,64691.6,64623.1,64674.7
1785190800000,64679.3,64687.1,64573.8,64610.5
1785191100000,64594.7,64618.8,64474,64538.7
1785191400000,64538.2,64538.2,64421.4,64473
1785191700000,64447.9,64507.2,64415.5,64470.6
1785192000000,64466.8,64466.8,64060.7,64154.1
1785192300000,64153.2,64163.6,63969.1,64056.4
1785192600000,64060.5,64064.2,63882.8,63937.8
1785192900000,63938,63997.5,63695.8,63696.6
1785193200000,63733.3,63771.4,63512,63634.6
1785193500000,63619.1,63789.3,63566.3,63567.8
1785193800000,63608.4,63796.6,63556.5,63704.5
1785194100000,63724.2,63849.3,63627.7,63819.9
1785194400000,63820.7,63884.4,63750.6,63750.6
1785194700000,63752.1,63886.5,63752.1,63797.7
1785195000000,63795.5,63866.3,63733.8,63764.7
1785195300000,63763.9,63788.2,63659.3,63702.7
1785195600000,63700.1,63700.9,63539.5,63597.7
1785195900000,63626.9,63697.3,63570.9,63638.6
1785196200000,63606,63718.4,63604.4,63669.3
1785196500000,63667.6,63728.3,63655.1,63658.4
1785283200000,63828.8,63968.4,63821.3,63964.1
1785283500000,63964.3,64091.8,63907.2,63945.3
1785283800000,63935.2,63990.5,63907.5,63913.4
1785284100000,63913.7,64012.8,63903.8,63961.8
1785284400000,63951.3,64011.8,63866,63889.8
1785284700000,63901.8,63934.5,63839.9,63912.8
1785285000000,63922.8,63935.8,63776.9,63823
1785285300000,63799.7,64021.5,63767.7,63964.4
1785285600000,63976.9,64009.9,63884.8,64009.9
1785285900000,64009.5,64111.4,63907.4,63933.4
1785286200000,63933.8,64018,63933.6,63992.7
1785286500000,64014.8,64014.8,63837.2,63848.8
1785286800000,63871.8,63923.2,63816.1,63888.8
1785287100000,63912.5,63912.5,63798.3,63834.8
1785287400000,63841.7,63854.8,63701.6,63745.4
1785287700000,63734.8,63784.8,63671.5,63755.4
1785288000000,63784.2,63867,63756.9,63801.9
1785288300000,63796.3,63869.6,63755.6,63813.2
1785288600000,63801.2,63864.2,63732,63795.2
1785288900000,63768.8,63820.9,63715.2,63814.3
1785289200000,63819.5,63819.7,63689.8,63731.2
1785289500000,63712.2,63759.4,63646.2,63651.1
1785289800000,63656,63731.5,63606.4,63640.6
1785290100000,63643.9,63672.7,63584.7,63604.8
1785290400000,63616.8,63672.4,63544,63602.1
1785290700000,63613.8,63724.3,63602.1,63692.8
1785291000000,63690.8,63790.7,63656.8,63742.8
1785291300000,63749.8,63755.8,63585.3,63672.7
1785291600000,63649.6,63804.9,63630.4,63748.8
1785291900000,63751.8,63944.8,63731,63917
1785292200000,63918,63978.4,63845.8,63863.8
1785292500000,63876.8,64015.6,63856,64015.6
1785292800000,63996.8,64047.2,63911.4,63911.4
1785293100000,63927.7,63963.2,63804.5,63848.6
1785293400000,63821.6,63893.8,63804.2,63892.4
1785293700000,63873.9,63909.1,63843.8,63866.6
1785294000000,63866.4,63898,63745.6,63807.5
1785294300000,63780.6,63925.6,63777.4,63914.3
1785294600000,63916.1,63919.8,63827.6,63846.8
1785294900000,63834.1,63889.4,63756.7,63779.8
1785295200000,63792.8,63856.7,63754.6,63760.6
1785295500000,63790.7,63796.9,63680.1,63706.8
1785295800000,63694.1,63706.8,63599.4,63636.2
1785296100000,63635.7,63789.1,63629.5,63699
1785296400000,63699.2,63732.8,63640.9,63662.1
1785296700000,63665.9,63716.1,63619.5,63650.9
1785297000000,63642.6,63675.2,63605.1,63630.5
1785297300000,63649.6,63664.6,63605.8,63638.9
1785297600000,63667.4,63678.2,63535,63539.9
1785297900000,63569.8,63681.5,63477.8,63675
1785298200000,63669,63679.8,63583.3,63653.9
1785298500000,63617.1,63653.2,63523,63574.2
1785298800000,63574.7,63698.6,63522,63688.1
1785299100000,63656.7,63743,63627.7,63692.6
1785299400000,63692.7,63738.6,63670.7,63709.8
1785299700000,63719.5,63867.1,63687.4,63826.1
1785300000000,63820.3,63831.2,63744.6,63778.8
1785300300000,63771.5,63822.9,63732.8,63759.2
1785300600000,63762.3,63845.8,63748.1,63839.7
1785300900000,63842.8,63888.1,63776.4,63856.9
1785301200000,63854.4,63921.8,63841.3,63871.8
1785301500000,63878.8,63914.8,63821.8,63872.4
1785301800000,63873,63939.8,63870.1,63892.8
1785302100000,63904.8,63917.8,63819.5,63848.8
1785302400000,63834.8,63914.8,63783.4,63835.7
1785302700000,63863.3,63903.8,63846.7,63874.8
1785303000000,63862.8,63912.6,63815.3,63900.8
1785303300000,63886.6,63965.8,63882.9,63929.6
1785303600000,63935.8,63967.8,63897.7,63925.8
1785303900000,63933.8,63966.8,63897.4,63928.6
1785304200000,63940.8,64013.8,63916.6,63999.8
1785304500000,63989,64017.8,63942.3,63977.8
1785304800000,63987.8,64021.8,63924.2,63993.8
1785305100000,63978.8,64014.8,63933,63936.5
1785305400000,63967.6,64060.8,63937.1,64030.8
1785305700000,64038.8,64058.8,63984.8,64049.8
1785306000000,64043.8,64111.8,64018.8,64106.8
1785306300000,64100.8,64320.8,64086.8,64314.3
1785306600000,64308.8,64383.5,64271.1,64321
1785306900000,64319.2,64372.2,64284.4,64342.9
1785307200000,64345.4,64385.8,64318.6,64371.8
1785307500000,64379.8,64385.8,64291.9,64324.8
1785307800000,64331.8,64365.8,64304,64326.8
1785308100000,64335.8,64367.8,64302.1,64358.8
1785308400000,64344.8,64368.8,64297.2,64347.8
1785308700000,64331.8,64404.3,64319.3,64381.4
1785309000000,64358.6,64415.7,64347.5,64369.8
1785309300000,64383.8,64409.3,64321.7,64408.8
1785309600000,64384.8,64433.8,64323.7,64345.4
1785309900000,64364.8,64435.8,64328.6,64418.8
1785310200000,64419.8,64442.5,64345.1,64360.8
1785310500000,64337.6,64386.8,64334.2,64366.8
1785310800000,64382.3,64416.8,64363.9,64404.8
1785311100000,64378.7,64431.7,64359.3,64415.3
1785311400000,64405.1,64429.8,64353,64374.8
1785311700000,64379.8,64496.1,64343.8,64490.1
1785312000000,64468,64508.6,64411,64443.3
1785312300000,64410.3,64435.8,64327.2,64340
1785312600000,64340.3,64366.8,64255.4,64293.3
1785312900000,64287.1,64318.8,64263.7,64318.5
1785313200000,64318.8,64326.8,64232,64262
1785313500000,64260.4,64260.4,64184.9,64226.3
1785313800000,64213.8,64269.2,64172.8,64218.8
1785314100000,64224.8,64255.3,64205.2,64232.8
1785314400000,64219,64355,64219,64345.8
1785314700000,64358.6,64450.8,64339.4,64374.5
1785315000000,64376.6,64384.6,64290.2,64303.5
1785315300000,64312.8,64349.8,64297.2,64321.6
1785315600000,64323.5,64383.8,64319.7,64350.8
1785315900000,64344.8,64360.8,64285.9,64342.8
1785316200000,64351.7,64394.8,64342.1,64379.9
1785316500000,64340.3,64398.9,64317.9,64374.8
1785316800000,64386.8,64398.5,64334,64363.3
1785317100000,64392.6,64411.8,64339.8,64368.1
1785317400000,64395.7,64438.7,64367.8,64401.8
1785317700000,64379.6,64536.8,64364.5,64517.4
1785318000000,64521.5,64620.4,64484.5,64526.1
1785318300000,64491.1,64522.2,64411.5,64482.5
1785318600000,64486.3,64599.2,64432.8,64574
1785318900000,64574.5,64665,64564.7,64616
1785319200000,64619.3,64643.3,64547.9,64582.8
1785319500000,64581.2,64601.1,64520.1,64573.6
1785319800000,64592,64592.8,64530.9,64575.8
1785320100000,64595.3,64626.2,64549.8,64600.4
1785320400000,64584.8,64607.8,64534,64565.8
1785320700000,64560.8,64576.2,64506.2,64543.8
1785321000000,64529.1,64559,64505.2,64511.6
1785321300000,64521.6,64546.8,64466.1,64472.8
1785321600000,64473.1,64609.8,64467.6,64567.2
1785321900000,64566.4,64595.7,64499.9,64511.5
1785322200000,64515.8,64515.8,64322.8,64348.5
1785322500000,64348.4,64412,64309.2,64372.2
1785322800000,64368.9,64442,64368.2,64380.2
1785323100000,64380.1,64430.2,64339.3,64423.4
1785323400000,64422.9,64469.8,64392.8,64433.2
1785323700000,64420.9,64482.2,64387.5,64404.8
1785324000000,64399.8,64523.5,64378.1,64430
1785324300000,64428.2,64463.6,64396.3,64396.3
1785324600000,64395.2,64431.4,64332.5,64347.2
1785324900000,64334,64364.3,64326.7,64331.3
1785325200000,64327.3,64381.9,64323.6,64334.6
1785325500000,64348.8,64419,64321.2,64414.4
1785325800000,64390.4,64441.7,64362,64362.8
1785326100000,64362.6,64439.3,64361,64439.3
1785326400000,64415,64440.5,64359.9,64378.8
1785326700000,64384.8,64413.3,64332.9,64343.9
1785327000000,64332.7,64427.7,64325.6,64371.8
1785327300000,64350.7,64385,64180.8,64256.6
1785327600000,64255.6,64304.1,64213.6,64246.2
1785327900000,64269.8,64312.8,64243.1,64245.3
1785328200000,64264.2,64304.6,64181.8,64304.6
1785328500000,64309.9,64317.2,64215.5,64244.9
1785328800000,64257.8,64273.1,64204.3,64262.6
1785329100000,64267.5,64274.8,64215.2,64247.6
1785329400000,64224.1,64276.8,64188.7,64196.2
1785329700000,64220.5,64251.9,64126,64201.8
1785330000000,64203.8,64212.3,64128.9,64192.8
1785330300000,64194.8,64232.1,64124.2,64217.8
1785330600000,64191,64262.8,64178.8,64254.8
1785330900000,64255.7,64267.1,64087.8,64110.6
1785331200000,64145,64177.3,64037,64144.5
1785331500000,64085.7,64155.6,64056.7,64119.8
1785331800000,64108.9,64317.9,64063.7,64276.8
1785332100000,64262.8,64311.3,64042.8,64251.8
1785332400000,64286.6,64428.2,64150.6,64393.8
1785332700000,64381.2,64566.6,64332,64566.6
1785333000000,64559.8,64570.2,64321.7,64408.3
1785333300000,64397.8,64597.6,64214.6,64594.7
1785333600000,64598.8,64638.8,64422.7,64493
1785333900000,64523.9,64589.2,64359.9,64401.8
1785334200000,64391.1,64403.5,64141.2,64194.2
1785334500000,64197,64300.8,64156.4,64205.8
1785334800000,64197.9,64334.9,64159.9,64225.9
1785335100000,64230,64232.4,64022.4,64130.6
1785335400000,64110.8,64242.2,64059.9,64060.1
1785335700000,64092.4,64135.3,64008.3,64071.7
1785336000000,64036.3,64112.8,63943.1,64025.7
1785336300000,64024.1,64105.5,63952.3,64034.3
1785336600000,64035.7,64180,64006,64147.6
1785336900000,64178.4,64187.8,63993,64027.6
1785337200000,64031.8,64108.6,63950,64061.3
1785337500000,64028.2,64100.4,63976,64069.1
1785337800000,64102.7,64112.1,63974.4,64046.4
1785338100000,64021,64080.8,63850.8,63895.4
1785338400000,63895.8,64040.2,63864.3,63950.4
1785338700000,63917.6,64016.9,63863.1,63979.5
1785339000000,63979.6,64045.1,63914.1,63948.3
1785339300000,63986.6,64105,63857.8,63906.7
1785339600000,63909.4,63972.8,63858.4,63867.8
1785339900000,63866.9,63963.4,63838.7,63925.2
1785340200000,63925.3,63971.3,63830.8,63835.7
1785340500000,63835.6,63910.8,63761.2,63851.8
1785340800000,63847.7,63917.3,63792.1,63811
1785341100000,63811.1,63904.6,63786.9,63873.7
1785341400000,63874.2,63930.1,63847.7,63864.8
1785341700000,63870.8,63916.8,63808.1,63873.5
1785342000000,63882,64063.8,63814.2,64010.8
1785342300000,63980.7,64049.7,63915.7,63942.4
1785342600000,63916.3,63995.4,63816.9,63842.8
1785342900000,63838.8,63867.5,63728.2,63776.3
1785343200000,63802.8,63831.3,63524.8,63614
1785343500000,63606.8,63728.6,63546,63615.1
1785343800000,63616.1,63698.3,63568.8,63655.7
1785344100000,63655.8,63755.8,63637.2,63701.7
1785344400000,63724.8,63774.9,63650.7,63709.7
1785344700000,63709.8,63724.3,63597.7,63648
1785345000000,63648.2,63800,63648,63755.1
1785345300000,63754.9,63781.8,63649.8,63675.5
1785345600000,63706.2,63763.5,63673.3,63691.1
1785345900000,63729.1,63747.8,63641.4,63685.7
1785346200000,63650.5,63813.9,63619.5,63766
1785346500000,63765.7,63811.8,63714.1,63740.1
1785346800000,63740,63902.8,63740,63861.7
1785347100000,63876.8,63919.4,63821.9,63903.8
1785347400000,63915.8,64159.1,63891.7,64093.4
1785347700000,64094.5,64201.7,64073.8,64166.6
1785348000000,64167,64563.8,64155.2,64318
1785348300000,64318.3,64445.8,64245.8,64334.4
1785348600000,64333.9,64409.6,64219.9,64266.8
1785348900000,64239.9,64321.7,64094.5,64141.5
1785349200000,64139.9,64190.5,64004.9,64036.7
1785349500000,64034.3,64041.7,63892,64026.5
1785349800000,64001.7,64120.3,63675.4,63888.2
1785350100000,63856.6,64170.2,63763.1,64109.8
1785350400000,64112.8,64380.7,64084.2,64332
1785350700000,64304.4,64435.1,64246.9,64407.4
1785351000000,64407.5,64566.3,64316,64524.7
1785351300000,64526.7,64543.3,64337.1,64406.4
1785351600000,64400.3,64528.8,64345.2,64393.8
1785351900000,64392.9,64410,64129.4,64142.8
1785352200000,64129.4,64281.8,64079.6,64215.9
1785352500000,64188.1,64347.1,64121.4,64193.1
1785352800000,64188.8,64198.3,63983,64075.3
1785353100000,64046.9,64079.3,63863.7,63937.8
1785353400000,63965.4,64049.1,63788,63865
1785353700000,63898,63971.3,63801.4,63802.6
1785354000000,63833.1,63900.9,63746.8,63812.3
1785354300000,63816.5,63839.5,63425.1,63652.1
1785354600000,63627,63652.1,63459.2,63560.5
1785354900000,63589.2,63613,63469.3,63492.6
1785355200000,63484.9,63550.9,63310.5,63441.2
1785355500000,63445.4,63538.2,63284,63297.8
1785355800000,63307.6,63578.7,63284.9,63544.9
1785356100000,63517.8,63652.4,63499.5,63573.9
1785356400000,63572.7,63634.6,63507.5,63549.3
1785356700000,63517.9,63566.7,63295.8,63428.1
1785357000000,63461,63520.8,63401.9,63516
1785357300000,63510.7,63642.6,63492.6,63602.2
1785357600000,63630.1,63672.1,63495.2,63522.5
1785357900000,63523.5,63542,63417,63456.2
1785358200000,63430.7,63505.7,63407,63466.1
1785358500000,63468.7,63505.8,63379.6,63407
1785358800000,63447.1,63456.6,63224.7,63262.8
1785359100000,63264.1,63335.8,63170.4,63280.4
1785359400000,63281.1,63428.5,63257.8,63416
1785359700000,63412.1,63413.5,63286.3,63384.7
1785360000000,63388.7,63444,63358.5,63411.4
1785360300000,63411.6,63511.5,63364.3,63502.8
1785360600000,63498,63537.6,63442.1,63514.3
1785360900000,63518.2,63568.6,63452.7,63549
1785361200000,63543.3,63575.2,63451.6,63472.7
1785361500000,63493.7,63602.7,63441.4,63550.4
1785361800000,63552.6,63725.9,63520,63676
1785362100000,63676.6,63793.6,63617.9,63793.6
1785362400000,63766.6,63936.7,63766.6,63839.2
1785362700000,63839.8,64038.4,63818.6,63899.9
1785363000000,63904,64038.5,63876.2,63921.2
1785363300000,63920.7,64058.9,63862.8,64003.9
1785363600000,64003.8,64038.8,63889.5,63926.9
1785363900000,63900.4,63970.6,63883.5,63941
1785364200000,63940.7,63981.9,63832.5,63848.3
1785364500000,63881,63895.9,63810.1,63854.3
1785364800000,63854.4,63960.9,63838.1,63907.6
1785365100000,63908.6,63949.4,63828.2,63852.4
1785365400000,63853.9,63872.5,63797.1,63822.9
1785365700000,63822.8,63869.9,63821.2,63824.3
1785366000000,63833.3,63875.8,63817.3,63849.8
1785366300000,63853.9,63915.7,63785.3,63857.1
1785366600000,63857,63882.3,63786.9,63814.5
1785366900000,63814.7,63993.6,63805.5,63979.4
1785367200000,63944.7,63979.4,63898.8,63905.7
1785367500000,63925.6,63957.5,63863.5,63924.8
1785367800000,63929.8,63962.8,63831.9,63855.2
1785368100000,63855.7,63923.2,63830.9,63859.7
1785368400000,63860,63930.1,63819.9,63894
1785368700000,63930.1,63982.9,63888.5,63888.7
1785369000000,63917.5,63954.1,63846.4,63954.1
1785369300000,63916.2,63950.6,63866.7,63874
1785369600000,63874.1,63956.3,63872.2,63931.3
1785369900000,63895.2,63984.4,63883.9,63969.5
1785370200000,63966.9,64018.9,63916.2,63922.3
1785370500000,63947.2,64042.3,63904.7,63936.2
1785370800000,63936.3,63963.8,63870.9,63871
1785371100000,63872,63937.3,63840,63895.2
1785371400000,63895.5,63934.1,63735.6,63738.3
1785371700000,63738.1,63780.9,63685.6,63725.9
1785372000000,63694.3,63739,63583.3,63620.6
1785372300000,63584.2,63681.8,63579.9,63637.6
1785372600000,63637.3,63662.8,63505.8,63505.8
1785372900000,63539.7,63621.5,63493.7,63621.5
1785373200000,63624.1,63754.6,63581,63719.7
1785373500000,63718.9,63806.5,63648,63693.4
1785373800000,63693.3,63733.2,63593.8,63593.8
1785374100000,63624.7,63684.8,63578.2,63634.8
1785374400000,63632.9,63767.4,63617.9,63728.9
1785374700000,63726.8,63767.5,63703.6,63733.2
1785375000000,63756.6,63901.6,63728.8,63866.7
1785375300000,63902.2,63986.8,63858.4,63860.5
1785375600000,63880.8,63992.3,63861,63984.3
1785375900000,63971.8,64194,63942.5,64126.4
1785376200000,64158.4,64242.3,64071.9,64198.2
1785376500000,64197.6,64295.9,64150.6,64191.6
1785376800000,64199.1,64259.8,64132.6,64169.7
1785377100000,64169.6,64306.8,64141.3,64212.9
1785377400000,64213,64317.4,64186.3,64241.8
1785377700000,64222.8,64309.5,64193.4,64260.8
1785378000000,64230.2,64337.5,64229.8,64236.6
1785378300000,64236.3,64295.3,64220.7,64245.6
1785378600000,64271.8,64273.4,64147.9,64155.8
1785378900000,64148.9,64180,64112.8,64143.1
1785379200000,64143.2,64249.2,64126.8,64242.2
1785379500000,64238.5,64242.4,64139.2,64178.1
1785379800000,64185.8,64227.8,64144.7,64167.7
1785380100000,64143,64178.2,64053.1,64109.8
1785380400000,64112.8,64157.8,64073.3,64148.2
1785380700000,64149.8,64192.8,64086.7,64107.8
1785381000000,64099.8,64126.3,64029.1,64112.8
1785381300000,64121.9,64226,64088.8,64152.4
1785381600000,64148.6,64160.8,64091.9,64147.1
1785381900000,64115.4,64198.3,64114.5,64187.6
1785382200000,64182.8,64188.8,64048.9,64122.3
1785382500000,64114.8,64140.6,64030,64084.2
1785382800000,64053.4,64098.1,64037.3,64069.8
1785383100000,64084.8,64130.9,64054.9,64086.6
1785383400000,64115.9,64146.7,64070.7,64095.5
1785383700000,64116.8,64134.5,64050,64058.3
1785384000000,64058.2,64103.8,64005.2,64038.2
1785384300000,64038.3,64081.5,64015.2,64022.4
1785384600000,64039.8,64052.8,63998,64052.1
1785384900000,64024.8,64060.8,63996.7,64013.8
1785385200000,64021.8,64052.6,63988,63993.2
1785385500000,63993.4,64061.1,63989.6,63993.1
1785385800000,63988.2,64078.8,63988.2,64061.8
1785386100000,64041,64083.2,63960.2,63994.3
1785386400000,63994.4,64053,63951.6,63988.7
1785386700000,63988.8,64071.2,63973.4,64029.8
1785387000000,64000.8,64055.8,63975.6,63990.1
1785387300000,64011.4,64015.4,63895,63914.5
1785387600000,63914.6,63948.8,63827,63884.3
1785387900000,63884.2,63964.5,63868.5,63898.8
1785388200000,63876,63938,63859.7,63893.8
1785388500000,63900.7,63938.7,63838.4,63878.3
1785388800000,63915,63930.6,63807.6,63847.4
1785389100000,63815.3,63946.8,63814.5,63911.6
1785389400000,63934.7,64099.8,63889.7,64018.3
1785389700000,64051.2,64055.8,63956.2,63983.4
1785390000000,63956.4,64050.4,63947.1,64044
1785390300000,64045.6,64084.4,63957.7,64008.6
1785390600000,64010.9,64027.2,63915.2,63952.8
1785390900000,63922.5,63973.5,63882.9,63934.8
1785391200000,63934.7,63982.5,63897.9,63950.4
1785391500000,63987.4,64002.3,63889.9,63913.8
1785391800000,63891.5,63958.3,63872.7,63916.4
1785392100000,63916.8,63926.8,63862.7,63872.2
1785392400000,63908,63954.7,63858.3,63947.9
1785392700000,63913.6,64006.1,63913.6,63971
1785393000000,63971.2,64008.3,63886.7,63902.5
1785393300000,63922.8,63955.6,63864,63909.3
1785393600000,63909.4,63952.8,63890.3,63898.6
1785393900000,63897.6,63946.8,63850.1,63899.8
1785394200000,63927.3,63928.8,63856.9,63883.6
1785394500000,63892.8,63932.8,63862.3,63891.3
1785394800000,63891.2,64073.1,63884.2,63986.6
1785395100000,63986.7,64035.3,63912.5,63995.3
1785395400000,63964,64027,63935.6,63980.3
1785395700000,63982.4,64066.5,63882.2,64024.8
1785396000000,64016.9,64055.4,63956.6,64046.8
1785396300000,64015.5,64072.8,63930.6,63957.4
1785396600000,63957.5,63993.7,63860.6,63909.3
1785396900000,63911.8,63947.8,63830.1,63944.3
1785397200000,63949.3,63975.8,63899.8,63932.9
1785397500000,63962.2,63962.2,63884.4,63927.8
1785397800000,63895.5,63962.6,63870.6,63929.9
1785398100000,63924,63936.5,63870.8,63892.7
1785398400000,63901.5,63952.9,63871.3,63939.4
1785398700000,63938.3,63989.1,63879.5,63920.8
1785399000000,63903.3,63988.8,63890.8,63890.8
1785399300000,63889.8,63980.8,63864.5,63933.8
1785399600000,63912.8,64124,63910.6,64091
1785399900000,64088.1,64261.2,64080.6,64157.3
1785400200000,64182.1,64258.5,64164,64198.9
1785400500000,64190.5,64223.2,64138.6,64163.7
1785400800000,64159.8,64262.8,64124.5,64236.3
1785401100000,64236.2,64274.4,64194.3,64211.2
1785401400000,64211.1,64251.7,64179.6,64213.8
1785401700000,64190.8,64227.2,64169.2,64214.8
1785402000000,64217.8,64231.9,64160.7,64195.7
1785402300000,64195.9,64246.9,64164.9,64227.3
1785402600000,64249.1,64324.9,64189.1,64293.3
1785402900000,64311,64365.5,64268.4,64293.2
1785403200000,64309.4,64410.8,64291.2,64404
1785403500000,64405.2,64440.6,64368.6,64386.5
1785403800000,64408.8,64536.8,64380.7,64513
1785404100000,64513.7,64550,64450.9,64471.4
1785404400000,64493.8,64542.8,64444.4,64507.8
1785404700000,64512.8,64551.4,64481.9,64482.9
1785405000000,64511.3,64528.9,64452.8,64486.8
1785405300000,64491.9,64516.8,64459.1,64478.8
1785405600000,64490.8,64520.8,64454.2,64499.9
1785405900000,64501.9,64546.2,64484.6,64517.8
1785406200000,64523.8,64531.8,64454.7,64479.8
1785406500000,64493.8,64535.8,64465.2,64504.4
1785406800000,64527.8,64551.5,64495.3,64531.4
1785407100000,64532.1,64545.9,64511,64535.6
1785407400000,64546.8,64553.8,64465.1,64480.3
1785407700000,64480.1,64504.8,64449.1,64494.8
1785408000000,64468,64545.7,64468,64521.8
1785408300000,64527.8,64537.4,64477.1,64507.8
1785408600000,64501.8,64526.8,64458.3,64465.8
1785408900000,64485.8,64499.8,64454,64487
1785409200000,64472.4,64498.2,64430.1,64498.2
1785409500000,64494.2,64540.8,64446.5,64539.3
1785409800000,64538.7,64552.8,64500,64503.4
1785410100000,64513.8,64587.5,64504.6,64536.1
1785410400000,64519.4,64532.5,64466.2,64516.2
1785410700000,64493.7,64524.4,64462,64498.8
1785411000000,64486.8,64507.8,64450.4,64467.8
1785411300000,64479.8,64625.1,64456.9,64550.3
1785411600000,64566.5,64594.8,64538,64581.8
1785411900000,64566.1,64589.8,64536.4,64580.8
1785412200000,64592.4,64783.8,64572.2,64765.8
1785412500000,64778.4,64807.2,64682.6,64690.1
1785412800000,64713,64808.7,64677.6,64783.8
1785413100000,64783.7,64837.8,64744,64803.9
1785413400000,64814.8,64942.8,64788.6,64903.8
1785413700000,64886.2,64944.8,64793.5,64815.5
1785414000000,64823.8,64888.7,64759.4,64857.3
1785414300000,64840.4,64885.1,64769.5,64769.5
1785414600000,64775.4,64869,64751.2,64801.7
1785414900000,64804.7,64847,64768.3,64791.9
1785415200000,64792.5,64837.9,64729.1,64730.5
1785415500000,64762.8,64813.6,64727.9,64794.1
1785415800000,64769.3,64842.9,64765.5,64828
1785416100000,64805.4,64867.4,64791.8,64833.8
1785416400000,64824.9,64883.6,64745.3,64800.2
1785416700000,64804.9,64862.6,64770.8,64799.8
1785417000000,64789.8,64808.1,64725.9,64741.6
1785417300000,64741.7,64785,64717.2,64762.3
1785417600000,64744.8,64781.8,64713.3,64779.8
1785417900000,64757.9,64817.8,64729.2,64764.8
1785418200000,64762.8,64781.8,64619.6,64642.6
1785418500000,64666.3,64705.8,64598.3,64650.7
1785418800000,64650.9,64950.8,64604.2,64923.7
1785419100000,64923.8,65094.8,64906.3,65045.4
1785419400000,65070.8,65091.8,64913.1,64913.1
1785419700000,64913,65002.8,64907.4,64955.8
1785420000000,64954.8,64977.8,64799.7,64847.8
1785420300000,64836.7,64847.8,64662.5,64711.8
1785420600000,64709.8,64722.9,64626.3,64664.8
1785420900000,64665.8,64716.1,64547.6,64589.8
1785421200000,64584.3,64705.2,64531,64671.5
1785421500000,64695.8,64793,64662.5,64708.9
1785421800000,64714.8,64803.1,64669,64751.2
1785422100000,64752.9,64782.3,64640.4,64757.3
1785422400000,64760.2,64783.7,64715.5,64716.2
1785422700000,64741.1,64752.6,64654.7,64743.5
1785423000000,64743.7,64782.5,64657.6,64677.8
1785423300000,64676.8,64676.9,64533.2,64613.8
1785423600000,64615.8,64692.2,64514.8,64692.2
1785423900000,64662.5,64751.8,64615.6,64749.8
1785424200000,64736.8,64766.4,64598.7,64659.8
1785424500000,64655.8,64710.8,64607.6,64704.2
1785424800000,64688.6,64819.8,64685.6,64706
1785425100000,64732.8,64753.8,64589.2,64620
1785425400000,64619.8,64629.9,64549.1,64590
1785425700000,64593.5,64660.3,64585.8,64659.9
1785426000000,64650.8,64720.5,64611.6,64695.5
1785426300000,64700.2,64738.4,64649.2,64707.8
1785426600000,64706.8,64707.8,64605.7,64663.8
1785426900000,64639,64668.8,64587.9,64657.4
1785427200000,64664.8,64763.8,64638.8,64759.8
1785427500000,64757.8,64800.8,64730.8,64777.8
1785427800000,64775.8,64897.8,64754.3,64866.8
1785428100000,64867.8,64889.8,64785.4,64833.9
1785428400000,64827.9,64838.8,64753.5,64786.8
1785428700000,64785.8,64840.8,64758.7,64825.8
1785429000000,64826.8,64828.8,64733.6,64809.8
1785429300000,64808.8,64836.7,64763,64802.8
1785429600000,64792,64800.8,64665.6,64707.5
1785429900000,64709.8,64748.9,64684.3,64718.9
1785430200000,64719.2,64772.8,64707.2,64745
1785430500000,64746,64786.2,64726.3,64747.2
1785430800000,64751.2,64805.8,64732.7,64770
1785431100000,64773.7,64794.8,64717.4,64742.7
1785431400000,64767.8,64793,64684.5,64728.8
1785431700000,64724.9,64830.8,64699.4,64830.8
1785432000000,64805.9,64894.8,64805.3,64877.7
1785432300000,64875.6,64893.6,64815.7,64877.1
1785432600000,64880.8,64896.6,64767.4,64777.7
1785432900000,64768,64859.2,64739.8,64779.8
1785433200000,64810.1,64920.8,64790.9,64870.4
1785433500000,64870.1,64888.1,64824.5,64824.5
1785433800000,64837,64842.8,64786.5,64803.8
1785434100000,64804.8,64808.8,64771.6,64802.8
1785434400000,64781.4,64819.8,64772.8,64799.8
1785434700000,64800.8,64840.4,64747.3,64760.3
1785435000000,64757.4,64775.5,64731.8,64751.8
1785435300000,64735.8,64752.8,64651,64697
1785435600000,64697.3,64736.3,64690.9,64725.8
1785435900000,64713.4,64749.4,64704.3,64715.1
1785436200000,64713,64762.8,64684.4,64684.5
1785436500000,64684.3,64704.8,64626.3,64630.6
1785436800000,64627.6,64679,64627.6,64672.6
1785437100000,64648.6,64675.9,64617.8,64620.1
1785437400000,64615.2,64657.5,64603.3,64624.8
1785437700000,64625.8,64644,64598.5,64635.8
1785438000000,64636.8,64721.8,64611.8,64720.4
1785438300000,64692.6,64785.4,64682.9,64741.5
1785438600000,64758.8,64795.8,64739.4,64772.8
1785438900000,64770.6,64801.6,64707.8,64770.8
1785439200000,64746.6,64800.9,64732.3,64783.8
1785439500000,64784.8,64842.3,64750.2,64797.6
1785439800000,64799.2,64819.8,64738.7,64803.4
1785440100000,64800.8,64821.3,64750.1,64768.8
1785440400000,64768.9,64799.4,64737,64778.9
1785440700000,64777.6,64783.5,64683.1,64727.2
1785441000000,64728.6,64803,64690,64761.8
1785441300000,64755.8,64769.2,64685.6,64714.6
1785441600000,64720.1,64880.9,64698.8,64839.8
1785441900000,64840.8,64856.9,64729,64762.8
1785442200000,64754.8,64763.6,64696.8,64727.8
1785442500000,64704,64768.7,64684.4,64762.3
1785442800000,64732.3,64818.4,64732.3,64801.8
1785443100000,64799.8,64801.8,64703,64703.1
1785443400000,64708.3,64766.8,64665.9,64716
1785443700000,64740.8,64747.5,64697.4,64730.8
1785444000000,64731.8,64823.3,64703.4,64811.1
1785444300000,64800.8,64831.8,64739.4,64801.7
1785444600000,64796.8,64798.8,64737.7,64740.4
1785444900000,64740.3,64766,64677.6,64712.6
1785445200000,64689.8,64746.5,64689.8,64732.4
1785445500000,64729.2,64735.8,64679.8,64689.2
1785445800000,64697.7,64718.8,64647.3,64693.8
1785446100000,64690.8,64692.6,64660.4,64692.6
1785446400000,64687.8,64703.1,64662.8,64665
1785446700000,64665,64695.8,64664.2,64688.8
1785447000000,64670.8,64696.1,64664.2,64664.8
1785447300000,64691.2,64719.9,64665.3,64717.4
1785447600000,64720.1,64740.6,64660.1,64676.6
1785447900000,64696.7,64718.9,64649.7,64684.7
1785448200000,64684.3,64697.5,64641.5,64666.8
1785448500000,64642.5,64693.2,64622.1,64644.4
1785448800000,64673.7,64776.5,64576.4,64715.1
1785449100000,64715.2,64904.1,64713.5,64856.1
1785449400000,64856.3,64917.4,64819.6,64844.1
1785449700000,64844,64901.6,64806.8,64849.5
1785450000000,64819.9,64887.5,64813,64851.2
1785450300000,64854.8,64946.9,64826.4,64913.7
1785450600000,64914,64966.3,64829.7,64857
1785450900000,64889.2,64894.5,64799.5,64820.5
1785451200000,64845.5,64873.5,64784,64854.3
1785451500000,64858.7,64866.2,64790.3,64797.5
1785451800000,64797.9,64835.9,64788.9,64791.9
1785452100000,64792,64820,64748.7,64795.8
1785452400000,64795.6,64823.8,64742.9,64810.2
1785452700000,64777.3,64868.1,64777,64816.8
1785453000000,64843.9,64892.4,64810.1,64887.9
1785453300000,64860.2,64895.5,64830.1,64858.8
1785453600000,64841.9,64873.7,64814.1,64873.1
1785453900000,64872.8,64884.9,64818.6,64849.3
1785454200000,64848.7,65013.1,64840.1,64980.1
1785454500000,65007.1,65035.8,64965.8,65028.7
1785454800000,65001.4,65004.8,64704.1,64764.6
1785455100000,64767.8,64835.4,64734.3,64831.7
1785455400000,64800.7,64831.7,64661.9,64730.8
1785455700000,64719.8,64746.3,64691,64697.1
1785456000000,64713.8,64825.3,64697.8,64824.6
1785456300000,64789.6,64846.3,64691.5,64733.5
1785456600000,64736.1,64769.5,64683.3,64735.2
1785456900000,64731.6,64773,64691.3,64693.2
1785457200000,64692.7,64759.6,64672.4,64714.1
1785457500000,64713.1,64724,64646.5,64720.2
1785457800000,64692.4,64769.1,64658.8,64696.6
1785458100000,64711.5,64765.9,64668.6,64701.8
1785458400000,64716.2,64743.9,64677.1,64729.8
1785458700000,64743,64757.8,64659.7,64696.3
1785459000000,64700.2,64706.6,64615.6,64631.8
1785459300000,64647.7,64679.1,64607.7,64673.7
1785459600000,64642.4,64901.4,64642.4,64901.4
1785459900000,64907.9,65283.1,64870.6,65258.8
1785460200000,65274.1,65342.8,65086.9,65124.8
1785460500000,65125.8,65141,65003.7,65031.2
1785460800000,64999.8,65056.7,64940.6,65051.2
1785461100000,65042.8,65171.9,65017.1,65121.5
1785461400000,65120.8,65124.1,64958.1,64958.5
1785461700000,64989.9,64998.7,64815.7,64868.7
1785462000000,64864.4,64887.6,64742.7,64772.4
1785462300000,64772.8,64835.8,64497,64557.2
1785462600000,64527.7,64604,64452.7,64512.4
1785462900000,64510.4,64557.6,64405.4,64495.8
1785463200000,64494.8,64535.3,64377.9,64467.9
1785463500000,64429.9,64556.8,64429.1,64517.3
1785463800000,64534.3,64538.3,64400.1,64422.8
1785464100000,64417.8,64417.8,64290.9,64355.8
1785464400000,64354.5,64374.9,64292.3,64315.8
1785464700000,64326,64374.3,64266.4,64298.4
1785465000000,64286.4,64360.4,64234.5,64307.8
1785465300000,64280.1,64314.2,64190.5,64235.8
1785465600000,64234.8,64236,64114.8,64140.3
1785465900000,64175.1,64304.6,64133.7,64230.7
1785466200000,64264.9,64291.7,64154.3,64251.8
1785466500000,64249.8,64250.8,64150.3,64238.2
1785466800000,64233.3,64233.3,64138.7,64193.8
1785467100000,64191.8,64195.2,64120.3,64189.7
1785467400000,64181.3,64212.2,64090.5,64202.8
1785467700000,64200.2,64283.1,64127.6,64266.8
1785468000000,64279.5,64347.1,64254.7,64332.8
1785468300000,64343.1,64360.8,64269.4,64315.8
1785468600000,64314.8,64359.5,64250.3,64269.3
1785468900000,64260.3,64316.9,64207.1,64260.5
1785469200000,64269,64347.3,64234.8,64323.8
1785469500000,64322.8,64337.4,64256.6,64294.5
1785469800000,64290.7,64382.4,64255,64379.3
1785470100000,64348.9,64367.5,64272.1,64308
1785470400000,64296.6,64383.1,64261.2,64362.8
1785470700000,64359.8,64367.2,64263.5,64344
1785471000000,64312.3,64346.7,64261,64296.8
1785471300000,64306.6,64320.7,64199.4,64246.7
1785471600000,64241.7,64241.7,64147.3,64185.4
1785471900000,64184.5,64279.5,64154.8,64277.1
1785472200000,64279.5,64307.6,64214.6,64240
1785472500000,64242.5,64281.9,64211.9,64267.3
1785472800000,64256.6,64260.8,64201.2,64239.8
1785473100000,64246.4,64274.6,64210.4,64229
1785473400000,64207.2,64262.3,64205.3,64262.3
1785473700000,64253.4,64271.4,64206.1,64220
1785474000000,64241.8,64354.6,64232.7,64350.4
1785474300000,64354,64360.9,64267.8,64328
1785474600000,64332.2,64360.4,64296.9,64346.8
1785474900000,64347.8,64357.4,64293.6,64332.7
1785475200000,64337.8,64363.6,64283,64322.8
1785475500000,64319.8,64319.8,64235.9,64261.8
1785475800000,64260.8,64304.3,64231.2,64259.1
1785476100000,64227.1,64286.7,64203.2,64241.6
1785476400000,64256.8,64280.5,64210.7,64227.8
1785476700000,64225.6,64248.8,64183.2,64195
1785477000000,64223.8,64279.3,64186.2,64275.7
1785477300000,64270.8,64311.8,64234.4,64274.8
1785477600000,64291.6,64291.6,64236.1,64287.1
1785477900000,64292.1,64330.3,64263.2,64326.4
1785478200000,64331.7,64336.1,64286,64313.8
1785478500000,64314.8,64321.9,64276.3,64314.8
1785478800000,64323.8,64334.1,64289.5,64289.6
1785479100000,64305.8,64402,64277.6,64386.8
1785479400000,64375.8,64440.5,64343.4,64375.7
1785479700000,64377.3,64389.5,64273,64283.9
1785480000000,64311.3,64324.6,64183.9,64215.8
1785480300000,64196.3,64213.2,64115.7,64204.2
1785480600000,64169.5,64215.7,64130.5,64182.8
1785480900000,64187.6,64224.5,64154.5,64154.5
1785481200000,64148,64190.7,64041.9,64062.8
1785481500000,64069,64099.4,63936.1,64056.8
1785481800000,64067.6,64070.4,63954.5,64009.5
1785482100000,63972.6,64042.6,63928,64024.2
1785482400000,64026.5,64030.6,63900.6,63921.8
1785482700000,63901.5,63954.6,63901.5,63910.1
1785483000000,63929.8,63972.3,63864.5,63898.5
1785483300000,63919.8,63967,63852.3,63925.8
1785483600000,63935.3,63935.3,63779.8,63856.8
1785483900000,63855.8,63922.2,63841.2,63909.5
1785484200000,63912.2,63959.9,63872,63925.8
1785484500000,63923.8,63925.8,63870.2,63886.8
1785484800000,63885.8,63902.4,63798.1,63864
1785485100000,63883.8,63883.8,63778.4,63797.8
1785485400000,63795.8,63912.3,63770.6,63856.9
1785485700000,63885.7,63914.8,63793,63830.8
1785486000000,63829.8,63847.1,63776.2,63813.4
1785486300000,63779.9,63921.9,63779.9,63895.8
1785486600000,63898.8,63898.8,63819.4,63888.6
1785486900000,63883.8,63888.6,63777.2,63808.8
1785487200000,63777.1,63813.3,63732,63785.8
1785487500000,63783.8,63848.3,63760,63818.8
1785487800000,63798.4,63819.8,63718.9,63739
1785488100000,63767.8,63800.2,63724.1,63763.8
1785488400000,63761.8,63788.7,63730.1,63744.6
1785488700000,63744.5,63776.9,63672.6,63728.8
1785489000000,63734.4,63766.2,63657.7,63745.7
1785489300000,63749.6,63750.7,63643.8,63671.8
1785489600000,63672.8,63685.1,63610.6,63621.6
1785489900000,63620.7,63649.1,63603.9,63639.4
1785490200000,63607.1,63671.3,63548.4,63608.8
1785490500000,63609.8,63674,63585.1,63638.6
1785490800000,63627.1,63669.6,63600,63635.1
1785491100000,63635.7,63656.1,63591.8,63653.8
1785491400000,63656.1,63691.8,63621.5,63647.8
1785491700000,63644.8,63671.2,63607.4,63660.6
1785492000000,63644,63663.2,63570.4,63605.8
1785492300000,63606.8,63645.6,63519.3,63645.6
1785492600000,63645.5,63680.5,63617.5,63672.8
1785492900000,63671.8,63681.6,63614.5,63681.6
1785493200000,63681.8,63732.2,63662.8,63716.8
1785493500000,63692.8,63764.8,63692.8,63763.6
1785493800000,63752,63800.3,63730.4,63786.8
1785494100000,63784.8,63817.7,63752.8,63791.6
1785494400000,63769.7,63847.3,63769.7,63836.8
1785494700000,63837.8,63863.3,63785.8,63812.8
1785495000000,63811.8,63890.3,63795.8,63880.8
1785495300000,63881.8,63895.3,63834.5,63856.8
1785495600000,63834.6,63941.8,63831.3,63935.8
1785495900000,63934.8,63954.4,63849.9,63872.8
1785496200000,63873.8,63873.8,63812.1,63853.9
1785496500000,63818.5,63877,63771.2,63824.3
1785496800000,63846.7,63908.9,63821.4,63908.7
1785497100000,63910.3,63910.3,63807.6,63813.5
1785497400000,63833.8,63841.3,63770.7,63796.8
1785497700000,63796.8,63831.8,63762.3,63791.8
1785498000000,63792.8,63814.3,63753.1,63759.5
1785498300000,63779.8,63796.9,63721.1,63751.8
1785498600000,63750.8,63785.8,63726.9,63782.8
1785498900000,63781.8,63782.8,63705,63738.8
1785499200000,63739.8,63773.4,63672.4,63672.8
1785499500000,63699.8,63707.3,63657.5,63703.1
1785499800000,63692.8,63701.6,63606.9,63662.8
1785500100000,63660.8,63669.8,63610.6,63643.8
1785500400000,63641.8,63692.8,63618.6,63666.8
1785500700000,63660.8,63714,63643.3,63687.8
1785501000000,63689.8,63689.8,63535.5,63593.8
1785501300000,63592.8,63663.4,63523.7,63584.8
1785501600000,63588.8,63633.1,63533.4,63602.8
1785501900000,63600.8,63660.4,63562.8,63636.8
1785502200000,63635.8,63696,63591.2,63677.7
1785502500000,63679.2,63697.5,63617.2,63690.8
1785502800000,63689.8,63708.8,63657.2,63698.8
1785503100000,63697.8,63718.8,63640.7,63676.8
1785503400000,63677.8,63705.8,63621.1,63705.8
1785503700000,63704.8,63750.1,63684,63746.8
1785504000000,63731.2,63769.8,63664.1,63737.8
1785504300000,63736.8,63768.8,63709.4,63759.9
1785504600000,63754.5,63754.5,63453.4,63651.8
1785504900000,63646.8,63693.8,63489.1,63554.8
1785505200000,63547.9,63592.8,63367.6,63400.8
1785505500000,63399.8,63466.8,63212.1,63365.8
1785505800000,63363.8,63363.8,63157.7,63227.9
1785506100000,63229.8,63266.2,63151.2,63209.8
1785506400000,63205.8,63247.8,62891.8,62958.8
1785506700000,62918.4,62940.3,62449.2,62601.8
1785507000000,62594,62823.8,62371.2,62586.4
1785507300000,62586.3,62677.8,62406.2,62496.5
1785507600000,62493.7,62585.8,62419.5,62520.4
1785507900000,62525.8,62590.8,62402.2,62529.9
1785508200000,62533.1,62665.4,62478.5,62663.5
1785508500000,62655.7,62734.8,62582.6,62608.3
1785508800000,62607.8,62649.8,62499.2,62603.8
1785509100000,62598.7,62741.8,62541.2,62695.6
1785509400000,62695.3,62730.8,62490.3,62525.1
1785509700000,62538.8,62676.8,62476.4,62585.3
1785510000000,62620.8,62620.8,62470.1,62563.5
1785510300000,62563.3,62641.8,62510.3,62550.5
1785510600000,62556.3,62568.8,62442.6,62500
1785510900000,62499.9,62636.8,62463.8,62484.6
1785511200000,62484.8,62571.8,62398.9,62406.1
1785511500000,62406.4,62514.8,62371.6,62470.1
1785511800000,62470.2,62559.8,62449.5,62503.9
1785512100000,62537.5,62687.7,62509.5,62613.9
1785512400000,62613.2,62696.8,62585.7,62641.7
1785512700000,62641.8,62694.8,62518.7,62555.5
1785513000000,62555.8,62693.8,62554.7,62633.4
1785513300000,62633.2,62691.8,62608,62634.6
1785513600000,62613.5,62750.8,62597.3,62685.7
1785513900000,62685.8,62816.8,62671.3,62761
1785514200000,62761.1,62837.9,62758.5,62802.8
1785514500000,62800.6,62841.6,62704,62832.8
1785514800000,62831.8,62873.8,62791.5,62852.6
1785515100000,62853.8,62867.8,62758.2,62860.8
1785515400000,62858.8,62862.9,62763.3,62810.8
1785515700000,62808.8,62810.8,62715.1,62781.8
1785516000000,62778.8,62806.2,62719.2,62781.8
1785516300000,62784.8,62803.8,62722.3,62757.8
1785516600000,62760.1,62816.4,62735.8,62792
1785516900000,62792.8,62822.3,62763,62811.8
1785517200000,62806.8,62862.3,62735.2,62816.8
1785517500000,62814.8,62816.8,62700.8,62764.8
1785517800000,62766.8,62836.8,62745.1,62836.8
1785518100000,62836.6,62904.8,62771,62864.8
1785518400000,62865.8,62913.5,62768,62888.8
1785518700000,62894.8,62935.8,62853.9,62886.6
1785519000000,62915.8,63014.8,62870,62998.8
1785519300000,62972.5,63039.8,62953.3,62992.8
1785519600000,62989.8,63000.6,62954.7,62994.8
1785519900000,62993.8,63079.8,62973.5,63040.4
1785520200000,63057.1,63189.2,63040.2,63189.2
1785520500000,63189.8,63230.8,63140.2,63181.8
1785520800000,63181.3,63239.8,63130.2,63162.4
1785521100000,63190.8,63190.8,63091.8,63154.8
1785521400000,63151.8,63157.5,63053.8,63092.8
1785521700000,63087.8,63113.8,63027.6,63106.3
1785522000000,63110.8,63124.8,63071.1,63108.8
1785522300000,63102.8,63108.8,62968.1,62997.8
1785522600000,62996.8,63032.8,62968.9,62998.8
1785522900000,62996.8,63032.8,62872,62914.8
1785523200000,62911.8,62975,62877.5,62972.8
1785523500000,62971.8,63054.5,62944.3,63023.8
1785523800000,63019.8,63117.4,62984.8,63068.9
1785524100000,63072.8,63083.4,63016.6,63037.8
1785524400000,63036.8,63100.8,62948.1,62986.8
1785524700000,62961.8,63018.1,62941,62994.8
1785525000000,63001.2,63019.3,62945.4,63010.4
1785525300000,63015.3,63015.4,62942.5,62985.8
1785525600000,62981.5,63014.7,62930.1,62976.2
1785525900000,62943.3,62976.5,62932.5,62933.7
1785526200000,62961.9,62969.8,62884.6,62947.8
1785526500000,62948.4,62955.3,62852.6,62903.8
1785526800000,62904.8,62945.6,62846.9,62938.8
1785527100000,62911.8,62997.8,62911.7,62947.8
1785527400000,62949.8,62966.8,62908.9,62954.8
1785527700000,62950.8,62967.8,62873.3,62915
1785528000000,62888.1,62946.1,62883,62927.6
1785528300000,62927.8,62930.8,62855.1,62888.3
1785528600000,62887.8,62942.4,62878.7,62912.8
1785528900000,62936.8,62975.1,62911.9,62926.5
1785529200000,62926.4,62963.2,62894.6,62920.8
1785529500000,62918.8,62955.8,62894,62946.2
1785529800000,62947.6,62949.5,62890.7,62915.9
1785530100000,62944.8,62944.8,62878.7,62898.8
1785530400000,62895.2,62956.1,62871.4,62914.1
1785530700000,62931.6,62955.2,62891.3,62914.3
1785531000000,62891.9,62941.7,62837.6,62892.8
1785531300000,62898.8,62920.4,62846.7,62874.9
1785531600000,62891.3,62891.3,62779.2,62853.2
1785531900000,62855.3,62911,62855.3,62911
1785532200000,62904.2,62957.7,62898.5,62953.9
1785532500000,62956,62978.6,62945.7,62956.4
1785532800000,62960.5,62986.5,62956.4,62986.5
1785533100000,62984.3,62984.3,62940.8,62958.7
1785533400000,62959.5,62981.3,62937.7,62960.4
1785533700000,62960.6,62974.2,62932.1,62974.2
1785534000000,62974.1,62977.1,62932.7,62974
1785534300000,62971.7,62997.6,62952.6,62984.7
1785534600000,62989.1,62989.1,62934.9,62935
1785534900000,62928.1,62928.1,62864.9,62897.9
1785535200000,62869,62895.5,62811.3,62895.5
1785535500000,62892.6,62967.5,62892.6,62967.5
1785535800000,62963.2,62969.6,62938.5,62946.5
1785536100000,62947.4,62959.8,62939.9,62942.1
1785536400000,62947.4,62967,62942.7,62943
1785536700000,62938.3,62961,62930.4,62930.4
1785537000000,62926,62947.6,62920.9,62923.2
1785537300000,62923.8,62923.8,62857.4,62893.6
1785537600000,62895.1,62903.5,62883.7,62886.2
1785537900000,62895.2,62906.8,62877,62877
1785538200000,62877.9,62880.9,62855.9,62878.7
1785538500000,62871.2,62895.5,62871.2,62888
1785538800000,62894.2,62918.2,62892.9,62917.7
1785539100000,62918.6,62937.6,62918.6,62931.9
1785539400000,62930.4,62945.8,62910.4,62919.1
1785539700000,62913.5,62953.7,62908.2,62947.4
1785540000000,62948.9,62958.2,62919.4,62925.5
1785540300000,62927,62936,62918.2,62925.6
1785540600000,62931.5,62940.6,62912.2,62926.9
1785540900000,62922.8,62926.2,62904.5,62921.2
1785541200000,62922.2,62922.2,62893.4,62893.9
1785541500000,62892.4,62892.4,62826.8,62831
1785541800000,62829.5,62852.1,62798.2,62815.2
1785542100000,62816.1,62832,62805.4,62830.5
