timestamp,open,high,low,close
1677628800000,23102.9,23140.3,23102.9,23140.3
1677629100000,23140.8,23145.7,23091.5,23091.6
1677629400000,23091.7,23134.3,23088.6,23130
1677629700000,23130.3,23148.8,23129.1,23148.8
1677630000000,23148.8,23182.2,23143,23174.5
1677630300000,23174.5,23174.5,23137.8,23142.1
1677630600000,23142.1,23178.4,23139.4,23166.5
1677630900000,23166.5,23172.7,23150.4,23157.9
1677631200000,23157.9,23159.4,23112.7,23119.8
1677631500000,23119.8,23119.8,23058.9,23064.8
1677631800000,23064.8,23069.4,22998.5,22998.5
1677632100000,22998.5,23079.9,22994.6,23064.3
1677632400000,23064.3,23085.9,23045,23078.8
1677632700000,23079,23101.8,23065.1,23090.4
1677633000000,23090.4,23131.2,23087.7,23128.8
1677633300000,23129.1,23133.4,23106.1,23107.7
1677633600000,23107.8,23115.7,23095.2,23112.3
1677633900000,23112.3,23114.8,23103.5,23114.8
1677634200000,23119.2,23228.1,23118.1,23224.6
1677634500000,23224.6,23238.5,23183.1,23212.3
1677634800000,23212.3,23212.3,23184.3,23206
1677635100000,23206,23214.4,23198.1,23214.4
1677635400000,23214.7,23256.8,23211.3,23227.8
1677635700000,23227.8,23233,23206.3,23216.6
1677636000000,23216.8,23226.8,23212.8,23212.8
1677636300000,23212.8,23216.5,23208.8,23209.6
1677636600000,23209.9,23232.4,23209.9,23228.7
1677636900000,23229,23248.2,23229,23248.2
1677637200000,23249.1,23253.8,23218.2,23218.2
1677637500000,23218.3,23238.7,23208.3,23212.6
1677637800000,23212.6,23229.4,23207.8,23229.2
1677638100000,23230.8,23259.5,23230.8,23246
1677638400000,23246.3,23282,23246.3,23266.4
1677638700000,23266.5,23276.5,23259.7,23259.7
1677639000000,23259.9,23277.8,23259.9,23273.9
1677639300000,23274.3,23297.9,23272.5,23296.5
1677639600000,23296.6,23299.3,23278.1,23296.8
1677639900000,23296.8,23331.7,23289.1,23293
1677640200000,23293.2,23405.8,23277.8,23404.5
1677640500000,23406.1,23459.2,23385.3,23389.2
1677640800000,23389.2,23415.3,23360.1,23395.6
1677641100000,23396.7,23432.6,23382.1,23393.4
1677641400000,23393.4,23442.9,23391.1,23431.3
1677641700000,23431.4,23450.9,23424.7,23427.9
1677642000000,23427.9,23450.4,23413,23450.1
1677642300000,23450.1,23450.1,23390.5,23396.2
1677642600000,23396.8,23407.8,23375,23387.2
1677642900000,23387.4,23411.1,23386.2,23406.7
1677643200000,23407.3,23419.5,23400.1,23403.4
1677643500000,23403.6,23407,23400.1,23400.1
1677643800000,23400.6,23405.6,23399.4,23399.4
1677644100000,23399.5,23437.3,23399.5,23416.4
1677644400000,23416.7,23442.1,23416.7,23435.8
1677644700000,23435.8,23446.4,23428.3,23438.5
1677645000000,23438.7,23457.9,23438.5,23446.6
1677645300000,23446.9,23490.9,23446.4,23470.3
1677645600000,23471.8,23489.5,23455.3,23460.2
1677645900000,23460.2,23711.2,23459.5,23700.4
1677646200000,23696.2,23780.7,23689.5,23780.7
1677646500000,23780.7,23804.7,23736.1,23754.6
1677646800000,23755.2,23785.9,23718.3,23737.6
1677647100000,23736,23760.3,23736,23737.4
1677647400000,23737.4,23748.3,23697.4,23706.8
1677647700000,23707.3,23725,23653.7,23656
1677648000000,23655.9,23672,23620.5,23640.5
1677648300000,23640.6,23660.2,23620.4,23648.3
1677648600000,23648.5,23666,23637.8,23637.8
1677648900000,23637.8,23669.4,23605.6,23669.4
1677649200000,23669.4,23681.3,23633.6,23645.6
1677649500000,23645.6,23652.2,23627.2,23634
1677649800000,23634.5,23663.1,23634.5,23653.9
1677650100000,23653.9,23667.5,23646.6,23660.3
1677650400000,23660.9,23672.6,23642.5,23644.6
1677650700000,23644.9,23653.8,23637.2,23643.2
1677651000000,23643.4,23707.2,23643.3,23680.8
1677651300000,23680.8,23685.6,23663.1,23664.1
1677651600000,23664.4,23682.2,23661.2,23682.2
1677651900000,23678.5,23698.3,23673.7,23695.6
1677652200000,23695.7,23728,23676.8,23718.8
1677652500000,23720.5,23731.3,23693.2,23719.6
1677652800000,23719.7,23753.9,23716.1,23746.4
1677653100000,23747.2,23757.4,23675.1,23681.8
1677653400000,23682.2,23762.9,23679.6,23710.5
1677653700000,23712,23740.6,23712,23721.7
1677654000000,23721.7,23725.9,23692.4,23697.6
1677654300000,23690,23692,23658.1,23684.1
1677654600000,23685.1,23726.2,23685.1,23713.2
1677654900000,23713.2,23720.6,23678.2,23683
1677655200000,23683.8,23698.7,23679.6,23689
1677655500000,23689,23707.1,23683.9,23688.3
1677655800000,23688.8,23698.4,23672.5,23676.7
1677656100000,23676.7,23677.7,23663.2,23663.4
1677656400000,23664,23686.2,23664,23683.2
1677656700000,23684,23695.7,23674.9,23677.9
1677657000000,23678.4,23689.1,23678,23681.9
1677657300000,23681.9,23683.1,23672.7,23682.5
1677657600000,23682.5,23695.9,23656.8,23691.6
1677657900000,23691.6,23720.5,23682.4,23710.7
1677658200000,23712.5,23749.5,23712.1,23740.6
1677658500000,23740.6,23747.9,23712.6,23739
1677658800000,23739,23750.7,23728.2,23740.4
1677659100000,23740.4,23740.4,23704.9,23707.1
1677659400000,23708.5,23717.1,23692.5,23711.5
1677659700000,23711.6,23733.9,23703.7,23724.2
1677660000000,23724.7,23729.5,23715.5,23723.4
1677660300000,23723.7,23738,23721,23723.9
1677660600000,23723.9,23951.2,23723.9,23913.9
1677660900000,23914.6,23953,23818.6,23840.6
1677661200000,23840.6,23872.7,23773.6,23812.5
1677661500000,23813.1,23818.8,23785.6,23798
1677661800000,23799,23819.6,23796.4,23819.6
1677662100000,23819.7,23821.7,23797.4,23806.1
1677662400000,23806.4,23813.6,23726.3,23744.6
1677662700000,23744.8,23761.6,23738.1,23759.9
1677663000000,23759.9,23765.9,23734.8,23765.9
1677663300000,23766.3,23781.1,23766.3,23770.7
1677663600000,23772.5,23775.5,23719.6,23730.1
1677663900000,23729.4,23736.6,23699.6,23713.1
1677664200000,23713.8,23733.5,23705.5,23733.5
1677664500000,23733.7,23748.6,23720.1,23726.1
1677664800000,23726.7,23731.9,23709,23712.9
1677665100000,23712.9,23715.1,23703,23706.6
1677665400000,23706.6,23713,23681.8,23702.2
1677665700000,23702.2,23702.8,23678.5,23680.2
1677666000000,23680.2,23685.4,23648.4,23684.1
1677666300000,23684.1,23701,23677,23693.1
1677666600000,23693.6,23703.3,23685.1,23694.7
1677666900000,23694.9,23723.4,23694.9,23719.3
1677667200000,23719.3,23732.5,23710.4,23721.6
1677667500000,23721.6,23725.6,23705.6,23713.4
1677667800000,23713.4,23727.9,23707.5,23727.6
1677668100000,23727.6,23748.1,23727.1,23743.1
1677668400000,23743.1,23751.3,23732.3,23735.3
1677668700000,23735.7,23751.7,23735.7,23748.1
1677669000000,23748.1,23751.2,23745.5,23748.3
1677669300000,23748.3,23750.1,23734.9,23748.6
1677669600000,23748.6,23749.2,23727.5,23734
1677669900000,23734,23736,23711.3,23716.1
1677670200000,23716.1,23732.8,23710.5,23724
1677670500000,23724,23724.1,23693.7,23702.7
1677670800000,23702.7,23711.6,23693,23711.5
1677671100000,23711.5,23711.5,23675.4,23679.6
1677671400000,23679.6,23691,23669,23674.2
1677671700000,23674.2,23705.5,23670.9,23703.5
1677672000000,23703.5,23708.9,23697.6,23702
1677672300000,23701.9,23716.2,23700.6,23707.1
1677672600000,23707.1,23707.1,23687.6,23690.8
1677672900000,23690.8,23709.3,23690.6,23709
1677673200000,23709,23716.7,23707.7,23713.3
1677673500000,23713.3,23758.3,23713.3,23758.1
1677673800000,23757.2,23783.6,23703.1,23705.2
1677674100000,23705.2,23717.2,23704.8,23711.4
1677674400000,23711.6,23736.1,23693.4,23694.7
1677674700000,23694.6,23702.2,23671.5,23702
1677675000000,23702.2,23702.2,23682.4,23695.3
1677675300000,23695.3,23697.6,23682.6,23693
1677675600000,23693,23698.7,23678.7,23683.6
1677675900000,23683.6,23686.8,23643.5,23653.3
1677676200000,23654.2,23670.5,23651.9,23654.9
1677676500000,23655.1,23667.3,23655,23663.4
1677676800000,23663.6,23669.8,23651.9,23658.3
1677677100000,23658.3,23658.3,23607.7,23612.3
1677677400000,23612.3,23645,23590.7,23590.8
1677677700000,23590.8,23646.9,23590.4,23646.9
1677678000000,23647.3,23672.5,23637.6,23639.9
1677678300000,23639.9,23656.8,23626.3,23656.8
1677678600000,23657,23661.2,23646.7,23652.4
1677678900000,23654.1,23665.1,23639.7,23661.9
1677679200000,23661.9,23671.4,23654.9,23670.1
1677679500000,23670.1,23670.1,23626,23637.1
1677679800000,23637.1,23653.4,23637.1,23653.4
1677680100000,23654.2,23657.9,23633.1,23636.7
1677680400000,23637,23662.6,23636.3,23657.5
1677680700000,23657.5,23665.9,23639.9,23650
1677681000000,23650.3,23674.8,23642.6,23645.4
1677681300000,23645.4,23645.4,23543.5,23629.5
1677681600000,23631.5,23716.2,23613.6,23684.7
1677681900000,23684.9,23841.5,23684.7,23833.7
1677682200000,23834,23847.2,23728.5,23744.2
1677682500000,23744.6,23757.2,23634.2,23646.5
1677682800000,23657,23707.1,23615,23632.6
1677683100000,23632.6,23632.6,23541.8,23580.7
1677683400000,23580.7,23622.5,23556.2,23619.8
1677683700000,23619.8,23644.7,23582.4,23632
1677684000000,23632,23684.7,23620.6,23661
1677684300000,23662.2,23669.3,23624.5,23649.1
1677684600000,23648.2,23665.5,23618.3,23665.5
1677684900000,23665.5,23731,23661.2,23701.9
1677685200000,23702.6,23732.1,23692.5,23699.9
1677685500000,23700.6,23720.7,23687.5,23707.8
1677685800000,23707.8,23707.8,23668.8,23671
1677686100000,23671,23691.4,23660.4,23683.1
1677686400000,23683.1,23683.1,23646.8,23650.6
1677686700000,23650.6,23651.8,23578.9,23584.7
1677687000000,23585.9,23587.3,23526.9,23571.2
1677687300000,23571.2,23593.4,23529.9,23573.1
1677687600000,23573.1,23610.1,23545.6,23602.8
1677687900000,23603.4,23618.6,23584,23591.3
1677688200000,23589.7,23614.6,23588,23611.5
1677688500000,23611.8,23629,23600.8,23612.8
1677688800000,23614.2,23686.3,23614.2,23649.5
1677689100000,23650.1,23707,23650.1,23680.5
1677689400000,23680.7,23695.9,23667.3,23681.9
1677689700000,23681.9,23693.1,23657.3,23664.1
1677690000000,23664.1,23671,23642.5,23645.5
1677690300000,23646,23690.9,23646,23690.9
1677690600000,23691,23706.3,23667.2,23685
1677690900000,23685.7,23689.8,23667.7,23677.2
1677691200000,23678,23706.5,23678,23683.7
1677691500000,23683.8,23702.3,23651.3,23654.6
1677691800000,23654.7,23679.1,23654.6,23666.4
1677692100000,23666.4,23680.8,23656.5,23673.7
1677692400000,23673.9,23698.8,23673.9,23695.4
1677692700000,23695.5,23706.3,23682.5,23706.3
1677693000000,23706.3,23706.3,23690.1,23697.7
1677693300000,23697.7,23697.7,23665.2,23674.6
1677693600000,23674.9,23686.3,23674.9,23681
1677693900000,23681.1,23689.5,23678.5,23684.6
1677694200000,23684.6,23684.7,23669.8,23676.5
1677694500000,23676.5,23691.6,23676.5,23683.3
1677694800000,23683.3,23683.3,23668.1,23672.8
1677695100000,23672.8,23672.8,23626.3,23647.7
1677695400000,23647.7,23647.7,23618.1,23626.5
1677695700000,23626.5,23678.1,23621.1,23669.1
1677696000000,23669.1,23669.1,23639.7,23650.3
1677696300000,23650.3,23653.9,23628.1,23647.2
1677696600000,23647.3,23651.6,23634.8,23644.7
1677696900000,23645.2,23663.8,23631,23663.8
1677697200000,23663.8,23663.8,23625.1,23630.4
1677697500000,23630.6,23638.4,23595.2,23606.2
1677697800000,23607.2,23633.1,23607.2,23628.8
1677698100000,23628.8,23647.9,23618.7,23623.9
1677698400000,23624.3,23636.9,23616.4,23636.9
1677698700000,23636.9,23636.9,23619,23619
1677699000000,23619,23619,23582.7,23585.4
1677699300000,23585.5,23599.6,23582.5,23582.5
1677699600000,23583.3,23609.1,23574.4,23603.5
1677699900000,23603.5,23603.5,23424.1,23449
1677700200000,23449,23449,23305.8,23349.5
1677700500000,23349,23352.3,23301.7,23322.5
1677700800000,23322.5,23380.9,23281.8,23372.9
1677701100000,23372.9,23419.4,23346.1,23408.9
1677701400000,23409.1,23413.2,23389.2,23397.3
1677701700000,23397.4,23433.7,23395.1,23419.7
1677702000000,23419.9,23429.5,23372.2,23384.9
1677702300000,23381.3,23393.4,23378.6,23382.1
1677702600000,23382.1,23398.6,23357.1,23390.1
1677702900000,23390.1,23390.1,23361.5,23364.8
1677703200000,23364.8,23403.8,23358.1,23400
1677703500000,23400.1,23410.2,23381.8,23410.2
1677703800000,23410.2,23410.2,23375.2,23379.4
1677704100000,23379.5,23391.2,23374,23381.8
1677704400000,23381.8,23386.1,23345.9,23352.9
1677704700000,23353.6,23357.8,23342.2,23345.5
1677705000000,23345.8,23381.4,23345.5,23377.6
1677705300000,23377.6,23398.9,23372.4,23398.9
1677705600000,23398.9,23426,23395.3,23425.4
1677705900000,23425.4,23457.8,23421.2,23457.8
1677706200000,23457.9,23502.2,23442.9,23495.1
1677706500000,23495.1,23550.8,23485.7,23550.8
1677706800000,23547.8,23547.8,23498.8,23506.1
1677707100000,23506.1,23506.1,23500.2,23500.2
1677707400000,23500.5,23535.7,23500.5,23526.2
1677707700000,23521.7,23529,23504,23523.2
1677708000000,23523.2,23523.2,23523.2,23523.2
1677708300000,23523.2,23525.8,23514,23518.9
1677708600000,23518.9,23518.9,23505.8,23505.8
1677708900000,23505.8,23505.8,23450.5,23467.5
1677709200000,23467.9,23469.9,23419.6,23426.5
1677709500000,23426.5,23452.4,23414.1,23441.2
1677709800000,23441.2,23465.7,23432.5,23456.2
1677710100000,23456.3,23465.3,23433.9,23453.1
1677710400000,23453.1,23488.5,23448.2,23481.3
1677710700000,23481.3,23517.1,23478.3,23483.9
1677711000000,23484.8,23512.2,23484.8,23501.9
1677711300000,23501.9,23502,23490,23502
1677711600000,23502,23503.2,23476.9,23476.9
1677711900000,23477.5,23502,23472.3,23502
1677712200000,23502,23513.8,23499.6,23501.6
1677712500000,23501.6,23501.6,23483.3,23493
1677712800000,23494.8,23511.6,23494.8,23511.6
1677713100000,23511.6,23529,23497.5,23529
1677713400000,23529,23618.5,23522.7,23609.1
1677713700000,23604.7,23604.7,23570.8,23571.6
1677714000000,23572.3,23607.5,23568.3,23595.4
1677714300000,23595.8,23636.6,23595.4,23635.5
1677714600000,23635.5,23635.5,23605.5,23612.2
1677714900000,23612.4,23616.6,23594.4,23600.3
1677715200000,23600.3,23613.2,23582.6,23582.6
1677715500000,23583.9,23609.4,23583.6,23609.4
1677715800000,23609.6,23629.1,23601.2,23603.6
1677716100000,23603.6,23702.5,23590.9,23689.1
1677716400000,23690.1,23760.7,23690.1,23695.8
1677716700000,23695.8,23695.8,23664.5,23673.8
1677717000000,23673.8,23680.7,23640,23640
1677717300000,23640,23650.3,23628.1,23644.3
1677717600000,23644.3,23644.3,23626.2,23641
1677717900000,23641,23641,23607.7,23613
1677718200000,23613.1,23618.3,23596.2,23601.7
1677718500000,23601.7,23601.7,23569.6,23576.3
1677718800000,23577,23601.9,23542.6,23564.7
1677719100000,23565,23597.1,23553.5,23582.1
1677719400000,23582.5,23602.8,23576.5,23599.8
1677719700000,23599.8,23601.6,23569.2,23594.3
1677720000000,23595.7,23597.8,23580,23580
1677720300000,23580,23580,23508.4,23523.1
1677720600000,23523.1,23551.3,23517.7,23528.2
1677720900000,23528.2,23537,23446.7,23448.8
1677721200000,23449.1,23463.3,23422.1,23459.4
1677721500000,23459.4,23502.6,23445.8,23498
1677721800000,23498.4,23500.4,23479,23500.3
1677722100000,23500.3,23500.3,23476.6,23480.7
1677722400000,23480.7,23507.2,23477.4,23505.8
1677722700000,23505.8,23505.8,23476.8,23484.8
1677723000000,23484.8,23495.1,23475,23492.6
1677723300000,23492.6,23500.1,23444,23468.3
1677723600000,23468.7,23478.3,23464.8,23478.3
1677723900000,23478.4,23503.3,23478.4,23503.3
1677724200000,23503.3,23503.3,23480.9,23481.2
1677724500000,23483.2,23483.2,23464.7,23472.3
1677724800000,23472.3,23472.3,23423.3,23434.2
1677725100000,23434.3,23474.1,23434.3,23474.1
1677725400000,23474.1,23474.1,23439.9,23453.4
1677725700000,23456.8,23468.1,23442.3,23462.8
1677726000000,23462.8,23470.1,23449,23451.7
1677726300000,23451.7,23451.7,23409.5,23417.2
1677726600000,23417.8,23460.3,23397.6,23460.3
1677726900000,23460.3,23468.1,23447.5,23464.5
1677727200000,23466.5,23473,23458.3,23472.1
1677727500000,23472.1,23472.1,23458.5,23462.2
1677727800000,23462.3,23471.3,23452.5,23466.9
1677728100000,23466.9,23466.9,23453.7,23458.2
1677728400000,23458.2,23466.8,23447,23464.5
1677728700000,23464.5,23464.5,23444.9,23457.9
1677729000000,23457.9,23479.6,23441.3,23479.6
1677729300000,23479.6,23479.6,23464.1,23465.2
1677729600000,23465.2,23465.2,23456.3,23456.3
1677729900000,23457,23459,23450.9,23457.4
1677730200000,23458.3,23461.1,23453.9,23459.3
1677730500000,23459.3,23463.6,23447.6,23447.6
1677730800000,23446.4,23454.2,23439.4,23454.2
1677731100000,23454.5,23459.7,23450,23454
1677731400000,23454.3,23462.4,23451.3,23460.9
1677731700000,23462.4,23486.1,23458.5,23483
1677732000000,23483,23485.4,23476.4,23485.2
1677732300000,23485.2,23485.2,23484.2,23484.2
1677732600000,23484.2,23488.8,23484.2,23488.8
1677732900000,23490.2,23507.1,23488.8,23505.3
1677733200000,23505.3,23505.5,23501.2,23502.3
1677733500000,23502.5,23504.5,23491.1,23491.1
1677733800000,23491.6,23493.6,23449.1,23451.3
1677734100000,23451.4,23469.3,23450.2,23459.8
1677734400000,23459.8,23469.2,23457.3,23464.5
1677734700000,23464.5,23466.9,23447.1,23447.1
1677735000000,23447.1,23457.4,23438.4,23439.1
1677735300000,23439.1,23439.1,23420.4,23420.4
1677735600000,23420.4,23428.1,23411.2,23425.3
1677735900000,23426.1,23433.4,23421.4,23426.1
1677736200000,23426.1,23426.1,23387.4,23396.3
1677736500000,23396.6,23412,23391.3,23409.5
1677736800000,23409.5,23416.9,23386.5,23387.1
1677737100000,23387.6,23406,23380.6,23406
1677737400000,23406,23406,23346.4,23387.6
1677737700000,23387.6,23400.6,23368.7,23399.6
1677738000000,23399.8,23425.4,23396.6,23420.7
1677738300000,23420.7,23436.1,23416.3,23430.5
1677738600000,23430.5,23432.4,23417.6,23419.8
1677738900000,23419.9,23424,23416.5,23416.5
1677739200000,23416.6,23426.6,23416.6,23424.4
1677739500000,23425.2,23428,23397.9,23405.1
1677739800000,23405.4,23438.8,23403.6,23438.8
1677740100000,23438.8,23438.8,23405.2,23405.2
1677740400000,23405.7,23407.7,23399,23401.1
1677740700000,23401.1,23408,23392.6,23401.7
1677741000000,23402,23410.4,23399.4,23406.7
1677741300000,23406.7,23406.7,23383.1,23383.1
1677741600000,23383.1,23383.1,23312.3,23330.9
1677741900000,23330.9,23346.3,23306.3,23346.3
1677742200000,23346.2,23355.5,23334.3,23344.5
1677742500000,23344.9,23352.2,23331.7,23352.2
1677742800000,23352.2,23378.9,23342.1,23378.9
1677743100000,23378.9,23381.7,23360,23377.4
1677743400000,23377.4,23377.4,23359.4,23361.8
1677743700000,23361.8,23361.8,23346.4,23358.4
1677744000000,23358.4,23361.5,23345.5,23353.5
1677744300000,23353.5,23359.9,23339.6,23345
1677744600000,23345,23363,23339.1,23358.2
1677744900000,23358.2,23365.8,23354.9,23362.2
1677745200000,23362.5,23364.5,23357.9,23361.2
1677745500000,23361.6,23375.3,23361.6,23375.3
1677745800000,23375.3,23375.3,23316,23321
1677746100000,23321.5,23343.9,23321.5,23339.1
1677746400000,23339.1,23424.6,23335.1,23420.7
1677746700000,23420.4,23422.3,23399,23422.1
1677747000000,23422.6,23429.4,23415.6,23423.6
1677747300000,23424,23431,23396.5,23412
1677747600000,23412,23412,23392.7,23409
1677747900000,23409,23417.6,23389.7,23417.6
1677748200000,23417.6,23417.6,23407.2,23414.4
1677748500000,23414.4,23414.4,23393.2,23393.4
1677748800000,23393.9,23403.4,23384.5,23400.9
1677749100000,23400.9,23416,23388.9,23416
1677749400000,23417.6,23431.8,23411.3,23417.8
1677749700000,23418.5,23422.9,23392.4,23406
1677750000000,23406.2,23414,23404.5,23410.7
1677750300000,23411,23416.3,23394.2,23395
1677750600000,23395.1,23402.8,23392.8,23396.7
1677750900000,23396.7,23396.7,23358.9,23366.2
1677751200000,23366.2,23399.9,23361,23379.8
1677751500000,23379.8,23381.8,23348.5,23359.2
1677751800000,23359.2,23359.2,23329.2,23353.8
1677752100000,23355.1,23365.1,23355.1,23363.1
1677752400000,23363.1,23381.7,23361.9,23367.2
1677752700000,23367.2,23367.2,23340.9,23357.8
1677753000000,23360.2,23379,23360.2,23366
1677753300000,23366.3,23368.3,23343.7,23367.2
1677753600000,23367.2,23367.2,23347.2,23361.6
1677753900000,23361.6,23361.6,23334.6,23337.5
1677754200000,23337.9,23342.9,23309.1,23321.2
1677754500000,23321.3,23352.8,23321.3,23340.7
1677754800000,23340.7,23353.5,23337.7,23353.5
1677755100000,23353.6,23355.6,23341.1,23341.1
1677755400000,23341.1,23349.9,23328.9,23333.7
1677755700000,23333.9,23348,23332.5,23347.6
1677756000000,23347.6,23347.7,23329.9,23337.4
1677756300000,23337.5,23359.5,23337.5,23356.9
1677756600000,23357.6,23359.6,23349.6,23351.6
1677756900000,23351.6,23375.4,23344.6,23375.4
1677757200000,23375.8,23384.7,23370.6,23381.8
1677757500000,23381.8,23381.8,23353.6,23364.3
1677757800000,23364.4,23392.1,23363.7,23392.1
1677758100000,23392.1,23392.1,23376.8,23379.3
1677758400000,23379.7,23396.5,23377.7,23396.5
1677758700000,23396.5,23396.5,23379.4,23381.7
1677759000000,23381.7,23381.7,23359.2,23373.8
1677759300000,23373.9,23381.1,23358.3,23364.4
1677759600000,23364.4,23364.4,23332,23339
1677759900000,23339,23339,23318.7,23319.2
1677760200000,23319.3,23337,23290.5,23319.5
1677760500000,23319.7,23358.3,23319.7,23336.8
1677760800000,23336.8,23346.4,23291.8,23306.4
1677761100000,23306.4,23320.4,23300.4,23314.4
1677761400000,23314.7,23316.7,23290.9,23302.2
1677761700000,23302.2,23321.1,23296,23318.8
1677762000000,23318.8,23337.2,23309.6,23332
1677762300000,23332.5,23334.5,23305.2,23308
1677762600000,23308,23309.4,23223.6,23251
1677762900000,23242.5,23344.4,23227,23332.9
1677763200000,23335.2,23362.6,23324.3,23354.3
1677763500000,23354.3,23367.7,23316.9,23334.9
1677763800000,23334.9,23368.3,23278.6,23315
1677764100000,23315,23347.2,23313.2,23346.7
1677764400000,23346.8,23348.8,23328.3,23341
1677764700000,23341,23344.2,23313.7,23316.8
1677765000000,23316.8,23316.8,23246.1,23260.8
1677765300000,23261.4,23286.5,23256.4,23271
1677765600000,23271.5,23311.4,23265.1,23294.1
1677765900000,23294.1,23294.1,23227.9,23227.9
1677766200000,23227.8,23237.4,23169.3,23216.7
1677766500000,23216.7,23247.7,23183.2,23221.1
1677766800000,23222.3,23257.6,23194.5,23257.6
1677767100000,23257.6,23268.4,23232.2,23266
1677767400000,23266.3,23299.6,23250.7,23287.7
1677767700000,23287.8,23289.8,23231.9,23270.3
1677768000000,23270.7,23279,23233.5,23241.8
1677768300000,23241.8,23257.1,23211,23247.7
1677768600000,23247.7,23297,23240.9,23279.1
1677768900000,23279.1,23281.5,23247.2,23276.5
1677769200000,23276.5,23334.4,23267.6,23327.1
1677769500000,23327.5,23332.5,23291.9,23322.9
1677769800000,23323,23325.4,23303.9,23309.8
1677770100000,23310.5,23330.4,23284.9,23293.9
1677770400000,23293.9,23295.8,23242.4,23295.8
1677770700000,23295.9,23329.7,23266.7,23302.5
1677771000000,23302.5,23341.9,23295.1,23328.7
1677771300000,23328.8,23338.5,23300.7,23306.3
1677771600000,23306.3,23306.3,23289.2,23295
1677771900000,23295,23303.5,23283.6,23287.9
1677772200000,23288,23322.8,23288,23317.4
1677772500000,23317.8,23337.3,23305.4,23332.2
1677772800000,23332.2,23337.7,23310.4,23316.3
1677773100000,23316.3,23338.2,23316.3,23334
1677773400000,23335.9,23337.9,23318.1,23320.4
1677773700000,23320.9,23345.7,23320.9,23345.7
1677774000000,23345.7,23350.2,23321.3,23321.9
1677774300000,23323,23323.9,23290.9,23293.2
1677774600000,23293.2,23302.2,23276.3,23280.7
1677774900000,23280.7,23281.8,23227,23244.3
1677775200000,23244.4,23265.7,23230.3,23265.7
1677775500000,23265.9,23283.4,23253.7,23262.7
1677775800000,23262.7,23271.7,23222.4,23232.5
1677776100000,23232.5,23246.1,23227.3,23243
1677776400000,23243,23244.6,23226.7,23233.7
1677776700000,23233.8,23245.2,23233.1,23238.8
1677777000000,23238.8,23238.8,23220.9,23222.4
1677777300000,23222.4,23226.1,23201.4,23206.2
1677777600000,23206.3,23242.2,23201.6,23242.2
1677777900000,23242.3,23262.8,23239.4,23261.8
1677778200000,23262.1,23279.2,23257.5,23264.6
1677778500000,23264.6,23264.6,23231.6,23237
1677778800000,23237,23237,23213.9,23217.2
1677779100000,23217.6,23226,23201.8,23213.6
1677779400000,23214,23241.1,23213.6,23235.2
1677779700000,23235.2,23247.8,23224,23234.5
1677780000000,23234.5,23242.7,23225.4,23229.1
1677780300000,23229.1,23243.1,23222.7,23239.5
1677780600000,23239.9,23261.9,23239.7,23261.9
1677780900000,23261.9,23261.9,23245.8,23255.8
1677781200000,23255.9,23275.2,23255.9,23267.8
1677781500000,23267.8,23270.5,23251.1,23257
1677781800000,23257,23271.6,23239.9,23271.6
1677782100000,23271.7,23382,23271.7,23372.5
1677782400000,23373.2,23400.8,23347.1,23349.5
1677782700000,23350.6,23373.4,23324.5,23357.7
1677783000000,23358.2,23390.5,23358.2,23377
1677783300000,23377.2,23420.5,23376.3,23410.1
1677783600000,23409.9,23459,23409.9,23442.2
1677783900000,23442.4,23463.6,23425.8,23431.7
1677784200000,23432.3,23450,23370.2,23383.2
1677784500000,23385.5,23398.9,23359.4,23398.9
1677784800000,23399.5,23421.9,23399.1,23421.9
1677785100000,23422,23452.3,23415.4,23439.5
1677785400000,23439.6,23443.7,23407,23414.6
1677785700000,23414.6,23438,23390.2,23438
1677786000000,23438,23461.6,23431.5,23439
1677786300000,23440.2,23442.2,23429.7,23437.6
1677786600000,23438.4,23440.4,23413,23419.5
1677786900000,23419.5,23437.2,23412.9,23437.2
1677787200000,23437.2,23455.4,23399.8,23403.4
1677787500000,23403.4,23412.5,23394.6,23407.3
1677787800000,23408.2,23449.9,23408.2,23437.5
1677788100000,23438.1,23455.1,23427,23429.7
1677788400000,23429.7,23450.4,23428.7,23440.5
1677788700000,23440.5,23459.2,23434.3,23442.2
1677789000000,23442.3,23449.6,23435.8,23437.2
1677789300000,23437.2,23448.3,23422.7,23441.9
1677789600000,23441.9,23501.4,23426.3,23477.3
1677789900000,23478.2,23524.6,23478.2,23515.8
1677790200000,23515.8,23516.9,23415.4,23429.6
1677790500000,23429.6,23437.3,23415,23429.8
1677790800000,23429.9,23436.5,23405.5,23405.5
1677791100000,23405.5,23413.3,23392.9,23402.6
1677791400000,23403.2,23426.5,23403.2,23426.5
1677791700000,23427.1,23434.5,23415.5,23418.9
1677792000000,23418.9,23418.9,23394,23400.6
1677792300000,23400.8,23420.6,23400.8,23420.6
1677792600000,23420.6,23420.6,23362.5,23374.3
1677792900000,23374.8,23389.4,23369.6,23380.9
1677793200000,23381,23392.5,23378.6,23386.8
1677793500000,23386.9,23407.7,23386.9,23401.6
1677793800000,23403.8,23410.9,23393.5,23403.7
1677794100000,23403.7,23403.7,23381.2,23383.2
1677794400000,23383.2,23395.7,23378.5,23391.5
1677794700000,23391.6,23400.4,23388.9,23400.4
1677795000000,23400.4,23420.6,23398.2,23420.6
1677795300000,23420.5,23422.5,23413,23420.7
1677795600000,23420.7,23466.3,23418.1,23466.3
1677795900000,23467,23500.6,23466.8,23497.7
1677796200000,23497.9,23520.3,23455.4,23469.2
1677796500000,23469.7,23496.5,23457.5,23481.7
1677796800000,23481.8,23493.6,23462.3,23476.5
1677797100000,23476.7,23478.7,23449.5,23451.9
1677797400000,23452.1,23458.4,23441.7,23441.8
1677797700000,23441.9,23446.2,23424.2,23431
1677798000000,23431,23436.3,23412.7,23433
1677798300000,23433.1,23438,23429,23433.5
1677798600000,23434.2,23446.7,23434.2,23446.7
1677798900000,23447.3,23470.5,23447.3,23454.1
1677799200000,23454.1,23460.7,23441.4,23441.4
1677799500000,23441.5,23443.5,23409.9,23417.5
1677799800000,23417.5,23429.3,23412.1,23414.1
1677800100000,23414.1,23455.8,23398.1,23449.2
1677800400000,23449.4,23453.1,23432.5,23435.7
1677800700000,23437.2,23439.2,23418.3,23423.2
1677801000000,23423.3,23441.3,23423.3,23434.3
1677801300000,23434.3,23434.3,23423.2,23432.3
1677801600000,23432.6,23440.4,23424.7,23424.7
1677801900000,23424.9,23429.1,23407.9,23414
1677802200000,23414.3,23418.4,23399.7,23404.3
1677802500000,23404.7,23406.7,23391.9,23402.6
1677802800000,23402.7,23418.2,23402.5,23408.3
1677803100000,23408.3,23408.3,23372.3,23377
1677803400000,23377,23421.3,23374.7,23421.3
1677803700000,23421.3,23425.2,23374,23376.6
1677804000000,23376.7,23385.4,23369.3,23377.1
1677804300000,23378.5,23403.3,23378.4,23395.5
1677804600000,23395.5,23398.1,23387.7,23398.1
1677804900000,23398.1,23399.7,23379.9,23388
1677805200000,23388,23388,23379,23385.2
1677805500000,23385.2,23385.2,23372.1,23378.1
1677805800000,23378.1,23384.9,23378.1,23378.9
1677806100000,23379.3,23381.3,23226.5,23231.8
1677806400000,23231.8,23231.8,22846.8,22961
1677806700000,22965.2,22975.7,22807.6,22814.6
1677807000000,22818.7,22825,22077.5,22413.4
1677807300000,22413.4,22478.4,22279.2,22326.2
1677807600000,22326.2,22357.2,22162.9,22312.6
1677807900000,22313.1,22353.7,22250.7,22344
1677808200000,22340.6,22340.6,22264.7,22304.6
1677808500000,22304.6,22305.9,21961.8,22136.1
1677808800000,22132,22238,22077.7,22237.7
1677809100000,22237.9,22292.5,22213.6,22231.9
1677809400000,22230.9,22287.9,22200.1,22261.5
1677809700000,22261.5,22315.6,22235.6,22315.6
1677810000000,22315.7,22419.7,22291.6,22317.9
1677810300000,22315.4,22386.1,22312.9,22377.7
1677810600000,22377.7,22379.6,22285.5,22318.5
1677810900000,22318.5,22346.9,22301.6,22330.3
1677811200000,22331,22345.8,22268.3,22295.1
1677811500000,22295.6,22316.2,22272.4,22306.5
1677811800000,22306.6,22340.7,22293.8,22299.9
1677812100000,22299.8,22331.1,22299.2,22318.4
1677812400000,22319,22319.5,22268.4,22275.4
1677812700000,22275.1,22315.4,22256.5,22305.5
1677813000000,22305.6,22311.2,22264.3,22265.2
1677813300000,22265.1,22281.2,22258.4,22277.3
1677813600000,22277.4,22358.4,22265.3,22356.9
1677813900000,22356.6,22369.8,22327.6,22356
1677814200000,22356,22368.5,22332.4,22340.9
1677814500000,22339.9,22341.4,22290.4,22323.2
1677814800000,22323.2,22340.4,22305.6,22325.8
1677815100000,22326.4,22336.8,22291.3,22325
1677815400000,22324.9,22328.2,22263.5,22270.9
1677815700000,22271.1,22308.5,22270.6,22293.3
1677816000000,22292.3,22293.9,22234.2,22257.9
1677816300000,22257.7,22308.2,22256.4,22303.8
1677816600000,22303.5,22312.9,22285.9,22301.3
1677816900000,22300.9,22316.4,22299.8,22315.6
1677817200000,22315.6,22315.6,22305.6,22313.8
1677817500000,22314,22321.3,22307.6,22320.5
1677817800000,22320.8,22332.9,22312.4,22323.4
1677818100000,22323.3,22326.6,22297.5,22318.3
1677818400000,22319,22329.9,22296.4,22298.7
1677818700000,22298.8,22317.8,22296.1,22315.5
1677819000000,22315.3,22344.2,22314.3,22337.4
1677819300000,22337.4,22363,22336.7,22348.4
1677819600000,22348.3,22380.8,22347.7,22372.2
1677819900000,22373,22375.6,22332.7,22353.8
1677820200000,22353.8,22363.7,22326.3,22340.5
1677820500000,22340.1,22349.7,22328.1,22329.4
1677820800000,22329.5,22336,22310.3,22311.3
1677821100000,22311.3,22331.7,22308.6,22314.4
1677821400000,22314.4,22334.3,22313,22322.5
1677821700000,22322.7,22331.3,22306.2,22328
1677822000000,22327.6,22327.6,22308.5,22321.3
1677822300000,22321.9,22334.8,22321.9,22332.3
1677822600000,22332.7,22332.7,22311.6,22317.5
1677822900000,22317.7,22324.5,22314.9,22315.1
1677823200000,22315,22342.4,22302.9,22340.4
1677823500000,22341.9,22341.9,22316.2,22318.8
1677823800000,22318.8,22347.1,22316.2,22330.8
1677824100000,22330.8,22343.7,22330.2,22338.3
1677824400000,22338.3,22349.7,22323.2,22347.3
1677824700000,22347.3,22370.5,22346,22367.7
1677825000000,22367.5,22370.5,22357.3,22365.8
1677825300000,22366.5,22372.1,22350.2,22350.2
1677825600000,22350.2,22354.7,22338.7,22353.2
1677825900000,22353.2,22354.8,22345.7,22353.1
1677826200000,22353.1,22360.7,22346.6,22347.5
1677826500000,22347.7,22361,22346.4,22350.9
1677826800000,22351.1,22351.2,22319.8,22331.1
1677827100000,22331.1,22331.1,22313.5,22328.5
1677827400000,22328.2,22332,22319.7,22326.8
1677827700000,22326.7,22344,22314.7,22325.7
1677828000000,22326.1,22326.5,22316.7,22319.7
1677828300000,22320.1,22325.9,22305.7,22323.1
1677828600000,22323.1,22343.8,22317.8,22342.3
1677828900000,22342.2,22348.1,22334.4,22346.6
1677829200000,22346.1,22364.3,22345.7,22363.2
1677829500000,22363.2,22365.8,22352.4,22362.3
1677829800000,22362.7,22362.7,22334,22335.7
1677830100000,22336.2,22338.6,22325.4,22328.6
1677830400000,22328.1,22349.3,22327,22339.9
1677830700000,22341.4,22347.2,22322.3,22340.4
1677831000000,22340.4,22341.3,22331.3,22338.8
1677831300000,22338.8,22344.3,22332.9,22344.3
1677831600000,22343.9,22350.8,22338,22344
1677831900000,22343.9,22347.4,22342.3,22343.6
1677832200000,22344,22360.7,22340.9,22345
1677832500000,22344.9,22356,22342.4,22345.4
1677832800000,22346.8,22356.3,22346.8,22353.6
1677833100000,22353.8,22364.2,22350.4,22360.2
1677833400000,22360.3,22412.8,22355.7,22384.3
1677833700000,22384.3,22405.5,22384.2,22397.2
1677834000000,22396.9,22441.3,22395.6,22419.2
1677834300000,22420.5,22427.9,22375,22381.3
1677834600000,22381.3,22392.3,22368.8,22376
1677834900000,22376.2,22388.4,22365.7,22367.6
1677835200000,22367.6,22377.5,22344.6,22363.2
1677835500000,22363.1,22363.9,22342.3,22363.4
1677835800000,22363.5,22367.4,22349.3,22352.7
1677836100000,22353.4,22360.2,22347.2,22355.7
1677836400000,22355.3,22355.7,22317.5,22340.9
1677836700000,22341.8,22352.3,22321.5,22326.5
1677837000000,22326.4,22340.7,22323.9,22336.8
1677837300000,22336.6,22348.8,22321.6,22335.8
1677837600000,22335.8,22344.5,22333.3,22336.7
1677837900000,22336.3,22336.7,22320.7,22329.1
1677838200000,22328.7,22334,22326.8,22330.6
1677838500000,22330.6,22353.9,22330.6,22349.2
1677838800000,22349.8,22354.4,22347.2,22347.2
1677839100000,22347.3,22351.9,22334,22341.6
1677839400000,22341.6,22346.3,22338.4,22341.8
1677839700000,22342.8,22349.3,22341.8,22346.1
1677840000000,22346.1,22350.1,22345.8,22347.9
1677840300000,22347.9,22347.9,22324.3,22329.3
1677840600000,22329.3,22329.3,22312.1,22322.2
1677840900000,22322.6,22332,22318.9,22320.1
1677841200000,22320.1,22330.5,22318.8,22320.5
1677841500000,22320.6,22330,22281.3,22294.6
1677841800000,22294.5,22309.7,22278.1,22306.5
1677842100000,22306.7,22310.1,22298.3,22301.6
1677842400000,22301.5,22312.8,22291.2,22311
1677842700000,22310.2,22310.2,22298.3,22308.5
1677843000000,22308.1,22312.1,22298.9,22309.2
1677843300000,22309.7,22330.7,22309.2,22330.4
1677843600000,22330,22330,22303.3,22314.7
1677843900000,22314.1,22326.8,22310.9,22326.4
1677844200000,22326.1,22327.3,22316.4,22316.6
1677844500000,22316.8,22319.8,22304.5,22306.3
1677844800000,22306.7,22323.8,22305.9,22312.1
1677845100000,22312,22330.3,22311.8,22326.4
1677845400000,22326.3,22328.7,22320.4,22324
1677845700000,22323.9,22326.7,22305.5,22309.4
1677846000000,22309.4,22311.3,22292.8,22302
1677846300000,22302,22314.9,22290.2,22310.9
1677846600000,22310.8,22310.8,22291.8,22300.2
1677846900000,22300.2,22308.7,22292.4,22303
1677847200000,22303.6,22303.6,22291.8,22293.6
1677847500000,22293.6,22312.4,22293.6,22310.9
1677847800000,22310.8,22315,22308.7,22309.5
1677848100000,22309.5,22312.4,22297.6,22310.5
1677848400000,22310.6,22311.9,22297.3,22301.3
1677848700000,22301.8,22304.3,22288.7,22291.2
1677849000000,22291.2,22302.8,22287.8,22287.8
1677849300000,22287.8,22293.2,22274.7,22279.9
1677849600000,22279.9,22307.2,22279.9,22306.9
1677849900000,22306.7,22344.2,22306.3,22337.2
1677850200000,22337.2,22337.2,22311.1,22315.3
1677850500000,22315.4,22323.3,22296.1,22300.7
1677850800000,22300.7,22300.8,22284.2,22286.5
1677851100000,22286.4,22331.4,22144.6,22298.6
1677851400000,22298.6,22353,22293.6,22330.5
1677851700000,22330.5,22383.5,22326.5,22362.5
1677852000000,22362.8,22406.8,22342.3,22406
1677852300000,22406,22450.4,22354,22380.7
1677852600000,22381.1,22381.1,22346,22362.5
1677852900000,22362.5,22372,22346.7,22353
1677853200000,22351,22358.6,22327.6,22330.5
1677853500000,22330.8,22353.4,22328.9,22349
1677853800000,22348.9,22379.8,22335.9,22359.8
1677854100000,22359.8,22364.4,22332.5,22341.3
1677854400000,22339.9,22366.9,22337.2,22354.9
1677854700000,22356.2,22383.8,22354.2,22363.9
1677855000000,22364,22371.9,22340.6,22363.9
1677855300000,22363.9,22366.9,22341.2,22348.2
1677855600000,22346,22353.5,22209.8,22277.8
1677855900000,22277.8,22300.1,22245.9,22290.3
1677856200000,22291,22375.5,22282.5,22369.8
1677856500000,22370,22376.4,22334.3,22334.3
1677856800000,22334.4,22351.4,22315.8,22327.6
1677857100000,22327.6,22349.9,22323.2,22335
1677857400000,22335,22346,22305.4,22311
1677857700000,22310.6,22318.4,22301.1,22306.7
1677858000000,22306.7,22318.8,22296.8,22316.9
1677858300000,22316.9,22316.9,22294.4,22301.4
1677858600000,22299.6,22309.7,22282.7,22286.3
1677858900000,22286.5,22306.9,22286.4,22299.6
1677859200000,22299.6,22325.2,22291,22305.8
1677859500000,22305.8,22330.2,22305.7,22326.6
1677859800000,22326.7,22328.9,22290.7,22296.9
1677860100000,22296.9,22322.6,22296.9,22314
1677860400000,22314,22325.4,22301,22318.2
1677860700000,22318.2,22319.3,22304.8,22310.9
1677861000000,22310.9,22324,22310.7,22310.7
1677861300000,22310.7,22312.1,22294.8,22300.8
1677861600000,22300.8,22319.4,22296.8,22312.6
1677861900000,22312.6,22320.5,22303.5,22304.2
1677862200000,22304.4,22326.4,22304.2,22326.4
1677862500000,22326.6,22344.5,22319.8,22343.5
1677862800000,22343.5,22361.6,22341.6,22361.6
1677863100000,22362.7,22369.4,22347.3,22364
1677863400000,22364,22394.3,22353,22357
1677863700000,22357,22360.9,22344.6,22350.8
1677864000000,22351.3,22369.6,22351,22359.1
1677864300000,22359.1,22391.3,22357.3,22383.1
1677864600000,22383.1,22388.5,22372.4,22376
1677864900000,22376,22376,22362,22371.1
1677865200000,22371.1,22378,22365.1,22373.8
1677865500000,22373.8,22393.2,22368.3,22388.3
1677865800000,22388.3,22407.9,22380.4,22401.6
1677866100000,22401.6,22408.7,22368.7,22380.4
1677866400000,22380.4,22383.6,22368.4,22370.1
1677866700000,22370.1,22384.8,22365.3,22377.6
1677867000000,22377.6,22381.1,22366.8,22375.4
1677867300000,22375.4,22375.4,22363.8,22369.7
1677867600000,22369.7,22369.7,22341.3,22347
1677867900000,22347.1,22362.5,22343.2,22348.2
1677868200000,22348.2,22350.9,22296,22312.8
1677868500000,22312.8,22319.5,22304.2,22310.6
1677868800000,22310.6,22318.9,22203.7,22301.2
1677869100000,22302.3,22305.4,22265.2,22279.4
1677869400000,22279.4,22316.2,22279.4,22306.9
1677869700000,22306.9,22306.9,22278.7,22282.8
1677870000000,22282.8,22282.8,22259.4,22266.1
1677870300000,22266.1,22283.2,22262.6,22271
1677870600000,22271,22294.5,22263.2,22292.8
1677870900000,22292.8,22314.8,22289.5,22294.8
1677871200000,22294.8,22300.9,22286,22288.5
1677871500000,22288.5,22294,22269.1,22280.2
1677871800000,22280.2,22286,22270.4,22281.2
1677872100000,22281.2,22285.3,22267.9,22271.4
1677872400000,22271.4,22297.2,22264.1,22295.7
1677872700000,22295.7,22308.8,22295.7,22308.8
1677873000000,22308.8,22358.8,22308.8,22340.8
1677873300000,22340.8,22340.8,22317.2,22324.6
1677873600000,22324.9,22339.7,22324.8,22339.7
1677873900000,22339.7,22341.8,22325.8,22332.5
1677874200000,22332.5,22335,22324.2,22327.6
1677874500000,22327.6,22340.7,22308.1,22314.9
1677874800000,22315.1,22328.8,22315,22321.5
1677875100000,22321.5,22321.5,22298.9,22318.2
1677875400000,22318.2,22318.4,22297.2,22299.8
1677875700000,22299.8,22299.8,22247.7,22272.3
1677876000000,22272.3,22286.8,22268.6,22276.2
1677876300000,22276.2,22286.7,22271.4,22285.2
1677876600000,22285.2,22288.5,22269,22285.8
1677876900000,22285.8,22287.7,22268,22271.7
1677877200000,22271.7,22276.3,22250.5,22274.2
1677877500000,22274.2,22275.6,22223.8,22225
1677877800000,22225,22236.5,22215.2,22216.1
1677878100000,22216.1,22228.4,22178.4,22180.6
1677878400000,22180.6,22270.2,22123.5,22263
1677878700000,22263.5,22269.7,22247.6,22250.7
1677879000000,22252.7,22272.8,22248.2,22264.2
1677879300000,22267.8,22269.8,22221.2,22233.7
1677879600000,22233.7,22249.6,22225.5,22240.9
1677879900000,22241.6,22258.4,22122.4,22170.7
1677880200000,22171.8,22233.3,22163.3,22220.6
1677880500000,22220.6,22220.6,22178,22178
1677880800000,22178.3,22188.7,22167.6,22187.9
1677881100000,22189.4,22205.4,22167.5,22173.7
1677881400000,22173.7,22188.3,22171.5,22181.9
1677881700000,22182.3,22211.5,22182.3,22202
1677882000000,22202,22213.4,22194.2,22200.3
1677882300000,22200.5,22205,22198.9,22205
1677882600000,22205.5,22247.1,22205.4,22238
1677882900000,22238,22238,22224,22230.7
1677883200000,22231.3,22236.1,22211.9,22226.5
1677883500000,22227.5,22247.7,22225.4,22247.7
1677883800000,22248.8,22273,22237,22259.6
1677884100000,22261,22277.6,22254.2,22261.7
1677884400000,22262,22284.1,22258.5,22270.7
1677884700000,22270.7,22284.9,22263.7,22279.6
1677885000000,22280,22289.3,22268.1,22289.3
1677885300000,22289.3,22289.3,22263.8,22268.6
1677885600000,22268.6,22273.7,22254.4,22269
1677885900000,22269.7,22298.8,22265.4,22298.8
1677886200000,22299.8,22314.9,22292.9,22292.9
1677886500000,22293.7,22312.3,22287.5,22297.5
1677886800000,22298.1,22302.2,22287,22298.7
1677887100000,22298.7,22298.7,22276.1,22290.8
1677887400000,22290.8,22295.6,22271.8,22276.7
1677887700000,22277.2,22295.7,22276.3,22295.7
1677888000000,22295.7,22295.7,22275.4,22281.1
1677888300000,22280.6,22288.4,22270.8,22271.7
1677888600000,22273.7,22283.2,22271.4,22279
1677888900000,22279.2,22285.3,22271.5,22277.7
1677889200000,22278.8,22312.5,22278.8,22304.4
1677889500000,22304.4,22316.9,22296.3,22312.4
1677889800000,22314.4,22319.1,22288.6,22288.6
1677890100000,22290.7,22314.3,22285.2,22308.1
1677890400000,22308.1,22330,22302.3,22316.7
1677890700000,22316.7,22318.7,22304.2,22312.1
1677891000000,22312.2,22317.2,22304.8,22317.2
1677891300000,22317.2,22318.7,22309.9,22309.9
1677891600000,22311.5,22319.3,22308.9,22309
1677891900000,22309,22331.7,22307.4,22314
1677892200000,22314.2,22325,22308.7,22316.8
1677892500000,22318.9,22323.7,22304.3,22318.3
1677892800000,22318.9,22328.5,22317.1,22321.8
1677893100000,22321.8,22321.8,22302.4,22308.6
1677893400000,22308.9,22316.5,22300.8,22300.8
1677893700000,22300.8,22304.5,22289.5,22294.9
1677894000000,22295.3,22308.5,22295.3,22308
1677894300000,22308,22308,22290.3,22292.9
1677894600000,22292.9,22295.4,22278.3,22295.4
1677894900000,22295.4,22295.4,22279.6,22283.2
1677895200000,22283.2,22290.2,22280.5,22281.9
1677895500000,22281.9,22290.1,22275.3,22287.5
1677895800000,22288.9,22298.8,22288.9,22289.8
1677896100000,22289.8,22295.1,22288.3,22290.5
1677896400000,22291.2,22296.2,22288.2,22292.6
1677896700000,22292.8,22294.8,22286.2,22293.5
1677897000000,22293.5,22293.5,22284.6,22284.6
1677897300000,22284.6,22294.7,22276,22294.7
1677897600000,22294.9,22298.4,22289.2,22289.2
1677897900000,22289.2,22289.2,22277.5,22280
1677898200000,22280.2,22292.8,22280.2,22282.6
1677898500000,22282.6,22290.2,22280.7,22280.7
1677898800000,22282.6,22284.6,22274.9,22277.3
1677899100000,22278,22280,22276.5,22276.5
1677899400000,22276.5,22276.5,22264,22266.8
1677899700000,22269.2,22284.3,22269.2,22284
1677900000000,22284,22284,22274.8,22283.9
1677900300000,22283.9,22283.9,22276.9,22276.9
1677900600000,22276.9,22283.5,22274.6,22283.5
1677900900000,22284,22291,22281.4,22284.2
1677901200000,22284.2,22289.4,22284.2,22284.4
1677901500000,22284.4,22284.4,22281.5,22281.5
1677901800000,22282.5,22290.3,22268.4,22286.5
1677902100000,22286.7,22293.5,22286.7,22289
1677902400000,22289,22289,22281.2,22286.4
1677902700000,22286.5,22291.5,22282.6,22288.3
1677903000000,22288.9,22299.4,22283.8,22299.4
1677903300000,22299.4,22299.7,22289.9,22299.7
1677903600000,22300.4,22308,22289.8,22289.8
1677903900000,22289.8,22295.9,22273.6,22281.5
1677904200000,22283.6,22285.6,22270.3,22280.3
1677904500000,22280.4,22287.3,22276,22287.3
1677904800000,22287.3,22288.5,22284,22284
1677905100000,22284,22284,22268.9,22276.5
1677905400000,22276.5,22276.5,22269.3,22269.3
1677905700000,22269.3,22285.4,22269.3,22285.4
1677906000000,22285.4,22285.4,22274.5,22280.4
1677906300000,22280.4,22283.5,22278.6,22283.5
1677906600000,22283.5,22283.5,22277.6,22281.2
1677906900000,22281.2,22281.2,22270.5,22273
1677907200000,22273,22273.1,22269.8,22272
1677907500000,22272,22278.2,22265.8,22266.4
1677907800000,22266.4,22267.9,22259.3,22265.4
1677908100000,22261.5,22264.8,22214.3,22256.5
1677908400000,22256.5,22256.5,22245.8,22255.7
1677908700000,22255.7,22268.1,22251.1,22266.1
1677909000000,22266.1,22269.4,22255.7,22264.8
1677909300000,22265,22270.9,22251.4,22266.8
1677909600000,22266.8,22272.2,22255.4,22271
1677909900000,22274.2,22276.2,22257.9,22266.7
1677910200000,22266.7,22300.4,22265,22299.9
1677910500000,22300,22335.6,22300,22329.6
1677910800000,22329.6,22339.9,22307.5,22320.5
1677911100000,22320.8,22335.8,22317.6,22327.6
1677911400000,22327.6,22347.6,22326.2,22328.7
1677911700000,22329.2,22335.9,22321.6,22321.7
1677912000000,22321.7,22332.7,22318.6,22329.5
1677912300000,22329.5,22329.5,22314.3,22314.3
1677912600000,22314.3,22317,22300.9,22317
1677912900000,22311.8,22311.8,22305.5,22305.5
1677913200000,22305.9,22307.9,22301.6,22303.2
1677913500000,22303.3,22312.9,22302.5,22310.2
1677913800000,22310.2,22310.2,22299.9,22302.4
1677914100000,22302.7,22316.7,22302.7,22311.3
1677914400000,22311.3,22311.3,22304,22304
1677914700000,22304.8,22312.3,22304.8,22312.3
1677915000000,22312.4,22316.3,22300.4,22316.1
1677915300000,22316.1,22316.1,22316.1,22316.1
1677915600000,22316.1,22316.1,22316.1,22316.1
1677915900000,22316.1,22316.1,22316.1,22316.1
1677916200000,22316.1,22316.1,22291.9,22294.8
1677916500000,22296.4,22310.7,22296.4,22299
1677916800000,22322.2,22324.2,22319.8,22324.2
1677917100000,22324.2,22324.2,22318.6,22318.6
1677917400000,22318.6,22323.6,22314.6,22314.6
1677917700000,22314.6,22314.6,22314.6,22314.6
1677918000000,22314.6,22314.6,22311.6,22312.8
1677918300000,22312.8,22323.8,22312.8,22317
1677918600000,22317,22317.8,22302.9,22307
1677918900000,22305,22305,22302,22303.2
1677919200000,22303.2,22304.9,22299.9,22302.2
1677919500000,22302.3,22304.2,22299.3,22303.3
1677919800000,22303.3,22309.8,22301.8,22309.8
1677920100000,22309.8,22316.7,22304,22306.7
1677920400000,22306.6,22310.8,22304.8,22310.5
1677920700000,22310.5,22310.7,22307,22309.5
1677921000000,22309.3,22336.6,22309.1,22333.6
1677921300000,22333.6,22336.6,22316.8,22316.8
1677921600000,22316.8,22321.4,22316.3,22320
1677921900000,22319.7,22330.1,22319.3,22326.9
1677922200000,22326.9,22327.7,22322.3,22324.4
1677922500000,22324.4,22325.1,22317.2,22317.3
1677922800000,22317.3,22322.7,22313.6,22315.7
1677923100000,22315.7,22316.6,22313.6,22315.2
1677923400000,22315.2,22321.5,22314.8,22315.1
1677923700000,22315.1,22318.8,22310.9,22316.3
1677924000000,22316.3,22319.9,22314.4,22318.9
1677924300000,22318.9,22322.8,22315,22320.3
1677924600000,22320.3,22321.2,22314.4,22315.3
1677924900000,22315.3,22316.3,22312.7,22316.2
1677925200000,22316.2,22318.4,22312.3,22313.3
1677925500000,22313.3,22313.7,22309,22310
1677925800000,22310,22311.2,22305.8,22307.4
1677926100000,22307.4,22310.7,22303.3,22306
1677926400000,22306,22306.7,22295.2,22297.8
1677926700000,22297.8,22308.6,22297,22308.2
1677927000000,22308.2,22312.6,22282.5,22309.9
1677927300000,22309.9,22309.9,22300.5,22301.8
1677927600000,22301.8,22304.5,22301.1,22304.1
1677927900000,22304.1,22306.4,22301.5,22303.9
1677928200000,22303.9,22306.6,22302,22306.2
1677928500000,22306.2,22308.4,22304.1,22305.5
1677928800000,22305.4,22313.9,22305.4,22313.7
1677929100000,22313.7,22316.3,22310.7,22316
1677929400000,22316,22316,22308.2,22308.5
1677929700000,22308.5,22313,22306.9,22312.9
1677930000000,22312.9,22320.6,22312,22317.3
1677930300000,22317.3,22317.6,22307,22309
1677930600000,22309,22313.7,22307.1,22310.8
1677930900000,22310.8,22315.4,22310.3,22315.3
1677931200000,22315.3,22315.5,22308.5,22309.2
1677931500000,22309.3,22325.3,22309.2,22324.3
1677931800000,22324.3,22329.5,22321.5,22324.3
1677932100000,22324.3,22324.5,22321.7,22323.8
1677932400000,22323.8,22329.7,22322.7,22323.5
1677932700000,22323.4,22323.4,22314.2,22317.9
1677933000000,22318,22318.4,22311.3,22311.4
1677933300000,22311.4,22317.8,22311.2,22315
1677933600000,22315,22316.8,22311.6,22315.9
1677933900000,22315.9,22319.2,22314.7,22318
1677934200000,22318,22346.2,22318,22342.6
1677934500000,22342.6,22359.4,22342.3,22352.3
1677934800000,22352.3,22352.3,22342.7,22343.8
1677935100000,22343.8,22346.2,22340.2,22342.4
1677935400000,22342.4,22345,22337.3,22337.4
1677935700000,22337.4,22339.7,22335.7,22335.9
1677936000000,22335.8,22336.5,22332.1,22335.4
1677936300000,22335.4,22338.3,22333.2,22338.3
1677936600000,22338.2,22338.4,22333.3,22334.8
1677936900000,22334.8,22335,22328.7,22330.7
1677937200000,22330.7,22333.5,22328.9,22331.4
1677937500000,22331.4,22332.7,22328.1,22329.8
1677937800000,22329.8,22330.7,22327.6,22328.7
1677938100000,22328.7,22330,22326.3,22326.9
1677938400000,22326.9,22326.9,22307.6,22315.1
1677938700000,22315.1,22322,22312.3,22318
1677939000000,22318,22319.1,22314.4,22315.8
1677939300000,22315.8,22318.8,22312.3,22317.3
1677939600000,22317.3,22329.2,22317.1,22326.3
1677939900000,22326.5,22327,22314.9,22316.9
1677940200000,22316.9,22321.4,22313.1,22320.2
1677940500000,22320.2,22320.8,22301.7,22303.8
1677940800000,22303.8,22311.8,22300.8,22308.6
1677941100000,22308.6,22310.8,22302.4,22305.1
1677941400000,22305.2,22311,22304.3,22311
1677941700000,22311,22311.5,22304.9,22307.6
1677942000000,22307.6,22308.8,22305,22308.4
1677942300000,22308.4,22314.5,22305.8,22313.5
1677942600000,22313.5,22316,22312.4,22315.5
1677942900000,22315.5,22316,22308.3,22309.7
1677943200000,22309.7,22317.1,22306.2,22317.1
1677943500000,22317.1,22317.1,22307.8,22307.8
1677943800000,22307.8,22309.8,22306.9,22307.3
1677944100000,22307.3,22308,22302.5,22302.5
1677944400000,22302.5,22302.8,22289.3,22295.5
1677944700000,22295.5,22308.1,22294.9,22301.4
1677945000000,22301.4,22303.1,22277.5,22285.2
1677945300000,22284.9,22293,22281.2,22282.4
1677945600000,22282.4,22283.1,22262.9,22263.6
1677945900000,22263.6,22282.8,22261.9,22282.6
1677946200000,22282.6,22285.2,22275.1,22282.4
1677946500000,22282.4,22291.3,22280.6,22291.2
1677946800000,22291.2,22291.3,22287.4,22290
1677947100000,22290,22294.7,22287.7,22290.6
1677947400000,22290.6,22306.8,22289.4,22302.7
1677947700000,22302.7,22304.8,22299.9,22302.1
1677948000000,22302.1,22302.4,22293.6,22293.8
1677948300000,22293.8,22293.9,22286.6,22286.7
1677948600000,22286.7,22288.4,22284.7,22288.2
1677948900000,22288.2,22293.7,22286,22290.7
1677949200000,22290.7,22290.9,22288.2,22288.4
1677949500000,22288.4,22288.4,22284.5,22286.9
1677949800000,22286.9,22286.9,22282.9,22285.4
1677950100000,22285.4,22287.1,22283.8,22287.1
1677950400000,22287.1,22297.6,22286.8,22296.6
1677950700000,22296.5,22298.3,22288.5,22289.4
1677951000000,22289.8,22291.8,22284.3,22286.5
1677951300000,22286.5,22286.5,22279.9,22279.9
1677951600000,22279.9,22286.8,22277.7,22282.3
1677951900000,22282.3,22282.3,22278.9,22278.9
1677952200000,22278.9,22278.9,22278.9,22278.9
1677952500000,22278.9,22278.9,22274.5,22275.2
1677952800000,22275.2,22275.7,22271.3,22271.3
1677953100000,22271.3,22271.3,22221.8,22244
1677953400000,22244.6,22278,22244.6,22278
1677953700000,22278.3,22289.9,22269.6,22289.9
1677954000000,22290.1,22292.1,22287,22291.7
1677954300000,22291.7,22291.7,22282.9,22287.5
1677954600000,22287.7,22297,22284.6,22284.6
1677954900000,22284.6,22287.1,22282.8,22282.8
1677955200000,22282.8,22287.1,22282.8,22284.5
1677955500000,22284.5,22285.5,22282.3,22285.5
1677955800000,22285.6,22287.6,22285.2,22285.2
1677956100000,22285.2,22287.3,22285.2,22287.1
1677956400000,22287.1,22289.2,22287.1,22287.1
1677956700000,22287.1,22289.2,22284.9,22289.1
1677957000000,22289.1,22289.1,22274.6,22274.6
1677957300000,22274.6,22274.6,22257.7,22257.7
1677957600000,22257.7,22257.7,22253.5,22255.7
1677957900000,22255.7,22255.7,22251.2,22251.3
1677958200000,22251.3,22253.5,22219.5,22229.8
1677958500000,22229.8,22244.3,22227,22244.3
1677958800000,22244.3,22248.9,22242,22248.9
1677959100000,22248.9,22248.9,22216.6,22218.1
1677959400000,22218.2,22227.4,22218.2,22219.7
1677959700000,22219.7,22219.7,22199.5,22211.7
1677960000000,22211.8,22223.9,22211.8,22223.9
1677960300000,22223.9,22223.9,22169.2,22181
1677960600000,22181.4,22190.6,22170.1,22170.1
1677960900000,22170.5,22187,22170.5,22182.6
1677961200000,22182.6,22221.4,22180.3,22221.4
1677961500000,22221.4,22221.4,22200.7,22200.7
1677961800000,22200.8,22214.8,22200.8,22202.5
1677962100000,22202.5,22202.5,22185.1,22185.1
1677962400000,22185.1,22185.1,22157.8,22160.7
1677962700000,22160.8,22167.7,22156.1,22161.3
1677963000000,22161.5,22205.9,22161.5,22199.5
1677963300000,22199.6,22217.1,22199.5,22212.2
1677963600000,22212.2,22212.2,22203.3,22207.4
1677963900000,22207.4,22207.4,22183.3,22183.3
1677964200000,22183.3,22183.3,22166.2,22179.2
1677964500000,22179.3,22198.5,22170.9,22191.9
1677964800000,22191.9,22191.9,22177,22179.6
1677965100000,22179.9,22200.1,22179.9,22193.7
1677965400000,22193.8,22203.4,22183.2,22195.6
1677965700000,22195.6,22195.6,22172.1,22173.2
1677966000000,22173.2,22173.2,22156.8,22156.8
1677966300000,22156.8,22205.8,22129.8,22175
1677966600000,22175,22184.2,22167.8,22171.4
1677966900000,22171.4,22181,22169.2,22176.8
1677967200000,22176.8,22201,22154,22177.9
1677967500000,22177.9,22177.9,22170.1,22177.2
1677967800000,22177.6,22189,22177.5,22189
1677968100000,22189,22206,22189,22206
1677968400000,22206.5,22317.6,22206.5,22297.7
1677968700000,22298.5,22307,22268.7,22275.1
1677969000000,22275.1,22298.7,22270.2,22298.1
1677969300000,22298.1,22313.5,22293.5,22313.5
1677969600000,22314,22316,22301.4,22305.8
1677969900000,22305.8,22307.9,22274.4,22275.1
1677970200000,22275.2,22281.6,22265.1,22277.9
1677970500000,22285.9,22287.9,22264.8,22267.3
1677970800000,22267.5,22293.7,22258.3,22290
1677971100000,22290,22295.6,22281,22289.1
1677971400000,22289.6,22295.4,22286.1,22286.1
1677971700000,22286.1,22317.6,22276.5,22290.9
1677972000000,22291,22293,22283.3,22283.3
1677972300000,22283.3,22283.3,22271.7,22277.2
1677972600000,22277.5,22297.3,22277.5,22293.2
1677972900000,22294.3,22302.8,22294.2,22296.8
1677973200000,22296.9,22301.6,22294.5,22301.6
1677973500000,22301.6,22301.6,22292.6,22292.6
1677973800000,22293,22303.2,22293,22300.8
1677974100000,22301.1,22313.6,22301.1,22311.5
1677974400000,22311.5,22314.2,22306,22311.3
1677974700000,22311.3,22311.3,22306,22308.5
1677975000000,22308.5,22308.9,22306.4,22306.7
1677975300000,22306.7,22307.2,22304.7,22307.2
1677975600000,22307.2,22307.2,22284,22285.2
1677975900000,22285.2,22289.6,22282.7,22289.5
1677976200000,22289.6,22317.6,22289.5,22317.6
1677976500000,22317.6,22317.6,22304.4,22306.4
1677976800000,22306.4,22306.8,22291.4,22296.3
1677977100000,22296.8,22304.7,22285.9,22302.5
1677977400000,22302.5,22302.5,22293.2,22295.7
1677977700000,22295.8,22345.9,22295.8,22341.1
1677978000000,22341.2,22345.3,22329.8,22329.8
1677978300000,22329.8,22353.8,22319,22350.7
1677978600000,22350.7,22359.5,22348.4,22357.5
1677978900000,22358.1,22609.6,22358.1,22591.5
1677979200000,22591.5,22615.6,22483.6,22504.9
1677979500000,22506.2,22528.6,22499.6,22524
1677979800000,22524.8,22603.4,22524.8,22547.5
1677980100000,22547.7,22589.1,22547.7,22575.5
1677980400000,22575.5,22585.7,22551.4,22567.9
1677980700000,22569.1,22586.3,22565.2,22565.2
1677981000000,22565.2,22565.2,22525.2,22525.7
1677981300000,22525.7,22554.8,22522.9,22554.8
1677981600000,22555.1,22566.8,22544.6,22551.8
1677981900000,22551.8,22568,22542.3,22565.8
1677982200000,22565.8,22572.1,22554.2,22564.7
1677982500000,22566.7,22570.4,22552.7,22552.7
1677982800000,22552.7,22553.5,22527.2,22528.3
1677983100000,22528.3,22532.7,22503.7,22509.4
1677983400000,22506.6,22512.1,22349.6,22372.1
1677983700000,22372.1,22372.6,22174.4,22227.9
1677984000000,22228.3,22312.8,22227,22301.4
1677984300000,22301.4,22341.2,22272.9,22323.4
1677984600000,22323.4,22334.3,22309.3,22323.9
1677984900000,22323.9,22337.8,22313.8,22326.4
1677985200000,22326.4,22385.1,22325.7,22365.8
1677985500000,22366,22382.3,22366,22380.7
1677985800000,22380.4,22384.2,22370.4,22380.9
1677986100000,22380.9,22402.5,22364.4,22389.4
1677986400000,22389.4,22392.2,22376,22378.7
1677986700000,22378.7,22378.7,22342.9,22370.4
1677987000000,22370.4,22376.5,22360.7,22376.5
1677987300000,22376.5,22386.4,22376.5,22378
1677987600000,22378,22387.5,22371.7,22375.4
1677987900000,22375.4,22383.7,22369.9,22375.6
1677988200000,22375.5,22383.1,22356.8,22356.8
1677988500000,22357.8,22365.9,22344.4,22351.7
1677988800000,22352.1,22379.8,22349.6,22379
1677989100000,22378.7,22426.9,22375.4,22392
1677989400000,22392,22424.2,22388.5,22417.3
1677989700000,22417.4,22423,22410.1,22420.6
1677990000000,22420.6,22420.6,22401.7,22402.7
1677990300000,22402.7,22410.7,22399.1,22402.6
1677990600000,22402.6,22411.8,22400.5,22405.2
1677990900000,22405.2,22405.2,22380.1,22395.4
1677991200000,22395.4,22405.8,22391.9,22405.4
1677991500000,22405.4,22406.9,22396.8,22396.8
1677991800000,22396.8,22427.6,22396,22427.1
1677992100000,22427,22427.1,22409.7,22411.6
1677992400000,22411.6,22412.7,22397.8,22397.9
1677992700000,22397.9,22401.1,22385.3,22395.6
1677993000000,22395.3,22400.3,22389.9,22400.3
1677993300000,22400,22401,22390.3,22394
1677993600000,22394,22400.9,22392.9,22397.6
1677993900000,22397.6,22398.2,22394.7,22397.1
1677994200000,22397.1,22397.6,22384.2,22391.1
1677994500000,22391.1,22391.1,22365.8,22369
1677994800000,22369,22380,22368.4,22368.7
1677995100000,22368.7,22377.1,22368.5,22376.3
1677995400000,22376.3,22389,22376.3,22389
1677995700000,22389,22391.5,22383.2,22383.5
1677996000000,22383.5,22385,22377.7,22378.1
1677996300000,22378.1,22385.2,22374.1,22377.1
1677996600000,22377.1,22381.3,22374.9,22377.4
1677996900000,22377.4,22381.2,22369.3,22381
1677997200000,22381,22385.8,22377.6,22380.4
1677997500000,22380,22382.1,22373.9,22374.6
1677997800000,22374.6,22384.5,22371.2,22383
1677998100000,22383,22386.1,22379.4,22380.7
1677998400000,22380.7,22386.6,22379.5,22385.9
1677998700000,22385.9,22385.9,22374.7,22380.6
1677999000000,22380.6,22387.6,22353.6,22387.4
1677999300000,22387.4,22388.2,22383.6,22383.9
1677999600000,22383.9,22386.1,22353.8,22353.8
1677999900000,22353.4,22362.4,22344,22344.6
1678000200000,22344.6,22359.3,22338.4,22356.5
1678000500000,22356.5,22364.7,22341.5,22364.1
1678000800000,22364.1,22364.8,22343.3,22346.6
1678001100000,22346.6,22357.9,22346.1,22355.3
1678001400000,22355.3,22357.3,22345.3,22353
1678001700000,22353.5,22357.9,22352.4,22354.4
1678002000000,22354.4,22356.1,22346.7,22350
1678002300000,22350,22350,22336.1,22337.6
1678002600000,22337.6,22339.8,22335,22339.4
1678002900000,22339.4,22344,22335.4,22343.8
1678003200000,22343.7,22349.1,22337.6,22338.1
1678003500000,22338.1,22346.2,22337.6,22343.5
1678003800000,22343.1,22357.7,22342.7,22357.7
1678004100000,22357.7,22360.8,22342.4,22345
1678004400000,22345,22350.3,22338.8,22339.7
1678004700000,22339.8,22341.4,22337.3,22339.5
1678005000000,22339.5,22340.3,22336.3,22340
1678005300000,22340,22340.1,22310,22316.1
1678005600000,22316.1,22324.6,22303.4,22322.2
1678005900000,22322.2,22323.8,22311.8,22311.9
1678006200000,22311.9,22313.4,22308.6,22308.7
1678006500000,22308.7,22310.1,22295.3,22305.7
1678006800000,22305.7,22305.7,22290.6,22294.7
1678007100000,22294.7,22315.1,22294.6,22312.5
1678007400000,22312.5,22339,22312.1,22334.5
1678007700000,22334.5,22339.6,22333.4,22336.8
1678008000000,22336.8,22354.3,22336.8,22345.9
1678008300000,22345.9,22346.1,22332.6,22337.1
1678008600000,22337.1,22359.1,22335,22355
1678008900000,22355,22355.2,22339.2,22341.8
1678009200000,22341.7,22349.8,22340.4,22345.4
1678009500000,22345.4,22353.9,22340.4,22340.6
1678009800000,22340.6,22341.6,22335.1,22335.1
1678010100000,22335.1,22342.8,22335.1,22337.4
1678010400000,22337.4,22341.4,22337.2,22340.9
1678010700000,22340.9,22340.9,22332.7,22338.1
1678011000000,22338.1,22343.3,22336.3,22336.7
1678011300000,22336.7,22337.4,22332.7,22336.7
1678011600000,22336.7,22388.3,22333.7,22383.4
1678011900000,22384.3,22409.6,22366.1,22368.6
1678012200000,22368.6,22380.1,22366.1,22371.6
1678012500000,22371.6,22380.5,22371.4,22373.7
1678012800000,22373.7,22377.7,22363.6,22372.3
1678013100000,22372.3,22372.4,22365.3,22365.8
1678013400000,22366,22368.6,22359.3,22362.3
1678013700000,22362.3,22382.1,22361.5,22379.8
1678014000000,22379.8,22379.8,22374.4,22375.2
1678014300000,22375.2,22383.9,22372.3,22383.8
1678014600000,22383.8,22386.5,22382.4,22384
1678014900000,22386,22388,22374.9,22378.4
1678015200000,22378.4,22380.8,22378.3,22378.7
1678015500000,22378.7,22378.7,22365,22375.6
1678015800000,22375.6,22375.6,22369.9,22372.5
1678016100000,22372.5,22372.5,22353.1,22359.2
1678016400000,22359.2,22369.1,22354.7,22354.8
1678016700000,22354.7,22362.3,22353.8,22359.8
1678017000000,22359.8,22364.9,22359.5,22364.9
1678017300000,22365.7,22381.6,22360.9,22360.9
1678017600000,22361.7,22363.3,22357.2,22357.2
1678017900000,22357.2,22366.6,22356.7,22365.6
1678018200000,22365.6,22365.6,22362.8,22365
1678018500000,22365,22381.5,22362.8,22370.2
1678018800000,22370.2,22372.8,22365.2,22365.2
1678019100000,22365.2,22373,22360.6,22360.7
1678019400000,22360.7,22371.6,22359.3,22371
1678019700000,22370.6,22372.4,22365.5,22370.2
1678020000000,22370.2,22374.2,22366.7,22373.2
1678020300000,22373.2,22376.8,22366.6,22366.9
1678020600000,22366.9,22381.8,22364,22379.2
1678020900000,22379.2,22401.6,22374.8,22386.7
1678021200000,22386.7,22407.3,22386.7,22405.5
1678021500000,22405.5,22407.6,22391.2,22406.6
1678021800000,22406.6,22406.6,22397.8,22399.7
1678022100000,22399.7,22403.3,22389.3,22396.6
1678022400000,22396.6,22396.9,22391.1,22395.7
1678022700000,22395.7,22398.3,22387.9,22398.3
1678023000000,22398.3,22398.3,22390.1,22390.5
1678023300000,22390.5,22439,22387.6,22429.4
1678023600000,22429.4,22453.4,22420.3,22420.3
1678023900000,22420.3,22429.2,22393.4,22420.3
1678024200000,22420.3,22433.8,22419.1,22425.4
1678024500000,22425.4,22437.4,22420.8,22432
1678024800000,22432,22440,22413.5,22421.4
1678025100000,22421.4,22421.4,22397.7,22409.1
1678025400000,22409.4,22418.6,22401.9,22416.2
1678025700000,22416.2,22421.9,22411.5,22414.4
1678026000000,22414.4,22426.7,22412.1,22421.3
1678026300000,22421.3,22425.1,22413.9,22414
1678026600000,22414.2,22416.3,22405.2,22407.4
1678026900000,22407.4,22408.2,22388.7,22398.5
1678027200000,22398.6,22408,22397.4,22405
1678027500000,22405,22405.1,22394.1,22398.1
1678027800000,22398.1,22410.8,22395.1,22408.7
1678028100000,22408.7,22409.1,22397.9,22401
1678028400000,22401,22404,22390.2,22394.8
1678028700000,22394.8,22408.2,22394.6,22405.7
1678029000000,22405.7,22409.8,22403.9,22408.7
1678029300000,22408.7,22410.9,22402,22408
1678029600000,22408,22409.3,22393,22407.5
1678029900000,22407.5,22427.2,22407.1,22421.7
1678030200000,22421.7,22429,22418.3,22418.5
1678030500000,22418.5,22421.3,22414.6,22417.1
1678030800000,22417.1,22419.3,22412.6,22415.5
1678031100000,22415.5,22415.9,22405.8,22406.7
1678031400000,22406.7,22414.5,22405.7,22408.1
1678031700000,22408.1,22409,22402.8,22402.8
1678032000000,22402.8,22406.1,22401.7,22404.4
1678032300000,22404.4,22410.7,22399.8,22402.2
1678032600000,22402.2,22405.8,22397.1,22399.4
1678032900000,22399.4,22402.7,22394.3,22396.2
1678033200000,22396.2,22402,22395.2,22400.8
1678033500000,22400.8,22409.3,22400.8,22404.8
1678033800000,22404.8,22404.8,22392.4,22392.6
1678034100000,22392.6,22405,22392.5,22404.9
1678034400000,22404.9,22408.1,22402.7,22407.5
1678034700000,22407.5,22419,22407.1,22416.7
1678035000000,22416.7,22417.4,22405,22407
1678035300000,22407,22408.4,22398.8,22407.2
1678035600000,22407.2,22415.2,22407.2,22412.5
1678035900000,22412.5,22413,22403.2,22404.9
1678036200000,22404.9,22405.4,22398.9,22404.4
1678036500000,22404.4,22404.4,22399.8,22400.2
1678036800000,22400.2,22404.3,22398.9,22401
1678037100000,22401,22404.7,22400.1,22404.2
1678037400000,22404.2,22405.1,22401.7,22403.1
1678037700000,22403.1,22417.7,22403.1,22408.3
1678038000000,22408.3,22412.5,22408.3,22412.5
1678038300000,22413.1,22415.4,22404.7,22404.7
1678038600000,22404.7,22406.8,22399.3,22399.3
1678038900000,22399.3,22399.3,22392.6,22392.6
1678039200000,22392.6,22397.1,22392.6,22395
1678039500000,22395.1,22401.4,22392.4,22394.5
1678039800000,22394.5,22405,22394.5,22399.7
1678040100000,22399.7,22401.8,22399.4,22399.4
1678040400000,22400.3,22402.3,22400,22400.2
1678040700000,22400.3,22409.5,22400.3,22401.4
1678041000000,22401.7,22403.7,22393.5,22393.5
1678041300000,22393.5,22397.7,22393.5,22397.7
1678041600000,22397.7,22399.9,22397.7,22399.9
1678041900000,22399.9,22399.9,22399.9,22399.9
1678042200000,22399.9,22406.3,22399.9,22405.8
1678042500000,22405.8,22405.8,22396.9,22396.9
1678042800000,22396.9,22403,22396.9,22398.2
1678043100000,22398.2,22405.2,22396.1,22403
1678043400000,22403.1,22405.1,22402.7,22402.7
1678043700000,22402.7,22404.8,22402.7,22402.7
1678044000000,22402.8,22409.6,22392.4,22392.4
1678044300000,22392.4,22392.4,22350.4,22354.6
1678044600000,22354.9,22364,22345,22357.6
1678044900000,22357.6,22362.6,22355.4,22359.2
1678045200000,22359.9,22361.9,22354.6,22357.2
1678045500000,22357.2,22376.7,22357.2,22376.7
1678045800000,22376.7,22376.7,22365,22370.4
1678046100000,22370.4,22370.4,22363.4,22367.6
1678046400000,22367.6,22369.7,22365.5,22367.5
1678046700000,22367.5,22370.1,22365.4,22365.4
1678047000000,22365.4,22374.3,22365.4,22374.3
1678047300000,22374.5,22384.8,22371.3,22382.7
1678047600000,22382.7,22382.7,22377.5,22377.5
1678047900000,22377.5,22377.9,22370.4,22371.3
1678048200000,22369.2,22369.2,22364.9,22364.9
1678048500000,22364.9,22375.6,22362.8,22375.6
1678048800000,22375.6,22378,22370.6,22378
1678049100000,22378,22382.6,22378,22378.4
1678049400000,22378.4,22378.6,22367.9,22371.1
1678049700000,22371.6,22378.7,22371.6,22375.3
1678050000000,22375.3,22375.4,22368.8,22375.4
1678050300000,22375.6,22377.6,22375.4,22377.6
1678050600000,22378.2,22458.5,22378.2,22458.5
1678050900000,22458.1,22503.3,22433.8,22441.1
1678051200000,22441.1,22452.4,22431,22438.5
1678051500000,22438.5,22438.5,22421,22426.4
1678051800000,22426.4,22438.8,22411.9,22428.4
1678052100000,22428.9,22430.9,22416.9,22417
1678052400000,22417.1,22419.1,22303.1,22333.2
1678052700000,22333.2,22373.7,22325.2,22370.8
1678053000000,22370.8,22400.5,22360.3,22400.5
1678053300000,22401.2,22491.3,22401.2,22450.3
1678053600000,22450.3,22450.3,22386.1,22402.9
1678053900000,22402.9,22402.9,22348.7,22378.6
1678054200000,22379,22381.8,22376.3,22381.1
1678054500000,22381.1,22383.6,22366.7,22376
1678054800000,22376,22379.4,22371.9,22375
1678055100000,22375.7,22377.7,22343.3,22349.2
1678055400000,22349.2,22363.3,22322.4,22347.6
1678055700000,22348.7,22373.7,22347.1,22357.5
1678056000000,22380.4,22395.5,22373.1,22395.5
1678056300000,22395.5,22417.9,22388.4,22410.7
1678056600000,22410.7,22411.7,22385.9,22394.9
1678056900000,22394.9,22399.2,22385.8,22398.1
1678057200000,22398.1,22399.2,22364.1,22381.9
1678057500000,22381.9,22389.1,22378.5,22382.8
1678057800000,22382.4,22385.7,22331.1,22372
1678058100000,22372,22372.4,22342.9,22344.1
1678058400000,22344.1,22365.2,22342.5,22356.6
1678058700000,22356.6,22374.3,22352.6,22368.6
1678059000000,22368.6,22420.9,22361.7,22416.4
1678059300000,22417.2,22417.2,22394.9,22402
1678059600000,22402,22402.7,22381.1,22383.4
1678059900000,22385.4,22386.2,22366.3,22374.5
1678060200000,22374.5,22403.7,22374.5,22397.1
1678060500000,22397.1,22400.7,22388.4,22393.9
1678060800000,22393.9,22398.3,22385.2,22397.7
1678061100000,22397.7,22398,22385.9,22392.9
1678061400000,22392.9,22392.9,22378.8,22381.4
1678061700000,22381.4,22391.2,22334.8,22387.2
1678062000000,22387.2,22398.1,22383.1,22396.5
1678062300000,22397.1,22411.5,22392.9,22411
1678062600000,22411,22421.1,22403.1,22420.2
1678062900000,22420.2,22430.2,22417.1,22425.9
1678063200000,22425.9,22431,22414.9,22425.7
1678063500000,22425.7,22426.1,22413.6,22424
1678063800000,22424,22428,22404.9,22413.7
1678064100000,22413.3,22416.3,22410.3,22411.5
1678064400000,22411.5,22414.2,22401.2,22403.7
1678064700000,22403.7,22428.6,22399.4,22408.3
1678065000000,22409.6,22412.2,22349,22353.7
1678065300000,22353.7,22372,22328.2,22340.8
1678065600000,22340.6,22467.4,22328.7,22448.9
1678065900000,22448.9,22469.8,22416.4,22420.7
1678066200000,22420.7,22428.5,22382.4,22388.9
1678066500000,22390.9,22394.6,22370.1,22386.5
1678066800000,22386.5,22395.6,22355.7,22358.9
1678067100000,22358.9,22365,22348.9,22355.2
1678067400000,22355.2,22361.2,22296.8,22313.7
1678067700000,22313.1,22377.1,22311,22348.9
1678068000000,22348.9,22348.9,22303.8,22319.6
1678068300000,22319.6,22343.3,22239.6,22308.4
1678068600000,22308.4,22312.6,22270.5,22299.7
1678068900000,22299.7,22306.5,22284.6,22288.8
1678069200000,22288.7,22334.7,22283.5,22323.8
1678069500000,22324.1,22337.2,22294.7,22307.8
1678069800000,22307.8,22332.9,22304.7,22310.4
1678070100000,22310.4,22353.3,22302,22344
1678070400000,22344,22367.7,22342,22343.2
1678070700000,22343.2,22347.1,22328.5,22343.9
1678071000000,22343.6,22349.6,22335,22348.7
1678071300000,22348.3,22358.8,22347.9,22355.3
1678071600000,22355.5,22376.3,22353.7,22374.6
1678071900000,22374.6,22375,22343.5,22346.7
1678072200000,22346.7,22356.2,22340.1,22341.5
1678072500000,22341.5,22348.8,22337.4,22339.8
1678072800000,22339.8,22358.1,22339.3,22352.1
1678073100000,22352.1,22356.3,22347.8,22356
1678073400000,22356,22364.6,22354.3,22362
1678073700000,22362.1,22368.1,22352.5,22352.8
1678074000000,22352.8,22364.1,22342.3,22361.4
1678074300000,22361.4,22362.5,22346.7,22354.5
1678074600000,22354.6,22359.5,22351.5,22357.2
1678074900000,22357.2,22359.2,22349.3,22352.2
1678075200000,22352.2,22352.2,22345.1,22345.5
1678075500000,22345.5,22345.7,22335.8,22341.2
1678075800000,22341.2,22359.3,22339.9,22358.4
1678076100000,22358.4,22360.5,22355,22358.6
1678076400000,22358.6,22362,22344.5,22345.3
1678076700000,22345.3,22348.9,22342,22345.7
1678077000000,22345.7,22346.1,22304.8,22315
1678077300000,22315.2,22324.2,22309.7,22321.6
1678077600000,22321.6,22327.1,22313.3,22320.9
1678077900000,22320.9,22322.6,22305.2,22305.6
1678078200000,22305.6,22310.3,22298.3,22307
1678078500000,22307,22311.1,22304.2,22306.8
1678078800000,22306.8,22312,22297.5,22298.4
1678079100000,22298.4,22316.8,22284.5,22300.5
1678079400000,22300.5,22317.1,22299.1,22316.1
1678079700000,22315.4,22323.8,22313.8,22320.9
1678080000000,22320.9,22324.4,22316.4,22318.7
1678080300000,22318.7,22322.9,22304.4,22305.1
1678080600000,22305.1,22317.5,22303.2,22317.1
1678080900000,22317.1,22320.8,22312.8,22320.2
1678081200000,22320.2,22328,22317.2,22321.4
1678081500000,22321.4,22328.6,22318.4,22327
1678081800000,22327,22329.1,22317.7,22328.6
1678082100000,22331.1,22333.7,22325.7,22332.9
1678082400000,22332.6,22337.6,22328.2,22334
1678082700000,22333.9,22351.5,22332,22346.1
1678083000000,22345.7,22357.2,22343.7,22344
1678083300000,22344,22357.3,22343.9,22352.8
1678083600000,22354.8,22364.7,22350.9,22362.3
1678083900000,22362.1,22395.6,22361.4,22385.5
1678084200000,22385.5,22387.6,22376.7,22378.7
1678084500000,22378.7,22379.6,22367.9,22369.9
1678084800000,22369.9,22377.1,22368.3,22372.7
1678085100000,22372.7,22372.7,22366.6,22372
1678085400000,22372,22372,22365.3,22368.4
1678085700000,22368.3,22371.6,22364.3,22371.6
1678086000000,22371.6,22371.6,22359,22361.2
1678086300000,22361.2,22366.4,22356,22358.6
1678086600000,22355.2,22379.5,22354.2,22374.8
1678086900000,22374.8,22385.2,22371.4,22382.5
1678087200000,22382.5,22382.5,22366.5,22378
1678087500000,22378,22386,22375.7,22384.8
1678087800000,22384.8,22392.3,22375.8,22377.2
1678088100000,22377.2,22380.5,22373.5,22375.2
1678088400000,22375.2,22377.4,22369.9,22375.3
1678088700000,22375.3,22375.4,22367.1,22371.9
1678089000000,22371.9,22373.3,22366.5,22368.3
1678089300000,22368.3,22368.3,22351.4,22357.4
1678089600000,22357.4,22361.8,22353.8,22353.8
1678089900000,22353.4,22358,22343.7,22349.1
1678090200000,22349.1,22358.3,22342.8,22346.8
1678090500000,22346.8,22350.3,22323.2,22329.2
1678090800000,22329.2,22345.6,22324.2,22345.3
1678091100000,22345.3,22358.7,22343.3,22357
1678091400000,22357,22361.6,22354.3,22358.8
1678091700000,22358.2,22409.4,22358,22399.8
1678092000000,22399.5,22402.2,22387.7,22388.2
1678092300000,22388.1,22389.4,22368,22369.2
1678092600000,22369.2,22383.1,22365,22368.6
1678092900000,22369.8,22381.9,22367.1,22378.1
1678093200000,22378.4,22383.8,22370.1,22370.7
1678093500000,22370.8,22374.7,22365.7,22369.3
1678093800000,22369.3,22383.3,22369.3,22373.8
1678094100000,22373.8,22377.7,22369.5,22374.9
1678094400000,22374.9,22377,22335.1,22336.7
1678094700000,22336.7,22349.4,22334.2,22344
1678095000000,22344,22359,22340.1,22358.6
1678095300000,22358.8,22363.1,22354.8,22358.5
1678095600000,22358.5,22366.4,22355.7,22364.5
1678095900000,22364.5,22365.4,22350,22353.2
1678096200000,22353.2,22353.8,22344.1,22352.5
1678096500000,22352.5,22365,22346.6,22364.1
1678096800000,22364.1,22365.9,22358.8,22360.6
1678097100000,22360.6,22366.2,22346.9,22346.9
1678097400000,22348.7,22374.7,22348.3,22361
1678097700000,22361,22368.3,22351.5,22363.6
1678098000000,22363.6,22368.5,22350.6,22354.2
1678098300000,22354.2,22355.7,22349.9,22355.2
1678098600000,22355.2,22357.5,22351.4,22352.6
1678098900000,22352.6,22352.6,22335.7,22345.5
1678099200000,22348.2,22350.3,22346.3,22346.9
1678099500000,22346.9,22348.6,22345,22346.5
1678099800000,22346.5,22351.3,22346.5,22351.3
1678100100000,22351.6,22366.4,22347.4,22363.2
1678100400000,22363.2,22363.7,22355,22356
1678100700000,22354.7,22360.3,22347.7,22352.9
1678101000000,22352.9,22362.6,22351.7,22352.3
1678101300000,22352.3,22361.7,22350.3,22358.5
1678101600000,22358.5,22358.5,22354.8,22358
1678101900000,22358,22358,22352.7,22354
1678102200000,22354,22357.3,22349.8,22351.6
1678102500000,22351.2,22354.4,22334.8,22339.3
1678102800000,22339.3,22343,22332.9,22337.5
1678103100000,22337.5,22339.1,22333.2,22333.2
1678103400000,22333.6,22342.6,22330.2,22337.5
1678103700000,22337.5,22343.2,22337.5,22343.2
1678104000000,22343.2,22345.3,22338.3,22342.3
1678104300000,22342.3,22342.3,22326.9,22328.1
1678104600000,22328.1,22337.3,22328.1,22337.3
1678104900000,22337.3,22344.9,22337.3,22344.1
1678105200000,22344.1,22347.3,22340.2,22347.3
1678105500000,22347.6,22360.6,22343.6,22359
1678105800000,22359,22372.6,22356.6,22361.6
1678106100000,22361.6,22365.5,22361.2,22361.7
1678106400000,22361.7,22365.5,22358.6,22365.5
1678106700000,22365.5,22365.5,22348.5,22354.6
1678107000000,22354.6,22356.6,22353.2,22355
1678107300000,22355,22363.7,22354.9,22361.3
1678107600000,22361.3,22369,22361.3,22363.9
1678107900000,22364,22370.6,22360.8,22370.6
1678108200000,22370.6,22370.7,22366.7,22366.7
1678108500000,22366.7,22366.7,22362.6,22362.6
1678108800000,22362.6,22368.8,22354.6,22368.8
1678109100000,22368.8,22370.3,22366.1,22369.5
1678109400000,22369.5,22393.4,22368.3,22372.4
1678109700000,22372.4,22402.7,22372.4,22401.7
1678110000000,22401.8,22416.9,22389,22416.9
1678110300000,22417,22444.3,22410.7,22412.1
1678110600000,22412.1,22412.1,22396.9,22396.9
1678110900000,22396.9,22405.4,22393,22403.7
1678111200000,22403.7,22404.6,22386.9,22386.9
1678111500000,22386.9,22391.1,22379.6,22391
1678111800000,22391,22394.3,22381.7,22381.9
1678112100000,22383.5,22389.9,22381.9,22389.9
1678112400000,22389.8,22395.1,22389.3,22393.4
1678112700000,22393.4,22402.8,22393.3,22401.9
1678113000000,22401.9,22441.6,22386.8,22419
1678113300000,22419,22419,22385.9,22387.9
1678113600000,22387.9,22418.9,22387.9,22403.8
1678113900000,22403.8,22407.2,22376.8,22383.1
1678114200000,22383.1,22409,22382.7,22403
1678114500000,22403,22410,22395.4,22410
1678114800000,22410,22421.9,22399.7,22421.2
1678115100000,22421.2,22436.6,22417.8,22420.2
1678115400000,22420.2,22422.1,22416.2,22417.9
1678115700000,22417.9,22442.2,22417.9,22437.6
1678116000000,22437.9,22441.7,22419.2,22421.6
1678116300000,22421.6,22421.6,22402.3,22407.3
1678116600000,22407.5,22411.7,22404.6,22407.2
1678116900000,22407.6,22411.8,22405.4,22411
1678117200000,22411,22430.2,22411,22430.2
1678117500000,22430.2,22499.2,22428.1,22468.7
1678117800000,22468.7,22554.7,22468.7,22548.1
1678118100000,22549.5,22551.4,22513.5,22523.5
1678118400000,22524.1,22547.3,22524.1,22547.3
1678118700000,22547.3,22547.3,22479,22497.9
1678119000000,22497.9,22522.4,22497.4,22509.3
1678119300000,22509.3,22518.7,22503.1,22503.1
1678119600000,22503.1,22503.1,22487.4,22487.4
1678119900000,22487.4,22490.9,22452.7,22458.5
1678120200000,22458.5,22467.6,22439.6,22441.6
1678120500000,22442.3,22466.5,22440.9,22466.3
1678120800000,22466.3,22467.2,22461.3,22461.8
1678121100000,22462.3,22471.7,22460.5,22468.5
1678121400000,22469,22514.4,22468.5,22512.9
1678121700000,22512.9,22512.9,22487.6,22490.1
1678122000000,22490.1,22491.9,22483.5,22487.8
1678122300000,22487.8,22487.8,22473.3,22473.8
1678122600000,22473.8,22490,22471.8,22490
1678122900000,22490,22495.7,22485.6,22495.7
1678123200000,22495.7,22496.1,22483.9,22483.9
1678123500000,22483.9,22483.9,22475.9,22479.3
1678123800000,22479.3,22479.3,22472.7,22476
1678124100000,22476,22486.5,22471.1,22478.2
1678124400000,22478.2,22478.2,22478.2,22478.2
1678124700000,22478.2,22478.2,22453.5,22454.4
1678125000000,22454.4,22454.4,22448.7,22449
1678125300000,22449,22450.1,22445,22445.7
1678125600000,22445.7,22460.4,22445.7,22448.6
1678125900000,22448.8,22457,22438.4,22443.7
1678126200000,22443.7,22448.4,22440.8,22446
1678126500000,22446.1,22462.4,22445.7,22462.4
1678126800000,22462.4,22479.1,22462,22472.2
1678127100000,22472.4,22497.8,22470.9,22490.1
1678127400000,22490.3,22492.3,22485.6,22485.8
1678127700000,22485.8,22485.8,22468.1,22468.1
1678128000000,22468.1,22498.9,22468.1,22491.2
1678128300000,22491.2,22491.2,22481.7,22485.5
1678128600000,22485.6,22497.9,22484.9,22497
1678128900000,22497,22497,22470.1,22473.2
1678129200000,22473.2,22473.2,22464.7,22472.9
1678129500000,22472.9,22472.9,22470.2,22472.5
1678129800000,22472.5,22472.5,22465.2,22465.4
1678130100000,22465.4,22467.2,22337.5,22376.1
1678130400000,22376.1,22376.1,22339.3,22356.6
1678130700000,22356.6,22367.3,22344.4,22365.4
1678131000000,22365.4,22365.4,22344.4,22344.4
1678131300000,22344.4,22353.4,22339.7,22353.4
1678131600000,22353.4,22354.8,22340.8,22349.2
1678131900000,22349.2,22349.2,22333.4,22338.8
1678132200000,22338.8,22417.2,22335,22413
1678132500000,22414,22414,22357.6,22359.7
1678132800000,22359.7,22376.7,22356.5,22372.9
1678133100000,22372.9,22372.9,22353.8,22356.2
1678133400000,22358.5,22375.3,22351.6,22358.2
1678133700000,22358.2,22359.4,22353.4,22358.3
1678134000000,22358.3,22358.3,22343.2,22344.5
1678134300000,22344.5,22346.2,22328.4,22334.7
1678134600000,22335.6,22346.6,22332.4,22338.8
1678134900000,22338.4,22354.7,22337.4,22354.7
1678135200000,22354.7,22361.4,22343.2,22361.2
1678135500000,22361.2,22362.6,22354.2,22358.4
1678135800000,22358.4,22358.4,22345.8,22350.8
1678136100000,22350.8,22356.1,22304.7,22314.4
1678136400000,22314.4,22319.2,22289,22315.5
1678136700000,22315.8,22323.5,22308.9,22323.5
1678137000000,22324,22332.1,22320.6,22325.6
1678137300000,22325.7,22331.8,22324.6,22329.8
1678137600000,22329.8,22345.1,22328,22343.8
1678137900000,22343.8,22352.1,22343.8,22347.6
1678138200000,22347.6,22401.2,22347.1,22374.7
1678138500000,22374.7,22374.7,22358.6,22366.2
1678138800000,22366.2,22367.4,22358.7,22367.4
1678139100000,22367.4,22369,22357.8,22363
1678139400000,22363.2,22366.5,22363.2,22365.5
1678139700000,22366.5,22374.9,22363.3,22370.9
1678140000000,22372.7,22397.8,22372.7,22389.9
1678140300000,22390.2,22397.2,22389.7,22393.3
1678140600000,22393.3,22395.1,22390.7,22395.1
1678140900000,22395.2,22397.3,22391.9,22391.9
1678141200000,22391.9,22396.3,22391,22393.6
1678141500000,22393.6,22393.6,22390,22392.1
1678141800000,22392.1,22396.6,22392.1,22395.9
1678142100000,22395.9,22400.3,22392.7,22400.3
1678142400000,22400.3,22405.7,22398.1,22398.1
1678142700000,22398.1,22398.1,22391.9,22392.9
1678143000000,22392.9,22392.9,22385,22385
1678143300000,22385.1,22396.3,22385.1,22396.3
1678143600000,22396.3,22400.8,22388.8,22392.2
1678143900000,22392.2,22400.2,22385.8,22387.2
1678144200000,22387.2,22403.7,22387.2,22397.8
1678144500000,22398.5,22405.4,22397.8,22402.2
1678144800000,22402.2,22402.2,22395.6,22395.6
1678145100000,22395.6,22395.6,22390.1,22390.1
1678145400000,22390.1,22401.4,22389.8,22401.4
1678145700000,22401.4,22401.4,22371.9,22371.9
1678146000000,22371.9,22372.7,22365.8,22372
1678146300000,22372,22372,22360.8,22362.9
1678146600000,22362.9,22375.4,22358.1,22371.8
1678146900000,22371.8,22374.2,22366.2,22372.8
1678147200000,22372.8,22381.8,22371.3,22380.7
1678147500000,22380.5,22383.2,22377.3,22378.9
1678147800000,22378.9,22378.9,22361.7,22366.5
1678148100000,22366.5,22368.3,22357.9,22367.3
1678148400000,22367.3,22370,22365.4,22365.6
1678148700000,22365.6,22369.9,22346.2,22353.6
1678149000000,22355.3,22384.7,22353.2,22383
1678149300000,22381.2,22383.5,22373.2,22374.8
1678149600000,22374.8,22377.6,22372.4,22372.4
1678149900000,22372.4,22372.4,22359.7,22362.2
1678150200000,22362.2,22370.8,22357.9,22370.4
1678150500000,22370.4,22379.8,22365.5,22377.1
1678150800000,22377.1,22387.9,22374.5,22384.7
1678151100000,22384.7,22393.9,22383.6,22390.5
1678151400000,22390.5,22450.7,22383.2,22450.7
1678151700000,22450.7,22456.6,22431.1,22432.2
1678152000000,22432.2,22470.3,22430.9,22447.7
1678152300000,22447.7,22450.9,22423.2,22428.8
1678152600000,22428.8,22432.8,22409,22414.6
1678152900000,22414.9,22416.9,22408,22411.3
1678153200000,22411.4,22422,22410.3,22410.3
1678153500000,22411.1,22422.3,22411.1,22419.5
1678153800000,22419.5,22454.6,22411.2,22448.4
1678154100000,22448.4,22452.9,22441.8,22448
1678154400000,22448,22457.9,22442.7,22442.7
1678154700000,22442.7,22449.8,22441,22441
1678155000000,22441,22441,22424.3,22430.2
1678155300000,22430.2,22433.1,22421.1,22432.5
1678155600000,22432.9,22438.1,22432.6,22434.8
1678155900000,22434.8,22434.8,22431.3,22433.5
1678156200000,22433.6,22460.2,22433.5,22460.2
1678156500000,22462.2,22468.3,22449.1,22449.1
1678156800000,22449.1,22449.1,22438.9,22444.7
1678157100000,22444.7,22457.5,22444.4,22455.1
1678157400000,22455.1,22457.3,22447.5,22447.5
1678157700000,22447.5,22463.8,22447.5,22463.6
1678158000000,22463.6,22480.7,22454.6,22480.4
1678158300000,22479.2,22513.7,22464.2,22469.9
1678158600000,22470.3,22472.3,22452.9,22455.5
1678158900000,22455.5,22457.6,22446.7,22451.9
1678159200000,22451.9,22452,22439.5,22439.5
1678159500000,22439.5,22440.2,22423.9,22432.1
1678159800000,22432.1,22437.1,22432.1,22437.1
1678160100000,22437.1,22437.1,22412.7,22416.8
1678160400000,22416.9,22426.4,22416.9,22420.2
1678160700000,22420.2,22427.8,22417.6,22425
1678161000000,22425,22427.4,22417,22425.4
1678161300000,22425.4,22425.4,22414.7,22421.7
1678161600000,22422.2,22428.8,22418.1,22420.2
1678161900000,22420.2,22427.2,22420.2,22425.6
1678162200000,22425.6,22432.8,22425.6,22430.3
1678162500000,22430.3,22430.9,22426.7,22427.3
1678162800000,22427.3,22433.5,22426.7,22433.2
1678163100000,22433.2,22433.2,22427.7,22431
1678163400000,22431,22431.7,22421.1,22423.8
1678163700000,22423.8,22427.8,22421.5,22424.2
1678164000000,22424.1,22428.1,22422.4,22426
1678164300000,22427.6,22433,22425.6,22428.8
1678164600000,22429.3,22431.3,22427.3,22427.3
1678164900000,22427.3,22437.5,22427.3,22437.5
1678165200000,22437.5,22439,22432.7,22439
1678165500000,22439,22439,22433.2,22436
1678165800000,22436,22436,22436,22436
1678166100000,22436,22436.8,22431,22433.2
1678166400000,22433.2,22436.8,22429.3,22433.6
1678166700000,22433.6,22433.6,22433.6,22433.6
1678167000000,22433.6,22433.6,22424.3,22427.8
1678167300000,22427.8,22436.2,22424.4,22426.4
1678167600000,22426.6,22432.3,22425.9,22428.4
1678167900000,22428.4,22432.2,22412.7,22419.4
1678168200000,22419.4,22423.2,22419.4,22423.2
1678168500000,22423.2,22424.4,22422.1,22422.1
1678168800000,22422.1,22422.1,22422.1,22422.1
1678169100000,22422.1,22422.1,22413,22415.2
1678169400000,22415.5,22421.1,22410.1,22418.5
1678169700000,22418.5,22418.5,22393.6,22395.8
1678170000000,22396.4,22404.7,22396.4,22404.7
1678170300000,22404.7,22404.7,22397,22403.1
1678170600000,22403.1,22409.4,22398.9,22401.7
1678170900000,22401.7,22401.7,22379.5,22396.8
1678171200000,22396.8,22400.5,22396.8,22400.5
1678171500000,22400.5,22403.1,22399.2,22401.9
1678171800000,22401.9,22407.5,22401.9,22407.5
1678172100000,22407.5,22407.5,22407.5,22407.5
1678172400000,22407.5,22407.5,22394.3,22396.1
1678172700000,22396.1,22401.2,22393.7,22396
1678173000000,22396,22409.3,22394.9,22409.3
1678173300000,22409.3,22415.8,22409.3,22412.4
1678173600000,22412.4,22412.4,22386.2,22389.1
1678173900000,22389.1,22395.1,22387.7,22390.7
1678174200000,22390.7,22397.7,22387.9,22397.1
1678174500000,22397.1,22402.1,22396.7,22398.2
1678174800000,22398.2,22398.2,22391,22394.6
1678175100000,22394.6,22396,22382.8,22383.9
1678175400000,22383.7,22393.6,22383.6,22390.3
1678175700000,22390.3,22390.3,22378.9,22384.5
1678176000000,22382.9,22385,22376.6,22383.9
1678176300000,22383.9,22383.9,22361.8,22364.5
1678176600000,22364.5,22369.4,22361.6,22365.4
1678176900000,22365.4,22383.4,22365.4,22380.1
1678177200000,22380,22380.5,22376.2,22378.1
1678177500000,22378.1,22378.7,22371.8,22377.3
1678177800000,22377.3,22377.7,22374.7,22377.7
1678178100000,22377.7,22377.7,22365.7,22368.7
1678178400000,22368.7,22373.6,22364.3,22373.6
1678178700000,22373.5,22375.4,22369.9,22375.4
1678179000000,22375.4,22385.4,22373.7,22385.4
1678179300000,22385.4,22386.5,22383,22386.1
1678179600000,22386.1,22386.1,22380.2,22380.6
1678179900000,22380.2,22385.3,22377.7,22385.3
1678180200000,22385.3,22385.6,22378.4,22378.4
1678180500000,22378.4,22378.4,22362.2,22362.2
1678180800000,22362.2,22365.1,22351.8,22354.9
1678181100000,22354.9,22359,22339.7,22349.7
1678181400000,22349.7,22355.4,22348.4,22354.5
1678181700000,22354.5,22354.5,22334,22341.3
1678182000000,22341.3,22341.3,22320.8,22331.4
1678182300000,22331.4,22352.4,22317.5,22352.4
1678182600000,22353,22360.5,22348.7,22355.2
1678182900000,22355.2,22355.2,22340.8,22346.3
1678183200000,22346.3,22347.5,22340.9,22347.5
1678183500000,22347.5,22351.7,22347.5,22349.7
1678183800000,22349.7,22376.1,22349.7,22369.2
1678184100000,22369.2,22374.2,22364.8,22372.6
1678184400000,22372.6,22375.9,22366.8,22370.5
1678184700000,22370.5,22387.5,22369.4,22385.1
1678185000000,22385.1,22390.1,22373.5,22375.9
1678185300000,22375.9,22378.3,22368,22368
1678185600000,22368.3,22370.3,22365.9,22365.9
1678185900000,22365.9,22366.1,22359.2,22360.2
1678186200000,22360.2,22360.2,22341.4,22341.4
1678186500000,22341.4,22344.6,22337.6,22340.8
1678186800000,22340.8,22347.5,22335.4,22343.6
1678187100000,22343.6,22352.8,22343.6,22349
1678187400000,22349,22356.2,22341.2,22355.9
1678187700000,22355.9,22355.9,22345.8,22346
1678188000000,22346,22346,22335.8,22335.8
1678188300000,22335.8,22345.7,22335.7,22344.8
1678188600000,22344.8,22344.8,22339.8,22339.8
1678188900000,22339.8,22354,22339.8,22353.8
1678189200000,22353.8,22353.8,22335.7,22338.2
1678189500000,22338.7,22338.9,22333.7,22335
1678189800000,22335.1,22340.2,22334,22334.6
1678190100000,22334.4,22335.2,22296.6,22306.7
1678190400000,22306.7,22321.7,22299.9,22316.4
1678190700000,22314.2,22340.2,22312.5,22335.7
1678191000000,22335.7,22349.2,22335.2,22345.5
1678191300000,22345.5,22351.3,22335.2,22341.1
1678191600000,22341.3,22346.4,22336.2,22341.1
1678191900000,22341,22345.2,22331.5,22331.5
1678192200000,22331.5,22336.8,22322,22333.9
1678192500000,22333.9,22336.7,22328.5,22334.4
1678192800000,22334.3,22344.8,22328.9,22341.8
1678193100000,22341.8,22346.9,22337.6,22339.1
1678193400000,22340.4,22367.6,22339,22367.3
1678193700000,22367.1,22368,22357.9,22366.9
1678194000000,22364.3,22366.9,22356.1,22358
1678194300000,22357.9,22363,22356.2,22361.4
1678194600000,22360.8,22366,22353.6,22355.6
1678194900000,22355.1,22364.5,22354.7,22362.4
1678195200000,22362.4,22369.5,22360,22360.3
1678195500000,22360.3,22365.1,22355.5,22357.1
1678195800000,22357.2,22357.4,22334,22339.7
1678196100000,22339.8,22359.4,22339.8,22356.9
1678196400000,22356.9,22357.7,22343.5,22352.3
1678196700000,22352.3,22352.3,22348.7,22348.7
1678197000000,22348.7,22349.3,22346,22349.3
1678197300000,22349.3,22349.3,22323.3,22326.8
1678197600000,22326.8,22326.8,22304.8,22313.7
1678197900000,22313.7,22323.8,22304.4,22320.3
1678198200000,22320.3,22320.3,22303.6,22307.2
1678198500000,22307.2,22342.7,22265.3,22334.4
1678198800000,22334.4,22334.4,22313.8,22318.9
1678199100000,22318.9,22318.9,22295.3,22305.3
1678199400000,22305.3,22305.3,22183.4,22284.7
1678199700000,22285.2,22318.7,22267.9,22299.2
1678200000000,22299.2,22299.2,22256.9,22269
1678200300000,22269,22293.2,22264.8,22283.6
1678200600000,22283.6,22286.7,22272.7,22274.8
1678200900000,22276.5,22292.1,22276.4,22282.3
1678201200000,22282.3,22282.3,22060.5,22105.9
1678201500000,22105.9,22129.8,21911.8,21964
1678201800000,21965.7,22039,21955.1,22004.5
1678202100000,22004.5,22082.3,21973.6,22070
1678202400000,22070,22346.7,22065.3,22258.4
1678202700000,22256.9,22264.1,22158.3,22178.1
1678203000000,22178.1,22273.6,22173.4,22253.8
1678203300000,22253.8,22438.4,22242.1,22349
1678203600000,22349,22354.9,22280.5,22285.4
1678203900000,22285.4,22355.9,22267.9,22329.3
1678204200000,22326.5,22334.8,22272.8,22303.1
1678204500000,22303.1,22326.8,22284.9,22287.4
1678204800000,22288.4,22352.5,22285.5,22335.3
1678205100000,22335.3,22349,22307.3,22319.4
1678205400000,22319.4,22332.9,22276.2,22276.2
1678205700000,22276.2,22276.3,22245.7,22270.8
1678206000000,22270.8,22288,22264.7,22272.4
1678206300000,22272.4,22272.4,22194.4,22198.8
1678206600000,22198.8,22227.9,22198.1,22201.5
1678206900000,22201.5,22232,22173.3,22223.6
1678207200000,22224.2,22251.8,22187.7,22250.5
1678207500000,22250.5,22276.4,22244.3,22266.1
1678207800000,22266.2,22272.7,22241.7,22243.6
1678208100000,22243.6,22243.6,22194.2,22204.4
1678208400000,22204.4,22214.1,22191.2,22198.1
1678208700000,22198.5,22210.5,22196.7,22210.5
1678209000000,22212.5,22243.4,22205.5,22220.9
1678209300000,22220.9,22243.8,22212,22243.6
1678209600000,22243.6,22300.2,22243.4,22287.2
1678209900000,22287.2,22316.4,22284.3,22289.6
1678210200000,22289.6,22307.5,22286.1,22305.1
1678210500000,22305.1,22308.2,22274.6,22279.8
1678210800000,22279.8,22283.5,22262.6,22281.5
1678211100000,22281.5,22298.7,22281.5,22296.1
1678211400000,22296.1,22319.7,22282.4,22282.4
1678211700000,22282.4,22288.1,22277.2,22280.5
1678212000000,22280.5,22291.2,22274.6,22282.6
1678212300000,22282.6,22282.6,22248.6,22254.5
1678212600000,22254.5,22258.7,22245.6,22258.7
1678212900000,22260.1,22262.1,22247.8,22256.7
1678213200000,22256.7,22256.7,22207.4,22212.9
1678213500000,22212.9,22232.2,22210.6,22230.8
1678213800000,22231.3,22246.3,22213.6,22215.2
1678214100000,22215.2,22218.7,22193.8,22194
1678214400000,22194,22196.2,22175.5,22178.4
1678214700000,22178.4,22192.6,22131.1,22154.6
1678215000000,22154.6,22172.4,22141.6,22143.7
1678215300000,22144.5,22172.4,22143.7,22167.5
1678215600000,22168,22176.5,22148.6,22155.6
1678215900000,22155.7,22176.8,22155.7,22176.8
1678216200000,22176.8,22209.4,22172.5,22197.2
1678216500000,22197.2,22205.7,22186.4,22193.7
1678216800000,22194.3,22204.9,22165.6,22165.6
1678217100000,22165.6,22184.4,22149.9,22176.7
1678217400000,22176.7,22184.5,22166.3,22172.5
1678217700000,22172.5,22181.9,22169.2,22174.6
1678218000000,22174.6,22178.8,22159.9,22159.9
1678218300000,22159.9,22172.6,22158.9,22167.7
1678218600000,22167.7,22175.6,22164.3,22175.6
1678218900000,22175.6,22176.5,22042.5,22094.9
1678219200000,22094.9,22105.9,22017.1,22028.8
1678219500000,22028.8,22054,21981.8,22001.8
1678219800000,22001.8,22048.8,21968.4,22033.7
1678220100000,22033.7,22067.7,22033.7,22064.8
1678220400000,22064.8,22066.8,22028.1,22043.8
1678220700000,22043.8,22043.8,21970.8,21995.7
1678221000000,21995.7,22069.8,21992.7,22065.5
1678221300000,22065.5,22090.2,22065.5,22072.9
1678221600000,22072.9,22093.1,22072.7,22083.7
1678221900000,22083.7,22083.7,22034.9,22040.2
1678222200000,22040.6,22048,22020.3,22034.5
1678222500000,22030.3,22037,22013.3,22020.2
1678222800000,22023.3,22032.8,22014.5,22026.5
1678223100000,22027,22040,22015.9,22015.9
1678223400000,22015.9,22015.9,21916.5,21954.6
1678223700000,21954.8,22010,21952,21980.7
1678224000000,21983.7,21993.5,21943.1,21943.1
1678224300000,21943.6,21986.8,21943.6,21985.6
1678224600000,21986.1,22025,21979.4,22016.5
1678224900000,22018.9,22051.9,22010.3,22051.9
1678225200000,22051.8,22073.8,22047.2,22066.5
1678225500000,22067.9,22070.7,22024.7,22032.1
1678225800000,22032.1,22034.6,22023.5,22027
1678226100000,22032.3,22034.3,22023.4,22023.7
1678226400000,22023.7,22031,21999.9,22003.5
1678226700000,22003.5,22003.5,21949.6,21956.4
1678227000000,21956.4,21992,21954,21984.5
1678227300000,21984.9,21999.9,21984.9,21997.7
1678227600000,21997.8,22017,21997.8,22017
1678227900000,22017.3,22073.5,22017.3,22073.5
1678228200000,22073.7,22075.7,22048.8,22050.9
1678228500000,22051.3,22078.4,22050,22067.7
1678228800000,22067.8,22082,22067.8,22079
1678229100000,22079,22079,22069.2,22069.2
1678229400000,22069.2,22070.7,22046.9,22063.5
1678229700000,22063.5,22078.4,22058.3,22069.8
1678230000000,22069.8,22070.1,22050.3,22053.6
1678230300000,22053.6,22066.5,22048.4,22064.5
1678230600000,22064.9,22077.2,22061.3,22069.6
1678230900000,22069.6,22074.6,22060.3,22074.6
1678231200000,22074.6,22116.5,22067.5,22112.1
1678231500000,22112.1,22113.8,22098.5,22108.9
1678231800000,22109.3,22158.8,22100.6,22148.2
1678232100000,22148.2,22192.5,22136.8,22184
1678232400000,22184,22184,22154.7,22159.1
1678232700000,22159.1,22161.7,22150.9,22156
1678233000000,22157.6,22173.3,22154.9,22160.4
1678233300000,22160.7,22168.7,22160.4,22168.1
1678233600000,22168.1,22245.7,22160.1,22236
1678233900000,22236,22236,22187.9,22193.3
1678234200000,22193.3,22227.9,22191.6,22213.6
1678234500000,22214.6,22220.5,22201.8,22219.2
1678234800000,22220,22229.2,22216,22216
1678235100000,22216,22216,22181.3,22186
1678235400000,22186.7,22218.4,22186,22202.2
1678235700000,22204,22206,22180.1,22186.8
1678236000000,22187.2,22198.1,22187.2,22195.6
1678236300000,22195.6,22201.6,22191.1,22193.7
1678236600000,22193.7,22203.9,22193.2,22201
1678236900000,22201,22209.5,22201,22209.5
1678237200000,22209.5,22211.7,22200.6,22200.6
1678237500000,22200.6,22200.6,22177.4,22184.8
1678237800000,22184.9,22193.6,22183.4,22189
1678238100000,22189,22218,22185.9,22214.7
1678238400000,22214.7,22215.4,22194.9,22194.9
1678238700000,22196.3,22204.2,22193.2,22193.2
1678239000000,22193.2,22209.8,22191.1,22209.8
1678239300000,22209.8,22210.4,22193.1,22193.8
1678239600000,22193.8,22193.8,22159.2,22159.2
1678239900000,22159.4,22165.7,22106,22110.4
1678240200000,22111.2,22128.2,22111.2,22122.7
1678240500000,22123.9,22139.1,22123.9,22138.4
1678240800000,22138.4,22161.8,22126.3,22161.8
1678241100000,22161.8,22163.6,22150.4,22153
1678241400000,22153,22160.9,22145.5,22159.3
1678241700000,22159.4,22161.6,22134.5,22136.4
1678242000000,22136.4,22145.6,22136.4,22145.6
1678242300000,22146,22151.8,22146,22151.8
1678242600000,22151.8,22151.8,22148.6,22148.6
1678242900000,22148.6,22154.5,22142.5,22154.5
1678243200000,22154.5,22162.1,22154.5,22160.2
1678243500000,22160.2,22165.4,22156,22156
1678243800000,22156,22156,22139.7,22139.7
1678244100000,22139.7,22143.1,22137.2,22142.9
1678244400000,22142.9,22148.6,22138.7,22143.6
1678244700000,22143.9,22150.5,22143.6,22144.7
1678245000000,22144.7,22144.8,22122.7,22127.3
1678245300000,22129.7,22131.7,22096.3,22098.8
1678245600000,22098.8,22098.8,22054.6,22072.3
1678245900000,22072.3,22084.5,22072.3,22075.1
1678246200000,22075.9,22084.6,22065.4,22084.6
1678246500000,22085,22103.5,22084.6,22103.5
1678246800000,22103.5,22104.9,22097.2,22104.8
1678247100000,22104.8,22115.3,22089.8,22115.3
1678247400000,22115.3,22118.7,22113.3,22117.4
1678247700000,22117.4,22117.4,22109.3,22116.6
1678248000000,22118.8,22120.8,22117.8,22120.7
1678248300000,22121.7,22128.6,22120.7,22121.2
1678248600000,22121.2,22128.4,22121.2,22127.7
1678248900000,22127.7,22127.7,22122.4,22122.4
1678249200000,22122.4,22122.4,22095.9,22098.1
1678249500000,22098.2,22100.2,22092.1,22093.7
1678249800000,22093.7,22096.4,22093.7,22096.4
1678250100000,22096.4,22096.4,22079.7,22082.8
1678250400000,22082.8,22094.3,22082.8,22094.3
1678250700000,22094.4,22096.4,22090.7,22090.7
1678251000000,22090.9,22099.5,22090.9,22095.8
1678251300000,22095.8,22110.6,22092.9,22106.2
1678251600000,22108.7,22111.3,22092.4,22099.9
1678251900000,22099.9,22099.9,22072.3,22072.3
1678252200000,22072.4,22079.7,22061.3,22061.3
1678252500000,22061.3,22065,22041.4,22044.5
1678252800000,22044.7,22046.7,22027.9,22035.9
1678253100000,22036.1,22038.1,22008.8,22008.8
1678253400000,22008.8,22025.6,21973.2,22000.4
1678253700000,22000.7,22009.6,21940.3,21944.7
1678254000000,21944.7,21948.2,21833.6,21890
1678254300000,21890.7,21943.3,21885.1,21943.3
1678254600000,21943.3,21983.8,21921.2,21931.2
1678254900000,21931.2,21934.3,21904.1,21916.3
1678255200000,21916.3,21939.7,21897.5,21934.6
1678255500000,21934.3,21966.7,21934.3,21955.1
1678255800000,21955.1,21983.2,21944.5,21983.2
1678256100000,21983.2,21985.6,21946.4,21954.2
1678256400000,21954.2,21966.7,21949.3,21957.1
1678256700000,21957.9,21978.8,21957.9,21975.2
1678257000000,21975.2,22003.6,21975.2,22003.6
1678257300000,22005.2,22009.3,21973,21973
1678257600000,21973,21973,21955.8,21961.3
1678257900000,21961.3,21967.5,21952.5,21967.5
1678258200000,21967.5,21990.4,21964.9,21983
1678258500000,21983,22003.6,21982.5,21991.3
1678258800000,21991.3,21996.7,21985.8,21996.7
1678259100000,21996.7,21997.9,21983,21983
1678259400000,21983,21985.4,21970.9,21973.8
1678259700000,21974,21982.7,21972.4,21978.8
1678260000000,21978.8,21978.8,21966.2,21966.2
1678260300000,21966.2,21966.2,21943.1,21951.7
1678260600000,21951.7,21962.3,21947.6,21953.7
1678260900000,21953.7,21996.4,21953.6,21991.3
1678261200000,21991.3,21991.3,21972.6,21972.6
1678261500000,21972.6,21976.7,21968.9,21972.4
1678261800000,21972.4,21974.7,21963,21968.1
1678262100000,21968.1,21968.1,21935.1,21938.3
1678262400000,21938.3,21940.3,21914.1,21920.5
1678262700000,21920.5,21948.5,21916.5,21948.5
1678263000000,21949.3,21951.3,21926.8,21926.8
1678263300000,21926.8,21939.1,21924.6,21932.3
1678263600000,21932.3,21978.1,21932.3,21976
1678263900000,21976,21976,21963.8,21970.9
1678264200000,21971.2,21979.6,21970.9,21979.6
1678264500000,21979.8,21990.5,21976.5,21984.8
1678264800000,21986.8,21986.8,21973.4,21976.7
1678265100000,21976.7,21976.7,21976.7,21976.7
1678265400000,21976.7,21981,21971,21971
1678265700000,21971,21971,21954.3,21955.8
1678266000000,21955.8,21971.1,21955.4,21962
1678266300000,21962,21970,21951.3,21954.5
1678266600000,21954.5,21972.3,21952.5,21969.2
1678266900000,21969.7,21974.2,21968.6,21970.7
1678267200000,21970.7,21970.7,21951.4,21954.4
1678267500000,21954.4,21954.4,21941.9,21947
1678267800000,21947,21950.7,21942.9,21947.9
1678268100000,21947.9,21965.1,21947.9,21965.1
1678268400000,21965.1,21965.1,21956.5,21956.5
1678268700000,21956.5,21965.6,21956.5,21965.6
1678269000000,21965.7,21982.9,21961.5,21982.9
1678269300000,21983,21988.7,21976.3,21976.3
1678269600000,21978.3,21980.3,21974.3,21974.3
1678269900000,21974.3,21974.3,21970.6,21970.6
1678270200000,21970.6,21973.5,21970.6,21972
1678270500000,21972.4,22003.4,21972,22003.4
1678270800000,22003.4,22024.1,22003.4,22024.1
1678271100000,22024.1,22024.6,22008.3,22012.7
1678271400000,22012.7,22043,22012.7,22038.3
1678271700000,22041.1,22077.3,22039.2,22074.5
1678272000000,22074.5,22101.8,22070.5,22086.8
1678272300000,22086.8,22088.5,22075.3,22079.3
1678272600000,22079.3,22084,22072.4,22075.6
1678272900000,22075.6,22078,22070.7,22075.3
1678273200000,22075.4,22094.2,22073.5,22073.5
1678273500000,22073.5,22073.5,22045.7,22051.5
1678273800000,22052,22067.7,22041.3,22041.3
1678274100000,22041.9,22043.9,22033.2,22035.5
1678274400000,22035.8,22057.8,22035.8,22050.5
1678274700000,22051,22055.4,22043.8,22053.5
1678275000000,22053.9,22060.6,22040.7,22043.4
1678275300000,22043.6,22048.2,22036.5,22046.9
1678275600000,22047,22051.7,22044,22046.5
1678275900000,22046.5,22046.5,22028.5,22028.5
1678276200000,22028.5,22041.7,22027,22041.7
1678276500000,22041.7,22042.2,22035.6,22035.6
1678276800000,22035.7,22042.4,22033.5,22042.1
1678277100000,22042.5,22047.6,22037.8,22037.8
1678277400000,22038,22047.2,22038,22047.2
1678277700000,22047.2,22054.2,22047.2,22053.2
1678278000000,22053.2,22069.1,22029.7,22029.7
1678278300000,22032.2,22034.2,22017.4,22017.4
1678278600000,22012.5,22029.1,22009,22029.1
1678278900000,22027.9,22027.9,22011.3,22012.9
1678279200000,22012.9,22012.9,21996.5,21999.5
1678279500000,21999.9,22004.2,21975.4,21975.4
1678279800000,21975.8,21980.1,21965.2,21965.2
1678280100000,21965.4,21980.1,21965.4,21980.1
1678280400000,21980.1,21980.1,21974,21974
1678280700000,21974.8,21982.3,21971.9,21971.9
1678281000000,21971.9,21971.9,21940.2,21955.6
1678281300000,21956.6,21990.4,21942.1,21984.9
1678281600000,21984.9,22019.5,21980.6,22005.3
1678281900000,22005.4,22007.4,21971.5,21974
1678282200000,21974.2,22000.2,21972.7,21980.3
1678282500000,21980.3,21989.5,21971.6,21979.4
1678282800000,21979.5,22006.6,21979.4,22002.4
1678283100000,22002.4,22002.4,21956,21956
1678283400000,21957.6,21967.6,21939.5,21944.9
1678283700000,21944.9,21958.3,21922.9,21955.5
1678284000000,21956.9,21963.9,21948.5,21956.2
1678284300000,21956.3,21963.8,21901.6,21920.8
1678284600000,21921,21957.8,21908.1,21955.5
1678284900000,21955.8,21981.3,21955.5,21970.3
1678285200000,21965.8,21965.8,21937.7,21960.3
1678285500000,21960.3,21961.5,21928.3,21945.2
1678285800000,21945.5,21989.9,21932.8,21937
1678286100000,21937,21960.2,21924.7,21948.7
1678286400000,21948.7,21978.1,21937.4,21942.8
1678286700000,21942.8,21962.4,21934.8,21951.6
1678287000000,21951.6,21970.8,21948.6,21954.6
1678287300000,21955.5,21967.1,21940.7,21940.7
1678287600000,21941.9,22007.8,21867,21980.7
1678287900000,21981.7,21998.5,21951.9,21966.9
1678288200000,21966.9,22178.2,21962.6,22115.5
1678288500000,22115.5,22128.4,22036.7,22047.5
1678288800000,22047.6,22095.1,21987.7,22095.1
1678289100000,22095.1,22110.4,22062.2,22069.1
1678289400000,22069.6,22149.1,22058.6,22137.7
1678289700000,22137.7,22161.5,22131,22136.1
1678290000000,22137,22146.5,22111.7,22119.2
1678290300000,22119.2,22119.2,22080.9,22082.1
1678290600000,22083.4,22110.5,22082.8,22103.6
1678290900000,22104.1,22120.6,22102.4,22104.2
1678291200000,22105.2,22122.5,22101.8,22122.1
1678291500000,22122.7,22179.9,22122.7,22144.8
1678291800000,22145,22149,22103,22104.3
1678292100000,22104.5,22113.3,22091,22092.1
1678292400000,22093.2,22099,22086.5,22086.5
1678292700000,22086.5,22086.5,22050.6,22053
1678293000000,22053,22071.2,22049,22060.8
1678293300000,22060.8,22060.8,22029.3,22045
1678293600000,22045.8,22066.5,22045.8,22066.5
1678293900000,22066.5,22137.4,22064.1,22133
1678294200000,22133,22137.7,22117.7,22118.8
1678294500000,22118.8,22118.8,22100.1,22106.8
1678294800000,22107.9,22111.5,22088.4,22092.7
1678295100000,22092.8,22094.8,22082.2,22083
1678295400000,22083,22083,22056.8,22058.3
1678295700000,22059.2,22084.5,22049.9,22080.8
1678296000000,22080.8,22087.8,22071.3,22071.3
1678296300000,22071.3,22071.3,22050.2,22050.2
1678296600000,22050.2,22052,22019.6,22031.3
1678296900000,22031.3,22048.5,22021.5,22040.7
1678297200000,22041.6,22048.9,22040.1,22047.2
1678297500000,22047.2,22053.5,22029.4,22035.9
1678297800000,22035.9,22035.9,22021.4,22024.7
1678298100000,22024.7,22024.7,21993.1,21995.7
1678298400000,21995.7,22001.9,21968.8,21988.7
1678298700000,21988.7,22022.2,21984.5,22013.6
1678299000000,22013.6,22014.4,21988.7,21997.2
1678299300000,21997.2,22008.7,21989.4,21989.4
1678299600000,21989.4,21989.4,21954.1,21962.2
1678299900000,21962.2,21962.2,21925.5,21931.9
1678300200000,21931.9,21966,21919.7,21962.1
1678300500000,21962.1,21963.6,21948.4,21950.4
1678300800000,21950.4,21950.4,21929.8,21937.2
1678301100000,21937.2,21960.2,21935.5,21955.3
1678301400000,21955.3,21995.1,21954.1,21992.4
1678301700000,21993,22006.2,21985.9,21989
1678302000000,21989,21994,21984.5,21987.9
1678302300000,21987.9,21991.2,21979.8,21987.7
1678302600000,21987.7,21991.4,21980.8,21980.8
1678302900000,21980.8,21983.4,21973,21977.1
1678303200000,21977.2,21989.4,21977.2,21982.9
1678303500000,21982.9,21982.9,21972.3,21981.8
1678303800000,21982.2,21984.2,21965,21965
1678304100000,21965,22004.6,21960.9,22004.2
1678304400000,22004.2,22023.5,22003.9,22006.5
1678304700000,22006.5,22013.3,22000.5,22000.6
1678305000000,22000.6,22000.6,21967,21974.3
1678305300000,21974.3,21980.4,21962.1,21964.4
1678305600000,21964.4,21971.3,21951.4,21956.5
1678305900000,21956.5,21956.5,21937,21951.8
1678306200000,21951.8,21957.2,21946.5,21951.1
1678306500000,21951.1,21952.1,21936.6,21945.4
1678306800000,21947.2,21974.6,21947.2,21974.6
1678307100000,21974.6,21974.6,21957.6,21966.3
1678307400000,21966.3,22065.6,21962.7,22062.1
1678307700000,22073,22095.8,22052.7,22058.7
1678308000000,22058.7,22074.1,22043,22064.6
1678308300000,22065.9,22075.2,22043.3,22048.3
1678308600000,22048.7,22061,22044.2,22050
1678308900000,22050,22065.5,22048.2,22065.5
1678309200000,22066,22071.1,22058.9,22071.1
1678309500000,22072.4,22076.1,22045.5,22045.5
1678309800000,22045.5,22048.3,22027.3,22042
1678310100000,22043.1,22062.3,22043.1,22062.3
1678310400000,22062.3,22062.3,22048.2,22048.2
1678310700000,22048.2,22048.2,22033.4,22040.2
1678311000000,22040.2,22040.2,22019.5,22023.5
1678311300000,22023.5,22023.5,21962.3,21974.5
1678311600000,21974.5,21978.9,21959.7,21972.8
1678311900000,21972.8,21972.8,21901.8,21907
1678312200000,21907,21974.4,21883.2,21959.5
1678312500000,21959.5,21977,21952,21973.2
1678312800000,21973.2,21977.4,21959.3,21963.3
1678313100000,21963.3,21964.3,21924.2,21961.9
1678313400000,21961.9,21961.9,21950.4,21955.5
1678313700000,21955.5,21955.5,21938.8,21945.9
1678314000000,21946,21961.6,21946,21958.1
1678314300000,21959.7,21962.9,21956.4,21958.7
1678314600000,21958.7,21959.2,21930.7,21935.4
1678314900000,21935.6,21950.9,21933.4,21943.5
1678315200000,21943.6,21948.4,21941.5,21943.5
1678315500000,21943.5,21943.5,21879.1,21886.7
1678315800000,21886.7,21913.3,21883.1,21896.9
1678316100000,21896.9,21896.9,21657.3,21765.1
1678316400000,21765.1,21796.1,21726,21749.8
1678316700000,21748.8,21758.7,21567.2,21640.4
1678317000000,21642.9,21726,21604.5,21694.3
1678317300000,21694.3,21724.1,21681.7,21691.6
1678317600000,21691.6,21696.2,21638.2,21668
1678317900000,21668,21675.6,21643.9,21665.2
1678318200000,21667.1,21711.6,21667.1,21687.6
1678318500000,21687.6,21687.6,21653.1,21665.2
1678318800000,21665.2,21665.9,21649.9,21663
1678319100000,21663,21695.7,21652,21687.2
1678319400000,21687.2,21687.2,21658.8,21658.8
1678319700000,21661.3,21676.9,21655.3,21670
1678320000000,21670,21686.5,21644.9,21670.5
1678320300000,21670.5,21693.8,21653.2,21691
1678320600000,21691.6,21699.2,21668.2,21680.6
1678320900000,21680.8,21685,21654.3,21657.7
1678321200000,21658.3,21684.5,21658.3,21684.5
1678321500000,21684.8,21724.2,21683.7,21716
1678321800000,21716,21720.4,21691.6,21704.2
1678322100000,21700.2,21701.5,21665.2,21674
1678322400000,21674.3,21688.5,21671,21687.6
1678322700000,21687.8,21699.4,21687.8,21699.4
1678323000000,21700.9,21706.9,21688.1,21701.8
1678323300000,21702.3,21706.4,21682.3,21684.2
1678323600000,21684.7,21687.8,21657,21657
1678323900000,21657,21661.7,21604.5,21638.6
1678324200000,21638.6,21690.9,21629.4,21690.9
1678324500000,21690.9,21704.8,21684.3,21702.6
1678324800000,21702.9,21716.4,21696.2,21716.4
1678325100000,21716.4,21721,21689.4,21697.4
1678325400000,21697.4,21707.8,21679.2,21687.2
1678325700000,21688.7,21690.7,21663.8,21666
1678326000000,21666.4,21680.9,21664,21680.9
1678326300000,21680.9,21689.3,21680.2,21685.1
1678326600000,21687.3,21697.8,21687,21692.3
1678326900000,21692.3,21692.9,21668.3,21668.3
1678327200000,21668.4,21681.2,21668.3,21677.3
1678327500000,21677.3,21686.2,21673.9,21686.2
1678327800000,21683.9,21687,21679.2,21682
1678328100000,21682.2,21702.2,21682.2,21702.2
1678328400000,21702.8,21732.6,21702.2,21727.4
1678328700000,21727.9,21752.1,21727.9,21748
1678329000000,21748.5,21754.1,21727.7,21734.2
1678329300000,21734.2,21734.2,21720.4,21722.8
1678329600000,21722.8,21727.3,21718.6,21721.5
1678329900000,21721.5,21742.2,21721,21739.7
1678330200000,21740.8,21742.8,21733,21735.7
1678330500000,21735.7,21737.8,21732.6,21735.7
1678330800000,21735.7,21737,21728.5,21728.5
1678331100000,21728.5,21739.6,21728.5,21739.6
1678331400000,21741.4,21746.5,21713.7,21715.9
1678331700000,21715.9,21718,21715.9,21717.8
1678332000000,21718.1,21728.2,21716.3,21722.8
1678332300000,21723,21727.5,21722.7,21722.7
1678332600000,21723.6,21734.2,21721.9,21733.4
1678332900000,21733.9,21762.1,21733.9,21754.6
1678333200000,21754.6,21766.7,21746.1,21754.8
1678333500000,21754.8,21754.8,21725,21730.5
1678333800000,21730.5,21735.9,21730.5,21731
1678334100000,21731,21734.6,21725,21733.3
1678334400000,21733.3,21733.3,21723,21723
1678334700000,21723,21725.3,21714.6,21716.7
1678335000000,21716.7,21716.7,21708.7,21714.8
1678335300000,21714.8,21714.8,21707.2,21709.5
1678335600000,21709.5,21711.3,21704.6,21709.6
1678335900000,21709.6,21712.4,21690.4,21697.8
1678336200000,21697.8,21704.4,21687.2,21698.8
1678336500000,21698.8,21710.2,21696.6,21701.3
1678336800000,21703,21705,21696.7,21702.1
1678337100000,21702.1,21702.1,21702.1,21702.1
1678337400000,21702.3,21709.6,21701.2,21709.6
1678337700000,21709.9,21711.9,21700.3,21701.9
1678338000000,21702.2,21704.2,21700,21702.2
1678338300000,21702.8,21716.6,21702.8,21716.6
1678338600000,21716.9,21722.1,21715.8,21722.1
1678338900000,21722.1,21722.1,21704,21704
1678339200000,21704,21704,21698.7,21700.9
1678339500000,21700.9,21704,21698.1,21704
1678339800000,21704.3,21710,21698.3,21699.7
1678340100000,21699.7,21699.7,21694.9,21694.9
1678340400000,21697,21708.8,21691.8,21704.9
1678340700000,21704.9,21712.1,21699.3,21712.1
1678341000000,21712.1,21714.6,21705.3,21708.5
1678341300000,21708.5,21708.6,21700.4,21701.2
1678341600000,21701.2,21704.4,21694.5,21694.5
1678341900000,21694.5,21697.4,21691.6,21691.6
1678342200000,21691.6,21705.1,21691.6,21705.1
1678342500000,21705.1,21705.9,21701.3,21705.9
1678342800000,21705.9,21706.3,21700.6,21700.6
1678343100000,21700.6,21701.5,21697.3,21697.3
1678343400000,21697.3,21697.3,21670.8,21675.3
1678343700000,21675.3,21685.6,21657.9,21682.3
1678344000000,21682.8,21694.1,21682.8,21694.1
1678344300000,21694.3,21696.3,21677.2,21677.2
1678344600000,21677.2,21677.2,21670.2,21672.4
1678344900000,21672.4,21705.1,21662.7,21705.1
1678345200000,21705.1,21705.1,21688.2,21698
1678345500000,21698,21700.7,21689.4,21692.4
1678345800000,21692.4,21692.4,21692.4,21692.4
1678346100000,21692.4,21695,21677,21683.7
1678346400000,21683.7,21685.1,21678.8,21679.5
1678346700000,21679.6,21683.7,21673.9,21673.9
1678347000000,21674.3,21678.6,21674,21678.6
1678347300000,21678.6,21678.6,21652.1,21665.2
1678347600000,21665.2,21665.2,21644.9,21655.5
1678347900000,21655.5,21668.7,21653.3,21661.2
1678348200000,21661.2,21661.2,21632.9,21642.9
1678348500000,21643.1,21651,21643.1,21649.2
1678348800000,21649.7,21656.3,21617.9,21625.4
1678349100000,21625.4,21626.3,21573,21602.3
1678349400000,21602.8,21623.2,21602.4,21621.2
1678349700000,21621.2,21628.5,21614.8,21614.8
1678350000000,21614.8,21614.8,21605,21605
1678350300000,21605,21610.8,21591,21605.7
1678350600000,21605.7,21633.9,21605.7,21633.9
1678350900000,21633.9,21642,21627.2,21642
1678351200000,21642,21642,21610.5,21613.7
1678351500000,21614.8,21654.5,21593.7,21654.5
1678351800000,21652.4,21652.4,21623.3,21644.9
1678352100000,21645,21655.7,21640.5,21644.6
1678352400000,21644.6,21646.6,21621,21622.5
1678352700000,21622.5,21632.4,21613.7,21630
1678353000000,21630,21653.8,21626.4,21651.9
1678353300000,21651.9,21662.5,21644.7,21658.2
1678353600000,21658.2,21658.2,21635,21638.3
1678353900000,21638.3,21638.3,21609.8,21619.1
1678354200000,21617.6,21618.8,21602.3,21602.3
1678354500000,21602.9,21611.9,21595.3,21603.1
1678354800000,21604.5,21611.5,21557.6,21576.1
1678355100000,21577.5,21595.3,21566.4,21590.8
1678355400000,21590.9,21603.1,21590.8,21602.3
1678355700000,21602.3,21612.4,21597.9,21603.3
1678356000000,21603.3,21606.8,21583.9,21583.9
1678356300000,21583.9,21589.7,21568.2,21586.1
1678356600000,21586.2,21614.4,21582.8,21611.6
1678356900000,21611.6,21613.9,21598.3,21598.3
1678357200000,21599.1,21601.1,21593.5,21597.6
1678357500000,21598.8,21603.9,21597,21603.9
1678357800000,21604.9,21610,21595.6,21595.6
1678358100000,21595.6,21595.6,21580.2,21580.2
1678358400000,21580.8,21589.2,21561.8,21567.3
1678358700000,21567.3,21605.5,21507,21601.3
1678359000000,21601.7,21636.2,21601.3,21630.4
1678359300000,21630.4,21644.6,21608.5,21614.7
1678359600000,21614.7,21617.4,21604.8,21604.8
1678359900000,21604.9,21612.2,21604.9,21608.4
1678360200000,21609,21619.7,21605.5,21614.7
1678360500000,21614.7,21614.7,21599.3,21599.3
1678360800000,21599.3,21599.3,21586,21592.4
1678361100000,21593.1,21599.6,21588.8,21599.6
1678361400000,21599.8,21616.6,21599.6,21616.6
1678361700000,21616.9,21618.9,21611.7,21616.3
1678362000000,21616.3,21623,21616,21623
1678362300000,21623,21623,21612.3,21612.3
1678362600000,21612.8,21622.5,21612.8,21620.6
1678362900000,21620.6,21632.1,21618.1,21632.1
1678363200000,21632.4,21634.4,21628.4,21631.1
1678363500000,21631.1,21631.1,21611.5,21618.5
1678363800000,21618.5,21622.2,21614.6,21614.6
1678364100000,21614.6,21614.6,21588.4,21591.6
1678364400000,21591.6,21591.6,21576,21586.2
1678364700000,21586.5,21602,21586.5,21592.8
1678365000000,21594.5,21597.9,21576.6,21576.6
1678365300000,21578.1,21601.5,21578,21592.8
1678365600000,21592.9,21594.9,21583.4,21584
1678365900000,21584,21586.1,21579,21580.8
1678366200000,21580.8,21593.4,21580.8,21593.4
1678366500000,21593.9,21595.9,21572.1,21574.7
1678366800000,21575.5,21577.7,21552.7,21574.5
1678367100000,21575.6,21578.3,21546.6,21567.8
1678367400000,21567.8,21582.9,21567.3,21567.3
1678367700000,21567.3,21571.1,21564.3,21569.3
1678368000000,21569.3,21569.3,21533.5,21533.9
1678368300000,21533.9,21572.9,21521.3,21550
1678368600000,21553.9,21649.6,21553.9,21622.4
1678368900000,21622.6,21626.7,21596.5,21603.2
1678369200000,21603.2,21640.2,21602.5,21607.1
1678369500000,21607.1,21638.9,21605.5,21633.9
1678369800000,21633.9,21688.9,21633.6,21664
1678370100000,21664,21676.4,21643.4,21665.8
1678370400000,21665.8,21674.3,21650,21669.4
1678370700000,21669.4,21706,21665.7,21698.9
1678371000000,21698.9,21718.4,21694.4,21714
1678371300000,21714,21792.3,21713.1,21781.3
1678371600000,21782.1,21789.8,21720.2,21730.7
1678371900000,21730.7,21733.1,21703.3,21713.4
1678372200000,21713.9,21725.4,21675.9,21724.2
1678372500000,21724.3,21753,21712.8,21730.9
1678372800000,21730.9,21737.9,21692.4,21692.5
1678373100000,21692.5,21729.1,21691,21720.2
1678373400000,21720.2,21729.8,21672.9,21682.9
1678373700000,21682.9,21692.5,21672.7,21687.8
1678374000000,21687.8,21731.8,21683.2,21731
1678374300000,21731,21767.3,21716.6,21727.2
1678374600000,21727.2,21735.6,21689.1,21689.6
1678374900000,21689.6,21704.2,21643.4,21644.6
1678375200000,21644.6,21657.3,21641.2,21657.3
1678375500000,21657.3,21689.1,21649,21689.1
1678375800000,21689.1,21699.9,21676.7,21676.7
1678376100000,21676.7,21684.9,21661.8,21666.3
1678376400000,21666.3,21680.6,21662.6,21675.5
1678376700000,21675.5,21689.7,21668.5,21679.5
1678377000000,21679.5,21681.3,21644.6,21644.6
1678377300000,21644.6,21644.8,21600.5,21610.8
1678377600000,21610.8,21625.1,21599.7,21601.6
1678377900000,21601.9,21613.1,21539.3,21587.7
1678378200000,21587.7,21607.1,21583,21604.3
1678378500000,21603.5,21636,21603.5,21611.4
1678378800000,21610.1,21614.6,21583.6,21605.3
1678379100000,21605.3,21606,21562,21567.5
1678379400000,21567.8,21587.9,21567.6,21585.5
1678379700000,21585.5,21591.4,21535.9,21554.1
1678380000000,21554.1,21562.9,21480,21505.4
1678380300000,21505.4,21536.9,21391.1,21467.5
1678380600000,21467.5,21486,21405,21485.4
1678380900000,21485.9,21485.9,21433,21437.1
1678381200000,21438.1,21439.5,21365.4,21419.9
1678381500000,21421.2,21477.7,21390.2,21460.6
1678381800000,21460.6,21464,21435,21435.7
1678382100000,21435.9,21469.4,21430.8,21450.4
1678382400000,21449.6,21469.1,21436.5,21461.6
1678382700000,21461.6,21484.5,21459.1,21466.3
1678383000000,21467.9,21471.7,21440.8,21452.7
1678383300000,21452.8,21453.5,21405.4,21407.5
1678383600000,21407.5,21434.6,21400.2,21407.9
1678383900000,21406.5,21420.7,21386.1,21402
1678384200000,21401.2,21428.3,21401.2,21422.3
1678384500000,21422.3,21437.5,21404.1,21432.4
1678384800000,21432.1,21453.9,21424.8,21433.9
1678385100000,21433.9,21433.9,21393.9,21396.9
1678385400000,21397.4,21400.7,21366.3,21384.1
1678385700000,21384.1,21405.9,21331.3,21401
1678386000000,21401.8,21417.6,21376.9,21388
1678386300000,21388,21388.4,21264.6,21282
1678386600000,21282,21282,20963.7,20989.9
1678386900000,20990.1,21081.8,20989.8,21031
1678387200000,21031.1,21081.3,21019.4,21034.4
1678387500000,21034.6,21058.8,20966.2,20973.9
1678387800000,20973.9,21009.7,20934.8,20986
1678388100000,20986,21009.2,20973.1,20973.1
1678388400000,20973,20974.9,20868.6,20912.8
1678388700000,20912.9,20912.9,20775.7,20884.7
1678389000000,20884.7,20904.5,20832.5,20899.9
1678389300000,20899.6,20944.7,20882.3,20935.9
1678389600000,20936.7,20947.3,20883.9,20931.4
1678389900000,20931.1,20932.6,20867.9,20870.3
1678390200000,20870.6,20880.7,20789.1,20830.3
1678390500000,20832.7,20879.2,20830,20850.1
1678390800000,20850.4,20877.3,20848.5,20855
1678391100000,20855,20872,20801.7,20820.8
1678391400000,20821.2,20821.8,20739.7,20793.2
1678391700000,20788.7,20818.7,20787.2,20816
1678392000000,20813,20830.9,20759,20761
1678392300000,20761,20789.1,20729.2,20779.3
1678392600000,20779.3,20780.5,20685.8,20689
1678392900000,20689,20725,20627.7,20630.8
1678393200000,20629.6,20634.4,20504.8,20508.8
1678393500000,20508.8,20622.2,20495.1,20594.3
1678393800000,20593.2,20702.3,20589.5,20669.3
1678394100000,20669.5,20691.5,20551.6,20578.5
1678394400000,20578.5,20581,20468.2,20531.8
1678394700000,20530.8,20540.6,20367.7,20385
1678395000000,20385,20513.1,20367,20386.2
1678395300000,20386.2,20399.7,20028,20086.7
1678395600000,20088.5,20250.5,20086.8,20188.6
1678395900000,20188.4,20302.4,20188.4,20219.6
1678396200000,20219.6,20260.8,20199.5,20247.2
1678396500000,20248.7,20381.8,20248.7,20373.2
1678396800000,20373.5,20386.5,20321.2,20350.2
1678397100000,20342.8,20357,20308.4,20327.8
1678397400000,20328.2,20355.6,20241.4,20272.9
1678397700000,20272.9,20281.5,20188.8,20221.6
1678398000000,20221.6,20279.4,20209.3,20262.4
1678398300000,20265.3,20308.7,20211,20220.2
1678398600000,20215.2,20228.2,20164,20208.4
1678398900000,20208.4,20223.6,20184.2,20192.1
1678399200000,20207.5,20271.3,20207.5,20265
1678399500000,20263.5,20349.7,20261.2,20345.9
1678399800000,20345.3,20454.2,20328.6,20388.1
1678400100000,20388.2,20388.6,20256.3,20268.7
1678400400000,20270,20305.7,20261.4,20298.3
1678400700000,20294.1,20320.4,20291,20318.9
1678401000000,20319,20321.8,20260.2,20312.5
1678401300000,20315.3,20358.4,20303.9,20353
1678401600000,20352.8,20354,20320.1,20335.1
1678401900000,20335.1,20335.1,20309.6,20311.8
1678402200000,20306.7,20331.5,20284.3,20329.4
1678402500000,20329.4,20331.8,20314,20314
1678402800000,20314,20314,20249.2,20256.1
1678403100000,20256.1,20301.5,20248.2,20280.3
1678403400000,20280.3,20328.2,20276.3,20321.8
1678403700000,20322.3,20327.1,20293.2,20303.7
1678404000000,20305.8,20321.1,20292.5,20321.1
1678404300000,20321.1,20324.5,20302.5,20321.3
1678404600000,20321.3,20321.4,20292.3,20315.4
1678404900000,20315.1,20328.1,20312.2,20323.5
1678405200000,20323.5,20323.5,20296.5,20301.5
1678405500000,20301.5,20303.7,20288.8,20303.1
1678405800000,20302.5,20331,20299.5,20325.5
1678406100000,20325.5,20343.6,20310.3,20329.4
1678406400000,20329.9,20331.9,20298.3,20299.4
1678406700000,20301.4,20301.4,20277.4,20288.3
1678407000000,20288.3,20288.3,20174.9,20184.5
1678407300000,20184.5,20206.7,20098.4,20130.5
1678407600000,20131.7,20133.7,20004.7,20080.5
1678407900000,20080.8,20139.1,20080.8,20110.2
1678408200000,20110.2,20123.2,20042.7,20121.3
1678408500000,20121.3,20134.9,20063.1,20079.1
1678408800000,20078.5,20110.1,20075.8,20096.4
1678409100000,20096.4,20097.9,20066,20073.6
1678409400000,20073.6,20073.6,20015,20036.4
1678409700000,20037.2,20099.8,20035.5,20089.6
1678410000000,20089.6,20089.6,19950,20063
1678410300000,20063,20099.5,19962.5,20039.6
1678410600000,20039.7,20041.7,19960.2,19970.3
1678410900000,19970.3,19993.3,19785,19794.8
1678411200000,19795.4,19917.7,19768.9,19873.5
1678411500000,19875.2,19961.6,19838.4,19961.6
1678411800000,19961.6,20052.6,19937.5,20015.5
1678412100000,20017.2,20052.4,19985.6,20041.6
1678412400000,20041.6,20060.7,19998.4,20010.9
1678412700000,20010.9,20052.9,20002.7,20033.6
1678413000000,20033.8,20100.2,20033.8,20096
1678413300000,20098.2,20119.2,20062.9,20080.4
1678413600000,20080.4,20080.4,20031.4,20044.3
1678413900000,20044.8,20100.4,20040.5,20100.4
1678414200000,20100.7,20102.7,20071.8,20087
1678414500000,20087,20087,20026.8,20040.2
1678414800000,20040.2,20058.5,20031,20053
1678415100000,20053,20070.2,20020.7,20020.7
1678415400000,20020.7,20036.6,20012.5,20020.7
1678415700000,20022.6,20060.7,20022,20057.2
1678416000000,20057.2,20057.2,20032.5,20040.3
1678416300000,20040.3,20051.3,20035.6,20038.2
1678416600000,20038.1,20038.1,20018.6,20020.8
1678416900000,20021.1,20023.1,19997.8,20003.1
1678417200000,20003.1,20013,19981,19982.4
1678417500000,19982.4,20015.6,19958.8,20013.1
1678417800000,20013.3,20021.5,20008.4,20013.6
1678418100000,20013.6,20021.5,20007.6,20021.5
1678418400000,20023.3,20070.6,20023.3,20070.6
1678418700000,20071.2,20096.3,20055.6,20055.6
1678419000000,20055.6,20070.4,20048.4,20070.4
1678419300000,20070.4,20070.4,20047.8,20057.7
1678419600000,20058.2,20066.8,20056,20063
1678419900000,20063,20065.3,20045.9,20048.8
1678420200000,20049.2,20053.8,20023.9,20030.5
1678420500000,20030.5,20030.5,20015.4,20018.4
1678420800000,20018.4,20025.7,20010.4,20020.2
1678421100000,20020.2,20020.2,19911.1,19979.2
1678421400000,19979.2,19986.2,19966.3,19970.6
1678421700000,19970.6,19970.6,19932,19933.9
1678422000000,19931.3,19952.1,19907.3,19942
1678422300000,19944.2,19946.7,19912.1,19919
1678422600000,19921,19921,19890.4,19913
1678422900000,19913,19913,19835.6,19843.8
1678423200000,19843.9,19879.2,19843.8,19878.1
1678423500000,19878.1,19891.5,19826.7,19862.3
1678423800000,19863.1,19866,19834.7,19834.7
1678424100000,19836.3,19846.1,19805.8,19839
1678424400000,19838.5,19885.4,19838,19885.4
1678424700000,19885.6,19891.4,19855,19855
1678425000000,19855,19855.7,19823.8,19852.4
1678425300000,19852.8,19880.2,19851.4,19878.8
1678425600000,19878.8,19944.9,19877,19922.7
1678425900000,19924,19947.2,19920.5,19922.7
1678426200000,19923.1,20000.4,19922.9,19972.9
1678426500000,19973.4,19992.5,19970.8,19981.1
1678426800000,19981.1,19981.1,19964.6,19976.2
1678427100000,19976.7,19996.4,19976.2,19991.3
1678427400000,19991.7,19993.7,19977.9,19984.1
1678427700000,19984.1,19984.1,19964.9,19973.5
1678428000000,19956.6,19985.6,19956.6,19985.6
1678428300000,19988.7,19990.7,19922.3,19922.3
1678428600000,19922.3,19933.7,19894.8,19897.5
1678428900000,19897.5,19911.1,19888.3,19903.1
1678429200000,19903.1,19921,19896,19901.9
1678429500000,19903.8,19921.4,19903.3,19917.3
1678429800000,19918.5,19938.2,19910.7,19910.7
1678430100000,19910.7,19951.6,19896.3,19921.3
1678430400000,19921.3,19921.3,19894.9,19900.6
1678430700000,19900.6,19900.6,19861.2,19872
1678431000000,19872.1,19874.1,19836.1,19851
1678431300000,19852.1,19885.2,19817.4,19841.6
1678431600000,19841.8,19862.9,19817.2,19822.2
1678431900000,19822.2,19862.5,19762.8,19827.4
1678432200000,19827.4,19872.1,19820.6,19820.6
1678432500000,19820.6,19820.6,19754.5,19819.3
1678432800000,19819.4,19921.3,19819.4,19917.2
1678433100000,19917.2,19917.2,19881.7,19906.3
1678433400000,19906.3,19961.7,19897.5,19954.8
1678433700000,19954.8,19997.3,19942.7,19980.3
1678434000000,19980.3,19980.3,19950.7,19964.9
1678434300000,19964.9,19970.4,19926.3,19926.3
1678434600000,19928,19931.3,19912.3,19915.9
1678434900000,19915.9,19921.8,19911.7,19921.8
1678435200000,19922.5,19924.5,19884.2,19890.8
1678435500000,19890.8,19931.3,19883.5,19898
1678435800000,19896.8,19905.4,19871.5,19876.2
1678436100000,19876.2,19886.8,19858.6,19881.5
1678436400000,19882.4,19891.9,19869,19882.2
1678436700000,19882.2,19895.1,19862.3,19893.2
1678437000000,19893.2,19898.4,19875.7,19891.9
1678437300000,19892,19902.4,19886.8,19890.1
1678437600000,19890.1,19890.1,19858.9,19863.7
1678437900000,19863.7,19893.6,19844.4,19893.2
1678438200000,19893.8,19920.2,19893.8,19919.5
1678438500000,19919.5,19937.5,19910.7,19924.6
1678438800000,19924.6,19931.8,19891.9,19900.5
1678439100000,19900.5,19908.6,19882.7,19894.7
1678439400000,19894.7,19894.7,19871.3,19871.7
1678439700000,19871.8,19883.8,19854.1,19876.1
1678440000000,19878.4,19886.3,19875.4,19877.7
1678440300000,19877.7,19893.3,19870.3,19880.2
1678440600000,19880.7,19887.9,19875.2,19878.6
1678440900000,19878.6,19878.6,19835.5,19840.2
1678441200000,19840.2,19843.7,19803.7,19816.5
1678441500000,19818.8,19856.5,19818.8,19853.8
1678441800000,19854.1,19871.2,19846.8,19851.7
1678442100000,19851.7,19851.7,19821,19828.5
1678442400000,19828.8,19840.1,19800.6,19811.8
1678442700000,19814.2,19883.2,19814.2,19858.2
1678443000000,19855.7,19860.2,19812.4,19834.4
1678443300000,19834.4,19834.5,19814.4,19819.2
1678443600000,19820.2,19850.3,19819.3,19833.4
1678443900000,19833.4,19833.4,19760.6,19774.8
1678444200000,19774.2,19812.4,19713.4,19784.1
1678444500000,19784.1,19813.2,19741.2,19746.1
1678444800000,19746.8,19748.8,19647,19647
1678445100000,19647,19692.9,19540.5,19590.9
1678445400000,19590.9,19656.3,19574.2,19611.7
1678445700000,19613.9,19638.3,19582.9,19590.5
1678446000000,19591.1,19633.6,19591.1,19606.8
1678446300000,19608.8,19655.2,19594.8,19630.7
1678446600000,19630.7,19665.7,19623,19664.4
1678446900000,19664.4,19673.7,19612.8,19614.7
1678447200000,19612.6,19620.6,19554.1,19581.6
1678447500000,19581.6,19632.7,19575.7,19620.5
1678447800000,19620.6,19650.1,19620.5,19649.6
1678448100000,19650.1,19651.9,19614.6,19630.7
1678448400000,19630.7,19630.7,19577.6,19612.6
1678448700000,19613.1,19675.4,19612.7,19675.4
1678449000000,19678.2,19762.7,19678.2,19738.2
1678449300000,19738.6,19740.6,19707.8,19730.9
1678449600000,19730.9,19752.7,19714.2,19722.2
1678449900000,19723.1,19730.2,19700.7,19710.2
1678450200000,19710.2,19731.8,19703.9,19715.4
1678450500000,19718.5,19816.8,19713.9,19800.2
1678450800000,19800.2,19803,19758.2,19760.5
1678451100000,19761.5,19858.7,19758.3,19841.2
1678451400000,19835.8,19843.7,19781,19789.1
1678451700000,19788.6,19823,19781.3,19823
1678452000000,19828.2,19830.7,19803.3,19830.7
1678452300000,19830.7,19914.6,19830.4,19852.6
1678452600000,19852.6,19913.2,19845.2,19913.2
1678452900000,19913.3,19960.2,19896.6,19910.2
1678453200000,19910.2,19921.7,19872.2,19875.9
1678453500000,19879.7,19918.7,19870.7,19892.5
1678453800000,19892.6,19915,19885.5,19891.2
1678454100000,19891.4,19893.4,19852.6,19866.3
1678454400000,19869.2,19910.8,19862.1,19910.8
1678454700000,19911.2,19924.3,19883.2,19914.7
1678455000000,19914.7,20130.1,19896.1,20048.6
1678455300000,20049.2,20049.2,19952.5,19982.5
1678455600000,19988.6,20219.2,19971.8,20169.6
1678455900000,20170.9,20264.6,20159.4,20220.7
1678456200000,20220.5,20240.2,20169.4,20208.3
1678456500000,20208.1,20212.6,20140.8,20150.2
1678456800000,20149.9,20152.8,20098.7,20111.9
1678457100000,20111.9,20111.9,19941.6,19980.5
1678457400000,19980.5,20022.4,19888,19895.2
1678457700000,19898.7,19910.2,19834.4,19903.4
1678458000000,19903.4,19924.2,19875.8,19904
1678458300000,19903.2,20010.5,19897.3,19993.8
1678458600000,19993.7,20020.3,19923.1,19940.9
1678458900000,19940.9,19954.9,19871.7,19874.3
1678459200000,19880,19882,19698,19699.1
1678459500000,19700.5,19759.2,19633.5,19730.2
1678459800000,19730.2,19844.1,19715.2,19779
1678460100000,19780.5,19821.7,19762.3,19791.7
1678460400000,19791.7,19910.9,19786.4,19882.1
1678460700000,19878.7,19931.6,19859.6,19882.3
1678461000000,19882.3,19886.2,19823.5,19827
1678461300000,19827,19850.8,19782,19809.8
1678461600000,19809.8,19831.7,19741.6,19785
1678461900000,19785,19833.3,19765.9,19829.3
1678462200000,19829.4,19918.2,19829.4,19875.5
1678462500000,19877.5,19921.1,19873.1,19902.9
1678462800000,19902.9,19929.6,19843.1,19846
1678463100000,19846,19893.7,19829.9,19884.9
1678463400000,19886.6,19979.9,19867.7,19956.6
1678463700000,19956.1,20002.9,19954.9,19979.9
1678464000000,19975.3,19977.3,19948.8,19961.9
1678464300000,19961.9,19966.1,19949.3,19963.9
1678464600000,19964.3,19985.9,19936.3,19938.3
1678464900000,19938.3,19948.2,19903.3,19938.3
1678465200000,19937.6,20064.7,19937.6,20016.8
1678465500000,20016.8,20122.2,20011,20118.4
1678465800000,20118.4,20270.9,20115.1,20245
1678466100000,20244.6,20245.2,20085.7,20103.8
1678466400000,20103.8,20118.3,20043.1,20064
1678466700000,20064.7,20069.5,19978.3,20060.8
1678467000000,20061.6,20070.9,19988.3,20002.4
1678467300000,20002.4,20016.9,19961,19985.8
1678467600000,19985.8,19990.2,19872.8,19875.3
1678467900000,19875.4,19900.4,19798.4,19815.3
1678468200000,19815.6,19903.8,19812.5,19881.2
1678468500000,19877.6,19931.7,19862,19866.2
1678468800000,19865.7,19909.9,19816.7,19819.6
1678469100000,19820.1,19873.8,19814.9,19873.8
1678469400000,19873.9,19955,19864.9,19932.3
1678469700000,19932.3,19980.7,19932.3,19972.2
1678470000000,19972.6,19980.3,19907.7,19950.7
1678470300000,19950.7,20042.5,19941.5,19994.6
1678470600000,19994.6,19997.3,19882.4,19905.7
1678470900000,19905.7,19907.4,19870.3,19891.4
1678471200000,19891.6,19942,19891.6,19913.2
1678471500000,19913.2,19950.7,19894.1,19944.9
1678471800000,19945.4,19964.8,19933.6,19935.6
1678472100000,19935.6,19935.6,19870.3,19902.6
1678472400000,19902.7,19924.4,19877.8,19884.7
1678472700000,19884.7,19893.6,19846.2,19871.5
1678473000000,19872.1,19885.5,19834.2,19836.4
1678473300000,19838.4,19886.2,19832.7,19884.8
1678473600000,19888.2,19898.2,19868.2,19873
1678473900000,19873,19900.2,19857.9,19861.8
1678474200000,19862,19866.3,19795.5,19820.2
1678474500000,19820.2,19820.4,19798.9,19811.9
1678474800000,19812.7,19908.2,19812.7,19901.3
1678475100000,19901.3,19941.6,19850.6,19941.6
1678475400000,19941.6,19950.7,19892.4,19901.9
1678475700000,19902.1,19913.8,19884.9,19903.9
1678476000000,19905.1,19911.1,19884.7,19886.7
1678476300000,19882.7,19885.8,19868.3,19872.7
1678476600000,19873.1,19907.9,19873.1,19893.6
1678476900000,19894.2,19938.2,19894.2,19921.2
1678477200000,19921.2,19950.8,19907.6,19921
1678477500000,19921.5,19982.9,19921.5,19980.1
1678477800000,19980.1,20021,19951.6,20021
1678478100000,20021,20033.5,19968.3,19990.6
1678478400000,19990.6,20005.6,19961.7,19995.4
1678478700000,19995.4,20001.5,19966.8,19996.6
1678479000000,19996.6,20031.5,19978.9,19995.4
1678479300000,19995.2,20010.2,19954,19956.2
1678479600000,19956.2,19963.6,19938.8,19963.6
1678479900000,19963.8,19991.4,19962.8,19984.3
1678480200000,19984.3,19984.3,19960.4,19970.5
1678480500000,19968.2,19970.3,19934.5,19938.8
1678480800000,19938.8,19938.8,19912.5,19926.3
1678481100000,19926.3,19934.9,19920.4,19933.1
1678481400000,19933.1,19962.1,19927.5,19952
1678481700000,19952,19952,19938.3,19942.9
1678482000000,19942.9,19946.9,19902.5,19902.5
1678482300000,19902.8,19916.5,19901.1,19908.2
1678482600000,19908.2,19922.1,19908.2,19912.8
1678482900000,19914.6,19914.6,19869.5,19878.5
1678483200000,19878.9,19883.3,19828.6,19850.6
1678483500000,19850.6,19893,19837.6,19893
1678483800000,19894.5,19942.5,19870.2,19907.6
1678484100000,19907.6,19913,19863.2,19874.8
1678484400000,19874.8,19911.5,19868.3,19910.4
1678484700000,19910.4,19930.7,19895.4,19930.7
1678485000000,19931.2,19987.1,19931.2,19983.4
1678485300000,19983.8,20104.2,19982.6,20037.7
1678485600000,20041.8,20129.5,19987.2,20105.4
1678485900000,20105.4,20136.7,20062.8,20072.6
1678486200000,20072.6,20121.4,20065.5,20104.9
1678486500000,20106.1,20117.5,20052.2,20076.2
1678486800000,20076.3,20100.9,20063.6,20071.2
1678487100000,20071.2,20131.2,20071.1,20094.2
1678487400000,20094.2,20109.3,20077,20088.7
1678487700000,20088.7,20106.1,20076.8,20103.5
1678488000000,20103.5,20103.8,20057.2,20057.2
1678488300000,20057.2,20082.8,20028.7,20082.8
1678488600000,20087.2,20168.7,20077.3,20140.4
1678488900000,20140.4,20140.4,20096.5,20099.4
1678489200000,20099.4,20130.5,20089.2,20130.5
1678489500000,20130.5,20153.8,20120.2,20153.8
1678489800000,20153.8,20200.8,20134.3,20168.1
1678490100000,20169.9,20202.3,20163.9,20194.4
1678490400000,20195.1,20209.3,20155,20157.6
1678490700000,20157.6,20173.6,20139.2,20154
1678491000000,20157,20196.1,20147.9,20184.1
1678491300000,20184.7,20203.1,20184.1,20193.5
1678491600000,20193.5,20213.1,20176.8,20213.1
1678491900000,20214.7,20254.1,20209.4,20228.2
1678492200000,20228.2,20228.2,20118.5,20147.1
1678492500000,20148.8,20181.1,20140.3,20168.9
1678492800000,20170.7,20206.7,20162.1,20206.7
1678493100000,20207.5,20236.4,20152.8,20160.3
1678493400000,20160.3,20212.1,20154,20188
1678493700000,20188,20193.8,20169.1,20171.9
1678494000000,20172.4,20213.1,20172.4,20213.1
1678494300000,20213.1,20290.5,20211.5,20278.5
1678494600000,20278.7,20290.5,20250.2,20288.6
1678494900000,20290.6,20301.7,20252.4,20301.7
1678495200000,20302.2,20315,20259.3,20276.4
1678495500000,20276.4,20340.2,20263.8,20339.9
1678495800000,20339.9,20355.9,20244.1,20298.1
1678496100000,20300.9,20331.1,20262.9,20279.5
1678496400000,20281.5,20390.7,20281.5,20349.9
1678496700000,20349.9,20400.4,20330.7,20396.4
1678497000000,20396.4,20431.9,20380.8,20418.6
1678497300000,20414.8,20441,20392.4,20403.5
1678497600000,20405.3,20426.9,20373.1,20422.2
1678497900000,20422.8,20466,20397.3,20466
1678498200000,20466,20586.8,20464.1,20562.9
1678498500000,20562.9,20642.8,20538.5,20624.1
1678498800000,20622.9,20842.4,20612.4,20799
1678499100000,20788,20792.2,20705.4,20754.4
1678499400000,20755.7,20864,20755.7,20864
1678499700000,20860.4,20884.6,20785.5,20798.9
1678500000000,20800.9,20872,20756.7,20859.2
1678500300000,20860.8,20884.7,20783.4,20789.5
1678500600000,20784.9,20812.7,20641.5,20641.5
1678500900000,20644.3,20671.8,20593,20593
1678501200000,20593,20646.2,20583.7,20638
1678501500000,20638,20639.2,20554.5,20577.9
1678501800000,20579.9,20586.4,20508.9,20519
1678502100000,20520.4,20649,20520.4,20603.6
1678502400000,20603.6,20654.8,20559.4,20626
1678502700000,20627,20715.3,20610.4,20700.4
1678503000000,20701.5,20746.9,20701.5,20705.2
1678503300000,20705.2,20710.9,20656.9,20687.7
1678503600000,20687.7,20693.1,20544.1,20544.1
1678503900000,20544.1,20544.1,20420.4,20438.2
1678504200000,20438.2,20450.6,20400.4,20446.9
1678504500000,20446.9,20456,20419.5,20444.4
1678504800000,20444.4,20444.4,20397.5,20409.2
1678505100000,20411.5,20444.9,20403.2,20441
1678505400000,20442.1,20450.5,20429.8,20445.9
1678505700000,20447.9,20487.9,20447.9,20485.4
1678506000000,20487,20539.3,20482.9,20513.2
1678506300000,20515.2,20566.3,20508.5,20552.6
1678506600000,20553.7,20564.2,20546.2,20546.5
1678506900000,20546.5,20558,20526.9,20526.9
1678507200000,20528.3,20540.3,20511.8,20511.8
1678507500000,20511.8,20511.8,20433.9,20433.9
1678507800000,20433.9,20433.9,20351.6,20375.9
1678508100000,20387,20452.4,20377.9,20446.3
1678508400000,20448.4,20461,20410.4,20435.4
1678508700000,20449.8,20451.8,20392.6,20421.9
1678509000000,20425,20436.1,20395.1,20410.5
1678509300000,20403.6,20407.8,20378.8,20378.8
1678509600000,20378.8,20378.8,20329.2,20343
1678509900000,20345,20356.4,20332.1,20339.6
1678510200000,20340.3,20367.5,20340.3,20363.8
1678510500000,20363.8,20374.3,20348.4,20374.3
1678510800000,20374.3,20374.3,20331.2,20336.7
1678511100000,20339.2,20422.6,20334.9,20422
1678511400000,20423.2,20438.4,20401.4,20412.9
1678511700000,20412.9,20412.9,20388.7,20409.7
1678512000000,20409.7,20461.8,20409.6,20453.5
1678512300000,20453.5,20455.9,20420.7,20455.9
1678512600000,20455.9,20455.9,20414.1,20426.1
1678512900000,20422,20454.1,20415.2,20454.1
1678513200000,20454.1,20454.1,20419.4,20434.1
1678513500000,20434.5,20455,20431.3,20452.5
1678513800000,20454.7,20456.7,20441,20445.3
1678514100000,20445.3,20459.9,20439.8,20450.7
1678514400000,20451.3,20463.7,20446.5,20463.7
1678514700000,20463.7,20463.7,20432.1,20435
1678515000000,20435,20435,20418,20425.5
1678515300000,20425.8,20433,20418.3,20418.3
1678515600000,20418.3,20426,20379.7,20383.9
1678515900000,20385.4,20399.2,20355.3,20355.3
1678516200000,20356,20360.5,20290.3,20299.6
1678516500000,20300.5,20306.8,20233,20294.1
1678516800000,20294.1,20312,20280.4,20287.7
1678517100000,20287.7,20311.6,20240.3,20311.6
1678517400000,20314.4,20340.6,20295.6,20310.3
1678517700000,20313.8,20341.1,20294.3,20341.1
1678518000000,20342.4,20358.4,20329,20349.6
1678518300000,20354.9,20380.1,20347.7,20357.1
1678518600000,20357.1,20365.7,20282.5,20282.5
1678518900000,20282.8,20286.8,20195.4,20203.9
1678519200000,20205.5,20269.6,20202.8,20241.5
1678519500000,20242.7,20286.2,20223.5,20260.2
1678519800000,20261.6,20283.2,20200.2,20206.1
1678520100000,20208,20216.3,20082.9,20108.2
1678520400000,20108.2,20117.2,19962.5,20009.2
1678520700000,20009.2,20091.8,19945.6,20075.9
1678521000000,20078.3,20087.7,19971.6,19972.4
1678521300000,19973.5,19984.3,19894.7,19912.5
1678521600000,19912.5,19927.5,19840.8,19845.6
1678521900000,19845.6,19943.9,19829,19941.9
1678522200000,19942.1,20004.1,19907.1,19951
1678522500000,19951,20034.1,19940,20014.9
1678522800000,20017.3,20057.5,19993.6,20046.3
1678523100000,20048.2,20058.5,20002.1,20008.3
1678523400000,20008.3,20071.8,20002.3,20065.2
1678523700000,20065.2,20071.9,20002.9,20014
1678524000000,20011.7,20234.2,20011.6,20232.5
1678524300000,20239.4,20241.4,20143.4,20171.7
1678524600000,20171.7,20214.5,20141.9,20167.4
1678524900000,20165.1,20169.5,20105.1,20105.9
1678525200000,20105.9,20146.5,20101.7,20113.1
1678525500000,20113.1,20132.6,20082,20123
1678525800000,20123.6,20183.8,20123.6,20166.5
1678526100000,20167,20169.5,20118.7,20119
1678526400000,20122.5,20124.5,20073.2,20076.7
1678526700000,20077.3,20109.3,20075.9,20098.2
1678527000000,20098.2,20126.2,20090.7,20091.9
1678527300000,20093.2,20096.3,20009.6,20029.1
1678527600000,20029.1,20074.9,20029.1,20055.6
1678527900000,20057.6,20143.7,20050.8,20135.3
1678528200000,20135.3,20180.9,20117.2,20167
1678528500000,20166.4,20172.9,20151,20151
1678528800000,20151,20151,20135,20150
1678529100000,20149.9,20151.2,20129.8,20139.9
1678529400000,20139.9,20149.4,20134.9,20134.9
1678529700000,20134.9,20160.7,20124.6,20151.6
1678530000000,20152,20159.3,20148.8,20159.3
1678530300000,20160.6,20203.7,20153.5,20183.6
1678530600000,20183.6,20183.6,20151.1,20151.1
1678530900000,20151.1,20164.8,20099.3,20155
1678531200000,20155.7,20159.1,20126.3,20153.8
1678531500000,20155.3,20155.4,20061.1,20072
1678531800000,20072,20100.8,20063.7,20083
1678532100000,20083.1,20104.8,20082.6,20095.7
1678532400000,20095.7,20112.9,20081.3,20112.8
1678532700000,20110.5,20136.4,20095.4,20103.8
1678533000000,20103.8,20114.7,20088.2,20088.2
1678533300000,20088.2,20112.1,20078.2,20096.6
1678533600000,20096.3,20130.9,20087.1,20110.8
1678533900000,20114.6,20151.1,20111.9,20116.5
1678534200000,20116.6,20131,20039.4,20043.4
1678534500000,20043.9,20092.8,20016.4,20085.1
1678534800000,20085.1,20100.3,20056,20071.7
1678535100000,20072.3,20123.6,20061.2,20106.6
1678535400000,20106.6,20108.1,20078.8,20080.3
1678535700000,20080.3,20129.8,20079,20129.8
1678536000000,20129.8,20151.6,20114.5,20137.5
1678536300000,20138.5,20140.5,20110.5,20111.8
1678536600000,20111.8,20135.1,20094.1,20096.1
1678536900000,20096.1,20096.1,20080.2,20083.5
1678537200000,20083.6,20157.7,20069.6,20151.3
1678537500000,20152.7,20153.5,20134.9,20139.4
1678537800000,20140.3,20140.5,20114,20118.6
1678538100000,20118.6,20119.2,20104.1,20104.9
1678538400000,20103.7,20123,20096.9,20108.4
1678538700000,20108.4,20108.4,20073.4,20080.6
1678539000000,20081,20094.9,20078.5,20087.1
1678539300000,20087.1,20087.1,20071.6,20074.2
1678539600000,20074.2,20101.8,20069.8,20101.3
1678539900000,20101.3,20148.2,20082.1,20115.3
1678540200000,20115.6,20128.3,20105.2,20112.6
1678540500000,20113.4,20147.1,20095.1,20144.9
1678540800000,20144.9,20173.1,20141.6,20161.6
1678541100000,20160.6,20167.6,20126.1,20152.3
1678541400000,20147.2,20149.2,20125.3,20128.8
1678541700000,20128.8,20171.5,20122.5,20160.1
1678542000000,20159.5,20176.8,20149.8,20150.9
1678542300000,20150.9,20183.7,20142.3,20176.6
1678542600000,20176.6,20179.1,20152.2,20155.6
1678542900000,20156.5,20174.1,20106.8,20120.8
1678543200000,20120.8,20155.1,20116.4,20151.3
1678543500000,20152.4,20172.6,20122.6,20134.4
1678543800000,20134.3,20165.9,20134.3,20151.6
1678544100000,20153.4,20176.9,20151.6,20155.8
1678544400000,20156.5,20176.6,20155.5,20164.7
1678544700000,20164.7,20205.4,20161,20195.9
1678545000000,20195.9,20248.8,20192.2,20220.9
1678545300000,20220.9,20242.2,20207.2,20235
1678545600000,20235,20238.8,20213.6,20223.1
1678545900000,20223.1,20228.5,20180.7,20194.3
1678546200000,20196.5,20211.4,20182.9,20201.5
1678546500000,20198.4,20200,20140.4,20160.3
1678546800000,20157.9,20196.8,20154.3,20154.3
1678547100000,20154.3,20161.2,20123.5,20141.4
1678547400000,20141.4,20152.3,20128.1,20148.9
1678547700000,20147.8,20174.9,20144.8,20155.3
1678548000000,20155.1,20180.8,20152.6,20164.4
1678548300000,20164.3,20177.4,20150.3,20164.4
1678548600000,20165.1,20165.9,20136.1,20151.9
1678548900000,20151.5,20170.5,20151,20151
1678549200000,20151,20178.5,20142.8,20159.9
1678549500000,20159.9,20161.2,20140.3,20142.7
1678549800000,20142.7,20158.1,20110.2,20119.8
1678550100000,20119.8,20161.5,20119.8,20127.7
1678550400000,20124.7,20175.1,20121.7,20155.3
1678550700000,20155.3,20171.4,20085,20096.8
1678551000000,20098.8,20138.5,20090.9,20103.4
1678551300000,20103.4,20138.5,20095.4,20115.6
1678551600000,20115.6,20154.4,20114.5,20120.2
1678551900000,20117.1,20125.6,20093.1,20094.7
1678552200000,20094.5,20114,20081.6,20114
1678552500000,20115.6,20156.2,20113.4,20156.1
1678552800000,20155.9,20156.7,20117.7,20133.1
1678553100000,20133.8,20196.8,20133.4,20164.3
1678553400000,20164.5,20183.2,20150.1,20155.1
1678553700000,20157.6,20171.1,20152.5,20155.6
1678554000000,20160.4,20174.9,20135.9,20172.5
1678554300000,20172.5,20214.8,20163.9,20185.5
1678554600000,20185.5,20191.8,20161.4,20176.9
1678554900000,20176.9,20196.4,20157.2,20174.6
1678555200000,20177.7,20217.7,20162.6,20209.8
1678555500000,20210,20217.1,20176.3,20198.4
1678555800000,20205.4,20221.6,20184.8,20209.4
1678556100000,20209.4,20236.7,20178.6,20207.1
1678556400000,20207.1,20255.3,20198.3,20239.5
1678556700000,20235.8,20385.2,20219.1,20318.2
1678557000000,20318.2,20340.1,20259,20275
1678557300000,20275.1,20335.6,20259.9,20333.5
1678557600000,20332.9,20375.9,20323.1,20350.4
1678557900000,20349.9,20356.9,20279.4,20318.8
1678558200000,20318.8,20347.6,20279.4,20289.1
1678558500000,20289.1,20386.3,20282,20364.5
1678558800000,20363.3,20437.3,20359.7,20431.4
1678559100000,20431.4,20431.4,20331.4,20354.8
1678559400000,20354.8,20412,20305.7,20305.7
1678559700000,20307.2,20370.4,20297.3,20329.1
1678560000000,20329.1,20383.7,20300,20328
1678560300000,20328,20384.2,20314.4,20338
1678560600000,20338,20368.5,20297.5,20310.2
1678560900000,20310.2,20339.5,20290.2,20294.3
1678561200000,20294.3,20337.6,20278,20308.2
1678561500000,20308.2,20362.6,20280.5,20280.5
1678561800000,20280.5,20293.9,20218.1,20247.4
1678562100000,20251.3,20302.9,20241.2,20242.7
1678562400000,20242.7,20305,20241.8,20270
1678562700000,20270,20351.7,20269.7,20322.2
1678563000000,20322.2,20352.6,20308.3,20334.4
1678563300000,20334,20334.2,20244.8,20273.6
1678563600000,20273.6,20286.1,20271.1,20271.4
1678563900000,20271.2,20310,20266.9,20285.9
1678564200000,20285.9,20317.5,20278.4,20309.1
1678564500000,20309.1,20325.7,20277.1,20286.3
1678564800000,20286.3,20337.9,20285.7,20300.5
1678565100000,20300.5,20327.6,20289.2,20289.2
1678565400000,20289.2,20353.7,20279.1,20279.7
1678565700000,20279.7,20301.8,20275.2,20292.6
1678566000000,20292.6,20358.4,20292.6,20338.5
1678566300000,20338.5,20351.7,20305.5,20320.3
1678566600000,20320.3,20415.2,20320.3,20397.8
1678566900000,20402,20510.8,20393.1,20470.1
1678567200000,20471.1,20480.3,20422.6,20453.3
1678567500000,20453.3,20457.3,20373.4,20405.3
1678567800000,20405.1,20421.1,20394.9,20396.7
1678568100000,20396.8,20421.1,20393.5,20401.6
1678568400000,20401.7,20411.7,20361.6,20369.7
1678568700000,20369.7,20418.8,20366.3,20372.4
1678569000000,20372.4,20397.8,20356.6,20380.9
1678569300000,20380.9,20424.2,20339,20340.4
1678569600000,20340.4,20378.6,20340.4,20345.8
1678569900000,20345.8,20394.7,20343.6,20349.6
1678570200000,20349.6,20396.1,20323.6,20329.7
1678570500000,20329.7,20387.9,20326.5,20346.1
1678570800000,20346.1,20406.4,20342.9,20394
1678571100000,20394,20400.5,20379.5,20380.9
1678571400000,20380.9,20395.8,20346.6,20371.6
1678571700000,20372.7,20434.5,20371.5,20402.4
1678572000000,20402.3,20444.4,20393.5,20394.7
1678572300000,20394.7,20430.6,20391.3,20406.7
1678572600000,20406.7,20500.3,20405.3,20455.8
1678572900000,20455.8,20522.8,20447.1,20521.3
1678573200000,20521.3,20524.3,20462.6,20466.5
1678573500000,20466.6,20493.3,20456.2,20460.7
1678573800000,20460.7,20465.4,20425.5,20429.8
1678574100000,20429.8,20458.5,20400.2,20400.2
1678574400000,20401,20425.7,20391.2,20405.9
1678574700000,20405.9,20408.1,20363.2,20389.7
1678575000000,20389.8,20444.3,20389.7,20429.7
1678575300000,20429.7,20438.7,20376.1,20380.1
1678575600000,20380.1,20466.8,20377.8,20426.8
1678575900000,20426.6,20464.1,20425,20440.2
1678576200000,20440.3,20456.6,20428.7,20434.2
1678576500000,20434.2,20461,20421.6,20422.4
1678576800000,20422.4,20479.1,20422.4,20435
1678577100000,20435,20465.3,20428,20450.7
1678577400000,20450.7,20481,20430.7,20439.9
1678577700000,20439.9,20508.9,20436.8,20492.6
1678578000000,20493.9,20530.7,20469.4,20474.6
1678578300000,20474.9,20479.1,20441.3,20453.6
1678578600000,20453.6,20575.4,20452.3,20525.8
1678578900000,20525.8,20540.2,20497.2,20504.4
1678579200000,20504.4,20530,20482.3,20499.8
1678579500000,20499.8,20552.1,20497.3,20534.9
1678579800000,20534.9,20544.5,20413.9,20426.4
1678580100000,20426.4,20466.2,20403.5,20436.1
1678580400000,20435.9,20451.6,20424.3,20437.9
1678580700000,20437.9,20448,20430,20447.7
1678581000000,20447.7,20474.3,20434.8,20439.6
1678581300000,20439.5,20495.1,20437.2,20444.3
1678581600000,20445,20476,20432.2,20442.3
1678581900000,20442.3,20480.1,20439.3,20453.7
1678582200000,20453.7,20488.9,20448.4,20486
1678582500000,20486,20527.2,20478.6,20512.8
1678582800000,20512.8,20534.8,20506.7,20506.9
1678583100000,20506.9,20517.5,20488.7,20492.8
1678583400000,20492.8,20500.5,20473.7,20491.8
1678583700000,20491,20531.3,20487.8,20521.3
1678584000000,20521.3,20531.6,20504.4,20512.5
1678584300000,20512.5,20518.4,20504.4,20508.1
1678584600000,20508.1,20540.2,20504.5,20509.2
1678584900000,20509.2,20521.6,20463.9,20470.6
1678585200000,20470.6,20470.6,20441,20441
1678585500000,20438.1,20493.3,20438,20461
1678585800000,20461.7,20466.9,20438.5,20447.5
1678586100000,20447.5,20500.9,20440.4,20467.9
1678586400000,20465.4,20485.3,20436.1,20436.2
1678586700000,20436.3,20459.8,20411,20412.9
1678587000000,20412.9,20454.5,20401.8,20447.7
1678587300000,20447.7,20462.4,20410.8,20411.6
1678587600000,20411.6,20445.6,20410.1,20410.8
1678587900000,20410.8,20433.9,20399.3,20401.6
1678588200000,20401.6,20424.7,20380.5,20380.5
1678588500000,20380.5,20408.3,20364.8,20389
1678588800000,20388.3,20415,20376.4,20406.4
1678589100000,20406.4,20474.5,20405.1,20427.9
1678589400000,20428,20437.3,20412.2,20436.8
1678589700000,20432.6,20450.7,20415.4,20425.2
1678590000000,20425.2,20473,20425.2,20438.4
1678590300000,20438.4,20485.1,20415,20474.9
1678590600000,20474.9,20514.1,20452.2,20456.7
1678590900000,20456.7,20492.9,20456.7,20471.8
1678591200000,20471.8,20471.8,20419,20419.4
1678591500000,20419.3,20424.1,20407.8,20408.9
1678591800000,20408.9,20442.3,20399.8,20408.4
1678592100000,20408.4,20440.1,20406.2,20424.8
1678592400000,20424.6,20484.2,20423.8,20440
1678592700000,20440.6,20472.9,20424.2,20432.2
1678593000000,20427.2,20474.2,20424.8,20437.5
1678593300000,20489.5,20491.5,20414.1,20435.5
1678593600000,20435.6,20480.5,20416.3,20417
1678593900000,20416.7,20491.9,20413.6,20437.8
1678594200000,20437.8,20472.5,20420.4,20421.3
1678594500000,20421.4,20473.9,20418.1,20433.3
1678594800000,20433.5,20480.2,20433.5,20463.4
1678595100000,20463,20476.9,20408.8,20408.8
1678595400000,20409.7,20459.1,20387.7,20412.7
1678595700000,20414.7,20447.8,20414.7,20423
1678596000000,20422.9,20465.6,20422.8,20453
1678596300000,20453,20461.1,20438.8,20439.5
1678596600000,20439.5,20450.2,20428.2,20448.6
1678596900000,20448.6,20476.9,20433.6,20447
1678597200000,20447.9,20535.6,20447.3,20522.6
1678597500000,20522.6,20586.3,20496.1,20532.9
1678597800000,20532.9,20549.5,20493.8,20510.4
1678598100000,20510.8,20590.5,20498.6,20511.5
1678598400000,20513.5,20550.6,20481.8,20496.1
1678598700000,20496.8,20563.3,20479.8,20500.6
1678599000000,20500.6,20552.4,20472,20499.4
1678599300000,20499.4,20515.2,20465.9,20470.2
1678599600000,20469.8,20524.4,20460.9,20462.6
1678599900000,20462.6,20520.4,20432.5,20464.9
1678600200000,20464.9,20468.1,20421.9,20440.7
1678600500000,20435.8,20499.6,20418.9,20422.1
1678600800000,20422.2,20516.6,20421.9,20465.9
1678601100000,20466,20496.6,20418.1,20434.7
1678601400000,20434.1,20511,20426.9,20445.9
1678601700000,20445.8,20506.3,20431.3,20435.3
1678602000000,20434.9,20488.5,20424.2,20428
1678602300000,20426.4,20480.1,20424.5,20444.8
1678602600000,20443.5,20491.6,20424.4,20436
1678602900000,20436,20493.8,20425.2,20449.3
1678603200000,20449.4,20457.4,20394.5,20396.9
1678603500000,20396.9,20448.7,20396.7,20414.9
1678603800000,20414.4,20479.8,20401.3,20415.2
1678604100000,20415.2,20454.7,20393.2,20394.7
1678604400000,20394.6,20459,20393.9,20396.3
1678604700000,20396.4,20464.5,20396.4,20419
1678605000000,20419,20455.1,20399,20400
1678605300000,20400.8,20454.9,20400.8,20417.3
1678605600000,20416.7,20473.5,20407.5,20407.5
1678605900000,20409.8,20459.7,20407.6,20425.4
1678606200000,20425.3,20446.6,20402.1,20421.8
1678606500000,20421.8,20422.6,20394.4,20414.3
1678606800000,20416,20451.8,20395.8,20395.8
1678607100000,20398.7,20402.5,20337.6,20350.6
1678607400000,20350.6,20428.5,20347,20412.5
1678607700000,20412.5,20443.6,20396,20434.9
1678608000000,20436.9,20447,20348.4,20406.9
1678608300000,20406.9,20475,20401.2,20403.2
1678608600000,20403.2,20426,20366.3,20422.4
1678608900000,20422.4,20444.9,20416.3,20441.8
1678609200000,20442,20448.1,20423.6,20431.2
1678609500000,20431.8,20433.5,20419.2,20423.2
1678609800000,20423,20430.5,20413.2,20416.4
1678610100000,20416.2,20424.4,20356.1,20415.5
1678610400000,20415.7,20447.4,20413.9,20417.6
1678610700000,20413.9,20423.4,20405.1,20406.6
1678611000000,20407.4,20445.2,20403.8,20410.4
1678611300000,20410.4,20469.3,20408.5,20463.8
1678611600000,20463.9,20509.9,20443.2,20455.1
1678611900000,20455.1,20468.6,20436.6,20446.9
1678612200000,20446.9,20477.5,20440.1,20442.7
1678612500000,20444.7,20470.5,20378.7,20436.4
1678612800000,20436.4,20463,20411.3,20413.4
1678613100000,20413.4,20497.7,20400.2,20447.5
1678613400000,20446.9,20503.8,20446.9,20478.3
1678613700000,20478.5,20509.1,20448.6,20477.6
1678614000000,20477.6,20509,20454.9,20457.3
1678614300000,20454.4,20462.9,20424,20426.2
1678614600000,20426.5,20464.5,20426.5,20430.9
1678614900000,20430.8,20469.6,20412.3,20426.9
1678615200000,20427.1,20470.3,20416.8,20417.6
1678615500000,20417.6,20444,20415.6,20418.3
1678615800000,20418.3,20449.4,20417.4,20438
1678616100000,20437.9,20472.4,20430.4,20443
1678616400000,20443,20476.5,20440.7,20448
1678616700000,20448,20489.4,20448,20458.9
1678617000000,20458.9,20468.7,20444.4,20450.5
1678617300000,20450.5,20478.8,20447.7,20465.8
1678617600000,20465.8,20495.9,20458.4,20471
1678617900000,20471.1,20497.2,20469.8,20474.1
1678618200000,20476.1,20490.7,20463.7,20464
1678618500000,20464,20507.4,20461.8,20474.5
1678618800000,20474.5,20514,20474.5,20511.2
1678619100000,20511.2,20514.1,20470.3,20479.8
1678619400000,20479.9,20505.8,20474.6,20481.8
1678619700000,20481.8,20522.8,20474.7,20520.7
1678620000000,20520.7,20548.4,20506.1,20516.8
1678620300000,20516.8,20539.5,20499.7,20507.3
1678620600000,20507.4,20534.4,20487,20491.4
1678620900000,20491.4,20522.8,20486.1,20505.1
1678621200000,20505.1,20534.7,20501,20521.4
1678621500000,20521.4,20522.2,20496.3,20501.5
1678621800000,20501.4,20506.5,20475.3,20483.8
1678622100000,20486.4,20494.1,20476.9,20487.3
1678622400000,20487.3,20496.2,20451.5,20454.7
1678622700000,20454.8,20477.2,20429.9,20446.7
1678623000000,20446.8,20457.8,20371.5,20391.5
1678623300000,20391.5,20443,20370.2,20443
1678623600000,20440.2,20448,20410.1,20426.6
1678623900000,20426.6,20443.7,20421.2,20432.4
1678624200000,20432.4,20451.4,20418.1,20423.3
1678624500000,20419.8,20437.7,20399.8,20405.2
1678624800000,20405.1,20454.8,20400.1,20450.2
1678625100000,20451,20490.4,20438.4,20440
1678625400000,20439.8,20470.1,20435.3,20449.1
1678625700000,20449.1,20452.5,20421.7,20445.9
1678626000000,20437.5,20474.6,20426.8,20439.7
1678626300000,20433.7,20474.2,20433.2,20448.1
1678626600000,20448.1,20516.2,20445.2,20486.1
1678626900000,20486.1,20559.2,20465.1,20559.2
1678627200000,20521.4,20527.6,20474.9,20478.7
1678627500000,20479.3,20507.6,20471.3,20472.8
1678627800000,20472.8,20514.1,20467.1,20477.4
1678628100000,20477.5,20508.6,20463.9,20468.1
1678628400000,20468.1,20518.8,20465.4,20469.1
1678628700000,20469.1,20538.9,20467.1,20481.2
1678629000000,20486.3,20510.2,20443.4,20448
1678629300000,20448,20488.1,20435.1,20439.1
1678629600000,20439.1,20491.6,20420.3,20424.3
1678629900000,20424.3,20471.2,20415.7,20452.5
1678630200000,20452.5,20464.9,20431.5,20431.8
1678630500000,20431.6,20480.8,20424.1,20443.2
1678630800000,20441.6,20470.1,20427.8,20459.6
1678631100000,20459.6,20504.5,20444.1,20458
1678631400000,20458,20505.1,20453.4,20493.4
1678631700000,20495.7,20534.9,20443,20447.7
1678632000000,20449.7,20493.2,20442.3,20477.4
1678632300000,20477.5,20529.8,20464.4,20474.5
1678632600000,20478.2,20492.8,20461,20471.6
1678632900000,20472.1,20472.3,20417.2,20438.1
1678633200000,20427.9,20460.8,20358,20399.1
1678633500000,20399.1,20516.1,20399.1,20452.3
1678633800000,20452.3,20507.4,20444.1,20480.1
1678634100000,20475.2,20527,20445.9,20447.8
1678634400000,20447.8,20500.9,20443.8,20475.4
1678634700000,20483.4,20546.3,20444.8,20460.7
1678635000000,20459.9,20515.9,20439.5,20456.6
1678635300000,20456.6,20522.1,20439.1,20441.2
1678635600000,20441.2,20485.5,20404,20426.3
1678635900000,20422.4,20497.3,20421.3,20450.2
1678636200000,20450.2,20482.7,20426.4,20445.6
1678636500000,20445.6,20480.4,20433.2,20433.5
1678636800000,20434.7,20502.4,20424.9,20434.2
1678637100000,20434.3,20506.2,20434.1,20467
1678637400000,20467,20521,20443.4,20444.9
1678637700000,20444.9,20494.3,20422.3,20450.6
1678638000000,20450.8,20481.8,20437.5,20456
1678638300000,20456,20494.7,20436.7,20438.3
1678638600000,20438.4,20486.4,20437.8,20439.5
1678638900000,20439.5,20485,20423.9,20425.4
1678639200000,20425.4,20477.1,20422,20428.7
1678639500000,20428.7,20499.9,20422.6,20473.5
1678639800000,20475.5,20509.5,20457.4,20480.6
1678640100000,20480.6,20514.9,20461.4,20461.6
1678640400000,20461.6,20524.4,20456.5,20474.9
1678640700000,20476.9,20499.5,20442.7,20449.9
1678641000000,20452.4,20503.1,20447.8,20475.4
1678641300000,20475.4,20520.7,20448.1,20452.9
1678641600000,20452.8,20521.5,20446.8,20488.5
1678641900000,20490.5,20838.1,20490.5,20718.9
1678642200000,20715.4,20763.2,20646.7,20696.7
1678642500000,20703.7,20736.3,20648.9,20684.6
1678642800000,20684.6,20778.6,20673,20740.5
1678643100000,20740.5,20947.8,20739.8,20834.5
1678643400000,20834.5,20984.9,20818.2,20836
1678643700000,20836,20918.2,20789.5,20897.3
1678644000000,20895.1,21025.6,20878.4,20903.2
1678644300000,20903.2,20922.7,20822.2,20832.2
1678644600000,20830.7,20894.6,20789.4,20819
1678644900000,20820.2,20879.5,20790,20834.1
1678645200000,20834.1,20958.5,20827.2,20935.8
1678645500000,20935.8,21087.9,20906.2,21042.6
1678645800000,21042.1,21145.9,20968.7,21144
1678646100000,21146,21358.8,21079.2,21347.4
1678646400000,21348.5,21479.8,21283.1,21302.2
1678646700000,21347.9,21436.9,21278.8,21317.4
1678647000000,21317.4,21403.6,21276,21387.4
1678647300000,21387.4,21389,21259.9,21261.9
1678647600000,21261.9,21430.3,21182.6,21318.7
1678647900000,21320.7,21384.5,21255.8,21307
1678648200000,21309,21334.6,21266.3,21334.6
1678648500000,21336.6,21336.6,21039.6,21065.7
1678648800000,21065.7,21268.8,20998.2,21106.2
1678649100000,21106.3,21373.2,20976.9,21028.5
1678649400000,21028.2,21113.7,20913,20942.9
1678649700000,20942.9,21019.8,20927.8,20978.9
1678650000000,20978.9,21022.3,20938.6,21017.5
1678650300000,21017.5,21064.5,20983.8,21016.4
1678650600000,21016.4,21095.3,20926.1,20942.8
1678650900000,20942.8,20988.3,20868.7,20934.2
1678651200000,20936.2,20967,20862.9,20951.4
1678651500000,20951.4,21006.9,20917.4,20968.6
1678651800000,20968.5,21013.9,20937.3,20973.4
1678652100000,20973.7,21049,20940.4,21001.2
1678652400000,21002,21087.9,20962.7,21071.7
1678652700000,21070.4,21169.7,21020.6,21167.5
1678653000000,21157.8,21387.4,21146.5,21366.7
1678653300000,21366.2,21447.6,21248.5,21304.7
1678653600000,21304.7,21350.8,21241.5,21314.9
1678653900000,21309,21412.5,21268.3,21278.7
1678654200000,21276.8,21311.7,21182.8,21305.7
1678654500000,21305.7,21516.8,21281.3,21450.3
1678654800000,21450.3,21463.1,21219.2,21287.5
1678655100000,21287.7,21323.7,21225.6,21267.2
1678655400000,21267.2,21342,21247.2,21265.2
1678655700000,21264.2,21297.4,21233.2,21260.5
1678656000000,21260.2,21313.2,21203.6,21248.2
1678656300000,21248.2,21364.1,21190.6,21245.8
1678656600000,21248,21323.3,21204.1,21247.3
1678656900000,21249.3,21416.5,21223.7,21267.8
1678657200000,21267.8,21396.9,21227.2,21243.5
1678657500000,21234.6,21336.7,21230.1,21242.2
1678657800000,21242.2,21292.8,21240.2,21292.8
1678658100000,21292.8,21443,21292.8,21443
1678658400000,21443,21450.9,21299.8,21301.1
1678658700000,21301.1,21313.4,21253.1,21295.3
1678659000000,21295.3,21341.5,21272.3,21316.1
1678659300000,21316.1,21734.9,21309.5,21649.3
1678659600000,21649.3,22086.9,21636.2,22060.5
1678659900000,22060.5,22074.9,21842.6,21966.7
1678660200000,21966.7,22027.9,21877,21885
1678660500000,21884.3,21934.9,21803.8,21928.7
1678660800000,21928.7,21936,21833.2,21891
1678661100000,21891,21969.4,21843.5,21843.5
1678661400000,21847,21961.2,21799,21840.2
1678661700000,21841.2,21861.6,21756.2,21806.2
1678662000000,21825.7,21885.7,21719.7,21793.9
1678662300000,21794,21858.2,21690.3,21843.8
1678662600000,21855.9,21868.4,21744.1,21843.4
1678662900000,21808.5,21865.5,21747.2,21843.1
1678663200000,21844.5,21970.9,21767.5,21906.5
1678663500000,21913.2,22006.2,21850.1,21975.4
1678663800000,21975.2,22002.6,21884.2,21953.7
1678664100000,21953.8,21997.3,21827.2,21983
1678664400000,21982.9,22016.2,21907.2,22003.4
1678664700000,21979.1,22203.8,21915.2,21980.4
1678665000000,21981.9,22122.1,21917.2,22075.4
1678665300000,22058.1,22159.2,22014.2,22112.6
1678665600000,22113.4,22234.2,22053.7,22103.2
1678665900000,22058.5,22114.6,21935.2,22063.3
1678666200000,22063.2,22105.9,21979.2,22070.7
1678666500000,22023.1,22198.2,21973.2,22193.3
1678666800000,22159.2,22344.2,22088.9,22212.2
1678667100000,22212.7,22314.7,22119.2,22209.7
1678667400000,22183,22313.9,22134.2,22199.7
1678667700000,22155.6,22340.1,22125.1,22214.6
1678668000000,22214.6,22654.2,22158.2,22596.2
1678668300000,22595.2,22719.4,22456.7,22573.7
1678668600000,22532.2,22585.7,22384,22514.4
1678668900000,22521.2,22626.1,22435.5,22582.9
1678669200000,22582.8,22606.2,22462.5,22513.7
1678669500000,22514.2,22583.1,22388.7,22446.6
1678669800000,22485.6,22496.3,22360.3,22424.6
1678670100000,22389.6,22496.2,22389.5,22452.2
1678670400000,22452.7,22504.9,22384.3,22435.2
1678670700000,22435.2,22482,22387.2,22451.7
1678671000000,22449.7,22527.5,22421.8,22496.2
1678671300000,22503.7,22511,22353,22391
1678671600000,22386,22455.7,22357.2,22444.6
1678671900000,22442.8,22501.5,22410.3,22482.2
1678672200000,22476.1,22481.7,22377.2,22425.9
1678672500000,22425.8,22466.2,22370.7,22424.2
1678672800000,22423.9,22473.2,22387.2,22446.4
1678673100000,22446.4,22488.7,22422.2,22475.7
1678673400000,22475.3,22485.2,22382.2,22434.2
1678673700000,22433.2,22441.8,22283.3,22326.6
1678674000000,22354.4,22426.8,22287.2,22323.5
1678674300000,22323.9,22372,22221.4,22313.9
1678674600000,22313.8,22391.1,22282.2,22374.7
1678674900000,22372.5,22399.3,22287.2,22334.2
1678675200000,22334,22343.8,22207.1,22302.5
1678675500000,22288.4,22311.5,22161.6,22181.8
1678675800000,22181.8,22263.2,22167,22245.8
1678676100000,22245.3,22285.2,22229.6,22265.5
1678676400000,22274.1,22313.8,22226,22303.5
1678676700000,22303.8,22311.8,22247.2,22302.2
1678677000000,22302.7,22315.2,22227.2,22239.8
1678677300000,22239.3,22262.5,22163.6,22172.2
1678677600000,22169.2,22232.7,22164.7,22210.7
1678677900000,22214.2,22291.4,22180.2,22287.2
1678678200000,22287.8,22295,22206.5,22295
1678678500000,22295.7,22343.5,22289.1,22335
1678678800000,22335,22341.2,22264.2,22273.2
1678679100000,22273.7,22299.1,22246.9,22271.2
1678679400000,22266.2,22296.1,22262.2,22282.8
1678679700000,22282.8,22303.1,22264.2,22282.9
1678680000000,22282.7,22322.3,22244.3,22295.3
1678680300000,22295.3,22324.9,22275.7,22301.6
1678680600000,22301.7,22475.2,22295.7,22460.2
1678680900000,22460.2,22495.8,22368.9,22373.7
1678681200000,22373.7,22442.3,22373.7,22432.2
1678681500000,22432.7,22452.5,22393.2,22393.4
1678681800000,22395,22415.7,22356.7,22364.2
1678682100000,22369.2,22420.7,22364.2,22393.2
1678682400000,22394.2,22426.6,22371.7,22412.7
1678682700000,22412.2,22456.2,22406.7,22435.7
1678683000000,22435.2,22451,22367.2,22404.7
1678683300000,22404.7,22409.2,22322.6,22385.3
1678683600000,22385.7,22413.6,22377.8,22396.1
1678683900000,22396.2,22452.7,22355.1,22443.9
1678684200000,22443.7,22444.8,22343.9,22395.6
1678684500000,22402.7,22425,22357.2,22419.1
1678684800000,22418.6,22418.6,22358.1,22383.2
1678685100000,22384.2,22410.8,22367.2,22401.4
1678685400000,22401.9,22409,22327.2,22355.7
1678685700000,22355.7,22399,22337.2,22376.6
1678686000000,22378.7,22409.4,22376.6,22405.7
1678686300000,22405.7,22435.1,22403.5,22411.3
1678686600000,22411.2,22436.2,22406.2,22423.2
1678686900000,22422.7,22442,22412.2,22436.1
1678687200000,22444,22444,22411.8,22421.8
1678687500000,22421.8,22523.9,22364.7,22376
1678687800000,22380.5,22398.6,22360.3,22373.2
1678688100000,22374.9,22414.7,22344.2,22356.2
1678688400000,22356.2,22403.7,22340,22384.2
1678688700000,22384.2,22421.6,22368.2,22383.7
1678689000000,22383.7,22386.3,22306.3,22342.7
1678689300000,22341.6,22359.6,22323.2,22344.8
1678689600000,22344.8,22394.7,22337.5,22393.2
1678689900000,22393.6,22434.2,22373.2,22421.6
1678690200000,22421.7,22425,22375.3,22416
1678690500000,22416,22422.7,22397.5,22418.4
1678690800000,22424.5,22438.2,22405.7,22412.2
1678691100000,22410.4,22419.7,22377.3,22391.7
1678691400000,22391.2,22411.7,22376.6,22392.5
1678691700000,22392.6,22425.7,22386.7,22412.4
1678692000000,22411.1,22500.6,22384.6,22476.7
1678692300000,22476.7,22484.6,22410,22424.4
1678692600000,22424.5,22461.1,22416.9,22444.7
1678692900000,22444.7,22515.2,22440.6,22505.3
1678693200000,22505.2,22515.3,22447.2,22511.9
1678693500000,22512.2,22544.4,22502.2,22533.6
1678693800000,22533.7,22561.6,22476.7,22486.1
1678694100000,22488.2,22531.7,22486.1,22513
1678694400000,22512.7,22541.1,22494.3,22534.8
1678694700000,22534.8,22587,22432.5,22467.5
1678695000000,22467.5,22496.9,22428,22444.1
1678695300000,22444,22473.3,22415,22424.5
1678695600000,22424.6,22445,22408.9,22434.2
1678695900000,22434.4,22441.1,22378.9,22395.1
1678696200000,22396.6,22413.5,22360.8,22393.4
1678696500000,22392.3,22409.5,22348.9,22363.6
1678696800000,22363.7,22380.1,22321.9,22322.8
1678697100000,22322.8,22347.2,22264.2,22282.9
1678697400000,22282.9,22282.9,22201.7,22252
1678697700000,22252.4,22273.9,22216.2,22220.5
1678698000000,22221.6,22240,22167.9,22222
1678698300000,22222,22273,22217.5,22249.9
1678698600000,22249.9,22250.3,22197.7,22230
1678698900000,22230,22261.4,22222.2,22240.3
1678699200000,22240.5,22245.7,22189.2,22190
1678699500000,22190,22190,22077.9,22080.7
1678699800000,22071.1,22137.6,21981.6,21981.6
1678700100000,21982.1,21997.8,21850.9,21943.7
1678700400000,21943.8,22017.6,21932.4,21976.8
1678700700000,21972,22066.7,21972,22013.5
1678701000000,22013.7,22034.3,21969.2,22007.5
1678701300000,22007.5,22024.2,21978.9,21993.6
1678701600000,21996,22083.5,21979.9,22083.5
1678701900000,22083.5,22085.1,22012.2,22017.8
1678702200000,22024.1,22027.7,21969.7,21979.7
1678702500000,21987.5,22000.2,21863.2,21898.7
1678702800000,21898.7,21923.3,21893,21923.3
1678703100000,21926,22049.9,21923.3,22037.7
1678703400000,22037.7,22062.5,22004.7,22058.9
1678703700000,22058.9,22125.2,22052,22125.2
1678704000000,22130.6,22134.2,22079.4,22081.7
1678704300000,22081.3,22091.5,22032.1,22075.7
1678704600000,22075.9,22086.9,22059,22082.3
1678704900000,22082.2,22202.5,22075.5,22161.5
1678705200000,22161.7,22168.3,22125,22154.7
1678705500000,22154.6,22239.6,22133.5,22182.1
1678705800000,22179.9,22181.9,22111.2,22137.2
1678706100000,22133.7,22138.7,22087.3,22118
1678706400000,22118,22126,22083.6,22105.6
1678706700000,22106.7,22124.2,22042,22076.2
1678707000000,22076.2,22100.4,22053.5,22054
1678707300000,22054,22092.4,22047.5,22063.1
1678707600000,22059.4,22084.2,22036.1,22053.2
1678707900000,22052.1,22138.5,22051.3,22135.4
1678708200000,22131,22146.3,22064.7,22121.4
1678708500000,22121.7,22178.2,22119,22126.1
1678708800000,22126.1,22142.6,22092.9,22110.3
1678709100000,22109.8,22117.8,22048.2,22071.7
1678709400000,22071.7,22073.8,21967.2,22050.8
1678709700000,22054.3,22101.1,22014.7,22036.8
1678710000000,22036.3,22124,22036.3,22121.1
1678710300000,22120.9,22142.2,22089.7,22115.1
1678710600000,22115,22152.6,22089.4,22103.2
1678710900000,22103.3,22104.4,22030.1,22061.6
1678711200000,22060.1,22081.8,22015.4,22021.9
1678711500000,22022.1,22041.8,21963.5,21991.1
1678711800000,21991.5,22065.5,21988.3,22053
1678712100000,22050.2,22141.3,22048.6,22129.5
1678712400000,22129.5,22410.3,22129.5,22317.6
1678712700000,22318.3,22327.7,22249.3,22291.2
1678713000000,22290.7,22398,22274.3,22344.9
1678713300000,22345.9,22585.8,22340.3,22537.1
1678713600000,22537.2,22576.4,22454.4,22510
1678713900000,22510.2,22539.8,22430.2,22456.9
1678714200000,22456.4,22520.2,22304,22343.1
1678714500000,22342.5,22358.6,22294.6,22328.7
1678714800000,22328,22388.5,22314.9,22357.5
1678715100000,22364.2,22559.9,22348.1,22547.1
1678715400000,22552.8,22605.1,22480.2,22533.4
1678715700000,22536.2,22544.5,22489,22511.8
1678716000000,22512.2,22550.4,22444.7,22536
1678716300000,22541,23016.1,22512.2,22937.2
1678716600000,22937.7,23024.9,22865.1,22984.2
1678716900000,22978.2,23242.3,22934.2,23174.7
1678717200000,23173.2,23565.9,23145.1,23492.7
1678717500000,23510.5,23582.1,23362.7,23421.7
1678717800000,23421.7,23557,23348.5,23504.8
1678718100000,23511.2,23532,23379.4,23430.8
1678718400000,23438.1,23570.9,23348.5,23542.2
1678718700000,23543.3,23681.6,23457.9,23589.9
1678719000000,23592.7,23612.5,23358,23475.7
1678719300000,23458.4,23611.9,23458.4,23585.2
1678719600000,23586.2,23959.4,23542.8,23907
1678719900000,23907,24497.8,23861.7,24317.1
1678720200000,24313.9,24347.7,24101.6,24102.7
1678720500000,24102.7,24284.4,24101.3,24221.9
1678720800000,24228.8,24430.8,24215.8,24293.3
1678721100000,24293.3,24483.6,24242.7,24481.8
1678721400000,24480.3,24556.7,24231.6,24250.6
1678721700000,24251.2,24303.4,23985.7,24075.3
1678722000000,24077.7,24230.8,24005.6,24184.2
1678722300000,24184.2,24194.7,23938.8,23986.5
1678722600000,23986.5,24128.3,23962.5,24024.2
1678722900000,24018.2,24082,23975.9,24039.2
1678723200000,24038.7,24161.5,24005.8,24064
1678723500000,24064,24217.2,24047.8,24201.2
1678723800000,24193.7,24205.7,24075.8,24141.5
1678724100000,24140.9,24204.2,24131.2,24157.7
1678724400000,24160.7,24285.7,24031.7,24141.9
1678724700000,24142.2,24152.1,24034.1,24055.2
1678725000000,24055.2,24074.8,23812.6,23831.2
1678725300000,23831.2,24002.2,23831.2,23963.2
1678725600000,23962.1,24133.7,23920.9,24112.2
1678725900000,24127,24133.2,23947.6,24005.2
1678726200000,24002.8,24085.7,23994.2,24080.7
1678726500000,24069.7,24085.1,23921.3,24023.3
1678726800000,24021.1,24025.7,23937,23958.6
1678727100000,23958.5,23965.2,23834.3,23954.7
1678727400000,23954.7,23956.6,23903,23946.2
1678727700000,23951.2,23991.7,23884.4,23986.7
1678728000000,23986,24031.2,23958.9,24018.4
1678728300000,24024,24030.4,23968,24013
1678728600000,24007.3,24093.5,24005.7,24076.2
1678728900000,24076.2,24143.4,24065.2,24125
1678729200000,24125.2,24196.2,24107.4,24192.7
1678729500000,24192.7,24215.9,24070.8,24087.5
1678729800000,24085.5,24143.2,24066.7,24131.5
1678730100000,24131.6,24184.4,24106.2,24127.9
1678730400000,24143.8,24294.2,24137.8,24194.2
1678730700000,24194.1,24199.4,24025.8,24102.6
1678731000000,24102.7,24194.4,24088.3,24155.6
1678731300000,24155.7,24181.7,24114.2,24139.3
1678731600000,24139.3,24193.7,24122.4,24192.9
1678731900000,24192.9,24216.6,24155.2,24191.3
1678732200000,24191.2,24216,24181.8,24197.5
1678732500000,24197.8,24210,24135.3,24155.4
1678732800000,24155.9,24276,24131.3,24243.7
1678733100000,24243.8,24261.7,24183.1,24241
1678733400000,24241,24303.6,24231.2,24303.6
1678733700000,24303.7,24334.9,24267.6,24318.1
1678734000000,24315.4,24401.9,24302.5,24359.7
1678734300000,24359.8,24443.4,24325.7,24326.8
1678734600000,24322.3,24360.9,24263.8,24336.3
1678734900000,24336.3,24348.9,24291.2,24299.6
1678735200000,24300.7,24301.7,24234.2,24242.5
1678735500000,24243.8,24254,24161.6,24210.2
1678735800000,24209.7,24272.3,24198.2,24260
1678736100000,24258.5,24262.7,24175.8,24240.7
1678736400000,24241.6,24364,24213.9,24332.7
1678736700000,24336.2,24352.9,24238.6,24318.6
1678737000000,24316.2,24318.4,24235.2,24288.9
1678737300000,24289,24341.2,24197.9,24325.3
1678737600000,24332.5,24366.6,24274.3,24314.7
1678737900000,24314.7,24345,24248.8,24277.3
1678738200000,24277.3,24294.7,24177.5,24215.4
1678738500000,24215.4,24284,24214.7,24264
1678738800000,24264.6,24276.5,24185,24198.2
1678739100000,24198.2,24227.9,24169.3,24175.4
1678739400000,24175.4,24185.2,24108.2,24170.6
1678739700000,24170.6,24206.1,24146,24179.1
1678740000000,24179.2,24258.1,24161.3,24226.2
1678740300000,24226.2,24259.2,24174.4,24190.5
1678740600000,24190.5,24210.6,24115.7,24157.6
1678740900000,24167.2,24188.2,24154.2,24172.8
1678741200000,24172.9,24224.2,24172.8,24213.7
1678741500000,24200.2,24262.1,24182.3,24247
1678741800000,24249,24261.1,24218.6,24244.2
1678742100000,24244.4,24257.2,24201.7,24203.9
1678742400000,24207.3,24232.4,24192.7,24200
1678742700000,24200.3,24217.7,24099.1,24124.3
1678743000000,24126.9,24153.7,24094.8,24122.9
1678743300000,24122.8,24162.7,24121,24132.4
1678743600000,24132.4,24157.2,24101,24135.7
1678743900000,24136.2,24196.1,24135.7,24168.3
1678744200000,24168.7,24201.2,24163.1,24187.1
1678744500000,24187.1,24190,24125.9,24142.9
1678744800000,24143.4,24188.7,24134.2,24177
1678745100000,24177,24204.3,24164.8,24197.7
1678745400000,24200.1,24275.1,24191.4,24249.5
1678745700000,24249.5,24274.7,24229.9,24253.3
1678746000000,24253.3,24294.9,24237.2,24285.7
1678746300000,24285.7,24291.5,24255.2,24266.7
1678746600000,24272.1,24279.1,24223.8,24238
1678746900000,24238,24264.1,24207.2,24224.7
1678747200000,24224.7,24253.1,24214.7,24253.1
1678747500000,24253.2,24253.3,24167.2,24185.7
1678747800000,24185.8,24217.3,24157.2,24215.5
1678748100000,24222,24262,24219.2,24251.6
1678748400000,24252.2,24263.6,24213.5,24220.8
1678748700000,24220.6,24242.2,24181.8,24191.8
1678749000000,24192.2,24223.4,24182.7,24212.2
1678749300000,24212.7,24216.7,23994.7,24025.7
1678749600000,24025.7,24104.1,24001.4,24041.4
1678749900000,24044.2,24088.2,24015,24085.7
1678750200000,24082.1,24105.2,23999.4,24052.2
1678750500000,24052.7,24101.4,24042.7,24046.7
1678750800000,24051.2,24120.2,24045,24113.8
1678751100000,24117.7,24141.7,24077.7,24113.7
1678751400000,24115.1,24151.2,24090.2,24106.2
1678751700000,24111.7,24174.2,24099.7,24163.5
1678752000000,24165.5,24204.6,24123.7,24125.2
1678752300000,24127.5,24147.7,24070.2,24103.2
1678752600000,24102.7,24151.4,24043.7,24055.5
1678752900000,24056.1,24175.6,24045,24142.2
1678753200000,24141.7,24184.8,24123.3,24176.6
1678753500000,24176.6,24186.3,24141.7,24171.9
1678753800000,24172.4,24215.4,24154.9,24180.9
1678754100000,24180.9,24180.9,24133.1,24153.7
1678754400000,24153.7,24184.5,24137.7,24162.5
1678754700000,24164.7,24280.5,24144.7,24272.2
1678755000000,24271.2,24293.5,24226.9,24286.8
1678755300000,24286.8,24286.8,24191.5,24227.8
1678755600000,24233.2,24245.8,24168.3,24195.2
1678755900000,24195.2,24251.1,24180.2,24242
1678756200000,24241.5,24258.6,24189.2,24205.2
1678756500000,24205.2,24254.3,24187,24243.2
1678756800000,24243.4,24313.8,24242.2,24273.8
1678757100000,24273.8,24343.3,24247.7,24336.8
1678757400000,24341.4,24343.6,24298.2,24311.7
1678757700000,24310.5,24348.3,24265.7,24320.7
1678758000000,24322.2,24323.9,24213.1,24263.7
1678758300000,24264.1,24370.3,24237.2,24344.7
1678758600000,24344.7,24415.7,24330.2,24380.7
1678758900000,24383.2,24484.7,24364.7,24449.7
1678759200000,24453.2,24536.2,24431.2,24493.7
1678759500000,24494.2,24509.2,24385.1,24405.5
1678759800000,24404.3,24413.6,24372.2,24374.7
1678760100000,24373.7,24417.1,24362,24383.2
1678760400000,24383.2,24426.1,24372,24423.2
1678760700000,24423.2,24423.6,24317.2,24342.9
1678761000000,24344.7,24364.8,24315.7,24356.2
1678761300000,24361.2,24371.7,24315.7,24334.7
1678761600000,24334.7,24348.7,24309.2,24323.7
1678761900000,24323.7,24347.2,24313.1,24326.1
1678762200000,24326.9,24351.7,24314.2,24344.2
1678762500000,24344.7,24345.6,24307.2,24326.3
1678762800000,24326.3,24334.2,24287.7,24291.2
1678763100000,24291.2,24323.1,24283.7,24293.4
1678763400000,24293.4,24332.9,24290.9,24305.7
1678763700000,24307.3,24346.2,24284.9,24341.7
1678764000000,24342.2,24355.2,24333.2,24347.1
1678764300000,24351.2,24402.6,24343.2,24394.7
1678764600000,24405.4,24435.8,24365.2,24415.6
1678764900000,24416.4,24461.5,24405,24455.2
1678765200000,24455.7,24465.7,24428.9,24442.7
1678765500000,24442.7,24455.7,24409.2,24421.7
1678765800000,24422.7,24433.8,24404.2,24426.4
1678766100000,24426.4,24456.3,24412.2,24444.7
1678766400000,24444.2,24455.7,24422.7,24436.5
1678766700000,24436.5,24436.5,24388,24406.7
1678767000000,24412.7,24447.8,24405.2,24430.5
1678767300000,24442.8,24461.1,24424.2,24441.2
1678767600000,24438.2,24454.8,24424.2,24451.6
1678767900000,24451.5,24504.5,24434.7,24487.9
1678768200000,24487.9,24497.9,24405.2,24415.2
1678768500000,24415.2,24434.4,24403.2,24417.7
1678768800000,24423.1,24437,24338.4,24405.2
1678769100000,24405.2,24437.8,24395.6,24437
1678769400000,24437,24451.8,24418.8,24441.7
1678769700000,24443.8,24500.1,24429.2,24490.8
1678770000000,24495.1,24498.1,24454.7,24461.2
1678770300000,24463.2,24551.5,24456.2,24517.2
1678770600000,24517.2,24862.6,24515.8,24740.2
1678770900000,24737.7,24782.7,24397.2,24471.7
1678771200000,24469.5,24502.2,24354.7,24397.5
1678771500000,24397.5,24446.2,24305.9,24432.4
1678771800000,24433,24493.7,24379.7,24392.2
1678772100000,24392.1,24432.6,24332.7,24355.6
1678772400000,24355.4,24405.4,24349.3,24375.3
1678772700000,24375.6,24439.7,24365.7,24426
1678773000000,24426,24439.5,24329.4,24334.7
1678773300000,24333.7,24403.4,24311.5,24394.1
1678773600000,24394.4,24445.2,24372.2,24434
1678773900000,24429.8,24534.1,24397.2,24501.9
1678774200000,24501.8,24507.5,24383.3,24431.6
1678774500000,24431.6,24506.1,24419.7,24491.4
1678774800000,24491.6,24511.8,24469.8,24485.1
1678775100000,24478.7,24498.2,24389.4,24467.6
1678775400000,24473.3,24493.7,24427.2,24434.2
1678775700000,24473.2,24476.2,24400.2,24421.8
1678776000000,24408.9,24444.7,24364.8,24372.9
1678776300000,24372.4,24423.7,24363.3,24405.5
1678776600000,24406.2,24413.2,24363.2,24394.2
1678776900000,24394.4,24433.1,24335.2,24412.2
1678777200000,24412.7,24466.2,24401.6,24453.7
1678777500000,24454.2,24483.7,24414.8,24459.7
1678777800000,24459.7,24488.2,24412.2,24481.2
1678778100000,24476.2,24483.3,24407.2,24461.4
1678778400000,24433.5,24473.5,24397.2,24433
1678778700000,24464.2,24465.7,24276.2,24293.2
1678779000000,24324,24350.4,24236.2,24317.8
1678779300000,24323.7,24364.7,24298,24344.7
1678779600000,24338.3,24366.9,24292.8,24322.3
1678779900000,24322.1,24325.6,24187.2,24242.9
1678780200000,24244.4,24357.4,24236.9,24326.3
1678780500000,24354.2,24384.7,24296.9,24335.2
1678780800000,24336.2,24379.6,24274.5,24312.1
1678781100000,24312.1,24355.2,24241.8,24321.9
1678781400000,24322.1,24322.4,24179.7,24240
1678781700000,24240,24313.6,24228.7,24313.3
1678782000000,24323.2,24323.2,24234.1,24295.7
1678782300000,24302.1,24341.1,24237.2,24326
1678782600000,24331.7,24363.7,24257.2,24330.2
1678782900000,24307.4,24363.3,24277.2,24325.7
1678783200000,24319.7,24339.9,24261.2,24300.7
1678783500000,24302.2,24341.4,24266.4,24295.2
1678783800000,24295.7,24316.3,24247.2,24302.2
1678784100000,24311.4,24331.6,24244.2,24302.2
1678784400000,24274.8,24315.3,24240.9,24261.2
1678784700000,24261.7,24301.7,24192.3,24273.2
1678785000000,24273.7,24304.8,24213.4,24293.7
1678785300000,24293.7,24296.2,24254.7,24262
1678785600000,24262,24273.9,24233.3,24265.2
1678785900000,24265.3,24282,24212.2,24235.1
1678786200000,24234.2,24265.8,24181.4,24256.2
1678786500000,24256.2,24306,24253.7,24264.7
1678786800000,24263.2,24297.3,24238.4,24285.5
1678787100000,24283.6,24319.8,24262.2,24312.4
1678787400000,24313,24334.1,24263.2,24328.2
1678787700000,24327.7,24348.3,24313,24345.2
1678788000000,24345.5,24360.7,24307.4,24342.2
1678788300000,24341.8,24365.7,24317.2,24355.3
1678788600000,24361.3,24374.2,24287.2,24331.4
1678788900000,24331.2,24365,24281.2,24342.1
1678789200000,24354.3,24499.3,24317.2,24434.2
1678789500000,24434.7,24464.7,24400.8,24431.7
1678789800000,24431.2,24473.9,24378.2,24464.7
1678790100000,24464.5,24471.2,24397.2,24435.6
1678790400000,24435.9,24491.9,24400.2,24466.2
1678790700000,24445.9,24514.8,24408.2,24513.7
1678791000000,24504.1,24550.7,24467.2,24515.9
1678791300000,24516.2,24688.3,24482.2,24628.1
1678791600000,24644.7,24721.5,24467.8,24616.2
1678791900000,24621.2,24664.2,24563.2,24651.3
1678792200000,24651.6,24752.9,24589.1,24742.7
1678792500000,24720.5,24876.2,24703.9,24755.9
1678792800000,24764,24841.2,24677.2,24805.7
1678793100000,24799.6,24844,24639.2,24695.4
1678793400000,24695.2,24771.4,24650.3,24668.8
1678793700000,24672.5,24762.8,24607.2,24733.3
1678794000000,24752.2,24811.8,24697.2,24795.2
1678794300000,24795.7,24795.7,24722.2,24736.2
1678794600000,24741.7,24826.4,24716.2,24818.9
1678794900000,24819.2,24835.7,24793.2,24823.2
1678795200000,24823.4,24937.2,24739.3,24809.6
1678795500000,24810.2,24917.5,24749.7,24814.6
1678795800000,24814.6,24857.6,24774.2,24774.5
1678796100000,24773.8,24787.6,24687.7,24737.4
1678796400000,24737.5,24800.6,24733.9,24778.5
1678796700000,24778.5,24825.7,24725.1,24729.2
1678797000000,24729.2,25468.1,24615,25191.2
1678797300000,25191.2,25208.4,24815.1,25151.1
1678797600000,25154.2,25585.2,25043,25556.7
1678797900000,25561.9,25939.2,25453.1,25836.4
1678798200000,25845.2,26098,25700,26091.2
1678798500000,26099.7,26113.9,25856.7,25934.3
1678798800000,25934.8,26482.1,25934.3,26456.2
1678799100000,26458,26485.1,26202.1,26325
1678799400000,26325,26361.8,26227.2,26344.4
1678799700000,26345.7,26373.3,25772,25811.2
1678800000000,25811.7,25981.7,25743.6,25901.6
1678800300000,25901.4,25992.2,25781.5,25943.4
1678800600000,25939.3,26073,25881.6,25973.2
1678800900000,25973.8,26134.7,25892,26083.5
1678801200000,26083.5,26100.7,25939.9,25971.2
1678801500000,25968.4,26082.7,25923.8,25991.6
1678801800000,25985.7,26001.8,25646.6,25761.7
1678802100000,25761.7,25879.6,25736.3,25813
1678802400000,25812.4,25845.8,25645.6,25707.3
1678802700000,25698.4,25884.4,25672.8,25840.2
1678803000000,25839.7,25867.6,25758.8,25862.2
1678803300000,25862.7,25918.2,25752.5,25805.3
1678803600000,25805.4,25903.8,25758.4,25903.7
1678803900000,25902.7,26034.5,25875.3,26019.5
1678804200000,26010.4,26013.9,25922.2,25971.2
1678804500000,25966.2,25989.4,25877.2,25921.7
1678804800000,25922.1,25931.7,25802.3,25895.7
1678805100000,25895.7,25992.1,25889.2,25955.3
1678805400000,25955.5,26094.1,25906.2,26054.2
1678805700000,26054.2,26147.6,25913.2,25917.5
1678806000000,25917.5,25950.7,25842.3,25867.7
1678806300000,25867.7,25936.4,25856.2,25923.4
1678806600000,25923.4,25951.2,25886.2,25906.2
1678806900000,25904.9,25994.7,25904.9,25910.2
1678807200000,25913.2,25966.2,25888.4,25922.7
1678807500000,25922.7,25934.5,25855.5,25855.7
1678807800000,25858.7,25954.7,25850.9,25899.2
1678808100000,25899.2,25914.3,25858.7,25882.6
1678808400000,25882.6,25913,25852.3,25897.3
1678808700000,25895.5,25957.5,25889.7,25941.7
1678809000000,25935.7,25984.6,25905.5,25935.5
1678809300000,25935.5,25975.2,25912.9,25951.9
1678809600000,25951.2,26041.9,25916.2,25980.9
1678809900000,25981.7,26016.2,25907.9,26011.9
1678810200000,26013.4,26055.2,26010.1,26050
1678810500000,26050,26050,25951.5,25954.6
1678810800000,25956.2,25975.1,25847.7,25875.9
1678811100000,25879.1,25879.5,25745.5,25801
1678811400000,25801,25891.9,25800.4,25865.7
1678811700000,25865.7,25879.7,25828,25840.2
1678812000000,25840.2,25856.2,25795.5,25845.7
1678812300000,25845.6,25931.3,25844.5,25917.3
1678812600000,25916.6,25935.7,25870.1,25909
1678812900000,25909,25919.8,25883.7,25906.2
1678813200000,25907.8,25935.7,25902.5,25924.7
1678813500000,25924.6,25931.5,25834.9,25839.4
1678813800000,25838.2,25904.2,25813.6,25885.5
1678814100000,25886.2,25887.8,25671.3,25715.8
1678814400000,25716.9,25782.3,25673.8,25757.7
1678814700000,25757.5,25810.2,25751.4,25783.7
1678815000000,25783,25790.2,25703.7,25715
1678815300000,25715.4,25805.2,25712.5,25795.7
1678815600000,25796.3,25825.5,25742.3,25753.2
1678815900000,25752.7,25770.7,25635,25706
1678816200000,25708.4,25731.7,25680.9,25715.1
1678816500000,25715.2,25715.8,25647.1,25661.8
1678816800000,25656.9,25673.3,25359.2,25359.3
1678817100000,25360.6,25416.7,25290.7,25316.5
1678817400000,25316.9,25408.2,25302.2,25343
1678817700000,25341.8,25461.4,25319.1,25441.6
1678818000000,25440.6,25529.6,25416.2,25516.3
1678818300000,25522.4,25554.7,25471.7,25531.9
1678818600000,25547.4,25579.3,25497.7,25503.2
1678818900000,25503.2,25518.6,25390.5,25415
1678819200000,25416.4,25465.2,25377.2,25432.9
1678819500000,25432.9,25449.4,25211,25240.3
1678819800000,25223,25240.8,24882.2,25081.7
1678820100000,25081.7,25146.6,24975.5,24998.6
1678820400000,25000.1,25126.3,24987.2,25094.6
1678820700000,25094.1,25127.1,24998.5,25042.7
1678821000000,25041.6,25072.9,24589.2,24612.9
1678821300000,24608.6,24736.4,24263.3,24727.7
1678821600000,24728.2,24779.7,24574.4,24656.3
1678821900000,24651.1,24685.8,24452.6,24482.6
1678822200000,24483.6,24574.8,24420.7,24552.8
1678822500000,24553.1,24667.7,24528.7,24550.7
1678822800000,24551.2,24604.5,24497.5,24576
1678823100000,24578.5,24603.9,24479.4,24595.9
1678823400000,24596.1,24821.2,24585.3,24809.2
1678823700000,24813.6,25133.7,24741,25070.5
1678824000000,25069.6,25185.4,24983.9,25092
1678824300000,25090.8,25121.8,24970.1,25009
1678824600000,25009,25043.6,24851.6,24929.7
1678824900000,24925.7,25010,24899.3,24902.3
1678825200000,24902.8,24933.2,24838.4,24901.2
1678825500000,24900.9,24955.3,24895.7,24911.9
1678825800000,24918.4,24968.2,24830.7,24834.3
1678826100000,24834.7,24837.8,24512.9,24604.4
1678826400000,24604.4,24719.4,24584.9,24691.7
1678826700000,24693.6,24750,24678.1,24693.2
1678827000000,24693.2,24800.4,24690.7,24752.1
1678827300000,24752.1,24786,24571.3,24585.4
1678827600000,24586.7,24653.2,24394.2,24422.9
1678827900000,24424.4,24460.7,24021.1,24215
1678828200000,24215.2,24428.7,24203.3,24341.3
1678828500000,24330.8,24342.5,24065.2,24259.8
1678828800000,24259.3,24387.5,24250.2,24340.4
1678829100000,24340.7,24446.4,24329.9,24422.7
1678829400000,24422.5,24554,24372.2,24546
1678829700000,24544,24588.7,24480,24581.1
1678830000000,24582.3,24586.7,24480.8,24511.2
1678830300000,24511.1,24585,24484.9,24508.8
1678830600000,24508.5,24522.7,24410.5,24509.1
1678830900000,24509.3,24608.9,24486.6,24572.6
1678831200000,24572.6,24572.6,24463.1,24492.4
1678831500000,24492.4,24608.7,24435.2,24607.4
1678831800000,24605.9,24800,24560.7,24786.2
1678832100000,24786.2,24792.2,24619.9,24652.6
1678832400000,24654.6,24657.7,24578,24593.1
1678832700000,24593.9,24662.6,24592.2,24629.7
1678833000000,24634.2,24655.7,24555.7,24591.7
1678833300000,24591.7,24683.6,24585.7,24656
1678833600000,24662.4,24684.5,24613.3,24667.5
1678833900000,24672.1,24697.7,24646.3,24665
1678834200000,24664,24684.7,24626,24684.1
1678834500000,24681.9,24759.9,24673.7,24748.7
1678834800000,24745,24813.2,24723.6,24788.9
1678835100000,24786,24786,24668.4,24701.7
1678835400000,24700.4,24748.8,24684.6,24722.6
1678835700000,24723,24780.2,24697,24769.2
1678836000000,24773.3,24794.4,24692.7,24695.7
1678836300000,24695.8,24713.7,24656.4,24694.3
1678836600000,24694,24756.4,24664.7,24682.8
1678836900000,24682.8,24720.5,24648.7,24707.1
1678837200000,24704.2,24809.6,24684.2,24784.7
1678837500000,24783.9,24787.9,24701.5,24722.7
1678837800000,24722.7,24771.3,24716.7,24723.2
1678838100000,24723.3,24744.5,24684.7,24716.6
1678838400000,24716.6,24739.6,24684.1,24715.2
1678838700000,24725.4,24725.4,24643.2,24675.1
1678839000000,24675.1,24679.4,24595.9,24602.1
1678839300000,24602.1,24661.8,24568.2,24597.8
1678839600000,24596.8,24631.3,24546.1,24571.9
1678839900000,24571.9,24573.2,24399,24408.3
1678840200000,24409,24525.2,24341.4,24455.9
1678840500000,24455.9,24484.7,24370.1,24434.9
1678840800000,24434.9,24540.2,24434.9,24526.1
1678841100000,24526,24634.7,24517.1,24626.6
1678841400000,24626.6,24696.3,24588,24693
1678841700000,24690.6,24764.7,24685.5,24758.7
1678842000000,24756.6,24982.4,24698.6,24895.2
1678842300000,24897,24940.8,24818.8,24884.3
1678842600000,24884.3,24944.6,24864.7,24911.4
1678842900000,24914.2,24988.8,24876.5,24981.8
1678843200000,24980.9,25082.9,24925.7,25078.1
1678843500000,25077.6,25077.6,24961,24963.6
1678843800000,24963.5,24975.4,24911.4,24914.6
1678844100000,24914.6,24945.2,24862,24933.8
1678844400000,24933.8,24959.4,24881.7,24910.2
1678844700000,24910.2,24913.7,24837,24868.3
1678845000000,24872.4,24972,24863.8,24962.1
1678845300000,24962.1,24973.7,24919.7,24937.7
1678845600000,24937.9,24952.8,24918,24938.2
1678845900000,24938.2,25004.6,24898.7,24972.2
1678846200000,24975.6,24979.1,24894.7,24897.2
1678846500000,24885.3,24914.6,24863.1,24913
1678846800000,24914.5,24930.2,24894.6,24904.7
1678847100000,24905.7,24912.3,24843.7,24870.5
1678847400000,24870.5,24902.5,24856.7,24887.4
1678847700000,24887.5,24898.3,24869.2,24872.7
1678848000000,24872.7,24885.5,24853.7,24872.4
1678848300000,24872.4,24883.3,24858.4,24863.5
1678848600000,24863.6,24932.5,24858.3,24912
1678848900000,24912,24925.5,24865.5,24865.5
1678849200000,24865.9,24891.8,24865.5,24872.2
1678849500000,24872.2,24896.2,24868.6,24875.7
1678849800000,24876.2,24886.7,24855.3,24862.3
1678850100000,24862.3,24866.4,24764.2,24780.8
1678850400000,24781.8,24818.2,24772.5,24813.4
1678850700000,24810.1,24816.3,24705.3,24724.7
1678851000000,24724.2,24797.3,24705.8,24797
1678851300000,24796.9,24804.3,24764.2,24802.1
1678851600000,24802.1,24806.8,24768.2,24783.4
1678851900000,24785.5,24807.6,24763.8,24769.2
1678852200000,24770.6,24790.4,24761.8,24768.7
1678852500000,24768.7,24781.1,24747.5,24775.2
1678852800000,24775.2,24820.8,24770.8,24814.8
1678853100000,24807.8,24833.4,24799,24815.4
1678853400000,24814.1,24816.1,24734.1,24744.2
1678853700000,24746.2,24772.2,24729.1,24770.5
1678854000000,24770,24809.6,24751.1,24792.7
1678854300000,24792.7,24813.9,24769.5,24810.7
1678854600000,24811.3,24822.6,24773.5,24794.2
1678854900000,24794.7,24863.5,24781.5,24856.2
1678855200000,24855.7,24881.7,24818.8,24835.7
1678855500000,24825.6,24874.2,24818.8,24858.9
1678855800000,24859.6,24873.3,24842.3,24854.7
1678856100000,24854.2,24870.4,24838.7,24866.7
1678856400000,24867.2,24943.3,24857.6,24928.6
1678856700000,24928.2,24948.3,24899.3,24913.6
1678857000000,24919.9,24935.2,24887.3,24916.3
1678857300000,24916.3,24934.7,24891,24905.9
1678857600000,24905.9,24914,24876.3,24905.2
1678857900000,24905.2,24930.7,24889.6,24911.7
1678858200000,24917.7,24917.7,24797.1,24818.9
1678858500000,24815.7,24855.2,24795.8,24813.5
1678858800000,24815.7,24833.4,24789.8,24821.8
1678859100000,24821.7,24841.2,24794.6,24801.1
1678859400000,24796.1,24802,24749.8,24765
1678859700000,24771.8,24794.2,24746.2,24770.9
1678860000000,24770.6,24805.7,24757.3,24785.2
1678860300000,24789,24791.7,24686.3,24739.2
1678860600000,24744.2,24762.7,24716.2,24760.1
1678860900000,24744.4,24772.2,24707.3,24732.7
1678861200000,24732.2,24741.7,24708.7,24724.7
1678861500000,24723.2,24825.9,24712.6,24816.3
1678861800000,24819.5,24838.1,24776.6,24807.3
1678862100000,24812.6,24865.6,24748.5,24839.2
1678862400000,24845.2,24914.2,24836.3,24892.6
1678862700000,24892.6,24911.7,24856.4,24878
1678863000000,24879.6,24892.6,24821.6,24868.8
1678863300000,24869,24893.2,24814.8,24845.4
1678863600000,24839.7,24861.4,24811.3,24852.7
1678863900000,24852.4,24865.7,24785.8,24856.6
1678864200000,24856.4,24883.7,24810.6,24825.7
1678864500000,24825.8,24841.2,24764.2,24832.9
1678864800000,24833.2,24844.9,24786.3,24832.2
1678865100000,24831.2,24847.7,24800.1,24829.8
1678865400000,24836.1,24855.7,24787.9,24854.4
1678865700000,24848.4,24871.2,24804,24826.8
1678866000000,24833.7,24894.8,24815.5,24884.5
1678866300000,24884.6,24894.8,24845.4,24890.1
1678866600000,24890.4,24895.1,24848,24884.5
1678866900000,24885,24990.1,24863,24945.7
1678867200000,24945.4,24975.3,24926,24951
1678867500000,24953.2,24962.3,24894.8,24925.7
1678867800000,24918.7,24961.4,24893.3,24955.4
1678868100000,24951.7,24997.1,24908.1,24950.8
1678868400000,24951,24959,24884.9,24896.7
1678868700000,24896.7,24896.7,24853.1,24874
1678869000000,24874.1,24878.4,24812.8,24844.5
1678869300000,24844.5,24878.4,24811.3,24860.5
1678869600000,24861,24873,24821.6,24854.6
1678869900000,24856.5,24870.8,24831.4,24860.8
1678870200000,24861.1,24862.3,24813.8,24847.7
1678870500000,24855.2,24859.5,24808,24828.5
1678870800000,24826.2,24856,24800,24845.2
1678871100000,24844.7,24854,24779.3,24801.7
1678871400000,24801.7,24828.7,24768.3,24809.4
1678871700000,24808.9,24829.3,24783.8,24820.5
1678872000000,24820.4,24841.3,24768.6,24787.6
1678872300000,24787.6,24806.2,24742.1,24755.3
1678872600000,24754.4,24803.1,24726.8,24784.7
1678872900000,24785.5,24791.3,24666.3,24711.4
1678873200000,24705.4,24712,24564.9,24636.7
1678873500000,24636.7,24685.5,24532.2,24680.9
1678873800000,24681.5,24716.7,24649.7,24692.2
1678874100000,24689.8,24703.7,24574.1,24594
1678874400000,24594.7,24671.2,24583.6,24654.7
1678874700000,24654.2,24701.5,24621.2,24682.3
1678875000000,24682.6,24683.2,24610.7,24631.5
1678875300000,24626.3,24639.9,24551.2,24575.7
1678875600000,24581.2,24671.9,24557.2,24603.2
1678875900000,24603.4,24624.2,24496.3,24515.2
1678876200000,24516,24561.5,24465.6,24554.2
1678876500000,24555.2,24561.6,24503.5,24541.6
1678876800000,24542,24681.3,24536,24679.2
1678877100000,24679.7,24713.2,24632.1,24644.9
1678877400000,24644.6,24705.5,24628.7,24650.9
1678877700000,24654.2,24664.2,24585.7,24601.5
1678878000000,24601.7,24625.5,24552.2,24562.6
1678878300000,24562.6,24582.6,24497,24530.4
1678878600000,24530.1,24586.2,24521.5,24565.8
1678878900000,24565.8,24565.8,24467.7,24484.5
1678879200000,24483.7,24504.7,24363.6,24377.8
1678879500000,24382.7,24471.6,24356.4,24361.2
1678879800000,24361.4,24436.2,24335.7,24415.2
1678880100000,24412.7,24552.4,24400.7,24545
1678880400000,24542,24662.2,24536,24655.2
1678880700000,24654,24686.7,24551.2,24575.7
1678881000000,24575.2,24754.3,24554.9,24733.7
1678881300000,24733.7,24875.1,24715.7,24805.2
1678881600000,24805,24885.7,24757.2,24825.5
1678881900000,24825.7,24825.7,24716.2,24764.3
1678882200000,24764.2,24822.5,24685.4,24703.3
1678882500000,24711.2,24722.2,24625.3,24635.5
1678882800000,24635.5,24653.7,24579.7,24642.5
1678883100000,24645.2,24722.7,24597.2,24714.2
1678883400000,24714.3,25233.2,24706.7,25043.2
1678883700000,25035.2,25080.2,24826.2,24892.2
1678884000000,24891.8,24972.1,24675.5,24694.9
1678884300000,24694.9,24741.5,24484.6,24684.1
1678884600000,24673.2,24903.3,24656,24832.7
1678884900000,24832.4,24913.1,24794.2,24891.5
1678885200000,24891.4,24935.2,24835.3,24901.7
1678885500000,24902,24920.6,24788.7,24913.2
1678885800000,24912.1,25115.4,24897.2,25110.1
1678886100000,25108.2,25166.6,25008.2,25138.7
1678886400000,25138.7,25204.1,25067.9,25083.8
1678886700000,25079.2,25104.3,25028.9,25035.7
1678887000000,25035.7,25083.2,24954.5,25064.2
1678887300000,25062.5,25081.7,24921.8,24944.9
1678887600000,24944.6,25050,24900.1,24982.4
1678887900000,24982.5,25023.2,24927.2,24996.7
1678888200000,24996.7,24996.7,24873.7,24957.2
1678888500000,24957.2,24957.2,24811.3,24833.3
1678888800000,24833.3,24895.2,24782.4,24885.1
1678889100000,24885.1,24985.2,24794.8,24927.3
1678889400000,24927.3,24975.2,24834.8,24844.7
1678889700000,24844.5,24961.2,24821.4,24870.4
1678890000000,24871.4,24924.6,24829.7,24833.7
1678890300000,24833.2,24853,24729.5,24764.4
1678890600000,24764.2,24804.8,24650.2,24686.1
1678890900000,24692,24774.5,24655,24682.1
1678891200000,24682.1,24691.7,24478.1,24534.7
1678891500000,24534.7,24612.2,24472.2,24600.2
1678891800000,24599.7,24736.4,24569.8,24703
1678892100000,24703.4,24781.1,24666.2,24744.7
1678892400000,24745.4,24784.2,24659.7,24715.4
1678892700000,24715.4,24726.2,24635.6,24674.2
1678893000000,24676.2,24787.3,24671.7,24762.8
1678893300000,24762.8,24835.7,24761.4,24831.7
1678893600000,24833.7,24835.2,24640.2,24652.7
1678893900000,24653.7,24696,24589.8,24647.2
1678894200000,24647.2,24721.8,24562.5,24572.2
1678894500000,24571.5,24571.5,24475.8,24485.7
1678894800000,24484.9,24602.3,24473.6,24535.5
1678895100000,24536.2,24668.9,24535.7,24645.2
1678895400000,24645.2,24668.9,24485.7,24485.7
1678895700000,24491.2,24517.7,24404.7,24485.4
1678896000000,24484.9,24527,24385,24387.4
1678896300000,24387.4,24447.2,24348.5,24402.1
1678896600000,24392.6,24392.6,24143.9,24233.9
1678896900000,24229.7,24339.6,24207.2,24260.7
1678897200000,24261,24369.8,24245.2,24305.7
1678897500000,24305.7,24330.9,24241.6,24310
1678897800000,24311.3,24425.4,24295.3,24408.2
1678898100000,24408.2,24435.1,24254.3,24259.6
1678898400000,24259.6,24283.3,24090.1,24159.6
1678898700000,24159.1,24246.4,24125.3,24240.8
1678899000000,24240.8,24284.3,24175.6,24198.2
1678899300000,24198.2,24198.2,24072.8,24115.9
1678899600000,24115.9,24179.3,23890.7,23954.9
1678899900000,23954.9,24172.3,23947.1,24120.4
1678900200000,24120.4,24299,24118,24292.2
1678900500000,24292.2,24330.2,24230.5,24294.9
1678900800000,24295.4,24316,24228.8,24276.5
1678901100000,24277,24357.8,24263.9,24346.2
1678901400000,24346.8,24352.5,24240.4,24312.7
1678901700000,24314.2,24363.1,24274.7,24283.5
1678902000000,24280.5,24295.9,24183.7,24184.7
1678902300000,24183.7,24216.8,24139,24192.7
1678902600000,24188.7,24284.5,24177.6,24284.2
1678902900000,24284.5,24335.8,24255.6,24287.8
1678903200000,24285.7,24299.7,24207.1,24259
1678903500000,24259,24274.5,24174.5,24188.2
1678903800000,24187.9,24202.8,24156.6,24172
1678904100000,24172.3,24245.4,24155.2,24222.1
1678904400000,24221.5,24312,24187.8,24301.3
1678904700000,24301.2,24461.6,24295.3,24419.9
1678905000000,24419.9,24506.4,24372.7,24429.3
1678905300000,24429.3,24436.2,24353,24375.4
1678905600000,24375.7,24466.2,24372.7,24451.7
1678905900000,24451.9,24470.9,24393.4,24401.7
1678906200000,24402.4,24413.9,24290.8,24402.7
1678906500000,24402.7,24445.5,24369.7,24427.4
1678906800000,24427.4,24461.7,24332.1,24353.3
1678907100000,24353.7,24414.7,24310.8,24323.7
1678907400000,24323.2,24376,24296.2,24342.2
1678907700000,24342.2,24380.3,24304.8,24339.6
1678908000000,24339.1,24427.8,24315.8,24410.7
1678908300000,24410.6,24493.7,24404.5,24470.7
1678908600000,24470.7,24485.4,24423.8,24434.8
1678908900000,24434.9,24441.3,24332.1,24352.5
1678909200000,24351.1,24356,24243,24270
1678909500000,24270.2,24297.3,24225.4,24261.5
1678909800000,24261.5,24261.5,24185.3,24216.2
1678910100000,24221.1,24392.5,24216.2,24384.9
1678910400000,24385.7,24391.2,24287.9,24310.2
1678910700000,24310.2,24333.1,24264.4,24275.7
1678911000000,24275.9,24324.5,24260.9,24279.7
1678911300000,24279.7,24340.1,24265.2,24317.6
1678911600000,24317.6,24361.8,24312.7,24332.7
1678911900000,24332.5,24364.6,24297.7,24362.7
1678912200000,24363.7,24382.6,24306.2,24361.7
1678912500000,24361.7,24451.8,24360.7,24442.6
1678912800000,24442.6,24466,24410.7,24442.1
1678913100000,24442.2,24449.5,24402.7,24413.2
1678913400000,24413.7,24417.4,24382.3,24393.4
1678913700000,24393.4,24393.4,24337.6,24337.6
1678914000000,24336.9,24385.7,24326,24353.4
1678914300000,24354.7,24430.1,24341.5,24404.2
1678914600000,24405.2,24415.1,24381.2,24402.1
1678914900000,24402.2,24458.6,24400.2,24442
1678915200000,24441.5,24453.6,24398.7,24430.4
1678915500000,24431.8,24438.7,24366.7,24372.4
1678915800000,24374.2,24450,24373,24447.2
1678916100000,24451.1,24470.7,24429.2,24465.7
1678916400000,24465.8,24517.2,24442.8,24507.8
1678916700000,24504.5,24520.3,24463,24472.8
1678917000000,24475.6,24504.1,24458.3,24471.2
1678917300000,24484.5,24506.1,24470.2,24492.7
1678917600000,24496.8,24629.3,24483.2,24622.4
1678917900000,24621.8,24640.9,24572.2,24619.9
1678918200000,24620.1,24707.6,24617,24662.2
1678918500000,24662.2,24666.2,24604.7,24617.5
1678918800000,24617.5,24637,24586.2,24609.2
1678919100000,24609.2,24609.2,24524.7,24535.2
1678919400000,24532.4,24558.6,24495.5,24496
1678919700000,24496,24496,24348.8,24419.3
1678920000000,24419.4,24488.8,24381.8,24474.2
1678920300000,24471.1,24484.4,24419.8,24467.3
1678920600000,24467.3,24500.6,24445.6,24472.7
1678920900000,24468.1,24481.2,24419.8,24424.2
1678921200000,24424,24495.5,24404.8,24479
1678921500000,24478.9,24488.4,24417.8,24454.5
1678921800000,24454.8,24462.3,24352.8,24397.1
1678922100000,24393.5,24417,24363.8,24403.6
1678922400000,24399.2,24447,24395.5,24438
1678922700000,24437.7,24447.7,24379.8,24411.1
1678923000000,24411.1,24470.5,24385.3,24459.5
1678923300000,24460.3,24464.6,24368.8,24377
1678923600000,24376.9,24376.9,24311.8,24348.4
1678923900000,24348.8,24366.8,24296.8,24364.5
1678924200000,24364.7,24373.5,24307,24319.7
1678924500000,24319.7,24342.5,24282.8,24337.3
1678924800000,24336.7,24384,24295.2,24377.9
1678925100000,24377.6,24380,24317.7,24324.4
1678925400000,24324.7,24331.8,24241.8,24331.8
1678925700000,24332,24388.9,24332,24381.1
1678926000000,24382.9,24434.5,24381.5,24417.2
1678926300000,24417.7,24425.8,24353.8,24390.8
1678926600000,24392,24400.2,24261,24272.2
1678926900000,24272.3,24313.2,24235.2,24294.7
1678927200000,24289.7,24316.6,24216.3,24237.8
1678927500000,24242.9,24318.9,24203.8,24285
1678927800000,24284.9,24325.2,24271.8,24293.1
1678928100000,24287.4,24296.7,24219.8,24247.6
1678928400000,24244,24323.3,24243.4,24292.9
1678928700000,24293.6,24316.6,24270.6,24271.3
1678929000000,24271.9,24324,24263.2,24285.6
1678929300000,24285.3,24288.3,24170.9,24188.9
1678929600000,24188.5,24314.6,24186.7,24274.3
1678929900000,24274.4,24311.5,24264.5,24301.8
1678930200000,24301.8,24366.1,24290.3,24358.6
1678930500000,24358.4,24362.1,24318.8,24345.9
1678930800000,24345.9,24349.4,24304.8,24318.5
1678931100000,24318.5,24349.5,24274.8,24344.2
1678931400000,24336.1,24383.7,24324.8,24376
1678931700000,24376.5,24387.7,24356.8,24373.8
1678932000000,24368.1,24397.5,24353.6,24367.2
1678932300000,24367.4,24449.4,24354.3,24445.6
1678932600000,24439.9,24445,24391.6,24433.4
1678932900000,24433.3,24446.1,24410.8,24436
1678933200000,24436.2,24466.8,24409,24452.2
1678933500000,24452.2,24482.9,24443.3,24460.7
1678933800000,24460.2,24461.1,24416.7,24423.7
1678934100000,24423.3,24451.8,24418.8,24439.3
1678934400000,24451.4,24452.2,24422.4,24435.3
1678934700000,24434.8,24442.9,24423.9,24435.2
1678935000000,24435.4,24446,24419.8,24444.5
1678935300000,24444.4,24448.9,24405.7,24407.5
1678935600000,24407.5,24424.5,24372.7,24377.7
1678935900000,24377.6,24384.6,24338.8,24373.7
1678936200000,24373.6,24375.2,24289.8,24294.6
1678936500000,24294.6,24332.6,24287.3,24328.3
1678936800000,24328.3,24355.3,24321.8,24343.5
1678937100000,24345,24350,24307.8,24346.1
1678937400000,24346,24354.2,24333.6,24335
1678937700000,24335,24341.5,24298.1,24316.3
1678938000000,24316.7,24325,24295.5,24306.2
1678938300000,24306.1,24313.5,24279.5,24295.6
1678938600000,24295.8,24310.1,24285.8,24293.8
1678938900000,24293.7,24316.7,24280.9,24309.5
1678939200000,24309.3,24325.4,24279.3,24284.2
1678939500000,24284.1,24350.8,24282.5,24344
1678939800000,24350.7,24355.7,24313.9,24333.9
1678940100000,24333.9,24337,24307.4,24318.1
1678940400000,24317.7,24321.4,24300.2,24319.4
1678940700000,24316.8,24355.1,24316.8,24334.1
1678941000000,24334,24338.4,24284.5,24294.9
1678941300000,24295.3,24297.1,24261.6,24282.9
1678941600000,24281.8,24283.3,24239.2,24257.8
1678941900000,24248.9,24288.8,24246.8,24277.2
1678942200000,24276.7,24289.4,24249.9,24261.2
1678942500000,24261.5,24307,24259.7,24306.6
1678942800000,24306.5,24319.7,24300.5,24306.5
1678943100000,24306.3,24310.6,24274.5,24295.9
1678943400000,24296.2,24317.8,24282,24313.8
1678943700000,24312.7,24328.1,24292.8,24318.4
1678944000000,24316.8,24420.3,24314.3,24404.7
1678944300000,24405.5,24466.6,24388.1,24419.4
1678944600000,24419.2,24494,24409.8,24440.8
1678944900000,24440.9,24453.4,24412.4,24442.8
1678945200000,24442.8,24455.6,24407.7,24417.7
1678945500000,24417.4,24447.7,24409.6,24421.7
1678945800000,24421.7,24436.6,24407.3,24431.2
1678946100000,24431.1,24437.1,24383.6,24389
1678946400000,24389.5,24500.1,24385.7,24498
1678946700000,24497.3,24525.4,24456.6,24510.9
1678947000000,24510.7,24551.7,24479.5,24507.1
1678947300000,24507.1,24544,24469.8,24476.9
1678947600000,24476.9,24526.8,24474.5,24481.7
1678947900000,24481.8,24522.3,24478.9,24482.4
1678948200000,24482.1,24504.8,24479,24492.7
1678948500000,24492.6,24544.7,24489.4,24491.4
1678948800000,24491.4,24502.2,24470,24480.1
1678949100000,24479.5,24507.5,24457.5,24498.7
1678949400000,24499.1,24520.5,24481.6,24503.1
1678949700000,24503.9,24632.5,24496.9,24608.8
1678950000000,24609.3,24632.1,24568,24601.3
1678950300000,24600.7,24658.6,24577.3,24647.9
1678950600000,24647.9,24672.6,24626.3,24631.8
1678950900000,24631.6,24638.2,24576.7,24589.7
1678951200000,24591.2,24645.7,24591,24633.2
1678951500000,24633.1,24674.3,24627.4,24667.1
1678951800000,24667.1,24677.9,24614.5,24621.3
1678952100000,24621.2,24668.7,24601.5,24663.2
1678952400000,24663.4,24703.3,24605.7,24633.4
1678952700000,24633.4,24651.5,24598.9,24631.9
1678953000000,24632.1,24639.4,24610.7,24614.6
1678953300000,24615.4,24661.3,24610.3,24660.8
1678953600000,24660.8,24676.9,24630.2,24637.2
1678953900000,24637.2,24681.1,24623.7,24675.6
1678954200000,24676.4,24693.3,24668.4,24686.7
1678954500000,24686.5,24689.5,24648.3,24675.7
1678954800000,24675.3,24682.9,24616.2,24622.5
1678955100000,24620.3,24658.5,24620.3,24635
1678955400000,24635.1,24660.1,24597.2,24601.3
1678955700000,24603.8,24644.9,24603.2,24642.6
1678956000000,24641.9,24656.2,24617.6,24640.6
1678956300000,24650.2,24652.8,24622.7,24644.5
1678956600000,24644.7,24650.1,24622.2,24636.7
1678956900000,24639.2,24639.9,24604.8,24618.1
1678957200000,24617.9,24627.8,24597.5,24611.8
1678957500000,24611.7,24619.5,24481.2,24495.6
1678957800000,24495.3,24530.1,24452.9,24461.9
1678958100000,24464.7,24497.6,24423.7,24429.9
1678958400000,24429.9,24460.4,24416.5,24458.7
1678958700000,24460.3,24520.1,24458.7,24511.3
1678959000000,24512.1,24517.2,24472.4,24496.9
1678959300000,24495.8,24582.8,24493.2,24543.2
1678959600000,24543.3,24866.1,24539.1,24812.1
1678959900000,24811.8,24819.2,24657.1,24738.7
1678960200000,24738.8,24745.1,24690.5,24736.5
1678960500000,24736.5,24746.4,24688.8,24690.6
1678960800000,24696.7,24813.9,24609.5,24811.8
1678961100000,24813.1,24814.2,24747.9,24782.9
1678961400000,24782.9,24803.2,24754.7,24782.4
1678961700000,24782.3,24823.5,24748.4,24820.5
1678962000000,24820.6,24859.3,24785.7,24821.9
1678962300000,24821.7,24828.7,24789.8,24820.7
1678962600000,24820.9,24967,24820.7,24945.5
1678962900000,24945.5,24976.2,24908.9,24935.6
1678963200000,24939.1,24972.2,24912.3,24941.4
1678963500000,24941.4,25093.6,24925.9,25054
1678963800000,25054,25054,24959.7,24979.6
1678964100000,24979.7,24981.2,24893.6,24974
1678964400000,24973.3,24973.5,24906.3,24918.7
1678964700000,24918.7,24953.2,24911.6,24942.7
1678965000000,24944.1,24955.1,24859.9,24876
1678965300000,24875.8,24936,24864.5,24927.4
1678965600000,24927.7,24953.6,24907.3,24914.5
1678965900000,24914.1,24929.9,24884.9,24891.6
1678966200000,24886.4,24940.4,24862.2,24936.5
1678966500000,24935.9,24938.3,24793,24835.1
1678966800000,24835.9,24878.7,24770,24790.6
1678967100000,24791.6,24867.9,24791.6,24854.8
1678967400000,24855.3,24917.4,24841.3,24884.9
1678967700000,24885.2,24889.2,24862.2,24870.1
1678968000000,24871.1,24877.3,24793,24813.7
1678968300000,24813.3,24829.8,24745.8,24762.2
1678968600000,24762.3,24792.6,24745.6,24760.7
1678968900000,24760.7,24816.2,24739.9,24813.3
1678969200000,24813.3,24827.5,24785.6,24815.5
1678969500000,24815.5,24950.6,24802.7,24941.4
1678969800000,24941.4,24941.4,24823.4,24886.6
1678970100000,24886.6,24886.6,24800.5,24861.1
1678970400000,24861.1,24864.1,24770.4,24780.3
1678970700000,24780.3,24780.3,24714,24742.7
1678971000000,24741.1,24817.4,24737,24782.4
1678971300000,24777.3,24778.6,24704.4,24758.5
1678971600000,24758.5,24775.4,24725.7,24732.6
1678971900000,24735.2,24834.6,24732.9,24834.6
1678972200000,24834.6,24861.4,24770.2,24808
1678972500000,24808,24808,24597.3,24615.2
1678972800000,24615,24665.4,24559.7,24661.2
1678973100000,24660.7,24709.9,24617.7,24694
1678973400000,24693.7,24730.7,24654.4,24727
1678973700000,24723.4,24798.8,24703.3,24790.5
1678974000000,24789.4,24821,24774.6,24790.6
1678974300000,24790.6,24801.7,24707.7,24725.4
1678974600000,24724.7,24850.2,24719.1,24793.6
1678974900000,24793.6,24868.5,24786.6,24861.7
1678975200000,24862.5,24876.2,24811,24818
1678975500000,24818,24818.6,24744.1,24758.4
1678975800000,24758,24798.8,24737.4,24786.9
1678976100000,24787,24801.4,24713.5,24737.4
1678976400000,24737.6,24839.1,24722.8,24826.2
1678976700000,24826.3,24858.3,24808.5,24846
1678977000000,24846.8,24915.4,24815,24856.8
1678977300000,24856.8,24866.8,24833,24848
1678977600000,24849.4,24915,24842.4,24894.2
1678977900000,24894.2,25039.7,24875.5,25001.1
1678978200000,25001.5,25021.1,24936,24962.2
1678978500000,24962.2,24973.3,24869.4,24869.9
1678978800000,24869.7,24902.4,24779.3,24806.6
1678979100000,24806.6,24876.1,24793.3,24837.2
1678979400000,24837.1,24857.9,24785,24841
1678979700000,24840.9,24872.7,24817.3,24819.5
1678980000000,24819.6,24839.9,24785.9,24824.6
1678980300000,24824.7,24908.6,24821.1,24859.2
1678980600000,24859.3,24865.9,24811.1,24831.3
1678980900000,24831.4,24894.5,24822.8,24861.8
1678981200000,24861.8,24923.4,24861.8,24905.3
1678981500000,24904.6,24936,24849.6,24933.3
1678981800000,24933.3,24936.6,24866.3,24917.2
1678982100000,24917.3,24950.7,24876.5,24900.2
1678982400000,24901.2,24928.4,24842.4,24859.9
1678982700000,24867.8,24894.6,24820.1,24830.5
1678983000000,24830,24840.8,24781.2,24821.9
1678983300000,24821.9,24827.6,24799,24823.5
1678983600000,24823.6,24826.1,24757.2,24792
1678983900000,24792.4,24840.1,24780.7,24795
1678984200000,24794.6,24803.1,24718.5,24748
1678984500000,24748.4,24766.1,24697.1,24745.9
1678984800000,24746.1,24764,24726.9,24755.5
1678985100000,24759.7,24761.3,24718.2,24760.9
1678985400000,24761.2,24855.9,24760.8,24782.6
1678985700000,24782.3,24804.1,24757.8,24778.8
1678986000000,24778.8,24793.4,24746,24791.8
1678986300000,24791.6,24805.8,24743.9,24745.5
1678986600000,24745.6,24750.3,24692.5,24714.5
1678986900000,24714.2,24720.3,24622.8,24689.6
1678987200000,24687.6,24745.2,24676.6,24730.2
1678987500000,24730.3,24743.7,24698.3,24706
1678987800000,24705.7,24731.4,24692.7,24727.1
1678988100000,24727.4,24748.3,24704.7,24708.8
1678988400000,24708.9,24731,24677.8,24728.6
1678988700000,24728.6,24729,24688,24691.1
1678989000000,24690.1,24717.8,24648.5,24716.3
1678989300000,24716.3,24734,24682.7,24690.4
1678989600000,24690.4,24703.6,24633.5,24677.7
1678989900000,24676.7,24707.3,24658.1,24703.6
1678990200000,24703.1,24712.1,24671.6,24688.7
1678990500000,24688.7,24706.2,24655.5,24700.7
1678990800000,24700.7,24733.3,24695.4,24724.2
1678991100000,24724.2,24738.5,24698.8,24735.5
1678991400000,24735.2,24740.1,24700.9,24708.1
1678991700000,24708,24737.4,24701.3,24736.4
1678992000000,24735.9,24741.6,24702.1,24715.8
1678992300000,24715.6,24716.8,24673.9,24679.1
1678992600000,24678.8,24711.3,24674.8,24709.7
1678992900000,24709.9,24840.9,24708.9,24808
1678993200000,24807.6,24855.5,24801.2,24847.6
1678993500000,24847.8,24901.4,24833.5,24849.7
1678993800000,24850.2,24900.4,24848,24895
1678994100000,24895.7,24998.6,24886,24983.8
1678994400000,24983.7,25168,24981,25162.2
1678994700000,25162.1,25170.4,24983.7,25011.4
1678995000000,25011.5,25057.7,24907.9,24947.1
1678995300000,24946.3,24966.4,24907.7,24918.8
1678995600000,24919.1,25027.7,24908.9,25022.4
1678995900000,25022.4,25022.4,24922.7,24963.4
1678996200000,24963.8,25001,24930.5,24943.5
1678996500000,24943.7,24997.5,24910.6,24987.1
1678996800000,24986.7,24987.9,24906.7,24930.8
1678997100000,24930.7,24940.9,24909.9,24928.6
1678997400000,24928.3,24935.7,24909,24915.6
1678997700000,24916.3,24930.3,24900.8,24907
1678998000000,24907,24930.3,24891.8,24905.7
1678998300000,24906.6,24971,24904.5,24938.5
1678998600000,24940.4,24955.7,24904.4,24929.3
1678998900000,24933.6,24939.9,24918.3,24935.1
1678999200000,24936,24952.7,24913.5,24925.7
1678999500000,24925.8,24931.5,24789.1,24846.4
1678999800000,24846.4,24878.1,24711.3,24720.6
1679000100000,24721.1,24761.7,24647.7,24702.2
1679000400000,24704.1,24768,24670.3,24758.6
1679000700000,24759.6,24810,24745.8,24767.1
1679001000000,24766.4,24795.4,24758.8,24786.2
1679001300000,24786.2,24827.5,24771.3,24815.7
1679001600000,24816.6,24842.7,24782.6,24837.8
1679001900000,24837.4,24871.1,24832.6,24861
1679002200000,24860.5,24867.5,24804.3,24835.2
1679002500000,24833.7,24833.9,24804.3,24815.3
1679002800000,24815.3,25066.1,24815.3,25065.7
1679003100000,25066,25093.7,24907.1,24907.3
1679003400000,24907.3,24969.2,24882.7,24948.3
1679003700000,24949.7,24966.4,24912.3,24932.1
1679004000000,24927.3,24944,24875.6,24918.2
1679004300000,24918.1,24931.7,24835.2,24859
1679004600000,24859,24930.3,24841.5,24915.8
1679004900000,24915.7,24995.8,24915.1,24992.7
1679005200000,24992.8,24992.8,24929.4,24947.2
1679005500000,24946.5,24949.8,24902.5,24921.5
1679005800000,24920.9,24939.4,24887.5,24927.5
1679006100000,24927.5,24941.3,24920.5,24922
1679006400000,24922.5,24946.5,24921.7,24930.9
1679006700000,24930.9,24968,24925.4,24962.5
1679007000000,24962.3,24989.2,24958.9,24962.2
1679007300000,24962.3,25012.9,24951.9,25004.6
1679007600000,25004.5,25034.1,24947.7,24952
1679007900000,24952.1,25015,24949.1,25010.9
1679008200000,25011.2,25023.7,24986.5,24997.1
1679008500000,24997.1,25010.1,24970.3,24992.3
1679008800000,24992.4,24993.2,24950.4,24957.4
1679009100000,24957.2,24976.8,24947.3,24965
1679009400000,24965,25030.2,24964.7,25028.6
1679009700000,25028.6,25044.6,24996.8,25020.1
1679010000000,25020.1,25086.9,24998.9,25055.9
1679010300000,25057.1,25058.1,24986.9,25008.8
1679010600000,25008.9,25036.7,24992.1,25025.1
1679010900000,25025.1,25025.1,24999.7,25013.2
1679011200000,25012.3,25013.4,24979.5,25005.8
1679011500000,25005.3,25014.2,24979.9,24990.2
1679011800000,24989.2,24993.5,24966.9,24983.3
1679012100000,24983.4,25001.1,24953.4,24999.9
1679012400000,25000.2,25006.3,24977.3,25006.2
1679012700000,25006,25011.3,24957.8,24959.8
1679013000000,24959.9,24960.6,24918.2,24933.2
1679013300000,24933.6,24941.8,24909.9,24911.4
1679013600000,24911.5,24953.3,24910.4,24933.4
1679013900000,24933.5,24950.3,24913.8,24937.3
1679014200000,24937.1,24951.6,24920.5,24924.7
1679014500000,24925.2,24955.5,24924.5,24935.3
1679014800000,24935.4,24967.3,24928.7,24967.3
1679015100000,24966.3,24968.3,24941.5,24957
1679015400000,24956.9,25002.5,24953,24999
1679015700000,24999,25076.4,24998,25073.5
1679016000000,25072,25111.9,25054.8,25070.8
1679016300000,25070.7,25446.4,25068.6,25384.4
1679016600000,25381.9,25389.1,25243.2,25290.2
1679016900000,25290.2,25379.7,25257,25362.4
1679017200000,25362.8,25492.3,25335.1,25416.2
1679017500000,25415.2,25453.9,25372.4,25420.4
1679017800000,25420.5,25693.5,25418.8,25608
1679018100000,25609.3,25738.9,25578,25689.1
1679018400000,25688,25728.8,25595.9,25673.7
1679018700000,25673.7,25875.2,25664.6,25819
1679019000000,25818.8,25915.9,25808.8,25832.1
1679019300000,25831.8,25893.1,25750.2,25786.7
1679019600000,25785.9,25916,25777.6,25885.3
1679019900000,25885.5,25915.2,25820.1,25852
1679020200000,25856.4,25871.8,25693.2,25757
1679020500000,25758.4,25794.6,25682.7,25704.9
1679020800000,25704.8,25732.6,25558.3,25570.3
1679021100000,25569.9,25612.3,25514.1,25607.2
1679021400000,25607.6,25647.1,25578.6,25622.7
1679021700000,25622.8,25659.6,25608,25613.3
1679022000000,25612,25664.5,25596.9,25621.8
1679022300000,25619.7,25802.1,25612.5,25767
1679022600000,25767.2,25772.6,25714.3,25728.4
1679022900000,25728.8,25770.5,25684.7,25709.6
1679023200000,25709.7,25761.9,25699.3,25748.3
1679023500000,25748.3,25760.4,25708.1,25760
1679023800000,25758.8,25763.6,25712.5,25745.1
1679024100000,25744.6,25746.7,25715.6,25735.7
1679024400000,25736.1,25736.4,25657.3,25692.3
1679024700000,25692.9,25719.6,25660.6,25687.9
1679025000000,25688,25774.6,25681.8,25770
1679025300000,25770,25809.9,25757.1,25806.6
1679025600000,25801.5,25811.2,25760.1,25777.5
1679025900000,25776.9,25810.4,25753.6,25797.8
1679026200000,25797.5,25857.5,25782.9,25786.2
1679026500000,25786,25796.4,25731.2,25786.6
1679026800000,25787.1,25846.8,25786,25844.2
1679027100000,25844.4,25887.3,25786.1,25816.8
1679027400000,25816.9,25817.9,25760.7,25760.8
1679027700000,25760.7,25780.4,25731.8,25742
1679028000000,25744.1,25804.6,25744.1,25784.5
1679028300000,25784.1,25789.6,25754.4,25757.3
1679028600000,25757.4,25780.3,25743.8,25753.7
1679028900000,25753,25771.2,25749.7,25752.4
1679029200000,25752.3,25772.1,25686.3,25696
1679029500000,25697.3,25752.7,25691.1,25710.1
1679029800000,25710.3,25789.5,25710,25783.6
1679030100000,25783.8,25790.2,25757.1,25758.3
1679030400000,25758,25769.1,25734.6,25742.3
1679030700000,25742.3,25766,25740,25750.8
1679031000000,25750.8,25771.2,25697.4,25710.4
1679031300000,25711.8,25777.9,25700.2,25769.9
1679031600000,25769.9,25776.2,25722.2,25725.4
1679031900000,25726,25752.8,25701.7,25721.5
1679032200000,25721.2,25756.9,25717.4,25747.8
1679032500000,25746.7,25792.4,25744.9,25788.9
1679032800000,25789.3,25830.8,25788.9,25820.3
1679033100000,25820.5,25826.1,25793.2,25810.5
1679033400000,25810.6,25877.5,25810.5,25839.8
1679033700000,25839.7,25861.3,25810.9,25816
1679034000000,25816.2,25993.6,25809,25923.5
1679034300000,25925,25926.8,25849.3,25890.1
1679034600000,25890.4,26115.9,25889.1,26032.9
1679034900000,26032.4,26074.3,25973.1,26032.1
1679035200000,26031.9,26174.1,26014.3,26169.6
1679035500000,26169.6,26170.4,26014.6,26075.4
1679035800000,26076.7,26134.6,26064.9,26134.6
1679036100000,26132.7,26225.3,26095.2,26172.9
1679036400000,26171.5,26192.1,26016.8,26022.6
1679036700000,26021,26078.4,25980.4,25980.4
1679037000000,25980.3,26068.7,25976.4,26034.1
1679037300000,26034,26050.6,25918.8,25938.1
1679037600000,25939.8,25969.5,25894.2,25917.2
1679037900000,25917.5,25997.4,25910.7,25973.8
1679038200000,25973.9,26093.1,25971.7,26038.6
1679038500000,26038.5,26078.5,26021.2,26067.8
1679038800000,26068.1,26115.2,26031.8,26101.3
1679039100000,26101.1,26108.1,26012.7,26052
1679039400000,26052,26103,26052,26057.4
1679039700000,26057.7,26113.4,26036.7,26109.4
1679040000000,26109.9,26115.5,26053.8,26096.7
1679040300000,26096.8,26184.3,26093.7,26156.8
1679040600000,26157.3,26233.7,26133.6,26162.6
1679040900000,26162.6,26162.6,26064.5,26088.1
1679041200000,26088.1,26157.1,26085.2,26124.5
1679041500000,26121.5,26170.6,26063.2,26070.8
1679041800000,26069.3,26080.8,25965,25998.2
1679042100000,25998.7,26040.4,25993.9,26024.6
1679042400000,26024.2,26058.8,26023.3,26050.2
1679042700000,26048.4,26054.9,26006.6,26015.1
1679043000000,26015.1,26037.5,26008.6,26020.3
1679043300000,26020.2,26030.9,26011.4,26023.8
1679043600000,26023.8,26087.2,26023.7,26082.7
1679043900000,26092.2,26092.7,26063.7,26065.6
1679044200000,26065.6,26074.2,26060.6,26064.3
1679044500000,26065.6,26068.6,26021.4,26046.3
1679044800000,26046.3,26054,26008.4,26024.7
1679045100000,26047.2,26110.5,26005.4,26110.5
1679045400000,26111,26195.6,26100.2,26125
1679045700000,26125,26174.8,26096.3,26155.2
1679046000000,26155.2,26155.2,26122.1,26138.5
1679046300000,26138.8,26141.2,26117.2,26133.4
1679046600000,26133.4,26307.6,26129.5,26269.1
1679046900000,26279.6,26353.9,26235.8,26274.3
1679047200000,26274.3,26417.7,26265,26404.2
1679047500000,26395.4,26507.6,26341.6,26495.5
1679047800000,26497.2,26505.8,26340.8,26351.1
1679048100000,26359.7,26455.6,26340.8,26357.8
1679048400000,26372.2,26601.7,26361.6,26532.9
1679048700000,26532.6,26607.2,26443.7,26537.7
1679049000000,26537.7,26577.4,26459.1,26467.9
1679049300000,26472.9,26692.6,26439.3,26625.1
1679049600000,26648.1,26743.9,26621.7,26673.4
1679049900000,26698.9,26798.5,26621.7,26705.9
1679050200000,26706.7,26779.9,26692.4,26737
1679050500000,26734,26783.8,26660.8,26735.3
1679050800000,26735.7,26754.8,26593.4,26642.4
1679051100000,26643.3,26802.9,26598.9,26771
1679051400000,26771,26771,26668.7,26696.9
1679051700000,26697.1,26706.6,26596.6,26627.3
1679052000000,26628.5,26686.7,26604.6,26668.5
1679052300000,26668.5,26724.9,26655.6,26687.5
1679052600000,26686.5,26704.9,26603.3,26680.6
1679052900000,26681.4,26693.1,26655.1,26689.6
1679053200000,26689.9,26908.6,26679.1,26866.6
1679053500000,26866.4,26902,26789.1,26863.7
1679053800000,26863.6,26946.9,26786.5,26878.7
1679054100000,26897.3,26981.1,26815.1,26907.6
1679054400000,26945.8,26957.6,26808.9,26847.3
1679054700000,26835,26864.1,26691.2,26738
1679055000000,26737.1,26786.2,26688.9,26715.8
1679055300000,26710.3,26737.7,26635.2,26720.9
1679055600000,26719.7,26747.9,26668.2,26677.5
1679055900000,26677.5,26706.3,26602.2,26628.9
1679056200000,26629,26711.2,26622.4,26630
1679056500000,26627.5,26627.5,26394.6,26469.7
1679056800000,26469.9,26594.1,26467.1,26562.2
1679057100000,26562.5,26683.5,26561.6,26630.9
1679057400000,26632,26727.6,26610.5,26685.5
1679057700000,26685.8,26729.6,26630.8,26661.6
1679058000000,26661.5,26780.1,26656.8,26738.2
1679058300000,26738,26752.2,26673.7,26715.9
1679058600000,26716.2,26739.1,26620.8,26644
1679058900000,26644.3,26674.7,26541.6,26561.6
1679059200000,26561.2,26628.2,26536.4,26577.4
1679059500000,26576.8,26632.3,26563.1,26609.9
1679059800000,26609.9,26629.7,26538.8,26560.9
1679060100000,26560.9,26591.2,26454.2,26591.2
1679060400000,26591.6,26633.7,26476.7,26543.6
1679060700000,26543.5,26548.5,26394.8,26427.5
1679061000000,26427.5,26513.4,26385.8,26388.9
1679061300000,26388.9,26464.6,26388.2,26459
1679061600000,26459.1,26598.4,26459.1,26560.1
1679061900000,26561,26629.4,26540.6,26552
1679062200000,26553.2,26618.7,26466.8,26602.1
1679062500000,26602.1,26631.4,26522.8,26560.7
1679062800000,26560.9,26607.4,26523.5,26538.7
1679063100000,26535.2,26559.9,26403.8,26414.5
1679063400000,26414.5,26530.5,26388.8,26441
1679063700000,26440.6,26452,26251.7,26251.9
1679064000000,26253,26306.3,26139.7,26141.6
1679064300000,26142.7,26286.7,26135.3,26281.2
1679064600000,26282.2,26282.2,26168.2,26245.1
1679064900000,26245.1,26319.4,26196.8,26295.3
1679065200000,26287.8,26327,26260.3,26283.4
1679065500000,26283.2,26364.5,26241.7,26330.2
1679065800000,26329.8,26393.3,26310.3,26385.2
1679066100000,26385.9,26509.8,26364.2,26485.5
1679066400000,26482.9,26496.6,26340.5,26350.8
1679066700000,26350.8,26377.7,26288.3,26316.7
1679067000000,26314.2,26434.6,26310.8,26395.4
1679067300000,26395.1,26420.9,26331.7,26345.1
1679067600000,26345.1,26396.8,26279,26303.2
1679067900000,26303.2,26355.1,26298.4,26345.1
1679068200000,26345.4,26424.3,26337.1,26382.8
1679068500000,26382.9,26420.3,26368.9,26412.7
1679068800000,26412.7,26440,26387.3,26435.3
1679069100000,26435.4,26480.3,26384.3,26473.9
1679069400000,26473.8,26559.7,26427.7,26511.5
1679069700000,26511.5,26532.2,26451.9,26474.8
1679070000000,26475.2,26502.9,26399.9,26410
1679070300000,26410.2,26490,26399.2,26480.5
1679070600000,26480.5,26554.1,26453.3,26462
1679070900000,26461.2,26464.7,26358.4,26381.6
1679071200000,26384.5,26458.9,26365.9,26457.8
1679071500000,26458.6,26458.6,26389.2,26430
1679071800000,26429.9,26484,26376.8,26386.4
1679072100000,26385.8,26430.8,26370.6,26401.3
1679072400000,26401.2,26579.1,26387.3,26565.9
1679072700000,26566.4,26653.6,26519.8,26532.6
1679073000000,26532.6,26649.8,26465,26622.7
1679073300000,26630.2,26656.7,26560.7,26636.2
1679073600000,26635.6,26654.1,26518.5,26559.1
1679073900000,26560.9,26561,26493.1,26547.3
1679074200000,26550.4,26552.9,26488.3,26505.3
1679074500000,26510.4,26517.8,26445.8,26501.7
1679074800000,26507.6,26512.3,26432.1,26458.9
1679075100000,26458.9,26524.4,26450.1,26488.4
1679075400000,26489.1,26500.4,26450.9,26495
1679075700000,26495.4,26504.7,26452.6,26500.5
1679076000000,26499.6,26525.2,26465.3,26491.8
1679076300000,26491.2,26503.9,26337,26346.3
1679076600000,26346.3,26390.4,26283,26359
1679076900000,26359.4,26365.2,26300.5,26320
1679077200000,26320,26372.5,26311.2,26338.4
1679077500000,26338.4,26403.1,26332.7,26365.8
1679077800000,26366.4,26463.3,26363.4,26449.4
1679078100000,26449.4,26468.9,26433.7,26462.1
1679078400000,26462.1,26499.5,26444.1,26464.7
1679078700000,26465.5,26562.9,26462.7,26556.5
1679079000000,26556.5,26584.8,26507.4,26522.8
1679079300000,26522.8,26616.4,26522.8,26613.2
1679079600000,26613.2,26654.5,26572.9,26651.4
1679079900000,26651.9,26800,26641,26708.5
1679080200000,26708.6,26783.9,26648.9,26777.7
1679080500000,26776.7,26783,26705.1,26737.4
1679080800000,26731.7,26867,26725.9,26825.2
1679081100000,26828.4,26867,26783.8,26840.9
1679081400000,26841.5,26867.8,26752.6,26821.1
1679081700000,26822.1,26850.7,26761.8,26786.1
1679082000000,26779.4,26870.7,26769.7,26833.6
1679082300000,26833.7,26838.3,26722.3,26727.6
1679082600000,26726.6,26829.7,26697.8,26814.3
1679082900000,26814.3,26857.6,26692.1,26854.8
1679083200000,26854.6,26859.9,26753.1,26763.5
1679083500000,26763.8,26775.4,26716.1,26738.9
1679083800000,26739,26783.2,26738.2,26760.2
1679084100000,26759.7,26854.2,26729.9,26842.8
1679084400000,26842.2,26883,26772.8,26782.9
1679084700000,26783,26815.3,26760.5,26763.8
1679085000000,26763.8,26816.8,26762.4,26803.6
1679085300000,26802.3,26805,26740.6,26742.1
1679085600000,26742.3,26752.3,26605.9,26676.9
1679085900000,26676.8,26702.9,26637.2,26693.9
1679086200000,26694,26765.6,26694,26749
1679086500000,26749,26789.2,26713,26785.2
1679086800000,26785.2,26793.4,26730.7,26771.5
1679087100000,26772.4,26787.9,26750.8,26779.5
1679087400000,26779.5,26837.8,26773.7,26822.6
1679087700000,26822.6,26847.2,26815.6,26844.7
1679088000000,26844.7,26849.8,26779.7,26798.4
1679088300000,26802,26848.4,26798.8,26835.5
1679088600000,26835.5,26836.9,26806,26819.9
1679088900000,26822.1,26937.9,26822.1,26937.9
1679089200000,26941.9,27228.6,26919.4,27171.1
1679089500000,27171.1,27171.1,26821.6,26902.9
1679089800000,26902.9,27051.2,26885.4,27013.9
1679090100000,27013.9,27157.3,26996.2,27109.8
1679090400000,27109.8,27197.3,26995.2,27019.6
1679090700000,27023.6,27317.7,27017.4,27234.8
1679091000000,27234.9,27252.3,27166.9,27183.2
1679091300000,27188.4,27284.9,27126.8,27244.3
1679091600000,27244.3,27397.3,27194,27301.2
1679091900000,27305.9,27438,27281.4,27396.3
1679092200000,27396.3,27472.8,27336.7,27413
1679092500000,27413,27738.4,27396.8,27708.8
1679092800000,27685.2,27702.7,27502.1,27672.2
1679093100000,27672.2,27769.4,27665.9,27701.5
1679093400000,27701.5,27756.5,27584.1,27696.3
1679093700000,27697.3,27729.9,27468.1,27535.5
1679094000000,27539.1,27622.7,27532.3,27602.5
1679094300000,27602.8,27700.6,27503.6,27613.1
1679094600000,27613.1,27634.3,27531.3,27551.5
1679094900000,27551.5,27634.9,27548.7,27553.1
1679095200000,27552.8,27578.8,27374.2,27374.5
1679095500000,27374.5,27467.7,27332.3,27365.9
1679095800000,27367.6,27482.7,27367.6,27456.8
1679096100000,27457.7,27470.1,27388.6,27416.7
1679096400000,27414.5,27437.9,27280.5,27280.5
1679096700000,27280.5,27365.3,27270.1,27322.6
1679097000000,27323.6,27364.3,27309.5,27323.9
1679097300000,27325.2,27415.9,27300.4,27392.9
1679097600000,27393.3,27431.3,27322.5,27408.6
1679097900000,27408.6,27408.6,27300.1,27353.1
1679098200000,27354.7,27403.8,27301,27305.3
1679098500000,27305.3,27331.2,27078.9,27116.6
1679098800000,27120.1,27270.7,27115.1,27185.3
1679099100000,27185.3,27245.1,27161.4,27222.4
1679099400000,27223.5,27375.9,27187.9,27360.4
1679099700000,27362.1,27419.1,27341.1,27394.2
1679100000000,27394.2,27426.9,27363,27419
1679100300000,27418.7,27494.5,27386.4,27403.2
1679100600000,27395.2,27483.1,27382.2,27483.1
1679100900000,27483.1,27648,27468.3,27622.2
1679101200000,27628.2,27648.5,27542.7,27616.6
1679101500000,27616.6,27714.9,27593.2,27594.8
1679101800000,27594.8,27614.4,27460.5,27500.3
1679102100000,27500.3,27515.4,27449.9,27449.9
1679102400000,27449.9,27455,27360.9,27411.2
1679102700000,27412.9,27477.8,27396.1,27402.1
1679103000000,27402.1,27402.1,27245.4,27318.8
1679103300000,27319.1,27381.4,27290.5,27358.8
1679103600000,27361.4,27364.4,27270.4,27323.9
1679103900000,27323.9,27400.2,27303.4,27325.9
1679104200000,27325.9,27353.5,27317.1,27328.7
1679104500000,27332.5,27373.2,27310.6,27335.9
1679104800000,27334.2,27358.8,27289,27300.3
1679105100000,27300.3,27334.2,27265.6,27288.5
1679105400000,27286,27370.4,27284.7,27370.2
1679105700000,27370.1,27425.8,27351.8,27425.8
1679106000000,27427.2,27482,27396,27456.6
1679106300000,27457.8,27465.3,27331.3,27409.4
1679106600000,27409.4,27451.7,27380.5,27449.7
1679106900000,27449.7,27451.7,27417.3,27417.3
1679107200000,27417.3,27473,27407.5,27436.6
1679107500000,27436.6,27443.6,27228.7,27296.1
1679107800000,27294.8,27329.2,27267.6,27286.9
1679108100000,27288.1,27324,27285.6,27297.9
1679108400000,27299.3,27318.8,27277.9,27316.6
1679108700000,27316.9,27343.2,27300.3,27339.9
1679109000000,27339.9,27339.9,27204.7,27251.2
1679109300000,27256.2,27269.5,27185.7,27250
1679109600000,27250.5,27300.1,27235.5,27276.4
1679109900000,27277.1,27294.4,27269.1,27271.9
1679110200000,27272.4,27320.8,27272.4,27308.7
1679110500000,27308.7,27361.5,27288.4,27309
1679110800000,27309.6,27352.6,27304.8,27335.8
1679111100000,27340.6,27351.8,27306.6,27306.6
1679111400000,27308.8,27343.2,27308.7,27316
1679111700000,27318.2,27330.8,27302.8,27314.7
1679112000000,27315.4,27327.4,27300.1,27319.5
1679112300000,27320.4,27332.2,27269.2,27281
1679112600000,27281,27281,27226.1,27235.5
1679112900000,27236.3,27345.1,27234.5,27331.4
1679113200000,27333.5,27337.5,27307.7,27326.9
1679113500000,27328.5,27348.2,27308,27326
1679113800000,27322.9,27345.6,27320.7,27335.7
1679114100000,27335.7,27395.5,27321.5,27395.5
1679114400000,27395.5,27402.6,27368,27370.9
1679114700000,27373.5,27410,27373.5,27396.6
1679115000000,27397.8,27400.1,27312.6,27336.1
1679115300000,27339.1,27347,27296.8,27336.9
1679115600000,27338,27345.1,27316.5,27327.3
1679115900000,27327.3,27359.7,27302.2,27311.2
1679116200000,27311.2,27335.6,27304.6,27334.6
1679116500000,27334.6,27400.9,27330.3,27384.7
1679116800000,27386.4,27411.5,27374,27411.5
1679117100000,27411.5,27415.8,27395.5,27405.6
1679117400000,27405.5,27581.1,27395.6,27525.8
1679117700000,27525.8,27537.3,27483.2,27500.6
1679118000000,27501,27528.2,27465.3,27474.5
1679118300000,27477.7,27488.1,27455.3,27469.4
1679118600000,27468.9,27609,27468.9,27595.5
1679118900000,27595.5,27615.4,27568.3,27585.9
1679119200000,27587.3,27590.3,27533.4,27546.8
1679119500000,27546.8,27618.5,27546.8,27570.4
1679119800000,27570.4,27577.2,27502.6,27502.6
1679120100000,27506.1,27554,27505.8,27509.3
1679120400000,27509.3,27535.1,27473.4,27493.6
1679120700000,27493.6,27493.6,27467.9,27485.7
1679121000000,27482.9,27539.7,27471.6,27525.1
1679121300000,27525.1,27525.1,27478.8,27507.4
1679121600000,27507.4,27507.4,27465.2,27470.2
1679121900000,27472,27489.9,27467.5,27476.3
1679122200000,27477.7,27490.2,27463.5,27479.2
1679122500000,27479.4,27514.7,27468.8,27513.9
1679122800000,27514.2,27521.7,27485.5,27485.6
1679123100000,27485.6,27486,27462,27473.7
1679123400000,27473.6,27478.2,27424.6,27453.9
1679123700000,27455.2,27465.4,27437.2,27460.7
1679124000000,27460.7,27499.8,27457.8,27494
1679124300000,27483.7,27498.7,27428.5,27428.5
1679124600000,27429,27442.2,27412,27431.6
1679124900000,27431.6,27443,27420.1,27423.3
1679125200000,27423.8,27459.3,27423.3,27439.1
1679125500000,27436.6,27436.6,27397.2,27412.1
1679125800000,27412.1,27412.1,27302.2,27333
1679126100000,27336.8,27378.5,27336.8,27375.1
1679126400000,27375.1,27375.1,27299.6,27337.5
1679126700000,27338.4,27339.8,27260.3,27284.1
1679127000000,27284.1,27284.9,27138.1,27140.1
1679127300000,27140.1,27191.5,27074.5,27181.1
1679127600000,27183.9,27223.3,27179.4,27195.9
1679127900000,27195.9,27260.9,27192,27246.2
1679128200000,27246.3,27260,27222.1,27225.7
1679128500000,27222.1,27303.6,27221.1,27289.6
1679128800000,27289.6,27289.6,27250.7,27269.7
1679129100000,27260.8,27270.3,27175,27217.1
1679129400000,27217.8,27312.7,27210.6,27271.5
1679129700000,27271.5,27287.7,27202,27207.1
1679130000000,27212.3,27218.3,27167.3,27178.8
1679130300000,27177.1,27222.2,27124,27188.1
1679130600000,27191.3,27273,27188.2,27251.9
1679130900000,27251.9,27279.5,27251.9,27265.5
1679131200000,27266.6,27303.1,27263.1,27278.3
1679131500000,27278.3,27284.7,27240.3,27251.3
1679131800000,27251.7,27281.5,27242.5,27250.7
1679132100000,27248.7,27333.1,27248.7,27322.9
1679132400000,27325.8,27411.9,27325.3,27393.3
1679132700000,27389.6,27422.9,27359.3,27421.7
1679133000000,27424.2,27434.8,27368.3,27389.6
1679133300000,27389.6,27420.8,27370.6,27396.3
1679133600000,27396.3,27423.1,27392.6,27422.2
1679133900000,27424.3,27440.6,27398.9,27405.6
1679134200000,27407.1,27418.9,27378.3,27406.9
1679134500000,27412.1,27439.2,27386.2,27432.8
1679134800000,27435.9,27470.9,27418.9,27423.9
1679135100000,27423.9,27423.9,27371.7,27374.4
1679135400000,27374.3,27415,27374.3,27414.1
1679135700000,27414.1,27437.3,27387.9,27411.1
1679136000000,27413.4,27426.9,27389,27404.2
1679136300000,27404.2,27419.1,27397.9,27407.3
1679136600000,27406,27425.7,27392.4,27408.7
1679136900000,27408.7,27503.8,27401.6,27484.7
1679137200000,27481.6,27491.4,27432.8,27451.9
1679137500000,27452.9,27490.2,27440.4,27459.5
1679137800000,27459.7,27465,27421.3,27426.9
1679138100000,27426.9,27432.9,27406.4,27432.9
1679138400000,27432.9,27442.2,27413.5,27436.1
1679138700000,27436.1,27455,27412.2,27416.8
1679139000000,27417.1,27424.2,27376.2,27387.8
1679139300000,27387.6,27387.6,27322.7,27367.3
1679139600000,27367.3,27385.9,27348.1,27375.3
1679139900000,27375.9,27410.9,27369.8,27409.6
1679140200000,27409.6,27440.9,27398.7,27436.6
1679140500000,27436.6,27452.1,27425.5,27448.9
1679140800000,27448.9,27457.2,27427.4,27427.4
1679141100000,27427.4,27428.6,27392,27401.2
1679141400000,27401.2,27424,27371.1,27371.1
1679141700000,27371.3,27396.4,27303.9,27309.7
1679142000000,27309.7,27364.6,27304.4,27364.6
1679142300000,27363.4,27421.7,27354.7,27421.7
1679142600000,27423.7,27543.6,27423.5,27488.3
1679142900000,27493.9,27507.9,27469.3,27490.3
1679143200000,27490.1,27532.1,27477.3,27521
1679143500000,27521,27637.1,27507.5,27524.9
1679143800000,27524.9,27556.3,27488.9,27530.1
1679144100000,27529.6,27563.9,27499.5,27511.4
1679144400000,27511.4,27519.9,27429.4,27435.6
1679144700000,27435.6,27466.7,27369.5,27463.4
1679145000000,27463.4,27535.9,27437.7,27527.5
1679145300000,27527.5,27530.9,27476.8,27483.1
1679145600000,27483.1,27506.6,27471,27474.1
1679145900000,27474.1,27477.7,27403.8,27435.9
1679146200000,27439.9,27485.6,27357.4,27360.9
1679146500000,27364.4,27423.8,27355,27384.4
1679146800000,27384.4,27432.7,27378.4,27421.3
1679147100000,27421.3,27442.1,27416.2,27423.4
1679147400000,27422.1,27470.3,27422.1,27463.4
1679147700000,27466.8,27468.7,27419.1,27419.7
1679148000000,27419.7,27464.8,27414.7,27430
1679148300000,27431.5,27473.7,27431.5,27458.1
1679148600000,27449.3,27465.3,27422.1,27439
1679148900000,27436.4,27524.5,27434.4,27524.5
1679149200000,27524.5,27582.2,27509.9,27558.2
1679149500000,27558.2,27583,27516.5,27541
1679149800000,27541,27626.7,27524.2,27524.5
1679150100000,27524.5,27571.8,27522.2,27545.8
1679150400000,27545.8,27547.2,27465.2,27483.8
1679150700000,27483.8,27544.4,27455.4,27531.3
1679151000000,27531.3,27561.6,27521.4,27542.2
1679151300000,27542.2,27561.9,27535.3,27543.5
1679151600000,27543.5,27558.1,27466.3,27466.3
1679151900000,27466.3,27490.9,27374.1,27381.1
1679152200000,27381.1,27454,27381.1,27426.9
1679152500000,27428.3,27484.8,27423.5,27433.1
1679152800000,27429.7,27465.6,27384.8,27441.9
1679153100000,27445.6,27450.1,27265,27333.4
1679153400000,27333.4,27379.1,27187,27197
1679153700000,27201.7,27262.4,27170.4,27212.9
1679154000000,27214.3,27259.2,27086.6,27130.1
1679154300000,27130.1,27254.5,27074.9,27249.2
1679154600000,27249.2,27289.4,27222.3,27281.2
1679154900000,27281.2,27281.2,27229.1,27240.3
1679155200000,27240.3,27262,27183.8,27258.4
1679155500000,27258.4,27350.2,27250.8,27336.3
1679155800000,27336.3,27346,27263.9,27274.4
1679156100000,27274.4,27286.3,27237.6,27261.3
1679156400000,27261.3,27286.3,27240,27264.3
1679156700000,27266.6,27268.5,27131.5,27136.8
1679157000000,27136.8,27139.8,26596.3,26778.1
1679157300000,26778.3,26913.1,26755.6,26899
1679157600000,26899.1,27323.2,26881.1,27297.6
1679157900000,27294.8,27472.8,27198.9,27329
1679158200000,27329.7,27377.2,27275,27330.2
1679158500000,27327.2,27360.5,27272.6,27347.1
1679158800000,27344.8,27480.7,27294.4,27378.9
1679159100000,27377.9,27385.4,27289.4,27305.4
1679159400000,27304.4,27330.3,27247.5,27300.8
1679159700000,27300.7,27317,27184.3,27254.6
1679160000000,27254.6,27309.6,27219.5,27219.5
1679160300000,27226.1,27246.8,27090.7,27100.2
1679160600000,27100.2,27146.9,26909.6,27063.5
1679160900000,27062.8,27176.6,26992.7,27161.6
1679161200000,27161.6,27237.3,27141.1,27237.3
1679161500000,27236.5,27264,27168.7,27232.8
1679161800000,27232.8,27301,27217.1,27287.9
1679162100000,27290.2,27336.7,27271.1,27312.1
1679162400000,27314,27327.5,27232,27302.3
1679162700000,27303.8,27336.3,27267.1,27304.6
1679163000000,27305.9,27378.8,27298,27322.5
1679163300000,27322.9,27339.1,27271,27304.9
1679163600000,27302.2,27360.3,27296,27296.5
1679163900000,27296.7,27353.4,27296.7,27319
1679164200000,27319.2,27331.1,27261.6,27316.9
1679164500000,27320,27350.4,27235.3,27267.4
1679164800000,27268.1,27328.9,27261.7,27314.6
1679165100000,27317.3,27324.4,27254.3,27265.3
1679165400000,27265,27301.8,27237.7,27282.3
1679165700000,27287.7,27357.6,27261,27331.5
1679166000000,27331.5,27355.2,27278.6,27341.2
1679166300000,27345.4,27366.7,27277.5,27291.3
1679166600000,27286.4,27347,27282.9,27328.8
1679166900000,27321.5,27340.7,27288.9,27297.8
1679167200000,27297.8,27321.2,27277.1,27297.2
1679167500000,27312.4,27433.9,27305.9,27385.5
1679167800000,27385.3,27430.1,27339.5,27427.8
1679168100000,27425.7,27451.2,27365.6,27439.2
1679168400000,27436.5,27436.5,27385,27409.1
1679168700000,27413.5,27433.6,27373.9,27397
1679169000000,27397,27416.5,27327.1,27334
1679169300000,27328.1,27377.5,27325.7,27341.1
1679169600000,27341.2,27361.5,27289.7,27316.6
1679169900000,27312.5,27346.9,27252.8,27283.4
1679170200000,27283.2,27364.1,27283.2,27299.4
1679170500000,27298.6,27344.3,27294.7,27337.7
1679170800000,27337.3,27385.4,27322.8,27326.8
1679171100000,27326.8,27365.5,27300.3,27326
1679171400000,27319.6,27346.8,27306.6,27319.1
1679171700000,27319.4,27371.3,27319,27356.1
1679172000000,27370.9,27433.1,27364.5,27392.7
1679172300000,27396.6,27469.6,27357.7,27372.3
1679172600000,27383.7,27400,27330.6,27344.9
1679172900000,27343.3,27380.9,27320.5,27328.2
1679173200000,27322.7,27360.6,27317.3,27352.6
1679173500000,27357.7,27362.9,27307.1,27332.2
1679173800000,27331.8,27354.3,27306.5,27325.9
1679174100000,27337.8,27359.1,27306.9,27338.4
1679174400000,27338.6,27349.5,27308,27308.3
1679174700000,27323.6,27329.4,27266.7,27322.5
1679175000000,27323.5,27329.1,27291.2,27298.9
1679175300000,27298.7,27324.3,27274.4,27275.8
1679175600000,27278.6,27337.3,27270.5,27280.2
1679175900000,27280,27284.6,27161.4,27228.1
1679176200000,27232.8,27303.5,27219.6,27278.2
1679176500000,27282.1,27287.1,27177.4,27195.9
1679176800000,27209.4,27250.6,27177.9,27218.8
1679177100000,27220.1,27252,27197.8,27249.3
1679177400000,27249.4,27249.4,27169.7,27199.6
1679177700000,27204.7,27230,27160.7,27183.4
1679178000000,27183.4,27209,27157.1,27179.3
1679178300000,27172.8,27194,27129.3,27178.6
1679178600000,27178.6,27206.2,27154.3,27186.3
1679178900000,27186.2,27197.2,27121,27132
1679179200000,27132,27142.3,26932.8,26957.2
1679179500000,26956.6,27064.9,26943.4,26999.6
1679179800000,26992.2,27039.3,26938.3,26977.1
1679180100000,26976.8,26976.8,26870.7,26913.4
1679180400000,26920.2,26956.2,26853.7,26864.2
1679180700000,26861.2,26933.9,26823.4,26862.2
1679181000000,26860.2,27030.8,26823.3,27012.9
1679181300000,27012.7,27077,26958.3,27057.3
1679181600000,27042.3,27051.9,26959,26959
1679181900000,26959,26975.9,26844.4,26872.8
1679182200000,26877.3,27011.8,26874.5,27011.4
1679182500000,27012.5,27030.7,26947.5,26971.5
1679182800000,26972.1,26972.1,26845,26869.4
1679183100000,26868.7,26949.4,26820.9,26902.6
1679183400000,26902.5,26941.9,26830.4,26937.6
1679183700000,26941.2,26945.2,26861.8,26918.4
1679184000000,26922.2,26975.1,26919.5,26973.3
1679184300000,26973.4,27031.1,26918.9,27001.5
1679184600000,27004.1,27061.3,26993.1,27061.3
1679184900000,27063.6,27065.5,26989,27007.4
1679185200000,27006.4,27058.9,26988.9,27043.3
1679185500000,27043.3,27044,26939.4,26989.3
1679185800000,26989.4,27136.2,26989.4,27060.6
1679186100000,27068.2,27097,27017.6,27034.5
1679186400000,27034.5,27132.2,27005.2,27107.5
1679186700000,27107.5,27134.6,27072.8,27101.6
1679187000000,27101.7,27113.1,27059.3,27088.3
1679187300000,27088.3,27100.1,27063,27093
1679187600000,27093.7,27173.7,27093,27148.8
1679187900000,27148.8,27159.1,27058.7,27101.1
1679188200000,27103.5,27118.3,27056.8,27079.7
1679188500000,27083,27128.9,27038.2,27065.3
1679188800000,27067.2,27110,27060.1,27062.2
1679189100000,27062.2,27118.1,27061.5,27117.4
1679189400000,27117.4,27201.7,27108.1,27147.2
1679189700000,27146.8,27172,27113.3,27148.7
1679190000000,27147.1,27172.6,27115.7,27115.7
1679190300000,27115.7,27137.3,27080.8,27114.3
1679190600000,27114.3,27141.2,27078.4,27132.8
1679190900000,27132.8,27132.8,27091.1,27122.1
1679191200000,27123.2,27146,27080.6,27139.1
1679191500000,27139.1,27139.1,27107.2,27111.6
1679191800000,27111.6,27114.4,27066.7,27095.1
1679192100000,27095.1,27115.3,27065.8,27112.3
1679192400000,27112.3,27131.3,27080.5,27124.5
1679192700000,27124.4,27169.9,27118.5,27152.1
1679193000000,27152.3,27197.1,27145.1,27191.8
1679193300000,27194.2,27202,27162.8,27173.6
1679193600000,27173.4,27189.2,27128,27132.3
1679193900000,27132.3,27154.7,27099.1,27110.4
1679194200000,27110.4,27130.3,27100.9,27111.1
1679194500000,27110.6,27136.9,27093.9,27131.8
1679194800000,27131.8,27140.9,27098.9,27126.5
1679195100000,27126.5,27145.1,27110.3,27122.7
1679195400000,27122.7,27143.9,27116.4,27133.4
1679195700000,27133.4,27174.4,27107.9,27172.1
1679196000000,27172.1,27178.9,27118.6,27140.1
1679196300000,27140.1,27144.3,27105.2,27112.9
1679196600000,27113.3,27125.4,27085.9,27104.4
1679196900000,27104.4,27129.5,27101.3,27124.2
1679197200000,27124.2,27134.7,27112.4,27133.2
1679197500000,27133.4,27175.4,27127.5,27171.6
1679197800000,27171.4,27208.1,27158,27159.8
1679198100000,27168.3,27248.8,27161,27204.8
1679198400000,27215.6,27294.4,27198.6,27242.1
1679198700000,27245,27269.7,27214.8,27231.3
1679199000000,27230.8,27236.4,27183.2,27205.4
1679199300000,27206.1,27223.1,27157.5,27168
1679199600000,27168,27173.3,27130.3,27159.7
1679199900000,27159.7,27162.8,27125.6,27127
1679200200000,27127,27164.5,27124.7,27158.6
1679200500000,27156.8,27183.3,27150.4,27154
1679200800000,27154.2,27170.4,27136.2,27166.1
1679201100000,27166.1,27182.3,27154.4,27159.7
1679201400000,27159.7,27167.7,27127,27165.2
1679201700000,27165.2,27167,27123.4,27155.1
1679202000000,27155.1,27155.1,27107.9,27132.2
1679202300000,27135.4,27169.9,27127.6,27143.1
1679202600000,27143.1,27165.4,27135.1,27150.3
1679202900000,27150.3,27160.6,27115.6,27130.8
1679203200000,27134.6,27147.8,27115,27126.6
1679203500000,27126.6,27178.2,27126.6,27157.6
1679203800000,27157.6,27204,27157.6,27166.4
1679204100000,27169.4,27200.7,27139.4,27180.1
1679204400000,27179.7,27190.7,27141.1,27144.7
1679204700000,27142.6,27160,27108.4,27121.2
1679205000000,27124.2,27130.6,27108.3,27119.1
1679205300000,27124.1,27127.1,27060.4,27077.3
1679205600000,27078.4,27091.3,27066.9,27077.4
1679205900000,27079.7,27093.9,27051.8,27067
1679206200000,27067.3,27073.9,27037.6,27048
1679206500000,27049.4,27052.2,27032.1,27050.7
1679206800000,27040.3,27056.2,26976.3,26994.6
1679207100000,26994.1,27008.3,26968.2,26989
1679207400000,26989,27003.3,26963,27002.2
1679207700000,27002.2,27034.9,26999.2,27028
1679208000000,27030.7,27033.9,26994.3,26999.8
1679208300000,26996,26999.8,26912.9,26956.6
1679208600000,26956.6,26970.6,26941.6,26967.3
1679208900000,26967.3,26981,26938.8,26946.4
1679209200000,26945.3,26964.8,26902.1,26904.1
1679209500000,26903,26914.6,26860.2,26888.5
1679209800000,26888.5,26931.3,26854.7,26920.5
1679210100000,26920.1,26982.4,26920.1,26982.4
1679210400000,26979.1,26981.1,26953,26972.3
1679210700000,26972.4,26980.1,26954.7,26975.6
1679211000000,26975.6,27021.3,26960,27006.9
1679211300000,27009.1,27012.1,26982.9,26982.9
1679211600000,26984.2,27001.7,26979.7,26995.8
1679211900000,26995.8,27010.2,26981.3,26993.2
1679212200000,26993.2,27000.3,26977.5,26983
1679212500000,26983,26995.1,26971.3,26995.1
1679212800000,26991.4,27015.4,26975.6,26999.5
1679213100000,26999.5,26999.5,26961.2,26964.4
1679213400000,26964.4,26973.5,26894.5,26924.4
1679213700000,26919,27012.7,26916.4,27011
1679214000000,27012,27090,27006.5,27044.6
1679214300000,27043.5,27071.1,27026.2,27049.2
1679214600000,27048.4,27094.4,27038.9,27075
1679214900000,27075,27082.3,27044.9,27051.2
1679215200000,27051.2,27068.3,27024.5,27049.5
1679215500000,27049.5,27085.3,27026.9,27080
1679215800000,27081.3,27098.6,27052,27053
1679216100000,27053,27054.6,26948.8,26989.6
1679216400000,26991.8,27013.1,26970.6,26999.3
1679216700000,26999.3,27026.4,26995.2,27018.2
1679217000000,27018.3,27021.3,26967.9,26980.3
1679217300000,26981.4,26998,26937.1,26998
1679217600000,26998.3,27001.6,26963.8,26982.1
1679217900000,26982.1,26986.4,26945.7,26959.3
1679218200000,26961.1,27029.4,26941.6,27014.6
1679218500000,27014.6,27045.8,27011.8,27023.7
1679218800000,27023.7,27056.6,27023.4,27036.7
1679219100000,27036.8,27056.8,27023.8,27041.3
1679219400000,27044.3,27065.5,27028.7,27048.6
1679219700000,27048.6,27060.1,27029.7,27059.2
1679220000000,27059.2,27064.9,27036.6,27046.9
1679220300000,27042.7,27053,27006.8,27015.5
1679220600000,27018.5,27047.3,27010.5,27013.1
1679220900000,27013.1,27024.4,26991.4,27015.1
1679221200000,27015.1,27066.6,27010.4,27066.6
1679221500000,27066.6,27116.2,27056.1,27093.7
1679221800000,27094.6,27105.6,27058,27077.2
1679222100000,27075,27103.3,27073.7,27086.2
1679222400000,27086.2,27089.3,27056.4,27072.3
1679222700000,27068.6,27085.6,27046,27049.9
1679223000000,27049.9,27072.2,27020.4,27066.1
1679223300000,27063.6,27085.3,27051,27052.6
1679223600000,27054.8,27080.5,26989.4,26991.3
1679223900000,26991.3,27042.3,26958.4,27027.6
1679224200000,27032.5,27056.1,27011.7,27056.1
1679224500000,27056.1,27070,27002.9,27035.1
1679224800000,27035.1,27112.8,27035.1,27091.9
1679225100000,27096.2,27099.2,27022.6,27046.2
1679225400000,27052.5,27080.5,27043.2,27078.2
1679225700000,27078.2,27093.3,27064.9,27085.2
1679226000000,27084.7,27095.5,27062.2,27064.8
1679226300000,27064.8,27152.3,27064.8,27152.3
1679226600000,27152.3,27191.8,27126.1,27167.5
1679226900000,27163.1,27212.1,27150.8,27170.8
1679227200000,27170.8,27200.5,27154.4,27176.5
1679227500000,27176.6,27334.7,27168,27322.3
1679227800000,27322.6,27346.3,27274.7,27346.3
1679228100000,27348.1,27395.5,27207.4,27229.1
1679228400000,27228.2,27276.3,27217,27237.2
1679228700000,27241.1,27242.5,27181.6,27205.4
1679229000000,27205.6,27258.4,27164.5,27246
1679229300000,27248.6,27283.3,27208,27283.3
1679229600000,27283.3,27311.3,27244.5,27302.6
1679229900000,27302.6,27314.5,27261.4,27284.8
1679230200000,27285.1,27298.5,27245.4,27267.2
1679230500000,27267.2,27285.3,27247.6,27254.7
1679230800000,27254.7,27303.3,27228.2,27228.2
1679231100000,27228.2,27228.2,27157.6,27159.2
1679231400000,27156.4,27198.3,27116,27185
1679231700000,27196.8,27217.9,27163.4,27209.7
1679232000000,27209.7,27244.8,27178,27205.4
1679232300000,27200.4,27244.9,27188.4,27223.5
1679232600000,27223.5,27251.5,27201,27212
1679232900000,27210.7,27222.6,27129.9,27167.6
1679233200000,27168.4,27199.2,27156.1,27175.6
1679233500000,27169.9,27198.2,27161.4,27177.2
1679233800000,27180,27202.7,27160.1,27181.1
1679234100000,27181.1,27212.3,27166.5,27176.6
1679234400000,27176.7,27244.5,27176.7,27214.2
1679234700000,27214.2,27274.3,27212.9,27253.5
1679235000000,27253.5,27257.4,27216.8,27227.7
1679235300000,27227.7,27293,27207.1,27289.7
1679235600000,27289.7,27301.3,27248.1,27282.1
1679235900000,27271,27356.6,27250.8,27348.8
1679236200000,27348.7,27375.1,27305.5,27314.3
1679236500000,27310.1,27322,27273.8,27301.1
1679236800000,27298.8,27333.1,27297.2,27312.2
1679237100000,27312.2,27328.7,27302.2,27307.9
1679237400000,27310.4,27330.3,27299.2,27303.6
1679237700000,27303.6,27374.6,27299,27342.6
1679238000000,27342.6,27548.6,27322.5,27548.6
1679238300000,27550.8,27635,27451.9,27567.4
1679238600000,27561.8,27584.2,27425,27466.1
1679238900000,27467.2,27554.4,27447.4,27511.4
1679239200000,27509.1,27549,27409.8,27444.5
1679239500000,27445.6,27518.8,27440.2,27505.2
1679239800000,27505.2,27582.7,27474.3,27546.3
1679240100000,27546.3,27609.2,27512.4,27527.2
1679240400000,27529.5,27549.6,27476.4,27489.2
1679240700000,27489.7,27590.9,27480.8,27577.3
1679241000000,27578.5,27594.3,27550.1,27580.4
1679241300000,27583.4,27721.3,27478.3,27562.7
1679241600000,27566.9,27652.1,27494.2,27638.4
1679241900000,27637.2,27675,27577.1,27586.3
1679242200000,27586.3,27624.6,27536.7,27565.8
1679242500000,27561.3,27670.6,27540.9,27641.9
1679242800000,27646.6,27654.4,27602.4,27643.4
1679243100000,27640.3,27658.5,27593.7,27621.4
1679243400000,27618.3,27893.7,27590.6,27813.9
1679243700000,27813.9,27958.6,27796.3,27868.2
1679244000000,27870.5,27956,27867.6,27922.8
1679244300000,27922.8,28109.2,27883.9,28074.2
1679244600000,28074.2,28151.7,27955.9,27970.1
1679244900000,27970.1,28033.6,27860.9,27901.6
1679245200000,27904.9,27928.9,27711.1,27878.1
1679245500000,27881.1,28030.2,27835.4,27986
1679245800000,27986,28042.4,27910.2,27937.5
1679246100000,27937.5,28002.8,27895.8,27965.1
1679246400000,27965.1,27982.2,27866.8,27898.8
1679246700000,27899.4,27908.1,27847.6,27883.6
1679247000000,27880.3,27921.3,27825.4,27917.7
1679247300000,27917.7,27977.8,27899.2,27970.3
1679247600000,27977.4,27997.9,27958.8,27979.6
1679247900000,27977.5,28045.4,27911.3,27924.4
1679248200000,27924.3,27941.1,27893.4,27923.3
1679248500000,27924.7,27934.4,27886,27892.5
1679248800000,27892.5,27931.6,27835,27894.6
1679249100000,27897.6,27988.9,27869.6,27952.6
1679249400000,27955.3,27966.6,27888.5,27888.6
1679249700000,27896.7,27953.6,27866.8,27948.2
1679250000000,27948.5,27983.4,27937,27969.2
1679250300000,27969.3,28022,27945.3,27971.3
1679250600000,27971.3,28048.1,27957.7,28046.1
1679250900000,28046.1,28081.5,28023.7,28061.1
1679251200000,28061.1,28181.7,28060,28114
1679251500000,28112.7,28147.2,28059.9,28083.4
1679251800000,28083.4,28170.1,28067.1,28152.7
1679252100000,28152.7,28282.6,28111.9,28280.5
1679252400000,28280.5,28329.2,28200.3,28255.5
1679252700000,28254.7,28323.2,28227.4,28275
1679253000000,28275,28346.3,28274.2,28301.2
1679253300000,28302,28317.1,28220.6,28222.2
1679253600000,28225.5,28260.1,28185.9,28208.8
1679253900000,28208.8,28288.1,28206.2,28262.7
1679254200000,28261.9,28337.9,28234.6,28302
1679254500000,28310.1,28327.9,28152.7,28201.1
1679254800000,28198.2,28238.8,28177.7,28196.1
1679255100000,28195.8,28224.7,28178.8,28213.8
1679255400000,28221.7,28287.5,28192.1,28266.6
1679255700000,28266.7,28268.2,28217.9,28238.2
1679256000000,28238.2,28345.5,28230.7,28319.3
1679256300000,28319.4,28343.3,28231.6,28270.3
1679256600000,28267.2,28370.9,28130.9,28173.2
1679256900000,28173.9,28197.9,27988.4,28051.2
1679257200000,28051.2,28051.2,27975.4,27998
1679257500000,27998,28013.8,27937.1,27960.2
1679257800000,27958.5,28055.5,27948.7,28015.1
1679258100000,28015.1,28023.1,27756.7,27808.8
1679258400000,27810,27951.3,27790.1,27846.7
1679258700000,27845.9,27934.7,27797.2,27856.8
1679259000000,27855.6,27970.8,27828.5,27837.8
1679259300000,27839.1,27947,27818.7,27857.2
1679259600000,27855.1,28035.3,27841.4,27993.3
1679259900000,27993.3,28228.2,27992.8,28183.6
1679260200000,28183.7,28184.6,28069.3,28124.2
1679260500000,28127,28235.6,28066,28235.3
1679260800000,28235.3,28237.8,28140,28148
1679261100000,28149.4,28158.1,28101,28127.4
1679261400000,28127.4,28152.7,28085.5,28108.7
1679261700000,28108.6,28112.6,27987,28035.5
1679262000000,28033.1,28098.3,28001.5,28056.7
1679262300000,28056.7,28081.7,28014.5,28052
1679262600000,28052,28064.2,27964.5,27985.3
1679262900000,27985.3,28048.9,27923.9,27940.3
1679263200000,27942,28068.2,27889.6,28049.4
1679263500000,28047.9,28071,28017,28048
1679263800000,28049.4,28105.3,28048.6,28073.9
1679264100000,28074,28125.7,28041,28072.2
1679264400000,28069.6,28089.1,27973,28011.7
1679264700000,28011.6,28057.3,27989.9,28041.9
1679265000000,28047.7,28047.8,28001.3,28019.3
1679265300000,28014.2,28082.9,28014.2,28070.9
1679265600000,28021.9,28195,28017.5,28163.7
1679265900000,28163.7,28178.9,28054.3,28074.5
1679266200000,28073.6,28167,28064.8,28162.8
1679266500000,28171.6,28173.2,28072.3,28080.5
1679266800000,28154.6,28203.8,28112,28199.1
1679267100000,28199,28215.8,28152.1,28164
1679267400000,28163.4,28214.4,28151.6,28199.6
1679267700000,28198.5,28290.8,28168.6,28275.4
1679268000000,28274.6,28334.9,28239.7,28306.8
1679268300000,28306.6,28314.7,28274.6,28278
1679268600000,28277.8,28291.8,28215.6,28232.8
1679268900000,28233.1,28250.4,28162.7,28196.3
1679269200000,28196.3,28224.2,28145.8,28165.2
1679269500000,28165.4,28173.3,28111.7,28133.6
1679269800000,28133.9,28134.2,27933.3,27955.9
1679270100000,27955.9,28014.5,27931.8,28014.5
1679270400000,28014.4,28081.5,28000.8,28005.5
1679270700000,28005.4,28014,27777.7,27991.8
1679271000000,27988.1,28029.9,27906.6,28028.9
1679271300000,28029.4,28051.4,27972.2,28015.3
1679271600000,28015.3,28050.1,27980.7,28042.7
1679271900000,28043.1,28053.3,28017.7,28042.1
1679272200000,28042.1,28078.6,28009.7,28070.5
1679272500000,28070.5,28096.2,28054.2,28066.4
1679272800000,28066.4,28066.4,27949.8,27950.4
1679273100000,27950.8,27993.5,27912.8,27921.1
1679273400000,27921.1,27925.3,27875.9,27922.2
1679273700000,27922.2,27922.2,27835.6,27872.6
1679274000000,27872.6,27911,27527.8,27699.4
1679274300000,27699.4,27784.1,27657.7,27682.5
1679274600000,27682.3,27790.2,27653.4,27722.6
1679274900000,27722.6,27815,27682.4,27688.2
1679275200000,27688.2,27767.4,27654.2,27717.4
1679275500000,27717.7,27812.7,27703.8,27710.4
1679275800000,27713.3,27834.2,27696.6,27760.8
1679276100000,27760.7,27829.6,27717.8,27734.6
1679276400000,27734.6,27794.8,27683.2,27741.1
1679276700000,27741.1,27795.3,27688.8,27689.8
1679277000000,27688.6,27770,27601.4,27609.7
1679277300000,27608.9,27710.8,27597,27644
1679277600000,27644.6,27722.3,27566.8,27585.8
1679277900000,27585.8,27683,27492.2,27666.9
1679278200000,27667,27743.9,27589.6,27700.6
1679278500000,27700.5,27777.9,27658.6,27659.4
1679278800000,27659.5,27737,27643.2,27644.5
1679279100000,27643.8,27723.5,27606.8,27606.8
1679279400000,27606.8,27689.4,27566.4,27661.2
1679279700000,27659.9,27676.5,27392,27404.8
1679280000000,27397.4,27458.3,27277.8,27338.3
1679280300000,27341.5,27454,27308,27438.7
1679280600000,27437.7,27477.9,27397.7,27469.3
1679280900000,27468.8,27484,27431.3,27479.7
1679281200000,27480.5,27528.2,27459.5,27525.1
1679281500000,27526.1,27536.4,27500,27521.7
1679281800000,27523.4,27528.8,27451.1,27484.6
1679282100000,27485.1,27488.7,27405.1,27406.8
1679282400000,27409,27417.9,27289.6,27302
1679282700000,27299.3,27359.3,27231.2,27323.8
1679283000000,27323.8,27338.1,27202.8,27280.3
1679283300000,27280.8,27382.5,27261.3,27330.2
1679283600000,27328.3,27344.6,27265.2,27310.8
1679283900000,27310.1,27365.4,27276.7,27281.2
1679284200000,27281.2,27281.2,27188.4,27213.6
1679284500000,27215.9,27331.2,27203.4,27320.7
1679284800000,27322.2,27365.8,27203.9,27365.8
1679285100000,27363,27436.7,27361.7,27432.9
1679285400000,27433,27457.2,27398,27450.5
1679285700000,27453.6,27485.2,27430.7,27473.1
1679286000000,27472.7,27501.8,27444.2,27480.3
1679286300000,27478.5,27489.4,27454.7,27467.4
1679286600000,27467.4,27469.9,27434.9,27437.2
1679286900000,27436.3,27451.3,27419.2,27423.8
1679287200000,27423.8,27442.2,27409.2,27411.9
1679287500000,27412.1,27505.2,27411.3,27503.9
1679287800000,27503.3,27504.2,27464,27497.7
1679288100000,27497.7,27510.5,27476.1,27489.4
1679288400000,27489.2,27538.2,27478.5,27520.6
1679288700000,27520.7,27520.7,27477.9,27509.2
1679289000000,27509.2,27540.4,27496.2,27525.2
1679289300000,27526,27530,27489.2,27491.7
1679289600000,27491.2,27497.4,27461.2,27467.8
1679289900000,27461.2,27489.7,27444.2,27484.9
1679290200000,27484.8,27502.9,27480.7,27501.8
1679290500000,27503.3,27503.3,27465.2,27474.8
1679290800000,27475,27493.4,27404.7,27431.8
1679291100000,27431.8,27445.7,27409.4,27422.2
1679291400000,27421.7,27476.3,27420.3,27472.5
1679291700000,27472.2,27585.5,27472.2,27585.5
1679292000000,27585.5,27623.8,27564.8,27621.9
1679292300000,27621.9,27639.3,27596.2,27639.3
1679292600000,27639.3,27639.4,27605.2,27639.4
1679292900000,27639.4,27660.2,27627.2,27653.8
1679293200000,27653.8,27660.2,27606.2,27611.3
1679293500000,27611.3,27615.7,27585.2,27602.2
1679293800000,27602.2,27619.2,27584.6,27587.6
1679294100000,27587.6,27607.6,27585.4,27593.2
1679294400000,27593.2,27593.2,27536.2,27541.8
1679294700000,27541.8,27610.1,27529.2,27609.1
1679295000000,27608.6,27775.4,27599.1,27754.3
1679295300000,27754.3,27768.8,27668.8,27688
1679295600000,27690.5,27777.2,27690.5,27760.2
1679295900000,27760.2,27829.4,27725,27820.2
1679296200000,27820.2,27962.2,27819.8,27938.8
1679296500000,27938.8,27993,27885.5,27895.2
1679296800000,27895.4,27923.7,27861.7,27912.2
1679297100000,27912.2,27939,27874.8,27903.1
1679297400000,27903.1,27919.2,27861.9,27919.2
1679297700000,27919.2,28027.7,27918.6,28010
1679298000000,28011.8,28253,28011.8,28199.3
1679298300000,28198,28270.6,28174.7,28196.6
1679298600000,28196.6,28300.2,28145.7,28276.7
1679298900000,28276.7,28282.2,28224,28242.3
1679299200000,28242.8,28342,28241,28301.9
1679299500000,28301.9,28398.4,28301.8,28393.1
1679299800000,28393.1,28393.1,28143.1,28149.1
1679300100000,28149.1,28197.2,28065.8,28115
1679300400000,28115,28211.2,28097.3,28202.3
1679300700000,28203.2,28289.9,28203.1,28263.8
1679301000000,28263.8,28292.5,28221.5,28287.2
1679301300000,28287.2,28484.3,28276.8,28307.7
1679301600000,28311.7,28321.5,28230.6,28254.2
1679301900000,28254.2,28334.8,28232,28279.2
1679302200000,28279.2,28352.9,28248.1,28324.5
1679302500000,28321.7,28421.8,28308,28375.4
1679302800000,28375.5,28520.1,28324.1,28508.2
1679303100000,28508.2,28512.7,28267.2,28285.7
1679303400000,28285.7,28336.4,28278,28300.5
1679303700000,28300.5,28349.5,28254.9,28277.1
1679304000000,28276.9,28314.2,28224.8,28242.1
1679304300000,28242.1,28314.6,28222.7,28270.1
1679304600000,28270.1,28342,28268.4,28330.3
1679304900000,28330.3,28330.3,28086.2,28212.2
1679305200000,28212.2,28212.2,28117.2,28142.5
1679305500000,28142.5,28190.3,28140.3,28169.5
1679305800000,28169.5,28204.5,28157.2,28182.2
1679306100000,28185.5,28286.9,28182.2,28253.6
1679306400000,28253.6,28266.5,28193,28247.7
1679306700000,28247.7,28300.5,28245.8,28285.1
1679307000000,28285.1,28286.9,27987.4,28148.3
1679307300000,28146,28164.2,28080.6,28115.9
1679307600000,28115.4,28123.3,28054.7,28109.1
1679307900000,28109.3,28171.6,28095.9,28171.6
1679308200000,28171.6,28243.7,28159,28198.7
1679308500000,28200.6,28246.6,28198.1,28237.5
1679308800000,28237.5,28239.2,28166.1,28204.9
1679309100000,28203,28230.4,28148.4,28221
1679309400000,28225.9,28229.2,28135.4,28166.1
1679309700000,28169.7,28180.9,28131.2,28164
1679310000000,28163.6,28181.2,28127.2,28134
1679310300000,28131.9,28204.7,28127.2,28186.7
1679310600000,28188.4,28194.2,28135.9,28145.2
1679310900000,28145.6,28245.2,28136.2,28244
1679311200000,28244.8,28303,28221.6,28295.7
1679311500000,28295.2,28311.2,28258.7,28311.2
1679311800000,28313.2,28322.9,28282.7,28285
1679312100000,28285.3,28293.5,28240.8,28256.7
1679312400000,28254.2,28277.2,28219.2,28236.2
1679312700000,28236.6,28236.6,28107.2,28166.7
1679313000000,28167.2,28269.4,28142.2,28237.4
1679313300000,28237.4,28306.5,28234,28249.4
1679313600000,28251.2,28253.9,28207,28228.2
1679313900000,28225.5,28247.7,28180.9,28184.6
1679314200000,28184.5,28196.2,28156.7,28184.3
1679314500000,28184.7,28191,28140.5,28154.3
1679314800000,28154.3,28264.9,28143,28250.7
1679315100000,28251.2,28283.4,28236.5,28248.6
1679315400000,28248.6,28282,28247.7,28267.5
1679315700000,28268.3,28313.6,28255.3,28290
1679316000000,28292.1,28292.1,28230,28238
1679316300000,28238.7,28283.5,28222.2,28265.8
1679316600000,28265.6,28285.9,28241.7,28280.6
1679316900000,28281.7,28289.2,28255.1,28281.8
1679317200000,28282.2,28285.8,28193.6,28219.1
1679317500000,28219.1,28235.3,28167.9,28173.3
1679317800000,28169.2,28232.2,28166.7,28181.7
1679318100000,28181.7,28186.7,28148.1,28174.2
1679318400000,28173.7,28180.3,28117.2,28143.8
1679318700000,28144,28173.5,28117.2,28134.8
1679319000000,28137.2,28150.2,28020,28055.7
1679319300000,28053.1,28054.1,27775.2,27901.1
1679319600000,27901.1,27937.7,27820.6,27901.3
1679319900000,27901.5,27917.2,27805.9,27878.7
1679320200000,27878.7,27892.2,27827.3,27839.5
1679320500000,27839.5,27894.3,27775.6,27860.6
1679320800000,27860.6,28169.2,27860.6,28106.4
1679321100000,28106.4,28136.3,27948.3,27948.3
1679321400000,27948.3,27979.4,27892.3,27965.3
1679321700000,27965.3,28036.2,27909.3,27927.7
1679322000000,27927.7,27987.2,27891.5,27980.2
1679322300000,27980.2,28063.3,27970.7,28031.8
1679322600000,28031.8,28118.9,27998.4,28105.1
1679322900000,28105.1,28121.2,28043.2,28050.2
1679323200000,28050.2,28086.2,27982.8,27995.5
1679323500000,27995.5,28015.3,27954.2,28015.3
1679323800000,28015.3,28069.7,27969.2,28062.4
1679324100000,28062.4,28097.5,28056.5,28096.1
1679324400000,28096.1,28157.3,28068.2,28072.1
1679324700000,28072.1,28074,27983.2,27988.9
1679325000000,27988.9,28020.2,27933.8,27983.2
1679325300000,27983.2,28003.7,27943.2,27964.6
1679325600000,27964.6,28016.8,27963.2,27967.9
1679325900000,27967.9,28069.7,27967.9,28065
1679326200000,28072.2,28077.2,27944.2,27973
1679326500000,27973,27980.5,27900,27958.9
1679326800000,27958.9,27977.7,27934.2,27974.3
1679327100000,27974.3,27994.5,27933.6,27958.2
1679327400000,27958.2,27989.7,27871.2,27931
1679327700000,27931,27953.2,27668.5,27737.3
1679328000000,27737.3,27806.5,27721.4,27771.1
1679328300000,27771,27818.8,27640.8,27649.7
1679328600000,27649.7,27718.2,27575.8,27624.3
1679328900000,27624.3,27698.2,27574.2,27592
1679329200000,27593.4,27634.2,27486.7,27584.3
1679329500000,27584.3,27692.3,27506.1,27671.4
1679329800000,27671.4,27759.4,27665.8,27688.1
1679330100000,27688.1,27713.4,27609.5,27611.2
1679330400000,27611.2,27648.7,27537.3,27615.3
1679330700000,27615.3,27665.7,27554.4,27612.4
1679331000000,27612.4,27706.7,27588.4,27624.7
1679331300000,27627.7,27640.2,27543.3,27590.4
1679331600000,27590.4,27665.7,27536.3,27665.7
1679331900000,27665.7,27740.7,27634.7,27697.5
1679332200000,27698.1,27760.2,27685.2,27714.6
1679332500000,27716.2,27816.1,27709.2,27720.5
1679332800000,27721,27755.7,27647.4,27666.5
1679333100000,27666.5,27738.2,27661.3,27704.2
1679333400000,27705.3,27792.7,27692.1,27697.2
1679333700000,27699,27735.8,27651.5,27697.8
1679334000000,27697.8,27782.2,27663.2,27767.3
1679334300000,27767.3,27842.2,27739.3,27768.4
1679334600000,27769.1,27792.7,27708.5,27716.6
1679334900000,27716.6,27733.7,27617.4,27661.4
1679335200000,27675.7,27730.7,27570.2,27712.7
1679335500000,27695.2,27761.1,27616.2,27700.7
1679335800000,27704.2,27794.2,27689.5,27764.7
1679336100000,27750.6,27830.2,27713.5,27801
1679336400000,27816.2,27820.2,27738,27781.1
1679336700000,27795.7,27912.7,27751.3,27897.7
1679337000000,27901.2,28032.9,27841,27941
1679337300000,27941,27992.2,27885.4,27953.2
1679337600000,27944,28020.7,27913.5,28005.2
1679337900000,28005.2,28077.7,27965.5,28009.2
1679338200000,28009.7,28080.2,27965,28010.2
1679338500000,28010.7,28065.8,27973,28016.9
1679338800000,28016.4,28054.3,27922.4,27930.8
1679339100000,27931.9,27997.8,27904.6,27909.2
1679339400000,27908.7,27953.9,27889.5,27906.5
1679339700000,27915.7,27918.7,27786,27847.2
1679340000000,27835,27890.7,27638.4,27722.9
1679340300000,27736.7,27801.2,27693.7,27759.1
1679340600000,27758.5,27853.2,27740.2,27761.4
1679340900000,27770.9,27845.2,27737.2,27797.3
1679341200000,27796.8,27875,27767.5,27850.6
1679341500000,27865.3,27880.2,27811,27836
1679341800000,27836,27884.7,27833.6,27859.5
1679342100000,27859.6,27879.7,27795.9,27825.2
1679342400000,27825.2,27909.2,27795.9,27907.2
1679342700000,27887.6,27960.6,27844.2,27895.7
1679343000000,27911.7,27961.2,27793.5,27935.3
1679343300000,27947.2,27965.7,27883.6,27915.1
1679343600000,27931.7,27989.1,27902.8,27969.7
1679343900000,27949.6,27983.4,27907.2,27951
1679344200000,27959.2,28020.7,27934.2,27957
1679344500000,27957,27980.4,27898.2,27910.2
1679344800000,27898.5,27977.3,27880.3,27934.1
1679345100000,27934.1,28036.7,27930.3,28020
1679345400000,28030.7,28063.7,27999,28046.4
1679345700000,28061.2,28069.2,28016.6,28043.9
1679346000000,28043.1,28196.2,28029.8,28140.4
1679346300000,28140.4,28208.2,28108.1,28135.1
1679346600000,28134.6,28142.2,28086.2,28117.4
1679346900000,28117.2,28158,28071.1,28125.6
1679347200000,28140.2,28158.4,28095.6,28115.2
1679347500000,28115.3,28167.2,28097.8,28109.3
1679347800000,28109.3,28124.2,28077.3,28105
1679348100000,28102.7,28152,28098.2,28106.8
1679348400000,28107.3,28128.2,27965.4,28004.3
1679348700000,28005,28067.8,27978.2,27987.4
1679349000000,27987,28079.8,27971.5,28017.8
1679349300000,28018.3,28060.8,28003.1,28032.2
1679349600000,28024.3,28052.5,27919.3,27951.6
1679349900000,27953.4,28003.7,27896.8,27930.9
1679350200000,27946.2,27977.8,27880.4,27911.1
1679350500000,27931.7,28002.2,27911.1,27983.6
1679350800000,27995.7,28008.2,27955.4,27994.2
1679351100000,27995.2,28004.2,27910,27938.4
1679351400000,27938.5,28012.2,27929.3,27985.1
1679351700000,27997.2,28017.4,27962.1,28001.7
1679352000000,28003.7,28092.5,27975.5,28050.4
1679352300000,28050.4,28066.2,27977.9,27992.1
1679352600000,27992.1,28039.2,27980.1,28014.4
1679352900000,28028.7,28034.1,27978.5,27992.3
1679353200000,27992.5,28058.9,27975.7,28032.2
1679353500000,28030.7,28043.2,27903,27933.7
1679353800000,27904.7,27965.7,27817.9,27877.7
1679354100000,27879.2,27895.7,27762.2,27853.2
1679354400000,27864.2,27893.2,27797.4,27875.7
1679354700000,27875.2,27894.2,27801.6,27855.2
1679355000000,27865.2,27913.7,27839.5,27859.1
1679355300000,27858.6,27869.7,27719.1,27770.7
1679355600000,27758.7,27790.7,27646.8,27664.2
1679355900000,27644.9,27749.2,27606.2,27747.7
1679356200000,27725.5,27757.1,27660,27730.6
1679356500000,27743.2,27779.7,27708.5,27746.6
1679356800000,27753.6,27803.2,27724.7,27778.1
1679357100000,27794.7,27807.7,27674.9,27705.6
1679357400000,27705.2,27830,27687.2,27826.9
1679357700000,27814.3,27841.2,27749.9,27812.4
1679358000000,27816.2,27922.2,27804.5,27892.1
1679358300000,27905.2,27926.2,27822.7,27859.9
1679358600000,27874.7,27897.2,27805.8,27841.8
1679358900000,27859.2,27916.7,27815.7,27868.7
1679359200000,27880.7,27914.2,27837.9,27857
1679359500000,27856.5,28005,27827.9,27940.4
1679359800000,27939.8,27980.7,27892.9,27940.7
1679360100000,27940.7,27945.7,27865.8,27866
1679360400000,27868.6,27916.2,27842.6,27860.2
1679360700000,27852.2,27881.2,27796.6,27807.8
1679361000000,27807.3,27857.3,27722.4,27774.1
1679361300000,27780.7,27890.1,27762.4,27879.2
1679361600000,27866.9,27915.7,27830.7,27882.9
1679361900000,27865.1,27897.8,27811.8,27831.8
1679362200000,27840.7,27861,27767.8,27832
1679362500000,27846.2,27925.2,27811,27898.7
1679362800000,27907.2,27975.9,27857.8,27930.2
1679363100000,27916,27959.7,27870.3,27907
1679363400000,27907,27961.7,27886.8,27911
1679363700000,27911,27933.2,27876.4,27911.2
1679364000000,27894.7,27950.7,27852.8,27923.2
1679364300000,27923.7,27929.2,27852.2,27864.2
1679364600000,27864.7,27899.5,27808.8,27812.3
1679364900000,27812,27918.4,27811.5,27847.7
1679365200000,27867.9,27894.2,27799.9,27861.7
1679365500000,27848.5,27891.8,27801,27841.5
1679365800000,27870.2,27915.8,27828.5,27884.2
1679366100000,27899.7,27911.1,27835.1,27906.5
1679366400000,27886.9,27926.9,27859.6,27882.1
1679366700000,27896.2,27900.7,27837.6,27855.4
1679367000000,27837.8,27864.2,27801.8,27828.1
1679367300000,27839.7,27848.2,27787.5,27813.2
1679367600000,27824.2,27839.7,27784.2,27819.6
1679367900000,27831.7,27876.7,27802.6,27844.4
1679368200000,27844.4,27857.2,27802.1,27813.7
1679368500000,27810.6,27841.7,27762.2,27840.2
1679368800000,27840.7,27846.7,27787.3,27798.1
1679369100000,27800.8,27816.7,27762.2,27775.7
1679369400000,27775.5,27806.2,27766.1,27769.6
1679369700000,27766.1,27791.2,27762.2,27764.8
1679370000000,27764.2,27820.2,27763.1,27814.2
1679370300000,27805.6,27826.2,27783.2,27787.2
1679370600000,27786.7,27825.9,27777.6,27785.4
1679370900000,27784.4,27827.7,27762.7,27816.7
1679371200000,27801.8,27873.2,27801.4,27866.2
1679371500000,27856.6,27888.3,27837.1,27876.7
1679371800000,27878.7,27896.2,27847.1,27877.1
1679372100000,27877.1,27931.7,27852.1,27925.7
1679372400000,27926.2,27978.2,27888.2,27937.4
1679372700000,27937.7,27985.4,27896.1,27941.3
1679373000000,27952.7,28003.2,27911.9,27980.6
1679373300000,27990.7,28008.1,27914.6,27966.7
1679373600000,27950.1,27967.2,27893.2,27931.5
1679373900000,27942.7,27967.7,27902.3,27943.6
1679374200000,27959.7,27978.7,27922.1,27939
1679374500000,27939.5,27984,27918.2,27939.4
1679374800000,27938.9,27963.8,27856.8,27919.5
1679375100000,27931.2,27955.2,27869.1,27953.2
1679375400000,27940.6,27965,27894.2,27935.6
1679375700000,27935.6,27952.6,27882.2,27933.2
1679376000000,27920.4,27934.7,27883.9,27891.5
1679376300000,27891.5,27930.7,27869,27912.1
1679376600000,27907.4,27926.2,27812.2,27825.5
1679376900000,27825.5,27864.7,27792.1,27846.5
1679377200000,27851.6,27861.7,27779.8,27838.2
1679377500000,27837.7,27844.2,27762.2,27813.8
1679377800000,27829.2,27841.8,27784.2,27816.1
1679378100000,27816.6,27846.2,27785.1,27833.2
1679378400000,27846.2,27846.7,27732.7,27766.8
1679378700000,27766.5,27792.2,27674.7,27752.4
1679379000000,27752.9,27792.9,27731.9,27775.3
1679379300000,27775.3,27778.1,27706.8,27755.5
1679379600000,27755.5,27774.2,27727.3,27747.5
1679379900000,27747.5,27766.5,27716.8,27751
1679380200000,27760.2,27765.2,27661.4,27702.9
1679380500000,27703.3,27797.2,27702.1,27764.3
1679380800000,27776.2,27807.7,27741.9,27754
1679381100000,27763.2,27789.5,27691.7,27775.4
1679381400000,27782.2,27800,27680.6,27730.3
1679381700000,27730.8,27756.7,27677,27677.5
1679382000000,27677.5,27745,27644,27713.4
1679382300000,27714.4,27733.2,27414.8,27462.7
1679382600000,27462.6,27500.7,27362.6,27421.8
1679382900000,27415.6,27527.2,27410.9,27507.7
1679383200000,27508.2,27534.2,27472.5,27484.1
1679383500000,27483.6,27604.6,27465.6,27560.2
1679383800000,27559.6,27605.3,27525.2,27580.4
1679384100000,27580.6,27594.7,27516.3,27528.4
1679384400000,27529.9,27596.2,27505.4,27575.8
1679384700000,27576.3,27618.9,27565.3,27601.6
1679385000000,27602.2,27615.7,27528.5,27533.1
1679385300000,27532.2,27589.1,27531.7,27556.7
1679385600000,27556.4,27581.2,27499.4,27553.4
1679385900000,27553.5,27610.2,27518.1,27575.3
1679386200000,27574.8,27591.3,27510.8,27560.7
1679386500000,27553.2,27583.7,27516.9,27517.3
1679386800000,27517.5,27555.7,27483.6,27483.8
1679387100000,27484.1,27581.2,27435.4,27581.2
1679387400000,27579.7,27710.6,27566.7,27660.2
1679387700000,27660.2,27679.3,27596.8,27598.7
1679388000000,27599.3,27683.5,27598.3,27661.4
1679388300000,27661.5,27700.7,27637.1,27673.4
1679388600000,27673.4,27733.7,27662.1,27706.7
1679388900000,27712.1,27712.2,27654.7,27700.2
1679389200000,27689.4,27712.9,27662.5,27682.7
1679389500000,27672.9,27779.6,27667,27748.2
1679389800000,27750.6,27766.5,27670.1,27718.7
1679390100000,27730.7,27759.2,27706.9,27730.2
1679390400000,27717.7,27739.7,27631.1,27695.5
1679390700000,27708.7,27722.2,27672.4,27697.4
1679391000000,27705.2,27726.7,27625.7,27671
1679391300000,27683.2,27770.7,27671.1,27750.7
1679391600000,27740.1,28089.7,27721.5,28004
1679391900000,28003.5,28127.2,27933.4,27937
1679392200000,27936.9,27998.2,27871.2,27944.7
1679392500000,27931.6,27988.7,27913.3,27967.7
1679392800000,27967.7,28034.2,27926.5,27972.2
1679393100000,27962.1,28079.7,27959.2,28058.8
1679393400000,28070.7,28076.2,28008.9,28049.4
1679393700000,28049.4,28131.7,27992.4,28118.7
1679394000000,28116.2,28218.2,28082,28135.3
1679394300000,28135.3,28219.2,28052.7,28074.7
1679394600000,28075.2,28128.4,28062.6,28089.7
1679394900000,28079.7,28118.5,28020.5,28021.5
1679395200000,28033.2,28102.7,28018.9,28065.1
1679395500000,28065.7,28090.9,27982.3,28015.2
1679395800000,27997.3,28041.2,27979.8,28003.7
1679396100000,28004.2,28039.1,27986.8,28002.7
1679396400000,27989.9,28062.7,27977.1,28024.4
1679396700000,28036.2,28041.7,27962.3,27975.2
1679397000000,27962.4,27997,27885.2,27927.1
1679397300000,27945.2,27999.7,27905.4,27963.7
1679397600000,27976.7,27980.8,27929.6,27949.5
1679397900000,27949.5,27985.2,27928.5,27971.1
1679398200000,27987.2,27994.7,27916,27932.7
1679398500000,27945.7,27992.7,27901.4,27970.1
1679398800000,27992.7,28070.2,27968.3,28039.8
1679399100000,28038.8,28084.7,27991.9,28055.5
1679399400000,28082.7,28117.2,28038.7,28087.6
1679399700000,28106.7,28111.7,28030.6,28068.6
1679400000000,28091.5,28100.2,28000.3,28053.2
1679400300000,28031.7,28058.7,27983,28024.2
1679400600000,28005.7,28090.7,27999.8,28087.2
1679400900000,28067,28136.2,27972.5,28009.3
1679401200000,28028.7,28030.2,27934.5,27984.3
1679401500000,27984.3,28067.2,27971.4,27992.2
1679401800000,27981.7,28061,27952.2,28014.2
1679402100000,28013.2,28102.7,27989.8,28090.7
1679402400000,28069.7,28161.7,28040.5,28132.5
1679402700000,28148.2,28183.7,28077.1,28145.4
1679403000000,28145.2,28266.1,28094.5,28193.5
1679403300000,28194.1,28273.8,28189.4,28212.7
1679403600000,28212.7,28255.7,28120.2,28157.5
1679403900000,28157.5,28236.4,28135.2,28144.1
1679404200000,28144.1,28193.7,28055.9,28096.7
1679404500000,28096.8,28162,28062.3,28089.6
1679404800000,28089.5,28145.7,28063.9,28067.4
1679405100000,28067.4,28091.2,28038,28060.7
1679405400000,28060.7,28165.3,28058.7,28139.2
1679405700000,28139.2,28154.2,27962.1,27975.2
1679406000000,27975.2,28057.7,27928.3,27954.2
1679406300000,27954.2,28026.7,27934.3,27958.6
1679406600000,27958.1,28057.7,27957.2,28028.3
1679406900000,28028.3,28079.7,28023.6,28055.2
1679407200000,28054.2,28141.7,27970.5,27984.3
1679407500000,27983.4,28021.8,27925.5,27956.2
1679407800000,27954.5,27970.1,27888,27907.6
1679408100000,27907.3,27952.2,27879.5,27939.5
1679408400000,27938.9,27969,27808.5,27808.7
1679408700000,27810.2,27895.4,27752.6,27871.2
1679409000000,27871.8,27925,27815.9,27836.8
1679409300000,27836.3,27971.3,27810.7,27947.5
1679409600000,27947.6,27982.1,27889.2,27959.4
1679409900000,27959.4,28003.8,27941.9,27943.4
1679410200000,27943.9,27946.5,27862.1,27894.3
1679410500000,27894.8,27935.2,27878.7,27903.4
1679410800000,27907.8,27964.3,27872.3,27940.6
1679411100000,27940.4,27997.8,27937.7,27966.1
1679411400000,27966.1,27985.2,27923.9,27963.2
1679411700000,27970.7,28016.9,27962.3,28004.1
1679412000000,28004,28022.7,27928,27941.6
1679412300000,27949.2,27980.6,27928.9,27949.5
1679412600000,27961.2,28058.7,27949.5,28037.2
1679412900000,28048.2,28099.2,28018.1,28046.3
1679413200000,28042.3,28073,27990.8,28028.4
1679413500000,28010.6,28108.2,27998.8,28073.6
1679413800000,28074.2,28123.7,28041.8,28096.2
1679414100000,28081.2,28128.9,28038.8,28063.7
1679414400000,28053.6,28109.2,28016.2,28065.2
1679414700000,28067.1,28120.2,28024,28090.6
1679415000000,28090.6,28139.2,28049.4,28063.7
1679415300000,28063.7,28141.2,28053.9,28134.7
1679415600000,28136.2,28155,28101.8,28119
1679415900000,28130.7,28155.9,28093.6,28144.4
1679416200000,28144.4,28246.7,28104.9,28204.7
1679416500000,28204.2,28439.2,28180.2,28236.8
1679416800000,28236.8,28403.2,28226,28353.6
1679417100000,28364.7,28387.7,28272.3,28354.7
1679417400000,28354.7,28451.2,28332.2,28403.6
1679417700000,28403.2,28442.2,28333.5,28367.3
1679418000000,28368.5,28442.2,28342.4,28370.8
1679418300000,28371.1,28403.2,28160.9,28244.8
1679418600000,28254.7,28315.2,28231.8,28246
1679418900000,28246,28295.1,28190.6,28203.5
1679419200000,28203.5,28315.7,28180.5,28256.5
1679419500000,28257.2,28304.7,28225.3,28256.2
1679419800000,28258.7,28345.2,28156.8,28270.6
1679420100000,28268.6,28304.7,28184.8,28208.4
1679420400000,28207.9,28234.6,28121.8,28143.1
1679420700000,28141.3,28191.5,28088.9,28107.7
1679421000000,28107.7,28154.3,28065.1,28111.2
1679421300000,28111.2,28157.8,27999,28037.2
1679421600000,28046.8,28101,27964.6,28092.8
1679421900000,28101,28119.3,28055.1,28080.4
1679422200000,28099.3,28099.3,28043.2,28079
1679422500000,28069.3,28205,28053.2,28179.3
1679422800000,28161.2,28183.3,28042.2,28128.2
1679423100000,28128.2,28184.8,28095.2,28180.4
1679423400000,28184.8,28203.5,28133.2,28189.9
1679423700000,28189.9,28203.7,28108.7,28127.9
1679424000000,28128.4,28152,28087.8,28152
1679424300000,28152,28159.8,28099.6,28131.9
1679424600000,28131.7,28159.8,28047.9,28125.3
1679424900000,28122.7,28191.3,28091.6,28182.3
1679425200000,28183.5,28187.8,28140.1,28163.7
1679425500000,28163.7,28235.2,28137.9,28206
1679425800000,28203.5,28212.2,28157.9,28160.7
1679426100000,28179.3,28184.9,28127.2,28167.7
1679426400000,28167.7,28186.7,28154.6,28176.2
1679426700000,28176.1,28193.2,28146.2,28185
1679427000000,28185,28189.8,28149.5,28177.7
1679427300000,28177.7,28224.5,28153.3,28205.2
1679427600000,28205.2,28276.3,28192.1,28257.2
1679427900000,28267.4,28267.4,28179.5,28238.3
1679428200000,28210.2,28247,28207.9,28209.7
1679428500000,28208.2,28231,28131.6,28166.2
1679428800000,28166.2,28194.5,28109.7,28135
1679429100000,28125.2,28180.3,28089.1,28145.3
1679429400000,28131.6,28146.5,28091,28113.2
1679429700000,28113.2,28159.2,28092.1,28135.9
1679430000000,28139.7,28165.2,28105.8,28134.7
1679430300000,28134.7,28177.2,28109.1,28170.3
1679430600000,28176.3,28252,28162.9,28227.3
1679430900000,28242.9,28242.9,28145.6,28170.5
1679431200000,28181,28198,28142.7,28159.1
1679431500000,28158.6,28191.3,28065.2,28098.7
1679431800000,28088.4,28147.8,28044.9,28144.8
1679432100000,28144.8,28154,28085.3,28113
1679432400000,28113.5,28129.2,28060.5,28127.5
1679432700000,28128.2,28134.1,28007.9,28029
1679433000000,28029,28067.3,27968.8,27999
1679433300000,28002.3,28045.8,27976,27991.7
1679433600000,27992.1,28035.9,27983.5,28012.9
1679433900000,28012.9,28034.5,27980.3,28022.6
1679434200000,28020.2,28057.4,28009.7,28041.7
1679434500000,28041.6,28041.7,27953.6,27981.3
1679434800000,27982.3,28040.7,27969.2,28028.1
1679435100000,28028.1,28091.8,28021.6,28074.2
1679435400000,28076.7,28076.7,28026.3,28050.7
1679435700000,28050.7,28072.5,28037.2,28037.2
1679436000000,28037.2,28069.7,27985.1,28023.4
1679436300000,28044.7,28103.6,28001.2,28053.7
1679436600000,28038.7,28082.2,28006.9,28082.2
1679436900000,28081.7,28107.7,28023.5,28060.4
1679437200000,28073.2,28082.5,28012.2,28075.2
1679437500000,28076.7,28083.2,28005.3,28057.2
1679437800000,28057.2,28063.9,27987.2,27998.4
1679438100000,27996.4,28038.7,27946.5,28000.3
1679438400000,28001.3,28025.2,27977.2,28004
1679438700000,28004,28057.2,27962.7,28055.3
1679439000000,28055.3,28071.7,28015,28067.8
1679439300000,28067.8,28089.2,28054.8,28072.8
1679439600000,28072.8,28077.8,28023.4,28059.2
1679439900000,28059.2,28080.3,28036,28072.8
1679440200000,28072.8,28072.8,28025.3,28057.8
1679440500000,28057.8,28107.3,28054.8,28107.3
1679440800000,28107.3,28111.7,28082.2,28111.5
1679441100000,28111.5,28158.5,28099.2,28158.5
1679441400000,28158.5,28169,28099.5,28128.5
1679441700000,28128.5,28141.7,28108,28134.8
1679442000000,28134.8,28140.2,28117.2,28129.3
1679442300000,28129.3,28142.7,28094.2,28136
1679442600000,28136.5,28165.2,28126.2,28153.3
1679442900000,28153.3,28185.2,28145.7,28153
1679443200000,28153,28158.7,28135.2,28149.8
1679443500000,28149.8,28157.2,28122.7,28131
1679443800000,28134,28143.5,28119.2,28143.5
1679444100000,28143.5,28154.8,28132.2,28142.5
1679444400000,28143,28150.8,28124.2,28130.3
1679444700000,28130.3,28152.2,28120.3,28139
1679445000000,28139,28139,28047.5,28065
1679445300000,28065,28091.2,28007.2,28066.8
1679445600000,28066.8,28084,27999.2,28025.7
1679445900000,28025.7,28072.2,28001.2,28048.8
1679446200000,28048.8,28081.5,28036.5,28061.8
1679446500000,28060.7,28084.5,28056.2,28072.8
1679446800000,28072.8,28077.2,28024.2,28060.3
1679447100000,28063.2,28115.8,28058,28096.2
1679447400000,28094.1,28105,28040.8,28050.4
1679447700000,28042,28071.8,28026.7,28034.4
1679448000000,28040.3,28064.3,28036.2,28060.7
1679448300000,28060.7,28114.8,28033.2,28114.8
1679448600000,28114.8,28126.5,28051.5,28055.3
1679448900000,28055.1,28093.5,28051.2,28087.1
1679449200000,28087.1,28118.3,28057.2,28118.3
1679449500000,28118.3,28145,28097.5,28134.8
1679449800000,28134.8,28143.7,28117.7,28129.2
1679450100000,28129.2,28139.8,28110.6,28139.8
1679450400000,28139.8,28150.7,28114.7,28118.2
1679450700000,28118.2,28159.2,28105.8,28153.6
1679451000000,28155.2,28187.2,28147.8,28163.9
1679451300000,28163.9,28164.5,28131.6,28137.6
1679451600000,28137.6,28152,28109.2,28111.3
1679451900000,28111.3,28155,28111.3,28142.8
1679452200000,28142.8,28155,28108.1,28135.8
1679452500000,28135.8,28146.5,28109.2,28139.5
1679452800000,28138.8,28142.5,28109.9,28120.3
1679453100000,28120.3,28137.8,28103.2,28124.6
1679453400000,28124.8,28140,28112.2,28125.9
1679453700000,28126.3,28130.8,28085.6,28095.1
1679454000000,28094.3,28117.8,28058.2,28082.8
1679454300000,28067.4,28135.3,28058.6,28126.4
1679454600000,28126.3,28228.5,28112.2,28217.7
1679454900000,28217.7,28317,28200.2,28203.2
1679455200000,28203.2,28262,28203.2,28249.5
1679455500000,28249.5,28292,28241.7,28253.2
1679455800000,28253.2,28257.1,28208.7,28237.5
1679456100000,28237.5,28260.4,28220.2,28252.3
1679456400000,28252.1,28281.5,28223.2,28228.4
1679456700000,28228.9,28249,28204.7,28213.1
1679457000000,28219.7,28232.5,28187.2,28209.3
1679457300000,28208.8,28232.3,28184.2,28201
1679457600000,28201,28221,28178.7,28195.7
1679457900000,28195.7,28214.8,28183.3,28214.8
1679458200000,28211.8,28224,28196.7,28205.5
1679458500000,28205.7,28242.4,28197.1,28214.7
1679458800000,28214.3,28225.2,28186.2,28203.3
1679459100000,28203.3,28207.5,28182.7,28200.5
1679459400000,28192.2,28201.3,28173.9,28193.3
1679459700000,28193.5,28225.8,28193.2,28222.8
1679460000000,28222.8,28235,28179.7,28199.1
1679460300000,28200.1,28212,28183.5,28212
1679460600000,28212,28238.5,28203.2,28238.5
1679460900000,28238.5,28268.3,28227,28243
1679461200000,28243,28267,28235.2,28243
1679461500000,28243,28259.8,28222.2,28242.3
1679461800000,28242.3,28254,28223.2,28239.2
1679462100000,28245.3,28283.2,28225.2,28282.5
1679462400000,28282.5,28290.2,28264.2,28290
1679462700000,28290,28314.5,28279.9,28295.8
1679463000000,28296.8,28314.2,28294.2,28297.2
1679463300000,28297.2,28337.2,28280.7,28295
1679463600000,28295,28295,28261.4,28266.2
1679463900000,28261.2,28274.3,28248.5,28256.7
1679464200000,28261.5,28261.5,28242.7,28247.8
1679464500000,28250.8,28266.5,28244.3,28252.8
1679464800000,28252.8,28253.2,28208.7,28211.2
1679465100000,28211.2,28229.8,28191.7,28200.2
1679465400000,28206.5,28233,28198.7,28233
1679465700000,28233,28242.3,28227.7,28237.5
1679466000000,28239.3,28242.3,28197.7,28218.5
1679466300000,28218.5,28240,28204.5,28208.8
1679466600000,28208.9,28246.2,28203.7,28245.3
1679466900000,28245.3,28261.2,28236,28244.5
1679467200000,28244.5,28244.5,28205.7,28213
1679467500000,28213,28230.5,28203.9,28228.8
1679467800000,28228.8,28231.8,28211.7,28216.9
1679468100000,28216.9,28243.9,28214.5,28243.9
1679468400000,28243.9,28262.8,28222.8,28257.1
1679468700000,28257.1,28279.5,28231.7,28244
1679469000000,28244,28244,28197.2,28231.3
1679469300000,28231.3,28242.5,28216.7,28227.7
1679469600000,28227.7,28253.3,28222.8,28253.3
1679469900000,28247.3,28260.3,28213.2,28241.3
1679470200000,28241.3,28241.3,28078.2,28124.3
1679470500000,28124.3,28140.3,28102.2,28136
1679470800000,28136,28141.3,28113.7,28117.8
1679471100000,28117.8,28161.8,28061.8,28155.8
1679471400000,28155.8,28167,28110.9,28131.4
1679471700000,28131.5,28137,28098.2,28134
1679472000000,28134,28139.3,28103.2,28116.2
1679472300000,28120.8,28210.5,28111.8,28186.3
1679472600000,28186.2,28242.8,28163.9,28207
1679472900000,28207,28230.3,28189.2,28224.3
1679473200000,28227.3,28227.3,28186.2,28197.6
1679473500000,28198,28214.2,28178.2,28208.8
1679473800000,28208.8,28232.2,28182.2,28182.2
1679474100000,28186.5,28206.5,28166.2,28192.3
1679474400000,28193,28197.5,28166.2,28185
1679474700000,28185,28185,28163.2,28176.4
1679475000000,28176.4,28176.4,28098.3,28126.3
1679475300000,28126.3,28129,28087.7,28121.8
1679475600000,28121.8,28134.3,28081.2,28109.6
1679475900000,28109.6,28124,28087.2,28115.5
1679476200000,28115.5,28138.5,28105.2,28114.3
1679476500000,28114.3,28114.3,28037.7,28095.3
1679476800000,28095.3,28123.2,28081.7,28113
1679477100000,28113,28131.2,28080.7,28129.3
1679477400000,28129.3,28166.5,28125.7,28156.7
1679477700000,28156.7,28163.8,28136.2,28154.5
1679478000000,28154.5,28154.5,28120.3,28125.8
1679478300000,28125.8,28134.2,28088.2,28098.7
1679478600000,28098.7,28122.5,28061.3,28122.5
1679478900000,28122.5,28144.5,28096.2,28136
1679479200000,28136,28170.5,28128.7,28158.3
1679479500000,28158.2,28158.4,28127.9,28151
1679479800000,28152.2,28155,28125.2,28133
1679480100000,28133,28133.3,28098.2,28133.3
1679480400000,28134.2,28162.3,28130.3,28162.3
1679480700000,28162.3,28162.7,28143.7,28153.8
1679481000000,28155.5,28184.5,28150.7,28184.5
1679481300000,28184.5,28184.5,28126.2,28137.6
1679481600000,28137.6,28155.3,28115,28155
1679481900000,28155,28155,28148.2,28151.2
1679482200000,28151.5,28187,28151.5,28185
1679482500000,28185.2,28216.8,28182.2,28186.2
1679482800000,28186.5,28209,28180.6,28209
1679483100000,28209,28214.2,28184.7,28191.5
1679483400000,28191.5,28193.8,28180.2,28193.8
1679483700000,28193.8,28214.5,28182.7,28210.8
1679484000000,28213.7,28219.2,28201.7,28211.2
1679484300000,28211.2,28230.8,28198.2,28208.2
1679484600000,28208.2,28216.8,28185.1,28197.1
1679484900000,28198,28204,28185.2,28189.2
1679485200000,28189.3,28200.3,28175.2,28182.4
1679485500000,28182.4,28188.5,28173.2,28188.5
1679485800000,28188.5,28188.5,28149.2,28155.1
1679486100000,28155.1,28170,28150.2,28163.5
1679486400000,28164,28176,28155.7,28171
1679486700000,28170.2,28214,28141.7,28213.9
1679487000000,28213.9,28227,28183.2,28217.3
1679487300000,28217.9,28253.2,28190.7,28231.2
1679487600000,28231.2,28250.7,28220.2,28242.2
1679487900000,28242.2,28275.5,28230.2,28230.2
1679488200000,28230.2,28263.3,28229.7,28248.2
1679488500000,28248.2,28259.3,28237,28249.5
1679488800000,28251,28270.5,28242.4,28246.2
1679489100000,28247.5,28260.3,28220.2,28254.9
1679489400000,28254.9,28289,28253.2,28274.1
1679489700000,28274.1,28274.1,28247.2,28265.5
1679490000000,28265.5,28265.5,28220.2,28235.2
1679490300000,28235.7,28239.2,28210.5,28233.2
1679490600000,28233.2,28286.8,28221.2,28269.2
1679490900000,28269.2,28320,28268.2,28309.2
1679491200000,28309.2,28316.5,28267.2,28316.5
1679491500000,28316.5,28400.2,28294.2,28356.2
1679491800000,28356.2,28379.2,28306.2,28308.4
1679492100000,28308.4,28429.2,28308.4,28407.3
1679492400000,28407.3,28410,28326.6,28340.4
1679492700000,28340.4,28377.3,28274.1,28372.3
1679493000000,28372.3,28383.4,28332.7,28357.7
1679493300000,28359,28362.5,28323,28329.2
1679493600000,28329.6,28359.2,28326,28348.2
1679493900000,28348.2,28379.6,28341.2,28373
1679494200000,28370.2,28387,28349.2,28385.8
1679494500000,28386.3,28413,28380.7,28412
1679494800000,28412.3,28453.7,28372.2,28409.7
1679495100000,28409.7,28441.7,28381.7,28441.7
1679495400000,28441.8,28510.7,28397.5,28422
1679495700000,28414.2,28443.8,28382.2,28402.5
1679496000000,28402.5,28491.8,28391.2,28491.8
1679496300000,28492.2,28757.8,28492.2,28719.4
1679496600000,28722.8,28739.7,28445.7,28639.3
1679496900000,28639.3,28665.1,28564.8,28593.7
1679497200000,28595.7,28715.9,28595.4,28659.6
1679497500000,28659.6,28699.8,28659.6,28695.4
1679497800000,28693.2,28693.8,28610.7,28629.7
1679498100000,28626.7,28694,28626.2,28677
1679498400000,28680,28728.5,28670.2,28713.8
1679498700000,28713.8,28751,28680.9,28713.9
1679499000000,28714.8,28741.9,28689.2,28718.9
1679499300000,28718.9,28722.2,28632.4,28677.5
1679499600000,28679.3,28686.4,28609.2,28631
1679499900000,28634,28634,28465.2,28503.7
1679500200000,28508,28666.5,28487.8,28620.2
1679500500000,28620.2,28639.5,28585.7,28612.1
1679500800000,28612.9,28645.7,28572.2,28634.7
1679501100000,28638,28652.8,28590.6,28590.6
1679501400000,28590.6,28607.9,28527.2,28550.4
1679501700000,28550.4,28586,28509.4,28581.2
1679502000000,28581.2,28602,28545.5,28591.2
1679502300000,28591.2,28627.2,28576.2,28620.2
1679502600000,28620.2,28677.9,28620.2,28658.2
1679502900000,28659.8,28660.3,28606.9,28639.5
1679503200000,28641.1,28686.5,28602.2,28681.2
1679503500000,28680,28690.2,28655.9,28681
1679503800000,28681,28716.8,28673.4,28683.6
1679504100000,28683.6,28691.5,28644.1,28666
1679504400000,28669.2,28675.3,28631.7,28646.1
1679504700000,28645.9,28654,28584.7,28618.9
1679505000000,28618.9,28618.9,28544.2,28569.7
1679505300000,28569.7,28576.2,28472.8,28504.2
1679505600000,28504.2,28506.2,28364.4,28439
1679505900000,28439,28454.5,28371,28402.7
1679506200000,28403.3,28455.4,28333.3,28370.4
1679506500000,28370.4,28406.2,28332.2,28380.9
1679506800000,28377.1,28433.7,28366.7,28402.2
1679507100000,28402.2,28423.5,28334.2,28366.2
1679507400000,28365.7,28502.4,28351.9,28444.7
1679507700000,28444.7,28573.7,28430,28525.8
1679508000000,28525.8,28797.7,28259,28623.8
1679508300000,28623.9,28878.9,28489.9,28566.2
1679508600000,28569,28583.7,28349.6,28394.7
1679508900000,28394.7,28555.7,28382.7,28555.7
1679509200000,28555.2,28556.7,28378.1,28452.5
1679509500000,28451.2,28553.2,28405.1,28502.3
1679509800000,28502.4,28594.3,28411.2,28436.2
1679510100000,28443.2,28443.2,27838,27999.9
1679510400000,27999.9,28222.8,27975.7,28213.7
1679510700000,28218.2,28475.7,28196.3,28442.7
1679511000000,28444.7,28455,28219.2,28268
1679511300000,28258,28258.2,27971.2,28047.9
1679511600000,28046.6,28046.6,27675.5,27679.3
1679511900000,27679.3,27685.3,27268,27407.2
1679512200000,27396.2,27467.7,27162.2,27467.7
1679512500000,27467.7,27565.3,27415,27418.6
1679512800000,27418.6,27678.7,27392.5,27559.8
1679513100000,27561,27672.3,27463,27592.5
1679513400000,27592.5,27593.2,27350,27425.6
1679513700000,27428.6,27437.7,27041.7,27128.9
1679514000000,27126.8,27272.7,27112.2,27178.8
1679514300000,27179.8,27230.7,26815.4,26926.3
1679514600000,26926.3,26975.5,26722.2,26796
1679514900000,26795,26878.5,26693.2,26694.5
1679515200000,26698.2,26925.8,26653.7,26916.9
1679515500000,26916.9,27031,26849.4,27031
1679515800000,27033,27034,26909.7,26949.2
1679516100000,26949.2,27187.7,26935.2,27109
1679516400000,27109,27111.7,27056,27075.1
1679516700000,27075.1,27171.2,27074.9,27136.4
1679517000000,27136.4,27137.5,27024.5,27109.1
1679517300000,27109.1,27179.3,27079.5,27143
1679517600000,27143,27179.7,27114.6,27168.5
1679517900000,27168.5,27319.2,27168.5,27303.2
1679518200000,27303.4,27370.7,27258.5,27352.3
1679518500000,27354.6,27407.9,27312.4,27356.3
1679518800000,27359.5,27362.5,27233.4,27254.3
1679519100000,27255.2,27455.2,27255.2,27439.8
1679519400000,27439.8,27448.4,27375.5,27442
1679519700000,27442,27442,27379.6,27393.9
1679520000000,27393.9,27412.5,27299.2,27299.2
1679520300000,27300,27366.2,27298.7,27316.1
1679520600000,27316.1,27326.5,27272.1,27283.9
1679520900000,27283.9,27294.6,27172.2,27180.8
1679521200000,27180.8,27180.8,27100.1,27127.8
1679521500000,27136.6,27261.1,27127.8,27183.3
1679521800000,27183.3,27240,27101.1,27163.7
1679522100000,27174.4,27235.7,27102.5,27109.7
1679522400000,27117.7,27164.7,27076.9,27154.2
1679522700000,27146.1,27233.7,27135.8,27221.7
1679523000000,27221.7,27222.7,27107.2,27137.7
1679523300000,27137.7,27150.2,27091.8,27140.1
1679523600000,27144.7,27220.7,27139.1,27195.2
1679523900000,27196.2,27205.2,27173.2,27192.2
1679524200000,27192.2,27215.9,27130.8,27132.4
1679524500000,27131.9,27142.7,27102.8,27108.7
1679524800000,27108.3,27133.7,27005.4,27099.1
1679525100000,27099.1,27152.6,27055.3,27129.3
1679525400000,27129.3,27197.2,27119.2,27197.2
1679525700000,27197.2,27263.7,27189.3,27234.6
1679526000000,27234.6,27276.7,27222.2,27271.3
1679526300000,27279.2,27304.8,27258.1,27299.7
1679526600000,27294.4,27325.5,27277.8,27285.7
1679526900000,27284.9,27324.2,27273.8,27296.4
1679527200000,27296.4,27309.7,27275.7,27277.3
1679527500000,27276.4,27363.2,27274.3,27345.9
1679527800000,27345.9,27352.2,27279.2,27293.7
1679528100000,27293.7,27326.7,27283.9,27294.1
1679528400000,27294.1,27298.7,27266.3,27273.3
1679528700000,27273.7,27305.2,27251.1,27281.5
1679529000000,27281.5,27319.2,27280.9,27299.4
1679529300000,27299.4,27299.4,27267.3,27272.1
1679529600000,27272.1,27303.2,27260.3,27291.7
1679529900000,27292,27309.2,27218.4,27231
1679530200000,27237.7,27323.9,27208.3,27315.4
1679530500000,27324.7,27394.7,27301.8,27378.9
1679530800000,27378.9,27433.2,27374.7,27404.3
1679531100000,27404.3,27466,27378.4,27391.4
1679531400000,27391.4,27456.3,27366.4,27392.1
1679531700000,27392.1,27434.7,27381.4,27434.5
1679532000000,27434.5,27450.7,27386.3,27408.2
1679532300000,27408.2,27408.2,27321.3,27335.6
1679532600000,27335.6,27365.2,27317.7,27340.2
1679532900000,27340.2,27355.5,27325.7,27350.7
1679533200000,27352.5,27359.2,27327.6,27333
1679533500000,27332.7,27338.2,27299.2,27311.7
1679533800000,27311.7,27321.3,27269,27277.2
1679534100000,27277.2,27320,27248.9,27284.2
1679534400000,27283.2,27337.7,27276.2,27326.7
1679534700000,27326.7,27329.1,27279.8,27288.5
1679535000000,27292.2,27314.5,27278.4,27294.2
1679535300000,27287.4,27297.2,27235.8,27240.4
1679535600000,27238.8,27278.2,27214.3,27248.7
1679535900000,27240.4,27261.7,27161.4,27206.2
1679536200000,27206.2,27216.7,27139.5,27189.8
1679536500000,27189.2,27226,27171.5,27171.5
1679536800000,27171.5,27224.7,27157.9,27204.3
1679537100000,27204.3,27240.2,27187.7,27238.2
1679537400000,27238.2,27275.2,27220.8,27271
1679537700000,27271,27290.2,27224.4,27290.2
1679538000000,27290.2,27299.2,27256.7,27296.7
1679538300000,27280.8,27324.7,27278.3,27298.1
1679538600000,27298.1,27332.3,27275.4,27322.7
1679538900000,27322.7,27330.9,27301.5,27328.7
1679539200000,27328.7,27340.8,27288.2,27301.3
1679539500000,27301.3,27350.2,27292.3,27327.3
1679539800000,27336.7,27360.2,27314.2,27345.4
1679540100000,27345.4,27372.2,27343.6,27372.2
1679540400000,27372.2,27414.2,27349.5,27364.2
1679540700000,27354.1,27406.7,27338.8,27375.3
1679541000000,27375.3,27394.2,27365.2,27369.2
1679541300000,27369.3,27369.3,27332.2,27343.2
1679541600000,27343.2,27361.7,27336.7,27344.2
1679541900000,27344.2,27355.5,27326.3,27342.6
1679542200000,27342.6,27377.2,27334.2,27373.7
1679542500000,27376.7,27398.5,27363.5,27378.5
1679542800000,27378.6,27397.7,27358.1,27380
1679543100000,27381.3,27397.5,27369.7,27376.6
1679543400000,27376.6,27440.7,27375.6,27423.6
1679543700000,27425.1,27433.7,27389.5,27391.7
1679544000000,27391.7,27400.2,27376.7,27399.7
1679544300000,27399.7,27410.9,27382,27396.6
1679544600000,27396.4,27443.3,27386,27426.6
1679544900000,27436.2,27440.7,27404.3,27425.7
1679545200000,27425.7,27428.2,27395.7,27401.6
1679545500000,27401.6,27422.2,27400.8,27416.2
1679545800000,27416.2,27438,27408.3,27424.9
1679546100000,27424.9,27451.7,27407,27412.4
1679546400000,27412.4,27412.4,27350.3,27365.2
1679546700000,27365.2,27396.7,27363.8,27374.8
1679547000000,27374.8,27375.3,27336.2,27342.4
1679547300000,27345,27345.8,27284,27299.7
1679547600000,27299.7,27347.2,27294.5,27347.2
1679547900000,27347.2,27372,27316.5,27365.2
1679548200000,27365.2,27380.2,27312.8,27346.4
1679548500000,27345.2,27377.7,27338.6,27362.4
1679548800000,27361.9,27404.7,27357.9,27393.4
1679549100000,27394,27442.7,27392.7,27441.7
1679549400000,27441.7,27602.2,27419.5,27575.3
1679549700000,27575.3,27579.3,27518.4,27518.4
1679550000000,27517.9,27619,27503.9,27608.7
1679550300000,27608.7,27637.9,27569.2,27630.6
1679550600000,27630.6,27726.8,27622.3,27716
1679550900000,27716,27732.7,27669.3,27670.3
1679551200000,27670.3,27700.7,27566.4,27623.4
1679551500000,27623.4,27704.8,27621.2,27678.4
1679551800000,27678.4,27685.3,27616.2,27651.4
1679552100000,27651.4,27672.6,27620.8,27648.3
1679552400000,27648.3,27691.8,27643.1,27691.8
1679552700000,27694.6,27715.2,27659.5,27696
1679553000000,27696,27730.7,27677.3,27713.5
1679553300000,27714.9,27721.7,27665.2,27669.1
1679553600000,27668.2,27713,27668.2,27698.8
1679553900000,27698.8,27704.6,27673.8,27673.8
1679554200000,27673.8,27677.9,27660.8,27661.3
1679554500000,27661.3,27694.6,27657.2,27685.7
1679554800000,27685.7,27696.4,27674,27696.3
1679555100000,27696.3,27722.2,27684.3,27690.4
1679555400000,27690.4,27693.9,27658.8,27662.5
1679555700000,27662.5,27674.2,27651.3,27652.4
1679556000000,27651.9,27654.2,27589.9,27616.2
1679556300000,27616.2,27659.7,27616.2,27639.6
1679556600000,27639.6,27657.7,27616.9,27625.7
1679556900000,27625.7,27681.2,27618.1,27672.2
1679557200000,27672.2,27692.5,27661.8,27672.5
1679557500000,27672.5,27672.5,27626.7,27650.2
1679557800000,27650.2,27653,27624.2,27639.7
1679558100000,27640.2,27690.1,27631.1,27668.2
1679558400000,27668.2,27708.2,27658,27692.9
1679558700000,27693.4,27729.2,27686.8,27718.3
1679559000000,27718.3,27763.2,27664.8,27665.3
1679559300000,27665.3,27674.5,27635.1,27647.7
1679559600000,27647.7,27687.3,27620.1,27623.9
1679559900000,27624.1,27664.8,27620.1,27654.2
1679560200000,27654.2,27659.7,27606.6,27613.3
1679560500000,27613.3,27649.5,27612.4,27637.2
1679560800000,27637.2,27683.5,27632.2,27677.4
1679561100000,27677.4,27701.2,27665.4,27695.6
1679561400000,27690.1,27709.2,27647.3,27664.9
1679561700000,27664.9,27693.7,27650.3,27674.8
1679562000000,27674.8,27691.2,27639,27642.3
1679562300000,27642.3,27660.3,27619.8,27660.3
1679562600000,27660.3,27675.1,27635.5,27661.2
1679562900000,27661.2,27677.6,27617,27654.7
1679563200000,27647.3,27681.5,27644.2,27664.8
1679563500000,27664.8,27686.2,27657.3,27684.2
1679563800000,27684.2,27689.2,27649.7,27651.5
1679564100000,27651.5,27670,27643.4,27657.9
1679564400000,27657.9,27665.7,27629.4,27649.3
1679564700000,27648.7,27654,27622.8,27643.3
1679565000000,27643.8,27684.2,27643.3,27660.8
1679565300000,27660.8,27687.5,27659.5,27673.7
1679565600000,27673.7,27679.4,27654.7,27659.8
1679565900000,27659.8,27694.3,27657.3,27692.5
1679566200000,27692.5,27713.7,27666.2,27669.8
1679566500000,27669.8,27683.5,27623.6,27640.5
1679566800000,27640.4,27668.1,27606,27654.2
1679567100000,27654.2,27677.2,27651.1,27672.9
1679567400000,27671.9,27690.5,27671.3,27679.1
1679567700000,27679.1,27708.3,27636.4,27669.3
1679568000000,27669.3,27681.6,27669.2,27672.5
1679568300000,27672.5,27685.5,27670.1,27673.8
1679568600000,27673.8,27677.5,27617.7,27648.8
1679568900000,27648.8,27663.2,27620.1,27656.6
1679569200000,27656.6,27660.2,27589.7,27623.6
1679569500000,27622.7,27631.8,27611.8,27614.1
1679569800000,27614.3,27620.1,27519.4,27541.6
1679570100000,27545.9,27575.8,27514.8,27524
1679570400000,27524,27571.3,27481.4,27542.7
1679570700000,27545.6,27559,27489.7,27531.7
1679571000000,27531.7,27567.7,27528.8,27567.7
1679571300000,27567.7,27591.4,27492.5,27522.6
1679571600000,27522.6,27536.6,27492.4,27534.9
1679571900000,27534.7,27566.4,27503.8,27555.8
1679572200000,27556,27579.7,27549.9,27568.4
1679572500000,27568.4,27675.2,27565.7,27627.2
1679572800000,27627.9,27627.9,27574.9,27588.1
1679573100000,27588,27667.7,27588,27651.2
1679573400000,27651.2,27672.7,27639.9,27657.9
1679573700000,27657.9,27665.2,27631.4,27648.2
1679574000000,27648.2,27689.7,27641.4,27652.2
1679574300000,27652.2,27666.7,27624.2,27632.9
1679574600000,27632.9,27680.1,27598.3,27605.9
1679574900000,27605.9,27632.2,27577.6,27593.9
1679575200000,27593.9,27603.2,27525.2,27551.5
1679575500000,27551.5,27612.2,27548.5,27574.4
1679575800000,27574.4,27581.7,27552.2,27557.3
1679576100000,27557.2,27566.4,27503.2,27513.9
1679576400000,27513.9,27535.5,27458.4,27494.4
1679576700000,27497.5,27520.6,27480.2,27491.2
1679577000000,27490.7,27518.4,27459.2,27480.9
1679577300000,27480.9,27480.9,27323.5,27390.4
1679577600000,27390.4,27426.2,27336,27346.9
1679577900000,27346.9,27435.7,27346.5,27402.7
1679578200000,27404.1,27503.7,27391.8,27481.9
1679578500000,27481.9,27489.7,27434.7,27442.8
1679578800000,27442.9,27456.1,27348.5,27404.3
1679579100000,27405.2,27442.7,27320.4,27344.5
1679579400000,27344.5,27413.7,27319.6,27410.5
1679579700000,27410.5,27425.9,27364.7,27390.4
1679580000000,27390.4,27421,27343.3,27351.3
1679580300000,27351.3,27389.8,27322.8,27327.3
1679580600000,27327.8,27440.6,27321,27432.1
1679580900000,27432.3,27473.1,27415.4,27420.6
1679581200000,27420.6,27423.5,27367,27379.9
1679581500000,27379.9,27417.4,27370.1,27386.6
1679581800000,27381.3,27386.5,27347.4,27356.7
1679582100000,27356.7,27418.7,27355.9,27413.5
1679582400000,27413.5,27437.2,27403.3,27428.6
1679582700000,27428.6,27637.2,27425,27628.7
1679583000000,27628.7,27649.2,27571.1,27613.3
1679583300000,27610.6,28116.2,27610.6,28059.3
1679583600000,28059.3,28234.7,28000,28111.8
1679583900000,28111.8,28315.6,28102.6,28233.2
1679584200000,28233.2,28422.9,28225.9,28381.2
1679584500000,28381.2,28778.9,28367.9,28571.8
1679584800000,28571.8,28589.2,28417.7,28451.3
1679585100000,28451.3,28595.2,28442.4,28521
1679585400000,28521,28659.7,28520.2,28610.7
1679585700000,28613.3,28754.9,28607.8,28636.1
1679586000000,28636.1,28663.3,28513.9,28548
1679586300000,28548,28659.7,28548,28639.8
1679586600000,28639.8,28700.8,28614.7,28638.5
1679586900000,28638.5,28680.7,28570.7,28611
1679587200000,28611,28673.2,28512.2,28535.2
1679587500000,28535.2,28629.3,28535.2,28562.3
1679587800000,28562.3,28603.7,28476.3,28478.2
1679588100000,28478.2,28558.7,28387,28398.3
1679588400000,28397.6,28474.4,28393.4,28431.4
1679588700000,28431.4,28533.6,28402.3,28506.4
1679589000000,28506.4,28542.7,28465.2,28466.6
1679589300000,28466.6,28475.2,28394.3,28440.3
1679589600000,28439.4,28451.2,28390.6,28427.3
1679589900000,28427.3,28454.2,28403,28426.5
1679590200000,28426.5,28531.2,28405.2,28494.7
1679590500000,28492.4,28532.3,28469.8,28479.6
1679590800000,28479.6,28516.7,28461.8,28508.6
1679591100000,28507.9,28526.9,28398.9,28408
1679591400000,28408,28409,28274.7,28350.5
1679591700000,28353.1,28367.1,28278.6,28343
1679592000000,28343,28403.7,28319.5,28319.5
1679592300000,28313.9,28313.9,28172.6,28223.1
1679592600000,28222.8,28304.2,28216.7,28220.7
1679592900000,28220.7,28265.9,28164.3,28207.9
1679593200000,28207.9,28336.2,28191.4,28313
1679593500000,28313,28354.2,28257.2,28297
1679593800000,28297.3,28311.4,28236.1,28266.2
1679594100000,28268.5,28338.3,28258.5,28307.5
1679594400000,28307.5,28337,28273.9,28275.2
1679594700000,28275.2,28299.2,28254.1,28289.3
1679595000000,28291,28397.7,28285.1,28358.6
1679595300000,28358.7,28368.2,28315,28332.8
1679595600000,28332.8,28332.8,28231.3,28231.6
1679595900000,28232.4,28311,28187.9,28255.8
1679596200000,28255.8,28256.1,28150,28190.4
1679596500000,28190.1,28234.7,28184.8,28224.8
1679596800000,28224.5,28249.2,28110.9,28127
1679597100000,28127,28186.1,27965.3,27997.1
1679597400000,27997.1,28089.7,27985.7,28000
1679597700000,28000,28002.3,27808.3,27912.1
1679598000000,27912.1,28026.7,27830.6,27846.3
1679598300000,27845.4,27909.2,27784,27900.7
1679598600000,27887.1,27946.4,27856.4,27938.8
1679598900000,27938.8,27990.2,27915.4,27919.1
1679599200000,27919.1,27926.7,27796,27900.7
1679599500000,27900.6,27946.2,27882.7,27920.5
1679599800000,27920.5,27981.2,27867.2,27950.2
1679600100000,27950.2,28069.2,27948.3,28058.7
1679600400000,28058.7,28161.2,28025.9,28161.2
1679600700000,28154.5,28283.2,28139.2,28245.7
1679601000000,28245.7,28425.8,28243.8,28425.8
1679601300000,28424.6,28456.2,28330.2,28395.2
1679601600000,28395.2,28395.2,28251,28252.7
1679601900000,28252.7,28268.7,28163.3,28188.7
1679602200000,28188.7,28240.2,28169.2,28186.2
1679602500000,28185.6,28229.2,28167.5,28174.8
1679602800000,28174.8,28176.2,28101.9,28156.8
1679603100000,28156.8,28200.4,28152,28162
1679603400000,28162,28277.2,28141.5,28266.7
1679603700000,28267.2,28277.2,28187,28204.7
1679604000000,28204.7,28274.2,28202.6,28227.7
1679604300000,28228.2,28232.7,28197.5,28218.2
1679604600000,28218.2,28218.2,28179,28204.4
1679604900000,28204.4,28303.7,28200.3,28293.7
1679605200000,28294.1,28294.1,28207.4,28211
1679605500000,28211,28285.3,28210.8,28268.3
1679605800000,28268.5,28293.7,28252.7,28263.1
1679606100000,28263.4,28263.4,27990.2,28022
1679606400000,28022.7,28133.7,28021.7,28094.5
1679606700000,28094.2,28164.6,28094.1,28149.2
1679607000000,28149.2,28232.6,28123.6,28135.1
1679607300000,28135.1,28166.2,28095.3,28142.3
1679607600000,28142.3,28164.7,28099,28162.6
1679607900000,28162.6,28182.4,28130.1,28181.6
1679608200000,28181.6,28210.1,28152,28190.3
1679608500000,28190.5,28195.5,28156.2,28172.1
1679608800000,28172,28188.5,28135.3,28144.2
1679609100000,28144.1,28159.2,28115.7,28142.8
1679609400000,28142.3,28169,28134.5,28150
1679609700000,28149,28169.9,28144.2,28159.3
1679610000000,28159.9,28224.9,28159.3,28196.5
1679610300000,28196.6,28196.7,28106.9,28152.8
1679610600000,28153.3,28192,28146.1,28175.4
1679610900000,28175.2,28191.2,28168.2,28184
1679611200000,28184,28243.7,28181.2,28239.5
1679611500000,28239.6,28257.2,28196.1,28219.4
1679611800000,28219.4,28280.2,28214.9,28247.4
1679612100000,28248.2,28263.2,28222,28227.8
1679612400000,28228.1,28330.7,28206.2,28299.5
1679612700000,28299.5,28334.2,28279.3,28327.5
1679613000000,28327.9,28382.2,28314.6,28361.8
1679613300000,28361.8,28449.3,28327.1,28399.2
1679613600000,28392.8,28409.2,28354.2,28403.2
1679613900000,28402.7,28424.7,28369.3,28369.5
1679614200000,28369.5,28408.7,28369.5,28398.8
1679614500000,28398.8,28414.2,28315.5,28344
1679614800000,28344,28363.2,28310.8,28310.8
1679615100000,28310.8,28345.9,28290.2,28322
1679615400000,28320,28335.7,28307.9,28321
1679615700000,28321,28359.2,28295.5,28297.8
1679616000000,28302.3,28345.2,28297.8,28298.5
1679616300000,28298.5,28342.2,28290.5,28306.9
1679616600000,28305.7,28353.8,28304.5,28331.2
1679616900000,28331.5,28363,28315.7,28361
1679617200000,28360.3,28376.6,28352.5,28375.2
1679617500000,28376.7,28377.2,28298.1,28310.2
1679617800000,28310.7,28322.4,28286.3,28307.7
1679618100000,28308.6,28346.3,28297.3,28319.7
1679618400000,28319.6,28331.8,28293.2,28304.5
1679618700000,28304.5,28322.4,28296.5,28309.7
1679619000000,28311.6,28311.6,28242.3,28269.7
1679619300000,28269.6,28270.9,28196.8,28207.7
1679619600000,28207.9,28222.3,28162.9,28219
1679619900000,28219,28219.2,28146.4,28197.2
1679620200000,28196.5,28234.7,28194,28215.4
1679620500000,28214.9,28263.3,28207.7,28261.3
1679620800000,28260.5,28281.5,28243.3,28256.8
1679621100000,28257.7,28306.5,28244.5,28297.7
1679621400000,28298,28298.1,28265.3,28275.2
1679621700000,28275.8,28311,28259.5,28307.7
1679622000000,28309.3,28330,28291.7,28323.2
1679622300000,28323.7,28324.2,28277,28284.4
1679622600000,28284.5,28306.4,28277,28302.2
1679622900000,28303.3,28303.3,28260.8,28261.8
1679623200000,28261.7,28293.2,28260.2,28287.7
1679623500000,28290.9,28324.9,28278.5,28312.2
1679623800000,28312.2,28318.8,28290.2,28318.8
1679624100000,28318.6,28321.6,28311.2,28312.8
1679624400000,28312.8,28315.2,28293.9,28294.3
1679624700000,28294.2,28294.3,28268.8,28284.9
1679625000000,28284.9,28292.1,28268.8,28273.7
1679625300000,28273.7,28273.7,28222.9,28250.2
1679625600000,28253,28253,28222.5,28229
1679625900000,28228.8,28241.4,28213.2,28213.2
1679626200000,28213.3,28213.3,28144.7,28164.7
1679626500000,28166.9,28210.3,28164.7,28190.2
1679626800000,28188.5,28216.4,28188.5,28207.3
1679627100000,28207.4,28229,28201.2,28214.2
1679627400000,28214.2,28214.2,28194.9,28201.9
1679627700000,28201.2,28213.2,28180.8,28202.2
1679628000000,28203.2,28229.7,28200.8,28229.7
1679628300000,28228.7,28247.6,28218,28231.9
1679628600000,28232.2,28236.7,28216.4,28217.1
1679628900000,28217.1,28217.5,28165.9,28185.3
1679629200000,28185.6,28233.6,28184.8,28216
1679629500000,28216,28229.8,28199.8,28227.7
1679629800000,28227.7,28229.2,28202.5,28209
1679630100000,28208.5,28228.8,28200.6,28226.4
1679630400000,28226.7,28246.7,28210.9,28241.7
1679630700000,28244.2,28262.1,28233,28247.3
1679631000000,28247.4,28247.4,28221.5,28232.7
1679631300000,28234.3,28238.8,28220.7,28220.9
1679631600000,28221.4,28244.3,28219.2,28220.7
1679631900000,28220.9,28226.1,28197.2,28200.2
1679632200000,28199.5,28199.5,28167.8,28190.5
1679632500000,28190.2,28218.9,28169.5,28215.6
1679632800000,28216.4,28218.4,28135.3,28174.7
1679633100000,28175.1,28189.7,28158.9,28186.4
1679633400000,28182.7,28194.2,28158.4,28163.7
1679633700000,28158.4,28166.7,28107.7,28137.3
1679634000000,28136.9,28179.7,28134.2,28179
1679634300000,28179.2,28189.3,28164.7,28187.5
1679634600000,28188.2,28217,28161.4,28202.8
1679634900000,28202.8,28219,28202.8,28205.2
1679635200000,28205.3,28222.2,28204,28207.4
1679635500000,28211.7,28249.9,28203.7,28228.6
1679635800000,28228.8,28302,28222.7,28300.2
1679636100000,28300.1,28301.9,28252.6,28297.7
1679636400000,28302.1,28303.2,28264.3,28271.7
1679636700000,28272.4,28288.5,28260.3,28270.3
1679637000000,28268.7,28292.1,28247.9,28276.2
1679637300000,28276.3,28288.7,28266.5,28281.9
1679637600000,28282.8,28298.1,28274.2,28278.5
1679637900000,28278.5,28279.5,28237.5,28259.4
1679638200000,28256.7,28283.8,28252.4,28270.8
1679638500000,28271.3,28281.3,28225.4,28249.7
1679638800000,28251.1,28290.9,28243.9,28276.3
1679639100000,28276.2,28331.5,28276.2,28327.7
1679639400000,28328.8,28329.5,28286,28287.2
1679639700000,28287.1,28300.9,28277.4,28294.6
1679640000000,28292.7,28294.8,28270.1,28273.2
1679640300000,28273,28279,28262.3,28265.9
1679640600000,28266.1,28269,28244.7,28245.9
1679640900000,28245.6,28260.2,28241.3,28259.6
1679641200000,28260.2,28270,28246.8,28249.2
1679641500000,28249.6,28251.6,28222.4,28244.8
1679641800000,28245.1,28257,28213.1,28220.1
1679642100000,28220.6,28237.8,28212.1,28226.9
1679642400000,28227.4,28228.9,28177.7,28197.6
1679642700000,28197.2,28214,28144.7,28200.3
1679643000000,28196.7,28245.7,28188.5,28241.2
1679643300000,28244.4,28262.9,28232.4,28249.4
1679643600000,28249.4,28284.2,28248.1,28269.5
1679643900000,28269.2,28322.9,28264.4,28297.4
1679644200000,28297.3,28324.7,28294.2,28319
1679644500000,28318.7,28319.7,28272.3,28275.2
1679644800000,28276,28296.6,28275.3,28287.7
1679645100000,28287.7,28287.7,28129.2,28129.2
1679645400000,28128.9,28207.1,28128.9,28181.7
1679645700000,28181.9,28186.4,28150.8,28165.4
1679646000000,28165.6,28216.2,28164.8,28211
1679646300000,28211,28216.7,28155.1,28157.5
1679646600000,28156,28175.8,28128.2,28157.5
1679646900000,28156.7,28158.6,27985.5,28036.6
1679647200000,28036.6,28075.6,28011.3,28046.8
1679647500000,28052.4,28057.5,27956.2,27982.8
1679647800000,27982.9,28060.7,27929.9,28040.7
1679648100000,28040.6,28056.9,28012.9,28031.7
1679648400000,28032,28106.8,28009.2,28093.7
1679648700000,28093.7,28093.7,28023.1,28028.6
1679649000000,28028.7,28082.1,28021.1,28025.4
1679649300000,28026.1,28089.3,28026.1,28089.3
1679649600000,28089.3,28120.6,28053.9,28120.6
1679649900000,28124.3,28180.1,28120.6,28173.2
1679650200000,28174.8,28181.8,28124.4,28149.9
1679650500000,28149.9,28149.9,28087.5,28088.8
1679650800000,28088.9,28107.1,28046.5,28089.8
1679651100000,28089.7,28101.7,28017.7,28037.2
1679651400000,28038.2,28086.4,28013.3,28071.8
1679651700000,28071.8,28074.3,28034.6,28035.9
1679652000000,28035.9,28091.6,28021.1,28078.7
1679652300000,28078.7,28078.7,27963.7,27983.6
1679652600000,27983.6,28006.3,27946.1,27980.7
1679652900000,27981.1,28054,27966.6,28045.3
1679653200000,28045.3,28060.9,28006.6,28023.4
1679653500000,28023.4,28023.4,27977,27978.3
1679653800000,27978.3,28034.7,27972.1,28015.3
1679654100000,28016.8,28019.5,27963.1,27983.8
1679654400000,27985.1,28032.2,27982.4,28017.8
1679654700000,28017.8,28033.7,27992.5,28002.3
1679655000000,28002.3,28050.6,27977.5,28050.6
1679655300000,28050.6,28050.6,28019.5,28035.1
1679655600000,28035.1,28035.8,27971.4,28029.2
1679655900000,28029.5,28029.7,27976.2,27978.8
1679656200000,27978.8,28045.7,27968.7,28045.7
1679656500000,28045.6,28048.7,27996.1,28023.3
1679656800000,28022.1,28096.3,28013.4,28078.4
1679657100000,28078.4,28093.2,28052.7,28087.3
1679657400000,28089.6,28094.6,28078.5,28090.7
1679657700000,28090.7,28090.7,28067.4,28083.4
1679658000000,28083.4,28083.4,28018.7,28027.2
1679658300000,28027.2,28027.2,27423.6,27512.9
1679658600000,27512.9,27733.9,27512.9,27733.5
1679658900000,27733.2,27750.3,27577.3,27603
1679659200000,27600.9,27749.2,27558.5,27715.7
1679659500000,27714.5,27851.2,27686.2,27846.5
1679659800000,27848.7,27896.5,27760.2,27800.9
1679660100000,27803,27941.2,27791.1,27902.5
1679660400000,27902.5,28115.7,27883.5,27987.1
1679660700000,27987.1,28010.4,27954.7,27986.2
1679661000000,27982.8,27982.8,27889.3,27889.8
1679661300000,27889.8,28031.2,27882.8,27937.1
1679661600000,27937.3,28019.6,27909.9,28017.5
1679661900000,28017.7,28029.7,27969.7,27986.9
1679662200000,27986.9,27995.2,27954.9,27959.8
1679662500000,27960,28014.7,27960,27973.2
1679662800000,27973.2,27981.5,27925.1,27925.7
1679663100000,27925.7,27951.2,27894.7,27933.4
1679663400000,27933.4,27935.2,27886.5,27896.2
1679663700000,27874.5,27927.7,27732.3,27766.3
1679664000000,27766.3,27832.9,27703.1,27802.4
1679664300000,27806.2,27922.2,27787.4,27893.1
1679664600000,27893.1,27907,27838.7,27875.7
1679664900000,27875.7,27888.2,27789.2,27798.2
1679665200000,27796,27807.6,27665.3,27781.1
1679665500000,27781.1,27784.8,27672.5,27729.8
1679665800000,27729.8,27919.2,27727.1,27911.5
1679666100000,27911.5,27984.7,27884,27968.1
1679666400000,27968.1,27968.7,27820.2,27859.7
1679666700000,27859.7,27935,27845.4,27910.1
1679667000000,27910.1,28240.1,27906.2,28171
1679667300000,28171,28171,28071.7,28092.4
1679667600000,28092.4,28135.9,27977.7,28009.5
1679667900000,28009.5,28139.4,28009.5,28097
1679668200000,28097,28217.5,28087.5,28098.2
1679668500000,28099.1,28123.5,28010,28014.8
1679668800000,28014.8,28028.6,27959.4,27991.8
1679669100000,27991.8,28051.3,27974,28020.3
1679669400000,28020.3,28024.9,27987.2,28012.8
1679669700000,28012.8,28067.7,27987.5,27992.5
1679670000000,27992.5,28015.4,27959,28006.8
1679670300000,28006.8,28025.7,27880.3,27908.8
1679670600000,27908.8,27912.8,27842.9,27878.6
1679670900000,27878.6,27934.7,27866.4,27911.4
1679671200000,27911.4,27957.2,27887.3,27940.1
1679671500000,27935.9,27993.7,27935.9,27971.5
1679671800000,27971.4,27974.5,27888.5,27888.5
1679672100000,27888.5,27993.9,27884.9,27967.5
1679672400000,27968.6,28001.7,27919.9,27946.3
1679672700000,27946.3,28064.1,27940.3,28010.6
1679673000000,28010.8,28029.9,27982.6,28029.9
1679673300000,28029.9,28066.2,28000.1,28015.5
1679673600000,28015.5,28048,27971.6,27981.6
1679673900000,27981.6,28010.6,27924.7,27924.7
1679674200000,27925,27999.8,27925,27986.4
1679674500000,27986.4,28000.9,27943,27959.2
1679674800000,27959.2,27992.3,27956.2,27984.3
1679675100000,27986.4,27989.4,27925.5,27928.7
1679675400000,27930.6,27933.6,27844.1,27844.1
1679675700000,27844.8,27894.2,27844.1,27887.3
1679676000000,27887.3,27925.5,27884.7,27897.5
1679676300000,27898.2,27926.2,27886.9,27896.5
1679676600000,27896.5,27909.2,27873.2,27909.2
1679676900000,27909.2,27931.2,27813.5,27825.2
1679677200000,27820.7,27876.2,27789.2,27856.3
1679677500000,27854.7,27892.2,27778,27810.2
1679677800000,27810.2,27817.7,27723.2,27775.2
1679678100000,27775.2,27822.2,27666.8,27699.1
1679678400000,27699.1,27736.9,27555.3,27568
1679678700000,27568,27706.2,27563.3,27676.1
1679679000000,27680.4,27773.2,27668.7,27687.5
1679679300000,27687.5,27720.2,27660.7,27713.2
1679679600000,27713.2,27728.7,27603.3,27619.7
1679679900000,27619.7,27695.2,27582.4,27601.3
1679680200000,27601.2,27632.2,27512.2,27613
1679680500000,27617.8,27618,27540.9,27603
1679680800000,27603,27659.1,27592.5,27621.8
1679681100000,27631.4,27632.7,27563.8,27607.2
1679681400000,27609.8,27688.7,27606.6,27653.8
1679681700000,27653.8,27671.7,27626.7,27661.6
1679682000000,27661.6,27664.2,27633.7,27648.7
1679682300000,27648.7,27728.2,27644.2,27728.2
1679682600000,27728.2,27728.2,27650.5,27676.6
1679682900000,27676.6,27720.4,27651.9,27715.4
1679683200000,27715.9,27764.1,27691.3,27747.3
1679683500000,27750.9,27762.2,27708.8,27722.2
1679683800000,27722.2,27773.2,27680.3,27763.6
1679684100000,27763.6,27801.3,27714.6,27725.2
1679684400000,27725.2,27738.7,27680.2,27696
1679684700000,27696,27770.4,27696,27736.7
1679685000000,27736.3,27760.6,27736.3,27752.8
1679685300000,27752.8,27821.2,27750.1,27808
1679685600000,27808,27842.2,27787.5,27806.3
1679685900000,27806.3,27842.2,27804.4,27840.1
1679686200000,27840.1,27852.1,27811.4,27830
1679686500000,27832.5,27867.7,27810.4,27817.1
1679686800000,27817.1,27829.2,27793.7,27804.4
1679687100000,27804.7,27807.7,27766.7,27802.6
1679687400000,27802.6,27829.4,27771.2,27776.1
1679687700000,27776.1,27821.5,27765.8,27815
1679688000000,27815,27843.2,27795.6,27822
1679688300000,27822,27824.1,27768,27768.8
1679688600000,27767.8,27783,27765.9,27782.3
1679688900000,27782.3,27803.5,27782.3,27794.2
1679689200000,27794.2,27816.3,27790.4,27796.2
1679689500000,27794.2,27801.7,27680.2,27700
1679689800000,27691,27723.7,27627.7,27663.8
1679690100000,27663.8,27711.2,27656.2,27667.4
1679690400000,27667.4,27678,27509.4,27550.6
1679690700000,27550.6,27575.6,27498.3,27559.5
1679691000000,27559.5,27618.9,27549.7,27613
1679691300000,27613,27628,27567.2,27582.9
1679691600000,27582.9,27590.2,27501.9,27505.3
1679691900000,27500.3,27533.3,27437.9,27443.5
1679692200000,27443.5,27457.6,27309.6,27378.1
1679692500000,27377.6,27422.9,27362.1,27374.9
1679702400000,27415.8,27426.9,27415.8,27415.8
1679702700000,27415.9,27431.9,27402.6,27423.1
1679703000000,27422.3,27446,27393.4,27442.9
1679703300000,27447.4,27474.8,27435.2,27437.2
1679703600000,27439.1,27448.2,27425.9,27433.1
1679703900000,27434,27476.1,27423.3,27476.1
1679704200000,27476.5,27537,27469.7,27535.4
1679704500000,27539.4,27540.1,27489.5,27515.4
1679704800000,27515.3,27557.9,27509.5,27554.2
1679705100000,27553.6,27556.7,27500.8,27500.8
1679705400000,27500.1,27532.9,27500.1,27515.4
1679705700000,27511.5,27534.9,27510.8,27528.2
1679706000000,27529.4,27538.9,27489.2,27489.5
1679706300000,27489.4,27514.6,27473.8,27500.7
1679706600000,27500,27502.4,27473.8,27474.8
1679706900000,27475.6,27484.9,27459.6,27470.2
1679707200000,27470,27491.7,27462.8,27477.5
1679707500000,27476.3,27488.9,27423.9,27488.9
1679707800000,27491.6,27501.7,27461.6,27467.5
1679708100000,27465.6,27474.8,27440.6,27444.8
1679708400000,27444.5,27453.2,27391.4,27420.5
1679708700000,27419.5,27464.3,27405.2,27446
1679709000000,27445.4,27473.7,27437.4,27468.7
1679709300000,27470.1,27473,27450.5,27468.8
1679709600000,27468.7,27480.3,27446.8,27449
1679709900000,27448.3,27449.3,27429.6,27449.3
1679710200000,27450.8,27515.1,27450.8,27513.5
1679710500000,27512.8,27532.8,27497.2,27521.3
1679710800000,27521.7,27538.1,27510.7,27537
1679711100000,27536.9,27627.5,27536.9,27600.6
1679711400000,27609.7,27609.7,27560.1,27563.9
1679711700000,27567.2,27580.7,27558.6,27578.2
1679712000000,27578.1,27579.8,27541.4,27543.5
1679712300000,27539.8,27565.3,27532.9,27544.3
1679712600000,27546.3,27568.1,27540.3,27557.3
1679712900000,27557,27577.3,27550.3,27567.6
1679713200000,27567.1,27570.3,27548.4,27565
1679713500000,27564.9,27587,27547.8,27552.2
1679713800000,27552.2,27565.8,27545.5,27547.8
1679714100000,27547.4,27591.4,27546.1,27563.3
1679714400000,27564.7,27579.8,27557.3,27563.4
1679714700000,27565.7,27598.5,27560.5,27580.1
1679715000000,27576.7,27619.4,27575.6,27577.9
1679715300000,27578.4,27579.2,27554.7,27565.4
1679715600000,27565.3,27581.1,27558.5,27560.3
1679715900000,27560.1,27562.4,27526.7,27539.9
1679716200000,27535.2,27574,27522.9,27554.8
1679716500000,27557.6,27563.8,27545.8,27559.7
1679716800000,27559.7,27585.8,27550.4,27579.8
1679717100000,27577.8,27583.6,27537.6,27542.5
1679717400000,27542.5,27547.8,27506.4,27526.8
1679717700000,27525.7,27534,27520.1,27533.2
1679718000000,27533.8,27557.5,27521.7,27551.6
1679718300000,27554.6,27578.6,27553.9,27578.6
1679718600000,27579.4,27583.4,27529.3,27536.6
1679718900000,27536.5,27554.2,27523.9,27544.1
1679719200000,27542.4,27547.4,27521,27530.9
1679719500000,27530.9,27530.9,27474.8,27505.6
1679719800000,27505.6,27521.6,27490.9,27514.2
1679720100000,27508.6,27516.3,27501.9,27512.3
1679720400000,27512.3,27512.3,27489.1,27509.8
1679720700000,27510.7,27517.5,27490.2,27495.9
1679721000000,27496.5,27499.6,27486.4,27498.9
1679721300000,27498.9,27506.6,27493.2,27506.6
1679721600000,27506.6,27506.6,27484.6,27494.9
1679721900000,27495.6,27506.8,27495.1,27495.1
1679722200000,27495.1,27495.1,27479.4,27480.8
1679722500000,27480.8,27480.8,27437.9,27437.9
1679722800000,27443,27456,27405.1,27411.6
1679723100000,27406.9,27444.1,27381.8,27398.9
1679723400000,27399.6,27406.8,27349.5,27391.2
1679723700000,27391.2,27430.8,27385.7,27430.8
1679724000000,27430.6,27445.2,27401.7,27430.5
1679724300000,27430.8,27457.1,27426.8,27452
1679724600000,27453.7,27456.7,27420.6,27435.8
1679724900000,27435.8,27435.8,27382,27386.4
1679725200000,27386.4,27441.6,27383,27441.6
1679725500000,27444.8,27473.5,27444.1,27457.1
1679725800000,27457.5,27470.9,27444.3,27462
1679726100000,27462.9,27492.2,27462,27492.2
1679726400000,27493.6,27508.2,27481.3,27499.8
1679726700000,27501.1,27508.4,27481.9,27485.2
1679727000000,27485.2,27485.2,27468.5,27468.5
1679727300000,27468.5,27482.7,27466.6,27466.6
1679727600000,27466.9,27485.4,27466.6,27485.4
1679727900000,27485.4,27485.4,27446.8,27472.3
1679728200000,27472.3,27485.4,27464,27485.4
1679728500000,27485.4,27495.3,27465.7,27482.1
1679728800000,27487.4,27550.2,27487.4,27550.2
1679729100000,27550.2,27550.2,27508.6,27517.8
1679729400000,27518.3,27528,27507.4,27513.6
1679729700000,27513.6,27531.1,27498.5,27523.2
1679730000000,27524.9,27545.7,27523.9,27527
1679730300000,27529.1,27533.3,27504,27512.2
1679730600000,27512.2,27514.3,27479.6,27484.5
1679730900000,27485.6,27488.6,27457.2,27457.2
1679731200000,27482.7,27488.2,27455.4,27471.7
1679731500000,27472.1,27491.5,27472.1,27488.9
1679731800000,27490.3,27507.8,27490.1,27495.5
1679732100000,27498.3,27501.3,27478.6,27500
1679732400000,27500,27500,27500,27500
1679732700000,27500,27500,27420.4,27432.1
1679733000000,27432.1,27445.8,27429,27437.3
1679733300000,27433.3,27433.3,27344,27396.6
1679733600000,27396.6,27408.9,27383.5,27399
1679733900000,27399,27399,27360.2,27391.2
1679734200000,27391.3,27444.5,27391.3,27444.5
1679734500000,27444.5,27444.5,27421.7,27421.7
1679734800000,27422.3,27449.8,27421.9,27434.4
1679735100000,27434.4,27434.4,27366.8,27379.4
1679735400000,27385.1,27399.2,27336.1,27336.1
1679735700000,27336.1,27370.6,27315.9,27365.5
1679736000000,27365.4,27379.4,27364.6,27377.4
1679736300000,27378,27411.2,27369.8,27410.3
1679736600000,27410.4,27421.3,27397.3,27399.1
1679736900000,27399.2,27404.2,27385.6,27394.8
1679737200000,27394.7,27426,27394.2,27422.4
1679737500000,27422.5,27429,27412.6,27424
1679737800000,27424.3,27428.9,27422.6,27428.9
1679738100000,27428.9,27501.9,27428.2,27472.7
1679738400000,27472,27473.7,27461.8,27461.9
1679738700000,27461.9,27483.9,27444.3,27444.3
1679739000000,27444.4,27451.9,27433.7,27433.7
1679739300000,27434.2,27447.2,27415.6,27446.8
1679739600000,27446.8,27453.7,27436.2,27437
1679739900000,27436.8,27436.9,27393.6,27396.5
1679740200000,27396.7,27408.8,27395.3,27407.3
1679740500000,27407.9,27436.3,27407.9,27430.8
1679740800000,27430.1,27492.3,27430.1,27482.8
1679741100000,27485.3,27526.1,27473.2,27512.6
1679741400000,27510.5,27510.5,27478.5,27492.1
1679741700000,27492,27493.1,27470.1,27470.7
1679742000000,27470.8,27475.7,27457.2,27458.8
1679742300000,27458.7,27491.1,27457.9,27491.1
1679742600000,27490.2,27498.7,27440.4,27447.5
1679742900000,27447.4,27459.9,27446,27453.9
1679743200000,27453.7,27472.3,27452.9,27466.5
1679743500000,27466.4,27479.4,27466.1,27471
1679743800000,27471.2,27490.1,27470,27479.6
1679744100000,27479.8,27514.6,27479.8,27502.9
1679744400000,27502.7,27502.9,27427.4,27434.1
1679744700000,27435.2,27443.7,27418.7,27423.3
1679745000000,27423.2,27440.6,27422.5,27438.1
1679745300000,27438.4,27455.4,27438.3,27452.8
1679745600000,27452.8,27473,27451,27472.9
1679745900000,27472.5,27473.2,27403.9,27416.1
1679746200000,27416.2,27453,27403.3,27450.9
1679746500000,27450.9,27464.8,27442.2,27451.1
1679746800000,27450.8,27450.8,27415.1,27415.3
1679747100000,27415.6,27417.8,27399.5,27405.9
1679747400000,27405.8,27414.5,27371.3,27401.6
1679747700000,27401.4,27423.4,27392.2,27408
1679748000000,27408.2,27427.4,27393.2,27426.3
1679748300000,27427.4,27427.4,27398.5,27406.8
1679748600000,27407.1,27430.4,27403.3,27429.5
1679748900000,27429.1,27440.6,27413.6,27438.7
1679749200000,27438.8,27440.3,27411.9,27411.9
1679749500000,27412.3,27412.3,27356.6,27370.7
1679749800000,27370.9,27390.4,27359.1,27390.4
1679750100000,27390.1,27390.4,27349.5,27380.1
1679750400000,27380,27395.3,27372.4,27394.8
1679750700000,27394.6,27415.8,27390.9,27413.2
1679751000000,27413.9,27472.5,27408.9,27472.5
1679751300000,27472.4,27542.1,27463,27509.9
1679751600000,27509.8,27533.8,27472.2,27521.5
1679751900000,27521.5,27591.3,27499.8,27500
1679752200000,27500.2,27542.5,27487.4,27540.7
1679752500000,27540.5,27570.5,27538.4,27558.6
1679752800000,27558.5,27576.5,27548.5,27556.9
1679753100000,27557,27631.3,27551.8,27613.5
1679753400000,27611.8,27611.8,27553.2,27560.4
1679753700000,27560.1,27580,27543.1,27543.3
1679754000000,27543.1,27567.6,27543.1,27560.1
1679754300000,27559.5,27585.4,27559.5,27585.4
1679754600000,27585.6,27590.3,27560.7,27581.2
1679754900000,27581.3,27581.3,27562.3,27570.6
1679755200000,27568.7,27568.7,27548.5,27550.6
1679755500000,27550.4,27560.3,27546.7,27554.1
1679755800000,27554,27571.8,27545.1,27552.7
1679756100000,27552.7,27553.8,27511.5,27519.1
1679756400000,27519,27550.9,27519,27536.4
1679756700000,27536,27537.7,27505,27513.2
1679757000000,27513.1,27518,27481.5,27513.1
1679757300000,27512.7,27532.9,27504,27517.1
1679757600000,27517.6,27535.3,27517.6,27533.6
1679757900000,27533.5,27574,27518.8,27549.7
1679758200000,27551.9,27586.5,27531.6,27585.7
1679758500000,27585.7,27590.9,27563.5,27587.5
1679758800000,27588.9,27619.8,27588.1,27609
1679759100000,27608.5,27765.4,27599.5,27692.7
1679759400000,27693.1,27772.1,27690.3,27741.4
1679759700000,27741.5,27755.8,27641.7,27641.9
1679760000000,27641.8,27665.3,27628.7,27655
1679760300000,27654.5,27654.6,27624.6,27635.1
1679760600000,27635.2,27657,27635.2,27653.2
1679760900000,27653.3,27656.3,27618.3,27620.9
1679761200000,27620.7,27640.5,27620.7,27639.8
1679761500000,27639.9,27691.2,27639.1,27690.9
1679761800000,27691.1,27715.8,27646.9,27652
1679762100000,27652.1,27699.3,27649.6,27688
1679762400000,27688.6,27697.3,27666.9,27676.3
1679762700000,27676.9,27683.3,27648.2,27648.2
1679763000000,27648.5,27658,27633.1,27635.8
1679763300000,27635.5,27654.7,27628.5,27628.6
1679763600000,27628.7,27637.2,27625.9,27627.4
1679763900000,27628.1,27641.4,27627.2,27640.4
1679764200000,27640.1,27642.6,27634.3,27638
1679764500000,27638.2,27638.5,27526.4,27527.3
1679764800000,27527.4,27560.5,27519.5,27534.1
1679765100000,27533.9,27541.6,27428.5,27463.3
1679765400000,27461.9,27477,27385.5,27454.8
1679765700000,27454.6,27485,27441.7,27458.3
1679766000000,27458.2,27499.8,27456.6,27487.9
1679766300000,27487.9,27520.5,27487.5,27496.7
1679766600000,27496.4,27499.9,27458.1,27486.4
1679766900000,27486.2,27487.3,27476.6,27478.1
1679767200000,27478,27487.1,27449.2,27470.4
1679767500000,27470.6,27509.6,27467.4,27495.5
1679767800000,27495.6,27512.8,27494.4,27500.5
1679768100000,27500.6,27508.2,27485.3,27499
1679768400000,27499.4,27511.2,27499,27509.5
1679768700000,27509.5,27524.4,27489.9,27492.2
1679769000000,27492.4,27492.4,27430,27458.6
1679769300000,27458.5,27507.4,27456.4,27502.4
1679769600000,27501.9,27517.8,27475.2,27512.4
1679769900000,27512.4,27513.6,27499.2,27509.8
1679770200000,27509.9,27510.4,27478.9,27483
1679770500000,27482.3,27484.8,27432,27437.2
1679770800000,27438.4,27438.4,27238.8,27301.2
1679771100000,27300.8,27328.6,27273.2,27305.6
1679771400000,27306,27328,27287.1,27296.1
1679771700000,27296,27315,27289.3,27314.1
1679772000000,27314.2,27322.4,27279.8,27322.4
1679772300000,27325.8,27341,27241.6,27245.5
1679772600000,27247.3,27275.9,27159.8,27273.1
1679772900000,27273.3,27289.9,27216.3,27236.9
1679773200000,27240,27286.6,27220.4,27275.3
1679773500000,27275.1,27281.3,27176.7,27213.9
1679773800000,27214,27238.1,27170,27211.7
1679774100000,27212.2,27221.5,27169.8,27179.2
1679774400000,27177.8,27222.9,27158.2,27211.7
1679774700000,27212.1,27270.5,27209.2,27265.3
1679775000000,27265.5,27265.5,27237,27252.9
1679775300000,27252.9,27252.9,27252.9,27252.9
1679775600000,27252.9,27290.3,27252.9,27289.9
1679775900000,27289.9,27329.7,27284.7,27318.3
1679776200000,27318.2,27318.2,27301.1,27315.1
1679776500000,27315.4,27376.6,27304.1,27372.9
1679776800000,27372.9,27409.8,27364.4,27397
1679777100000,27395.8,27404.9,27353.6,27400.5
1679777400000,27400.3,27400.7,27361.5,27363.5
1679777700000,27363.4,27366.6,27342.4,27344.8
1679778000000,27344.6,27380.5,27338.9,27377.6
1679778300000,27377.2,27397.1,27374.2,27381.1
1679778600000,27381,27398.4,27381,27394.1
1679778900000,27394.4,27407.5,27376.7,27407.5
1679779200000,27408.1,27429.9,27395,27421.6
1679779500000,27420.5,27421.6,27383.6,27390.5
1679779800000,27388,27414.7,27384.8,27414.7
1679780100000,27414.8,27417,27364.7,27377
1679780400000,27376.6,27388.8,27356.8,27357.7
1679780700000,27357.7,27374.1,27343.9,27347.5
1679781000000,27347.9,27400.5,27347.1,27381.8
1679781300000,27381.6,27413.4,27379.3,27401.8
1679781600000,27374.9,27441.7,27354.9,27437.2
1679781900000,27437.1,27476.7,27429.4,27474.5
1679782200000,27474.6,27505.5,27445.5,27503.3
1679782500000,27503.8,27511.7,27457.7,27467.6
1679782800000,27467.7,27479.2,27456.1,27456.8
1679783100000,27456.7,27476.3,27451.6,27468.3
1679783400000,27468.4,27468.4,27433.5,27434
1679783700000,27433.9,27441.6,27417.7,27418.2
1679784000000,27417.7,27461.8,27410.3,27461.8
1679784300000,27460.4,27479.9,27443.5,27444.3
1679784600000,27445.9,27445.9,27426.6,27430.3
1679784900000,27429.9,27435.4,27416.1,27431.3
1679785200000,27431.6,27431.6,27395.1,27409.8
1679785500000,27410.1,27414.5,27403.2,27414.5
1679785800000,27413.9,27429.9,27413.9,27429.8
1679786100000,27429.8,27450.1,27418.1,27445.6
1679786400000,27444,27455.3,27440.2,27441.3
1679786700000,27442.4,27445.6,27418.4,27421.3
1679787000000,27421.4,27452.3,27418.6,27452.3
1679787300000,27452.7,27458.4,27447.9,27454.7
1679787600000,27454.8,27471.8,27454.6,27469.3
1679787900000,27469.7,27471.8,27461.5,27461.7
1679788200000,27461.6,27463.4,27449.4,27452
1679788500000,27452.1,27460.2,27450.1,27451.9
1679788800000,27452.5,27473,27445.8,27450.3
1679789100000,27450.2,27451,27444.2,27449.6
1679789400000,27449.5,27456.1,27440.4,27440.4
1679789700000,27440.3,27442.3,27410.6,27431.9
1679790000000,27432,27432.4,27420.3,27424.3
1679790300000,27424.2,27437.3,27424.1,27428.1
1679790600000,27427.9,27459.2,27427.5,27459.2
1679790900000,27458.6,27474.8,27457.9,27474.8
1679791200000,27474.7,27568.8,27472.7,27544.2
1679791500000,27544.2,27616.2,27544.2,27580.4
1679791800000,27581.2,27586.4,27558.2,27578.6
1679792100000,27578.7,27579.3,27523,27526.9
1679792400000,27529,27533,27515.7,27532.2
1679792700000,27532.3,27563.3,27530.3,27539.3
1679793000000,27539.2,27549.1,27531.5,27533
1679793300000,27532.9,27570.9,27532.5,27557
1679793600000,27556.8,27581.2,27554.1,27579.8
1679793900000,27579,27588.1,27567.3,27568.4
1679794200000,27568.3,27616.3,27568.3,27602
1679794500000,27601.6,27608.9,27590.3,27594.3
1679794800000,27594.2,27634.9,27592.1,27601.4
1679795100000,27601.1,27607.2,27560.8,27560.8
1679795400000,27560.9,27588,27556.2,27587.5
1679795700000,27588.2,27594.2,27583.4,27587.8
1679796000000,27588,27602.3,27581.7,27581.7
1679796300000,27580.2,27604.5,27578.7,27595.1
1679796600000,27594.9,27597.1,27569,27569.1
1679796900000,27568.2,27593.4,27567.6,27575.1
1679797200000,27575.2,27576.9,27562.5,27570.2
1679797500000,27570.7,27577.7,27570.2,27571.2
1679797800000,27571.1,27581.6,27570.1,27577.8
1679798100000,27577.8,27589.3,27577.4,27578.9
1679798400000,27579.1,27579.3,27557.2,27557.4
1679798700000,27557.4,27565.2,27557.4,27563
1679799000000,27563.2,27577.9,27563,27577.1
1679799300000,27580.1,27595,27578.9,27587.2
1679799600000,27586.6,27591.4,27576.2,27576.2
1679799900000,27576.4,27576.4,27564,27570
1679800200000,27570.1,27597.3,27569.5,27596.6
1679800500000,27596.5,27604.5,27589.5,27590
1679800800000,27589.8,27592.7,27572.9,27575.5
1679801100000,27575.2,27575.3,27549,27549.8
1679801400000,27549.7,27552.9,27500.6,27517.8
1679801700000,27518.9,27549.9,27509.5,27549.6
1679802000000,27549.5,27549.9,27529.8,27543.5
1679802300000,27543.6,27550.6,27527.2,27534.1
1679802600000,27533.8,27535.3,27505.2,27505.5
1679802900000,27505.6,27516.7,27505.3,27516.4
1679803200000,27516.5,27522.5,27507.8,27509
1679803500000,27508,27508.4,27470.6,27473.2
1679803800000,27473.8,27511.2,27473.8,27505.5
1679804100000,27505.6,27511.4,27504.1,27508.6
1679804400000,27509,27520.4,27506.6,27506.6
1679804700000,27506.7,27512.7,27503.3,27512.2
1679805000000,27512.1,27512.2,27498.8,27500.3
1679805300000,27500.2,27504.1,27493.1,27493.5
1679805600000,27493.6,27495.6,27477.7,27478.7
1679805900000,27478.8,27486.8,27463,27475
1679806200000,27475.1,27485,27475.1,27477.5
1679806500000,27479.3,27501.1,27479.2,27500.4
1679806800000,27500.2,27503.1,27499.9,27502.4
1679807100000,27501.6,27503.3,27483.5,27485.7
1679807400000,27485.8,27513.7,27485.4,27513.4
1679807700000,27513.8,27518.1,27490.8,27494.5
1679808000000,27494.1,27501.9,27482.6,27482.6
1679808300000,27482.4,27483,27467.2,27475.2
1679808600000,27474.5,27483.3,27471.5,27472.9
1679808900000,27472.9,27483,27462.7,27482.5
1679809200000,27481.1,27504.7,27480.6,27504.7
1679809500000,27505,27525,27504.5,27522
1679809800000,27521.8,27539.9,27521.4,27539.9
1679810100000,27540.2,27542.1,27535.5,27536.4
1679810400000,27536.6,27560.9,27521.2,27522.2
1679810700000,27523.1,27526.4,27510.8,27511.1
1679811000000,27511,27535.8,27510.9,27535.4
1679811300000,27535.4,27535.7,27520.6,27521.7
1679811600000,27521.5,27521.9,27479.4,27483.2
1679811900000,27482.9,27501.8,27482.9,27496.9
1679812200000,27496.8,27501.4,27490.8,27492.5
1679812500000,27492.2,27501.8,27488.8,27500.5
1679812800000,27500.3,27507.2,27486.5,27486.5
1679813100000,27487,27501,27476.6,27497.5
1679813400000,27497.5,27499.3,27492.8,27496
1679813700000,27495.9,27496.7,27486.8,27490.5
1679814000000,27490.6,27492.8,27483.7,27484.8
1679814300000,27484.4,27499.7,27482.7,27498.1
1679814600000,27498.2,27509.6,27497,27506.9
1679814900000,27506.9,27510,27495.1,27495.6
1679815200000,27495.5,27507.7,27495.3,27501.9
1679815500000,27501.4,27523,27501.3,27511.9
1679815800000,27512,27515.9,27493.8,27496.6
1679816100000,27496.5,27496.5,27478.5,27491.6
1679816400000,27489.9,27493.3,27484.2,27489.4
1679816700000,27489.2,27492,27482.5,27485.4
1679817000000,27485.2,27490.3,27476.9,27479.9
1679817300000,27479.3,27496.6,27479.3,27496.5
1679817600000,27497.2,27499.5,27494.2,27498.3
1679817900000,27498.2,27503.8,27490.3,27503.7
1679818200000,27503,27510.2,27502.9,27503
1679818500000,27506.3,27516.7,27504,27505.8
1679818800000,27506,27507,27499,27499.1
1679819100000,27499.5,27513.4,27499.5,27507.4
1679819400000,27507.4,27512.7,27474.7,27492.2
1679819700000,27492.2,27689.1,27492.1,27684.6
1679820000000,27682.7,27742,27646.9,27665.8
1679820300000,27667.5,27684.7,27637.8,27681.1
1679820600000,27681,27737,27669.4,27671.6
1679820900000,27672.2,27689.4,27649.1,27649.1
1679821200000,27648.9,27658,27618.1,27633.8
1679821500000,27633.7,27652.4,27626.5,27639.6
1679821800000,27640.2,27691.8,27640.2,27686.9
1679822100000,27687,27720.5,27678.4,27685.7
1679822400000,27685.7,27690.5,27660,27672.4
1679822700000,27671.9,27692.8,27671.6,27686.2
1679823000000,27686.4,27686.4,27639.9,27642.9
1679823300000,27642.5,27663.1,27641.4,27655.6
1679823600000,27655.7,27667.1,27639.5,27639.8
1679823900000,27639.7,27652.9,27639.7,27640.9
1679824200000,27641.1,27660.5,27641.1,27653.5
1679824500000,27653.4,27671.3,27650.5,27670.8
1679824800000,27670.6,27672.9,27656,27662
1679825100000,27663,27675.1,27661.2,27674.6
1679825400000,27674.5,27694.7,27659.8,27667.6
1679825700000,27667.8,27677.2,27653.1,27660.2
1679826000000,27660.4,27670.1,27660.4,27664.7
1679826300000,27664.8,27664.8,27643.3,27643.6
1679826600000,27643.7,27645.2,27630.5,27630.5
1679826900000,27630.6,27659.5,27630.6,27658.2
1679827200000,27658.3,27660.1,27646.6,27651.6
1679827500000,27651.4,27677.7,27651.3,27676.3
1679827800000,27676.7,27682.4,27670.6,27679.8
1679828100000,27680,27681,27665.2,27669.1
1679828400000,27669,27671.9,27662.4,27662.9
1679828700000,27663,27680.7,27659.1,27678.1
1679829000000,27678.2,27710.4,27678.1,27708.1
1679829300000,27708.3,27735.1,27703,27704.6
1679829600000,27704.5,27704.6,27694.2,27699.4
1679829900000,27699.3,27699.3,27660.4,27661.9
1679830200000,27662.4,27690.4,27656,27656
1679830500000,27655.7,27661.8,27643.3,27643.8
1679830800000,27643.9,27693.1,27643.4,27693.1
1679831100000,27693,27716.7,27691.8,27703.9
1679831400000,27703.9,27713.5,27702.5,27706.8
1679831700000,27706.2,27894,27703.6,27857.1
1679832000000,27856.8,27962.7,27856.8,27915.6
1679832300000,27915.4,27934.2,27875.4,27875.9
1679832600000,27876,27887.2,27856.2,27857.8
1679832900000,27857.8,27875.9,27827.7,27855.3
1679833200000,27855.3,27898.3,27854.5,27871.6
1679833500000,27871.5,27871.7,27839.5,27839.9
1679833800000,27840.2,27897.2,27839.9,27894
1679834100000,27893.9,27898.5,27865.6,27867.2
1679834400000,27867.1,27900.5,27867.1,27883.5
1679834700000,27882.4,27899.8,27882.1,27891.3
1679835000000,27891.6,27922.8,27852.7,27858.5
1679835300000,27858.6,27909.9,27858.4,27903.8
1679835600000,27905.7,27937.5,27885.7,27892.3
1679835900000,27892.1,27911.3,27886.9,27903.9
1679836200000,27904,27909.8,27883.4,27884.4
1679836500000,27884.6,27919.2,27874.5,27917.2
1679836800000,27917,27917.7,27898.2,27898.5
1679837100000,27898.6,27907.7,27887,27887.3
1679837400000,27887,27899.1,27886.2,27892
1679837700000,27892.3,28131,27890.3,28033.1
1679838000000,28031.8,28071.5,28024.7,28047.2
1679838300000,28049.7,28081.7,28011.3,28074.7
1679838600000,28074.8,28110.5,28054.3,28105.9
1679838900000,28105.6,28179.5,28078.9,28140.9
1679839200000,28142,28146.4,28068.4,28077.2
1679839500000,28077.3,28094.4,28052.3,28053.3
1679839800000,28053.2,28058.8,28014.5,28051.2
1679840100000,28051.2,28063,27982,27987.9
1679840400000,27988,27993.2,27936.9,27993.2
1679840700000,27993.3,28010.8,27934.4,27934.4
1679841000000,27934.5,27953.3,27723.8,27766.2
1679841300000,27768.4,27833.9,27766.5,27783
1679841600000,27782.9,27806.4,27743.2,27792.6
1679841900000,27793.4,27859.2,27776.9,27830.1
1679842200000,27830.3,27830.7,27695.1,27737.1
1679842500000,27737.8,27777.7,27703.9,27777.7
1679842800000,27777.1,27813.5,27744.6,27793.7
1679843100000,27794,27850.1,27762.1,27824.5
1679843400000,27824.8,27826.6,27799.7,27810.3
1679843700000,27813.3,27832.7,27791.8,27796.5
1679844000000,27796.6,27805.6,27749.3,27770.4
1679844300000,27770.3,27826.6,27769.5,27819.5
1679844600000,27819.5,27837.9,27785.1,27794.8
1679844900000,27795.1,27799.7,27762.6,27766.7
1679845200000,27766.8,27789.3,27748.1,27748.6
1679845500000,27748.3,27766.9,27713.6,27725
1679845800000,27724.8,27775.8,27720.3,27774.4
1679846100000,27774.7,27857.8,27758.8,27796.1
1679846400000,27795.3,27814.8,27777.9,27812.2
1679846700000,27812.4,27848.8,27807.9,27848.8
1679847000000,27849.7,27864.1,27794.6,27799.1
1679847300000,27797.6,27797.6,27771.4,27780
1679847600000,27779.9,27800,27765.6,27798.9
1679847900000,27798.4,27798.4,27776.2,27786.6
1679848200000,27786.4,27811,27780.9,27783.1
1679848500000,27782.7,27786.6,27770.5,27786.4
1679848800000,27786.3,27800.5,27786.3,27787.6
1679849100000,27787.5,27803.6,27776,27786.3
1679849400000,27786.2,27789.4,27772.4,27775.4
1679849700000,27775.8,27775.8,27641.8,27683.1
1679850000000,27689.8,27714.1,27622.9,27713
1679850300000,27714.3,27741.6,27704.8,27740.7
1679850600000,27740.6,27761.8,27727.2,27754.7
1679850900000,27754.8,27771.3,27742.7,27751.6
1679851200000,27751.2,27788.9,27738.6,27782.7
1679851500000,27782.6,27792.1,27779.8,27790.3
1679851800000,27790.4,27844,27785.9,27836
1679852100000,27836.2,27836.4,27779.2,27783.7
1679852400000,27784.9,27842.4,27783.3,27832.8
1679852700000,27833.1,27836.7,27798.8,27804.7
1679853000000,27804.5,27830.6,27803.6,27817
1679853300000,27816.9,27822.9,27801.7,27822.8
1679853600000,27822.7,27828.7,27804.4,27811.2
1679853900000,27811.4,27849.3,27777,27849.3
1679854200000,27849.3,27906.8,27844.6,27859
1679854500000,27861.9,27869,27831.8,27831.9
1679854800000,27832,27851.3,27832,27848
1679855100000,27848.1,27848.7,27798.4,27802.9
1679855400000,27802.8,27806,27762.2,27763.5
1679855700000,27763.8,27795.8,27761.3,27763.6
1679856000000,27763.3,27796.3,27763.3,27796.3
1679856300000,27796.4,27807.3,27763.7,27779.1
1679856600000,27780.1,27796.2,27766.7,27796.2
1679856900000,27795.8,27798.2,27777,27797.7
1679857200000,27797.7,27805.8,27778.8,27783
1679857500000,27783.6,27817.8,27782.5,27814.2
1679857800000,27813.8,27814.7,27787.1,27802.6
1679858100000,27802.5,27824.8,27799.9,27824.5
1679858400000,27824.8,27831.1,27793.8,27798.8
1679858700000,27798.5,27798.5,27775.8,27776.3
1679859000000,27776.2,27801.9,27774,27792.8
1679859300000,27792.7,27794.6,27780.8,27791.2
1679859600000,27790.5,27799,27784.9,27794.4
1679859900000,27794,27824.4,27792.4,27823.3
1679860200000,27823.2,27841.8,27812.8,27832.3
1679860500000,27832.5,27832.5,27811.5,27815.1
1679860800000,27815,27832.4,27796.6,27831.3
1679861100000,27830.7,27843.5,27828.3,27835.2
1679861400000,27835.3,27879.6,27834.8,27867.1
1679861700000,27867,27887.4,27860.6,27869.3
1679862000000,27868.2,27868.2,27825.9,27828.4
1679862300000,27827.8,27844.9,27823.6,27826.4
1679862600000,27826.6,27826.8,27717.2,27720.1
1679862900000,27724.3,27745.6,27677.9,27720.5
1679863200000,27721,27738.8,27703.1,27738.1
1679863500000,27738.6,27739.5,27685.2,27717.6
1679863800000,27718.3,27737.6,27682.3,27737.6
1679864100000,27737.8,27769.2,27727.5,27767.7
1679864400000,27741,27762.7,27731.1,27756.1
1679864700000,27756.4,27760.2,27739.7,27756.3
1679865000000,27761.5,27779.2,27761.5,27779
1679865300000,27777.5,27820,27777.5,27795.4
1679865600000,27795.1,27795.1,27761.7,27765.7
1679865900000,27769.2,27791.9,27754.6,27788.1
1679866200000,27787.8,27789,27776.6,27783.1
1679866500000,27783,27783,27758.8,27769.3
1679866800000,27771.5,27802.6,27766.1,27768.2
1679867100000,27766.1,27795.9,27763.7,27795
1679867400000,27797.3,27805.7,27785.1,27785.2
1679867700000,27786.3,27827.9,27785.8,27827.9
1679868000000,27807.7,27843.6,27790.7,27832.6
1679868300000,27832.7,27861.3,27832.6,27847.6
1679868600000,27847.4,27981.8,27834.8,27973.6
1679868900000,27973.9,27975.6,27920.3,27964.8
1679869200000,27964.7,28058.4,27964.7,28031
1679869500000,28030.5,28038.6,27974.3,27974.8
1679869800000,27974.2,27975,27914.4,27914.5
1679870100000,27915.3,27946.2,27908.1,27924.9
1679870400000,27923.9,27986.5,27923.9,27983.5
1679870700000,27983.8,28009.2,27967.9,27989.2
1679871000000,27989.2,28005.2,27966.6,27999.5
1679871300000,27999.5,28050.7,27999.5,28033.1
1679871600000,28032.8,28051.5,28007.6,28050.3
1679871900000,28050.6,28083.6,28034.2,28042.2
1679872200000,28041.3,28065.8,28028.2,28050.6
1679872500000,28049.2,28102.7,28048,28097.2
1679872800000,28097.6,28124.4,28040.3,28042.8
1679873100000,28043.8,28062.7,28013.7,28034.2
1679873400000,28036,28052.2,28025.2,28048.2
1679873700000,28048.1,28077.7,28030.7,28031.2
1679874000000,28030.9,28033.2,27992.2,28002.5
1679874300000,28002.9,28026.2,27975.2,27975.2
1679874600000,27974.7,27990.3,27953.9,27969.6
1679874900000,27969.8,27970.5,27936,27959.9
1679875200000,27958.2,27970.2,27938.3,27956.2
1679875500000,27955.2,27970.2,27929,27940.7
1679875800000,27940.1,27942.2,27919.3,27921.3
1679876100000,27923.2,27937.2,27918.2,27927.5
1679876400000,27928,27946,27925.2,27932.2
1679876700000,27932.2,27986.2,27926.2,27966.9
1679877000000,27966.7,27974.2,27900.2,27904.2
1679877300000,27909.2,27969.2,27903.3,27960.7
1679877600000,27960.7,27971.5,27948.6,27949.7
1679877900000,27948.4,27969.9,27935.2,27961.2
1679878200000,27961.8,28011.2,27961.2,28003.4
1679878500000,28003.7,28003.7,27973,27984
1679878800000,27983.7,28003.6,27974.7,27992.5
1679879100000,27991.4,27998.2,27913.1,27920.5
1679879400000,27922.5,27945.2,27915.2,27936.8
1679879700000,27937,27937,27817,27817.2
1679880000000,27817.2,27851.2,27801.6,27838.2
1679880300000,27838.2,27878.9,27828.1,27877
1679880600000,27878.3,27878.3,27841,27860.5
1679880900000,27860.4,27868,27819.5,27844.4
1679881200000,27843,27870.9,27825.2,27867.9
1679881500000,27867.7,27867.7,27805.7,27815.5
1679881800000,27815.7,27838.4,27803.7,27838.3
1679882100000,27836.9,27842.7,27814.9,27815.7
1679882400000,27816,27838.6,27775.2,27788.5
1679882700000,27788.7,27834.5,27784.8,27827.4
1679883000000,27827.4,27854.8,27822,27852
1679883300000,27854.4,27858.2,27835.2,27854.7
1679883600000,27855.4,27857.4,27843.3,27847.7
1679883900000,27847.7,27848.5,27823,27832.8
1679884200000,27833.1,27833.1,27805,27818.5
1679884500000,27818.5,27851,27818.5,27851
1679884800000,27851,27851.3,27816.1,27833.9
1679885100000,27833.5,27843.1,27823.5,27839.8
1679885400000,27840,27865.2,27831.1,27856.5
1679885700000,27856.5,27874.8,27856.5,27862.8
1679886000000,27863.7,27868.3,27856.3,27862.2
1679886300000,27862.2,27874.9,27848.2,27872.3
1679886600000,27873.9,27886.4,27870.2,27871.9
1679886900000,27871.7,27871.7,27850.7,27856.4
1679887200000,27856.8,27871.2,27848.2,27853.2
1679887500000,27850.1,27870.8,27827.8,27827.8
1679887800000,27831.2,27839,27816.9,27838.3
1679888100000,27837.5,27884,27837.2,27880.7
1679888400000,27880.7,27883.3,27869,27876.2
1679888700000,27874.5,27915.2,27874.5,27907.8
1679889000000,27907.8,27907.8,27889.3,27895.9
1679889300000,27895.9,27895.9,27874.2,27877.2
1679889600000,27877.2,27878.4,27862,27866.9
1679889900000,27866.9,27905.2,27864.2,27905.2
1679890200000,27905.2,27919.2,27894.5,27918.3
1679890500000,27918.3,27922.2,27876.8,27891.8
1679890800000,27891.8,27899.4,27878.4,27898.2
1679891100000,27898.2,27921.6,27887.8,27911.5
1679891400000,27911.7,27914.7,27906,27906.3
1679891700000,27906.3,27906.3,27891.9,27897.8
1679892000000,27897.8,27897.8,27881.6,27887.6
1679892300000,27887.6,27887.7,27866.6,27881.3
1679892600000,27881.3,27901,27881.3,27901
1679892900000,27901,27907.8,27894.6,27899.3
1679893200000,27899.3,27907.2,27881.5,27891.8
1679893500000,27892.1,27895.1,27874.3,27878.2
1679893800000,27878.2,27878.2,27827.7,27827.7
1679894100000,27828.5,27841.3,27810.7,27835.7
1679894400000,27835.7,27855,27835.6,27841.7
1679894700000,27845.2,27867.2,27842.5,27850.9
1679895000000,27850.9,27850.9,27822.1,27833.5
1679895300000,27833.5,27833.5,27816.2,27818.7
1679895600000,27818.7,27822.5,27816.8,27822.5
1679895900000,27822.5,27854.2,27821.2,27825.3
1679896200000,27825.3,27830.2,27687.7,27700.9
1679896500000,27700.9,27715.2,27664.3,27702
1679896800000,27702,27721.2,27657,27688.5
1679897100000,27688.5,27719.3,27660.8,27715.5
1679897400000,27715.5,27735.5,27706.4,27729.8
1679897700000,27729.8,27748.2,27727.9,27744.3
1679898000000,27744.3,27752.2,27719.8,27749.3
1679898300000,27749.8,27769.2,27743.2,27766.9
1679898600000,27766.9,27780.2,27765.3,27768.6
1679898900000,27769.3,27780.1,27750.7,27777.8
1679899200000,27777.8,27785,27749.9,27749.9
1679899500000,27750.2,27766.5,27730,27764.8
1679899800000,27764.8,27786.2,27764.8,27778.8
1679900100000,27778.8,27788,27775.2,27786.7
1679900400000,27786.7,27795.7,27772.9,27795.7
1679900700000,27795.9,27802.2,27774.2,27774.2
1679901000000,27775,27800.3,27775,27800.3
1679901300000,27800.6,27840.2,27794.5,27838.8
1679901600000,27832.8,27834.8,27807.7,27812.3
1679901900000,27812.3,27812.3,27791.9,27804.9
1679902200000,27804.9,27807.8,27770.3,27780.5
1679902500000,27781.2,27812.2,27780.5,27812
1679902800000,27812,27828.5,27812,27822.3
1679903100000,27823.2,27826.2,27753.4,27755.2
1679903400000,27755.2,27786.6,27751,27780.2
1679903700000,27781.3,27797.4,27780.2,27797.1
1679904000000,27797.1,27802.8,27781.8,27782.8
1679904300000,27783.2,27811.3,27782.3,27811.3
1679904600000,27811.3,27816.9,27783,27783
1679904900000,27783,27783,27764.9,27782.4
1679905200000,27782.4,27787.5,27768.7,27780.8
1679905500000,27780.2,27794.2,27777.6,27780.6
1679905800000,27780.6,27796.2,27780.6,27787.7
1679906100000,27788.2,27811.7,27788.2,27811.7
1679906400000,27811.7,27811.7,27797.9,27803.9
1679906700000,27803.9,27820,27803.9,27820
1679907000000,27820.3,27846.7,27817.2,27841.2
1679907300000,27841.2,27841.2,27827.2,27830.6
1679907600000,27830.6,27841.2,27823.2,27826.9
1679907900000,27826.9,27826.9,27812.3,27815.9
1679908200000,27816,27822.8,27810.7,27814.7
1679908500000,27814.7,27880.2,27806.1,27876.4
1679908800000,27876.4,27950.7,27870.8,27913.2
1679909100000,27917.2,27941.2,27887.5,27893.2
1679909400000,27893.2,27914.7,27878.5,27882.6
1679909700000,27884.2,27926.2,27878.5,27920.7
1679910000000,27917.4,27927.2,27895.6,27904.7
1679910300000,27904.7,27921.3,27893.8,27907.7
1679910600000,27907.7,27924.7,27896.2,27905.3
1679910900000,27905.3,27933.2,27901.3,27917.3
1679911200000,27917.7,27934.2,27903.9,27907.2
1679911500000,27907.2,27907.2,27892.3,27892.3
1679911800000,27892.3,27907.2,27891.4,27891.4
1679912100000,27891.4,27902.7,27884.3,27884.3
1679912400000,27884.3,27888.7,27879.8,27886.2
1679912700000,27886.2,27895.7,27850.8,27850.8
1679913000000,27850.8,27881.7,27848.9,27881.7
1679913300000,27881.7,27917.2,27872.3,27909.5
1679913600000,27909.5,27909.5,27876.7,27876.7
1679913900000,27876.7,27912.2,27874.7,27900
1679914200000,27900,27900,27884.2,27884.2
1679914500000,27884.2,27895.2,27879.2,27888.5
1679914800000,27888.5,27896,27882,27885.8
1679915100000,27885.8,27932.2,27885.6,27917.7
1679915400000,27917.7,27963.6,27906,27922.6
1679915700000,27922.6,27924.1,27901,27918.1
1679916000000,27918.1,27949.2,27918.1,27942.2
1679916300000,27938.2,27945.7,27904.5,27908.4
1679916600000,27908.4,27933.2,27908.4,27925.3
1679916900000,27925.3,27925.3,27871,27880.2
1679917200000,27880.2,27883.2,27857.2,27869.4
1679917500000,27869.4,27874.7,27821,27837.7
1679917800000,27830.9,27863.5,27830.9,27860.8
1679918100000,27861,27879.9,27860.5,27870.8
1679918400000,27870.8,27876.9,27854.2,27855.1
1679918700000,27855.1,27855.1,27828.8,27833.5
1679919000000,27833.5,27886.9,27833.5,27884.2
1679919300000,27884.2,27904.7,27819.3,27830.6
1679919600000,27830.6,27844.3,27794.5,27835.8
1679919900000,27835.8,27855.2,27791.5,27809.2
1679920200000,27809.2,27827.7,27756,27761.4
1679920500000,27761.4,27792.2,27738.3,27782
1679920800000,27783.7,27786.7,27748.3,27759.8
1679921100000,27748.3,27755.7,27703,27709.2
1679921400000,27711.9,27735.2,27680.3,27721.2
1679921700000,27721.2,27722.2,27688.5,27722.2
1679922000000,27722.2,27755.2,27709.4,27752.2
1679922300000,27752.2,27752.2,27697.4,27699.5
1679922600000,27699.5,27740.2,27673.6,27708.4
1679922900000,27708.4,27732.6,27679.7,27726.9
1679923200000,27727.7,27752.2,27723.1,27744.1
1679923500000,27744.1,27774.2,27725.2,27766.2
1679923800000,27766.2,27766.2,27733.5,27761.2
1679924100000,27760.4,27777.3,27604.4,27638.7
1679924400000,27638.7,27749.2,27609.1,27744.6
1679924700000,27744.6,27811.6,27744.6,27766.2
1679925000000,27766.2,27783.3,27689.8,27696.6
1679925300000,27701.7,27735.2,27646.5,27670.2
1679925600000,27670.2,27705.4,27658.6,27680.7
1679925900000,27680.7,27694.2,27633.3,27694.2
1679926200000,27697.2,27706.2,27549.8,27566.7
1679926500000,27562.8,27621.2,27360.1,27400.9
1679926800000,27400.9,27433.2,27271.6,27316.2
1679927100000,27316.2,27320.4,27211.7,27307.8
1679927400000,27307.8,27307.8,27224.7,27296.5
1679927700000,27296.5,27351.2,27261.3,27330.8
1679928000000,27331.1,27386.2,27304.2,27363.8
1679928300000,27361,27386.2,27333.3,27347.7
1679928600000,27342.5,27348.2,27280.8,27325.5
1679928900000,27325.6,27355.6,26944.6,26953.8
1679929200000,26953.8,26953.8,26643.1,26703.1
1679929500000,26703.1,26837,26635.5,26644.4
1679929800000,26654.3,26709.8,26486.7,26694.2
1679930100000,26688.3,26844.4,26633.9,26791
1679930400000,26791,26901.2,26787.9,26859
1679930700000,26852.6,26933.2,26786.7,26919.1
1679931000000,26919.1,26993.2,26868.5,26904.9
1679931300000,26904.9,26950.8,26803.5,26861.6
1679931600000,26861.6,26905.4,26817.6,26900.1
1679931900000,26902.3,26906.2,26816.7,26870.2
1679932200000,26869.7,26930.1,26849.3,26902.2
1679932500000,26902.2,26922.7,26857.2,26868.2
1679932800000,26872.1,27058.9,26832,27029.6
1679933100000,27029.6,27171.6,27028.2,27136.3
1679933400000,27136.3,27161.2,27093.2,27143.3
1679933700000,27143.3,27277.8,27143.2,27244.7
1679934000000,27244.7,27244.7,27162.6,27188.5
1679934300000,27188.5,27212.1,27124.8,27161.7
1679934600000,27161.1,27218.2,27153.2,27171.6
1679934900000,27174.1,27179.2,27118.1,27128.6
1679935200000,27127.3,27147.5,27073.3,27119.7
1679935500000,27118.9,27143.6,27095.7,27100.2
1679935800000,27100.3,27105.5,27052.9,27079
1679936100000,27079,27119.7,27059.1,27111.6
1679936400000,27111.6,27182,27094.6,27159.2
1679936700000,27159.2,27160.5,27075.2,27084.2
1679937000000,27084.2,27102.8,27063.1,27090.5
1679937300000,27090.5,27116.8,27068.2,27087.3
1679937600000,27087.5,27146,27087.5,27111.8
1679937900000,27111.8,27111.8,26961.8,26978.9
1679938200000,26978.9,27041.3,26965.8,27033
1679938500000,27033,27033,26974.7,26994
1679938800000,26994,27019.6,26978.2,26999
1679939100000,26997.3,27040.2,26992.2,27000.1
1679939400000,27000.1,27000.1,26909.5,26927.1
1679939700000,26927.1,26981.5,26912.8,26937.1
1679940000000,26937.1,26969.8,26923.2,26943.7
1679940300000,26943.7,27026.2,26932.9,27025.5
1679940600000,27015.2,27038.1,26983.9,27033.2
1679940900000,27033.2,27148.2,27025.6,27117.2
1679941200000,27117.2,27123,27026.7,27029.2
1679941500000,27029.2,27051.2,27025.6,27037.6
1679941800000,27037.6,27075.2,27037,27065
1679942100000,27065,27072.4,27043.2,27060.7
1679942400000,27060.7,27100.4,27055.6,27077
1679942700000,27077,27127.2,27074.5,27114.6
1679943000000,27115.4,27118.4,27066.2,27067.9
1679943300000,27068.5,27082.1,27064.9,27071.2
1679943600000,27071.2,27077.9,27042.2,27045.2
1679943900000,27046.2,27051.8,27007.5,27010.3
1679944200000,27010.3,27041.1,27010.3,27030.9
1679944500000,27030.9,27035.2,27014.5,27021.2
1679944800000,27021.2,27077,27021.2,27074.7
1679945100000,27074.7,27111.7,27074.7,27086
1679945400000,27086,27086,27045.7,27047.6
1679945700000,27047.6,27048.2,26980.3,26994.2
1679946000000,26994.9,27020.6,26978.1,26984.9
1679946300000,26984.9,27001.5,26984.9,27001.5
1679946600000,27001.5,27030.3,26964.2,27018.6
1679946900000,27019.2,27020.4,26917.1,26935.8
1679947200000,26939.2,27027,26933.9,26977.3
1679947500000,26977.3,27001.1,26865.9,26890.5
1679947800000,26890.5,26941.4,26890,26920.5
1679948100000,26922.5,26951.2,26905,26951.2
1679948400000,26951.2,26976.9,26949.6,26960.8
1679948700000,26960.8,27011,26952.2,27011
1679949000000,27011,27021.3,26992.7,26997.7
1679949300000,26997.7,26997.7,26989,26993.2
1679949600000,26988.3,27000.4,26950.3,26959.2
1679949900000,26959.2,26980.3,26943.5,26943.5
1679950200000,26943.7,26983.2,26941.9,26983.2
1679950500000,26983.2,27010.5,26976.2,27007.7
1679950800000,27002.4,27004.6,26980.6,27004.4
1679951100000,27005.1,27103.5,27003.2,27102.6
1679951400000,27104.3,27110.5,27062.4,27087.5
1679951700000,27087.5,27087.5,27061.7,27070.1
1679952000000,27070.4,27157.3,27070.1,27118.7
1679952300000,27118.7,27129.5,27104.2,27104.2
1679952600000,27101.3,27132.1,27100.6,27115.7
1679952900000,27115.7,27124.2,27108.7,27122.3
1679953200000,27122.3,27122.3,27081.6,27082.5
1679953500000,27082.9,27107.9,27082.9,27107.9
1679953800000,27107.9,27138.9,27107.9,27127.9
1679954100000,27127.9,27143.3,27108.6,27143.3
1679954400000,27143.3,27152.7,27110.7,27132
1679954700000,27132,27138.9,27106.8,27138.9
1679955000000,27139.7,27220.9,27139.2,27168.1
1679955300000,27168.1,27168.1,27132.4,27141.6
1679955600000,27141.8,27153.8,27132.9,27140.9
1679955900000,27140.9,27142.3,27118.7,27124.1
1679956200000,27124.1,27139.8,27085.5,27098.3
1679956500000,27098.2,27115.2,27068.3,27073.8
1679956800000,27073.8,27100.9,27063.7,27086.2
1679957100000,27086.2,27105,27071.2,27082.3
1679957400000,27082.3,27086.2,27081.8,27081.8
1679957700000,27081.8,27089.2,27062.2,27071.7
1679958000000,27071.7,27081.2,27039.7,27067.2
1679958300000,27067.7,27089.2,27067.2,27087.7
1679958600000,27087.7,27113.9,27087.7,27102.2
1679958900000,27102.3,27107.2,27087.7,27104
1679959200000,27104,27119.5,27103.6,27105.2
1679959500000,27105.2,27126.2,27105.2,27124.5
1679959800000,27124.7,27131.2,27118,27128
1679960100000,27128,27143.2,27124.7,27139.3
1679960400000,27139.3,27142.6,27078.9,27084.2
1679960700000,27084.1,27138.2,27079.3,27134.2
1679961000000,27134.7,27141.2,27125.6,27129.1
1679961300000,27129.1,27129.1,27102.7,27106.7
1679961600000,27106.7,27135.2,27094.6,27098.2
1679961900000,27098.2,27105.3,27067.7,27072.8
1679962200000,27072.8,27102.5,27066.2,27081.2
1679962500000,27081.3,27084.4,27051.7,27056.2
1679962800000,27056.2,27077.6,27033,27043.9
1679963100000,27044.2,27072,27035.8,27055.6
1679963400000,27055.8,27058.7,27045.2,27045.2
1679963700000,27045.2,27077.2,27024.7,27068.2
1679964000000,27068.5,27080.4,27031.6,27034.6
1679964300000,27036.2,27039.2,27017.1,27023.1
1679964600000,27023.1,27023.1,26926.2,26949.5
1679964900000,26952.5,26975.2,26923.5,26938.2
1679965200000,26938.2,26938.2,26794.1,26853.4
1679965500000,26853.4,26888.9,26848.1,26862.4
1679965800000,26862.4,26901.4,26852.6,26870
1679966100000,26870.7,26975.4,26870.7,26958.4
1679966400000,26958.4,26963.5,26922.3,26958.2
1679966700000,26959.5,26990.4,26957.6,26982.1
1679967000000,26982.1,27002.9,26973.7,27000
1679967300000,26999.6,27144.2,26999.2,27099.4
1679967600000,27098.7,27111.3,27069.3,27071.8
1679967900000,27071,27094.5,27054.6,27060.4
1679968200000,27063.5,27063.5,27018.7,27025.2
1679968500000,27024.5,27061.7,27019.7,27043.9
1679968800000,27043.9,27045.2,27026.1,27029.6
1679969100000,27029.3,27060.7,27018,27052
1679969400000,27052.1,27053.4,27027.5,27030.1
1679969700000,27030,27041.2,27007.8,27030.2
1679970000000,27030.2,27034.3,26991.8,27007.2
1679970300000,27007.2,27007.2,26945.9,26959.7
1679970600000,26959.7,26990.9,26959.4,26969.7
1679970900000,26969.7,27006.3,26961.7,26980.2
1679971200000,26981.6,26987.9,26960.4,26979.8
1679971500000,26979.8,27003,26969.8,27001.3
1679971800000,27001.1,27005.2,26973.2,26994.9
1679972100000,26994.9,27021,26994.9,27012.2
1679972400000,27012.2,27021.4,27009.7,27016.9
1679972700000,27016.9,27023.2,27005.6,27009.2
1679973000000,27007.9,27008,26973.2,26987.2
1679973300000,26987.2,26998.7,26953.9,26954.2
1679973600000,26954.2,26969.7,26931.6,26944
1679973900000,26944,26949.2,26937.4,26937.4
1679974200000,26937.4,26954.7,26907,26908.4
1679974500000,26908.4,26933.7,26886.4,26933.2
1679974800000,26933.7,26946.7,26922.7,26925.5
1679975100000,26925.5,26964.8,26917.2,26961.1
1679975400000,26964.8,26978.2,26945.2,26954.4
1679975700000,26953.3,26957.5,26942,26945.2
1679976000000,26944.6,26951.7,26931.1,26935.2
1679976300000,26935.2,26947.2,26905.7,26914.2
1679976600000,26914.2,26960.6,26914,26958
1679976900000,26958,26964.8,26951.2,26959.3
1679977200000,26958.7,26966.7,26920.7,26966.5
1679977500000,26966.5,26972.2,26908.2,26935.2
1679977800000,26935.2,26935.2,26909.7,26918.6
1679978100000,26918.6,26925.8,26914.5,26925.8
1679978400000,26925.8,26927.3,26903.1,26903.1
1679978700000,26903.1,26906.1,26871.6,26888.2
1679979000000,26888.2,26896.4,26876.4,26879.2
1679979300000,26879.2,26940.3,26878,26940.3
1679979600000,26940.3,26969.5,26928,26950.8
1679979900000,26950.6,26950.6,26911.6,26912.3
1679980200000,26912.3,26924.2,26875.6,26924.2
1679980500000,26924.2,26933.7,26892.6,26894.7
1679980800000,26893.5,26911.6,26893.5,26904
1679981100000,26904,26911.7,26890.4,26900.3
1679981400000,26891,26904.2,26854,26900.8
1679981700000,26908.2,26927.2,26896.8,26907.5
1679982000000,26907.5,26907.5,26888.3,26901.8
1679982300000,26901.8,26913.8,26880.4,26888.2
1679982600000,26888.2,26901.8,26884,26893
1679982900000,26893,26944.2,26887.7,26944.2
1679983200000,26935.2,27010.8,26934.8,27006.5
1679983500000,27006.5,27091.6,27005.3,27079.9
1679983800000,27079.9,27079.9,27021.9,27041.2
1679984100000,27041.2,27081.2,27041.2,27058.2
1679984400000,27058.2,27088.2,27058.2,27067.7
1679984700000,27067.7,27083.2,27043.9,27058.7
1679985000000,27058.7,27080.2,27051.4,27061.7
1679985300000,27061.7,27111.2,27059.3,27063.2
1679985600000,27063.2,27063.2,27014.7,27025.7
1679985900000,27025.7,27041.7,27022.3,27040.2
1679986200000,27040.2,27053.2,27022.2,27053.2
1679986500000,27053.2,27053.2,27030.9,27046.8
1679986800000,27046.8,27072.2,27042.4,27045.2
1679987100000,27045.2,27045.2,27032.1,27037.3
1679987400000,27037.3,27051.9,27009,27009
1679987700000,27009,27013.7,26996.5,27011.2
1679988000000,27012.2,27018.6,26990.2,27003.1
1679988300000,27003.1,27016.2,27002.8,27007.5
1679988600000,27007.5,27009.5,26999.7,27001.8
1679988900000,27001.8,27022.2,27001.8,27021.5
1679989200000,27021.5,27040.2,27017.4,27017.4
1679989500000,27018.2,27026.2,27017.5,27026.2
1679989800000,27026.2,27026.2,26995.2,26995.2
1679990100000,26995.2,26995.2,26910.3,26931.8
1679990400000,26934.8,26944.2,26908.7,26913
1679990700000,26913.2,26949.2,26908.5,26943.2
1679991000000,26944.2,26959.4,26940.2,26940.2
1679991300000,26940.2,26948.2,26929.8,26943.7
1679991600000,26943.7,26943.7,26907.5,26917.2
1679991900000,26917.2,26948.2,26917.2,26942.2
1679992200000,26942.2,26942.2,26908,26915
1679992500000,26915.2,26934.2,26907.5,26928
1679992800000,26928,26968.7,26923.8,26968.7
1679993100000,26968.7,26979.4,26957.1,26971.2
1679993400000,26971.2,27005.2,26966.7,27005.2
1679993700000,27005.2,27005.2,26980.6,26989.7
1679994000000,26989.7,26994.2,26983.6,26983.6
1679994300000,26983.7,26993.2,26982.1,26983.1
1679994600000,26983.1,26983.2,26973.5,26977.7
1679994900000,26977.7,27015.3,26951.7,26956
1679995200000,26956,26956,26919.8,26936
1679995500000,26936.6,26957.8,26925,26955
1679995800000,26951.4,26952.7,26933.4,26935.1
1679996100000,26933.3,26950.2,26915.7,26925.2
1679996400000,26925.2,26928.3,26915.7,26923.4
1679996700000,26923.4,26923.4,26805.5,26828.3
1679997000000,26828.5,26879.7,26809.3,26864.8
1679997300000,26867.4,26892.2,26846.2,26850.4
1679997600000,26850.4,26872.7,26840.2,26869.7
1679997900000,26870,26899.7,26865.7,26865.7
1679998200000,26865.9,26886.8,26865.9,26876.3
1679998500000,26876.3,26881.7,26837.2,26840.8
1679998800000,26840.8,26840.8,26692.4,26706.2
1679999100000,26713.2,26795.1,26713.2,26742.4
1679999400000,26742.4,26778.4,26689.2,26699
1679999700000,26693.4,26710.7,26640.1,26686.3
1680000000000,26689.8,26727.2,26671.1,26700.5
1680000300000,26698.7,26707.3,26628.3,26667.5
1680000600000,26667.5,26677.3,26619.5,26653.9
1680000900000,26656.1,26714.5,26652.6,26707.4
1680001200000,26709.4,26762.1,26705.6,26754.9
1680001500000,26754.9,26760.2,26718.3,26732.9
1680001800000,26732.6,26813.2,26707.2,26799.9
1680002100000,26799.9,26837.7,26785.5,26826.9
1680002400000,26825.7,26975.2,26825.7,26930.4
1680002700000,26930.4,26932.5,26876.2,26876.2
1680003000000,26876.2,26918.8,26854.6,26856.1
1680003300000,26858.3,26905.6,26858.3,26876.2
1680003600000,26876.2,26920.2,26871.3,26876.1
1680003900000,26876.1,26988.8,26875.9,26974.3
1680004200000,26974.3,27116.7,26974.3,27110.9
1680004500000,27110.9,27113.9,27024.7,27024.7
1680004800000,27026.2,27172.6,27026.2,27113.5
1680005100000,27114.1,27136.8,27082.9,27086.9
1680005400000,27086.9,27087.3,27035.9,27051.1
1680005700000,27051.1,27076.8,26991.5,27002.2
1680006000000,27002.2,27021.8,26937.7,26937.8
1680006300000,26938.3,26957.2,26827.4,26843.2
1680006600000,26843.2,26920,26836.3,26912.1
1680006900000,26912.1,26923,26872.1,26884.4
1680007200000,26884.4,26886.3,26841.6,26885.8
1680007500000,26886.7,27015.1,26886.2,27004.5
1680007800000,27004.8,27006.9,26941.1,26944.6
1680008100000,26945.2,26960.5,26919.2,26953.5
1680008400000,26953.5,26973.7,26927.5,26973.7
1680008700000,26973.7,26973.7,26917,26917
1680009000000,26917,26922.3,26855.8,26869.2
1680009300000,26869.2,26871.9,26837.4,26856.8
1680009600000,26854.7,26884.4,26835.8,26884.4
1680009900000,26884.4,26887.4,26808.3,26878.2
1680010200000,26878.1,26909.1,26823.8,26873.9
1680010500000,26874.2,26905.6,26835.6,26905.3
1680010800000,26905.3,26930.2,26864.7,26891.7
1680011100000,26891.7,26933.5,26883.5,26923.2
1680011400000,26923.3,26991.2,26923.2,26965
1680011700000,26965,26974.3,26840.6,26845.2
1680012000000,26845.2,26927.7,26816.7,26905.8
1680012300000,26905.8,26981.2,26905.8,26951.3
1680012600000,26951.3,26984.6,26936.2,26941.7
1680012900000,26941.7,26983.7,26905.5,26914.1
1680013200000,26914.1,26950.7,26896.2,26950.7
1680013500000,26950.7,26979.2,26947.1,26971.2
1680013800000,26971.2,26971.2,26858,26883.2
1680014100000,26883.2,26915.8,26881.9,26894.7
1680014400000,26894.7,26926.5,26874.5,26911.7
1680014700000,26911.7,26954.7,26911.4,26941.2
1680015000000,26941.2,26952.2,26895.9,26899.2
1680015300000,26899.2,26922.7,26881.9,26912.8
1680015600000,26912.8,26968.2,26910.1,26953
1680015900000,26953.2,26956.2,26931.5,26931.5
1680016200000,26931.5,26934.5,26900.1,26920.2
1680016500000,26920.2,26962.7,26920.2,26947.3
1680016800000,26952.2,26969.2,26943.6,26949.2
1680017100000,26950.1,26971.9,26928.3,26971.9
1680017400000,26971.9,27032.4,26966.6,27005
1680017700000,27005,27043.5,26987.2,27038.9
1680018000000,27038.9,27038.9,26991.1,26991.1
1680018300000,26991.1,26991.1,26913.8,26936.7
1680018600000,26936.7,26955.1,26910.4,26954.2
1680018900000,26954.2,26973.7,26936.3,26973.7
1680019200000,26973.7,26988.3,26938.9,26938.9
1680019500000,26940.2,26943.2,26887,26887
1680019800000,26883.3,26907.2,26877.1,26891.3
1680020100000,26892.4,26897.7,26841.9,26853.9
1680020400000,26853.9,26896.3,26847,26859.2
1680020700000,26860.7,26885,26856.5,26877.7
1680021000000,26877.7,26889.8,26849.9,26886.7
1680021300000,26886.8,26890.9,26878.3,26881.3
1680021600000,26883.3,26901.1,26879.3,26888.2
1680021900000,26888.4,26896.5,26874.2,26885.2
1680022200000,26885.2,26885.2,26828,26834.7
1680022500000,26835,26858.6,26825.7,26852.4
1680022800000,26853.2,26865.5,26821.2,26848.9
1680023100000,26848.9,26884.6,26817.6,26871.5
1680023400000,26871.5,26875,26840.2,26843.9
1680023700000,26843.9,26846.8,26733.2,26785.2
1680024000000,26788.9,26808.7,26755.7,26781.9
1680024300000,26781.9,26885.2,26752.2,26864.1
1680024600000,26861.5,26873.3,26763.5,26778.8
1680024900000,26778.8,26834.2,26770.8,26789
1680025200000,26789,26815.7,26780.2,26788.8
1680025500000,26788.8,26819.8,26768.2,26819.8
1680025800000,26819.8,26819.8,26794.9,26805.8
1680026100000,26805.8,26836.3,26805.8,26834.9
1680026400000,26834.9,26871.2,26824.6,26847.2
1680026700000,26847.2,26847.2,26807.2,26819.6
1680027000000,26820.2,26838.4,26812.9,26835.5
1680027300000,26835.5,26871.7,26835.5,26846.4
1680027600000,26846.4,26866.9,26846.4,26849.8
1680027900000,26849.8,26874.3,26847.5,26871.4
1680028200000,26871.4,26871.4,26833.3,26853.5
1680028500000,26853.5,26888.3,26845.2,26884.5
1680028800000,26884.5,27004,26878.9,27001.6
1680029100000,27001.6,27240,27001.6,27239.3
1680029400000,27239.3,27265.3,27177.8,27181.8
1680029700000,27181.8,27351.5,27181.8,27314.3
1680030000000,27314.3,27367.6,27254.9,27258.2
1680030300000,27258.2,27303.2,27242.7,27248.6
1680030600000,27248.3,27273.2,27215.8,27253.6
1680030900000,27253.6,27269.3,27153.7,27176.6
1680031200000,27170.2,27185.1,27139.1,27140.8
1680031500000,27141,27246.6,27141,27236.6
1680031800000,27236.9,27239.9,27173.3,27201
1680032100000,27201.3,27240.9,27197.8,27227.4
1680032400000,27227.7,27268.8,27219.7,27267
1680032700000,27267,27289.4,27235.9,27287.2
1680033000000,27287.7,27469.1,27287.7,27412.5
1680033300000,27412.5,27429.5,27367.3,27392.9
1680033600000,27393,27456.1,27345.4,27353.1
1680033900000,27353.1,27353.1,27316.6,27330.9
1680034200000,27332.5,27344.8,27284.1,27292.8
1680034500000,27291.2,27321.4,27257.1,27309
1680034800000,27309,27309,27257,27280.4
1680035100000,27280.4,27315.9,27265,27315.9
1680035400000,27315.9,27315.9,27289.5,27301.8
1680035700000,27301.9,27307.1,27290,27290.3
1680036000000,27290.3,27296.6,27246.1,27276.3
1680036300000,27276.3,27287.7,27214.2,27224.7
1680036600000,27224.7,27262.2,27219.7,27255.8
1680036900000,27256.1,27292.1,27256.1,27276.7
1680037200000,27276.7,27296.2,27262.7,27296.2
1680037500000,27298.4,27301.4,27241.7,27246.3
1680037800000,27246.3,27258.7,27216.3,27216.8
1680038100000,27216.8,27232.1,27201.8,27226.4
1680038400000,27226.4,27266.2,27226.4,27242.1
1680038700000,27242.1,27243.5,27223.2,27231.1
1680039000000,27231.2,27234.6,27212.4,27218.3
1680039300000,27218.3,27218.3,27199.8,27199.9
1680039600000,27199.9,27223.7,27193.9,27220.1
1680039900000,27220.2,27223.2,27088.2,27127.9
1680040200000,27127.9,27160.1,27079.8,27144.5
1680040500000,27144.5,27174.4,27129.4,27163.2
1680040800000,27163.2,27171.4,27114.2,27144
1680041100000,27147.7,27177.9,27126.2,27151.1
1680041400000,27151.1,27168,27144.1,27164.4
1680041700000,27165.2,27190.8,27149.9,27163.8
1680042000000,27164.4,27167.4,27142.1,27161.6
1680042300000,27161.6,27201.3,27158.5,27182.4
1680042600000,27182.6,27185.7,27155.5,27164.2
1680042900000,27164.2,27181.2,27156.3,27181.2
1680043200000,27181.3,27184.3,27146.2,27151.7
1680043500000,27151.7,27169.7,27148.7,27159
1680043800000,27159,27170.6,27156.8,27169.6
1680044100000,27169.6,27187.9,27157.1,27187.9
1680044400000,27188.4,27230.1,27188.4,27228.5
1680044700000,27229.9,27278,27221.8,27233.3
1680045000000,27233.3,27233.3,27195.3,27198
1680045300000,27198,27225.2,27186.3,27225.2
1680045600000,27226.2,27253.1,27220.8,27241.1
1680045900000,27241.1,27263.1,27236.7,27246.2
1680046200000,27247.7,27285.1,27229,27229.6
1680046500000,27229.6,27244.4,27210.5,27231.8
1680046800000,27231.8,27259.3,27209.3,27259.3
1680047100000,27261.2,27279.9,27255.9,27257.9
1680047400000,27257.9,27269.6,27231.2,27242.3
1680047700000,27242.4,27261.6,27230.1,27234.5
1680048000000,27234.8,27262,27225.3,27262
1680048300000,27262,27262,27233.8,27259.2
1680048600000,27259.2,27267.7,27242.4,27242.7
1680048900000,27242.7,27267.5,27237.1,27265.9
1680049200000,27266,27306.5,27262.1,27293.9
1680049500000,27293.9,27293.9,27263.1,27284.9
1680049800000,27285,27295,27256.6,27263.3
1680050100000,27264.2,27281.6,27259.5,27281.3
1680050400000,27281.3,27281.3,27243.4,27260.4
1680050700000,27260.4,27260.4,27224.3,27238.5
1680051000000,27240.2,27266.3,27240.2,27250.4
1680051300000,27251.1,27266.6,27243.9,27250.4
1680051600000,27250.4,27272.4,27244.1,27272.1
1680051900000,27272.7,27275.7,27250.7,27250.7
1680052200000,27250.7,27321.5,27250.2,27317.2
1680052500000,27318.5,27427.1,27317.6,27427.1
1680052800000,27428,27445.4,27371.5,27384.7
1680053100000,27384.7,27395.4,27365.2,27375.5
1680053400000,27375.5,27386.8,27360.2,27370.3
1680053700000,27370.3,27377.9,27327.8,27344
1680054000000,27344.1,27389.2,27336.9,27342.6
1680054300000,27342.6,27342.6,27269.9,27286.8
1680054600000,27286.8,27297.8,27275.2,27296.2
1680054900000,27296.7,27308.2,27287.3,27304.6
1680055200000,27304.9,27307.9,27283,27294.4
1680055500000,27287.2,27298.7,27286.6,27293.5
1680055800000,27293.5,27298.2,27277.8,27278.7
1680056100000,27280,27290,27276.1,27279.9
1680056400000,27280.1,27331,27280.1,27323.7
1680056700000,27323.7,27357.1,27320.6,27338.3
1680057000000,27339.7,27350.3,27336.1,27349.4
1680057300000,27349.4,27363.5,27349.4,27363.5
1680057600000,27363.6,27370.8,27347.9,27349.1
1680057900000,27349.9,27378.4,27348.7,27348.7
1680058200000,27348.7,27356.5,27338.5,27351
1680058500000,27352.2,27389.1,27352,27381.5
1680058800000,27381.7,27384.7,27371.8,27379.9
1680059100000,27382.6,27385.6,27376.5,27376.5
1680059400000,27377.3,27383.9,27365.8,27365.8
1680059700000,27366.5,27380,27362.6,27364.9
1680060000000,27364.9,27366.1,27332.7,27334.8
1680060300000,27335.2,27367.9,27334.8,27361.8
1680060600000,27361.8,27371.8,27354,27371.8
1680060900000,27371.8,27371.8,27351.3,27361.5
1680061200000,27361.5,27361.5,27333.8,27333.8
1680061500000,27333.8,27333.8,27308.7,27321.5
1680061800000,27323.9,27345.6,27322.4,27345.1
1680062100000,27345.6,27352.7,27339.7,27346.5
1680062400000,27346.5,27350.7,27341,27350.7
1680062700000,27350.7,27350.7,27345.6,27349.1
1680063000000,27349.1,27355.5,27349.1,27355.5
1680063300000,27355.5,27355.5,27329.9,27353.6
1680063600000,27354.1,27416.2,27353.6,27382.4
1680063900000,27383.7,27395.6,27382.4,27382.8
1680064200000,27382.8,27579.5,27372.8,27524.5
1680064500000,27524.5,27551.8,27514.7,27537.5
1680064800000,27536.5,27566.5,27482,27512.7
1680065100000,27515.4,27556.2,27501.7,27514.7
1680065400000,27514.7,27549.1,27486.2,27549.1
1680065700000,27549.1,27556,27526.8,27549.1
1680066000000,27550.1,27566.7,27526.8,27563.5
1680066300000,27564.8,27626,27564.4,27571.2
1680066600000,27571.2,27577.6,27532.2,27544.1
1680066900000,27544.1,27581.6,27523.4,27581.6
1680067200000,27582.4,27596.2,27544.2,27573.9
1680067500000,27573.9,27585.1,27554.7,27561.2
1680067800000,27561.4,27567.6,27512.4,27516.6
1680068100000,27509.3,27526.7,27492.4,27504.2
1680068400000,27504.5,27525.6,27499.9,27505.5
1680068700000,27505.9,27526.4,27505.9,27515
1680069000000,27515,27528.4,27498.1,27528.4
1680069300000,27528.6,27531.6,27509.2,27522
1680069600000,27522.1,27525.1,27478.5,27488.2
1680069900000,27488.5,27506.9,27488.2,27503.9
1680070200000,27505.1,27583.6,27505.1,27561.1
1680070500000,27561.1,27573.8,27546.4,27573.8
1680070800000,27575.9,27656.5,27556.8,27630.1
1680071100000,27630.1,27974.9,27605.7,27964.8
1680071400000,27961.4,28117.5,27938.5,28069.7
1680071700000,28069.4,28113.2,28016.9,28016.9
1680072000000,28016.9,28075.8,27977.2,28052.6
1680072300000,28052.6,28098.2,28014.6,28015.8
1680072600000,28015.8,28035.6,27990.8,28003.9
1680072900000,28004.3,28035.6,28002.5,28014.9
1680073200000,28015.2,28037.9,27974.1,27986.2
1680073500000,27991.4,28000.3,27947.8,27952.4
1680073800000,27952.4,27978.4,27950,27952.2
1680074100000,27952.2,28043.8,27952.2,28042.6
1680074400000,28041.2,28075.3,28036.5,28043.8
1680074700000,28043.8,28061.7,28012,28023.7
1680075000000,28024.7,28046.6,28024.7,28046.6
1680075300000,28046.6,28068.9,28038.3,28059.5
1680075600000,28059.5,28116.6,28059.5,28116.6
1680075900000,28116.9,28126.5,28091.4,28116.6
1680076200000,28116.6,28124.4,28072.3,28072.5
1680076500000,28072.5,28085.9,28040.2,28052
1680076800000,28052.1,28067.9,28013.9,28014.4
1680077100000,28014.4,28076,28009.5,28076
1680077400000,28076.8,28327.1,28076.7,28325.4
1680077700000,28325.4,28366.5,28240.2,28276.4
1680078000000,28276.4,28449.7,28272.9,28432.8
1680078300000,28436.6,28468.2,28407.2,28437.3
1680078600000,28437.3,28581.8,28405,28558.3
1680078900000,28558.3,28602.5,28510.8,28515.3
1680079200000,28516.7,28535,28419.7,28419.7
1680079500000,28415.2,28459.3,28415.2,28458.2
1680079800000,28458.2,28518.9,28441.2,28446.5
1680080100000,28446.5,28534.9,28440.2,28477.2
1680080400000,28478.7,28515.8,28453.6,28465.5
1680080700000,28465.5,28472,28443.2,28467.8
1680081000000,28467.8,28527.9,28467.8,28484.9
1680081300000,28485.2,28493.1,28448.3,28461
1680081600000,28461.8,28497.2,28452.2,28483.6
1680081900000,28483.6,28494.7,28391.4,28394.6
1680082200000,28394.9,28414.2,28352.7,28374.6
1680082500000,28374.6,28423.2,28358.6,28398.7
1680082800000,28396.5,28399.5,28337.9,28344.7
1680083100000,28344.7,28355.7,28315.8,28339.7
1680083400000,28339.2,28339.5,28291.2,28292.9
1680083700000,28292.9,28344.9,28282.6,28285.6
1680084000000,28285.7,28312.7,28285.6,28312.7
1680084300000,28312.7,28327.1,28284.9,28326.5
1680084600000,28326.5,28344.6,28271.5,28284.1
1680084900000,28284.1,28290.7,28223.7,28283.8
1680085200000,28283.8,28359.6,28283.7,28359
1680085500000,28358.5,28397.5,28352.3,28356.4
1680085800000,28356.4,28378.5,28354.6,28371.7
1680086100000,28372.4,28404.3,28371.7,28384.4
1680086400000,28384.4,28386,28325.2,28354.4
1680086700000,28354.4,28355,28319.7,28341.3
1680087000000,28341.3,28341.3,28288.4,28295.3
1680087300000,28295.3,28355.3,28278.7,28347.7
1680087600000,28347.7,28347.7,28255.6,28255.6
1680087900000,28255.6,28286.8,28243,28246.2
1680088200000,28247.5,28276.9,28246.9,28248
1680088500000,28248.7,28263.7,28241.3,28262
1680088800000,28255.1,28300.3,28255.1,28300.3
1680089100000,28300.3,28342.7,28294.2,28303.5
1680089400000,28303.5,28320.1,28286.4,28286.4
1680089700000,28286.6,28295.1,28268.2,28270.4
1680090000000,28270.4,28294.4,28264.2,28275.1
1680090300000,28277.3,28310.9,28277.3,28279.7
1680090600000,28279.7,28310,28266.2,28301.3
1680090900000,28301.5,28334.8,28301.5,28323.2
1680091200000,28323.2,28338.6,28289.4,28318.7
1680091500000,28318.7,28359,28302.1,28343.5
1680091800000,28343.5,28350.3,28262.2,28293.3
1680092100000,28293.3,28321.1,28268.2,28272.6
1680092400000,28272.6,28274.4,28215.2,28270.7
1680092700000,28270,28329.9,28265.2,28314.5
1680093000000,28317.5,28348.7,28316.5,28321
1680093300000,28324,28326.9,28274.5,28302.3
1680093600000,28302.5,28316.1,28299.9,28312.2
1680093900000,28312.2,28351.9,28292.9,28343
1680094200000,28343,28355.8,28316.7,28354.9
1680094500000,28355,28447.4,28352.8,28414.6
1680094800000,28414.6,28438.8,28391.5,28391.5
1680095100000,28391.5,28418.2,28360.8,28418.2
1680095400000,28418.2,28454,28376.8,28380.3
1680095700000,28380.3,28383.8,28319,28367.9
1680096000000,28367.9,28373.4,28319.6,28330.7
1680096300000,28331.9,28345.3,28305.4,28333.6
1680096600000,28333.6,28396.8,28316.1,28340.1
1680096900000,28340.1,28396.7,28340.1,28373.4
1680097200000,28373.4,28392.7,28350.8,28389.7
1680097500000,28389.9,28419,28296.9,28351.5
1680097800000,28351.5,28412.8,28343.1,28364
1680098100000,28364.1,28384.7,28360.2,28384.6
1680098400000,28384.5,28397,28357.8,28371.3
1680098700000,28374.8,28414.6,28339.3,28400.9
1680099000000,28401.6,28421.8,28395.5,28421.8
1680099300000,28421.8,28531.6,28409.4,28510.9
1680099600000,28514.1,28551.8,28439.2,28447.6
1680099900000,28447.9,28454,28300.3,28334
1680100200000,28334,28359.7,28281.7,28316.5
1680100500000,28316.5,28328.6,28254.6,28280.1
1680100800000,28282.5,28364.6,28276.6,28331.4
1680101100000,28331.4,28340.5,28237.3,28255.3
1680101400000,28258.4,28314.6,28241.4,28255.6
1680101700000,28258.8,28293.2,28243,28257.3
1680102000000,28259.9,28292,28242,28289.8
1680102300000,28289.8,28327.5,28273.8,28327.5
1680102600000,28330.5,28330.5,28296.3,28305.5
1680102900000,28306.9,28313.1,28288.3,28300.2
1680103200000,28300.2,28373.8,28300.2,28363.2
1680103500000,28363.2,28400.4,28352.7,28400.4
1680103800000,28400.4,28455.9,28378,28423
1680104100000,28423,28449.4,28399,28399
1680104400000,28399,28419.5,28390.5,28406.9
1680104700000,28407.5,28436.1,28392.8,28392.8
1680105000000,28392.8,28402.4,28374.5,28393.9
1680105300000,28393.9,28453.7,28372,28411.7
1680105600000,28411.6,28418.5,28341.8,28351.8
1680105900000,28351.8,28359.1,28310.6,28318.4
1680106200000,28318.4,28344.2,28296.5,28335.4
1680106500000,28335.4,28347.7,28294.9,28324.9
1680106800000,28324.9,28339.6,28298.6,28314.3
1680107100000,28314.3,28344,28301.5,28306.3
1680107400000,28308.8,28322.1,28308.2,28320.6
1680107700000,28320.6,28336.9,28312.6,28312.6
1680108000000,28313.1,28316.1,28255.7,28286
1680108300000,28286,28286,28164.2,28247
1680108600000,28247,28289.7,28225.9,28271
1680108900000,28271.6,28276.2,28112.9,28127.3
1680109200000,28127.3,28215,28118.2,28200.8
1680109500000,28200.7,28244.1,28185.7,28235.6
1680109800000,28235.6,28268.7,28227.1,28255.1
1680110100000,28256.1,28270.7,28207.6,28243.4
1680110400000,28239.6,28299.7,28235.1,28280.7
1680110700000,28280.5,28304.2,28267.2,28283.3
1680111000000,28283.3,28297.7,28238.8,28241.3
1680111300000,28242.5,28263.4,28193.2,28207.8
1680111600000,28207.9,28214.2,28159,28161.3
1680111900000,28161.1,28197.4,28146.6,28195.4
1680112200000,28195.1,28220.2,28180.9,28220.2
1680112500000,28220.1,28224.7,28198.1,28222.2
1680112800000,28222.4,28232.1,28187.2,28203.2
1680113100000,28201.1,28243.2,28186.4,28236.3
1680113400000,28236.9,28241.7,28217.4,28227.6
1680113700000,28227.8,28227.8,28179.7,28182.3
1680114000000,28181.4,28227.5,28169.2,28215.8
1680114300000,28216.9,28262.8,28200.2,28210
1680114600000,28209.9,28269.2,28196.3,28261.9
1680114900000,28259.1,28266.4,28242.4,28250
1680115200000,28249.5,28280.2,28243,28268.9
1680115500000,28269,28320.5,28243.6,28314.3
1680115800000,28314.3,28315.9,28254.1,28294.1
1680116100000,28294.2,28301.6,28266.7,28286.7
1680116400000,28287.1,28315,28251.7,28304.6
1680116700000,28304.5,28321.4,28291.8,28296
1680117000000,28294.8,28344.9,28290,28336.9
1680117300000,28336.8,28365.7,28322.4,28345.3
1680117600000,28345.4,28365.1,28321.5,28340
1680117900000,28339.6,28360.5,28332.2,28335.3
1680118200000,28334.5,28335.3,28292.7,28295.1
1680118500000,28295.2,28312.1,28285.2,28310.5
1680118800000,28310.4,28319.7,28298.9,28310.2
1680119100000,28310.1,28376.2,28310.1,28368.2
1680119400000,28368.5,28412.1,28352.8,28393.4
1680119700000,28393.5,28409.4,28357.9,28380.9
1680120000000,28385.6,28403.5,28326.9,28403.5
1680120300000,28400.2,28408.2,28348.5,28366.2
1680120600000,28366.2,28369,28346,28350.2
1680120900000,28350.4,28412.3,28349.8,28380.9
1680121200000,28380.6,28411.9,28365.3,28408.2
1680121500000,28407.7,28420.3,28375.3,28412.4
1680121800000,28412.6,28434.3,28409.3,28412
1680122100000,28411.2,28412,28365.4,28366.7
1680122400000,28366.2,28381.2,28339.7,28345.7
1680122700000,28346,28376.3,28328.8,28366.1
1680123000000,28366,28387.7,28364.9,28368.9
1680123300000,28368.8,28379.7,28341.9,28354.3
1680123600000,28354.7,28354.7,28306.6,28308.8
1680123900000,28309.1,28339,28299.7,28335.7
1680124200000,28335.7,28345.8,28328.3,28343.4
1680124500000,28343.3,28397.1,28338.7,28389.8
1680124800000,28389.6,28430.2,28388.8,28427.9
1680125100000,28428,28456.9,28424.9,28430.7
1680125400000,28430.9,28432.1,28396.5,28409.8
1680125700000,28409.7,28410.3,28370.3,28386.5
1680126000000,28386.7,28387.4,28342.1,28342.3
1680126300000,28342,28342,28307.8,28339
1680126600000,28338.9,28374.1,28337.1,28374
1680126900000,28370.7,28373.7,28259.2,28264
1680127200000,28263.9,28306.1,28189,28196
1680127500000,28196,28263.2,28187.8,28237.1
1680127800000,28237.1,28307,28226.8,28307
1680128100000,28309,28322.8,28273.5,28305
1680128400000,28299.7,28335.4,28299.7,28317.2
1680128700000,28317.3,28368.5,28309.3,28356.2
1680129000000,28355.1,28388.7,28335.7,28358.4
1680129300000,28357.5,28358,28310.9,28313.9
1680129600000,28313.4,28353,28311.6,28348
1680129900000,28348.2,28363.7,28323.4,28363.2
1680130200000,28363.7,28380.1,28362.2,28372.7
1680130500000,28372.9,28385.6,28356.8,28357.7
1680130800000,28357.7,28394.6,28344,28387.5
1680131100000,28387.5,28413.3,28387.1,28405.9
1680131400000,28406.8,28425.8,28389.9,28392.3
1680131700000,28392.3,28392.7,28370.4,28372
1680132000000,28369.1,28375.2,28346.6,28356.5
1680132300000,28357.7,28394.2,28357.2,28394
1680132600000,28393.8,28394,28360.2,28360.6
1680132900000,28360.2,28382,28353.3,28357.5
1680133200000,28357.4,28369.2,28313.8,28342.2
1680133500000,28340.2,28354.7,28329.1,28354.6
1680133800000,28354.5,28361.2,28313.9,28314.9
1680134100000,28316.5,28319.8,28289.3,28319.8
1680134400000,28319.9,28337.4,28294.1,28294.6
1680134700000,28293.9,28334.9,28284.9,28330.7
1680135000000,28331,28345.7,28319.4,28335
1680135300000,28337.7,28395.5,28335,28381
1680135600000,28380.5,28411.6,28377.2,28385.3
1680135900000,28387.1,28399.3,28371.4,28390.9
1680136200000,28390.7,28406.8,28356.8,28406.5
1680136500000,28407.3,28423.5,28395.6,28423.5
1680136800000,28423.7,28428,28380,28380.2
1680137100000,28380.3,28380.4,28320.6,28324
1680137400000,28325,28325,28213.2,28242
1680137700000,28242.4,28308.7,28233.4,28296.2
1680138000000,28295.6,28338.5,28288.5,28313.3
1680138300000,28314.6,28316.2,28227.2,28250.3
1680138600000,28249.4,28275.8,28220.7,28273.1
1680138900000,28273.3,28294.1,28238.8,28282.4
1680139200000,28279.7,28320.8,28263.2,28310.1
1680139500000,28310.2,28332.6,28297.5,28326.2
1680139800000,28326.2,28343.8,28302.2,28303.9
1680140100000,28303.2,28314.3,28278.7,28285.1
1680140400000,28284.8,28301.2,28272.2,28281.3
1680140700000,28281.2,28324.3,28276.6,28310.1
1680141000000,28309.9,28342.2,28299,28335
1680141300000,28335.1,28346.3,28317.4,28317.4
1680141600000,28316.7,28364.3,28312.2,28364.3
1680141900000,28365.5,28388.5,28337.1,28386.4
1680142200000,28386.5,28407.8,28376.3,28393.3
1680142500000,28394.7,28558.8,28373.1,28549.2
1680142800000,28548.3,28760.5,28538.3,28655.6
1680143100000,28656.1,28861.1,28646.9,28776.7
1680143400000,28778.2,29097.6,28778.2,29000
1680143700000,28999.8,29121.2,28994.2,29100.1
1680144000000,29098.7,29139.2,29040.2,29078.4
1680144300000,29078.7,29107.6,28936.5,28955.9
1680144600000,28953.9,29042.5,28923.4,28923.4
1680144900000,28917.2,28993,28909.1,28931.3
1680145200000,28930.6,28960.6,28909.7,28911
1680145500000,28909.2,28909.2,28369.2,28470.7
1680145800000,28467.7,28467.7,28092.2,28360.5
1680146100000,28360,28466.1,28298.3,28422.3
1680146400000,28422.3,28468.1,28369.3,28394.9
1680146700000,28395,28439.1,28346.2,28379.5
1680147000000,28379.5,28513.8,28353.2,28497.4
1680147300000,28497.4,28499.5,28438.5,28449.8
1680147600000,28450,28469.2,28425,28458.2
1680147900000,28458.3,28529.8,28453.2,28514.7
1680148200000,28514.2,28529.8,28463.2,28468.6
1680148500000,28468.6,28496.7,28431.9,28456.8
1680148800000,28456.8,28483.2,28418.1,28474.3
1680149100000,28474.2,28498.2,28469.8,28494.9
1680149400000,28496,28521.5,28476.8,28516.7
1680149700000,28516.7,28576.7,28516.7,28567.6
1680150000000,28567.6,28575.1,28519.6,28567.9
1680150300000,28567.7,28640.1,28559,28605.6
1680150600000,28605.6,28628.3,28582.3,28619.3
1680150900000,28619.2,28666.1,28600.7,28602.4
1680151200000,28602,28606.8,28559.3,28578.7
1680151500000,28578.7,28589.8,28527,28554.9
1680151800000,28554.9,28595.2,28554.9,28577.4
1680152100000,28577.4,28595.8,28553.1,28553.1
1680152400000,28553.1,28571.4,28493,28497.3
1680152700000,28497.3,28531.2,28493.6,28506.2
1680153000000,28506.5,28532.7,28501.2,28508.1
1680153300000,28508.1,28536.1,28502.4,28527.1
1680153600000,28527.1,28539,28466.3,28475.1
1680153900000,28475.2,28479.8,28458.2,28459.6
1680154200000,28459.6,28495.6,28459.6,28495.6
1680154500000,28495.5,28540.9,28491,28491
1680154800000,28490.4,28566.2,28488.3,28557.5
1680155100000,28557.7,28557.7,28545.9,28551.9
1680155400000,28554,28588.1,28548.6,28579
1680155700000,28578.8,28593.4,28565.2,28579.8
1680156000000,28579.2,28609.4,28559.7,28591.8
1680156300000,28591.8,28625.7,28567,28623.9
1680156600000,28623.9,28639,28597.7,28601.8
1680156900000,28601.8,28608.7,28546.4,28551.2
1680157200000,28551.2,28566.5,28535.5,28539.3
1680157500000,28540.2,28563.7,28532.5,28561.8
1680157800000,28563.5,28612.7,28561,28588.7
1680158100000,28588.7,28617.3,28549.3,28554.7
1680158400000,28554.9,28606.8,28553.4,28577.2
1680158700000,28574.6,28581.8,28543.8,28548.1
1680159000000,28548.1,28590,28541.1,28589.9
1680159300000,28587.2,28593.4,28575.9,28579.9
1680159600000,28580.3,28594.5,28570.3,28588.9
1680159900000,28588.9,28588.9,28547.4,28547.4
1680160200000,28547.1,28589.1,28545.7,28563.9
1680160500000,28563,28576.2,28549.2,28570.7
1680160800000,28578.8,28611.6,28570.6,28578.3
1680161100000,28578.3,28627,28565,28622.5
1680161400000,28623.1,28632.3,28608.1,28629.4
1680161700000,28629.3,28737.5,28626.4,28710.2
1680162000000,28710.7,28711.5,28645.8,28660.7
1680162300000,28656.9,28677.3,28626.4,28644.2
1680162600000,28643.7,28705,28632.3,28692.3
1680162900000,28692.3,28693.9,28665.5,28688.3
1680163200000,28688.3,28710.6,28682.3,28709.1
1680163500000,28710,28714.2,28660.1,28676.1
1680163800000,28675.7,28690,28649.5,28686.9
1680164100000,28686.9,28690,28653.6,28653.7
1680164400000,28653.3,28665.1,28642.3,28645.6
1680164700000,28645.6,28675.9,28642.1,28670.8
1680165000000,28670.8,28673.1,28628.9,28631.8
1680165300000,28631.8,28649.2,28580.1,28614.1
1680165600000,28614.1,28614.4,28547.7,28560.5
1680165900000,28560.2,28596.2,28560.2,28585.2
1680166200000,28585.1,28612.4,28564.6,28610.7
1680166500000,28612.4,28612.6,28536.4,28544
1680166800000,28544.5,28558,28473.9,28516
1680167100000,28516.3,28528.6,28474.9,28521.8
1680167400000,28524.5,28533.6,28494.6,28494.6
1680167700000,28493.9,28526.7,28475.6,28500.5
1680168000000,28499.9,28526.7,28465.2,28506.8
1680168300000,28506.8,28545.1,28506.8,28545.1
1680168600000,28544.1,28545.3,28519.1,28539.1
1680168900000,28541,28549,28506.5,28528.7
1680169200000,28528.8,28552.3,28518.5,28551.7
1680169500000,28551.9,28552.9,28537.3,28537.3
1680169800000,28537.3,28562.5,28525.2,28562.2
1680170100000,28562.5,28565.2,28548.4,28548.4
1680170400000,28548.3,28556.7,28545.5,28550.7
1680170700000,28550.7,28557.7,28527.1,28555.2
1680171000000,28555.2,28588.9,28550.3,28587.4
1680171300000,28587.7,28589.4,28544.4,28550.9
1680171600000,28550.9,28550.9,28495.3,28499.8
1680171900000,28499.8,28536.3,28496.5,28517.3
1680172200000,28517.7,28532.9,28478.8,28497.6
1680172500000,28497.6,28540.7,28497.6,28534.3
1680172800000,28534.3,28546,28526.7,28544.7
1680173100000,28543.4,28554.5,28521.6,28521.9
1680173400000,28521.6,28554.5,28516.3,28549.4
1680173700000,28549,28577,28538.2,28568.5
1680174000000,28566.8,28583.5,28565.4,28581.5
1680174300000,28581,28587.8,28569.4,28569.4
1680174600000,28568.8,28570.1,28548.5,28549.2
1680174900000,28549.2,28583.7,28546.5,28575.5
1680175200000,28575.5,28586.9,28554.7,28568.1
1680175500000,28568,28614.7,28568,28579.6
1680175800000,28578.2,28637.6,28571.4,28596.3
1680176100000,28596.3,28629.7,28581.6,28629.5
1680176400000,28631.1,28665.7,28630.6,28647.4
1680176700000,28647.5,28666.6,28620.5,28627.2
1680177000000,28626.6,28627.5,28605.6,28612.8
1680177300000,28612.4,28652.2,28612.4,28615.6
1680177600000,28616.1,28625.4,28563.3,28569.7
1680177900000,28569.7,28585.7,28550.9,28554.1
1680178200000,28554.1,28596.7,28538.4,28581.4
1680178500000,28581.4,28594.3,28569.2,28590.4
1680178800000,28590.4,28593.5,28556.5,28593.5
1680179100000,28594,28627.5,28554.7,28579.1
1680179400000,28579.1,28651.1,28573.3,28650.6
1680179700000,28650.6,28661.7,28619.3,28623.4
1680180000000,28619.3,28651,28617.3,28643.4
1680180300000,28643.4,28658.8,28623,28642
1680180600000,28642,28655,28623.4,28628.5
1680180900000,28628.5,28629.7,28596.1,28614.4
1680181200000,28614.4,28614.4,28585.3,28594.5
1680181500000,28594.5,28598.3,28559,28593.6
1680181800000,28593.6,28597.7,28563.8,28587.6
1680182100000,28588.5,28605.3,28588.4,28589.2
1680182400000,28589.2,28589.2,28542,28542
1680182700000,28542,28559.8,28518.9,28542.2
1680183000000,28542.2,28567.7,28518.8,28557.9
1680183300000,28557.9,28565.2,28507.7,28533
1680183600000,28533,28560.3,28509.7,28512.2
1680183900000,28512.2,28537.9,28508.7,28536.4
1680184200000,28536.4,28546.1,28395.6,28477.4
1680184500000,28477.5,28508.6,28453.5,28482.5
1680184800000,28480.9,28507.9,28439.7,28443.7
1680185100000,28443.7,28469,28406.9,28443.1
1680185400000,28443.1,28443.1,28240.4,28241.7
1680185700000,28241.7,28359.7,28234.2,28359.7
1680186000000,28359.6,28400.7,28325,28373.2
1680186300000,28373.2,28377.2,28333.4,28365.7
1680186600000,28365.8,28449.7,28346.2,28346.2
1680186900000,28346.5,28406.3,28318.7,28401.2
1680187200000,28400.8,28420.2,28391.4,28406.9
1680187500000,28406.7,28407.7,28356.3,28362.3
1680187800000,28362.6,28397.7,28356.2,28389.5
1680188100000,28385.6,28416.8,28376.7,28394.1
1680188400000,28394.3,28412.3,28359.4,28375.4
1680188700000,28376.3,28434.2,28375.4,28422.4
1680189000000,28426.8,28448.7,28383.5,28405.1
1680189300000,28404.8,28440.2,28385.7,28433.1
1680189600000,28433.2,28436,28394.6,28403.1
1680189900000,28402.9,28402.9,28306.4,28324.2
1680190200000,28324.7,28352.2,28285,28340.9
1680190500000,28341.5,28355.2,28277.5,28303
1680190800000,28302.8,28315.2,28262.3,28308.8
1680191100000,28308.7,28323.5,28213,28217.6
1680191400000,28217.6,28226,28143.1,28223.1
1680191700000,28223.2,28274,28207.3,28270.1
1680192000000,28269.3,28270.9,28218.7,28221.7
1680192300000,28221.4,28244,28137.3,28213.2
1680192600000,28214.3,28219.6,28124,28151.2
1680192900000,28152.7,28173.9,28020.9,28088.5
1680193200000,28088.5,28128.9,28020.2,28085.9
1680193500000,28085.9,28198.8,28074.9,28191.1
1680193800000,28191.7,28234.2,28176,28211.7
1680194100000,28211.7,28252.1,28198.3,28224.9
1680194400000,28224.9,28253.3,28206.2,28235.3
1680194700000,28235.1,28237,28204.3,28208.3
1680195000000,28208.3,28246.7,28208.3,28232.4
1680195300000,28232.4,28232.7,28187.2,28211.8
1680195600000,28210.3,28242,28187.8,28242
1680195900000,28242,28242,28205.2,28228.2
1680196200000,28228.2,28228.3,28183.6,28184.6
1680196500000,28184.7,28193.9,28111.6,28138.9
1680196800000,28138.7,28177.2,28120.6,28124.7
1680197100000,28124.8,28131.2,28044.8,28062.5
1680197400000,28062.5,28062.9,27766.4,27811.6
1680197700000,27812.3,27907.1,27722.5,27828.5
1680198000000,27828.5,27862.6,27758.7,27845.9
1680198300000,27845.9,27845.9,27779.1,27842.8
1680198600000,27842.8,27845.3,27761.1,27778.5
1680198900000,27779.7,27816.9,27705.7,27803.2
1680199200000,27803.5,27820.6,27732.3,27761.2
1680199500000,27760.1,27789,27720.6,27737.4
1680199800000,27737.8,27761.9,27662.4,27745.9
1680200100000,27745.5,27808.2,27721.2,27792.8
1680200400000,27792.8,27837.7,27766.5,27830.7
1680200700000,27830.6,27850.6,27804.5,27849.1
1680201000000,27849.3,27883,27829,27880.8
1680201300000,27880.9,27907.9,27854,27879.4
1680201600000,27879.5,27879.5,27816.2,27840
1680201900000,27840.3,27875,27837.9,27850.4
1680202200000,27850.4,27857.8,27816.2,27855.5
1680202500000,27855.6,27879.4,27850.5,27869.5
1680202800000,27869.5,27892.9,27846.7,27888.3
1680203100000,27888.3,27924.5,27878.2,27904
1680203400000,27904,27921.7,27871,27916.1
1680203700000,27916,27916,27893.2,27905
1680204000000,27905,27938.7,27903.1,27938
1680204300000,27938,28014.7,27919.6,28005.7
1680204600000,28005.3,28040.5,27929.2,27929.2
1680204900000,27929.2,27955.7,27906.4,27941.6
1680205200000,27941.7,27978.7,27932,27960.1
1680205500000,27960,27980.6,27941.9,27960.4
1680205800000,27960.4,27989.2,27960.4,27976.9
1680206100000,27977.3,27978.5,27930.5,27947.2
1680206400000,27947.4,27961.2,27906.2,27930.5
1680206700000,27930.6,27970.3,27916.8,27923.6
1680207000000,27923.9,27926.7,27863,27925.3
1680207300000,27925.2,27927.6,27886,27909.4
1680207600000,27909.4,27938.7,27896.9,27938.1
1680207900000,27938.1,27973.2,27938.1,27946.9
1680208200000,27946.9,27986.9,27946.6,27978
1680208500000,27976.8,28140.6,27974.4,28135
1680208800000,28134.5,28137.2,28051.5,28064.9
1680209100000,28064.9,28133.5,28064.2,28109.8
1680209400000,28109.5,28112.2,28081.3,28099.2
1680209700000,28099.2,28124.7,28088.3,28113.1
1680210000000,28138.6,28156.3,28107.3,28107.9
1680210300000,28107.9,28117.1,28074.6,28086.4
1680210600000,28086.3,28101,28079.4,28087.3
1680210900000,28087.1,28104.7,28086.9,28091.4
1680211200000,28091.4,28091.7,28040.5,28061.3
1680211500000,28061.3,28068.6,28049.9,28054.9
1680211800000,28054.9,28063.1,28038.3,28053.6
1680212100000,28053.8,28053.9,28042,28051.7
1680212400000,28048.6,28052.7,27982.6,27992.7
1680212700000,27992.7,28052.9,27991.2,28016.8
1680213000000,28016.8,28048.3,28016.1,28046.6
1680213300000,28046.6,28066.3,28034.3,28034.3
1680213600000,28034.3,28071.3,28034.3,28047.8
1680213900000,28048.6,28086.1,28048.6,28065.7
1680214200000,28065.2,28094.9,28059.2,28065.2
1680214500000,28064.7,28082.7,28059.7,28075.9
1680214800000,28075.9,28094.8,28058.8,28058.8
1680215100000,28058.9,28083.5,28058.9,28083.5
1680215400000,28085.1,28108.2,28083.5,28093.2
1680215700000,28093.2,28093.2,28006.8,28039.3
1680216000000,28039.3,28039.3,27998.7,27999.3
1680216300000,27999.3,28031.5,27769.5,27804.2
1680216600000,27816.6,27903.9,27804,27885.9
1680216900000,27885.9,27923.3,27859.8,27878.5
1680217200000,27878.5,27908.1,27809.5,27902.2
1680217500000,27902.2,27922.3,27859.4,27899.9
1680217800000,27899.9,27909.3,27887.2,27903.5
1680218100000,27903.5,27962,27903.5,27952.2
1680218400000,27952.2,27973.3,27952.2,27968.2
1680218700000,27968.2,27971.7,27954.6,27954.6
1680219000000,27954.6,28011.1,27948.1,27990.1
1680219300000,27990.5,28000.2,27973.9,27987.2
1680219600000,27987.2,28011.9,27987.2,27999.2
1680219900000,28002.3,28002.3,27978.1,27981.2
1680220200000,27981.2,27999.9,27965.1,27993.2
1680220500000,27993.2,28020.8,27986.9,27997.2
1680220800000,27997.2,28033.8,27987.5,28024.2
1680221100000,28024.2,28029.2,27978.4,27996.4
1680221400000,27996.4,27996.6,27961.4,27978.7
1680221700000,27978.7,27984.5,27911.1,27930.9
1680222000000,27930.9,27941.4,27884.5,27921.8
1680222300000,27921.8,28095.9,27921.2,28091.9
1680222600000,28091.9,28114.6,28045.8,28084.8
1680222900000,28084.8,28119.1,28068.4,28085.7
1680223200000,28085.7,28104.9,28070.7,28097.3
1680223500000,28097.3,28115.8,28088.1,28115.8
1680223800000,28116.4,28257.6,28116.4,28255
1680224100000,28255.3,28294.6,28214.9,28217.8
1680224400000,28217.8,28289.6,28184.7,28239
1680224700000,28239,28300.6,28238,28300.6
1680225000000,28299.4,28336.6,28249.9,28249.9
1680225300000,28249.9,28274.7,28213.1,28213.1
1680225600000,28213.1,28265.4,28212.7,28212.7
1680225900000,28212.7,28226.2,28197.5,28197.5
1680226200000,28197.5,28209.6,28141.9,28161.8
1680226500000,28161.8,28179.4,28123.7,28125.8
1680226800000,28125.8,28148.7,28107.6,28136.3
1680227100000,28136.3,28136.3,28092.8,28097.8
1680227400000,28097.8,28147.1,28084.9,28103.7
1680227700000,28103.7,28125.8,28095.9,28119.4
1680228000000,28119.4,28122.7,28081.9,28101.5
1680228300000,28101.3,28130.3,28101.3,28103
1680228600000,28103,28103,28056.6,28056.6
1680228900000,28056.6,28088,28049.7,28068.8
1680229200000,28068.8,28132.4,28067.6,28121.4
1680229500000,28121.4,28130.9,28108.6,28130.9
1680229800000,28133.3,28136.7,28108.2,28110.6
1680230100000,28110.6,28177.3,28110.5,28177.3
1680230400000,28177.3,28177.3,28138.5,28138.5
1680230700000,28138.5,28173.4,28123.9,28156.7
1680231000000,28155.4,28157,28078.7,28105
1680231300000,28104.7,28118.2,28094.8,28118.2
1680231600000,28118.2,28119.1,28089.3,28095
1680231900000,28092.7,28116.7,28081.2,28109.8
1680232200000,28109.8,28129.4,28102.1,28123.3
1680232500000,28120.8,28126.5,28101.5,28107.9
1680232800000,28107.9,28142.6,28104.5,28123.1
1680233100000,28123.1,28190.2,28123.1,28190.2
1680233400000,28190.2,28203.9,28171,28190.4
1680233700000,28190.4,28190.4,28156.3,28156.3
1680234000000,28156.3,28156.3,28131.5,28149.7
1680234300000,28149.7,28149.7,28106.4,28137.2
1680234600000,28137.2,28162.4,28123.4,28161.7
1680234900000,28161.7,28161.7,28139.9,28139.9
1680235200000,28139.9,28139.9,28121.6,28131.6
1680235500000,28131.6,28135.7,28084.6,28084.6
1680235800000,28084.6,28092.6,28075.7,28082.6
1680236100000,28079.7,28093.3,28065.4,28093.3
1680236400000,28093.3,28095.1,28081.6,28093.5
1680236700000,28093.6,28128.9,28093.4,28128.1
1680237000000,28128.1,28135.7,28118.7,28127.7
1680237300000,28130.7,28151.8,28129.9,28140.1
1680237600000,28140.1,28170.9,28138.2,28138.2
1680237900000,28138.2,28163.3,28134.4,28160.7
1680238200000,28160.7,28171.3,28156.5,28171.2
1680238500000,28171.2,28173.2,28151,28151
1680238800000,28151,28151,28131.3,28140.4
1680239100000,28140.4,28185.2,28140.4,28148.1
1680239400000,28148.1,28148.1,28095.8,28095.8
1680239700000,28095.7,28121.9,28095.7,28102.9
1680240000000,28104.2,28116.7,28089.7,28091.4
1680240300000,28091.5,28120.5,28091.4,28109.4
1680240600000,28109.4,28122.7,28109.4,28111.5
1680240900000,28110.5,28140.5,28110.5,28122.7
1680241200000,28122.7,28134.2,28121.6,28121.6
1680241500000,28121.6,28128.3,28083.4,28083.6
1680241800000,28083.6,28087.5,27945.5,27956.7
1680242100000,27956.7,28009.3,27936.5,28002.4
1680242400000,28002.4,28018.4,27985.2,27999.7
1680242700000,27999.7,28031.4,27980.5,28002.6
1680243000000,28002.6,28038,28002.6,28028.2
1680243300000,28028.2,28057.4,28020.6,28054.2
1680243600000,28054.2,28054.2,28029.9,28043.6
1680243900000,28043.6,28050.9,28032.7,28035.5
1680244200000,28035.5,28041.4,28010.2,28021.8
1680244500000,28021.8,28039.7,27984.2,28039.7
1680244800000,28039.7,28057.2,28039,28049.4
1680245100000,28049.4,28066.2,28048.1,28053
1680245400000,28053.5,28072.2,28022.5,28028.8
1680245700000,28028.8,28048.7,28027.3,28048.7
1680246000000,28048.7,28059.2,28032.7,28032.7
1680246300000,28032.7,28032.7,27966.4,27971.7
1680246600000,27971.7,27971.7,27849.7,27854
1680246900000,27854,27881.2,27808.5,27813.4
1680247200000,27814.1,27846.3,27649.8,27724.9
1680247500000,27724.9,27787.8,27724.9,27772
1680247800000,27772,27784.6,27741.1,27761.8
1680248100000,27761.8,27761.8,27578.5,27581.5
1680248400000,27581.5,27640.2,27481.5,27616.1
1680248700000,27616.4,27641.5,27539.9,27641.4
1680249000000,27641.4,27727.3,27612.6,27699.2
1680249300000,27699.2,27725.4,27676.9,27708.5
1680249600000,27706.7,27778.3,27682.3,27778.1
1680249900000,27778.1,27813.1,27739.3,27791.7
1680250200000,27791.7,27800,27762.7,27764.3
1680250500000,27764.3,27789.1,27727.4,27727.4
1680250800000,27727.3,27742.1,27686.3,27729.5
1680251100000,27729.5,27771.1,27717.5,27717.5
1680251400000,27717.5,27726.4,27664,27692.2
1680251700000,27692.2,27727.1,27658.8,27721.7
1680252000000,27721.5,27745.8,27711.5,27728.5
1680252300000,27728.6,27813.9,27713.6,27803.6
1680252600000,27802.6,27803.6,27749.2,27768
1680252900000,27768,27777.4,27747.3,27763.1
1680253200000,27763.5,27797.7,27763.3,27792
1680253500000,27792,27792,27736.3,27763.6
1680253800000,27763.5,27806.2,27756.2,27806.2
1680254100000,27806.2,27830.3,27800.7,27816.6
1680254400000,27816.1,27831.1,27755.2,27821.2
1680254700000,27821.3,27844.6,27796.4,27803.1
1680255000000,27803.1,27833,27779.5,27820.5
1680255300000,27820.6,27820.6,27768.6,27771.6
1680255600000,27771.6,27786.9,27746.3,27780.8
1680255900000,27780.5,27798.1,27767.8,27794.1
1680256200000,27794.1,27804,27759.2,27766.1
1680256500000,27766.2,27795.2,27761.5,27794.4
1680256800000,27794.7,27805.2,27783.8,27798.6
1680257100000,27797.8,27798.5,27772.9,27791.8
1680257400000,27793.5,27817.8,27792.5,27813.3
1680257700000,27813.3,27836.4,27812.5,27835.7
1680258000000,27836.4,27880,27811.2,27875.2
1680258300000,27875.2,27905.3,27858.5,27895.2
1680258600000,27900.8,27960.5,27899.8,27957.9
1680258900000,27957.9,27964.7,27912.5,27922
1680259200000,27922.5,27924.1,27886.1,27886.9
1680259500000,27887,27892.3,27853.3,27884.4
1680259800000,27884.4,27905.7,27871.5,27874.6
1680260100000,27874.3,27876.4,27844.3,27870.1
1680260400000,27870.2,27881.9,27852.7,27880.7
1680260700000,27880.8,27892.2,27875.5,27889.3
1680261000000,27888.9,27898.6,27863,27897.2
1680261300000,27898.2,27926.1,27886.5,27889.7
1680261600000,27889.8,27893.6,27831.2,27838.5
1680261900000,27838.6,27861.4,27827.7,27846.2
1680262200000,27846.3,27857.9,27809.4,27847.4
1680262500000,27847.4,27943.1,27847.4,27912.2
1680262800000,27914,27949.2,27912.2,27935.8
1680263100000,27935.8,27949.2,27901.3,27907.4
1680263400000,27907.4,27926,27898,27912.3
1680263700000,27912.3,27941.5,27894,27904.4
1680264000000,27904.4,27928.4,27889.9,27924.7
1680264300000,27924.7,27927.8,27878.9,27879.3
1680264600000,27879.3,27883.6,27858.2,27858.8
1680264900000,27858.7,27873.7,27839.4,27868.7
1680265200000,27868.7,27911.4,27867.6,27884.7
1680265500000,27886.4,27920,27878.3,27905.3
1680265800000,27905.3,28143.2,27865.9,28115.5
1680266100000,28115.5,28127.6,28058.2,28098.1
1680266400000,28098.1,28140.6,28079.1,28083.1
1680266700000,28083.1,28107.6,28015.3,28043.1
1680267000000,28043,28077.8,28020.3,28068.2
1680267300000,28068.2,28090.4,28039.1,28082.3
1680267600000,28082.5,28086.5,28055.9,28074.4
1680267900000,28074.4,28148.1,28069.2,28145.5
1680268200000,28145.5,28186.9,28101.4,28160.2
1680268500000,28160.2,28269.2,28139.4,28211.7
1680268800000,28211.7,28299.2,28202.9,28272
1680269100000,28272,28297.2,28236.1,28249.4
1680269400000,28249.4,28491.5,28241.2,28470.7
1680269700000,28468.5,28518.7,28407.8,28414.3
1680270000000,28414.3,28467.9,28413.2,28428.3
1680270300000,28434.7,28459.4,28349.1,28357.6
1680270600000,28357.6,28430.7,28357.6,28412.8
1680270900000,28412.8,28451.7,28318.4,28338.2
1680271200000,28338.2,28391.3,28300.2,28317.1
1680271500000,28317.4,28381.4,28317.4,28361.9
1680271800000,28361.9,28386.2,28328,28355.8
1680272100000,28357.5,28383.8,28329.2,28347.7
1680272400000,28348.8,28478.6,28347.7,28418
1680272700000,28418,28453.2,28364.2,28367.8
1680273000000,28368.2,28445.1,28368.2,28413.8
1680273300000,28414,28505,28414,28448.1
1680273600000,28448.9,28520.9,28448.9,28492.2
1680273900000,28493,28604.2,28493,28584.9
1680274200000,28583.9,28615.6,28546.3,28560.7
1680274500000,28560.6,28567.6,28478.2,28481.4
1680274800000,28481.4,28551.5,28481.4,28529.1
1680275100000,28529.2,28558.6,28515.8,28515.8
1680275400000,28515.8,28549.7,28434.3,28448.3
1680275700000,28447.9,28451.8,28333.9,28337.1
1680276000000,28337.1,28425.4,28336.9,28402.7
1680276300000,28402.6,28420.3,28353.4,28359.7
1680276600000,28358.7,28385.5,28346.1,28379.5
1680276900000,28379.7,28426.9,28331.1,28335.8
1680277200000,28335.8,28370.4,28324.6,28361.7
1680277500000,28361.7,28401.4,28329.3,28399.7
1680277800000,28398.5,28423.2,28373,28406.6
1680278100000,28406.1,28461,28402.2,28458.9
1680278400000,28459.2,28504.7,28443.5,28498.4
1680278700000,28498.4,28499.1,28426.4,28427.4
1680279000000,28427.3,28443.9,28406.2,28420.7
1680279300000,28420.7,28441.7,28382.6,28404.7
1680279600000,28404.3,28423.2,28370.7,28380.7
1680279900000,28380.7,28423.9,28360.5,28370.5
1680280200000,28370.8,28375.3,28348.7,28361.5
1680280500000,28361.6,28404.1,28336.2,28404.1
1680280800000,28404.1,28426.3,28332.2,28336.2
1680281100000,28336.2,28368,28329.2,28367.8
1680281400000,28365.5,28391.2,28361.1,28367
1680281700000,28366.7,28397.4,28358.8,28392.7
1680282000000,28392.7,28398.9,28367.5,28379.4
1680282300000,28379.5,28417.3,28353,28411.9
1680282600000,28412,28439.8,28390.9,28392.8
1680282900000,28393.2,28394.5,28344.6,28344.6
1680283200000,28344.6,28365.2,28344,28356.3
1680283500000,28356.3,28371.2,28334.8,28353.8
1680283800000,28345.7,28353.9,28295.3,28308
1680284100000,28311.2,28330,28273.6,28274.7
1680284400000,28273.9,28290.5,28245.2,28248.5
1680284700000,28248.5,28291.2,28248.2,28291.2
1680285000000,28285.8,28286.4,28249.9,28258.2
1680285300000,28258.2,28301.1,28251.9,28299.8
1680285600000,28299.4,28315,28286.7,28313.6
1680285900000,28313.6,28326.2,28295,28295.2
1680286200000,28295.1,28298.6,28281.3,28282.5
1680286500000,28282.2,28284.7,28236.2,28242
1680286800000,28242.5,28279,28234.2,28259
1680287100000,28259.7,28304.5,28248.4,28304
1680287400000,28304,28321,28289.4,28303.6
1680287700000,28304.1,28311,28294,28296.6
1680288000000,28296.5,28348.5,28293.9,28345.6
1680288300000,28345.9,28377.4,28318.9,28364.5
1680288600000,28364.5,28364.5,28316.2,28316.2
1680288900000,28316.2,28318.8,28272.2,28277.1
1680289200000,28276.5,28309.8,28248.8,28255
1680289500000,28254.3,28291.6,28245.9,28291.6
1680289800000,28291.6,28310.9,28281.4,28307.4
1680290100000,28307,28315.3,28276.3,28282.8
1680290400000,28283.5,28344.3,28283.4,28337.2
1680290700000,28337.1,28377.8,28327.2,28374.1
1680291000000,28371.7,28410,28368.8,28374.5
1680291300000,28373.7,28487.9,28361.7,28444.7
1680291600000,28442.2,28452.3,28404.2,28407.1
1680291900000,28405.8,28433.1,28382.2,28382.2
1680292200000,28383.7,28449.1,28381.8,28444
1680292500000,28446.2,28462.4,28417.4,28423.9
1680292800000,28427.3,28429.1,28365.4,28383.9
1680293100000,28384,28387.6,28363.5,28369.2
1680293400000,28370.2,28380.2,28361.8,28378.7
1680293700000,28378.8,28380.3,28338.8,28359.7
1680294000000,28359.5,28377.8,28307.5,28311.4
1680294300000,28311.5,28335.8,28311.3,28329.8
1680294600000,28329.7,28356.6,28309.3,28354.4
1680294900000,28354.5,28425.2,28352.3,28386
1680295200000,28385.9,28409.5,28382.8,28408.3
1680295500000,28408.2,28436.2,28386,28425.6
1680295800000,28425.6,28433.2,28386.9,28403.7
1680296100000,28403.7,28410.5,28338.7,28348.2
1680296400000,28333.3,28354.6,28304.8,28329.1
1680296700000,28329,28344.6,28322.5,28333.3
1680297000000,28333.3,28339.9,28324.3,28334
1680297300000,28333.9,28349.8,28333.8,28341.7
1680297600000,28342.7,28394.6,28339.5,28394.3
1680297900000,28393.9,28406.1,28379,28380.8
1680298200000,28380.3,28399.6,28380.3,28399.6
1680298500000,28402.3,28444.1,28401.4,28436.8
1680298800000,28437.9,28447.3,28419.2,28439
1680299100000,28438.8,28456.8,28411.2,28455.5
1680299400000,28455.4,28533.4,28411.1,28456.2
1680299700000,28460.2,28460.3,28409.1,28421.8
1680300000000,28423.5,28427.7,28382.8,28413
1680300300000,28412.7,28471.8,28412.3,28438.4
1680300600000,28438.4,28482.5,28427,28427.1
1680300900000,28427,28524.2,28426.3,28512.4
1680301200000,28514.6,28552,28479.9,28546
1680301500000,28545.9,28545.9,28501.5,28514.2
1680301800000,28515.6,28517.1,28478,28491.8
1680302100000,28491.8,28579.3,28476.1,28544.7
1680302400000,28548.2,28560.3,28512,28512.2
1680302700000,28511.4,28542.5,28488.3,28501.5
1680303000000,28501.3,28524.7,28495.1,28509.9
1680303300000,28510.4,28534.8,28504.7,28513.6
1680303600000,28513.9,28540.2,28492,28530.6
1680303900000,28532.8,28545.5,28504.7,28504.7
1680304200000,28503.9,28509.7,28472.6,28472.6
1680304500000,28473.5,28497.1,28462.9,28465.2
1680304800000,28466.3,28488.7,28460.2,28465.8
1680305100000,28467.1,28501.4,28467.1,28496.9
1680305400000,28498.4,28507.6,28463.4,28466.1
1680305700000,28465.5,28482.7,28464.4,28470.3
1680306000000,28470.1,28476.5,28413,28420.8
1680306300000,28422.9,28449.7,28419.4,28446.3
1680306600000,28446.1,28448.6,28409.4,28411.3
1680306900000,28410.9,28430.2,28409.3,28409.3
