timestamp,open,high,low,close
1651363200000,37598.9,37726.4,37583.9,37648
1651364100000,37648.6,37673.3,37599.9,37603.1
1651365000000,37603.9,37760.9,37471.6,37689.6
1651365900000,37689.5,37690.1,37625.4,37649.2
1651366800000,37649,37693.7,37608.3,37625.4
1651367700000,37625.4,37625.4,37518.3,37567.8
1651368600000,37567.5,37890.5,37380,37879.8
1651369500000,37879.7,38022.3,37807.4,37896.9
1651370400000,37897.3,37962.4,37857,37957.1
1651371300000,37956.5,38014.1,37893.7,37907.8
1651372200000,37908.9,37918.1,37779.5,37791
1651373100000,37790.8,37821.8,37768.1,37787.6
1651374000000,37787.4,37890.9,37776.7,37888.7
1651374900000,37888.1,37980.1,37855.3,37974.8
1651375800000,37973.5,37989.9,37922.2,37968.6
1651376700000,37968.8,38021.1,37952,38003.3
1651377600000,38003.4,38021.2,37949.7,37963.8
1651378500000,37963.6,37992.9,37952,37952
1651379400000,37950.8,37950.8,37892.9,37911
1651380300000,37911.5,37918.8,37856.8,37911.9
1651381200000,37911.4,38104.3,37891.4,38104.3
1651382100000,38102.2,38126.1,38005,38061.2
1651383000000,38063.1,38083.7,38049.1,38061.5
1651383900000,38061.6,38066.7,38010.6,38029.1
1651384800000,38026.1,38156.6,38018.6,38058.4
1651385700000,38058.4,38066.6,38058.4,38058.4
1651386600000,38058.4,38058.4,37976,37983.7
1651387500000,37983.4,37984.3,37916.9,37920.8
1651388400000,37921,37938,37900,37902.3
1651389300000,37902.7,37907.7,37900,37902.9
1651390200000,37902.6,37952.9,37900,37919.6
1651391100000,37919.7,37944.5,37900,37933.3
1651392000000,37931.3,38006.2,37909.6,38001.5
1651392900000,38002.1,38008.6,37963.6,37973.4
1651393800000,37973.8,38005.3,37948.1,37981.8
1651394700000,37981.3,38015.2,37962.9,38002.7
1651395600000,38002.6,38015.7,37944.7,37953.1
1651396500000,37954.1,37957.5,37910.4,37925.8
1651397400000,37926.3,37926.3,37900,37900
1651398300000,37900,38018.5,37900,37941.5
1651399200000,37941.4,38035.2,37930.9,37950.6
1651400100000,37949.9,38032.8,37920,38020.3
1651401000000,38020.4,38035.1,37972.4,37985.4
1651401900000,37985.2,38047.1,37947.6,37991
1651402800000,37986.1,37996.2,37942.6,37945.4
1651403700000,37945.9,38012.1,37911.2,37913.9
1651404600000,37913.3,37915,37900,37900
1651405500000,37900,37910.2,37900,37905.8
1651406400000,37906.2,37934,37900,37900
1651407300000,37900,38047.4,37900,37944.2
1651408200000,37944.3,38023,37901,37916
1651409100000,37916.1,37926.8,37901,37926.8
1651410000000,37924.5,37969.4,37907,37969.4
1651410900000,37969.5,37979.5,37928.1,37955.6
1651411800000,37956.4,37974.9,37939,37941.8
1651412700000,37941.9,37942,37901,37901
1651413600000,37901,37905.5,37901,37901
1651414500000,37901,38008.1,37901,37901
1651415400000,37901,37955.1,37901,37949.6
1651416300000,37949.6,37978,37933.1,37952.4
1651417200000,37952.7,38006.5,37948.5,37973.8
1651418100000,37973.9,38264.8,37949.8,38247.5
1651419000000,38248.3,38307.6,38142.4,38207.2
1651419900000,38207.3,38576.1,38161.9,38456.7
1651420800000,38457.2,38558.8,38370.5,38508.5
1651421700000,38509.8,38617.6,38509.8,38534.9
1651422600000,38534.7,38561,38479,38544.1
1651423500000,38544.1,38550.2,38450.6,38460.8
1651424400000,38459.8,38550.7,38440,38530.1
1651425300000,38529.9,38530.2,38411.1,38440.8
1651426200000,38441.5,38445.3,38354,38423.7
1651427100000,38419.4,38444,38335.1,38338.9
1651428000000,38339.8,38447.6,38312.1,38324.7
1651428900000,38324.6,38422.4,38128.7,38162.6
1651429800000,38243.9,38278.4,38142.5,38212.1
1651430700000,38172.6,38212.1,37901,37952.8
1651431600000,37952.8,37952.8,37738.5,37819.6
1651432500000,37819.1,37819.1,37740.4,37740.4
1651433400000,37740.2,38005.9,37709.3,37899.8
1651434300000,37898.9,37928.2,37750.7,37781.7
1651435200000,37813.7,37864.8,37716.4,37778.8
1651436100000,37778.7,37946.3,37751.9,37890.6
1651437000000,37890.6,37890.6,37890.6,37890.6
1651437900000,37890.6,38309.4,37890.6,38276.2
1651438800000,38250.3,38411.8,38081.2,38175.6
1651439700000,38175.3,38285,38165.2,38244
1651440600000,38246.3,38250.5,38149.7,38214.9
1651441500000,38216.6,38319.3,38207.4,38299.6
1651442400000,38282.3,38532.9,38255.9,38498.8
1651443300000,38498.6,38508.6,38208.3,38217.9
1651444200000,38212.9,38234.6,38081.2,38209.6
1651445100000,38198.5,38390.7,38184.2,38260.1
1651446000000,38264.2,38404.6,38216.2,38367.3
1651446900000,38365.5,38599.6,38326.6,38484
1651447800000,38482.2,38529.4,38357.8,38367.6
1651448700000,38367,38464.6,38323.8,38433.7
1651449600000,38432.8,38552.4,38416.5,38511.4
1651450500000,38510.8,38724.6,38510.5,38668.8
1651451400000,38664.1,38764.6,38604.4,38690.1
1651452300000,38692.8,38697.8,38583.4,38626.7
1651453200000,38629.6,38697.8,38628,38648.8
1651454100000,38648.9,38648.9,38570,38588.2
1651455000000,38588.2,38589.6,38517.6,38576.8
1651455900000,38572.5,38617.1,38452.1,38457.1
1651456800000,38455.6,38478,38340.6,38392.7
1651457700000,38390.8,38488.7,38390.8,38476
1651458600000,38475.4,38511.7,38447.6,38472
1651459500000,38472,38599.9,38467.8,38574.9
1651460400000,38576.3,38659.6,38576.3,38610.6
1651461300000,38610.5,38641.7,38592.8,38601.9
1651462200000,38600.2,38679.6,38587.7,38644.6
1651463100000,38644.6,38674.6,38608.1,38656.3
1651464000000,38651.9,38734.6,38629.2,38640.3
1651464900000,38640.4,38649.8,38560,38600.3
1651465800000,38604,38704.6,38604,38675.5
1651466700000,38675.6,39079.6,38661.6,38931.5
1651467600000,38929.8,38984.6,38892,38945
1651468500000,38945.1,38945.1,38842.6,38886.5
1651469400000,38884.9,38980.5,38872.5,38920.9
1651470300000,38921.7,38994.6,38912.4,38966.4
1651471200000,38963.4,39121.4,38939.9,38939.9
1651472100000,38939.8,38979.2,38911.6,38946.5
1651473000000,38946.9,38980.3,38915.3,38957
1651473900000,38956.9,39051.9,38889,38889.6
1651474800000,38891.8,38989.9,38864.4,38975.8
1651475700000,38973.9,38994.6,38939.4,38967.7
1651476600000,38969.3,38989.6,38939,38969.4
1651477500000,38968.6,38968.6,38793.5,38828.6
1651478400000,38829.1,38959.6,38814.8,38909.3
1651479300000,38909.4,38949.6,38851.3,38869.4
1651480200000,38871,38914.6,38748.9,38914.6
1651481100000,38914.6,38919.6,38845.1,38889.6
1651482000000,38889.6,38929.6,38840.7,38872.5
1651482900000,38871.5,38954.6,38859.1,38933.3
1651483800000,38932.7,39039.6,38903.6,38905.8
1651484700000,38903.1,38912,38732.6,38741.7
1651485600000,38741.4,38799.6,38706.2,38742
1651486500000,38743.7,38789.6,38672.9,38769.6
1651487400000,38763.1,38834.6,38730.8,38733.6
1651488300000,38739.6,38754.6,38633.3,38674.6
1651489200000,38669.6,38729.6,38593.4,38593.4
1651490100000,38593.1,38689,38567.9,38633.6
1651491000000,38633.6,38640.2,38497.7,38512.9
1651491900000,38512.8,38584.8,38441.9,38483.5
1651492800000,38483,38499.2,38384.6,38463
1651493700000,38463.3,38651.7,38460.9,38599.5
1651494600000,38602.8,38659.7,38497,38555.4
1651495500000,38561.1,38561.1,38442.1,38455.6
1651496400000,38457.1,38809.6,38447.2,38766.1
1651497300000,38769.9,38832.8,38699.9,38750
1651498200000,38753.3,39087.9,38224.3,38888.7
1651499100000,38888.7,38985.3,38684.9,38889.4
1651500000000,38889.3,38949.2,38665.8,38666.5
1651500900000,38666.5,38942.7,38571.2,38932.9
1651501800000,38926.8,39045.9,38851.9,38863.2
1651502700000,38860.8,38915.7,38722.4,38788.7
1651503600000,38788.2,38844.6,38673.3,38816.3
1651504500000,38818,38827.5,38651.4,38707.2
1651505400000,38707.9,38759.4,38577.8,38623.1
1651506300000,38623.7,38673.1,38578.4,38650.3
1651507200000,38650.3,38687.7,38530.9,38635
1651508100000,38634.4,38809.5,38613.3,38746.6
1651509000000,38746.6,38770.4,38654.8,38665.7
1651509900000,38665.7,38670.9,38489.8,38517.8
1651510800000,38517,38554.9,38364.7,38492.8
1651511700000,38493.6,38498.2,38338.3,38405.1
1651512600000,38405.1,38464.1,38266.8,38278
1651513500000,38277.6,38335.3,38157.2,38319.7
1651514400000,38316.8,38409.3,38081.2,38085.3
1651515300000,38085.3,38233.7,38081.2,38107.5
1651516200000,38107.7,38180.9,38081.2,38089.9
1651517100000,38090,38255,38081.2,38162.1
1651518000000,38162.6,38318.1,38110.5,38275
1651518900000,38275,38534.4,38240.1,38386.7
1651519800000,38388.5,38538.2,38330.4,38330.4
1651520700000,38330.4,38589,38324.9,38574.1
1651521600000,38574.1,38574.1,38408.7,38409.4
1651522500000,38409.4,38432.7,38409.4,38409.4
1651523400000,38409.4,38409.4,38409.4,38409.4
1651524300000,38409.4,38409.4,38266.3,38274.4
1651525200000,38249.3,38296.3,38220.8,38288
1651526100000,38287.7,38551.3,38285.5,38449.2
1651527000000,38448.9,38681.7,38448.9,38591.3
1651527900000,38591.5,38634.3,38561.9,38593.8
1651528800000,38576.9,38757.5,38575.6,38728.6
1651529700000,38732,38847.2,38591.1,38616.4
1651530600000,38617.2,38618.1,38547,38568.5
1651531500000,38568.3,38584,38536.9,38549
1651532400000,38549.6,38606.1,38545.1,38590.3
1651533300000,38590.6,38694,38584.1,38638.8
1651534200000,38638.4,38640.4,38501.5,38509.2
1651535100000,38507,38515.8,38430.2,38474.3
1651536000000,38474.1,38524,38413.6,38507.1
1651536900000,38507,38511.9,38411.1,38436.4
1651537800000,38436.4,38446.5,38392.9,38416.6
1651538700000,38416.9,38428.8,38381.6,38381.6
1651539600000,38381.6,38404.6,38381.6,38381.6
1651540500000,38381.6,38381.6,38381.6,38381.6
1651541400000,38381.6,38452.3,38381.6,38427.9
1651542300000,38430.7,38467.2,38407.6,38467.2
1651543200000,38467.2,38543.7,38448.1,38454.9
1651544100000,38453.8,38473.4,38430.3,38434.1
1651545000000,38434.1,38438.8,38275.3,38308.1
1651545900000,38310.6,38466.8,38291.9,38358.5
1651546800000,38358.2,38544.4,38350.2,38475.6
1651547700000,38474.8,38567.3,38472.6,38539
1651548600000,38539,38540.4,38465.5,38474
1651549500000,38474.6,38488.1,38425.4,38467.3
1651550400000,38467.3,38505.1,38428.1,38436.1
1651551300000,38436.2,38447.5,38414.1,38421.3
1651552200000,38421.3,38454.6,38412.9,38443.6
1651553100000,38444.9,38506.5,38412.6,38463.6
1651554000000,38464.7,38467,38350.2,38400.8
1651554900000,38400.6,38450.4,38381.8,38439
1651555800000,38439,38478.2,38433.9,38442.1
1651556700000,38442.1,38496.8,38429.7,38476.6
1651557600000,38474.3,38543.7,38436,38440.3
1651558500000,38440.3,38476.4,38403.6,38460.2
1651559400000,38460,38590.9,38460,38491.2
1651560300000,38492,38495.3,38421.9,38426.5
1651561200000,38427,38466.8,38381.6,38462.8
1651562100000,38460,38490.5,38444.7,38488.9
1651563000000,38488.9,38510.7,38445.9,38447.8
1651563900000,38447.6,38522.3,38424.4,38513.1
1651564800000,38515.1,38679.4,38501.4,38565.8
1651565700000,38563.8,38602.8,38538.6,38538.6
1651566600000,38538.6,38599.9,38538.6,38538.6
1651567500000,38538.6,38538.6,38538.6,38538.6
1651568400000,38538.6,38538.6,38538.6,38538.6
1651569300000,38538.6,38538.6,38538.6,38538.6
1651570200000,38538.6,38538.6,38409.6,38434.4
1651571100000,38434.6,38443.7,38396,38408.6
1651572000000,38411.7,38429.7,38381.6,38416.4
1651572900000,38417.9,38428.8,38381.6,38399.8
1651573800000,38399.5,38457.7,38381.6,38381.6
1651574700000,38381.6,38389.5,38381.6,38381.6
1651575600000,38381.6,38413,38381.6,38389.2
1651576500000,38390.4,38495.3,38248,38417.6
1651577400000,38418.4,38488.3,38390.1,38391.3
1651578300000,38391.2,38524.7,38391.2,38523.9
1651579200000,38521.8,38555.6,38472.9,38487.4
1651580100000,38488,38512.6,38397.7,38406
1651581000000,38409.4,38482.6,38402.3,38471.4
1651581900000,38471.8,38474.3,38403.7,38404.2
1651582800000,38405,38429.7,38381.6,38383.8
1651583700000,38383.7,38386.3,38381.6,38381.6
1651584600000,38381.6,38427.8,38272.4,38290.8
1651585500000,38290.8,38392.8,38129.1,38311.2
1651586400000,38319.5,38445.3,38148.1,38236.6
1651587300000,38232.4,38345.1,38136.6,38285.2
1651588200000,38282.3,38394.7,38246.4,38250
1651589100000,38250,38250,38250,38250
1651590000000,38250,38394.9,38250,38394.9
1651590900000,38394.9,38394.9,38297.9,38324.1
1651591800000,38324.5,38366.1,38297.9,38297.9
1651592700000,38297.9,38297.9,38297.9,38297.9
1651593600000,38297.9,38351.2,38157.7,38171.5
1651594500000,38171,38186.3,38167.6,38167.6
1651595400000,38167.6,38194.7,38081.2,38147.1
1651596300000,38142.4,38234.5,38140,38153.2
1651597200000,38153.2,38179.7,38081.2,38117.7
1651598100000,38118.4,38316.5,38118.4,38220
1651599000000,38220,38220,38188.7,38188.7
1651599900000,38188.7,38188.7,38081.2,38081.2
1651600800000,38081.2,38081.2,37735.5,37751
1651601700000,37744.7,37781.3,37589.9,37593.6
1651602600000,37593.9,37868.3,37547.2,37619.9
1651603500000,37620,37800.5,37546.7,37719.1
1651604400000,37718.4,37775.7,37629.1,37672
1651605300000,37672,37770.7,37592.5,37601.4
1651606200000,37602.1,37708.2,37487.6,37527.7
1651607100000,37529,37800.6,37496.7,37719.5
1651608000000,37719.5,37744,37587.1,37607.8
1651608900000,37607.8,37611.8,37491.2,37594
1651609800000,37593.7,37606.4,37534.1,37538.5
1651610700000,37536.8,37788.1,37533.3,37726.8
1651611600000,37724.9,37724.9,37564,37704.5
1651612500000,37705.3,37953.5,37681.6,37886.7
1651613400000,37885.3,37897.1,37696.6,37751.5
1651614300000,37752.7,37827.2,37699.8,37750.2
1651615200000,37724.7,37765.8,37685,37734.4
1651616100000,37735.2,37828.4,37716.2,37804
1651617000000,37800,37804.8,37730.1,37741
1651617900000,37741.9,37767.2,37696.4,37697
1651618800000,37703.3,37703.3,37588.4,37616.9
1651619700000,37616.8,37661.9,37616,37633.9
1651620600000,37633.9,37714.6,37600.5,37700.2
1651621500000,37703.3,37717.8,37681.2,37689.4
1651622400000,37683.2,37752,37629.4,37731.2
1651623300000,37730.6,37746.7,37690.9,37701.6
1651624200000,37701.4,37883,37701,37824
1651625100000,37824.3,37859.1,37810.1,37856.7
1651626000000,37855.6,37946.7,37852,37872.9
1651626900000,37872.9,37916,37857.5,37877
1651627800000,37875.7,37896,37841.4,37852
1651628700000,37852.1,37854.5,37806.6,37842.7
1651629600000,37842.7,37898.2,37833.9,37880
1651630500000,37882.3,38004.7,37882.3,37939.7
1651631400000,37942.8,37962.5,37910.3,37922.2
1651632300000,37923.4,37934.3,37901.6,37920.8
1651633200000,37919.6,37952,37917.6,37940
1651634100000,37941.1,38002.6,37934.2,37974.7
1651635000000,37976.8,38057.2,37973.5,38038.5
1651635900000,38038.5,38038.5,37959.8,37971.7
1651636800000,37972.2,38048.7,37955.8,37978.4
1651637700000,37984.1,37987.5,37922.8,37930.5
1651638600000,37933.4,37941.3,37908.8,37932.4
1651639500000,37934,37963.8,37917.9,37950.2
1651640400000,37950.4,37978.9,37935.2,37974.5
1651641300000,37974.5,37989.5,37934.2,37980.7
1651642200000,37980.7,38031.8,37980.2,37994.9
1651643100000,37995.2,38087.8,37987.9,38043.7
1651644000000,38043.7,38304.7,38036.7,38251.7
1651644900000,38251.4,38314.9,38217.5,38248.3
1651645800000,38248.3,38344.2,38248.3,38344.2
1651646700000,38344.2,38418.6,38300.7,38350.6
1651647600000,38360,38454.4,38301.8,38383.8
1651648500000,38383.8,38402.3,38383.8,38388.1
1651649400000,38388.1,38463.3,38383.8,38456.1
1651650300000,38456.6,38680.1,38455.8,38651.5
1651651200000,38652.2,38810.7,38625.6,38753
1651652100000,38751.5,38835.8,38710.5,38785.4
1651653000000,38787.2,38979.3,38781.7,38811.4
1651653900000,38811.2,39000.5,38800.7,38922.5
1651654800000,38923.4,38963,38814.9,38878
1651655700000,38880.6,38931.2,38832.1,38875.1
1651656600000,38874.3,39025.1,38864.8,38951.5
1651657500000,38951.6,38954.4,38773.7,38829.7
1651658400000,38836.2,38978.2,38800.6,38881.4
1651659300000,38881.4,38970.4,38881.4,38931.7
1651660200000,38931.7,39094,38888.8,38992.3
1651661100000,38992.3,39001,38980.8,38980.8
1651662000000,38980.8,38980.8,38881.4,38894.7
1651662900000,38899.6,39049.2,38881.4,38952.9
1651663800000,38952.9,39042.9,38917.7,38986.1
1651664700000,38985.4,38993.7,38944.8,38960.4
1651665600000,38960.5,39116.8,38936.8,38936.8
1651666500000,38936.8,38962.9,38936.8,38936.8
1651667400000,38936.8,38936.8,38881.4,38903.6
1651668300000,38903.3,38979.5,38881.9,38926.2
1651669200000,38919,39059.9,38911.6,38957.2
1651670100000,38954.7,39047.4,38949.5,38965.5
1651671000000,38975.7,38979,38881.4,38889.7
1651671900000,38890.5,38910,38666.6,38666.7
1651672800000,38661.1,38819.8,38617.7,38792.5
1651673700000,38792,38831,38712.8,38809.8
1651674600000,38809.5,38816.7,38707.6,38795.6
1651675500000,38796.6,38823.4,38729.7,38740.9
1651676400000,38741.1,38790.8,38679.5,38716.8
1651677300000,38718.1,38793.8,38716.3,38725.3
1651678200000,38725.3,39023.9,38670.1,38861.4
1651679100000,38859,39063.1,38844.4,38927
1651680000000,38926.7,38974.7,38860.7,38974.7
1651680900000,38974.7,39397.4,38907.6,39267.5
1651681800000,39268.3,39283.3,39110.3,39151.6
1651682700000,39151.8,39180.6,38988,39142.3
1651683600000,39147.2,39262.6,38874.3,38908.1
1651684500000,38911,38989.6,38885.8,38913
1651685400000,38914.4,38940.6,38860.7,38879.6
1651686300000,38875.4,39147.6,38770.3,38940.1
1651687200000,38940,39192.2,38815.9,38934.6
1651688100000,38934.6,38995.3,38655.6,38939.6
1651689000000,38939.6,39034.2,38592.3,39012.5
1651689900000,39009,39740.9,39004.5,39577.6
1651690800000,39577.5,39969.4,39520.5,39850.3
1651691700000,39850.4,39929.2,39708,39811
1651692600000,39811.5,39861.1,39719.5,39720.2
1651693500000,39720.8,39870.1,39621.4,39809
1651694400000,39808.4,39889.4,39763.5,39763.7
1651695300000,39762.5,39795.5,39721.8,39789.7
1651696200000,39786.8,39853.6,39786.8,39819.5
1651697100000,39820.1,39823.9,39754.3,39767
1651698000000,39737.3,39770.5,39723.6,39767.2
1651698900000,39767.4,39816.7,39727.6,39805.9
1651699800000,39805.3,39808.4,39717.4,39719.9
1651700700000,39725.7,39741.4,39678,39700.3
1651701600000,39701.2,39726.5,39670.4,39686.4
1651702500000,39687,39723,39681.1,39708
1651703400000,39708.1,39727.9,39642.8,39649.3
1651704300000,39650.2,39676.8,39634.7,39643.2
1651705200000,39643.2,39645.7,39592.4,39592.4
1651706100000,39591.7,39607.7,39571.2,39580.3
1651707000000,39580.3,39597.4,39571.3,39588.8
1651707900000,39588.8,39681.1,39588.7,39644.6
1651708800000,39644.6,39694.8,39608.7,39609
1651709700000,39608.1,39635.3,39511.5,39622.8
1651710600000,39625.6,39664.6,39605.6,39631.6
1651711500000,39631.1,39639.7,39573,39610.2
1651712400000,39612.7,39620.7,39585.3,39588.4
1651713300000,39588.6,39617.5,39556.4,39604.8
1651714200000,39604.6,39657.6,39594.2,39629
1651715100000,39630.7,39632.1,39572.6,39585.5
1651716000000,39585.3,39663.3,39563.7,39642.8
1651716900000,39641.2,39655.8,39633.4,39655.8
1651717800000,39655.3,39698.4,39649.7,39686.7
1651718700000,39686.6,39750.2,39659,39735.5
1651719600000,39735.7,39736.3,39699.8,39714.1
1651720500000,39714,39718.8,39702.6,39713.4
1651721400000,39713.2,39714.3,39651.4,39658.4
1651722300000,39658.3,39693.6,39642.5,39689.1
1651723200000,39689.1,39691.4,39657,39658.7
1651724100000,39660.8,39675.7,39648,39664.7
1651725000000,39664.9,39704.7,39650.5,39695.2
1651725900000,39701.4,39718.3,39697.1,39707.6
1651726800000,39707.6,39727.4,39676.2,39727.4
1651727700000,39727.5,39783.8,39656.8,39658.4
1651728600000,39658.1,39661.3,39544.2,39581.9
1651729500000,39581.9,39585.5,39533.4,39557
1651730400000,39557.1,39623.7,39545.2,39620.5
1651731300000,39620.5,39642.2,39569,39571
1651732200000,39574.8,39581.6,39501.2,39516.1
1651733100000,39514.6,39533.8,39486.9,39497
1651734000000,39495.6,39516,39476,39492.3
1651734900000,39492.2,39530.3,39474.1,39512.7
1651735800000,39512.7,39572.7,39512.7,39571.7
1651736700000,39571.7,39571.7,39524.5,39542.5
1651737600000,39540,39583,39488.7,39574
1651738500000,39574,39582.9,39524.8,39532.1
1651739400000,39532.3,39534,39422.8,39424.7
1651740300000,39425.6,39481.4,39403.3,39437.6
1651741200000,39437.6,39514.7,39429.7,39504.4
1651742100000,39506.1,39511.7,39403.5,39423.8
1651743000000,39425.6,39438.9,39380.8,39438.9
1651743900000,39435.5,39451.9,39384.2,39439.9
1651744800000,39439.9,39474.7,39431.6,39461.2
1651745700000,39460.2,39507.7,39413.9,39500.7
1651746600000,39500.7,39574,39470.6,39545.6
1651747500000,39545.6,39545.6,39461.5,39469.5
1651748400000,39469.8,39523.5,39455.1,39486.8
1651749300000,39488,39524.5,39477.9,39501.2
1651750200000,39501.5,39501.5,39437.1,39484
1651751100000,39484,39484.7,39415.9,39443.9
1651752000000,39444.7,39489.1,39416.4,39478.5
1651752900000,39479.1,39479.7,39425.5,39464.9
1651753800000,39466.7,39497.5,39461.4,39489.8
1651754700000,39491.3,39500.3,39443.6,39455.7
1651755600000,39454.3,39457.3,39377.6,39418.1
1651756500000,39421.2,39436.7,39311.8,39341.1
1651757400000,39345.1,39347.6,39174.6,39174.6
1651758300000,39175.5,39202.3,38922.7,38959
1651759200000,38959,38995.1,38723.9,38823.6
1651760100000,38830.2,38830.2,38495.4,38602.8
1651761000000,38601.9,38608,38199.2,38337.7
1651761900000,38337.1,38348,38078,38169.3
1651762800000,38169.3,38174,36589.2,37186.7
1651763700000,37189.4,37340.9,36845.3,37062.8
1651764600000,37062.8,37189.7,36926.2,36996
1651765500000,36996,37022.9,36585.8,36870.1
1651766400000,36875.1,37028.1,36742.6,36992.6
1651767300000,36992.5,37266.7,36950.7,37106.6
1651768200000,37106.6,37107.8,36809.6,36871.4
1651769100000,36871.6,37049.6,36820.9,36993.6
1651770000000,36995.6,37113.1,36983.5,36989.4
1651770900000,36989.7,37033.6,36808.9,36885.4
1651771800000,36882.8,36954.2,36807.6,36863.8
1651772700000,36862.8,36868.1,36740.8,36769
1651773600000,36768.1,36802.6,36628.7,36684.2
1651774500000,36684.2,36774.2,36004.2,36136.9
1651775400000,36139.9,36370,36134.5,36283.8
1651776300000,36284.5,36549.8,36234.7,36338.1
1651777200000,36338.7,36342.4,35773.9,35849.8
1651778100000,35846.8,35904.7,35548.8,35800.9
1651779000000,35800.9,36147,35732.6,36079.7
1651779900000,36079.5,36322.4,35913.4,36282.6
1651780800000,36282.6,36347.7,36095.9,36338.5
1651781700000,36337.9,36343.8,36149.5,36168.9
1651782600000,36170.9,36300.4,36122.1,36262.4
1651783500000,36258.9,36419.1,36217.9,36417.9
1651784400000,36360.1,36395.3,36273.6,36316.8
1651785300000,36316.9,36525.2,36312.1,36437.5
1651786200000,36438.6,36554.7,36397.2,36520.4
1651787100000,36522.2,36529.2,36398.8,36413.2
1651788000000,36385,36448.2,36356.7,36420.7
1651788900000,36420.7,36420.7,36285.7,36341.5
1651789800000,36342.1,36393.3,36312,36313.1
1651790700000,36312.7,36330.1,36221.4,36221.4
1651791600000,36221.4,36481.4,36221.4,36442.5
1651792500000,36437.2,36534.1,36361.7,36464.2
1651793400000,36465.8,36487.8,36406.9,36474
1651794300000,36471.9,36552.9,36441.3,36507.6
1651795200000,36504.1,36621.5,36439,36446.8
1651796100000,36446.8,36475.5,36397.1,36464.8
1651797000000,36465.3,36465.3,36338.2,36368.5
1651797900000,36368.5,36368.5,36257.1,36328.1
1651798800000,36326.3,36361,36234.7,36236.3
1651799700000,36236.5,36317.9,36135.2,36203.1
1651800600000,36206.2,36242.4,36164.9,36212.1
1651801500000,36212.4,36269.9,36165.6,36269.9
1651802400000,36266.9,36418.8,36265.6,36417.5
1651803300000,36417.6,36503.4,36406.1,36497.5
1651804200000,36502.4,36503.5,36418.6,36451.5
1651805100000,36452.2,36454.7,36374.7,36388.1
1651806000000,36388.1,36424.8,36344.7,36376
1651806900000,36376,36376,36324.7,36340
1651807800000,36340,36401.9,36315,36319.9
1651808700000,36324.7,36412.1,36324.7,36411.4
1651809600000,36411.4,36425.5,36298.8,36301.5
1651810500000,36299.1,36340.3,36240.6,36297.7
1651811400000,36300.4,36324.7,36279.8,36306.8
1651812300000,36306.8,36390.8,36291.1,36384.1
1651813200000,36384.1,36419.7,36338.9,36390.1
1651814100000,36390.1,36435.1,36376.2,36423.1
1651815000000,36424.5,36445.7,36388.7,36432.9
1651815900000,36432.9,36464.3,36407.7,36453.6
1651816800000,36453.6,36504.7,36425,36435
1651817700000,36435,36444.7,36371.5,36373.4
1651818600000,36373.5,36422,36371.4,36395.4
1651819500000,36395.6,36407.8,36346.8,36363.4
1651820400000,36368.2,36376.5,36320.2,36355.1
1651821300000,36356.6,36403.9,36324.2,36329.6
1651822200000,36328.8,36337.3,35815.4,35882
1651823100000,35882,36394.6,35822.7,36338.5
1651824000000,36338.5,36459,36138.2,36210.4
1651824900000,36210.4,36309.3,36144.9,36246.4
1651825800000,36256.6,36351.9,36165.6,36185.6
1651826700000,36185.6,36259.2,36147.9,36172
1651827600000,36172,36211.1,36140,36162.4
1651828500000,36162.8,36286.6,36122.8,36263.8
1651829400000,36263.1,36378.8,36254.7,36312.3
1651830300000,36309.9,36365.4,36297.2,36361.2
1651831200000,36361.2,36396.8,36302.4,36302.9
1651832100000,36302.9,36311.3,36223.5,36223.5
1651833000000,36223.5,36223.5,36005,36047.6
1651833900000,36047.6,36104.6,35767.1,35886.5
1651834800000,35884.9,36072.9,35684.7,35762.4
1651835700000,35762.4,35802.1,35563.8,35682.3
1651836600000,35680.9,35914.6,35589.5,35769.7
1651837500000,35768.7,35848,35731.7,35746
1651838400000,35743.9,35863.4,35661.8,35678
1651839300000,35678,35997.2,35643.3,35930.5
1651840200000,35931.7,36312.1,35931.7,36042.6
1651841100000,36039.2,36056,35727.7,35799.7
1651842000000,35799.7,35962.5,35670.7,35889
1651842900000,35889.7,35979.3,35832.3,35953.9
1651843800000,35953.1,36002.4,35247.6,35510.9
1651844700000,35510.9,35794.5,35299.8,35704
1651845600000,35703.9,36008.1,35602.5,35854.8
1651846500000,35855.8,36177.8,35854.8,35858.2
1651847400000,35854.8,35966.9,35704.4,35876.3
1651848300000,35876.3,36191.2,35854.8,36185.2
1651849200000,36185.2,36244.4,36037.3,36159.4
1651850100000,36159.4,36459.1,36134.3,36313.1
1651851000000,36313.1,36316.2,36002.8,36039.6
1651851900000,36035.9,36202.8,35903.3,36027.9
1651852800000,36027.9,36157.1,35909.8,35926.8
1651853700000,35926.3,36172,35909.8,36063
1651854600000,36063.5,36193.5,36050.4,36097.5
1651855500000,36097.5,36190.2,36050.8,36170.1
1651856400000,36174.2,36184.8,36062.5,36071.9
1651857300000,36074,36128.2,35972.7,36056.5
1651858200000,36056.5,36080.8,35956.1,35972.4
1651859100000,35967.5,35997.6,35816.6,35844.5
1651860000000,35843.6,35904.6,35800,35860.9
1651860900000,35860.5,35938.2,35839,35878.4
1651861800000,35875.8,35963.2,35790.3,35913.3
1651862700000,35908.6,36054.7,35895.9,35914.4
1651863600000,35914.4,35981.1,35836.4,35903.1
1651864500000,35910.8,35937.2,35798.7,35919.6
1651865400000,35916.3,36089.6,35912.5,36019.6
1651866300000,36019.9,36098.2,35912.6,35956.3
1651867200000,35957,35957.6,35860.8,35864.8
1651868100000,35864.7,35878,35826.6,35855.2
1651869000000,35855,35928.8,35831.2,35925.8
1651869900000,35926,36062.8,35923.9,36026.1
1651870800000,36013.2,36038.5,35923,35947.6
1651871700000,35947.6,35993.8,35923.8,35990.8
1651872600000,35990.8,36003.3,35862.1,35867.1
1651873500000,35867.1,35904.4,35825.5,35888.9
1651874400000,35888.9,35934.2,35814.9,35816.4
1651875300000,35816.3,35906.2,35815.9,35859.3
1651876200000,35859.3,35923.8,35817.8,35916.9
1651877100000,35916.8,35999.1,35896.5,35929.6
1651878000000,35929.5,36027.7,35926.4,35995.2
1651878900000,35995.2,36047.8,35979.6,36017.5
1651879800000,36019.4,36033.3,35954.9,36002.7
1651880700000,36002.6,36013.3,35925.3,35934.9
1651881600000,35936.6,35978.5,35863.6,35965
1651882500000,35964.8,35990.3,35883.5,35892.6
1651883400000,35892.6,35956.9,35867.3,35943.7
1651884300000,35943.6,35948.4,35883.7,35914.9
1651885200000,35914.9,35969,35893.5,35909.4
1651886100000,35909.3,35928.4,35849.9,35888.1
1651887000000,35888.1,35902.6,35847.1,35861.1
1651887900000,35861.1,35948.3,35837.5,35939.9
1651888800000,35939.7,35950,35872.3,35928.5
1651889700000,35930.9,35935,35853.7,35907.4
1651890600000,35907.4,35924.1,35862.5,35898.1
1651891500000,35898,35898,35855.7,35866
1651892400000,35866,35882.5,35820.8,35823.4
1651893300000,35825.5,35856.5,35715.6,35745.1
1651894200000,35744,35811.2,35682.9,35777
1651895100000,35777,35818.8,35710.6,35733.4
1651896000000,35737.3,35775.5,35682.6,35725.1
1651896900000,35725,35804.7,35674.2,35788
1651897800000,35791.3,35803.4,35704.3,35709.9
1651898700000,35711.6,35751.2,35642.9,35663.4
1651899600000,35663.2,35744.5,35640.4,35725.9
1651900500000,35726.3,35809.2,35691.8,35785
1651901400000,35784.8,35814.4,35737.3,35809.8
1651902300000,35809.5,35824.1,35755.6,35820.6
1651903200000,35822,35833,35756.2,35768.4
1651904100000,35768.3,35792.8,35712.3,35734
1651905000000,35734,35781.6,35727.2,35769.2
1651905900000,35768.4,35800.7,35711.3,35727.3
1651906800000,35727.3,35749.9,35695.2,35723.6
1651907700000,35724.2,35789.3,35723.3,35746.1
1651908600000,35746,35846.6,35737.8,35846
1651909500000,35847.5,35875.4,35817.1,35833.5
1651910400000,35834.7,35905.9,35792.9,35902.7
1651911300000,35902.7,35988,35842.7,35867.5
1651912200000,35867.5,35924.3,35845.1,35903.5
1651913100000,35903.4,35989.9,35899.8,35924.6
1651914000000,35924.5,35946.2,35888.4,35935
1651914900000,35935,35979.6,35894.8,35929.1
1651915800000,35928.2,35944.5,35898.3,35932.6
1651916700000,35932.5,35932.6,35878.3,35895.8
1651917600000,35896.8,35940.4,35866.4,35932.7
1651918500000,35933.1,35961.3,35877.6,35955.7
1651919400000,35955.6,36052.9,35932.3,35993.8
1651920300000,35993.8,36008.9,35940.6,36001.7
1651921200000,36005.8,36050.5,35969.5,36034.3
1651922100000,36034.2,36061.2,35987.3,35987.3
1651923000000,35987.3,36003.7,35919.9,35969.2
1651923900000,35969.3,35992.8,35935.5,35980.5
1651924800000,35980.5,35980.5,35915,35954.6
1651925700000,35954.5,35954.5,35926.6,35942.5
1651926600000,35942.1,35968.8,35888.7,35888.7
1651927500000,35888.6,35970.5,35887.1,35951
1651928400000,35950.9,35973.3,35807.2,35823.9
1651929300000,35823.8,35883.8,35788.4,35810
1651930200000,35812.3,35861.3,35791.6,35818.4
1651931100000,35818.6,35872.1,35799.5,35825.3
1651932000000,35825.2,35847.3,35804.2,35818
1651932900000,35818,35863,35805.3,35845.1
1651933800000,35844.5,35879,35835.5,35861.8
1651934700000,35861.8,35920.4,35834.5,35883
1651935600000,35882.9,35919.3,35866.5,35912.3
1651936500000,35912.7,36005.8,35882.6,35923.3
1651937400000,35923.9,35935,35863,35866.2
1651938300000,35868.7,35909.2,35863.6,35889.2
1651939200000,35889.5,35904.7,35859.4,35888.7
1651940100000,35888.9,35890.5,35845.9,35883.1
1651941000000,35884.6,35884.6,35856.2,35867.7
1651941900000,35867.7,35896.6,35805,35886.2
1651942800000,35886.1,35894.1,35814.2,35844.9
1651943700000,35844.9,35862.4,35803.3,35826.9
1651944600000,35826.9,35841.3,35780.4,35820.8
1651945500000,35820.7,35821.6,35791.1,35800.5
1651946400000,35800.5,35832.4,35795.1,35832.4
1651947300000,35832.4,35925.2,35832.2,35872.7
1651948200000,35872.7,35893.6,35856.5,35868.9
1651949100000,35868.8,35878.4,35791.7,35821.1
1651950000000,35821,35841.3,35793.9,35819.8
1651950900000,35822.9,35851.5,35779.4,35820.3
1651951800000,35820.2,35833.8,35797.8,35827.1
1651952700000,35827.1,35828.8,35772.1,35793.4
1651953600000,35793.3,35793.3,35741.9,35753.1
1651954500000,35753.1,35759.4,35718.5,35733.5
1651955400000,35731.9,35738.8,35673.3,35696.5
1651956300000,35696.5,35731.4,35665,35703.7
1651957200000,35702.4,35763.9,35304.7,35419.2
1651958100000,35420.7,35500.8,35131.1,35298.2
1651959000000,35297,35470.1,35247.8,35325.5
1651959900000,35325.5,35396.7,34960.6,34971.9
1651960800000,34979.9,35212.7,34960.4,35205.5
1651961700000,35206.3,35269.2,35095,35161.1
1651962600000,35161.1,35260.2,35115.2,35123.3
1651963500000,35124.6,35141.6,34800.8,34998
1651964400000,34997.7,35390.7,34978.2,35384.8
1651965300000,35385.5,35635.5,35352.5,35576.5
1651966200000,35576.5,35698,35511.7,35519
1651967100000,35520.3,35520.6,35420,35432.4
1651968000000,35432.4,35463.9,35352.5,35413.9
1651968900000,35414.4,35414.7,35287.8,35293.3
1651969800000,35292.9,35323.3,35202.5,35212.8
1651970700000,35212.7,35276.3,35043.1,35061.8
1651971600000,35061.8,35190.5,35061.8,35164.4
1651972500000,35164.3,35164.5,34938.8,35091.9
1651973400000,35091,35114.6,35010.3,35056.7
1651974300000,35055.5,35076.7,34712,34784.1
1651975200000,34784.1,34878.7,34535,34562.6
1651976100000,34562.5,34682.4,34406.7,34541.1
1651977000000,34541.3,34574.1,34415.4,34499.2
1651977900000,34499.2,34590.3,34302.8,34530.9
1651978800000,34534.1,34585.4,34196.2,34398.1
1651979700000,34398.2,34487,34348.5,34411.6
1651980600000,34411.7,34432.1,34247.1,34305.2
1651981500000,34307.2,34480.7,34304.3,34439.8
1651982400000,34439.4,34610.8,34427.6,34569.1
1651983300000,34569.4,34627,34559.3,34612.4
1651984200000,34612.5,34629.6,34481.1,34499.7
1651985100000,34499.6,34499.7,34366.6,34369
1651986000000,34369,34429.8,34340.7,34382.6
1651986900000,34381.5,34408,34288.3,34326.4
1651987800000,34326.2,34397.1,34306.9,34325.5
1651988700000,34325.5,34409.1,34325.5,34402.4
1651989600000,34403.1,34594.2,34403.1,34588.8
1651990500000,34590.1,34604.1,34504,34569.5
1651991400000,34569.3,34693.9,34539.3,34657.5
1651992300000,34657.5,34892.6,34654.9,34740.7
1651993200000,34739.1,34854.8,34675.5,34691.5
1651994100000,34691.3,34778.4,34681.9,34686.2
1651995000000,34686.3,34721.3,34645,34648.6
1651995900000,34648,34663.6,34559.6,34560.6
1651996800000,34559.7,34652.7,34549.7,34618
1651997700000,34618,34622.5,34473.6,34480.9
1651998600000,34480.4,34574.8,34460.3,34574.5
1651999500000,34574.6,34679.9,34574.6,34627.2
1652000400000,34626.8,34659,34511.3,34555.6
1652001300000,34555.9,34562.3,34510.8,34513.9
1652002200000,34513.9,34563.2,34500.6,34560.4
1652003100000,34562,34565,34499.7,34526.9
1652004000000,34527.5,34619.6,34485,34598.8
1652004900000,34598.7,34671.9,34590.6,34624.9
1652005800000,34624.1,34677.2,34623.6,34658.6
1652006700000,34658.5,34744.3,34658,34685
1652007600000,34687.8,34778.1,34678.7,34734.5
1652008500000,34734.4,34818.5,34701.4,34792.5
1652009400000,34793.7,34799.5,34724.7,34724.7
1652010300000,34724.7,34758.3,34688.6,34746.7
1652011200000,34745.1,34796.3,34714.6,34787.2
1652012100000,34787.2,34794.6,34613.2,34645.8
1652013000000,34645.9,34645.9,34582,34623.9
1652013900000,34623.5,34664.7,34561.4,34588.9
1652014800000,34589,34617,34534.4,34578.8
1652015700000,34578.9,34626.8,34522.3,34561.8
1652016600000,34561.7,34574.2,34501.6,34535.9
1652017500000,34535.9,34574.9,34316.8,34323.4
1652018400000,34323.4,34504,34276.7,34407.7
1652019300000,34407.7,34462.4,34341.7,34425.7
1652020200000,34424.3,34521.6,34313.2,34313.2
1652021100000,34312.6,34426.5,34309.3,34411.3
1652022000000,34411.4,34520.3,34396.4,34431.2
1652022900000,34431.2,34529.7,34420.6,34496.5
1652023800000,34496.5,34544.3,34442.2,34443.9
1652024700000,34444.8,34449.6,34310.1,34313.4
1652025600000,34313.7,34383.1,34286.4,34365.2
1652026500000,34365.5,34393.3,34278.4,34374.2
1652027400000,34375.1,34497.6,34373.3,34497.6
1652028300000,34497.7,34505.1,34324.7,34337.7
1652029200000,34339.2,34340.9,33710.6,33997
1652030100000,33992.5,34075.2,33886.7,33938.3
1652031000000,33937.6,33938.6,33748,33877
1652031900000,33877.4,34051.7,33846.6,34029.3
1652032800000,34028.9,34061.3,33828.2,33871
1652033700000,33881.5,34351.9,33864.1,34178.5
1652034600000,34178.5,34531.1,34166.1,34519.9
1652035500000,34520,34573.6,34432.9,34473.4
1652036400000,34473.2,34614.3,34454.7,34562.1
1652037300000,34562.6,34671.2,34559.6,34616.6
1652038200000,34616.5,34651.3,34505,34524.4
1652039100000,34524.4,34569,34510.2,34553.6
1652040000000,34553.5,34589,34500.5,34535.3
1652040900000,34535.4,34539,34421.4,34440.9
1652041800000,34440.9,34473.8,34248.5,34285.9
1652042700000,34281.8,34332.1,34177.3,34187.8
1652043600000,34157.9,34222.4,34157.7,34204.9
1652044500000,34205,34290.2,34192,34246.1
1652045400000,34247,34431,34244.9,34384.2
1652046300000,34378.9,34421.1,34363.9,34415.4
1652047200000,34377.7,34411.7,34008.6,34131
1652048100000,34131,34186.9,34081,34099.2
1652049000000,34099.2,34178.4,34029.6,34150
1652049900000,34144.9,34270.4,34138.4,34234.2
1652050800000,34233.4,34245.3,34173.2,34201.1
1652051700000,34206.7,34209.9,34078.1,34079.3
1652052600000,34077.3,34077.3,33922.1,33999.7
1652053500000,33996.2,34087.6,33884.7,33997.8
1652054400000,33998.2,34126.1,33951,34038.5
1652055300000,34050,34081.3,34017.4,34027.8
1652056200000,34026,34124.1,34016.3,34120.3
1652057100000,34120.3,34191.6,34073.1,34103.1
1652058000000,34097.2,34138.2,34067.4,34086.8
1652058900000,34090.4,34195.9,34090.4,34127.7
1652059800000,34127.7,34173.1,34048.3,34076.4
1652060700000,34075.6,34076.9,33985.4,34010.8
1652061600000,34010.8,34024.4,33809,33873.9
1652062500000,33873.9,33873.9,33417.4,33515.3
1652063400000,33514.3,33641,33355.4,33445.9
1652064300000,33446.6,33524.7,33256.9,33461.7
1652065200000,33457.1,33670.5,33362.5,33550.3
1652066100000,33550.6,33767,33550.6,33644.9
1652067000000,33650.7,33763.1,33610.2,33632.9
1652067900000,33632.9,33636.8,33509.9,33520.1
1652068800000,33520.2,33764,33478.3,33760.9
1652069700000,33757.9,33793.1,33702.4,33748.6
1652070600000,33746.9,33771.3,33654.4,33681.5
1652071500000,33681.7,33683.3,33592.5,33601.9
1652072400000,33603,33687.2,33561.8,33582.9
1652073300000,33582.9,33636,33507.5,33563.8
1652074200000,33563.8,33563.8,33450.4,33505.4
1652075100000,33508.3,33526.5,33425.2,33464.7
1652076000000,33477.9,33547.9,33332,33351.9
1652076900000,33352.1,33409.5,33304.8,33386.3
1652077800000,33385.2,33474.7,33368,33416.1
1652078700000,33416.1,33545.6,33403.3,33526.2
1652079600000,33523.6,33721.8,33511.4,33650.3
1652080500000,33655.9,33663.3,33484.2,33502.4
1652081400000,33497.3,33609.8,33490.7,33529.1
1652082300000,33527.7,33630.2,33476.5,33480.6
1652083200000,33477.9,33483.4,33425.1,33445
1652084100000,33444.8,33461.2,33191.2,33284.8
1652085000000,33282.6,33439.9,33132.8,33352.8
1652085900000,33352.8,33749.1,33352.8,33626.7
1652086800000,33627,33802.7,33570.8,33721.9
1652087700000,33721.9,33721.9,33481.8,33499.4
1652088600000,33499.9,33529.3,33441.1,33441.1
1652089500000,33441.1,33513.3,33441.1,33454.2
1652090400000,33454.2,33516.9,33309.7,33346.4
1652091300000,33346.4,33371.8,33100,33208.8
1652092200000,33208.3,33360.8,32997,33030.9
1652093100000,33030.9,33143.5,32634,32774.9
1652094000000,32773.6,32997.3,32736.8,32885
1652094900000,32884.6,32978.9,32624.1,32757.9
1652095800000,32757.1,32962.7,32725.4,32862.6
1652096700000,32862.6,33152.8,32862.6,33069.8
1652097600000,33070.3,33088.9,32849,32892.4
1652098500000,32893.2,33022,32862.7,32990.8
1652099400000,32992.7,33145.3,32907.4,33017.1
1652100300000,33021,33043.6,32778.9,32806.8
1652101200000,32806.4,32894,32763.6,32894
1652102100000,32894,32894,32733,32737.6
1652103000000,32737.6,33352.2,32737.6,33109.8
1652103900000,33102.7,33111.1,32842.9,32981.9
1652104800000,32982.5,33021.4,32842.9,32930.9
1652105700000,32929.8,32951,32759.4,32759.4
1652106600000,32759.4,32795.4,32500,32658.3
1652107500000,32657.9,32705.1,32408.2,32413
1652108400000,32409.7,32653.8,32364.5,32533
1652109300000,32533,32554.8,32288.5,32302
1652110200000,32302,32382,32100,32235.6
1652111100000,32235.5,32385.5,32172.2,32295.5
1652112000000,32295.6,32474.6,32147.5,32389.8
1652112900000,32385.4,32533.8,32232.8,32257.2
1652113800000,32257.3,32338.5,31784.7,31821.5
1652114700000,31821.5,31974.7,31572.4,31657.1
1652115600000,31656.6,31656.9,30977.9,31407.4
1652116500000,31415.4,31829.9,31389.5,31663.2
1652117400000,31664.3,31866.1,31581.4,31765.3
1652118300000,31767,31780,31156.3,31252.8
1652119200000,31252.8,31393.3,31005.5,31052.1
1652120100000,31050.5,31414.3,30808.8,31002
1652121000000,31002,31020.5,30315.9,30457.8
1652121900000,30457.8,31052.5,30414.8,30727.3
1652122800000,30742,30963.2,30576.1,30828.4
1652123700000,30831.9,30972.5,30500.9,30591.1
1652124600000,30591.1,30730.3,30393,30581.4
1652125500000,30581.3,31053.1,30388.6,30936.1
1652126400000,30934,31821.9,30900,31796.4
1652127300000,31790.3,31824.5,31378,31378
1652128200000,31378,31415.9,30725,30737.5
1652129100000,30747.6,31316.1,30643.5,30948.2
1652130000000,30918.7,31384.4,30851.8,31145.8
1652130900000,31147.4,31294.4,31123.6,31224.5
1652131800000,31225.2,31460.5,31188.5,31417.7
1652132700000,31415.4,31460.8,30753,30783
1652133600000,30790.9,31090.6,30639.8,30914.1
1652134500000,30914.2,31079,30865.6,30881.4
1652135400000,30883.8,31224.2,30878.4,31141.8
1652136300000,31136.8,31288.7,31038.6,31058.6
1652137200000,31057.9,31172.5,30862.2,30862.8
1652138100000,30863.2,30894.8,30539.8,30608.1
1652139000000,30606.2,30712.7,30111.1,30158.9
1652139900000,30155.4,30400.6,29990.9,30039.5
1652140800000,30046.5,30598.1,29957,30251.4
1652141700000,30251.4,30277.7,29805.2,29872.4
1652142600000,29882.3,30558.3,29777,30555.5
1652143500000,30554.2,30888,30391.3,30733.7
1652144400000,30737.7,31349.5,30650.3,30940.2
1652145300000,30938.6,31170.8,30725.5,31130.9
1652146200000,31128.9,31129.5,30638.2,30765.9
1652147100000,30764.4,31043.3,30687.7,30848.4
1652148000000,30865.2,30909,30751.8,30889.2
1652148900000,30903.9,31346.5,30843.8,31268.1
1652149800000,31270.9,31354.7,31050.7,31323.4
1652150700000,31323.4,31329.7,30970.9,30995.3
1652151600000,31000.7,31130.4,30884.9,30884.9
1652152500000,30882.8,30956.8,30764.6,30814
1652153400000,30814,30814,30622.6,30648.7
1652154300000,30652,30745.1,30590.8,30606.7
1652155200000,30615.8,30861.3,30563.8,30758.8
1652156100000,30759.2,30987.4,30759,30919.2
1652157000000,30920.1,31128.6,30900.8,31050.6
1652157900000,31049.8,31302.8,30972.4,31178.3
1652158800000,31179.2,31499,31178.1,31403.3
1652159700000,31404.7,31427.1,31243.5,31332
1652160600000,31334.1,31709.9,31318,31688.6
1652161500000,31687.8,31933.8,31668.1,31788.4
1652162400000,31788.2,32224.1,31777,32181.6
1652163300000,32181,32506,32137.2,32413.4
1652164200000,32421.8,32607.4,32317.7,32570
1652165100000,32570.9,32579.1,32047,32055.5
1652166000000,32059.7,32155,31782.2,31901.9
1652166900000,31897.5,31989.5,31787.7,31915.1
1652167800000,31916.2,31937.5,31778.2,31793.9
1652168700000,31792.4,31828.8,31581.4,31590.7
1652169600000,31578.1,31810.2,31518.8,31611.1
1652170500000,31611.3,31866.9,31611.3,31855.7
1652171400000,31855.7,31967.8,31713.7,31758.9
1652172300000,31765.5,31803,31630.6,31704.5
1652173200000,31708.6,31844.4,31675.1,31819.5
1652174100000,31822.6,31885.2,31410.9,31461.2
1652175000000,31455.6,31642.8,31286.6,31502.4
1652175900000,31500.2,31549.5,31340.5,31358.6
1652176800000,31357.6,31428,31285.9,31325.2
1652177700000,31323.9,31505.2,31208.2,31463.6
1652178600000,31461.3,31522.4,31294,31381.5
1652179500000,31381.5,31458,31253.1,31276
1652180400000,31272.8,31383.8,31227.7,31357
1652181300000,31357.5,31585,31352.5,31523.3
1652182200000,31524,31770.8,31492.5,31717.2
1652183100000,31718.5,31730.5,31552.3,31581.2
1652184000000,31580.3,31661.4,31479.1,31558.3
1652184900000,31555.6,31761.6,31516.4,31728.8
1652185800000,31726.9,32103.8,31687.2,32027.3
1652186700000,32029.4,32231.9,31840.3,32135.3
1652187600000,32135.3,32273.5,32060.4,32132.6
1652188500000,32133.5,32151.4,31910.2,32102.1
1652189400000,32097.3,32323.8,31625.3,31690.6
1652190300000,31691.7,31801.9,31505.1,31774.4
1652191200000,31761.3,32146.5,31663.7,31750.7
1652192100000,31749,31827.4,31515.9,31581.2
1652193000000,31579,31651.7,31210.3,31231.4
1652193900000,31235.8,31251.6,30827.1,31034.6
1652194800000,31040,31123.5,30830.6,30907.8
1652195700000,30906.1,31263.5,30857.5,31092.6
1652196600000,31098.9,31469.7,31069.4,31355.8
1652197500000,31356.1,31372.7,31133,31264.2
1652198400000,31265.3,31402.6,31030.5,31193.9
1652199300000,31195,31348.5,31078,31115.2
1652200200000,31111.5,31164.2,30942.9,31129.2
1652201100000,31129.4,31285.8,31078,31171.9
1652202000000,31174.9,31359.9,31159.3,31279.7
1652202900000,31278.2,31443.6,31189.6,31434.6
1652203800000,31439.1,31757.9,31435.2,31674.3
1652204700000,31673.1,31708,31555.7,31632.3
1652205600000,31632.3,31667.8,31469.2,31659.3
1652206500000,31657.5,31668.6,31381,31586.9
1652207400000,31587,31788.9,31527.1,31722.5
1652208300000,31725,31725,31534.4,31579.6
1652209200000,31580.8,31654.7,31354.6,31419.3
1652210100000,31417.8,31498.3,31276.8,31346.3
1652211000000,31348.5,31348.5,31173.5,31235.4
1652211900000,31234.9,31390,31234.9,31291.5
1652212800000,31291.5,31308.1,31173.1,31199.1
1652213700000,31197.6,31210.2,31100.7,31174.1
1652214600000,31174.1,31174.1,30940.2,31005.7
1652215500000,31009.3,31095.1,30887.8,30956.1
1652216400000,30881.8,31075.7,30810,30921
1652217300000,30920.8,30985.7,30642.3,30750.2
1652218200000,30752.4,30807.8,30399,30544.4
1652219100000,30547.3,30616.6,30202.6,30202.6
1652220000000,30204,30754.9,30131,30604
1652220900000,30605.2,30806.2,30486.9,30521.1
1652221800000,30521.3,30523.4,30332.2,30454.4
1652222700000,30464.6,30899.1,30431.4,30734.9
1652223600000,30736.3,31210.5,30654.4,31101.4
1652224500000,31101.4,31211.1,30908.8,31011.6
1652225400000,31008.3,31082.7,30821.8,30893.3
1652226300000,30887.2,31004,30827.3,30970.1
1652227200000,30969.9,31030.4,30769.4,30936
1652228100000,30936,31301.1,30907.3,31185.1
1652229000000,31182.7,31202.5,31041.9,31157.7
1652229900000,31171.4,31179.2,30948.9,31000.4
1652230800000,30998.8,31048,30876.2,30876.2
1652231700000,30872.6,30939.1,30824.7,30876.7
1652232600000,30876.7,30969.3,30759.6,30803.8
1652233500000,30806.5,30811.2,30669.4,30728.8
1652234400000,30728.8,30879.5,30585.8,30877.8
1652235300000,30877.8,31477.3,30826.9,31404.5
1652236200000,31414.6,31415.9,31242.1,31266
1652237100000,31265.9,31483.5,31176.8,31423.7
1652238000000,31430.1,31632,31327.2,31328.3
1652238900000,31331.9,31411,31228.8,31284.8
1652239800000,31284.9,31381.2,31168.4,31170.5
1652240700000,31170.7,31257.3,31116.3,31162.2
1652241600000,31161.7,31280.3,31130.1,31140
1652242500000,31142.4,31346.5,31085.8,31302.1
1652243400000,31302.9,31325.9,31125.3,31128.6
1652244300000,31131.3,31257.6,31024.4,31171.4
1652245200000,31172.6,31836.7,31036,31558.9
1652246100000,31559,31749.2,31512.2,31582.3
1652247000000,31579.7,31683.6,31428.7,31465.7
1652247900000,31477.1,31484.9,31336,31392.6
1652248800000,31392.2,31470,31338.3,31394.3
1652249700000,31394.3,31407.3,31227.1,31278.1
1652250600000,31280.6,31339.8,30929.3,30938.9
1652251500000,30942.2,30943.5,30340,30446.7
1652252400000,30446.9,30606.6,30238,30430.4
1652253300000,30435.5,30755.6,30391.8,30566.9
1652254200000,30568.8,30568.8,30163.8,30308.8
1652255100000,30313.5,30560.8,30232.1,30559
1652256000000,30561,30910.6,30381.2,30907.4
1652256900000,30902.3,31042.4,30628.2,30675.3
1652257800000,30673.5,30944.7,30609.3,30931.7
1652258700000,30947.5,31374.4,30880,31362.4
1652259600000,31361.5,31396.4,31083.4,31086.3
1652260500000,31093.6,31432.5,31053.4,31387.8
1652261400000,31387.1,31648.3,31317.1,31498.9
1652262300000,31499.8,31735.7,31468,31709.9
1652263200000,31712.4,32111.3,31542.4,32003.7
1652264100000,32003.7,32064.4,31671.9,31671.9
1652265000000,31671.9,31819.6,31651.2,31734.9
1652265900000,31734.9,32014.5,31713.1,31800.2
1652266800000,31800.8,31851.5,31454.7,31821.7
1652267700000,31820.2,31821.3,31506.1,31651.4
1652268600000,31651.4,31680.8,31520.3,31526
1652269500000,31525.1,31574.8,31449.4,31531.2
1652270400000,31531.2,31726.8,31451.1,31606.7
1652271300000,31606.9,31727.3,31350.1,31546.8
1652272200000,31546.8,31546.8,30015.7,30195.5
1652273100000,30194.2,30209.9,29026.2,29264
1652274000000,29264,29548.1,29133.3,29241.2
1652274900000,29241.2,30031,29184.2,29818.2
1652275800000,29821.7,30585.5,29442.7,30530.4
1652276700000,30530.1,31695.2,30331,31166.2
1652277600000,31166.2,31488,30705.4,30782.4
1652278500000,30784.2,31311.9,30768.8,31136.8
1652279400000,31128.4,31646.9,31120.8,31646.9
1652280300000,31646.9,31948,31356.9,31730
1652281200000,31730,31774.2,31236.6,31277.4
1652282100000,31277.4,31401.5,31109.3,31261
1652283000000,31261.1,31447,31033.1,31207.5
1652283900000,31207.5,31237.4,30760.9,30936.8
1652284800000,30941,31065.3,30491.3,30660.3
1652285700000,30661.1,30873.5,30500.2,30568.3
1652286600000,30568.3,30733.1,30476.9,30588.1
1652287500000,30588.1,30611.4,30157,30282.3
1652288400000,30280.9,30285.4,30011.6,30192.7
1652289300000,30192.7,30308.5,29786.3,29911.1
1652290200000,29911.2,30059,29493.7,29501.4
1652291100000,29502.2,30185.3,29360.2,29840.6
1652292000000,29840.6,29976.7,29692,29858.5
1652292900000,29856.3,30168.2,29759.2,30107.4
1652293800000,30107.4,30187.4,29918.4,30180
1652294700000,30180,30180,29734.9,29850.5
1652295600000,29850.5,29968.6,29719.9,29723
1652296500000,29726.6,29843.1,29529.3,29688.3
1652297400000,29687.7,29756.4,29208.7,29241.8
1652298300000,29242.6,29512.8,29139.6,29286.8
1652299200000,29286.8,29524.6,29050,29050
1652300100000,29050,29364.9,28909.2,29140.8
1652301000000,29144.9,29304.6,28979.7,29272.8
1652301900000,29272.8,29272.8,28210.6,28423.7
1652302800000,28279,28842.6,28263.1,28447.3
1652303700000,28447.5,28815.8,27660.8,28041.5
1652304600000,28035.1,28689.2,28003.1,28452.3
1652305500000,28452.3,29152.4,28425.1,28982.6
1652306400000,28986.5,29265.9,28754.1,29044.2
1652307300000,29041.7,29095.1,28794.1,28856.2
1652308200000,28855.5,28884.6,28385.4,28529.1
1652309100000,28529,28943.4,28428.5,28690.9
1652310000000,28691.8,29000.4,28636,28796
1652310900000,28796,28862.1,28488.7,28543.6
1652311800000,28544.6,28937.5,28469.9,28847.8
1652312700000,28849.3,29021.6,28758.8,28931.4
1652400000000,28895,28922.2,28723.5,28790.9
1652400900000,28791.2,28877.1,28638.5,28870.1
1652401800000,28870.2,29254.7,28869.6,29223.3
1652402700000,29222.7,29469.1,29200,29429.9
1652403600000,29430.1,29604.8,29326,29353.1
1652404500000,29352.9,29443.7,29226.2,29321
1652405400000,29317.6,29332.6,29133.1,29214.3
1652406300000,29204.3,29496.3,29153.1,29385
1652407200000,29385,29553.7,29287.2,29464.8
1652408100000,29464.7,29945.4,29380,29873.3
1652409000000,29872.8,30052.1,29685.7,29914.3
1652409900000,29913.2,30025.5,29716,29992.8
1652410800000,29989.8,30550.8,29884.2,30301.2
1652411700000,30302.1,30481.9,30217.2,30383
1652412600000,30382.2,30486.9,30271.9,30414.4
1652413500000,30413.3,30636.7,30341.8,30447.2
1652414400000,30449.9,30472.5,30244.2,30328.9
1652415300000,30324.5,30384.7,30238,30364.1
1652416200000,30373,30448.2,30135.1,30279.5
1652417100000,30278,30421.9,30234.4,30338.4
1652418000000,30339.2,30648.6,30295.2,30559.5
1652418900000,30561.2,30916.7,30561.2,30680.3
1652419800000,30680.3,30726,30581.5,30713.6
1652420700000,30708.9,30839,30383,30388.3
1652421600000,30395.4,30562,30344.7,30437.9
1652422500000,30437.7,30476.7,30264.7,30288.6
1652423400000,30289.5,30435.4,30288.9,30385.3
1652424300000,30386.4,30413.8,30212.3,30269.5
1652425200000,30267.7,30327.3,30103.3,30282.6
1652426100000,30283.2,30355.2,30207.2,30301.9
1652427000000,30301.9,30376.7,30187.7,30220.7
1652427900000,30220.5,30231.6,30048.6,30055.7
1652428800000,30054.7,30263.1,30053.8,30153.6
1652429700000,30153.6,30225.7,30086.1,30162.9
1652430600000,30160,30331.7,30086.7,30244.9
1652431500000,30244.9,30334.6,30122,30215.2
1652432400000,30214.8,30452.5,30214.6,30422.4
1652433300000,30422.5,30644.4,30419.6,30461.6
1652434200000,30460.5,30493,30353.7,30421.1
1652435100000,30420.7,30459.6,30243.2,30346
1652436000000,30346.2,30356.6,30167.8,30250.7
1652436900000,30250.7,30264,30097,30107.9
1652437800000,30107.8,30289.4,30094.9,30267
1652438700000,30268.2,30464.8,30253.3,30395.6
1652439600000,30395.5,30456,30308.8,30325.6
1652440500000,30322.8,30368.9,30171.5,30368.9
1652441400000,30372,30476.7,30271.3,30437.7
1652442300000,30430.9,30675.7,30394.9,30577.3
1652443200000,30579.8,30605.6,30367.7,30420.6
1652444100000,30420.3,30607.9,30420,30598.1
1652445000000,30590.1,30745.3,30465.9,30552.4
1652445900000,30552.8,30674.6,30464.3,30635.5
1652446800000,30635.6,30684.6,30418.1,30434.8
1652447700000,30434.4,30527.1,30395.7,30463.4
1652448600000,30460.5,30695,30267.2,30617.1
1652449500000,30615.5,30777.9,30515,30683.3
1652450400000,30680.8,30827.4,30610.7,30652.3
1652451300000,30649.4,30925.9,30537.7,30803.3
1652452200000,30804.5,30926.5,30728.4,30787.9
1652453100000,30783.4,30784,30623.7,30626.2
1652454000000,30624.6,30651.9,30533.7,30577.3
1652454900000,30576.1,30582.5,30407.1,30473.2
1652455800000,30473.4,30527.2,30260.7,30264.8
1652456700000,30271.6,30343.8,30151.2,30254.7
1652457600000,30259.2,30433.6,30181.7,30389.7
1652458500000,30390,30396.2,30141.3,30158.3
1652459400000,30155.6,30179.1,29667.7,29827.8
1652460300000,29829,29936.8,29731.5,29860.8
1652461200000,29860.9,30196.5,29841.2,30161.1
1652462100000,30161.1,30168,29877.9,29940.6
1652463000000,29941.2,30048.5,29849.8,29849.8
1652463900000,29851.5,29851.5,29509.7,29533.1
1652464800000,29521.6,29637.7,29296.8,29535.2
1652465700000,29535.1,29649.2,29372.1,29463
1652466600000,29463.2,29874.4,29439.5,29674.1
1652467500000,29672.9,30186.2,29616.5,30074.4
1652468400000,30074.4,30100.7,29900,30026.3
1652469300000,30026.3,30153,29873.2,30068.7
1652470200000,30068.7,30146.8,29893.7,29978.3
1652471100000,29978.3,30094.4,29860.2,29985.9
1652472000000,29989,30066,29768.6,29873.9
1652472900000,29873.9,30043.9,29838.6,29949.2
1652473800000,29942.5,30037.5,29852.5,29882.6
1652474700000,29882.7,29918.4,29692.5,29738.9
1652475600000,29689.1,29864.9,29600,29729.7
1652476500000,29729.7,29914.5,29729.7,29776.1
1652477400000,29776.1,29958.4,29773.3,29933.6
1652478300000,29934.9,29964.3,29895.5,29932
1652479200000,29932,30028.8,29877.3,29982.2
1652480100000,29985.2,30001.8,29761.3,29832.7
1652481000000,29833,29885,29744.6,29761.4
1652481900000,29761.4,29761.4,29744.6,29744.6
1652482800000,29744.6,29744.6,29279.2,29284.2
1652483700000,29281.3,29429.4,29246.4,29376.1
1652484600000,29376.1,29396.2,29085.3,29118.7
1652485500000,29118,29223.2,29078.7,29167.2
1652486400000,29167.1,29421.8,29095.7,29395.5
1652487300000,29395,29500.7,29276.7,29354.4
1652488200000,29351.8,29478.7,29271.1,29401.7
1652489100000,29401.6,29432.8,29323.6,29385.9
1652490000000,29385.9,29409.6,29248.9,29390.1
1652490900000,29389.4,29585,29387.7,29512.5
1652491800000,29512.4,29604,29512.1,29562.2
1652492700000,29562.2,29685,29547,29589.6
1652493600000,29589.6,29611.2,29524.6,29541.4
1652494500000,29538.1,29627.6,29459.6,29569.5
1652495400000,29569.5,29644.1,29518.3,29528.8
1652496300000,29528.7,29528.7,29378.9,29392.7
1652497200000,29391.7,29560.6,29355,29475.8
1652498100000,29475.7,29519.6,29381,29426.6
1652499000000,29426.5,29477.5,29341.9,29398.4
1652499900000,29398.3,29484.6,29375.4,29450.5
1652500800000,29448.4,29462.3,29373.2,29429.9
1652501700000,29429.7,29463.4,29376.3,29385.1
1652502600000,29383.8,29383.8,29200.4,29244.1
1652503500000,29236.9,29271.7,29110,29236.9
1652504400000,29236.2,29290.8,29144,29275
1652505300000,29275,29348.9,29246.3,29267
1652506200000,29267.2,29385.2,29204.3,29337.7
1652507100000,29337.7,29401,29309.5,29324.1
1652508000000,29324,29325.9,29264.4,29268
1652508900000,29272.8,29401.7,29262.7,29360.4
1652509800000,29360.6,29479,29337.3,29396.3
1652510700000,29396.3,29424.5,29364.3,29378.9
1652511600000,29380.7,29421.6,29345.8,29377.2
1652512500000,29376.9,29449.3,29337.3,29425.9
1652513400000,29429.1,29434.8,29352.7,29353.2
1652514300000,29354,29357.5,29276.7,29305.9
1652515200000,29308.5,29341.9,29233.8,29278.6
1652516100000,29275.5,29341.2,29250.6,29326.8
1652517000000,29328.1,29465.2,29327.9,29340.3
1652517900000,29340.1,29451.5,29337.3,29411.5
1652518800000,29410.8,29462.2,29386.9,29410
1652519700000,29410,29450.4,29358.1,29366.6
1652520600000,29366.4,29367.1,29247.3,29282.2
1652521500000,29282.2,29368.7,29242,29367.2
1652522400000,29365.7,29367.1,29266.2,29289.7
1652523300000,29289.7,29307.3,29200,29294.6
1652524200000,29294.5,29326,29224.1,29234.9
1652525100000,29234.8,29264.2,29123.7,29191.5
1652526000000,29194,29239,28910.2,28910.2
1652526900000,28908.1,29003.4,28788.9,28791.3
1652527800000,28791.2,28913.2,28767,28780.7
1652528700000,28783.4,29042.3,28769.1,28950.3
1652529600000,28950.2,28950.2,28852.9,28855.4
1652530500000,28855.4,29064.5,28825,29041.3
1652531400000,29040.3,29125.7,28991.5,29003
1652532300000,29003,29040,28916.1,28963.2
1652533200000,28962.1,29029,28767,28844.2
1652534100000,28844.4,28906.3,28767,28842.5
1652535000000,28842.4,28880.7,28767,28799.7
1652535900000,28799,28845,28767,28767
1652536800000,28767,28767,28540.2,28654.6
1652537700000,28655.9,28773.9,28613,28769.5
1652538600000,28770.7,28859.8,28696.8,28808.3
1652539500000,28810.8,28819.5,28713.6,28818.4
1652540400000,28817.9,28968.9,28786.1,28902.3
1652541300000,28905.4,28923.2,28806.3,28816.2
1652542200000,28816.3,28832.5,28652.5,28652.5
1652543100000,28652,28737.2,28648.8,28696.2
1652544000000,28698.8,28781.3,28512.2,28767.4
1652544900000,28769.2,28935,28728.1,28864.7
1652545800000,28864.6,29055.7,28863.5,29032.7
1652546700000,29039.3,29550,29012.9,29239.9
1652547600000,29239.9,29390.7,29147.4,29255.2
1652548500000,29255.3,29506.2,29233.1,29406.5
1652549400000,29408.8,29410.3,29225,29293.7
1652550300000,29293.6,29575.9,29293.5,29490.6
1652551200000,29493.9,29740.9,29460.5,29700
1652552100000,29698.7,29813.8,29611,29635.4
1652553000000,29638.7,29677.6,29452.2,29515.2
1652553900000,29509.3,29509.3,29404.2,29421
1652554800000,29422,29541.8,29404.2,29455.2
1652555700000,29457.3,29469.6,29254.3,29312
1652556600000,29311.9,29355.3,29191.1,29260
1652557500000,29258.3,29313,29191.2,29238.3
1652558400000,29238.3,29384.8,29201.1,29339.5
1652559300000,29341.3,29549.9,29324,29445.6
1652560200000,29445.6,29459.2,29263.9,29273.6
1652561100000,29273.6,29316.2,29197.2,29278.1
1652562000000,29278.1,29363,29272.7,29326.3
1652562900000,29327,29457.1,29327,29457.1
1652563800000,29456.5,29664.5,29432.1,29657.8
1652564700000,29656.3,29779.3,29601.2,29618.6
1652565600000,29599.8,29662.1,29587.7,29629
1652566500000,29629,29666.4,29587.7,29587.7
1652567400000,29587.7,29662,29587.7,29661.1
1652568300000,29661.1,30222.6,29659.6,30125.4
1652569200000,30124.8,30189,29850.4,29893
1652570100000,29891.2,30003,29792.3,29956.5
1652571000000,29955.9,30093.8,29886.2,30047.2
1652571900000,30046.1,30085,29928.4,29980.8
1652572800000,29980.7,30029.8,29854,29889.2
1652573700000,29893.6,30157.7,29891.6,30047.1
1652574600000,30047.1,30122.7,29907.7,29935
1652575500000,29935,29935,29817.4,29848
1652576400000,29848,29887.6,29722.4,29773.3
1652577300000,29774.8,29836.7,29760.5,29765.1
1652578200000,29764.2,29826.4,29717.1,29805.3
1652579100000,29805.3,29885,29790.1,29825.5
1652580000000,29825.4,29959.7,29728.7,29758.7
1652580900000,29760.9,29776.1,29649.5,29695.2
1652581800000,29695.3,29734.7,29645.5,29671.2
1652582700000,29673.5,29779.2,29634.5,29743.5
1652583600000,29749.5,29791.2,29697.3,29706.9
1652584500000,29706.6,29709.4,29587.7,29587.7
1652585400000,29587.7,29605.7,29446.3,29565.3
1652586300000,29564.3,29635,29559.8,29620.1
1652587200000,29620.1,29692.9,29560,29672.6
1652588100000,29674.3,29688.4,29571.7,29620.3
1652589000000,29620.2,29634.5,29380.8,29485
1652589900000,29484.7,29550.5,29448.6,29505.8
1652590800000,29505.7,29525.6,29385,29468.7
1652591700000,29468.1,29520.5,29422.6,29513.1
1652592600000,29512.5,29678.8,29461,29676.7
1652593500000,29678.7,29728.4,29623.5,29668.6
1652594400000,29699.6,29758.2,29638.5,29641.1
1652595300000,29642.2,29751.8,29608,29726.4
1652596200000,29730.7,29733.1,29647.6,29659.6
1652597100000,29659.7,29892.3,29624.8,29846.6
1652598000000,29847.5,29935,29745.9,29839.5
1652598900000,29834.6,29883.4,29765,29776
1652599800000,29775.9,29825.9,29735,29796.6
1652600700000,29796.5,29811,29676.9,29717.5
1652601600000,29717.3,29847.8,29645.3,29645.3
1652602500000,29645.3,29645.3,29645.3,29645.3
1652603400000,29645.3,29645.3,29645.3,29645.3
1652604300000,29645.3,29645.3,29447.6,29484.6
1652605200000,29484.5,29546.7,29461.3,29466.2
1652606100000,29467.7,29644.7,29448.9,29589.5
1652607000000,29589.5,29633.5,29555.4,29610.2
1652607900000,29612.1,29690,29606.3,29659.4
1652608800000,29659.4,29689,29523.8,29571.7
1652609700000,29571.9,29571.9,29513.4,29552
1652610600000,29552,29617.2,29459.7,29604.7
1652611500000,29602.3,29956.1,29586,29841.9
1652612400000,29845.8,29984.5,29783.1,29783.1
1652613300000,29780.6,30013.3,29679.8,29990.6
1652614200000,29990.6,30189.1,29872.4,30009
1652615100000,30009,30291.1,30007.8,30245.5
1652616000000,30245.5,30446.3,30132.5,30252.2
1652616900000,30252.2,30551.6,30252.2,30302.1
1652617800000,30302.1,30370.4,30071.9,30251.2
1652618700000,30253.5,30454.1,30162.1,30330.5
1652619600000,30330.5,30364.3,30096.4,30253.3
1652620500000,30258.9,30384.6,30078.6,30090
1652621400000,30089.9,30192.1,30058.2,30087.8
1652622300000,30087.8,30103.8,30087.8,30087.8
1652623200000,30087.8,30115.9,29869.9,29919.2
1652624100000,29918.7,29948.6,29754.8,29828.2
1652625000000,29828.2,29927,29676.3,29861.6
1652625900000,29861.5,29918.7,29842.9,29876.4
1652626800000,29875.7,30102.3,29865.6,30010.7
1652627700000,30011.1,30015.5,29848.5,29895.7
1652628600000,29897.4,29903.8,29872.5,29872.5
1652629500000,29872.5,29941.4,29835,29913.9
1652630400000,29917.7,30053.9,29901.6,29904.2
1652631300000,29904.2,30028.8,29904.2,30006.9
1652632200000,30006.9,30259.3,29948.1,30152.7
1652633100000,30155.6,30243,30120.5,30222.7
1652634000000,30222.7,30243.4,30120.5,30182.3
1652634900000,30180.2,30268.6,30126.2,30163.4
1652635800000,30163.4,30163.4,30014.2,30026.1
1652636700000,30026.9,30038.3,29953.2,29953.2
1652637600000,29953.2,30007,29922.7,30004.3
1652638500000,29957.2,30072.6,29926.5,29970.3
1652639400000,29970.3,30313.5,29968.7,30297.4
1652640300000,30298,30358.2,30234.5,30276.8
1652641200000,30276.8,30344.6,30170.6,30176
1652642100000,30176,30185.2,30176,30176
1652643000000,30176,30290.4,30176,30267.6
1652643900000,30265.4,30411.2,30264.7,30376.1
1652644800000,30375.7,30850,30282,30714.9
1652645700000,30715.4,31110.9,30602.1,30894.8
1652646600000,30894.9,30949.2,30828,30857.7
1652647500000,30857.7,31058.8,30854.9,30990
1652648400000,30990,31124.1,30911.2,30940.4
1652649300000,30940.4,30976.7,30845.8,30845.8
1652650200000,30845.8,30973,30845.8,30944.4
1652651100000,30944.4,31124.2,30853.6,30995.1
1652652000000,30975.7,31379.6,30973.8,31090.6
1652652900000,31090.6,31164.2,31090.6,31124.3
1652653800000,31124.3,31180.9,31000.8,31140.3
1652654700000,31140.3,31200.9,31003,31080.1
1652655600000,31080.1,31094.4,30977.5,31006
1652656500000,31006,31175.8,31006,31061.5
1652657400000,31063.8,31238.4,31048.2,31143.6
1652658300000,31143.7,31367.3,31143.7,31246.1
1652659200000,31245,31245.5,31081.4,31087
1652660100000,31087,31116.8,30973.4,31028.7
1652661000000,31028.7,31134.7,30993.8,31004.7
1652661900000,31004.7,31100.5,30978.4,31012
1652662800000,31016.8,31131.9,30845.9,30913.2
1652663700000,30915.5,30944.2,30845.9,30845.9
1652664600000,30845.9,30845.9,30612.8,30670.2
1652665500000,30670.5,30711.7,30612.8,30680.3
1652666400000,30680.6,30682.8,30295.8,30373.1
1652667300000,30373.2,30432.1,30328.5,30405.2
1652668200000,30405.1,30455.6,30344.1,30367.6
1652669100000,30367.1,30428,30312.9,30413.9
1652670000000,30413.2,30431.2,30223.5,30258.6
1652670900000,30258.9,30292.8,30138.1,30179.9
1652671800000,30179.2,30236.9,30146.2,30208.1
1652672700000,30206.8,30244.2,30166.1,30234.2
1652673600000,30234.8,30246.8,30141.5,30202.7
1652674500000,30203.8,30342.3,30186,30280.2
1652675400000,30279,30329.5,30068.7,30315.1
1652676300000,30315.3,30348,30255.8,30260.5
1652677200000,30254.9,30339.7,30235.6,30327.7
1652678100000,30326.8,30386.2,30320.8,30356.6
1652679000000,30354.3,30362.4,30320.6,30345.5
1652679900000,30348.4,30351.4,30176.4,30208.7
1652680800000,30209.5,30210.1,29775.8,29865.6
1652681700000,29864.5,29884.2,29309.3,29401.8
1652682600000,29401.9,29575.1,29322.5,29574.3
1652683500000,29574.5,29581.7,29411.6,29492.8
1652684400000,29493.2,29544,29332.6,29344.3
1652685300000,29343.1,29483.1,29249.3,29455
1652686200000,29454.9,29580.9,29402.4,29522.1
1652687100000,29523.5,29649.4,29470.6,29517.5
1652688000000,29517.6,29680.5,29503.6,29646.5
1652688900000,29642.8,29732.4,29623.1,29636.1
1652689800000,29636.1,29802.8,29606.9,29767.4
1652690700000,29766.1,29766.1,29685.8,29715.4
1652691600000,29714.6,29714.6,29515.1,29560.2
1652692500000,29560.3,29602.6,29403.6,29439.6
1652693400000,29439.6,29592.2,29439.6,29555.2
1652694300000,29555.8,29696.1,29539.2,29541.2
1652695200000,29539.2,29688.4,29366.9,29665.4
1652696100000,29665.9,29867,29649.5,29752.2
1652697000000,29752.1,29902.9,29732.7,29862.8
1652697900000,29861.7,30115.8,29843.7,30094.2
1652698800000,30104.7,30114.3,29954.7,29987.5
1652699700000,29987.4,30015.8,29872.5,29980.1
1652700600000,29979.7,30011,29891.9,29954.6
1652701500000,29954.7,29961.3,29864.7,29872.6
1652702400000,29872.8,29900.8,29604.9,29729.4
1652703300000,29730.2,30034.3,29514.6,29990.3
1652704200000,29987.6,30159.4,29709.9,29810.1
1652705100000,29810.2,29870.2,29718.6,29818.1
1652706000000,29817.8,29999.6,29781.5,29882.3
1652706900000,29884.8,29897.5,29669.5,29746.7
1652707800000,29745.4,29878.5,29589.1,29709.9
1652708700000,29708.3,29713.5,29387.8,29441.8
1652709600000,29445.5,29693.7,29385.2,29572.6
1652710500000,29561.8,29727.2,29561.8,29706.7
1652711400000,29707.4,29759.3,29502.9,29545.6
1652712300000,29547,29547.3,29393.2,29406.2
1652713200000,29406.6,29598.7,29391.8,29519.9
1652714100000,29519.6,29612,29511.9,29544.6
1652715000000,29544.7,29557.4,29267,29358.5
1652715900000,29358.5,29707.9,29356,29599.3
1652716800000,29599.3,29728.2,29284.8,29352
1652717700000,29351.7,29397,29241.6,29356
1652718600000,29354.6,29476,29097,29153.5
1652719500000,29152,29374.3,29039.7,29232.2
1652720400000,29231.3,29492.6,29174.4,29367.6
1652721300000,29365,29617.1,29332.5,29552.8
1652722200000,29554.5,29761.2,29554.1,29678.8
1652723100000,29674.3,29731.8,29624.3,29648.6
1652724000000,29649.4,29867.1,29600,29783.3
1652724900000,29783.4,29951.4,29781.6,29902.4
1652725800000,29902.4,29969.5,29799.3,29802.1
1652726700000,29802.1,29922.9,29711.1,29914.1
1652727600000,29914.1,29946.3,29771.9,29771.9
1652728500000,29771.9,29771.9,29668.3,29698.1
1652729400000,29698.9,29720.2,29668.9,29696.3
1652730300000,29696.4,29746.5,29501.9,29506.7
1652731200000,29501.9,29570.6,29501.9,29550.3
1652732100000,29548.4,29641,29545.3,29610.1
1652733000000,29610.7,29696.9,29589.1,29680.2
1652733900000,29681.5,29860,29679.5,29857.5
1652734800000,29828.5,30146.8,29816.3,29922.8
1652735700000,29922.8,29987.1,29839.8,29885
1652736600000,29884.9,30066,29884.7,30055
1652737500000,30056.6,30111.2,29932,30083.3
1652738400000,30083.5,30132,30026.1,30108.6
1652739300000,30110.1,30136.2,30009.8,30027.9
1652740200000,30027.5,30063.4,29978.8,30018.8
1652741100000,30018,30061.4,29903.7,29933.1
1652742000000,29933.4,29954.6,29904.3,29930.3
1652742900000,29930.5,30016.1,29868.1,29946.2
1652743800000,29943.5,29980,29773.7,29820
1652744700000,29819.8,29827.3,29754,29780.8
1652745600000,29783.9,29870.9,29737.5,29845.8
1652746500000,29844.8,29999.5,29830,29936.5
1652747400000,29938.2,30046.2,29908.8,30045.9
1652748300000,30046,30140.8,29993.7,30073.7
1652749200000,30073.5,30096,29863,29863
1652750100000,29872.1,29875.3,29768.8,29770.2
1652751000000,29770.2,29843.6,29709.7,29802.2
1652751900000,29802.6,29952.1,29793.1,29915.3
1652752800000,29915.2,30047.5,29891.2,30002.3
1652753700000,30005.4,30019.6,29827.2,29829.1
1652754600000,29829.3,29910.6,29813.1,29885.5
1652755500000,29885.2,29974.6,29875.8,29974.2
1652756400000,29974.6,30124.1,29933.3,30065.2
1652757300000,30065.5,30161.5,30035.9,30131.5
1652758200000,30131.6,30414.4,30095.7,30310.5
1652759100000,30311.2,30403.9,30274.1,30278.1
1652760000000,30277.1,30301.7,30194.2,30235.1
1652760900000,30234.5,30234.5,30161.5,30180.7
1652761800000,30180.7,30349,30174,30241.7
1652762700000,30242.1,30323.3,30234.6,30291.7
1652763600000,30291.3,30325.6,30230.5,30232.3
1652764500000,30233.6,30257,30201.7,30226.1
1652765400000,30226.2,30312.7,30212.1,30306.2
1652766300000,30307.8,30449.8,30307.8,30385.7
1652767200000,30386.2,30394.2,30294.1,30296.8
1652768100000,30293.2,30328.8,30274.8,30290.5
1652769000000,30287,30380.1,30285.2,30359.2
1652769900000,30358.4,30448.4,30317.1,30448.4
1652770800000,30449,30484.6,30329.6,30334.5
1652771700000,30329.2,30334.5,30277.1,30287.8
1652772600000,30286.9,30387.8,30285.4,30376
1652773500000,30377.6,30408.8,30313.6,30323.6
1652774400000,30323.3,30463.6,30303.9,30455.7
1652775300000,30456.3,30493.5,30428.9,30459.3
1652776200000,30458.8,30691.3,30434.3,30631.8
1652777100000,30629.5,30637.7,30495.2,30495.6
1652778000000,30495.4,30583.7,30489.8,30527.2
1652778900000,30519.3,30626.6,30516.1,30607.8
1652779800000,30608.6,30643,30563.4,30578.6
1652780700000,30578.5,30579.3,30502.8,30558
1652781600000,30557.6,30564.3,30470,30482.6
1652782500000,30482.5,30503.9,30448.3,30496.9
1652783400000,30496.8,30498,30381.5,30390.7
1652784300000,30390.8,30465.6,30388.7,30391.5
1652785200000,30383.1,30411.4,30366.3,30404.1
1652786100000,30404.4,30439.1,30296.1,30343.5
1652787000000,30344.5,30373.9,30262.4,30262.4
1652787900000,30262.4,30334.7,30262.4,30262.4
1652788800000,30262.4,30356.7,30262.4,30330.5
1652789700000,30330.5,30490.7,30317.5,30443.6
1652790600000,30443.2,30557.1,30377.5,30489.4
1652791500000,30489.5,30539.7,30430.6,30509.1
1652792400000,30506.6,30523.3,30406.1,30420.5
1652793300000,30420.5,30450.8,30354.7,30448.5
1652794200000,30448.5,30740.8,30325.8,30642.6
1652795100000,30643.8,30659.9,30431.1,30441.4
1652796000000,30441.4,30479.8,30264.4,30297.8
1652796900000,30295.2,30377.2,30262.4,30262.4
1652797800000,30262.4,30270.3,29866.1,29868.2
1652798700000,29869.9,30021.7,29864.5,29982.8
1652799600000,29982.6,30051,29955.2,30032.3
1652800500000,30033,30039.9,29895.2,29928.8
1652801400000,29925.7,30148.4,29910.5,29982.7
1652802300000,29982.2,30080.6,29982.2,30074.7
1652803200000,30074,30102.7,29907.1,29943.7
1652804100000,29944.5,29988.9,29807.1,29940.2
1652805000000,29939.9,30051.3,29911.6,30032.5
1652805900000,30033.4,30133.1,30027,30067.9
1652806800000,30068.2,30179.1,30046,30119
1652807700000,30107.7,30168.7,30099.7,30104
1652808600000,30094.9,30171.7,30079.3,30102.5
1652809500000,30103.1,30145.8,30009.2,30009.2
1652810400000,30012.6,30163.4,29770.4,29841.2
1652811300000,29841.1,29845.7,29380.1,29528.2
1652812200000,29528.2,29723.8,29450,29701.4
1652813100000,29704.5,29793.3,29605.9,29776.6
1652814000000,29774.1,30203,29741,30029.5
1652814900000,30031.1,30159.7,30007.7,30139.5
1652815800000,30142.3,30277.9,30089.6,30102.7
1652816700000,30102.6,30102.6,29964.6,30017.9
1652817600000,30018,30053.5,29975.4,29995.3
1652818500000,29996.4,30123.5,29989.9,30070.5
1652819400000,30070.8,30131.2,30040,30112.7
1652820300000,30112.5,30130.9,30023.8,30033.6
1652821200000,29995,30113.9,29989.6,30112.8
1652822100000,30113,30186.7,30093.6,30174.2
1652823000000,30174.4,30395.4,30174.2,30366.5
1652823900000,30369.2,30577.4,30330.4,30477.3
1652824800000,30477.2,30524.5,30424.1,30428.3
1652825700000,30430,30441.3,30279.9,30285.9
1652826600000,30286.6,30287.7,30173.2,30210.9
1652827500000,30217.1,30279.8,30213.2,30275.1
1652828400000,30275.1,30491.6,30274.7,30412.6
1652829300000,30414.7,30482.4,30397.7,30468.6
1652830200000,30467.8,30468.5,30351.4,30387.3
1652831100000,30388,30453.3,30346.6,30366.6
1652832000000,30366.5,30545.6,30347.4,30481.5
1652832900000,30481.4,30580.4,30448.8,30559.2
1652833800000,30561.7,30625.8,30459.3,30472.3
1652834700000,30472.2,30478.9,30394.3,30426.1
1652835600000,30429.8,30438,30328.2,30341.3
1652836500000,30340.6,30373.3,30270.5,30277.9
1652837400000,30278.3,30309,30255.7,30257.2
1652838300000,30260.2,30260.2,29992.3,30038.4
1652839200000,30036.9,30107.4,30002.3,30062
1652840100000,30061.9,30141.7,30051.1,30107.3
1652841000000,30104.6,30144.2,30040.5,30141.1
1652841900000,30137.8,30148.3,30087.6,30138.1
1652842800000,30136.7,30141.6,29850.4,29865.4
1652843700000,29864.9,29937.4,29749,29807.8
1652844600000,29807.4,29853.7,29708.5,29796
1652845500000,29797.8,29832.4,29666.9,29754.1
1652846400000,29752.7,29758.5,29681.5,29732.8
1652847300000,29734.1,29843.6,29681.5,29787.4
1652848200000,29788.5,29808.3,29731.8,29786.8
1652849100000,29786.3,29824.9,29719.4,29749.1
1652850000000,29747.5,29916,29722.8,29850.7
1652850900000,29851.1,29951.3,29851.1,29888.8
1652851800000,29889.5,29956,29876.3,29887.8
1652852700000,29881,29958.2,29868.1,29951.6
1652853600000,29952.2,30005.2,29929.1,29986.4
1652854500000,29986.9,29986.9,29831,29859.8
1652855400000,29860,29901.5,29825.5,29890.1
1652856300000,29889.9,29890,29664.1,29665.3
1652857200000,29665.7,29773.9,29608.7,29712.8
1652858100000,29712.2,29773.5,29700.4,29705.2
1652859000000,29705,29781.4,29672.2,29762.3
1652859900000,29762.1,29840.8,29728.1,29836.5
1652860800000,29837.3,29872.3,29766.8,29784.6
1652861700000,29782.6,29828.3,29666,29733.4
1652862600000,29735.1,29766.5,29674.2,29704.5
1652863500000,29705.9,29804.5,29701.8,29792.8
1652864400000,29793.1,29845.9,29766,29793.9
1652865300000,29795.3,29798.4,29691.7,29783.7
1652866200000,29784.8,29848.3,29727.7,29844.4
1652867100000,29846.9,29935,29817,29877.6
1652868000000,29876.6,29951.2,29867.9,29926
1652868900000,29927.4,29964,29872.2,29951.8
1652869800000,29951.5,29955.1,29843.1,29846
1652870700000,29846.1,29892.6,29828.1,29880.5
1652871600000,29881.1,29898.1,29768.2,29769.1
1652872500000,29768.9,29795.9,29712,29721.4
1652873400000,29721.4,29767.5,29676.4,29730.6
1652874300000,29730.5,29785.4,29691.6,29760
1652875200000,29756.1,29781.4,29657.5,29657.5
1652876100000,29661.2,29827.4,29652.3,29806.3
1652877000000,29807.6,29816.2,29684,29711.2
1652877900000,29711,29757.6,29439.8,29467
1652878800000,29465.4,29551.2,29401.1,29537.8
1652879700000,29538.4,29597,29323.4,29412.4
1652880600000,29414.4,29521.4,29204.7,29257.8
1652881500000,29256.3,29392.4,29246.4,29259.2
1652882400000,29259.5,29355.8,29223.5,29329.5
1652883300000,29328.7,29410.3,29287.7,29294.9
1652884200000,29301.4,29334.8,29044.3,29065.3
1652885100000,29064.2,29166.7,28979.5,29154.8
1652886000000,29153.6,29153.9,29014.4,29094.5
1652886900000,29093.8,29096.6,28791.1,28924.6
1652887800000,28924,28997.1,28803.6,28955.5
1652888700000,28954.6,28980.2,28828.9,28898.2
1652889600000,28898.4,28906.9,28661,28806.9
1652890500000,28809.5,28935.2,28741.2,28903.2
1652891400000,28903.1,29157.4,28847.3,28926.5
1652892300000,28925.8,29159.6,28905.5,29138.9
1652893200000,29138.7,29142.2,28939.4,28960.8
1652894100000,28955.6,29073.4,28946.4,29023.8
1652895000000,29023.4,29095.5,28944.5,28974.3
1652895900000,28973.4,28991.5,28847.7,28891.3
1652896800000,28895.1,28937.9,28800.4,28862.9
1652897700000,28862.8,29073.1,28851.1,29073.1
1652898600000,29073.4,29079.9,28984.3,29078.8
1652899500000,29078.7,29179.1,29038.1,29123.8
1652900400000,29119,29443.3,29119,29203.3
1652901300000,29202.3,29246.3,29096.6,29147.3
1652902200000,29148,29279.6,29109.8,29198.5
1652903100000,29192.9,29273.4,29186.9,29205.8
1652904000000,29195.9,29208.1,29002,29064.7
1652904900000,29064.6,29084.2,28981.7,29005.7
1652905800000,29012.5,29061.1,28877.7,29034.4
1652906700000,29034.2,29162.9,29025.8,29158.6
1652907600000,29137.7,29198.9,29077.7,29196
1652908500000,29195.8,29245.4,29142.4,29196.6
1652909400000,29198.8,29269.3,29072.6,29200.9
1652910300000,29200.9,29200.9,29016.2,29120.9
1652911200000,29121.1,29123.9,29025.3,29106.5
1652912100000,29108.1,29323.6,28960.9,28990.7
1652913000000,28990.6,29066,28867.2,28892.1
1652913900000,28892.5,28930.8,28824.5,28892.8
1652914800000,28892.1,29009.6,28886.8,28944.3
1652915700000,28948.9,28980.6,28689.1,28748.4
1652916600000,28747.2,28825.8,28609.8,28708
1652917500000,28707.8,28749.4,28561.7,28625
1652918400000,28625.3,28846.4,28608.1,28806
1652919300000,28808.1,28898.2,28785.5,28830
1652920200000,28832.6,28961.7,28805.4,28814
1652921100000,28818,28892.5,28813.2,28833.6
1652922000000,28833.5,28949.9,28822.7,28929.4
1652922900000,28929.6,28956.8,28878.3,28897.9
1652923800000,28897.7,28897.9,28783.9,28819.7
1652924700000,28821.1,28835.3,28643.1,28683.5
1652925600000,28683.4,28729,28610,28619.3
1652926500000,28619.5,28769.6,28614.9,28735.5
1652927400000,28735.6,28816.8,28712.4,28796.7
1652928300000,28796.8,29238.9,28792.5,29094.9
1652929200000,29093.3,29232.9,29013.9,29030
1652930100000,29033.1,29134.5,29001.8,29104.2
1652931000000,29103.9,29192.9,29077.2,29151.3
1652931900000,29150.7,29206.6,29109.2,29117.1
1652932800000,29117.4,29204.7,29101.8,29151
1652933700000,29150.1,29204.2,29074,29074
1652934600000,29076.5,29088.4,29021,29055.8
1652935500000,29055.3,29066.9,29003.7,29012.1
1652936400000,29010.4,29106.3,29000.7,29105.4
1652937300000,29106.3,29115.7,28990.5,29025
1652938200000,29025.4,29033.6,28953.9,28990.9
1652939100000,28987.5,29020,28965.7,28996.6
1652940000000,28992.9,29111.3,28987.2,29084.6
1652940900000,29083,29178,29083,29156.1
1652941800000,29153.9,29250.6,29074.2,29080.5
1652942700000,29083.7,29331.2,29072.4,29238.6
1652943600000,29240.8,29267.7,29182.7,29204.5
1652944500000,29201,29217.4,29118.4,29135.3
1652945400000,29137.1,29137.6,29003.4,29051.4
1652946300000,29050.4,29122.5,29050.4,29116.2
1652947200000,29120,29163.5,29012.6,29161.2
1652948100000,29161.9,29173.7,29084.6,29117.8
1652949000000,29118.5,29122,29012.5,29035.5
1652949900000,29037.3,29054.2,28960.3,28960.3
1652950800000,28960.3,28969.6,28960.3,28960.3
1652951700000,28960.3,29005.3,28833.2,28844.5
1652952600000,28844.6,28868.7,28778.7,28827.5
1652953500000,28827.8,28999.8,28803.3,28931.5
1652954400000,28932.2,29004.6,28924.2,28973.8
1652955300000,28974.9,29051.8,28944.9,28959.4
1652956200000,28958.7,29097.4,28871,29078.3
1652957100000,29080.8,29186.9,29053.2,29129.9
1652958000000,29126.2,29138.9,29041.5,29084.1
1652958900000,29083.6,29262.8,29071.6,29229
1652959800000,29229.5,29335.7,29171.1,29307.8
1652960700000,29307,29453.7,29276.3,29424.4
1652961600000,29423.2,29454,29308.3,29407.6
1652962500000,29408.4,29571.6,29305.6,29476.6
1652963400000,29481.7,29507.5,29313.7,29377.8
1652964300000,29377,29478.2,29340.5,29419.5
1652965200000,29419.6,29660.5,29419.6,29615.9
1652966100000,29615.4,29658,29502.5,29550
1652967000000,29549.9,29686.4,29419.6,29449.7
1652967900000,29443.3,29550.4,29274.3,29425.8
1652968800000,29436,29698.3,29426.9,29648.4
1652969700000,29647.3,29825,29647.3,29673.8
1652970600000,29672.4,29789.6,29628.6,29686.1
1652971500000,29692.2,29801.4,29647.8,29782.1
1652972400000,29781.5,29904.5,29726.4,29897.6
1652973300000,29897.5,30126.6,29832,30038.5
1652974200000,30038.5,30431.5,30038.5,30296.1
1652975100000,30295.5,30453.9,30220.4,30305.6
1652976000000,30306.6,30373.6,30154.1,30204.1
1652976900000,30204.5,30280.8,30138.7,30192.5
1652977800000,30192.8,30216,30036.7,30037.5
1652978700000,30037.6,30136.9,30011.6,30063.6
1652979600000,30063.4,30180.2,29977.7,30003.2
1652980500000,30003.3,30029.4,29932.4,29947.6
1652981400000,29947.7,30072.2,29944.8,30035.1
1652982300000,30035.6,30143.5,29886.4,30122.3
1652983200000,30121.6,30253,30074.6,30244
1652984100000,30244.1,30276,30118.7,30138.8
1652985000000,30138.9,30182.8,30063.7,30137.4
1652985900000,30137.2,30178.6,30096.4,30146.6
1652986800000,30146.9,30221,29998.3,30023.3
1652987700000,30021.6,30027.9,29907.2,29908.2
1652988600000,29913.7,29968.8,29896.7,29931.2
1652989500000,29930.3,29960.7,29883.1,29883.1
1652990400000,29880.4,30007.9,29865.9,29966.5
1652991300000,29965.9,29996.2,29941.6,29963
1652992200000,29964.7,30052.1,29954.6,30050
1652993100000,30050.6,30183.5,30049.2,30183.5
1652994000000,30153.4,30321.5,30107.9,30315.1
1652994900000,30315.2,30385.6,30176.4,30178.2
1652995800000,30178.1,30242.7,30157.6,30208.2
1652996700000,30209,30244.5,30167.9,30194.2
1652997600000,30178.4,30194,30096.2,30131.3
1652998500000,30131.6,30133.7,30046.7,30064.4
1652999400000,30066.2,30106.8,30037.8,30055.6
1653000300000,30056.9,30165.5,30038,30103.7
1653001200000,30104.1,30193.5,30092.9,30111
1653002100000,30110.9,30170.6,30074,30165.6
1653003000000,30164.9,30243.1,30148.3,30240.5
1653003900000,30243,30333.5,30235.8,30239.5
1653004800000,30239.7,30274.2,30156.7,30179
1653005700000,30179.3,30198.1,30073.1,30073.1
1653006600000,30073.3,30219.9,30066,30209.2
1653007500000,30208.9,30221.4,30151.7,30182.5
1653008400000,30183.9,30183.9,30049,30117.7
1653009300000,30117.9,30288.3,30095.7,30276.5
1653010200000,30276.6,30678.8,30273.8,30571.1
1653011100000,30574.8,30599.3,30306.6,30396.6
1653012000000,30396.9,30433.2,30163.6,30178.2
1653012900000,30178.6,30222.6,30150.3,30214.6
1653013800000,30214.7,30282.8,30180.2,30277.2
1653014700000,30277.9,30300.1,30226.3,30249.5
1653015600000,30249.9,30260.8,30127.7,30154.7
1653016500000,30154.1,30169.4,30104.6,30155.7
1653017400000,30155.9,30156.7,30107.9,30108.6
1653018300000,30108,30142.3,30066,30089.7
1653019200000,30090,30153.9,30074.1,30130.8
1653020100000,30130.5,30146,30035.8,30069.4
1653021000000,30069.3,30109.1,29980.3,29990.3
1653021900000,29989.1,30039.6,29935.4,30022.9
1653022800000,30022.7,30022.7,29962.9,29975.5
1653023700000,29975.8,30038.9,29950.6,30022.5
1653024600000,30022.3,30085.9,29994.5,30082.3
1653025500000,30081.9,30110.2,30028.3,30102.9
1653026400000,30102.8,30104.9,30056.8,30070.3
1653027300000,30074.3,30074.3,29892.2,29908.6
1653028200000,29910.3,29910.3,29779.1,29868.2
1653029100000,29863.4,29939,29803,29929.8
1653030000000,29931.1,30097.9,29896.2,30079
1653030900000,30078.5,30158.1,30061.5,30117
1653031800000,30118.1,30277.4,30107.8,30191.7
1653032700000,30193.6,30320.6,30179.3,30228.8
1653033600000,30228.8,30230,30123.6,30223.4
1653034500000,30223.1,30273.6,30194.7,30270.9
1653035400000,30269.8,30304.5,30210.3,30237.4
1653036300000,30238.3,30240.7,30084.7,30113.2
1653037200000,30113.5,30125.8,30046.2,30091.7
1653038100000,30089.1,30185.1,30082.3,30121.8
1653039000000,30121.6,30253.1,30097,30230
1653039900000,30229.1,30347.1,30208.8,30263.3
1653040800000,30263.3,30274.5,30263.3,30271.2
1653041700000,30270.8,30335.4,30263.3,30263.3
1653042600000,30263.3,30263.3,30263.3,30263.3
1653043500000,30263.3,30358,30263.3,30347.5
1653044400000,30346.9,30411.1,30263.3,30263.3
1653045300000,30263.3,30263.3,30263.3,30263.3
1653046200000,30263.3,30351.9,30263.3,30303.1
1653047100000,30303.5,30460.5,30303.1,30341.5
1653048000000,30346.3,30371.8,30263.3,30263.3
1653048900000,30263.3,30269.4,30263.3,30263.3
1653049800000,30263.3,30263.3,30127,30167.4
1653050700000,30172.1,30186.9,30005.3,30176.4
1653051600000,30176.7,30245.7,30096.4,30233
1653052500000,30233.4,30394,30230.7,30263.3
1653053400000,30263.3,30307.3,30031.3,30305.8
1653054300000,30311.1,30352.6,30228.4,30284.8
1653055200000,30284.5,30291.6,30019.4,30035.7
1653056100000,30035.8,30102.3,29799.4,29863.2
1653057000000,29860.7,29948.2,29671.3,29706.3
1653057900000,29706.6,29757,29338.2,29405.7
1653058800000,29405.3,29493.6,29184.7,29332.3
1653059700000,29332.5,29400.6,29074.1,29319.8
1653060600000,29319.8,29423.6,29100.6,29102.1
1653061500000,29102.4,29235.8,29001.4,29065.2
1653062400000,29065,29149.9,28809.3,28987
1653063300000,28987.4,29050,28835.6,28897.8
1653064200000,28897.8,29035.1,28702.2,28742.2
1653065100000,28741.7,28968.3,28651.8,28839.9
1653066000000,28839.9,28933.1,28728.1,28862.1
1653066900000,28864.4,28975.4,28659.7,28694.9
1653067800000,28693.7,28946.9,28655.7,28831.3
1653068700000,28831.1,29010.1,28787.3,28958.2
1653069600000,28958.2,28958.2,28730.3,28802.1
1653070500000,28808.3,28898.9,28754.9,28811.2
1653071400000,28810.4,28923,28760.9,28864.7
1653072300000,28860.4,29096.6,28850.4,28932.5
1653073200000,28929.1,29115.2,28859.5,29026.9
1653074100000,29027,29116.6,28885.1,28979.6
1653075000000,28979.7,29296.2,28928.4,29168.3
1653075900000,29168.3,29345.6,29099,29214.3
1653076800000,29214.4,29269.6,29130,29184.1
1653077700000,29184.4,29357.2,29184.4,29253.5
1653078600000,29252.3,29329.8,29110.1,29149.8
1653079500000,29149.9,29201.5,29050.6,29074.3
1653080400000,29033.4,29273.6,29021,29126.5
1653081300000,29126.5,29275.8,29105.1,29275.8
1653082200000,29275.8,29291.7,29086.1,29099.9
1653083100000,29100.7,29285.1,29070.1,29085
1653084000000,29085,29278.7,29046.7,29133.9
1653084900000,29133.5,29300.5,29079.5,29125.3
1653085800000,29121.8,29285.9,29121.5,29184
1653086700000,29184,29225.9,29030,29040.7
1653087600000,29040.6,29283,29039.9,29241.2
1653088500000,29241.1,29294.9,29186.5,29194.9
1653089400000,29194.8,29209.8,29156,29156
1653090300000,29156,29176.3,29063.7,29090.7
1653091200000,29090.7,29168.6,29047.4,29142.7
1653092100000,29142.2,29254.6,29142.2,29234.8
1653093000000,29234.7,29246.2,29085.9,29174.4
1653093900000,29174.3,29205,29116.1,29175.4
1653094800000,29175.3,29203.9,29080.8,29129.9
1653095700000,29129.8,29150,28850,28867.6
1653096600000,28870.6,29037.3,28868.4,29013.4
1653097500000,29013.5,29083.9,28964.7,29045.4
1653098400000,29045.4,29079.9,28968.1,29000.2
1653099300000,29000.1,29134.8,28974.8,29129.1
1653100200000,29132.5,29153.2,29109.3,29112.4
1653101100000,29112.4,29155,29082,29124.7
1653102000000,29125,29142.3,29050.4,29057.2
1653102900000,29057.2,29087.8,29031.3,29036.4
1653103800000,29035.6,29102.8,29018.7,29101.9
1653104700000,29102.6,29185,29083.4,29155.7
1653105600000,29157.2,29177.1,29129.9,29163.7
1653106500000,29162.6,29165.9,29095.5,29120.4
1653107400000,29117.8,29164.6,29111,29153.7
1653108300000,29154.9,29158.6,29109.8,29153.3
1653109200000,29156.2,29186,29129.3,29170.4
1653110100000,29174.1,29186,29111,29127.7
1653111000000,29128.9,29220.3,29122.5,29167.4
1653111900000,29168.2,29199.8,29136,29185.5
1653112800000,29184.1,29221.2,29121.2,29121.2
1653113700000,29123.2,29235,29121.2,29223.9
1653114600000,29227.5,29260,29204.2,29229.3
1653115500000,29230.5,29272.8,29190.4,29256.5
1653116400000,29256.2,29270.6,29207.1,29207.1
1653117300000,29207.1,29380.7,29205.6,29359
1653118200000,29357.6,29460.5,29307.5,29391.1
1653119100000,29390.9,29416.1,29312.7,29314.6
1653120000000,29314.6,29379.8,29295.5,29354.3
1653120900000,29351,29351,29283.4,29305.3
1653121800000,29305.3,29350.3,29270.9,29302.3
1653122700000,29300.7,29300.7,29251,29264.7
1653123600000,29267.3,29277.5,29223.8,29241.6
1653124500000,29241.2,29258.6,29149.1,29149.1
1653125400000,29152.2,29197.4,29135.7,29165.4
1653126300000,29165.3,29234,29165.2,29234
1653127200000,29237.4,29326.4,29237.4,29270.7
1653128100000,29270.7,29280.1,29105.1,29111.6
1653129000000,29111.7,29227.8,29110.3,29183.4
1653129900000,29185.6,29218.3,29178.7,29187.5
1653130800000,29190.6,29193,29122.6,29150.9
1653131700000,29150.9,29167.2,29116,29129.2
1653132600000,29132,29152.8,29053,29146.4
1653133500000,29146.4,29211.8,29140,29183.5
1653134400000,29183.5,29235,29168.3,29213.5
1653135300000,29213.5,29235,29112.1,29117.6
1653136200000,29117.8,29199.1,29072.6,29180.9
1653137100000,29181.5,29233.7,29122.8,29178.2
1653138000000,29180.6,29192.8,29129.2,29159.9
1653138900000,29159.9,29211.4,29132.6,29207.7
1653139800000,29206.9,29268,29206.9,29244.5
1653140700000,29243.2,29265.1,29191,29204.1
1653141600000,29203.7,29259,29191.6,29207.7
1653142500000,29207.7,29228,29152.4,29172
1653143400000,29172,29329.1,29152.1,29311.3
1653144300000,29308.3,29377.2,29254.6,29294.8
1653145200000,29296.3,29370.9,29167.5,29189.5
1653146100000,29189.5,29254.6,29179.5,29207.5
1653147000000,29207.5,29295.8,29184.3,29283.6
1653147900000,29283.6,29535,29271.6,29445.1
1653148800000,29444,29549.2,29395.1,29471.1
1653149700000,29470.9,29496,29390.1,29430
1653150600000,29430.3,29485.3,29407.2,29422
1653151500000,29422,29484.4,29418.1,29457.1
1653152400000,29457.1,29499.4,29425.7,29472
1653153300000,29471.2,29475.7,29345.8,29387.4
1653154200000,29387.1,29403.9,29287.7,29307.6
1653155100000,29307.6,29344.1,29295.8,29299.4
1653156000000,29299.4,29388.5,29292.9,29338.8
1653156900000,29339.1,29384.2,29322.9,29331.6
1653157800000,29331.6,29386.8,29330,29345.2
1653158700000,29345.2,29378.9,29318.2,29370.6
1653159600000,29370.6,29476.3,29364.1,29419.7
1653160500000,29419.7,29422.5,29332.5,29354.7
1653161400000,29354.7,29385.1,29320.2,29380.1
1653162300000,29380.2,29388.4,29324.2,29354.2
1653163200000,29351.9,29408.8,29322.5,29390.4
1653164100000,29390.4,29418.1,29369.5,29380.7
1653165000000,29380.7,29404.9,29247.9,29278.8
1653165900000,29283.9,29332.7,29267.4,29320.6
1653166800000,29321.4,29353.4,29297.6,29348.7
1653167700000,29348.7,29362.3,29292.8,29355.7
1653168600000,29355.3,29369.7,29331.7,29366.4
1653169500000,29366.6,29370.7,29263.4,29272.4
1653170400000,29249,29290.9,29234,29254.7
1653171300000,29254.8,29280.4,29241.3,29262.3
1653172200000,29262.1,29323.2,29261.3,29318.9
1653173100000,29319.3,29328.5,29290.4,29328.5
1653174000000,29328.1,29358.9,29324.8,29350.3
1653174900000,29350.4,29429.7,29338.6,29418
1653175800000,29416.3,29441.5,29378.6,29381.4
1653176700000,29381.5,29395.2,29352.4,29363.4
1653177600000,29363.5,29376.9,29320.3,29322.8
1653178500000,29323.1,29401.9,29316.4,29385.9
1653179400000,29386.1,29418.3,29367.3,29373.4
1653180300000,29373.9,29408.6,29369.6,29390.1
1653181200000,29390,29424,29390,29423.4
1653182100000,29423.4,29457,29404.9,29409.4
1653183000000,29409.1,29448.9,29407.4,29429
1653183900000,29429,29430.9,29407.9,29426.3
1653184800000,29425.5,29429.2,29403.4,29426.8
1653185700000,29427.1,29428.1,29338.9,29365.7
1653186600000,29365.8,29370.1,29291.5,29296.7
1653187500000,29297.3,29321.9,29295,29317
1653188400000,29316.5,29404.8,29302.7,29395
1653189300000,29394.1,29402.2,29337,29358.7
1653190200000,29358.8,29361.8,29327,29329.7
1653191100000,29330,29330.4,29258.8,29284.2
1653192000000,29284.1,29284.1,29260.6,29272
1653192900000,29271.9,29276.1,29177,29239.8
1653193800000,29239.9,29258.1,29214.6,29236.5
1653194700000,29237.3,29259.3,29196.6,29208.5
1653195600000,29208.5,29265.5,29207.4,29254
1653196500000,29254,29309.4,29240.9,29299.3
1653197400000,29298.9,29330.5,29298.6,29303
1653198300000,29301.2,29315.6,29262.4,29285.6
1653199200000,29285.9,29309.6,29283.2,29309.6
1653200100000,29310.4,29321.2,29299.9,29317.5
1653201000000,29317.5,29332.3,29314.2,29331.3
1653201900000,29331.2,29331.3,29305.6,29321
1653202800000,29321.7,29325.4,29294.7,29304.3
1653203700000,29304.4,29321.2,29290.5,29292.7
1653204600000,29293.5,29308.2,29282.2,29304.7
1653205500000,29304.4,29367.5,29304.4,29354.6
1653206400000,29354.6,29376,29350.4,29350.9
1653207300000,29350.8,29377.1,29348.4,29370.3
1653208200000,29370.2,29443.5,29364.6,29431.1
1653209100000,29430.9,29505,29427.5,29471.6
1653210000000,29471.4,29495.7,29457.3,29495.1
1653210900000,29495.2,29523.2,29464.7,29508.6
1653211800000,29508.1,29933.3,29500.8,29898.5
1653212700000,29901,30099.4,29821.5,30056.2
1653213600000,30055.4,30178.5,30020.7,30104.1
1653214500000,30104.1,30152.8,30048.5,30115.6
1653215400000,30116,30234.6,30061.4,30130
1653216300000,30129.7,30297.3,30093,30101.3
1653217200000,30101.7,30251.6,30082.3,30152.9
1653218100000,30152,30242.1,29964.7,29974
1653219000000,29973.9,30011,29734.2,29882.2
1653219900000,29883.9,29970.2,29770.8,29811.2
1653220800000,29811.3,29983.9,29810.2,29903.6
1653221700000,29903.4,30170.6,29898.1,30019.2
1653222600000,30018.5,30079.9,29990.5,29990.5
1653223500000,29990.5,30138.3,29990.5,30086.9
1653224400000,30087.1,30167.8,30042.9,30052.6
1653225300000,30052.3,30064.2,29990.5,30005.7
1653226200000,30005.7,30008.9,29949.2,29978.3
1653227100000,29978.4,29991.7,29904,29990.1
1653228000000,29990,30056.4,29904,29924.9
1653228900000,29924.2,29963.6,29904,29926.3
1653229800000,29928.4,29944.1,29904,29904
1653230700000,29904,29918.9,29904,29904
1653231600000,29904,29904,29904,29904
1653232500000,29904,29904,29597,29638.8
1653233400000,29639,29771.3,29626.2,29709.6
1653234300000,29708.9,29890.6,29708.7,29762.8
1653235200000,29763,29900.2,29661.4,29679.8
1653236100000,29679.4,29887.1,29679.1,29785.5
1653237000000,29785.4,29937.5,29783.6,29836.6
1653237900000,29836.5,29973.2,29821.5,29942
1653238800000,29942,30062.1,29798.8,29974.1
1653239700000,29974.1,30128.8,29974.1,30063
1653240600000,30063,30063,29917.3,29928.8
1653241500000,29928.5,29956.2,29812.8,29860
1653242400000,29859.9,29877.5,29801.9,29843.8
1653243300000,29843.9,29967.2,29766,29967.2
1653244200000,29967.2,30021.8,29859.6,29926.1
1653245100000,29926.2,30051.2,29911.3,29956
1653246000000,29956.1,30087.2,29919.7,29929.6
1653246900000,29929.5,29944.6,29871.9,29893
1653247800000,29893.9,29930.4,29875.9,29919.9
1653248700000,29921.3,29942.9,29830.2,29853.1
1653249600000,29853.3,29895.4,29832.5,29889.2
1653250500000,29890.4,29977,29890.4,29975.8
1653251400000,29975.5,30010.8,29943.2,29948.2
1653252300000,29948.7,29956.5,29856.1,29862.2
1653253200000,29840.8,29869.9,29804.8,29864.6
1653254100000,29865.5,29938.1,29849.4,29893.3
1653255000000,29896,29999.7,29894.4,29999.7
1653255900000,29992.5,29999.7,29931,29944.8
1653256800000,29933,30133.5,29933,30102.8
1653257700000,30101.8,30383.7,30045.7,30176.2
1653258600000,30178.8,30284,30173.8,30230.2
1653259500000,30230.5,30275.4,30174.4,30203
1653260400000,30202.7,30363.7,30202.3,30327.9
1653261300000,30328,30406.2,30291.4,30328.8
1653262200000,30330.1,30344.6,30266.1,30288.9
1653263100000,30288.9,30306.6,30203.7,30217.3
1653264000000,30215.9,30334.5,30135.1,30300.9
1653264900000,30300.8,30372.7,30134.4,30151.2
1653265800000,30151.6,30217.9,30133.3,30202.4
1653266700000,30202.5,30245.8,30173.1,30211.6
1653267600000,30211.4,30214.7,30119,30152.6
1653268500000,30152.5,30156.8,30105.1,30155.2
1653269400000,30152.8,30178.9,30099.1,30121.3
1653270300000,30121,30147.6,30112.3,30137.1
1653271200000,30137.2,30137.2,30013,30021.8
1653272100000,30021.5,30062.4,30009.1,30022.1
1653273000000,30021.9,30038.1,29973.6,30022.8
1653273900000,30023,30065.3,30018.1,30049.9
1653274800000,30048.4,30125,30047,30108
1653275700000,30107.3,30117.5,30021.5,30037.3
1653276600000,30036.5,30074.3,30020.4,30068.4
1653277500000,30068.4,30101.4,30047.3,30089.9
1653278400000,30089.8,30159,30075.6,30131.5
1653279300000,30131.2,30156.5,30123.3,30134.1
1653280200000,30134.7,30155.3,30088.8,30105
1653281100000,30104.9,30106.5,30043.5,30056.1
1653282000000,30055.5,30091.3,30041.3,30087.5
1653282900000,30090.9,30129.2,30076.6,30120.1
1653283800000,30120,30128.9,30075.5,30114.5
1653284700000,30114.7,30246.8,30111.5,30230.1
1653285600000,30230.2,30318.9,30221.1,30308.5
1653286500000,30309.4,30416.3,30290.5,30328.2
1653287400000,30328.4,30569.2,30309.6,30501.2
1653288300000,30500.8,30503.3,30404.6,30414.7
1653289200000,30413.1,30433.2,30348.6,30413.2
1653290100000,30412.9,30664.8,30404.4,30532.5
1653291000000,30532.3,30652,30435.4,30441.3
1653291900000,30441.8,30511.9,30379.8,30382.9
1653292800000,30382.6,30500.1,30349.4,30359
1653293700000,30359.6,30367.6,30280.7,30335.8
1653294600000,30336.6,30396.2,30228.6,30246.3
1653295500000,30244.7,30291.2,30212.3,30274.8
1653296400000,30275,30291,30228.6,30274.4
1653297300000,30273.3,30283.1,30231,30283.1
1653298200000,30281.6,30398.2,30281.6,30326.1
1653299100000,30324.7,30460.2,30310.2,30368.6
1653300000000,30368.7,30528.2,30357.6,30453.4
1653300900000,30453.9,30535.3,30360.5,30403.1
1653301800000,30403.4,30511.1,30352.8,30402.8
1653302700000,30402.1,30510.2,30348.3,30411.6
1653303600000,30411.9,30543.4,30397.2,30512.5
1653304500000,30511.8,30516.9,30429.6,30457.6
1653305400000,30458.2,30476.9,30316.4,30385.1
1653306300000,30386,30386.8,30265.7,30318.8
1653307200000,30319,30451.1,30278.9,30448.8
1653308100000,30449.2,30554.1,30374.3,30409.9
1653309000000,30410,30427.5,30305.1,30346.6
1653309900000,30345,30396.4,30279.6,30310.4
1653310800000,30310.3,30387.9,30217.6,30384.7
1653311700000,30386.8,30446.6,30323.6,30326.7
1653312600000,30326.2,30480,30081.3,30335.9
1653313500000,30334.7,30472.5,30246.6,30253.2
1653314400000,30250.9,30253.6,29907.3,30043.3
1653315300000,30045.4,30184.4,30025,30136.3
1653316200000,30137.1,30229.9,30095.7,30196.5
1653317100000,30197.7,30259.8,30101.1,30168.2
1653318000000,30164.4,30445.7,30144.2,30373.4
1653318900000,30375.2,30481.4,30291.4,30337.4
1653319800000,30341.1,30456,30303,30345.5
1653320700000,30345.5,30423.3,30236.6,30290
1653321600000,30281.8,30500.9,30267.4,30367.2
1653322500000,30367.2,30431.2,30322.9,30343.6
1653323400000,30346,30358.3,30265.4,30315.2
1653324300000,30317.3,30324.2,30073.1,30160.7
1653325200000,30161.6,30163.6,29951.8,30049
1653326100000,30052,30052.1,29971,30024.9
1653327000000,30020,30086,29969.8,30023.1
1653327900000,30024.4,30073.2,29971.3,30002.6
1653328800000,30001.8,30078,29955.4,30037
1653329700000,30033.8,30037,29958.4,29990.8
1653330600000,29994.4,30046.9,29961.3,30035.9
1653331500000,30040.5,30065.7,29730,29780.5
1653332400000,29780.7,29784.6,29504.9,29661.5
1653333300000,29547.3,29547.6,29082.1,29139.9
1653334200000,29140.2,29325.4,29089.9,29146.9
1653335100000,29149.8,29302.5,28986.9,28995
1653336000000,28996.2,29200.7,28952.2,29081.2
1653336900000,29078.8,29224.8,29069.3,29156.2
1653337800000,29156.3,29313,29144,29272.5
1653338700000,29271.7,29374.3,29195.7,29250.5
1653339600000,29250.7,29309.6,29207.6,29263.2
1653340500000,29263.7,29335.6,29261,29328.4
1653341400000,29328.5,29394.1,29297.3,29353.2
1653342300000,29353.2,29367.5,29238.8,29259.1
1653343200000,29258.2,29259.3,29068.1,29183.9
1653344100000,29183.6,29210,28985.4,29025
1653345000000,29025,29096.9,28949.2,29058.7
1653345900000,29058.8,29141.7,29035.8,29123.3
1653346800000,29124.8,29124.8,28964.2,28972
1653347700000,28971.6,29038.4,28792.7,28997.7
1653348600000,28999.1,29083.8,28994.5,29064.5
1653349500000,29065,29097,29004.1,29017.3
1653350400000,29016,29145,28976.9,29125.7
1653351300000,29125.9,29164.2,29099.3,29137.6
1653352200000,29137.7,29160.8,29096.5,29100.4
1653353100000,29100.2,29123.3,29053.3,29057.8
1653354000000,29057.7,29114.4,29041,29078.3
1653354900000,29078.4,29087.9,29017.9,29048.6
1653355800000,29048.4,29096.7,29025.6,29064.4
1653356700000,29063.5,29154.4,29062.8,29136.4
1653357600000,29136.5,29168.4,29116.3,29130
1653358500000,29129.9,29207.6,29107.6,29138.7
1653359400000,29144.6,29175,29127.4,29167.3
1653360300000,29165.1,29201.9,29146.8,29185.1
1653361200000,29188.1,29222.5,29163.3,29213.7
1653362100000,29214.8,29235.1,29161.6,29164.8
1653363000000,29164.9,29213.9,29162,29212.8
1653363900000,29212.9,29240.6,29201.6,29217
1653364800000,29216.8,29221,29162.6,29204.1
1653365700000,29203.5,29294.9,29196.4,29269.2
1653366600000,29269.1,29336.5,29249.4,29317
1653367500000,29317,29343.2,29252.6,29267.6
1653368400000,29267.5,29305.5,29232.2,29285.3
1653369300000,29281.3,29326,29271.3,29308.4
1653370200000,29307.8,29332.3,29252.6,29259.5
1653371100000,29259.4,29274.7,29245.1,29260.3
1653372000000,29261.5,29306.4,29260.7,29281
1653372900000,29281.1,29306.4,29277.4,29292
1653373800000,29289.2,29291.9,29187.6,29189.6
1653374700000,29189.2,29250.3,29157.5,29249.3
1653375600000,29250.5,29324.1,29229.5,29314.5
1653376500000,29314.1,29337.9,29289,29307.5
1653377400000,29308,29324.5,29264.1,29278.3
1653378300000,29278.4,29318.3,29267.2,29309.2
1653379200000,29308.8,29313.2,29273.1,29301.5
1653380100000,29302,29302,29244.5,29270.6
1653381000000,29270.8,29270.9,29170.6,29178.7
1653381900000,29178.6,29191.3,29058.2,29061.8
1653382800000,29062.4,29199.3,29031.5,29181.2
1653383700000,29181.3,29260.3,29164.3,29187.1
1653384600000,29188.5,29209.6,29162.7,29185.1
1653385500000,29185.2,29245.1,29123.7,29245.1
1653386400000,29245,29247.5,29207.6,29209.1
1653387300000,29208.3,29262.4,29191.1,29231.6
1653388200000,29231.5,29255.5,29182,29241.3
1653389100000,29241.5,29276.4,29215.1,29259.3
1653390000000,29258.6,29298.4,29249.8,29289
1653390900000,29288.9,29341.7,29206,29206.9
1653391800000,29206.6,29245.4,29189.7,29201.7
1653392700000,29201.6,29207.7,29155,29200.1
1653393600000,29202.5,29242.8,29147,29150
1653394500000,29150,29171,29059.4,29102.9
1653395400000,29102.4,29180,29090.1,29166.8
1653396300000,29166.5,29197.9,29151,29162.9
1653397200000,29162.6,29189.5,29128.1,29188.7
1653398100000,29188.9,29229.5,29113.2,29114.2
1653399000000,29114,29232,29092.4,29131.6
1653399900000,29132.3,29191.7,28819.1,28854.2
1653400800000,28853.7,28925.6,28586.9,28679.9
1653401700000,28679.9,28847.3,28653.3,28842.1
1653402600000,28842.1,29032.1,28795.1,28892.6
1653403500000,28892.7,28963.9,28799.7,28963.9
1653404400000,28965.9,29014.7,28930.3,28935.3
1653405300000,28934.7,29028.9,28893.5,29026
1653406200000,29025.9,29234,28966.1,29168.2
1653407100000,29168.5,29642.2,29167.6,29410.8
1653408000000,29410.8,29550,29299,29429.8
1653408900000,29430.5,29616.5,29266,29266.1
1653409800000,29266.2,29371.7,29191.2,29226.6
1653410700000,29225.7,29380.6,29157.7,29347.1
1653411600000,29347.2,29347.2,29148.7,29178.2
1653412500000,29178,29198.6,29075.2,29131.2
1653413400000,29131,29254.9,29106,29224.6
1653414300000,29224.1,29308.1,29213.3,29264.4
1653415200000,29261.7,29395.3,29225.9,29334.5
1653416100000,29333.3,29341.6,29250.9,29312
1653417000000,29314.6,29352.6,29198.4,29198.8
1653417900000,29198.4,29317.5,29029.5,29089.9
1653418800000,29089,29309.1,29079.2,29160.3
1653419700000,29160.3,29422.9,29131.4,29268.3
1653420600000,29268.7,29468.2,29256.3,29306
1653421500000,29305.9,29463.9,29276.9,29404.9
1653422400000,29408.8,29445.9,29255.1,29289.2
1653423300000,29288.6,29420,29185.3,29265.8
1653424200000,29263.5,29412.1,29243.6,29293.7
1653425100000,29293.8,29488.2,29293.7,29368.4
1653426000000,29417,29520.6,29346.9,29461.9
1653426900000,29463.1,29573.9,29410.9,29471.8
1653427800000,29472.9,29504.2,29432.5,29504.2
1653428700000,29504.2,29618.6,29446.4,29498.4
1653429600000,29498.5,29530.8,29455.9,29527.5
1653430500000,29527.4,29539.7,29482,29488.5
1653431400000,29488.3,29494.4,29452.1,29477.5
1653432300000,29479.2,29525.6,29477.5,29518.9
1653433200000,29518.8,29753,29508.4,29675.5
1653434100000,29676,29736.6,29597.5,29610
1653435000000,29609.7,29644.7,29542.5,29546.8
1653435900000,29545.4,29596.2,29543.3,29570.8
1653436800000,29570.8,29601.3,29478.4,29483.7
1653437700000,29483,29517.4,29465.4,29502.2
1653438600000,29502.4,29545.8,29478.8,29544.5
1653439500000,29544.5,29550,29515.8,29533.5
1653440400000,29533.9,29586.4,29485,29586.4
1653441300000,29584.5,29605.2,29508.9,29512.5
1653442200000,29513.4,29574.6,29513.4,29560.5
1653443100000,29560.7,29704.4,29554.1,29702.7
1653444000000,29702.7,29793.6,29655.3,29713.3
1653444900000,29711.1,30002.2,29694,29906.5
1653445800000,29907.4,29985.4,29887.2,29958.6
1653446700000,29958.6,30068.5,29924,30014.4
1653447600000,30014.5,30057.9,30010.6,30043.7
1653448500000,30042.9,30106.6,30010.1,30048.5
1653449400000,30048.5,30102.8,29978.5,30098.2
1653450300000,30100.6,30106.9,30038.8,30103.5
1653451200000,30103.5,30120.8,30005.4,30053.4
1653452100000,30053.4,30069.7,30001.5,30019.3
1653453000000,30017.7,30027.6,29985.6,30027.2
1653453900000,30027.1,30027.1,29977.5,30001.6
1653454800000,30001.2,30019.7,29975.4,30017.2
1653455700000,30015.8,30037.3,29975,29987.3
1653456600000,29985.3,29988.3,29833.9,29868.9
1653457500000,29868.6,29891.8,29763.2,29781
1653458400000,29780.6,29811.3,29663,29705.2
1653459300000,29705.5,29707.8,29582.4,29607.6
1653460200000,29607.3,29704,29577.5,29684.6
1653461100000,29685,29721.4,29666.2,29706.2
1653462000000,29706.3,29741.5,29655.6,29741.5
1653462900000,29740.3,29752.3,29684.2,29691.6
1653463800000,29688.7,29689.7,29626.9,29648.8
1653464700000,29648.9,29685,29604.7,29612.6
1653465600000,29613.2,29708.8,29476.5,29703.1
1653466500000,29703.3,29710.1,29669.2,29700.1
1653467400000,29699.7,29711.6,29636.2,29704.1
1653468300000,29702.9,29831.3,29695.2,29730.6
1653469200000,29730.5,29778.1,29656.6,29657.2
1653470100000,29657.2,29682.1,29612.6,29638.5
1653471000000,29638.4,29686.1,29612.1,29662.4
1653471900000,29662.5,29745.3,29662.4,29730.2
1653472800000,29730.1,29768.8,29680.2,29689.1
1653473700000,29690,29700.4,29629.7,29699.2
1653474600000,29698.7,29700.3,29638,29680.1
1653475500000,29680.1,29680.3,29601.5,29641.1
1653476400000,29641.2,29664.8,29517.1,29517.4
1653477300000,29519,29582.3,29442.1,29442.7
1653478200000,29442.8,29449.7,29271.8,29364.4
1653479100000,29364.2,29366.3,29274.7,29314.4
1653480000000,29313.6,29406,29281.1,29397.9
1653480900000,29398.1,29421.5,29298.1,29298.1
1653481800000,29298.1,29435.3,29257,29410.5
1653482700000,29410.1,29514.1,29402.5,29478
1653483600000,29477.9,29505,29451.2,29459.9
1653484500000,29459.7,29488,29401,29409.7
1653485400000,29409.9,29758.5,29403.3,29641
1653486300000,29643.2,29707.9,29486.9,29609.8
1653487200000,29611.8,29774.6,29580.6,29762.6
1653488100000,29762.6,29807.6,29715.2,29774.4
1653489000000,29773.9,29794.9,29671.6,29679.7
1653489900000,29678.7,29697.4,29612,29687.2
1653490800000,29687.8,29847.5,29611.3,29709.3
1653491700000,29709.5,29839.9,29635.1,29635.1
1653492600000,29633.5,29759.3,29512.3,29558.9
1653493500000,29558.4,29673.8,29512.2,29623.9
1653494400000,29623.9,29692,29447.4,29576.5
1653495300000,29577.1,29711.5,29387.6,29424.4
1653496200000,29423.9,29554.8,29345.6,29419.4
1653497100000,29419.6,29585.9,29409.6,29472.4
1653498000000,29472.3,29613.7,29456,29474.2
1653498900000,29474,29637.8,29471.4,29613.1
1653499800000,29613.1,29778,29544.7,29655.1
1653500700000,29658.6,29689.4,29609.3,29627.9
1653501600000,29626.7,29971.5,29472.5,29741.8
1653502500000,29743.3,29959,29712,29845.4
1653503400000,29847.4,30041.8,29707.5,29716.5
1653504300000,29714.2,29914,29697.4,29797.7
1653505200000,29797.8,29980.8,29779.2,29783.7
1653506100000,29783.7,29784.2,29620.2,29623.8
1653507000000,29623.8,29661.4,29605.2,29654.5
1653507900000,29654.9,29657.8,29491,29496
1653508800000,29496.2,29553.2,29481.9,29544.7
1653509700000,29546.2,29587.5,29507.9,29531.5
1653510600000,29531,29643.8,29531,29624.9
1653511500000,29624.2,29710.2,29621.8,29696.5
1653512400000,29704.9,29723.3,29660.3,29677.4
1653513300000,29677.3,29734.2,29659.1,29733.2
1653514200000,29734.2,29741.2,29687.3,29702.8
1653515100000,29701.9,29745.8,29683.1,29736.1
1653516000000,29735.7,29784.5,29698.2,29720.1
1653516900000,29720,29731.5,29670.4,29693.5
1653517800000,29693.6,29750.8,29678.5,29719.3
1653518700000,29719.4,29719.8,29658.7,29692.8
1653519600000,29693.5,29694.1,29607.1,29643.1
1653520500000,29643,29660.4,29563.7,29632.6
1653521400000,29632.5,29633,29483.7,29484.1
1653522300000,29484.4,29508.1,29446.7,29450.3
1653523200000,29450.3,29614.8,29407.7,29596.9
1653524100000,29596.7,29716.9,29568.9,29715.2
1653525000000,29715.3,29779.2,29698.2,29727.7
1653525900000,29727.8,29744.8,29662.7,29695
1653526800000,29694.6,29715.3,29653.6,29657.3
1653527700000,29657.6,29720.9,29644.5,29709.9
1653528600000,29710.2,29717.9,29582.4,29616
1653529500000,29614.8,29615.8,29563.5,29588.5
1653530400000,29588.2,29660.1,29587.9,29619.7
1653531300000,29620,29666.1,29612.1,29649.6
1653532200000,29648,29717.8,29641.6,29684.6
1653533100000,29682.1,29786,29682.1,29720.9
1653534000000,29721,29728.8,29614.7,29615.1
1653534900000,29615.2,29655.4,29588,29643.3
1653535800000,29639.5,29754,29630.3,29734.1
1653536700000,29733.7,29747.3,29702.4,29739
1653537600000,29739.4,29775.6,29724,29763
1653538500000,29761.8,29771,29702.8,29722.3
1653539400000,29719.1,29748.8,29695,29731.3
1653540300000,29731.5,29742.1,29660.6,29674.6
1653541200000,29674.9,29754.3,29668,29725.8
1653542100000,29726.4,29727.2,29605.3,29655.4
1653543000000,29655.5,29662.5,29571.1,29615.5
1653543900000,29613,29658.4,29578.2,29628.8
1653544800000,29629.5,29651.9,29492.8,29502.6
1653545700000,29504.5,29566.8,29434,29505.1
1653546600000,29504.2,29565.3,29451.5,29543.1
1653547500000,29542.8,29593.3,29497.7,29588.2
1653548400000,29587.7,29592.5,29524.6,29535.7
1653549300000,29535.2,29577.9,29481.4,29572.8
1653550200000,29571.7,29638.6,29562.7,29615.7
1653551100000,29615.5,29647,29596.1,29637.3
1653552000000,29637.5,29643.2,29518.9,29521.4
1653552900000,29521.5,29528.1,29099.8,29101.2
1653553800000,29101.3,29137.8,29042.3,29058.1
1653554700000,29061,29061,28803.9,28916.9
1653555600000,28917,28981.3,28794.4,28975.4
1653556500000,28975.5,29095.5,28916.3,29003.7
1653557400000,29003.8,29135.4,28951,29134
1653558300000,29134.5,29159.1,29037.6,29103.8
1653559200000,29103.5,29155.8,29080.4,29136.2
1653560100000,29137.5,29137.5,29085.6,29109.9
1653561000000,29107.9,29159.1,29059.7,29065.5
1653561900000,29065.1,29122.3,29033.8,29051.5
1653562800000,29051.4,29086.4,28835,29003.4
1653563700000,29003.7,29042.7,28847.3,29042.7
1653564600000,29045.3,29059.6,28928.9,28993.9
1653565500000,28993.2,29019.4,28881.3,28910.7
1653566400000,28910.6,29044.9,28847.5,29030.6
1653567300000,29030.1,29030.1,28895.4,28905.5
1653568200000,28905.5,28906.1,28698.8,28801.2
1653569100000,28800.8,28903,28749.8,28855.7
1653570000000,28855.9,28883.3,28609.6,28726.3
1653570900000,28725.8,28725.8,27946.6,28155.8
1653571800000,28158.3,28404,28140.4,28403.7
1653572700000,28402.9,28907.9,28354.3,28840.8
1653573600000,28840.8,29222.8,28718.8,29107.1
1653574500000,29107.9,29284.1,29004.9,29017.1
1653575400000,29016.8,29327.5,28994,29172.4
1653576300000,29286.5,29352.3,29106.7,29165.1
1653577200000,29165.8,29455.2,29142.9,29332.4
1653578100000,29334.6,29405,29252.9,29252.9
1653579000000,29256.9,29335.6,29184.3,29315.6
1653579900000,29314.6,29458.8,29280.5,29308.6
1653580800000,29306.9,29613.4,29287.1,29465.4
1653581700000,29465.3,29768.8,29431.9,29619.1
1653582600000,29619.2,29768.5,29451.3,29464.7
1653583500000,29464.5,29628.2,29419.4,29497.7
1653584400000,29497.5,29683.8,29386.2,29418.8
1653585300000,29418.9,29468.5,29377.8,29447.7
1653586200000,29447.8,29671.2,29426.8,29547.9
1653587100000,29547.3,29681.7,29490.8,29556.2
1653588000000,29559.1,29670.1,29444.7,29495.2
1653588900000,29494.3,29637.7,29444.2,29451.8
1653589800000,29451.7,29600.8,29403.7,29510.5
1653590700000,29510.6,29670.4,29506.5,29523.9
1653591600000,29523.8,29535.5,29352.6,29381.5
1653592500000,29381.8,29499,29292.3,29394.5
1653593400000,29392.6,29516.4,29326.6,29387.6
1653594300000,29387.7,29553,29299.2,29299.4
1653595200000,29299.1,29420.1,29193.6,29229.1
1653596100000,29229.3,29526,29219.6,29444.4
1653597000000,29444.4,29579.2,29374.7,29415.6
1653597900000,29415.3,29431.7,29344.8,29369
1653598800000,29390.6,29589.4,29390.6,29514.9
1653599700000,29512.8,29531.2,29449.7,29465.8
1653600600000,29466.6,29515.9,29449,29452.6
1653601500000,29452.6,29485.8,29430.1,29485.1
1653602400000,29483.4,29570.4,29431.2,29570.1
1653603300000,29570.7,29576.5,29494,29497
1653604200000,29498.5,29524,29418.1,29443.4
1653605100000,29442.9,29467,29399.3,29414.1
1653606000000,29414.9,29466.9,29284.2,29313.4
1653606900000,29312.3,29375.4,29259.9,29293.7
1653607800000,29293.6,29373.4,29290.2,29347.6
1653608700000,29344.7,29349.8,29086.9,29115
1653609600000,29113.8,29220.8,29057.4,29162
1653610500000,29161.4,29290.3,29136,29259.8
1653611400000,29259.9,29292.8,29032.6,29040.1
1653612300000,29040.2,29076.9,28947.8,28973.2
1653613200000,28973.9,29023.7,28822.7,28862.2
1653614100000,28862.1,28956.9,28815.2,28837.4
1653615000000,28838,29014.4,28827.4,28962.7
1653615900000,28963.7,29015.1,28803.2,28857.4
1653616800000,28856.5,28861,28757.7,28772.1
1653617700000,28773.2,28998.7,28758.5,28958.4
1653618600000,28955.9,28955.9,28860.5,28900.9
1653619500000,28900.9,28915.1,28786.4,28899
1653620400000,28897.1,28970.7,28879.8,28938.9
1653621300000,28939,28999.5,28922.9,28983.9
1653622200000,28985,29051.6,28940,28940.5
1653623100000,28940.8,28975.3,28934.3,28939.4
1653624000000,28940.3,28959.4,28859.5,28944.9
1653624900000,28945.1,29014.2,28909.6,28912.5
1653625800000,28910.1,28929.8,28780.6,28816.9
1653626700000,28817,28877.7,28792.2,28828.6
1653627600000,28828.5,28946.1,28782.6,28922
1653628500000,28920.3,28939.8,28862.4,28911.1
1653629400000,28911.4,28918.1,28553.2,28658.9
1653630300000,28659,28766.4,28623.4,28705.3
1653631200000,28704.7,28777.2,28540.3,28677
1653632100000,28676,28697.1,28542.1,28620.4
1653633000000,28619.3,28815.5,28572.2,28768.5
1653633900000,28768.9,28935,28756.4,28880.7
1653634800000,28880.7,28929.9,28814,28838.4
1653635700000,28838.3,29112,28811.3,29065.8
1653636600000,29066.5,29075,28957,28981.8
1653637500000,28981.3,28982,28882.6,28890.3
1653638400000,28890.2,29036,28688.4,29003.9
1653639300000,29003.9,29037.9,28914,28951.7
1653640200000,28951.6,29000,28902.6,28967.4
1653641100000,28967.2,28987.1,28840.2,28849.6
1653642000000,28849.3,28868.2,28797.1,28832.3
1653642900000,28832.4,28946.5,28811,28921.7
1653643800000,28920.2,28986.6,28900,28932.5
1653644700000,28932.5,28982.3,28887.5,28943.9
1653645600000,28944.2,28948.2,28855.8,28916.1
1653646500000,28916,28957.3,28837.1,28853.6
1653647400000,28853.1,28854.1,28755.7,28787.3
1653648300000,28787.6,28810.8,28684.8,28737
1653649200000,28736.6,28871.1,28714.8,28867.7
1653650100000,28867.6,28932.8,28797.2,28932.1
1653651000000,28931.4,28954.4,28882.7,28889.1
1653651900000,28891.7,28899.2,28796.6,28813.4
1653652800000,28812.4,28840,28767.4,28814.2
1653653700000,28814.6,28948.6,28779.9,28916.7
1653654600000,28916.4,29186.7,28867.8,29158.7
1653655500000,29158.8,29309.8,29094,29158.2
1653656400000,29157.4,29173.9,29102.6,29157.5
1653657300000,29157.8,29193.2,29040.1,29071.3
1653658200000,29072.1,29202.8,29039.2,29092.7
1653659100000,29091.8,29364.6,29073,29237.4
1653660000000,29238.2,29245.7,29108.7,29113
1653660900000,29113.2,29155.5,29047.1,29080.9
1653661800000,29081.4,29083.2,28823.2,28826.9
1653662700000,28828.7,28865.3,28662.2,28698.1
1653663600000,28698.5,28822.5,28553.4,28646.7
1653664500000,28645.8,28966.1,28623.5,28837.9
1653665400000,28837.9,28938,28713.6,28790.5
1653666300000,28790.6,28962.1,28718.2,28762.9
1653667200000,28761.1,28903.5,28653.2,28789.3
1653668100000,28788.8,28788.8,28622.1,28625.8
1653669000000,28627.4,28701,28594.1,28695.6
1653669900000,28694.2,28740,28567.2,28639.1
1653670800000,28639,28758.2,28598.9,28689.5
1653671700000,28689.2,28697,28278.6,28464.2
1653672600000,28464.3,28514.2,28273.1,28322.2
1653673500000,28322.7,28477,28240.4,28379.3
1653674400000,28379.3,28509.3,28220.2,28299.7
1653675300000,28299.6,28392.3,28192.4,28214.4
1653676200000,28214.3,28449.9,28201.2,28229.5
1653677100000,28228.8,28380.9,28202.4,28374.1
1653678000000,28373.9,28440.4,28332,28373.4
1653678900000,28372.8,28437,28330.3,28423.3
1653679800000,28423.2,28501.3,28417.1,28501.3
1653680700000,28500.7,28949.3,28444.9,28787.5
1653681600000,28784.2,28915.2,28650,28756.8
1653682500000,28763.4,28859.4,28756.3,28830.8
1653683400000,28830.7,28830.7,28743.1,28757.8
1653684300000,28757.6,28763.8,28673.6,28673.8
1653685200000,28659,28753.5,28659,28690.8
1653686100000,28690.7,28730.2,28674.1,28683.1
1653687000000,28683.1,28728.5,28671.6,28709.9
1653687900000,28709.9,28711.9,28588.6,28615.7
1653688800000,28614.2,28772.9,28548.7,28767.3
1653689700000,28768.4,28811.5,28723.1,28801.5
1653690600000,28801.5,28812,28737.3,28765.6
1653691500000,28766.2,28779,28700.8,28722.6
1653692400000,28722.6,28760.2,28635.6,28639.7
1653693300000,28639.7,28655.4,28535.7,28612.1
1653694200000,28612,28644.7,28436.7,28501.7
1653695100000,28504.8,28542.6,28474.1,28535.3
1653696000000,28535.2,28635,28457.8,28633.2
1653696900000,28635,28703.3,28582.3,28598.3
1653697800000,28598.7,28694.4,28597.2,28681.8
1653698700000,28681.8,28724.7,28651.4,28699.3
1653699600000,28701.5,28737.8,28646,28653.1
1653700500000,28653.1,28703.3,28452.9,28483.1
1653701400000,28483,28564.9,28435,28444.5
1653702300000,28444.4,28535,28440,28519.8
1653703200000,28519.7,28594.3,28496.7,28570.6
1653704100000,28570.6,28648.5,28566.9,28611
1653705000000,28610.8,28642.9,28503.4,28548.1
1653705900000,28548.1,28616.9,28538.3,28589.8
1653706800000,28590,28640.5,28534.8,28627.3
1653707700000,28628.6,28655,28595.8,28600.7
1653708600000,28600.7,28685,28599,28685
1653709500000,28689.6,28746,28686.8,28723.4
1653710400000,28723.4,28732.2,28674.7,28690.3
1653711300000,28692.9,28777.1,28660,28766.2
1653712200000,28768.2,28783.7,28706.3,28728.1
1653713100000,28728.1,28793.1,28694.7,28739.3
1653714000000,28739.8,28758.7,28683.5,28744.5
1653714900000,28744.3,28769.3,28709.1,28751.9
1653715800000,28752.5,28846,28716.5,28826.3
1653716700000,28826.9,28857,28767.2,28785.3
1653717600000,28785.3,28805.9,28735.9,28782.1
1653718500000,28785.2,28785.2,28737.7,28777
1653719400000,28776.4,28834.8,28761.5,28804
1653720300000,28806.1,28816.5,28764.8,28772.9
1653721200000,28774.1,28799.1,28745.3,28758.8
1653722100000,28758.8,28781,28736.1,28757.4
1653723000000,28758.3,28768.8,28730.7,28734.7
1653723900000,28734.9,28822.2,28734.4,28794.9
1653724800000,28795,28834.4,28789.6,28798.6
1653725700000,28798,28799,28751.3,28757.4
1653726600000,28756.4,28799.8,28688.3,28799.6
1653727500000,28797.6,28814.8,28746.5,28748.1
1653728400000,28748.5,28779.7,28726.7,28771.5
1653729300000,28771.5,28791.4,28755.2,28755.2
1653730200000,28755.2,28759.5,28703.3,28703.3
1653731100000,28700.5,28736.4,28681.2,28714.3
1653732000000,28713.1,28731,28687,28691.1
1653732900000,28691,28766.7,28687,28755.6
1653733800000,28755.6,28761.8,28700.2,28702.7
1653734700000,28702.7,28745,28701.3,28716.3
1653735600000,28715.6,28797.4,28686.6,28785.3
1653736500000,28785.3,28834,28759,28811.8
1653737400000,28811.8,28813.9,28757.5,28777.3
1653738300000,28777.3,28790.4,28734.4,28736.2
1653739200000,28735.8,28772.8,28702.2,28703.7
1653740100000,28703.9,28835,28703.9,28819.6
1653741000000,28820.7,28849.5,28808,28835.3
1653741900000,28835.3,28935,28834.5,28894.3
1653742800000,28894,29023,28859.5,28946.4
1653743700000,28946.6,29174.5,28946.6,29005.3
1653744600000,29005.3,29098.4,28908.2,28962.5
1653745500000,28962.5,28991.9,28961.4,28985.8
1653746400000,28985.8,29014.4,28904.5,28910.5
1653747300000,28909.1,28931,28889.9,28911.2
1653748200000,28911.2,28938.8,28893,28907.5
1653749100000,28907.5,28908.4,28839.7,28867.1
1653750000000,28867.1,28882,28806.8,28860.9
1653750900000,28862.2,28911.8,28854.8,28909.1
1653751800000,28909.1,28995.7,28909.1,28929.2
1653752700000,28929.2,28962.5,28900.8,28906
1653753600000,28906,28927.6,28878.2,28895.6
1653754500000,28895.7,28962.6,28864.3,28944.2
1653755400000,28944.4,28960.6,28901.9,28903.1
1653756300000,28903.7,28924.8,28823,28825.6
1653757200000,28825.4,28830,28740.8,28743.9
1653758100000,28743.3,28947,28709.9,28804.4
1653759000000,28804.4,28825.9,28770.6,28800.8
1653759900000,28802.3,28816.4,28776.5,28799.3
1653760800000,28799.6,28834.4,28799.6,28833.2
1653761700000,28833.2,28873.2,28824.2,28856.2
1653762600000,28856.2,28901.2,28855.6,28870.4
1653763500000,28870.4,28932.9,28869.8,28918.2
1653764400000,28918.2,28932.9,28886.4,28887.4
1653765300000,28887.6,28890.7,28862.2,28864
1653766200000,28864.3,28908.2,28857.3,28901.3
1653767100000,28901.9,28981.4,28901.9,28936.8
1653768000000,28936.8,28941.3,28917.8,28921.2
1653768900000,28921.4,28950.1,28911.1,28928.6
1653769800000,28928.6,28932.1,28899.4,28915
1653770700000,28915.2,28938.9,28905.3,28936
1653771600000,28936,28968.7,28925.6,28932.2
1653772500000,28932.2,28948.2,28908.1,28923.2
1653773400000,28923.3,28943.3,28921.3,28938.6
1653774300000,28937.5,28954.5,28923.1,28926.5
1653775200000,28926.5,28939.9,28869.3,28918.1
1653776100000,28918,28919.6,28880.5,28900.4
1653777000000,28900.4,28936.8,28883.3,28936.8
1653777900000,28936.8,28954.5,28900.4,28905
1653778800000,28904.9,29028,28903.2,29013.6
1653779700000,29014.7,29030,28980,29016.3
1653780600000,29016.7,29030,28991.3,29008.8
1653781500000,29011.1,29061,28941.6,28945.1
1653782400000,28947.7,28956.8,28905.2,28934.5
1653783300000,28934.5,28943.4,28902.3,28924.4
1653784200000,28924.5,28932.6,28887.9,28906.1
1653785100000,28906.1,28948.4,28894.6,28924.2
1653786000000,28924.3,28924.3,28880.8,28884.3
1653786900000,28884.3,28939.6,28884.3,28907
1653787800000,28907,28907,28821.7,28834.9
1653788700000,28834.9,28852.7,28812.8,28835.7
1653789600000,28835.7,28835.8,28754.6,28781.3
1653790500000,28781.3,28830.4,28752.9,28791.8
1653791400000,28791.8,28825.1,28777.9,28809.8
1653792300000,28810.5,28831.2,28793,28820.4
1653793200000,28820.4,28866.6,28790.5,28856.2
1653794100000,28856.7,28859.5,28835.4,28853.9
1653795000000,28853.9,28872.9,28842.5,28869.7
1653795900000,28869.7,28912.5,28853.2,28891.6
1653796800000,28891.9,28897,28873.1,28888.7
1653797700000,28888.2,28888.3,28834.6,28862.2
1653798600000,28862.2,28887.5,28849.3,28887.5
1653799500000,28887.4,28896.9,28849.4,28853.7
1653800400000,28853.7,28872.5,28844.1,28864.6
1653801300000,28864.6,28917.4,28864.6,28911.4
1653802200000,28911.3,28940.7,28900.6,28922.6
1653803100000,28922.9,28960,28901.5,28955.3
1653804000000,28955.2,28980.8,28918.8,28926.5
1653804900000,28927.3,28932.9,28901.4,28923.7
1653805800000,28925.8,28956.4,28910.9,28941.4
1653806700000,28942,28953.4,28928,28948.2
1653807600000,28949,29068.3,28916.6,28929.3
1653808500000,28929.1,28944.7,28911.1,28937.4
1653809400000,28937.4,28947.6,28914.2,28918.3
1653810300000,28920.5,28927.6,28909.1,28925.6
1653811200000,28925.6,28935,28903.7,28930.9
1653812100000,28930.9,29091.7,28930.9,29059.7
1653813000000,29059.7,29095.4,28990.6,29008.7
1653813900000,29008.7,29008.7,28963,28970.3
1653814800000,28970.2,28985.6,28913.2,28938.1
1653815700000,28938.1,28950.2,28866,28899.5
1653816600000,28899.4,28922.1,28874.1,28903.9
1653817500000,28903.8,28928.7,28887.5,28904.9
1653818400000,28904.3,29048.5,28901.5,29019.5
1653819300000,29019.5,29123.5,29017.2,29021.4
1653820200000,29021.7,29067.1,29020.7,29047.1
1653821100000,29047.1,29079.1,29011.5,29066.3
1653822000000,29066.7,29123.3,29025,29034.3
1653822900000,29034.3,29135,29034.3,29091.9
1653823800000,29092,29116.6,29087.5,29091.8
1653824700000,29091.8,29161.6,29082.4,29129.8
1653825600000,29131.6,29397.3,29113.6,29332.1
1653826500000,29336.2,29357.4,29252.1,29276.3
1653827400000,29276.4,29297.1,29236.9,29250.5
1653828300000,29250.5,29363.1,29240.4,29288.4
1653829200000,29288.5,29376.1,29230.5,29233.4
1653830100000,29233.2,29293.4,29230.3,29280
1653831000000,29279.1,29298.8,29266,29295.7
1653831900000,29295.7,29302.6,29224.5,29240.6
1653832800000,29241.5,29258.2,29215.5,29235
1653833700000,29235,29293.3,29228.7,29265.7
1653834600000,29265.8,29279.2,29231.5,29235.6
1653835500000,29235.5,29250.1,29198.8,29208.4
1653836400000,29208.3,29208.3,29082.4,29154.6
1653837300000,29154.6,29154.6,29089.9,29119.3
1653838200000,29119.3,29133.7,29079.6,29122.2
1653839100000,29122.4,29148.8,29102.6,29125.9
1653840000000,29125.6,29179.5,29124.4,29156.2
1653840900000,29156.2,29255,29146.7,29217.6
1653841800000,29216.9,29255,29206.2,29220.6
1653842700000,29220.7,29223.1,29172.1,29196.2
1653843600000,29196.2,29209,29181.2,29202.9
1653844500000,29203,29243,29157,29239.7
1653845400000,29240,29271.5,29228.4,29237.3
1653846300000,29237.3,29237.3,29099.5,29136.6
1653847200000,29136.6,29155,29126,29131.4
1653848100000,29131.4,29264.6,29122.1,29136.3
1653849000000,29137.2,29150,29095.7,29102.8
1653849900000,29103,29127.8,29070.1,29075.8
1653850800000,29075.8,29107.5,29003.4,29031.8
1653851700000,29031.8,29155.5,28986.5,29010.4
1653852600000,29010.4,29039.1,29008.6,29019.3
1653853500000,29019.9,29037.3,29006,29034.8
1653854400000,29034.8,29087.1,29019.8,29059.5
1653855300000,29059.5,29079.7,29044,29064.8
1653856200000,29064.7,29094.8,29002.9,29084.8
1653857100000,29085.1,29101.8,29059.6,29099.4
1653858000000,29099.4,29110.4,29081.1,29107.4
1653858900000,29107.7,29111,29085,29108.7
1653859800000,29108.9,29146,29106.4,29118.3
1653860700000,29118.6,29153,29081.9,29144.2
1653861600000,29144.2,29215.5,29088.2,29167
1653862500000,29163.9,29335,29151.6,29330.5
1653863400000,29330.5,29491.6,29319.8,29370.1
1653864300000,29369.8,29377.4,29335.4,29343.8
1653865200000,29345,29411.5,29322.7,29405
1653866100000,29404.9,29410,29349.4,29398.2
1653867000000,29398.2,29406.1,29343.2,29364.4
1653867900000,29364.6,29401.4,29342.2,29390.7
1653868800000,29390.7,29390.7,29257.1,29263.4
1653869700000,29260.7,29320.3,29259.2,29274.2
1653870600000,29276.6,29288.2,29221.9,29230.7
1653871500000,29231,29256.2,29217.6,29230.4
1653872400000,29230.3,29297.6,29225.5,29287.7
1653873300000,29288.2,29378,29286.9,29363.2
1653874200000,29364.3,29594,29364.3,29586
1653875100000,29588.5,29686.4,29540.9,29680.4
1653876000000,29682.4,30129.4,29675.3,29993.9
1653876900000,29994.4,30152.8,29994.4,30098.5
1653877800000,30098.5,30187.9,30009.1,30154.2
1653878700000,30154.4,30170.8,30075.2,30123.9
1653879600000,30129.4,30309.2,30124.7,30135
1653880500000,30135.2,30200.9,30130.6,30191.2
1653881400000,30193.6,30277.1,30175.1,30258.4
1653882300000,30261.4,30302.6,30206.3,30273
1653883200000,30273.5,30331.1,30182,30233.7
1653884100000,30234.2,30284.3,30223.8,30263.4
1653885000000,30264.9,30266.4,30145.4,30243.5
1653885900000,30243.9,30267.1,30209.1,30239.7
1653886800000,30238.7,30292.3,30227,30287.4
1653887700000,30285.8,30304.1,30252.1,30263.1
1653888600000,30262.3,30324.8,30243.1,30254.1
1653889500000,30258.8,30378.7,30210.4,30370
1653890400000,30370.5,30500.1,30335.5,30491.1
1653891300000,30486.1,30808,30461.6,30508.1
1653892200000,30510.7,30722.2,30504.9,30595.8
1653893100000,30596.1,30706.4,30582.6,30618.7
1653894000000,30622.7,30719,30505.4,30527.7
1653894900000,30529.7,30570,30518.6,30521.9
1653895800000,30521.9,30562.3,30466.4,30549.6
1653896700000,30548,30589.9,30539.9,30563.5
1653897600000,30563.8,30595.5,30499,30520.9
1653898500000,30518.9,30655.8,30517.6,30627.7
1653899400000,30634.9,30648.9,30583.9,30612.4
1653900300000,30606.8,30670.1,30589.5,30654.5
1653901200000,30651,30705.4,30520,30540.9
1653902100000,30541.3,30616.5,30520.2,30606.8
1653903000000,30607,30664,30566.3,30585.5
1653903900000,30585.8,30657.6,30584.6,30634.6
1653904800000,30629,30679.5,30492.4,30536.2
1653905700000,30533.8,30572.4,30517,30543.3
1653906600000,30542.7,30588.9,30486.3,30565.6
1653907500000,30565.6,30572.3,30514.8,30521
1653908400000,30521.4,30569.4,30511.6,30558.8
1653909300000,30561.5,30627,30542.3,30607.4
1653910200000,30606.8,30627.3,30576.1,30584.5
1653911100000,30584.1,30683.9,30541.3,30581.5
1653912000000,30581.5,30771.1,30570.3,30677.1
1653912900000,30677.2,30833.7,30378.6,30389.1
1653913800000,30389.4,30441.5,30271.2,30355.6
1653914700000,30354.9,30493.7,30325.1,30451
1653915600000,30449.7,30483.1,30263.1,30266.6
1653916500000,30270.4,30303.1,30181.6,30266.4
1653917400000,30267.2,30353.6,30240,30323.6
1653918300000,30324.6,30553.2,30319.3,30436
1653919200000,30434.2,30759.2,30412.3,30522.4
1653920100000,30518.8,30740.3,30505.7,30586.4
1653921000000,30585.9,30731.5,30365.7,30377.3
1653921900000,30378.1,30515.9,30364.8,30386.7
1653922800000,30386.6,30618.2,30375.4,30504.8
1653923700000,30504.8,30607,30425.6,30508.2
1653924600000,30508.2,30639.9,30441.9,30540.5
1653925500000,30540.5,30671.9,30515.9,30581.6
1653926400000,30581.6,30603.3,30544.1,30553.7
1653927300000,30553.7,30682.8,30524.6,30596.6
1653928200000,30596.6,30709.9,30546.9,30581.3
1653929100000,30581.3,30738.7,30501.7,30535.7
1653930000000,30535.7,30675,30506.3,30585.2
1653930900000,30585.2,30786.1,30563.8,30685.9
1653931800000,30685.9,30814,30643.5,30702.4
1653932700000,30742.5,30814.7,30627.9,30738.8
1653933600000,30738.8,30749.6,30654.1,30654.1
1653934500000,30654.1,30735.3,30591.1,30632.5
1653935400000,30632.5,30632.5,30605.1,30630.8
1653936300000,30632.4,30656.9,30623.5,30638.3
1653937200000,30638.3,30698.1,30624.4,30698.1
1653938100000,30698.1,30698.1,30667.9,30670.4
1653939000000,30669.9,30771.3,30654.9,30654.9
1653939900000,30654.9,30654.9,30503.6,30563
1653940800000,30562.1,30687.1,30484.6,30678.4
1653941700000,30677.8,31329.9,30677.8,31229.9
1653942600000,31229.9,31301.6,31021.1,31162.7
1653943500000,31162.9,31307.1,31057.9,31298.2
1653944400000,31218.6,31434.5,31151.2,31259.4
1653945300000,31258.9,32125.5,31254.3,31602.4
1653946200000,31602.5,31739.2,31504,31514.9
1653947100000,31514.8,31772.1,31503.4,31725.7
1653948000000,31721.8,31823.2,31543.1,31561.4
1653948900000,31561.2,31605,31446.7,31586.3
1653949800000,31586.4,31648.5,31524.2,31625.7
1653950700000,31625.6,31687.8,31593.1,31686.2
1653951600000,31687.8,31809.9,31550.1,31787
1653952500000,31787.6,31797.2,31681.7,31726.3
1653953400000,31726.2,31727.8,31639,31688.3
1653954300000,31688.6,31701.8,31605.5,31654.8
1653955200000,31655.5,31778.7,31575.9,31576
1653956100000,31575.9,31590.9,31535.8,31582.7
1653957000000,31582.2,31584.2,31497.8,31509.1
1653957900000,31509,31520.8,31377.3,31494.4
1653958800000,31494.6,31507,31445.9,31476.7
1653959700000,31476.8,31502.7,31419.5,31490.7
1653960600000,31489.1,31539.8,31375.1,31442
1653961500000,31442,31489.9,31442,31482.9
1653962400000,31481.2,31547.1,31447.7,31544.1
1653963300000,31544.8,31585.5,31532,31585.5
1653964200000,31583.9,31591.7,31521.3,31544.3
1653965100000,31544.2,31634.6,31544.2,31618
1653966000000,31616.9,31737,31614.8,31735.4
1653966900000,31735.4,31739.5,31583.3,31593.6
1653967800000,31593.4,31617.3,31548.8,31617.3
1653968700000,31617.2,31744.1,31605.5,31691.9
1653969600000,31691.6,31725.4,31657.8,31720
1653970500000,31719.5,31726.2,31660.5,31673.3
1653971400000,31673,31703.4,31576.1,31587
1653972300000,31587.2,31633.8,31585.3,31610.3
1653973200000,31610.7,31627.3,31548.7,31586.7
1653974100000,31586.5,31657.7,31583.9,31645.4
1653975000000,31644.3,31657.6,31577,31586.8
1653975900000,31586.1,31616.9,31564.5,31567.8
1653976800000,31567.7,31575.4,31533.5,31551.8
1653977700000,31551.2,31563.4,31450.8,31485
1653978600000,31484.2,31498.1,31384.9,31481.7
1653979500000,31482,31493.8,31359.3,31413.2
1653980400000,31414.1,31474.4,31401.6,31461.3
1653981300000,31461.2,31499.6,31429,31493.1
1653982200000,31493.4,31502.7,31471.5,31489.2
1653983100000,31489.3,31583,31435.7,31511.8
1653984000000,31511.8,31598.5,31494.6,31539.2
1653984900000,31536.9,31710.7,31536.9,31599.4
1653985800000,31599,31602.1,31559.1,31576.4
1653986700000,31576.2,31700.8,31549.2,31654.3
1653987600000,31654.3,31654.3,31447.8,31517.6
1653988500000,31516.9,31517.6,31440.7,31502.8
1653989400000,31506.2,31520.3,31429.9,31435
1653990300000,31432.9,31481.7,31425.5,31464.7
1653991200000,31464.9,31531.5,31435.8,31531
1653992100000,31530.8,31571.1,31518.6,31547.3
1653993000000,31548.6,31710.4,31541.4,31592
1653993900000,31592.1,31715.8,31571.2,31601.8
1653994800000,31601.8,31824.5,31583.3,31670.6
1653995700000,31670.6,31844,31641.5,31752.2
1653996600000,31752.2,31758.1,31717.1,31758.1
1653997500000,31758.1,31871.3,31685.2,31706.4
1653998400000,31706.4,31706.4,31701,31701
1653999300000,31701,31732.7,31613.8,31657.4
1654000200000,31657.4,31657.4,31517.3,31532.9
1654001100000,31532.9,31549.2,31492.3,31528.3
1654002000000,31528.4,31657.3,31528.4,31657.3
1654002900000,31657.3,31833.2,31615,31769.1
1654003800000,31769.1,31778.1,31170.8,31272.3
1654004700000,31272.4,31464.1,31231.9,31309.1
1654005600000,31308.7,31443.9,31153.7,31330.5
1654006500000,31336.6,31603,31316.2,31426.7
1654007400000,31425.8,31668.3,31418.1,31591.5
1654008300000,31591.5,31723,31591.5,31620.8
1654009200000,31620.8,31746.5,31496.2,31532.4
1654010100000,31532.3,31671.3,31523.4,31592.4
1654011000000,31593.2,31825.3,31554.9,31723.4
1654011900000,31723.4,32192.8,31723.4,32099
1654012800000,32099,32252,31817.4,31817.4
1654013700000,31817.4,32143.2,31777,32029
1654014600000,32031.2,32417.9,31919,32236.2
1654015500000,32236.2,32330.6,32083,32208.1
1654016400000,32208.1,32229.4,32001.7,32080.8
1654017300000,32080.8,32080.8,31822.6,31903
1654018200000,31903,31978.3,31871.9,31896
1654019100000,31895.6,32170.9,31887.6,32066.4
1654020000000,32066.4,32191.9,32009.3,32037.5
1654020900000,32037.5,32174.6,31961.2,32016
1654021800000,32016,32072.3,31688.1,31725
1654022700000,31722.5,31840.7,31513.6,31596.3
1654023600000,31596.4,31637.2,31532.1,31619.1
1654024500000,31619.5,31698.8,31606.1,31626.6
1654025400000,31626.7,31695.1,31540.1,31540.8
1654026300000,31538.6,31717.6,31502.2,31542.7
1654027200000,31544,31763.2,31519.9,31649.2
1654028100000,31649.3,31658.4,31593.7,31640.2
1654029000000,31640.1,31667.7,31613.4,31623.4
1654029900000,31623.6,31715.9,31594.3,31715.9
1654030800000,31719.4,31739.3,31674.6,31701.1
1654031700000,31700.9,31721.2,31675,31682.4
1654032600000,31682.5,31723.4,31649.3,31661.8
1654033500000,31662.1,31688.8,31582.4,31624.7
1654034400000,31625.1,31680.8,31598.1,31616
1654035300000,31616.5,31756.3,31607.6,31717.2
1654036200000,31717.5,31759.8,31714.6,31750.3
1654037100000,31749.6,31804.7,31740,31784.4
1654038000000,31784.5,31806.6,31752,31762.3
1654038900000,31761.6,31807.1,31753.3,31796.1
1654039800000,31796.5,31845.1,31757.6,31761
1654040700000,31760.6,31823.9,31700.3,31719
