timestamp,open,high,low,close
1764547200000,90343.9,90415.2,88862.8,88919.8
1764548100000,88911.8,89071.3,88324.1,88360.8
1764549000000,88360.8,88425.9,87654,87731.8
1764549900000,87726.8,87765.8,86950.1,86974.6
1764550800000,86985.8,87678.8,86928.6,87394.8
1764551700000,87381.8,87729.8,87218.1,87259.9
1764552600000,87259.8,87583.8,87158.6,87402.6
1764553500000,87410.6,87455.1,87125,87156.4
1764554400000,87157,87487.8,87047,87388.1
1764555300000,87381.6,87449.9,87065.1,87084.8
1764556200000,87076.3,87141.8,86564.6,86809.8
1764557100000,86808.8,86836.8,86463.6,86708.8
1764558000000,86703.6,86789.8,86372.1,86386.6
1764558900000,86385.5,86600.8,86305.1,86365.2
1764559800000,86364.7,86432.8,86150.1,86425.7
1764560700000,86432.8,86460.8,86219.9,86337.8
1764561600000,86330.8,86341.8,85973.8,86029.8
1764562500000,86020.6,86052.8,85682.4,85717.4
1764563400000,85720.8,85998.8,85674.5,85879.8
1764564300000,85885.8,85906.8,85718.5,85785.1
1764565200000,85790.8,85915.7,85588.9,85744.4
1764566100000,85749.8,85994.8,85679.2,85980.7
1764567000000,85982.4,85998.8,85629.5,85732.1
1764567900000,85736.7,85992.8,85735.9,85986.4
1764568800000,85988.6,86265.8,85960.7,86254.6
1764569700000,86254.3,86259,86000.1,86052.5
1764570600000,86060.8,86275.8,85951.8,86267
1764571500000,86274.8,86340.8,86089.8,86220.4
1764572400000,86221.8,86263.8,86060.6,86147.5
1764573300000,86144.5,86280.8,86034,86235.8
1764574200000,86231.7,86483.8,86131.1,86455.7
1764575100000,86458.8,86559.8,86430.5,86533.4
1764576000000,86536.8,86641.6,86367.5,86451.6
1764576900000,86451.4,86637.8,86451.4,86607.8
1764577800000,86635.8,86783.8,86465.1,86770.9
1764578700000,86771.4,86868.8,86710.5,86849
1764579600000,86844.8,86923.8,86572,86612.6
1764580500000,86611.3,86766.8,86496,86580.6
1764581400000,86595.8,86833.8,86554.1,86818
1764582300000,86819.5,86889.8,86656.9,86689.8
1764583200000,86689.1,86800.8,86639.5,86643.6
1764584100000,86642.6,86676.8,86521.5,86561.4
1764585000000,86561.2,86652.8,86524.6,86609.8
1764585900000,86608.8,86682.8,86573,86621.5
1764586800000,86621.6,86682.8,86454.2,86460.9
1764587700000,86460.8,86520.8,86380.8,86439.5
1764588600000,86448.8,86468.8,86225.1,86243.9
1764589500000,86256.8,86349.4,86104.8,86113.3
1764590400000,86113.4,86210.8,85787.1,85841.3
1764591300000,85841.2,86032.8,85781.5,85813.9
1764592200000,85795.8,85853.7,85370.6,85441.8
1764593100000,85441.8,85510.8,84734.6,85388.2
1764594000000,85387.9,86111.8,85315.3,86027.2
1764594900000,86036.8,86116.8,85890.2,85956.1
1764595800000,85955.6,85998.5,85654.1,85753.4
1764596700000,85755.8,86090.8,85700.2,85956.7
1764597600000,85954.3,86307.8,85930.6,86217.8
1764598500000,86219.8,86261.8,85932.1,86227.1
1764599400000,86220.3,86653.8,85879.1,86018.4
1764600300000,86035.8,86301.4,85843.8,86026.1
1764601200000,86025.4,86109.9,85567.6,85584.8
1764602100000,85566,85719.8,84902.1,84925.8
1764603000000,84924.5,84951.8,83853.7,83903.1
1764603900000,83903.3,84867.8,83799.2,84648.1
1764604800000,84661.8,84824.8,84094.2,84108.5
1764605700000,84107.6,84645.8,84017.5,84526.4
1764606600000,84535.8,85430.3,84505.6,85107.7
1764607500000,85107.6,85164.8,84457.3,84514.6
1764608400000,84539.2,84972.4,84531.6,84555.8
1764609300000,84553.2,85037.8,84418.9,84969.5
1764610200000,84972.8,85187.8,84639,85182.8
1764611100000,85171.6,85248.8,84892.4,84912.1
1764612000000,84927.8,85501.8,84908.5,85411.8
1764612900000,85411.5,85538.8,85218.9,85270.8
1764613800000,85262.5,85314.8,84687.2,84748
1764614700000,84755.3,85278.7,84720.4,85171.9
1764615600000,85171.8,85281.8,84728.7,85006.7
1764616500000,85011.8,85066.8,84698.6,84712.5
1764617400000,84722.8,85049.8,84571.4,84712
1764618300000,84712.1,85085.8,84661.9,85009.8
1764619200000,85008.8,85809.8,84982.4,85525.4
1764620100000,85526.8,85559.8,85217.3,85243.8
1764621000000,85247.8,85452.8,85154.3,85440.6
1764621900000,85453.8,85528.4,85277.3,85497.8
1764622800000,85497.8,85886.8,85467,85638.8
1764623700000,85644.8,86353.8,85595.8,86136.1
1764624600000,86135.7,86483.8,86135.7,86419.8
1764625500000,86410.4,86453.8,86200.1,86426.4
1764626400000,86425,86811.9,86423.3,86496.5
1764627300000,86498.7,86650.9,86408.4,86432.4
1764628200000,86419.9,86705.4,86286.8,86629.9
1764629100000,86631.1,86857.6,86561.5,86573.7
1764630000000,86574.4,86750.8,86414.7,86432.8
1764630900000,86433.8,86736.3,86429.6,86721.6
1764631800000,86720.1,86817.8,86457.1,86483.6
1764632700000,86480.5,86494.8,86231.8,86255.3
1764633600000,86270.8,86558.4,86245.9,86302.8
1764634500000,86300.5,86410.8,86160,86316.5
1764635400000,86318.8,86483.8,86279.7,86333.8
1764636300000,86329.8,86654.8,86298.1,86499.8
1764637200000,86498.8,87310.8,86426.4,86754.8
1764638100000,86755.8,86851.8,86545.1,86719.2
1764639000000,86725.5,86820.8,86498.1,86534.7
1764639900000,86526.5,86587.8,86363.6,86435.8
1764640800000,86437.8,86591.8,86243.5,86545.8
1764641700000,86547.8,86836.8,86534.8,86655.5
1764642600000,86649.8,86836.8,86613.9,86744.1
1764643500000,86736.7,86790.8,86496.3,86518.9
1764644400000,86526.8,86622.8,86407.3,86600.8
1764645300000,86588.7,86602.8,86271.4,86335.2
1764646200000,86331.8,86942.7,86185.4,86927.3
1764647100000,86930.8,87076.8,86742.9,86958.8
1764648000000,86946.2,87211.8,86936.2,87066.7
1764648900000,87066.8,87251.8,86988.6,87001.2
1764649800000,87000.7,87037.8,86875.1,86907.9
1764650700000,86920.8,87010.8,86875.6,86947.4
1764651600000,86947.3,87102.8,86789.7,86983.1
1764652500000,86987.2,87023.8,86881.4,86893.8
1764653400000,86890.3,86957.8,86839.7,86921
1764654300000,86928.8,87050.8,86916.1,86989.8
1764655200000,86992.8,86992.8,86861.2,86938.6
1764656100000,86950.8,86974.8,86834.1,86900.8
1764657000000,86896.1,87161.8,86886.1,87117.6
1764657900000,87117.5,87151.8,87059,87072.8
1764658800000,87074.8,87101.8,86874.8,86920.8
1764659700000,86909.1,86981.8,86855.1,86893.5
1764660600000,86892.9,87009.8,86885.4,86989.6
1764661500000,86991.8,87051.8,86962,86993.8
1764662400000,86991.4,87037.8,86658.1,86746.8
1764663300000,86740.6,86771.8,86421.6,86473.2
1764664200000,86475.8,86701.8,86358.1,86452.8
1764665100000,86444.9,86639.8,86359.6,86433.1
1764666000000,86449.8,86874.6,86429.2,86625.8
1764666900000,86634.8,86981.3,86531.4,86854.8
1764667800000,86856.8,86856.8,86621.1,86643.8
1764668700000,86644.8,86774.8,86593.3,86750.8
1764669600000,86753.8,86941.4,86730.1,86888.8
1764670500000,86888.8,86925.8,86761.2,86774.9
1764671400000,86775,87048.8,86769.3,87046.1
1764672300000,87031.3,87565.8,87031.3,87263.8
1764673200000,87255.8,87360.4,86988.1,87059.1
1764674100000,87059.3,87406.8,86969.1,87406.8
1764675000000,87397.3,87445.9,87291.7,87315.8
1764675900000,87314.8,87584.8,87296.6,87338.7
1764676800000,87339.9,87512.8,87280.8,87419.6
1764677700000,87424.1,87474.8,87321.4,87440.3
1764678600000,87440.8,87542.8,87204.3,87321.8
1764679500000,87307.2,87353.8,87189.2,87251.8
1764680400000,87244.7,87311.8,87024.3,87147.8
1764681300000,87137.2,87421.6,87137.2,87308.8
1764682200000,87306.8,87550.8,87281,87458.1
1764683100000,87460.8,87867.2,87445.2,87715.8
1764684000000,87714.8,88463,87577.3,88330.8
1764684900000,88305.6,88789.1,88235,88662.2
1764685800000,88644.5,88893.9,88378.6,88823.1
1764686700000,88804.8,89269.8,88748.1,89268.9
1764687600000,89268.4,90886.6,89235.2,90622.6
1764688500000,90659.2,90844.9,90109.1,90118.7
1764689400000,90123.2,90769.5,89901.4,90506
1764690300000,90508.3,91184.8,90506.6,90847.8
1764691200000,90831.3,91257.4,90756.5,90857.1
1764692100000,90854.7,90894,90185.6,90282.9
1764693000000,90242.7,90862.9,90223.3,90544.8
1764693900000,90543.3,91113.4,90514.4,90756.8
1764694800000,90743.8,91151.9,90706,90934.3
1764695700000,90973.6,91994.4,90913.5,91755.8
1764696600000,91732.6,91964.9,91574.5,91703.8
1764697500000,91726.3,91736.4,91383.8,91438.8
1764698400000,91441.8,91856.1,91384.5,91825.4
1764699300000,91805.8,92214.9,91732.8,91917.2
1764700200000,91924.3,92221.9,91788.6,91928.9
1764701100000,91894.1,92055.1,91743.6,91959.4
1764702000000,91937.8,92234.9,91911.2,92046.1
1764702900000,92047.1,92124.9,91889.7,92022.9
1764703800000,92000.8,92320.4,91976.8,92130.8
1764704700000,92127.8,92155.9,91866.6,91883.8
1764705600000,91886.8,91942.9,91534.8,91586.5
1764706500000,91575,91586.6,90959.2,91004.4
1764707400000,90980.8,91172.6,90728.6,90955.5
1764708300000,90955.4,91190.3,90845.6,91046.6
1764709200000,91023.8,91310.9,90971.8,91263.2
1764710100000,91232.8,91503.4,91195.4,91450.3
1764711000000,91450.5,91537.4,91307.6,91507.4
1764711900000,91507.5,91655.4,91425.2,91598.1
1764712800000,91589.2,91924.9,91527.1,91873.4
1764713700000,91876.5,91907.9,91653.8,91656.8
1764714600000,91647.7,91956.4,91580.9,91815
1764715500000,91834.5,91998.4,91726.6,91992.4
1764716400000,91990.4,91990.4,91837.2,91868.8
1764717300000,91861.7,91934,91611.8,91696.9
1764718200000,91701,91708.4,91395.7,91460.9
1764719100000,91462.4,91477.9,91258.8,91283.5
1764720000000,91266.8,91544.4,91164.8,91329.9
1764720900000,91330.4,91510.5,91109.5,91173.8
1764721800000,91171.8,91496.4,90981.8,91473.8
1764722700000,91495.4,91765.4,91377.6,91654.8
1764723600000,91652.8,91857.3,91449.9,91698.6
1764724500000,91716.5,91976.7,91618.8,91889.8
1764725400000,91870.1,92009.5,91816.5,91972.2
1764726300000,91979.9,92458.4,91934.8,92254.9
1764727200000,92232.8,92894.5,92135.1,92849.6
1764728100000,92885.4,93054.9,92578.6,92773.6
1764729000000,92773.3,92826.9,92571.9,92669.4
1764729900000,92649.8,92847.9,92319.2,92780.8
1764730800000,92781.8,93079.5,92569.6,92725.1
1764731700000,92752.1,92855.9,92605.1,92825.2
1764732600000,92820.8,92847.2,92657.6,92734.4
1764733500000,92713.8,92791,92611.6,92649.1
1764734400000,92626.8,92999.4,92602.9,92877.8
1764735300000,92864.8,93225.7,92726.6,92822.8
1764736200000,92821.8,93142,92784,92964.6
1764737100000,92960.4,93442.5,92875.3,93337.1
1764738000000,93344.8,93571.4,93189.8,93333.9
1764738900000,93285.7,93419.4,93103.7,93312
1764739800000,93354.9,93653.4,93229.8,93429.4
1764740700000,93405.8,93656.4,93355.5,93645.9
1764741600000,93625.8,93868.9,93543.6,93660
1764742500000,93662.1,93959.9,93646.8,93918.8
1764743400000,93913.8,93942.3,93260.7,93308.1
1764744300000,93313.8,93452.4,93134.8,93431.9
1764745200000,93417.8,93476.4,93191.9,93216.4
1764746100000,93191.8,93218.9,92851.8,93017.8
1764747000000,93021.8,93129.2,92933.6,93064.4
1764747900000,93080.8,93102.4,92878.4,92982.8
1764748800000,92998.9,93188.9,92875.5,92968.8
1764749700000,92970.8,93007.4,92810.2,92889.5
1764750600000,92912.1,93005.7,92723.1,92836.3
1764751500000,92804.8,92937.1,92666.8,92753.8
1764752400000,92752.8,92985,92690.8,92984.9
1764753300000,92989.6,92991.9,92770.7,92943.9
1764754200000,92943.4,92962.4,92745.8,92880.8
1764755100000,92908.6,93215.4,92857.1,93191.9
1764756000000,93190.9,93193.9,93002.1,93140.7
1764756900000,93140.4,93396.9,93114.4,93224.8
1764757800000,93226.9,93226.9,92836.7,92952.4
1764758700000,92927.8,93080.2,92842.1,92953
1764759600000,92952.9,93031.3,92728.4,92768.8
1764760500000,92772.8,93046.7,92671.7,93018.2
1764761400000,92999.8,93073.5,92826.9,92925
1764762300000,92933.4,93058.4,92901.1,93018.8
1764763200000,93017.9,93109.5,92787.4,92894.9
1764764100000,92866.8,92943.4,92680.1,92720.8
1764765000000,92719.8,92902.4,92670.7,92841.8
1764765900000,92845.8,92995.4,92778.9,92937.3
1764766800000,92942.9,93099.9,92865.8,92914.8
1764767700000,92944.3,93151.2,92890.6,93024.6
1764768600000,93028.9,93223.4,92910.6,93218.3
1764769500000,93211.5,93264.9,93055.2,93149.4
1764770400000,93118.6,93168.9,91696.1,92039.5
1764771300000,92041.4,92581.2,92007.2,92532.3
1764772200000,92533.8,93681.5,92129.5,93516.4
1764773100000,93517.4,93531,92338.9,92339
1764774000000,92374,92995.8,92165.8,92261.1
1764774900000,92264.4,92502.4,91934.6,92329.6
1764775800000,92329.7,92776.1,92234.8,92372.4
1764776700000,92375,92674.3,92307.8,92385.2
1764777600000,92360.8,92475.4,91778.1,92019.8
1764778500000,92042.9,92306.3,91978.8,92289.5
1764779400000,92261.8,92746.4,92250.6,92724.8
1764780300000,92720.8,92748.9,92209.1,92237.8
1764781200000,92243.4,92646.4,92186.8,92608.6
1764782100000,92614.8,92711.7,92196.8,92487.8
1764783000000,92505.6,92881.1,92491.8,92742.8
1764783900000,92741.8,93050.9,92672.2,92972.2
1764784800000,92940.8,93511.5,92939.5,93438.4
1764785700000,93409.8,93457,92895.8,93115.6
1764786600000,93090.8,93214.3,92954.1,93125.8
1764787500000,93119.8,93149.8,92360.1,92623.5
1764788400000,92623.7,92844.5,92560.1,92678.8
1764789300000,92679.8,92786.2,92516.8,92705.8
1764790200000,92704.8,92829.9,92607.1,92829.2
1764791100000,92842.1,93104.3,92778.7,93007.8
1764792000000,93040.1,93158.9,92823.8,92969.6
1764792900000,92969.6,93122.4,92869.8,93026.1
1764793800000,93013.8,93224.5,92955.4,93170.7
1764794700000,93146.4,93397.5,92857.8,92962.3
1764795600000,92963.2,93127.7,92841.6,93068.4
1764796500000,93062.6,93345.9,92998.1,93293.4
1764797400000,93294,93509,93241.1,93476.8
1764798300000,93477.8,93784.3,93355.9,93691.8
1764799200000,93702.9,93829.9,93445.1,93707.2
1764800100000,93707.1,93721.6,93380.3,93422.7
1764801000000,93422.2,93745,93317.2,93601
1764801900000,93590.6,94182.4,93590.6,93797.8
1764802800000,93801.7,94108.5,93681.1,93752.8
1764803700000,93791.1,93804.1,93576.6,93647.8
1764804600000,93648.8,93675.8,93436.8,93539.9
1764805500000,93538,93672.5,93394.8,93455.5
1764806400000,93452.7,93505.9,92959.8,92959.8
1764807300000,92968.2,93134.4,92723.6,92850.9
1764808200000,92845.9,93097.8,92671.8,93068.1
1764809100000,93065.3,93168.8,92896.4,93067.7
1764810000000,93066.6,93736.2,92979.8,93682.8
1764810900000,93707.9,93763.1,93220.8,93392.3
1764811800000,93366.8,93567.2,93330.8,93460.7
1764812700000,93429.8,93488.2,93160.8,93209.9
1764813600000,93179.8,93718.1,93104.3,93660.8
1764814500000,93686.4,94051.4,93611.3,93793.8
1764815400000,93811.9,94002.3,93601.5,93842.1
1764816300000,93841.7,93999.5,93731.6,93923.8
1764817200000,93927.8,94078.7,93775.3,93796.5
1764818100000,93779.6,93819.3,93548.1,93598.8
1764819000000,93578.8,93642.2,93382.6,93459.8
1764819900000,93459.7,93621.6,93402.3,93544.2
1764820800000,93544.7,93592.4,93325.6,93470.4
1764821700000,93452.7,93529.5,93318.1,93395.7
1764822600000,93390.8,93527.5,93292.6,93363.2
1764823500000,93375.9,93391.3,93207.2,93340.8
1764824400000,93343.3,93380.5,93015.8,93184.8
1764825300000,93207.2,93273.3,92978.8,93216.4
1764826200000,93219.4,93226.4,92945.2,92957.8
1764827100000,92952.8,93012,92760.2,92957.8
1764828000000,92986.2,93078.8,92832.8,93014.8
1764828900000,93015.8,93251.7,92996,93189.7
1764829800000,93190.8,93382.8,93102.2,93113.8
1764830700000,93131.6,93213.4,92989.8,93161.8
1764831600000,93162.3,93180.5,92878.8,93072.4
1764832500000,93067.4,93181.9,92995.8,93104.5
1764833400000,93104.6,93306.3,93087.4,93289.4
1764834300000,93288.9,93429.9,93187.5,93411.4
1764835200000,93411.5,93605.4,93029,93152
1764836100000,93150.1,93240.8,93078.8,93131.4
1764837000000,93130.4,93380.9,93027.1,93321.5
1764837900000,93343.2,93395.4,93111.6,93243.8
1764838800000,93239.8,93619.4,93239.8,93347.8
1764839700000,93349.8,93398.6,93219.8,93380.9
1764840600000,93353.6,93514.6,93317.8,93456.6
1764841500000,93455.1,93620.9,93392.1,93435.8
1764842400000,93437.8,93568.2,93353.5,93399
1764843300000,93400.5,93414.3,93246.8,93292.8
1764844200000,93306.3,93390.9,93175.8,93263.6
1764845100000,93304.9,93390.1,93122.8,93242.8
1764846000000,93243.8,93318.9,93146,93217.8
1764846900000,93232.8,93253.9,92970.1,93008.4
1764847800000,92990.8,93035.6,92702.5,92820.1
1764848700000,92855.9,93001,92749.6,92906.9
1764849600000,92944.1,93044.2,92875.3,92953.6
1764850500000,92953.5,93024.6,92737.4,92849.8
1764851400000,92823.2,93178.6,92811,93054.9
1764852300000,93053.6,93188.7,92906.1,92952.5
1764853200000,92975.4,93055.9,92457.6,92507.1
1764854100000,92511.5,92863.1,92511.5,92750.2
1764855000000,92790.6,92946.2,92618,92711
1764855900000,92732.4,92755.5,92394.6,92479.3
1764856800000,92496.6,92696.4,92447.7,92614.9
1764857700000,92658,92818.4,92560.3,92790.1
1764858600000,92790.8,92790.8,92358.2,92570
1764859500000,92581.8,92634.7,91769.1,91885.8
1764860400000,91883.7,92685,91859.6,92636.5
1764861300000,92641.9,92891,92311.8,92582.6
1764862200000,92571.8,93241.6,92408.4,93038.5
1764863100000,93036.5,93106.4,92697.8,92974.9
1764864000000,92974.5,93012,92439.7,92800.8
1764864900000,92804.5,93168.7,92753.9,92905.8
1764865800000,92914.6,92914.6,92432.1,92531.3
1764866700000,92531.2,92733.8,92227.1,92436.3
1764867600000,92435.8,92538,92051.6,92266.5
1764868500000,92267.1,92299.8,92026.7,92135.2
1764869400000,92135.1,92307.3,91718.5,91981.9
1764870300000,91947.1,92459.7,91832.6,92433
1764871200000,92436.8,92449.9,92145.9,92372
1764872100000,92384.1,92540.3,92130,92466.1
1764873000000,92465.6,92554.9,91920.2,91973.2
1764873900000,91976.9,92226.8,91909.9,92134.1
1764874800000,92135,92173.8,91286.5,91297.9
1764875700000,91284.8,91521.1,90864.5,91304
1764876600000,91300.2,91964.5,91253.9,91896.6
1764877500000,91896.2,92104.5,91803.4,91981.6
1764878400000,91981.1,92209,91667.9,92007.9
1764879300000,92007.8,92228.7,91860.8,92008
1764880200000,92008.1,92342.6,91942.8,92316.7
1764881100000,92316.1,92546.3,92267.8,92498.9
1764882000000,92496.5,92711.6,92329,92407.6
1764882900000,92406.6,92577.6,92295.1,92295.1
1764883800000,92304.5,92359.5,92186,92198.7
1764884700000,92225.8,92246.3,92073.8,92156
1764885600000,92156,92377,92155.5,92295.8
1764886500000,92300.7,92361.9,92144.3,92187
1764887400000,92198.2,92465.5,92187,92457.2
1764888300000,92461,92491.4,92327.3,92349.4
1764889200000,92349.3,92455.3,92213.7,92316.2
1764890100000,92316.6,92382.5,92190.8,92192.8
1764891000000,92217.5,92303.4,92038.2,92122.2
1764891900000,92099.8,92163.4,92041.6,92085.4
1764892800000,92085,92272.3,92055.8,92056.8
1764893700000,92083.2,92480.7,92059.8,92301.8
1764894600000,92300.8,92425.8,92249.8,92400.2
1764895500000,92403.1,92409,92204.2,92301.1
1764896400000,92301,92497.2,92215.8,92359.1
1764897300000,92359.9,92602.4,92337.3,92511.8
1764898200000,92507.6,92545.2,92334.6,92455.1
1764899100000,92454.9,92497.8,92301.9,92351.8
1764900000000,92351.7,92434.6,92226.3,92434.6
1764900900000,92421.9,92623,92375.5,92567.3
1764901800000,92567.2,92688.9,92429.2,92653.6
1764902700000,92653.5,92653.6,92465.4,92519.5
1764903600000,92519.8,92668.8,92456.2,92564.2
1764904500000,92565.9,92570.7,92313,92388.8
1764905400000,92390.8,92422.1,92294.8,92319.6
1764906300000,92319,92338.3,91953.8,92161.6
1764907200000,92161.6,92360.5,92091.1,92324
1764908100000,92324.6,92394,92125.9,92196.7
1764909000000,92196.6,92199.2,91841.8,91866.9
1764909900000,91855.3,92089.2,91779.6,92015.8
1764910800000,92015.7,92198.1,91986.7,92137.6
1764911700000,92137.5,92165.9,91893.6,91971.2
1764912600000,91966.8,92027,91851.7,92006.8
1764913500000,92007.8,92026.1,91860.8,91935.7
1764914400000,91935.8,92142.1,91871.1,92097.9
1764915300000,92097.7,92101.6,91982.8,92033.7
1764916200000,92033,92098.3,91918.8,92083.8
1764917100000,92082.8,92286.4,92061,92266.6
1764918000000,92266,92448.6,92176.2,92344.4
1764918900000,92344.5,92493.8,92304.8,92404
1764919800000,92438.8,92466.9,92253.1,92294.8
1764920700000,92291.8,92343.2,92183.6,92257.7
1764921600000,92263.4,92270.9,92046.4,92109.4
1764922500000,92094.9,92168.1,91978.8,92070.2
1764923400000,92070.5,92100.9,91870.7,92015.8
1764924300000,92024.3,92152.4,91987.5,92115.6
1764925200000,92115.5,92115.6,91802.1,91859.8
1764926100000,91825.7,91874.2,91280.8,91360.9
1764927000000,91332.8,91470.3,90956.1,91056.3
1764927900000,91043.3,91161.5,90974.4,91134.6
1764928800000,91142.4,91330.4,91058.4,91245.8
1764929700000,91248.3,91465.4,91196.6,91373.9
1764930600000,91373.4,91489.9,91262,91476.5
1764931500000,91477,91486,91244.1,91272.8
1764932400000,91271.8,91543.1,91205.1,91508.8
1764933300000,91509.8,91546.8,91289.3,91384.1
1764934200000,91405.8,91428.4,91114.8,91151.1
1764935100000,91129.8,91410.9,91123.6,91331.8
1764936000000,91348.1,91433.4,91195.4,91270.4
1764936900000,91262.4,91356.9,91058.1,91211.8
1764937800000,91228.4,91303.4,91109.1,91186.9
1764938700000,91160.8,91273.7,91122.8,91255.5
1764939600000,91237.8,91360.2,91053.1,91115
1764940500000,91115,91134.3,90587.6,90812.8
1764941400000,90789.9,90942.4,90291.9,90430.9
1764942300000,90436.9,90703.6,90244.1,90486
1764943200000,90470.2,90762.2,90439.8,90512.5
1764944100000,90512.4,90542.7,90295.1,90430.8
1764945000000,90431.8,90717.4,89902.9,90179.1
1764945900000,90178.9,90508.4,89943.4,90296.4
1764946800000,90274.8,91472,90274.8,90996.7
1764947700000,91026.8,91222.2,90830,91213.1
1764948600000,91227.9,91381,90893.9,91011.8
1764949500000,91030.5,91138,90242,90446.8
1764950400000,90447.8,90502.9,89224.2,89348.8
1764951300000,89372.5,89372.5,88887.1,89082.4
1764952200000,89083.3,89133.9,88078,88397.6
1764953100000,88353.6,89003.9,88316.9,88819.1
1764954000000,88806.8,89004.6,88598.8,88701
1764954900000,88691,89060.3,88658.8,88771
1764955800000,88779.4,89175.3,88673.7,89021.8
1764956700000,89032.5,89517.9,88946.6,89349.9
1764957600000,89330.3,89811.6,89233.8,89622.4
1764958500000,89597.8,89687.4,89197.6,89407.5
1764959400000,89389.8,89504.9,88994.8,89114.2
1764960300000,89115,89228.2,88902.8,88943
1764961200000,88923.8,89202.4,88807.6,89111.8
1764962100000,89131.7,89542.4,88998.1,89431.9
1764963000000,89416.8,89650.9,89313.5,89489.4
1764963900000,89458.7,89815.6,89337.1,89651.9
1764964800000,89645.1,89713.4,89340.1,89677
1764965700000,89676.9,89754.9,89484.7,89547.8
1764966600000,89578.6,89585.9,89263.2,89267.8
1764967500000,89266.8,89353.4,89156.6,89318.4
1764968400000,89292.8,89476.9,89255,89448.4
1764969300000,89444,89492.9,89339.6,89441.4
1764970200000,89441.9,89483.9,89215.9,89255.9
1764971100000,89262.5,89312.4,89067.2,89194.5
1764972000000,89188.4,89197.1,88919.9,88967.5
1764972900000,88971.3,89236.9,88968.9,89236.9
1764973800000,89232.9,89323.4,89063.4,89292.9
1764974700000,89293.9,89375.9,89222.2,89254.7
1764975600000,89198.8,89230.9,88950.9,89130.9
1764976500000,89136.9,89275.9,89081.5,89248.9
1764977400000,89248.5,89354.5,89239.4,89239.4
1764978300000,89235.5,89388.2,89204.4,89340
1764979200000,89341.9,89341.9,89040.7,89119.9
1764980100000,89120.9,89206.9,89065,89190.9
1764981000000,89189.6,89462.6,89173.5,89437.7
1764981900000,89432.4,89453.6,89359.1,89425.9
1764982800000,89427.9,89432.4,89307.4,89395.4
1764983700000,89390.9,89494.4,89360.2,89449
1764984600000,89443,89445.3,89209.3,89261.4
1764985500000,89261.8,89372.4,89224.3,89328.4
1764986400000,89329.3,89336.9,89181.4,89297.5
1764987300000,89298.9,89355.4,89224.9,89278.9
1764988200000,89283.4,89310.4,89211,89250.4
1764989100000,89248.9,89404.4,89243.9,89392.8
1764990000000,89397.9,89797.9,89392.6,89768.4
1764990900000,89766.9,89798.8,89548.6,89556.4
1764991800000,89552.3,89746.5,89529.3,89681.4
1764992700000,89682.9,89752.4,89634.8,89692.4
1764993600000,89693.3,89719.9,89521.4,89581.4
1764994500000,89579.9,89653.8,89538.9,89619.1
1764995400000,89621.4,89661.3,89552.4,89572
1764996300000,89575.3,89697.4,89573.6,89666.6
1764997200000,89666.5,89743.5,89665.9,89715.5
1764998100000,89714.5,89715.5,89562.4,89619.1
1764999000000,89609.9,89613,89521.4,89556.5
1764999900000,89558.6,89653.3,89520.8,89601.9
1765000800000,89599.9,89682.4,89521.1,89677.1
1765001700000,89671.4,89759.7,89619,89753.9
1765002600000,89753.1,89757.4,89642.9,89667.4
1765003500000,89664.4,89710.1,89637.4,89687.9
1765004400000,89692.9,89711.5,89632.4,89696.6
1765005300000,89693.8,89712.6,89582.4,89587.4
1765006200000,89587,89670.3,89462.5,89648.9
1765007100000,89647.3,89719.4,89526.1,89604.3
1765008000000,89574.8,89630.3,89515.5,89560.9
1765008900000,89533.8,89659.1,89240.2,89300.5
1765009800000,89300.4,89434,89181.2,89394.9
1765010700000,89358.6,89410.3,89219.4,89287.9
1765011600000,89292.9,89563.2,89236.2,89482.8
1765012500000,89487.8,89660.7,89456,89642.4
1765013400000,89642.9,89673.5,89468.6,89611.8
1765014300000,89640.9,89678.2,89534,89585.1
1765015200000,89585,89614.5,89457.6,89590
1765016100000,89593.3,89686.5,89500.2,89542.4
1765017000000,89538.4,89594.5,89474.1,89581.4
1765017900000,89581.9,89582,89437.6,89517
1765018800000,89465.7,89589.2,89457.8,89506.5
1765019700000,89504.5,89609.8,89482.8,89584.9
1765020600000,89583.6,89729.3,89536.6,89690.4
1765021500000,89691,89729.7,89585.8,89597.1
1765022400000,89591.8,89646.5,89544.4,89586.6
1765023300000,89586.6,89639.6,89535.2,89600.8
1765024200000,89601.8,89659.1,89547.2,89607.8
1765025100000,89612.8,89634.7,89536.9,89586.4
1765026000000,89591.4,89631.9,89549.6,89575.6
1765026900000,89570.9,89699,89556,89666.8
1765027800000,89688.6,89787.5,89608.1,89786.3
1765028700000,89770.8,89788.9,89614.9,89669.3
1765029600000,89669.9,89744.3,89621.1,89701.7
1765030500000,89705.1,90281.9,89704.7,89896.7
1765031400000,89896.9,90090.5,89876.9,90068.9
1765032300000,90069.9,90195.8,89971.9,89992.8
1765033200000,90019.9,90048.4,89794.6,89849.8
1765034100000,89826.8,89850.4,89455.6,89600.4
1765035000000,89600.8,89911,89535.9,89878.8
1765035900000,89879.4,89959.4,89700.3,89766.2
1765036800000,89744.8,89984.4,89710.9,89903.7
1765037700000,89943.4,89986,89826,89890.9
1765038600000,89890.4,89928.9,89760.9,89834.9
1765039500000,89830.4,89841.9,89644.4,89719.9
1765040400000,89715.9,89784.9,89588.6,89706.9
1765041300000,89707.1,89839.4,89607.7,89804.8
1765042200000,89803.4,89812.8,89614.2,89676.8
1765043100000,89676.9,89726.7,89580.3,89722.9
1765044000000,89700.8,89776.9,89588.6,89774.4
1765044900000,89773.9,89789.9,89666.1,89765.9
1765045800000,89723.6,89764.1,89613.6,89661.2
1765046700000,89656.5,89660,89488.7,89656.9
1765047600000,89661.3,89763.1,89322.4,89488.1
1765048500000,89488.1,89589.4,89380.8,89538.8
1765049400000,89564.9,89569.9,89256.4,89450.4
1765050300000,89425.8,89490.9,89353.6,89420.4
1765051200000,89420.9,89514.9,89283.6,89407.3
1765052100000,89356.8,89465.8,89356.8,89423.3
1765053000000,89422.6,89565.4,89389.5,89514.9
1765053900000,89554.4,89567.9,89465.6,89555.3
1765054800000,89549.9,89625.9,89445.6,89479.8
1765055700000,89500.4,89529.3,89368.6,89446.4
1765056600000,89446.9,89577.4,89375,89456.8
1765057500000,89480.3,89515,89391.9,89441.9
1765058400000,89441.9,89520,89278.1,89495.8
1765059300000,89512.4,89543.9,89314.3,89342.8
1765060200000,89367.7,89441.4,89312.1,89333.8
1765061100000,89330.8,89379.3,89228.1,89274.8
1765062000000,89295.9,89338.9,89021.8,89129.6
1765062900000,89133.6,89222.9,88894.1,89028.4
1765063800000,89036.6,89175.2,88964.1,89108.9
1765064700000,89107.4,89269.8,89077.8,89242.9
1765065600000,89219.8,89392.2,89138.6,89204.9
1765066500000,89211,89378.2,89152.6,89369.4
1765067400000,89365.3,89574.9,89323.8,89474.6
1765068300000,89491.8,89530.9,89363.8,89409.1
1765069200000,89408.7,89533.3,89387.8,89500.4
1765070100000,89480.8,89582.6,89398.8,89463.4
1765071000000,89466.3,89499.9,89347.8,89366.6
1765071900000,89407.9,89461.7,89282.7,89310.1
1765072800000,89312.6,89438.5,89274.4,89356.8
1765073700000,89376.3,89514.7,89347.8,89453.9
1765074600000,89431.8,89470.6,89353.6,89437.8
1765075500000,89413.6,89695.4,89413.6,89634.4
1765076400000,89630.4,89656.4,89519.1,89598.6
1765077300000,89600.5,89618.3,89535,89585.9
1765078200000,89586.3,89739.9,89545.8,89701.9
1765079100000,89684.8,89750.9,89647.7,89708.8
1765080000000,89734.4,89795.3,89641.9,89712.4
1765080900000,89708.4,89712.3,89590.8,89640.8
1765081800000,89612.8,89644.3,89465.1,89549.8
1765082700000,89569.3,89586.3,89487.3,89548.4
1765083600000,89543.9,89574.2,89397.6,89479.4
1765084500000,89474.1,89502.4,89392.6,89484.9
1765085400000,89482.2,89543.3,89435.4,89520.8
1765086300000,89500.1,89548.4,89434.3,89524.4
1765087200000,89479.6,89629.4,89477.8,89559.8
1765088100000,89591.6,89693.1,89510.1,89668.4
1765089000000,89673.4,89701.2,89618.9,89671.4
1765089900000,89670.4,89720.7,89557.7,89674.1
1765090800000,89717.9,89750.2,89409.4,89451.8
1765091700000,89478.8,89493.8,89294,89363.6
1765092600000,89361.1,89399.9,89180.2,89264.3
1765093500000,89261,89425.8,89178.6,89384.9
1765094400000,89346,89368.9,89180.6,89234
1765095300000,89232.1,89386.1,89159.2,89363.1
1765096200000,89362.4,89538.4,89313.8,89483.6
1765097100000,89474.4,89477.2,89256,89322.9
1765098000000,89324.4,89391.4,89255.3,89390.4
1765098900000,89389.4,89412.5,89075.7,89192.5
1765099800000,89191.9,89271.4,89135.1,89189.9
1765100700000,89188.4,89214.9,89018.1,89116.7
1765101600000,89120.4,89297.4,89071.3,89255.2
1765102500000,89255.1,89301,89158.5,89212.4
1765103400000,89212.2,89366.5,89074,89307.3
1765104300000,89305.3,89400.4,89201.4,89251.9
1765105200000,89253.5,89280.3,89151.5,89268.9
1765106100000,89265.7,89285.1,89138.7,89184.1
1765107000000,89184.9,89268.4,89174.6,89223.5
1765107900000,89225.9,89225.9,89115.3,89162.1
1765108800000,89165.4,89338,89089.4,89295.8
1765109700000,89303.4,89356.7,89178.7,89271.4
1765110600000,89274.3,89335.6,89234.8,89332.9
1765111500000,89333.4,89594.5,89311.8,89488.7
1765112400000,89489.1,89529.1,89265.9,89318.8
1765113300000,89341.3,89368.6,88671.6,88937.5
1765114200000,88938.1,89064.9,88834.4,88973.4
1765115100000,88935.1,89104.9,88874.8,89053.2
1765116000000,89027.8,89114.8,88764.6,88768.1
1765116900000,88770.6,88876.8,87820.1,87938.4
1765117800000,87942.9,88385.7,87690.2,88251.6
1765118700000,88253.9,88383.6,88057.1,88207.1
1765119600000,88201.3,89055,88142.5,88861.8
1765120500000,88860.8,88972.9,88625.6,88754.8
1765121400000,88751.6,89085.7,88714.6,88930.3
1765122300000,88929.9,89718.9,88864.5,89561.6
1765123200000,89557.6,89558.4,89140.7,89191.4
1765124100000,89194.1,89465.1,89087.8,89337.4
1765125000000,89337,89569,89226.4,89469.9
1765125900000,89466.3,89896.2,89349.5,89896.2
1765126800000,89855.2,89932.6,89585.5,89845.1
1765127700000,89849.1,90751.3,89818.6,90698.6
1765128600000,90697.6,91282,90669.8,90845.8
1765129500000,90844.8,91135.9,90706.1,90961.9
1765130400000,90965.7,91482,90943.8,91331.9
1765131300000,91330.9,91688.3,91296.6,91587.4
1765132200000,91593.1,91763.6,91315.4,91378.4
1765133100000,91382.7,91531.8,91209.2,91332.3
1765134000000,91333.3,91542.7,91224.6,91493.4
1765134900000,91493.3,91535.3,91209.5,91273.6
1765135800000,91273.4,91411.7,91191.4,91380.4
1765136700000,91385,91423.8,91270.1,91386.6
1765137600000,91387.1,91468.5,91289.7,91369.7
1765138500000,91370.4,91489.4,91313.1,91447.9
1765139400000,91445.9,91517.1,91303.8,91466.8
1765140300000,91461.7,91500.9,91341.3,91400.7
1765141200000,91401,91439.7,91224.1,91266.6
1765142100000,91260.1,91296.4,90786,90841.3
1765143000000,90841.8,91026.7,90443.7,90496.6
1765143900000,90533.1,90555.2,89832.4,90191.6
1765144800000,90170.5,90198.8,88981,89385.9
1765145700000,89387.6,89754.8,89231.8,89705.9
1765146600000,89698.7,90244,89643,90081.8
1765147500000,90080.4,90193.1,89325.1,89607.7
1765148400000,89614.5,89822.9,89510.8,89744
1765149300000,89742.3,90086.3,89716.2,90036.8
1765150200000,90058.3,90060.5,89801.5,89907.8
1765151100000,89916.6,90481.4,89897.5,90375.6
1765152000000,90376.4,90414.6,90038.1,90060.8
1765152900000,90082.5,90290.9,89828.8,90253.5
1765153800000,90253.6,90614.3,90184.6,90278.8
1765154700000,90279.1,90468.9,90190.1,90358
1765155600000,90358.4,90775.3,90283.6,90689.4
1765156500000,90685.4,91258.8,90566.8,91126.8
1765157400000,91150.1,91696.1,91130.8,91262.8
1765158300000,91264.3,91279.9,90794.6,90895.8
1765159200000,90899.1,91039.4,90780,90963.8
1765160100000,90962.7,91109.8,90896.2,91038.9
1765161000000,91037.4,91243.2,90943.8,91183.1
1765161900000,91199.8,91447.6,91057.1,91344.8
1765162800000,91370.8,91427.5,91074.1,91162.8
1765163700000,91162.6,91386.9,91088,91239.8
1765164600000,91255.4,91296.2,90966.6,90996.8
1765165500000,90997.8,91142,90950.1,91058.8
1765166400000,91039.1,91178.2,90997.5,91095.8
1765167300000,91093.8,91349.8,91047.4,91254.9
1765168200000,91253.8,91480.6,91133.9,91202.8
1765169100000,91229.2,91305.5,91123,91271.8
1765170000000,91287.9,91287.9,91019.6,91074.4
1765170900000,91109.1,91376.9,91033.6,91288.4
1765171800000,91269.4,91444.2,91267.5,91323.8
1765172700000,91346.5,91422.2,91275,91337.5
1765173600000,91338.4,91445.4,91222.2,91345.1
1765174500000,91344.1,91451.5,91308,91424.7
1765175400000,91424.8,91610.4,91424.8,91554.8
1765176300000,91576.4,91649,91384.1,91442.8
1765177200000,91437.8,91540.6,91339.4,91420.8
1765178100000,91440.9,91728.8,91384.6,91681.2
1765179000000,91704.1,91865.9,91599.6,91629.6
1765179900000,91625.7,91659.9,91458.1,91546.8
1765180800000,91548.8,91607,91454.3,91576.8
1765181700000,91577.8,91719.1,91576.8,91688.8
1765182600000,91690.8,91838.4,91573.7,91825.5
1765183500000,91825.4,91940.5,91680.6,91817.9
1765184400000,91796.1,92284.6,91769.1,92040.1
1765185300000,92039,92081.4,91897.1,91986.4
1765186200000,91965.7,92062.4,91880.6,92006
1765187100000,92007,92007,91879.6,91923.4
1765188000000,91923.1,92093.4,91796.6,92014.8
1765188900000,92013.8,92062.3,91937.7,92045.7
1765189800000,92048.9,92201.1,91928.1,92200.5
1765190700000,92201,92218.4,92087,92114.8
1765191600000,92116.8,92159.4,91952.1,92108
1765192500000,92108.6,92185.9,92007.8,92021.8
1765193400000,92023.8,92036.4,91835.4,91909.8
1765194300000,91902.8,92002.5,91851.9,91947.8
1765195200000,91950.8,91988.3,91746.1,91763.8
1765196100000,91764.8,91905.2,91735.8,91846.8
1765197000000,91827.6,91923.2,91635.6,91714.2
1765197900000,91714.1,91839.1,91696.1,91750.8
1765198800000,91752.8,92110.3,91668.1,91778.6
1765199700000,91806.1,91861.4,91497.7,91620.9
1765200600000,91661.3,91684.8,91330.6,91621.5
1765201500000,91610.4,91724.5,91360.6,91432.5
1765202400000,91432.3,91603.3,91365.6,91514.1
1765203300000,91508,91564.1,91108.2,91341.8
1765204200000,91340.2,91755.1,90744.4,91475.6
1765205100000,91467.3,91679.4,90777.9,90810.4
1765206000000,90814.8,90992.8,90065.1,90212.7
1765206900000,90210.8,90508.4,89687.1,89941.4
1765207800000,89940.9,90189.5,89576.7,89685.6
1765208700000,89687.8,90257.5,89625.6,89944.9
1765209600000,89918.1,90069.7,89636.7,89928.3
1765210500000,89935.6,90382.7,89800.2,90258.6
1765211400000,90257.6,90463.8,90060.6,90241.6
1765212300000,90242.1,90265.7,89714.1,89970.8
1765213200000,89972.5,90232.4,89734.7,90131.2
1765214100000,90119.8,90215.4,89811.4,89922.1
1765215000000,89919.4,90102,89655.3,89814.3
1765215900000,89808.8,90333.9,89712.6,90218.5
1765216800000,90217.6,90428.9,90144.7,90308.5
1765217700000,90313.2,90515.3,90077,90132.8
1765218600000,90104.7,90415.4,89938.2,90377.5
1765219500000,90381.3,90514.2,89684.9,89898.8
1765220400000,89896.8,90191.7,89819.6,90053.2
1765221300000,90018.1,90189.7,89914.1,90077.8
1765222200000,90071.7,90314.4,90012.7,90147.8
1765223100000,90152.8,90364,90008.6,90084.7
1765224000000,90102.4,90487.4,90091.5,90338.8
1765224900000,90354.7,90631.9,90266.9,90455.6
1765225800000,90455.7,90617.1,90291.8,90604.9
1765226700000,90566.1,90913.9,90555.9,90757.6
1765227600000,90750.2,90979.1,90646.1,90722.9
1765228500000,90757.6,91054.8,90720.3,91011.8
1765229400000,91031.4,91253.4,91009.8,91161.9
1765230300000,91152.9,91362.9,91071,91272.6
1765231200000,91300.5,91370.9,90891.6,90982.4
1765232100000,90984.4,91057,90840.4,90972
1765233000000,90970.7,91056.4,90755,90763.6
1765233900000,90762,90935.9,90716.1,90828.1
1765234800000,90793.3,91014.4,90751.2,90769
1765235700000,90809,90873.6,90459.2,90680.8
1765236600000,90677.5,90783.6,90547.9,90623.7
1765237500000,90629.4,90644.4,90512.7,90601.4
1765238400000,90624.6,90765.6,90552.5,90712.1
1765239300000,90708,90846.4,90650.2,90650.2
1765240200000,90676.6,90676.6,90373,90406.6
1765241100000,90411.3,90510.2,90314.3,90355.7
1765242000000,90353.5,90506.5,90204.6,90443.4
1765242900000,90439.1,90562.3,90160.6,90184.3
1765243800000,90224.2,90252.9,89979.1,90011.1
1765244700000,90054.4,90100.7,89925.1,90019
1765245600000,90018.1,90250.1,89939.7,90084.6
1765246500000,90122.9,90357.5,90062.3,90261.9
1765247400000,90288.8,90337.7,90148.8,90212.8
1765248300000,90217.3,90312.9,90019.6,90027.1
1765249200000,90031.1,90152,89940.3,89947.8
1765250100000,89951.8,90103.4,89775.1,90035.1
1765251000000,90000.1,90406.4,89987.8,90317.1
1765251900000,90316.7,90438.7,90262.7,90367.7
1765252800000,90372.5,90507.8,90346.8,90439.8
1765253700000,90417,90489.4,90284.6,90367.9
1765254600000,90367.1,90388.7,89702.2,89883.7
1765255500000,89880.6,89958.4,89795.6,89903.8
1765256400000,89904.1,89959.8,89679.4,89782
1765257300000,89782.1,89884.4,89518.8,89823.1
1765258200000,89821.4,90191.7,89811.6,90068.1
1765259100000,90068.6,90170.3,89828.3,89858.8
1765260000000,89860.4,90111.5,89843.4,89959.4
1765260900000,89952.2,90040.7,89772.1,89839.6
1765261800000,89878.9,89941.1,89738.7,89901
1765262700000,89939.9,90230.2,89862.1,90149.2
1765263600000,90167.8,90292.2,90051.6,90074.6
1765264500000,90074,90429.6,90073.6,90363.5
1765265400000,90326.8,90511,90300.7,90432.6
1765266300000,90432.8,90514.1,90403.3,90446.2
1765267200000,90475.2,90538.8,90419,90463
1765268100000,90466.6,90590.1,90463.7,90477.9
1765269000000,90477.3,90511,90333,90483.9
1765269900000,90486.2,90596.6,90423.4,90456.8
1765270800000,90481.8,90490.2,90279.9,90429.3
1765271700000,90433.8,90464.4,90246.3,90263.8
1765272600000,90267.8,90352.9,90117.3,90162.2
1765273500000,90161.6,90219.3,90090.8,90120.8
1765274400000,90119.8,90215.2,90026.5,90147.5
1765275300000,90170.8,90204.8,90095.9,90153.4
1765276200000,90149.3,90335.4,89883.2,90085.9
1765277100000,90052.5,90293,89981.4,90256.8
1765278000000,90259.9,90349.1,90167.5,90230.8
1765278900000,90210.1,90295.5,90099.4,90246.2
1765279800000,90245.7,90284.9,90179.4,90237.6
1765280700000,90237.1,90384.6,90221.1,90344.1
1765281600000,90344,90448.6,90290.8,90314.3
1765282500000,90336.5,90673.4,90314.1,90543.8
1765283400000,90520.6,90643.2,90456.6,90591.5
1765284300000,90587.3,90652.3,90536.6,90539.6
1765285200000,90538,90608.7,90434.2,90458.1
1765286100000,90458.5,90714.8,90452.7,90659.7
1765287000000,90657.1,90823.9,90165,90165
1765287900000,90187.9,90428.6,90130,90389.1
1765288800000,90390.1,90628.6,90309.4,90370.7
1765289700000,90369.8,90432.4,90084,90244.5
1765290600000,90222.4,90564.2,89967.8,90050.6
1765291500000,90075.3,90355.2,90000.3,90318.2
1765292400000,90316.8,91247.4,90248.3,90557.9
1765293300000,90560.6,91281.8,90471.6,91119.7
1765294200000,91146.4,92080.3,90958.6,92054.6
1765295100000,92039.8,92872.3,91811.3,92665.4
1765296000000,92661.8,93518.1,92658,93413.8
1765296900000,93439.8,93699,93250.6,93343.4
1765297800000,93385.6,94261,93370.1,94234.4
1765298700000,94233.9,94483.4,93991.4,94147.8
1765299600000,94169.8,94600.9,94169.8,94226.1
1765300500000,94222.4,94261.8,93586.6,93740.8
1765301400000,93719,93938.2,93503.3,93780.7
1765302300000,93755.3,94024.6,93724.9,93917.5
1765303200000,93900.8,94041.9,93625.3,93925.6
1765304100000,93965.9,94175.8,93886.2,94109.8
1765305000000,94118.8,94162.8,93850.2,93895.2
1765305900000,93895.7,94002.4,93672,93907.8
1765306800000,93929,93981.8,93686.6,93898.4
1765307700000,93918.8,94078.8,93799.1,93958.3
1765308600000,93983.6,94192.8,93617,93734
1765309500000,93720.8,93951.9,93672,93765
1765310400000,93760.9,93850,93538.6,93648.4
1765311300000,93687.9,93703.6,92731.3,93036.6
1765312200000,93032.2,93267.9,92789.9,92989
1765313100000,93028,93246.3,92929.3,93079.1
1765314000000,93102,93238,92951.5,92959.6
1765314900000,92962.6,93177.8,92946.8,93073.6
1765315800000,93099.5,93156.4,92630.6,92682.9
1765316700000,92673.5,92775.6,92218.1,92653.6
1765317600000,92640.5,92907.3,92600.6,92651.2
1765318500000,92652.9,92710.9,92496.9,92503.9
1765319400000,92495.7,92993.1,92495.7,92941
1765320300000,92941.9,93034.5,92761.9,92873.2
1765321200000,92869.8,92869.8,92508.1,92548.1
1765322100000,92552,92880.3,92526.8,92831.1
1765323000000,92832.5,92977,92770,92914.6
1765323900000,92912.8,92934.8,92628.7,92675.7
1765324800000,92664.8,92763.5,92600,92692
1765325700000,92661.7,92687.8,92249.7,92489.4
1765326600000,92488.2,92572.9,92380.8,92450.8
1765327500000,92454,92531.4,92045.1,92092.5
1765328400000,92090.1,92289.4,92059.9,92223.8
1765329300000,92224.8,92397.3,92137,92241.8
1765330200000,92266.9,92268.9,91940.7,92212
1765331100000,92212.8,92364.1,92119.2,92278.7
1765332000000,92308.7,92308.7,91981.3,92228.9
1765332900000,92232.6,92573.9,92180.4,92463.9
1765333800000,92497.8,92515.2,92298.8,92349
1765334700000,92350.7,92506.7,92198.9,92482.8
1765335600000,92507.4,92558.2,92351.7,92428.3
1765336500000,92431.6,92456.8,92305.4,92372.4
1765337400000,92373,92505.9,92340.7,92423.1
1765338300000,92417.8,92516.2,92350.4,92397.8
1765339200000,92396.2,92524.9,92346.2,92453.2
1765340100000,92453.1,92654.4,92376,92421.8
1765341000000,92395.6,92640.4,92377.9,92527.2
1765341900000,92528.2,92614.9,92449,92551.1
1765342800000,92550.5,92640.9,92483.1,92596.2
1765343700000,92596.1,92730.2,92530.8,92547.9
1765344600000,92570.8,92648.5,92486.6,92600.8
1765345500000,92616.1,92636.9,92500.9,92518.9
1765346400000,92519.4,92595.9,92384.3,92576.6
1765347300000,92573.9,92587,92489.2,92545.3
1765348200000,92548.9,92687.8,92506.8,92651.1
1765349100000,92688.4,92749.4,92561.4,92660.6
1765350000000,92690.8,92703,92506.6,92566.8
1765350900000,92567.4,92606.4,92459.4,92554.6
1765351800000,92553.7,92724.2,92487.7,92626
1765352700000,92627.7,92790.9,92563.7,92790.9
1765353600000,92768.8,92791.9,92601.8,92652.1
1765354500000,92650.1,92744.8,92621.3,92642.1
1765355400000,92643.1,92740.6,92509.3,92567.3
1765356300000,92568.7,92671.9,92543.7,92566.6
1765357200000,92566.9,92668.1,92526.1,92565.2
1765358100000,92565.6,92608.4,92399.4,92442.6
1765359000000,92443.6,92593.1,92443.6,92570.2
1765359900000,92566.6,92945.7,92564.2,92883.4
1765360800000,92879.9,93221.6,92815.6,92975.8
1765361700000,92946.2,92989.7,92398.6,92424.9
1765362600000,92447.3,92447.3,92102.2,92180.1
1765363500000,92180.3,92385.8,92105.6,92232.2
1765364400000,92228.3,92436.4,92185,92322.8
1765365300000,92307.3,92368.2,92256.6,92337.5
1765366200000,92332.3,92379.2,91847.8,91973.8
1765367100000,91977.8,92139.6,91743.2,92120.4
1765368000000,92116.1,92214.8,92020,92031.5
1765368900000,92051.1,92101,91948.8,92017.2
1765369800000,92015.5,92117.6,91787.7,91922.9
1765370700000,91924.1,92057.4,91816.1,91986.2
1765371600000,91983.5,92088.5,91936.8,92038.3
1765372500000,92035.8,92222.6,91970.2,92106.9
1765373400000,92116.7,92178,91950.6,92030.5
1765374300000,92030,92093.9,91965,92089.2
1765375200000,92088.5,92110.3,91896.8,91977.3
1765376100000,91989.3,92079.4,91845.8,91933.8
1765377000000,91909.1,92093,91808.7,91898.3
1765377900000,91893.4,91969.7,91593.8,91835
1765378800000,91829.8,92139.8,91707.5,92088
1765379700000,92088.1,92133.4,91838.8,91939.4
1765380600000,91938.6,91999.9,91569.8,91857.8
1765381500000,91864.2,92083.2,91798.8,92060.8
1765382400000,92051.1,92264.3,91886.9,92235.4
1765383300000,92231.7,92583.6,92158.8,92470.9
1765384200000,92483.5,92490,92212.8,92359.4
1765385100000,92361,92404.2,92087.8,92168.9
1765386000000,92164.9,92250.6,92087.1,92230.2
1765386900000,92229.7,92510.8,92156.8,92313.9
1765387800000,92310.1,92444.9,92202.8,92437.3
1765388700000,92420.8,92495.2,92298.5,92389.3
1765389600000,92385.5,92492.9,92265.2,92396.8
1765390500000,92385.8,92436.4,91989.8,92240.1
1765391400000,92235.9,93045.8,92202.8,92575.3
1765392300000,92571.5,92805.9,92054.8,92495.7
1765393200000,92495.4,93209.2,91733.2,92998.8
1765394100000,92991.8,93163.4,92277.8,92462.4
1765395000000,92466.3,93192.3,92429.1,92586.8
1765395900000,92586.6,93099.9,92535.3,92952
1765396800000,92961.2,94264.6,92649,94253.8
1765397700000,94250.4,94473.8,93153.8,93588.4
1765398600000,93579.8,93827.5,93326.8,93707.3
1765399500000,93695.1,93831.9,92295.9,92437.8
1765400400000,92452.4,92630.1,91870.8,92259.8
1765401300000,92274.8,92579.9,92205.3,92373.8
1765402200000,92368.8,92655.3,92157.8,92471.9
1765403100000,92484.2,92787.2,92272.8,92370.3
1765404000000,92355.4,92708.3,92086.3,92199.6
1765404900000,92189.5,92465.4,91946.5,92334.3
1765405800000,92336.1,92669.2,92113.6,92535
1765406700000,92534.5,92632.1,92400.7,92506.8
1765407600000,92502.3,92599.5,92245.7,92308.8
1765408500000,92317.3,92345.4,92121.4,92128.1
1765409400000,92135.5,92171.8,91991.8,92000.3
1765410300000,91997.8,92065.1,91919.2,92016.5
1765411200000,92018.1,92082.1,91927.8,92018.7
1765412100000,92020.9,92030.5,91745.4,91761.3
1765413000000,91761.2,91790.4,91196.8,91287.5
1765413900000,91288.8,91433.9,91045.8,91391.9
1765414800000,91392.4,91411.6,90949.6,90989.1
1765415700000,90993.2,91110.9,90689.8,91080.2
1765416600000,91090.9,91291.1,90894.9,91000.3
1765417500000,91000.4,91017,90642.9,90684.7
1765418400000,90684.4,90684.4,90151.2,90239.4
1765419300000,90233,90373,89968.8,90083.1
1765420200000,90091.9,90222.2,89901.3,90070.9
1765421100000,90071.5,90163.4,89864,90069.2
1765422000000,90075.9,90079.1,89399.4,89631.1
1765422900000,89630.9,90018.5,89514.8,89731.7
1765423800000,89736.2,89877.9,89574.4,89820.3
1765424700000,89817.1,89906.4,89730.4,89881
1765425600000,89880.9,90079.3,89684.2,90051.4
1765426500000,90043.5,90112.8,89878.8,90028
1765427400000,90032.7,90165.4,89981.3,90110
1765428300000,90108.3,90482.6,90019.8,90438
1765429200000,90438.9,90440.9,90063.6,90099.5
1765430100000,90100.4,90358.2,90087.8,90265.1
1765431000000,90269.3,90295.4,90153.6,90218.2
1765431900000,90222.2,90340.9,90187.8,90307.7
1765432800000,90307.9,90307.9,90202.9,90258.9
1765433700000,90241.8,90257,89950.8,90104.4
1765434600000,90103.9,90441.4,90102.8,90307.9
1765435500000,90296.5,90342.7,90199.8,90292.7
1765436400000,90282.8,90328.6,90158.1,90208.7
1765437300000,90208.6,90296.4,90073.5,90122
1765438200000,90122.4,90239.8,90119.8,90175.9
1765439100000,90171.7,90271.4,90118.8,90270
1765440000000,90267.5,90270,89992.8,90060.8
1765440900000,90063.4,90209.7,90008.8,90114.5
1765441800000,90105.8,90119.9,89958.8,90025.8
1765442700000,90024.8,90251.2,89993.8,90194.4
1765443600000,90170.8,90289.4,90122.3,90264.8
1765444500000,90262.8,90476.4,90246.8,90416.8
1765445400000,90430.5,90521.1,90263.8,90337.6
1765446300000,90338.3,90371.9,90137.8,90237.5
1765447200000,90242.2,90353.8,90173.2,90330.8
1765448100000,90329.8,90343.2,90165.8,90269.4
1765449000000,90273.9,90288.9,90176.5,90203.4
1765449900000,90182.8,90356.1,90155.8,90302.8
1765450800000,90304.8,90429.4,90268.8,90332.8
1765451700000,90334.8,90395.1,90232.5,90269.1
1765452600000,90257,90338.2,90210.8,90235.8
1765453500000,90240.8,90269.7,90191.8,90226.8
1765454400000,90222.8,90291.6,90111.8,90166.8
1765455300000,90189.9,90347.4,90151.7,90293.8
1765456200000,90294.8,90389.3,90247.8,90282.5
1765457100000,90285.4,90285.4,89993.8,90030
1765458000000,90029.3,90129.6,89998.8,90042.4
1765458900000,90043.4,90122.7,89961.8,90048.8
1765459800000,90031.8,90129.6,89874.8,90025.8
1765460700000,90024.8,90166.7,89947.8,90097.6
1765461600000,90080.7,90164.6,89985.6,90153.8
1765462500000,90115.1,90263,90101.1,90141.9
1765463400000,90140.9,90486.3,89753.7,90265.4
1765464300000,90263.8,90345.3,89246.1,89512.1
1765465200000,89510.3,90219.3,89370.1,90116.4
1765466100000,90112.8,90640.2,89925.6,90233.8
1765467000000,90255.9,90282.7,89672.4,89785.4
1765467900000,89815.2,90040.5,89606.9,89838.4
1765468800000,89853.6,89992,89328.6,89368.9
1765469700000,89386.8,89673.1,89300.6,89524.5
1765470600000,89524.6,90050,89420.3,89923.3
1765471500000,89962.4,90184.4,89574.8,89738.5
1765472400000,89736.8,89918.6,89591,89843.8
1765473300000,89840.8,90268.9,89781.6,90080.4
1765474200000,90051.8,90254.2,89924.7,90044.8
1765475100000,90043.8,90158,89882.1,89948.2
1765476000000,89985.1,90417,89862.8,90303.8
1765476900000,90314.6,90495.3,90207.6,90333.8
1765477800000,90361.3,91151.6,90275.3,91126.4
1765478700000,91135.8,91197.7,90496.1,90689.1
1765479600000,90694.8,90917.6,90564.7,90778.6
1765480500000,90778.3,91190.4,90690.1,91125.3
1765481400000,91107.8,91552.9,91083.8,91354.8
1765482300000,91370.5,91473.3,90738.3,90825.4
1765483200000,90825.1,91500.5,90773,91370.2
1765484100000,91370.9,91448.5,90945.3,91068.4
1765485000000,91066.3,91649.7,91001.4,91565.4
1765485900000,91560.8,91849.8,91404.6,91775.8
1765486800000,91776.8,92587.8,91679.7,92437.8
1765487700000,92438.8,93194.8,92438.8,93163.8
1765488600000,93215.8,93567.1,92873.1,93153.6
1765489500000,93157.1,93255.6,92807.8,92866.7
1765490400000,92866.6,93225.3,92865.8,92958.4
1765491300000,92926.8,92986.5,92239.4,92352.9
1765492200000,92362.1,92717.8,92224.1,92416.4
1765493100000,92415.8,92469.2,92103.9,92361.8
1765494000000,92359.2,92698.5,92329.8,92510.7
1765494900000,92510.6,92683.7,92405.8,92522.6
1765495800000,92524.7,92813.3,92474.8,92751.3
1765496700000,92751.4,92808.1,92382.8,92516.3
1765497600000,92501.8,92600.5,92395.8,92425.2
1765498500000,92425.1,92673.8,92335.1,92378.8
1765499400000,92408.1,92451,92290.8,92294.8
1765500300000,92296.8,92403.8,91449.5,91561.4
1765501200000,91559.8,91914.1,91514.9,91825.6
1765502100000,91799.8,92180.5,91786.8,92111.2
1765503000000,92106.6,92326.9,92018.4,92143.8
1765503900000,92153.1,92277.3,92063.8,92153.6
1765504800000,92154.8,92505.3,91898.6,92415.2
1765505700000,92384.8,92450.1,92232.8,92410.3
1765506600000,92405.8,92514.2,92331.8,92426.8
1765507500000,92426.7,92745,92351.7,92570.8
1765508400000,92572.8,92772.4,92426.8,92445.8
1765509300000,92456.2,92469.4,92159,92238.7
1765510200000,92221.8,92422.5,92201.7,92372.9
1765511100000,92374.4,92397.1,92253.1,92284.3
1765512000000,92284.6,92356.2,92209.8,92241.1
1765512900000,92243.2,92259.6,92112.1,92196.7
1765513800000,92191.8,92266,92138.5,92259.8
1765514700000,92265.7,92478.8,92210.1,92392.1
1765515600000,92380.3,92512.5,92163.8,92190.8
1765516500000,92211.6,92302.4,92051.2,92113.3
1765517400000,92135.1,92347.9,92101,92311.9
1765518300000,92334.4,92490.9,92308.9,92434.2
1765519200000,92455.7,92707.3,92374.8,92688.6
1765520100000,92706.8,92730.7,92541.5,92614.9
1765521000000,92584.7,92614.6,92479.2,92580.4
1765521900000,92582.6,92597.3,92449.8,92523.7
1765522800000,92496.8,92573.6,92463.9,92522.5
1765523700000,92519.2,92525.5,92351.9,92366.8
1765524600000,92365.8,92526,92252.2,92435.5
1765525500000,92435.4,92473.5,92379.5,92448.7
1765526400000,92449.6,92494,92327.7,92407.7
1765527300000,92416.4,92449.2,92156.3,92261.6
1765528200000,92242.9,92276.5,92160.7,92204.8
1765529100000,92203.8,92338.1,92120.8,92338.1
1765530000000,92365.3,92387.7,92226.1,92326.8
1765530900000,92353.4,92394.4,92092.5,92119.9
1765531800000,92117.7,92255.6,92063.3,92162.8
1765532700000,92161.8,92562.7,92133.4,92535.2
1765533600000,92532.9,92645.9,92468.1,92547.8
1765534500000,92548.8,92570.4,92403.8,92451.4
1765535400000,92451.9,92494,92400.8,92417.2
1765536300000,92415.6,92588.8,92387.1,92490.4
1765537200000,92506.8,92506.8,92351,92381.8
1765538100000,92412.8,92412.8,92265.8,92353.8
1765539000000,92376.9,92429.5,92279.8,92386.6
1765539900000,92358.8,92433.1,92308.9,92404.7
1765540800000,92433.3,92433.3,92216.7,92259.2
1765541700000,92240.4,92304.1,92148.6,92169
1765542600000,92172.4,92256.2,92055.3,92111
1765543500000,92111.4,92428.3,92087.2,92410.7
1765544400000,92432.4,92432.4,92298.8,92361.8
1765545300000,92358.8,92524,92254.1,92263.8
1765546200000,92264.8,92382.2,92226.8,92288.3
1765547100000,92287.4,92419.8,92255.3,92295.8
1765548000000,92294.8,92322.1,92177.7,92186.1
1765548900000,92190,92358.6,92086.1,92126.8
1765549800000,92105,92616,91887.7,92441.4
1765550700000,92462.3,92671.3,92189.3,92419.6
1765551600000,92440,92461.6,91883.8,91956.1
1765552500000,91956.8,91997.8,90805.1,90847.1
1765553400000,90826.8,90960.6,90202.6,90513.8
1765554300000,90538.1,90750.8,89743.6,89927.9
1765555200000,89902.9,90066.8,89612.1,89938.3
1765556100000,89957.4,90441.5,89758.6,90388.8
1765557000000,90393.8,90410.9,89460.6,89657.7
1765557900000,89658.8,90178.3,89572.8,90057.3
1765558800000,90059.4,90424,89954.6,90357.3
1765559700000,90354.6,90646.4,89818.8,89818.8
1765560600000,89824.8,90281.8,89815.5,90204.6
1765561500000,90177.8,90331.2,89956,90078.4
1765562400000,90107.4,90506.2,90030.6,90288.9
1765563300000,90309.7,90583.1,90201.8,90567.8
1765564200000,90567.9,90682.4,90393.8,90454.7
1765565100000,90454.9,90665.9,90272.8,90353.8
1765566000000,90373,90409.9,89971.8,90018.8
1765566900000,90022.8,90387.9,90016.3,90205.4
1765567800000,90178.8,90306.9,90081.6,90118.8
1765568700000,90111.8,90250.1,90059.1,90200.6
1765569600000,90181.8,90280.8,90020.3,90044
1765570500000,90019.8,90279.2,89982.1,90001.8
1765571400000,90022.7,90186.5,89852.1,90133
1765572300000,90133.8,90346.9,90071.1,90221.6
1765573200000,90221.8,90349.5,90106.3,90293
1765574100000,90277.3,90300.9,90081,90194.2
1765575000000,90168.4,90319.3,90168.4,90280.9
1765575900000,90287.6,90309.4,90160.1,90193.1
1765576800000,90128.9,90410.9,90128.9,90344.3
1765577700000,90341.9,90396.8,90323.2,90341.4
1765578600000,90337.6,90376.4,90312.9,90340.4
1765579500000,90340.1,90354.5,90267.7,90354.3
1765580400000,90356,90403,90277,90402
1765581300000,90401.3,90403.6,90276.9,90316.2
1765582200000,90312.1,90377.2,90304,90366.8
1765583100000,90366.1,90368.2,90235.8,90272.8
1765584000000,90266.7,90444.1,90211.5,90349.8
1765584900000,90355.1,90412,90306.2,90313.8
1765585800000,90314,90339.8,90308.4,90339.2
1765586700000,90340.4,90353.8,90307.7,90323.2
1765587600000,90324.8,90363.2,90308.9,90326
1765588500000,90324.7,90350.2,90250.3,90330.4
1765589400000,90331.1,90333.4,90129.3,90146.6
1765590300000,90147.5,90237.9,90115.1,90232.2
1765591200000,90230.6,90323.4,90220.2,90291.4
1765592100000,90286.5,90323.1,90273.7,90313.4
1765593000000,90311.7,90315.2,90229,90272.3
1765593900000,90258.9,90286.5,90166.4,90232
1765594800000,90233.4,90293.5,90164.4,90293.3
1765595700000,90293.5,90360.1,90293.5,90342.6
1765596600000,90338.6,90473.3,90325.3,90413.9
1765597500000,90418.3,90432,90334,90348.2
1765598400000,90346.3,90367,90308.4,90313.9
1765599300000,90313.6,90369.9,90273.8,90332.6
1765600200000,90333.4,90405.8,90278.2,90388.3
1765601100000,90385.9,90426.7,90367.3,90381.8
1765602000000,90381.7,90400.2,90310.9,90383.9
1765602900000,90380.1,90391.7,90291.8,90361.6
1765603800000,90358.1,90370.5,90277,90285.1
1765604700000,90285.4,90350.6,90239.5,90347.5
1765605600000,90347.4,90369.1,90240.2,90321
1765606500000,90317.1,90322.8,90272.1,90284.9
1765607400000,90288.8,90356.9,90251.5,90344.2
1765608300000,90344.3,90384.6,90323.7,90359.4
1765609200000,90362.7,90372.9,90339.5,90341
1765610100000,90340.6,90397.2,90332.4,90332.4
1765611000000,90396.1,90409.4,90323.6,90363.7
1765611900000,90367.9,90373.9,90326,90338.2
1765612800000,90340.2,90363.5,90287.9,90363.5
1765613700000,90370.9,90585.9,90345.8,90512.1
1765614600000,90514.1,90522.3,90351,90425.1
1765615500000,90401.8,90564.6,90374.4,90441.8
1765616400000,90469,90519.6,90432.3,90493.4
1765617300000,90494.4,90494.4,90382.2,90382.2
1765618200000,90443.6,90506.2,90383.8,90470.9
1765619100000,90473.4,90525.8,90371.8,90432.9
1765620000000,90407.8,90509.3,90402.9,90488.1
1765620900000,90491.7,90538.8,90453.8,90514.7
1765621800000,90515.7,90648.6,90451.3,90615.6
1765622700000,90614.5,90620.9,90507.1,90601.7
1765623600000,90603.6,90620.3,90495,90528.8
1765624500000,90549.2,90549.2,90437.6,90465.9
1765625400000,90469.3,90469.3,90325.7,90369.5
1765626300000,90349.8,90441.3,90274.6,90353.8
1765627200000,90354.4,90498.2,90328.8,90444
1765628100000,90443.7,90448.7,90306.6,90343.5
1765629000000,90346.6,90458.1,90288.5,90316.8
1765629900000,90290.8,90375.1,90270.4,90364.4
1765630800000,90365.5,90431.5,90266.8,90328.8
1765631700000,90351.4,90470.9,90213.8,90242
1765632600000,90242.2,90322.6,90185.8,90253.5
1765633500000,90249,90328.7,90203.3,90271.4
1765634400000,90277.5,90352.4,90212.2,90316.4
1765635300000,90314.8,90314.8,89945.2,89966.1
1765636200000,89929.6,90315.1,89912.4,90185.1
1765637100000,90183.6,90245.3,90064,90096.8
1765638000000,90096.3,90310.4,90052.8,90172.2
1765638900000,90167.3,90197.3,90092.8,90128.8
1765639800000,90151.3,90192.4,90089.8,90120.5
1765640700000,90121.1,90130,90023.7,90084.8
1765641600000,90103.4,90279,90058.7,90202.9
1765642500000,90203.2,90215.6,90057.3,90089.4
1765643400000,90088.1,90127.6,90009,90072.5
1765644300000,90064.3,90175.9,90024.8,90104.4
1765645200000,90108.2,90115.9,89956.9,90087.5
1765646100000,90042,90122.9,89984.8,90030.1
1765647000000,90026.9,90118.3,89984.8,90113.6
1765647900000,90113,90113,90020.8,90071.6
1765648800000,90044.8,90199.9,90033.8,90167.8
1765649700000,90191.5,90195.3,90112.8,90148.8
1765650600000,90167.3,90189.3,90122.5,90160.5
1765651500000,90158.3,90167.8,90082,90137.2
1765652400000,90136.2,90189.3,90058.8,90188.3
1765653300000,90189.3,90200.4,90116.9,90144.4
1765654200000,90147.5,90247.4,90120.8,90232.8
1765655100000,90232.9,90238.9,90161.8,90206.4
1765656000000,90207.5,90226.4,90148.8,90173.6
1765656900000,90171.2,90171.2,90086.3,90163
1765657800000,90162.6,90190.3,90094.7,90161.2
1765658700000,90094.1,90204.3,90030.8,90077.8
1765659600000,90106.3,90125.1,89978.6,90017.3
1765660500000,90024.4,90046.3,89915.8,89988
1765661400000,89983.7,90091.1,89754.2,90069.9
1765662300000,90069.6,90207.9,90008.8,90191.5
1765663200000,90191.5,90265.5,89983.5,90076
1765664100000,90071.5,90155.7,90040.8,90119.5
1765665000000,90116.4,90263.5,90077.7,90176.5
1765665900000,90172.9,90224.2,90078.8,90125.8
1765666800000,90145.9,90201.6,90050,90197.6
1765667700000,90169.8,90238.2,90128.8,90213.9
1765668600000,90213.7,90278.4,90181.8,90222.8
1765669500000,90223.8,90303.6,90223.8,90253.6
1765670400000,90251,90297.1,90101.5,90294.8
1765671300000,90290.7,90344.3,90182.8,90317.6
1765672200000,90317.8,90481.6,90285.8,90476.2
1765673100000,90478.2,90492,90323.1,90356.4
1765674000000,90358,90430.5,90247,90388.4
1765674900000,90385.8,90460,90360.8,90442.7
1765675800000,90437.2,90459.4,90197.8,90237.7
1765676700000,90238.3,90322.9,90202.8,90317.2
1765677600000,90317,90372.1,90277.8,90363
1765678500000,90360.2,90394.5,90283.8,90365.7
1765679400000,90366,90408.9,90223.6,90331.8
1765680300000,90333,90335.1,90206.8,90309.8
1765681200000,90278.8,90323.4,90259,90303.4
1765682100000,90307.3,90314.4,90217,90289.6
1765683000000,90288.7,90297,90220.9,90290.9
1765683900000,90292.9,90294.3,90205.4,90274.2
1765684800000,90247.8,90314.3,90212.9,90234.8
1765685700000,90233.1,90338.9,90233.1,90288.8
1765686600000,90322.3,90355.4,90128.8,90180.9
1765687500000,90155.8,90238,90116.8,90213.4
1765688400000,90215.9,90215.9,90082.7,90170.3
1765689300000,90163.9,90164.1,90023.6,90085.8
1765690200000,90113.7,90179,90055.7,90120.9
1765691100000,90122.9,90243.1,90122.9,90192.8
1765692000000,90210.6,90245.6,90156.5,90211.8
1765692900000,90209.7,90245.9,90089.8,90125.8
1765693800000,90130.5,90219.4,90084.8,90162.8
1765694700000,90187.8,90202.4,90123.8,90163.9
1765695600000,90165.5,90169,90115.3,90165.4
1765696500000,90163.9,90165.4,90090.7,90132.5
1765697400000,90133.2,90165.3,90069.8,90165.3
1765698300000,90157.9,90293.3,90131.8,90266.4
1765699200000,90262.7,90293.5,90186.2,90227
1765700100000,90229.6,90307.8,90167.8,90204.4
1765701000000,90195.6,90218.5,90156.8,90185.4
1765701900000,90187.2,90189,90084.9,90128.9
1765702800000,90129,90174.4,90068.8,90109.9
1765703700000,90109.4,90149.9,90043.9,90102.1
1765704600000,90098.9,90137.4,89987,90027.1
1765705500000,90027,90053.2,89997.7,90036.9
1765706400000,90038.8,90065,89764.5,89792.8
1765707300000,89787.6,90141.7,89782.8,90005.4
1765708200000,89983.8,90018.2,89850,89938
1765709100000,89937.8,89942.4,89817.9,89840.8
1765710000000,89864.5,89875.7,89508.9,89731.8
1765710900000,89732.8,89784.5,89486.4,89495.8
1765711800000,89517.5,89631.8,88692,88890.4
1765712700000,88862.8,89450.6,88715.2,89371.8
1765713600000,89374.6,89491.8,89090.8,89339.9
1765714500000,89340.7,89567.4,89336.8,89387.3
1765715400000,89389.1,89630.8,89365.8,89574.8
1765716300000,89602,89685.1,89384.8,89439.5
1765717200000,89414.8,89431.7,89071.4,89261.7
1765718100000,89230.8,89337.1,89108.2,89287.3
1765719000000,89285,89385.4,89199.3,89285.9
1765719900000,89282.1,89514.8,89189.5,89504.4
1765720800000,89510.6,89576.3,89321.4,89357.7
1765721700000,89358.3,89437.8,89187.6,89292.9
1765722600000,89263.8,89294.2,88897.6,88993.4
1765723500000,88990.5,89144.2,88858.6,89125.9
1765724400000,89122.7,89186.9,88907.3,89021.4
1765725300000,89025.5,89166.4,88848.6,89026.6
1765726200000,89022.1,89123.4,88918.8,89067.7
1765727100000,89048.8,89077.1,88950,89031.4
1765728000000,89026.4,89065.1,88921.5,89010.8
1765728900000,89029.3,89409.4,88971.6,89267.7
1765729800000,89269.8,89348.8,88737.6,88827.7
1765730700000,88827.5,88917.1,88514.8,88841.8
1765731600000,88818.8,89038.6,88577.8,88669.8
1765732500000,88690.8,88919.5,88586.5,88766.8
1765733400000,88789,88857.5,88631.9,88778.5
1765734300000,88774,88933.7,88655,88818.3
1765735200000,88820,88967.9,88710.6,88908.8
1765736100000,88912.8,89085.1,88693.2,88793.1
1765737000000,88798.2,88944.4,88774.1,88898.9
1765737900000,88898.6,89035.6,88813.9,89013.6
1765738800000,89010.7,89010.7,88650.7,88756.5
1765739700000,88758,88758,88477,88722.8
1765740600000,88697.8,88767.3,88513.8,88588.8
1765741500000,88618.6,88669.2,88482.1,88655
1765742400000,88631.8,88822.7,88344.2,88786.8
1765743300000,88787.8,88832.9,88609.7,88670.5
1765744200000,88671.9,88736.2,88546.5,88668.1
1765745100000,88668.4,88738.8,88491.8,88570.4
1765746000000,88566.6,88606,88422.1,88514.8
1765746900000,88519.8,88730,88512.1,88565.8
1765747800000,88589.7,88619,88472.3,88549.1
1765748700000,88548.1,88579.1,88325.2,88458.4
1765749600000,88398.8,88622.1,88394.9,88521.8
1765750500000,88522.3,88527.1,88345.5,88392.8
1765751400000,88388.8,88388.8,88013.7,88179.9
1765752300000,88181.5,88456.1,88129.9,88420.9
1765753200000,88435.3,88615.8,87939.8,88063.3
1765754100000,88062.8,88242.1,87899.1,88027.2
1765755000000,88029.1,88112.5,87557.6,88046.1
1765755900000,88024.8,88343,87915.4,88137
1765756800000,88139.4,88487.8,88077.7,88162.6
1765757700000,88165.6,88600.3,88037.3,88522.8
1765758600000,88542.5,88683.6,88088.7,88263.5
1765759500000,88258.4,88501.2,88188,88463.6
1765760400000,88470.3,88612,88395.2,88587.8
1765761300000,88605.4,88755,88500.1,88688.8
1765762200000,88689.8,89300.3,88628.7,89057.8
1765763100000,89077.6,89345,88943.8,89241.3
1765764000000,89256.2,89658.4,89209.1,89513.8
1765764900000,89512.8,90018.7,89490.8,89694.1
1765765800000,89695.5,89724.5,89362.9,89432.8
1765766700000,89456.3,89472.7,89218.1,89303.2
1765767600000,89324.6,89446.5,89227.2,89392.8
1765768500000,89391.3,89558.1,89335.1,89348.8
1765769400000,89372.3,89410.1,89212.8,89259.8
1765770300000,89286,89377,89238.1,89287.8
1765771200000,89296.9,89545.9,89262.4,89475.8
1765772100000,89497.3,89595.5,89250.2,89351.1
1765773000000,89312.1,89679.3,89282.1,89658.8
1765773900000,89667.8,89785.6,89590.1,89673.9
1765774800000,89675.3,89678.5,89507.6,89641.5
1765775700000,89615.7,89758.9,89605.2,89687.8
1765776600000,89688.8,89708.1,89502.6,89537.9
1765777500000,89538,89624.9,89466.3,89600.8
1765778400000,89621.6,89630.8,89445.3,89493.8
1765779300000,89491.8,89601.9,89466.2,89539.9
1765780200000,89557.8,89666.9,89509.2,89614.4
1765781100000,89612.1,89924,89577.2,89730.8
1765782000000,89726.8,89830,89485.4,89528.8
1765782900000,89547.7,89651.9,89530.3,89580.8
1765783800000,89579.8,89742.9,89544.4,89575.5
1765784700000,89614.1,89805,89578.8,89732.8
1765785600000,89734.8,89820.5,89615.2,89705.7
1765786500000,89680.4,89902.1,89658.4,89865.4
1765787400000,89826.3,89904.6,89755,89831.8
1765788300000,89850.9,89861.4,89745.6,89757.8
1765789200000,89736.1,89936.1,89736.1,89852.9
1765790100000,89830.8,89937.4,89805.1,89852.9
1765791000000,89851.4,89914,89794.8,89830.8
1765791900000,89831.8,89984.6,89792.8,89833.9
1765792800000,89870.4,89936.4,89757.8,89826.1
1765793700000,89830.3,89935.2,89683.9,89834.1
1765794600000,89870.9,89980.4,89714,89823
1765795500000,89824,89894,89786.1,89844.8
1765796400000,89843.8,89905.9,89764.6,89783.8
1765797300000,89784.8,89821.3,89741.3,89786.8
1765798200000,89787.8,89837.6,89550.1,89570.8
1765799100000,89591.3,89712.2,89569.8,89650.8
1765800000000,89628.8,89659.8,89403.9,89465
1765800900000,89465.6,89643.5,89430.2,89558.8
1765801800000,89557.8,89765.2,89537.1,89755.4
1765802700000,89755.9,89756.3,89589.2,89681.8
1765803600000,89682.1,89742.6,89435.1,89547.8
1765804500000,89548.8,89591.4,89331.9,89456.6
1765805400000,89456.7,89512.3,89249.6,89455.8
1765806300000,89454.8,89575.7,89395.5,89396.7
1765807200000,89393.9,89652.5,89384.1,89606.4
1765808100000,89581.8,89710.8,89296.7,89356.9
1765809000000,89378.8,89869.1,89014.5,89216.8
1765809900000,89221.1,89345.1,87806.4,88006.1
1765810800000,88033.9,88168.3,87379.1,87431.1
1765811700000,87436.3,87481.8,86631.7,86856.9
1765812600000,86856.8,87193.5,86580.5,87161.2
1765813500000,87175.1,87363,86692.7,87010
1765814400000,87009.2,87215.6,86749.6,86843.1
1765815300000,86838.2,87126.1,86807.5,86868.8
1765816200000,86911.8,86941.6,86056,86293.9
1765817100000,86311.8,86501.1,86096.4,86383.5
1765818000000,86378.5,86481.5,86156.2,86203.8
1765818900000,86187.5,86348.8,86056,86155.1
1765819800000,86154.7,86244.6,85657.4,85827.8
1765820700000,85826.8,85964.8,85560,85748.8
1765821600000,85746,85963.8,85560.9,85845.8
1765822500000,85844.8,85934,85512.9,85563.2
1765823400000,85542.3,85885.4,85133.9,85718.7
1765824300000,85723,86265,85665.5,86145.4
1765825200000,86143.6,86542,85916.2,85939.1
1765826100000,85943.1,86364.2,85838.6,86086.4
1765827000000,86086.2,86323.3,86066.1,86173.2
1765827900000,86181.2,86250.3,85930.4,86101.5
1765828800000,86093.4,86183.9,85687.2,85747.8
1765829700000,85741,85867.2,85562.2,85727.8
1765830600000,85722.1,86077.9,85667.2,85887.8
1765831500000,85888.7,85970.7,85729.2,85741.8
1765832400000,85737.7,85799.5,85484.4,85572.6
1765833300000,85569.8,86135.8,85526.9,86028.1
1765834200000,86059.8,86157.6,85943.6,85977.4
1765835100000,86000.8,86290.1,85963.6,86205.6
1765836000000,86215.2,86224.8,85960.2,86003.9
1765836900000,86013.9,86074.5,85789.4,86002.3
1765837800000,85992.9,86104.4,85900.8,85996.4
1765838700000,85996.5,86249.3,85940.6,86249.3
1765839600000,86249.1,86446.2,86155.1,86432.8
1765840500000,86433.8,86433.8,86068.6,86185.8
1765841400000,86185.9,86452.6,86147.6,86446.2
1765842300000,86447.8,86450.9,86282.5,86414.8
1765843200000,86413.8,86502.8,86235.7,86278.3
1765844100000,86299.8,86398.8,86109.6,86311.7
1765845000000,86312,86337.8,86047.8,86120.8
1765845900000,86119.8,86119.8,85793.3,85815.6
1765846800000,85825,86146.8,85680.5,86052.6
1765847700000,86083.2,86137.8,85820.8,85891.8
1765848600000,85892.8,86032.1,85635.3,85785.3
1765849500000,85784.4,85924.6,85689.3,85847
1765850400000,85848.1,86027.1,85798.7,85938.5
1765851300000,85934.5,86211.9,85842.6,86184.8
1765852200000,86163,86205.5,86020,86109.8
1765853100000,86111.8,86138.5,85760.9,85893.3
1765854000000,85893.6,86004.9,85644,85682.1
1765854900000,85686.6,85783.5,85554.6,85662
1765855800000,85661.5,85815.8,85334.1,85765.8
1765856700000,85772.2,85867.4,85741.4,85832.2
1765857600000,85827.5,85908.7,85735.3,85773.8
1765858500000,85772.8,85798.1,85577.9,85597
1765859400000,85590.4,85670.2,85428.2,85608.1
1765860300000,85607.7,85831.9,85223.6,85816.8
1765861200000,85817.8,85968,85754.4,85810.5
1765862100000,85821.3,85988.3,85799.1,85934.9
1765863000000,85939.6,86089.3,85895.3,86035.2
1765863900000,86039.2,86189.8,85912,85978.1
1765864800000,85980.8,86279.1,85980.8,86177.7
1765865700000,86177.5,86444.7,86177.5,86391.8
1765866600000,86393.8,86441.3,86314.7,86374.8
1765867500000,86346.2,86586.8,86346.2,86455.4
1765868400000,86459.2,86595.9,86283.4,86289.6
1765869300000,86290.7,86373,86044.7,86175.3
1765870200000,86173.2,86219.3,85843.6,85846.1
1765871100000,85847.3,86096.1,85814.1,85993.8
1765872000000,85999.8,86216.8,85879.6,86140.8
1765872900000,86107.3,86272,85988.6,86224.1
1765873800000,86255.9,86264.7,86040.9,86264.7
1765874700000,86257.8,86365.6,86169.3,86266.8
1765875600000,86265.8,86351.2,86204,86326.8
1765876500000,86325.3,86391.2,86150.8,86255.8
1765877400000,86258.8,86394.3,86185.2,86324.1
1765878300000,86354.6,86411.2,86206.8,86304.9
1765879200000,86305.7,86453.4,86223,86439.3
1765880100000,86443.6,86491.1,86297.3,86389.8
1765881000000,86387.8,87291.5,86340.2,87121.2
1765881900000,87094.3,87315.8,86815.1,86928.8
1765882800000,86931.3,87040.9,86771.9,86936.2
1765883700000,86935.4,87128.8,86898.6,87128.8
1765884600000,87126.8,87294.4,87000.8,87060
1765885500000,87062,87318,86949.6,87248.7
1765886400000,87221.2,87322.2,87156.2,87193.4
1765887300000,87209.2,87276.6,87061.3,87103.7
1765888200000,87144.6,87242.8,87032.1,87235.8
1765889100000,87249.4,87456.6,87092.6,87195.8
1765890000000,87193.6,87282.1,87017.4,87177.7
1765890900000,87177.8,87541.2,87165.2,87320.1
1765891800000,87321.2,87740.5,86749.4,86880.7
1765892700000,86918.1,87102.6,86404.4,86435.1
1765893600000,86427.8,86938.8,86077.6,86811.4
1765894500000,86842.3,87070,86743.2,86888.6
1765895400000,86905.5,87372.5,86858.9,87062.7
1765896300000,87065,87720.5,86764.9,87278
1765897200000,87277.1,87460.8,86920.5,87211.8
1765898100000,87211.3,87254.3,86810.6,87128.3
1765899000000,87128,87341.1,87000.1,87282
1765899900000,87278.6,88152.3,87239.9,87960.3
1765900800000,87927.6,87975.8,87582.1,87711.2
1765901700000,87737.8,88038.4,87487.2,87803.3
1765902600000,87801.3,87901.9,87358.8,87485.3
1765903500000,87502.4,87747.8,87411.2,87539.5
1765904400000,87535.6,87823,87477.6,87734.1
1765905300000,87750.8,87835.3,87234.5,87294.3
1765906200000,87293.6,87492.4,87097.6,87210.8
1765907100000,87224.5,87258.4,87048.3,87111.8
1765908000000,87113.8,87532.9,87021.1,87433
1765908900000,87432.8,87516.4,87233,87348.6
1765909800000,87361.1,87928.8,87361.1,87887.6
1765910700000,87857.7,88000.8,87669.2,87742.9
1765911600000,87740.8,87771.8,87286.1,87320.8
1765912500000,87305.7,87432.9,87244.5,87400.4
1765913400000,87395.8,87606.5,87336.6,87530.8
1765914300000,87550.8,87782.8,87484.9,87551.6
1765915200000,87570.8,87675,87389.3,87454.8
1765916100000,87436.1,87606.5,87294.8,87508.6
1765917000000,87506,87797.4,87471.8,87720.1
1765917900000,87745.3,87826.6,87540.5,87549.9
1765918800000,87527.7,87705.2,87452.1,87603.1
1765919700000,87596.1,87746.1,87570.6,87659.3
1765920600000,87648.3,87900.7,87648.3,87832.6
1765921500000,87869.9,87890.7,87684.4,87747.8
1765922400000,87730.4,87878.5,87608.7,87632.9
1765923300000,87636.8,87868.4,87623.3,87868
1765924200000,87869.3,87922.1,87790,87840.7
1765925100000,87840.3,87841.9,87698.1,87752.9
1765926000000,87780.8,87818.4,87628,87698.2
1765926900000,87686.3,87821.1,87555.3,87620
1765927800000,87620.9,87797.7,87605.5,87773.3
1765928700000,87773.2,87853.4,87689.9,87823.9
1766016000000,86208.7,86266.8,86036.4,86113.1
1766016900000,86143.8,86242.8,86001.4,86217.1
1766017800000,86193.2,86284.8,86088.3,86100.9
1766018700000,86118.1,86258,86073,86212.1
1766019600000,86211.6,86212.1,85804.1,85906.6
1766020500000,85930.6,86034.3,85828.8,85967.7
1766021400000,85969.7,86136.8,85916.7,86110.5
1766022300000,86109.5,86171.7,85958.8,86064.4
1766023200000,86064.3,86515.2,85945.7,86460.5
1766024100000,86460.4,86846.2,86255.6,86396.8
1766025000000,86397.3,86689.8,86337.4,86671
1766025900000,86646,86730,86571.5,86661.6
1766026800000,86656.4,86666.2,86472.7,86541.6
1766027700000,86556.5,86556.5,86256,86284.8
1766028600000,86287.8,86539.2,86218.6,86496.6
1766029500000,86493.2,86626.7,86446.2,86554
1766030400000,86554.3,86860.7,86543.2,86737.2
1766031300000,86725.2,86875.8,86635.3,86777
1766032200000,86776.9,86875.8,86760.9,86820.2
1766033100000,86821,86838.8,86708.2,86748.8
1766034000000,86708,86748.8,86553.9,86560.3
1766034900000,86560.2,86625.8,86477.2,86516.2
1766035800000,86515.2,86704.7,86455.3,86654.8
1766036700000,86653.8,86659.8,86341.5,86408.8
1766037600000,86385.9,86550,86355,86528.8
1766038500000,86527.8,86569.2,86377.3,86448.3
1766039400000,86450.7,86519,86358.4,86468.2
1766040300000,86430.8,86636.1,86409.4,86603.6
1766041200000,86614.3,86825.3,86543.2,86761.8
1766042100000,86760.8,86839.8,86738.9,86782.5
1766043000000,86782.2,86855.2,86661.8,86714.8
1766043900000,86715.8,86812.4,86658.2,86777.1
1766044800000,86777.4,86920.9,86631.1,86707.5
1766045700000,86702.9,87004.8,86687.5,86887.9
1766046600000,86888,87104.3,86881.9,86976.4
1766047500000,86976.3,87071.8,86898.6,86953.8
1766048400000,86951.8,86997.6,86750.4,86761.2
1766049300000,86761,87038.5,86758.9,86958.8
1766050200000,86958.9,87372.8,86958.9,87327.8
1766051100000,87330.8,87373.5,87228.6,87238.6
1766052000000,87263.9,87419.1,87170.5,87315.8
1766052900000,87314.8,87407.5,87215.7,87328.6
1766053800000,87331.6,87431.1,87247.2,87278.8
1766054700000,87303.8,87341.8,87170.9,87297.5
1766055600000,87299.2,87331.8,87051.6,87062.6
1766056500000,87082.8,87174.6,87010.8,87123.4
1766057400000,87123.2,87251.8,87079.9,87086.4
1766058300000,87086.5,87269.3,87079.6,87206.1
1766059200000,87212.2,87332.7,87102.6,87128.8
1766060100000,87131.8,87231.2,87071.9,87079.6
1766061000000,87103.8,87420,87078.4,87342.8
1766061900000,87342.3,87366.8,87060.9,87216.4
1766062800000,87216.5,87937.4,87216.5,87892.3
1766063700000,87859.1,87958.2,87523.4,87612.8
1766064600000,87582,88804.5,87582,88719.3
1766065500000,88719.8,89187.8,88561.1,88788.5
1766066400000,88788,89460.6,88064.9,88124.1
1766067300000,88085,88780.3,88067,88450.5
1766068200000,88451,89084.1,87716.5,87746.6
1766069100000,87767.7,88474.8,87723.8,88302.8
1766070000000,88324.6,88636.3,87958.7,88064.4
1766070900000,88064.5,88587.8,87908.5,88517.9
1766071800000,88518.2,89350.2,88246.6,89044.8
1766072700000,89048.8,89048.8,88400.5,88471.1
1766073600000,88464.8,88514.2,88149.1,88176.9
1766074500000,88175.8,88383.5,87818.7,88030.3
1766075400000,88027.6,88382.8,88002.8,88257.8
1766076300000,88260.8,88270.8,87863,88002.8
1766077200000,88002.8,88010.8,86213.8,86304.5
1766078100000,86308.9,86373.1,85410.8,85888.8
1766079000000,85871,86568.8,85551.4,86418.5
1766079900000,86412.8,86564.7,86058.2,86412
1766080800000,86412.2,86866.9,86218.6,86646
1766081700000,86683.4,86707.8,86220.6,86388.8
1766082600000,86394.8,86633.1,86252.6,86435.1
1766083500000,86469.8,86532.8,85659.2,85944.8
1766084400000,85953.8,86005.8,85438.9,85644.8
1766085300000,85637.8,85717.8,85179.1,85595.2
1766086200000,85632.1,85791.8,84628.9,84659.8
1766087100000,84632.9,84819.8,84421.1,84458.5
1766088000000,84445.8,85252.1,84387.3,85141.8
1766088900000,85108.9,85150.8,84848.9,84958.8
1766089800000,84945.6,85107,84686.1,84950.5
1766090700000,84950.5,85092.4,84575.6,84575.6
1766091600000,84571.8,85268.9,84530.2,85115.8
1766092500000,85113.8,85428.3,85034.5,85412.5
1766093400000,85420,85816.8,85160,85288.8
1766094300000,85286.8,85689,85206.3,85601.8
1766095200000,85619.2,85711.2,85287.8,85319.3
1766096100000,85319.4,85485,85221.4,85431.4
1766097000000,85430.4,85710.5,85425,85523.2
1766097900000,85523.2,85691.6,85437.4,85512.4
1766098800000,85512.1,85564.4,85254.4,85557.8
1766099700000,85558.8,85594.8,85306.4,85446
1766100600000,85448.6,85561,85354.2,85407.5
1766101500000,85407.7,85495.8,85287.6,85469.2
1766102400000,85470.5,85580.9,85335.3,85455.8
1766103300000,85423.2,85542.1,85333.4,85382.3
1766104200000,85373.8,85429.9,85225.7,85257.9
1766105100000,85260.8,85563.8,85234.1,85531.8
1766106000000,85555.8,85578.9,85300.2,85387.8
1766106900000,85389.8,85493.8,85104.1,85133.6
1766107800000,85148.8,85355.9,85077.4,85303.3
1766108700000,85267.1,85369.8,85066.1,85292.8
1766109600000,85307.8,85307.8,85086.9,85223.8
1766110500000,85224.8,85492.3,85160.7,85480.8
1766111400000,85469.7,85594,85310.1,85594
1766112300000,85560.9,85883.8,85520.1,85635.8
1766113200000,85631.4,86466.6,85545,86281.4
1766114100000,86317.5,87147.3,85892.8,87072.8
1766115000000,87072.8,87543,86732.8,87032.8
1766115900000,87028.8,87318.8,86642.6,86836.8
1766116800000,86806.7,87316.8,86802,87305.8
1766117700000,87271.5,87354.3,86955.9,86992.8
1766118600000,86963.4,87188.2,86891.2,86953.1
1766119500000,86943.8,87106.3,86910.6,87020.2
1766120400000,87020.2,87145.8,86790.3,86946.5
1766121300000,86970.8,86981.8,86661.6,86685.4
1766122200000,86721.5,86934.1,86623.6,86812.8
1766123100000,86850.2,87210.2,86813,87090.6
1766124000000,87108.1,87189.8,86941.9,86973.6
1766124900000,87003.8,87068.6,86838.4,86974.7
1766125800000,86974.8,87111.5,86887.1,87045.7
1766126700000,87045,87474.4,87004.8,87452.8
1766127600000,87451.8,88385.2,87431.2,88069.6
1766128500000,88069.5,88192.8,87734.6,87896.2
1766129400000,87922.8,87950,87652.6,87747.9
1766130300000,87765,87975.7,87694.5,87871.6
1766131200000,87870.7,88101.4,87783.1,87942.8
1766132100000,87917.9,87998.8,87667.2,87691.6
1766133000000,87691.5,88155.3,87662.6,87902.8
1766133900000,87903.8,88183.8,87867.2,88087.8
1766134800000,88070,88073.8,87876.5,87898.2
1766135700000,87894.3,88061.7,87846.3,87991.3
1766136600000,88003.1,88137.8,87890.2,87987.5
1766137500000,87995.8,88088.1,87929.2,88064.3
1766138400000,88028.2,88282.8,87984.4,88152.8
1766139300000,88151.8,88235.8,87878.2,87948.2
1766140200000,87932.9,88105.8,87875.2,88020.8
1766141100000,88022.6,88289.8,87999.2,88244.8
1766142000000,88223.7,88344.2,88076.3,88268.1
1766142900000,88297.8,88370.5,88110.1,88239.2
1766143800000,88241.9,88342.7,88114.7,88244.5
1766144700000,88247.4,88309.6,88121.5,88150.8
1766145600000,88152.8,88242,87845.6,88197
1766146500000,88192.3,88268.3,87938,87973.4
1766147400000,87973.7,88065.2,87898.8,88002.3
1766148300000,88019.8,88138.9,87778.1,87785.1
1766149200000,87784.9,88038.3,87784.9,87952.7
1766150100000,87954.5,88046,87840.8,87969.7
1766151000000,87995.8,88173.8,87765.9,88033.4
1766151900000,88032.6,88092.4,87830.1,87925.1
1766152800000,87924.9,88187.8,87875.1,88116.2
1766153700000,88117,88314.8,87801.1,87978.9
1766154600000,88004.8,88532.4,87491.1,88435.3
1766155500000,88429.6,88480.4,87849.8,88157.3
1766156400000,88161.8,88803.6,87915.8,88707.9
1766157300000,88749.7,89384.8,88012,88124.6
1766158200000,88150.8,88380.8,87872.4,87990.9
1766159100000,87993.8,88035.7,87649,87942.8
1766160000000,87939.8,88470.8,87819.4,88362.6
1766160900000,88365.8,88449.3,88186.2,88375.4
1766161800000,88372.6,88861.8,88317.8,88491.9
1766162700000,88490.8,88514.3,87828.3,87941.8
1766163600000,87967.6,88270.8,87821.6,88050.8
1766164500000,88070.2,88323,87553.4,87592.2
1766165400000,87562.6,87687.8,86877.6,87043.9
1766166300000,87076.8,87440.3,86801.5,86874
1766167200000,86904.8,87223.8,86789.4,87140.8
1766168100000,87113.9,87450.8,87012.1,87308.8
1766169000000,87285.6,87333.4,86875.6,86934.4
1766169900000,86934.3,87282.9,86858.5,87109.6
1766170800000,87134.4,87381.4,87069.5,87263.8
1766171700000,87285.9,87792.4,87238.6,87634.8
1766172600000,87638.8,87999.8,87522.9,87962.4
1766173500000,87953.8,88112.7,87738.4,87785.6
1766174400000,87821.8,87952.6,87527.6,87754
1766175300000,87762.5,88178.6,87638.5,88025.6
1766176200000,88000.8,88372.1,87841,88044.7
1766177100000,88040.8,88376.5,87866,88045.5
1766178000000,88054.3,88070.8,87812.7,87832.7
1766178900000,87832.5,88066.4,87818.4,87963
1766179800000,87965.6,88040.1,87855.6,87863.1
1766180700000,87880.4,87925.6,87744.7,87823.8
1766181600000,87820,88196.2,87726.9,88023.9
1766182500000,88025.7,88301.5,88025.7,88197.7
1766183400000,88200.1,88381.9,88105.2,88381.9
1766184300000,88358.8,88413.4,88193.2,88321.4
1766185200000,88333.5,88345.8,88176.8,88241.5
1766186100000,88238.9,88346.4,88227.4,88309
1766187000000,88309.5,88316.4,88130.5,88208
1766187900000,88191.1,88212.6,88102.4,88115.5
1766188800000,88107.8,88159.8,87999,88103.3
1766189700000,88081.1,88177.7,88044,88148.1
1766190600000,88148.5,88170.4,88025.1,88062
1766191500000,88059.6,88094.4,87935.4,87986.1
1766192400000,87989.4,88093.9,87989.4,88075.2
1766193300000,88084.1,88152.2,88065.6,88116.3
1766194200000,88111.1,88119,88024.7,88027.2
1766195100000,88032.3,88114.3,88018.1,88056.7
1766196000000,88060.5,88070.3,87969.2,88031.3
1766196900000,88033.1,88128.5,88032.9,88099.4
1766197800000,88099.1,88298.3,88061.5,88298.3
1766198700000,88296.9,88296.9,88143.2,88186.2
1766199600000,88185,88237.5,88151.2,88157.3
1766200500000,88162.5,88297.1,88160.2,88290.2
1766201400000,88291.3,88328,88268.6,88275.1
1766202300000,88273.3,88285.8,88140,88194.4
1766203200000,88194.3,88234.9,88095.2,88117.3
1766204100000,88118.1,88217.7,88102.5,88198.8
1766205000000,88196.6,88295.5,88195.9,88256.5
1766205900000,88256,88316.7,88212.7,88272.1
1766206800000,88279.2,88346.1,88260.2,88345.2
1766207700000,88345.3,88486.3,88338.1,88380.7
1766208600000,88362.6,88532.4,88351.5,88464.4
1766209500000,88463.1,88494,88269.2,88275.3
1766210400000,88273.3,88416.6,88251.2,88397.1
1766211300000,88396.9,88409.7,88336.6,88338.8
1766212200000,88336.8,88336.8,88251.1,88263.4
1766213100000,88263.4,88332.4,88216.8,88262.4
1766214000000,88266.6,88312.8,88200,88278.1
1766214900000,88281.6,88293.9,88170,88216.9
1766215800000,88210.3,88252.5,88166.3,88186
1766216700000,88182.8,88262.4,88161.1,88262.4
1766217600000,88260.6,88362.3,88252.4,88289.5
1766218500000,88261,88397.2,88261,88339.4
1766219400000,88331.8,88412.4,88297.3,88327.4
1766220300000,88298.5,88333.7,88209.9,88240.3
1766221200000,88238.9,88289.7,88176,88283.1
1766222100000,88282.3,88327,88256.4,88283.2
1766223000000,88289,88319.7,88210.3,88247.8
1766223900000,88241.8,88253.4,88154.9,88182.1
1766224800000,88209.4,88265.2,88149.8,88238.5
1766225700000,88239.1,88240.1,88086.8,88141.3
1766226600000,88139.6,88174.2,88100.9,88171.2
1766227500000,88170.9,88189.6,88100,88132.8
1766228400000,88141.1,88145.9,88044.9,88120.3
1766229300000,88118.5,88298.4,88094,88187.5
1766230200000,88189.4,88275.2,88188.8,88253.6
1766231100000,88223,88283.5,88199.8,88259.5
1766232000000,88252.9,88316.8,88199.3,88223.4
1766232900000,88219.5,88235.8,88166.4,88184.8
1766233800000,88193.5,88200.4,88108.9,88184.9
1766234700000,88185.4,88239,88174.8,88228.2
1766235600000,88229.4,88319.3,88061,88134.3
1766236500000,88133,88146.5,87798.4,88002.1
1766237400000,88001.9,88181.4,87943.6,88175.2
1766238300000,88140.6,88259.7,88140.6,88250.3
1766239200000,88249.8,88251.5,87958.7,88039.5
1766240100000,88038,88112.2,88021.2,88087
1766241000000,88079.8,88172.3,88053.2,88171.3
1766241900000,88170.6,88258.6,88132.6,88201.6
1766242800000,88202,88248.4,88128.6,88182.8
1766243700000,88178.3,88198.9,87972,88092
1766244600000,88091.7,88159.4,88004.9,88145.3
1766245500000,88140.2,88187,88108,88160.2
1766246400000,88148.8,88221.8,88119.1,88174.7
1766247300000,88174.4,88190.6,88128.2,88156
1766248200000,88155.8,88159.8,88036.4,88126.2
1766249100000,88094.9,88157,88082.7,88135.7
1766250000000,88136.1,88214.4,88056.6,88149.3
1766250900000,88145.5,88237.6,88114.7,88216.6
1766251800000,88216.9,88222.4,88130.4,88151.8
1766252700000,88152.9,88212.3,88132.1,88166.8
1766253600000,88139.9,88196.3,88062.8,88062.8
1766254500000,88062.6,88193.3,88061.2,88181.9
1766255400000,88177.1,88196.7,88094.2,88142.5
1766256300000,88172,88386.8,88089.6,88270.8
1766257200000,88302.5,88312.1,88165.7,88254.1
1766258100000,88282.9,88282.9,88147.4,88219
1766259000000,88217.7,88236.8,88140.3,88218.8
1766259900000,88216.9,88222.4,88150.2,88212.4
1766260800000,88193.8,88246.9,88116,88246
1766261700000,88246.1,88274.3,88210.8,88249.2
1766262600000,88251.2,88297.9,88174.8,88214.7
1766263500000,88214.9,88267.4,88187.1,88267.4
1766264400000,88264.7,88304.9,88170.9,88261.9
1766265300000,88259.7,88424.6,88218.8,88253.7
1766266200000,88253.5,88298.3,88245,88248.2
1766267100000,88274.6,88274.6,88138,88203
1766268000000,88117.7,88234.4,88108.4,88161.8
1766268900000,88164.2,88207.1,88101.1,88165.9
1766269800000,88168.5,88279.7,88163,88212.7
1766270700000,88215,88326.9,88208.2,88236.4
1766271600000,88231.5,88314.6,88210.4,88314.6
1766272500000,88311.1,88355.8,88218.5,88262.4
1766273400000,88263.1,88308.8,88231.4,88269.9
1766274300000,88273.5,88408.5,88273,88314.4
1766275200000,88314.1,88375.3,88252.5,88313.2
1766276100000,88311.3,88408.8,88287.4,88310.9
1766277000000,88319.4,88418.8,88255.7,88322.4
1766277900000,88329.2,88382.9,88254.9,88345.5
1766278800000,88340.2,88356.8,88245.2,88257.9
1766279700000,88258.3,88309.5,88244.1,88244.1
1766280600000,88240,88263.3,88018.6,88053.6
1766281500000,88049.8,88147.7,87968.3,87971.5
1766282400000,87971,88136,87950.5,88018.8
1766283300000,87981.4,87991.4,87827,87915.7
1766284200000,87912.7,88028.4,87876.1,87903.5
1766285100000,87903.3,88004.8,87841.1,87935.9
1766286000000,87935,88086.4,87888.9,87983.7
1766286900000,87985.6,88141.9,87979.1,88022.3
1766287800000,88020.5,88110.7,87996.9,88009.1
1766288700000,88007.7,88062.3,88004.1,88061.6
1766289600000,88061.5,88139.2,88004,88064.1
1766290500000,88065.6,88115.3,88041,88077.1
1766291400000,88080.9,88109.5,88035,88037.4
1766292300000,88037.3,88062.4,88006.5,88056.6
1766293200000,88056.1,88107.1,88008.7,88068.1
1766294100000,88067.3,88132.8,88010.7,88120.5
1766295000000,88092.4,88130.4,88065.8,88066.7
1766295900000,88066.8,88129.1,88001.9,88122.7
1766296800000,88120.8,88175.9,88065.7,88171.1
1766297700000,88170.8,88189.1,88100.3,88119
1766298600000,88122.2,88169.6,88067.2,88096.1
1766299500000,88102.5,88121.5,88024.7,88078.3
1766300400000,88078.5,88138.6,88054.5,88100.9
1766301300000,88073.2,88127.7,88061.3,88063.5
1766302200000,88064.5,88115.7,88012.7,88020.2
1766303100000,88021.6,88157.8,88021.1,88132.1
1766304000000,88132,88171.2,88097,88140.3
1766304900000,88138.1,88243.3,88098.8,88216.9
1766305800000,88215.9,88713.7,88194.6,88562.6
1766306700000,88600.5,88628.7,88416.2,88493.6
1766307600000,88520.4,88764.7,88456.1,88664.8
1766308500000,88677.6,88782.9,88591.7,88591.7
1766309400000,88587.2,88913.4,88587.2,88818.9
1766310300000,88821.7,89054.9,88792.5,88842
1766311200000,88846.2,88958.6,88720.1,88770.3
1766312100000,88771.4,88820.2,88670.5,88705
1766313000000,88711.1,88789.3,88534.4,88680.8
1766313900000,88680.7,88708.9,88543.4,88653.7
1766314800000,88626.3,88656.1,88540.2,88623.4
1766315700000,88623.9,88734.9,88563.6,88665.2
1766316600000,88664.5,88685.3,88538.7,88563.6
1766317500000,88559.6,88629.7,88543.4,88556.7
1766318400000,88559.2,88760.9,88545.4,88707.4
1766319300000,88711.6,88904.5,88707,88815.9
1766320200000,88816,88893,88518.2,88522
1766321100000,88558.1,88623.8,88430.2,88589.2
1766322000000,88621.2,88679.2,88255.2,88329.8
1766322900000,88329.2,88341.6,88152.1,88166.4
1766323800000,88172.5,88195.8,87707.6,87914.8
1766324700000,87915.8,87926.2,87560.4,87634.3
1766325600000,87629.5,88123.2,87570.4,87839.2
1766326500000,87842.5,88006.9,87749,87860.2
1766327400000,87860.5,88033.7,87783.8,88000.2
1766328300000,87998.6,88067.1,87912,88021.9
1766329200000,88022.8,88062.1,87865.8,87893.6
1766330100000,87892.6,87953.1,87764.5,87857.6
1766331000000,87853.4,88083.6,87847.5,87948.7
1766331900000,87947.7,88235.2,87919.3,88050.1
1766332800000,88050.2,88144.7,87948.7,88008.3
1766333700000,88007.8,88333.3,87941.1,88170.6
1766334600000,88173.5,88243.4,88130.1,88172
1766335500000,88172.5,88334.9,88132.6,88306.1
1766336400000,88306.7,88428.1,88286.3,88371.1
1766337300000,88399.4,88472.8,88235.6,88265.3
1766338200000,88265.9,88376,88238.7,88376
1766339100000,88375.8,88390.2,88242.7,88297.8
1766340000000,88299.8,88309.9,87905.4,87940.3
1766340900000,87938.2,88110.3,87915.3,88082.2
1766341800000,88081,88277.2,88069.4,88228.9
1766342700000,88232.1,88439,88225.7,88402.7
1766343600000,88436.6,88497.6,88311.5,88365.5
1766344500000,88340.7,88378.1,88281.1,88316.1
1766345400000,88307.5,88413.8,88159.4,88374.6
1766346300000,88378.6,88582.7,88316.2,88443.2
1766347200000,88472.9,88487.9,88262.4,88266.9
1766348100000,88269.9,88332.8,88235.8,88246.4
1766349000000,88247.4,88310.6,88230.8,88283.8
1766349900000,88283.6,88287.7,88187.2,88190
1766350800000,88224.8,88268.9,88141.6,88220.5
1766351700000,88218.8,88361.3,88218.3,88299.2
1766352600000,88296.1,88352.8,88172.1,88207.8
1766353500000,88220.8,88229.3,88048.3,88153.1
1766354400000,88072.8,88357.8,88045.5,88328.2
1766355300000,88328.5,88436.8,88217.3,88341.2
1766356200000,88342.1,88428.6,88264.4,88366.1
1766357100000,88366.2,88482.9,88322.5,88422.6
1766358000000,88422.5,88791.8,88422.5,88471.2
1766358900000,88471.3,88618,88401.2,88401.5
1766359800000,88401.4,88560.4,88325.1,88439
1766360700000,88438.7,88648.3,88438.7,88633.8
1766361600000,88634.8,89468.6,88614.1,89417.2
1766362500000,89391.8,89615.7,88749.7,89000.8
1766363400000,88998.8,89273.3,88783.2,89085.6
1766364300000,89100.8,89225.6,88588.2,88609.8
1766365200000,88588.7,89011.7,88487.5,88922.3
1766366100000,88954.6,89116.8,88896.4,88965.4
1766367000000,89000,89268.5,88962.9,89069.4
1766367900000,89036.7,89135.5,88510.6,88577.8
1766368800000,88612.4,88635.8,87877,88140.8
1766369700000,88141.4,88420.6,88057.6,88318.8
1766370600000,88319.6,88536.1,88250,88340.6
1766371500000,88340.4,88541,88340.4,88415.9
1766372400000,88416.5,88624.8,88241,88573.2
1766373300000,88572,88833.8,88531.3,88737.8
1766374200000,88738.8,88820.2,88572.6,88698.8
1766375100000,88695.2,88804.2,88637.9,88727.7
1766376000000,88727.4,88816.6,88666.5,88730.7
1766376900000,88730.6,89014.1,88730.6,88897.6
1766377800000,88929.8,88993.8,88750.9,88979.8
1766378700000,88952.2,89016,88806.1,88896.9
1766379600000,88857.3,88984.7,88778.9,88781.2
1766380500000,88813.5,88876.2,88714.4,88746.6
1766381400000,88746.3,88980.8,88730.5,88873.7
1766382300000,88870.8,88970.7,88753.7,88823.4
1766383200000,88823.7,88858.4,88682.6,88697
1766384100000,88729.8,88896.9,88695.5,88831.4
1766385000000,88831.5,88977.5,88780.5,88960.3
1766385900000,88937.8,88966.7,88835,88899.8
1766386800000,88899.7,89177.1,88842.1,89140.9
1766387700000,89141.4,89141.4,89019,89054.8
1766388600000,89054.7,89173.4,89023.8,89139.2
1766389500000,89138.6,89161.7,88974.4,89146.8
1766390400000,89114.9,89259.8,89042.1,89134.6
1766391300000,89157.8,89892,89133.7,89750.5
1766392200000,89750.1,89900.7,89528.2,89723.8
1766393100000,89702.1,89763.5,89166.2,89272.1
1766394000000,89290.8,89503.8,89242.2,89272.1
1766394900000,89297.8,89630.6,89264.1,89540.1
1766395800000,89541.5,89704.6,89432.5,89557.1
1766396700000,89557.9,89818.3,89514,89765.8
1766397600000,89766.8,89854.4,89554.8,89618
1766398500000,89617.9,89818.5,89611.5,89657.8
1766399400000,89656.8,89840.2,89648.1,89754.9
1766400300000,89772.8,89839.1,89729.2,89767.7
1766401200000,89768.2,89870.4,89672.8,89745.5
1766402100000,89746.5,89866.8,89604.2,89785.7
1766403000000,89785.2,90048.7,89726.9,89811.3
1766403900000,89811.2,90075.8,89811.2,89882.2
1766404800000,89903.8,90075.8,89809.9,90002.1
1766405700000,90006.5,90289.6,90006.5,90240.1
1766406600000,90240.4,90558.8,90012.2,90130.8
1766407500000,90129.8,90282.1,90023.9,90179.8
1766408400000,90176.8,90311.8,90047.1,90108.9
1766409300000,90113.3,90165.4,89938,90059.5
1766410200000,90070.8,90093.8,89685.3,89697.9
1766411100000,89723.8,89953.4,89700.5,89868.4
1766412000000,89869,90116.6,89855.2,89928.2
1766412900000,89929.2,90174,89910.7,89910.8
1766413800000,89905.3,90190,89389.3,89823.8
1766414700000,89814.8,90265.8,89681.6,90084.3
1766415600000,90080.9,90398.1,89575.1,89575.1
1766416500000,89570,89839.7,89181.6,89572.7
1766417400000,89599.4,89654.8,89158.4,89364.4
1766418300000,89365.4,89882.2,89223.9,89688.1
1766419200000,89708.8,89952.4,89609.9,89779.8
1766420100000,89808.7,90100.8,89776.5,90038.3
1766421000000,90067.5,90067.5,89476.9,89568.7
1766421900000,89598.6,89718.8,89505.4,89505.4
1766422800000,89538.8,89552.8,89038.4,89259.8
1766423700000,89284.5,89361.8,89053.3,89299.3
1766424600000,89322,89481.8,89205.2,89270.8
1766425500000,89266.2,89373.5,89142.3,89298.8
1766426400000,89295.8,89435.8,89202.6,89355.8
1766427300000,89357.8,89498.8,89198.2,89411.4
1766428200000,89411.7,89478.8,89271,89391.8
1766429100000,89394.8,89466.5,89089.1,89102.6
1766430000000,89135,89138.2,88596.5,88669.9
1766430900000,88666.6,88859.5,88457.2,88517.8
1766431800000,88518.8,88597.8,88254.4,88302.4
1766432700000,88302.1,88335.8,87920.5,88047.8
1766433600000,88045.8,88245.5,87911.6,88143.9
1766434500000,88141.4,88156.3,87856.3,88003.8
1766435400000,88004.8,88328.8,87976.6,88271.3
1766436300000,88272.8,88454.6,88071.8,88284
1766437200000,88276.9,88491.8,88251,88270
1766438100000,88299.8,88427.6,88266.1,88396.8
1766439000000,88399.8,88611.2,88366.8,88545.8
1766439900000,88538.8,88545.8,88168.7,88231.7
1766440800000,88212.8,88381.8,88139.9,88276.4
1766441700000,88280.2,88429.4,88264.9,88426.9
1766442600000,88426.4,88431,88244,88301.9
1766443500000,88302.6,88742.8,88302,88590.8
1766444400000,88590.5,88688.8,88487.3,88597.8
1766445300000,88562.3,88634.4,88474.6,88569.2
1766446200000,88606.9,88622.8,88383.8,88424.2
1766447100000,88453.8,88562.1,88368.2,88526.9
1766448000000,88562.7,88591.2,88426.1,88524.8
1766448900000,88523.8,88680.9,88496.1,88616.9
1766449800000,88583.2,88922.4,88507.6,88661.6
1766450700000,88661.5,88826.1,88606.2,88736.8
1766451600000,88702.4,88878.3,88577.7,88577.7
1766452500000,88582.3,88650.8,88506.4,88573.8
1766453400000,88546.5,88617.8,88358.4,88448.8
1766454300000,88448.5,88535.8,88406.6,88471.3
1766455200000,88471.7,88614.5,88227.1,88491.2
1766456100000,88490.8,88743.8,88489.5,88630.5
1766457000000,88657.8,88739.5,88196.2,88196.6
1766457900000,88227.8,88298.7,88058.7,88162.3
1766458800000,88164.4,88193.9,87749.1,88084.8
1766459700000,88081.8,88262,88030.9,88173.8
1766460600000,88142.6,88341.7,88108.8,88246.7
1766461500000,88277.8,88293.8,88088.5,88169.9
1766462400000,88164.6,88337.2,88009.7,88264.6
1766463300000,88266.5,88340.8,88184.3,88207.6
1766464200000,88211.7,88235.9,88003.1,88076.3
1766465100000,88081.2,88138.7,87863.8,87886.1
1766466000000,87885.1,87970.4,87767,87819.5
1766466900000,87856,88006.7,87791.5,87924.4
1766467800000,87924.3,87974.7,87532.8,87690.8
1766468700000,87727.2,87833.4,87565.2,87721.1
1766469600000,87722.6,87772.5,87376.8,87497.6
1766470500000,87493.5,87603.4,86990.4,87163.9
1766471400000,87166.3,87333.8,87030.7,87261.4
1766472300000,87260.8,87471.3,87179.2,87393.8
1766473200000,87389.8,87526.8,87310.7,87363.2
1766474100000,87363.5,87563.8,87318.8,87548.8
1766475000000,87546.8,87594.7,87442.5,87517.8
1766475900000,87520.8,87660,87450.9,87518.4
1766476800000,87481.8,87582.8,87434.1,87506.3
1766477700000,87505.5,87692.4,87466.8,87533.7
1766478600000,87533.3,87665.5,87530.9,87598.3
1766479500000,87599.8,87603.8,87354.9,87387.4
1766480400000,87384.1,87592.6,87378.2,87518.4
1766481300000,87518,87602,87290.4,87347
1766482200000,87379.8,87443.6,87237.4,87404.4
1766483100000,87404.6,87564.3,87401.1,87497.8
1766484000000,87499.8,87604.2,87434.9,87468.5
1766484900000,87491.8,87641.6,87461.2,87608.8
1766485800000,87608,87627.4,87436.2,87561.6
1766486700000,87554.2,87632.3,87515.6,87597.8
1766487600000,87598.8,87689.3,87494.6,87631.4
1766488500000,87635.1,87872.2,87609.7,87709.9
1766489400000,87710.6,87797.8,87632.7,87770.2
1766490300000,87764,87859,87742.7,87808.6
1766491200000,87810.9,87921.2,87656.9,87813.8
1766492100000,87812.8,87813.8,87571.5,87578.8
1766493000000,87579.7,87889.4,87546.6,87841.8
1766493900000,87846.2,87955.2,87748.2,87780.8
1766494800000,87780.5,87780.5,87642.9,87698.8
1766495700000,87698.6,87864.8,87593.9,87802.8
1766496600000,87807.8,87893.5,87388.5,87675.5
1766497500000,87675.4,87701.8,87417.4,87591.8
1766498400000,87592.8,87823.3,87548.2,87686.9
1766499300000,87679.5,87741.7,87520.1,87641.2
1766500200000,87642,87744,87237.5,87413.8
1766501100000,87406.8,87421.5,86538,86865.6
1766502000000,86824.9,87129.7,86645.6,86898.1
1766502900000,86953.2,87502.4,86902,87286.6
1766503800000,87270.8,87530.5,87199.2,87346.1
1766504700000,87346.5,87492.4,87211.8,87399.9
1766505600000,87399.8,88178.5,87273.9,87735.6
1766506500000,87724,88009.5,87694.6,87813
1766507400000,87819,87901.5,87614.1,87763.7
1766508300000,87764.6,88116.8,87755,87952.8
1766509200000,87932.6,88249.8,87815.4,87858.8
1766510100000,87827,88082,87694.8,87723.8
1766511000000,87688.1,87865.9,87600.3,87765.8
1766511900000,87767.8,87775.8,87127.8,87129.7
1766512800000,87161.6,87578.8,87097.9,87532.5
1766513700000,87533.5,87889.6,87483.3,87756.3
1766514600000,87756.4,88138.8,87717.5,88075.1
1766515500000,88075.6,88095.8,87837.1,87928.8
1766516400000,87931.8,88034.1,87721.6,87882.8
1766517300000,87855,88013.3,87582.2,87633.8
1766518200000,87604.9,87896.2,87576.7,87765.5
1766519100000,87768.3,87869.4,87629.5,87704.9
1766520000000,87733.8,87754.6,87461.9,87600.8
1766520900000,87601.8,87877.8,87571.2,87742.8
1766521800000,87744.8,88235.2,87618.2,88202.8
1766522700000,88201.8,88336.2,87607.8,87639.1
1766523600000,87669.8,87787.8,87466.7,87659.3
1766524500000,87660.1,87848.7,87583.9,87760.8
1766525400000,87762.8,87804,87605.9,87688.8
1766526300000,87671.8,87771.6,87572.8,87689.8
1766527200000,87712.3,87770.6,87389.1,87475.2
1766528100000,87475.4,87604.2,87389.1,87459.8
1766529000000,87458.8,87592.1,87238.9,87502.9
1766529900000,87503,87651.9,87303.4,87380.8
1766530800000,87321.4,87329.4,87150.5,87279.2
1766531700000,87273.1,87419.7,87131.1,87334.8
1766532600000,87334.7,87511.5,87316.9,87412.4
1766533500000,87412.5,87483.6,87343,87444.5
1766534400000,87475.8,87642.1,87311.5,87352.8
1766535300000,87355.8,87414.8,87202.9,87291.8
1766536200000,87289.8,87529.8,87221.2,87458.4
1766537100000,87462.2,87657.5,87459.6,87606.8
1766538000000,87577.2,87831,87538.5,87693.8
1766538900000,87659.3,87725.5,87562.4,87657.1
1766539800000,87628.8,87731.5,87421.9,87479.8
1766540700000,87475.8,87633.6,87434.1,87622.4
1766541600000,87617.2,87629.8,87267.7,87355.9
1766542500000,87367.7,87465.5,87289.4,87392.8
1766543400000,87394.8,87461.9,86956.6,87023.9
1766544300000,87049.8,87177.6,86863.8,87095.8
1766545200000,87094.8,87118.8,86813.5,87011.8
1766546100000,87028.5,87230.8,86947.2,87203.8
1766547000000,87204.8,87328.8,87157.2,87304.9
1766547900000,87306.8,87365,87249.5,87294.7
1766548800000,87259,87422.9,87248.6,87377.8
1766549700000,87343.4,87412.2,87231.1,87275.8
1766550600000,87271.9,87307.8,87127.3,87276.5
1766551500000,87276.9,87300.9,87020.6,87093.8
1766552400000,87060.5,87234.4,86998.1,87055.3
1766553300000,87054.8,87234.5,86981.4,87078.5
1766554200000,87078.3,87118.8,86760.2,86795.8
1766555100000,86760.3,86997.4,86738.6,86906.8
1766556000000,86876,86978.7,86787.7,86825.8
1766556900000,86824.8,86992.2,86766.6,86933.8
1766557800000,86937.8,87045.4,86843.4,87011.2
1766558700000,87010.4,87034,86894.4,86953.8
1766559600000,86952.8,87057.5,86923.5,86965.9
1766560500000,86965.8,87058.7,86891.8,86947.8
1766561400000,86944.8,87138.2,86909.6,87063.3
1766562300000,87063.4,87170.3,86828.9,86833.4
1766563200000,86865.8,86969.4,86789.5,86968.8
1766564100000,86938.8,87043.8,86723.4,86848.1
1766565000000,86848.2,86933.7,86721.4,86855.2
1766565900000,86855.1,86945,86694.6,86706.2
1766566800000,86706.4,86859.1,86706.4,86796.2
1766567700000,86796.3,86878,86737.5,86750.6
1766568600000,86751.7,86822,86658.6,86742.8
1766569500000,86744.8,86873.4,86711.5,86723.6
1766570400000,86761.1,87064.9,86722.3,86989.3
1766571300000,86988.9,87069.8,86941.6,86998.5
1766572200000,86998.6,87134.8,86983.5,87036.3
1766573100000,87072.4,87163.8,87000.7,87041.8
1766574000000,87045.8,87289.2,87004.9,87243.8
1766574900000,87209.7,87343.5,87154.3,87156.2
1766575800000,87154,87219.8,87127.3,87189.8
1766576700000,87164.6,87274.7,87129.8,87165.8
1766577600000,87166.8,87277.8,87071,87277.8
1766578500000,87245.8,87372.7,87193.7,87313.4
1766579400000,87317.4,87412.8,87254.9,87369.8
1766580300000,87344.1,87472.7,87247.5,87383.8
1766581200000,87354.8,87427.6,87201.8,87252.8
1766582100000,87221.5,87315.4,87163.7,87193.3
1766583000000,87193.7,87304.3,86983.9,87134.8
1766583900000,87156.8,87305.4,87118.4,87211.7
1766584800000,87239.8,87440.6,87211.8,87406.4
1766585700000,87385.8,87424.1,87135.4,87196.6
1766586600000,87195.6,87274.9,86368.4,86962.8
1766587500000,86983.5,87236.8,86693.3,86909
1766588400000,86908.7,87192.4,86809.1,86862.1
1766589300000,86885.8,86987.2,86543.1,86767.7
1766590200000,86766.9,87184.6,86763.7,87045.2
1766591100000,87021.8,87105.3,86848,86963.3
1766592000000,86963.5,87184.4,86883.7,87113
1766592900000,87096.1,87120.9,86841.3,86960.9
1766593800000,86962.4,87653.7,86907.5,87426.1
1766594700000,87426.8,87501.8,87128.5,87240.8
1766595600000,87296.7,87469.4,87204.7,87335.8
1766596500000,87333.8,87447.9,87242.6,87372.6
1766597400000,87373.1,87567.4,87266.7,87343.8
1766598300000,87318.2,87469.8,87169,87276.1
1766599200000,87299.8,87376.8,87167.5,87303.9
1766600100000,87303.2,87456.8,87253.8,87397.3
1766601000000,87363.7,87460,87309.9,87379.4
1766601900000,87438.8,87465.8,87343.3,87388.8
1766602800000,87423.8,87466.3,87325.7,87362.8
1766603700000,87363.8,87468.1,87290.7,87455.8
1766604600000,87476.4,87486.8,87373.7,87421.8
1766605500000,87422,87562.4,87410.6,87475.2
1766606400000,87475.1,87651.6,87462.3,87519.6
1766607300000,87519.7,87632.6,87519.5,87567.8
1766608200000,87533.3,87649.9,87506.2,87634.7
1766609100000,87634.1,87634.7,87450.8,87468.6
1766610000000,87469.2,87664.6,87468.6,87558.4
1766610900000,87576.8,87753.8,87549.8,87630.3
1766611800000,87667.5,87788,87630.4,87760.8
1766612700000,87762.2,87762.2,87603,87688.5
1766613600000,87688.5,87892.4,87680.9,87810.5
1766614500000,87803.9,87849.6,87751.9,87781.5
1766615400000,87782,88042.3,87743.9,87972.6
1766616300000,87971.6,88017.3,87942,88001.5
1766617200000,88002.6,88019.2,87788.5,87816.9
1766618100000,87818.2,87820.7,87584.9,87591.9
1766619000000,87590.9,87713.3,87590.9,87644.9
1766619900000,87644.1,87721.4,87619.1,87662.6
1766620800000,87662.6,87721.3,87554.4,87650.8
1766621700000,87654.9,87741.4,87613.5,87613.9
1766622600000,87613.5,87700.2,87506,87537.3
1766623500000,87541.5,87642.7,87503.2,87559.6
1766624400000,87560.7,87656.7,87557,87656.7
1766625300000,87657,87736.3,87598.6,87699.3
1766626200000,87701.1,87729.1,87550.9,87728.4
1766627100000,87730.7,87738.8,87659.9,87693.9
1766628000000,87693.4,87750.4,87556.2,87735.8
1766628900000,87736.3,87748.8,87703.7,87724.5
1766629800000,87724.6,87901.9,87694.2,87898.6
1766630700000,87893.7,87959.9,87838.7,87878
1766631600000,87882,87918.8,87766.4,87836.4
1766632500000,87836.9,87895.8,87779.8,87830.3
1766633400000,87831.2,87831.2,87743.9,87800.3
1766634300000,87800.2,87857.6,87763.7,87832.8
1766635200000,87833.1,87838.4,87734.7,87777.5
1766636100000,87779.4,87832.1,87738.1,87746.8
1766637000000,87751.5,87797.8,87732.9,87775.8
1766637900000,87780.7,87822.3,87747,87763.6
1766638800000,87765.7,87767.7,87634.9,87657.4
1766639700000,87656.4,87724,87654.6,87706
1766640600000,87707.2,87768.8,87698.5,87752.4
1766641500000,87752.5,87779.1,87720.8,87740.9
1766642400000,87739.6,87751.7,87661.3,87701.2
1766643300000,87705.6,87764.4,87691.1,87744.1
1766644200000,87744.7,87802.5,87736.4,87764.8
1766645100000,87764.8,87834.5,87764.8,87828.7
1766646000000,87828.8,87831.6,87758.8,87806.6
1766646900000,87807,87814.8,87766.2,87800.9
1766647800000,87799.5,87799.5,87718.9,87748.5
1766648700000,87748,87857,87722.6,87823.9
1766649600000,87823.3,87880.9,87763.9,87785.8
1766650500000,87783.3,87783.6,87323.9,87437.2
1766651400000,87433.2,87500.1,87408.3,87487.9
1766652300000,87490.8,87622.3,87444.8,87577.3
1766653200000,87579.2,87595.1,87436.4,87487.1
1766654100000,87486.8,87524.4,87444.8,87482.6
1766655000000,87481,87508.4,87434.2,87488.4
1766655900000,87484.9,87534.3,87451.4,87508.6
1766656800000,87507.9,87523.4,87364.8,87381.7
1766657700000,87377.2,87440.7,87320,87408.7
1766658600000,87408.1,87416.1,87224,87321.8
1766659500000,87317.5,87408.9,87276.8,87407.9
1766660400000,87410.4,87538.7,87402.4,87484.5
1766661300000,87484,87560.1,87456.8,87544.9
1766662200000,87545.9,87574.4,87486.6,87522.5
1766663100000,87527.3,87563.4,87439.8,87510.6
1766664000000,87510.1,87556.1,87457.2,87474.9
1766664900000,87475.4,87572.7,87472.9,87556.2
1766665800000,87554.2,87580.6,87461.7,87508.5
1766666700000,87503.5,87561,87496.4,87557.9
1766667600000,87557.4,87558.4,87477.2,87513.4
1766668500000,87516.9,87522,87388.3,87499
1766669400000,87500.4,87669.5,87454.8,87601.2
1766670300000,87600.4,87676.3,87553.3,87620.4
1766671200000,87619.3,87719.9,87602.4,87688.9
1766672100000,87692.4,87714,87528.8,87567.5
1766673000000,87567.4,87639.5,87549.6,87618
1766673900000,87618.5,87751.6,87616.5,87708.9
1766674800000,87712.7,87805.7,87691.9,87761.1
1766675700000,87764.4,88206.2,87734.7,88057.6
1766676600000,88061.7,88531.4,87923.4,88504.6
1766677500000,88497.7,88587.2,88270.8,88357.5
1766678400000,88361.6,88422.5,88153.4,88296.6
1766679300000,88295.9,88469.4,88293.2,88411.2
1766680200000,88411.7,88455.5,88173.9,88315.4
1766681100000,88316.4,88329.1,87977,88070.2
1766682000000,88071.2,88185.1,87983.7,88019.1
1766682900000,88019.8,88158.4,88010.4,88033.1
1766683800000,88018.9,88074,87994.8,88049.1
1766684700000,88045.3,88200.3,87998.4,88125.4
1766685600000,88125.6,88304.2,88122.9,88297.7
1766686500000,88287.6,88289.1,88196.6,88224.2
1766687400000,88219.4,88303,88133.7,88237.6
1766688300000,88236.7,88283.2,88216.5,88228.9
1766689200000,88227,88238.4,88144.4,88172.6
1766690100000,88174.7,88176,88063.4,88103.7
1766691000000,88103.7,88145.7,88033.1,88122.4
1766691900000,88127.9,88151.2,88093.7,88141.5
1766692800000,88142.1,88161.5,88045.4,88095.2
1766693700000,88096,88123.8,87619,87759.9
1766694600000,87758,87829.6,87682.3,87796.5
1766695500000,87798.9,87892.4,87798.9,87873.7
1766696400000,87878.9,87972.5,87770.5,87953.8
1766697300000,87968.9,87974.8,87877.5,87948.5
1766698200000,87948.2,87968.9,87897.5,87930.8
1766699100000,87948,87952.4,87818.9,87893.5
1766700000000,87893.5,87908.9,87720.3,87778.6
1766700900000,87778.3,87856.5,87746.1,87765.8
1766701800000,87765.9,87860.4,87631.6,87645.6
1766702700000,87641.3,87669.6,87289.9,87642.4
1766703600000,87644.4,87756.4,87472.2,87613.6
1766704500000,87620.5,87670.3,87399,87477.7
1766705400000,87452.8,87473.5,86973.3,87047.2
1766706300000,87046.8,87285.5,86885.5,87186.8
1766707200000,87218.8,87282.8,86968.9,87156.8
1766708100000,87155.8,87226.8,86893.6,87048.8
1766709000000,87071.5,87170.8,86835.4,86957.7
1766709900000,86959.7,87118.6,86867,87043.8
1766710800000,87045,87308.9,87040.2,87196.1
1766711700000,87223.8,87350.8,87177.8,87331.8
1766712600000,87329.8,87393.2,87237.4,87385.5
1766713500000,87362.8,87467.8,87297.5,87391.8
1766714400000,87416.4,88130.8,87360.1,88099.2
1766715300000,88101.2,89273.6,88101.2,88943.9
1766716200000,88908.7,89375.8,88908.7,89165.8
1766717100000,89200.8,89304.7,88958,89078.3
1766718000000,89110.8,89267.5,88931.6,89028.3
1766718900000,89013.8,89027.4,88642.7,88722.4
1766719800000,88722.3,88861.3,88621.2,88692.1
1766720700000,88708.8,88879.2,88660.3,88829.2
1766721600000,88816.8,88829.9,88428.9,88675.1
1766722500000,88694.8,88766.6,88564.2,88606.1
1766723400000,88606.2,89067.9,88606.2,88989.8
1766724300000,88989.3,89140.5,88871.2,88873.7
1766725200000,88874.8,89000.4,88812.3,88845.5
1766726100000,88883,88920.8,88754.7,88811.5
1766727000000,88848.6,88903.8,88732.6,88766.5
1766727900000,88767.3,89007.8,88763.1,88984.7
1766728800000,88987.4,89140.9,88906.4,88993.2
1766729700000,89025.8,89138.9,88955.6,88985.1
1766730600000,88986.7,89199.5,88954.1,89176.8
1766731500000,89177.6,89212.9,89014.1,89033.4
1766732400000,89033.5,89357.1,89033.1,89265.1
1766733300000,89264.6,89508.3,89216.6,89413.9
1766734200000,89413.1,89413.1,88686.8,88754.8
1766735100000,88771.8,88801.9,88271.9,88427.5
1766736000000,88446.8,88844.8,88335.4,88568.5
1766736900000,88604.5,88770.9,88536.9,88681.1
1766737800000,88672.6,88699.1,88486.3,88542.1
1766738700000,88578.3,88736.2,88521.2,88650.3
1766739600000,88717.7,88775.6,88583.2,88591.2
1766740500000,88593.1,88821.3,88593.1,88683.8
1766741400000,88680.8,88761.8,88637.1,88718.8
1766742300000,88699.3,88880.7,88685.7,88732
1766743200000,88730.3,88855.7,88682.5,88797.6
1766744100000,88825.8,88846.8,88611.2,88745.2
1766745000000,88745,88797.8,88600.2,88667.6
1766745900000,88667.3,88829.8,88663.9,88665.8
1766746800000,88699.8,88723,88587.6,88590.9
1766747700000,88590.4,88650.8,88539.3,88593.8
1766748600000,88590.8,88632.8,88477.8,88512.9
1766749500000,88539.8,88577.9,88451.3,88488.8
1766750400000,88456.2,88699.7,88456,88649.8
1766751300000,88650.8,88693.2,88548,88651.4
1766752200000,88651,88751.4,88570.5,88695.1
1766753100000,88701.1,88748.9,88595.9,88636.5
1766754000000,88634.8,88798,88542.5,88744.3
1766754900000,88780.9,88806.2,88675.8,88729.7
1766755800000,88729.8,89000.4,88685,88874.6
1766756700000,88875.1,89030.3,88841.9,88984.6
1766757600000,88958.8,89007.8,88836.2,88906.6
1766758500000,88904.1,89004.3,88879.7,88927.1
1766759400000,88970.8,89040.5,88206.3,88319.2
1766760300000,88319.7,88402.5,87268.5,87370.8
1766761200000,87369.6,87369.6,86713,86754.9
1766762100000,86739.9,87087.9,86579.8,86904.5
1766763000000,86902.3,87149.4,86801.8,86982.4
1766763900000,86984.9,87189.6,86873.6,87121.2
1766764800000,87078.8,87233.2,86928.2,86992.2
1766765700000,86990.2,87292.4,86936.2,87170.6
1766766600000,87170.5,87350.7,87084.8,87266.4
1766767500000,87242.5,87274.4,86751.1,86753.7
1766768400000,86753.8,87073.6,86753.8,86978.8
1766769300000,86945.2,87304.5,86892.2,87278.9
1766770200000,87275.4,87434.9,87106.4,87327.1
1766771100000,87355.4,87406.8,87179.6,87220.6
1766772000000,87222.1,87349,87135.9,87315.8
1766772900000,87314.8,87342.3,87158.4,87164.9
1766773800000,87170.2,87279.4,87121.5,87168.8
1766774700000,87175,87317.8,87042.3,87171.7
1766775600000,87171.3,87365.3,87161.7,87261.7
1766776500000,87260.6,87394.2,87186.4,87352.8
1766777400000,87353.8,87457.8,87256.8,87431
1766778300000,87457.8,87564.4,87349.7,87485.8
1766779200000,87451.5,87537.8,87309.3,87427.5
1766780100000,87434.9,87606.8,87416.8,87553.8
1766781000000,87517,87628.8,87478.6,87621.8
1766781900000,87626.7,87763.1,87475.6,87480.8
1766782800000,87480.6,87693.4,87464,87560.2
1766783700000,87560.1,87645.4,87454.2,87482.2
1766784600000,87482.1,87545.8,87386.4,87404.1
1766785500000,87404,87526.3,87328.1,87328.1
1766786400000,87328.1,87583,87326,87453.3
1766787300000,87453.1,87518.3,87345.2,87423.4
1766788200000,87425.9,87513.7,87270.2,87394.8
1766789100000,87393.9,87537.3,87257.1,87489.6
1766790000000,87487.1,87541.7,87356.9,87476.1
1766790900000,87476.2,87537,87389.8,87435
1766791800000,87389.9,87473.6,87290.7,87354.1
1766792700000,87349.7,87399.4,87231.4,87357.9
1766793600000,87311.3,87394.4,87231.5,87313.2
1766794500000,87312.9,87351.6,87198.2,87306.7
1766795400000,87303,87385,87297.9,87371.6
1766796300000,87376.5,87401.7,87318.9,87384.8
1766797200000,87381.9,87388.9,87296.5,87384.8
1766798100000,87382.4,87385.3,87228.3,87370.8
1766799000000,87375.7,87473.8,87274.2,87420.4
1766799900000,87418.9,87467.4,87316.9,87425.9
1766800800000,87464.9,87485,87299.9,87460.9
1766801700000,87460.5,87460.9,87309.7,87397.8
1766802600000,87317.9,87445.4,87302.8,87445.4
1766803500000,87442.9,87455.9,87317.7,87402.7
1766804400000,87438.9,87476.5,87333.1,87376.1
1766805300000,87373.8,87417.8,87270,87417.8
1766806200000,87418.1,87502.3,87307.9,87490.8
1766807100000,87453,87523.3,87373.1,87504
1766808000000,87502.8,87508.7,87360.8,87364.8
1766808900000,87364.8,87490.2,87350.9,87457.5
1766809800000,87457.1,87491.8,87348.9,87489.5
1766810700000,87441.4,87480.4,87342.9,87427.1
1766811600000,87350.3,87473.8,87330.6,87452.2
1766812500000,87455.1,87456.6,87320.2,87445.6
1766813400000,87448.8,87505.1,87330,87371.8
1766814300000,87489.5,87505.4,87364,87462
1766815200000,87463,87556.4,87361.2,87521.3
1766816100000,87403.6,87516.8,87346.2,87458.9
1766817000000,87423.8,87463.2,87294.1,87446.1
1766817900000,87446.5,87461.3,87315.8,87456.9
1766818800000,87457.4,87538.7,87400.8,87425.4
1766819700000,87543.2,87695,87483.8,87579.6
1766820600000,87579.6,87579.6,87420,87420
1766821500000,87420,87541.7,87420,87522.4
1766822400000,87503.8,87594.1,87502.6,87549.4
1766823300000,87523.8,87661.5,87474.7,87595.5
1766824200000,87596,87630.4,87546.3,87603.4
1766825100000,87603.2,87603.4,87462.1,87543.7
1766826000000,87542.7,87652.7,87481,87626.6
1766826900000,87627.2,87657.3,87493.1,87540.3
1766827800000,87526.7,87621.6,87525.3,87571.5
1766828700000,87556,87621.4,87480.2,87591.5
1766829600000,87582.8,87598.1,87496.7,87522.5
1766830500000,87526,87603.1,87476.5,87498.5
1766831400000,87497.1,87546.9,87321.6,87421.4
1766832300000,87407.1,87506.4,87371.2,87494.6
1766833200000,87495,87522,87396.1,87501.6
1766834100000,87502.6,87528.3,87377,87470.7
1766835000000,87458.9,87508.1,87366.2,87370.8
1766835900000,87370.8,87522,87370.8,87451.5
1766836800000,87443.8,87486.4,87375.9,87432.3
1766837700000,87432.4,87469.1,87341.5,87374.2
1766838600000,87374.2,87502.1,87366.1,87464.8
1766839500000,87472.8,87487.3,87353.8,87448.2
1766840400000,87464.9,87466.6,87350.5,87417.6
1766841300000,87411.8,87440.9,87353.1,87379.5
1766842200000,87369.8,87451.8,87267.2,87431.5
1766843100000,87352.1,87460.4,87348.6,87419.8
1766844000000,87429.6,87451.4,87347.1,87424.9
1766844900000,87442.9,87450.2,87362.2,87375.4
1766845800000,87374.1,87485.5,87372.8,87485.5
1766846700000,87487.4,87535.4,87419,87493.6
1766847600000,87493.7,87545,87408.2,87514.8
1766848500000,87515.8,87539.6,87406.9,87512.9
1766849400000,87499.2,87572.4,87454.9,87474.9
1766850300000,87474.8,87580.4,87448.5,87531.8
1766851200000,87523.8,87571.9,87455.1,87469.8
1766852100000,87476.3,87507.9,87393.4,87436.8
1766853000000,87447.6,87550.9,87447.1,87513
1766853900000,87514.8,87524.4,87396.9,87476.8
1766854800000,87476.9,87497.1,87367.8,87497.1
1766855700000,87497,87524,87406,87486.3
1766856600000,87503.8,87526.3,87460.5,87494.1
1766857500000,87430.3,87537.4,87430.3,87437.4
1766858400000,87439.1,87565.1,87405.7,87405.7
1766859300000,87406.4,87522.3,87390.6,87503.8
1766860200000,87508.5,87524.8,87403.5,87474.9
1766861100000,87396.9,87512.4,87344.3,87465.8
1766862000000,87466.8,87549,87443.8,87523.8
1766862900000,87544.8,87555.5,87420.7,87508.6
1766863800000,87507.6,87551.4,87424.7,87500.5
1766864700000,87424.5,87562.6,87424.5,87520.3
1766865600000,87521.2,87622.5,87465.4,87568.3
1766866500000,87569.5,87575.5,87421.4,87423
1766867400000,87423.8,87547.9,87419.7,87434.7
1766868300000,87435.3,87549.8,87429.5,87529.8
1766869200000,87517.3,87617.4,87437,87578.1
1766870100000,87612.1,87624.6,87495.8,87604.8
1766871000000,87589.2,87655.8,87513.4,87625.7
1766871900000,87589.1,87660.6,87513.7,87658.3
1766872800000,87540.1,87900.9,87540.1,87817.2
1766873700000,87855.5,87940.6,87632.2,87678.6
1766874600000,87678.9,87683.7,87473.1,87535.8
1766875500000,87522.8,87642.9,87451.7,87510.8
1766876400000,87551,87633.7,87505.4,87571.8
1766877300000,87604.3,87710.6,87567.1,87637.9
1766878200000,87611.8,87680.3,87535.6,87632.8
1766879100000,87632.8,87974.8,87628.6,87863.9
1766880000000,87864,87947.9,87756.7,87802.9
1766880900000,87807.5,87814.5,87652.1,87699.8
1766881800000,87688.9,87892.4,87664.7,87876.5
1766882700000,87837.6,87928.6,87714.6,87837.3
1766883600000,87838.8,87936,87799.1,87800.9
1766884500000,87797.6,87838.4,87680.5,87796.3
1766885400000,87792.9,87855.2,87705.4,87810.7
1766886300000,87810.7,87810.7,87686.5,87777.1
1766887200000,87770.9,87786.2,87634.9,87769.2
1766888100000,87731.1,87801.8,87673.7,87796.2
1766889000000,87794.8,87862.5,87709.9,87780.4
1766889900000,87820.8,87835.1,87703.7,87792.6
1766890800000,87799.9,87839.1,87725.9,87771.4
1766891700000,87770.4,87801,87618.1,87728.1
1766892600000,87694.6,87767.9,87628.5,87735.9
1766893500000,87740.8,87753.8,87620.9,87702.8
1766894400000,87720.4,87823.8,87636.1,87757.3
1766895300000,87749.2,87794.9,87665.4,87785.2
1766896200000,87781.4,87791.6,87631.1,87742.9
1766897100000,87741.9,87755.3,87586.7,87708.1
1766898000000,87710.8,87710.8,87547.9,87683.6
1766898900000,87682.8,87683.3,87547,87608.7
1766899800000,87609.2,87672.9,87555.8,87664.5
1766900700000,87668.9,87699.8,87577.4,87624.3
1766901600000,87598.1,87696.2,87511,87691.6
1766902500000,87657,87733.6,87644,87680.8
1766903400000,87718.7,87775,87670.3,87773.6
1766904300000,87776.6,87776.6,87625.4,87713.9
1766905200000,87668.7,87721.1,87554.9,87701.9
1766906100000,87696.7,87696.7,87621.2,87677.3
1766907000000,87628.4,87691.5,87613.7,87664.6
1766907900000,87665.6,87723.5,87586.1,87723.2
1766908800000,87729,87803,87616.5,87744.3
1766909700000,87785,87790.8,87653.4,87757.6
1766910600000,87655.2,87962.2,87655.2,87801.8
1766911500000,87828.7,87856.9,87735.6,87789.7
1766912400000,87790.7,87863.4,87744.2,87853.1
1766913300000,87807,87890.4,87787.6,87875.8
1766914200000,87875.1,87875.8,87665.1,87770.2
1766915100000,87770,87791.9,87706.7,87754.6
1766916000000,87791.4,87952.4,87746.5,87891.6
1766916900000,87892.8,87961.9,87815.8,87900.3
1766917800000,87914.2,88001.9,87781.7,87838.4
1766918700000,87839.4,87852.8,87783.9,87849.9
1766919600000,87856.9,87915.5,87762.9,87879
1766920500000,87880.8,87914.4,87758.2,87884.5
1766921400000,87877.5,87884.5,87756.9,87821.9
1766922300000,87822.4,87877,87773.2,87877
1766923200000,87851.8,87884.5,87761.7,87839.5
1766924100000,87835.3,87852.9,87711.7,87711.7
1766925000000,87793.7,87860.5,87690.9,87802.9
1766925900000,87769.4,87863,87695.4,87840
1766926800000,87840.2,87944.4,87790.5,87842.4
1766927700000,87802.8,87897.4,87751.5,87810.8
1766928600000,87835.6,87942.6,87811.8,87848.1
1766929500000,87873.8,87921.3,87766.4,87855.8
1766930400000,87892.3,87981.6,87843.2,87964.5
1766931300000,87964,87972.9,87869.2,87970.9
1766932200000,87970.4,88062.1,87884.6,87986.2
1766933100000,87991.1,88017.4,87856.1,87903.3
1766934000000,87903.3,87985.5,87820.7,87965.7
1766934900000,87969.9,87996.4,87890.5,87906.9
1766935800000,87942.8,87942.8,87795.9,87916.4
1766936700000,87916.9,87949.4,87771.9,87825.5
1766937600000,87825,87890.4,87770.2,87809.6
1766938500000,87810.1,87889.8,87684.9,87747.8
1766939400000,87747.8,87827.9,87735.4,87792.9
1766940300000,87746.4,87825.7,87682.9,87774.8
1766941200000,87763.2,87892.8,87763.2,87892.8
1766942100000,87866.8,87923.2,87833.1,87882.7
1766943000000,87881.7,87884.6,87676.4,87772.1
1766943900000,87768.1,87815.2,87681.9,87704.2
1766944800000,87689.9,87754.4,87530,87635.9
1766945700000,87636.6,87710.3,87447.1,87674.6
1766946600000,87652.1,87747.3,87593.4,87657.5
1766947500000,87656.2,87700.6,87479.6,87587.7
1766948400000,87587.9,87687.1,87465.1,87662.4
1766949300000,87613.1,87653.5,87385,87505.7
1766950200000,87505.2,87629.3,87466.8,87590.2
1766951100000,87542.8,87610.6,87464.3,87510.9
1766952000000,87511.4,87564.1,87406,87501.2
1766952900000,87501.7,87582.1,87432.8,87533.8
1766953800000,87534.8,87602,87522.6,87593.3
1766954700000,87563.8,87645.2,87454.7,87476.8
1766955600000,87502.6,87540.3,87381.1,87537.1
1766956500000,87541.8,87575.9,87373.9,87490.8
1766957400000,87490.9,87585.4,87442,87461.7
1766958300000,87576.8,87578.2,87428.5,87547.8
1766959200000,87460.9,87580.9,87388.8,87427.2
1766960100000,87427.3,87534.3,87426.1,87527.4
1766961000000,87527.5,87610.3,87496.9,87555.1
1766961900000,87554.9,87891.5,87554.9,87809.2
1766962800000,87809.7,87949,87608.3,87611.1
1766963700000,87610.6,87800,87605.6,87618.4
1766964600000,87611.2,87747.8,87540.9,87747.8
1766965500000,87745.8,87898.2,87702.3,87873.8
1766966400000,87850.7,87919.8,87744.7,87824.8
1766967300000,87825.8,88002.6,87725.9,87999.9
1766968200000,88000.1,88260.4,87948.5,88136.9
1766969100000,88134.3,88403.9,88053.2,88207.2
1766970000000,88280.5,88281,87953,87968.2
1766970900000,87968.1,88041.2,87781.1,87988.2
1766971800000,87993,88467.6,87859,88298.8
1766972700000,88302.6,88448.9,88201.6,88333.7
1766973600000,88333.9,89275.1,88333.9,89143.1
1766974500000,89143.2,89358.8,88807.6,89022.3
1766975400000,89022.4,89249.8,88918.4,89024.8
1766976300000,88986.9,89293.3,88986.9,89046.2
1766977200000,89046.1,89477.6,89046.1,89473.6
1766978100000,89475.6,89486.3,89269.6,89362.6
1766979000000,89362.3,89989.3,89362.3,89972.6
1766979900000,89975.3,90120.1,89790.1,90106.4
1766980800000,90109.4,90139.9,89894.8,90033.8
1766981700000,90035.8,90206.6,89899.4,90053.8
1766982600000,90054.8,90389.2,89978,90202.9
1766983500000,90198.2,90285.4,90064.2,90091.9
1766984400000,90090.6,90281.7,89988.4,90163.7
1766985300000,90163.2,90191.2,89984,90065.9
1766986200000,90065.5,90157.8,89972.4,90076.5
1766987100000,90077,90109.5,89849.6,89870.5
1766988000000,89870.4,90020.1,89794.6,89889.2
1766988900000,89887.7,90109.4,89887.2,89944
1766989800000,89947.1,89981.8,89788,89788
1766990700000,89787.6,89846.3,89649.9,89651
1766991600000,89650.5,89808.4,89486.4,89640.8
1766992500000,89641.3,89650.4,89481.5,89517.8
1766993400000,89486,89642.6,89465.2,89550.4
1766994300000,89546.3,89639.7,89451.4,89568.8
1766995200000,89540.8,89637.8,89379.7,89520.7
1766996100000,89519.9,89816.9,89519.9,89766.7
1766997000000,89768.5,89788.9,89599.7,89698.9
1766997900000,89694,89769.2,89447.9,89541.1
1766998800000,89546.4,89589.3,89370.5,89459.3
1766999700000,89459.2,89488.4,89251.8,89306.5
1767000600000,89305.5,89318.4,88080.5,88119.9
1767001500000,88118.7,88215.5,87750,87975.7
1767002400000,87974.9,88202.6,87837.7,88064.8
1767003300000,88062,88062,87837.8,88011
1767004200000,88013.8,88013.8,87877.7,87919.1
1767005100000,87908.8,87932.1,87553.3,87762.8
1767006000000,87732.6,87758.3,87529.2,87650.5
1767006900000,87651.3,87734.4,87591.5,87612.1
1767007800000,87611.9,87740.7,87510.9,87514.4
1767008700000,87514.5,87642.5,87496.8,87557.5
1767009600000,87554.9,87618.9,86830.8,86950.5
1767010500000,86952.3,87334.8,86695.6,87247.8
1767011400000,87251.3,87398.4,87141.5,87291.9
1767012300000,87295.6,87389.4,87192.6,87371
1767013200000,87373.4,87526.1,87214.6,87297.8
1767014100000,87322.7,87452.2,87221.9,87284.4
1767015000000,87284.2,87355,87180.9,87269.1
1767015900000,87272.5,87371.7,87103.3,87371.7
1767016800000,87369.6,87377.4,87165.5,87294.3
1767017700000,87294.6,87580.5,87265.1,87486.9
1767018600000,87487,88151.3,87318,88081.2
1767019500000,88076.9,88079.4,87262.3,87423.9
1767020400000,87422.9,87695.3,87148.7,87582.1
1767021300000,87583.5,87871.7,87401.6,87722.4
1767022200000,87718.2,87860.4,87567.7,87813.8
1767023100000,87807.3,87819.8,87509.1,87673.8
1767024000000,87673,87795.8,87520.4,87661.3
1767024900000,87661.5,87741.8,87357.8,87426.4
1767025800000,87426.3,87717,87415.5,87594.8
1767026700000,87562.7,87706.9,87474.8,87618.9
1767027600000,87619.4,87696.8,87467.6,87499.9
1767028500000,87499.8,87622.3,87256.1,87310.4
1767029400000,87310.5,87583.9,87300.9,87582.1
1767030300000,87586.1,87819.3,87494.8,87766.8
1767031200000,87731.4,87957.8,87602.6,87742.9
1767032100000,87782.6,87860.2,87622.8,87702
1767033000000,87706.3,87767.6,87451.7,87578.8
1767033900000,87579.8,87601.4,87283.2,87331.2
1767034800000,87331.8,87660.5,87213.1,87562.5
1767035700000,87562.1,87575.5,87404.8,87498.6
1767036600000,87476.8,87580.5,87337.7,87393.4
1767037500000,87395.3,87414.9,87241.3,87353.5
1767038400000,87352.7,87494.8,87243.1,87395.6
1767039300000,87395.2,87508.8,87223.6,87319.8
1767040200000,87323.8,87385.2,87164.7,87222.1
1767041100000,87224,87262.8,87032.6,87202
1767042000000,87199.8,87331.1,87054.8,87210.7
1767042900000,87211.4,87271.9,87111.5,87150.6
1767043800000,87150.5,87216.7,87120.4,87210.6
1767044700000,87210.4,87212.2,87171.2,87194.6
1767045600000,87194.8,87326.8,87060.1,87118.5
1767046500000,87122.4,87252.1,87122,87205.1
1767047400000,87201.3,87380.6,87191.1,87359.2
1767048300000,87362.2,87362.2,87206.9,87210.8
1767049200000,87210.7,87260.5,87150.6,87239.5
1767050100000,87239.4,87300.7,87179.9,87197.5
1767051000000,87201.7,87251.7,87154.8,87204.4
1767051900000,87203.4,87250.7,87097,87097.4
1767052800000,87098,87267.2,87088.7,87161.9
1767053700000,87161.8,87215,87155.1,87163.5
1767054600000,87163.4,87270.5,87063.3,87124.9
1767055500000,87129.7,87204.6,87035.4,87117
1767056400000,87116.9,87239.8,87043.7,87209.4
1767057300000,87208.4,87288.4,87141.2,87150.4
1767058200000,87153.9,87209.2,87030.8,87132
1767059100000,87131.9,87224.8,87130.9,87171.4
1767060000000,87171.8,87250.7,87050.1,87199
1767060900000,87200,87312.8,87087.6,87230.8
1767061800000,87232.8,87253.4,86864.5,87015.4
1767062700000,87015.6,87100.1,86921,87099.5
1767063600000,87096.6,87102,86889.3,86916.6
1767064500000,86919.1,87290.5,86720.3,87266
1767065400000,87265.7,87308.7,87160.6,87266.6
1767066300000,87265.5,87361.5,87139.8,87334.8
1767067200000,87337.8,87415.1,87188.3,87188.5
1767068100000,87189.4,87486.6,87175.7,87439.2
1767069000000,87443.1,87458.5,87269.4,87309.5
1767069900000,87310,87437.8,87289.5,87293.2
1767070800000,87293.5,87349.8,87281.9,87315.8
1767071700000,87315.7,87343.8,87223.5,87263.7
1767072600000,87263.4,87263.4,87131.3,87230.5
1767073500000,87229.4,87250.2,87192,87244.3
1767074400000,87245.3,87298.7,87155,87191.6
1767075300000,87191.8,87278.8,87187,87243.3
1767076200000,87243.4,87451.7,87237.7,87350.4
1767077100000,87350.8,87469.9,87337.5,87433.6
1767078000000,87434.4,87524.8,87388.6,87512.9
1767078900000,87508.5,87565.4,87358.5,87412.8
1767079800000,87408.7,87522.9,87322.5,87477.4
1767080700000,87477.8,87502.8,87449.9,87487.4
1767081600000,87421.8,88003.3,87356.6,87871
1767082500000,87868.5,88191.8,87667.8,87823.8
1767083400000,87817.9,87966.1,87726.4,87903.8
1767084300000,87898.8,87917.1,87743.2,87821.3
1767085200000,87850.2,87910.9,87664.9,87671.8
1767086100000,87671,87765.8,87581.5,87649.6
1767087000000,87684.7,87715.4,87579.2,87713.5
1767087900000,87713.9,88023.5,87691.4,87856.3
1767088800000,87856,88052.5,87855,87888.6
1767089700000,87892.5,88052.1,87877.9,87999.7
1767090600000,87996.5,88141.9,87823.5,88141.4
1767091500000,88140.4,88175.1,87877.7,87938.4
1767092400000,87939.6,88014.7,87889.9,88009.1
1767093300000,88006.9,88017.6,87865.1,87918.6
1767094200000,87922.8,87966.8,87824,87868.4
1767095100000,87872.2,87933.4,87697.9,87764.2
1767096000000,87767.8,88058.6,87763.9,88030.1
1767096900000,88029.6,88047.4,87863,87987.7
1767097800000,87988.8,87992.8,87823.7,87856.9
1767098700000,87857.5,87884.3,87824.4,87883.3
1767099600000,87882.4,88010.7,87856.4,87945.7
1767100500000,87941.9,88120.3,87818.7,88082
1767101400000,88083.7,88125.1,87846.3,87929.7
1767102300000,87930.2,88127.4,87924.2,87974.8
1767103200000,87975.1,88063.7,87783.3,87896
1767104100000,87896.4,88378.9,87889.6,88115.6
1767105000000,88119.4,88215.3,87807.7,87963.2
1767105900000,87963.6,88992.3,87954.3,88865.5
1767106800000,88864.5,89056,88147.6,88273.5
1767107700000,88241.3,88495.5,88144.1,88347.9
1767108600000,88384.7,88713.6,88342.5,88658.2
1767109500000,88657.2,89117.1,88597,88895.5
1767110400000,88896.1,89127.7,88696.5,88952.5
1767111300000,88956.4,89378.5,88836.4,89105.1
1767112200000,89137.8,89233.8,88578.1,88607.6
1767113100000,88607.7,88779.9,88496.5,88730.8
1767114000000,88734.8,88862.8,88627.3,88750.3
1767114900000,88756.5,88798.2,88410.9,88516.8
1767115800000,88517.1,88677.1,88421.2,88424.3
1767116700000,88424.2,88494.8,88070,88367.8
1767117600000,88365.6,88378.5,88200,88207.8
1767118500000,88207.9,88395.5,88201,88280.6
1767119400000,88281.1,88456.3,88245.2,88264.5
1767120300000,88264.9,88340.5,88066.3,88294.8
1767121200000,88292.8,88294.8,87876.5,88054.7
1767122100000,88055,88356.1,87954.1,88247
1767123000000,88246.9,88360,88200,88200
1767123900000,88200,88271.8,88070.8,88157.8
1767124800000,88120.9,88205.5,88015.3,88121.1
1767125700000,88121.6,88191.9,87989.1,88036.8
1767126600000,88039.8,88135.8,87965.7,88031.4
1767127500000,88036.3,88036.3,87782.4,87928.4
1767128400000,87932.2,88081.4,87814.4,87955.4
1767129300000,87993,88152.3,87958.6,88150.4
1767130200000,88151,88211.1,88067.8,88165.2
1767131100000,88165.8,88272.1,88135.4,88271.5
1767132000000,88168,88409.8,88168,88351.2
1767132900000,88351.1,88354,88257.1,88312.8
1767133800000,88317,88330.2,88182.3,88203.8
1767134700000,88203.9,88313.3,88172.8,88299.4
1767135600000,88299.3,88446.3,88239.8,88446.1
1767136500000,88445.2,88550.1,88358.8,88455.4
1767137400000,88471.8,88556.5,88394.8,88548.1
1767138300000,88548,88548,88369.5,88370.3
1767139200000,88376.8,88480.5,88306.5,88370.9
1767140100000,88371.5,88403.3,88231.6,88384.6
1767141000000,88382.5,88386.4,88179.4,88205.2
1767141900000,88201,88302.6,88176.5,88251.9
1767142800000,88248.1,88297.6,88110,88181.6
1767143700000,88180.3,88630.3,88179.4,88461.3
1767144600000,88461.2,88745.1,88461.2,88725.1
1767145500000,88724.9,88777.9,88501,88525.1
1767146400000,88526.3,88679,88486.6,88678.3
1767147300000,88678.2,88726.4,88532.6,88542.1
1767148200000,88542.4,88724.4,88522.8,88594
1767149100000,88597.9,88641.6,88478.6,88543.4
1767150000000,88543.2,88804.3,88540.7,88753.7
1767150900000,88750.6,88750.6,88518.8,88534
1767151800000,88534.1,88545.4,88367.9,88455.8
1767152700000,88459.8,88462.6,88318.7,88379.8
1767153600000,88380.8,88466.7,88288.6,88462.1
1767154500000,88463.5,88527.7,88263.8,88300.9
1767155400000,88301,88330.2,88260.5,88260.6
1767156300000,88261,88419.3,88240.8,88321.3
1767157200000,88325.1,88431.8,88268.1,88410.4
1767158100000,88410.9,88450.8,88317.7,88326.2
1767159000000,88325.6,88423.8,88313.8,88388.2
1767159900000,88388.1,88482.7,88336.5,88418.2
1767160800000,88418.1,88525.3,88390.5,88391.4
1767161700000,88390.7,88421.8,88343.5,88398.6
1767162600000,88398.5,88429.2,88351.2,88373.3
1767163500000,88373.2,88511.3,88370.2,88376.1
1767164400000,88376.7,88376.7,88308.1,88356.1
1767165300000,88355.8,88435.2,88300.4,88410.8
1767166200000,88410.7,88487.8,88392.3,88477.9
1767167100000,88478.1,88496.7,88442.2,88479
1767168000000,88478.9,88696.8,88478,88559.3
1767168900000,88559.2,88680.9,88523.8,88646.7
1767169800000,88643.2,88646.1,88347.4,88377.2
1767170700000,88373.1,88450.4,88348.7,88427
1767171600000,88428.7,88578.6,88360.8,88545.9
1767172500000,88546.4,88593,88545.9,88585.5
1767173400000,88579.7,88667.7,88515.5,88516.7
1767174300000,88516.8,88581.2,88516.1,88534.8
1767175200000,88534.7,88686.6,88534.7,88663.8
1767176100000,88663.9,88799.1,88610.5,88755.3
1767177000000,88755.1,88768.5,88595.5,88615.7
1767177900000,88645.8,88719.8,88594.8,88707.2
1767178800000,88707.1,88859.9,88687.3,88857.6
1767179700000,88856.9,88866.4,88692.6,88795.7
1767180600000,88795.6,88967.8,88788.1,88871.4
1767181500000,88871.5,89017.2,88866.8,88887.3
1767182400000,88885.2,89023.3,88863.8,88937
1767183300000,88935.9,88991.8,88883.3,88930.8
1767184200000,88934.7,88977.7,88770.8,88819.3
1767185100000,88824.3,88855,88695.6,88765.4
1767186000000,88768.4,88830.1,88710.6,88807.1
1767186900000,88807.5,88875.8,88681.4,88836.9
1767187800000,88826.6,88826.6,88733.3,88783.8
1767188700000,88784,88984.7,88669,88980.3
1767189600000,88975.8,89159.9,88874.8,89123.6
1767190500000,89124.9,89135.2,88938.5,88942.5
1767191400000,88929.9,88929.9,88489.8,88521.4
1767192300000,88521.3,88577.8,88204.7,88408.8
