timestamp,open,high,low,close
1656633600000,19908.1,19924,19609.1,19665.7
1656634500000,19665.8,20602.6,19648.7,20426.4
1656635400000,20425,20830.3,20310.9,20345.4
1656636300000,20346.6,20439.6,20199.1,20228.3
1656637200000,20229.8,20376.9,20195.8,20232.4
1656638100000,20232.6,20327.2,20201.1,20326.2
1656639000000,20327.2,20418.1,20222.7,20366.1
1656639900000,20365.6,20387.2,20316,20353.8
1656640800000,20351.6,20473.5,20290,20430.2
1656641700000,20429.4,20438,20319.4,20329.9
1656642600000,20329.4,20336.3,20246.7,20272.2
1656643500000,20272.3,20294.7,20208.7,20235.9
1656644400000,20235.6,20249.7,20075.5,20132.4
1656645300000,20144.9,20156.2,20035,20075
1656646200000,20072.8,20114.2,20013.3,20040.1
1656647100000,20040.2,20065.4,19632.5,19673.6
1656648000000,19673,19691.2,19481.2,19530.7
1656648900000,19530.3,19550.3,19484.2,19499.9
1656649800000,19500,19682.9,19495.2,19543.6
1656650700000,19543.5,19560.4,19316.2,19351.3
1656651600000,19349.2,19383.1,19279.8,19364.1
1656652500000,19362.1,19504.2,19259.2,19410.9
1656653400000,19411.2,19429.3,19309.8,19413.5
1656654300000,19410.7,19466.1,19379.8,19406.4
1656655200000,19406.6,19426.8,19348.7,19367.4
1656656100000,19372.9,19381.9,19298.5,19367.5
1656657000000,19364,19405.5,19338.5,19387.6
1656657900000,19393.6,19421.4,19314.5,19344.1
1656658800000,19344.5,19373.3,19280.3,19356.7
1656659700000,19356.7,19495.3,19327.4,19455.3
1656660600000,19454.5,19599.5,19448.8,19488.9
1656661500000,19490,19583.6,19483,19527.2
1656662400000,19527.4,19722.2,19420.3,19667.4
1656663300000,19681.2,19702.6,19584.6,19599.9
1656664200000,19601.2,19633.6,19514.2,19514.3
1656665100000,19514.2,19584.9,19450.5,19464.5
1656666000000,19464.2,19503.6,19373,19418.1
1656666900000,19420.4,19504.3,19409.1,19428.1
1656667800000,19430.3,19440.7,19337.5,19386.6
1656668700000,19388.4,19430.9,19310.9,19366.5
1656669600000,19366.7,19415.9,19287.3,19390
1656670500000,19390.5,19434.3,19353.6,19366.5
1656671400000,19369,19396.5,19058.4,19099
1656672300000,19100.7,19117.9,18940.8,19008.5
1656673200000,19012.9,19134.5,18917,19080.6
1656674100000,19080.5,19144,19042.8,19130.2
1656675000000,19131.6,19168.8,19088.6,19110.2
1656675900000,19105.7,19158.8,19083.5,19130.9
1656676800000,19132.9,19171.7,19125.1,19161.7
1656677700000,19162.3,19226.5,19081,19181.5
1656678600000,19176.8,19275.5,19170.5,19262.5
1656679500000,19262.6,19294.7,19213.7,19231.1
1656680400000,19232.3,19317,19208.5,19268.2
1656681300000,19269,19338.2,19247.3,19255.6
1656682200000,19257.8,19435.9,19156.4,19403.8
1656683100000,19406,19606,19392.3,19417.4
1656684000000,19416.9,19471.2,19277.5,19301.4
1656684900000,19299.9,19374.3,19276.5,19287.4
1656685800000,19286.3,19353.2,19239.1,19335.2
1656686700000,19331.3,19395.8,19313.3,19349.5
1656687600000,19349.6,19408.2,19269.4,19364.3
1656688500000,19366.4,19429.3,19329.8,19349.5
1656689400000,19350.2,19381.1,19307.3,19337.1
1656690300000,19335.2,19337.8,19170.1,19236.9
1656691200000,19235.2,19299.7,19200.5,19268.2
1656692100000,19267.2,19375.5,19259.7,19344.3
1656693000000,19345,19371.4,19296.4,19316.9
1656693900000,19313.3,19406.7,19297.1,19299.5
1656694800000,19299.7,19345.6,19266.9,19345.6
1656695700000,19348.9,19385.5,19309.7,19331.2
1656696600000,19331.4,19454.5,19298.2,19401.1
1656697500000,19401.3,19453.8,19391.6,19427.9
1656698400000,19427.8,19457.2,19399.2,19422.9
1656699300000,19422,19479.8,19405.4,19429.6
1656700200000,19429.5,19484.9,19403.4,19416.4
1656701100000,19416.3,19438.4,19328.4,19379.7
1656702000000,19387.5,19388,19328.1,19346.8
1656702900000,19346.7,19354,19224.6,19260.9
1656703800000,19261,19305.2,19230.7,19272
1656704700000,19278.2,19347.5,19269.1,19338.8
1656705600000,19338.7,19439.4,19290.4,19391.3
1656706500000,19394,19621.9,19369.2,19548.9
1656707400000,19550,19556.7,19418.8,19428
1656708300000,19427.9,19511.7,19365,19371.2
1656709200000,19336.9,19424.6,19333.7,19417.6
1656710100000,19417.6,19423.8,19339,19349
1656711000000,19348.7,19403.9,19333.5,19382.2
1656711900000,19382.2,19382.2,19248,19302.2
1656712800000,19302.1,19330.2,19253.3,19265.2
1656713700000,19267.9,19299,19245.2,19283.4
1656714600000,19283.3,19325.7,19247,19320.4
1656715500000,19320.5,19325.1,19192.8,19207.4
1656716400000,19208.4,19270.6,19194.6,19268.5
1656717300000,19268.5,19372.6,19251.3,19322.7
1656718200000,19323.9,19343.7,19315.5,19330.8
1656719100000,19330.8,19353.4,19125.9,19182.3
1656720000000,19187.6,19263.3,19113.1,19252.7
1656720900000,19253,19296,19172.3,19220.2
1656721800000,19220.3,19250.7,19147.9,19238.4
1656722700000,19238.4,19250.3,19071.8,19083.3
1656723600000,19083.2,19142.1,19052.7,19092.4
1656724500000,19092.4,19182.6,19085.6,19174.1
1656725400000,19178.2,19204.7,19142.3,19165.3
1656726300000,19165.5,19198.9,19130.3,19136
1656727200000,19136,19193.7,19112.5,19183.2
1656728100000,19181.9,19196.8,19123.7,19132.8
1656729000000,19132.8,19138.7,19047.7,19055.2
1656729900000,19055.2,19121.2,19026.6,19103.9
1656730800000,19104,19135,19080.1,19097.9
1656731700000,19097.3,19122.9,19058.3,19059.9
1656732600000,19060,19065,18976.7,19014.8
1656733500000,19014.7,19049.2,18991.5,19039.4
1656734400000,19039.4,19079.5,19018.6,19051
1656735300000,19051.4,19108.8,19051.1,19094.4
1656736200000,19095.4,19139,19093.5,19107.1
1656737100000,19107.7,19124.5,19094.6,19103.2
1656738000000,19103.7,19143.1,19085.3,19140.8
1656738900000,19142,19205,19124.8,19160.7
1656739800000,19160.6,19183.8,19113.7,19145.6
1656740700000,19145.7,19177.4,19126.4,19147.3
1656741600000,19147.2,19188.5,19141.6,19164.6
1656742500000,19164.7,19188.7,19141.8,19142.5
1656743400000,19142.5,19145.2,19098.7,19101.3
1656744300000,19100.6,19164.9,19095.3,19122.4
1656745200000,19122.4,19148.4,19120.2,19125.9
1656746100000,19125.7,19182.6,19118.6,19138.7
1656747000000,19136.8,19150.7,19094.4,19102
1656747900000,19103.3,19114.4,19018.7,19036.3
1656748800000,19036.1,19093.8,19033.6,19088.2
1656749700000,19088.2,19109,19059.5,19096.1
1656750600000,19097.6,19100.7,19024.1,19029.1
1656751500000,19029.3,19064.6,18991.5,19022.6
1656752400000,19022.6,19072.1,19005.6,19064.9
1656753300000,19064.9,19068.1,18897.3,18946
1656754200000,18946.1,19002.6,18938.9,18975.7
1656755100000,18975.6,19096.3,18974.5,19079.5
1656756000000,19080.7,19110,19059.2,19088.5
1656756900000,19088.6,19105.9,19045,19063.5
1656757800000,19062.1,19177.9,19042.1,19138.1
1656758700000,19138.1,19193,19122.4,19151.2
1656759600000,19151.3,19157.8,19125.8,19139.8
1656760500000,19138.4,19182.8,19118,19149.2
1656761400000,19149.2,19165.3,19097.3,19116.1
1656762300000,19116.1,19123.8,19069.5,19104.3
1656763200000,19104.5,19181,19059.9,19165.1
1656764100000,19165.1,19196.3,19118.1,19135.9
1656765000000,19134.8,19357,19103.3,19304.1
1656765900000,19304.1,19321.3,19215.5,19251.1
1656766800000,19250.8,19254.2,19151.3,19156.9
1656767700000,19157,19178,19139.8,19160.7
1656768600000,19159.7,19176.3,19131.8,19153.9
1656769500000,19154,19178,19141.2,19178
1656770400000,19178,19191.8,19162.8,19181.6
1656771300000,19181.6,19244.4,19177.2,19224.4
1656772200000,19224.4,19272.2,19212,19243.2
1656773100000,19244.2,19256,19186.9,19201.9
1656774000000,19201.9,19210,19201.9,19201.9
1656774900000,19201.9,19201.9,19201.9,19201.9
1656775800000,19201.9,19201.9,19201.9,19201.9
1656776700000,19201.9,19201.9,19201.9,19201.9
1656777600000,19201.9,19201.9,19201.9,19201.9
1656778500000,19201.9,19234.3,19201.9,19218.2
1656779400000,19218.2,19232.2,19201.9,19203.5
1656780300000,19203.5,19242,19201.9,19203.5
1656781200000,19203.4,19242,19201.9,19206.2
1656782100000,19206.4,19241.4,19201.9,19241.4
1656783000000,19241.8,19255,19207.8,19213.3
1656783900000,19213.3,19230.3,19201.9,19208.1
1656784800000,19208,19223.1,19201.9,19210
1656785700000,19210,19210,19175.3,19186.4
1656786600000,19185,19194,19169.9,19180.7
1656787500000,19179.1,19306.6,19165.7,19232.2
1656788400000,19232.2,19316.2,19228.6,19249.1
1656789300000,19249.1,19283.7,19152,19158.1
1656790200000,19159,19176.4,19109.5,19150.3
1656791100000,19150.3,19195,19139.3,19182.2
1656792000000,19183.3,19198.2,19146,19157.9
1656792900000,19157.9,19175,19112.9,19161.1
1656793800000,19160.4,19186.3,19159.9,19166.5
1656794700000,19164.7,19193.8,19147.9,19174.7
1656795600000,19175.1,19263.6,19167.6,19257.8
1656796500000,19258.1,19274,19235.3,19238.9
1656797400000,19238.8,19263.6,19236.2,19245.1
1656798300000,19245.1,19320.3,19245,19294.5
1656799200000,19264.3,19308.7,19264.2,19287.9
1656800100000,19287.6,19302.2,19270.9,19292.6
1656801000000,19292.4,19311.1,19264.4,19285.3
1656801900000,19285.2,19289.2,19258.8,19269.1
1656802800000,19269.1,19281.6,19252.6,19257.6
1656803700000,19257.8,19258.2,19181.7,19190.3
1656804600000,19191.2,19207,19146.6,19202.5
1656805500000,19201.6,19203.7,19177.2,19191.5
1656806400000,19190.4,19213.5,19180,19206
1656807300000,19206,19229.2,19150.3,19155.3
1656808200000,19155.5,19181,19122.6,19165
1656809100000,19164.6,19188.6,19160.9,19184.6
1656810000000,19185.1,19194.5,19156.9,19157.8
1656810900000,19157.8,19172.4,19143.2,19165.9
1656811800000,19165.7,19168.5,19119.1,19134.9
1656812700000,19134.7,19148.8,19117.3,19131.4
1656813600000,19131.1,19160.3,19125.7,19155.8
1656814500000,19155.5,19190.6,19151,19182.2
1656815400000,19182.5,19222.7,19181.8,19203.8
1656816300000,19203.6,19227.1,19170.5,19201.7
1656817200000,19201.3,19219.4,19185.3,19189
1656818100000,19189.1,19215.6,19181.2,19203.9
1656819000000,19203.8,19246.4,19193.4,19241.9
1656819900000,19242.1,19244.2,19206.6,19206.7
1656820800000,19207.1,19259,19206.8,19245.1
1656821700000,19244.8,19248.3,19218.1,19224.8
1656822600000,19225.1,19225.4,19196.9,19200.4
1656823500000,19200.2,19217.2,18737.8,19181.3
1656824400000,19190.4,19322.8,19105.7,19131.6
1656825300000,19132,19153.8,19014,19029.8
1656826200000,19031.6,19049.8,18986.7,19037.5
1656827100000,19037.4,19101.7,18975.8,18979.1
1656828000000,18980,19026,18976.3,19023.9
1656828900000,19023.8,19121.1,19018.6,19083.4
1656829800000,19083.5,19106,19071.5,19074.3
1656830700000,19074.6,19110.8,19036,19087.8
1656831600000,19087.8,19097.4,19057.6,19057.6
1656832500000,19057.7,19097.6,19034.7,19058.7
1656833400000,19058.6,19079.4,19037.1,19076.4
1656834300000,19076,19090.7,19043.9,19079.1
1656835200000,19079.6,19096.6,19019,19024.5
1656836100000,19024.6,19039.5,18990.3,19001.4
1656837000000,19001,19018.9,18990.5,19001.1
1656837900000,19001.3,19013.1,18888.5,18958.5
1656838800000,18958.4,18961.2,18899.8,18918.2
1656839700000,18917.6,18968,18903.4,18937.1
1656840600000,18937.2,18953.6,18911.3,18931.6
1656841500000,18931.7,19008.7,18925,18982.3
1656842400000,18983.1,19018.2,18970.2,18998.9
1656843300000,18998.9,19040.1,18994.2,19017.4
1656844200000,19017.5,19051.4,19000.9,19017
1656845100000,19017.6,19036.8,19006.6,19014.1
1656846000000,19014.2,19052.2,19006.4,19046.3
1656846900000,19046.5,19082.8,19046.5,19073.9
1656847800000,19073.5,19074.2,19038.3,19044.5
1656848700000,19043.8,19055.3,19027.2,19030.1
1656849600000,19030.2,19063.3,19027.2,19048.2
1656850500000,19048.2,19054.6,19027,19046.1
1656851400000,19046,19047.1,18984.1,18984.1
1656852300000,18983.1,19013,18926.3,19012
1656853200000,19012.1,19025.6,18969.9,18992.8
1656854100000,18992.5,18996.8,18970.3,18993.8
1656855000000,18993.3,19002.5,18912.5,18948.8
1656855900000,18950,18961,18920.5,18923.3
1656856800000,18922.9,18978.6,18912.9,18968.8
1656857700000,18969,19012.6,18956.8,18993.4
1656858600000,18993.5,19019.1,18991.5,19009
1656859500000,19006,19041.4,18994.4,19021.3
1656860400000,19019.4,19059.4,19008.4,19023.3
1656861300000,19023.3,19035.4,18991.9,19019.7
1656862200000,19019.7,19033.2,18983.7,19016.9
1656863100000,19017.5,19019.8,18975.5,18989
1656864000000,18989.1,18994.9,18959.4,18990.7
1656864900000,18990.7,19043.1,18988.5,19030.4
1656865800000,19032,19142.1,19030.6,19078.5
1656866700000,19078.4,19121.3,19077.8,19097.7
1656867600000,19098.8,19111.6,19057.1,19088.2
1656868500000,19088,19100.6,19068.9,19079.9
1656869400000,19079.9,19089.6,19017.9,19060.6
1656870300000,19060.7,19184.9,19056.4,19159.5
1656871200000,19160.3,19190.2,19124.8,19186.7
1656872100000,19189.2,19236.8,19139.7,19140
1656873000000,19140.1,19179.4,19140.1,19167.5
1656873900000,19167.1,19185,19147.7,19178.5
1656874800000,19178.7,19196.7,19167.5,19169.6
1656875700000,19170.1,19220.9,19168.8,19202
1656876600000,19201.7,19319.7,19198.6,19310.7
1656877500000,19310.5,19482.2,19303.1,19439.5
1656878400000,19439.7,19588,19439.7,19471.1
1656879300000,19471,19496.8,19387.9,19483.9
1656880200000,19483.7,19495.4,19372.7,19377.9
1656881100000,19377.8,19406.7,19361.2,19387
1656882000000,19353,19376.8,19257.8,19262.3
1656882900000,19262.5,19287.3,19198.4,19217.3
1656883800000,19217.9,19256.3,19199.6,19247.2
1656884700000,19246.5,19264.5,19209.7,19245
1656885600000,19208.5,19304.6,19195.7,19249
1656886500000,19250.6,19281.9,19228.2,19236.6
1656887400000,19236.6,19245.8,19156.2,19227.4
1656888300000,19227.5,19257.2,19205.9,19241.4
1656889200000,19244.5,19277.7,19230.9,19252.8
1656890100000,19253.8,19268.4,19155.4,19192.5
1656891000000,19192.6,19260.9,19178.7,19247.1
1656891900000,19247.2,19288.4,19234.1,19259
1656892800000,19258.4,19284.1,19161.2,19268.2
1656893700000,19268.9,19274.7,19200.6,19246.8
1656894600000,19246.6,19268.9,19180.6,19200.8
1656895500000,19199.4,19231.6,19180,19213.7
1656896400000,19213.5,19214.1,19085,19130.4
1656897300000,19129.5,19152.6,19105.2,19122.6
1656898200000,19122.5,19149,19095.6,19134.9
1656899100000,19135,19180.3,19123.7,19174.6
1656900000000,19176.1,19184.4,19154.8,19176.8
1656900900000,19176.9,19183.8,19113.5,19148.8
1656901800000,19148.7,19170.7,19064.3,19084.4
1656902700000,19083.9,19084.7,19006.7,19023.2
1656903600000,19025.3,19057.1,18999.8,19051.9
1656904500000,19051.8,19066.4,19023.5,19049.9
1656905400000,19050.3,19079,19038.7,19061.2
1656906300000,19067.4,19080.9,19045.2,19045.3
1656907200000,19045.4,19075.2,19022.3,19032.8
1656908100000,19031.5,19091.3,19026.1,19049.5
1656909000000,19049.4,19082.4,19043.6,19069.7
1656909900000,19069.5,19082,19062.6,19071.7
1656910800000,19070.1,19097.1,19055.7,19079.5
1656911700000,19079.2,19094.6,19061.2,19061.8
1656912600000,19061.1,19080,19061,19071.4
1656913500000,19071.5,19099.4,19063.5,19083.9
1656914400000,19083.3,19118.5,19071.9,19105.2
1656915300000,19106.3,19120.3,19096.3,19110.3
1656916200000,19110.3,19131.4,19107.1,19117.5
1656917100000,19118.3,19125.8,19031.7,19043.1
1656918000000,19043.7,19080.6,19024.5,19047.2
1656918900000,19047.9,19066.6,19027.4,19058
1656919800000,19057.2,19070.7,19043.7,19070.7
1656920700000,19072.2,19091.9,19050.5,19067.7
1656921600000,19067,19094.2,19055.7,19080.1
1656922500000,19079.9,19108.2,19074.4,19099.6
1656923400000,19099.5,19116.4,19090.1,19109.9
1656924300000,19110,19116.6,19087.6,19095.1
1656925200000,19093.1,19106.4,19082.4,19097.1
1656926100000,19096.3,19212,19093.4,19177.8
1656927000000,19177.5,19222.5,19149.7,19196.9
1656927900000,19196.7,19380.7,19192.4,19306.1
1656928800000,19306.5,19407.9,19306.5,19370
1656929700000,19369.5,19454.4,19369,19417.5
1656930600000,19417.3,19493,19371,19438.7
1656931500000,19438.6,19452.1,19401.1,19414.8
1656932400000,19414.9,19485.6,19414.9,19467.9
1656933300000,19467.9,19515.9,19404.8,19470.4
1656934200000,19470.5,19574.7,19470.1,19573.4
1656935100000,19573.2,19780.7,19527.6,19745.3
1656936000000,19744.2,19820.7,19635.8,19660.2
1656936900000,19659.2,19743.5,19635.8,19660.8
1656937800000,19660.1,19682.8,19586.3,19635.6
1656938700000,19633.7,19675.7,19596.1,19657
1656939600000,19658.7,19703.3,19645,19687.6
1656940500000,19687.7,19688.8,19621.8,19646.5
1656941400000,19644.4,19644.4,19481,19485.9
1656942300000,19484.5,19537.9,19477,19480.7
1656943200000,19479.3,19512.1,19450.6,19487.3
1656944100000,19487,19568.9,19465.2,19528.7
1656945000000,19527.2,19545.9,19481.5,19501.5
1656945900000,19501.4,19577.4,19481.2,19559.6
1656946800000,19559,20045.1,19551.6,19823
1656947700000,19824,19901.8,19695.4,19723.6
1656948600000,19719.8,19807.8,19666.3,19741.1
1656949500000,19739.7,19788.7,19719.3,19740.1
1656950400000,19740.5,19769.9,19679.5,19757.7
1656951300000,19760.8,19776,19620.7,19666.2
1656952200000,19666.3,19667.1,19620.1,19645.6
1656953100000,19645.4,19712.5,19643,19688.2
1656954000000,19687.9,19756.7,19662,19729.5
1656954900000,19729.9,19982.9,19729,19917.6
1656955800000,19918,19968.4,19839.1,19955
1656956700000,19958.4,19971.3,19830.8,19838.4
1656957600000,19838.8,19867.3,19814,19835.5
1656958500000,19835.1,19870.8,19773.9,19809.9
1656959400000,19816.1,19834.5,19768.5,19789.7
1656960300000,19789.9,19908,19789.5,19873.5
1656961200000,19873.5,19909.1,19774.6,19787.4
1656962100000,19785.3,19797.9,19713.7,19719.5
1656963000000,19719.4,19742.2,19710.5,19719.5
1656963900000,19719.4,19799.1,19719.3,19766.8
1656964800000,19766.6,19815.4,19733.4,19796.8
1656965700000,19797.6,19807.1,19678.3,19723.5
1656966600000,19723.6,19726.9,19692.7,19706.1
1656967500000,19705.5,19753.9,19696,19725.6
1656968400000,19700.8,19717.7,19667.5,19717.4
1656969300000,19717.8,19739.9,19699.1,19699.4
1656970200000,19703.3,19913.4,19696,19824
1656971100000,19824,19965,19822.5,19909.2
1656972000000,19909,19915.4,19821.5,19823.4
1656972900000,19823.2,19926.7,19818.3,19901
1656973800000,19900.3,20036.6,19884.7,19967.4
1656974700000,19966.5,20177.5,19936.8,20108.8
1656975600000,20109.7,20166.8,20056.2,20084.9
1656976500000,20085.6,20255.8,20083.4,20218.7
1656977400000,20219.2,20283.6,20163.5,20210.2
1656978300000,20210.3,20242.6,20158.5,20176.5
1656979200000,20176.2,20319.3,20122.5,20280.9
1656980100000,20283.3,20320.5,20198.1,20268.7
1656981000000,20268.6,20376.3,20245.2,20308.3
1656981900000,20308.2,20407.3,20299.1,20346.7
1656982800000,20346.7,20371.1,20271.3,20278
1656983700000,20277.9,20314.7,20198.8,20225.2
1656984600000,20223.8,20257.4,20199,20212.5
1656985500000,20210.7,20255.1,20202.5,20248.2
1656986400000,20243.8,20246.9,20171.4,20205.7
1656987300000,20206.4,20207.6,20135.4,20162.5
1656988200000,20162.7,20174.6,20115.5,20131.1
1656989100000,20131.2,20154.7,20100.7,20118
1656990000000,20119.6,20199.1,20113.4,20175.6
1656990900000,20175.5,20187.6,20143.9,20150
1656991800000,20152.2,20244.2,20147.8,20215.7
1656992700000,20215.4,20260.2,20192.6,20256.8
1656993600000,20259.7,20259.7,20175.7,20184.9
1656994500000,20184.9,20185.9,20128.7,20175.7
1656995400000,20176.9,20183.3,20149.9,20175.6
1656996300000,20176.2,20223.9,20174.6,20215.2
1656997200000,20216.1,20277.2,20186.6,20188.6
1656998100000,20189.4,20397.5,20175.1,20305.3
1656999000000,20305.5,20351.2,20283.7,20319
1656999900000,20318.2,20334.9,20212.8,20239.5
1657000800000,20237.8,20349.5,20231.7,20345.3
1657001700000,20343.8,20373,20303.5,20326.4
1657002600000,20326.7,20340.2,20285.7,20291.7
1657003500000,20292.6,20352.5,20277,20329.5
1657004400000,20330,20340.6,20190.1,20223.9
1657005300000,20224.1,20252.8,20141.3,20184.7
1657006200000,20180.8,20191.7,20124.5,20167.6
1657007100000,20167.4,20194.2,20135.4,20149
1657008000000,20149.5,20158.3,20002.1,20066.2
1657008900000,20066.2,20070.4,19896.5,19954.2
1657009800000,19954.3,19955.1,19793.6,19805.9
1657010700000,19806,19854.5,19765.4,19841.6
1657011600000,19840.4,19866.3,19777.2,19834.7
1657012500000,19835.1,19866,19783.3,19795.1
1657013400000,19796.1,19807,19661.5,19678.6
1657014300000,19678.7,19713.7,19578.3,19702.8
1657015200000,19702.6,19727.7,19662.7,19713
1657016100000,19712.1,19713.9,19641.3,19703.9
1657017000000,19704.1,19758.5,19645.2,19670.8
1657017900000,19671,19714.7,19660.3,19680.7
1657018800000,19680.6,19744,19669.4,19744
1657019700000,19744,19747.7,19744,19744
1657020600000,19744,19744,19606.5,19626.3
1657021500000,19625.4,19630.8,19424,19453.7
1657022400000,19453.6,19478.3,19372.4,19421
1657023300000,19419,19458,19357.3,19429.3
1657024200000,19429,19442.1,19322.9,19398
1657025100000,19398.1,19415.3,19305.8,19313.3
1657026000000,19313.5,19355.7,19260.3,19333.2
1657026900000,19333.1,19375.1,19288.4,19319.9
1657027800000,19320.2,19409.3,19250.5,19390.8
1657028700000,19390.2,19468.5,19320.2,19345.2
1657029600000,19344.3,19440.1,19317.3,19439.5
1657030500000,19439.3,19470.3,19379.1,19445.1
1657031400000,19445.2,19538.2,19426.6,19467.4
1657032300000,19467.2,19470.1,19373.5,19409.3
1657033200000,19409.4,19424.3,19275.7,19319.4
1657034100000,19311.2,19400.1,19305.6,19384.9
1657035000000,19385.8,19425.5,19349.5,19410.1
1657035900000,19410.3,19485.1,19392.5,19463.3
1657036800000,19463,19533.7,19433,19496.9
1657037700000,19497.1,19639.6,19474.6,19563.9
1657038600000,19563.6,19584.3,19494.8,19513.5
1657039500000,19513.1,19538.1,19480.8,19499.5
1657040400000,19498.7,19570,19489.6,19565.9
1657041300000,19566.3,19680.2,19565.6,19627.1
1657042200000,19627.7,19702.2,19625.9,19650
1657043100000,19650.1,19715.2,19618.6,19647
1657044000000,19646.7,19714.2,19618.8,19676
1657044900000,19675.6,19728.7,19650.8,19705.5
1657045800000,19705.6,19890.7,19705.6,19861.5
1657046700000,19862,20058.1,19858.4,20057.5
1657047600000,20057.1,20216.3,20006.5,20199.5
1657048500000,20198.6,20203.3,20115.6,20178.9
1657049400000,20178.2,20380,20176.3,20349.1
1657050300000,20349.9,20436.5,20303.8,20339.3
1657051200000,20341.3,20687.4,20312,20636.5
1657052100000,20636.7,20649.2,20500.1,20538.5
1657053000000,20538.4,20613.3,20434.6,20458.1
1657053900000,20458.2,20468.8,20398,20404.9
1657054800000,20396,20411.7,20167.3,20199.2
1657055700000,20199,20251.6,20094.2,20207.5
1657056600000,20207.2,20341.3,20150.1,20332.8
1657057500000,20332.1,20424.1,20265,20310
1657058400000,20287.7,20355.6,20249,20303.1
1657059300000,20302.5,20311.6,20200,20211.5
1657060200000,20218.2,20306.2,20211.3,20290.9
1657061100000,20291.7,20376.5,20284.9,20370.6
1657062000000,20373.1,20376.6,20213.1,20224.4
1657062900000,20223.7,20272,20118.7,20121.9
1657063800000,20120.3,20164.6,20060.4,20122.9
1657064700000,20122.7,20166.2,20119.8,20127.4
1657065600000,20126.2,20193.1,20121,20124.6
1657066500000,20123.1,20171.9,20057,20099.7
1657067400000,20100,20297.4,20099.8,20277.8
1657068300000,20279.2,20317.6,20200.2,20203.6
1657069200000,20203.7,20252.5,20132.2,20141.1
1657070100000,20142.5,20185.5,20111.1,20162.3
1657071000000,20161.1,20163.2,19873.8,19894
1657071900000,19895.8,19924.9,19772.8,19821.1
1657072800000,19821,19851.6,19746.3,19792.7
1657073700000,19793.6,19918.4,19793.6,19859.4
1657074600000,19859.6,19881.7,19781.3,19789.9
1657075500000,19789.8,19832.4,19789.5,19811.3
1657076400000,19810.4,19852.9,19715.1,19782.9
1657077300000,19781.8,19824.7,19751.4,19802.7
1657078200000,19803,19868,19802.4,19839.1
1657079100000,19839.1,19922.2,19813.5,19892.2
1657080000000,19892.2,20233.5,19845.5,20196.3
1657080900000,20196.5,20259.6,20076.3,20147.9
1657081800000,20147.3,20152.6,20025.2,20043.3
1657082700000,20043.6,20104.1,20006.5,20044.8
1657083600000,20042.2,20114.5,20013.2,20110.5
1657084500000,20110.6,20133,19907.1,19926.2
1657085400000,19926.1,20006.3,19856.9,20003.2
1657086300000,20003.5,20070.5,19948.6,19979
1657087200000,19983.4,19988.9,19910.8,19986.5
1657088100000,19985.9,19999.1,19820.4,19854.5
1657089000000,19851.7,19919.5,19831.3,19919.5
1657089900000,19920.5,20036.2,19884.6,20036.1
1657090800000,20036.4,20121.6,20022.2,20080.8
1657091700000,20081.3,20173.1,20068.9,20139.1
1657092600000,20132.7,20167.5,20084.7,20149
1657093500000,20148,20157.1,20080.9,20103.2
1657094400000,20102.3,20227.3,20029.2,20172.9
1657095300000,20172.6,20208.5,20128.7,20158.2
1657096200000,20159.2,20208.2,20109,20161.1
1657097100000,20161.3,20171.3,20089.3,20138.4
1657098000000,20138.5,20160.3,20059,20105.8
1657098900000,20106.9,20234.2,20071.1,20175.2
1657099800000,20177.1,20188.5,20122.1,20157.5
1657100700000,20159,20160.7,20107.1,20143.8
1657101600000,20143.6,20156.4,20082.4,20090.2
1657102500000,20091.1,20115.8,19996,20115.8
1657103400000,20115.7,20158.6,20015.2,20079.8
1657104300000,20080.8,20092,20023.9,20078
1657105200000,20084.8,20102.2,20017.6,20034
1657106100000,20032.6,20035.9,19986.1,20022.4
1657107000000,20022.9,20091.1,19995.5,20079
1657107900000,20078.5,20080.2,20022.1,20047.1
1657108800000,20046.6,20054.6,19909.1,19940.9
1657109700000,19941.7,20127.3,19921.7,20016.2
1657110600000,20012.9,20113.9,20011.4,20102.9
1657111500000,20102.4,20110.1,20063,20094
1657112400000,20093.9,20176.5,20054.7,20176.5
1657113300000,20178.1,20196.9,20127.6,20140.6
1657114200000,20140.7,20289.3,20006.9,20077.3
1657115100000,20077.1,20172.6,19996.3,20169.4
1657116000000,20169.2,20233.6,20064.5,20099.6
1657116900000,20101.1,20147.8,20054.9,20130.7
1657117800000,20130.5,20185.6,20092,20171.5
1657118700000,20172.1,20186.4,20113,20143.5
1657119600000,20143.3,20147.9,20053.7,20074.9
1657120500000,20075.4,20112.2,20035.2,20041.8
1657121400000,20041.7,20072.5,20000,20046
1657122300000,20044.2,20117.2,20035.8,20090.3
1657123200000,20093.7,20120.4,20078.4,20111.2
1657124100000,20111.7,20151.2,20087.4,20133.8
1657125000000,20132.6,20187.5,20112.4,20163.4
1657125900000,20163.7,20269,20163.7,20245.3
1657126800000,20245.4,20333.9,20234.1,20241.4
1657127700000,20241.1,20253.8,20211.3,20218.1
1657128600000,20219.1,20239.9,20182.5,20206.8
1657129500000,20207.4,20254,20192.6,20216.2
1657130400000,20216.6,20300.8,20134.2,20190.4
1657131300000,20190.3,20283.3,20133,20283.2
1657132200000,20283,20385.3,20267.3,20360.9
1657133100000,20360.5,20389,20293.2,20324.8
1657134000000,20324.3,20418.2,20283.7,20389.5
1657134900000,20389.6,20415.3,20357.4,20360
1657135800000,20360.1,20376,20268,20278.4
1657136700000,20278.4,20286.8,20223.3,20268.7
1657137600000,20273,20294.9,20235.4,20241.8
1657138500000,20242.1,20270.5,20223.6,20245.5
1657139400000,20245.7,20283.7,20225.8,20244.4
1657140300000,20244.3,20389.6,20235.7,20345.6
1657141200000,20332.7,20347.9,20286.7,20328.2
1657142100000,20328.3,20329.5,20290.5,20298.1
1657143000000,20296.1,20357.5,20257.4,20273.1
1657143900000,20272.4,20305.6,20257,20303.2
1657144800000,20302.7,20546.1,20278.4,20449.3
1657145700000,20449.6,20491.7,20409,20413.9
1657146600000,20414.9,20479.4,20398.5,20464
1657147500000,20463,20477.8,20404.5,20457.8
1657148400000,20457.9,20616.7,20436.8,20546.1
1657149300000,20544.9,20592.7,20496.2,20534
1657150200000,20533.8,20579.7,20489.3,20490.4
1657151100000,20490.2,20546.5,20488,20506.4
1657152000000,20506.3,20539.4,20432.1,20487.1
1657152900000,20487.2,20518.9,20462.4,20465.6
1657153800000,20465.4,20519.6,20456.9,20507.2
1657154700000,20507.3,20535.3,20471.3,20476.8
1657155600000,20476.6,20478.5,20415.4,20443.4
1657156500000,20441.9,20472.6,20428.5,20459.3
1657157400000,20459.7,20478.6,20425.7,20449.1
1657158300000,20448.4,20506.1,20445.8,20455.7
1657159200000,20455.9,20487.9,20427,20449.2
1657160100000,20450.2,20466.2,20340.7,20376
1657161000000,20376,20390.4,20335.3,20349.3
1657161900000,20349,20377.8,20336.7,20360.6
1657162800000,20360.8,20375.4,20338.3,20371.4
1657163700000,20371.3,20374.5,20341.4,20368.9
1657164600000,20368.7,20419.7,20342.6,20409
1657165500000,20409.3,20438.8,20395.1,20426.9
1657166400000,20427.4,20439.9,20401,20404
1657167300000,20405.7,20415.9,20342.5,20344.7
1657168200000,20345,20348.3,20309.5,20337.5
1657169100000,20337.2,20366,20314,20361.5
1657170000000,20369,20386.6,20351.8,20384.3
1657170900000,20384.5,20388.5,20329.3,20329.3
1657171800000,20329.4,20361.3,20313.2,20320.5
1657172700000,20320.2,20341.1,20214.5,20248.3
1657173600000,20248.4,20262.8,20227.1,20249.8
1657174500000,20250.2,20293.3,20248.7,20291.3
1657175400000,20291.6,20305.1,20265.9,20276.2
1657176300000,20276.6,20293,20244.7,20285.5
1657177200000,20286.9,20321.7,20274.8,20301.3
1657178100000,20301.1,20314.3,20275.6,20304.2
1657179000000,20303.3,20386.9,20300.7,20359.9
1657179900000,20360.1,20411.2,20353,20389.9
1657180800000,20389.6,20408,20377.9,20399.4
1657181700000,20399.3,20406.1,20341.2,20362.9
1657182600000,20362.7,20391.5,20333.9,20371.5
1657183500000,20371.6,20490.9,20370.4,20475.5
1657184400000,20474.5,20521.1,20422.7,20456
1657185300000,20455.7,20462.4,20421,20422.8
1657186200000,20423.2,20468.2,20414.7,20466.3
1657187100000,20467.1,20555.6,20466.2,20504.7
1657188000000,20504.4,20530.9,20462.2,20476.3
1657188900000,20476.4,20488.3,20458.5,20483.2
1657189800000,20483.4,20501.2,20461.2,20479.5
1657190700000,20479.6,20490.6,20413.2,20449.8
1657191600000,20449.2,20460.9,20408.8,20450.2
1657192500000,20450.2,20450.3,20388.1,20389.3
1657193400000,20390.3,20408.6,20377.6,20407.2
1657194300000,20407.4,20452.6,20395.2,20451.9
1657195200000,20452,20459.1,20401.2,20426.6
1657196100000,20425.4,20453.9,20344.4,20373.2
1657197000000,20373.1,20399.1,20331.7,20391.7
1657197900000,20391.6,20404,20362.6,20372.9
1657198800000,20372.8,20393.1,20337.6,20386.4
1657199700000,20386.5,20387.1,20333.3,20338.4
1657200600000,20338.5,20442.8,20323.4,20442.8
1657201500000,20442.9,20491.3,20431.2,20485.3
1657202400000,20485.2,20577.8,20447.5,20544.3
1657203300000,20543.8,20680,20543.8,20670.3
1657204200000,20671.1,20899.6,20665.6,20853.9
1657205100000,20854,20906,20782.6,20868.8
1657206000000,20868.5,20965.8,20816.2,20836.2
1657206900000,20836.3,20877.7,20797.4,20843.1
1657207800000,20843.2,20863,20779.8,20818.5
1657208700000,20817.4,20839.2,20804.2,20834.9
1657209600000,20835.2,20905.2,20818.1,20818.2
1657210500000,20818.1,20874.6,20813.6,20870.5
1657211400000,20870.4,21127.8,20866.3,21101.3
1657212300000,21101.6,21144,20992.4,21039.4
1657213200000,21039,21053,20872.4,20895
1657214100000,20895.2,20895.9,20795.1,20800.8
1657215000000,20799.8,20830.2,20788.3,20823
1657215900000,20823.4,20880.8,20822.2,20855.2
1657216800000,20858.3,20911,20843.5,20910.2
1657217700000,20910.3,21051.7,20908.8,21049.9
1657218600000,21050,21266.8,21043.3,21211
1657219500000,21211.1,21362.9,21189.5,21317
1657220400000,21317.3,21405.2,21286.3,21344
1657221300000,21344.4,21451.3,21293.4,21446.4
1657222200000,21445.2,21674.9,21397.1,21606.5
1657223100000,21605.8,21789.2,21604.1,21771.7
1657224000000,21771.8,21791.7,21520.2,21644.4
1657224900000,21642.7,21676.8,21476.7,21587.4
1657225800000,21588.9,21603.4,21509.9,21572.6
1657226700000,21572.5,21577.4,21495.9,21572.6
1657227600000,21557.4,21651,21499.7,21647.7
1657228500000,21647.6,21648.1,21532.2,21542.1
1657229400000,21542.5,21606.1,21510.7,21560.6
1657230300000,21559.7,21639.5,21556.2,21618.4
1657231200000,21618.1,21663.8,21568.2,21653.1
1657232100000,21653,21710.6,21563.4,21575.5
1657233000000,21575.4,21612.8,21539.9,21541.2
1657233900000,21541.6,21588.4,21539.1,21575.5
1657234800000,21576,21606.2,21519.2,21530.4
1657235700000,21530.6,21643.9,21520.6,21625.4
1657236600000,21627.1,21671.2,21605.2,21631.5
1657237500000,21631.6,21657,21571.7,21574.2
1657324800000,21517.2,21591.3,21355.4,21419.1
1657325700000,21418.9,21604.1,21382.4,21576.5
1657326600000,21576.4,21609.7,21558,21589.1
1657327500000,21588.9,21616.6,21400.2,21468.9
1657328400000,21470.3,21502.5,21420,21448.7
1657329300000,21445.2,21521.8,21391.4,21393.6
1657330200000,21393.6,21437.9,21335,21406.8
1657331100000,21407.6,21454,21400.8,21438.6
1657332000000,21432.4,21489.7,21420.8,21450.7
1657332900000,21454.4,21527.9,21440.3,21519.1
1657333800000,21520.9,21558.4,21477.8,21487.3
1657334700000,21487.3,21529.6,21453,21508.8
1657335600000,21511,21522.5,21431.4,21447.2
1657336500000,21447.5,21492.4,21389.5,21419.2
1657337400000,21416.5,21530.5,21403.1,21509.1
1657338300000,21507.6,21553.1,21496.3,21537.6
1657339200000,21534.9,21558.1,21512.6,21519.1
1657340100000,21518.6,21531.9,21470.5,21483.7
1657341000000,21483.7,21502.9,21433.4,21463.7
1657341900000,21462.8,21495.2,21446.5,21476.5
1657342800000,21476.5,21536.5,21446.7,21452.4
1657343700000,21455.1,21478,21434.8,21466.9
1657344600000,21466.6,21485,21430.7,21448.8
1657345500000,21446.2,21465.3,21413.5,21441.4
1657346400000,21441.3,21456.9,21415.2,21439.6
1657347300000,21442.1,21464,21417.6,21438.1
1657348200000,21437.6,21484,21435.6,21474.8
1657349100000,21474.4,21500.3,21466.6,21483.9
1657350000000,21509.5,21665.3,21506.5,21601
1657350900000,21600.9,21639.3,21600.5,21619.4
1657351800000,21618.4,21645.8,21555.1,21568.6
1657352700000,21568.2,21640.4,21545.4,21604.9
1657353600000,21604.4,21613.3,21587.3,21612.8
1657354500000,21613,21629,21558,21624.5
1657355400000,21624.3,21630.2,21577.6,21627.6
1657356300000,21627.5,21676.7,21620.2,21673.5
1657357200000,21674,21674.1,21629.4,21637.6
1657358100000,21637.4,21638.6,21560.6,21575.2
1657359000000,21575.4,21601.6,21574.5,21600.3
1657359900000,21597.9,21605.3,21566.4,21601.1
1657360800000,21600.9,21644.1,21582,21628
1657361700000,21628.5,21649.6,21603.9,21622
1657362600000,21622.1,21669.6,21618.8,21668.8
1657363500000,21669,21692.5,21637.9,21687.4
1657364400000,21687.7,21717.2,21661.2,21661.7
1657365300000,21661.5,21705.6,21636.8,21686.1
1657366200000,21686,21686.2,21637.8,21655.4
1657367100000,21655.6,21655.9,21279.4,21393.9
1657368000000,21395.1,21459.6,21339.1,21449.4
1657368900000,21449,21498.5,21442.7,21443.3
1657369800000,21443.2,21504.6,21442.3,21488.4
1657370700000,21488.5,21504.8,21428.3,21467.9
1657371600000,21467.8,21557.6,21457.2,21530.7
1657372500000,21530.8,21573.2,21521.7,21556.1
1657373400000,21556.5,21561.8,21519.2,21535.1
1657374300000,21535,21539,21478.5,21517.1
1657375200000,21517.3,21656,21495.8,21655.1
1657376100000,21655.5,21661.3,21581.7,21604.2
1657377000000,21604.4,21609,21546.6,21561.4
1657377900000,21561.7,21617.5,21527.9,21549.1
1657378800000,21549.2,21578.7,21525.8,21577.8
1657379700000,21577.7,21600.2,21555.9,21598.5
1657380600000,21598.6,21600.6,21538.3,21539.4
1657381500000,21539.6,21553.9,21498,21503.4
1657382400000,21503.2,21532.6,21487.9,21521.6
1657383300000,21521.7,21558.5,21514.9,21534.9
1657384200000,21535.2,21592,21532.8,21576.2
1657385100000,21576.7,21663.5,21565.4,21643.8
1657386000000,21643.6,21688,21624.7,21668.4
1657386900000,21670,21675.2,21636.4,21651.4
1657387800000,21651.2,21916.9,21650.1,21815.8
1657388700000,21816.5,21845.3,21776.5,21830.8
1657389600000,21831,21843.5,21720.5,21757.4
1657390500000,21757.5,21781.3,21745.3,21778.5
1657391400000,21778.1,21857.6,21766.8,21802.1
1657392300000,21802,21812.1,21691.3,21700.2
1657393200000,21700.4,21715.2,21479.3,21499.9
1657394100000,21499.3,21571.9,21482.8,21548.8
1657395000000,21549.2,21577.9,21520.5,21547.1
1657395900000,21546.7,21577.1,21534.3,21575.1
1657396800000,21574.7,21583.2,21566.1,21568.8
1657397700000,21568.7,21586.8,21543.4,21583.7
1657398600000,21583.6,21621.8,21583.5,21608.3
1657399500000,21607.4,21648.2,21599.5,21637
1657400400000,21636.4,21663.8,21595.5,21653.9
1657401300000,21653.4,21672.9,21597.8,21658.6
1657402200000,21659.7,21666.4,21648.6,21657.2
1657403100000,21657.7,21696.3,21657.5,21663.3
1657404000000,21637,21702,21634.2,21676.3
1657404900000,21676.1,21688.6,21633.2,21660.8
1657405800000,21660.7,21678,21639.2,21640.7
1657406700000,21640.8,21675.5,21555.7,21579.9
1657407600000,21578.6,21579.2,21522.4,21563.7
1657408500000,21567.8,21595.9,21546.9,21547.6
1657409400000,21547,21579.3,21504.9,21514.5
1657410300000,21514.4,21558,21512.3,21540.4
1657411200000,21541,21552.9,21418.5,21448.1
1657412100000,21448.3,21518.1,21430.4,21494.8
1657413000000,21495,21495.2,21433.9,21441.7
1657413900000,21442.1,21459.4,21318,21319.6
1657414800000,21319.5,21409.3,21290.7,21394.7
1657415700000,21394.3,21444.7,21371.6,21383.3
1657416600000,21383.5,21413.4,21369.2,21406.9
1657417500000,21406.6,21423.3,21359.5,21364.7
1657418400000,21364.5,21440.1,21331.4,21411.1
1657419300000,21411.3,21437.8,21166.7,21176.4
1657420200000,21174,21266.7,21098.6,21234.5
1657421100000,21234.6,21285.1,21229,21257.9
1657422000000,21259.3,21289.5,21233.3,21289.5
1657422900000,21289.6,21292,21216.2,21236.8
1657423800000,21236.7,21242,21184.8,21236.7
1657424700000,21236.9,21263.6,21232.2,21249.7
1657425600000,21249.4,21257.2,21133.2,21151.1
1657426500000,21151,21193.6,21118.1,21188.9
1657427400000,21188.7,21217,21131.3,21204.7
1657428300000,21204.2,21250.7,21194.6,21229.8
1657429200000,21230.6,21277.1,21224.5,21269.5
1657430100000,21269.6,21275.8,21251.1,21263.8
1657431000000,21263.6,21318.5,21255.8,21310.7
1657431900000,21309.9,21320.1,21285.2,21310.2
1657432800000,21310.1,21311.9,21235.5,21255.3
1657433700000,21255.2,21271.2,21231.3,21259.5
1657434600000,21259.4,21279.1,21229.2,21259.8
1657435500000,21260,21279.6,21182.9,21250.2
1657436400000,21250,21250.2,21200.4,21247.9
1657437300000,21248.2,21248.8,21222.5,21246.6
1657438200000,21246.4,21288,21235.6,21279
1657439100000,21278.9,21307.2,21268.4,21289.6
1657440000000,21289.6,21314.8,21270.6,21284.7
1657440900000,21284.5,21361.9,21276.9,21303.5
1657441800000,21302.8,21343.8,21250.6,21267.4
1657442700000,21267.9,21290.7,21213.5,21274.7
1657443600000,21274.8,21294.7,21267.7,21282.7
1657444500000,21283.2,21299.8,21257.4,21261.6
1657445400000,21261.5,21305,21245,21287.6
1657446300000,21287.4,21306.2,21270.7,21277.2
1657447200000,21277,21304.4,21275.7,21292.9
1657448100000,21292.8,21300.7,21249,21259.5
1657449000000,21259.6,21274.3,21240.5,21245.3
1657449900000,21245.5,21246.9,21177.9,21223.5
1657450800000,21223.3,21242.2,21182.8,21195.8
1657451700000,21195.9,21210.1,21127.3,21156.3
1657452600000,21156.2,21197,21148.5,21183.1
1657453500000,21183.7,21249.6,21182.3,21249.3
1657454400000,21249.7,21278.8,21239.8,21261.6
1657455300000,21261.9,21287.5,21245,21253
1657456200000,21252.3,21273.1,21245.6,21248
1657457100000,21247.9,21255.5,21226.6,21255.3
1657458000000,21254.9,21259.1,21193.9,21201.3
1657458900000,21201.4,21201.9,21163.3,21168.8
1657459800000,21168.7,21168.8,20917,21021
1657460700000,21020.3,21024.3,20991.3,21023.2
1657461600000,21023.7,21024.6,20919.8,20939.8
1657462500000,20940.2,21000.4,20853.7,20899.4
1657463400000,20898.7,20900.8,20810.4,20850.7
1657464300000,20850.8,20863.6,20794.7,20818.2
1657465200000,20818.3,20903,20792.7,20880.3
1657466100000,20880.6,20923.1,20874.7,20888.1
1657467000000,20888.3,20910.2,20834.4,20858.3
1657467900000,20858.4,20882,20836.4,20850
1657468800000,20850.2,20870.4,20618.8,20663.5
1657469700000,20664.3,20748.8,20651.6,20730.2
1657470600000,20730,20882.2,20730,20877.8
1657471500000,20877.5,20980.2,20857.7,20884.7
1657472400000,20884.1,20884.2,20832.1,20852.4
1657473300000,20852.2,20878.1,20839.1,20862.3
1657474200000,20862,20904.8,20849.7,20885.2
1657475100000,20886,20894,20839.3,20854.8
1657476000000,20854.9,20865.7,20794.7,20806.9
1657476900000,20806.8,20816.3,20776.4,20777.8
1657477800000,20777.6,20786.7,20732.6,20754.1
1657478700000,20754.2,20811.9,20738.7,20798.6
1657479600000,20797.9,20799.4,20692.5,20726.6
1657480500000,20726.5,20752.8,20700.8,20739.4
1657481400000,20739.3,20791.9,20731.3,20783.5
1657482300000,20783.4,20870.9,20774.3,20870.5
1657483200000,20870,20870,20791.3,20822
1657484100000,20821.7,20953.2,20799.2,20928.6
1657485000000,20927,20932.1,20884.4,20900
1657485900000,20900.1,20948.7,20887.1,20935.6
1657486800000,20912.6,21102.8,20888.8,21050
1657487700000,21051.3,21097,21018.1,21062.8
1657488600000,21064.1,21086.7,20992.9,21046.1
1657489500000,21046.1,21047.5,20980,20990.2
1657490400000,20958.1,20969.3,20713.2,20760.1
1657491300000,20760.1,20766.6,20629.7,20676.1
1657492200000,20676.4,20807.9,20669.7,20782.5
1657493100000,20781.6,20818.1,20767.2,20790.3
1657494000000,20790.1,20797.8,20720.7,20736.1
1657494900000,20735.7,20822.6,20730.4,20820
1657495800000,20819.7,20831.2,20777.1,20821
1657496700000,20820.4,20825.8,20796.5,20808.8
1657584000000,19907.9,19947.7,19880,19933.9
1657584900000,19934.1,19943.1,19791.7,19821.3
1657585800000,19821.3,19822.5,19761.5,19780.9
1657586700000,19780.8,19853.5,19740.1,19761.4
1657587600000,19761.4,19834.5,19753,19834
1657588500000,19834.9,19850,19802.6,19822.1
1657589400000,19821.9,19896.8,19821.6,19885.7
1657590300000,19886.4,19891.9,19814.3,19832.1
1657591200000,19832,19883.8,19830,19870.5
1657592100000,19870.7,19924.7,19866.4,19892.7
1657593000000,19892.5,19929.8,19872.3,19890.2
1657593900000,19890,19928,19888.5,19920.2
1657594800000,19919.3,19921.6,19844.5,19876.4
1657595700000,19876.4,19882.8,19827.3,19857.2
1657596600000,19857,19881,19839.3,19880.1
1657597500000,19879.9,19889.9,19867.6,19884.9
1657598400000,19884.3,19912.1,19875.3,19911.9
1657599300000,19911.6,19963.6,19908.8,19947.4
1657600200000,19946.9,19975.5,19918.7,19949.7
1657601100000,19950,19964.9,19939.8,19950.3
1657602000000,19950.2,19966.1,19931.6,19955
1657602900000,19955.5,19995.8,19940.3,19989.3
1657603800000,19989.3,19997.5,19967.5,19985.9
1657604700000,19986.1,20000.7,19898.7,19900.8
1657605600000,19900.6,19901.2,19789.9,19833.3
1657606500000,19833.6,19885.1,19824.5,19829
1657607400000,19829.3,19868.4,19798.7,19839.6
1657608300000,19838.6,19841.9,19800,19800
1657609200000,19800,19808,19615.9,19635.4
1657610100000,19635.4,19650.5,19568.1,19605.7
1657611000000,19607,19679,19591.4,19663.2
1657611900000,19664.6,19706.6,19651.3,19683.1
1657612800000,19683.6,19758.5,19653.9,19683.7
1657613700000,19683.7,19685.2,19618.2,19661
1657614600000,19661,19729.4,19656.5,19720.3
1657615500000,19720.3,19733.6,19696.8,19719.6
1657616400000,19719.6,19748.6,19705.7,19724.5
1657617300000,19725.5,19738.3,19670.2,19693.4
1657618200000,19693.5,19695.2,19510.4,19573.8
1657619100000,19574.4,19599.9,19519.8,19544.9
1657620000000,19544.8,19655.8,19544.5,19625.1
1657620900000,19628.1,19663.7,19614.8,19624.4
1657621800000,19624.3,19648,19584.9,19611
1657622700000,19612.4,19654.9,19543.8,19559.5
1657623600000,19558.7,19646.6,19542,19641.2
1657624500000,19641.7,19733.5,19638.5,19714.1
1657625400000,19712.7,19766.6,19699.8,19744.8
1657626300000,19745,19757.1,19712,19730.3
1657627200000,19730.3,19799.2,19718.4,19756.4
1657628100000,19756.3,19903,19753.3,19846
1657629000000,19846.8,19878.6,19810.5,19860.4
1657629900000,19860.5,19863.4,19805.5,19818.2
1657630800000,19817.9,19885.1,19803.3,19858.9
1657631700000,19858.9,19877.7,19797.6,19815.9
1657632600000,19817.9,19944.6,19773.1,19850
1657633500000,19849.7,19859.7,19712.3,19725.2
1657634400000,19724.2,19755.2,19641.6,19751.5
1657635300000,19753.8,19818.8,19718.8,19730.3
1657636200000,19731.2,19815.9,19727.8,19814.2
1657637100000,19813.9,19874.5,19792.3,19861
1657638000000,19860.9,19933.9,19851.9,19895.4
1657638900000,19895.3,19898.6,19834.5,19887.8
1657639800000,19888.2,19910.2,19815.8,19823.3
1657640700000,19822.6,19876.2,19805.4,19825.2
1657641600000,19825.5,19895.2,19822.4,19866.5
1657642500000,19866.6,19916.2,19861.7,19885.1
1657643400000,19885,19940.8,19863.3,19897.5
1657644300000,19897.3,19898.9,19838,19844.1
1657645200000,19843.6,19863.5,19799.2,19818.3
1657646100000,19818.2,19833.2,19767.1,19790.2
1657647000000,19790.1,19831,19776.1,19814.5
1657647900000,19814.4,19841.1,19793.6,19818.6
1657648800000,19818.5,19825.3,19710.1,19788.5
1657649700000,19788.5,19797.9,19740.3,19750.3
1657650600000,19750.3,19769.4,19717.9,19738.6
1657651500000,19737.4,19760.6,19650,19666.8
1657652400000,19666.9,19674,19529.6,19572.6
1657653300000,19572.5,19577.9,19293.9,19327.1
1657654200000,19326.4,19378.8,19234.4,19358.9
1657655100000,19359.4,19491.3,19340,19340
1657656000000,19340.3,19443.2,19332,19427.5
1657656900000,19427.5,19457.6,19383.3,19443
1657657800000,19442.8,19496.2,19416.3,19419.6
1657658700000,19418.9,19419.1,19328.1,19403.8
1657659600000,19386.1,19453.4,19362.4,19433.6
1657660500000,19433.7,19465.9,19406.3,19444.2
1657661400000,19444.3,19444.8,19371.3,19371.3
1657662300000,19377.9,19405.4,19290.4,19297.6
1657663200000,19297.7,19357.3,19194.8,19314.1
1657664100000,19314.2,19400.5,19277.1,19399.4
1657665000000,19399.3,19419.1,19365.8,19366.9
1657665900000,19366.9,19376,19291.1,19318.8
1657666800000,19319.9,19395,19290.5,19352.5
1657667700000,19353.1,19396.5,19306.9,19313.8
1657668600000,19314,19365.2,19303.9,19324.3
1657669500000,19325.4,19353.3,19203.4,19272.9
1657670400000,19272.7,19293.2,19211.5,19275.1
1657671300000,19275.4,19311.6,19242.1,19286.9
1657672200000,19286.8,19384.9,19276,19369
1657673100000,19368.3,19376.5,19341.1,19368.5
1657674000000,19369.2,19425,19354.2,19389.6
1657674900000,19389.6,19395.9,19328.8,19339.7
1657675800000,19339.7,19380.4,19337.1,19342.8
1657676700000,19342.8,19400.9,19340.1,19371.9
1657677600000,19372.2,19486.2,19371.9,19451.8
1657678500000,19451.2,19470.1,19430.6,19432.9
1657679400000,19432.7,19462.8,19430.9,19442.3
1657680300000,19442.4,19468.2,19430,19450.4
1657681200000,19450.9,19515,19449.9,19481
1657682100000,19480.5,19488.9,19440.4,19462.9
1657683000000,19463,19477.2,19409.3,19415.6
1657683900000,19415.9,19431.4,19411.2,19418.3
1657684800000,19418.4,19461.2,19414.1,19443.5
1657685700000,19443.5,19465.3,19438.8,19445.3
1657686600000,19445.6,19448.6,19385.5,19393.4
1657687500000,19392.5,19442.1,19375.6,19430.3
1657688400000,19429.5,19437.3,19404,19410.9
1657689300000,19411.3,19459.5,19388.2,19449
1657690200000,19449.1,19513.1,19434.8,19483.1
1657691100000,19481,19525.6,19460.3,19466.1
1657692000000,19466.1,19472.4,19441.6,19450.2
1657692900000,19450.2,19450.2,19421.7,19429.3
1657693800000,19429.1,19485.5,19417.5,19475.9
1657694700000,19475.3,19499.8,19458.1,19489.8
1657695600000,19488.7,19511.2,19468.3,19471.3
1657696500000,19471.6,19482.7,19444.7,19461.3
1657697400000,19461.6,19795.7,19447.1,19635.4
1657698300000,19636.7,19713.6,19598,19652.7
1657699200000,19650.6,19717.5,19616.1,19637.4
1657700100000,19637.2,19763.5,19618.2,19741.8
1657701000000,19741.8,19865.1,19730.6,19815.7
1657701900000,19815.8,19844.8,19769.1,19798
1657702800000,19795,19822.3,19754,19819.2
1657703700000,19822.6,19844.8,19797.6,19835.1
1657704600000,19834.5,19841.4,19730.9,19739.1
1657705500000,19737.8,19759.4,19719.4,19750.4
1657706400000,19750.7,19757.2,19696.6,19733.7
1657707300000,19736,19739.2,19682.1,19689.8
1657708200000,19690.3,19751,19656.6,19729.8
1657709100000,19729.8,19737.9,19699.8,19732.3
1657710000000,19729.2,19776.8,19705.7,19747.3
1657710900000,19745,19763.1,19706.3,19745.9
1657711800000,19745.8,19802.7,19737.3,19770.2
1657712700000,19770.5,19818.1,19745.1,19788.5
1657713600000,19790.7,19816.4,19679.9,19699.7
1657714500000,19699.7,20045.1,19635.7,19987.8
1657715400000,19988.5,19996,18876.8,19094.1
1657716300000,19095,19191.1,19000.8,19116.4
1657717200000,19116.4,19177.7,19075.9,19126.3
1657718100000,19126.4,19149.9,18943.5,18984.5
1657719000000,18984.4,19286.7,18887.9,19158.5
1657719900000,19158.2,19279.2,19110.2,19239
1657720800000,19238.6,19334.5,19190.4,19255.9
1657721700000,19255.8,19268.5,19150.9,19195
1657722600000,19196.4,19504.6,19179.4,19500.9
1657723500000,19500.9,19626.1,19448.3,19524
1657724400000,19525.4,19637.2,19494.6,19594.6
1657725300000,19594.9,19597.4,19432.5,19442.5
1657726200000,19442.7,19475.4,19358,19361.5
1657727100000,19362.2,19452.2,19339.9,19402
1657728000000,19402,19423.5,19311,19312.9
1657728900000,19312.4,19321.5,19176,19318.1
1657729800000,19318.9,19417.2,19307.7,19417.2
1657730700000,19417.3,19580.7,19382.6,19579.1
1657731600000,19578.7,19964.4,19573.8,19831.9
1657732500000,19831.9,19831.9,19706.7,19788.8
1657733400000,19788.8,19897.4,19704.5,19885.5
1657734300000,19885.9,19896.1,19779.3,19828.7
1657735200000,19830.1,19836.5,19658.1,19700
1657736100000,19699.4,19730.5,19630.1,19724.6
1657737000000,19724.6,19782.7,19695.3,19759.8
1657737900000,19758.5,19817.6,19715.9,19793.4
1657738800000,19792.8,19807.2,19699.2,19758.1
1657739700000,19758.1,19758.1,19682.7,19694.4
1657740600000,19694.4,19700.5,19588.5,19588.9
1657741500000,19590,19636.3,19588.7,19599.7
1657742400000,19599.7,19688,19595,19651.7
1657743300000,19651.9,19655.7,19540.7,19564.5
1657744200000,19564.5,19625.3,19559.5,19618.2
1657745100000,19618.4,19636.1,19593.4,19622.3
1657746000000,19616,19748.5,19598.2,19673.3
1657746900000,19673.3,19748.7,19659.4,19748.7
1657747800000,19749,19878.5,19719.6,19848.4
1657748700000,19848.5,19903.1,19796.9,19873.9
1657749600000,19873.8,19962.4,19805.8,19855.3
1657750500000,19858.7,19908.4,19831.6,19843.9
1657751400000,19843.9,19885.1,19784.2,19789
1657752300000,19789,19824.9,19781.6,19794.2
1657753200000,19794.3,19920.2,19790.9,19914.7
1657754100000,19914.6,20289.8,19913.9,20030.5
1657755000000,20030.5,20149.9,20029.6,20136.5
1657755900000,20136.8,20238.2,20092.6,20187.2
1657756800000,20187.2,20352.3,20160.8,20248.2
1657757700000,20248.3,20286.4,20117.2,20123.4
1657758600000,20123.5,20233.8,20123.3,20208.8
1657759500000,20208.7,20329.3,20208.2,20258.4
1657760400000,20258,20291,20197.6,20285.6
1657761300000,20285.6,20364.1,20222.9,20231.3
1657762200000,20231.1,20238.1,20189.2,20204.5
1657763100000,20204.6,20241.9,20180.1,20224.1
1657764000000,20225.8,20238.6,20170.6,20171.7
1657764900000,20172.2,20205.1,20171.4,20194.4
1657765800000,20194.4,20251.6,20188.6,20191.5
1657766700000,20192.6,20208.8,20133.5,20204.9
1657767600000,20203.3,20287.7,20197.4,20250.1
1657768500000,20251,20318.1,20220.3,20239.7
1657769400000,20240.1,20252.2,20183.6,20215.4
1657770300000,20215.1,20218.7,20160.4,20170.2
1657771200000,20170.1,20200.5,20153.6,20199.6
1657772100000,20199.6,20220.4,20078,20097
1657773000000,20097.2,20139,20064.6,20076.1
1657773900000,20077.2,20111.1,20016.8,20031.3
1657774800000,20031.2,20083.6,20020.1,20066
1657775700000,20066.3,20122,20066.2,20118.5
1657776600000,20120,20158.6,20105.9,20106.6
1657777500000,20106.5,20106.7,20004.2,20059.8
1657778400000,20059.6,20086.1,20030.6,20046.5
1657779300000,20046.7,20072.6,19961.2,19961.2
1657780200000,19961.2,19989.2,19854.8,19946.6
1657781100000,19944.7,20012.3,19944.7,19975.5
1657782000000,19975.3,19994.5,19881,19921.8
1657782900000,19921.9,19970.1,19915.3,19934.1
1657783800000,19934.9,19968.4,19885.7,19924.2
1657784700000,19924.1,19956.1,19900.8,19941.8
1657785600000,19941.8,20001.2,19901.8,19954.9
1657786500000,19955,19973.6,19915.6,19920.5
1657787400000,19920.2,19933.5,19790.6,19794.3
1657788300000,19794.4,19824.4,19690.4,19712.3
1657789200000,19712.8,19736.7,19674,19715.3
1657790100000,19715.4,19759,19698.6,19698.9
1657791000000,19698.8,19738,19641.7,19737.8
1657791900000,19737.6,19785.5,19715.1,19774
1657792800000,19774,19788,19735.8,19748.8
1657793700000,19750.2,19773.7,19711.1,19742.9
1657794600000,19742.9,19793.3,19726.8,19772.7
1657795500000,19772.8,19792.6,19686.2,19733.9
1657796400000,19733.9,19752.3,19660.8,19678.3
1657797300000,19678.4,19735.5,19637.8,19653.2
1657798200000,19654.4,19710.4,19601.6,19685.5
1657799100000,19685.3,19724.5,19666.5,19690.3
1657800000000,19690.3,19735.9,19642.6,19726.1
1657800900000,19725.6,19757.6,19658,19678.3
1657801800000,19674.7,19817.1,19586.9,19742.6
1657802700000,19742.5,19767.5,19708,19733.9
1657803600000,19733.8,19771.7,19663,19693.6
1657804500000,19693.6,19727.6,19671.8,19679.2
1657805400000,19679.2,19749.1,19601.3,19641
1657806300000,19641,19761.1,19637.7,19718.1
1657807200000,19716.2,19720.2,19627.6,19695.6
1657808100000,19695.6,19712.9,19648.4,19691.3
1657809000000,19692.4,19755.8,19644.6,19734.1
1657809900000,19733.3,19896.1,19725.7,19837.4
1657810800000,19837.6,20046.6,19837.6,19990.2
1657811700000,19991,20135.2,19978.8,20090.6
1657812600000,20090.3,20326.8,20014.8,20267.5
1657813500000,20267.5,20406.8,20241.1,20339.9
1657814400000,20339.9,20424.3,20220.5,20274.9
1657815300000,20275,20312.3,20199.6,20203.6
1657816200000,20203.6,20294,20186.8,20236.4
1657817100000,20237.2,20266.1,20110.5,20172.4
1657818000000,20172.4,20241.8,20143.1,20222.3
1657818900000,20222.3,20559.4,20218.4,20546.1
1657819800000,20548.2,20601.6,20454.9,20470.7
1657820700000,20471.4,20721.3,20456.1,20684.7
1657821600000,20684.9,20727.6,20593.9,20641.7
1657822500000,20641.6,20681.8,20581.3,20650.3
1657823400000,20650.5,20664.7,20600.2,20625
1657824300000,20625,20675,20624.9,20655.6
1657825200000,20655.5,20717.6,20603.6,20649.9
1657826100000,20650.2,20732.1,20609.9,20732.1
1657827000000,20732.2,20844.2,20618.8,20627
1657827900000,20626.3,20641.3,20547,20557.2
1657828800000,20558.4,20603.2,20478.2,20515.9
1657829700000,20515.9,20619.7,20502,20600.6
1657830600000,20600.6,20626.1,20541.3,20621.3
1657831500000,20621.3,20648.9,20541.7,20632.8
1657832400000,20620.7,20660.7,20589.7,20610
1657833300000,20609.9,20611.1,20517.7,20517.7
1657834200000,20516.9,20528.4,20481.5,20497.4
1657835100000,20497.3,20508.1,20393.2,20427.7
1657836000000,20427.7,20480.3,20421,20448.9
1657836900000,20448.8,20456.5,20403,20436.5
1657837800000,20437.6,20510.1,20430.4,20454.3
1657838700000,20453.8,20476.3,20448.6,20452
1657839600000,20452,20462.8,20423.5,20453.4
1657840500000,20453.3,20509.9,20445.1,20494.7
1657841400000,20495,20550.3,20489.5,20530.7
1657842300000,20530.9,20547.2,20514.5,20541.3
1657929600000,20763.3,20794.1,20702.2,20762.4
1657930500000,20762.4,20780.1,20685,20725.1
1657931400000,20724.8,20731.9,20601.3,20632.7
1657932300000,20632.5,20664.2,20607.9,20610.2
1657933200000,20610.2,20649,20568.8,20631.1
1657934100000,20630.9,20685,20616.9,20681.5
1657935000000,20681.5,20686.1,20633.4,20659.3
1657935900000,20656.7,20661.3,20610.8,20646
1657936800000,20645.9,20676.2,20602.7,20618.8
1657937700000,20620.2,20628.1,20536.2,20587.4
1657938600000,20587.5,20613.8,20579.7,20598.2
1657939500000,20598.2,20637.6,20596.7,20634.9
1657940400000,20634.5,20660.6,20619,20636.1
1657941300000,20635.8,20678.8,20630.7,20670.3
1657942200000,20669.5,20695,20628.1,20685.5
1657943100000,20685.9,20694.2,20663.8,20668.5
1657944000000,20668.5,20682.9,20585,20635.3
1657944900000,20635.9,20656.1,20611.4,20622.2
1657945800000,20622.9,20648.6,20611.7,20631.6
1657946700000,20630.3,20687.7,20624.9,20677.6
1657947600000,20677.3,20680.9,20655.1,20677.5
1657948500000,20676,20676,20634.7,20642.6
1657949400000,20642.6,20654.5,20571.2,20590.7
1657950300000,20590.6,20620.2,20506.7,20527.7
1657951200000,20526.2,20552.4,20497.7,20512.2
1657952100000,20512.1,20524.4,20453.3,20481.4
1657953000000,20481.4,20497.2,20412,20456.5
1657953900000,20456.4,20490.6,20421.7,20476.8
1657954800000,20501.4,20539.1,20485.8,20539.1
1657955700000,20539.2,20561,20538.4,20558.1
1657956600000,20558.2,20565.4,20518.1,20521
1657957500000,20521,20530.1,20461.3,20506
1657958400000,20505.3,20590.6,20499.9,20565.3
1657959300000,20565.2,20587.8,20560.3,20572.5
1657960200000,20572.5,20607.8,20563.5,20583.1
1657961100000,20583.4,20585.8,20536.4,20564
1657962000000,20563.9,20564,20537,20543.2
1657962900000,20543.3,20583.2,20537.4,20564.3
1657963800000,20564.2,20587.9,20562.3,20570.5
1657964700000,20570.3,20589.8,20544.7,20569.3
1657965600000,20569.2,20589.7,20565.2,20588.7
1657966500000,20588.8,20627.8,20576,20623.4
1657967400000,20623.5,20637,20556.1,20591.7
1657968300000,20591.3,20603.3,20573.8,20590.4
1657969200000,20590.3,20599.2,20572.5,20594.4
1657970100000,20594.1,20616.7,20579.1,20615.9
1657971000000,20615.8,20628.4,20596,20601.5
1657971900000,20601.2,20612,20576.2,20579.1
1657972800000,20579,20583.4,20552.7,20569
1657973700000,20568.9,20591.4,20568.6,20574.1
1657974600000,20573.7,20598.6,20572.2,20583.2
1657975500000,20583.5,20698.4,20561.9,20656.4
1657976400000,20656.7,20696.7,20644.4,20687
1657977300000,20686.8,20785.5,20685,20736.8
1657978200000,20736.9,20768.2,20723.8,20761.4
1657979100000,20761.5,20812,20716.5,20800.4
1657980000000,20799.8,20823.3,20763.8,20797.7
1657980900000,20797.6,20797.7,20730.1,20758.1
1657981800000,20757,20774.1,20695.2,20712.3
1657982700000,20711.3,20788,20710.4,20770.1
1657983600000,20770.2,20890.6,20770.2,20874.4
1657984500000,20874.3,20881.9,20836,20868.2
1657985400000,20868.3,20880.6,20842.3,20862.7
1657986300000,20862.9,20912.1,20851.2,20904
1657987200000,20903.9,21345.8,20890.5,21267.6
1657988100000,21270,21349.5,21057.1,21121.7
1657989000000,21121.6,21224.5,21081.3,21221.9
1657989900000,21222,21443.8,21221.6,21421.9
1657990800000,21422.7,21461.4,21332.4,21396.9
1657991700000,21397.7,21536.8,21376,21425.3
1657992600000,21425.4,21435.3,21361.4,21398.9
1657993500000,21400.5,21449.5,21187.9,21202.1
1657994400000,21201.7,21308.2,21201.7,21262.3
1657995300000,21262.1,21294.7,21232.2,21242
1657996200000,21241.8,21244.2,21159,21201
1657997100000,21200.9,21258.2,21159.1,21248.3
1657998000000,21248.5,21318.3,21245.1,21302.5
1657998900000,21302.8,21345.3,21251.7,21271.1
1657999800000,21271.2,21295.9,21204.5,21210.2
1658000700000,21209.2,21216.4,21118.7,21146.3
1658001600000,21146.2,21176.4,21010.7,21033.3
1658002500000,21034,21034.2,20877.9,20932.9
1658003400000,20933.3,21101.9,20933.1,21082.1
1658004300000,21081.9,21165.1,21054.7,21165.1
1658005200000,21165.7,21170.4,21071.8,21101.6
1658006100000,21101.5,21289.9,21050.7,21286.5
1658007000000,21286.3,21289.5,21192.1,21251.5
1658007900000,21251.6,21267.8,21139.3,21155
1658008800000,21155.1,21187.4,21103.3,21156.4
1658009700000,21155.6,21197,21135.5,21190.8
1658010600000,21191.3,21208.9,21165,21190
1658011500000,21190.1,21266.9,21168.5,21249.9
1658012400000,21250.1,21257.3,21184.6,21187.6
1658013300000,21187.4,21201.2,21140.5,21141.6
1658014200000,21141.4,21167.3,21126.3,21141.1
1658015100000,21141.5,21187.5,21133.1,21157.9
1658016000000,21156.4,21302,21150.9,21288.9
1658016900000,21288.8,21296.7,21161.4,21206.2
1658017800000,21205.8,21267,21165.4,21257.6
1658018700000,21258.3,21281.2,21224.3,21252.4
1658019600000,21252.2,21292.1,21189.1,21194.6
1658020500000,21194.5,21203.1,21074.8,21125.9
1658021400000,21125.8,21131.8,21049.2,21091.1
1658022300000,21090.9,21123.3,21065.1,21115.6
1658023200000,21115.4,21147.4,21090.7,21146.7
1658024100000,21146.7,21167.8,21122.8,21159.1
1658025000000,21159.6,21188.6,21142.3,21148.4
1658025900000,21148.6,21149.8,21102.4,21122.3
1658026800000,21122.2,21213.5,21119.2,21210.8
1658027700000,21210.9,21390.1,21206.4,21367.4
1658028600000,21367.2,21410.4,21298.2,21298.3
1658029500000,21297.8,21335.8,21279.1,21282.1
1658030400000,21282.2,21362.3,21271.3,21359.6
1658031300000,21359.7,21421.9,21304,21312
1658032200000,21311.8,21319.8,21220.6,21235.6
1658033100000,21235.5,21247.9,21197.4,21215.7
1658034000000,21216.2,21318.7,21213.7,21306.8
1658034900000,21306.7,21321.5,21251.5,21318
1658035800000,21318.1,21318.7,21257.5,21289.6
1658036700000,21289.3,21350.4,21280.9,21310.8
1658037600000,21312.5,21376.2,21306.6,21356.1
1658038500000,21355.9,21390.7,21327,21363.9
1658039400000,21363.5,21465.7,21339.7,21451.1
1658040300000,21450.9,21546.6,21404,21532.8
1658041200000,21532.9,21612.1,21483.5,21557.4
1658042100000,21557.8,21590.2,21475.3,21486.4
1658043000000,21486.5,21544.6,21423.7,21436
1658043900000,21436.1,21490.6,21420.2,21420.2
1658044800000,21420.3,21465.2,21381.5,21417.4
1658045700000,21416.8,21434.5,21340.9,21360.4
1658046600000,21360.2,21369.3,21333.9,21363.7
1658047500000,21363.9,21422.6,21351.9,21412.6
1658048400000,21412.5,21493.9,21399.1,21453.5
1658049300000,21453.7,21456.1,21242.2,21261.8
1658050200000,21261.6,21318.8,21257.4,21287.8
1658051100000,21287.9,21349.8,21272.9,21326.6
1658052000000,21325.8,21339.8,21238.4,21240.7
1658052900000,21242.3,21272.5,21183.9,21266.9
1658053800000,21267,21312.2,21252.5,21304.3
1658054700000,21304.2,21347.6,21297.4,21343.7
1658055600000,21343.3,21380,21317.9,21363.5
1658056500000,21362.1,21396,21344.9,21354.3
1658057400000,21354.5,21360.1,21253.6,21299.6
1658058300000,21299.5,21426.8,21277.5,21412.2
1658059200000,21412.3,21445.4,21382.1,21440.4
1658060100000,21440.2,21444,21373.8,21399.7
1658061000000,21399.5,21426.2,21339.1,21351.1
1658061900000,21351,21371.9,21307.2,21338.3
1658062800000,21338.7,21340.4,21121.6,21176.9
1658063700000,21178.7,21278.6,21097.7,21226.7
1658064600000,21226.5,21250.3,21159.4,21186.2
1658065500000,21185.1,21197,21072.4,21072.6
1658066400000,21073.1,21147.3,21051,21125.9
1658067300000,21125.6,21181.6,21111,21137.8
1658068200000,21137.7,21184.2,21125.8,21170.8
1658069100000,21171.1,21210.5,21143.4,21155.6
1658070000000,21155.9,21222.3,21130.6,21194.8
1658070900000,21196.2,21217.4,21177.4,21210.5
1658071800000,21210.4,21211.1,21107.2,21142.3
1658072700000,21142.1,21148.4,21090.7,21126.2
1658073600000,21126.1,21165.4,21084.4,21127.4
1658074500000,21127.6,21145.3,20967.6,21017.5
1658075400000,21017.6,21125.4,21016.1,21101.3
1658076300000,21101.5,21120.4,21074.5,21105.7
1658077200000,21105.9,21185.7,21088.4,21181.2
1658078100000,21181.3,21300.2,21180.1,21221.3
1658079000000,21221.4,21242.5,21091.1,21147.3
1658079900000,21150.4,21153.5,20790.3,20879
1658080800000,20878.6,20967.1,20834.6,20901.6
1658081700000,20901.7,20984.1,20901.4,20940.8
1658082600000,20941.2,21012.9,20927.1,21004.5
1658083500000,21004.4,21010.3,20920.4,20930.5
1658084400000,20930.7,20999.9,20895.8,20895.8
1658085300000,20895.6,20997.7,20894.8,20981.6
1658086200000,20981.7,21031.4,20979.5,21018.5
1658087100000,21018.6,21034.9,20980.4,20987.5
1658088000000,20987.4,21001,20938.3,20941.3
1658088900000,20941.4,20953.7,20918.7,20946.1
1658089800000,20946.4,20947.7,20874.2,20878.9
1658090700000,20880.7,20924.7,20877.6,20890.9
1658091600000,20866.7,20935,20817.2,20902
1658092500000,20901.9,20972.4,20873.5,20956.2
1658093400000,20957.7,21006.7,20943.9,20949.5
1658094300000,20949.3,20987.9,20928.6,20975.4
1658095200000,20952.7,21036.1,20945.1,20969.5
1658096100000,20965.4,20971.3,20886.1,20939.1
1658097000000,20939.2,20995.7,20932,20970.8
1658097900000,20970.7,20972.2,20938.1,20962.1
1658098800000,20962.7,20965.3,20907.6,20910.1
1658099700000,20912.1,20926.3,20788.5,20808.4
1658100600000,20807.5,20824.3,20715.5,20776.3
1658101500000,20775.2,20808.6,20716.9,20754.4
1658102400000,20754.3,20859.7,20725.8,20841.2
1658103300000,20841.4,20874,20807.4,20838.3
1658104200000,20839,20873.8,20773.9,20781.1
1658105100000,20781.2,20786.4,20744.1,20779.5
1658106000000,20780.5,20882.9,20776,20873.8
1658106900000,20873.8,20907.5,20865.1,20895.1
1658107800000,20894.9,20944.5,20886.3,20920.3
1658108700000,20919.6,20956.9,20919.6,20933.4
1658109600000,20936.1,20964.2,20921.1,20926.5
1658110500000,20926.6,20975.2,20926.4,20971.6
1658111400000,20971.4,21159.4,20959.3,21155.4
1658112300000,21155.4,21329.5,21120.4,21289.9
1658113200000,21289.9,21310.8,21163.1,21163.1
1658114100000,21165.2,21334.7,21163.2,21306.2
1658115000000,21302,21308.5,21234,21263.1
1658115900000,21263.7,21277.7,21214.4,21242
1658116800000,21244.6,21253.7,21179.4,21207.9
1658117700000,21207.4,21279.5,21132.7,21274.7
1658118600000,21274.7,21275.7,21219.3,21252.4
1658119500000,21252.4,21259,21216.4,21255.2
1658120400000,21255.2,21412.8,21251.2,21344.6
1658121300000,21344.8,21549.8,21342,21544.8
1658122200000,21545.4,21754.3,21522.8,21726.9
1658123100000,21727.3,21831.8,21651,21820.9
1658124000000,21819.5,21845.3,21735.5,21738.8
1658124900000,21739.4,21963,21732.2,21910.9
1658125800000,21910.8,22296.7,21909.6,22124.7
1658126700000,22125.6,22240.6,22125.6,22159.1
1658127600000,22159.1,22354.9,22152.3,22236.9
1658128500000,22236.9,22240.8,22069.8,22212
1658129400000,22213,22224.3,22132,22175.1
1658130300000,22173.6,22305.9,22171.9,22206.2
1658131200000,22207,22432.2,22175.2,22367.3
1658132100000,22367.4,22463.9,22198.4,22211
1658133000000,22212.1,22272.1,22120,22206.9
1658133900000,22204.2,22251.8,22176,22245
1658134800000,22250.7,22282.7,22204.4,22262.1
1658135700000,22259.8,22329.4,22195.7,22321.1
1658136600000,22321.7,22362.7,22203.8,22207.6
1658137500000,22207.6,22237.4,22184.8,22201.8
1658138400000,22200.5,22215.7,22104.3,22199.1
1658139300000,22199.1,22312.8,22179.8,22265.9
1658140200000,22266,22323.9,22146.9,22163.6
1658141100000,22162.9,22183.1,22123.1,22163.3
1658142000000,22163.3,22210,22141,22198.3
1658142900000,22199.4,22282,22161.7,22233
1658143800000,22236.2,22257.1,22084.1,22113.5
1658144700000,22114.1,22137.6,21934.4,22087.7
1658145600000,22087.8,22109.7,21952.1,22015.2
1658146500000,22015.2,22020.3,21862.1,21938.6
1658147400000,21938.4,22102.6,21914.6,22077.5
1658148300000,22077.1,22274.2,22047,22239.5
1658149200000,22237.1,22261.9,22152.9,22188.3
1658150100000,22192.9,22205.7,22148.3,22205.4
1658151000000,22206.3,22273,22045.7,22102.7
1658151900000,22101,22173.5,22094.1,22103.6
1658152800000,22104.4,22152.2,21952.2,21996.4
1658153700000,21995.8,22047.3,21959.5,22005.1
1658154600000,22005.1,22110.9,21992.6,22087.1
1658155500000,22087.1,22202.9,22044.9,22181.5
1658156400000,22177,22193,22147.8,22165
1658157300000,22166.3,22227.9,22137.3,22161.8
1658158200000,22160.2,22372.7,22143.6,22306.2
1658159100000,22306.5,22734.6,22229.7,22634.8
1658160000000,22635.6,22668.4,22285.3,22371.7
1658160900000,22371.6,22396.9,22227.5,22253.6
1658161800000,22254.9,22342.1,22086.7,22122.4
1658162700000,22118.5,22184,22107.5,22161.6
1658163600000,22161.4,22184.3,22026.6,22086.6
1658164500000,22087.1,22125.6,21986.6,22094.2
1658165400000,22094.1,22128.2,21925.6,21945.1
1658166300000,21945.6,22011.1,21801.8,21832.8
1658167200000,21833.8,21913.1,21770,21892.6
1658168100000,21892.6,21965.2,21862.4,21894.1
1658169000000,21894.4,21937.1,21852.1,21862.8
1658169900000,21862.5,21877.1,21789.2,21799.5
1658170800000,21799.5,21836.7,21473.6,21519.9
1658171700000,21519.6,21721.7,21513.4,21655.4
1658172600000,21655.2,21688.1,21521.6,21569.8
1658173500000,21569.8,21592.5,21366.7,21576.1
1658174400000,21577,21591,21475.3,21538.4
1658175300000,21538.4,21619.4,21505.7,21569
1658176200000,21569.9,21632.9,21416.9,21474.5
1658177100000,21473.4,21521.2,21439.9,21449.5
1658178000000,21446.4,21590.1,21410.5,21562.3
1658178900000,21561.5,21692.7,21550,21650.9
1658179800000,21651.5,21712.3,21594.2,21698.8
1658180700000,21698.8,21701.9,21601.2,21620.1
1658181600000,21620.3,21748.9,21546.1,21741.7
1658182500000,21741.2,21748.3,21541.1,21554.1
1658183400000,21553,21687.6,21524.4,21672.1
1658184300000,21671,21810.8,21656.9,21749.8
1658185200000,21750.1,22136.3,21734.4,22064.8
1658186100000,22064.9,22230.1,22061.6,22124.2
1658187000000,22124.6,22280.4,22100.3,22279.4
1658187900000,22279.5,22595,22244.1,22407.2
1658188800000,22406.8,22921.3,22191.9,22792.8
1658189700000,22793.7,22864.1,22474.1,22549.5
1658190600000,22548.3,22626,22149.6,22224.5
1658191500000,22225.9,22413,22223.2,22311
1658192400000,22309.3,22352.5,22068.2,22154.7
1658193300000,22154.6,22265.1,22095.9,22255.7
1658194200000,22255.8,22273.1,22055.5,22086.1
1658195100000,22085.4,22144.4,21998.3,22018.9
1658196000000,22019.7,22049.5,21892.3,21939.6
1658196900000,21939.5,22127.8,21924.3,22120.5
1658197800000,22120.7,22121.8,22053.9,22065.4
1658198700000,22065.6,22096.1,21993.6,22055.9
1658199600000,22056.7,22138.8,21993.8,22132.7
1658200500000,22132.8,22225.9,22099,22172.8
1658201400000,22175.1,22209.3,22040.6,22040.6
1658202300000,22040.4,22057.5,21778.4,21858.7
1658203200000,21859.8,21870.8,21668.3,21744.1
1658204100000,21744.1,21891.6,21720.8,21853.7
1658205000000,21853.8,21909.8,21789.1,21881.9
1658205900000,21882.2,21892.7,21815.8,21859.1
1658206800000,21859.1,21943.4,21792.1,21940.3
1658207700000,21941,22068,21931.4,21974.2
1658208600000,21974.5,22065,21961.2,22050
1658209500000,22051.2,22057.7,21953.7,21961.6
1658210400000,21961.5,21995.3,21864.4,21885
1658211300000,21884.6,22074.7,21882.1,22041.9
1658212200000,22042,22085.3,21756,21758.5
1658213100000,21763.1,21820.4,21550.3,21724.4
1658214000000,21724.6,21827.1,21705.2,21812.2
1658214900000,21813.3,21833.9,21729.1,21737.3
1658215800000,21737.3,21797,21661.1,21661.1
1658216700000,21660.9,21766.6,21655.5,21729.5
1658217600000,21729.5,21802.4,21665.2,21799.2
1658218500000,21800,21835.4,21759.8,21768.7
1658219400000,21769,21850.4,21765.1,21824.7
1658220300000,21824.3,21891.5,21779.2,21886.1
1658221200000,21885.7,21892.1,21808.1,21810.6
1658222100000,21810.5,21922.4,21781.2,21880.9
1658223000000,21881.2,21919.3,21851.6,21861.6
1658223900000,21861.7,21902.3,21810.2,21868.7
1658224800000,21869.5,21895.8,21849.7,21893.9
1658225700000,21893.5,21901.4,21784.3,21833
1658226600000,21832.9,22012.6,21804.6,22010.8
1658227500000,22011.5,22064.3,21913.8,21967.2
1658228400000,21967.1,22047.7,21942.7,22044.1
1658229300000,22043.6,22188.6,22015.7,22183.3
1658230200000,22184.8,22186.9,21932.4,21971.7
1658231100000,21970.9,22122.7,21880.8,21938.9
1658232000000,21938.6,22101.8,21938.6,21964.2
1658232900000,21964.1,22030.6,21947.3,21971.9
1658233800000,21972.9,22101.7,21955.2,22059.9
1658234700000,22059,22154.9,22035.7,22142.3
1658235600000,22142.1,22172.4,22080.4,22091.4
1658236500000,22092,22324.1,22043.9,22269.7
1658237400000,22269.7,22387.2,22138.4,22168.5
1658238300000,22168.5,22311.3,22012.8,22280.5
1658239200000,22280.5,22287,22082.4,22154.7
1658240100000,22154.8,22254.5,22068.8,22249.3
1658241000000,22250,22303.4,22140,22301.2
1658241900000,22300.2,22594.6,22274.7,22589.6
1658242800000,22589.7,22818.9,22582.1,22731.5
1658243700000,22731.5,22848.6,22445.6,22770.2
1658244600000,22770.6,23102.6,22675.6,22803.1
1658245500000,22803.1,23158.3,22763.9,23101.9
1658246400000,23105.1,23253.6,23033.7,23042.6
1658247300000,23042.5,23305.5,22927.9,23249.4
1658248200000,23250,23403.1,23204.3,23238.3
1658249100000,23239.7,23260,23132.7,23196.6
1658250000000,23197,23210.1,23083,23138.8
1658250900000,23136.2,23183.3,23045.2,23168.4
1658251800000,23167.6,23303.6,23167.3,23264.5
1658252700000,23266.4,23480.9,23229,23424.2
1658253600000,23423.9,23445.2,23257.5,23260.4
1658254500000,23260.4,23482.7,23225.3,23337
1658255400000,23337,23472.3,23313.2,23323.7
1658256300000,23322.2,23412.1,23255.8,23373.1
1658257200000,23373.2,23649.4,23324.7,23639
1658258100000,23639.1,23653.3,23481,23573.2
1658259000000,23573.2,23575,23440.6,23539.3
1658259900000,23539.2,23546,23318.6,23367.9
1658260800000,23367.9,23399.4,23130.6,23235.3
1658261700000,23235.2,23331,23198.6,23262.3
1658262600000,23261.9,23295.4,23153.3,23193.8
1658263500000,23193.9,23290.2,23159,23262.7
1658264400000,23289.8,23322,23225.4,23281.3
1658265300000,23281.2,23493.9,23281.2,23415.1
1658266200000,23415,23661.2,23414.9,23555.9
1658267100000,23555.9,23753.1,23500.1,23620.7
1658268000000,23620.7,23622.7,23467.7,23495.2
1658268900000,23498.1,23516.2,23364.1,23415.3
1658269800000,23415.4,23483.8,23310.3,23369.8
1658270700000,23369.7,23491.6,23343.2,23463.6
1658271600000,23464.1,23589.2,23457.3,23555.7
1658272500000,23554.5,23563.1,23280.7,23310.4
1658273400000,23311.1,23347.5,23201.1,23260
1658274300000,23259.9,23375.6,23258.8,23364
1658275200000,23364,23396.4,23168.2,23184.6
1658276100000,23182.9,23324,23168.2,23301
1658277000000,23301,23312,22952.1,22989.7
1658277900000,22989.7,23101.7,22905.8,22998.8
1658278800000,23001.6,23062.6,22918.5,23058.7
1658279700000,23058.4,23145.5,23038.9,23129.6
1658280600000,23129.3,23238.5,23107.5,23211.5
1658281500000,23210.4,23295,23180.2,23218.5
1658282400000,23218.6,23310.5,23177,23278
1658283300000,23277.8,23384.3,23215.4,23336
1658284200000,23335.4,23458.7,23333.8,23376
1658285100000,23376,23407.4,23303,23339.4
1658286000000,23339.3,23399.1,23235.7,23255.1
1658286900000,23255.3,23440.4,23248.7,23431.9
1658287800000,23429.8,23477.2,23389.9,23455.4
1658288700000,23454.4,23454.4,23353.4,23406.6
1658289600000,23406.6,23453.7,23365.6,23444.9
1658290500000,23444.9,23477.6,23286.2,23292
1658291400000,23291.9,23348.7,23272.1,23316.4
1658292300000,23317.5,23378.3,23277.1,23355.2
1658293200000,23355.3,23393.6,23297.9,23303
1658294100000,23302.7,23360.4,23283.7,23360.2
1658295000000,23360.3,23476.7,23321.7,23442.9
1658295900000,23443.9,23514.5,23425.6,23462.2
1658296800000,23462.6,23571.1,23455.1,23504.1
1658297700000,23503.9,23690,23503.5,23655.6
1658298600000,23655.5,23701.3,23585.6,23628.9
1658299500000,23628.8,23775.2,23607.2,23750.4
1658300400000,23751.4,23815.1,23658.8,23663.6
1658301300000,23666.6,23690.7,23599.5,23653.6
1658302200000,23653.5,23677.8,23444.5,23451.8
1658303100000,23451.8,23514.7,23341.1,23350
1658304000000,23350.2,23427.4,23304,23424.6
1658304900000,23425,23476.9,23379.5,23422.7
1658305800000,23423,23434.2,23353.8,23424.6
1658306700000,23426.2,23435.5,23290.4,23332
1658307600000,23332,23442.1,23281.7,23423.8
1658308500000,23425.3,23533.7,23417.5,23496.4
1658309400000,23496.2,23536.3,23477.2,23512.4
1658310300000,23512.4,23534.6,23465.4,23497.1
1658311200000,23496.7,23623.3,23474.6,23565.7
1658312100000,23565.2,23840.1,23539.9,23684.6
1658313000000,23683.8,23740.9,23570.9,23633.5
1658313900000,23634.3,23695.9,23526,23672.3
1658314800000,23672.4,23791.7,23632.7,23660.4
1658315700000,23660.4,23678.9,23582.3,23591.9
1658316600000,23591.5,23664.2,23555.4,23576.1
1658317500000,23576.3,23718.8,23553.7,23695.4
1658318400000,23695.1,23780,23670.3,23743.4
1658319300000,23743.7,23885.9,23684.4,23687.6
1658320200000,23686.8,23773.5,23539.9,23601.8
1658321100000,23601.7,23832.4,23600.9,23768.4
1658322000000,23767.5,23825,23756.1,23785.6
1658322900000,23784.4,23927,23782.7,23844.9
1658323800000,23845,24035.3,23739.1,23893.4
1658324700000,23893.4,23958.6,23745.3,23747.1
1658325600000,23748,23826.8,23669.9,23814.9
1658326500000,23814.8,23962.1,23789.3,23957.4
1658327400000,23958.3,24014.6,23894.7,23962.5
1658328300000,23962.6,24166.8,23959.6,24164.5
1658329200000,24164.8,24174,24072.1,24112.4
1658330100000,24112.4,24213.8,24019.6,24167.7
1658331000000,24167.7,24239.5,24082.9,24139.5
1658331900000,24139,24175.9,24079.5,24143.7
1658332800000,24145.2,24168.4,24024.2,24027.2
1658333700000,24027.1,24065.7,23801.3,23829
1658334600000,23828.8,23875.9,23531.5,23593.1
1658335500000,23594.3,23742.1,23555.6,23660.6
1658336400000,23660.3,23703.7,23386.9,23474.2
1658337300000,23474.1,23607.3,23459.8,23594.1
1658338200000,23594.2,23685.6,23584.8,23591.4
1658339100000,23591.4,23622.3,23468.5,23482.2
1658340000000,23482.1,23628,23479.1,23619.6
1658340900000,23621.9,23830.7,23617.7,23758.9
1658341800000,23758.9,23819.3,23635.8,23707.8
1658342700000,23707,23774.9,23655,23732.4
1658343600000,23732.5,23905.3,23715.2,23760.9
1658344500000,23761,23764.5,23648.4,23677.3
1658345400000,23679.2,23686,23566.7,23584.1
1658346300000,23584.1,23647.9,23538.1,23624
1658347200000,23623.6,23722.8,23055.1,23055.2
1658348100000,23055.2,23215.1,22891.1,22995.6
1658349000000,22995.6,23159.8,22955.9,23152.8
1658349900000,23150.9,23322,23086.1,23216.3
1658350800000,23243.3,23365.9,23209.7,23345.6
1658351700000,23345.2,23378.9,23260.5,23300.9
1658352600000,23301.7,23661.6,23238.7,23640.4
1658353500000,23637.6,23753.6,23552.8,23571.4
1658354400000,23571.5,23594.6,23452.2,23453.8
1658355300000,23453.5,23535.7,23423.9,23500.1
1658356200000,23500.1,23531.3,23334.7,23392.5
1658357100000,23392.2,23392.7,23273.4,23275.5
1658358000000,23275.5,23293.3,23165.8,23194.4
1658358900000,23194.5,23231.4,23085.9,23187.9
1658359800000,23187.8,23353.8,23180.6,23333.5
1658360700000,23333.4,23362.7,23148.9,23185.2
1658361600000,23182.3,23304.9,23170.6,23278.6
1658362500000,23278.8,23347.6,23236.3,23241.9
1658363400000,23243.8,23244,23096.9,23125.7
1658364300000,23125.7,23224.1,23092.4,23214.4
1658365200000,23215.6,23384.7,23198.6,23358.9
1658366100000,23358.9,23375.6,23236,23236.6
1658367000000,23236.6,23325,23227.5,23265.7
1658367900000,23265.7,23282.4,23132.9,23197
1658368800000,23197.1,23281.9,23180.8,23268.2
1658369700000,23267.8,23296.1,23036.2,23045.8
1658370600000,23048.7,23110.9,22967.8,22969.5
1658371500000,22969.4,23000.2,22660,22662.4
1658372400000,22662.4,22794.5,22634.4,22764.8
1658373300000,22764.6,22824.3,22703.6,22713.8
1658374200000,22712.6,22819.1,22684.6,22767.7
1658375100000,22768.9,22812.9,22721.7,22740.7
1658376000000,22740.4,22815.1,22612.8,22710
1658376900000,22710.8,22761.6,22674.7,22695.9
1658377800000,22696.1,22841.9,22683.5,22822.6
1658378700000,22822,22892.5,22822,22847.4
1658379600000,22847.5,22895.1,22836.2,22864.7
1658380500000,22864.5,22920.8,22846.3,22846.3
1658381400000,22849.7,22946.9,22781.9,22886.5
1658382300000,22886.1,22933.9,22836.4,22899.5
1658383200000,22897.9,22923.9,22873.6,22915.2
1658384100000,22914.6,22914.6,22844.4,22846.4
1658385000000,22846.2,22846.2,22778,22823.2
1658385900000,22823.2,22823.2,22725.7,22753.2
1658386800000,22753.3,22900.2,22743.6,22872.8
1658387700000,22873.9,23045.7,22831.6,22955.9
1658388600000,22960.3,22994.7,22899.4,22950.8
1658389500000,22951,22954,22889.4,22893.8
1658390400000,22894.8,22925.8,22842.3,22845.8
1658391300000,22845.9,22891.6,22783.9,22797.8
1658392200000,22797.9,22871.7,22789.1,22798.1
1658393100000,22797.7,22850.5,22765.2,22834.6
1658394000000,22834.7,22926.1,22822.7,22916.5
1658394900000,22916.1,22961.8,22885.7,22910.8
1658395800000,22911,22970.1,22889.7,22915.2
1658396700000,22915.1,22962.5,22891.6,22962.5
1658397600000,22962.5,23025,22947.4,23012.8
1658398500000,23012.7,23027.7,22926.9,22932.6
1658399400000,22932.7,22959.5,22897,22906.1
1658400300000,22906.3,22932.3,22817.7,22827.8
1658401200000,22827.8,22863.7,22649.2,22657.2
1658402100000,22658.4,22740.1,22441.7,22516.1
1658403000000,22515.8,22602.5,22502.3,22564.9
1658403900000,22565.1,22617.5,22551.3,22569.9
1658404800000,22569.8,22654.9,22523.6,22629.9
1658405700000,22629.1,22735.7,22559.6,22701.9
1658406600000,22701.8,22809.4,22684.3,22803.6
1658407500000,22803.4,22804,22685.7,22764
1658408400000,22764.1,22771.9,22628.7,22648.2
1658409300000,22645.2,22683.9,22588.4,22660.8
1658410200000,22660.5,22761.3,22530,22599.2
1658411100000,22599.1,22709.4,22579.6,22669.2
1658412000000,22669.3,22719,22438.3,22485
1658412900000,22484.6,22603.2,22370.5,22416.2
1658413800000,22414.5,22473.3,22310.2,22457.6
1658414700000,22459.1,22532.6,22419.4,22525.4
1658415600000,22525.6,22593.9,22492.1,22536.1
1658416500000,22536.6,22584.2,22505.1,22555.6
1658417400000,22557.3,22628.1,22539,22586.9
1658418300000,22586.9,22632.6,22569.9,22613.7
1658419200000,22612.9,22928.5,22603.5,22882.2
1658420100000,22883.2,23051,22882.7,23035.2
1658421000000,23035.2,23155.4,22915.8,22926.2
1658421900000,22927.1,23039.3,22908.4,23000.3
1658422800000,23003.8,23160.1,22962.3,22965.3
1658423700000,22965.7,23067.6,22885.3,22894.2
1658424600000,22895.1,22926,22789.2,22871.8
1658425500000,22871.8,22877.9,22741.7,22819
1658426400000,22821.4,22959.3,22797.6,22883.6
1658427300000,22883.5,22924.9,22833.3,22879.3
1658428200000,22879.4,22916.7,22789.1,22793.4
1658429100000,22794.9,22895.7,22794.9,22892.6
1658430000000,22891.6,23126.7,22887,23124.9
1658430900000,23125.2,23138.6,22998.4,23029.2
1658431800000,23028.8,23058.4,22924.4,22997.5
1658432700000,22999.1,23165.1,22996.5,23160
1658433600000,23162.5,23271.4,23129.1,23155.6
1658434500000,23155,23169.7,23059.8,23104.5
1658435400000,23104.4,23246.9,23072.5,23233.2
1658436300000,23233.1,23248.9,23073.6,23082.7
1658437200000,23085.1,23104.7,23048.6,23063.9
1658438100000,23065.4,23163.3,23063.9,23161.8
1658439000000,23161.9,23181.9,23067.6,23129.7
1658439900000,23129,23212.9,23117.3,23177.9
1658440800000,23177.9,23187.5,22987.5,23026.6
1658441700000,23026.5,23065,22911.3,22974.3
1658442600000,22974,23006.4,22944.1,22961.1
1658443500000,22961,23009.4,22931.3,22987.7
1658444400000,22987.4,23108.6,22972.9,23060.8
1658445300000,23061.2,23170.2,23056.8,23152.2
1658446200000,23151.5,23191.1,23065.3,23088.2
1658447100000,23088.3,23165.3,23058.6,23117.3
1658448000000,23116.7,23149.3,23060.6,23147.3
1658448900000,23147.3,23216.7,23123.3,23200.6
1658449800000,23200.7,23310.1,23192.6,23251.1
1658450700000,23251.3,23301.4,23192.5,23233.5
1658451600000,23233.4,23265.5,23180,23186.9
1658452500000,23186.7,23187.1,23130.7,23169.2
1658453400000,23168.9,23187.6,23076.6,23089.5
1658454300000,23089.5,23093.8,23036.8,23070.2
1658455200000,23070.3,23092.8,22966.3,22974.5
1658456100000,22974.3,23030.9,22971.3,23008.3
1658457000000,23008.1,23050.7,23005.7,23025.6
1658457900000,23026.6,23049,22934.2,22948.2
1658458800000,22947.9,23003.1,22943.3,22998.3
1658459700000,22998.6,23000.3,22844.5,22859.7
1658460600000,22858.8,22905.4,22835.9,22892.2
1658461500000,22891.2,22907.7,22853.5,22874.4
1658462400000,22873.9,22912,22846.3,22851.1
1658463300000,22850,22909,22849.7,22868.4
1658464200000,22865.9,22880,22777.7,22870.4
1658465100000,22870.9,22946.9,22869.7,22931.2
1658466000000,22930.1,22959.3,22861.6,22906.2
1658466900000,22906.2,23039.6,22905.6,23013.5
1658467800000,23013.5,23096.3,23001.8,23058.3
1658468700000,23058.4,23130.1,23012.5,23117.6
1658469600000,23117.3,23146.1,23097.5,23105.3
1658470500000,23104.8,23121.2,23054.5,23065.5
1658471400000,23071,23176.2,23064.3,23125.4
1658472300000,23128.3,23158.8,23092.4,23126.4
1658473200000,23126,23148.6,23092.3,23138.2
1658474100000,23138.2,23259.3,23076.7,23238.3
1658475000000,23238.3,23275.7,23031,23049
1658475900000,23048.9,23109.1,22990,23082.1
1658476800000,23082.3,23172.5,23043.3,23166.9
1658477700000,23166.9,23247.4,23129.1,23242.3
1658478600000,23242.1,23263.2,23151.5,23162.9
1658479500000,23162.1,23271.8,23138.1,23265.5
1658480400000,23264.8,23436.9,23241.1,23403.1
1658481300000,23401.9,23460.4,23397,23459.9
1658482200000,23459.9,23461.6,23378.2,23394.1
1658483100000,23394,23469.6,23390,23425.3
1658484000000,23425.3,23446.5,23395.9,23443.1
1658484900000,23443.2,23480.3,23391,23422
1658485800000,23422.1,23540.1,23420.4,23506.1
1658486700000,23503.6,23520.6,23401,23402.4
1658487600000,23402.5,23430.9,23388.7,23426.6
1658488500000,23426.2,23490.7,23397.7,23485
1658489400000,23485,23533.1,23453.5,23531.4
1658490300000,23531.4,23592.1,23479.2,23573.3
1658491200000,23572.6,23604.1,23551.7,23574.1
1658492100000,23574.1,23647.8,23569.9,23614.1
1658493000000,23614.1,23655.4,23603.4,23645.5
1658493900000,23645.5,23650.7,23548.7,23564.5
1658494800000,23564.5,23635.6,23557,23625
1658495700000,23625,23655.7,23490.1,23529.6
1658496600000,23529.6,23558.1,23401.5,23540.5
1658497500000,23540.4,23718.6,23417.2,23431
1658498400000,23431,23478.6,23308,23465
1658499300000,23465,23488.8,23406.5,23460.5
1658500200000,23460.5,23522.4,23421.5,23475.5
1658501100000,23474.3,23637.4,23472.9,23629.7
1658502000000,23629.7,23630.6,23486.4,23567.9
1658502900000,23566.3,23566.3,23344,23361.1
1658503800000,23361.3,23361.7,23199.3,23218.7
1658504700000,23218.6,23278.1,23205.2,23259.2
1658505600000,23258.8,23302.8,23135.7,23149.1
1658506500000,23149.3,23152.8,23055.7,23127.5
1658507400000,23126.8,23175.6,23022.5,23082
1658508300000,23081.6,23115.7,23032.1,23080.6
1658509200000,23080.6,23157.4,23048.3,23069.3
1658510100000,23069.3,23073.8,22931.2,22988.7
1658511000000,22988.7,22988.7,22864.3,22929.7
1658511900000,22929.6,22992.4,22890.5,22982.7
1658512800000,22982.1,22985.3,22890.6,22926.9
1658513700000,22927.2,22994.7,22925.3,22974.4
1658514600000,22974.3,23012.2,22941.8,22952.7
1658515500000,22952.8,23019.7,22952,22993
1658516400000,22994.1,23061,22980.2,23060.5
1658517300000,23061.6,23095.3,23051.9,23080.3
1658518200000,23079.7,23085.5,22601.6,22627.8
1658519100000,22627.4,22685.3,22518.6,22556.8
1658520000000,22547.5,22652.6,22524.7,22640.8
1658520900000,22641,22676.7,22601.9,22650.3
1658521800000,22650.3,22690.8,22483.6,22520.1
1658522700000,22519.8,22564.5,22474.5,22562.6
1658523600000,22541.1,22680.6,22512.8,22637.6
1658524500000,22639.8,22653.6,22616.9,22652.9
1658525400000,22652.8,22723.9,22626.9,22676.6
1658526300000,22676.7,22696.2,22641.3,22677.8
1658527200000,22678.7,22719.4,22583.2,22644.4
1658528100000,22644.3,22665,22593.7,22593.7
1658529000000,22591.2,22662.4,22590.2,22622.4
1658529900000,22622.4,22683.9,22616.6,22665.3
1658530800000,22666.3,22695.9,22597.5,22631.8
1658531700000,22631.7,22668,22608.6,22657.6
1658532600000,22657.5,22708,22617.3,22618.9
1658533500000,22618.8,22659.7,22605.6,22622.6
1658534400000,22622.6,22671.2,22492.6,22653
1658535300000,22652.9,22689.1,22617.4,22684.1
1658536200000,22684.1,22754.9,22670.7,22684.9
1658537100000,22684.9,22717.1,22656.7,22708.8
1658538000000,22708.9,22741,22678.9,22680.2
1658538900000,22680.1,22754.9,22679.3,22747.4
1658539800000,22747.3,22798.1,22715,22792.2
1658540700000,22791.7,22792.7,22709.6,22724.4
1658541600000,22725,22803.3,22717.3,22791.4
1658542500000,22791.4,22826.8,22740.2,22821.4
1658543400000,22820.4,22843,22798.1,22825.8
1658544300000,22825.9,22825.9,22752.9,22774.1
1658545200000,22774.6,22817.6,22753.1,22804.7
1658546100000,22803.8,22810.5,22758.8,22806.6
1658547000000,22805.2,22843.6,22779,22819.8
1658547900000,22820.1,22832.6,22739.8,22748
1658548800000,22750.3,22757.2,22675,22676.7
1658549700000,22676.6,22703.2,22671,22693.2
1658550600000,22695.5,22909.3,22688.4,22885.8
1658551500000,22884.6,22924.1,22827.8,22834.2
1658552400000,22834.1,22940.1,22807.1,22913.4
1658553300000,22913.3,22935.5,22864.7,22878.5
1658554200000,22878.5,22880.8,22817,22820.2
1658555100000,22820.3,22885.3,22785.1,22842.5
1658556000000,22844,22860.1,22813.1,22835.5
1658556900000,22835.4,22837.2,22797,22807.7
1658557800000,22808.6,22850.1,22748.3,22793.6
1658558700000,22793.1,22873.7,22752.2,22765
1658559600000,22788.6,22797.8,22643,22712
1658560500000,22712,22760.4,22651.7,22755.2
1658561400000,22754.8,22762.7,22712.9,22717.8
1658562300000,22717.9,22736.5,22680.8,22731
1658563200000,22731.3,22817.1,22731.3,22808.2
1658564100000,22808.3,22830.4,22731.1,22816
1658565000000,22816,22826.5,22796.1,22811.4
1658565900000,22811.8,22814.6,22521.2,22546.6
1658566800000,22546.7,22610.2,22496,22610.2
1658567700000,22611.9,22638.7,22534.4,22632.4
1658568600000,22632.6,22654.5,22592.4,22653.1
1658569500000,22653.2,22657.7,22591.9,22628.3
1658570400000,22628.2,22661.7,22603.1,22658.8
1658571300000,22659.1,22670.4,22629.6,22641.6
1658572200000,22641.7,22644.6,22383.9,22430.2
1658573100000,22429.4,22514.5,22386.3,22474.2
1658574000000,22476.5,22484,22346,22375.9
1658574900000,22376.3,22459.8,22323,22456.8
1658575800000,22458.9,22459.7,22210,22223.6
1658576700000,22223.3,22258.2,22210,22210
1658577600000,22210,22241.4,22111,22231.4
1658578500000,22231.8,22262.5,22196.2,22248.7
1658579400000,22248.7,22312.5,22226.8,22258.3
1658580300000,22258.4,22290.2,22220.4,22243.5
1658581200000,22243.7,22289.1,22232.5,22289.1
1658582100000,22289.3,22315.2,22254.6,22272.3
1658583000000,22272.3,22296.9,22253.8,22276.7
1658583900000,22276.8,22338.4,22274.3,22301.4
1658584800000,22301.5,22303.5,22248.3,22268.9
1658585700000,22268.8,22317.4,22199.7,22204.4
1658586600000,22204.2,22249,22192.2,22223.5
1658587500000,22223.4,22227.2,22025.1,22108.1
1658588400000,22108.2,22263.7,22104.2,22238.5
1658589300000,22239.1,22250.1,22103.1,22128.5
1658590200000,22128.7,22195,22086.4,22139.5
1658591100000,22140,22183,22104.4,22175.7
1658592000000,22175.6,22220.2,22152.3,22217.4
1658592900000,22217.1,22245.3,22206.3,22229
1658593800000,22229.2,22246,22143.8,22224
1658594700000,22223.7,22230.1,22142.2,22147.2
1658595600000,22147.3,22209.5,22050.9,22060.2
1658596500000,22061,22124.7,21995,22101.6
1658597400000,22101.3,22104.1,21989.2,21989.8
1658598300000,21990.1,22025.6,21944.5,21989.5
1658599200000,21989.8,22111.4,21912,22111.4
1658600100000,22111.3,22193,22103,22185.8
1658601000000,22185.4,22185.7,22116,22141.2
1658601900000,22141.1,22143.6,22028.2,22035.1
1658602800000,22035.2,22149.3,21997.3,22042.4
1658603700000,22041.9,22126.1,22018.2,22126.1
1658604600000,22126.7,22210,22118.6,22196.5
1658605500000,22196.9,22283.3,22192.4,22237.2
1658606400000,22237.1,22333.8,22209.8,22289
1658607300000,22288.2,22302.2,22230.4,22240.8
1658608200000,22241,22277.3,22236.9,22258.4
1658609100000,22258.3,22300,22238.3,22284.9
1658610000000,22285.2,22311,22225.3,22254.6
1658610900000,22254.4,22278.3,22235.2,22258.2
1658611800000,22258.1,22261.4,22194.5,22222.4
1658612700000,22222.5,22224,22193.2,22203.3
1658613600000,22203.2,22264.2,22181.7,22232.5
1658614500000,22233.4,22424,22228.9,22372.9
1658615400000,22372.9,22467.4,22371.9,22403.9
1658616300000,22404.5,22456.7,22396.7,22432.8
1658617200000,22432.9,22499.3,22416.2,22470.8
1658618100000,22470.9,22485.8,22418.1,22464.2
1658619000000,22463.7,22512,22419.3,22421.2
1658619900000,22421.1,22461.7,22392.6,22410.7
1658620800000,22410.9,22624.6,22410.9,22587.2
1658621700000,22588.2,22591,22516.4,22554.2
1658622600000,22553.6,22574.6,22521,22522.4
1658623500000,22520.3,22528.5,22506.6,22509.8
1658624400000,22509.7,22543.6,22477.6,22479.5
1658625300000,22479.7,22523.6,22479.3,22481.8
1658626200000,22482.5,22498.9,22377.9,22381.9
1658627100000,22383.8,22399.6,22336.5,22386.6
1658628000000,22386.3,22390.7,22327.2,22351.1
1658628900000,22351,22372.1,22318.4,22369.1
1658629800000,22369,22414.3,22369,22381
1658630700000,22381,22431.6,22351.1,22430
1658631600000,22429.2,22432.6,22359.9,22362.8
1658632500000,22362.7,22363.4,22281.6,22310.5
1658633400000,22310.4,22329.7,22261.2,22304.6
1658634300000,22304.7,22310.4,22280.9,22293.2
1658635200000,22291.7,22341.5,22230.7,22283.1
1658636100000,22282.9,22311.4,22282.2,22309.9
1658637000000,22309.8,22360.7,22309.7,22351.1
1658637900000,22351.2,22365.8,22327.1,22355
1658638800000,22355.2,22531.5,22352.9,22531.2
1658639700000,22531.7,22643.1,22526.5,22601.2
1658640600000,22601.1,22735.5,22554,22730.7
1658641500000,22731.3,22736,22691.9,22706.5
1658642400000,22706.4,22721.2,22645.6,22659.2
1658643300000,22658.9,22715.7,22630.9,22697.5
1658644200000,22697.7,22698.7,22601.8,22606.3
1658645100000,22606.4,22636.3,22595.9,22635
1658646000000,22635.1,22789.6,22627.5,22701.9
1658646900000,22702.3,22745.6,22681,22698.6
1658647800000,22698.5,22718.9,22650,22715.3
1658648700000,22715.7,22727.1,22635.4,22661.8
1658649600000,22661.5,22693.1,22595.4,22626.6
1658650500000,22626.6,22627.2,22556.4,22585.4
1658651400000,22585.2,22603.8,22529.3,22595.7
1658652300000,22594,22654.3,22568.7,22645.1
1658653200000,22645,22659.1,22617.3,22625.2
1658654100000,22625.2,22716.7,22624.3,22676.3
1658655000000,22676.2,22698.9,22624.8,22636.7
1658655900000,22636.6,22637,22568.2,22576.6
1658656800000,22576.5,22590.3,22569.1,22581.5
1658657700000,22581.7,22632.7,22553.6,22618.1
1658658600000,22618.5,22630.3,22461,22462.3
1658659500000,22462.7,22498.1,22445.5,22479.6
1658660400000,22479.7,22750.9,22475.4,22739.1
1658661300000,22738,22771.6,22680.8,22706.4
1658662200000,22706.5,22720.2,22628.7,22668.3
1658663100000,22668.5,22672.6,22613.4,22616.7
1658664000000,22616.8,22701.2,22564.6,22696.1
1658664900000,22696.3,22727.5,22663.5,22682.1
1658665800000,22681.7,22685.5,22535.8,22542.3
1658666700000,22542.1,22583.6,22409.1,22451.9
1658667600000,22451.4,22502.3,22413.7,22500.2
1658668500000,22500.1,22544.7,22446.1,22543.7
1658669400000,22543.9,22548.5,22449.4,22475.6
1658670300000,22474.8,22536,22463.1,22526.9
1658671200000,22526.7,22620.3,22498.8,22557.5
1658672100000,22557.1,22734.4,22556.3,22722.5
1658673000000,22721.6,22748.3,22680,22701
1658673900000,22701.2,22748.5,22660.7,22734.5
1658674800000,22734.6,22863.5,22710.5,22827.5
1658675700000,22825.9,22838.5,22766.8,22810.7
1658676600000,22810.8,22810.8,22740.8,22786
1658677500000,22786.1,22827.5,22785.6,22811.3
1658678400000,22811.2,22833,22659.7,22671.9
1658679300000,22671.6,22690,22608.7,22624.6
1658680200000,22624.4,22689.5,22601.1,22683.1
1658681100000,22683,22685.2,22640.2,22674.8
1658682000000,22674.7,22773.3,22640.8,22747.3
1658682900000,22746.9,22810.3,22746.7,22779.7
1658683800000,22779.5,22779.7,22634.4,22752.6
1658684700000,22752.7,22752.7,22701.9,22734.7
1658685600000,22734.5,22746.8,22687.3,22712.3
1658686500000,22713,22749.8,22697.2,22702.9
1658687400000,22703.1,22707.1,22650.1,22672.1
1658688300000,22672,22697.9,22653.3,22673.7
1658689200000,22673.8,22800,22662,22716
1658690100000,22716.1,22733.7,22631.3,22714.1
1658691000000,22714.2,22758.1,22711.7,22735.5
1658691900000,22735.2,22746.1,22654.7,22666.9
1658692800000,22665.6,22691.9,22645.4,22648
1658693700000,22648.2,22680.2,22638.1,22671.2
1658694600000,22671.4,22758.8,22659.3,22758.1
1658695500000,22758.1,22758.1,22683,22683.3
1658696400000,22661.1,22727.1,22610,22680.9
1658697300000,22681,22741.6,22664.2,22687.9
1658698200000,22688.4,22775.6,22687.9,22750.9
1658699100000,22751,22781.8,22743.4,22775
1658700000000,22752.5,22848,22722,22819.8
1658700900000,22818.9,22832.6,22778.5,22790.4
1658701800000,22791.1,22970,22784.5,22953.7
1658702700000,22954.1,22963.7,22528.8,22623.1
1658703600000,22623.9,22652.7,22489.6,22650.2
1658704500000,22650.7,22722.7,22586.3,22707
1658705400000,22707.9,22716.7,22616,22624.6
1658706300000,22625.1,22643.5,22530.3,22548.1
1658707200000,22545.1,22592.1,22512,22585
1658708100000,22588.6,22624.4,22334,22337.6
1658709000000,22338.4,22386.6,22310.7,22326.9
1658709900000,22326.9,22349.8,22227.2,22281.4
1658710800000,22282.1,22286.6,22202.8,22255.1
1658711700000,22254.4,22291.8,22184.9,22196.8
1658712600000,22198.2,22237.1,22093.3,22160.3
1658713500000,22160.2,22180.7,22081.7,22172.1
1658714400000,22171.1,22172.5,22078.4,22159.3
1658715300000,22158.8,22169.5,21963.1,22022.1
1658716200000,22022.1,22022.1,21845.6,21936.1
1658717100000,21936.1,21970.2,21879.1,21916.5
1658718000000,21916.5,21917.5,21871.6,21896
1658718900000,21892.8,21896.4,21778,21827.6
1658719800000,21826.3,21867,21788.4,21794.8
1658720700000,21794.7,21837.2,21748,21828.7
1658721600000,21830.8,21831.9,21713.5,21783.4
1658722500000,21783.1,21822.6,21759.1,21797.7
1658723400000,21796.6,21807.8,21761.8,21770.6
1658724300000,21773.8,21871.5,21765.9,21856.6
1658725200000,21856.6,21897.5,21818.1,21872
1658726100000,21873.2,21903.7,21774.8,21780.3
1658727000000,21780.9,21864.7,21775.9,21862.9
1658727900000,21861.1,21891.7,21841.3,21879.1
1658728800000,21879,21891.1,21861.8,21888.8
1658729700000,21889,21910,21842.1,21871.3
1658730600000,21871.2,21888.1,21786.3,21793.4
1658731500000,21791.8,21883,21788.7,21872.2
1658732400000,21874.7,21946,21849.4,21942.7
1658733300000,21948.4,21955.5,21863,21891.2
1658734200000,21891.1,21931.7,21880.4,21915
1658735100000,21915.3,21936.5,21912.7,21925.6
1658736000000,21925.2,21942.4,21863.7,21867.4
1658736900000,21867.2,21896.4,21839,21847.5
1658737800000,21847.7,21999.9,21834.5,21980.6
1658738700000,21983.7,22060.4,21967.8,22011.4
1658739600000,22011.4,22067.2,21996.7,22015.4
1658740500000,22014.9,22029.9,21967.6,21972.3
1658741400000,21972.5,22034.2,21969.8,22004
1658742300000,22003.9,22013,21950.6,21960.8
1658743200000,21960.7,21969.8,21928.4,21934.9
1658744100000,21935.5,22018.3,21932.1,22001.3
1658745000000,22001.2,22010.4,21963,22008.9
1658745900000,22008.9,22040.6,22005.9,22011.2
1658746800000,22011.5,22061.6,21955.1,21962.9
1658747700000,21963,21982.8,21915.5,21949.7
1658748600000,21949.6,21977.8,21940.6,21967.4
1658749500000,21964.5,21981.8,21887.8,21900.2
1658750400000,21900.6,21910.9,21783.7,21848.4
1658751300000,21847.5,21905.6,21830.6,21865.6
1658752200000,21866.8,21908.7,21858.9,21875.3
1658753100000,21875.4,21951.9,21846.1,21933.4
1658754000000,21933.7,21953.5,21825,21842.7
1658754900000,21842.7,21955,21799.2,21891.5
1658755800000,21891.4,21932.6,21741.8,21870.6
1658756700000,21870.4,21903.5,21811.1,21865.1
1658757600000,21865.5,21892,21768.5,21774.2
1658758500000,21774.2,21831.6,21664.4,21728.7
1658759400000,21726.9,21813.6,21701.3,21809.7
1658760300000,21811.5,21856.1,21784.2,21847.7
1658761200000,21848.7,21890.7,21742.4,21747.2
1658762100000,21747.6,21785.2,21716.9,21781.4
1658763000000,21783.8,21859.8,21780.5,21854.1
1658763900000,21854,21869.8,21832.7,21858.5
1658764800000,21858.3,21935.5,21851.7,21892.5
1658765700000,21895.4,21917.8,21832.2,21841.8
1658766600000,21843.1,21883.9,21836,21882.3
1658767500000,21884.3,21932.3,21875.7,21915.5
1658768400000,21915.4,21965.6,21913.6,21932.1
1658769300000,21933,21955.9,21901.5,21946.4
1658770200000,21946.3,21968.8,21869.7,21889.6
1658771100000,21887.6,21902.9,21836,21836
1658772000000,21836,21843.4,21740.9,21821.8
1658772900000,21821.5,21853.8,21797.9,21834.8
1658773800000,21834.4,21896.8,21824.1,21855.1
1658774700000,21855.1,21860.4,21777,21782.6
1658775600000,21780.2,21790.1,21582.9,21621.9
1658776500000,21622.4,21670.4,21593.7,21593.8
1658777400000,21593.8,21656.3,21527,21637
1658778300000,21637.2,21862.4,21623.9,21858.4
1658779200000,21857,22142.2,21855.7,22134.8
1658780100000,22135.9,22172.6,22031.6,22075
1658781000000,22074.5,22209.9,22042.3,22208.3
1658781900000,22208,22211,22062.2,22130.6
1658782800000,22117.5,22128.2,22047.2,22126.1
1658783700000,22125.9,22125.9,22051.1,22056.1
1658784600000,22056,22092.7,22014.6,22022.7
1658785500000,22022.9,22026,21961.2,21986.9
1658786400000,21987,21988.2,21829.5,21834.4
1658787300000,21834.4,21850.1,21577.1,21595.3
1658788200000,21595.1,21647.3,21481.2,21643.4
1658789100000,21643.4,21700.2,21583.6,21619.7
1658790000000,21619.8,21648.6,21554.7,21629.1
1658790900000,21629.1,21715.9,21601.9,21604.7
1658791800000,21604.7,21629.3,21522.5,21577.6
1658792700000,21577.2,21581.7,21227.6,21267.1
1658793600000,21267.2,21298.9,21152.1,21186.7
1658794500000,21186.7,21191.2,21042.7,21047.1
1658795400000,21044.9,21083.4,20953.4,21019
1658796300000,21018.9,21020.1,20945.3,20957.5
1658797200000,20957.4,21080.5,20945.8,21019.3
1658798100000,21019.6,21062.9,20997.5,21048.6
1658799000000,21048.5,21060.1,20993.7,21057.7
1658799900000,21057.7,21074.9,21035.9,21042.2
1658800800000,21042.1,21084.1,21042.1,21066.8
1658801700000,21067.2,21081,20999.3,21026.1
1658802600000,21023.8,21061.4,21022.5,21029.4
1658803500000,21029.5,21052.9,21020.4,21032.9
1658804400000,21033.2,21046.1,20835.5,20994.4
1658805300000,20994.4,21164.4,20992.4,21128.6
1658806200000,21128.6,21190.2,21038.7,21050.9
1658807100000,21050.9,21114,21034.6,21106.7
1658808000000,21107.2,21112.9,21087.3,21099
1658808900000,21099.5,21212.2,21066.6,21118.3
1658809800000,21119.9,21148,21111.4,21118
1658810700000,21118,21131.7,21077.7,21092.8
1658811600000,21092.9,21094.9,21048.6,21059.4
1658812500000,21058.9,21070.8,21030.3,21069.2
1658813400000,21069.3,21134.6,21041.7,21111.7
1658814300000,21111.9,21138.2,21084.9,21106.7
1658815200000,21106.8,21121,21074.7,21078
1658816100000,21077.6,21124.8,21072.8,21108
1658817000000,21107.6,21111.9,21033.9,21057.2
1658817900000,21056.5,21097.2,21033.8,21045.8
1658818800000,21045.7,21088.8,21033.5,21078
1658819700000,21077.9,21097.8,20991.3,21092.6
1658820600000,21092.4,21095.7,21026.9,21027.5
1658821500000,21027.5,21060.9,21003.7,21028.4
1658822400000,21028.9,21050.5,20981.8,20982.7
1658823300000,20982.9,21045.9,20958.7,21030.4
1658824200000,21030.3,21069.2,21025.5,21050.7
1658825100000,21050.7,21058.1,21025.6,21029.3
1658826000000,21030.2,21071,21026.5,21050.7
1658826900000,21050.4,21071.7,21039.5,21071.3
1658827800000,21071,21104.2,21070.6,21103.3
1658828700000,21103,21120.3,21088.1,21089.4
1658829600000,21089.3,21112.4,21049.7,21053.5
1658830500000,21055.5,21059.1,21027.4,21041.9
1658831400000,21041.3,21073.3,21016.6,21041.5
1658832300000,21042.6,21053.9,21027.5,21040.7
1658833200000,21040.6,21057.9,21028.6,21047.1
1658834100000,21047.1,21091.4,21046.9,21072.9
1658835000000,21072.5,21085.4,21038.9,21044.9
1658835900000,21044.9,21110.4,20907.1,21053.5
1658836800000,21053.3,21150.9,21009.1,21128.2
1658837700000,21128.1,21131.3,21050,21069.8
1658838600000,21069.8,21101.7,21010.1,21017.4
1658839500000,21016.8,21021,20930.9,20990.8
1658840400000,20990.7,21008.9,20837.5,20853.8
1658841300000,20854.5,20908.4,20762.2,20901.4
1658842200000,20901.2,20965.7,20864,20937
1658843100000,20937,20937.5,20850.9,20910.5
1658844000000,20910.1,20993.5,20853.6,20888.9
1658844900000,20889,20895.7,20828.7,20843.5
1658845800000,20843.7,20878.2,20805.1,20861.9
1658846700000,20862.1,20921.6,20862.1,20910.1
1658847600000,20910.2,20923.4,20806.2,20843.1
1658848500000,20843.1,20850.9,20729.6,20758.6
1658849400000,20759.4,20792.6,20691.3,20775.9
1658850300000,20775,20777.5,20696.3,20706.9
1658851200000,20705.9,20777,20702,20766.3
1658852100000,20766.3,20803.5,20753.9,20798.9
1658853000000,20797.2,20855.1,20797.2,20853.3
1658853900000,20853.2,20905.7,20843.7,20901.1
1658854800000,20899.6,21036.3,20882.1,20972.4
1658855700000,20972.4,21019.6,20892.8,20972.9
1658856600000,20971.7,20986.8,20872.5,20901.8
1658857500000,20901.5,20913.7,20875.2,20881.5
1658858400000,20884.9,20954.7,20869.3,20900.9
1658859300000,20902.5,20921,20874.9,20897.6
1658860200000,20897.6,20897.8,20791.2,20802.5
1658861100000,20800.7,20872.6,20794.1,20866.4
1658862000000,20867.9,20901.3,20779.2,20873.2
1658862900000,20873.8,20876.6,20831.8,20843.3
1658863800000,20843.9,20883.7,20809.7,20838
1658864700000,20838.6,20894.2,20832.3,20882.4
1658865600000,20884.2,20945.1,20786.9,20883.3
1658866500000,20883.6,20924.7,20829.5,20870.3
1658867400000,20870.5,20884.2,20845.5,20868.2
1658868300000,20868.3,20949.5,20857,20943.4
1658869200000,20940.4,21073.4,20937.4,21065.4
1658870100000,21065.2,21081.2,20902.3,20902.3
1658871000000,20902.1,20924.4,20794.4,20890
1658871900000,20889.9,20931.4,20857.3,20903.5
1658872800000,20904,21016.4,20886.1,21016.4
1658873700000,21015.2,21108.6,20994.4,21067.9
1658874600000,21067.8,21120.5,21044.3,21083.4
1658875500000,21083.5,21103.7,21042.3,21080.7
1658876400000,21080.8,21119.3,21032.3,21119.3
1658877300000,21119.8,21125.4,21057.7,21068.6
1658878200000,21068.6,21176.8,21053.7,21134
1658879100000,21134.2,21254.3,21117.5,21224.7
1658880000000,21224.7,21244.3,21170.3,21220.3
1658880900000,21220.7,21231.5,21158.6,21171.7
1658881800000,21172,21172.4,21108.8,21142.6
1658882700000,21143.5,21179.1,21110,21174.9
1658883600000,21175.1,21196.8,21164.2,21166.6
1658884500000,21166.6,21171.8,21107.2,21171.2
1658885400000,21171.3,21194.2,21149.1,21187.3
1658886300000,21187.3,21188.2,21126.2,21127.2
1658887200000,21127.1,21134.7,21067,21085
1658888100000,21084.8,21119.8,21075,21105.6
1658889000000,21105.3,21131,21076.7,21119.7
1658889900000,21119.6,21164.6,21112.7,21155.8
1658890800000,21155.8,21162.7,21079.5,21125.9
1658891700000,21125.7,21126.5,21073.1,21073.5
1658892600000,21075.7,21084.3,21013.4,21013.8
1658893500000,21013.6,21037.2,21011.7,21037.2
1658894400000,21037.3,21064.8,21026.7,21064.8
1658895300000,21064.8,21082.6,21051.5,21078.3
1658896200000,21078.2,21093.9,21046.5,21078.6
1658897100000,21079.1,21093,21056.7,21078.1
1658898000000,21077.9,21135.3,21063.5,21130.6
1658898900000,21128.3,21178.7,21126,21164.2
1658899800000,21164,21209.1,21164,21202.3
1658900700000,21202.4,21240.3,21187.2,21215.4
1658901600000,21214.9,21231.5,21170.8,21175.2
1658902500000,21175,21189.6,21160.6,21164.3
1658903400000,21164.7,21176.1,21133.6,21164.1
1658904300000,21164.1,21228.4,21155.7,21225.6
1658905200000,21225.5,21387.6,21214.3,21341.2
1658906100000,21341.2,21404.9,21319.1,21330.1
1658907000000,21330,21343.1,21314.6,21320.3
1658907900000,21320.7,21342.8,21285.9,21310.4
1658908800000,21310.3,21370.6,21309.1,21331.9
1658909700000,21332,21384.3,21328.3,21356
1658910600000,21356.5,21395.3,21330.2,21344.1
1658911500000,21343.5,21343.5,21307.8,21325.9
1658912400000,21325.9,21328.3,21255.1,21257.5
1658913300000,21257.7,21293.6,21255.4,21276
1658914200000,21276.1,21295.7,21269.1,21284.3
1658915100000,21284.3,21287.3,21238.1,21254.1
1658916000000,21254.2,21269.3,21246.8,21248.9
1658916900000,21248.8,21288.4,21222,21286.9
1658917800000,21286.8,21292.1,21255,21278.1
1658918700000,21276.8,21279.4,21229.2,21252.2
1658919600000,21252.9,21253.4,21224.5,21235.1
1658920500000,21235.4,21273.1,21231.2,21273.1
1658921400000,21273,21284.7,21270.5,21280.2
1658922300000,21280,21328.9,21112.8,21165.3
1658923200000,21168.1,21265.3,21128.3,21235.1
1658924100000,21235.2,21245.2,21217.4,21240
1658925000000,21239.9,21357.8,21223,21355.8
1658925900000,21355.7,21373.2,21322,21340.4
1658926800000,21339,21341.3,21288.6,21303
1658927700000,21303.4,21317.8,21258,21272.1
1658928600000,21271.9,21376.1,21258.7,21351.1
1658929500000,21352.2,21446.9,21336.8,21430.9
1658930400000,21431,21435.6,21381.8,21412.9
1658931300000,21412.9,21434.3,21385.7,21423.9
1658932200000,21424,21426.9,21367.3,21376.7
1658933100000,21376.6,21454.6,21376.6,21428.9
1658934000000,21429.1,21464.1,21405.5,21453.1
1658934900000,21453.1,21465.1,21395.9,21425.9
1658935800000,21425.7,21451.3,21399.9,21439.8
1658936700000,21439.8,21513.2,21435.6,21507.9
1658937600000,21507.6,21556.1,21470.9,21556.1
1658938500000,21556.8,21671.4,21546.4,21649
1658939400000,21648.9,21677,21607.1,21613.2
1658940300000,21613.2,21632.1,21440.4,21497.7
1658941200000,21498.3,21499.3,21435.8,21464.5
1658942100000,21465.2,21641.5,21464.5,21640.1
1658943000000,21641.1,21700,21606.7,21678.9
1658943900000,21678.1,21686.2,21580.9,21589.2
1658944800000,21589.4,22169.5,21588,21929
1658945700000,21929.5,22094.4,21913.8,22061.9
1658946600000,22061.3,22497.1,21931.9,22423.8
1658947500000,22422.3,22658.6,22359.9,22522
1658948400000,22522.5,22772.3,22522.5,22753
1658949300000,22752.7,23061.8,22726.6,22856.4
1658950200000,22858.2,22869,22722,22778.2
1658951100000,22778.2,22824.2,22647.4,22728.1
1658952000000,22727.8,22863.8,22651.5,22702.5
1658952900000,22702.6,22758.8,22654.8,22718
1658953800000,22718.1,22771.5,22693.2,22720.3
1658954700000,22720,22816,22719.4,22743.2
1658955600000,22751.6,22754,22662,22690.8
1658956500000,22690.9,22691,22658.8,22670.8
1658957400000,22671.9,22684,22560.6,22659.1
1658958300000,22659,22717.8,22590,22645.8
1658959200000,22646.2,22758.3,22631.3,22736.5
1658960100000,22734.4,22813.8,22733.2,22813.1
1658961000000,22813.1,22837.1,22726.1,22779.5
1658961900000,22779.6,22912.5,22774.4,22840.5
1658962800000,22840.6,22884.2,22816.2,22881.4
1658963700000,22881.3,22902.6,22801.5,22853.1
1658964600000,22852.8,22854.4,22787.9,22816.1
1658965500000,22816.1,22953.9,22815.2,22923.8
1658966400000,22923.7,23023.1,22836.9,22845
1658967300000,22845.1,22863.2,22781,22781
1658968200000,22783.5,22821.5,22725.2,22725.7
1658969100000,22725.9,22802.2,22725.4,22749.4
1658970000000,22750.8,22760.1,22687.7,22689.8
1658970900000,22690,22742.9,22687.3,22716.3
1658971800000,22715.5,22744.4,22712.8,22730.9
1658972700000,22730.9,22744.7,22709.3,22740.4
1658973600000,22740.4,22742.6,22683.7,22720.2
1658974500000,22720.2,22723.7,22694.8,22699.8
1658975400000,22700.1,22918,22698.7,22908.3
1658976300000,22908.5,23405,22906.5,23255.3
1658977200000,23255.3,23283.4,23189.4,23201.1
1658978100000,23201.3,23259.1,23160.4,23160.4
1658979000000,23160.7,23162.4,23074.1,23088.4
1658979900000,23088.6,23124.8,23081.6,23094
1658980800000,23094,23151.5,23048.5,23082
1658981700000,23083,23133.1,23081,23133.1
1658982600000,23133.1,23138.4,23074.5,23078.9
1658983500000,23078.3,23094.5,23029.3,23032.1
1658984400000,23033.1,23048.5,23005.7,23005.7
1658985300000,23005.6,23076,23004,23069
1658986200000,23069,23163.4,23069,23159.3
1658987100000,23160.9,23213.4,23129.1,23211.7
1658988000000,23211.6,23228.9,23120.9,23129.4
1658988900000,23129.4,23149.9,23110.7,23123.4
1658989800000,23123.5,23135.7,23113.4,23129.6
1658990700000,23129.6,23190.4,23027.9,23084.5
1658991600000,23084.6,23089.5,22953,23010.1
1658992500000,23010.1,23011.5,22922.5,22927
1658993400000,22927.3,22942.3,22863,22915.8
1658994300000,22916.1,22917.2,22871.9,22887.7
1658995200000,22888,22897.6,22845.3,22848.6
1658996100000,22848.8,22935.5,22848,22917.2
1658997000000,22917.1,22944.4,22868.4,22911.6
1658997900000,22912.7,22980,22908.8,22927.6
1658998800000,22927.4,22964.2,22876.9,22888
1658999700000,22887.9,22896.3,22799.5,22835.4
1659000600000,22835.4,22926.3,22815.4,22926
1659001500000,22926.1,22942.4,22898.7,22938
1659002400000,22938.1,22948.9,22922.6,22939.6
1659003300000,22939.6,23013.2,22888.8,22967.1
1659004200000,22966.5,23052.7,22930.7,23004.5
1659005100000,23004.1,23004.7,22923.3,22941.9
1659006000000,22942,22993.8,22939.4,22962.8
1659006900000,22962.9,23007.6,22962.7,23007.6
1659007800000,23007.6,23053.4,22933.3,23045.8
1659008700000,23047.7,23093,23039.6,23077.4
1659009600000,23077.7,23097.5,23006,23014
1659010500000,23013.9,23014.2,22861.6,22989.5
1659011400000,22991.2,23039.3,22555.9,22891.7
1659012300000,22890.1,23153.6,22885.8,23000.3
1659013200000,22999.9,23025.5,22898.4,23020.5
1659014100000,23020.4,23138.6,22994.3,23117.2
1659015000000,23117.1,23231.3,22942.9,22962.4
1659015900000,22962.9,22973.3,22744.2,22821.8
1659016800000,22821.9,22867,22719.1,22863.7
1659017700000,22863.9,22909.7,22811,22864.4
1659018600000,22864.3,22964.1,22820.2,22948.7
1659019500000,22950.1,23098.8,22940,23098.4
1659020400000,23098.4,23200.4,23088.8,23199.1
1659021300000,23199.1,23463.9,23173.5,23459.5
1659022200000,23460.5,23734.7,23408.1,23657.2
1659023100000,23657.4,23933.1,23577.4,23709.8
1659024000000,23709.9,23820.9,23645.5,23748.1
1659024900000,23747.3,23899.9,23747.3,23856
1659025800000,23856.6,23899.1,23680.6,23768.2
1659026700000,23767.6,23804.3,23729.4,23731.2
1659027600000,23731.8,23890.8,23724.9,23879.2
1659028500000,23880.4,23971,23827.8,23852
1659029400000,23852.9,24052.4,23839.8,23968.5
1659030300000,23968.5,23982.2,23888,23970
1659031200000,23970,23974.3,23759.7,23772.1
1659032100000,23772.1,23797.1,23709.3,23729.6
1659033000000,23729,23792.8,23728.3,23775.3
1659033900000,23773.9,23781.6,23706.7,23775.2
1659034800000,23775.1,23813.7,23747.7,23781.6
1659035700000,23781.4,23822.4,23754.2,23808.4
1659036600000,23808.5,23813.3,23744.7,23764.9
1659037500000,23764.9,23783.9,23657.2,23762.6
1659038400000,23762.9,23837.8,23754.6,23812.9
1659039300000,23812.4,23846.4,23809.1,23846.1
1659040200000,23845.7,24156,23815.7,23894.5
1659041100000,23894.7,24104.5,23770.7,23991
1659042000000,24017.9,24113.9,24010.5,24057.9
1659042900000,24057.8,24077,23877.2,23912
1659043800000,23909.2,23913.4,23835.1,23897.5
1659044700000,23898.5,23952.8,23818.3,23894.2
1659045600000,23893.5,23896,23785.1,23853
1659046500000,23853,23940.7,23839,23906.6
1659047400000,23906.7,23942.8,23845.6,23929
1659048300000,23930,23950.6,23877.5,23931
1659049200000,23931.1,23945.4,23843.3,23860.1
1659050100000,23860.1,23860.5,23751.9,23791.2
1659051000000,23791.2,23810.4,23715.8,23758.5
1659051900000,23758.5,23825.8,23742.2,23817.4
1659052800000,23817.4,23852.4,23806,23814.6
1659053700000,23814.6,23816.3,23680.4,23685.3
1659054600000,23685.1,23841.2,23684.8,23835.1
1659055500000,23833.9,23907.8,23811.3,23847.9
1659056400000,23847.2,23861.2,23793.2,23803.8
1659057300000,23803.8,23833.6,23746.3,23766.3
1659058200000,23766.3,23768.6,23719.3,23732.1
1659059100000,23732,23843.9,23729.3,23825.8
1659060000000,23827.6,23852.4,23773.9,23852.3
1659060900000,23852.5,23865.7,23703.3,23779.6
1659061800000,23779.7,23801.7,23739.5,23795.4
1659062700000,23795.6,23796.5,23728.1,23748.2
1659063600000,23748.2,23795.5,23733.2,23779.4
1659064500000,23779.4,23801.3,23766.7,23781.9
1659065400000,23782.5,23846.5,23781.2,23830.2
1659066300000,23830.2,23891.8,23830.2,23881.6
1659067200000,23880.3,23903.2,23862.1,23870.6
1659068100000,23870.6,23945.4,23858.6,23930.5
1659069000000,23930.3,23988.7,23885.6,23920.3
1659069900000,23920,23994,23906.7,23979.5
1659070800000,23978.2,23990,23840.9,23873.3
1659071700000,23874.8,23893.6,23851.1,23889.6
1659072600000,23890.3,24069,23881,24007
1659073500000,24007.2,24043,23913,23962.3
1659074400000,23962.3,23968.8,23921,23921.5
1659075300000,23921.1,24024.6,23898.7,23997.8
1659076200000,23997.8,24397.7,23994,24213.8
1659077100000,24213.7,24218.4,23882.6,23918.5
1659078000000,23918.5,23958.2,23822.8,23870.6
1659078900000,23870.6,23903.9,23802.4,23820.2
1659079800000,23820.3,23940.4,23814.6,23868.6
1659080700000,23867.4,23915.8,23865.8,23907.3
1659081600000,23907.2,23914.9,23759.6,23888.3
1659082500000,23886.8,23947.7,23856.1,23899.5
1659083400000,23899.6,23933.8,23848.6,23914.4
1659084300000,23915.6,23931.3,23861.8,23894.1
1659085200000,23893.7,23917.6,23831.6,23917.1
1659086100000,23917.5,23937.9,23886.7,23937.4
1659087000000,23937,24014.1,23916.8,23981.4
1659087900000,23983.8,24055,23976.7,24041.7
1659088800000,24042.1,24061.3,24009.8,24045.2
1659089700000,24044.8,24094.1,23956.8,23968.4
1659090600000,23966.7,24014.7,23952.3,23964.5
1659091500000,23964.5,24024.1,23964.1,23973
1659092400000,23972.5,23984.1,23900.1,23950
1659093300000,23950,23950,23772.9,23781.3
1659094200000,23784.1,23811.6,23530.7,23569.7
1659095100000,23569.7,23718.5,23548.4,23693.7
1659096000000,23693.7,23714.4,23639.3,23641.1
1659096900000,23641.1,23686.5,23601.3,23631.9
1659097800000,23631.6,23664.9,23450.9,23450.9
1659098700000,23450.2,23533.6,23427.4,23482.9
1659099600000,23483.1,23501.8,23412.9,23454.7
1659100500000,23454.8,23597.8,23419.6,23563.7
1659101400000,23563.7,23680.7,23417.1,23623.7
1659102300000,23623.7,23720.5,23623.7,23673
1659103200000,23672.1,24073.8,23645.4,24002.9
1659104100000,24002.9,24193.9,23947.8,24115.2
1659105000000,24114.8,24189.1,24024.7,24084.8
1659105900000,24084.8,24125.4,24012.3,24015.8
1659106800000,24015.1,24032.6,23931.6,23969.2
1659107700000,23969.2,23969.8,23848.6,23856.2
1659108600000,23855.8,23999.2,23854.7,23983.1
1659109500000,23981.5,23999,23957.1,23987
1659110400000,23987,23990.5,23634.1,23640.2
1659111300000,23640.2,23730.7,23591.6,23630.7
1659112200000,23630.6,23704.8,23626.1,23683.8
1659113100000,23683.8,23851.3,23669.4,23824.5
1659114000000,23824.5,23824.5,23714.9,23725.6
1659114900000,23725.7,23767.1,23607.8,23642
1659115800000,23642.2,23762,23627.9,23761.2
1659116700000,23761.3,23822.5,23750.7,23754.6
1659117600000,23755.1,24004.7,23718.2,23991.4
1659118500000,23991.5,23992.6,23827.7,23851.5
1659119400000,23852.6,23928.4,23830.5,23855.9
1659120300000,23855.2,23916,23855.2,23900.4
1659121200000,23900.7,23930,23833.7,23854.4
1659122100000,23854.1,23861.2,23807.5,23828.3
1659123000000,23830.6,23862.5,23791.2,23856.9
1659123900000,23856.9,23909.4,23739.1,23862.3
1659124800000,23861.9,23939.8,23771.9,23776.4
1659125700000,23776.4,23879.6,23771.5,23831.4
1659126600000,23831.6,23919.2,23830.8,23863
1659127500000,23863.1,23941.2,23853,23914.2
1659128400000,23888.3,23941.7,23843.2,23846.1
1659129300000,23846.1,23905.9,23826.3,23853.9
1659130200000,23853.8,23853.9,23686.4,23717.6
1659131100000,23717.5,23814.5,23655.3,23767.3
1659132000000,23767.2,23782.5,23701.7,23757.2
1659132900000,23755.1,23841.4,23695.4,23826.5
1659133800000,23826.5,23910,23791.4,23879.3
1659134700000,23876.8,23900.2,23824.5,23887.8
1659135600000,23888.7,24042.4,23842,24041.8
1659136500000,24041.1,24076.9,23991.4,24044.1
1659137400000,24044,24083,23887,23900.4
1659138300000,23901.2,23918.7,23649.2,23723.6
1659139200000,23723.6,23822,23694.3,23771.2
1659140100000,23772.8,23851.6,23769.8,23814.7
1659141000000,23814.7,23820.1,23706.5,23788.8
1659141900000,23788.7,23883.7,23782.6,23863.7
1659142800000,23864.8,23914,23775.1,23787
1659143700000,23788.1,23867.7,23764,23852.9
1659144600000,23852.9,23887.3,23827,23871.8
1659145500000,23871.8,23908.8,23626.8,23861
1659146400000,23861,23873.2,23729.4,23781.9
1659147300000,23783,23813.9,23728.6,23750
1659148200000,23749.6,23806.2,23691.8,23795.3
1659149100000,23795.3,23807,23719.8,23781.3
1659150000000,23781.2,23799.9,23698.2,23723.7
1659150900000,23719.7,23787,23704.8,23773.3
1659151800000,23771.6,23789.5,23702.8,23709.5
1659152700000,23709.5,23769,23708.5,23752.4
1659153600000,23751.5,23770.3,23699.7,23759.8
1659154500000,23760.7,23760.8,23591,23653.1
1659155400000,23652.3,23684.9,23628.1,23681
1659156300000,23683.5,23712.2,23663.9,23686.2
1659157200000,23687.8,23711.3,23660,23702.2
1659158100000,23704.9,23745.2,23698.9,23722.4
1659159000000,23722.3,23746.4,23712,23734.9
1659159900000,23734.8,23745.4,23702,23742.9
1659160800000,23743.6,23751.5,23703,23722.6
1659161700000,23724.1,23798.6,23707.4,23775.4
1659162600000,23775.3,23786.2,23710.9,23712.5
1659163500000,23712.5,23773.6,23708.7,23765.1
1659164400000,23765,23813.8,23757.4,23797.5
1659165300000,23800.4,23855.7,23786.8,23825.8
1659166200000,23826.8,23839.1,23810.1,23824.1
1659167100000,23824.1,23859.5,23811.5,23829.7
1659168000000,23830.1,23838.2,23791.3,23806.8
1659168900000,23806.7,23870.7,23780,23828
1659169800000,23827.8,23856.7,23773.6,23850.2
1659170700000,23848.3,23896.9,23822.2,23840.3
1659171600000,23841.4,23870.6,23820.3,23863.8
1659172500000,23863.8,23877.2,23836.8,23846.4
1659173400000,23847.2,23899.9,23833.5,23868.6
1659174300000,23868.5,23877.6,23780,23856.2
1659175200000,23856.2,23872.5,23706.2,23716.7
1659176100000,23716.7,23779.4,23682.2,23765.2
1659177000000,23765.1,23801.3,23737.3,23739.5
1659177900000,23737.7,23792,23737.6,23759.2
1659178800000,23759.9,23795.5,23754.1,23781.5
1659179700000,23779.4,23885,23759.9,23858.9
1659180600000,23860.2,23996.2,23855.1,23969
1659181500000,23970.8,23990.3,23893.6,23898.8
1659182400000,23900.1,23953.4,23892.1,23944.1
1659183300000,23944.7,24115,23864.6,24107.5
1659184200000,24107.5,24232.9,24046.8,24153.6
1659185100000,24153.6,24330.8,24135.7,24323.3
1659186000000,24323.2,24598.1,24274.1,24438.6
1659186900000,24438.5,24554.3,24438,24465.3
1659187800000,24467.3,24497.9,24349.3,24464.6
1659188700000,24464.5,24492.2,24412.9,24440.1
1659189600000,24439.1,24543.4,24380.3,24467
1659190500000,24468.7,24513,24442.8,24499.3
1659191400000,24498.1,24499.1,24388.2,24420
1659192300000,24419.5,24456,24285.1,24298
1659193200000,24299,24380.4,24295.5,24369.2
1659194100000,24371.5,24498.9,24353.2,24460.1
1659195000000,24460,24538.9,24449.2,24505.9
1659195900000,24505.9,24558.3,24459.5,24473
1659196800000,24472.9,24491.3,24396.6,24417.9
1659197700000,24420.1,24494.4,24400.7,24474.8
1659198600000,24474.8,24501.9,24412.3,24448.8
1659199500000,24448.9,24532.8,24443.7,24524.1
1659200400000,24522.7,24535,24485.5,24522.3
1659201300000,24522.3,24527.8,24432.6,24451.2
1659202200000,24452.8,24458.9,24402.4,24416.3
1659203100000,24416.2,24465,24400.5,24443.1
1659204000000,24442.5,24483.1,24423.2,24451.3
1659204900000,24451,24489.7,24416.9,24485.4
1659205800000,24485.3,24516.5,24454,24499.9
1659206700000,24499.8,24503.3,24452.3,24459.4
1659207600000,24460.6,24464.8,24358.9,24385.9
1659208500000,24385.9,24427.3,24310,24368.6
1659209400000,24368.6,24382.5,24012.7,24039.9
1659210300000,24039.8,24065.7,23818.8,23867.5
1659211200000,23867.5,23898.9,23761.9,23784.2
1659212100000,23784,23930.8,23754.2,23907
1659213000000,23907,24022.3,23845,23987.8
1659213900000,23987.5,23989.3,23867.2,23908
1659214800000,23906.8,23964.2,23845,23871.3
1659215700000,23871.6,23894.9,23827,23870.8
1659216600000,23871,23913.9,23850.9,23908.1
1659217500000,23908.9,23910.5,23820.3,23825.5
1659218400000,23825.4,23825.4,23483,23555.7
1659219300000,23556.2,23647,23483.4,23618.5
1659220200000,23619,23689.4,23601.8,23681.7
1659221100000,23681.9,23703.4,23657.4,23665.3
1659222000000,23664.6,23691.7,23588.5,23605.9
1659222900000,23606,23606.8,23513.9,23524.2
1659223800000,23524.1,23595,23520,23564.3
1659224700000,23564.3,23620,23561.3,23603.7
1659225600000,23603.9,23647,23493.9,23609.7
1659226500000,23609.7,23656.7,23602.2,23628.2
1659227400000,23628.4,23734.6,23612.1,23696
1659228300000,23695.6,23729.6,23640.3,23713.6
1659229200000,23713.5,23717.2,23666.9,23684.4
1659230100000,23684,23746.4,23677,23723.3
1659231000000,23723.2,23768.1,23655.3,23696.4
1659231900000,23696.5,23727.4,23678.2,23688
1659232800000,23688.1,23837.7,23686.9,23786.5
1659233700000,23786.7,23812.6,23737.4,23737.5
1659234600000,23737.9,23750.1,23707.2,23738.2
1659235500000,23738.3,23758.9,23731,23756.5
1659236400000,23757.1,23773.8,23703.2,23750.2
1659237300000,23750.4,23757.9,23700.9,23711.1
1659238200000,23711,23714.6,23655.5,23688.3
1659239100000,23688.1,23723.7,23671.9,23705.2
1659240000000,23705.4,23742.7,23705.4,23708.9
1659240900000,23709.1,23775.2,23706.1,23775.1
1659241800000,23775.3,23789.4,23749.8,23750.1
1659242700000,23750.2,23785.3,23750,23766.3
1659243600000,23766.6,23800.7,23738.9,23758.3
1659244500000,23758.2,23777.6,23698.2,23698.2
1659245400000,23698.4,23743.7,23698.3,23738.4
1659246300000,23738.1,23738.9,23674.3,23676.5
1659247200000,23676.6,23699.6,23676.1,23687.6
1659248100000,23688.1,23729.1,23676.4,23710.6
1659249000000,23710.3,23736.1,23702.6,23709.6
1659249900000,23709.5,23754.2,23709.5,23739.1
1659250800000,23739.2,23768.8,23705.3,23763.9
1659251700000,23763.6,23775.6,23730.1,23737.5
1659252600000,23737,23738.8,23679.1,23686.5
1659253500000,23686.6,23698.4,23637.2,23676.3
1659254400000,23676.8,23708.3,23596.4,23617.2
1659255300000,23616.9,23666,23595.4,23661.9
1659256200000,23662.2,23664.2,23596.4,23628.4
1659257100000,23628.1,23628.5,23546.6,23557.8
1659258000000,23557.7,23601.5,23531.9,23591.3
1659258900000,23591.9,23661.1,23585.9,23645.7
1659259800000,23645.7,23683.1,23622.3,23681.3
1659260700000,23681.5,23715.8,23669.3,23715.8
1659261600000,23715.9,23722.2,23678.8,23721.9
1659262500000,23721.7,23763.7,23714.5,23751
1659263400000,23750.9,23752.3,23714.6,23742.3
1659264300000,23742.2,23810,23702.1,23793.1
1659265200000,23791.7,23814.2,23714.4,23770.2
1659266100000,23770.4,23776.7,23727.8,23734.6
1659267000000,23734.5,23755.5,23720.8,23755.5
1659267900000,23755.6,23807.6,23731.3,23769.1
1659268800000,23769.2,23770,23748.4,23768.4
1659269700000,23768.3,23768.5,23731.7,23738.5
1659270600000,23738.4,23751.9,23711.2,23726.7
1659271500000,23726.8,23821.4,23725,23778.5
1659272400000,23778.6,23791,23726.1,23727.1
1659273300000,23726.5,23728.1,23653.4,23683
1659274200000,23683.1,23712.6,23637.4,23712
1659275100000,23712.1,23712.3,23674.7,23677.9
1659276000000,23677.8,23684.3,23645.2,23654.7
1659276900000,23654.6,23754.2,23652.5,23747.8
1659277800000,23746.9,23794.6,23585.1,23613.5
1659278700000,23612.8,23694.7,23598.7,23687.3
1659279600000,23687.1,23733,23634.9,23639.2
1659280500000,23639.3,23730.1,23620.7,23692.9
1659281400000,23692.7,23732.6,23692.3,23724.1
1659282300000,23724.2,23749.2,23707.3,23737.8
1659283200000,23738,23764.7,23716.2,23748.7
1659284100000,23748.8,23754.6,23678.7,23725.4
1659285000000,23725.6,23776.6,23725.1,23771.6
1659285900000,23771,23778.2,23711.9,23728.2
1659286800000,23728.5,23739.3,23687.5,23716.2
1659287700000,23716.1,23728.1,23683.2,23691.9
1659288600000,23691.5,23711.8,23643.3,23699
1659289500000,23699.2,23707.8,23678,23703.6
1659290400000,23703.5,24149.7,23702.6,24090.3
1659291300000,24090.4,24133.7,23588.5,23625.5
1659292200000,23628.2,23812.1,23371.9,23655.2
1659293100000,23655.1,23744,23611.4,23709.2
1659294000000,23709,23930.9,23672.9,23861.4
1659294900000,23861.4,23897.6,23824.9,23826.8
1659295800000,23826.6,23908.9,23790,23856.1
1659296700000,23856.3,23857.2,23793.2,23808.6
1659297600000,23808.9,23850.5,23803,23839.2
1659298500000,23839.1,23839.2,23747.3,23771.6
1659299400000,23770.4,23773.8,23745.3,23764.8
1659300300000,23765,23784,23743.2,23761.9
1659301200000,23741.6,23768.5,23675.2,23740.9
1659302100000,23741.1,23760.8,23703.5,23704.2
1659303000000,23704.5,23708.8,23542.5,23609.9
1659303900000,23610.4,23613.7,23504.7,23554.5
1659304800000,23534.6,23545.8,23402.1,23407.4
1659305700000,23406.4,23458.3,23232.2,23286.3
1659306600000,23287.8,23290,23197.1,23263.3
1659307500000,23262.4,23359.2,23209,23347.7
1659308400000,23347.7,23349.1,23265.2,23277.3
1659309300000,23277,23329.9,23271.6,23306.4
1659310200000,23304.9,23428.6,23294.1,23370.4
1659311100000,23369.1,23371.3,23260.9,23272.5
