timestamp,open,high,low,close
1664668800000,1662.518,1662.518,1662.518,1662.518
1664669100000,1662.518,1662.518,1662.518,1662.518
1664669400000,1662.518,1662.518,1662.518,1662.518
1664669700000,1662.518,1662.518,1662.518,1662.518
1664670000000,1662.518,1662.518,1662.518,1662.518
1664670300000,1662.518,1662.518,1662.518,1662.518
1664670600000,1662.518,1662.518,1662.518,1662.518
1664670900000,1662.518,1662.518,1662.518,1662.518
1664671200000,1662.518,1662.518,1662.518,1662.518
1664671500000,1662.518,1662.518,1662.518,1662.518
1664671800000,1662.518,1662.518,1662.518,1662.518
1664672100000,1662.518,1662.518,1662.518,1662.518
1664672400000,1662.518,1662.518,1662.518,1662.518
1664672700000,1662.518,1662.518,1662.518,1662.518
1664673000000,1662.518,1662.518,1662.518,1662.518
1664673300000,1662.518,1662.518,1662.518,1662.518
1664673600000,1662.518,1662.518,1662.518,1662.518
1664673900000,1662.518,1662.518,1662.518,1662.518
1664674200000,1662.518,1662.518,1662.518,1662.518
1664674500000,1662.518,1662.518,1662.518,1662.518
1664674800000,1662.518,1662.518,1662.518,1662.518
1664675100000,1662.518,1662.518,1662.518,1662.518
1664675400000,1662.518,1662.518,1662.518,1662.518
1664675700000,1662.518,1662.518,1662.518,1662.518
1664676000000,1662.518,1662.518,1662.518,1662.518
1664676300000,1662.518,1662.518,1662.518,1662.518
1664676600000,1662.518,1662.518,1662.518,1662.518
1664676900000,1662.518,1662.518,1662.518,1662.518
1664677200000,1662.518,1662.518,1662.518,1662.518
1664677500000,1662.518,1662.518,1662.518,1662.518
1664677800000,1662.518,1662.518,1662.518,1662.518
1664678100000,1662.518,1662.518,1662.518,1662.518
1664678400000,1662.518,1662.518,1662.518,1662.518
1664678700000,1662.518,1662.518,1662.518,1662.518
1664679000000,1662.518,1662.518,1662.518,1662.518
1664679300000,1662.518,1662.518,1662.518,1662.518
1664679600000,1662.518,1662.518,1662.518,1662.518
1664679900000,1662.518,1662.518,1662.518,1662.518
1664680200000,1662.518,1662.518,1662.518,1662.518
1664680500000,1662.518,1662.518,1662.518,1662.518
1664680800000,1662.518,1662.518,1662.518,1662.518
1664681100000,1662.518,1662.518,1662.518,1662.518
1664681400000,1662.518,1662.518,1662.518,1662.518
1664681700000,1662.518,1662.518,1662.518,1662.518
1664682000000,1662.518,1662.518,1662.518,1662.518
1664682300000,1662.518,1662.518,1662.518,1662.518
1664682600000,1662.518,1662.518,1662.518,1662.518
1664682900000,1662.518,1662.518,1662.518,1662.518
1664683200000,1662.518,1662.518,1662.518,1662.518
1664683500000,1662.518,1662.518,1662.518,1662.518
1664683800000,1662.518,1662.518,1662.518,1662.518
1664684100000,1662.518,1662.518,1662.518,1662.518
1664684400000,1662.518,1662.518,1662.518,1662.518
1664684700000,1662.518,1662.518,1662.518,1662.518
1664685000000,1662.518,1662.518,1662.518,1662.518
1664685300000,1662.518,1662.518,1662.518,1662.518
1664685600000,1662.518,1662.518,1662.518,1662.518
1664685900000,1662.518,1662.518,1662.518,1662.518
1664686200000,1662.518,1662.518,1662.518,1662.518
1664686500000,1662.518,1662.518,1662.518,1662.518
1664686800000,1662.518,1662.518,1662.518,1662.518
1664687100000,1662.518,1662.518,1662.518,1662.518
1664687400000,1662.518,1662.518,1662.518,1662.518
1664687700000,1662.518,1662.518,1662.518,1662.518
1664688000000,1662.518,1662.518,1662.518,1662.518
1664688300000,1662.518,1662.518,1662.518,1662.518
1664688600000,1662.518,1662.518,1662.518,1662.518
1664688900000,1662.518,1662.518,1662.518,1662.518
1664689200000,1662.518,1662.518,1662.518,1662.518
1664689500000,1662.518,1662.518,1662.518,1662.518
1664689800000,1662.518,1662.518,1662.518,1662.518
1664690100000,1662.518,1662.518,1662.518,1662.518
1664690400000,1662.518,1662.518,1662.518,1662.518
1664690700000,1662.518,1662.518,1662.518,1662.518
1664691000000,1662.518,1662.518,1662.518,1662.518
1664691300000,1662.518,1662.518,1662.518,1662.518
1664691600000,1662.518,1662.518,1662.518,1662.518
1664691900000,1662.518,1662.518,1662.518,1662.518
1664692200000,1662.518,1662.518,1662.518,1662.518
1664692500000,1662.518,1662.518,1662.518,1662.518
1664692800000,1662.518,1662.518,1662.518,1662.518
1664693100000,1662.518,1662.518,1662.518,1662.518
1664693400000,1662.518,1662.518,1662.518,1662.518
1664693700000,1662.518,1662.518,1662.518,1662.518
1664694000000,1662.518,1662.518,1662.518,1662.518
1664694300000,1662.518,1662.518,1662.518,1662.518
1664694600000,1662.518,1662.518,1662.518,1662.518
1664694900000,1662.518,1662.518,1662.518,1662.518
1664695200000,1662.518,1662.518,1662.518,1662.518
1664695500000,1662.518,1662.518,1662.518,1662.518
1664695800000,1662.518,1662.518,1662.518,1662.518
1664696100000,1662.518,1662.518,1662.518,1662.518
1664696400000,1662.518,1662.518,1662.518,1662.518
1664696700000,1662.518,1662.518,1662.518,1662.518
1664697000000,1662.518,1662.518,1662.518,1662.518
1664697300000,1662.518,1662.518,1662.518,1662.518
1664697600000,1662.518,1662.518,1662.518,1662.518
1664697900000,1662.518,1662.518,1662.518,1662.518
1664698200000,1662.518,1662.518,1662.518,1662.518
1664698500000,1662.518,1662.518,1662.518,1662.518
1664698800000,1662.518,1662.518,1662.518,1662.518
1664699100000,1662.518,1662.518,1662.518,1662.518
1664699400000,1662.518,1662.518,1662.518,1662.518
1664699700000,1662.518,1662.518,1662.518,1662.518
1664700000000,1662.518,1662.518,1662.518,1662.518
1664700300000,1662.518,1662.518,1662.518,1662.518
1664700600000,1662.518,1662.518,1662.518,1662.518
1664700900000,1662.518,1662.518,1662.518,1662.518
1664701200000,1662.518,1662.518,1662.518,1662.518
1664701500000,1662.518,1662.518,1662.518,1662.518
1664701800000,1662.518,1662.518,1662.518,1662.518
1664702100000,1662.518,1662.518,1662.518,1662.518
1664702400000,1662.518,1662.518,1662.518,1662.518
1664702700000,1662.518,1662.518,1662.518,1662.518
1664703000000,1662.518,1662.518,1662.518,1662.518
1664703300000,1662.518,1662.518,1662.518,1662.518
1664703600000,1662.518,1662.518,1662.518,1662.518
1664703900000,1662.518,1662.518,1662.518,1662.518
1664704200000,1662.518,1662.518,1662.518,1662.518
1664704500000,1662.518,1662.518,1662.518,1662.518
1664704800000,1662.518,1662.518,1662.518,1662.518
1664705100000,1662.518,1662.518,1662.518,1662.518
1664705400000,1662.518,1662.518,1662.518,1662.518
1664705700000,1662.518,1662.518,1662.518,1662.518
1664706000000,1662.518,1662.518,1662.518,1662.518
1664706300000,1662.518,1662.518,1662.518,1662.518
1664706600000,1662.518,1662.518,1662.518,1662.518
1664706900000,1662.518,1662.518,1662.518,1662.518
1664707200000,1662.518,1662.518,1662.518,1662.518
1664707500000,1662.518,1662.518,1662.518,1662.518
1664707800000,1662.518,1662.518,1662.518,1662.518
1664708100000,1662.518,1662.518,1662.518,1662.518
1664708400000,1662.518,1662.518,1662.518,1662.518
1664708700000,1662.518,1662.518,1662.518,1662.518
1664709000000,1662.518,1662.518,1662.518,1662.518
1664709300000,1662.518,1662.518,1662.518,1662.518
1664709600000,1662.518,1662.518,1662.518,1662.518
1664709900000,1662.518,1662.518,1662.518,1662.518
1664710200000,1662.518,1662.518,1662.518,1662.518
1664710500000,1662.518,1662.518,1662.518,1662.518
1664710800000,1662.518,1662.518,1662.518,1662.518
1664711100000,1662.518,1662.518,1662.518,1662.518
1664711400000,1662.518,1662.518,1662.518,1662.518
1664711700000,1662.518,1662.518,1662.518,1662.518
1664712000000,1662.518,1662.518,1662.518,1662.518
1664712300000,1662.518,1662.518,1662.518,1662.518
1664712600000,1662.518,1662.518,1662.518,1662.518
1664712900000,1662.518,1662.518,1662.518,1662.518
1664713200000,1662.518,1662.518,1662.518,1662.518
1664713500000,1662.518,1662.518,1662.518,1662.518
1664713800000,1662.518,1662.518,1662.518,1662.518
1664714100000,1662.518,1662.518,1662.518,1662.518
1664714400000,1662.518,1662.518,1662.518,1662.518
1664714700000,1662.518,1662.518,1662.518,1662.518
1664715000000,1662.518,1662.518,1662.518,1662.518
1664715300000,1662.518,1662.518,1662.518,1662.518
1664715600000,1662.518,1662.518,1662.518,1662.518
1664715900000,1662.518,1662.518,1662.518,1662.518
1664716200000,1662.518,1662.518,1662.518,1662.518
1664716500000,1662.518,1662.518,1662.518,1662.518
1664716800000,1662.518,1662.518,1662.518,1662.518
1664717100000,1662.518,1662.518,1662.518,1662.518
1664717400000,1662.518,1662.518,1662.518,1662.518
1664717700000,1662.518,1662.518,1662.518,1662.518
1664718000000,1662.518,1662.518,1662.518,1662.518
1664718300000,1662.518,1662.518,1662.518,1662.518
1664718600000,1662.518,1662.518,1662.518,1662.518
1664718900000,1662.518,1662.518,1662.518,1662.518
1664719200000,1662.518,1662.518,1662.518,1662.518
1664719500000,1662.518,1662.518,1662.518,1662.518
1664719800000,1662.518,1662.518,1662.518,1662.518
1664720100000,1662.518,1662.518,1662.518,1662.518
1664720400000,1662.518,1662.518,1662.518,1662.518
1664720700000,1662.518,1662.518,1662.518,1662.518
1664721000000,1662.518,1662.518,1662.518,1662.518
1664721300000,1662.518,1662.518,1662.518,1662.518
1664721600000,1662.518,1662.518,1662.518,1662.518
1664721900000,1662.518,1662.518,1662.518,1662.518
1664722200000,1662.518,1662.518,1662.518,1662.518
1664722500000,1662.518,1662.518,1662.518,1662.518
1664722800000,1662.518,1662.518,1662.518,1662.518
1664723100000,1662.518,1662.518,1662.518,1662.518
1664723400000,1662.518,1662.518,1662.518,1662.518
1664723700000,1662.518,1662.518,1662.518,1662.518
1664724000000,1662.518,1662.518,1662.518,1662.518
1664724300000,1662.518,1662.518,1662.518,1662.518
1664724600000,1662.518,1662.518,1662.518,1662.518
1664724900000,1662.518,1662.518,1662.518,1662.518
1664725200000,1662.518,1662.518,1662.518,1662.518
1664725500000,1662.518,1662.518,1662.518,1662.518
1664725800000,1662.518,1662.518,1662.518,1662.518
1664726100000,1662.518,1662.518,1662.518,1662.518
1664726400000,1662.518,1662.518,1662.518,1662.518
1664726700000,1662.518,1662.518,1662.518,1662.518
1664727000000,1662.518,1662.518,1662.518,1662.518
1664727300000,1662.518,1662.518,1662.518,1662.518
1664727600000,1662.518,1662.518,1662.518,1662.518
1664727900000,1662.518,1662.518,1662.518,1662.518
1664728200000,1662.518,1662.518,1662.518,1662.518
1664728500000,1662.518,1662.518,1662.518,1662.518
1664728800000,1662.518,1662.518,1662.518,1662.518
1664729100000,1662.518,1662.518,1662.518,1662.518
1664729400000,1662.518,1662.518,1662.518,1662.518
1664729700000,1662.518,1662.518,1662.518,1662.518
1664730000000,1662.518,1662.518,1662.518,1662.518
1664730300000,1662.518,1662.518,1662.518,1662.518
1664730600000,1662.518,1662.518,1662.518,1662.518
1664730900000,1662.518,1662.518,1662.518,1662.518
1664731200000,1662.518,1662.518,1662.518,1662.518
1664731500000,1662.518,1662.518,1662.518,1662.518
1664731800000,1662.518,1662.518,1662.518,1662.518
1664732100000,1662.518,1662.518,1662.518,1662.518
1664732400000,1662.518,1662.518,1662.518,1662.518
1664732700000,1662.518,1662.518,1662.518,1662.518
1664733000000,1662.518,1662.518,1662.518,1662.518
1664733300000,1662.518,1662.518,1662.518,1662.518
1664733600000,1662.518,1662.518,1662.518,1662.518
1664733900000,1662.518,1662.518,1662.518,1662.518
1664734200000,1662.518,1662.518,1662.518,1662.518
1664734500000,1662.518,1662.518,1662.518,1662.518
1664734800000,1662.518,1662.518,1662.518,1662.518
1664735100000,1662.518,1662.518,1662.518,1662.518
1664735400000,1662.518,1662.518,1662.518,1662.518
1664735700000,1662.518,1662.518,1662.518,1662.518
1664736000000,1662.518,1662.518,1662.518,1662.518
1664736300000,1662.518,1662.518,1662.518,1662.518
1664736600000,1662.518,1662.518,1662.518,1662.518
1664736900000,1662.518,1662.518,1662.518,1662.518
1664737200000,1662.518,1662.518,1662.518,1662.518
1664737500000,1662.518,1662.518,1662.518,1662.518
1664737800000,1662.518,1662.518,1662.518,1662.518
1664738100000,1662.518,1662.518,1662.518,1662.518
1664738400000,1662.518,1662.518,1662.518,1662.518
1664738700000,1662.518,1662.518,1662.518,1662.518
1664739000000,1662.518,1662.518,1662.518,1662.518
1664739300000,1662.518,1662.518,1662.518,1662.518
1664739600000,1662.518,1662.518,1662.518,1662.518
1664739900000,1662.518,1662.518,1662.518,1662.518
1664740200000,1662.518,1662.518,1662.518,1662.518
1664740500000,1662.518,1662.518,1662.518,1662.518
1664740800000,1662.518,1662.518,1662.518,1662.518
1664741100000,1662.518,1662.518,1662.518,1662.518
1664741400000,1662.518,1662.518,1662.518,1662.518
1664741700000,1662.518,1662.518,1662.518,1662.518
1664742000000,1662.518,1662.518,1662.518,1662.518
1664742300000,1662.518,1662.518,1662.518,1662.518
1664742600000,1662.518,1662.518,1662.518,1662.518
1664742900000,1662.518,1662.518,1662.518,1662.518
1664743200000,1662.518,1662.518,1662.518,1662.518
1664743500000,1662.518,1662.518,1662.518,1662.518
1664743800000,1662.518,1662.518,1662.518,1662.518
1664744100000,1662.518,1662.518,1662.518,1662.518
1664744400000,1662.518,1662.518,1662.518,1662.518
1664744700000,1662.518,1662.518,1662.518,1662.518
1664745000000,1662.518,1662.518,1662.518,1662.518
1664745300000,1662.518,1662.518,1662.518,1662.518
1664745600000,1662.518,1662.518,1662.518,1662.518
1664745900000,1662.518,1662.518,1662.518,1662.518
1664746200000,1662.518,1662.518,1662.518,1662.518
1664746500000,1662.518,1662.518,1662.518,1662.518
1664746800000,1662.518,1662.518,1662.518,1662.518
1664747100000,1662.518,1662.518,1662.518,1662.518
1664747400000,1662.518,1662.518,1662.518,1662.518
1664747700000,1662.518,1662.518,1662.518,1662.518
1664748000000,1662.198,1664.838,1660.125,1664.065
1664748300000,1664.065,1664.865,1663.322,1664.765
1664748600000,1664.775,1665.268,1663.975,1664.403
1664748900000,1664.393,1664.735,1663.798,1664.135
1664749200000,1664.095,1664.958,1664.043,1664.315
1664749500000,1664.225,1664.305,1663.458,1663.558
1664749800000,1663.658,1663.848,1663.398,1663.765
1664750100000,1663.758,1663.838,1663.415,1663.615
1664750400000,1663.615,1663.768,1663.118,1663.458
1664750700000,1663.428,1664.228,1663.428,1663.968
1664751000000,1664.053,1664.285,1663.915,1664.128
1664751300000,1664.148,1664.658,1664.098,1664.488
1664751600000,1664.458,1664.458,1663.835,1663.875
1664751900000,1663.915,1664.235,1663.825,1664.205
1664752200000,1664.175,1664.525,1663.915,1664.445
1664752500000,1664.405,1664.618,1663.798,1663.915
1664752800000,1663.935,1664.675,1663.728,1664.165
1664753100000,1664.195,1664.195,1663.705,1664.015
1664753400000,1663.985,1664.185,1663.705,1664.165
1664753700000,1664.135,1664.255,1663.735,1663.945
1664754000000,1663.935,1663.965,1663.558,1663.698
1664754300000,1663.708,1664.678,1663.698,1664.418
1664754600000,1664.435,1664.738,1663.885,1663.908
1664754900000,1663.905,1664.208,1663.788,1664.085
1664755200000,1664.005,1664.388,1663.795,1664.288
1664755500000,1664.318,1664.385,1663.815,1664.285
1664755800000,1664.195,1665.048,1664.148,1664.308
1664756100000,1664.305,1664.518,1663.885,1664.518
1664756400000,1664.518,1665.265,1664.298,1664.685
1664756700000,1664.685,1664.788,1663.988,1664.365
1664757000000,1664.365,1664.975,1664.235,1664.735
1664757300000,1664.755,1664.965,1663.928,1664.488
1664757600000,1664.515,1665.028,1664.308,1664.645
1664757900000,1664.665,1664.778,1663.885,1664.428
1664758200000,1664.428,1664.635,1663.815,1664.015
1664758500000,1663.955,1664.315,1663.585,1664.155
1664758800000,1664.168,1664.485,1663.955,1664.345
1664759100000,1664.375,1665.295,1664.278,1665.185
1664759400000,1665.165,1665.445,1664.995,1665.365
1664759700000,1665.345,1665.968,1665.038,1665.588
1664760000000,1665.618,1666.208,1665.268,1666.018
1664760300000,1666.048,1667.408,1666.008,1667.205
1664760600000,1667.218,1668.248,1667.035,1667.185
1664760900000,1667.185,1668.258,1667.055,1668.105
1664761200000,1668.135,1668.478,1667.725,1668.408
1664761500000,1668.408,1669.305,1667.925,1669.098
1664761800000,1669.088,1669.385,1668.535,1669.015
1664762100000,1669.015,1669.015,1668.225,1668.848
1664762400000,1668.848,1668.848,1667.768,1667.778
1664762700000,1667.868,1667.938,1667.178,1667.705
1664763000000,1667.678,1668.018,1667.318,1667.598
1664763300000,1667.598,1667.628,1666.998,1667.008
1664763600000,1666.978,1666.978,1664.925,1665.095
1664763900000,1665.075,1666.105,1665.025,1666.093
1664764200000,1666.043,1666.098,1665.395,1665.535
1664764500000,1665.565,1665.698,1664.985,1665.305
1664764800000,1665.385,1665.485,1665.015,1665.085
1664765100000,1665.055,1665.555,1665.015,1665.535
1664765400000,1665.535,1666.048,1665.465,1665.715
1664765700000,1665.655,1665.655,1663.378,1663.378
1664766000000,1663.378,1664.298,1663.378,1664.288
1664766300000,1664.298,1664.768,1664.158,1664.555
1664766600000,1664.515,1664.668,1664.195,1664.498
1664766900000,1664.498,1664.845,1664.318,1664.668
1664767200000,1664.748,1664.775,1664.068,1664.318
1664767500000,1664.328,1664.398,1663.668,1663.808
1664767800000,1663.808,1664.288,1663.648,1664.048
1664768100000,1664.078,1664.538,1663.865,1663.958
1664768400000,1663.945,1664.308,1663.808,1663.838
1664768700000,1663.838,1664.075,1663.435,1663.465
1664769000000,1663.488,1663.885,1663.438,1663.618
1664769300000,1663.608,1663.835,1663.365,1663.798
1664769600000,1663.813,1663.838,1662.988,1663.515
1664769900000,1663.525,1663.808,1662.798,1663.285
1664770200000,1663.278,1663.385,1662.602,1662.83
1664770500000,1662.83,1664.658,1662.175,1664.065
1664770800000,1664.048,1664.048,1663.168,1663.648
1664771100000,1663.648,1663.768,1663.175,1663.548
1664771400000,1663.628,1663.778,1663.258,1663.438
1664771700000,1663.478,1663.538,1662.068,1662.365
1664772000000,1662.365,1662.638,1661.958,1662.478
1664772300000,1662.488,1662.558,1662.088,1662.235
1664772600000,1662.235,1662.738,1662.235,1662.635
1664772900000,1662.655,1662.735,1662.135,1662.135
1664773200000,1662.145,1662.878,1661.815,1662.688
1664773500000,1662.695,1663.098,1662.238,1662.828
1664773800000,1662.878,1663.448,1662.708,1663.208
1664774100000,1663.188,1663.518,1663.018,1663.048
1664774400000,1663.025,1663.288,1662.598,1663.238
1664774700000,1663.268,1664.145,1663.058,1664.098
1664775000000,1664.098,1664.968,1664.048,1664.378
1664775300000,1664.365,1664.738,1663.923,1664.165
1664775600000,1664.195,1665.308,1664.045,1664.465
1664775900000,1664.465,1665.065,1663.735,1664.465
1664776200000,1664.425,1667.368,1664.418,1666.985
1664776500000,1666.985,1667.408,1666.608,1666.865
1664776800000,1666.908,1668.185,1666.895,1667.835
1664777100000,1667.833,1668.065,1666.368,1666.435
1664777400000,1666.388,1668.048,1666.365,1667.925
1664777700000,1667.938,1667.945,1666.015,1666.278
1664778000000,1666.338,1666.338,1664.938,1664.975
1664778300000,1664.975,1665.715,1662.998,1663.125
1664778600000,1663.125,1663.698,1662.786,1663.603
1664778900000,1663.603,1663.968,1663.098,1663.548
1664779200000,1663.518,1663.518,1662.378,1662.508
1664779500000,1662.508,1663.008,1661.995,1662.638
1664779800000,1662.668,1663.508,1662.508,1662.985
1664780100000,1662.985,1663.528,1662.678,1663.528
1664780400000,1663.528,1663.528,1661.818,1663.088
1664780700000,1663.095,1666.138,1663.095,1664.488
1664781000000,1664.488,1664.743,1662.318,1663.778
1664781300000,1663.778,1666.178,1663.258,1666.055
1664781600000,1666.095,1667.208,1664.385,1664.495
1664781900000,1664.525,1665.025,1662.555,1662.685
1664782200000,1662.685,1664.275,1662.632,1663.225
1664782500000,1663.225,1663.468,1661.735,1661.738
1664782800000,1661.768,1663.388,1661.768,1662.685
1664783100000,1662.668,1663.998,1662.508,1663.498
1664783400000,1663.528,1663.794,1662.335,1662.936
1664783700000,1662.936,1663.732,1662.311,1663.658
1664784000000,1663.658,1663.658,1661.358,1661.746
1664784300000,1661.746,1662.156,1661.036,1661.561
1664784600000,1661.536,1663.386,1661.106,1662.446
1664784900000,1662.446,1663.801,1661.948,1663.596
1664785200000,1663.596,1665.097,1663.351,1664.546
1664785500000,1664.561,1665.476,1664.298,1665.038
1664785800000,1665.028,1665.551,1664.328,1665.156
1664786100000,1665.156,1665.376,1663.808,1664.146
1664786400000,1664.146,1664.701,1663.696,1664.216
1664786700000,1664.216,1664.241,1663.181,1663.726
1664787000000,1663.726,1664.086,1662.555,1663.371
1664787300000,1663.278,1663.381,1662.491,1662.986
1664787600000,1662.986,1663.231,1662.191,1662.191
1664787900000,1662.196,1662.808,1661.866,1662.396
1664788200000,1662.396,1663.166,1662.076,1662.146
1664788500000,1662.146,1662.466,1661.691,1661.816
1664788800000,1661.816,1662.906,1661.491,1662.606
1664789100000,1662.685,1663.036,1660.868,1661.216
1664789400000,1661.216,1661.551,1659.595,1661.376
1664789700000,1661.371,1661.636,1660.701,1661.271
1664790000000,1661.271,1661.271,1660.051,1660.318
1664790300000,1660.338,1660.506,1659.741,1660.451
1664790600000,1660.451,1660.536,1659.648,1659.921
1664790900000,1659.916,1661.626,1659.896,1661.571
1664791200000,1661.571,1661.728,1659.636,1659.642
1664791500000,1659.641,1664.581,1659.626,1664.428
1664791800000,1664.428,1664.698,1663.048,1663.196
1664792100000,1663.176,1663.576,1662.806,1663.316
1664792400000,1663.316,1664.581,1662.885,1664.441
1664792700000,1664.431,1664.786,1664.041,1664.785
1664793000000,1664.785,1665.107,1664.248,1664.471
1664793300000,1664.466,1664.906,1663.921,1664.101
1664793600000,1664.096,1664.616,1663.978,1664.356
1664793900000,1664.356,1665.235,1663.546,1665.235
1664794200000,1665.225,1666.006,1664.596,1665.276
1664794500000,1665.286,1666.485,1665.006,1665.336
1664794800000,1665.285,1666.796,1664.951,1666.456
1664795100000,1666.456,1666.615,1664.518,1664.675
1664795400000,1664.595,1664.685,1663.965,1664.615
1664795700000,1664.615,1665.115,1664.208,1664.315
1664796000000,1664.315,1665.095,1663.715,1664.335
1664796300000,1664.345,1665.665,1664.062,1664.822
1664796600000,1664.818,1665.985,1664.545,1665.155
1664796900000,1665.215,1666.435,1665.143,1666.135
1664797200000,1666.135,1666.235,1664.898,1665.115
1664797500000,1665.115,1666.398,1665.015,1665.427
1664797800000,1665.427,1665.715,1664.845,1665.365
1664798100000,1665.345,1666.125,1664.938,1666.125
1664798400000,1666.101,1667.315,1665.665,1666.298
1664798700000,1666.349,1666.828,1664.708,1666.085
1664799000000,1666.105,1667.045,1665.005,1665.615
1664799300000,1665.604,1665.785,1663.765,1663.835
1664799600000,1663.835,1669.385,1663.835,1668.988
1664799900000,1668.988,1669.565,1668.267,1668.556
1664800200000,1668.665,1669.955,1668.091,1668.945
1664800500000,1668.945,1669.245,1666.635,1667.195
1664800800000,1667.195,1668.405,1667.026,1668.148
1664801100000,1668.217,1669.438,1667.613,1668.355
1664801400000,1668.383,1669.157,1666.066,1666.115
1664801700000,1666.215,1666.725,1665.255,1665.381
1664802000000,1665.381,1666.979,1665.185,1666.555
1664802300000,1666.545,1666.965,1665.341,1666.855
1664802600000,1666.816,1669.428,1665.465,1669.408
1664802900000,1669.455,1674.578,1669.268,1672.295
1664803200000,1672.286,1672.315,1668.968,1669.815
1664803500000,1669.821,1670.198,1668.498,1668.608
1664803800000,1668.608,1670.506,1666.496,1667.216
1664804100000,1667.216,1669.176,1666.856,1668.688
1664804400000,1668.671,1669.248,1667.826,1668.595
1664804700000,1668.595,1671.415,1668.468,1670.615
1664805000000,1670.618,1671.348,1669.698,1670.916
1664805300000,1670.998,1671.015,1668.266,1668.806
1664805600000,1668.796,1674.796,1668.796,1673.775
1664805900000,1673.795,1680.622,1673.118,1678.165
1664806200000,1678.165,1679.581,1676.705,1678.07
1664806500000,1678.066,1678.066,1676.465,1677.515
1664806800000,1677.496,1686.415,1677.496,1686.415
1664807100000,1686.426,1686.635,1684.541,1685.025
1664807400000,1685.065,1691.148,1685.065,1689.078
1664807700000,1689.198,1690.645,1688.608,1690.645
1664808000000,1690.665,1690.718,1686.195,1686.705
1664808300000,1686.715,1688.898,1685.591,1687.985
1664808600000,1687.985,1688.195,1684.867,1687.458
1664808900000,1687.451,1687.715,1684.708,1686.895
1664809200000,1686.885,1689.905,1686.715,1689.665
1664809500000,1689.575,1691.825,1688.595,1691.825
1664809800000,1691.825,1693.935,1690.585,1691.495
1664810100000,1691.475,1694.008,1691.425,1692.085
1664810400000,1692.095,1692.095,1689.422,1691.948
1664810700000,1692.008,1692.398,1688.905,1689.205
1664811000000,1689.205,1690.746,1687.648,1687.705
1664811300000,1687.765,1690.221,1687.498,1689.831
1664811600000,1689.815,1690.321,1688.695,1690.135
1664811900000,1690.135,1692.415,1690.015,1691.765
1664812200000,1691.765,1692.065,1689.558,1689.985
1664812500000,1689.985,1691.065,1689.375,1690.265
1664812800000,1690.265,1691.665,1689.728,1690.965
1664813100000,1690.965,1693.155,1690.475,1692.915
1664813400000,1692.905,1692.905,1690.775,1690.775
1664813700000,1690.775,1691.028,1690.228,1690.758
1664814000000,1690.808,1691.028,1688.285,1689.375
1664814300000,1689.375,1689.475,1688.338,1688.725
1664814600000,1688.805,1688.965,1687.685,1687.848
1664814900000,1687.848,1690.073,1687.153,1689.918
1664815200000,1689.845,1690.388,1689.658,1690.008
1664815500000,1690.088,1691.118,1689.608,1690.618
1664815800000,1690.565,1690.868,1689.748,1689.968
1664816100000,1689.998,1691.035,1689.505,1691.025
1664816400000,1691.095,1692.058,1689.775,1690.605
1664816700000,1690.63,1693.085,1690.305,1692.015
1664817000000,1691.995,1692.738,1691.445,1691.955
1664817300000,1691.965,1692.378,1691.018,1691.127
1664817600000,1691.127,1693.105,1690.845,1692.945
1664817900000,1692.945,1693.675,1692.635,1693.385
1664818200000,1693.405,1696.315,1692.925,1696.305
1664818500000,1696.285,1697.105,1695.365,1695.645
1664818800000,1695.688,1696.795,1695.525,1695.738
1664819100000,1695.775,1697.028,1695.775,1696.565
1664819400000,1696.568,1696.655,1694.822,1695.205
1664819700000,1695.235,1695.425,1694.575,1694.935
1664820000000,1694.935,1696.418,1694.335,1696.095
1664820300000,1696.115,1696.765,1695.105,1695.855
1664820600000,1695.895,1696.565,1695.475,1696.035
1664820900000,1696.065,1696.305,1694.995,1695.315
1664821200000,1695.345,1696.665,1695.265,1696.565
1664821500000,1696.585,1697.185,1695.965,1696.885
1664821800000,1696.835,1697.595,1696.645,1697.295
1664822100000,1697.315,1697.495,1697.025,1697.345
1664822400000,1697.365,1698.348,1697.205,1698.348
1664822700000,1698.355,1698.455,1697.498,1698.075
1664823000000,1698.075,1699.308,1698.018,1699.235
1664823300000,1699.285,1700.142,1698.988,1699.258
1664823600000,1699.265,1699.265,1697.068,1697.465
1664823900000,1697.548,1697.865,1696.595,1696.618
1664824200000,1696.635,1696.795,1695.145,1696.325
1664824500000,1696.315,1696.435,1695.318,1696.248
1664824800000,1696.248,1697.815,1695.878,1697.575
1664825100000,1697.575,1698.685,1697.458,1697.565
1664825400000,1697.585,1698.465,1697.265,1698.165
1664825700000,1698.165,1698.915,1697.915,1698.815
1664826000000,1698.815,1699.435,1698.315,1699.203
1664826300000,1699.215,1701.218,1699.105,1701.108
1664826600000,1701.195,1701.385,1699.465,1700.368
1664826900000,1700.262,1701.378,1699.105,1700.698
1664827200000,1700.598,1701.048,1699.995,1700.248
1664827500000,1700.268,1700.368,1699.915,1699.948
1664827800000,1699.955,1700.345,1699.805,1700.095
1664828100000,1700.115,1700.145,1699.405,1699.635
1664828400000,1699.635,1699.875,1699.505,1699.765
1664828700000,1699.825,1699.925,1699.495,1699.715
1664829000000,1699.725,1699.915,1699.092,1699.205
1664829300000,1699.195,1699.295,1698.825,1699.015
1664829600000,1699.048,1699.115,1698.558,1698.752
1664829900000,1698.765,1699.095,1698.475,1698.505
1664830200000,1698.515,1699.145,1698.495,1699.055
1664830500000,1699.035,1700.018,1698.985,1699.608
1664830800000,1699.608,1699.608,1699.608,1699.608
1664831100000,1699.608,1699.608,1699.608,1699.608
1664831400000,1699.608,1699.608,1699.608,1699.608
1664831700000,1699.608,1699.608,1699.608,1699.608
1664832000000,1699.608,1699.608,1699.608,1699.608
1664832300000,1699.608,1699.608,1699.608,1699.608
1664832600000,1699.608,1699.608,1699.608,1699.608
1664832900000,1699.608,1699.608,1699.608,1699.608
1664833200000,1699.608,1699.608,1699.608,1699.608
1664833500000,1699.608,1699.608,1699.608,1699.608
1664833800000,1699.608,1699.608,1699.608,1699.608
1664834100000,1699.608,1699.608,1699.608,1699.608
1664834400000,1699.258,1699.463,1698.125,1698.938
1664834700000,1698.938,1699.465,1698.348,1699.233
1664835000000,1699.205,1699.233,1698.445,1699.035
1664835300000,1699.035,1699.035,1698.448,1698.465
1664835600000,1698.465,1698.665,1698.285,1698.285
1664835900000,1698.285,1698.475,1698.075,1698.475
1664836200000,1698.475,1699.625,1698.375,1698.878
1664836500000,1698.875,1699.988,1698.785,1699.648
1664836800000,1699.648,1701.808,1699.605,1700.208
1664837100000,1700.208,1701.215,1699.915,1701.158
1664837400000,1701.148,1701.438,1701.038,1701.288
1664837700000,1701.248,1701.278,1700.018,1700.315
1664838000000,1700.278,1701.098,1699.955,1700.915
1664838300000,1700.915,1701.328,1700.303,1700.715
1664838600000,1700.672,1700.815,1700.303,1700.615
1664838900000,1700.615,1701.215,1700.598,1701.215
1664839200000,1701.215,1702.465,1701.215,1702.205
1664839500000,1702.185,1702.185,1701.005,1701.505
1664839800000,1701.443,1701.805,1701.215,1701.605
1664840100000,1701.625,1702.185,1701.225,1701.235
1664840400000,1701.215,1701.265,1700.715,1700.715
1664840700000,1700.755,1701.425,1700.505,1701.165
1664841000000,1701.165,1701.428,1700.805,1701.228
1664841300000,1701.183,1701.428,1700.328,1700.918
1664841600000,1700.918,1701.188,1700.035,1700.038
1664841900000,1700.038,1700.255,1699.448,1699.868
1664842200000,1699.868,1699.978,1699.178,1699.448
1664842500000,1699.448,1699.918,1699.318,1699.348
1664842800000,1699.368,1699.458,1698.788,1698.988
1664843100000,1699.008,1699.068,1697.448,1698.108
1664843400000,1698.098,1698.735,1698.028,1698.385
1664843700000,1698.435,1698.655,1697.745,1698.385
1664844000000,1698.395,1698.598,1698.028,1698.335
1664844300000,1698.395,1698.655,1698.035,1698.185
1664844600000,1698.205,1698.285,1697.598,1697.888
1664844900000,1697.838,1698.688,1697.728,1698.618
1664845200000,1698.618,1699.345,1697.915,1697.915
1664845500000,1697.915,1698.165,1697.398,1697.505
1664845800000,1697.505,1697.714,1696.914,1697.014
1664846100000,1697.098,1697.618,1696.913,1697.314
1664846400000,1697.314,1697.398,1696.404,1696.514
1664846700000,1696.564,1696.868,1696.044,1696.608
1664847000000,1696.638,1696.828,1695.784,1696.148
1664847300000,1696.148,1696.558,1695.938,1696.191
1664847600000,1696.178,1696.558,1695.888,1696.328
1664847900000,1696.298,1697.178,1696.298,1696.784
1664848200000,1696.768,1696.774,1695.918,1696.108
1664848500000,1696.118,1696.228,1695.338,1695.484
1664848800000,1695.464,1695.858,1695.294,1695.834
1664849100000,1695.834,1695.848,1695.168,1695.238
1664849400000,1695.238,1696.288,1695.068,1696.164
1664849700000,1696.164,1697.204,1696.028,1697.144
1664850000000,1697.174,1697.178,1695.754,1696.144
1664850300000,1696.184,1696.404,1695.774,1696.083
1664850600000,1696.103,1696.764,1696.004,1696.594
1664850900000,1696.594,1696.794,1696.084,1696.648
1664851200000,1696.648,1697.278,1696.488,1696.844
1664851500000,1696.754,1696.764,1695.474,1695.474
1664851800000,1695.474,1695.904,1695.414,1695.758
1664852100000,1695.788,1696.328,1695.574,1696.198
1664852400000,1696.168,1696.668,1696.108,1696.588
1664852700000,1696.638,1696.758,1695.728,1695.838
1664853000000,1695.838,1696.438,1695.534,1696.243
1664853300000,1696.273,1696.498,1695.564,1696.198
1664853600000,1696.174,1696.328,1695.888,1696.188
1664853900000,1696.188,1696.298,1695.558,1695.628
1664854200000,1695.628,1697.858,1695.208,1697.808
1664854500000,1697.808,1699.058,1697.408,1698.828
1664854800000,1698.828,1700.324,1698.778,1700.035
1664855100000,1700.005,1700.135,1698.281,1698.808
1664855400000,1698.808,1700.258,1698.708,1700.168
1664855700000,1700.168,1700.248,1699.428,1699.718
1664856000000,1699.718,1699.748,1698.141,1698.141
1664856300000,1698.138,1698.608,1697.704,1698.428
1664856600000,1698.428,1698.461,1697.734,1698.108
1664856900000,1698.138,1698.464,1697.294,1698.174
1664857200000,1698.184,1698.684,1697.794,1698.478
1664857500000,1698.478,1699.684,1698.328,1698.778
1664857800000,1698.728,1700.148,1698.728,1699.474
1664858100000,1699.454,1701.288,1699.098,1700.998
1664858400000,1701.018,1701.168,1699.874,1700.004
1664858700000,1700.004,1700.624,1698.044,1698.534
1664859000000,1698.574,1699.668,1698.144,1699.478
1664859300000,1699.478,1700.128,1699.398,1699.618
1664859600000,1699.618,1700.103,1699.268,1699.528
1664859900000,1699.528,1699.938,1699.104,1699.884
1664860200000,1699.904,1699.904,1699.088,1699.728
1664860500000,1699.744,1699.744,1699.088,1699.228
1664860800000,1699.284,1699.368,1697.954,1698.064
1664861100000,1698.064,1698.364,1697.974,1697.974
1664861400000,1697.974,1698.608,1697.524,1697.864
1664861700000,1697.908,1699.648,1697.854,1699.458
1664862000000,1699.458,1699.958,1699.031,1699.824
1664862300000,1699.914,1700.978,1699.554,1700.934
1664862600000,1700.924,1704.014,1700.604,1703.568
1664862900000,1703.554,1703.978,1702.874,1703.064
1664863200000,1703.094,1703.184,1701.674,1702.494
1664863500000,1702.494,1703.628,1702.484,1703.254
1664863800000,1703.254,1703.534,1702.014,1702.184
1664864100000,1702.184,1703.524,1702.104,1702.514
1664864400000,1702.494,1703.215,1702.284,1703.144
1664864700000,1703.154,1703.408,1701.808,1702.324
1664865000000,1702.344,1703.714,1702.228,1702.454
1664865300000,1702.454,1703.748,1702.008,1703.474
1664865600000,1703.474,1704.894,1703.424,1704.428
1664865900000,1704.428,1706.728,1704.128,1706.098
1664866200000,1706.088,1706.454,1705.185,1705.924
1664866500000,1705.924,1706.108,1705.324,1705.884
1664866800000,1705.904,1706.244,1704.755,1705.868
1664867100000,1705.908,1709.27,1705.668,1708.718
1664867400000,1708.768,1708.994,1707.948,1708.925
1664867700000,1708.92,1710.415,1708.404,1710.35
1664868000000,1710.35,1710.456,1708.614,1708.664
1664868300000,1708.574,1709.778,1707.524,1708.397
1664868600000,1708.392,1709.878,1707.637,1708.687
1664868900000,1708.687,1710.591,1708.338,1709.652
1664869200000,1709.627,1709.927,1708.704,1709.775
1664869500000,1709.775,1710.408,1708.764,1708.842
1664869800000,1708.831,1709.644,1708.417,1708.882
1664870100000,1708.918,1709.002,1707.318,1708.038
1664870400000,1708.038,1708.378,1707.064,1707.922
1664870700000,1707.932,1710.144,1707.384,1708.488
1664871000000,1708.474,1708.848,1707.634,1708.374
1664871300000,1708.394,1708.914,1707.694,1708.394
1664871600000,1708.382,1708.744,1706.467,1706.594
1664871900000,1706.574,1707.298,1705.877,1707.004
1664872200000,1706.974,1707.724,1706.462,1707.527
1664872500000,1707.544,1708.524,1706.302,1708.364
1664872800000,1708.384,1708.764,1707.064,1707.074
1664873100000,1707.134,1708.318,1706.548,1708.054
1664873400000,1708.054,1708.867,1707.683,1708.558
1664873700000,1708.558,1709.277,1708.218,1708.785
1664874000000,1708.785,1709.657,1708.458,1709.147
1664874300000,1709.152,1709.297,1707.097,1707.532
1664874600000,1707.534,1707.574,1705.474,1706.202
1664874900000,1706.202,1707.818,1705.814,1707.477
1664875200000,1707.437,1707.782,1706.874,1707.668
1664875500000,1707.688,1708.438,1707.288,1708.174
1664875800000,1708.068,1709.258,1707.727,1709.122
1664876100000,1709.124,1709.528,1707.504,1707.844
1664876400000,1707.844,1709.414,1707.468,1709.098
1664876700000,1709.134,1709.142,1708.067,1708.404
1664877000000,1708.388,1709.125,1708.388,1708.844
1664877300000,1708.827,1709.834,1708.054,1708.344
1664877600000,1708.344,1709.087,1708.132,1708.384
1664877900000,1708.404,1708.604,1707.308,1708.384
1664878200000,1708.382,1709.443,1708.174,1708.444
1664878500000,1708.467,1709.384,1707.884,1709.274
1664878800000,1709.284,1712.428,1709.244,1711.668
1664879100000,1711.664,1711.744,1710.035,1710.444
1664879400000,1710.444,1711.364,1710.334,1710.854
1664879700000,1710.854,1711.315,1709.734,1709.754
1664880000000,1709.754,1710.517,1709.557,1709.704
1664880300000,1709.714,1710.004,1708.948,1709.826
1664880600000,1709.528,1709.794,1708.001,1708.135
1664880900000,1708.114,1708.154,1705.728,1705.937
1664881200000,1705.937,1706.348,1703.027,1703.474
1664881500000,1703.474,1703.974,1702.582,1703.268
1664881800000,1703.284,1703.502,1701.598,1702.008
1664882100000,1702.008,1703.198,1701.664,1702.988
1664882400000,1702.938,1703.308,1700.422,1700.597
1664882700000,1700.578,1701.834,1700.537,1700.987
1664883000000,1700.978,1704.392,1700.978,1703.868
1664883300000,1703.868,1705.058,1703.748,1704.535
1664883600000,1704.407,1705.253,1704.147,1705.174
1664883900000,1705.158,1705.174,1702.874,1703.882
1664884200000,1703.887,1704.398,1703.244,1704.298
1664884500000,1704.298,1705.808,1704.202,1705.764
1664884800000,1705.764,1705.889,1703.927,1705.488
1664885100000,1705.48,1705.748,1704.282,1704.494
1664885400000,1704.524,1705.998,1704.248,1705.808
1664885700000,1705.808,1707.858,1705.708,1707.818
1664886000000,1707.824,1707.998,1705.408,1707.015
1664886300000,1707.143,1708.954,1706.647,1708.768
1664886600000,1708.718,1709.788,1707.738,1707.897
1664886900000,1707.892,1709.664,1707.274,1707.774
1664887200000,1707.784,1709.914,1707.424,1709.346
1664887500000,1709.334,1710.432,1708.064,1710.432
1664887800000,1710.432,1712.688,1710.417,1712.588
1664888100000,1712.637,1713.087,1710.824,1711.81
1664888400000,1711.81,1712.724,1710.497,1712.324
1664888700000,1712.344,1713.858,1711.458,1711.884
1664889000000,1711.834,1713.044,1711.312,1712.467
1664889300000,1712.454,1712.814,1711.088,1711.484
1664889600000,1711.484,1711.487,1708.532,1710.018
1664889900000,1710.027,1710.514,1708.547,1708.722
1664890200000,1708.696,1710.014,1707.403,1709.427
1664890500000,1709.427,1710.388,1708.688,1709.458
1664890800000,1709.458,1710.238,1706.228,1706.677
1664891100000,1706.736,1710.227,1706.687,1709.877
1664891400000,1709.877,1710.938,1708.654,1710.422
1664891700000,1710.398,1710.648,1709.598,1709.847
1664892000000,1709.852,1716.312,1709.852,1716.307
1664892300000,1716.307,1717.537,1713.847,1713.872
1664892600000,1713.874,1714.457,1712.862,1714.097
1664892900000,1714.092,1714.244,1712.814,1712.874
1664893200000,1712.867,1713.058,1711.458,1712.894
1664893500000,1712.887,1713.588,1711.497,1712.257
1664893800000,1712.234,1717.138,1712.234,1717.052
1664894100000,1717.07,1718.904,1717.027,1718.735
1664894400000,1718.738,1719.727,1717.788,1718.848
1664894700000,1718.868,1722.647,1717.814,1721.708
1664895000000,1721.668,1721.798,1718.598,1719.498
1664895300000,1719.498,1720.917,1719.428,1720.604
1664895600000,1720.604,1721.764,1719.944,1720.064
1664895900000,1719.981,1723.978,1719.958,1723.497
1664896200000,1723.497,1724.868,1723.342,1724.237
1664896500000,1724.247,1726.034,1724.022,1724.644
1664896800000,1724.644,1725.956,1723.487,1724.328
1664897100000,1724.338,1726.137,1724.288,1725.828
1664897400000,1725.818,1728.628,1725.434,1728.392
1664897700000,1728.353,1728.814,1724.702,1725.948
1664898000000,1725.968,1726.678,1725.298,1726.194
1664898300000,1726.214,1726.304,1722.818,1722.968
1664898600000,1722.988,1724.698,1722.838,1724.418
1664898900000,1724.358,1725.954,1724.018,1725.608
1664899200000,1725.668,1725.923,1724.528,1725.858
1664899500000,1725.888,1726.674,1725.554,1725.874
1664899800000,1725.884,1727.204,1725.588,1726.847
1664900100000,1726.848,1727.354,1725.964,1726.164
1664900400000,1726.204,1727.264,1725.548,1727.204
1664900700000,1727.174,1727.764,1726.104,1726.978
1664901000000,1726.978,1727.664,1726.604,1727.284
1664901300000,1727.268,1728.314,1727.104,1728.114
1664901600000,1728.114,1729.435,1726.884,1727.164
1664901900000,1727.164,1727.264,1725.864,1726.364
1664902200000,1726.314,1726.314,1725.068,1725.238
1664902500000,1725.278,1725.278,1722.848,1723.164
1664902800000,1723.198,1723.474,1721.638,1721.714
1664903100000,1721.774,1722.708,1721.384,1722.688
1664903400000,1722.688,1722.718,1720.064,1720.098
1664903700000,1720.138,1721.414,1719.934,1720.698
1664904000000,1720.718,1722.404,1720.608,1722.094
1664904300000,1722.104,1722.188,1721.058,1721.718
1664904600000,1721.778,1721.868,1720.588,1721.675
1664904900000,1721.675,1722.514,1720.514,1722.444
1664905200000,1722.444,1722.444,1721.378,1721.65
1664905500000,1721.898,1722.814,1721.898,1722.114
1664905800000,1722.114,1723.514,1722.114,1722.154
1664906100000,1722.174,1723.618,1721.744,1723.374
1664906400000,1723.408,1724.364,1722.704,1723.948
1664906700000,1723.918,1724.105,1722.604,1723.564
1664907000000,1723.534,1724.128,1723.158,1723.534
1664907300000,1723.544,1724.068,1722.944,1723.765
1664907600000,1723.765,1724.294,1723.134,1724.274
1664907900000,1724.244,1724.733,1723.814,1723.844
1664908200000,1723.844,1724.964,1723.704,1724.084
1664908500000,1724.064,1725.067,1723.724,1724.204
1664908800000,1724.204,1724.514,1723.868,1724.004
1664909100000,1724.027,1725.514,1723.864,1724.574
1664909400000,1724.648,1725.514,1724.584,1724.994
1664909700000,1724.994,1726.074,1724.864,1725.934
1664910000000,1725.921,1726.564,1725.588,1726.488
1664910300000,1726.538,1726.598,1724.498,1724.564
1664910600000,1724.564,1724.564,1722.563,1723.364
1664910900000,1723.364,1724.521,1723.264,1724.074
1664911200000,1724.064,1724.864,1723.574,1724.633
1664911500000,1724.694,1725.924,1724.584,1724.984
1664911800000,1724.974,1725.394,1724.178,1725.304
1664912100000,1725.314,1725.878,1724.748,1725.494
1664912400000,1725.514,1725.864,1725.148,1725.771
1664912700000,1725.718,1725.718,1724.848,1725.114
1664913000000,1725.166,1725.664,1724.913,1725.364
1664913300000,1725.324,1725.364,1724.004,1724.814
1664913600000,1724.771,1725.774,1724.738,1725.534
1664913900000,1725.534,1725.554,1724.674,1725.138
1664914200000,1725.144,1725.198,1724.774,1725.074
1664914500000,1725.094,1725.484,1724.708,1724.944
1664914800000,1724.944,1725.898,1724.894,1725.868
1664915100000,1725.864,1726.184,1725.558,1725.564
1664915400000,1725.578,1725.964,1725.473,1725.664
1664915700000,1725.684,1726.114,1725.343,1725.343
1664916000000,1725.343,1725.908,1725.081,1725.874
1664916300000,1725.874,1726.034,1725.594,1725.634
1664916600000,1725.664,1726.124,1725.414,1725.864
1664916900000,1725.854,1726.388,1725.834,1725.988
1664917200000,1725.988,1725.988,1725.988,1725.988
1664917500000,1725.988,1725.988,1725.988,1725.988
1664917800000,1725.988,1725.988,1725.988,1725.988
1664918100000,1725.988,1725.988,1725.988,1725.988
1664918400000,1725.988,1725.988,1725.988,1725.988
1664918700000,1725.988,1725.988,1725.988,1725.988
1664919000000,1725.988,1725.988,1725.988,1725.988
1664919300000,1725.988,1725.988,1725.988,1725.988
1664919600000,1725.988,1725.988,1725.988,1725.988
1664919900000,1725.988,1725.988,1725.988,1725.988
1664920200000,1725.988,1725.988,1725.988,1725.988
1664920500000,1725.988,1725.988,1725.988,1725.988
1664920800000,1725.398,1725.774,1724.554,1724.764
1664921100000,1724.768,1725.046,1724.358,1725.026
1664921400000,1725.006,1725.336,1724.996,1725.236
1664921700000,1725.236,1725.623,1725.108,1725.536
1664922000000,1725.536,1725.996,1725.264,1725.856
1664922300000,1725.876,1725.916,1725.494,1725.584
1664922600000,1725.584,1725.584,1725.094,1725.114
1664922900000,1725.124,1725.234,1724.918,1725.075
1664923200000,1724.918,1725.608,1724.838,1725.554
1664923500000,1725.544,1725.574,1725.254,1725.444
1664923800000,1725.388,1725.394,1725.078,1725.108
1664924100000,1725.108,1725.138,1724.958,1725.038
1664924400000,1725.038,1725.394,1724.923,1725.114
1664924700000,1725.114,1725.614,1725.104,1725.404
1664925000000,1725.404,1725.414,1724.708,1724.854
1664925300000,1724.924,1725.138,1724.848,1724.968
1664925600000,1724.968,1725.314,1724.914,1724.928
1664925900000,1724.928,1725.014,1724.751,1724.751
1664926200000,1724.751,1724.864,1724.518,1724.538
1664926500000,1724.554,1724.764,1724.411,1724.714
1664926800000,1724.744,1724.754,1723.613,1723.844
1664927100000,1723.844,1725.214,1723.844,1724.838
1664927400000,1724.874,1725.314,1724.713,1724.854
1664927700000,1724.828,1725.464,1724.794,1725.424
1664928000000,1725.434,1725.578,1724.058,1724.128
1664928300000,1724.128,1725.148,1723.968,1724.978
1664928600000,1724.948,1725.568,1724.578,1724.875
1664928900000,1724.875,1725.128,1724.558,1724.748
1664929200000,1724.758,1724.868,1723.578,1723.618
1664929500000,1723.618,1724.768,1723.418,1724.008
1664929800000,1723.978,1724.018,1722.858,1723.018
1664930100000,1723.058,1723.238,1722.344,1722.673
1664930400000,1722.673,1722.673,1721.844,1722.128
1664930700000,1722.098,1722.738,1721.863,1721.863
1664931000000,1721.838,1722.414,1721.298,1721.664
1664931300000,1721.634,1723.004,1721.398,1722.924
1664931600000,1722.874,1723.678,1722.054,1722.174
1664931900000,1722.174,1723.098,1722.174,1722.985
1664932200000,1722.985,1723.085,1722.278,1722.628
1664932500000,1722.628,1723.008,1722.283,1722.518
1664932800000,1722.498,1723.568,1722.298,1722.704
1664933100000,1722.704,1723.458,1720.974,1722.834
1664933400000,1722.834,1722.874,1720.614,1720.834
1664933700000,1720.858,1721.028,1719.633,1720.218
1664934000000,1720.238,1720.328,1718.438,1719.404
1664934300000,1719.394,1719.864,1719.094,1719.194
1664934600000,1719.194,1720.378,1718.994,1719.704
1664934900000,1719.804,1720.804,1719.804,1719.924
1664935200000,1719.924,1721.054,1719.724,1720.684
1664935500000,1720.684,1720.694,1718.818,1720.024
1664935800000,1720.024,1720.254,1719.314,1719.864
1664936100000,1719.864,1720.044,1719.384,1719.834
1664936400000,1719.834,1720.688,1719.824,1720.488
1664936700000,1720.458,1720.488,1719.758,1720.108
1664937000000,1720.108,1720.608,1719.738,1719.808
1664937300000,1719.808,1720.164,1719.574,1719.688
1664937600000,1719.674,1719.968,1719.174,1719.174
1664937900000,1719.174,1719.374,1718.048,1718.084
1664938200000,1718.084,1719.634,1717.718,1719.634
1664938500000,1719.634,1719.984,1719.068,1719.674
1664938800000,1719.698,1719.764,1719.044,1719.244
1664939100000,1719.244,1719.244,1718.518,1718.554
1664939400000,1718.554,1718.854,1718.354,1718.734
1664939700000,1718.734,1718.985,1718.524,1718.885
1664940000000,1718.885,1719.685,1718.885,1719.324
1664940300000,1719.224,1720.608,1718.934,1720.491
1664940600000,1720.464,1721.196,1719.888,1719.898
1664940900000,1719.864,1719.864,1719.054,1719.484
1664941200000,1719.494,1719.785,1719.233,1719.418
1664941500000,1719.428,1719.785,1719.194,1719.588
1664941800000,1719.623,1719.664,1719.114,1719.214
1664942100000,1719.274,1719.314,1718.813,1719.224
1664942400000,1719.244,1719.744,1719.174,1719.614
1664942700000,1719.598,1719.598,1718.744,1719.178
1664943000000,1719.274,1719.514,1718.928,1719.298
1664943300000,1719.274,1719.348,1717.554,1718.308
1664943600000,1718.368,1718.538,1717.838,1718.138
1664943900000,1718.098,1718.101,1717.548,1717.658
1664944200000,1717.658,1719.114,1717.578,1718.018
1664944500000,1718.018,1718.174,1717.783,1717.794
1664944800000,1717.784,1718.568,1717.784,1718.385
1664945100000,1718.385,1718.674,1717.593,1718.244
1664945400000,1718.214,1718.754,1718.094,1718.178
1664945700000,1718.178,1718.278,1717.408,1718.238
1664946000000,1718.238,1719.864,1718.228,1719.834
1664946300000,1719.864,1720.588,1719.588,1720.378
1664946600000,1720.338,1722.338,1720.123,1721.774
1664946900000,1721.794,1721.804,1720.358,1721.303
1664947200000,1721.303,1721.303,1720.084,1720.108
1664947500000,1720.081,1720.418,1719.284,1720.131
1664947800000,1720.131,1720.904,1720.064,1720.574
1664948100000,1720.564,1720.574,1719.914,1720.323
1664948400000,1720.323,1720.704,1719.818,1720.704
1664948700000,1720.704,1720.894,1719.698,1719.854
1664949000000,1719.884,1720.068,1719.384,1719.673
1664949300000,1719.604,1719.924,1717.933,1718.398
1664949600000,1718.458,1719.518,1718.073,1718.248
1664949900000,1718.254,1719.264,1717.704,1719.218
1664950200000,1719.188,1719.918,1719.058,1719.245
1664950500000,1719.245,1721.468,1718.908,1721.138
1664950800000,1721.138,1723.078,1721.138,1722.928
1664951100000,1722.928,1723.674,1722.474,1722.918
1664951400000,1722.928,1723.438,1722.764,1723.438
1664951700000,1723.458,1725.124,1722.398,1724.798
1664952000000,1724.788,1725.648,1724.588,1725.374
1664952300000,1725.344,1725.816,1724.688,1725.578
1664952600000,1725.574,1727.664,1725.308,1727.248
1664952900000,1727.238,1727.378,1723.988,1724.328
1664953200000,1724.328,1724.907,1722.983,1724.177
1664953500000,1724.177,1724.252,1722.287,1722.377
1664953800000,1722.494,1724.057,1721.966,1722.387
1664954100000,1722.404,1722.664,1719.594,1719.813
1664954400000,1719.674,1720.608,1717.844,1718.628
1664954700000,1718.678,1719.462,1717.718,1718.738
1664955000000,1718.738,1719.398,1717.748,1717.91
1664955300000,1717.918,1719.168,1717.672,1718.558
1664955600000,1718.528,1719.528,1717.828,1718.578
1664955900000,1718.594,1718.682,1717.188,1717.218
1664956200000,1717.218,1717.872,1715.598,1715.804
1664956500000,1715.804,1716.424,1714.933,1716.294
1664956800000,1716.294,1716.408,1714.618,1715.654
1664957100000,1715.654,1715.784,1713.338,1713.608
1664957400000,1713.608,1713.874,1712.868,1713.574
1664957700000,1713.568,1713.598,1711.554,1712.674
1664958000000,1712.672,1712.928,1709.744,1711.144
1664958300000,1711.117,1711.908,1710.517,1711.128
1664958600000,1711.164,1713.388,1710.608,1713.268
1664958900000,1713.262,1714.764,1712.797,1714.492
1664959200000,1714.507,1715.108,1713.912,1714.698
1664959500000,1714.698,1714.744,1713.394,1714.388
1664959800000,1714.372,1715.552,1714.337,1715.482
1664960100000,1715.482,1715.688,1714.432,1714.698
1664960400000,1714.642,1715.088,1713.698,1714.448
1664960700000,1714.442,1714.734,1713.804,1713.854
1664961000000,1713.874,1714.494,1713.513,1713.564
1664961300000,1713.644,1714.048,1713.343,1713.657
1664961600000,1713.657,1713.737,1712.838,1713.198
1664961900000,1713.168,1713.318,1712.532,1712.823
1664962200000,1712.768,1713.081,1711.818,1712.118
1664962500000,1712.088,1713.634,1711.958,1712.808
1664962800000,1712.82,1712.822,1709.711,1709.788
1664963100000,1709.838,1710.584,1707.798,1708.044
1664963400000,1708.044,1708.286,1706.108,1706.158
1664963700000,1706.148,1706.634,1705.978,1706.378
1664964000000,1706.374,1708.214,1706.132,1707.808
1664964300000,1707.817,1708.285,1706.038,1706.038
1664964600000,1706.028,1706.674,1704.464,1704.534
1664964900000,1704.544,1704.898,1703.382,1704.024
1664965200000,1704.024,1704.157,1703.068,1703.838
1664965500000,1703.838,1708.018,1703.828,1707.862
1664965800000,1707.914,1709.927,1707.802,1709.772
1664966100000,1709.772,1709.854,1708.704,1709.195
1664966400000,1709.195,1709.774,1708.687,1709.268
1664966700000,1709.217,1709.414,1707.648,1709.244
1664967000000,1709.238,1711.792,1709.214,1711.742
1664967300000,1711.684,1712.684,1711.474,1712.588
1664967600000,1712.638,1713.042,1711.884,1712.064
1664967900000,1712.084,1712.856,1710.348,1711.048
1664968200000,1711.018,1712.198,1710.493,1711.981
1664968500000,1712,1712.378,1711.035,1711.458
1664968800000,1711.428,1711.428,1709.372,1709.602
1664969100000,1709.634,1710.278,1709.362,1709.428
1664969400000,1709.394,1711.014,1708.378,1708.567
1664969700000,1708.552,1708.898,1705.828,1706.154
1664970000000,1706.154,1706.748,1705.188,1705.232
1664970300000,1705.202,1706.192,1705.202,1706.007
1664970600000,1705.974,1706.374,1705.558,1705.908
1664970900000,1705.908,1706.308,1705.012,1706.088
1664971200000,1706.077,1706.904,1705.134,1705.944
1664971500000,1705.958,1706.074,1704.777,1705.242
1664971800000,1705.242,1706.568,1704.658,1706.222
1664972100000,1706.222,1708.467,1704.227,1708.392
1664972400000,1708.448,1711.282,1708.118,1711.282
1664972700000,1711.282,1711.454,1709.184,1711.252
1664973000000,1711.262,1712.478,1710.438,1711.724
1664973300000,1711.728,1713.188,1710.448,1710.708
1664973600000,1710.728,1712.317,1709.888,1710.294
1664973900000,1710.294,1711.088,1709.058,1710.978
1664974200000,1710.985,1713.888,1710.962,1713.424
1664974500000,1713.404,1714.098,1712.518,1713.213
1664974800000,1713.213,1713.617,1711.728,1711.978
1664975100000,1711.985,1712.614,1709.658,1710.792
1664975400000,1710.772,1713.014,1710.204,1711.058
1664975700000,1711.044,1711.412,1710.092,1711.164
1664976000000,1711.204,1711.654,1710.607,1711.144
1664976300000,1711.144,1711.424,1709.978,1710.086
1664976600000,1710.126,1711.764,1709.534,1710.422
1664976900000,1710.422,1711.734,1708.436,1708.754
1664977200000,1708.734,1708.734,1705.784,1705.913
1664977500000,1705.913,1710.332,1705.562,1708.852
1664977800000,1708.852,1709.828,1707.658,1708.724
1664978100000,1708.718,1709.674,1707.874,1708.453
1664978400000,1708.453,1708.453,1700.458,1701.414
1664978700000,1701.494,1706.278,1700.913,1705.824
1664979000000,1705.794,1707.964,1704.688,1705.313
1664979300000,1705.312,1706.207,1703.448,1703.588
1664979600000,1703.648,1705.288,1703.368,1704.024
1664979900000,1703.984,1704.824,1702.902,1703.372
1664980200000,1703.394,1706.368,1702.782,1705.954
1664980500000,1705.982,1708.894,1704.582,1708.767
1664980800000,1708.794,1711.128,1708.638,1709.142
1664981100000,1709.142,1709.247,1707.184,1707.984
1664981400000,1708.014,1708.234,1706.488,1706.844
1664981700000,1706.864,1708.044,1706.564,1707.144
1664982000000,1707.144,1709.558,1707.028,1708.928
1664982300000,1708.908,1709.722,1707.472,1709.444
1664982600000,1709.437,1710.107,1707.885,1707.985
1664982900000,1707.992,1708.488,1707.362,1707.747
1664983200000,1707.764,1708.404,1706.878,1708.354
1664983500000,1708.344,1709.514,1707.904,1708.504
1664983800000,1708.538,1709.485,1707.594,1707.704
1664984100000,1707.694,1710.085,1707.572,1709.987
1664984400000,1709.985,1710.124,1708.133,1708.684
1664984700000,1708.678,1709.024,1707.208,1707.63
1664985000000,1707.632,1708.438,1707.048,1708.004
1664985300000,1707.992,1709.292,1707.068,1708.978
1664985600000,1709.038,1709.234,1708.07,1708.728
1664985900000,1708.728,1710.204,1708.608,1709.074
1664986200000,1709.154,1709.618,1708.144,1708.404
1664986500000,1708.384,1709.778,1708.384,1709.746
1664986800000,1709.724,1709.814,1708.578,1709.648
1664987100000,1709.664,1710.488,1709.424,1710.348
1664987400000,1710.408,1711.318,1709.964,1710.708
1664987700000,1710.728,1710.904,1709.855,1710.368
1664988000000,1710.388,1710.754,1708.564,1708.818
1664988300000,1708.788,1709.998,1708.318,1709.808
1664988600000,1709.804,1709.898,1708.418,1708.585
1664988900000,1708.538,1708.885,1707.894,1708.438
1664989200000,1708.418,1709.588,1707.548,1709.304
1664989500000,1709.324,1710.458,1709.208,1709.698
1664989800000,1709.678,1710.224,1708.998,1710.208
1664990100000,1710.208,1710.914,1710.158,1710.874
1664990400000,1710.927,1711.898,1710.564,1711.364
1664990700000,1711.384,1712.704,1711.33,1711.544
1664991000000,1711.588,1711.634,1710.498,1710.498
1664991300000,1710.498,1712.378,1710.478,1712.378
1664991600000,1712.378,1712.858,1712.048,1712.808
1664991900000,1712.798,1714.698,1712.553,1713.794
1664992200000,1713.824,1713.844,1712.448,1713.198
1664992500000,1713.218,1713.318,1712.394,1712.854
1664992800000,1712.894,1714.174,1712.434,1714.138
1664993100000,1714.088,1714.398,1712.764,1713.924
1664993400000,1713.944,1715.114,1713.808,1715.018
1664993700000,1715.018,1715.184,1714.064,1714.594
1664994000000,1714.594,1715.564,1714.388,1715.264
1664994300000,1715.264,1715.334,1713.738,1714.268
1664994600000,1714.298,1714.748,1713.753,1714.228
1664994900000,1714.208,1715.858,1714.178,1715.558
1664995200000,1715.578,1715.734,1714.858,1715.168
1664995500000,1715.168,1716.868,1715.168,1716.034
1664995800000,1716.068,1716.744,1715.568,1716.168
1664996100000,1716.258,1717.398,1716.054,1717.148
1664996400000,1717.118,1718.235,1716.718,1716.934
1664996700000,1716.984,1717.744,1716.884,1717.228
1664997000000,1717.238,1717.778,1716.848,1717.138
1664997300000,1717.148,1718.548,1716.988,1718.018
1664997600000,1718.018,1718.398,1717.238,1717.448
1664997900000,1717.448,1717.798,1716.488,1716.733
1664998200000,1716.654,1717.053,1716.478,1716.628
1664998500000,1716.618,1717.314,1716.444,1716.765
1664998800000,1716.765,1717.404,1716.424,1717.294
1664999100000,1717.254,1717.554,1716.728,1716.768
1664999400000,1716.748,1716.834,1716.203,1716.463
1664999700000,1716.464,1717.098,1715.698,1716.018
1665000000000,1716.224,1716.944,1716.044,1716.498
1665000300000,1716.474,1717.158,1716.474,1717.005
1665000600000,1717.018,1717.748,1716.894,1717.014
1665000900000,1717.004,1717.298,1716.678,1717.188
1665001200000,1717.178,1717.368,1716.228,1716.228
1665001500000,1716.228,1716.658,1716.058,1716.208
1665001800000,1716.238,1716.318,1715.868,1716.118
1665002100000,1716.118,1716.118,1715.538,1715.608
1665002400000,1715.578,1715.898,1715.484,1715.838
1665002700000,1715.828,1716.588,1715.828,1716.438
1665003000000,1716.444,1716.718,1716.393,1716.508
1665003300000,1716.508,1716.768,1716.018,1716.128
1665003600000,1716.128,1716.128,1716.128,1716.128
1665003900000,1716.128,1716.128,1716.128,1716.128
1665004200000,1716.128,1716.128,1716.128,1716.128
1665004500000,1716.128,1716.128,1716.128,1716.128
1665004800000,1716.128,1716.128,1716.128,1716.128
1665005100000,1716.128,1716.128,1716.128,1716.128
1665005400000,1716.128,1716.128,1716.128,1716.128
1665005700000,1716.128,1716.128,1716.128,1716.128
1665006000000,1716.128,1716.128,1716.128,1716.128
1665006300000,1716.128,1716.128,1716.128,1716.128
1665006600000,1716.128,1716.128,1716.128,1716.128
1665006900000,1716.128,1716.128,1716.128,1716.128
1665007200000,1715.988,1716.708,1715.814,1715.918
1665007500000,1715.928,1715.968,1714.651,1714.931
1665007800000,1715.001,1715.258,1714.648,1714.814
1665008100000,1714.814,1715.878,1714.814,1715.861
1665008400000,1715.755,1716.338,1715.441,1716.338
1665008700000,1716.298,1716.388,1716.084,1716.108
1665009000000,1716.128,1716.328,1715.958,1716.284
1665009300000,1716.284,1716.464,1716.048,1716.264
1665009600000,1716.264,1716.354,1715.978,1716.248
1665009900000,1716.278,1716.438,1715.968,1716.008
1665010200000,1716.008,1716.388,1715.978,1716.338
1665010500000,1716.288,1716.458,1715.993,1715.994
1665010800000,1716.073,1716.748,1715.994,1716.608
1665011100000,1716.618,1716.978,1716.618,1716.978
1665011400000,1716.938,1717.178,1716.858,1716.898
1665011700000,1716.908,1717.564,1716.898,1717.558
1665012000000,1717.544,1717.974,1717.544,1717.934
1665012300000,1717.944,1718.388,1717.904,1718.054
1665012600000,1718.054,1718.094,1717.714,1717.984
1665012900000,1717.984,1718.664,1717.984,1718.603
1665013200000,1718.633,1718.703,1717.694,1718.194
1665013500000,1718.194,1718.364,1717.894,1718.104
1665013800000,1718.094,1718.394,1717.414,1717.974
1665014100000,1717.974,1718.404,1717.854,1718.248
1665014400000,1718.264,1719.088,1717.874,1719.088
1665014700000,1719.061,1719.684,1718.084,1719.244
1665015000000,1719.244,1720.904,1718.968,1720.594
1665015300000,1720.564,1722.373,1720.144,1722.224
1665015600000,1722.224,1722.404,1721.054,1721.544
1665015900000,1721.544,1722.554,1721.254,1722.254
1665016200000,1722.254,1722.364,1721.084,1721.554
1665016500000,1721.451,1721.664,1720.954,1721.294
1665016800000,1721.324,1723.018,1721.324,1722.664
1665017100000,1722.684,1723.384,1722.634,1723.204
1665017400000,1723.264,1723.264,1721.224,1721.274
1665017700000,1721.258,1721.614,1719.538,1720.134
1665018000000,1720.128,1721.278,1719.644,1720.188
1665018300000,1720.244,1720.874,1719.724,1720.148
1665018600000,1720.178,1720.398,1719.514,1720.168
1665018900000,1720.138,1721.058,1719.988,1720.664
1665019200000,1720.694,1720.914,1719.582,1719.688
1665019500000,1719.689,1720.474,1719.158,1719.418
1665019800000,1719.418,1720.668,1719.268,1720.308
1665020100000,1720.308,1720.598,1720.038,1720.398
1665020400000,1720.328,1720.428,1719.458,1719.498
1665020700000,1719.483,1721.088,1719.458,1720.908
1665021000000,1720.928,1722.178,1720.908,1721.175
1665021300000,1721.175,1721.988,1720.788,1721.148
1665021600000,1721.098,1722.808,1720.988,1721.604
1665021900000,1721.604,1721.964,1720.694,1721.048
1665022200000,1721.068,1721.858,1721.028,1721.398
1665022500000,1721.414,1721.488,1720.058,1720.948
1665022800000,1720.948,1721.118,1720.078,1720.098
1665023100000,1720.268,1721.064,1720.198,1720.728
1665023400000,1720.728,1720.864,1720.238,1720.498
1665023700000,1720.448,1720.548,1720.058,1720.375
1665024000000,1720.375,1721.575,1720.375,1721.575
1665024300000,1721.588,1722.475,1721.498,1722.075
1665024600000,1722.075,1722.328,1721.675,1721.884
1665024900000,1721.924,1722.168,1721.375,1721.758
1665025200000,1721.758,1722.308,1721.658,1721.708
1665025500000,1721.708,1722.884,1721.378,1722.674
1665025800000,1722.704,1724.164,1722.598,1724.013
1665026100000,1724.064,1724.064,1723.204,1723.298
1665026400000,1723.318,1723.468,1722.818,1723.018
1665026700000,1723.018,1723.444,1722.573,1723.234
1665027000000,1723.228,1723.234,1722.248,1722.248
1665027300000,1722.248,1722.324,1721.688,1722.008
1665027600000,1722.004,1722.004,1721.468,1721.544
1665027900000,1721.564,1721.694,1721.228,1721.308
1665028200000,1721.308,1722.148,1721.088,1722.068
1665028500000,1722.078,1722.288,1721.828,1722.075
1665028800000,1722.078,1722.208,1721.678,1722.198
1665029100000,1722.218,1722.278,1721.794,1722.028
1665029400000,1722.028,1722.215,1721.644,1721.934
1665029700000,1721.928,1722.014,1721.084,1721.698
1665030000000,1721.698,1722.538,1721.698,1722.368
1665030300000,1722.358,1723.098,1722.278,1722.324
1665030600000,1722.324,1722.804,1721.724,1722.484
1665030900000,1722.474,1722.904,1722.024,1722.054
1665031200000,1722.054,1723.498,1722.004,1723.498
1665031500000,1723.458,1723.694,1723.174,1723.498
1665031800000,1723.494,1724.228,1723.448,1724.098
1665032100000,1724.098,1724.158,1723.218,1723.734
1665032400000,1723.734,1723.804,1722.808,1722.854
1665032700000,1722.824,1722.898,1721.908,1722.091
1665033000000,1722.108,1722.174,1721.354,1722.008
1665033300000,1722.058,1722.578,1721.998,1722.108
1665033600000,1722.108,1722.678,1721.878,1722.488
1665033900000,1722.488,1723.018,1722.418,1722.618
1665034200000,1722.618,1723.678,1722.458,1723.618
1665034500000,1723.588,1724.964,1723.478,1724.464
1665034800000,1724.548,1724.564,1723.264,1723.334
1665035100000,1723.334,1723.728,1722.948,1722.984
1665035400000,1722.968,1723.148,1722.428,1722.878
1665035700000,1722.958,1723.428,1722.568,1723.048
1665036000000,1723.038,1723.738,1721.658,1721.978
1665036300000,1722.038,1723.968,1721.998,1723.528
1665036600000,1723.508,1723.901,1722.744,1723.314
1665036900000,1723.264,1723.334,1721.434,1721.614
1665037200000,1721.684,1722.694,1721.624,1722.267
1665037500000,1722.243,1722.524,1721.498,1721.727
1665037800000,1721.698,1723.808,1721.634,1723.557
1665038100000,1723.584,1723.824,1722.128,1722.208
1665038400000,1722.268,1723.864,1721.818,1723.341
1665038700000,1723.354,1724.368,1723.094,1723.868
1665039000000,1723.91,1724.021,1722.381,1723.298
1665039300000,1723.324,1723.336,1720.884,1720.884
1665039600000,1720.889,1721.628,1719.577,1720.748
1665039900000,1720.748,1723.354,1720.598,1722.247
1665040200000,1722.247,1723.424,1722.047,1723.314
1665040500000,1723.314,1723.864,1722.554,1722.698
1665040800000,1722.682,1723.824,1722.387,1722.674
1665041100000,1722.684,1723.784,1721.984,1723.598
1665041400000,1723.582,1723.724,1722.692,1723.484
1665041700000,1723.482,1724.539,1723.318,1723.738
1665042000000,1723.784,1724.684,1723.324,1723.802
1665042300000,1723.802,1724.143,1722.542,1724.087
1665042600000,1724.052,1724.424,1723.392,1724.177
1665042900000,1724.172,1725.434,1724.164,1724.607
1665043200000,1724.607,1724.607,1723.274,1723.844
1665043500000,1723.844,1724.734,1722.504,1722.614
1665043800000,1722.614,1723.108,1720.008,1721.227
1665044100000,1721.212,1721.978,1720.522,1720.594
1665044400000,1720.597,1720.642,1717.364,1717.474
1665044700000,1717.464,1717.644,1715.622,1715.804
1665045000000,1715.804,1717.178,1715.044,1715.614
1665045300000,1715.614,1717.758,1715.558,1716.667
1665045600000,1716.657,1717.012,1714.454,1714.978
1665045900000,1714.978,1716.718,1714.894,1716.452
1665046200000,1716.452,1716.482,1715.232,1716.182
1665046500000,1716.182,1716.322,1713.921,1714.024
1665046800000,1714.004,1715.057,1713.298,1714.727
1665047100000,1714.638,1717.118,1714.578,1717.102
1665047400000,1717.102,1717.104,1715.648,1716.061
1665047700000,1716.108,1716.408,1715.378,1715.874
1665048000000,1715.874,1715.874,1715.144,1715.144
1665048300000,1715.144,1716.377,1714.944,1715.864
1665048600000,1715.874,1716.478,1715.414,1716.034
1665048900000,1716.064,1716.824,1715.804,1716.484
1665049200000,1716.524,1717.378,1716.074,1716.594
1665049500000,1716.594,1716.594,1715.374,1715.484
1665049800000,1715.484,1716.008,1715.142,1715.234
1665050100000,1715.214,1715.667,1714.508,1714.652
1665050400000,1714.674,1715.884,1714.638,1715.774
1665050700000,1715.804,1716.284,1714.977,1715.144
1665051000000,1715.178,1716.422,1714.647,1715.371
1665051300000,1715.337,1715.714,1714.242,1715.072
1665051600000,1715.104,1716.388,1714.948,1714.978
1665051900000,1714.968,1715.118,1713.842,1714.462
1665052200000,1714.462,1715.432,1714.372,1715.362
1665052500000,1715.332,1715.687,1713.884,1714.714
1665052800000,1714.744,1714.934,1713.864,1714.494
1665053100000,1714.444,1714.444,1712.942,1713.504
1665053400000,1713.524,1714.574,1713.094,1713.564
1665053700000,1713.532,1713.684,1712.717,1713.008
1665054000000,1713.084,1715.175,1713.008,1714.684
1665054300000,1714.682,1715.875,1714.554,1715.675
1665054600000,1715.684,1715.934,1714.208,1715.012
1665054900000,1715.017,1715.758,1713.804,1713.926
1665055200000,1713.928,1714.575,1711.894,1711.914
1665055500000,1711.894,1712.647,1710.768,1712.557
1665055800000,1712.567,1714.128,1712.032,1713.472
1665056100000,1713.472,1714.642,1713.392,1714.432
1665056400000,1714.427,1715.003,1714.228,1714.628
1665056700000,1714.628,1714.628,1713.787,1714.115
1665057000000,1714.115,1714.642,1713.592,1714.248
1665057300000,1714.278,1714.902,1714.178,1714.827
1665057600000,1714.827,1716.908,1714.142,1716.838
1665057900000,1716.858,1717.488,1716.162,1717.332
1665058200000,1717.358,1717.872,1716.937,1717.542
1665058500000,1717.542,1718.294,1717.117,1717.797
1665058800000,1717.797,1718.764,1717.037,1718.622
1665059100000,1718.718,1718.772,1716.498,1716.707
1665059400000,1716.692,1719.513,1716.662,1717.612
1665059700000,1717.612,1717.718,1715.887,1716.504
1665060000000,1716.502,1716.662,1715.214,1716.542
1665060300000,1716.555,1717.198,1714.758,1715.682
1665060600000,1715.677,1716.908,1715.387,1716.598
1665060900000,1716.598,1716.812,1714.818,1715.357
1665061200000,1715.322,1715.538,1711.964,1712.647
1665061500000,1712.647,1712.794,1710.434,1711.512
1665061800000,1711.626,1714.164,1711.558,1713.874
1665062100000,1713.864,1714.128,1712.794,1713.084
1665062400000,1713.074,1713.214,1711.564,1712.634
1665062700000,1712.614,1712.994,1710.908,1711.774
1665063000000,1711.804,1715.598,1711.404,1713.917
1665063300000,1713.917,1716.114,1713.568,1716.114
1665063600000,1716.114,1717.048,1714.627,1714.918
1665063900000,1714.902,1714.907,1711.268,1711.728
1665064200000,1711.698,1713.322,1710.187,1712.548
1665064500000,1712.552,1714.174,1712.082,1713.812
1665064800000,1713.794,1714.332,1711.878,1712.774
1665065100000,1712.704,1712.807,1709.988,1711.954
1665065400000,1711.964,1712.688,1710.687,1711.292
1665065700000,1711.317,1711.694,1709.278,1710.114
1665066000000,1710.174,1711.044,1709.367,1710.764
1665066300000,1710.774,1710.994,1708.158,1709.242
1665066600000,1709.242,1710.228,1708.182,1708.464
1665066900000,1708.484,1710.764,1708.324,1710.552
1665067200000,1710.552,1711.754,1710.214,1710.564
1665067500000,1710.564,1711.444,1709.233,1711.282
1665067800000,1711.264,1712.238,1711.154,1711.772
1665068100000,1711.772,1712.052,1710.088,1711.942
1665068400000,1711.964,1712.564,1710.812,1710.989
1665068700000,1710.977,1712.327,1710.868,1711.298
1665069000000,1711.328,1712.408,1710.364,1711.907
1665069300000,1711.922,1714.214,1711.298,1714.078
1665069600000,1714.148,1714.264,1712.704,1713.297
1665069900000,1713.297,1714.064,1712.974,1713.464
1665070200000,1713.464,1713.474,1712.004,1712.564
1665070500000,1712.648,1712.984,1711.178,1711.582
1665070800000,1711.582,1711.592,1709.882,1710.232
1665071100000,1710.224,1712.164,1709.972,1711.032
1665071400000,1711.018,1712.164,1710.964,1711.514
1665071700000,1711.514,1712.048,1708.084,1708.104
1665072000000,1708.104,1709.152,1707.782,1708.678
1665072300000,1708.678,1709.374,1707.908,1708.594
1665072600000,1708.698,1708.764,1706.812,1707.508
1665072900000,1707.507,1709.788,1707.452,1709.202
1665073200000,1709.202,1710.692,1709.028,1710.108
1665073500000,1710.107,1711.164,1710.107,1711.128
1665073800000,1711.134,1712.014,1710.804,1711.994
1665074100000,1712.044,1712.364,1711.279,1712.364
1665074400000,1712.358,1712.358,1711.124,1712.034
1665074700000,1712.044,1712.134,1711.094,1711.511
1665075000000,1711.575,1711.724,1710.675,1711.314
1665075300000,1711.314,1711.834,1711.234,1711.724
1665075600000,1711.724,1711.934,1711.198,1711.604
1665075900000,1711.634,1711.724,1710.914,1711.154
1665076200000,1711.154,1712.967,1710.622,1712.864
1665076500000,1712.867,1713.488,1712.748,1713.328
1665076800000,1713.318,1713.848,1713.164,1713.264
1665077100000,1713.264,1713.264,1712.073,1712.304
1665077400000,1712.298,1712.414,1711.277,1711.524
1665077700000,1711.524,1711.977,1710.864,1711.602
1665078000000,1711.638,1712.497,1711.602,1712.137
1665078300000,1712.138,1712.498,1711.962,1712.448
1665078600000,1712.448,1712.508,1711.778,1711.964
1665078900000,1711.922,1712.878,1711.867,1712.228
1665079200000,1712.234,1712.308,1710.658,1710.764
1665079500000,1710.764,1711.284,1710.474,1711.264
1665079800000,1711.264,1712.664,1710.948,1712.664
1665080100000,1712.664,1712.914,1711.968,1712.177
1665080400000,1712.177,1713.217,1711.968,1712.998
1665080700000,1713.014,1713.214,1712.348,1712.664
1665081000000,1712.664,1714.003,1712.448,1713.718
1665081300000,1713.718,1714.288,1713.698,1713.908
1665081600000,1713.908,1714.082,1713.628,1713.648
1665081900000,1713.638,1713.638,1712.138,1712.658
1665082200000,1712.667,1712.867,1711.753,1712.738
1665082500000,1712.738,1713.514,1712.514,1712.827
1665082800000,1712.822,1713.814,1712.614,1713.717
1665083100000,1713.717,1714.414,1713.328,1714.057
1665083400000,1714.018,1714.044,1713.368,1713.914
1665083700000,1714.008,1714.724,1713.954,1714.627
1665084000000,1714.614,1714.964,1714.398,1714.664
1665084300000,1714.598,1714.944,1714.438,1714.774
1665084600000,1714.774,1715.084,1714.098,1714.458
1665084900000,1714.494,1714.664,1714.118,1714.278
1665085200000,1714.294,1714.674,1713.448,1714.624
1665085500000,1714.603,1714.953,1714.198,1714.208
1665085800000,1714.212,1714.522,1713.898,1714.064
1665086100000,1714.064,1714.358,1713.858,1714.298
1665086400000,1714.225,1714.534,1713.704,1714.354
1665086700000,1714.312,1714.417,1713.804,1713.804
1665087000000,1713.814,1713.894,1713.064,1713.104
1665087300000,1713.104,1713.614,1713.104,1713.284
1665087600000,1713.284,1713.684,1713.074,1713.624
1665087900000,1713.574,1713.974,1713.344,1713.764
1665088200000,1713.814,1713.894,1712.714,1712.718
1665088500000,1712.798,1713.034,1712.714,1712.794
1665088800000,1712.804,1712.974,1712.524,1712.754
1665089100000,1712.734,1713.074,1712.724,1713.004
1665089400000,1713.044,1713.094,1712.614,1712.644
1665089700000,1712.644,1712.714,1712.068,1712.428
1665090000000,1712.428,1712.428,1712.428,1712.428
1665090300000,1712.428,1712.428,1712.428,1712.428
1665090600000,1712.428,1712.428,1712.428,1712.428
1665090900000,1712.428,1712.428,1712.428,1712.428
1665091200000,1712.428,1712.428,1712.428,1712.428
1665091500000,1712.428,1712.428,1712.428,1712.428
1665091800000,1712.428,1712.428,1712.428,1712.428
1665092100000,1712.428,1712.428,1712.428,1712.428
1665092400000,1712.428,1712.428,1712.428,1712.428
1665092700000,1712.428,1712.428,1712.428,1712.428
1665093000000,1712.428,1712.428,1712.428,1712.428
1665093300000,1712.428,1712.428,1712.428,1712.428
1665093600000,1712.348,1712.598,1711.662,1711.722
1665093900000,1711.682,1711.742,1711.322,1711.332
1665094200000,1711.362,1711.442,1711.022,1711.442
1665094500000,1711.452,1711.722,1711.362,1711.472
1665094800000,1711.462,1711.562,1711.282,1711.292
1665095100000,1711.302,1711.384,1710.914,1710.914
1665095400000,1710.954,1711.304,1710.914,1711.082
1665095700000,1711.082,1711.524,1710.782,1711.524
1665096000000,1711.534,1711.822,1711.334,1711.334
1665096300000,1711.334,1711.384,1710.894,1711.214
1665096600000,1711.198,1711.445,1711.184,1711.445
1665096900000,1711.404,1711.738,1711.404,1711.734
1665097200000,1711.734,1712.898,1711.734,1712.642
1665097500000,1712.642,1712.642,1711.874,1711.908
1665097800000,1711.878,1711.974,1711.164,1711.774
1665098100000,1711.732,1711.974,1711.442,1711.874
1665098400000,1711.874,1711.944,1711.752,1711.854
1665098700000,1711.854,1712.054,1711.764,1711.854
1665099000000,1711.854,1711.954,1711.474,1711.632
1665099300000,1711.632,1711.738,1711.214,1711.542
1665099600000,1711.532,1712.142,1711.532,1712.142
1665099900000,1712.142,1712.142,1711.264,1711.354
1665100200000,1711.378,1711.672,1711.222,1711.464
1665100500000,1711.485,1711.942,1711.464,1711.825
1665100800000,1711.825,1712.397,1710.802,1711.925
1665101100000,1711.925,1712.032,1711.342,1711.922
1665101400000,1711.922,1712.022,1710.822,1711.554
1665101700000,1711.554,1712.368,1711.468,1712.228
1665102000000,1712.212,1713.358,1712.212,1712.624
1665102300000,1712.628,1713.072,1712.442,1712.535
1665102600000,1712.535,1712.842,1712.198,1712.248
1665102900000,1712.267,1712.722,1711.998,1712.202
1665103200000,1712.202,1712.372,1711.792,1712.172
1665103500000,1712.152,1712.437,1711.442,1711.962
1665103800000,1711.992,1713.082,1711.884,1712.752
1665104100000,1712.804,1713.032,1710.962,1710.962
1665104400000,1711.028,1711.432,1710.592,1711.037
1665104700000,1711.037,1712.388,1710.868,1712.388
1665105000000,1712.387,1712.542,1711.458,1711.692
1665105300000,1711.692,1711.877,1710.112,1710.462
1665105600000,1710.462,1710.742,1709.512,1710.058
1665105900000,1710.058,1711.078,1710.058,1710.728
1665106200000,1710.727,1710.738,1709.794,1710.278
1665106500000,1710.257,1711.247,1710.238,1710.688
1665106800000,1710.688,1711.298,1710.478,1711.068
1665107100000,1711.058,1711.288,1710.778,1710.778
1665107400000,1710.758,1710.858,1709.672,1710.132
1665107700000,1710.132,1710.708,1709.452,1710.668
1665108000000,1710.668,1710.668,1709.424,1709.784
1665108300000,1709.764,1710.008,1709.098,1709.098
1665108600000,1709.178,1710.288,1709.118,1709.658
1665108900000,1709.688,1710.818,1709.678,1710.472
1665109200000,1710.462,1710.468,1709.717,1710.272
1665109500000,1710.272,1710.602,1709.512,1709.788
1665109800000,1709.788,1710.248,1709.118,1709.512
1665110100000,1709.452,1710.962,1709.322,1710.798
1665110400000,1710.792,1711.248,1710.518,1711.224
1665110700000,1711.224,1712.394,1710.847,1711.784
1665111000000,1711.778,1713.308,1710.553,1712.642
1665111300000,1712.647,1712.672,1711.654,1711.654
1665111600000,1711.674,1712.428,1711.648,1712.102
1665111900000,1712.102,1712.557,1711.487,1711.497
1665112200000,1711.494,1712.502,1711.234,1712.104
1665112500000,1712.098,1712.477,1711.272,1711.384
1665112800000,1711.377,1711.694,1711.072,1711.212
1665113100000,1711.212,1711.272,1710.562,1710.582
1665113400000,1710.582,1710.947,1710.197,1710.197
1665113700000,1710.197,1710.448,1709.964,1710.332
1665114000000,1710.332,1710.992,1710.332,1710.427
1665114300000,1710.427,1710.525,1709.334,1709.402
1665114600000,1709.404,1710.272,1709.404,1710.168
1665114900000,1710.168,1710.218,1709.722,1709.732
1665115200000,1709.728,1710.068,1709.278,1709.642
1665115500000,1709.668,1710.432,1709.648,1710.282
1665115800000,1710.272,1710.482,1710.172,1710.342
1665116100000,1710.372,1710.608,1710.202,1710.392
1665116400000,1710.392,1711.542,1710.392,1711.235
1665116700000,1711.235,1711.235,1710.362,1710.822
1665117000000,1710.812,1711.252,1710.552,1710.562
1665117300000,1710.562,1710.562,1710.028,1710.048
1665117600000,1710.048,1710.718,1709.632,1710.718
1665117900000,1710.658,1710.718,1710.142,1710.172
1665118200000,1710.172,1710.318,1709.822,1710.092
1665118500000,1710.094,1710.328,1709.362,1709.422
1665118800000,1709.422,1710.704,1709.422,1710.487
1665119100000,1710.487,1711.048,1710.412,1710.562
1665119400000,1710.562,1711.577,1710.432,1711.298
1665119700000,1711.318,1711.768,1710.602,1710.917
1665120000000,1710.917,1711.642,1710.727,1711.627
1665120300000,1711.627,1711.627,1710.847,1711.502
1665120600000,1711.502,1712.196,1711.202,1711.965
1665120900000,1711.967,1712.692,1711.847,1712.592
1665121200000,1712.592,1712.972,1712.232,1712.892
1665121500000,1712.892,1713.737,1712.682,1712.692
1665121800000,1712.692,1713.192,1712.312,1712.812
1665122100000,1712.812,1713.192,1712.562,1712.812
1665122400000,1712.812,1713.152,1711.802,1712.014
1665122700000,1711.982,1713.954,1711.892,1713.164
1665123000000,1713.184,1713.454,1711.394,1711.448
1665123300000,1711.428,1712.712,1711.334,1712.052
1665123600000,1712.052,1712.292,1710.264,1710.504
1665123900000,1710.504,1710.774,1709.457,1709.692
1665124200000,1709.709,1711.498,1709.648,1710.647
1665124500000,1710.627,1710.712,1708.732,1709.022
1665124800000,1709.007,1709.522,1708.452,1709.334
1665125100000,1709.332,1709.364,1708.294,1708.462
1665125400000,1708.518,1710.134,1708.414,1709.292
1665125700000,1709.292,1710.267,1708.834,1709.016
1665126000000,1709.034,1710.357,1708.784,1709.004
1665126300000,1709.025,1711.167,1708.784,1711.092
1665126600000,1711.092,1711.744,1710.392,1711.128
1665126900000,1711.128,1711.148,1709.282,1710.582
1665127200000,1710.598,1711.182,1710.162,1711.152
1665127500000,1711.172,1712.027,1710.598,1711.022
1665127800000,1711.022,1711.072,1709.952,1711.018
1665128100000,1711.008,1712.187,1711.008,1712.082
1665128400000,1712.082,1712.738,1711.518,1711.518
1665128700000,1711.518,1711.612,1710.392,1711.197
1665129000000,1711.197,1712.094,1711.074,1711.814
1665129300000,1711.807,1712.182,1710.085,1710.824
1665129600000,1710.782,1711.064,1709.348,1710.404
1665129900000,1710.384,1710.868,1710.028,1710.864
1665130200000,1710.865,1712.054,1710.437,1711.978
1665130500000,1711.978,1712.937,1711.708,1712.237
1665130800000,1712.258,1713.704,1712.018,1713.194
1665131100000,1713.194,1713.328,1712.224,1712.474
1665131400000,1712.464,1712.764,1711.764,1712.764
1665131700000,1712.734,1713.478,1712.194,1712.194
1665132000000,1712.194,1712.464,1711.684,1712.058
1665132300000,1712.058,1712.604,1711.782,1712.342
1665132600000,1712.342,1712.485,1711.148,1712.418
1665132900000,1712.418,1712.912,1712.148,1712.188
1665133200000,1712.172,1714.168,1711.997,1714.032
1665133500000,1714.032,1714.314,1713.438,1714.082
1665133800000,1714.094,1714.632,1713.478,1714.257
1665134100000,1714.257,1714.724,1713.574,1713.625
1665134400000,1713.584,1713.748,1713.028,1713.028
1665134700000,1713.028,1713.028,1711.448,1711.488
1665135000000,1711.488,1712.068,1710.954,1711.942
1665135300000,1711.948,1712.878,1711.442,1712.732
1665135600000,1712.727,1712.822,1712.117,1712.402
1665135900000,1712.402,1712.432,1711.228,1711.258
1665136200000,1711.258,1712.107,1711.142,1711.947
1665136500000,1711.957,1712.758,1711.922,1712.688
1665136800000,1712.734,1712.968,1710.218,1710.218
1665137100000,1710.228,1711.367,1710.078,1710.258
1665137400000,1710.258,1710.558,1708.684,1709.058
1665137700000,1709.108,1709.464,1708.398,1708.598
1665138000000,1708.584,1708.868,1707.388,1707.554
1665138300000,1707.554,1707.968,1706.322,1706.572
1665138600000,1706.572,1708.292,1706.088,1708.242
1665138900000,1708.274,1709.317,1708.172,1708.652
1665139200000,1708.652,1709.418,1708.482,1709.242
1665139500000,1709.242,1710.262,1709.172,1710.008
1665139800000,1709.997,1710.258,1709.398,1709.438
1665140100000,1709.438,1709.468,1708.628,1708.787
1665140400000,1708.787,1709.074,1707.954,1709.034
1665140700000,1709.064,1709.227,1708.264,1708.264
1665141000000,1708.264,1709.148,1708.224,1708.657
1665141300000,1708.642,1709.654,1708.612,1709.157
1665141600000,1709.157,1709.238,1708.197,1708.508
1665141900000,1708.482,1708.548,1707.162,1707.282
1665142200000,1707.338,1710.857,1707.338,1710.397
1665142500000,1710.402,1710.678,1707.481,1707.804
1665142800000,1707.774,1708.354,1707.424,1707.694
1665143100000,1707.754,1708.184,1707.538,1707.864
1665143400000,1707.878,1709.928,1707.878,1709.004
1665143700000,1709.004,1709.378,1708.014,1709.122
1665144000000,1709.122,1710.564,1708.514,1709.464
1665144300000,1709.474,1710.025,1708.554,1709.504
1665144600000,1709.564,1710.492,1709.314,1709.675
1665144900000,1709.714,1710.268,1708.984,1709.664
1665145200000,1709.637,1710.058,1708.634,1709.188
1665145500000,1709.188,1710.708,1708.598,1710.037
1665145800000,1710.158,1710.518,1701.298,1709.037
1665146100000,1709.037,1713.284,1703.797,1707.414
1665146400000,1707.394,1707.434,1700.978,1701.104
1665146700000,1701.104,1702.804,1694.533,1695.152
1665147000000,1695.114,1697.768,1690.504,1694.858
1665147300000,1694.888,1698.718,1694.338,1697.838
1665147600000,1697.838,1700.618,1696.948,1698.718
1665147900000,1698.718,1699.087,1695.984,1698.694
1665148200000,1698.674,1704.904,1698.144,1703.668
1665148500000,1703.628,1704.828,1702.872,1704.258
1665148800000,1704.308,1704.314,1701.164,1701.425
1665149100000,1701.425,1701.758,1700.154,1701.238
1665149400000,1701.238,1702.914,1698.596,1702.814
1665149700000,1702.838,1703.388,1699.068,1700.898
1665150000000,1701.004,1703.268,1698.408,1698.954
1665150300000,1698.994,1702.424,1697.797,1698.544
1665150600000,1698.544,1699.628,1696.958,1698.324
1665150900000,1698.218,1700.574,1697.418,1697.855
1665151200000,1697.91,1698.208,1693.777,1694.408
1665151500000,1694.414,1696.578,1693.978,1694.576
1665151800000,1694.576,1696.514,1694.228,1695.754
1665152100000,1695.774,1698.964,1694.974,1698.628
1665152400000,1698.598,1701.208,1698.178,1700.334
1665152700000,1700.334,1700.808,1697.594,1698.131
1665153000000,1698.168,1698.784,1697.244,1697.564
1665153300000,1697.538,1698.048,1696.208,1697.568
1665153600000,1697.568,1700.014,1697.284,1699.814
1665153900000,1699.834,1703.964,1699.764,1703.914
1665154200000,1703.914,1703.964,1701.978,1702.714
1665154500000,1702.744,1702.804,1701.344,1701.824
1665154800000,1701.774,1703.448,1701.558,1703.357
1665155100000,1703.357,1703.744,1701.116,1701.634
1665155400000,1701.624,1702.934,1701.474,1702.194
1665155700000,1702.164,1702.318,1699.949,1699.949
1665156000000,1699.954,1700.808,1699.448,1700.314
1665156300000,1700.314,1701.298,1699.954,1701.078
1665156600000,1701.118,1701.292,1700.024,1701.074
1665156900000,1700.984,1702.388,1700.794,1702.298
1665157200000,1702.298,1704.104,1702.168,1703.934
1665157500000,1703.918,1703.954,1702.594,1702.958
1665157800000,1702.948,1703.464,1701.948,1702.304
1665158100000,1702.304,1703.408,1702.107,1703.054
1665158400000,1703.054,1704.328,1702.244,1704.19
1665158700000,1704.191,1705.704,1703.928,1704.834
1665159000000,1704.834,1706.808,1704.825,1705.248
1665159300000,1705.338,1707.118,1705.238,1706.218
1665159600000,1706.218,1706.318,1702.924,1703.004
1665159900000,1703.014,1703.258,1702.234,1703.128
1665160200000,1703.128,1703.128,1700.878,1700.878
1665160500000,1700.878,1701.588,1700.464,1701.125
1665160800000,1700.998,1701.258,1700.374,1700.784
1665161100000,1700.861,1701.128,1699.828,1699.898
1665161400000,1699.898,1700.574,1699.398,1700.414
1665161700000,1700.444,1700.724,1699.318,1699.728
1665162000000,1699.758,1699.758,1698.958,1699.114
1665162300000,1699.114,1699.754,1698.928,1698.928
1665162600000,1698.928,1701.268,1698.868,1701.268
1665162900000,1701.268,1701.734,1700.744,1701.554
1665163200000,1701.554,1702.014,1701.144,1701.708
1665163500000,1701.708,1702.114,1701.144,1701.514
1665163800000,1701.533,1701.714,1700.65,1700.65
1665164100000,1700.654,1701.448,1700.174,1701.114
1665164400000,1701.074,1702.364,1701.004,1701.848
1665164700000,1701.864,1702.064,1701.364,1701.764
1665165000000,1701.764,1702.084,1701.164,1701.294
1665165300000,1701.292,1701.864,1699.814,1699.824
1665165600000,1699.864,1700.444,1699.408,1699.454
1665165900000,1699.434,1699.874,1698.878,1699.122
1665166200000,1699.106,1699.654,1698.574,1699.568
1665166500000,1699.558,1699.728,1698.909,1699.224
1665166800000,1699.224,1699.748,1698.698,1699.014
1665167100000,1699.031,1699.364,1698.269,1698.298
1665167400000,1698.298,1698.664,1698.088,1698.548
1665167700000,1698.548,1698.998,1698.385,1698.538
1665168000000,1698.524,1698.594,1697.514,1697.514
1665168300000,1697.514,1697.814,1697.098,1697.258
1665168600000,1697.244,1697.914,1697.038,1697.348
1665168900000,1697.354,1697.424,1696.564,1696.564
1665169200000,1696.564,1696.938,1695.108,1695.244
1665169500000,1695.228,1695.488,1694.588,1695.108
1665169800000,1695.098,1695.928,1694.468,1694.468
1665170100000,1694.468,1694.804,1694.268,1694.524
1665170400000,1694.588,1694.758,1693.518,1693.948
1665170700000,1693.948,1694.078,1693.205,1693.464
1665171000000,1693.488,1695.084,1693.088,1695.058
1665171300000,1695.084,1695.948,1694.858,1695.948
1665171600000,1695.948,1696.534,1695.568,1695.888
1665171900000,1695.868,1696.403,1694.618,1694.738
1665172200000,1694.818,1695.388,1694.558,1694.688
1665172500000,1694.684,1695.578,1694.618,1695.534
1665172800000,1695.534,1695.544,1694.554,1695.344
1665173100000,1695.294,1695.814,1695.004,1695.438
1665173400000,1695.468,1695.708,1695.178,1695.348
1665173700000,1695.358,1695.678,1695.314,1695.488
1665174000000,1695.488,1695.614,1694.938,1694.938
1665174300000,1694.938,1695.064,1694.764,1694.864
1665174600000,1694.808,1694.868,1694.564,1694.664
1665174900000,1694.604,1695.014,1694.328,1694.418
1665175200000,1694.428,1695.126,1694.418,1695.066
1665175500000,1695.064,1695.148,1694.214,1694.268
1665175800000,1694.308,1694.903,1694.308,1694.664
1665176100000,1694.921,1695.364,1694.148,1694.458
1665273600000,1695.964,1695.964,1695.964,1695.964
1665273900000,1695.964,1695.964,1695.964,1695.964
1665274200000,1695.964,1695.964,1695.964,1695.964
1665274500000,1695.964,1695.964,1695.964,1695.964
1665274800000,1695.964,1695.964,1695.964,1695.964
1665275100000,1695.964,1695.964,1695.964,1695.964
1665275400000,1695.964,1695.964,1695.964,1695.964
1665275700000,1695.964,1695.964,1695.964,1695.964
1665276000000,1695.964,1695.964,1695.964,1695.964
1665276300000,1695.964,1695.964,1695.964,1695.964
1665276600000,1695.964,1695.964,1695.964,1695.964
1665276900000,1695.964,1695.964,1695.964,1695.964
1665277200000,1695.964,1695.964,1695.964,1695.964
1665277500000,1695.964,1695.964,1695.964,1695.964
1665277800000,1695.964,1695.964,1695.964,1695.964
1665278100000,1695.964,1695.964,1695.964,1695.964
1665278400000,1695.964,1695.964,1695.964,1695.964
1665278700000,1695.964,1695.964,1695.964,1695.964
1665279000000,1695.964,1695.964,1695.964,1695.964
1665279300000,1695.964,1695.964,1695.964,1695.964
1665279600000,1695.964,1695.964,1695.964,1695.964
1665279900000,1695.964,1695.964,1695.964,1695.964
1665280200000,1695.964,1695.964,1695.964,1695.964
1665280500000,1695.964,1695.964,1695.964,1695.964
1665280800000,1695.964,1695.964,1695.964,1695.964
1665281100000,1695.964,1695.964,1695.964,1695.964
1665281400000,1695.964,1695.964,1695.964,1695.964
1665281700000,1695.964,1695.964,1695.964,1695.964
1665282000000,1695.964,1695.964,1695.964,1695.964
1665282300000,1695.964,1695.964,1695.964,1695.964
1665282600000,1695.964,1695.964,1695.964,1695.964
1665282900000,1695.964,1695.964,1695.964,1695.964
1665283200000,1695.964,1695.964,1695.964,1695.964
1665283500000,1695.964,1695.964,1695.964,1695.964
1665283800000,1695.964,1695.964,1695.964,1695.964
1665284100000,1695.964,1695.964,1695.964,1695.964
1665284400000,1695.964,1695.964,1695.964,1695.964
1665284700000,1695.964,1695.964,1695.964,1695.964
1665285000000,1695.964,1695.964,1695.964,1695.964
1665285300000,1695.964,1695.964,1695.964,1695.964
1665285600000,1695.964,1695.964,1695.964,1695.964
1665285900000,1695.964,1695.964,1695.964,1695.964
1665286200000,1695.964,1695.964,1695.964,1695.964
1665286500000,1695.964,1695.964,1695.964,1695.964
1665286800000,1695.964,1695.964,1695.964,1695.964
1665287100000,1695.964,1695.964,1695.964,1695.964
1665287400000,1695.964,1695.964,1695.964,1695.964
1665287700000,1695.964,1695.964,1695.964,1695.964
1665288000000,1695.964,1695.964,1695.964,1695.964
1665288300000,1695.964,1695.964,1695.964,1695.964
1665288600000,1695.964,1695.964,1695.964,1695.964
1665288900000,1695.964,1695.964,1695.964,1695.964
1665289200000,1695.964,1695.964,1695.964,1695.964
1665289500000,1695.964,1695.964,1695.964,1695.964
1665289800000,1695.964,1695.964,1695.964,1695.964
1665290100000,1695.964,1695.964,1695.964,1695.964
1665290400000,1695.964,1695.964,1695.964,1695.964
1665290700000,1695.964,1695.964,1695.964,1695.964
1665291000000,1695.964,1695.964,1695.964,1695.964
1665291300000,1695.964,1695.964,1695.964,1695.964
1665291600000,1695.964,1695.964,1695.964,1695.964
1665291900000,1695.964,1695.964,1695.964,1695.964
1665292200000,1695.964,1695.964,1695.964,1695.964
1665292500000,1695.964,1695.964,1695.964,1695.964
1665292800000,1695.964,1695.964,1695.964,1695.964
1665293100000,1695.964,1695.964,1695.964,1695.964
1665293400000,1695.964,1695.964,1695.964,1695.964
1665293700000,1695.964,1695.964,1695.964,1695.964
1665294000000,1695.964,1695.964,1695.964,1695.964
1665294300000,1695.964,1695.964,1695.964,1695.964
1665294600000,1695.964,1695.964,1695.964,1695.964
1665294900000,1695.964,1695.964,1695.964,1695.964
1665295200000,1695.964,1695.964,1695.964,1695.964
1665295500000,1695.964,1695.964,1695.964,1695.964
1665295800000,1695.964,1695.964,1695.964,1695.964
1665296100000,1695.964,1695.964,1695.964,1695.964
1665296400000,1695.964,1695.964,1695.964,1695.964
1665296700000,1695.964,1695.964,1695.964,1695.964
1665297000000,1695.964,1695.964,1695.964,1695.964
1665297300000,1695.964,1695.964,1695.964,1695.964
1665297600000,1695.964,1695.964,1695.964,1695.964
1665297900000,1695.964,1695.964,1695.964,1695.964
1665298200000,1695.964,1695.964,1695.964,1695.964
1665298500000,1695.964,1695.964,1695.964,1695.964
1665298800000,1695.964,1695.964,1695.964,1695.964
1665299100000,1695.964,1695.964,1695.964,1695.964
1665299400000,1695.964,1695.964,1695.964,1695.964
1665299700000,1695.964,1695.964,1695.964,1695.964
1665300000000,1695.964,1695.964,1695.964,1695.964
1665300300000,1695.964,1695.964,1695.964,1695.964
1665300600000,1695.964,1695.964,1695.964,1695.964
1665300900000,1695.964,1695.964,1695.964,1695.964
1665301200000,1695.964,1695.964,1695.964,1695.964
1665301500000,1695.964,1695.964,1695.964,1695.964
1665301800000,1695.964,1695.964,1695.964,1695.964
1665302100000,1695.964,1695.964,1695.964,1695.964
1665302400000,1695.964,1695.964,1695.964,1695.964
1665302700000,1695.964,1695.964,1695.964,1695.964
1665303000000,1695.964,1695.964,1695.964,1695.964
1665303300000,1695.964,1695.964,1695.964,1695.964
1665303600000,1695.964,1695.964,1695.964,1695.964
1665303900000,1695.964,1695.964,1695.964,1695.964
1665304200000,1695.964,1695.964,1695.964,1695.964
1665304500000,1695.964,1695.964,1695.964,1695.964
1665304800000,1695.964,1695.964,1695.964,1695.964
1665305100000,1695.964,1695.964,1695.964,1695.964
1665305400000,1695.964,1695.964,1695.964,1695.964
1665305700000,1695.964,1695.964,1695.964,1695.964
1665306000000,1695.964,1695.964,1695.964,1695.964
1665306300000,1695.964,1695.964,1695.964,1695.964
1665306600000,1695.964,1695.964,1695.964,1695.964
1665306900000,1695.964,1695.964,1695.964,1695.964
1665307200000,1695.964,1695.964,1695.964,1695.964
1665307500000,1695.964,1695.964,1695.964,1695.964
1665307800000,1695.964,1695.964,1695.964,1695.964
1665308100000,1695.964,1695.964,1695.964,1695.964
1665308400000,1695.964,1695.964,1695.964,1695.964
1665308700000,1695.964,1695.964,1695.964,1695.964
1665309000000,1695.964,1695.964,1695.964,1695.964
1665309300000,1695.964,1695.964,1695.964,1695.964
1665309600000,1695.964,1695.964,1695.964,1695.964
1665309900000,1695.964,1695.964,1695.964,1695.964
1665310200000,1695.964,1695.964,1695.964,1695.964
1665310500000,1695.964,1695.964,1695.964,1695.964
1665310800000,1695.964,1695.964,1695.964,1695.964
1665311100000,1695.964,1695.964,1695.964,1695.964
1665311400000,1695.964,1695.964,1695.964,1695.964
1665311700000,1695.964,1695.964,1695.964,1695.964
1665312000000,1695.964,1695.964,1695.964,1695.964
1665312300000,1695.964,1695.964,1695.964,1695.964
1665312600000,1695.964,1695.964,1695.964,1695.964
1665312900000,1695.964,1695.964,1695.964,1695.964
1665313200000,1695.964,1695.964,1695.964,1695.964
1665313500000,1695.964,1695.964,1695.964,1695.964
1665313800000,1695.964,1695.964,1695.964,1695.964
1665314100000,1695.964,1695.964,1695.964,1695.964
1665314400000,1695.964,1695.964,1695.964,1695.964
1665314700000,1695.964,1695.964,1695.964,1695.964
1665315000000,1695.964,1695.964,1695.964,1695.964
1665315300000,1695.964,1695.964,1695.964,1695.964
1665315600000,1695.964,1695.964,1695.964,1695.964
1665315900000,1695.964,1695.964,1695.964,1695.964
1665316200000,1695.964,1695.964,1695.964,1695.964
1665316500000,1695.964,1695.964,1695.964,1695.964
1665316800000,1695.964,1695.964,1695.964,1695.964
1665317100000,1695.964,1695.964,1695.964,1695.964
1665317400000,1695.964,1695.964,1695.964,1695.964
1665317700000,1695.964,1695.964,1695.964,1695.964
1665318000000,1695.964,1695.964,1695.964,1695.964
1665318300000,1695.964,1695.964,1695.964,1695.964
1665318600000,1695.964,1695.964,1695.964,1695.964
1665318900000,1695.964,1695.964,1695.964,1695.964
1665319200000,1695.964,1695.964,1695.964,1695.964
1665319500000,1695.964,1695.964,1695.964,1695.964
1665319800000,1695.964,1695.964,1695.964,1695.964
1665320100000,1695.964,1695.964,1695.964,1695.964
1665320400000,1695.964,1695.964,1695.964,1695.964
1665320700000,1695.964,1695.964,1695.964,1695.964
1665321000000,1695.964,1695.964,1695.964,1695.964
1665321300000,1695.964,1695.964,1695.964,1695.964
1665321600000,1695.964,1695.964,1695.964,1695.964
1665321900000,1695.964,1695.964,1695.964,1695.964
1665322200000,1695.964,1695.964,1695.964,1695.964
1665322500000,1695.964,1695.964,1695.964,1695.964
1665322800000,1695.964,1695.964,1695.964,1695.964
1665323100000,1695.964,1695.964,1695.964,1695.964
1665323400000,1695.964,1695.964,1695.964,1695.964
1665323700000,1695.964,1695.964,1695.964,1695.964
1665324000000,1695.964,1695.964,1695.964,1695.964
1665324300000,1695.964,1695.964,1695.964,1695.964
1665324600000,1695.964,1695.964,1695.964,1695.964
1665324900000,1695.964,1695.964,1695.964,1695.964
1665325200000,1695.964,1695.964,1695.964,1695.964
1665325500000,1695.964,1695.964,1695.964,1695.964
1665325800000,1695.964,1695.964,1695.964,1695.964
1665326100000,1695.964,1695.964,1695.964,1695.964
1665326400000,1695.964,1695.964,1695.964,1695.964
1665326700000,1695.964,1695.964,1695.964,1695.964
1665327000000,1695.964,1695.964,1695.964,1695.964
1665327300000,1695.964,1695.964,1695.964,1695.964
1665327600000,1695.964,1695.964,1695.964,1695.964
1665327900000,1695.964,1695.964,1695.964,1695.964
1665328200000,1695.964,1695.964,1695.964,1695.964
1665328500000,1695.964,1695.964,1695.964,1695.964
1665328800000,1695.964,1695.964,1695.964,1695.964
1665329100000,1695.964,1695.964,1695.964,1695.964
1665329400000,1695.964,1695.964,1695.964,1695.964
1665329700000,1695.964,1695.964,1695.964,1695.964
1665330000000,1695.964,1695.964,1695.964,1695.964
1665330300000,1695.964,1695.964,1695.964,1695.964
1665330600000,1695.964,1695.964,1695.964,1695.964
1665330900000,1695.964,1695.964,1695.964,1695.964
1665331200000,1695.964,1695.964,1695.964,1695.964
1665331500000,1695.964,1695.964,1695.964,1695.964
1665331800000,1695.964,1695.964,1695.964,1695.964
1665332100000,1695.964,1695.964,1695.964,1695.964
1665332400000,1695.964,1695.964,1695.964,1695.964
1665332700000,1695.964,1695.964,1695.964,1695.964
1665333000000,1695.964,1695.964,1695.964,1695.964
1665333300000,1695.964,1695.964,1695.964,1695.964
1665333600000,1695.964,1695.964,1695.964,1695.964
1665333900000,1695.964,1695.964,1695.964,1695.964
1665334200000,1695.964,1695.964,1695.964,1695.964
1665334500000,1695.964,1695.964,1695.964,1695.964
1665334800000,1695.964,1695.964,1695.964,1695.964
1665335100000,1695.964,1695.964,1695.964,1695.964
1665335400000,1695.964,1695.964,1695.964,1695.964
1665335700000,1695.964,1695.964,1695.964,1695.964
1665336000000,1695.964,1695.964,1695.964,1695.964
1665336300000,1695.964,1695.964,1695.964,1695.964
1665336600000,1695.964,1695.964,1695.964,1695.964
1665336900000,1695.964,1695.964,1695.964,1695.964
1665337200000,1695.964,1695.964,1695.964,1695.964
1665337500000,1695.964,1695.964,1695.964,1695.964
1665337800000,1695.964,1695.964,1695.964,1695.964
1665338100000,1695.964,1695.964,1695.964,1695.964
1665338400000,1695.964,1695.964,1695.964,1695.964
1665338700000,1695.964,1695.964,1695.964,1695.964
1665339000000,1695.964,1695.964,1695.964,1695.964
1665339300000,1695.964,1695.964,1695.964,1695.964
1665339600000,1695.964,1695.964,1695.964,1695.964
1665339900000,1695.964,1695.964,1695.964,1695.964
1665340200000,1695.964,1695.964,1695.964,1695.964
1665340500000,1695.964,1695.964,1695.964,1695.964
1665340800000,1695.964,1695.964,1695.964,1695.964
1665341100000,1695.964,1695.964,1695.964,1695.964
1665341400000,1695.964,1695.964,1695.964,1695.964
1665341700000,1695.964,1695.964,1695.964,1695.964
1665342000000,1695.964,1695.964,1695.964,1695.964
1665342300000,1695.964,1695.964,1695.964,1695.964
1665342600000,1695.964,1695.964,1695.964,1695.964
1665342900000,1695.964,1695.964,1695.964,1695.964
1665343200000,1695.964,1695.964,1695.964,1695.964
1665343500000,1695.964,1695.964,1695.964,1695.964
1665343800000,1695.964,1695.964,1695.964,1695.964
1665344100000,1695.964,1695.964,1695.964,1695.964
1665344400000,1695.964,1695.964,1695.964,1695.964
1665344700000,1695.964,1695.964,1695.964,1695.964
1665345000000,1695.964,1695.964,1695.964,1695.964
1665345300000,1695.964,1695.964,1695.964,1695.964
1665345600000,1695.964,1695.964,1695.964,1695.964
1665345900000,1695.964,1695.964,1695.964,1695.964
1665346200000,1695.964,1695.964,1695.964,1695.964
1665346500000,1695.964,1695.964,1695.964,1695.964
1665346800000,1695.964,1695.964,1695.964,1695.964
1665347100000,1695.964,1695.964,1695.964,1695.964
1665347400000,1695.964,1695.964,1695.964,1695.964
1665347700000,1695.964,1695.964,1695.964,1695.964
1665348000000,1695.964,1695.964,1695.964,1695.964
1665348300000,1695.964,1695.964,1695.964,1695.964
1665348600000,1695.964,1695.964,1695.964,1695.964
1665348900000,1695.964,1695.964,1695.964,1695.964
1665349200000,1695.964,1695.964,1695.964,1695.964
1665349500000,1695.964,1695.964,1695.964,1695.964
1665349800000,1695.964,1695.964,1695.964,1695.964
1665350100000,1695.964,1695.964,1695.964,1695.964
1665350400000,1695.964,1695.964,1695.964,1695.964
1665350700000,1695.964,1695.964,1695.964,1695.964
1665351000000,1695.964,1695.964,1695.964,1695.964
1665351300000,1695.964,1695.964,1695.964,1695.964
1665351600000,1695.964,1695.964,1695.964,1695.964
1665351900000,1695.964,1695.964,1695.964,1695.964
1665352200000,1695.964,1695.964,1695.964,1695.964
1665352500000,1695.964,1695.964,1695.964,1695.964
1665352800000,1695.964,1696.564,1695.464,1696.164
1665353100000,1696.164,1698.764,1696.041,1698.664
1665353400000,1698.664,1699.364,1698.348,1699.064
1665353700000,1699.148,1699.164,1697.974,1698.143
1665354000000,1698.053,1698.548,1697.823,1697.884
1665354300000,1697.893,1698.394,1697.378,1698.374
1665354600000,1698.354,1698.824,1697.764,1698.824
1665354900000,1698.864,1699.714,1698.804,1698.868
1665355200000,1698.848,1699.444,1698.093,1698.144
1665355500000,1698.144,1698.794,1698.144,1698.614
1665355800000,1698.604,1698.624,1697.548,1697.704
1665356100000,1697.674,1697.734,1697.334,1697.354
1665356400000,1697.344,1697.728,1697.254,1697.624
1665356700000,1697.624,1697.894,1697.294,1697.814
1665357000000,1697.824,1698.144,1697.504,1697.724
1665357300000,1697.744,1698.024,1697.534,1697.914
1665357600000,1697.914,1698.014,1697.324,1697.524
1665357900000,1697.534,1697.724,1697.324,1697.378
1665358200000,1697.378,1697.438,1696.578,1696.944
1665358500000,1696.944,1696.968,1696.148,1696.594
1665358800000,1696.594,1696.594,1696.074,1696.384
1665359100000,1696.384,1696.884,1696.384,1696.694
1665359400000,1696.694,1696.694,1695.775,1696.298
1665359700000,1696.348,1696.818,1696.331,1696.568
1665360000000,1696.583,1697.128,1696.068,1696.778
1665360300000,1696.738,1697.118,1695.788,1696.008
1665360600000,1696.088,1696.298,1695.758,1696.218
1665360900000,1696.288,1697.038,1695.378,1695.518
1665361200000,1695.518,1696.368,1695.158,1695.198
1665361500000,1695.168,1695.628,1694.758,1695.268
1665361800000,1695.238,1695.248,1693.728,1693.948
1665362100000,1693.968,1694.948,1693.968,1694.948
1665362400000,1694.988,1696.298,1694.818,1695.228
1665362700000,1695.228,1695.564,1694.698,1694.964
1665363000000,1694.963,1696.068,1694.864,1695.164
1665363300000,1695.164,1695.164,1692.678,1694.478
1665363600000,1694.488,1694.998,1692.448,1693.228
1665363900000,1693.204,1693.668,1692.418,1692.658
1665364200000,1692.688,1693.688,1692.688,1693.334
1665364500000,1693.353,1693.864,1692.364,1693.198
1665364800000,1693.198,1694.568,1693.058,1693.918
1665365100000,1693.958,1693.958,1691.648,1693.034
1665365400000,1693.078,1695.044,1692.758,1694.448
1665365700000,1694.448,1696.198,1694.448,1694.964
1665366000000,1694.944,1695.124,1694.044,1694.414
1665366300000,1694.414,1695.228,1694.178,1694.778
1665366600000,1694.748,1696.058,1694.608,1694.654
1665366900000,1694.654,1694.944,1693.46,1693.934
1665367200000,1693.934,1694.198,1693.077,1693.214
1665367500000,1693.209,1693.209,1692.134,1692.918
1665367800000,1692.898,1692.948,1692.518,1692.705
1665368100000,1692.705,1693.468,1692.478,1692.758
1665368400000,1692.758,1693.438,1691.924,1692.164
1665368700000,1692.164,1692.948,1691.634,1692.918
1665369000000,1692.884,1693.038,1692.048,1692.911
1665369300000,1692.902,1692.902,1692.148,1692.364
1665369600000,1692.284,1692.364,1691.635,1692.104
1665369900000,1692.098,1692.136,1691.082,1691.738
1665370200000,1691.738,1691.738,1691.228,1691.408
1665370500000,1691.388,1692.204,1691.328,1691.504
1665370800000,1691.504,1691.628,1690.978,1690.978
1665371100000,1690.978,1691.064,1689.818,1690.104
1665371400000,1690.124,1691.438,1690.124,1690.808
1665371700000,1690.798,1690.844,1689.393,1689.418
1665372000000,1689.408,1689.598,1687.034,1687.821
1665372300000,1687.821,1688.428,1687.424,1687.888
1665372600000,1687.888,1689.018,1687.758,1688.478
1665372900000,1688.478,1688.804,1688.064,1688.244
1665373200000,1688.254,1688.854,1688.064,1688.214
1665373500000,1688.206,1688.488,1687.854,1688.314
1665373800000,1688.314,1688.858,1687.958,1688.768
1665374100000,1688.758,1688.892,1688.618,1688.758
1665374400000,1688.768,1689.234,1688.618,1689.234
1665374700000,1689.214,1689.514,1688.608,1688.888
1665375000000,1688.918,1689.024,1688.424,1688.484
1665375300000,1688.484,1689.004,1688.484,1688.874
1665375600000,1688.874,1688.874,1686.585,1686.614
1665375900000,1686.618,1686.668,1685.028,1685.534
1665376200000,1685.534,1687.028,1685.404,1686.458
1665376500000,1686.458,1687.118,1686.178,1686.518
1665376800000,1686.538,1687.194,1686.538,1686.944
1665377100000,1686.964,1686.984,1686.304,1686.788
1665377400000,1686.828,1687.438,1686.495,1686.813
1665377700000,1686.812,1686.979,1686.364,1686.544
1665378000000,1686.544,1687.114,1686.524,1686.834
1665378300000,1686.808,1686.864,1685.844,1686.194
1665378600000,1686.164,1687.364,1685.724,1687.014
1665378900000,1687.004,1687.508,1686.858,1687.398
1665379200000,1687.398,1688.358,1687.348,1688.278
1665379500000,1688.278,1689.293,1688.244,1689.044
1665379800000,1688.992,1688.992,1687.028,1687.128
1665380100000,1687.098,1687.588,1686.408,1686.434
1665380400000,1686.444,1687.538,1686.412,1686.774
1665380700000,1686.734,1687.654,1686.734,1686.828
1665381000000,1686.828,1687.454,1686.668,1686.844
1665381300000,1686.828,1687.095,1685.684,1685.784
1665381600000,1685.814,1687.394,1685.784,1686.618
1665381900000,1686.618,1688.094,1686.198,1687.084
1665382200000,1687.084,1689.164,1687.084,1688.474
1665382500000,1688.394,1688.775,1687.964,1688.075
1665382800000,1688.036,1688.036,1686.504,1686.556
1665383100000,1686.57,1687.024,1685.424,1685.524
1665383400000,1685.544,1685.694,1684.578,1684.685
1665383700000,1684.672,1685.844,1684.648,1685.775
1665384000000,1685.754,1686.684,1685.518,1686.304
1665384300000,1686.304,1686.738,1685.994,1686.178
1665384600000,1686.178,1686.368,1685.458,1685.698
1665384900000,1685.728,1685.898,1684.848,1685.158
1665385200000,1685.188,1687.406,1685.148,1686.888
1665385500000,1686.884,1687.364,1686.398,1687.098
1665385800000,1687.138,1688.478,1686.988,1687.478
1665386100000,1687.458,1688.108,1687.076,1687.718
1665386400000,1687.718,1688.588,1687.074,1688.308
1665386700000,1688.304,1688.538,1685.828,1685.898
1665387000000,1685.898,1686.854,1684.934,1686.368
1665387300000,1686.338,1687.858,1685.958,1685.978
1665387600000,1685.978,1687.168,1683.942,1684.028
1665387900000,1684.013,1685.268,1683.898,1684.448
1665388200000,1684.478,1684.868,1682.748,1682.914
1665388500000,1682.908,1684.198,1682.078,1682.718
1665388800000,1682.714,1683.708,1681.834,1682.254
1665389100000,1682.254,1683.108,1681.954,1682.878
1665389400000,1682.868,1683.248,1681.056,1681.334
1665389700000,1681.354,1681.618,1680.188,1681.254
1665390000000,1681.254,1682.588,1681.254,1682.328
1665390300000,1682.348,1682.808,1681.584,1681.584
1665390600000,1681.584,1681.648,1679.918,1680.154
1665390900000,1680.108,1681.488,1679.974,1681.454
1665391200000,1681.428,1681.738,1680.594,1681.134
1665391500000,1681.114,1681.478,1680.858,1681.128
1665391800000,1681.148,1681.258,1679.924,1680.988
1665392100000,1680.988,1681.058,1680.048,1680.128
1665392400000,1680.108,1683.704,1679.938,1683.204
1665392700000,1683.198,1683.958,1682.993,1683.274
1665393000000,1683.268,1684.058,1683.158,1683.418
1665393300000,1683.398,1684.445,1682.185,1682.315
1665393600000,1682.315,1682.545,1679.718,1679.735
1665393900000,1679.735,1680.205,1679.638,1679.965
1665394200000,1679.965,1680.455,1679.655,1679.725
1665394500000,1679.725,1679.774,1677.955,1678.715
1665394800000,1678.715,1680.635,1678.668,1680.538
1665395100000,1680.525,1680.528,1679.515,1679.715
1665395400000,1679.728,1680.578,1678.728,1680.528
1665395700000,1680.548,1680.628,1679.838,1680.335
1665396000000,1680.315,1680.875,1679.848,1680.798
1665396300000,1680.798,1681.188,1680.148,1680.988
1665396600000,1680.988,1680.988,1679.528,1679.568
1665396900000,1679.568,1679.935,1677.918,1678.205
1665397200000,1678.198,1679.508,1678.055,1679.428
1665397500000,1679.428,1679.535,1678.368,1679.038
1665397800000,1679.038,1679.978,1678.968,1679.458
1665398100000,1679.458,1679.598,1678.915,1678.948
1665398400000,1679.005,1679.318,1678.045,1679.198
1665398700000,1679.198,1679.708,1678.418,1678.498
1665399000000,1678.498,1679.028,1677.518,1677.838
1665399300000,1677.838,1679.248,1677.435,1679.148
1665399600000,1679.148,1680.138,1678.108,1679.645
1665399900000,1679.655,1681.538,1679.625,1681.458
1665400200000,1681.458,1681.478,1678.678,1679.185
1665400500000,1679.175,1680.378,1678.335,1679.928
1665400800000,1679.948,1680.428,1679.325,1679.878
1665401100000,1679.878,1681.025,1679.608,1680.975
1665401400000,1680.975,1680.975,1679.108,1679.705
1665401700000,1679.725,1680.228,1679.205,1679.398
1665402000000,1679.368,1679.455,1674.028,1675.908
1665402300000,1675.885,1676.868,1674.551,1676.395
1665402600000,1676.379,1677.228,1675.565,1676.258
1665402900000,1676.258,1678.035,1676.128,1676.895
1665403200000,1676.855,1677.278,1676.258,1677.188
1665403500000,1677.188,1678.208,1676.688,1677.875
1665403800000,1677.838,1677.925,1676.128,1676.278
1665404100000,1676.278,1676.418,1675.118,1675.178
1665404400000,1675.165,1677.658,1674.968,1677.338
1665404700000,1677.375,1677.936,1676.368,1676.958
1665405000000,1676.988,1678.168,1676.028,1677.805
1665405300000,1677.805,1679.098,1677.545,1678.248
1665405600000,1678.348,1678.588,1676.708,1676.708
1665405900000,1676.738,1677.598,1675.918,1676.608
1665406200000,1676.628,1676.718,1675.558,1675.938
1665406500000,1675.938,1677.068,1675.248,1677.068
1665406800000,1677.038,1678.618,1676.678,1678.198
1665407100000,1678.198,1678.198,1676.028,1676.195
1665407400000,1676.215,1676.528,1675.378,1675.545
1665407700000,1675.545,1676.848,1674.842,1675.458
1665408000000,1675.458,1675.458,1673.718,1675.115
1665408300000,1675.115,1675.205,1674.09,1674.238
1665408600000,1674.258,1674.468,1672.428,1674.128
1665408900000,1674.125,1674.295,1672.002,1672.155
1665409200000,1672.155,1674.918,1671.998,1674.245
1665409500000,1674.228,1676.025,1673.672,1675.308
1665409800000,1675.328,1676.365,1674.657,1675.645
1665410100000,1675.648,1677.255,1675.648,1676.848
1665410400000,1676.738,1677.628,1676.058,1676.708
1665410700000,1676.708,1678.028,1674.578,1674.948
1665411000000,1674.858,1677.648,1674.758,1677.048
1665411300000,1677.048,1678.498,1675.998,1676.028
1665411600000,1675.998,1676.628,1674.208,1674.878
1665411900000,1674.878,1674.878,1672.448,1673.668
1665412200000,1673.668,1677.158,1673.088,1673.908
1665412500000,1673.908,1674.418,1669.468,1670.498
1665412800000,1670.308,1671.858,1669.688,1671.098
1665413100000,1671.038,1671.498,1667.798,1668.508
1665413400000,1668.538,1668.538,1666.468,1667.088
1665413700000,1667.088,1667.758,1665.548,1667.478
1665414000000,1667.358,1667.848,1666.058,1666.258
1665414300000,1666.298,1667.328,1665.478,1666.118
1665414600000,1666.138,1668.368,1665.598,1667.798
1665414900000,1667.798,1667.798,1665.708,1665.875
1665415200000,1665.875,1668.698,1665.758,1668.668
1665415500000,1668.698,1668.948,1667.458,1668.598
1665415800000,1668.598,1668.798,1666.498,1667.098
1665416100000,1667.098,1668.058,1666.018,1667.898
1665416400000,1667.818,1667.898,1666.348,1666.818
1665416700000,1666.818,1667.928,1666.198,1667.818
1665417000000,1667.798,1669.218,1667.138,1667.308
1665417300000,1667.328,1668.398,1666.658,1666.758
1665417600000,1666.758,1667.858,1666.758,1667.708
1665417900000,1667.608,1668.008,1666.948,1667.518
1665418200000,1667.578,1667.828,1666.808,1667.428
1665418500000,1667.398,1668.168,1667.168,1667.548
1665418800000,1667.528,1667.658,1666.638,1666.748
1665419100000,1666.748,1668.148,1666.648,1667.095
1665419400000,1667.095,1667.778,1666.858,1667.258
1665419700000,1667.248,1667.898,1667.108,1667.898
1665420000000,1667.898,1668.445,1667.793,1667.935
1665420300000,1667.925,1668.325,1667.765,1668.255
1665420600000,1668.335,1668.395,1667.512,1667.685
1665420900000,1667.668,1668.038,1667.218,1667.735
1665421200000,1667.755,1668.435,1667.645,1667.675
1665421500000,1667.655,1667.885,1666.915,1667.575
1665421800000,1667.545,1669.945,1667.378,1669.568
1665422100000,1669.705,1669.705,1667.608,1668.068
1665422400000,1668.068,1668.855,1667.815,1668.478
1665422700000,1668.498,1668.652,1667.878,1667.918
1665423000000,1667.938,1670.039,1667.938,1669.118
1665423300000,1669.078,1670.328,1669.058,1670.245
1665423600000,1670.245,1670.405,1669.728,1670.145
1665423900000,1670.125,1671.515,1669.385,1671.355
1665424200000,1671.355,1671.375,1670.525,1670.885
1665424500000,1670.865,1670.975,1669.475,1669.515
1665424800000,1669.525,1670.358,1669.055,1670.258
1665425100000,1670.258,1670.258,1669.288,1669.428
1665425400000,1669.428,1669.988,1669.248,1669.308
1665425700000,1669.308,1669.348,1668.828,1669.048
1665426000000,1669.038,1669.575,1668.798,1669.115
1665426300000,1669.115,1669.623,1668.828,1669.276
1665426600000,1669.266,1670.208,1668.898,1670.045
1665426900000,1670.045,1670.105,1669.568,1670.105
1665427200000,1670.105,1670.105,1669.018,1669.118
1665427500000,1669.098,1669.108,1668.088,1668.328
1665427800000,1668.338,1669.615,1668.18,1669.598
1665428100000,1669.618,1669.688,1668.908,1669.688
1665428400000,1669.698,1670.798,1669.045,1669.335
1665428700000,1669.315,1669.865,1668.378,1668.883
1665429000000,1668.798,1669.002,1668.028,1668.375
1665429300000,1668.405,1669.121,1668.168,1668.805
1665429600000,1668.819,1669.148,1668.458,1668.865
1665429900000,1668.865,1668.865,1667.698,1667.885
1665430200000,1667.885,1668.555,1667.538,1667.928
1665430500000,1668.028,1668.648,1668.008,1668.648
1665430800000,1668.648,1668.738,1667.808,1667.808
1665431100000,1667.842,1668.518,1667.768,1667.858
1665431400000,1667.845,1668.188,1667.688,1667.928
1665431700000,1667.938,1669.215,1667.668,1668.915
1665432000000,1668.998,1669.315,1668.365,1668.865
1665432300000,1668.865,1668.965,1667.808,1668.205
1665432600000,1668.188,1668.275,1667.508,1668.015
1665432900000,1668.025,1668.095,1667.765,1667.765
1665433200000,1667.808,1667.855,1667.508,1667.548
1665433500000,1667.528,1668.075,1667.528,1667.745
1665433800000,1667.735,1667.795,1667.395,1667.615
1665434100000,1667.615,1667.705,1667.365,1667.705
1665434400000,1667.705,1668.188,1667.625,1667.915
1665434700000,1667.905,1668.018,1667.588,1667.938
1665435000000,1667.928,1668.168,1667.848,1668.138
1665435300000,1668.178,1668.578,1667.927,1668.448
1665435600000,1668.448,1668.448,1668.448,1668.448
1665435900000,1668.448,1668.448,1668.448,1668.448
1665436200000,1668.448,1668.448,1668.448,1668.448
1665436500000,1668.448,1668.448,1668.448,1668.448
1665436800000,1668.448,1668.448,1668.448,1668.448
1665437100000,1668.448,1668.448,1668.448,1668.448
1665437400000,1668.448,1668.448,1668.448,1668.448
1665437700000,1668.448,1668.448,1668.448,1668.448
1665438000000,1668.448,1668.448,1668.448,1668.448
1665438300000,1668.448,1668.448,1668.448,1668.448
1665438600000,1668.448,1668.448,1668.448,1668.448
1665438900000,1668.448,1668.448,1668.448,1668.448
1665439200000,1668.268,1668.615,1667.418,1668.365
1665439500000,1668.365,1668.365,1667.678,1667.835
1665439800000,1667.835,1668.365,1667.835,1668.365
1665440100000,1668.278,1668.365,1667.778,1668.265
1665440400000,1668.253,1668.675,1667.878,1668.518
1665440700000,1668.458,1668.458,1668.198,1668.328
1665441000000,1668.328,1668.328,1668.015,1668.015
1665441300000,1668.018,1668.198,1667.828,1668.008
1665441600000,1668.048,1668.098,1667.698,1667.888
1665441900000,1667.888,1668.165,1667.888,1668.065
1665442200000,1668.148,1668.485,1668.148,1668.338
1665442500000,1668.318,1668.898,1668.318,1668.778
1665442800000,1668.778,1669.215,1668.778,1668.978
1665443100000,1668.968,1669.348,1668.888,1669.308
1665443400000,1669.288,1669.448,1669.198,1669.258
1665443700000,1669.258,1669.578,1669.258,1669.478
1665444000000,1669.498,1669.788,1669.478,1669.488
1665444300000,1669.488,1669.608,1669.236,1669.258
1665444600000,1669.258,1669.435,1669.258,1669.258
1665444900000,1669.258,1669.428,1669.258,1669.338
1665445200000,1669.328,1669.658,1669.198,1669.608
1665445500000,1669.588,1669.838,1669.378,1669.615
1665445800000,1669.615,1669.763,1669.578,1669.578
1665446100000,1669.603,1670.128,1669.538,1669.998
1665446400000,1669.998,1669.998,1668.618,1668.638
1665446700000,1668.638,1669.058,1667.915,1669.058
1665447000000,1669.088,1669.175,1668.098,1668.915
1665447300000,1668.915,1669.815,1668.628,1669.733
1665447600000,1669.798,1670.625,1669.798,1670.178
1665447900000,1670.178,1670.615,1670.156,1670.498
1665448200000,1670.458,1671.045,1670.056,1670.078
1665448500000,1670.078,1671.008,1670.078,1670.498
1665448800000,1670.498,1670.915,1670.148,1670.715
1665449100000,1670.698,1671.603,1670.698,1671.553
1665449400000,1671.568,1672.808,1671.473,1672.538
1665449700000,1672.508,1672.708,1672.038,1672.248
1665450000000,1672.223,1672.748,1671.258,1671.315
1665450300000,1671.295,1672.658,1671.195,1672.318
1665450600000,1672.278,1673.215,1672.065,1672.065
1665450900000,1672.098,1672.291,1671.388,1671.515
1665451200000,1671.518,1671.998,1671.238,1671.638
1665451500000,1671.768,1673.538,1671.768,1672.825
1665451800000,1672.825,1673.415,1672.066,1672.268
1665452100000,1672.268,1672.268,1670.378,1670.415
1665452400000,1670.445,1670.445,1667.548,1668.155
1665452700000,1668.148,1669.115,1667.678,1667.883
1665453000000,1667.858,1668.448,1667.588,1667.818
1665453300000,1667.818,1668.498,1667.183,1668.128
1665453600000,1668.128,1668.823,1667.278,1667.295
1665453900000,1667.285,1668.053,1666.842,1666.988
1665454200000,1667.008,1667.358,1662.198,1662.418
1665454500000,1662.438,1664.318,1661.308,1663.458
1665454800000,1663.458,1664.508,1663.308,1664.158
1665455100000,1664.188,1665.388,1664.188,1664.918
1665455400000,1664.888,1665.715,1664.538,1665.368
1665455700000,1665.338,1666.715,1665.068,1666.335
1665456000000,1666.305,1666.755,1664.682,1665.318
1665456300000,1665.308,1666.515,1665.228,1665.988
1665456600000,1666.008,1667.195,1665.995,1666.195
1665456900000,1666.158,1666.328,1665.045,1665.268
1665457200000,1665.278,1665.815,1664.715,1664.818
1665457500000,1664.815,1665.535,1664.655,1665.275
1665457800000,1665.275,1665.615,1664.808,1665.165
1665458100000,1665.175,1665.888,1665.028,1665.408
1665458400000,1665.408,1665.85,1665.128,1665.768
1665458700000,1665.768,1667.148,1665.625,1665.868
1665459000000,1665.868,1666.315,1665.775,1666.228
1665459300000,1666.218,1666.538,1665.345,1665.358
1665459600000,1665.358,1665.618,1664.838,1664.858
1665459900000,1664.838,1665.228,1664.215,1665.038
1665460200000,1665.018,1665.168,1664.178,1664.178
1665460500000,1664.178,1664.578,1663.918,1664.018
1665460800000,1664.028,1664.678,1663.628,1663.898
1665461100000,1663.898,1664.828,1663.548,1664.788
1665461400000,1664.808,1665.128,1664.168,1664.315
1665461700000,1664.315,1664.458,1663.488,1663.728
1665462000000,1663.768,1663.915,1662.988,1663.198
1665462300000,1663.198,1663.358,1662.578,1662.822
1665462600000,1662.858,1664.038,1662.108,1663.678
1665462900000,1663.678,1664.128,1663.368,1663.638
1665463200000,1663.738,1663.875,1662.525,1662.895
1665463500000,1662.895,1663.128,1661.858,1661.868
1665463800000,1661.878,1662.898,1661.748,1662.808
1665464100000,1662.818,1663.378,1662.058,1663.098
1665464400000,1663.098,1663.508,1662.608,1663.208
1665464700000,1663.238,1663.793,1662.898,1663.695
1665465000000,1663.695,1664.298,1662.878,1664.258
1665465300000,1664.288,1665.015,1664.208,1664.658
1665465600000,1664.635,1664.848,1663.668,1663.878
1665465900000,1663.848,1664.568,1663.498,1663.678
1665466200000,1663.688,1664.708,1663.138,1664.138
1665466500000,1664.138,1664.388,1663.288,1664.078
1665466800000,1664.008,1665.215,1663.768,1664.815
1665467100000,1664.825,1665.115,1663.608,1663.915
1665467400000,1663.828,1666.515,1663.615,1666.215
1665467700000,1666.198,1666.776,1665.773,1666.378
1665468000000,1666.345,1667.928,1666.126,1666.638
1665468300000,1666.608,1667.508,1666.332,1666.928
1665468600000,1666.928,1667.018,1665.708,1666.915
1665468900000,1667.025,1667.515,1666.715,1667.205
1665469200000,1667.188,1667.718,1666.892,1667.298
1665469500000,1667.298,1668.578,1667.298,1668.528
1665469800000,1668.528,1669.553,1668.115,1668.525
1665470100000,1668.515,1669.165,1668.348,1668.748
1665470400000,1668.732,1669.128,1667.425,1667.795
1665470700000,1667.765,1668.135,1667.222,1667.895
1665471000000,1667.875,1667.875,1666.332,1666.378
1665471300000,1666.355,1666.615,1664.892,1666.337
1665471600000,1666.28,1668.04,1665.578,1667.945
1665471900000,1667.908,1667.968,1665.912,1666.045
1665472200000,1665.995,1666.758,1663.918,1665.454
1665472500000,1665.454,1667.525,1664.758,1667.425
1665472800000,1667.425,1667.425,1665.268,1665.268
1665473100000,1665.268,1666.025,1664.638,1665.328
1665473400000,1665.338,1667.015,1664.359,1664.654
1665473700000,1664.649,1667.205,1664.565,1665.938
1665474000000,1665.938,1666.098,1664.478,1664.698
1665474300000,1664.668,1665.998,1664.058,1665.198
1665474600000,1665.198,1665.408,1664.218,1664.878
1665474900000,1664.848,1664.858,1663.668,1664.618
1665475200000,1664.618,1666.375,1664.368,1665.928
1665475500000,1665.935,1667.685,1665.915,1667.588
1665475800000,1667.568,1669.745,1667.465,1669.035
1665476100000,1668.995,1669.035,1667.038,1667.725
1665476400000,1667.77,1668.708,1666.635,1667.438
1665476700000,1667.438,1667.658,1666.478,1666.875
1665477000000,1666.815,1667.128,1665.768,1666.968
1665477300000,1666.945,1667.128,1665.305,1665.548
1665477600000,1665.528,1665.898,1664.565,1665.788
1665477900000,1665.788,1666.378,1664.228,1665.765
1665478200000,1665.788,1666.755,1664.295,1665.586
1665478500000,1665.576,1666.828,1665.408,1665.598
1665478800000,1665.638,1666.598,1665.345,1665.768
1665479100000,1665.755,1667.008,1665.288,1666.405
1665479400000,1666.375,1666.465,1665.008,1665.158
1665479700000,1665.218,1665.555,1664.158,1665.145
1665480000000,1665.145,1665.525,1664.959,1665.415
1665480300000,1665.408,1665.408,1663.438,1664.178
1665480600000,1664.178,1665.028,1663.658,1663.838
1665480900000,1663.888,1664.352,1663.037,1663.578
1665481200000,1663.572,1663.708,1662.555,1662.708
1665481500000,1662.715,1663.358,1662.034,1663.308
1665481800000,1663.308,1664.005,1662.728,1663.635
1665482100000,1663.615,1663.775,1662.188,1662.465
1665482400000,1662.465,1664.038,1661.718,1661.825
1665482700000,1661.865,1662.608,1661.488,1661.898
1665483000000,1661.898,1662.085,1660.915,1661.238
1665483300000,1661.258,1662.615,1660.91,1662.318
1665483600000,1662.315,1663.708,1662.315,1663.245
1665483900000,1663.235,1664.795,1662.725,1663.105
1665484200000,1663.175,1663.278,1662.595,1663.068
1665484500000,1663.068,1664.105,1662.745,1663.005
1665484800000,1663.025,1663.748,1662.818,1662.818
1665485100000,1662.808,1664.568,1662.718,1664.158
1665485400000,1664.168,1665.335,1663.538,1665.108
1665485700000,1665.125,1666.878,1665.068,1666.865
1665486000000,1666.865,1668.165,1666.618,1667.168
1665486300000,1667.217,1668.138,1667.095,1667.425
1665486600000,1667.418,1668.575,1667.418,1668.542
1665486900000,1668.598,1668.875,1667.865,1668.485
1665487200000,1668.465,1670.225,1667.015,1669.395
1665487500000,1669.395,1669.548,1668.438,1668.665
1665487800000,1668.665,1668.768,1667.065,1668.275
1665488100000,1668.268,1669.455,1667.875,1668.809
1665488400000,1668.848,1670.065,1668.788,1669.558
1665488700000,1669.588,1669.765,1668.688,1669.528
1665489000000,1669.568,1670.248,1668.558,1669.675
1665489300000,1669.695,1670.568,1668.638,1670.086
1665489600000,1670.085,1671.488,1669.898,1670.258
1665489900000,1670.248,1671.548,1670.198,1671.198
1665490200000,1671.225,1672.828,1670.858,1671.605
1665490500000,1671.625,1672.048,1670.598,1670.908
1665490800000,1670.905,1671.838,1669.982,1671.365
1665491100000,1671.365,1672.778,1671.135,1671.305
1665491400000,1671.305,1671.535,1669.755,1671.41
1665491700000,1671.435,1671.918,1669.235,1669.558
1665492000000,1669.558,1670.725,1669.308,1669.565
1665492300000,1669.57,1670.304,1668.805,1669.845
1665492600000,1669.823,1670.885,1669.318,1669.435
1665492900000,1669.445,1669.705,1668.435,1669.428
1665493200000,1669.465,1670.198,1668.475,1670.098
1665493500000,1670.085,1670.525,1669.155,1669.385
1665493800000,1669.385,1670.425,1668.362,1669.765
1665494100000,1669.715,1670.285,1668.675,1669.348
1665494400000,1669.285,1670.175,1668.885,1669.818
1665494700000,1669.848,1669.865,1669.165,1669.448
1665495000000,1669.465,1669.465,1666.635,1668.048
1665495300000,1668.048,1669.618,1667.135,1669.465
1665495600000,1669.458,1672.575,1669.408,1671.379
1665495900000,1671.448,1671.948,1669.468,1670.948
1665496200000,1670.948,1671.465,1668.365,1668.418
1665496500000,1668.418,1668.678,1666.878,1666.925
1665496800000,1666.945,1666.945,1664.425,1665.275
1665497100000,1665.265,1665.685,1663.385,1664.715
1665497400000,1664.715,1667.095,1663.878,1666.785
1665497700000,1666.828,1668.538,1666.038,1666.965
1665498000000,1666.945,1667.675,1666.495,1666.995
1665498300000,1666.975,1668.285,1666.545,1666.808
1665498600000,1666.765,1669.065,1666.135,1668.568
1665498900000,1668.518,1670.275,1668.205,1669.515
1665499200000,1669.538,1670.615,1668.715,1669.275
1665499500000,1669.335,1671.155,1669.045,1670.095
1665499800000,1670.093,1671.065,1669.515,1669.605
1665500100000,1669.576,1670.805,1668.948,1669.345
1665500400000,1669.305,1672.005,1669.098,1671.478
1665500700000,1671.538,1672.328,1670.328,1670.705
1665501000000,1670.685,1671.505,1670.025,1671.288
1665501300000,1671.268,1671.665,1670.825,1670.858
1665501600000,1670.865,1672.785,1670.865,1671.505
1665501900000,1671.613,1672.598,1670.965,1671.965
1665502200000,1671.898,1677.798,1671.898,1677.508
1665502500000,1677.508,1680.698,1677.008,1678.805
1665502800000,1678.805,1679.558,1678.065,1678.825
1665503100000,1678.815,1679.385,1678.148,1678.248
1665503400000,1678.328,1678.865,1676.878,1677.398
1665503700000,1677.418,1681.638,1677.418,1681.448
1665504000000,1681.518,1681.684,1679.975,1680.218
1665504300000,1680.218,1680.478,1679.135,1679.388
1665504600000,1679.398,1680.538,1678.898,1680.405
1665504900000,1680.405,1681.068,1679.545,1680.948
1665505200000,1680.998,1683.84,1680.778,1682.785
1665505500000,1682.765,1683.738,1681.828,1682.028
1665505800000,1682.028,1682.778,1680.848,1681.425
1665506100000,1681.405,1681.965,1680.765,1681.948
1665506400000,1681.948,1682.958,1681.378,1681.758
1665506700000,1681.77,1682.898,1681.308,1682.308
1665507000000,1682.298,1682.519,1680.608,1680.985
1665507300000,1680.985,1681.358,1680.245,1680.595
1665507600000,1680.595,1680.985,1679.685,1679.695
1665507900000,1679.695,1680.468,1679.268,1679.838
1665508200000,1679.868,1680.245,1679.288,1679.808
1665508500000,1679.838,1680.118,1678.688,1679.258
1665508800000,1679.258,1679.778,1678.918,1679.758
1665509100000,1679.788,1680.048,1678.125,1678.358
1665509400000,1678.368,1679.238,1678.218,1679.118
1665509700000,1679.105,1679.188,1677.645,1677.708
1665510000000,1677.708,1677.868,1677.098,1677.455
1665510300000,1677.468,1679.295,1677.385,1677.825
1665510600000,1677.825,1679.035,1677.695,1678.235
1665510900000,1678.215,1678.575,1677.915,1678.148
1665511200000,1678.148,1678.488,1677.528,1677.958
1665511500000,1677.958,1678.758,1677.628,1677.978
1665511800000,1677.978,1678.665,1677.898,1678.615
1665512100000,1678.615,1678.718,1677.798,1677.868
1665512400000,1677.868,1678.828,1677.758,1678.498
1665512700000,1678.518,1678.978,1677.605,1678.215
1665513000000,1678.198,1678.448,1677.638,1677.918
1665513300000,1677.938,1678.168,1677.325,1677.758
1665513600000,1677.758,1677.898,1675.778,1675.808
1665513900000,1675.795,1675.965,1672.975,1673.035
1665514200000,1672.998,1674.418,1671.348,1671.485
1665514500000,1671.495,1671.875,1666.165,1667.185
1665514800000,1667.175,1667.425,1663.985,1665.488
1665515100000,1665.578,1667.098,1665.278,1665.488
1665515400000,1665.438,1665.858,1663.636,1665.745
1665515700000,1665.745,1666.814,1664.175,1666.235
1665516000000,1666.235,1668.215,1666.175,1667.718
1665516300000,1667.745,1668.258,1666.108,1667.035
1665516600000,1667.126,1667.215,1665.978,1666.678
1665516900000,1666.715,1667.878,1666.305,1667.568
1665517200000,1667.548,1667.548,1666.538,1667.128
1665517500000,1667.168,1667.248,1666.178,1666.678
1665517800000,1666.688,1666.688,1665.378,1665.858
1665518100000,1665.858,1666.838,1665.448,1666.365
1665518400000,1666.365,1666.828,1665.735,1665.735
1665518700000,1665.785,1666.165,1665.715,1666.098
1665519000000,1666.095,1666.565,1665.965,1666.368
1665519300000,1666.368,1666.738,1666.328,1666.695
1665519600000,1666.698,1667.338,1666.698,1667.058
1665519900000,1667.028,1667.068,1666.098,1666.115
1665520200000,1666.105,1666.665,1665.805,1666.565
1665520500000,1666.565,1666.565,1666.068,1666.475
1665520800000,1666.475,1666.555,1666.098,1666.195
1665521100000,1666.195,1666.385,1666.085,1666.185
1665521400000,1666.198,1666.505,1666.035,1666.148
1665521700000,1666.175,1666.265,1665.778,1666.078
1665522000000,1666.078,1666.078,1666.078,1666.078
1665522300000,1666.078,1666.078,1666.078,1666.078
1665522600000,1666.078,1666.078,1666.078,1666.078
1665522900000,1666.078,1666.078,1666.078,1666.078
1665523200000,1666.078,1666.078,1666.078,1666.078
1665523500000,1666.078,1666.078,1666.078,1666.078
1665523800000,1666.078,1666.078,1666.078,1666.078
1665524100000,1666.078,1666.078,1666.078,1666.078
1665524400000,1666.078,1666.078,1666.078,1666.078
1665524700000,1666.078,1666.078,1666.078,1666.078
1665525000000,1666.078,1666.078,1666.078,1666.078
1665525300000,1666.078,1666.078,1666.078,1666.078
1665525600000,1665.798,1666.465,1665.598,1666.292
1665525900000,1666.265,1666.365,1665.765,1666.065
1665526200000,1666.048,1666.385,1665.882,1666.375
1665526500000,1666.315,1666.485,1666.175,1666.305
1665526800000,1666.315,1666.315,1665.675,1665.725
1665527100000,1665.685,1665.975,1665.358,1665.715
1665527400000,1665.715,1666.378,1665.652,1666.378
1665527700000,1666.368,1666.368,1665.618,1665.965
1665528000000,1665.965,1666.288,1665.775,1666.278
1665528300000,1666.318,1666.368,1666.128,1666.228
1665528600000,1666.178,1666.348,1665.928,1666.318
1665528900000,1666.328,1666.358,1666.018,1666.038
1665529200000,1666.038,1666.038,1665.215,1665.735
1665529500000,1665.735,1665.735,1665.435,1665.635
1665529800000,1665.635,1665.635,1665.365,1665.525
1665530100000,1665.478,1665.505,1665.185,1665.235
1665530400000,1665.288,1665.485,1664.905,1664.935
1665530700000,1664.935,1665.075,1664.488,1665.068
1665531000000,1665.078,1665.628,1664.925,1665.345
1665531300000,1665.345,1665.468,1664.935,1664.935
1665531600000,1665.098,1665.125,1664.785,1664.828
1665531900000,1664.855,1664.925,1664.165,1664.778
1665532200000,1664.788,1664.828,1664.078,1664.328
1665532500000,1664.358,1664.518,1663.765,1663.955
1665532800000,1663.955,1664.665,1662.215,1663.205
1665533100000,1663.205,1663.598,1662.558,1662.698
1665533400000,1662.698,1663.375,1662.105,1662.265
1665533700000,1662.265,1663.095,1661.745,1662.875
1665534000000,1662.875,1665.045,1662.695,1664.125
1665534300000,1664.125,1664.145,1662.775,1663.285
1665534600000,1663.308,1664.425,1663.228,1663.975
1665534900000,1663.995,1664.455,1663.865,1664.225
1665535200000,1664.232,1665.555,1663.925,1665.265
1665535500000,1665.225,1666.455,1665.205,1665.645
1665535800000,1665.645,1665.645,1663.855,1664.605
1665536100000,1664.588,1665.395,1664.175,1664.895
1665536400000,1664.875,1666.415,1664.785,1665.485
1665536700000,1665.485,1665.565,1664.015,1664.055
1665537000000,1664.068,1664.308,1663.428,1664.115
1665537300000,1664.118,1665.628,1663.915,1665.478
1665537600000,1665.488,1666.688,1665.318,1666.038
1665537900000,1666.116,1666.695,1664.695,1664.695
1665538200000,1664.715,1664.765,1663.145,1663.395
1665538500000,1663.408,1663.588,1662.615,1663.575
1665538800000,1663.558,1663.585,1662.478,1663.155
1665539100000,1663.105,1663.368,1662.815,1663.178
1665539400000,1663.168,1663.998,1662.475,1662.595
1665539700000,1662.575,1663.588,1662.375,1663.445
1665540000000,1663.445,1663.688,1662.675,1663.298
1665540300000,1663.328,1663.578,1662.605,1662.605
1665540600000,1662.605,1663.098,1662.328,1662.398
1665540900000,1662.365,1662.505,1661.265,1661.678
1665541200000,1661.678,1662.288,1661.358,1662.265
1665541500000,1662.328,1663.158,1662.328,1663.118
1665541800000,1663.148,1664.055,1663.148,1663.888
1665542100000,1663.895,1664.068,1662.665,1662.815
1665542400000,1662.855,1663.135,1662.575,1662.735
1665542700000,1662.738,1663.755,1662.655,1663.585
1665543000000,1663.585,1664.218,1663.515,1663.828
1665543300000,1663.798,1664.865,1663.705,1664.765
1665543600000,1664.768,1665.098,1663.835,1664.208
1665543900000,1664.195,1664.525,1663.635,1664.165
1665544200000,1664.165,1665.035,1664.165,1664.835
1665544500000,1664.815,1665.135,1664.495,1664.808
1665544800000,1664.828,1665.468,1664.655,1665.375
1665545100000,1665.428,1665.725,1664.745,1664.915
1665545400000,1664.925,1664.955,1663.865,1663.915
1665545700000,1663.915,1664.155,1663.675,1663.675
1665546000000,1663.675,1664.005,1663.475,1663.678
1665546300000,1663.665,1663.988,1663.545,1663.868
1665546600000,1663.888,1665.308,1663.858,1664.848
1665546900000,1664.858,1665.565,1664.858,1665.208
1665547200000,1665.185,1671.348,1664.628,1671.175
1665547500000,1671.098,1672.065,1668.295,1668.625
1665547800000,1668.585,1669.275,1667.985,1668.835
1665548100000,1668.848,1669.275,1668.385,1668.575
1665548400000,1668.575,1668.938,1668.145,1668.635
1665548700000,1668.628,1669.308,1668.245,1668.535
1665549000000,1668.535,1668.688,1667.475,1668.568
1665549300000,1668.578,1668.578,1667.385,1667.685
1665549600000,1667.685,1668.085,1667.445,1667.725
1665549900000,1667.725,1668.458,1667.535,1668.458
1665550200000,1668.488,1668.848,1668.048,1668.378
1665550500000,1668.325,1668.898,1668.208,1668.518
1665550800000,1668.518,1668.868,1667.178,1667.348
1665551100000,1667.378,1667.688,1667.248,1667.328
1665551400000,1667.328,1667.648,1667.048,1667.438
1665551700000,1667.478,1667.568,1666.852,1667.028
1665552000000,1667.028,1667.088,1666.238,1667.088
1665552300000,1667.088,1667.088,1665.988,1666.778
1665552600000,1666.768,1667.118,1665.978,1666.985
1665552900000,1666.985,1667.365,1666.655,1666.725
1665553200000,1666.725,1668.675,1666.465,1668.675
1665553500000,1668.705,1669.718,1668.705,1669.485
1665553800000,1669.485,1670.395,1668.925,1669.895
1665554100000,1669.895,1670.035,1669.015,1669.555
1665554400000,1669.555,1670.075,1668.375,1668.785
1665554700000,1668.785,1669.615,1668.485,1668.855
1665555000000,1668.928,1669.525,1668.145,1669.525
1665555300000,1669.525,1671.405,1669.525,1670.695
1665555600000,1670.665,1671.205,1669.895,1671.165
1665555900000,1671.165,1672.698,1671.015,1672.648
1665556200000,1672.615,1675.298,1672.398,1674.498
1665556500000,1674.528,1674.708,1673.631,1674.288
1665556800000,1674.288,1674.808,1673.637,1674.485
1665557100000,1674.488,1674.855,1673.912,1674.489
1665557400000,1674.548,1674.578,1672.225,1672.225
1665557700000,1672.213,1672.518,1671.485,1672.015
1665558000000,1672.015,1672.615,1670.275,1671.395
1665558300000,1671.395,1672.325,1670.385,1670.385
1665558600000,1670.428,1670.508,1668.715,1669.145
1665558900000,1669.108,1669.808,1668.698,1669.148
1665559200000,1669.138,1671.368,1668.898,1671.018
1665559500000,1671.018,1671.098,1666.486,1667.655
1665559800000,1667.628,1668.885,1666.888,1668.825
1665560100000,1668.838,1669.655,1668.135,1668.928
1665560400000,1668.965,1669.563,1668.488,1668.968
1665560700000,1668.978,1669.758,1668.538,1668.678
1665561000000,1668.678,1670.138,1668.535,1669.958
1665561300000,1669.958,1670.018,1668.578,1668.898
1665561600000,1668.898,1672.008,1668.698,1671.848
1665561900000,1671.838,1671.838,1670.378,1670.658
1665562200000,1670.658,1670.788,1669.178,1669.285
1665562500000,1669.285,1671.59,1668.848,1670.388
1665562800000,1670.375,1672.068,1670.368,1671.698
1665563100000,1671.698,1673.238,1670.868,1672.706
1665563400000,1672.705,1673.235,1671.578,1671.588
1665563700000,1671.625,1673.065,1671.435,1672.268
1665564000000,1672.268,1673.095,1671.85,1672.198
1665564300000,1672.198,1672.198,1671.235,1671.475
1665564600000,1671.455,1671.588,1670.528,1670.638
1665564900000,1670.668,1671.028,1669.695,1669.938
1665565200000,1669.928,1670.181,1668.768,1669.468
1665565500000,1669.518,1669.568,1668.465,1669.138
1665565800000,1669.151,1669.648,1668.868,1669.548
1665566100000,1669.605,1670.618,1669.085,1670.165
1665566400000,1670.145,1671.238,1669.812,1671.135
1665566700000,1671.128,1672.938,1670.855,1672.675
1665567000000,1672.675,1672.675,1671.068,1671.318
1665567300000,1671.485,1671.518,1669.665,1669.965
1665567600000,1669.978,1670.625,1669.705,1670.275
1665567900000,1670.268,1670.268,1669.358,1669.628
1665568200000,1669.598,1670.148,1669.382,1669.675
1665568500000,1669.705,1670.215,1669.455,1670.015
1665568800000,1670.045,1670.118,1669.365,1669.815
1665569100000,1669.835,1670.575,1669.368,1669.708
1665569400000,1669.738,1670.525,1669.575,1670.38
1665569700000,1670.385,1671.468,1670.255,1670.5
1665570000000,1670.495,1670.525,1669.228,1669.465
1665570300000,1669.455,1669.885,1668.925,1669.265
1665570600000,1669.265,1669.368,1668.075,1668.768
1665570900000,1668.798,1669.908,1668.565,1669.505
1665571200000,1669.5,1669.885,1668.712,1669.885
1665571500000,1669.78,1669.858,1669.025,1669.225
1665571800000,1669.228,1669.798,1668.785,1669.195
1665572100000,1669.195,1669.858,1669.005,1669.468
1665572400000,1669.44,1670.735,1668.975,1669.185
1665572700000,1669.165,1669.628,1668.488,1668.648
1665573000000,1668.648,1668.838,1667.713,1668.715
1665573300000,1668.745,1668.818,1667.698,1668.583
1665573600000,1668.583,1669.588,1668.303,1669.503
1665573900000,1669.498,1670.418,1669.105,1669.938
1665574200000,1669.935,1670.135,1669.675,1669.815
1665574500000,1669.798,1671.338,1669.355,1670.505
1665574800000,1670.488,1670.565,1669.415,1670.185
1665575100000,1670.205,1670.365,1668.205,1669.335
1665575400000,1669.295,1669.345,1667.935,1668.598
1665575700000,1668.598,1669.278,1668.355,1668.415
1665576000000,1668.415,1668.578,1667.625,1667.868
1665576300000,1667.838,1667.865,1667.195,1667.428
1665576600000,1667.418,1668.655,1667.108,1667.848
1665576900000,1667.878,1668.568,1667.488,1667.568
1665577200000,1667.678,1671.138,1666.528,1670.965
1665577500000,1670.968,1671.348,1669.405,1670.445
1665577800000,1670.411,1670.411,1664.816,1666.865
1665578100000,1666.845,1669.108,1666.015,1667.685
1665578400000,1667.735,1670.718,1667.515,1670.305
1665578700000,1670.355,1671.925,1669.685,1670.305
1665579000000,1670.305,1672.365,1670.305,1670.845
1665579300000,1670.818,1672.245,1670.808,1671.514
1665579600000,1671.505,1672.245,1670.495,1670.895
1665579900000,1670.898,1670.925,1668.002,1668.048
1665580200000,1668.048,1669.515,1667.218,1667.828
1665580500000,1667.878,1669.775,1667.135,1669.625
1665580800000,1669.68,1671.098,1669.605,1670.518
1665581100000,1670.498,1670.792,1669.667,1670.065
1665581400000,1670.058,1670.228,1667.138,1669.315
1665581700000,1669.315,1671.685,1668.995,1670.705
1665582000000,1670.738,1672.435,1670.155,1672.335
1665582300000,1672.398,1673.105,1670.665,1671.948
1665582600000,1671.948,1672.183,1669.525,1669.935
1665582900000,1669.935,1671.885,1669.822,1670.675
1665583200000,1670.765,1671.985,1670.215,1671.385
1665583500000,1671.365,1672.075,1670.136,1670.955
1665583800000,1670.955,1672.538,1670.311,1671.565
1665584100000,1671.565,1671.77,1669.942,1669.978
1665584400000,1669.968,1670.018,1667.745,1668.492
1665584700000,1668.498,1670.568,1667.988,1669.318
1665585000000,1669.348,1672.188,1668.518,1671.888
1665585300000,1671.882,1671.885,1669.882,1670.068
1665585600000,1670.068,1671.008,1669.628,1669.818
1665585900000,1669.818,1670.078,1668.288,1669.678
1665586200000,1669.678,1671.423,1668.985,1671.055
1665586500000,1670.985,1671.658,1669.595,1670.078
1665586800000,1670.118,1670.288,1669.205,1669.405
1665587100000,1669.465,1669.708,1668.638,1668.995
1665587400000,1668.995,1669.368,1668.248,1668.978
1665587700000,1668.985,1670.638,1668.348,1670.435
1665588000000,1670.435,1670.945,1669.348,1669.728
1665588300000,1669.708,1670.268,1668.975,1670.148
1665588600000,1670.158,1670.238,1668.885,1669.178
1665588900000,1669.208,1669.648,1668.618,1668.728
1665589200000,1668.728,1669.528,1668.268,1668.398
1665589500000,1668.398,1668.588,1667.808,1668.268
1665589800000,1668.268,1668.695,1667.848,1668.458
1665590100000,1668.458,1669.568,1668.245,1669.428
1665590400000,1669.448,1669.918,1668.238,1668.708
1665590700000,1668.738,1669.868,1668.553,1668.878
1665591000000,1668.918,1669.258,1667.685,1667.772
1665591300000,1667.772,1668.278,1667.588,1667.788
1665591600000,1667.808,1668.538,1667.688,1668.405
1665591900000,1668.405,1669.425,1668.245,1669.305
1665592200000,1669.255,1669.885,1668.458,1668.545
1665592500000,1668.535,1668.738,1667.885,1667.985
1665592800000,1667.955,1668.595,1667.935,1668.248
1665593100000,1668.278,1668.705,1668.008,1668.175
1665593400000,1668.198,1669.185,1668.135,1668.995
1665593700000,1669.058,1670.216,1668.985,1669.725
1665594000000,1669.735,1670.838,1668.945,1669.845
1665594300000,1669.915,1670.995,1669.545,1670.638
1665594600000,1670.605,1670.929,1670.235,1670.888
1665594900000,1670.878,1670.908,1670.225,1670.245
1665595200000,1670.235,1670.405,1669.838,1670.045
1665595500000,1670.045,1671.098,1669.945,1670.475
1665595800000,1670.435,1671.498,1670.285,1670.285
1665596100000,1670.255,1670.305,1669.765,1670.298
1665596400000,1670.315,1670.675,1669.945,1670.455
1665596700000,1670.463,1671.318,1670.135,1671.115
1665597000000,1671.105,1671.888,1670.615,1671.528
1665597300000,1671.498,1671.848,1670.608,1670.868
1665597600000,1670.898,1672.935,1670.315,1671.568
1665597900000,1671.568,1674.988,1671.105,1674.575
1665598200000,1674.565,1678.148,1673.925,1677.285
1665598500000,1677.285,1677.918,1676.078,1677.525
1665598800000,1677.535,1678.215,1676.082,1676.368
1665599100000,1676.382,1676.548,1674.845,1675.74
1665599400000,1675.74,1676.105,1674.665,1675.275
1665599700000,1675.278,1676.598,1673.755,1673.948
1665600000000,1673.931,1674.565,1673.605,1673.935
1665600300000,1673.948,1674.198,1673.125,1673.368
1665600600000,1673.395,1673.395,1672.368,1672.368
1665600900000,1672.408,1673.415,1672.038,1672.685
1665601200000,1672.685,1673.055,1671.645,1672.018
1665601500000,1672.028,1673.088,1671.585,1672.315
1665601800000,1672.318,1673.318,1672.318,1672.968
1665602100000,1672.965,1674.008,1672.875,1674.008
1665602400000,1674.005,1674.955,1673.735,1674.028
1665602700000,1674.028,1674.315,1673.325,1673.818
1665603000000,1673.818,1673.998,1673.568,1673.868
1665603300000,1673.835,1674.773,1673.748,1674.535
1665603600000,1674.535,1674.848,1674.348,1674.665
1665603900000,1674.595,1675.398,1674.158,1674.498
1665604200000,1674.465,1675.568,1673.998,1675.008
1665604500000,1674.998,1675.388,1674.458,1675.048
1665604800000,1675.028,1675.555,1674.428,1674.625
1665605100000,1674.615,1674.685,1673.695,1673.845
1665605400000,1673.845,1674.295,1673.845,1674.235
1665605700000,1674.265,1674.648,1674.188,1674.242
1665606000000,1674.252,1674.252,1673.205,1673.215
1665606300000,1673.205,1673.365,1672.945,1673.015
1665606600000,1673.015,1673.025,1672.485,1672.565
1665606900000,1672.565,1672.755,1672.455,1672.645
1665607200000,1672.695,1672.815,1672.465,1672.585
1665607500000,1672.555,1672.865,1672.525,1672.815
1665607800000,1672.855,1673.045,1672.665,1672.985
1665608100000,1672.945,1673.135,1672.945,1672.978
1665608400000,1672.978,1672.978,1672.978,1672.978
1665608700000,1672.978,1672.978,1672.978,1672.978
1665609000000,1672.978,1672.978,1672.978,1672.978
1665609300000,1672.978,1672.978,1672.978,1672.978
1665609600000,1672.978,1672.978,1672.978,1672.978
1665609900000,1672.978,1672.978,1672.978,1672.978
1665610200000,1672.978,1672.978,1672.978,1672.978
1665610500000,1672.978,1672.978,1672.978,1672.978
1665610800000,1672.978,1672.978,1672.978,1672.978
1665611100000,1672.978,1672.978,1672.978,1672.978
1665611400000,1672.978,1672.978,1672.978,1672.978
1665611700000,1672.978,1672.978,1672.978,1672.978
1665612000000,1673.018,1673.968,1672.973,1673.648
1665612300000,1673.658,1673.665,1673.308,1673.465
1665612600000,1673.448,1673.488,1673.348,1673.368
1665612900000,1673.368,1673.808,1673.028,1673.768
1665613200000,1673.778,1674.198,1673.768,1673.798
1665613500000,1673.698,1673.758,1673.318,1673.438
1665613800000,1673.398,1673.615,1672.955,1673.048
1665614100000,1673.025,1673.445,1673.025,1673.155
1665614400000,1673.248,1673.918,1673.235,1673.918
1665614700000,1673.918,1673.995,1673.615,1673.648
1665615000000,1673.658,1673.675,1673.068,1673.145
1665615300000,1673.158,1673.818,1673.135,1673.508
1665615600000,1673.488,1673.808,1673.368,1673.615
1665615900000,1673.615,1673.638,1673.458,1673.458
1665616200000,1673.458,1674.108,1673.438,1673.998
1665616500000,1673.975,1674.138,1673.768,1673.898
1665616800000,1673.938,1674.218,1673.818,1674.178
1665617100000,1674.178,1674.458,1674.138,1674.278
1665617400000,1674.278,1674.498,1674.278,1674.445
1665617700000,1674.445,1674.518,1674.408,1674.428
1665618000000,1674.428,1674.458,1674.348,1674.428
1665618300000,1674.428,1674.428,1674.298,1674.348
1665618600000,1674.338,1674.628,1674.338,1674.498
1665618900000,1674.515,1674.625,1674.438,1674.438
1665619200000,1674.422,1674.422,1673.052,1673.628
1665619500000,1673.638,1674.325,1673.598,1673.825
1665619800000,1673.728,1673.925,1672.965,1673.108
1665620100000,1673.108,1673.478,1672.878,1673.092
1665620400000,1673.092,1673.592,1673.025,1673.506
1665620700000,1673.506,1674.518,1673.346,1674.275
1665621000000,1674.275,1674.875,1673.675,1674.855
1665621300000,1674.818,1675.325,1674.215,1674.215
1665621600000,1674.185,1674.185,1673.595,1673.803
1665621900000,1673.795,1674.082,1673.465,1673.835
1665622200000,1673.835,1674.098,1673.455,1673.885
1665622500000,1673.895,1674.625,1673.675,1674.065
1665622800000,1674.117,1674.582,1673.508,1673.568
1665623100000,1673.568,1673.778,1673.352,1673.618
1665623400000,1673.568,1674.268,1673.408,1674.038
1665623700000,1674.038,1674.298,1673.812,1673.892
1665624000000,1673.892,1674.105,1672.672,1672.948
1665624300000,1672.895,1673.278,1672.758,1672.838
1665624600000,1672.948,1673.048,1671.772,1671.938
1665624900000,1671.918,1672.598,1671.698,1671.752
1665625200000,1671.752,1672.165,1671.508,1671.898
1665625500000,1671.845,1672.588,1671.772,1672.428
1665625800000,1672.398,1673.465,1672.238,1672.348
1665626100000,1672.348,1672.568,1671.835,1672.145
1665626400000,1672.145,1672.335,1671.408,1671.528
1665626700000,1671.528,1671.665,1671.368,1671.368
1665627000000,1671.368,1671.368,1670.488,1670.708
1665627300000,1670.675,1670.698,1670.068,1670.295
1665627600000,1670.295,1670.618,1669.738,1670.318
1665627900000,1670.308,1670.518,1670.108,1670.238
1665628200000,1670.268,1671.088,1670.218,1671.088
1665628500000,1671.078,1671.168,1670.608,1670.788
1665628800000,1670.778,1671.108,1670.618,1670.898
1665629100000,1670.898,1670.898,1670.218,1670.448
1665629400000,1670.418,1670.758,1670.108,1670.588
1665629700000,1670.558,1670.558,1669.618,1669.808
1665630000000,1669.808,1669.808,1668.905,1668.905
1665630300000,1668.915,1669.365,1668.895,1669.265
1665630600000,1669.265,1669.285,1668.895,1669.085
1665630900000,1669.085,1669.625,1668.922,1669.428
1665631200000,1669.458,1669.915,1668.938,1669.025
1665631500000,1669.025,1669.845,1669.005,1669.617
1665631800000,1669.619,1669.668,1669.275,1669.465
1665632100000,1669.465,1669.688,1669.365,1669.375
1665632400000,1669.365,1669.608,1669.158,1669.508
1665632700000,1669.478,1669.708,1668.988,1669.205
1665633000000,1669.218,1669.718,1669.135,1669.338
1665633300000,1669.348,1669.415,1669.108,1669.148
1665633600000,1669.138,1669.378,1668.908,1669.198
1665633900000,1669.218,1669.365,1668.965,1669.178
1665634200000,1669.168,1669.528,1669.035,1669.335
1665634500000,1669.345,1669.458,1669.085,1669.435
1665634800000,1669.435,1669.638,1669.187,1669.568
1665635100000,1669.578,1669.628,1669.378,1669.505
1665635400000,1669.505,1670.155,1669.505,1670.128
1665635700000,1670.138,1670.138,1669.608,1669.798
1665636000000,1669.828,1670.048,1669.735,1669.858
1665636300000,1669.865,1669.868,1669.318,1669.765
1665636600000,1669.765,1669.908,1669.495,1669.685
1665636900000,1669.675,1670.045,1669.645,1670.045
1665637200000,1670.068,1670.088,1669.365,1669.468
1665637500000,1669.468,1669.598,1669.198,1669.498
1665637800000,1669.518,1670.165,1669.238,1670.088
1665638100000,1670.088,1670.765,1669.955,1669.965
1665638400000,1669.965,1670.065,1669.185,1669.565
1665638700000,1669.565,1670.165,1669.428,1669.995
1665639000000,1669.975,1670.065,1669.365,1669.865
1665639300000,1669.865,1670.538,1669.755,1670.228
1665639600000,1670.238,1670.998,1670.028,1670.418
1665639900000,1670.448,1670.498,1669.878,1670.245
1665640200000,1670.245,1670.308,1669.815,1670.188
1665640500000,1670.228,1670.228,1668.915,1668.925
1665640800000,1668.925,1670.745,1668.895,1669.745
1665641100000,1669.745,1670.098,1669.425,1669.565
1665641400000,1669.568,1669.768,1668.918,1669.298
1665641700000,1669.258,1669.378,1668.258,1668.935
1665642000000,1668.935,1669.678,1668.698,1669.158
1665642300000,1669.178,1669.178,1667.778,1667.818
1665642600000,1667.848,1668.828,1667.648,1668.158
1665642900000,1668.158,1668.354,1667.868,1667.918
1665643200000,1667.958,1668.495,1667.768,1668.025
1665643500000,1668.015,1669.018,1667.985,1668.405
1665643800000,1668.405,1668.655,1668.125,1668.305
1665644100000,1668.305,1668.525,1667.268,1667.518
1665644400000,1667.488,1668.238,1666.964,1667.315
1665644700000,1667.322,1667.878,1667.145,1667.678
1665645000000,1667.678,1668.38,1666.908,1668.368
1665645300000,1668.365,1668.868,1667.705,1668.075
1665645600000,1668.085,1668.445,1667.805,1668.165
1665645900000,1668.165,1669.388,1668.145,1668.865
1665646200000,1668.865,1668.865,1667.728,1668.798
1665646500000,1668.798,1668.848,1667.828,1668.318
1665646800000,1668.335,1670.435,1668.275,1669.515
1665647100000,1669.513,1670.538,1669.223,1670.468
1665647400000,1670.468,1671.418,1670.458,1670.889
1665647700000,1670.89,1672.438,1670.838,1672.195
1665648000000,1672.198,1672.328,1670.945,1671.795
1665648300000,1671.8,1672.448,1671.288,1671.438
1665648600000,1671.425,1671.648,1670.745,1670.878
1665648900000,1670.825,1671.225,1670.658,1671.188
1665649200000,1671.198,1671.378,1670.528,1671.162
1665649500000,1671.114,1672.265,1670.853,1672.135
1665649800000,1672.135,1673.542,1672.065,1672.899
1665650100000,1672.899,1674.398,1672.878,1673.476
1665650400000,1673.498,1674.065,1673.388,1673.795
1665650700000,1673.815,1674.005,1672.865,1673.226
1665651000000,1673.226,1674.478,1673.226,1674.27
1665651300000,1674.278,1675.158,1674.198,1674.775
1665651600000,1674.738,1675.935,1674.508,1675.895
1665651900000,1675.895,1676.225,1675.167,1676.175
1665652200000,1676.168,1677.838,1676.038,1677.518
1665652500000,1677.528,1677.628,1676.268,1676.605
1665652800000,1676.665,1677.008,1675.368,1675.598
1665653100000,1675.595,1676.465,1675.535,1676.138
1665653400000,1676.148,1676.568,1675.708,1676.126
1665653700000,1676.13,1676.638,1675.468,1676.188
1665654000000,1676.228,1677.158,1676.128,1676.458
1665654300000,1676.458,1676.668,1675.765,1675.805
1665654600000,1675.805,1676.098,1675.338,1675.518
1665654900000,1675.508,1675.578,1674.365,1674.805
1665655200000,1674.805,1675.705,1674.775,1675.295
1665655500000,1675.295,1675.338,1674.815,1674.865
1665655800000,1674.885,1675.778,1674.785,1675.335
1665656100000,1675.315,1675.618,1675.025,1675.307
1665656400000,1675.318,1675.495,1674.735,1674.798
1665656700000,1674.815,1675.305,1674.674,1675.136
1665657000000,1675.136,1675.405,1674.343,1674.518
1665657300000,1674.515,1675.225,1674.485,1674.633
1665657600000,1674.628,1675.195,1674.475,1674.715
1665657900000,1674.745,1674.765,1673.265,1673.735
1665658200000,1673.775,1674.778,1673.618,1674.465
1665658500000,1674.465,1674.945,1673.948,1673.965
1665658800000,1674.048,1674.325,1673.668,1673.978
1665659100000,1673.968,1674.685,1673.625,1673.795
1665659400000,1673.775,1674.015,1673.318,1673.995
1665659700000,1674.005,1675.228,1673.505,1674.778
1665660000000,1674.743,1675.168,1674.286,1674.743
1665660300000,1674.735,1676.163,1674.243,1675.558
1665660600000,1675.548,1678.198,1675.315,1676.775
1665660900000,1676.775,1680.858,1675.898,1680.661
1665661200000,1680.668,1682.336,1680.168,1680.293
1665661500000,1680.288,1680.486,1678.318,1679.488
1665661800000,1679.488,1679.588,1678.665,1679.188
1665662100000,1679.213,1679.28,1678.162,1678.678
1665662400000,1678.638,1678.795,1677.365,1677.645
1665662700000,1677.632,1677.815,1676.395,1676.748
1665663000000,1676.748,1676.748,1675.435,1675.468
1665663300000,1675.468,1676.198,1674.915,1675.662
1665663600000,1675.662,1676.435,1674.535,1675.005
1665663900000,1675.005,1676.385,1673.678,1674.395
1665664200000,1674.334,1674.334,1651.695,1658.412
1665664500000,1658.548,1660.068,1653.718,1655.765
1665664800000,1655.865,1656.585,1652.395,1652.958
1665665100000,1653.098,1653.218,1644.688,1648.605
1665665400000,1648.635,1653.926,1645.305,1650.155
1665665700000,1650.125,1655.148,1649.97,1654.458
1665666000000,1654.545,1656.155,1651.388,1651.585
1665666300000,1651.585,1653.338,1648.725,1652.658
1665666600000,1652.688,1653.378,1648.095,1649.715
1665666900000,1649.715,1649.885,1646.838,1647.368
1665667200000,1647.295,1654.203,1647.295,1648.843
1665667500000,1648.875,1650.198,1647.298,1647.974
1665667800000,1647.965,1648.896,1643.368,1646.678
1665668100000,1646.683,1647.088,1643.918,1645.045
1665668400000,1645.048,1646.558,1643.355,1643.755
1665668700000,1643.775,1647.978,1642.288,1647.34
1665669000000,1647.34,1650.448,1646.488,1648.718
1665669300000,1648.655,1650.508,1645.875,1648.545
1665669600000,1648.535,1651.075,1647.638,1649.988
1665669900000,1650.058,1651.718,1648.028,1648.848
1665670200000,1648.848,1650.465,1647.133,1649.715
1665670500000,1649.715,1651.195,1648.925,1649.188
1665670800000,1649.188,1649.485,1646.445,1646.868
1665671100000,1646.878,1647.188,1645.248,1646.348
1665671400000,1646.348,1649.538,1645.998,1647.295
1665671700000,1647.295,1648.208,1646.018,1648.208
1665672000000,1648.188,1648.578,1646.608,1647.048
1665672300000,1647.063,1650.868,1646.668,1650.718
1665672600000,1650.698,1650.938,1647.358,1648.228
1665672900000,1648.228,1649.528,1647.62,1648.935
1665673200000,1648.935,1650.888,1648.017,1650.828
1665673500000,1650.825,1654.688,1650.488,1654.135
1665673800000,1654.115,1655.022,1652.188,1653.685
1665674100000,1653.778,1657.468,1652.938,1657.054
1665674400000,1657.054,1661.395,1656.598,1658.778
1665674700000,1658.758,1660.688,1657.528,1659.145
1665675000000,1659.145,1660.888,1657.385,1660.824
1665675300000,1660.868,1667.687,1660.845,1666.958
1665675600000,1666.915,1668.615,1663.995,1664.686
1665675900000,1664.686,1666.418,1663.435,1665.658
1665676200000,1665.618,1667.798,1664.618,1667.398
1665676500000,1667.398,1667.528,1664.818,1665.588
1665676800000,1665.678,1667.788,1664.868,1667.648
1665677100000,1667.658,1668.558,1665.545,1665.555
1665677400000,1665.624,1665.915,1663.305,1664.038
1665677700000,1664.038,1664.858,1662.832,1663.858
1665678000000,1663.878,1665.818,1663.105,1665.518
1665678300000,1665.498,1667.955,1665.158,1666.845
1665678600000,1666.855,1666.925,1665.425,1665.868
1665678900000,1665.868,1665.948,1664.618,1664.915
1665679200000,1664.905,1667.048,1664.785,1666.505
1665679500000,1666.518,1666.618,1665.565,1666.335
1665679800000,1666.295,1667.268,1665.315,1665.335
1665680100000,1665.418,1666.115,1664.925,1665.715
1665680400000,1665.705,1668.485,1665.705,1668.205
1665680700000,1668.215,1669.015,1666.578,1666.678
1665681000000,1666.725,1667.468,1665.428,1667.398
1665681300000,1667.398,1669.005,1666.935,1668.675
1665681600000,1668.655,1671.164,1668.608,1670.498
1665681900000,1670.505,1672.448,1669.918,1670.178
1665682200000,1670.248,1671.715,1669.982,1671.665
1665682500000,1671.685,1672.198,1670.848,1671.189
1665682800000,1671.189,1671.925,1670.495,1670.968
1665683100000,1670.965,1671.785,1670.065,1671.255
1665683400000,1671.308,1672.095,1670.975,1671.177
1665683700000,1671.195,1672.073,1670.61,1671.384
1665684000000,1671.39,1671.39,1669.648,1670.608
1665684300000,1670.638,1670.978,1668.865,1669.178
1665684600000,1669.178,1670.018,1668.232,1668.775
1665684900000,1668.775,1669.258,1668.305,1668.605
1665685200000,1668.565,1669.218,1667.908,1668.835
1665685500000,1668.835,1668.9,1666.608,1667.088
1665685800000,1667.138,1667.878,1666.868,1667.118
1665686100000,1667.105,1669.458,1667.055,1668.865
1665686400000,1668.865,1668.865,1667.435,1668.205
1665686700000,1668.195,1668.318,1667.061,1667.115
1665687000000,1667.06,1668.255,1666.515,1667.348
1665687300000,1667.348,1667.688,1666.548,1667.138
1665687600000,1667.138,1667.138,1665.668,1665.808
1665687900000,1665.727,1667.528,1665.598,1667.335
1665688200000,1667.335,1667.651,1666.015,1666.148
1665688500000,1666.148,1667.075,1665.965,1666.555
1665688800000,1666.568,1666.568,1665.338,1665.698
1665689100000,1665.698,1665.908,1664.435,1664.585
1665689400000,1664.485,1665.418,1663.628,1664.495
1665689700000,1664.485,1665.038,1663.978,1664.928
1665690000000,1664.938,1665.508,1664.055,1665.408
1665690300000,1665.385,1665.385,1664.185,1664.285
1665690600000,1664.285,1665.128,1663.858,1664.198
1665690900000,1664.198,1664.438,1663.475,1663.788
1665691200000,1663.742,1664.188,1663.448,1663.665
1665691500000,1663.695,1663.725,1663.218,1663.478
1665691800000,1663.498,1664.355,1663.448,1664.298
1665692100000,1664.258,1665.188,1664.258,1664.965
1665692400000,1664.965,1665.728,1664.578,1665.728
1665692700000,1665.728,1666.258,1665.688,1666.058
1665693000000,1666.048,1666.228,1665.778,1666.028
1665693300000,1666.028,1666.518,1666.028,1666.518
1665693600000,1666.518,1666.528,1665.905,1666.098
1665693900000,1666.078,1666.198,1665.638,1666.008
1665694200000,1665.968,1666.138,1665.728,1665.798
1665694500000,1665.808,1666.498,1665.808,1666.208
1665694800000,1666.208,1666.208,1666.208,1666.208
1665695100000,1666.208,1666.208,1666.208,1666.208
1665695400000,1666.208,1666.208,1666.208,1666.208
1665695700000,1666.208,1666.208,1666.208,1666.208
1665696000000,1666.208,1666.208,1666.208,1666.208
1665696300000,1666.208,1666.208,1666.208,1666.208
1665696600000,1666.208,1666.208,1666.208,1666.208
1665696900000,1666.208,1666.208,1666.208,1666.208
1665697200000,1666.208,1666.208,1666.208,1666.208
1665697500000,1666.208,1666.208,1666.208,1666.208
1665697800000,1666.208,1666.208,1666.208,1666.208
1665698100000,1666.208,1666.208,1666.208,1666.208
1665698400000,1665.328,1666.465,1665.242,1665.568
1665698700000,1665.565,1665.665,1665.148,1665.165
1665699000000,1665.165,1665.465,1665.048,1665.265
1665699300000,1665.265,1665.568,1665.265,1665.495
1665699600000,1665.558,1665.975,1665.165,1665.188
1665699900000,1665.218,1665.218,1664.978,1665.108
1665700200000,1665.075,1665.145,1664.875,1665.055
1665700500000,1665.068,1665.715,1665.068,1665.498
1665700800000,1665.578,1665.835,1665.295,1665.835
1665701100000,1665.815,1665.815,1665.325,1665.575
1665701400000,1665.565,1665.755,1665.455,1665.525
1665701700000,1665.525,1665.865,1665.455,1665.478
1665702000000,1665.465,1665.465,1664.523,1664.975
1665702300000,1664.998,1665.055,1664.555,1664.635
1665702600000,1664.635,1664.825,1664.395,1664.405
1665702900000,1664.405,1664.705,1664.365,1664.558
1665703200000,1664.555,1664.568,1664.195,1664.275
1665703500000,1664.328,1664.465,1664.165,1664.248
1665703800000,1664.245,1664.328,1663.968,1664.278
1665704100000,1664.298,1664.308,1663.595,1663.615
1665704400000,1663.595,1663.945,1663.255,1663.475
1665704700000,1663.465,1663.465,1662.798,1662.918
1665705000000,1662.918,1663.378,1662.818,1663.225
1665705300000,1663.225,1663.748,1663.178,1663.345
1665705600000,1663.265,1663.845,1662.225,1663.728
1665705900000,1663.728,1664.795,1663.345,1663.575
1665706200000,1663.678,1663.885,1662.855,1663.535
1665706500000,1663.555,1663.835,1661.795,1661.795
1665706800000,1661.848,1662.705,1661.838,1661.848
1665707100000,1661.875,1663.055,1661.835,1662.565
1665707400000,1662.565,1662.685,1661.685,1662.345
1665707700000,1662.325,1662.848,1662.218,1662.788
1665708000000,1662.838,1663.065,1661.725,1661.855
1665708300000,1661.865,1662.665,1661.675,1662.465
1665708600000,1662.485,1662.565,1661.895,1662.396
1665708900000,1662.375,1662.565,1661.498,1661.685
1665709200000,1661.685,1662.465,1661.245,1662.465
1665709500000,1662.475,1662.488,1661.095,1661.762
1665709800000,1661.762,1661.775,1660.325,1660.495
1665710100000,1660.455,1660.595,1660.051,1660.365
1665710400000,1660.365,1660.665,1659.975,1660.318
1665710700000,1660.308,1660.465,1658.868,1659.405
1665711000000,1659.488,1659.965,1659.035,1659.895
1665711300000,1659.895,1661.478,1659.275,1661.018
1665711600000,1661.048,1664.875,1660.815,1664.865
1665711900000,1664.855,1666.768,1664.548,1666.758
1665712200000,1666.728,1668.368,1665.898,1667.768
1665712500000,1667.768,1667.865,1666.948,1667.845
1665712800000,1667.845,1668.298,1666.868,1667.688
1665713100000,1667.708,1668.838,1667.598,1668.528
1665713400000,1668.498,1668.768,1667.448,1668.018
1665713700000,1668.018,1668.738,1667.798,1668.585
1665714000000,1668.585,1668.748,1667.648,1668.058
1665714300000,1668.098,1668.398,1667.695,1668.165
1665714600000,1668.148,1669.598,1667.605,1669.478
1665714900000,1669.498,1670.088,1668.988,1669.255
1665715200000,1669.268,1669.385,1668.138,1668.518
1665715500000,1668.518,1668.718,1667.828,1667.995
1665715800000,1667.955,1668.028,1667.544,1667.888
1665716100000,1667.888,1668.908,1667.868,1668.108
1665716400000,1668.108,1668.558,1667.826,1668.198
1665716700000,1668.198,1669.148,1667.818,1667.868
1665717000000,1667.958,1668.308,1667.668,1668.038
1665717300000,1668.048,1668.318,1667.478,1667.825
1665717600000,1667.818,1668.298,1667.6,1668.138
1665717900000,1668.128,1668.198,1666.438,1667.158
1665718200000,1667.248,1668.448,1667.096,1668.438
1665718500000,1668.438,1668.885,1668.078,1668.427
1665718800000,1668.415,1669.413,1668.295,1669.048
1665719100000,1669.048,1669.958,1669.012,1669.598
1665719400000,1669.598,1670.118,1668.677,1668.708
1665719700000,1668.688,1669.105,1668.528,1668.928
1665720000000,1668.888,1669.148,1667.357,1668.168
1665720300000,1668.168,1668.348,1667.798,1668.108
1665720600000,1668.148,1668.165,1667.598,1667.838
1665720900000,1667.838,1668.048,1667.048,1667.178
1665721200000,1667.168,1667.478,1666.938,1667.278
1665721500000,1667.278,1667.488,1666.448,1666.478
1665721800000,1666.498,1667.458,1666.358,1667.348
1665722100000,1667.294,1667.802,1667.068,1667.208
1665722400000,1667.178,1667.228,1666.688,1666.948
1665722700000,1666.985,1667.558,1666.818,1667.228
1665723000000,1667.228,1667.818,1667.008,1667.568
1665723300000,1667.568,1667.598,1666.938,1667.448
1665723600000,1667.448,1667.748,1667.118,1667.718
1665723900000,1667.718,1668.088,1667.278,1667.968
1665724200000,1667.965,1668.308,1667.458,1667.728
1665724500000,1667.728,1668.048,1667.448,1667.858
1665724800000,1667.858,1667.968,1667.015,1667.068
1665725100000,1667.068,1667.168,1666.478,1667.168
1665725400000,1667.168,1669.498,1667.038,1669.248
1665725700000,1669.208,1669.416,1668.758,1669.336
1665726000000,1669.356,1669.938,1668.896,1669.488
1665726300000,1669.488,1670.475,1669.311,1669.749
1665726600000,1669.718,1669.738,1668.428,1668.978
1665726900000,1668.978,1668.998,1668.182,1668.182
1665727200000,1668.188,1670.298,1667.998,1670.178
1665727500000,1670.178,1670.898,1669.416,1670.208
1665727800000,1670.218,1670.278,1669.296,1669.848
1665728100000,1669.848,1671.135,1669.668,1670.845
1665728400000,1670.878,1671.048,1669.408,1669.728
1665728700000,1669.728,1671.615,1669.665,1670.958
1665729000000,1670.965,1671.338,1670.158,1670.508
1665729300000,1670.508,1671.655,1670.405,1670.805
1665729600000,1670.805,1671.518,1670.288,1670.724
1665729900000,1670.698,1671.121,1670.045,1670.188
1665730200000,1670.218,1670.348,1668.175,1668.195
1665730500000,1668.195,1669.775,1668.051,1669.535
1665730800000,1669.528,1670.325,1668.505,1668.865
1665731100000,1668.855,1669.978,1668.618,1669.338
1665731400000,1669.338,1669.685,1668.078,1668.207
1665731700000,1668.218,1668.307,1665.665,1665.888
1665732000000,1665.888,1665.968,1663.495,1664.505
1665732300000,1664.505,1665.515,1664.065,1665.115
1665732600000,1665.095,1665.255,1663.595,1664.565
1665732900000,1664.565,1665.568,1663.875,1665.488
1665733200000,1665.488,1666.658,1665.295,1666.408
1665733500000,1666.428,1666.478,1664.925,1665.118
1665733800000,1665.145,1667.198,1664.865,1666.638
1665734100000,1666.598,1667.528,1665.855,1666.948
1665734400000,1666.948,1667.065,1664.725,1665.716
1665734700000,1665.736,1666.248,1664.678,1665.071
1665735000000,1665.071,1665.775,1664.708,1664.738
1665735300000,1664.738,1664.875,1663.348,1663.378
1665735600000,1663.378,1663.705,1662.015,1662.295
1665735900000,1662.305,1662.558,1660.998,1661.735
1665736200000,1661.735,1663.018,1661.625,1662.938
1665736500000,1662.94,1663.818,1662.245,1662.965
1665736800000,1662.982,1663.615,1662.475,1662.595
1665737100000,1662.658,1662.658,1661.168,1661.358
1665737400000,1661.378,1661.408,1660.698,1660.945
1665737700000,1660.945,1661.098,1660.328,1660.618
1665738000000,1660.608,1660.618,1658.085,1658.678
1665738300000,1658.668,1659.408,1658.065,1658.285
1665738600000,1658.245,1658.338,1657.185,1658.188
1665738900000,1658.168,1658.545,1657.398,1658.035
1665739200000,1658.035,1658.865,1657.315,1658.455
1665739500000,1658.455,1658.638,1654.628,1654.685
1665739800000,1654.628,1655.165,1651.228,1652.028
1665740100000,1652.028,1653.118,1650.118,1651.628
1665740400000,1651.625,1653.208,1650.795,1652.258
1665740700000,1652.268,1654.488,1652.218,1654.178
1665741000000,1654.238,1654.438,1652.785,1654.418
1665741300000,1654.438,1654.708,1653.528,1653.905
1665741600000,1653.89,1655.318,1652.605,1655.248
1665741900000,1655.248,1655.848,1654.716,1654.723
1665742200000,1654.723,1654.728,1652.658,1653.368
1665742500000,1653.358,1655.378,1652.585,1654.998
1665742800000,1654.998,1656.148,1654.053,1655.845
1665743100000,1655.848,1657.673,1655.098,1657.155
1665743400000,1657.155,1657.645,1655.668,1656.498
1665743700000,1656.558,1657.365,1656.005,1656.113
1665744000000,1656.158,1656.565,1655.128,1655.528
1665744300000,1655.528,1656.698,1655.169,1656.403
1665744600000,1656.398,1656.678,1655.398,1656.028
1665744900000,1655.998,1656.328,1655.385,1655.828
1665745200000,1655.828,1656.268,1654.912,1655.388
1665745500000,1655.471,1655.572,1654.428,1654.938
1665745800000,1654.938,1657.318,1654.938,1657.318
1665746100000,1657.302,1658.818,1657.085,1657.208
1665746400000,1657.208,1658.665,1657.208,1658.051
1665746700000,1658.058,1658.371,1656.982,1657.065
1665747000000,1657.065,1658.058,1655.775,1658.058
1665747300000,1658.048,1660.256,1657.963,1659.138
1665747600000,1659.128,1659.788,1658.048,1658.362
1665747900000,1658.358,1659.465,1657.548,1657.668
1665748200000,1657.665,1657.832,1655.685,1655.755
1665748500000,1655.715,1656.235,1654.51,1654.835
1665748800000,1654.855,1656.065,1654.655,1655.138
1665749100000,1655.148,1655.992,1654.908,1655.665
1665749400000,1655.653,1656.588,1654.399,1654.439
1665749700000,1654.465,1655.225,1653.778,1654.821
1665750000000,1654.978,1655.685,1653.688,1653.775
1665750300000,1653.738,1654.538,1652.418,1653.138
1665750600000,1653.175,1656.089,1651.648,1655.465
1665750900000,1655.465,1656.038,1653.815,1655.615
1665751200000,1655.618,1655.806,1653.838,1655.025
1665751500000,1655.058,1657.078,1654.345,1656.523
1665751800000,1656.525,1659.538,1655.858,1659.348
1665752100000,1659.378,1663.163,1658.877,1663.163
1665752400000,1663.175,1663.858,1659.842,1661.793
1665752700000,1661.785,1661.785,1659.845,1660.81
1665753000000,1660.784,1661.188,1659.218,1659.275
1665753300000,1659.395,1659.548,1657.458,1658.148
1665753600000,1658.228,1658.468,1656.108,1656.578
1665753900000,1656.578,1656.648,1654.328,1654.518
1665754200000,1654.528,1656.081,1652.188,1652.823
1665754500000,1652.858,1655.165,1652.598,1654.381
1665754800000,1654.348,1654.395,1650.308,1651.178
1665755100000,1651.198,1651.225,1649.405,1649.885
1665755400000,1649.905,1651.865,1649.388,1650.812
1665755700000,1650.868,1651.493,1649.738,1650.601
1665756000000,1650.601,1650.601,1645.118,1649.828
1665756300000,1649.788,1652.373,1649.723,1651.183
1665756600000,1651.218,1651.798,1649.568,1649.568
1665756900000,1649.568,1650.898,1647.344,1649.945
1665757200000,1649.953,1650.001,1648.328,1648.635
1665757500000,1648.685,1651.685,1648.428,1650.218
1665757800000,1650.228,1652.565,1649.798,1651.078
1665758100000,1651.078,1652.248,1649.168,1649.943
1665758400000,1649.873,1650.748,1647.608,1647.818
1665758700000,1647.881,1648.365,1645.788,1645.998
1665759000000,1645.968,1649.145,1645.638,1648.505
1665759300000,1648.505,1650.235,1648.278,1649.061
1665759600000,1649.128,1651.448,1648.918,1651.268
1665759900000,1651.228,1651.408,1648.199,1648.818
1665760200000,1648.798,1649.108,1646.906,1647.037
1665760500000,1647.065,1647.202,1644.788,1644.988
1665760800000,1645.018,1646.978,1644.884,1646.508
1665761100000,1646.528,1648.188,1645.838,1647.338
1665761400000,1647.267,1647.382,1646.388,1646.727
1665761700000,1646.698,1647.128,1645.615,1646.935
1665762000000,1646.928,1648.012,1646.358,1647.048
1665762300000,1647.048,1647.048,1645.328,1645.585
1665762600000,1645.585,1646.488,1645.535,1646.035
1665762900000,1646.058,1646.448,1644.657,1644.688
1665763200000,1644.695,1648.758,1644.158,1648.045
1665763500000,1648.045,1648.048,1641.875,1642.038
1665763800000,1641.988,1643.578,1641.988,1642.845
1665764100000,1642.745,1643.805,1641.265,1643.603
1665764400000,1643.608,1643.735,1642.645,1643.005
1665764700000,1642.925,1644.724,1642.795,1644.566
1665765000000,1644.555,1645.347,1643.795,1643.855
1665765300000,1643.825,1645.322,1643.685,1644.778
1665765600000,1644.785,1646.028,1644.495,1645.345
1665765900000,1645.333,1646.055,1644.365,1644.411
1665766200000,1644.428,1644.665,1643.318,1643.465
1665766500000,1643.508,1644.025,1643.408,1643.705
1665766800000,1643.778,1644.928,1643.598,1644.318
1665767100000,1644.252,1644.252,1643.008,1643.298
1665767400000,1643.288,1643.878,1642.798,1642.808
1665767700000,1642.798,1642.998,1641.908,1642.288
1665768000000,1642.278,1642.278,1640.528,1641.588
1665768300000,1641.538,1643.738,1641.488,1643.448
1665768600000,1643.455,1644.508,1643.448,1643.628
1665768900000,1643.628,1644.158,1643.138,1643.698
1665769200000,1643.698,1644.818,1643.618,1644.008
1665769500000,1644.003,1645.228,1644.003,1644.986
1665769800000,1644.975,1645.035,1644.045,1644.415
1665770100000,1644.445,1645.178,1644.405,1645.098
1665770400000,1645.176,1645.218,1644.398,1645.088
1665770700000,1645.088,1645.088,1643.898,1644.088
1665771000000,1644.108,1644.138,1642.591,1642.864
1665771300000,1642.864,1643.038,1642.398,1642.478
1665771600000,1642.518,1642.898,1641.338,1641.987
1665771900000,1641.988,1642.958,1641.758,1642.655
1665772200000,1642.686,1643.628,1642.238,1643.198
1665772500000,1643.188,1643.788,1642.348,1642.348
1665772800000,1642.378,1643.108,1641.708,1642.668
1665773100000,1642.665,1643.278,1642.008,1642.008
1665773400000,1642.008,1642.328,1641.705,1642.075
1665773700000,1642.085,1642.685,1641.238,1642.188
1665774000000,1642.238,1643.038,1641.668,1642.855
1665774300000,1642.803,1642.888,1641.508,1641.568
1665774600000,1641.555,1641.698,1640.598,1640.798
1665774900000,1640.798,1641.048,1640.095,1640.358
1665775200000,1640.325,1641.445,1640.158,1641.265
1665775500000,1641.275,1642.325,1641.098,1642.038
1665775800000,1642.025,1642.548,1641.558,1642.548
1665776100000,1642.548,1642.668,1641.838,1642.165
1665776400000,1642.165,1642.568,1641.908,1642.108
1665776700000,1642.165,1642.688,1641.698,1642.538
1665777000000,1642.538,1643.398,1642.538,1642.918
1665777300000,1642.928,1643.078,1642.095,1642.815
1665777600000,1642.788,1643.415,1642.565,1642.695
1665777900000,1642.748,1643.198,1642.748,1642.828
1665778200000,1642.848,1643.668,1642.848,1643.068
1665778500000,1643.068,1643.665,1642.938,1643.565
1665778800000,1643.578,1643.718,1643.292,1643.425
1665779100000,1643.425,1643.425,1642.668,1643.015
1665779400000,1643.018,1643.315,1642.945,1643.216
1665779700000,1643.215,1643.635,1642.988,1643.275
1665780000000,1643.295,1643.295,1642.915,1643.192
1665780300000,1643.175,1644.065,1642.955,1643.965
1665780600000,1644.048,1644.545,1643.965,1644.445
1665780900000,1644.445,1644.465,1643.258,1643.618
1665878400000,1644.252,1644.252,1644.252,1644.252
1665878700000,1644.252,1644.252,1644.252,1644.252
1665879000000,1644.252,1644.252,1644.252,1644.252
1665879300000,1644.252,1644.252,1644.252,1644.252
1665879600000,1644.252,1644.252,1644.252,1644.252
1665879900000,1644.252,1644.252,1644.252,1644.252
1665880200000,1644.252,1644.252,1644.252,1644.252
1665880500000,1644.252,1644.252,1644.252,1644.252
1665880800000,1644.252,1644.252,1644.252,1644.252
1665881100000,1644.252,1644.252,1644.252,1644.252
1665881400000,1644.252,1644.252,1644.252,1644.252
1665881700000,1644.252,1644.252,1644.252,1644.252
1665882000000,1644.252,1644.252,1644.252,1644.252
1665882300000,1644.252,1644.252,1644.252,1644.252
1665882600000,1644.252,1644.252,1644.252,1644.252
1665882900000,1644.252,1644.252,1644.252,1644.252
1665883200000,1644.252,1644.252,1644.252,1644.252
1665883500000,1644.252,1644.252,1644.252,1644.252
1665883800000,1644.252,1644.252,1644.252,1644.252
1665884100000,1644.252,1644.252,1644.252,1644.252
1665884400000,1644.252,1644.252,1644.252,1644.252
1665884700000,1644.252,1644.252,1644.252,1644.252
1665885000000,1644.252,1644.252,1644.252,1644.252
1665885300000,1644.252,1644.252,1644.252,1644.252
1665885600000,1644.252,1644.252,1644.252,1644.252
1665885900000,1644.252,1644.252,1644.252,1644.252
1665886200000,1644.252,1644.252,1644.252,1644.252
1665886500000,1644.252,1644.252,1644.252,1644.252
1665886800000,1644.252,1644.252,1644.252,1644.252
1665887100000,1644.252,1644.252,1644.252,1644.252
1665887400000,1644.252,1644.252,1644.252,1644.252
1665887700000,1644.252,1644.252,1644.252,1644.252
1665888000000,1644.252,1644.252,1644.252,1644.252
1665888300000,1644.252,1644.252,1644.252,1644.252
1665888600000,1644.252,1644.252,1644.252,1644.252
1665888900000,1644.252,1644.252,1644.252,1644.252
1665889200000,1644.252,1644.252,1644.252,1644.252
1665889500000,1644.252,1644.252,1644.252,1644.252
1665889800000,1644.252,1644.252,1644.252,1644.252
1665890100000,1644.252,1644.252,1644.252,1644.252
1665890400000,1644.252,1644.252,1644.252,1644.252
1665890700000,1644.252,1644.252,1644.252,1644.252
1665891000000,1644.252,1644.252,1644.252,1644.252
1665891300000,1644.252,1644.252,1644.252,1644.252
1665891600000,1644.252,1644.252,1644.252,1644.252
1665891900000,1644.252,1644.252,1644.252,1644.252
1665892200000,1644.252,1644.252,1644.252,1644.252
1665892500000,1644.252,1644.252,1644.252,1644.252
1665892800000,1644.252,1644.252,1644.252,1644.252
1665893100000,1644.252,1644.252,1644.252,1644.252
1665893400000,1644.252,1644.252,1644.252,1644.252
1665893700000,1644.252,1644.252,1644.252,1644.252
1665894000000,1644.252,1644.252,1644.252,1644.252
1665894300000,1644.252,1644.252,1644.252,1644.252
1665894600000,1644.252,1644.252,1644.252,1644.252
1665894900000,1644.252,1644.252,1644.252,1644.252
1665895200000,1644.252,1644.252,1644.252,1644.252
1665895500000,1644.252,1644.252,1644.252,1644.252
1665895800000,1644.252,1644.252,1644.252,1644.252
1665896100000,1644.252,1644.252,1644.252,1644.252
1665896400000,1644.252,1644.252,1644.252,1644.252
1665896700000,1644.252,1644.252,1644.252,1644.252
1665897000000,1644.252,1644.252,1644.252,1644.252
1665897300000,1644.252,1644.252,1644.252,1644.252
1665897600000,1644.252,1644.252,1644.252,1644.252
1665897900000,1644.252,1644.252,1644.252,1644.252
1665898200000,1644.252,1644.252,1644.252,1644.252
1665898500000,1644.252,1644.252,1644.252,1644.252
1665898800000,1644.252,1644.252,1644.252,1644.252
1665899100000,1644.252,1644.252,1644.252,1644.252
1665899400000,1644.252,1644.252,1644.252,1644.252
1665899700000,1644.252,1644.252,1644.252,1644.252
1665900000000,1644.252,1644.252,1644.252,1644.252
1665900300000,1644.252,1644.252,1644.252,1644.252
1665900600000,1644.252,1644.252,1644.252,1644.252
1665900900000,1644.252,1644.252,1644.252,1644.252
1665901200000,1644.252,1644.252,1644.252,1644.252
1665901500000,1644.252,1644.252,1644.252,1644.252
1665901800000,1644.252,1644.252,1644.252,1644.252
1665902100000,1644.252,1644.252,1644.252,1644.252
1665902400000,1644.252,1644.252,1644.252,1644.252
1665902700000,1644.252,1644.252,1644.252,1644.252
1665903000000,1644.252,1644.252,1644.252,1644.252
1665903300000,1644.252,1644.252,1644.252,1644.252
1665903600000,1644.252,1644.252,1644.252,1644.252
1665903900000,1644.252,1644.252,1644.252,1644.252
1665904200000,1644.252,1644.252,1644.252,1644.252
1665904500000,1644.252,1644.252,1644.252,1644.252
1665904800000,1644.252,1644.252,1644.252,1644.252
1665905100000,1644.252,1644.252,1644.252,1644.252
1665905400000,1644.252,1644.252,1644.252,1644.252
1665905700000,1644.252,1644.252,1644.252,1644.252
1665906000000,1644.252,1644.252,1644.252,1644.252
1665906300000,1644.252,1644.252,1644.252,1644.252
1665906600000,1644.252,1644.252,1644.252,1644.252
1665906900000,1644.252,1644.252,1644.252,1644.252
1665907200000,1644.252,1644.252,1644.252,1644.252
1665907500000,1644.252,1644.252,1644.252,1644.252
1665907800000,1644.252,1644.252,1644.252,1644.252
1665908100000,1644.252,1644.252,1644.252,1644.252
1665908400000,1644.252,1644.252,1644.252,1644.252
1665908700000,1644.252,1644.252,1644.252,1644.252
1665909000000,1644.252,1644.252,1644.252,1644.252
1665909300000,1644.252,1644.252,1644.252,1644.252
1665909600000,1644.252,1644.252,1644.252,1644.252
1665909900000,1644.252,1644.252,1644.252,1644.252
1665910200000,1644.252,1644.252,1644.252,1644.252
1665910500000,1644.252,1644.252,1644.252,1644.252
1665910800000,1644.252,1644.252,1644.252,1644.252
1665911100000,1644.252,1644.252,1644.252,1644.252
1665911400000,1644.252,1644.252,1644.252,1644.252
1665911700000,1644.252,1644.252,1644.252,1644.252
1665912000000,1644.252,1644.252,1644.252,1644.252
1665912300000,1644.252,1644.252,1644.252,1644.252
1665912600000,1644.252,1644.252,1644.252,1644.252
1665912900000,1644.252,1644.252,1644.252,1644.252
1665913200000,1644.252,1644.252,1644.252,1644.252
1665913500000,1644.252,1644.252,1644.252,1644.252
1665913800000,1644.252,1644.252,1644.252,1644.252
1665914100000,1644.252,1644.252,1644.252,1644.252
1665914400000,1644.252,1644.252,1644.252,1644.252
1665914700000,1644.252,1644.252,1644.252,1644.252
1665915000000,1644.252,1644.252,1644.252,1644.252
1665915300000,1644.252,1644.252,1644.252,1644.252
1665915600000,1644.252,1644.252,1644.252,1644.252
1665915900000,1644.252,1644.252,1644.252,1644.252
1665916200000,1644.252,1644.252,1644.252,1644.252
1665916500000,1644.252,1644.252,1644.252,1644.252
1665916800000,1644.252,1644.252,1644.252,1644.252
1665917100000,1644.252,1644.252,1644.252,1644.252
1665917400000,1644.252,1644.252,1644.252,1644.252
1665917700000,1644.252,1644.252,1644.252,1644.252
1665918000000,1644.252,1644.252,1644.252,1644.252
1665918300000,1644.252,1644.252,1644.252,1644.252
1665918600000,1644.252,1644.252,1644.252,1644.252
1665918900000,1644.252,1644.252,1644.252,1644.252
1665919200000,1644.252,1644.252,1644.252,1644.252
1665919500000,1644.252,1644.252,1644.252,1644.252
1665919800000,1644.252,1644.252,1644.252,1644.252
1665920100000,1644.252,1644.252,1644.252,1644.252
1665920400000,1644.252,1644.252,1644.252,1644.252
1665920700000,1644.252,1644.252,1644.252,1644.252
1665921000000,1644.252,1644.252,1644.252,1644.252
1665921300000,1644.252,1644.252,1644.252,1644.252
1665921600000,1644.252,1644.252,1644.252,1644.252
1665921900000,1644.252,1644.252,1644.252,1644.252
1665922200000,1644.252,1644.252,1644.252,1644.252
1665922500000,1644.252,1644.252,1644.252,1644.252
1665922800000,1644.252,1644.252,1644.252,1644.252
1665923100000,1644.252,1644.252,1644.252,1644.252
1665923400000,1644.252,1644.252,1644.252,1644.252
1665923700000,1644.252,1644.252,1644.252,1644.252
1665924000000,1644.252,1644.252,1644.252,1644.252
1665924300000,1644.252,1644.252,1644.252,1644.252
1665924600000,1644.252,1644.252,1644.252,1644.252
1665924900000,1644.252,1644.252,1644.252,1644.252
1665925200000,1644.252,1644.252,1644.252,1644.252
1665925500000,1644.252,1644.252,1644.252,1644.252
1665925800000,1644.252,1644.252,1644.252,1644.252
1665926100000,1644.252,1644.252,1644.252,1644.252
1665926400000,1644.252,1644.252,1644.252,1644.252
1665926700000,1644.252,1644.252,1644.252,1644.252
1665927000000,1644.252,1644.252,1644.252,1644.252
1665927300000,1644.252,1644.252,1644.252,1644.252
1665927600000,1644.252,1644.252,1644.252,1644.252
1665927900000,1644.252,1644.252,1644.252,1644.252
1665928200000,1644.252,1644.252,1644.252,1644.252
1665928500000,1644.252,1644.252,1644.252,1644.252
1665928800000,1644.252,1644.252,1644.252,1644.252
1665929100000,1644.252,1644.252,1644.252,1644.252
1665929400000,1644.252,1644.252,1644.252,1644.252
1665929700000,1644.252,1644.252,1644.252,1644.252
1665930000000,1644.252,1644.252,1644.252,1644.252
1665930300000,1644.252,1644.252,1644.252,1644.252
1665930600000,1644.252,1644.252,1644.252,1644.252
1665930900000,1644.252,1644.252,1644.252,1644.252
1665931200000,1644.252,1644.252,1644.252,1644.252
1665931500000,1644.252,1644.252,1644.252,1644.252
1665931800000,1644.252,1644.252,1644.252,1644.252
1665932100000,1644.252,1644.252,1644.252,1644.252
1665932400000,1644.252,1644.252,1644.252,1644.252
1665932700000,1644.252,1644.252,1644.252,1644.252
1665933000000,1644.252,1644.252,1644.252,1644.252
1665933300000,1644.252,1644.252,1644.252,1644.252
1665933600000,1644.252,1644.252,1644.252,1644.252
1665933900000,1644.252,1644.252,1644.252,1644.252
1665934200000,1644.252,1644.252,1644.252,1644.252
1665934500000,1644.252,1644.252,1644.252,1644.252
1665934800000,1644.252,1644.252,1644.252,1644.252
1665935100000,1644.252,1644.252,1644.252,1644.252
1665935400000,1644.252,1644.252,1644.252,1644.252
1665935700000,1644.252,1644.252,1644.252,1644.252
1665936000000,1644.252,1644.252,1644.252,1644.252
1665936300000,1644.252,1644.252,1644.252,1644.252
1665936600000,1644.252,1644.252,1644.252,1644.252
1665936900000,1644.252,1644.252,1644.252,1644.252
1665937200000,1644.252,1644.252,1644.252,1644.252
1665937500000,1644.252,1644.252,1644.252,1644.252
1665937800000,1644.252,1644.252,1644.252,1644.252
1665938100000,1644.252,1644.252,1644.252,1644.252
1665938400000,1644.252,1644.252,1644.252,1644.252
1665938700000,1644.252,1644.252,1644.252,1644.252
1665939000000,1644.252,1644.252,1644.252,1644.252
1665939300000,1644.252,1644.252,1644.252,1644.252
1665939600000,1644.252,1644.252,1644.252,1644.252
1665939900000,1644.252,1644.252,1644.252,1644.252
1665940200000,1644.252,1644.252,1644.252,1644.252
1665940500000,1644.252,1644.252,1644.252,1644.252
1665940800000,1644.252,1644.252,1644.252,1644.252
1665941100000,1644.252,1644.252,1644.252,1644.252
1665941400000,1644.252,1644.252,1644.252,1644.252
1665941700000,1644.252,1644.252,1644.252,1644.252
1665942000000,1644.252,1644.252,1644.252,1644.252
1665942300000,1644.252,1644.252,1644.252,1644.252
1665942600000,1644.252,1644.252,1644.252,1644.252
1665942900000,1644.252,1644.252,1644.252,1644.252
1665943200000,1644.252,1644.252,1644.252,1644.252
1665943500000,1644.252,1644.252,1644.252,1644.252
1665943800000,1644.252,1644.252,1644.252,1644.252
1665944100000,1644.252,1644.252,1644.252,1644.252
1665944400000,1644.252,1644.252,1644.252,1644.252
1665944700000,1644.252,1644.252,1644.252,1644.252
1665945000000,1644.252,1644.252,1644.252,1644.252
1665945300000,1644.252,1644.252,1644.252,1644.252
1665945600000,1644.252,1644.252,1644.252,1644.252
1665945900000,1644.252,1644.252,1644.252,1644.252
1665946200000,1644.252,1644.252,1644.252,1644.252
1665946500000,1644.252,1644.252,1644.252,1644.252
1665946800000,1644.252,1644.252,1644.252,1644.252
1665947100000,1644.252,1644.252,1644.252,1644.252
1665947400000,1644.252,1644.252,1644.252,1644.252
1665947700000,1644.252,1644.252,1644.252,1644.252
1665948000000,1644.252,1644.252,1644.252,1644.252
1665948300000,1644.252,1644.252,1644.252,1644.252
1665948600000,1644.252,1644.252,1644.252,1644.252
1665948900000,1644.252,1644.252,1644.252,1644.252
1665949200000,1644.252,1644.252,1644.252,1644.252
1665949500000,1644.252,1644.252,1644.252,1644.252
1665949800000,1644.252,1644.252,1644.252,1644.252
1665950100000,1644.252,1644.252,1644.252,1644.252
1665950400000,1644.252,1644.252,1644.252,1644.252
1665950700000,1644.252,1644.252,1644.252,1644.252
1665951000000,1644.252,1644.252,1644.252,1644.252
1665951300000,1644.252,1644.252,1644.252,1644.252
1665951600000,1644.252,1644.252,1644.252,1644.252
1665951900000,1644.252,1644.252,1644.252,1644.252
1665952200000,1644.252,1644.252,1644.252,1644.252
1665952500000,1644.252,1644.252,1644.252,1644.252
1665952800000,1644.252,1644.252,1644.252,1644.252
1665953100000,1644.252,1644.252,1644.252,1644.252
1665953400000,1644.252,1644.252,1644.252,1644.252
1665953700000,1644.252,1644.252,1644.252,1644.252
1665954000000,1644.252,1644.252,1644.252,1644.252
1665954300000,1644.252,1644.252,1644.252,1644.252
1665954600000,1644.252,1644.252,1644.252,1644.252
1665954900000,1644.252,1644.252,1644.252,1644.252
1665955200000,1644.252,1644.252,1644.252,1644.252
1665955500000,1644.252,1644.252,1644.252,1644.252
1665955800000,1644.252,1644.252,1644.252,1644.252
1665956100000,1644.252,1644.252,1644.252,1644.252
1665956400000,1644.252,1644.252,1644.252,1644.252
1665956700000,1644.252,1644.252,1644.252,1644.252
1665957000000,1644.252,1644.252,1644.252,1644.252
1665957300000,1644.252,1644.252,1644.252,1644.252
1665957600000,1644.068,1646.365,1643.022,1645.945
1665957900000,1645.988,1646.938,1645.698,1646.165
1665958200000,1646.155,1646.155,1644.908,1645.333
1665958500000,1645.353,1645.505,1644.255,1644.405
1665958800000,1644.435,1644.465,1644.005,1644.365
1665959100000,1644.365,1645.438,1644.268,1645.358
1665959400000,1645.348,1645.548,1644.768,1644.868
1665959700000,1644.878,1645.168,1644.698,1644.798
1665960000000,1644.788,1644.788,1643.965,1644.378
1665960300000,1644.368,1645.435,1644.365,1645.365
1665960600000,1645.348,1645.465,1645.078,1645.078
1665960900000,1645.078,1645.368,1645.078,1645.288
1665961200000,1645.308,1646.148,1645.048,1646.018
1665961500000,1645.965,1646.098,1645.478,1645.988
1665961800000,1646.008,1646.398,1645.898,1646.128
1665962100000,1646.108,1646.798,1646.108,1646.165
1665962400000,1646.205,1646.378,1645.765,1645.795
1665962700000,1645.775,1646.635,1645.775,1646.245
1665963000000,1646.245,1646.755,1646.045,1646.685
1665963300000,1646.665,1647.105,1646.275,1646.635
1665963600000,1646.635,1646.945,1646.438,1646.545
1665963900000,1646.545,1647.235,1646.505,1647.145
1665964200000,1647.135,1647.465,1646.898,1647.318
1665964500000,1647.325,1647.568,1647.158,1647.398
1665964800000,1647.345,1647.458,1646.608,1647.122
1665965100000,1647.128,1648.148,1647.128,1647.948
1665965400000,1647.958,1648.248,1647.125,1647.158
1665965700000,1647.148,1647.148,1646.198,1646.518
1665966000000,1646.515,1647.038,1646.295,1647.015
1665966300000,1647.058,1647.678,1646.965,1647.355
1665966600000,1647.325,1647.968,1647.195,1647.675
1665966900000,1647.635,1648.568,1647.415,1647.655
1665967200000,1647.718,1648.588,1647.575,1648.505
1665967500000,1648.518,1648.865,1647.638,1647.778
1665967800000,1647.868,1647.965,1646.735,1647.298
1665968100000,1647.325,1648.108,1646.988,1648.108
1665968400000,1648.118,1648.298,1646.585,1647.308
1665968700000,1647.285,1647.775,1646.795,1646.985
1665969000000,1646.985,1648.635,1646.845,1647.875
1665969300000,1647.865,1648.852,1647.715,1648.545
1665969600000,1648.535,1649.648,1648.378,1649.028
1665969900000,1649.028,1649.665,1648.765,1649.158
1665970200000,1649.138,1651.228,1648.768,1651.078
1665970500000,1650.988,1651.208,1650.468,1650.858
1665970800000,1650.858,1651.428,1650.858,1651.268
1665971100000,1651.318,1652.288,1651.168,1652.148
1665971400000,1652.178,1652.275,1651.398,1651.738
1665971700000,1651.738,1652.498,1651.655,1651.788
1665972000000,1651.838,1652.088,1651.558,1652.048
1665972300000,1652.048,1652.478,1651.798,1652.218
1665972600000,1652.188,1652.288,1651.568,1652.105
1665972900000,1652.105,1652.398,1651.808,1651.808
1665973200000,1651.758,1651.898,1650.838,1650.988
1665973500000,1650.998,1651.178,1650.818,1650.988
1665973800000,1650.918,1651.258,1650.055,1650.088
1665974100000,1650.088,1650.478,1649.625,1650.338
1665974400000,1650.305,1650.588,1650.098,1650.365
1665974700000,1650.375,1650.535,1650.108,1650.368
1665975000000,1650.325,1650.325,1649.518,1650.048
1665975300000,1650.038,1650.375,1649.968,1650.288
1665975600000,1650.255,1650.255,1649.668,1649.848
1665975900000,1649.878,1649.978,1649.395,1649.455
1665976200000,1649.435,1649.595,1649.165,1649.482
1665976500000,1649.485,1650.028,1649.382,1649.778
1665976800000,1649.778,1649.905,1649.502,1649.725
1665977100000,1649.715,1650.205,1649.512,1649.998
1665977400000,1649.998,1650.098,1649.665,1649.665
1665977700000,1649.685,1650.688,1649.538,1650.565
1665978000000,1650.565,1650.705,1650.455,1650.665
1665978300000,1650.665,1650.798,1650.508,1650.598
1665978600000,1650.588,1650.806,1649.925,1650.235
1665978900000,1650.235,1650.345,1649.985,1650.028
1665979200000,1650.065,1650.245,1648.885,1648.885
1665979500000,1648.898,1648.978,1648.245,1648.458
1665979800000,1648.415,1648.975,1648.298,1648.718
1665980100000,1648.718,1649.048,1648.628,1649.015
1665980400000,1649.015,1649.358,1648.745,1649.158
1665980700000,1649.168,1649.365,1648.868,1649.298
1665981000000,1649.298,1649.318,1648.658,1649.285
1665981300000,1649.285,1649.515,1649.155,1649.415
1665981600000,1649.415,1649.728,1649.178,1649.325
1665981900000,1649.335,1649.945,1649.328,1649.688
1665982200000,1649.678,1649.885,1649.395,1649.518
1665982500000,1649.528,1649.668,1649.025,1649.358
1665982800000,1649.348,1649.948,1649.065,1649.745
1665983100000,1649.735,1651.255,1649.685,1651.255
1665983400000,1651.255,1651.908,1651.085,1651.195
1665983700000,1651.195,1651.948,1651.165,1651.908
1665984000000,1651.908,1652.028,1651.518,1651.638
1665984300000,1651.628,1652.338,1651.605,1652.228
1665984600000,1652.215,1652.215,1650.818,1651.208
1665984900000,1651.208,1652.145,1651.048,1651.755
1665985200000,1651.758,1652.498,1651.575,1652.398
1665985500000,1652.348,1652.848,1651.968,1652.828
1665985800000,1652.788,1653.638,1652.495,1653.388
1665986100000,1653.368,1653.998,1653.368,1653.668
1665986400000,1653.678,1653.718,1651.808,1652.148
1665986700000,1652.118,1652.168,1651.145,1651.298
1665987000000,1651.308,1652.768,1651.308,1652.728
1665987300000,1652.698,1653.165,1650.958,1651.055
1665987600000,1651.035,1651.135,1650.005,1650.245
1665987900000,1650.255,1650.835,1649.955,1650.499
1665988200000,1650.485,1650.955,1649.658,1650.048
1665988500000,1650.038,1650.175,1648.538,1648.648
1665988800000,1648.665,1650.455,1648.648,1650.325
1665989100000,1650.315,1650.495,1649.285,1650.475
1665989400000,1650.475,1650.475,1649.518,1649.805
1665989700000,1649.815,1650.195,1649.568,1649.675
1665990000000,1649.675,1653.415,1649.625,1653.048
1665990300000,1653.065,1653.765,1651.898,1653.265
1665990600000,1653.275,1654.088,1652.968,1653.205
1665990900000,1653.228,1654.138,1651.685,1652.308
1665991200000,1652.308,1653.095,1650.928,1652.655
1665991500000,1652.655,1653.788,1652.298,1653.634
1665991800000,1653.634,1654.268,1652.948,1653.458
1665992100000,1653.488,1654.219,1652.348,1652.595
1665992400000,1652.418,1654.678,1652.378,1653.908
1665992700000,1653.835,1654.588,1653.648,1654.478
1665993000000,1654.478,1656.958,1654.273,1656.318
1665993300000,1656.328,1657.319,1655.698,1655.848
1665993600000,1655.868,1657.088,1655.388,1656.208
1665993900000,1656.228,1656.348,1654.948,1656.158
1665994200000,1656.158,1656.798,1655.918,1656.429
1665994500000,1656.418,1656.778,1655.768,1656.118
1665994800000,1656.138,1656.628,1655.683,1656.298
1665995100000,1656.298,1656.338,1653.148,1653.198
1665995400000,1653.198,1653.998,1652.798,1652.798
1665995700000,1652.918,1654.788,1652.818,1654.443
1665996000000,1654.468,1654.865,1654.018,1654.438
1665996300000,1654.435,1655.128,1653.695,1654.565
1665996600000,1654.558,1655.563,1654.248,1654.718
1665996900000,1654.628,1655.688,1654.628,1655.248
1665997200000,1655.258,1655.888,1654.678,1655.143
1665997500000,1655.143,1655.488,1654.518,1655.163
1665997800000,1655.163,1655.318,1654.528,1655.098
1665998100000,1655.098,1655.958,1654.718,1654.938
1665998400000,1654.948,1655.313,1654.808,1655.144
1665998700000,1655.144,1657.003,1655.048,1656.838
1665999000000,1656.838,1657.678,1656.608,1656.608
1665999300000,1656.598,1657.715,1656.548,1657.158
1665999600000,1657.153,1657.918,1656.908,1657.278
1665999900000,1657.298,1657.635,1656.445,1656.685
1666000200000,1656.705,1657.258,1656.638,1656.868
1666000500000,1656.868,1657.085,1656.468,1656.895
1666000800000,1656.895,1658.048,1656.608,1657.218
1666001100000,1657.218,1660.328,1657.218,1659.743
1666001400000,1659.795,1660.538,1658.178,1658.828
1666001700000,1658.858,1659.008,1657.318,1657.548
1666002000000,1657.548,1657.628,1656.283,1656.363
1666002300000,1656.363,1656.768,1655.463,1655.635
1666002600000,1655.625,1656.918,1655.623,1656.433
1666002900000,1656.408,1656.448,1655.318,1655.458
1666003200000,1655.448,1655.808,1654.783,1655.225
1666003500000,1655.255,1656.213,1654.788,1655.998
1666003800000,1655.998,1656.788,1655.888,1656.383
1666004100000,1656.378,1657.158,1656.298,1657.025
1666004400000,1657.005,1657.288,1656.075,1656.125
1666004700000,1656.125,1657.258,1656.075,1657.178
1666005000000,1657.178,1657.298,1656.518,1656.678
1666005300000,1656.698,1657.688,1656.568,1657.548
1666005600000,1657.548,1657.908,1656.908,1656.938
1666005900000,1656.948,1657.548,1656.818,1657.048
1666006200000,1657.068,1657.898,1656.368,1657.888
1666006500000,1657.918,1658.438,1657.638,1657.908
1666006800000,1657.938,1658.208,1656.258,1656.278
1666007100000,1656.298,1657.508,1656.238,1657.348
1666007400000,1657.348,1658.188,1656.568,1657.658
1666007700000,1657.678,1658.068,1657.388,1657.848
1666008000000,1657.828,1658.928,1657.528,1657.828
1666008300000,1657.828,1658.998,1657.618,1658.378
1666008600000,1658.388,1658.888,1656.908,1657.508
1666008900000,1657.538,1659.078,1657.308,1658.958
1666009200000,1659.004,1665.908,1658.718,1664.098
1666009500000,1664.078,1664.998,1663.528,1663.558
1666009800000,1663.558,1664.998,1662.998,1663.818
1666010100000,1663.818,1665.258,1663.328,1664.588
1666010400000,1664.558,1666.858,1664.558,1665.958
1666010700000,1665.858,1667.628,1665.858,1667.248
1666011000000,1667.228,1667.358,1666.288,1666.898
1666011300000,1666.888,1668.038,1666.138,1666.458
1666011600000,1666.478,1667.338,1664.848,1665.438
1666011900000,1665.338,1666.248,1664.968,1665.228
1666012200000,1665.228,1665.288,1664.018,1664.528
1666012500000,1664.538,1665.578,1664.258,1665.198
1666012800000,1665.228,1665.548,1663.818,1664.338
1666013100000,1664.318,1665.008,1664.028,1664.028
1666013400000,1664.098,1666.348,1664.038,1664.938
1666013700000,1664.918,1666.488,1664.148,1666.188
1666014000000,1666.158,1668.268,1665.668,1665.868
1666014300000,1665.908,1666.188,1664.088,1665.898
1666014600000,1665.898,1666.148,1664.248,1665.668
1666014900000,1665.668,1665.868,1663.958,1664.868
1666015200000,1664.878,1665.098,1663.648,1664.238
1666015500000,1664.278,1664.768,1662.758,1662.928
1666015800000,1662.978,1664.248,1662.698,1664.238
1666016100000,1664.208,1664.408,1662.158,1662.868
1666016400000,1662.878,1662.938,1661.098,1661.118
1666016700000,1661.118,1662.368,1660.828,1662.238
1666017000000,1662.218,1663.328,1661.538,1662.198
1666017300000,1662.218,1663.768,1662.218,1663.328
1666017600000,1663.348,1664.388,1663.298,1664.018
1666017900000,1664.018,1664.168,1662.178,1662.488
1666018200000,1662.488,1662.758,1661.158,1661.598
1666018500000,1661.618,1662.518,1661.298,1661.748
1666018800000,1661.768,1662.958,1661.585,1662.118
1666019100000,1662.088,1662.318,1661.388,1661.838
1666019400000,1661.808,1661.958,1660.708,1660.768
1666019700000,1660.738,1660.938,1659.988,1659.988
1666020000000,1660.008,1661.258,1659.668,1660.618
1666020300000,1660.588,1661.348,1660.128,1661.278
1666020600000,1661.298,1661.528,1660.658,1661.088
1666020900000,1661.088,1661.368,1660.478,1660.908
1666021200000,1660.898,1662.618,1660.868,1662.358
1666021500000,1662.358,1663.038,1662.098,1662.548
1666021800000,1662.548,1663.748,1662.478,1663.218
1666022100000,1663.208,1663.428,1662.228,1663.218
1666022400000,1663.208,1663.358,1661.938,1662.358
1666022700000,1662.298,1663.198,1662.088,1663.078
1666023000000,1663.098,1663.198,1661.688,1662.408
1666023300000,1662.448,1662.578,1662.068,1662.348
1666023600000,1662.328,1662.378,1661.618,1661.948
1666023900000,1661.948,1661.988,1661.198,1661.208
1666024200000,1661.218,1661.488,1660.647,1661.278
1666024500000,1661.298,1661.418,1660.048,1660.088
1666024800000,1660.068,1660.408,1658.898,1659.118
1666025100000,1659.078,1659.315,1658.608,1658.938
1666025400000,1658.908,1658.998,1658.368,1658.618
1666025700000,1658.598,1658.668,1657.138,1657.308
1666026000000,1657.278,1657.918,1656.568,1657.048
1666026300000,1657.038,1658.928,1656.948,1658.738
1666026600000,1658.728,1659.188,1658.388,1659.098
1666026900000,1659.198,1659.288,1658.298,1658.478
1666027200000,1658.508,1659.828,1658.508,1659.428
1666027500000,1659.428,1659.518,1657.788,1658.058
1666027800000,1658.078,1658.178,1656.748,1656.748
1666028100000,1656.748,1657.218,1656.518,1656.628
1666028400000,1656.648,1657.148,1655.618,1655.638
1666028700000,1655.658,1656.008,1655.268,1655.358
1666029000000,1655.368,1655.698,1653.738,1653.838
1666029300000,1653.767,1654.178,1651.688,1652.728
1666029600000,1652.728,1653.328,1652.078,1652.668
1666029900000,1652.668,1653.268,1652.428,1652.658
1666030200000,1652.645,1652.658,1651.858,1651.978
1666030500000,1651.968,1652.108,1651.258,1651.438
1666030800000,1651.438,1651.568,1650.738,1651.278
1666031100000,1651.278,1651.618,1650.598,1651.378
1666031400000,1651.338,1651.348,1650.488,1651.118
1666031700000,1651.118,1651.888,1650.688,1651.638
1666032000000,1651.678,1651.688,1651.078,1651.368
1666032300000,1651.388,1651.408,1650.388,1651.038
1666032600000,1650.968,1651.328,1650.518,1651.188
1666032900000,1651.158,1651.398,1649.458,1649.578
1666033200000,1649.578,1650.258,1649.038,1649.228
1666033500000,1649.228,1649.468,1648.748,1649.258
1666033800000,1649.268,1649.838,1648.678,1649.688
1666034100000,1649.638,1650.058,1648.728,1649.198
1666034400000,1649.198,1649.928,1648.698,1649.918
1666034700000,1649.918,1650.008,1649.468,1649.738
1666035000000,1649.688,1649.898,1649.318,1649.508
1666035300000,1649.538,1649.628,1648.628,1648.678
1666035600000,1648.678,1648.678,1646.638,1647.968
1666035900000,1647.928,1647.958,1646.728,1646.958
1666036200000,1647.078,1647.548,1646.898,1647.515
1666036500000,1647.515,1647.948,1646.888,1647.848
1666036800000,1647.818,1648.338,1647.598,1647.848
1666037100000,1647.848,1648.878,1647.848,1648.688
1666037400000,1648.718,1648.968,1648.678,1648.968
1666037700000,1648.898,1649.028,1648.818,1648.878
1666038000000,1648.888,1648.988,1648.728,1648.878
1666038300000,1648.878,1650.508,1648.748,1650.338
1666038600000,1650.348,1650.508,1649.568,1649.568
1666038900000,1649.588,1649.798,1649.388,1649.708
1666039200000,1649.708,1650.368,1649.578,1650.118
1666039500000,1650.118,1650.498,1650.118,1650.468
1666039800000,1650.478,1650.758,1650.368,1650.498
1666040100000,1650.498,1650.708,1649.718,1649.858
1666040400000,1649.858,1649.858,1649.858,1649.858
1666040700000,1649.858,1649.858,1649.858,1649.858
1666041000000,1649.858,1649.858,1649.858,1649.858
1666041300000,1649.858,1649.858,1649.858,1649.858
1666041600000,1649.858,1649.858,1649.858,1649.858
1666041900000,1649.858,1649.858,1649.858,1649.858
1666042200000,1649.858,1649.858,1649.858,1649.858
1666042500000,1649.858,1649.858,1649.858,1649.858
1666042800000,1649.858,1649.858,1649.858,1649.858
1666043100000,1649.858,1649.858,1649.858,1649.858
1666043400000,1649.858,1649.858,1649.858,1649.858
1666043700000,1649.858,1649.858,1649.858,1649.858
1666044000000,1649.858,1650.598,1649.858,1650.398
1666044300000,1650.398,1650.905,1650.308,1650.838
1666044600000,1650.818,1651.498,1650.598,1650.898
1666044900000,1650.998,1651.098,1650.458,1650.458
1666045200000,1650.468,1650.558,1650.127,1650.358
1666045500000,1650.258,1650.738,1650.198,1650.258
1666045800000,1650.278,1650.668,1650.278,1650.438
1666046100000,1650.428,1650.428,1650.008,1650.028
1666046400000,1650.008,1650.008,1649.578,1649.658
1666046700000,1649.688,1650.178,1649.658,1649.798
1666047000000,1649.808,1650.718,1649.808,1650.708
1666047300000,1650.708,1650.868,1650.408,1650.448
1666047600000,1650.418,1650.528,1649.868,1650.058
1666047900000,1650.098,1650.138,1650.008,1650.078
1666048200000,1650.115,1650.398,1650.115,1650.198
1666048500000,1650.178,1650.208,1650.128,1650.138
1666048800000,1650.138,1650.328,1650.138,1650.307
1666049100000,1650.328,1650.778,1650.298,1650.618
1666049400000,1650.615,1650.688,1650.498,1650.578
1666049700000,1650.598,1650.598,1650.228,1650.408
1666050000000,1650.428,1650.998,1650.428,1650.898
1666050300000,1650.898,1651.228,1650.798,1651.128
1666050600000,1651.178,1651.208,1650.048,1650.128
1666050900000,1650.128,1650.908,1649.748,1650.568
1666051200000,1650.538,1651.518,1650.468,1650.548
1666051500000,1650.548,1650.638,1650.038,1650.218
1666051800000,1650.248,1651.238,1650.188,1651.168
1666052100000,1651.168,1651.508,1650.338,1650.488
1666052400000,1650.518,1650.578,1649.858,1650.398
1666052700000,1650.368,1650.938,1650.218,1650.908
1666053000000,1650.908,1651.798,1650.218,1650.278
1666053300000,1650.268,1651.238,1650.098,1650.828
1666053600000,1650.828,1651.198,1650.388,1650.528
1666053900000,1650.468,1650.978,1650.398,1650.538
1666054200000,1650.528,1652.038,1650.178,1651.047
1666054500000,1650.997,1652.188,1650.547,1652.018
1666054800000,1652.058,1653.158,1651.858,1653.138
1666055100000,1653.138,1653.428,1652.558,1653.058
1666055400000,1653.018,1653.088,1652.387,1652.558
1666055700000,1652.558,1652.578,1651.578,1651.687
1666056000000,1651.687,1652.128,1651.618,1652.088
1666056300000,1652.038,1652.237,1651.728,1652.237
1666056600000,1652.237,1652.877,1650.898,1650.998
1666056900000,1650.918,1651.448,1650.328,1651.035
1666057200000,1651.035,1651.728,1650.928,1651.728
1666057500000,1651.698,1652.458,1651.438,1652.008
1666057800000,1652.008,1652.008,1650.968,1650.998
1666058100000,1650.998,1651.288,1650.458,1651.058
1666058400000,1651.078,1651.088,1650.558,1650.978
1666058700000,1650.978,1650.978,1649.878,1650.028
1666059000000,1650.018,1650.238,1649.117,1649.378
1666059300000,1649.438,1649.748,1649.158,1649.538
1666059600000,1649.528,1650.018,1649.098,1649.868
1666059900000,1649.868,1650.038,1649.288,1649.568
1666060200000,1649.568,1650.638,1649.568,1650.528
1666060500000,1650.548,1650.728,1650.208,1650.468
1666060800000,1650.418,1651.108,1649.978,1650.078
1666061100000,1650.078,1650.308,1649.778,1650.138
1666061400000,1650.168,1650.758,1650.018,1650.758
1666061700000,1650.758,1651.048,1648.788,1649.307
1666062000000,1649.307,1650.548,1648.948,1650.298
1666062300000,1650.278,1651.428,1650.078,1651.178
1666062600000,1651.198,1651.358,1651.058,1651.288
1666062900000,1651.288,1651.408,1650.988,1651.028
1666063200000,1651.028,1651.108,1650.098,1650.208
1666063500000,1650.208,1650.358,1649.828,1650.298
1666063800000,1650.298,1651.138,1650.288,1651.048
1666064100000,1651.058,1651.148,1650.428,1650.888
1666064400000,1650.888,1652.158,1650.648,1652.148
1666064700000,1652.148,1652.588,1651.878,1652.097
1666065000000,1652.148,1652.778,1651.838,1652.488
1666065300000,1652.488,1652.908,1652.308,1652.358
1666065600000,1652.398,1654.848,1652.268,1654.708
1666065900000,1654.708,1654.908,1653.728,1653.858
1666066200000,1653.918,1654.678,1653.678,1654.378
1666066500000,1654.378,1656.548,1654.358,1655.938
1666066800000,1655.958,1656.418,1655.668,1656.358
1666067100000,1656.288,1658.288,1656.265,1657.508
1666067400000,1657.508,1658.708,1657.278,1658.548
1666067700000,1658.508,1659.948,1658.198,1659.398
1666068000000,1659.398,1660.647,1658.628,1659.058
1666068300000,1659.077,1659.818,1658.988,1659.708
1666068600000,1659.708,1659.717,1658.718,1658.898
1666068900000,1658.898,1659.338,1658.417,1659.248
1666069200000,1659.288,1660.008,1658.988,1659.768
1666069500000,1659.708,1660.668,1659.398,1659.798
1666069800000,1659.787,1660.707,1659.537,1660.108
1666070100000,1660.128,1660.138,1659.408,1659.658
1666070400000,1659.678,1659.918,1658.917,1658.937
1666070700000,1658.918,1659.378,1658.637,1659.338
1666071000000,1659.308,1659.308,1657.858,1658.588
1666071300000,1658.558,1658.778,1657.778,1658.078
1666071600000,1658.098,1658.398,1657.418,1657.638
1666071900000,1657.608,1658.688,1657.458,1658.088
1666072200000,1658.118,1658.398,1657.618,1657.838
1666072500000,1657.828,1657.828,1656.198,1656.458
1666072800000,1656.458,1656.738,1655.528,1655.757
1666073100000,1655.767,1656.018,1654.608,1655.008
1666073400000,1655.008,1655.868,1654.818,1654.967
1666073700000,1654.947,1655.128,1654.108,1654.427
1666074000000,1654.438,1655.168,1654.358,1654.368
1666074300000,1654.398,1654.968,1654.077,1654.527
1666074600000,1654.587,1654.868,1653.198,1653.678
1666074900000,1653.708,1654.708,1653.658,1654.348
1666075200000,1654.378,1656.208,1654.348,1656.035
1666075500000,1656.035,1656.608,1655.598,1655.908
1666075800000,1655.908,1655.908,1654.838,1655.448
1666076100000,1655.418,1655.808,1654.828,1654.958
1666076400000,1654.988,1655.888,1654.478,1655.888
1666076700000,1655.888,1655.998,1652.838,1653.478
1666077000000,1653.478,1654.148,1652.568,1653.008
1666077300000,1653.018,1653.478,1652.248,1652.398
1666077600000,1652.378,1652.458,1651.148,1651.978
1666077900000,1651.988,1653.028,1651.638,1652.878
1666078200000,1652.868,1654.228,1651.958,1652.548
1666078500000,1652.588,1654.198,1652.508,1654.088
1666078800000,1654.098,1654.338,1653.018,1653.568
1666079100000,1653.568,1655.398,1653.398,1655.388
1666079400000,1655.388,1656.038,1654.528,1655.868
1666079700000,1655.868,1656.918,1655.448,1656.278
1666080000000,1656.298,1656.938,1655.828,1656.548
1666080300000,1656.578,1657.458,1656.218,1656.238
1666080600000,1656.198,1656.828,1655.988,1656.428
1666080900000,1656.428,1656.428,1655.148,1655.228
1666081200000,1655.228,1655.398,1654.128,1655.208
1666081500000,1655.228,1655.948,1655.075,1655.478
1666081800000,1655.448,1656.438,1655.148,1655.528
1666082100000,1655.528,1655.528,1654.148,1654.498
1666082400000,1654.528,1654.588,1652.778,1653.038
1666082700000,1652.997,1653.437,1651.888,1652.468
1666083000000,1652.448,1653.208,1651.918,1652.188
1666083300000,1652.198,1652.318,1649.698,1649.868
1666083600000,1649.868,1653.308,1648.518,1650.968
1666083900000,1650.988,1651.478,1649.188,1649.588
1666084200000,1649.528,1651.148,1649.178,1650.758
1666084500000,1650.798,1653.438,1650.508,1652.218
1666084800000,1652.248,1652.338,1650.938,1651.088
1666085100000,1651.048,1652.648,1650.968,1651.858
1666085400000,1651.958,1652.488,1650.568,1650.945
1666085700000,1650.945,1651.798,1650.558,1650.848
1666086000000,1650.848,1651.238,1650.148,1650.268
1666086300000,1650.238,1651.008,1649.958,1650.648
1666086600000,1650.648,1651.318,1650.298,1651.188
1666086900000,1651.188,1652.328,1651.008,1651.898
1666087200000,1651.898,1652.248,1650.908,1651.768
1666087500000,1651.678,1652.158,1651.178,1651.838
1666087800000,1651.828,1652.028,1651.068,1651.868
1666088100000,1651.858,1653.148,1651.718,1652.328
1666088400000,1652.338,1652.838,1651.948,1652.048
1666088700000,1652.038,1653.258,1651.608,1652.258
1666089000000,1652.228,1652.708,1651.998,1652.128
1666089300000,1652.168,1653.198,1652.058,1653.098
1666089600000,1653.058,1653.418,1651.858,1652.178
1666089900000,1652.198,1652.268,1651.148,1651.738
1666090200000,1651.838,1652.248,1650.828,1651.418
1666090500000,1651.418,1651.568,1650.128,1651.118
1666090800000,1651.128,1652.828,1650.938,1652.438
1666091100000,1652.438,1654.008,1652.228,1652.598
1666091400000,1652.678,1653.918,1652.338,1652.818
1666091700000,1652.798,1653.248,1652.498,1652.658
1666092000000,1652.648,1653.428,1652.598,1652.778
1666092300000,1652.778,1653.318,1651.958,1652.798
1666092600000,1652.738,1653.368,1652.478,1653.138
1666092900000,1653.158,1653.768,1652.348,1653.738
1666093200000,1653.748,1653.978,1653.308,1653.538
1666093500000,1653.538,1653.858,1652.757,1653.518
1666093800000,1653.477,1653.477,1652.758,1653.038
1666094100000,1653.038,1653.198,1652.448,1652.778
1666094400000,1652.788,1653.148,1651.898,1652.878
1666094700000,1652.908,1653.108,1652.168,1652.938
1666095000000,1652.948,1655.168,1652.918,1654.808
1666095300000,1654.808,1655.738,1653.748,1655.218
1666095600000,1655.238,1655.978,1654.198,1655.218
1666095900000,1655.248,1656.328,1654.308,1655.698
1666096200000,1655.748,1657.228,1654.908,1655.328
1666096500000,1655.418,1656.068,1654.528,1655.938
1666096800000,1655.958,1656.668,1655.528,1655.988
1666097100000,1655.948,1656.658,1655.168,1656.578
1666097400000,1656.508,1656.828,1655.898,1656.028
1666097700000,1656.018,1657.168,1655.988,1656.328
1666098000000,1656.328,1656.588,1655.048,1655.808
1666098300000,1655.828,1656.018,1654.118,1654.888
1666098600000,1654.948,1656.048,1654.758,1654.898
1666098900000,1654.898,1654.908,1653.388,1653.558
1666099200000,1653.538,1654.968,1653.538,1654.838
1666099500000,1654.858,1655.448,1654.708,1654.898
1666099800000,1654.857,1656.478,1653.858,1654.638
1666100100000,1654.628,1656.208,1654.598,1655.758
1666100400000,1655.728,1655.918,1654.028,1654.747
1666100700000,1654.718,1654.798,1653.108,1654.018
1666101000000,1653.987,1654.428,1651.538,1651.808
1666101300000,1651.817,1652.817,1651.448,1651.807
1666101600000,1651.777,1654.288,1651.777,1653.097
1666101900000,1653.097,1654.017,1652.448,1652.967
1666102200000,1652.958,1653.628,1652.317,1652.928
1666102500000,1652.988,1653.127,1650.798,1651.567
1666102800000,1651.568,1652.268,1650.458,1650.997
1666103100000,1650.987,1651.158,1649.018,1649.617
1666103400000,1649.677,1649.908,1648.448,1649.398
1666103700000,1649.398,1649.648,1648.757,1649.178
1666104000000,1649.188,1650.988,1649.017,1650.967
1666104300000,1650.978,1652.348,1650.248,1652.048
1666104600000,1651.978,1652.728,1651.867,1652.608
1666104900000,1652.598,1653.148,1652.287,1652.387
1666105200000,1652.387,1652.577,1651.358,1652.058
1666105500000,1652.058,1652.388,1651.028,1651.608
1666105800000,1651.698,1652.198,1650.897,1651.458
1666106100000,1651.468,1651.528,1648.618,1648.668
1666106400000,1648.657,1649.248,1646.508,1648.017
1666106700000,1648.017,1648.017,1648.017,1648.017
1666107000000,1648.017,1648.017,1646.928,1647.417
1666107300000,1647.408,1647.908,1645.898,1646.228
1666107600000,1646.238,1647.408,1645.647,1647.288
1666107900000,1647.298,1648.882,1646.788,1648.447
1666108200000,1648.457,1650.727,1648.087,1650.167
1666108500000,1650.157,1650.667,1649.418,1649.628
1666108800000,1649.608,1649.948,1648.747,1649.848
1666109100000,1649.948,1650.708,1648.948,1650.588
1666109400000,1650.558,1651.368,1650.477,1650.578
1666109700000,1650.608,1651.148,1649.848,1650.398
1666110000000,1650.367,1650.398,1649.558,1649.658
1666110300000,1649.658,1650.088,1648.957,1649.877
1666110600000,1649.928,1650.517,1649.267,1650.287
1666110900000,1650.297,1651.678,1650.227,1651.258
1666111200000,1651.247,1652.148,1651.027,1651.198
1666111500000,1651.157,1651.398,1649.958,1650.088
1666111800000,1650.107,1650.377,1649.667,1650.217
1666112100000,1650.197,1650.437,1649.747,1650.077
1666112400000,1650.067,1650.668,1648.198,1648.267
1666112700000,1648.317,1649.527,1648.157,1649.447
1666113000000,1649.427,1650.907,1649.307,1650.628
1666113300000,1650.628,1650.698,1649.327,1650.017
1666113600000,1650.007,1650.858,1649.728,1650.578
1666113900000,1650.628,1651.208,1650.208,1650.557
1666114200000,1650.598,1651.998,1650.358,1651.988
1666114500000,1652.008,1652.268,1651.458,1652.268
1666114800000,1652.268,1652.598,1651.558,1651.908
1666115100000,1651.908,1652.008,1650.347,1651.747
1666115400000,1651.767,1652.327,1651.448,1651.928
1666115700000,1651.937,1652.328,1651.188,1651.677
1666116000000,1651.667,1652.107,1651.258,1651.347
1666116300000,1651.317,1651.608,1650.868,1651.368
1666116600000,1651.367,1652.327,1651.317,1651.758
1666116900000,1651.758,1651.927,1651.128,1651.208
1666117200000,1651.318,1651.417,1650.828,1651.058
1666117500000,1651.077,1651.537,1650.888,1651.477
1666117800000,1651.567,1651.567,1650.507,1650.997
1666118100000,1650.988,1651.108,1650.017,1650.448
1666118400000,1650.467,1650.487,1649.367,1649.547
1666118700000,1649.497,1649.657,1648.668,1648.887
1666119000000,1648.797,1648.992,1647.987,1648.618
1666119300000,1648.617,1650.218,1648.328,1650.108
1666119600000,1650.037,1650.208,1649.007,1649.658
1666119900000,1649.627,1650.298,1649.508,1649.527
1666120200000,1649.508,1650.248,1649.428,1650.248
1666120500000,1650.148,1650.298,1649.398,1649.827
1666120800000,1649.808,1650.248,1649.308,1650.085
1666121100000,1650.085,1650.148,1649.248,1650.048
1666121400000,1650.047,1651.208,1649.748,1650.908
1666121700000,1650.878,1651.048,1650.478,1650.908
1666122000000,1650.937,1651.148,1650.487,1651.108
1666122300000,1651.108,1651.158,1650.648,1651.118
1666122600000,1651.208,1651.578,1650.608,1650.795
1666122900000,1650.808,1651.278,1650.177,1651.248
1666123200000,1651.187,1651.258,1650.538,1651.238
1666123500000,1651.238,1651.368,1650.938,1650.998
1666123800000,1650.998,1651.258,1650.948,1651.078
1666124100000,1651.158,1651.367,1651.048,1651.308
1666124400000,1651.308,1651.398,1651.238,1651.338
1666124700000,1651.318,1651.768,1651.318,1651.608
1666125000000,1651.567,1651.577,1651.097,1651.178
1666125300000,1651.178,1651.678,1651.178,1651.678
1666125600000,1651.678,1651.897,1651.638,1651.707
1666125900000,1651.687,1651.888,1651.588,1651.778
1666126200000,1651.778,1651.778,1651.047,1651.227
1666126500000,1651.247,1652.047,1651.197,1651.698
1666126800000,1651.698,1651.698,1651.698,1651.698
1666127100000,1651.698,1651.698,1651.698,1651.698
1666127400000,1651.698,1651.698,1651.698,1651.698
1666127700000,1651.698,1651.698,1651.698,1651.698
1666128000000,1651.698,1651.698,1651.698,1651.698
1666128300000,1651.698,1651.698,1651.698,1651.698
1666128600000,1651.698,1651.698,1651.698,1651.698
1666128900000,1651.698,1651.698,1651.698,1651.698
1666129200000,1651.698,1651.698,1651.698,1651.698
1666129500000,1651.698,1651.698,1651.698,1651.698
1666129800000,1651.698,1651.698,1651.698,1651.698
1666130100000,1651.698,1651.698,1651.698,1651.698
1666130400000,1651.467,1651.948,1651.358,1651.858
1666130700000,1651.878,1652.148,1651.798,1651.798
1666131000000,1651.798,1652.398,1651.728,1652.398
1666131300000,1652.398,1652.498,1652.187,1652.398
1666131600000,1652.398,1652.498,1652.237,1652.348
1666131900000,1652.348,1652.348,1652.227,1652.348
1666132200000,1652.348,1652.348,1652.187,1652.248
1666132500000,1652.248,1652.448,1652.207,1652.348
1666132800000,1652.248,1652.348,1652.148,1652.148
1666133100000,1652.148,1652.148,1652.037,1652.148
1666133400000,1652.148,1652.548,1652.148,1652.548
1666133700000,1652.498,1652.548,1652.248,1652.448
1666134000000,1652.448,1653.458,1652.448,1653.398
1666134300000,1653.328,1653.748,1653.148,1653.648
1666134600000,1653.597,1654.228,1653.597,1654.008
1666134900000,1654.078,1654.318,1652.858,1653.228
1666135200000,1653.188,1653.558,1653.188,1653.498
1666135500000,1653.508,1653.508,1653.198,1653.198
1666135800000,1653.127,1653.198,1652.578,1652.878
1666136100000,1652.828,1652.888,1652.528,1652.568
1666136400000,1652.487,1652.898,1652.208,1652.868
1666136700000,1652.878,1652.878,1652.227,1652.648
1666137000000,1652.648,1652.748,1651.848,1651.848
1666137300000,1651.888,1652.318,1651.468,1652.198
1666137600000,1652.157,1652.978,1651.998,1651.998
1666137900000,1652.098,1653.098,1651.898,1651.898
1666138200000,1651.898,1652.847,1651.097,1651.798
1666138500000,1651.727,1651.737,1651.017,1651.517
1666138800000,1651.537,1651.598,1650.758,1651.348
1666139100000,1651.348,1651.848,1651.248,1651.467
1666139400000,1651.448,1651.978,1651.298,1651.418
1666139700000,1651.427,1651.948,1651.348,1651.858
1666140000000,1651.918,1652.148,1651.668,1651.998
1666140300000,1651.998,1652.398,1651.378,1651.517
1666140600000,1651.517,1652.298,1651.298,1651.707
1666140900000,1651.747,1653.248,1651.598,1652.948
1666141200000,1652.877,1653.218,1651.348,1651.828
1666141500000,1651.808,1651.998,1650.898,1651.398
1666141800000,1651.398,1652.517,1650.998,1652.407
1666142100000,1652.407,1652.498,1651.808,1652.018
1666142400000,1652.018,1652.028,1650.498,1650.898
1666142700000,1650.898,1650.998,1650.498,1650.718
1666143000000,1650.718,1652.298,1650.598,1652.298
1666143300000,1652.298,1653.198,1651.827,1653.117
1666143600000,1653.078,1653.228,1652.198,1652.575
1666143900000,1652.575,1652.575,1651.648,1652.137
1666144200000,1652.118,1652.677,1651.968,1652.368
1666144500000,1652.338,1652.678,1651.708,1651.898
1666144800000,1651.868,1652.517,1651.778,1652.098
1666145100000,1652.098,1652.127,1651.327,1651.508
1666145400000,1651.508,1651.798,1650.978,1651.618
1666145700000,1651.608,1651.898,1651.118,1651.418
1666146000000,1651.408,1651.498,1650.998,1651.315
1666146300000,1651.315,1651.727,1651.087,1651.337
1666146600000,1651.317,1651.617,1650.998,1650.998
1666146900000,1650.998,1650.998,1650.098,1650.717
1666147200000,1650.687,1650.998,1650.077,1650.505
1666147500000,1650.505,1650.548,1649.577,1650.198
1666147800000,1650.198,1650.198,1649.598,1649.747
1666148100000,1649.757,1649.818,1649.398,1649.578
1666148400000,1649.617,1650.315,1649.418,1649.908
1666148700000,1649.917,1649.928,1649.478,1649.807
1666149000000,1649.777,1650.118,1649.487,1649.988
1666149300000,1649.988,1650.478,1649.498,1649.817
1666149600000,1649.817,1650.605,1649.498,1650.208
1666149900000,1650.298,1650.298,1649.798,1649.798
1666150200000,1649.797,1650.147,1649.698,1649.998
1666150500000,1650.017,1650.237,1649.597,1649.698
1666150800000,1649.698,1650.015,1649.598,1649.598
1666151100000,1649.598,1649.747,1649.298,1649.598
1666151400000,1649.507,1649.898,1649.257,1649.298
1666151700000,1649.287,1649.298,1648.898,1649.098
1666152000000,1649.198,1649.385,1648.837,1649.008
1666152300000,1648.948,1648.998,1648.598,1648.898
1666152600000,1648.827,1649.118,1648.698,1649.108
1666152900000,1649.088,1649.158,1648.788,1649.048
1666153200000,1648.988,1649.167,1648.267,1648.297
1666153500000,1648.287,1648.348,1647.698,1648.148
1666153800000,1648.137,1648.137,1647.138,1647.528
1666154100000,1647.527,1647.638,1646.458,1646.538
1666154400000,1646.548,1647.128,1645.718,1646.017
1666154700000,1646.018,1646.118,1645.617,1646.007
1666155000000,1646.097,1646.407,1645.417,1646.337
1666155300000,1646.327,1646.707,1646.117,1646.198
1666155600000,1646.157,1646.198,1644.807,1645.327
1666155900000,1645.307,1646.248,1645.267,1646.068
1666156200000,1646.067,1646.248,1645.737,1645.877
1666156500000,1645.898,1646.175,1645.317,1645.517
1666156800000,1645.448,1645.827,1645.257,1645.417
1666157100000,1645.427,1646.248,1645.257,1646.187
1666157400000,1646.177,1647.148,1645.848,1646.767
1666157700000,1646.848,1647.468,1646.587,1646.988
1666158000000,1646.948,1647.048,1646.628,1646.948
1666158300000,1646.957,1647.448,1646.448,1646.517
1666158600000,1646.497,1647.397,1646.348,1647.148
1666158900000,1647.178,1647.648,1646.687,1646.748
1666159200000,1646.757,1646.807,1644.517,1644.873
1666159500000,1644.498,1646.487,1644.398,1646.377
1666159800000,1646.307,1646.707,1645.537,1645.547
1666160100000,1645.557,1646.017,1644.668,1645.257
1666160400000,1645.198,1645.267,1643.237,1643.695
1666160700000,1643.695,1643.695,1642.368,1642.627
1666161000000,1642.607,1643.117,1642.477,1642.808
1666161300000,1642.808,1643.228,1642.557,1642.557
1666161600000,1642.567,1642.848,1642.257,1642.287
1666161900000,1642.307,1643.737,1642.257,1642.577
1666162200000,1642.577,1642.937,1640.757,1641.647
1666162500000,1641.727,1641.737,1639.707,1640.798
1666162800000,1640.807,1641.087,1637.988,1638.158
1666163100000,1638.158,1638.877,1637.597,1638.448
1666163400000,1638.468,1639.148,1637.958,1638.368
1666163700000,1638.317,1638.948,1637.567,1638.477
1666164000000,1638.477,1639.437,1638.267,1639.077
1666164300000,1639.058,1639.398,1638.467,1639.138
1666164600000,1639.127,1639.998,1638.387,1639.217
1666164900000,1639.248,1640.598,1638.848,1640.328
1666165200000,1640.288,1645.098,1640.218,1642.798
1666165500000,1642.798,1643.398,1641.818,1643.398
1666165800000,1643.347,1646.898,1643.298,1644.977
1666166100000,1644.948,1645.767,1644.297,1644.598
1666166400000,1644.628,1644.698,1643.308,1643.558
1666166700000,1643.558,1643.577,1642.278,1642.318
1666167000000,1642.337,1642.527,1641.068,1641.597
1666167300000,1641.587,1641.748,1640.438,1640.548
1666167600000,1640.548,1640.825,1639.598,1639.598
1666167900000,1639.598,1640.027,1639.017,1639.598
1666168200000,1639.598,1640.537,1639.457,1640.537
1666168500000,1640.567,1640.648,1639.487,1640.367
1666168800000,1640.347,1641.608,1640.087,1641.548
1666169100000,1641.548,1641.577,1640.438,1640.758
1666169400000,1640.758,1642.048,1640.647,1641.548
1666169700000,1641.558,1641.648,1640.387,1640.648
1666170000000,1640.648,1640.948,1639.807,1640.058
1666170300000,1640.027,1641.888,1639.937,1641.168
1666170600000,1641.138,1641.248,1639.997,1641.048
1666170900000,1640.987,1641.268,1640.228,1640.268
1666171200000,1640.277,1640.448,1639.907,1640.398
1666171500000,1640.438,1640.478,1639.507,1640.018
1666171800000,1640.017,1640.958,1639.898,1640.567
1666172100000,1640.597,1640.868,1639.987,1640.527
1666172400000,1640.537,1641.178,1640.287,1640.458
1666172700000,1640.427,1640.428,1638.988,1640.068
1666173000000,1640.088,1640.328,1639.498,1640.058
1666173300000,1640.088,1642.017,1640.087,1641.797
1666173600000,1641.797,1641.857,1640.157,1640.168
1666173900000,1640.188,1640.927,1640.068,1640.368
1666174200000,1640.347,1640.528,1639.298,1639.498
1666174500000,1639.457,1639.818,1639.228,1639.538
1666174800000,1639.477,1639.538,1635.577,1636.668
1666175100000,1636.668,1637.118,1635.738,1635.738
1666175400000,1635.737,1635.738,1633.877,1634.718
1666175700000,1634.677,1635.598,1633.998,1634.298
1666176000000,1634.347,1634.388,1632.667,1633.488
1666176300000,1633.488,1634.458,1632.527,1634.358
1666176600000,1634.358,1634.478,1633.618,1634.128
1666176900000,1634.108,1634.108,1632.677,1632.988
1666177200000,1632.988,1633.318,1632.308,1632.308
1666177500000,1632.268,1633.338,1632.028,1632.417
1666177800000,1632.417,1632.698,1631.778,1632.138
1666178100000,1632.147,1633.058,1631.748,1631.778
1666178400000,1631.758,1633.848,1631.728,1633.388
1666178700000,1633.358,1633.738,1632.668,1633.158
1666179000000,1633.138,1633.598,1632.548,1632.928
1666179300000,1632.928,1633.927,1632.598,1633.537
1666179600000,1633.528,1634.058,1633.108,1633.188
1666179900000,1633.188,1634.848,1632.888,1634.808
1666180200000,1634.748,1634.838,1633.898,1634.428
1666180500000,1634.508,1635.467,1634.178,1635.098
1666180800000,1635.058,1635.158,1633.038,1633.148
1666181100000,1633.148,1634.348,1632.517,1633.358
1666181400000,1633.287,1634.158,1632.657,1634.035
1666181700000,1634.035,1634.778,1633.778,1634.348
1666182000000,1634.348,1634.348,1630.517,1632.457
1666182300000,1632.438,1634.037,1631.997,1633.367
1666182600000,1633.417,1633.947,1630.267,1632.667
1666182900000,1632.667,1635.498,1631.878,1635.298
1666183200000,1635.238,1636.457,1634.188,1634.188
1666183500000,1634.188,1634.928,1632.697,1633.757
1666183800000,1633.687,1636.518,1632.758,1635.368
1666184100000,1635.367,1635.798,1633.778,1634.798
1666184400000,1634.798,1636.058,1634.628,1635.118
1666184700000,1635.058,1635.508,1632.508,1633.318
1666185000000,1633.287,1635.518,1633.077,1635.317
1666185300000,1635.337,1635.908,1634.267,1635.798
1666185600000,1635.708,1636.298,1635.098,1635.468
1666185900000,1635.458,1635.458,1633.118,1633.208
1666186200000,1633.258,1637.348,1633.087,1636.358
1666186500000,1636.347,1636.768,1634.828,1636.668
1666186800000,1636.668,1636.868,1633.237,1633.388
1666187100000,1633.388,1634.978,1631.177,1631.597
1666187400000,1631.537,1634.457,1631.348,1634.308
1666187700000,1634.347,1634.447,1632.797,1633.337
1666188000000,1633.297,1633.297,1631.277,1631.868
1666188300000,1631.687,1633.087,1631.687,1632.187
1666188600000,1632.157,1634.998,1631.898,1634.898
1666188900000,1634.898,1636.008,1633.828,1634.658
1666189200000,1634.667,1636.157,1634.298,1635.717
1666189500000,1635.985,1636.977,1635.167,1636.977
1666189800000,1636.977,1637.587,1635.238,1635.528
1666190100000,1635.528,1636.922,1635.448,1636.028
1666190400000,1636.047,1636.067,1634.008,1634.648
1666190700000,1634.658,1635.577,1634.057,1634.448
1666191000000,1634.448,1634.948,1634.148,1634.258
1666191300000,1634.247,1634.318,1632.948,1633.738
1666191600000,1633.727,1634.398,1632.878,1633.258
1666191900000,1633.308,1634.548,1633.308,1634.548
1666192200000,1634.507,1635.608,1633.758,1634.048
1666192500000,1634.048,1634.318,1633.458,1633.818
1666192800000,1633.808,1634.248,1632.328,1632.328
1666193100000,1632.317,1632.647,1631.427,1632.077
1666193400000,1632.077,1632.148,1631.127,1631.748
1666193700000,1631.748,1631.757,1630.628,1631.708
1666194000000,1631.647,1631.958,1631.088,1631.278
1666194300000,1631.308,1631.998,1631.008,1631.428
1666194600000,1631.487,1631.787,1631.287,1631.575
1666194900000,1631.348,1632.298,1630.198,1630.397
1666195200000,1630.397,1631.087,1629.407,1630.577
1666195500000,1630.597,1630.727,1628.938,1629.298
1666195800000,1629.298,1629.947,1628.617,1629.148
1666196100000,1629.138,1629.447,1628.708,1629.217
1666196400000,1629.167,1629.947,1629.075,1629.075
1666196700000,1629.075,1629.137,1628.217,1628.547
1666197000000,1628.577,1629.057,1628.438,1628.957
1666197300000,1628.957,1629.138,1628.498,1628.818
1666197600000,1628.798,1629.098,1628.107,1628.998
1666197900000,1628.998,1629.298,1628.357,1629.147
1666198200000,1629.197,1630.327,1629.147,1629.765
1666198500000,1629.765,1630.017,1629.087,1629.458
1666198800000,1629.458,1629.637,1627.777,1627.957
1666199100000,1627.837,1628.817,1627.728,1628.058
1666199400000,1628.057,1628.698,1627.908,1628.398
1666199700000,1628.367,1628.978,1628.298,1628.878
1666200000000,1628.878,1629.928,1628.837,1629.557
1666200300000,1629.537,1630.137,1628.878,1629.757
1666200600000,1629.757,1630.058,1629.228,1629.228
1666200900000,1629.237,1629.397,1627.828,1627.897
1666201200000,1627.888,1628.388,1627.808,1628.228
1666201500000,1628.188,1628.328,1627.828,1628.248
1666201800000,1628.298,1628.308,1627.778,1628.228
1666202100000,1628.278,1628.518,1627.898,1628.328
1666202400000,1628.268,1628.858,1627.868,1628.308
1666202700000,1628.328,1628.628,1627.758,1628.528
1666203000000,1628.528,1628.817,1628.188,1628.808
1666203300000,1628.768,1629.168,1628.208,1628.888
1666203600000,1628.908,1629.137,1628.808,1629.027
1666203900000,1629.017,1629.298,1628.738,1629.168
1666204200000,1629.087,1629.328,1628.808,1628.838
1666204500000,1628.848,1629.208,1628.737,1629.067
1666204800000,1629.058,1629.148,1628.357,1628.497
1666205100000,1628.488,1628.677,1627.937,1628.197
1666205400000,1628.168,1628.187,1627.738,1627.848
1666205700000,1627.817,1628.148,1627.657,1627.998
1666206000000,1628.048,1628.708,1627.538,1627.588
1666206300000,1627.628,1628.578,1627.487,1628.388
1666206600000,1628.267,1628.678,1628.168,1628.268
1666206900000,1628.318,1629.358,1628.268,1629.268
1666207200000,1629.358,1629.678,1628.947,1629.138
1666207500000,1629.188,1629.368,1628.478,1628.768
1666207800000,1628.765,1629.008,1628.328,1629.008
1666208100000,1629.008,1629.738,1628.617,1629.318
1666208400000,1629.197,1629.708,1628.868,1628.975
1666208700000,1629.008,1629.408,1628.717,1628.958
1666209000000,1628.847,1629.378,1628.417,1628.748
1666209300000,1628.687,1629.358,1628.308,1629.358
1666209600000,1629.378,1629.378,1628.467,1629.158
1666209900000,1629.077,1629.158,1628.618,1628.938
1666210200000,1628.867,1629.108,1628.628,1628.708
1666210500000,1628.747,1629.075,1628.738,1628.898
1666210800000,1628.798,1629.128,1628.798,1628.998
1666211100000,1628.998,1629.148,1628.648,1628.848
1666211400000,1628.777,1629.148,1628.698,1628.698
1666211700000,1628.657,1628.798,1628.348,1628.398
1666212000000,1628.327,1628.898,1628.327,1628.848
1666212300000,1628.858,1628.997,1628.557,1628.758
1666212600000,1628.707,1628.858,1628.548,1628.657
1666212900000,1628.667,1629.267,1628.647,1628.798
1666213200000,1628.798,1628.798,1628.798,1628.798
1666213500000,1628.798,1628.798,1628.798,1628.798
1666213800000,1628.798,1628.798,1628.798,1628.798
1666214100000,1628.798,1628.798,1628.798,1628.798
1666214400000,1628.798,1628.798,1628.798,1628.798
1666214700000,1628.798,1628.798,1628.798,1628.798
1666215000000,1628.798,1628.798,1628.798,1628.798
1666215300000,1628.798,1628.798,1628.798,1628.798
1666215600000,1628.798,1628.798,1628.798,1628.798
1666215900000,1628.798,1628.798,1628.798,1628.798
1666216200000,1628.798,1628.798,1628.798,1628.798
1666216500000,1628.798,1628.798,1628.798,1628.798
1666216800000,1629.468,1629.547,1628.698,1629.098
1666217100000,1628.998,1629.098,1628.527,1628.988
1666217400000,1628.998,1629.538,1628.998,1629.438
1666217700000,1629.458,1629.638,1629.077,1629.498
1666218000000,1629.457,1629.967,1629.407,1629.967
1666218300000,1629.998,1630.125,1629.298,1629.398
1666218600000,1629.398,1629.398,1628.948,1629.238
1666218900000,1629.238,1629.587,1628.828,1629.198
1666219200000,1629.198,1629.298,1628.258,1628.298
1666219500000,1628.298,1628.398,1627.907,1628.035
1666219800000,1628.098,1628.247,1627.768,1628.198
1666220100000,1628.198,1628.198,1627.898,1627.938
1666220400000,1627.938,1627.938,1627.447,1627.578
1666220700000,1627.578,1627.798,1627.578,1627.738
1666221000000,1627.798,1627.898,1627.668,1627.718
1666221300000,1627.668,1628.027,1627.638,1627.888
1666221600000,1627.888,1627.888,1627.577,1627.628
1666221900000,1627.607,1627.798,1627.257,1627.498
1666222200000,1627.287,1627.598,1627.098,1627.525
1666222500000,1627.525,1627.598,1626.947,1626.998
1666222800000,1626.998,1627.198,1626.247,1626.658
1666223100000,1626.578,1627.398,1626.487,1627.347
1666223400000,1627.398,1627.408,1626.907,1627.098
1666223700000,1627.108,1627.448,1627.018,1627.018
1666224000000,1626.907,1627.237,1625.798,1625.818
1666224300000,1625.838,1626.967,1625.837,1626.938
1666224600000,1626.897,1628.177,1626.848,1627.988
1666224900000,1627.998,1628.717,1627.988,1628.448
1666225200000,1628.448,1629.207,1628.448,1628.857
1666225500000,1628.867,1629.108,1628.098,1628.598
1666225800000,1628.617,1629.008,1627.897,1627.968
1666226100000,1627.968,1628.248,1627.528,1628.048
1666226400000,1628.118,1628.667,1627.308,1628.477
1666226700000,1628.567,1628.688,1627.718,1627.848
1666227000000,1627.818,1628.598,1627.818,1628.128
1666227300000,1628.097,1628.398,1627.658,1628.398
1666227600000,1628.298,1628.598,1627.048,1627.207
1666227900000,1627.198,1627.377,1625.887,1626.048
1666228200000,1626.017,1626.318,1625.098,1625.698
1666228500000,1625.698,1626.898,1624.988,1626.298
1666228800000,1626.198,1626.298,1625.037,1625.417
1666229100000,1625.498,1626.337,1625.037,1625.998
1666229400000,1625.997,1626.037,1625.288,1625.937
1666229700000,1625.898,1626.827,1625.587,1625.847
1666230000000,1625.837,1626.598,1625.687,1626.498
1666230300000,1626.698,1626.998,1626.128,1626.298
1666230600000,1626.087,1626.598,1625.387,1625.998
1666230900000,1626.098,1626.098,1623.947,1624.527
1666231200000,1624.488,1624.777,1624.228,1624.667
1666231500000,1624.717,1625.027,1624.357,1624.598
1666231800000,1624.567,1624.867,1624.228,1624.597
1666232100000,1624.567,1625.298,1624.447,1625.298
1666232400000,1625.298,1625.298,1624.598,1624.617
1666232700000,1624.598,1624.698,1623.038,1623.398
1666233000000,1623.498,1624.098,1622.888,1622.898
1666233300000,1622.927,1622.998,1622.257,1622.417
1666233600000,1622.417,1624.398,1622.377,1623.998
1666233900000,1623.937,1624.917,1623.858,1624.788
1666234200000,1624.698,1625.707,1624.678,1625.398
1666234500000,1625.398,1626.748,1625.298,1626.397
1666234800000,1626.308,1626.907,1626.238,1626.387
1666235100000,1626.448,1626.638,1625.748,1625.788
1666235400000,1625.838,1626.058,1625.198,1625.228
1666235700000,1625.258,1625.698,1625.117,1625.317
1666236000000,1625.327,1626.148,1625.298,1625.898
1666236300000,1625.928,1625.928,1625.427,1625.547
1666236600000,1625.547,1625.898,1625.498,1625.498
1666236900000,1625.498,1625.507,1625.098,1625.098
1666237200000,1625.198,1625.798,1625.098,1625.477
1666237500000,1625.457,1626.098,1625.298,1626.098
1666237800000,1626.047,1626.307,1625.887,1625.938
1666238100000,1625.977,1626.357,1625.848,1626.067
1666238400000,1626.077,1626.398,1625.898,1626.318
1666238700000,1626.317,1626.698,1626.208,1626.598
1666239000000,1626.498,1626.507,1624.878,1625.548
1666239300000,1625.397,1631.398,1625.348,1629.948
1666239600000,1629.948,1630.448,1629.148,1630.435
1666239900000,1630.435,1630.748,1629.197,1629.287
1666240200000,1629.287,1629.367,1628.547,1628.548
1666240500000,1628.648,1629.458,1628.588,1628.988
1666240800000,1628.947,1629.168,1628.568,1629.108
1666241100000,1629.138,1630.848,1629.038,1630.748
1666241400000,1630.648,1632.698,1630.377,1632.245
1666241700000,1632.245,1632.828,1632.245,1632.757
1666242000000,1632.737,1633.147,1631.908,1632.027
1666242300000,1632.007,1632.908,1631.888,1632.508
1666242600000,1632.517,1634.698,1632.517,1634.498
1666242900000,1634.427,1634.807,1634.028,1634.138
1666243200000,1634.127,1634.837,1633.248,1633.457
1666243500000,1633.528,1633.828,1633.068,1633.257
1666243800000,1633.257,1633.398,1631.998,1632.337
1666244100000,1632.298,1633.108,1632.128,1632.228
1666244400000,1632.177,1632.818,1632.177,1632.508
1666244700000,1632.487,1632.637,1631.398,1631.638
1666245000000,1631.598,1631.808,1631.298,1631.808
1666245300000,1631.858,1632.157,1631.498,1632.057
1666245600000,1632.097,1632.097,1630.907,1631.398
1666245900000,1631.358,1631.557,1629.698,1630.767
1666246200000,1630.717,1631.528,1630.208,1631.227
1666246500000,1631.177,1631.328,1630.778,1630.918
1666246800000,1630.878,1631.617,1629.718,1629.968
1666247100000,1629.968,1631.118,1629.728,1630.348
1666247400000,1630.348,1630.348,1628.598,1628.617
1666247700000,1628.658,1629.828,1628.658,1629.358
1666248000000,1629.337,1630.028,1628.848,1629.268
1666248300000,1629.167,1629.437,1628.758,1628.948
1666248600000,1628.998,1630.367,1628.437,1629.458
1666248900000,1629.427,1629.988,1629.398,1629.717
1666249200000,1629.717,1630.588,1627.957,1628.048
1666249500000,1628.098,1628.418,1626.918,1628.048
1666249800000,1628.037,1628.488,1627.598,1628.057
1666250100000,1628.098,1629.808,1627.848,1629.258
1666250400000,1629.258,1630.508,1629.258,1630.098
1666250700000,1630.057,1630.798,1629.618,1629.987
1666251000000,1629.967,1630.747,1629.497,1630.198
1666251300000,1630.157,1630.837,1627.188,1627.238
1666251600000,1627.238,1629.588,1627.077,1629.588
1666251900000,1629.587,1630.918,1629.498,1630.267
1666252200000,1630.217,1633.097,1630.027,1632.688
1666252500000,1632.677,1633.938,1632.288,1632.608
1666252800000,1632.607,1633.127,1631.887,1633.038
1666253100000,1633.017,1633.238,1632.268,1632.398
1666253400000,1632.398,1632.698,1631.547,1631.708
1666253700000,1631.738,1632.557,1631.528,1631.597
1666254000000,1631.587,1631.878,1630.597,1630.658
1666254300000,1630.647,1630.898,1629.277,1629.598
1666254600000,1629.587,1630.218,1628.558,1628.957
1666254900000,1628.947,1630.377,1628.848,1629.688
1666255200000,1629.688,1630.427,1629.237,1629.567
1666255500000,1629.568,1630.018,1628.937,1629.058
1666255800000,1629.107,1629.837,1628.837,1629.758
1666256100000,1629.668,1629.808,1628.958,1629.097
1666256400000,1629.097,1631.087,1629.097,1630.637
1666256700000,1630.628,1632.048,1630.467,1631.787
1666257000000,1631.797,1632.838,1631.638,1632.798
1666257300000,1632.747,1633.417,1632.698,1632.998
1666257600000,1633.007,1633.337,1632.448,1632.688
1666257900000,1632.698,1632.958,1632.128,1632.138
1666258200000,1632.198,1633.157,1632.097,1632.287
1666258500000,1632.347,1634.458,1632.327,1633.278
1666258800000,1633.257,1634.217,1633.257,1633.818
1666259100000,1633.847,1635.227,1633.847,1635.038
1666259400000,1635.037,1635.297,1634.308,1635.207
1666259700000,1635.217,1635.837,1634.447,1634.778
1666260000000,1634.738,1635.077,1633.818,1634.757
1666260300000,1634.757,1634.787,1633.598,1633.628
1666260600000,1633.627,1633.788,1632.728,1633.118
1666260900000,1633.098,1633.618,1632.988,1633.207
1666261200000,1633.178,1633.547,1632.788,1633.488
1666261500000,1633.538,1634.138,1633.057,1633.248
1666261800000,1633.167,1634.148,1633.147,1633.538
1666262100000,1633.498,1635.618,1633.458,1635.368
1666262400000,1635.337,1638.698,1635.328,1638.698
1666262700000,1638.597,1638.698,1636.368,1636.787
1666263000000,1636.777,1638.748,1636.777,1638.607
1666263300000,1638.588,1638.758,1637.208,1637.908
1666263600000,1637.877,1638.438,1637.198,1637.408
1666263900000,1637.458,1638.487,1636.948,1638.248
1666264200000,1638.247,1639.228,1638.038,1638.398
1666264500000,1638.398,1639.198,1637.998,1638.798
1666264800000,1638.898,1639.057,1637.157,1637.458
1666265100000,1637.458,1637.818,1636.837,1637.268
1666265400000,1637.257,1638.708,1636.938,1638.257
1666265700000,1638.287,1638.357,1637.128,1638.227
1666266000000,1638.207,1638.438,1636.328,1636.328
1666266300000,1636.428,1637.608,1636.048,1636.077
1666266600000,1636.018,1636.397,1635.317,1636.177
1666266900000,1636.167,1637.358,1636.158,1637.168
1666267200000,1637.157,1637.298,1636.448,1636.967
1666267500000,1636.967,1637.248,1636.197,1636.987
1666267800000,1636.957,1637.188,1635.867,1636.748
1666268100000,1636.758,1638.188,1636.758,1637.737
1666268400000,1637.717,1638.888,1637.108,1637.647
1666268700000,1637.747,1638.047,1636.577,1637.327
1666269000000,1637.307,1639.918,1634.768,1635.447
1666269300000,1635.347,1635.847,1633.917,1634.427
1666269600000,1634.387,1634.527,1632.077,1632.727
1666269900000,1632.708,1634.248,1632.087,1633.458
1666270200000,1633.458,1634.937,1633.167,1634.317
1666270500000,1634.328,1634.488,1631.717,1632.467
1666270800000,1632.447,1632.498,1630.948,1631.758
1666271100000,1631.778,1633.838,1631.638,1633.608
1666271400000,1633.628,1634.228,1632.668,1633.568
1666271700000,1633.547,1634.208,1633.147,1633.657
1666272000000,1633.657,1634.118,1632.608,1633.088
1666272300000,1633.058,1633.058,1631.527,1631.528
1666272600000,1631.568,1632.268,1630.157,1631.118
1666272900000,1631.087,1632.458,1630.277,1631.127
1666273200000,1631.137,1633.238,1630.957,1633.228
1666273500000,1633.227,1634.408,1633.018,1633.568
1666273800000,1633.617,1634.548,1633.148,1633.448
1666274100000,1633.548,1633.888,1632.487,1632.487
1666274400000,1632.467,1635.808,1632.387,1635.208
1666274700000,1635.278,1636.918,1635.238,1636.728
1666275000000,1636.697,1639.518,1636.128,1638.628
1666275300000,1638.698,1640.698,1638.318,1640.368
1666275600000,1640.327,1642.168,1640.308,1641.658
1666275900000,1641.698,1642.558,1640.458,1642.138
1666276200000,1642.167,1642.528,1640.608,1641.357
1666276500000,1641.447,1641.557,1639.878,1641.378
1666276800000,1641.295,1641.568,1639.878,1640.648
1666277100000,1640.657,1642.518,1640.117,1642.028
1666277400000,1642.028,1643.857,1641.997,1643.058
1666277700000,1643.058,1644.998,1643.058,1644.618
1666278000000,1644.618,1645.438,1643.967,1644.828
1666278300000,1644.787,1645.408,1644.098,1644.878
1666278600000,1644.867,1645.248,1644.098,1644.938
1666278900000,1644.907,1645.048,1642.508,1642.598
1666279200000,1642.577,1643.098,1642.077,1642.198
1666279500000,1642.198,1642.298,1640.327,1640.928
1666279800000,1640.897,1641.847,1640.837,1641.757
1666280100000,1641.747,1643.298,1641.727,1643.198
1666280400000,1643.167,1643.698,1642.198,1642.448
1666280700000,1642.448,1642.598,1641.488,1641.738
1666281000000,1641.688,1642.958,1641.548,1641.848
1666281300000,1641.748,1641.888,1640.838,1641.148
1666281600000,1641.107,1641.338,1639.667,1640.118
1666281900000,1640.018,1640.228,1638.668,1638.925
1666282200000,1638.925,1639.118,1638.418,1638.928
1666282500000,1638.968,1639.657,1638.728,1639.258
1666282800000,1639.258,1639.308,1637.948,1638.237
1666283100000,1638.218,1638.307,1637.168,1637.197
1666283400000,1637.188,1637.807,1636.758,1637.048
1666283700000,1637.148,1637.548,1636.527,1636.848
1666284000000,1636.908,1637.168,1635.988,1636.198
1666284300000,1636.207,1636.207,1634.988,1635.498
1666284600000,1635.487,1636.147,1635.228,1635.577
1666284900000,1635.527,1636.267,1635.047,1636.018
1666285200000,1636.027,1636.068,1634.367,1634.498
1666285500000,1634.437,1634.588,1631.858,1632.478
1666285800000,1632.457,1633.307,1632.198,1632.737
1666286100000,1632.737,1632.898,1632.088,1632.317
1666286400000,1632.317,1633.467,1632.007,1632.187
1666286700000,1632.148,1632.808,1631.937,1631.998
1666287000000,1631.977,1632.217,1631.327,1631.408
1666287300000,1631.655,1632.067,1631.208,1631.668
1666287600000,1631.567,1631.718,1630.637,1630.927
1666287900000,1630.927,1631.037,1630.188,1630.307
1666288200000,1630.317,1630.647,1629.398,1630.618
1666288500000,1630.597,1631.067,1630.217,1630.697
1666288800000,1630.717,1631.007,1629.707,1630.135
1666289100000,1630.147,1630.147,1628.808,1629.368
1666289400000,1629.408,1629.647,1628.128,1628.467
1666289700000,1628.437,1629.395,1628.128,1629.157
1666290000000,1629.395,1629.395,1628.448,1628.767
1666290300000,1628.728,1628.818,1628.148,1628.198
1666290600000,1628.187,1629.958,1628.167,1629.748
1666290900000,1629.748,1630.227,1628.918,1629.348
1666291200000,1629.387,1629.527,1628.577,1628.807
1666291500000,1628.807,1628.827,1628.048,1628.068
1666291800000,1628.077,1629.108,1627.997,1628.698
1666292100000,1628.708,1629.437,1628.298,1628.498
1666292400000,1628.447,1629.108,1627.898,1628.165
1666292700000,1628.165,1628.918,1628.018,1628.458
1666293000000,1628.468,1628.648,1627.827,1628.038
1666293300000,1627.997,1628.068,1627.248,1627.348
1666293600000,1627.458,1627.685,1625.318,1625.558
1666293900000,1625.538,1625.598,1624.648,1625.498
1666294200000,1625.447,1625.538,1624.918,1625.088
1666294500000,1625.128,1625.358,1624.558,1625.058
1666294800000,1625.048,1626.348,1624.858,1626.248
1666295100000,1626.248,1626.748,1625.548,1626.448
1666295400000,1626.417,1627.148,1626.388,1626.958
1666295700000,1626.907,1627.078,1626.348,1626.718
1666296000000,1626.718,1627.058,1626.258,1626.598
1666296300000,1626.648,1627.238,1626.558,1627.178
1666296600000,1627.067,1627.278,1626.898,1627.158
1666296900000,1627.107,1627.378,1626.838,1626.908
1666297200000,1626.918,1627.088,1626.798,1626.828
1666297500000,1626.768,1627.798,1626.618,1627.798
1666297800000,1627.717,1627.717,1627.198,1627.398
1666298100000,1627.347,1627.898,1627.198,1627.698
1666298400000,1627.607,1627.917,1627.507,1627.837
1666298700000,1627.837,1628.098,1627.698,1627.798
1666299000000,1627.798,1628.098,1627.798,1627.898
1666299300000,1627.887,1628.117,1627.248,1627.398
1666299600000,1627.398,1627.398,1627.398,1627.398
1666299900000,1627.398,1627.398,1627.398,1627.398
1666300200000,1627.398,1627.398,1627.398,1627.398
1666300500000,1627.398,1627.398,1627.398,1627.398
1666300800000,1627.398,1627.398,1627.398,1627.398
1666301100000,1627.398,1627.398,1627.398,1627.398
1666301400000,1627.398,1627.398,1627.398,1627.398
1666301700000,1627.398,1627.398,1627.398,1627.398
1666302000000,1627.398,1627.398,1627.398,1627.398
1666302300000,1627.398,1627.398,1627.398,1627.398
1666302600000,1627.398,1627.398,1627.398,1627.398
1666302900000,1627.398,1627.398,1627.398,1627.398
1666303200000,1627.407,1628.147,1626.997,1627.998
1666303500000,1627.997,1628.098,1627.497,1627.498
1666303800000,1627.498,1627.598,1627.098,1627.498
1666304100000,1627.498,1628.217,1627.347,1628.198
1666304400000,1628.207,1628.227,1627.327,1627.398
1666304700000,1627.398,1627.398,1626.798,1626.955
1666305000000,1626.955,1627.067,1626.277,1626.657
1666305300000,1626.708,1626.718,1626.237,1626.627
1666305600000,1626.617,1626.657,1626.267,1626.357
1666305900000,1626.377,1626.547,1626.327,1626.507
1666306200000,1626.477,1626.875,1626.427,1626.607
1666306500000,1626.587,1626.637,1626.407,1626.468
1666306800000,1626.547,1626.777,1625.808,1625.998
1666307100000,1626.098,1626.098,1625.497,1625.757
1666307400000,1625.748,1625.915,1625.748,1625.748
1666307700000,1625.518,1626.048,1625.477,1625.828
1666308000000,1625.808,1625.908,1625.518,1625.548
1666308300000,1625.557,1625.598,1625.158,1625.358
1666308600000,1625.378,1626.298,1625.378,1626.018
1666308900000,1625.918,1626.208,1625.427,1626.208
1666309200000,1626.167,1627.098,1626.128,1626.238
1666309500000,1626.268,1626.698,1625.967,1626.398
1666309800000,1626.398,1626.618,1626.268,1626.268
1666310100000,1626.308,1626.898,1626.268,1626.828
1666310400000,1626.828,1627.288,1626.298,1626.437
1666310700000,1626.447,1626.498,1625.238,1625.628
1666311000000,1625.618,1625.747,1625.138,1625.497
1666311300000,1625.487,1626.438,1625.477,1626.347
1666311600000,1626.297,1626.538,1625.978,1625.978
1666311900000,1625.978,1626.617,1625.978,1626.318
1666312200000,1626.328,1626.438,1625.738,1626.108
1666312500000,1626.198,1626.668,1625.807,1626.518
1666312800000,1626.568,1627.268,1626.338,1626.868
1666313100000,1626.868,1627.128,1626.718,1626.938
1666313400000,1626.888,1627.517,1626.508,1627.087
1666313700000,1627.107,1627.317,1626.657,1626.738
1666314000000,1626.738,1627.138,1626.028,1626.638
1666314300000,1626.628,1626.667,1625.878,1626.298
1666314600000,1626.307,1627.498,1626.098,1626.858
1666314900000,1626.808,1628.107,1626.798,1627.867
1666315200000,1627.847,1627.917,1627.328,1627.328
1666315500000,1627.328,1627.328,1626.028,1626.217
1666315800000,1626.237,1627.018,1626.027,1626.048
1666316100000,1626.048,1627.488,1625.777,1627.067
1666316400000,1627.087,1627.437,1626.748,1627.098
1666316700000,1627.068,1627.288,1626.748,1627.158
1666317000000,1627.087,1627.498,1626.738,1627.208
1666317300000,1627.217,1627.498,1626.738,1626.947
1666317600000,1626.897,1627.118,1626.707,1626.738
1666317900000,1626.738,1626.857,1626.158,1626.158
1666318200000,1626.158,1626.498,1626.087,1626.158
1666318500000,1626.158,1626.798,1626.158,1626.398
1666318800000,1626.347,1626.898,1626.347,1626.538
1666319100000,1626.547,1626.688,1625.807,1626.127
1666319400000,1626.198,1627.098,1626.098,1626.898
1666319700000,1626.807,1626.998,1626.107,1626.298
1666320000000,1626.287,1626.447,1625.798,1626.298
1666320300000,1626.298,1626.698,1625.807,1625.907
1666320600000,1625.927,1626.007,1625.538,1625.908
1666320900000,1625.908,1625.998,1625.128,1625.437
1666321200000,1625.437,1625.898,1625.028,1625.807
1666321500000,1625.828,1626.127,1625.687,1625.798
1666321800000,1625.698,1626.707,1625.687,1626.498
1666322100000,1626.517,1626.608,1626.147,1626.217
1666322400000,1626.198,1626.198,1625.697,1625.747
1666322700000,1625.798,1626.298,1625.798,1626.177
1666323000000,1626.137,1626.147,1624.917,1625.097
1666323300000,1625.137,1625.257,1622.547,1622.717
1666323600000,1622.637,1623.038,1621.048,1621.393
1666323900000,1621.008,1622.098,1620.508,1621.948
1666324200000,1621.958,1622.247,1621.657,1621.917
1666324500000,1621.927,1621.927,1621.177,1621.498
1666324800000,1621.498,1621.498,1620.307,1620.577
1666325100000,1620.577,1621.287,1620.577,1621.197
1666325400000,1621.207,1621.458,1620.557,1620.757
1666325700000,1620.747,1620.807,1620.098,1620.407
1666326000000,1620.437,1621.625,1620.417,1621.625
1666326300000,1621.625,1622.477,1621.387,1621.727
1666326600000,1621.767,1622.197,1621.537,1621.608
1666326900000,1621.657,1621.698,1620.607,1620.898
1666327200000,1620.937,1621.307,1620.698,1621.198
1666327500000,1621.187,1621.517,1620.977,1621.147
1666327800000,1621.137,1621.517,1620.847,1621.267
1666328100000,1621.277,1621.717,1620.837,1621.657
1666328400000,1621.627,1621.717,1621.087,1621.147
1666328700000,1621.157,1621.257,1620.248,1620.467
1666329000000,1620.557,1620.598,1619.678,1620.098
1666329300000,1620.027,1620.837,1619.937,1620.437
1666329600000,1620.457,1621.027,1619.997,1620.607
1666329900000,1620.637,1621.247,1620.637,1620.687
1666330200000,1620.707,1621.798,1620.647,1621.557
1666330500000,1621.547,1622.787,1621.487,1622.507
1666330800000,1622.407,1622.717,1621.698,1622.498
1666331100000,1622.487,1622.617,1621.527,1621.607
1666331400000,1621.598,1621.928,1621.377,1621.817
1666331700000,1621.807,1622.098,1620.968,1621.147
1666332000000,1621.167,1621.827,1619.917,1621.537
1666332300000,1621.537,1622.207,1621.067,1621.607
1666332600000,1621.598,1621.807,1620.628,1620.907
1666332900000,1620.838,1621.038,1619.668,1619.707
1666333200000,1619.678,1620.538,1619.668,1619.758
1666333500000,1619.767,1620.338,1619.738,1620.028
1666333800000,1619.997,1621.248,1619.898,1620.397
1666334100000,1620.367,1621.537,1620.197,1621.448
1666334400000,1621.438,1622.298,1620.358,1622.027
1666334700000,1622.047,1622.718,1621.688,1622.427
1666335000000,1622.397,1622.418,1621.088,1621.368
1666335300000,1621.368,1621.648,1620.907,1621.025
1666335600000,1621.025,1621.025,1619.847,1620.338
1666335900000,1620.358,1621.227,1619.087,1619.338
1666336200000,1619.347,1620.387,1617.067,1618.037
1666336500000,1618.017,1620.398,1617.847,1620.098
1666336800000,1620.007,1625.827,1619.398,1625.817
1666337100000,1625.758,1626.808,1625.298,1626.087
1666337400000,1626.057,1627.098,1625.038,1625.207
1666337700000,1625.207,1625.408,1624.048,1625.118
1666338000000,1625.067,1625.867,1624.368,1625.518
1666338300000,1625.558,1625.558,1623.658,1623.758
1666338600000,1623.687,1623.798,1623.168,1623.425
1666338900000,1623.425,1624.187,1622.677,1623.627
1666339200000,1623.588,1623.588,1622.148,1622.568
1666339500000,1622.548,1623.098,1621.987,1622.645
1666339800000,1622.645,1623.188,1622.217,1622.308
1666340100000,1622.288,1622.498,1621.288,1621.728
1666340400000,1621.737,1621.747,1620.388,1620.858
1666340700000,1620.858,1621.288,1620.438,1620.998
1666341000000,1620.998,1621.138,1620.048,1621.058
1666341300000,1621.067,1621.267,1620.507,1620.738
1666341600000,1620.668,1620.668,1619.037,1620.067
1666341900000,1620.067,1620.797,1619.788,1620.158
1666342200000,1620.178,1620.598,1619.228,1619.808
1666342500000,1619.797,1620.527,1619.148,1620.427
1666342800000,1620.437,1622.527,1620.327,1622.208
1666343100000,1622.197,1622.537,1620.418,1621.948
1666343400000,1621.937,1622.337,1621.327,1622.077
1666343700000,1622.097,1622.538,1620.798,1620.857
1666344000000,1620.857,1622.127,1620.857,1622.058
1666344300000,1622.068,1624.608,1621.918,1624.367
1666344600000,1624.347,1624.518,1623.168,1623.838
1666344900000,1623.838,1624.208,1623.038,1623.678
1666345200000,1623.678,1624.398,1622.858,1624.128
1666345500000,1624.157,1625.228,1623.998,1624.998
1666345800000,1624.967,1625.698,1624.398,1625.547
1666346100000,1625.537,1625.808,1624.978,1625.258
1666346400000,1625.228,1626.107,1624.977,1625.938
1666346700000,1625.938,1626.837,1625.817,1626.098
1666347000000,1626.098,1626.398,1625.157,1625.407
1666347300000,1625.407,1625.638,1623.967,1624.398
1666347600000,1624.398,1625.367,1624.358,1625.337
1666347900000,1625.327,1626.328,1625.077,1625.838
1666348200000,1625.888,1626.228,1623.907,1624.028
1666348500000,1624.037,1625.507,1623.917,1625.458
1666348800000,1625.458,1625.528,1624.348,1624.517
1666349100000,1624.517,1624.918,1624.488,1624.838
1666349400000,1624.838,1626.038,1624.558,1625.358
1666349700000,1625.358,1625.708,1624.878,1625.008
1666350000000,1625.008,1626.188,1624.578,1625.978
1666350300000,1625.958,1627.027,1625.817,1626.557
1666350600000,1626.557,1626.728,1624.978,1624.978
1666350900000,1624.978,1626.788,1624.978,1626.598
1666351200000,1626.598,1627.898,1626.137,1626.787
1666351500000,1626.787,1626.958,1625.978,1626.558
1666351800000,1626.527,1626.868,1625.708,1625.848
1666352100000,1625.948,1626.078,1625.158,1625.308
1666352400000,1625.237,1625.448,1622.888,1623.448
1666352700000,1623.408,1624.187,1622.868,1623.627
1666353000000,1623.667,1623.857,1622.987,1623.638
1666353300000,1623.638,1623.678,1622.727,1622.977
1666353600000,1622.977,1623.617,1622.407,1622.987
1666353900000,1622.987,1623.707,1622.227,1623.427
1666354200000,1623.398,1623.457,1621.637,1621.817
1666354500000,1621.837,1621.857,1620.127,1621.018
1666354800000,1621.068,1621.068,1619.078,1619.457
1666355100000,1619.387,1622.648,1619.157,1621.217
1666355400000,1621.187,1621.987,1618.987,1619.887
1666355700000,1619.887,1620.537,1619.077,1620.377
1666356000000,1620.377,1623.848,1620.328,1623.248
1666356300000,1623.298,1624.278,1621.178,1621.518
1666356600000,1621.468,1622.947,1620.258,1622.747
1666356900000,1622.777,1633.348,1622.007,1631.108
1666357200000,1630.978,1634.248,1629.667,1630.507
1666357500000,1630.457,1634.768,1630.457,1634.548
1666357800000,1634.497,1635.678,1629.127,1629.757
1666358100000,1629.787,1632.327,1629.278,1629.827
1666358400000,1629.817,1631.857,1629.338,1630.958
1666358700000,1631.228,1633.627,1630.848,1632.397
1666359000000,1632.347,1635.807,1630.117,1635.158
1666359300000,1635.248,1638.898,1634.098,1636.648
1666359600000,1636.648,1637.798,1634.498,1637.798
1666359900000,1637.677,1641.048,1637.677,1640.198
1666360200000,1640.208,1641.548,1637.827,1640.848
1666360500000,1640.847,1642.907,1639.598,1642.548
1666360800000,1642.497,1643.398,1640.608,1641.568
1666361100000,1641.568,1643.848,1640.877,1643.448
1666361400000,1643.397,1644.548,1640.567,1641.348
1666361700000,1641.368,1642.248,1639.157,1640.098
1666362000000,1640.037,1641.398,1637.468,1638.048
1666362300000,1638.048,1638.848,1637.198,1638.008
1666362600000,1638.038,1640.148,1636.348,1636.748
1666362900000,1636.697,1638.748,1634.317,1637.997
1666363200000,1637.968,1640.337,1637.297,1639.587
1666363500000,1639.498,1642.598,1639.098,1642.355
1666363800000,1642.398,1643.698,1641.318,1641.848
1666364100000,1641.907,1642.148,1638.648,1639.138
1666364400000,1639.127,1640.098,1636.348,1636.767
1666364700000,1636.748,1639.948,1636.548,1639.368
1666365000000,1639.368,1642.947,1638.717,1641.948
1666365300000,1641.948,1642.748,1639.397,1639.948
1666365600000,1639.937,1645.948,1639.048,1644.818
1666365900000,1644.817,1646.997,1642.417,1642.757
1666366200000,1642.697,1646.548,1642.617,1642.848
1666366500000,1642.848,1643.048,1640.677,1641.108
1666366800000,1641.117,1646.798,1641.117,1645.367
1666367100000,1645.397,1648.398,1645.148,1648.138
1666367400000,1648.138,1649.908,1646.918,1648.808
1666367700000,1648.808,1650.848,1648.048,1650.668
1666368000000,1650.687,1653.998,1650.557,1650.958
1666368300000,1650.908,1651.177,1648.437,1649.247
1666368600000,1649.347,1650.608,1648.057,1650.208
1666368900000,1650.237,1650.468,1647.748,1648.195
1666369200000,1648.195,1650.467,1647.177,1650.348
1666369500000,1650.348,1650.908,1647.948,1648.697
1666369800000,1648.707,1651.748,1648.487,1651.617
1666370100000,1651.597,1652.008,1649.307,1649.707
1666370400000,1649.698,1652.037,1649.648,1650.837
1666370700000,1650.907,1652.808,1650.757,1652.277
1666371000000,1652.327,1653.427,1651.917,1652.338
1666371300000,1652.347,1652.867,1651.037,1651.307
1666371600000,1651.297,1654.148,1651.287,1654.148
1666371900000,1654.097,1654.248,1652.267,1652.378
1666372200000,1652.468,1652.778,1651.597,1652.357
1666372500000,1652.407,1652.857,1651.257,1652.347
1666372800000,1652.387,1652.618,1650.947,1651.297
1666373100000,1651.327,1652.647,1650.617,1651.007
1666373400000,1650.997,1653.047,1650.988,1651.277
1666373700000,1651.318,1652.427,1651.097,1651.868
1666374000000,1651.868,1653.188,1651.837,1652.107
1666374300000,1652.187,1653.198,1652.187,1653.105
1666374600000,1653.105,1653.547,1652.377,1652.377
1666374900000,1652.398,1652.477,1651.398,1651.727
1666375200000,1651.767,1652.417,1651.348,1652.307
1666375500000,1652.257,1653.648,1652.057,1653.348
1666375800000,1653.348,1653.648,1651.518,1651.758
1666376100000,1651.758,1652.307,1650.948,1651.758
1666376400000,1651.758,1652.557,1651.637,1652.397
1666376700000,1652.397,1652.548,1651.748,1652.248
1666377000000,1652.237,1653.558,1652.167,1653.048
1666377300000,1653.048,1653.658,1652.548,1653.157
1666377600000,1653.157,1654.298,1653.057,1653.887
1666377900000,1653.827,1654.157,1652.968,1654.157
1666378200000,1654.158,1654.547,1653.477,1653.548
1666378500000,1653.548,1654.548,1653.428,1653.607
1666378800000,1653.628,1654.368,1652.827,1653.848
1666379100000,1653.797,1654.208,1653.458,1653.988
1666379400000,1654.008,1654.918,1653.828,1654.648
1666379700000,1654.648,1656.298,1653.808,1656.155
1666380000000,1656.155,1656.928,1655.768,1656.798
1666380300000,1656.828,1656.928,1655.708,1655.908
1666380600000,1655.867,1655.998,1654.118,1654.458
1666380900000,1654.468,1655.008,1654.348,1654.598
1666381200000,1654.527,1654.648,1653.728,1654.248
1666381500000,1654.258,1654.848,1654.148,1654.618
1666381800000,1654.547,1654.798,1654.398,1654.548
1666382100000,1654.458,1655.248,1654.248,1655.098
1666382400000,1654.938,1655.498,1654.498,1654.498
1666382700000,1654.498,1654.798,1653.828,1654.368
1666383000000,1654.418,1654.698,1653.897,1654.698
1666383300000,1654.798,1655.098,1654.718,1655.098
1666383600000,1655.108,1655.348,1654.608,1654.948
1666383900000,1654.908,1655.008,1654.188,1654.288
1666384200000,1654.288,1654.498,1654.088,1654.398
1666384500000,1654.398,1655.698,1654.398,1655.698
1666384800000,1655.598,1656.648,1655.547,1655.848
1666385100000,1655.948,1656.398,1655.748,1656.398
1666385400000,1656.298,1657.648,1656.298,1656.948
1666385700000,1657.048,1657.798,1656.367,1657.298
1666483200000,1661.598,1661.598,1661.598,1661.598
1666483500000,1661.598,1661.598,1661.598,1661.598
1666483800000,1661.598,1661.598,1661.598,1661.598
1666484100000,1661.598,1661.598,1661.598,1661.598
1666484400000,1661.598,1661.598,1661.598,1661.598
1666484700000,1661.598,1661.598,1661.598,1661.598
1666485000000,1661.598,1661.598,1661.598,1661.598
1666485300000,1661.598,1661.598,1661.598,1661.598
1666485600000,1661.598,1661.598,1661.598,1661.598
1666485900000,1661.598,1661.598,1661.598,1661.598
1666486200000,1661.598,1661.598,1661.598,1661.598
1666486500000,1661.598,1661.598,1661.598,1661.598
1666486800000,1661.598,1661.598,1661.598,1661.598
1666487100000,1661.598,1661.598,1661.598,1661.598
1666487400000,1661.598,1661.598,1661.598,1661.598
1666487700000,1661.598,1661.598,1661.598,1661.598
1666488000000,1661.598,1661.598,1661.598,1661.598
1666488300000,1661.598,1661.598,1661.598,1661.598
1666488600000,1661.598,1661.598,1661.598,1661.598
1666488900000,1661.598,1661.598,1661.598,1661.598
1666489200000,1661.598,1661.598,1661.598,1661.598
1666489500000,1661.598,1661.598,1661.598,1661.598
1666489800000,1661.598,1661.598,1661.598,1661.598
1666490100000,1661.598,1661.598,1661.598,1661.598
1666490400000,1661.598,1661.598,1661.598,1661.598
1666490700000,1661.598,1661.598,1661.598,1661.598
1666491000000,1661.598,1661.598,1661.598,1661.598
1666491300000,1661.598,1661.598,1661.598,1661.598
1666491600000,1661.598,1661.598,1661.598,1661.598
1666491900000,1661.598,1661.598,1661.598,1661.598
1666492200000,1661.598,1661.598,1661.598,1661.598
1666492500000,1661.598,1661.598,1661.598,1661.598
1666492800000,1661.598,1661.598,1661.598,1661.598
1666493100000,1661.598,1661.598,1661.598,1661.598
1666493400000,1661.598,1661.598,1661.598,1661.598
1666493700000,1661.598,1661.598,1661.598,1661.598
1666494000000,1661.598,1661.598,1661.598,1661.598
1666494300000,1661.598,1661.598,1661.598,1661.598
1666494600000,1661.598,1661.598,1661.598,1661.598
1666494900000,1661.598,1661.598,1661.598,1661.598
1666495200000,1661.598,1661.598,1661.598,1661.598
1666495500000,1661.598,1661.598,1661.598,1661.598
1666495800000,1661.598,1661.598,1661.598,1661.598
1666496100000,1661.598,1661.598,1661.598,1661.598
1666496400000,1661.598,1661.598,1661.598,1661.598
1666496700000,1661.598,1661.598,1661.598,1661.598
1666497000000,1661.598,1661.598,1661.598,1661.598
1666497300000,1661.598,1661.598,1661.598,1661.598
1666497600000,1661.598,1661.598,1661.598,1661.598
1666497900000,1661.598,1661.598,1661.598,1661.598
1666498200000,1661.598,1661.598,1661.598,1661.598
1666498500000,1661.598,1661.598,1661.598,1661.598
1666498800000,1661.598,1661.598,1661.598,1661.598
1666499100000,1661.598,1661.598,1661.598,1661.598
1666499400000,1661.598,1661.598,1661.598,1661.598
1666499700000,1661.598,1661.598,1661.598,1661.598
1666500000000,1661.598,1661.598,1661.598,1661.598
1666500300000,1661.598,1661.598,1661.598,1661.598
1666500600000,1661.598,1661.598,1661.598,1661.598
1666500900000,1661.598,1661.598,1661.598,1661.598
1666501200000,1661.598,1661.598,1661.598,1661.598
1666501500000,1661.598,1661.598,1661.598,1661.598
1666501800000,1661.598,1661.598,1661.598,1661.598
1666502100000,1661.598,1661.598,1661.598,1661.598
1666502400000,1661.598,1661.598,1661.598,1661.598
1666502700000,1661.598,1661.598,1661.598,1661.598
1666503000000,1661.598,1661.598,1661.598,1661.598
1666503300000,1661.598,1661.598,1661.598,1661.598
1666503600000,1661.598,1661.598,1661.598,1661.598
1666503900000,1661.598,1661.598,1661.598,1661.598
1666504200000,1661.598,1661.598,1661.598,1661.598
1666504500000,1661.598,1661.598,1661.598,1661.598
1666504800000,1661.598,1661.598,1661.598,1661.598
1666505100000,1661.598,1661.598,1661.598,1661.598
1666505400000,1661.598,1661.598,1661.598,1661.598
1666505700000,1661.598,1661.598,1661.598,1661.598
1666506000000,1661.598,1661.598,1661.598,1661.598
1666506300000,1661.598,1661.598,1661.598,1661.598
1666506600000,1661.598,1661.598,1661.598,1661.598
1666506900000,1661.598,1661.598,1661.598,1661.598
1666507200000,1661.598,1661.598,1661.598,1661.598
1666507500000,1661.598,1661.598,1661.598,1661.598
1666507800000,1661.598,1661.598,1661.598,1661.598
1666508100000,1661.598,1661.598,1661.598,1661.598
1666508400000,1661.598,1661.598,1661.598,1661.598
1666508700000,1661.598,1661.598,1661.598,1661.598
1666509000000,1661.598,1661.598,1661.598,1661.598
1666509300000,1661.598,1661.598,1661.598,1661.598
1666509600000,1661.598,1661.598,1661.598,1661.598
1666509900000,1661.598,1661.598,1661.598,1661.598
1666510200000,1661.598,1661.598,1661.598,1661.598
1666510500000,1661.598,1661.598,1661.598,1661.598
1666510800000,1661.598,1661.598,1661.598,1661.598
1666511100000,1661.598,1661.598,1661.598,1661.598
1666511400000,1661.598,1661.598,1661.598,1661.598
1666511700000,1661.598,1661.598,1661.598,1661.598
1666512000000,1661.598,1661.598,1661.598,1661.598
1666512300000,1661.598,1661.598,1661.598,1661.598
1666512600000,1661.598,1661.598,1661.598,1661.598
1666512900000,1661.598,1661.598,1661.598,1661.598
1666513200000,1661.598,1661.598,1661.598,1661.598
1666513500000,1661.598,1661.598,1661.598,1661.598
1666513800000,1661.598,1661.598,1661.598,1661.598
1666514100000,1661.598,1661.598,1661.598,1661.598
1666514400000,1661.598,1661.598,1661.598,1661.598
1666514700000,1661.598,1661.598,1661.598,1661.598
1666515000000,1661.598,1661.598,1661.598,1661.598
1666515300000,1661.598,1661.598,1661.598,1661.598
1666515600000,1661.598,1661.598,1661.598,1661.598
1666515900000,1661.598,1661.598,1661.598,1661.598
1666516200000,1661.598,1661.598,1661.598,1661.598
1666516500000,1661.598,1661.598,1661.598,1661.598
1666516800000,1661.598,1661.598,1661.598,1661.598
1666517100000,1661.598,1661.598,1661.598,1661.598
1666517400000,1661.598,1661.598,1661.598,1661.598
1666517700000,1661.598,1661.598,1661.598,1661.598
1666518000000,1661.598,1661.598,1661.598,1661.598
1666518300000,1661.598,1661.598,1661.598,1661.598
1666518600000,1661.598,1661.598,1661.598,1661.598
1666518900000,1661.598,1661.598,1661.598,1661.598
1666519200000,1661.598,1661.598,1661.598,1661.598
1666519500000,1661.598,1661.598,1661.598,1661.598
1666519800000,1661.598,1661.598,1661.598,1661.598
1666520100000,1661.598,1661.598,1661.598,1661.598
1666520400000,1661.598,1661.598,1661.598,1661.598
1666520700000,1661.598,1661.598,1661.598,1661.598
1666521000000,1661.598,1661.598,1661.598,1661.598
1666521300000,1661.598,1661.598,1661.598,1661.598
1666521600000,1661.598,1661.598,1661.598,1661.598
1666521900000,1661.598,1661.598,1661.598,1661.598
1666522200000,1661.598,1661.598,1661.598,1661.598
1666522500000,1661.598,1661.598,1661.598,1661.598
1666522800000,1661.598,1661.598,1661.598,1661.598
1666523100000,1661.598,1661.598,1661.598,1661.598
1666523400000,1661.598,1661.598,1661.598,1661.598
1666523700000,1661.598,1661.598,1661.598,1661.598
1666524000000,1661.598,1661.598,1661.598,1661.598
1666524300000,1661.598,1661.598,1661.598,1661.598
1666524600000,1661.598,1661.598,1661.598,1661.598
1666524900000,1661.598,1661.598,1661.598,1661.598
1666525200000,1661.598,1661.598,1661.598,1661.598
1666525500000,1661.598,1661.598,1661.598,1661.598
1666525800000,1661.598,1661.598,1661.598,1661.598
1666526100000,1661.598,1661.598,1661.598,1661.598
1666526400000,1661.598,1661.598,1661.598,1661.598
1666526700000,1661.598,1661.598,1661.598,1661.598
1666527000000,1661.598,1661.598,1661.598,1661.598
1666527300000,1661.598,1661.598,1661.598,1661.598
1666527600000,1661.598,1661.598,1661.598,1661.598
1666527900000,1661.598,1661.598,1661.598,1661.598
1666528200000,1661.598,1661.598,1661.598,1661.598
1666528500000,1661.598,1661.598,1661.598,1661.598
1666528800000,1661.598,1661.598,1661.598,1661.598
1666529100000,1661.598,1661.598,1661.598,1661.598
1666529400000,1661.598,1661.598,1661.598,1661.598
1666529700000,1661.598,1661.598,1661.598,1661.598
1666530000000,1661.598,1661.598,1661.598,1661.598
1666530300000,1661.598,1661.598,1661.598,1661.598
1666530600000,1661.598,1661.598,1661.598,1661.598
1666530900000,1661.598,1661.598,1661.598,1661.598
1666531200000,1661.598,1661.598,1661.598,1661.598
1666531500000,1661.598,1661.598,1661.598,1661.598
1666531800000,1661.598,1661.598,1661.598,1661.598
1666532100000,1661.598,1661.598,1661.598,1661.598
1666532400000,1661.598,1661.598,1661.598,1661.598
1666532700000,1661.598,1661.598,1661.598,1661.598
1666533000000,1661.598,1661.598,1661.598,1661.598
1666533300000,1661.598,1661.598,1661.598,1661.598
1666533600000,1661.598,1661.598,1661.598,1661.598
1666533900000,1661.598,1661.598,1661.598,1661.598
1666534200000,1661.598,1661.598,1661.598,1661.598
1666534500000,1661.598,1661.598,1661.598,1661.598
1666534800000,1661.598,1661.598,1661.598,1661.598
1666535100000,1661.598,1661.598,1661.598,1661.598
1666535400000,1661.598,1661.598,1661.598,1661.598
1666535700000,1661.598,1661.598,1661.598,1661.598
1666536000000,1661.598,1661.598,1661.598,1661.598
1666536300000,1661.598,1661.598,1661.598,1661.598
1666536600000,1661.598,1661.598,1661.598,1661.598
1666536900000,1661.598,1661.598,1661.598,1661.598
1666537200000,1661.598,1661.598,1661.598,1661.598
1666537500000,1661.598,1661.598,1661.598,1661.598
1666537800000,1661.598,1661.598,1661.598,1661.598
1666538100000,1661.598,1661.598,1661.598,1661.598
1666538400000,1661.598,1661.598,1661.598,1661.598
1666538700000,1661.598,1661.598,1661.598,1661.598
1666539000000,1661.598,1661.598,1661.598,1661.598
1666539300000,1661.598,1661.598,1661.598,1661.598
1666539600000,1661.598,1661.598,1661.598,1661.598
1666539900000,1661.598,1661.598,1661.598,1661.598
1666540200000,1661.598,1661.598,1661.598,1661.598
1666540500000,1661.598,1661.598,1661.598,1661.598
1666540800000,1661.598,1661.598,1661.598,1661.598
1666541100000,1661.598,1661.598,1661.598,1661.598
1666541400000,1661.598,1661.598,1661.598,1661.598
1666541700000,1661.598,1661.598,1661.598,1661.598
1666542000000,1661.598,1661.598,1661.598,1661.598
1666542300000,1661.598,1661.598,1661.598,1661.598
1666542600000,1661.598,1661.598,1661.598,1661.598
1666542900000,1661.598,1661.598,1661.598,1661.598
1666543200000,1661.598,1661.598,1661.598,1661.598
1666543500000,1661.598,1661.598,1661.598,1661.598
1666543800000,1661.598,1661.598,1661.598,1661.598
1666544100000,1661.598,1661.598,1661.598,1661.598
1666544400000,1661.598,1661.598,1661.598,1661.598
1666544700000,1661.598,1661.598,1661.598,1661.598
1666545000000,1661.598,1661.598,1661.598,1661.598
1666545300000,1661.598,1661.598,1661.598,1661.598
1666545600000,1661.598,1661.598,1661.598,1661.598
1666545900000,1661.598,1661.598,1661.598,1661.598
1666546200000,1661.598,1661.598,1661.598,1661.598
1666546500000,1661.598,1661.598,1661.598,1661.598
1666546800000,1661.598,1661.598,1661.598,1661.598
1666547100000,1661.598,1661.598,1661.598,1661.598
1666547400000,1661.598,1661.598,1661.598,1661.598
1666547700000,1661.598,1661.598,1661.598,1661.598
1666548000000,1661.598,1661.598,1661.598,1661.598
1666548300000,1661.598,1661.598,1661.598,1661.598
1666548600000,1661.598,1661.598,1661.598,1661.598
1666548900000,1661.598,1661.598,1661.598,1661.598
1666549200000,1661.598,1661.598,1661.598,1661.598
1666549500000,1661.598,1661.598,1661.598,1661.598
1666549800000,1661.598,1661.598,1661.598,1661.598
1666550100000,1661.598,1661.598,1661.598,1661.598
1666550400000,1661.598,1661.598,1661.598,1661.598
1666550700000,1661.598,1661.598,1661.598,1661.598
1666551000000,1661.598,1661.598,1661.598,1661.598
1666551300000,1661.598,1661.598,1661.598,1661.598
1666551600000,1661.598,1661.598,1661.598,1661.598
1666551900000,1661.598,1661.598,1661.598,1661.598
1666552200000,1661.598,1661.598,1661.598,1661.598
1666552500000,1661.598,1661.598,1661.598,1661.598
1666552800000,1661.598,1661.598,1661.598,1661.598
1666553100000,1661.598,1661.598,1661.598,1661.598
1666553400000,1661.598,1661.598,1661.598,1661.598
1666553700000,1661.598,1661.598,1661.598,1661.598
1666554000000,1661.598,1661.598,1661.598,1661.598
1666554300000,1661.598,1661.598,1661.598,1661.598
1666554600000,1661.598,1661.598,1661.598,1661.598
1666554900000,1661.598,1661.598,1661.598,1661.598
1666555200000,1661.598,1661.598,1661.598,1661.598
1666555500000,1661.598,1661.598,1661.598,1661.598
1666555800000,1661.598,1661.598,1661.598,1661.598
1666556100000,1661.598,1661.598,1661.598,1661.598
1666556400000,1661.598,1661.598,1661.598,1661.598
1666556700000,1661.598,1661.598,1661.598,1661.598
1666557000000,1661.598,1661.598,1661.598,1661.598
1666557300000,1661.598,1661.598,1661.598,1661.598
1666557600000,1661.598,1661.598,1661.598,1661.598
1666557900000,1661.598,1661.598,1661.598,1661.598
1666558200000,1661.598,1661.598,1661.598,1661.598
1666558500000,1661.598,1661.598,1661.598,1661.598
1666558800000,1661.598,1661.598,1661.598,1661.598
1666559100000,1661.598,1661.598,1661.598,1661.598
1666559400000,1661.598,1661.598,1661.598,1661.598
1666559700000,1661.598,1661.598,1661.598,1661.598
1666560000000,1661.598,1661.598,1661.598,1661.598
1666560300000,1661.598,1661.598,1661.598,1661.598
1666560600000,1661.598,1661.598,1661.598,1661.598
1666560900000,1661.598,1661.598,1661.598,1661.598
1666561200000,1661.598,1661.598,1661.598,1661.598
1666561500000,1661.598,1661.598,1661.598,1661.598
1666561800000,1661.598,1661.598,1661.598,1661.598
1666562100000,1661.598,1661.598,1661.598,1661.598
1666562400000,1657.608,1663.298,1657.598,1659.998
1666562700000,1659.927,1662.337,1659.698,1660.618
1666563000000,1660.688,1660.737,1657.237,1658.898
1666563300000,1658.947,1659.198,1657.028,1658.917
1666563600000,1658.917,1659.598,1658.397,1658.397
1666563900000,1658.407,1660.427,1658.397,1659.877
1666564200000,1659.767,1660.368,1659.338,1659.787
1666564500000,1659.787,1660.468,1659.338,1659.338
1666564800000,1659.348,1661.658,1659.338,1660.998
1666565100000,1661.018,1661.038,1660.258,1660.278
1666565400000,1660.277,1660.568,1659.058,1659.185
1666565700000,1659.268,1659.848,1658.528,1659.028
1666566000000,1659.028,1659.218,1657.338,1657.458
1666566300000,1657.427,1658.148,1657.158,1657.478
1666566600000,1657.478,1658.398,1657.437,1657.747
1666566900000,1657.778,1658.448,1657.648,1658.198
1666567200000,1658.198,1658.298,1657.098,1657.457
1666567500000,1657.417,1657.547,1656.458,1656.878
1666567800000,1656.818,1657.148,1656.548,1656.878
1666568100000,1656.897,1663.358,1656.818,1662.857
1666568400000,1662.817,1665.487,1660.398,1665.368
1666568700000,1665.448,1670.748,1662.898,1662.898
1666569000000,1662.898,1664.017,1662.267,1663.487
1666569300000,1663.398,1663.577,1660.007,1661.148
1666569600000,1661.077,1661.077,1657.757,1658.928
1666569900000,1658.907,1663.248,1658.777,1661.188
1666570200000,1661.258,1661.508,1659.508,1659.808
1666570500000,1659.787,1660.897,1658.747,1660.008
1666570800000,1660.007,1660.497,1658.617,1659.088
1666571100000,1659.087,1659.877,1658.577,1659.577
1666571400000,1659.687,1659.937,1658.328,1658.577
1666571700000,1658.557,1661.777,1658.557,1660.137
1666572000000,1660.118,1660.497,1658.647,1658.748
1666572300000,1658.768,1659.198,1657.568,1657.748
1666572600000,1657.737,1658.108,1656.248,1656.637
1666572900000,1656.808,1658.048,1656.287,1656.787
1666573200000,1656.887,1656.977,1654.548,1656.205
1666573500000,1656.227,1656.858,1655.677,1656.148
1666573800000,1656.148,1656.457,1654.968,1655.838
1666574100000,1655.827,1656.017,1654.098,1654.548
1666574400000,1654.447,1655.848,1653.948,1654.688
1666574700000,1654.657,1655.648,1654.378,1655.257
1666575000000,1655.308,1656.157,1654.648,1655.748
1666575300000,1655.718,1656.908,1655.678,1655.768
1666575600000,1655.768,1656.287,1654.988,1654.988
1666575900000,1654.988,1655.348,1654.217,1654.218
1666576200000,1654.257,1654.487,1653.657,1654.185
1666576500000,1654.185,1654.298,1653.547,1653.668
1666576800000,1653.577,1653.748,1652.367,1652.517
1666577100000,1652.447,1653.578,1652.357,1652.718
1666577400000,1652.727,1653.187,1652.358,1652.607
1666577700000,1652.638,1653.107,1652.448,1652.808
1666578000000,1652.708,1652.938,1651.818,1651.968
1666578300000,1651.937,1653.697,1651.728,1653.697
1666578600000,1653.688,1654.548,1653.598,1654.288
1666578900000,1654.297,1654.957,1654.108,1654.398
1666579200000,1654.257,1655.128,1654.257,1654.478
1666579500000,1654.427,1655.358,1654.368,1655.058
1666579800000,1655.068,1655.948,1654.878,1655.557
1666580100000,1655.577,1656.098,1655.287,1655.487
1666580400000,1655.487,1655.697,1654.948,1655.007
1666580700000,1654.997,1655.145,1654.277,1654.448
1666581000000,1654.447,1654.727,1654.067,1654.148
1666581300000,1654.148,1654.448,1653.488,1653.488
1666581600000,1653.468,1653.897,1653.387,1653.748
1666581900000,1653.758,1654.748,1653.477,1654.577
1666582200000,1654.567,1654.848,1654.367,1654.497
1666582500000,1654.487,1654.748,1654.148,1654.248
1666582800000,1654.287,1654.475,1653.858,1653.948
1666583100000,1654.048,1654.227,1653.278,1653.887
1666583400000,1653.917,1654.048,1653.487,1653.678
1666583700000,1653.657,1653.997,1653.428,1653.848
1666584000000,1653.848,1655.048,1653.748,1654.007
1666584300000,1654.028,1654.818,1653.718,1654.668
1666584600000,1654.658,1655.088,1654.648,1655.048
1666584900000,1655.058,1655.667,1654.767,1655.378
1666585200000,1655.428,1656.018,1655.428,1655.707
1666585500000,1655.647,1656.248,1655.367,1655.888
1666585800000,1655.848,1657.228,1655.848,1656.518
1666586100000,1656.518,1657.208,1656.208,1657.087
1666586400000,1657.067,1658.178,1657.067,1657.898
1666586700000,1657.948,1658.448,1657.448,1657.548
1666587000000,1657.548,1658.097,1657.438,1657.948
1666587300000,1657.907,1658.278,1657.308,1657.998
1666587600000,1657.927,1658.448,1657.257,1658.148
1666587900000,1658.157,1658.488,1657.548,1657.617
1666588200000,1657.588,1657.588,1656.548,1656.748
1666588500000,1656.718,1657.648,1656.437,1656.548
1666588800000,1656.558,1656.748,1655.658,1656.048
1666589100000,1655.987,1656.148,1655.207,1655.348
1666589400000,1655.348,1655.348,1654.648,1655.108
1666589700000,1655.128,1655.548,1654.468,1655.298
1666590000000,1655.288,1655.368,1653.748,1654.398
1666590300000,1654.407,1655.625,1654.398,1655.625
1666590600000,1655.625,1655.625,1654.077,1654.577
1666590900000,1654.577,1654.727,1653.968,1654.338
1666591200000,1654.328,1655.007,1653.557,1654.548
1666591500000,1654.548,1655.067,1653.817,1654.437
1666591800000,1654.457,1655.348,1654.337,1654.518
1666592100000,1654.527,1656.687,1654.157,1655.267
1666592400000,1655.277,1656.367,1655.248,1655.658
1666592700000,1655.678,1656.397,1655.158,1656.258
1666593000000,1656.217,1657.187,1654.718,1655.048
1666593300000,1655.028,1655.488,1654.017,1654.348
1666593600000,1654.307,1654.968,1653.957,1654.748
1666593900000,1654.748,1655.248,1653.877,1654.578
1666594200000,1654.557,1654.878,1653.548,1653.818
1666594500000,1653.858,1655.538,1653.588,1655.138
1666594800000,1655.097,1657.648,1655.087,1657.168
1666595100000,1657.228,1658.248,1656.378,1656.518
1666595400000,1656.487,1656.487,1652.897,1653.768
1666595700000,1653.747,1653.948,1650.198,1651.068
1666596000000,1651.067,1651.938,1649.988,1650.028
1666596300000,1650.078,1651.267,1649.577,1650.748
1666596600000,1650.757,1651.748,1649.718,1651.278
1666596900000,1651.297,1652.038,1649.858,1650.807
1666597200000,1650.798,1650.798,1648.688,1649.937
1666597500000,1649.927,1651.058,1648.827,1650.857
1666597800000,1650.887,1651.348,1650.108,1650.127
1666598100000,1650.097,1650.337,1649.068,1649.118
1666598400000,1649.147,1649.908,1648.458,1649.227
1666598700000,1649.247,1649.698,1648.157,1648.847
1666599000000,1648.847,1649.387,1647.757,1648.687
1666599300000,1648.678,1649.477,1647.588,1648.067
1666599600000,1648.067,1648.358,1647,1647.108
1666599900000,1647.077,1647.917,1646.467,1646.897
1666600200000,1646.947,1646.947,1645.667,1646.037
1666600500000,1646.037,1647.018,1645.448,1646.418
1666600800000,1646.407,1646.548,1644.197,1646.487
1666601100000,1646.498,1647.787,1645.998,1646.658
1666601400000,1646.657,1647.108,1645.648,1647.007
1666601700000,1647.048,1647.978,1647.027,1647.607
1666602000000,1647.607,1648.367,1646.947,1648.247
1666602300000,1648.277,1648.677,1647.627,1648.358
1666602600000,1648.368,1649.857,1647.578,1649.057
1666602900000,1649.057,1649.057,1646.448,1646.667
1666603200000,1646.678,1647.448,1646.487,1647.068
1666603500000,1647.048,1647.288,1645.337,1645.478
1666603800000,1645.467,1647.508,1645.257,1646.808
1666604100000,1646.767,1646.767,1645.708,1646.578
1666604400000,1646.567,1647.587,1645.978,1646.668
1666604700000,1646.647,1646.978,1646.178,1646.958
1666605000000,1646.948,1648.898,1646.778,1648.598
1666605300000,1648.578,1649.658,1648.248,1649.177
1666605600000,1649.258,1649.748,1648.618,1649.108
1666605900000,1649.107,1649.108,1647.937,1648.058
1666606200000,1648.047,1649.297,1647.798,1648.467
1666606500000,1648.437,1650.118,1648.387,1650.118
1666606800000,1650.147,1650.167,1648.508,1649.028
1666607100000,1649.027,1649.758,1648.667,1648.708
1666607400000,1648.687,1649.688,1648.618,1648.968
1666607700000,1648.958,1649.408,1648.278,1648.588
1666608000000,1648.567,1648.657,1647.577,1647.868
1666608300000,1647.868,1648.157,1646.497,1647.267
1666608600000,1647.287,1648.497,1646.998,1648.428
1666608900000,1648.357,1648.888,1647.568,1648.788
1666609200000,1648.777,1649.477,1647.977,1649.368
1666609500000,1649.368,1649.868,1647.718,1647.918
1666609800000,1647.918,1648.627,1647.348,1647.587
1666610100000,1647.617,1648.148,1647.188,1647.468
1666610400000,1647.468,1648.158,1647.017,1647.768
1666610700000,1647.777,1648.948,1647.478,1648.698
1666611000000,1648.748,1649.158,1647.868,1647.868
1666611300000,1647.868,1648.758,1647.448,1647.518
1666611600000,1647.507,1649.308,1647.377,1649.108
1666611900000,1649.068,1652.258,1648.748,1650.177
1666612200000,1650.227,1650.477,1648.418,1648.498
1666612500000,1648.477,1650.258,1648.308,1649.897
1666612800000,1649.887,1650.287,1647.938,1648.868
1666613100000,1648.887,1649.958,1648.608,1648.908
1666613400000,1648.917,1651.048,1648.868,1649.558
1666613700000,1649.558,1649.658,1647.578,1648.337
1666614000000,1648.308,1649.047,1646.848,1648.148
1666614300000,1648.148,1649.158,1647.778,1649.008
1666614600000,1649.048,1649.797,1647.628,1648.288
1666614900000,1648.297,1649.878,1647.278,1649.858
1666615200000,1649.878,1651.348,1649.748,1650.068
1666615500000,1650.047,1650.717,1648.248,1648.248
1666615800000,1648.268,1649.758,1647.748,1648.848
1666616100000,1648.858,1649.468,1647.798,1648.978
1666616400000,1649.017,1649.078,1647.207,1648.298
1666616700000,1648.257,1648.457,1646.797,1648.198
1666617000000,1648.218,1649.077,1647.717,1647.908
1666617300000,1647.897,1648.738,1647.517,1648.535
1666617600000,1648.535,1648.917,1647.147,1647.368
1666617900000,1647.347,1648.328,1646.798,1648.048
1666618200000,1648.097,1648.598,1646.748,1647.418
1666618500000,1647.407,1648.308,1646.688,1647.598
1666618800000,1647.577,1647.577,1644.557,1645.407
1666619100000,1645.397,1653.498,1645.397,1648.798
1666619400000,1648.837,1652.698,1648.837,1652.598
1666619700000,1652.598,1654.298,1650.628,1651.207
1666620000000,1651.228,1651.707,1647.717,1647.717
1666620300000,1647.707,1649.998,1646.617,1647.798
1666620600000,1647.787,1649.568,1647.508,1649.518
1666620900000,1649.467,1649.628,1646.308,1647.528
1666621200000,1647.477,1647.638,1643.747,1644.587
1666621500000,1644.587,1647.798,1643.898,1647.498
1666621800000,1647.507,1648.898,1646.708,1648.567
1666622100000,1648.577,1650.418,1648.198,1648.298
1666622400000,1648.298,1649.298,1647.198,1647.798
1666622700000,1647.737,1647.748,1645.648,1646.008
1666623000000,1646.007,1648.517,1645.928,1647.457
1666623300000,1647.437,1648.247,1646.247,1647.907
1666623600000,1647.907,1648.047,1645.577,1645.847
1666623900000,1645.818,1647.187,1645.778,1646.727
1666624200000,1646.727,1647.698,1646.187,1647.507
1666624500000,1647.507,1649.298,1646.757,1647.798
1666624800000,1647.798,1649.098,1647.737,1648.928
1666625100000,1648.928,1648.957,1647.718,1648.438
1666625400000,1648.437,1649.098,1647.888,1648.498
1666625700000,1648.487,1649.737,1648.138,1649.248
1666626000000,1649.248,1649.448,1648.017,1648.108
1666626300000,1648.108,1649.948,1647.298,1649.918
1666626600000,1649.858,1651.438,1649.808,1651.308
1666626900000,1651.287,1651.828,1650.998,1651.688
1666627200000,1651.688,1652.398,1651.118,1651.417
1666627500000,1651.398,1652.198,1650.938,1651.698
1666627800000,1651.698,1652.128,1651.498,1651.968
1666628100000,1651.968,1652.598,1651.198,1651.828
1666628400000,1651.898,1651.898,1650.688,1651.398
1666628700000,1651.398,1651.698,1650.898,1650.998
1666629000000,1650.957,1651.507,1650.798,1651.137
1666629300000,1651.118,1651.137,1649.498,1649.718
1666629600000,1649.687,1650.598,1649.498,1650.498
1666629900000,1650.397,1650.807,1649.967,1650.707
1666630200000,1650.607,1651.408,1650.498,1651.398
1666630500000,1651.398,1651.398,1650.248,1650.398
1666630800000,1650.377,1650.498,1649.918,1650.198
1666631100000,1650.187,1650.707,1650.098,1650.408
1666631400000,1650.447,1650.498,1649.907,1650.017
1666631700000,1649.998,1650.398,1649.598,1650.117
1666632000000,1650.098,1650.117,1649.088,1649.458
1666632300000,1649.408,1650.238,1649.408,1649.468
1666632600000,1649.468,1649.527,1649.068,1649.398
1666632900000,1649.498,1650.057,1649.198,1650.048
1666633200000,1650.057,1650.247,1649.698,1649.748
1666633500000,1649.748,1650.018,1649.238,1649.518
1666633800000,1649.507,1649.818,1649.227,1649.518
1666634100000,1649.527,1649.708,1649.028,1649.098
1666634400000,1649.097,1650.045,1648.998,1649.798
1666634700000,1649.808,1649.898,1649.107,1649.298
1666635000000,1649.287,1649.417,1648.418,1648.698
1666635300000,1648.747,1648.818,1648.198,1648.298
1666635600000,1648.307,1648.698,1647.917,1648.107
1666635900000,1648.107,1648.317,1647.698,1648.098
1666636200000,1648.087,1648.467,1647.577,1648.407
1666636500000,1648.417,1648.808,1648.087,1648.598
1666636800000,1648.587,1649.198,1648.198,1648.998
1666637100000,1649.008,1649.248,1648.668,1649.248
1666637400000,1649.207,1650.037,1648.968,1649.948
1666637700000,1649.937,1650.648,1649.168,1650.648
1666638000000,1650.668,1651.908,1650.548,1651.148
1666638300000,1651.148,1651.178,1650.368,1650.648
1666638600000,1650.577,1651.608,1650.577,1651.398
1666638900000,1651.418,1651.607,1651.208,1651.298
1666639200000,1651.237,1651.398,1650.558,1650.818
1666639500000,1650.898,1650.898,1649.928,1650.128
1666639800000,1650.047,1650.168,1649.488,1649.868
1666640100000,1649.818,1650.298,1649.668,1650.175
1666640400000,1649.898,1650.175,1649.108,1649.158
1666640700000,1649.108,1649.698,1649.018,1649.508
1666641000000,1649.558,1649.718,1649.118,1649.518
1666641300000,1649.437,1650.248,1649.018,1650.248
1666641600000,1650.067,1650.168,1649.568,1650.028
1666641900000,1649.998,1649.998,1649.378,1649.698
1666642200000,1649.668,1649.668,1648.948,1648.978
1666642500000,1648.878,1649.188,1648.788,1649.138
1666642800000,1649.148,1649.288,1648.967,1649.138
1666643100000,1649.138,1649.178,1648.777,1649.178
1666643400000,1649.148,1649.448,1648.948,1649.448
1666643700000,1649.548,1649.657,1649.448,1649.648
1666644000000,1649.648,1649.748,1649.548,1649.748
1666644300000,1649.748,1649.998,1649.547,1649.598
1666644600000,1649.507,1649.598,1649.217,1649.298
1666644900000,1649.298,1649.648,1648.998,1648.998
1666645200000,1648.998,1648.998,1648.998,1648.998
1666645500000,1648.998,1648.998,1648.998,1648.998
1666645800000,1648.998,1648.998,1648.998,1648.998
1666646100000,1648.998,1648.998,1648.998,1648.998
1666646400000,1648.998,1648.998,1648.998,1648.998
1666646700000,1648.998,1648.998,1648.998,1648.998
1666647000000,1648.998,1648.998,1648.998,1648.998
1666647300000,1648.998,1648.998,1648.998,1648.998
1666647600000,1648.998,1648.998,1648.998,1648.998
1666647900000,1648.998,1648.998,1648.998,1648.998
1666648200000,1648.998,1648.998,1648.998,1648.998
1666648500000,1648.998,1648.998,1648.998,1648.998
1666648800000,1649.547,1650.177,1649.478,1649.768
1666649100000,1649.758,1650.248,1649.748,1650.248
1666649400000,1650.257,1650.848,1650.248,1650.548
1666649700000,1650.548,1650.648,1650.327,1650.458
1666650000000,1650.427,1651.048,1650.427,1651.048
1666650300000,1650.978,1651.348,1650.948,1651.148
1666650600000,1651.078,1651.148,1650.648,1650.748
1666650900000,1650.768,1650.895,1650.358,1650.648
1666651200000,1650.657,1650.917,1650.348,1650.797
1666651500000,1650.777,1651.458,1650.777,1651.028
1666651800000,1651.028,1651.378,1651.028,1651.318
1666652100000,1651.318,1651.827,1651.287,1651.637
1666652400000,1651.617,1651.637,1651.178,1651.277
1666652700000,1651.267,1651.818,1651.187,1651.748
1666653000000,1651.667,1652.408,1651.667,1652.118
1666653300000,1652.078,1652.348,1651.928,1651.948
1666653600000,1651.948,1651.967,1651.678,1651.948
1666653900000,1652.048,1652.148,1651.508,1651.578
1666654200000,1651.578,1651.908,1651.167,1651.548
1666654500000,1651.448,1651.658,1651.148,1651.507
1666654800000,1651.527,1651.868,1651.368,1651.568
1666655100000,1651.548,1651.787,1651.308,1651.508
1666655400000,1651.497,1651.758,1651.388,1651.735
1666655700000,1651.735,1652.007,1651.278,1651.588
1666656000000,1651.597,1653.158,1650.877,1651.067
1666656300000,1651.087,1652.587,1650.677,1652.587
1666656600000,1652.587,1652.717,1651.607,1652.178
1666656900000,1652.198,1652.837,1651.958,1652.267
1666657200000,1652.317,1652.967,1652.048,1652.248
1666657500000,1652.178,1653.568,1652.048,1652.988
1666657800000,1652.988,1653.908,1652.917,1653.258
1666658100000,1653.267,1653.798,1653.118,1653.268
1666658400000,1653.218,1653.808,1653.028,1653.428
1666658700000,1653.478,1653.788,1653.198,1653.448
1666659000000,1653.417,1653.548,1652.467,1653.027
1666659300000,1653.007,1653.878,1652.968,1653.548
1666659600000,1653.548,1654.778,1652.918,1653.768
1666659900000,1653.818,1654.417,1652.787,1652.918
1666660200000,1652.878,1653.767,1652.707,1652.728
1666660500000,1652.817,1652.837,1649.187,1649.847
1666660800000,1649.818,1650.107,1649.088,1649.747
1666661100000,1649.707,1650.348,1648.858,1649.848
1666661400000,1649.848,1650.128,1648.998,1649.887
1666661700000,1649.877,1650.108,1648.658,1649.185
1666662000000,1649.238,1650.368,1649.058,1650.368
1666662300000,1650.368,1650.548,1649.928,1650.038
1666662600000,1650.007,1650.838,1649.978,1650.628
1666662900000,1650.648,1650.648,1649.768,1649.958
1666663200000,1649.948,1650.358,1649.648,1649.808
1666663500000,1649.848,1650.258,1649.548,1649.848
1666663800000,1649.808,1650.148,1649.208,1649.388
1666664100000,1649.438,1649.568,1648.247,1648.537
1666664400000,1648.567,1648.647,1647.997,1648.537
1666664700000,1648.568,1648.868,1648.088,1648.317
1666665000000,1648.327,1648.998,1647.917,1648.365
1666665300000,1648.365,1648.365,1647.037,1647.517
1666665600000,1647.497,1648.558,1647.397,1648.558
1666665900000,1648.487,1649.368,1648.487,1649.117
1666666200000,1649.137,1649.217,1648.448,1648.637
1666666500000,1648.627,1649.178,1648.548,1649.148
1666666800000,1649.178,1649.388,1648.767,1649.087
1666667100000,1649.068,1649.238,1648.828,1649.168
1666667400000,1649.168,1649.238,1648.528,1648.837
1666667700000,1648.818,1649.478,1648.737,1649.358
1666668000000,1649.467,1650.767,1649.258,1650.668
1666668300000,1650.668,1651.568,1650.578,1651.475
1666668600000,1651.475,1651.878,1651.158,1651.738
1666668900000,1651.788,1652.178,1651.538,1651.588
1666669200000,1651.567,1651.898,1651.548,1651.808
1666669500000,1651.787,1651.908,1651.528,1651.715
1666669800000,1651.715,1652.248,1651.227,1651.498
1666670100000,1651.448,1651.678,1651.308,1651.468
1666670400000,1651.387,1652.018,1651.138,1651.968
1666670700000,1651.968,1652.018,1651.438,1652.018
1666671000000,1652.018,1652.118,1651.438,1651.958
1666671300000,1651.958,1651.998,1650.878,1651.158
1666671600000,1651.137,1651.678,1651.127,1651.578
1666671900000,1651.488,1651.705,1651.258,1651.508
1666672200000,1651.477,1651.998,1651.318,1651.498
1666672500000,1651.598,1651.638,1650.988,1651.038
1666672800000,1650.988,1651.017,1650.478,1650.708
1666673100000,1650.708,1650.758,1650.198,1650.368
1666673400000,1650.357,1650.468,1649.878,1649.878
1666673700000,1649.957,1650.088,1649.788,1650.088
1666674000000,1650.088,1650.388,1649.638,1649.938
1666674300000,1649.988,1649.988,1649.148,1649.338
1666674600000,1649.248,1649.398,1647.998,1648.278
1666674900000,1648.278,1648.868,1648.188,1648.448
1666675200000,1648.417,1648.857,1648.088,1648.417
1666675500000,1648.487,1648.767,1648.018,1648.148
1666675800000,1648.158,1648.967,1648.017,1648.767
1666676100000,1648.848,1648.848,1648.088,1648.648
1666676400000,1648.617,1648.897,1648.148,1648.258
1666676700000,1648.258,1648.567,1647.528,1647.578
1666677000000,1647.578,1647.888,1647.128,1647.418
1666677300000,1647.468,1648.217,1647.468,1647.908
1666677600000,1647.887,1649.168,1647.598,1648.807
1666677900000,1648.807,1649.337,1648.677,1649.117
1666678200000,1649.117,1649.417,1648.637,1648.918
1666678500000,1648.877,1650.497,1648.808,1650.357
1666678800000,1650.358,1650.748,1649.548,1650.617
1666679100000,1650.567,1651.278,1650.348,1651.278
1666679400000,1651.248,1651.588,1650.647,1650.888
1666679700000,1650.888,1651.248,1650.258,1650.398
1666680000000,1650.398,1650.867,1650.188,1650.278
1666680300000,1650.288,1650.958,1650.057,1650.648
1666680600000,1650.648,1650.758,1649.548,1649.858
1666680900000,1649.848,1650.278,1649.087,1649.998
1666681200000,1650.007,1650.748,1648.858,1648.887
1666681500000,1648.868,1649.558,1648.478,1648.988
1666681800000,1648.997,1649.017,1647.828,1647.848
1666682100000,1647.857,1649.548,1647.828,1648.748
1666682400000,1648.768,1648.868,1648.148,1648.348
1666682700000,1648.407,1648.507,1645.888,1646.218
1666683000000,1646.218,1646.907,1645.658,1646.907
1666683300000,1646.917,1646.948,1646.058,1646.448
1666683600000,1646.447,1646.448,1644.688,1644.688
1666683900000,1644.617,1645.178,1644.278,1644.868
1666684200000,1644.888,1646.158,1644.768,1644.768
1666684500000,1644.768,1645.617,1644.547,1645.017
1666684800000,1645.027,1646.407,1644.877,1646.218
1666685100000,1646.218,1647.758,1646.017,1647.718
1666685400000,1647.718,1648.167,1646.918,1647.648
1666685700000,1647.617,1647.648,1646.578,1646.758
1666686000000,1646.747,1646.928,1646.298,1646.398
1666686300000,1646.398,1646.398,1645.477,1645.798
1666686600000,1645.747,1646.198,1645.088,1645.968
1666686900000,1646.017,1646.668,1645.887,1646.398
1666687200000,1646.387,1646.837,1645.648,1645.757
1666687500000,1645.798,1645.798,1644.588,1644.688
1666687800000,1644.688,1645.407,1644.158,1645.298
1666688100000,1645.248,1645.398,1642.707,1643.747
1666688400000,1643.758,1643.908,1642.978,1643.068
1666688700000,1643.047,1643.857,1642.888,1643.148
1666689000000,1643.178,1643.348,1642.538,1642.797
1666689300000,1642.788,1643.147,1641.958,1643.098
1666689600000,1643.098,1643.557,1642.757,1643.397
1666689900000,1643.407,1643.717,1642.638,1642.738
1666690200000,1642.648,1643.177,1642.157,1642.827
1666690500000,1642.818,1642.857,1641.328,1641.478
1666690800000,1641.487,1642.488,1641.378,1641.738
1666691100000,1641.717,1641.738,1639.027,1639.287
1666691400000,1639.257,1641.058,1638.998,1640.878
1666691700000,1640.887,1641.007,1639.538,1639.757
1666692000000,1639.757,1641.067,1639.537,1640.938
1666692300000,1640.958,1640.988,1639.448,1639.578
1666692600000,1639.578,1640.067,1638.857,1639.237
1666692900000,1639.278,1639.728,1638.098,1638.457
1666693200000,1638.437,1639.738,1638.298,1639.418
1666693500000,1639.418,1639.978,1639.218,1639.717
1666693800000,1639.717,1639.758,1638.718,1638.738
1666694100000,1638.738,1639.518,1638.688,1639.098
1666694400000,1639.098,1640.247,1639.048,1640.107
1666694700000,1640.088,1641.137,1639.698,1640.848
1666695000000,1640.848,1640.868,1639.827,1640.047
1666695300000,1640.047,1641.518,1639.788,1641.468
1666695600000,1641.488,1641.668,1639.428,1639.548
1666695900000,1639.548,1641.078,1639.157,1640.958
1666696200000,1640.957,1640.957,1639.758,1640.525
1666696500000,1640.525,1641.057,1640.248,1640.678
1666696800000,1640.748,1641.598,1640.448,1641.377
1666697100000,1641.368,1643.617,1641.217,1643.517
1666697400000,1643.507,1643.557,1642.348,1643.348
1666697700000,1643.307,1643.947,1642.858,1643.937
1666698000000,1643.937,1645.757,1643.937,1644.738
1666698300000,1644.757,1644.868,1643.898,1643.998
1666698600000,1643.917,1644.508,1643.908,1644.018
1666698900000,1644.018,1644.408,1643.468,1643.678
1666699200000,1643.728,1644.368,1642.418,1642.518
1666699500000,1642.518,1643.098,1642.318,1642.618
1666699800000,1642.598,1644.398,1642.528,1644.398
1666700100000,1644.398,1644.928,1643.158,1643.158
1666700400000,1643.208,1643.498,1641.368,1641.777
1666700700000,1641.768,1641.768,1640.868,1641.277
1666701000000,1641.298,1641.598,1640.387,1640.648
1666701300000,1640.678,1641.378,1639.588,1639.767
1666701600000,1639.717,1641.348,1638.858,1641.158
1666701900000,1641.148,1642.318,1640.848,1641.598
1666702200000,1641.578,1642.098,1640.428,1641.948
1666702500000,1641.968,1642.148,1640.948,1642.148
1666702800000,1642.037,1643.798,1641.948,1642.437
1666703100000,1642.417,1644.258,1642.298,1644.058
1666703400000,1644.017,1646.398,1643.808,1645.938
1666703700000,1646.008,1649.398,1645.598,1649.148
1666704000000,1649.187,1651.448,1648.408,1650.548
1666704300000,1650.548,1653.828,1649.698,1652.898
1666704600000,1652.817,1657.138,1652.428,1656.298
1666704900000,1656.258,1657.198,1655.268,1655.445
1666705200000,1655.445,1656.998,1654.748,1656.548
1666705500000,1656.558,1659.748,1656.538,1659.498
1666705800000,1659.467,1659.698,1657.548,1659.348
1666706100000,1659.327,1660.248,1658.877,1659.118
1666706400000,1659.118,1662.187,1657.858,1660.177
1666706700000,1660.157,1660.187,1657.007,1659.258
1666707000000,1659.207,1659.628,1657.608,1659.028
1666707300000,1659.008,1660.358,1657.298,1657.907
1666707600000,1657.908,1658.418,1653.598,1654.368
1666707900000,1654.368,1656.898,1654.328,1656.398
1666708200000,1656.387,1656.898,1655.198,1655.467
1666708500000,1655.428,1655.498,1654.287,1655.017
1666708800000,1655.027,1656.448,1654.848,1656.348
1666709100000,1656.348,1657.448,1655.087,1656.018
1666709400000,1655.997,1656.747,1654.598,1655.398
1666709700000,1655.398,1656.118,1655.078,1655.277
1666710000000,1655.298,1656.648,1654.748,1655.038
1666710300000,1655.047,1656.878,1655.038,1656.487
1666710600000,1656.407,1656.488,1654.357,1655.578
1666710900000,1655.548,1656.588,1654.677,1655.857
1666711200000,1655.848,1656.298,1655.248,1655.957
1666711500000,1655.957,1657.188,1655.627,1656.877
1666711800000,1656.877,1657.098,1656.138,1656.948
1666712100000,1656.897,1658.198,1656.567,1657.548
1666712400000,1657.558,1657.567,1655.707,1656.698
1666712700000,1656.587,1656.798,1655.747,1656.698
1666713000000,1656.617,1657.648,1656.398,1657.648
1666713300000,1657.548,1657.648,1655.527,1655.898
1666713600000,1655.877,1656.008,1655.207,1655.348
1666713900000,1655.337,1656.927,1655.337,1656.407
1666714200000,1656.398,1656.748,1655.417,1656.657
1666714500000,1656.667,1656.998,1656.098,1656.498
1666714800000,1656.547,1656.598,1655.598,1655.807
1666715100000,1655.798,1655.848,1655.048,1655.448
1666715400000,1655.418,1656.248,1655.415,1655.817
1666715700000,1655.858,1656.607,1655.338,1655.798
1666716000000,1655.787,1655.798,1654.318,1654.438
1666716300000,1654.518,1654.537,1652.557,1653.057
1666716600000,1653.048,1653.398,1652.007,1652.007
1666716900000,1652.007,1653.148,1651.898,1653.135
1666717200000,1653.135,1654.198,1652.158,1652.458
1666717500000,1652.508,1654.198,1652.218,1653.998
1666717800000,1653.957,1654.067,1652.867,1653.067
1666718100000,1653.067,1653.247,1652.468,1653.007
1666718400000,1652.957,1653.937,1652.907,1653.747
1666718700000,1653.737,1654.967,1653.167,1653.208
1666719000000,1653.207,1654.508,1653.207,1654.398
1666719300000,1654.318,1654.338,1653.398,1653.537
1666719600000,1653.598,1654.328,1653.498,1654.198
1666719900000,1654.208,1655.148,1653.998,1655.048
1666720200000,1655.048,1655.148,1654.587,1654.898
1666720500000,1654.937,1655.767,1654.798,1655.408
1666720800000,1655.347,1656.178,1655.207,1656.008
1666721100000,1655.928,1656.848,1655.908,1656.648
1666721400000,1656.748,1656.858,1656.008,1656.098
1666721700000,1656.037,1656.458,1655.927,1656.348
1666722000000,1656.277,1656.458,1655.958,1656.358
1666722300000,1656.348,1656.848,1656.258,1656.808
1666722600000,1656.828,1656.858,1656.028,1656.668
1666722900000,1656.658,1656.658,1655.308,1655.548
1666723200000,1655.548,1655.628,1654.418,1654.418
1666723500000,1654.387,1654.518,1653.737,1653.848
1666723800000,1653.837,1654.048,1653.557,1653.878
1666724100000,1653.878,1653.878,1653.448,1653.648
1666724400000,1653.648,1654.198,1653.288,1653.698
1666724700000,1653.698,1654.098,1653.348,1653.468
1666725000000,1653.458,1654.098,1653.317,1653.998
1666725300000,1653.897,1654.268,1653.698,1653.978
1666725600000,1654.008,1654.168,1653.478,1653.618
1666725900000,1653.588,1653.768,1653.228,1653.368
1666726200000,1653.328,1653.768,1653.048,1653.068
1666726500000,1653.068,1653.198,1652.798,1653.098
1666726800000,1653.058,1653.198,1652.488,1653.198
1666727100000,1653.198,1653.698,1653.128,1653.498
1666727400000,1653.498,1653.798,1653.238,1653.498
1666727700000,1653.548,1653.848,1653.498,1653.848
1666728000000,1653.727,1653.748,1652.948,1652.948
1666728300000,1653.048,1653.348,1652.948,1653.248
1666728600000,1653.197,1653.648,1653.137,1653.348
1666728900000,1653.448,1653.648,1653.098,1653.598
1666729200000,1653.498,1653.598,1652.798,1652.998
1666729500000,1652.977,1653.198,1652.498,1652.698
1666729800000,1652.608,1652.798,1652.297,1652.648
1666730100000,1652.648,1652.848,1652.557,1652.607
1666730400000,1652.598,1652.948,1652.507,1652.748
1666730700000,1652.848,1652.998,1652.748,1652.848
1666731000000,1652.848,1653.148,1652.848,1652.948
1666731300000,1652.857,1652.948,1652.648,1652.715
1666731600000,1652.715,1652.715,1652.715,1652.715
1666731900000,1652.715,1652.715,1652.715,1652.715
1666732200000,1652.715,1652.715,1652.715,1652.715
1666732500000,1652.715,1652.715,1652.715,1652.715
1666732800000,1652.715,1652.715,1652.715,1652.715
1666733100000,1652.715,1652.715,1652.715,1652.715
1666733400000,1652.715,1652.715,1652.715,1652.715
1666733700000,1652.715,1652.715,1652.715,1652.715
1666734000000,1652.715,1652.715,1652.715,1652.715
1666734300000,1652.715,1652.715,1652.715,1652.715
1666734600000,1652.715,1652.715,1652.715,1652.715
1666734900000,1652.715,1652.715,1652.715,1652.715
1666735200000,1652.577,1653.197,1651.917,1652.298
1666735500000,1652.298,1652.417,1651.298,1652.398
1666735800000,1652.398,1652.748,1651.948,1652.448
1666736100000,1652.458,1652.778,1652.058,1652.158
1666736400000,1652.188,1652.188,1651.328,1651.708
1666736700000,1651.697,1651.898,1651.267,1651.638
1666737000000,1651.637,1652.598,1651.508,1652.598
1666737300000,1652.555,1652.698,1651.858,1651.908
1666737600000,1651.918,1652.038,1651.498,1651.567
1666737900000,1651.527,1651.908,1651.527,1651.827
1666738200000,1651.827,1652.198,1651.547,1652.098
1666738500000,1652.275,1652.628,1652.077,1652.238
1666738800000,1652.228,1652.228,1651.108,1651.288
1666739100000,1651.258,1651.458,1650.958,1651.258
1666739400000,1651.258,1651.758,1650.958,1651.398
1666739700000,1651.448,1651.568,1651.308,1651.358
1666740000000,1651.418,1651.548,1651.178,1651.428
1666740300000,1651.498,1651.498,1651.058,1651.127
1666740600000,1651.127,1651.528,1651.087,1651.448
1666740900000,1651.518,1651.917,1651.398,1651.798
1666741200000,1651.698,1651.798,1651.478,1651.508
1666741500000,1651.498,1651.998,1651.447,1651.898
1666741800000,1651.898,1652.595,1651.768,1652.595
1666742100000,1652.595,1652.718,1652.288,1652.598
1666742400000,1652.637,1653.827,1652.458,1652.907
1666742700000,1652.898,1653.048,1651.708,1651.898
1666743000000,1651.867,1652.318,1650.838,1651.068
1666743300000,1651.128,1651.458,1650.888,1651.098
1666743600000,1651.117,1651.237,1650.298,1650.448
1666743900000,1650.417,1651.598,1650.328,1651.398
1666744200000,1651.498,1651.898,1650.768,1650.878
1666744500000,1650.848,1651.398,1650.548,1651.298
1666744800000,1651.398,1651.498,1650.648,1650.877
1666745100000,1650.948,1651.048,1649.717,1649.998
1666745400000,1649.998,1650.748,1649.848,1649.848
1666745700000,1649.827,1650.398,1649.648,1650.218
1666746000000,1650.187,1651.108,1649.818,1650.178
1666746300000,1650.197,1650.278,1649.558,1650.108
1666746600000,1650.068,1651.667,1650.068,1651.497
1666746900000,1651.497,1653.658,1651.227,1652.918
1666747200000,1652.917,1653.848,1652.298,1653.648
1666747500000,1653.648,1653.648,1651.907,1651.998
1666747800000,1651.917,1652.898,1651.898,1652.698
1666748100000,1652.647,1654.208,1652.398,1653.608
1666748400000,1653.557,1653.908,1652.898,1653.198
1666748700000,1653.198,1653.558,1652.837,1653.358
1666749000000,1653.348,1653.798,1652.918,1653.225
1666749300000,1653.225,1653.225,1652.198,1652.528
1666749600000,1652.547,1653.047,1652.178,1652.748
1666749900000,1652.717,1653.237,1652.708,1653.027
1666750200000,1653.037,1653.798,1652.868,1653.767
1666750500000,1653.757,1653.817,1653.208,1653.817
1666750800000,1653.817,1653.817,1653.448,1653.497
1666751100000,1653.488,1654.187,1653.178,1654.187
1666751400000,1654.217,1654.758,1654.187,1654.638
1666751700000,1654.607,1655.128,1654.607,1654.838
1666752000000,1654.797,1655.428,1654.538,1655.418
1666752300000,1655.377,1655.938,1655.308,1655.758
1666752600000,1655.737,1655.888,1655.048,1655.238
1666752900000,1655.218,1656.318,1655.008,1656.118
1666753200000,1656.097,1656.528,1655.517,1656.068
1666753500000,1656.058,1656.408,1655.648,1655.648
1666753800000,1655.687,1655.878,1655.218,1655.858
1666754100000,1655.828,1655.898,1655.217,1655.807
1666754400000,1655.798,1656.347,1655.718,1656.227
1666754700000,1656.198,1657.418,1656.098,1657.278
1666755000000,1657.278,1657.278,1656.398,1656.518
1666755300000,1656.548,1656.578,1655.938,1656.248
1666755600000,1656.297,1656.528,1655.998,1656.368
1666755900000,1656.368,1656.898,1656.228,1656.828
1666756200000,1656.898,1657.385,1656.508,1657.208
1666756500000,1657.287,1657.308,1656.758,1656.868
1666756800000,1656.968,1657.218,1656.618,1656.728
1666757100000,1656.728,1656.728,1656.238,1656.548
1666757400000,1656.548,1656.708,1656.238,1656.308
1666757700000,1656.348,1656.727,1656.208,1656.567
1666758000000,1656.608,1656.708,1656.027,1656.228
1666758300000,1656.228,1656.798,1655.748,1656.798
1666758600000,1656.717,1657.107,1656.498,1656.807
1666758900000,1656.827,1656.898,1656.298,1656.598
1666759200000,1656.598,1656.898,1656.207,1656.298
1666759500000,1656.217,1656.398,1655.867,1656.007
1666759800000,1655.998,1656.198,1655.698,1656.028
1666760100000,1656.028,1656.028,1655.278,1655.598
1666760400000,1655.597,1656.347,1655.498,1655.948
1666760700000,1656.008,1656.137,1655.408,1655.798
1666761000000,1655.767,1655.828,1654.998,1655.017
1666761300000,1655.098,1655.698,1655.017,1655.698
1666761600000,1655.698,1656.398,1655.198,1656.298
1666761900000,1656.298,1656.898,1656.197,1656.898
1666762200000,1656.798,1657.498,1656.338,1657.198
1666762500000,1657.217,1658.707,1657.017,1658.698
1666762800000,1658.698,1660.008,1658.698,1659.908
1666763100000,1659.898,1660.127,1659.128,1659.128
1666763400000,1659.108,1659.308,1658.238,1658.288
1666763700000,1658.308,1658.958,1657.998,1658.548
1666764000000,1658.548,1658.957,1657.508,1658.908
1666764300000,1658.878,1659.648,1658.627,1659.567
1666764600000,1659.577,1662.758,1659.187,1662.457
1666764900000,1662.397,1663.658,1662.037,1662.628
1666765200000,1662.628,1662.638,1661.898,1662.358
1666765500000,1662.458,1663.067,1662.068,1662.307
1666765800000,1662.298,1663.038,1662.108,1662.648
1666766100000,1662.648,1662.947,1661.518,1662.488
1666766400000,1662.488,1663.718,1662.098,1663.228
1666766700000,1663.228,1663.658,1662.678,1663.548
1666767000000,1663.538,1664.598,1663.447,1664.318
1666767300000,1664.307,1665.127,1663.978,1664.848
1666767600000,1664.847,1667.498,1664.648,1666.798
1666767900000,1666.738,1667.798,1666.008,1667.007
1666768200000,1667.007,1667.017,1665.728,1665.838
1666768500000,1665.888,1666.798,1665.507,1666.498
1666768800000,1666.547,1667.018,1664.448,1665.638
1666769100000,1665.657,1667.878,1664.848,1667.808
1666769400000,1667.778,1668.178,1666.898,1667.878
1666769700000,1667.878,1668.898,1667.488,1668.187
1666770000000,1668.158,1669.847,1667.828,1669.578
1666770300000,1669.578,1671.378,1669.408,1670.388
1666770600000,1670.388,1670.598,1668.658,1669.748
1666770900000,1669.707,1671.148,1669.707,1670.748
1666771200000,1670.757,1672.338,1670.697,1672.018
1666771500000,1672.018,1673.347,1671.607,1673.087
1666771800000,1673.087,1673.097,1669.807,1670.408
1666772100000,1670.358,1670.457,1669.118,1670.078
1666772400000,1670.028,1670.678,1669.817,1670.518
1666772700000,1670.537,1671.067,1670.098,1670.778
1666773000000,1670.787,1671.148,1670.058,1671.148
1666773300000,1671.127,1673.048,1670.848,1672.188
1666773600000,1672.227,1672.868,1670.908,1672.148
1666773900000,1672.137,1673.178,1671.748,1672.198
1666774200000,1672.198,1673.348,1672.178,1673.237
1666774500000,1673.238,1673.348,1672.488,1672.838
1666774800000,1672.817,1674.678,1672.738,1674.137
1666775100000,1674.137,1674.298,1672.607,1672.898
1666775400000,1672.887,1673.358,1672.338,1672.698
1666775700000,1672.698,1673.427,1672.517,1672.598
1666776000000,1672.608,1672.798,1670.918,1671.748
1666776300000,1671.707,1671.948,1670.308,1670.358
1666776600000,1670.308,1671.088,1669.718,1670.248
1666776900000,1670.187,1670.948,1670.187,1670.428
1666777200000,1670.428,1670.448,1669.468,1669.978
1666777500000,1669.978,1670.228,1668.928,1669.788
1666777800000,1669.787,1670.248,1669.237,1669.637
1666778100000,1669.657,1670.288,1669.378,1669.558
1666778400000,1669.558,1669.848,1668.788,1669.348
1666778700000,1669.348,1670.248,1669.077,1669.188
1666779000000,1669.188,1669.188,1668.108,1668.628
1666779300000,1668.637,1669.058,1668.107,1668.148
1666779600000,1668.148,1668.398,1666.577,1667.598
1666779900000,1667.567,1668.228,1667.318,1667.418
1666780200000,1667.407,1669.428,1667.337,1668.458
1666780500000,1668.387,1669.198,1668.228,1668.818
1666780800000,1668.787,1670.168,1668.718,1669.775
1666781100000,1669.775,1670.548,1669.468,1669.568
1666781400000,1669.568,1669.858,1668.867,1669.178
1666781700000,1669.178,1669.288,1668.428,1668.657
1666782000000,1668.657,1669.827,1668.367,1669.568
1666782300000,1669.577,1670.748,1669.398,1669.778
1666782600000,1669.747,1670.487,1669.198,1670.208
1666782900000,1670.217,1670.898,1670.047,1670.618
1666783200000,1670.618,1671.048,1670.068,1670.648
1666783500000,1670.617,1671.348,1670.048,1670.858
1666783800000,1670.857,1671.848,1670.708,1670.848
1666784100000,1670.827,1670.858,1669.498,1670.018
1666784400000,1670.007,1670.548,1669.697,1669.798
1666784700000,1669.727,1670.118,1668.718,1669.448
1666785000000,1669.397,1669.818,1667.648,1668.198
1666785300000,1668.198,1668.828,1668.108,1668.338
1666785600000,1668.287,1669.598,1667.838,1668.998
1666785900000,1669.018,1669.098,1667.628,1668.408
1666786200000,1668.407,1669.198,1668.067,1668.777
1666786500000,1668.768,1669.598,1667.498,1667.598
1666786800000,1667.587,1667.788,1665.087,1666.598
1666787100000,1666.497,1666.537,1665.317,1665.618
1666787400000,1665.637,1666.237,1664.967,1666.098
1666787700000,1666.097,1666.317,1663.668,1664.157
1666788000000,1664.137,1664.347,1662.867,1663.438
1666788300000,1663.457,1663.457,1661.298,1661.898
1666788600000,1661.867,1662.398,1661.098,1662.138
1666788900000,1662.127,1662.398,1660.418,1661.938
1666789200000,1661.897,1664.028,1661.698,1663.698
1666789500000,1663.657,1664.398,1663.298,1663.918
1666789800000,1663.907,1664.908,1663.517,1663.877
1666790100000,1663.858,1664.327,1662.668,1662.808
1666790400000,1662.868,1663.328,1661.378,1662.047
1666790700000,1662.037,1662.788,1661.737,1662.337
1666791000000,1662.277,1664.498,1662.078,1664.398
1666791300000,1664.418,1666.778,1664.298,1665.868
1666791600000,1665.868,1665.978,1664.257,1664.358
1666791900000,1664.417,1667.127,1664.058,1666.098
1666792200000,1666.098,1666.098,1664.078,1664.128
1666792500000,1664.187,1665.798,1663.617,1664.187
1666792800000,1664.287,1668.837,1664.287,1666.337
1666793100000,1666.337,1668.398,1665.798,1667.508
1666793400000,1667.558,1670.668,1666.798,1669.988
1666793700000,1670.028,1670.627,1668.787,1670.498
1666794000000,1670.518,1670.718,1666.818,1666.957
1666794300000,1666.978,1668.918,1666.758,1668.098
1666794600000,1668.077,1668.578,1664.857,1665.348
1666794900000,1665.258,1666.097,1664.358,1665.748
1666795200000,1665.747,1666.448,1665.217,1666.018
1666795500000,1666.038,1668.188,1665.707,1667.967
1666795800000,1668.028,1668.948,1667.687,1668.148
1666796100000,1668.128,1668.188,1666.358,1666.558
1666796400000,1666.558,1668.548,1666.387,1667.968
1666796700000,1667.917,1670.258,1667.278,1669.798
1666797000000,1669.737,1671.748,1669.298,1671.668
1666797300000,1671.648,1672.198,1670.988,1671.968
1666797600000,1671.987,1672.498,1671.357,1671.577
1666797900000,1671.577,1672.038,1670.878,1671.307
1666798200000,1671.307,1672.117,1670.918,1671.087
1666798500000,1671.118,1671.247,1669.868,1669.978
1666798800000,1670.008,1670.098,1668.368,1668.378
1666799100000,1668.327,1668.378,1666.467,1666.698
1666799400000,1666.727,1667.227,1666.038,1666.117
1666799700000,1666.117,1667.067,1665.948,1667.048
1666800000000,1667.048,1667.448,1666.548,1666.557
1666800300000,1666.327,1666.477,1664.948,1665.667
1666800600000,1665.667,1667.197,1665.627,1666.798
1666800900000,1666.717,1667.768,1666.188,1667.698
1666801200000,1667.697,1667.937,1667.188,1667.488
1666801500000,1667.437,1667.808,1666.838,1667.278
1666801800000,1667.237,1668.808,1667.237,1667.967
1666802100000,1668.008,1668.108,1667.068,1667.458
1666802400000,1667.548,1668.028,1667.238,1667.978
1666802700000,1667.878,1667.998,1666.578,1666.688
1666803000000,1666.607,1667.558,1666.388,1667.288
1666803300000,1667.277,1667.628,1666.007,1666.448
1666803600000,1666.428,1667.048,1665.248,1666.547
1666803900000,1666.577,1666.817,1665.777,1666.277
1666804200000,1666.277,1666.477,1665.648,1666.178
1666804500000,1666.258,1666.628,1665.577,1666.447
1666804800000,1666.447,1666.648,1665.187,1665.407
1666805100000,1665.407,1665.407,1664.057,1664.948
1666805400000,1664.887,1665.048,1663.818,1664.298
1666805700000,1664.257,1664.928,1664.037,1664.888
1666806000000,1664.908,1665.248,1664.358,1665.157
1666806300000,1665.128,1665.368,1664.738,1665.168
1666806600000,1665.198,1666.308,1665.168,1666.198
1666806900000,1666.177,1666.218,1665.098,1665.718
1666807200000,1665.707,1666.358,1665.707,1666.138
1666807500000,1666.168,1666.928,1666.138,1666.628
1666807800000,1666.587,1666.978,1666.438,1666.648
1666808100000,1666.658,1666.718,1665.838,1666.418
1666808400000,1666.337,1666.768,1665.758,1666.258
1666808700000,1666.297,1666.767,1665.797,1665.997
1666809000000,1665.978,1666.668,1665.738,1666.358
1666809300000,1666.308,1666.808,1666.257,1666.508
1666809600000,1666.518,1666.618,1666.088,1666.148
1666809900000,1666.148,1666.368,1665.688,1666.108
1666810200000,1666.048,1666.148,1665.538,1665.658
1666810500000,1665.597,1665.908,1664.938,1665.668
1666810800000,1665.557,1665.658,1664.498,1664.558
1666811100000,1664.548,1664.748,1664.028,1664.538
1666811400000,1664.528,1664.538,1663.818,1664.388
1666811700000,1664.348,1664.628,1664.148,1664.428
1666812000000,1664.438,1664.438,1663.867,1664.065
1666812300000,1664.065,1664.268,1663.447,1663.908
1666812600000,1663.827,1664.958,1663.817,1664.758
1666812900000,1664.748,1664.948,1663.768,1664.058
1666813200000,1664.098,1664.658,1663.858,1663.958
1666813500000,1663.908,1664.278,1663.827,1664.078
1666813800000,1664.048,1664.208,1663.618,1664.078
1666814100000,1664.027,1664.548,1663.807,1664.548
1666814400000,1664.497,1664.848,1664.348,1664.748
1666814700000,1664.748,1665.148,1664.398,1664.715
1666815000000,1664.715,1664.715,1664.318,1664.448
1666815300000,1664.397,1664.548,1664.397,1664.448
1666815600000,1664.448,1664.448,1663.447,1663.548
1666815900000,1663.477,1663.948,1663.348,1663.648
1666816200000,1663.748,1663.748,1663.048,1663.148
1666816500000,1663.148,1663.498,1663.148,1663.348
1666816800000,1663.357,1663.748,1663.148,1663.748
1666817100000,1663.687,1664.448,1663.687,1664.248
1666817400000,1664.267,1664.448,1664.048,1664.048
1666817700000,1664.057,1665.148,1664.048,1664.398
1666818000000,1664.398,1664.398,1664.398,1664.398
1666818300000,1664.398,1664.398,1664.398,1664.398
1666818600000,1664.398,1664.398,1664.398,1664.398
1666818900000,1664.398,1664.398,1664.398,1664.398
1666819200000,1664.398,1664.398,1664.398,1664.398
1666819500000,1664.398,1664.398,1664.398,1664.398
1666819800000,1664.398,1664.398,1664.398,1664.398
1666820100000,1664.398,1664.398,1664.398,1664.398
1666820400000,1664.398,1664.398,1664.398,1664.398
1666820700000,1664.398,1664.398,1664.398,1664.398
1666821000000,1664.398,1664.398,1664.398,1664.398
1666821300000,1664.398,1664.398,1664.398,1664.398
1666821600000,1663.717,1664.227,1663.627,1664.148
1666821900000,1664.148,1664.248,1663.948,1664.248
1666822200000,1664.248,1664.548,1664.207,1664.548
1666822500000,1664.477,1664.757,1664.448,1664.648
1666822800000,1664.648,1664.697,1664.248,1664.298
1666823100000,1664.375,1664.577,1663.848,1664.548
1666823400000,1664.548,1664.948,1664.427,1664.948
1666823700000,1664.948,1666.078,1664.948,1665.588
1666824000000,1665.588,1665.698,1665.248,1665.258
1666824300000,1665.298,1665.348,1665.098,1665.238
1666824600000,1665.208,1665.558,1665.078,1665.558
1666824900000,1665.508,1665.508,1664.668,1664.988
1666825200000,1664.988,1665.268,1664.488,1665.248
1666825500000,1665.188,1665.188,1664.477,1664.708
1666825800000,1664.708,1664.948,1664.548,1664.818
1666826100000,1664.818,1665.098,1664.818,1664.948
1666826400000,1664.928,1665.268,1664.818,1664.918
1666826700000,1664.968,1665.088,1664.868,1664.868
1666827000000,1664.677,1665.948,1664.677,1665.638
1666827300000,1665.668,1665.678,1664.977,1665.158
1666827600000,1665.168,1665.878,1665.158,1665.798
1666827900000,1665.858,1666.548,1665.798,1666.448
1666828200000,1666.448,1666.748,1666.348,1666.348
1666828500000,1666.448,1667.377,1666.448,1667.358
1666828800000,1667.287,1667.478,1665.837,1666.017
1666829100000,1666.058,1667.127,1665.958,1666.948
1666829400000,1667.048,1668.487,1667.048,1668.018
1666829700000,1668.018,1668.988,1667.748,1668.958
1666830000000,1668.988,1669.287,1668.537,1668.827
1666830300000,1668.808,1668.887,1667.928,1668.178
1666830600000,1668.197,1668.197,1667.348,1667.457
1666830900000,1667.448,1667.488,1666.217,1666.368
1666831200000,1666.337,1667.047,1666.328,1666.877
1666831500000,1666.917,1667.377,1666.807,1666.928
1666831800000,1666.957,1666.998,1666.167,1666.548
1666832100000,1666.548,1667.148,1666.407,1667.048
1666832400000,1667.267,1669.908,1667.267,1669.158
1666832700000,1669.137,1669.697,1668.768,1668.857
1666833000000,1668.797,1670.568,1668.797,1670.538
1666833300000,1670.588,1670.648,1668.667,1669.958
1666833600000,1669.927,1670.448,1668.368,1668.468
1666833900000,1668.537,1668.648,1667.958,1668.167
1666834200000,1668.227,1668.857,1667.448,1668.048
1666834500000,1668.037,1668.648,1667.787,1668.158
1666834800000,1668.207,1668.708,1667.497,1667.728
1666835100000,1667.647,1667.908,1666.988,1667.338
1666835400000,1667.318,1667.508,1666.788,1667.288
1666835700000,1667.268,1667.328,1666.828,1666.958
1666836000000,1666.967,1667.007,1665.948,1666.067
1666836300000,1666.077,1666.278,1665.648,1665.808
1666836600000,1665.848,1665.848,1664.568,1664.648
1666836900000,1664.617,1665.148,1664.518,1664.818
1666837200000,1664.718,1664.738,1663.588,1663.907
1666837500000,1663.898,1663.898,1663.248,1663.428
1666837800000,1663.387,1663.458,1662.748,1662.958
1666838100000,1662.917,1663.087,1662.577,1662.768
1666838400000,1662.777,1662.958,1662.107,1662.248
1666838700000,1662.248,1664.138,1662.248,1663.888
1666839000000,1663.857,1664.948,1663.357,1664.338
1666839300000,1664.308,1665.258,1664.238,1664.818
1666839600000,1664.697,1665.188,1664.208,1664.348
1666839900000,1664.277,1665.708,1664.067,1665.708
1666840200000,1665.587,1665.978,1664.958,1665.218
1666840500000,1665.198,1665.948,1665.177,1665.698
1666840800000,1665.628,1665.628,1664.748,1665.048
1666841100000,1665.027,1665.075,1664.448,1664.648
1666841400000,1664.648,1664.958,1664.448,1664.548
1666841700000,1664.568,1665.158,1664.437,1664.598
1666842000000,1664.618,1664.888,1664.028,1664.148
1666842300000,1664.108,1664.448,1663.848,1664.367
1666842600000,1664.377,1665.048,1664.248,1664.788
1666842900000,1664.728,1664.988,1664.417,1664.448
1666843200000,1664.457,1664.548,1663.557,1663.758
1666843500000,1663.798,1663.838,1663.127,1663.327
1666843800000,1663.327,1664.087,1663.307,1664.027
1666844100000,1664.007,1664.027,1663.357,1663.677
1666844400000,1663.727,1663.727,1662.887,1663.028
1666844700000,1663.018,1663.698,1662.858,1663.318
1666845000000,1663.358,1663.758,1662.997,1663.388
1666845300000,1663.397,1663.845,1662.848,1663.198
1666845600000,1663.248,1663.748,1663.088,1663.467
1666845900000,1663.448,1664.037,1663.267,1664.027
1666846200000,1664.037,1665.058,1663.808,1664.868
1666846500000,1664.858,1665.988,1664.677,1665.288
1666846800000,1665.197,1665.748,1664.957,1665.547
1666847100000,1665.627,1665.867,1665.117,1665.777
1666847400000,1665.787,1666.948,1665.537,1666.627
1666847700000,1666.557,1666.667,1665.908,1666.138
1666848000000,1666.208,1667.348,1665.917,1667.297
1666848300000,1667.348,1667.458,1665.747,1666.158
1666848600000,1666.037,1666.448,1665.488,1665.878
1666848900000,1665.887,1668.518,1665.887,1668.048
1666849200000,1668.008,1669.418,1667.888,1669.408
1666849500000,1669.468,1669.548,1668.278,1668.438
1666849800000,1668.367,1669.397,1668.337,1669.037
1666850100000,1669.017,1669.548,1668.568,1668.747
1666850400000,1668.767,1668.987,1667.078,1667.278
1666850700000,1667.228,1667.467,1665.487,1665.887
1666851000000,1665.867,1666.107,1665.367,1665.688
1666851300000,1665.658,1666.108,1664.997,1665.987
1666851600000,1665.967,1666.288,1664.088,1664.218
1666851900000,1664.197,1665.418,1664.118,1665.058
1666852200000,1665.058,1665.108,1662.838,1663.178
1666852500000,1663.268,1663.848,1662.698,1662.728
1666852800000,1662.728,1662.958,1661.598,1661.928
1666853100000,1661.787,1662.818,1661.758,1662.248
1666853400000,1662.237,1663.048,1661.427,1661.958
1666853700000,1661.948,1662.048,1660.248,1660.487
1666854000000,1660.478,1661.437,1658.857,1661.327
1666854300000,1661.307,1662.268,1660.657,1661.798
1666854600000,1661.948,1663.168,1661.607,1662.588
1666854900000,1662.588,1663.258,1661.458,1661.677
1666855200000,1661.677,1661.968,1660.958,1660.958
1666855500000,1661.058,1661.778,1659.278,1659.568
1666855800000,1659.618,1660.708,1659.418,1660.408
1666856100000,1660.685,1661.558,1660.268,1661.128
1666856400000,1661.108,1662.568,1660.848,1662.107
1666856700000,1662.077,1662.388,1661.127,1662.388
1666857000000,1662.358,1662.918,1661.968,1662.438
1666857300000,1662.488,1662.998,1661.888,1662.578
1666857600000,1662.557,1663.958,1662.208,1663.728
1666857900000,1663.738,1663.958,1662.638,1662.848
1666858200000,1662.807,1664.908,1662.558,1664.648
1666858500000,1664.637,1666.558,1664.578,1666.377
1666858800000,1666.327,1666.498,1664.708,1664.708
1666859100000,1664.708,1665.498,1664.197,1664.898
1666859400000,1664.897,1665.538,1664.708,1664.828
1666859700000,1664.828,1665.387,1664.377,1664.887
1666860000000,1664.837,1664.898,1663.078,1663.828
1666860300000,1663.787,1663.928,1662.938,1663.048
1666860600000,1663.048,1664.248,1663.048,1663.448
1666860900000,1663.448,1663.788,1663.147,1663.298
1666861200000,1663.298,1663.618,1662.688,1663.078
1666861500000,1663.067,1663.078,1662.048,1662.378
1666861800000,1662.365,1662.798,1661.777,1661.788
1666862100000,1661.767,1662.548,1661.767,1661.928
1666862400000,1661.897,1662.678,1661.457,1661.588
1666862700000,1661.588,1662.008,1661.488,1661.768
1666863000000,1661.728,1663.088,1661.678,1662.968
1666863300000,1662.998,1663.418,1662.358,1662.548
1666863600000,1662.497,1662.958,1661.968,1662.058
1666863900000,1662.018,1662.248,1660.988,1661.878
1666864200000,1661.837,1663.198,1661.828,1662.977
1666864500000,1663.008,1663.308,1661.838,1662.268
1666864800000,1662.237,1662.618,1661.958,1662.228
1666865100000,1662.197,1662.958,1662.168,1662.258
1666865400000,1662.278,1662.648,1661.557,1662.548
1666865700000,1662.548,1662.548,1661.948,1662.438
1666866000000,1662.418,1662.858,1661.378,1661.807
1666866300000,1661.817,1661.907,1660.858,1661.268
1666866600000,1661.268,1662.008,1660.998,1661.598
1666866900000,1661.538,1661.588,1660.858,1661.297
1666867200000,1661.297,1661.648,1659.658,1660.568
1666867500000,1660.718,1660.987,1660.207,1660.628
1666867800000,1660.627,1660.937,1660.167,1660.807
1666868100000,1660.848,1660.988,1660.358,1660.728
1666868400000,1660.657,1661.967,1660.548,1661.535
1666868700000,1661.535,1661.548,1660.187,1661.448
1666869000000,1661.417,1661.848,1661.198,1661.528
1666869300000,1661.488,1662.548,1661.348,1662.548
1666869600000,1662.477,1663.357,1662.048,1663.058
1666869900000,1663.088,1663.207,1662.468,1662.908
1666870200000,1662.958,1663.028,1661.748,1662.148
1666870500000,1662.105,1662.148,1660.958,1661.837
1666870800000,1661.857,1662.237,1661.538,1661.798
1666871100000,1661.798,1662.028,1661.167,1661.847
1666871400000,1661.878,1662.047,1660.988,1661.538
1666871700000,1661.537,1661.908,1661.298,1661.868
1666872000000,1661.757,1662.197,1661.387,1661.778
1666872300000,1661.828,1662.218,1660.538,1660.657
1666872600000,1660.638,1661.257,1660.348,1660.828
1666872900000,1660.828,1662.238,1659.158,1660.008
1666873200000,1659.958,1659.987,1655.418,1657.428
1666873500000,1657.558,1664.377,1654.668,1660.672
1666873800000,1660.675,1662.098,1657.158,1659.637
1666874100000,1659.628,1662.018,1657.928,1658.888
1666874400000,1659.037,1660.568,1658.218,1660.098
1666874700000,1660.077,1660.808,1655.798,1657.908
1666875000000,1657.947,1659.548,1657.448,1657.957
1666875300000,1657.928,1660.507,1657.928,1659.957
1666875600000,1660.048,1660.248,1656.117,1658.318
1666875900000,1658.288,1660.967,1658.058,1660.748
1666876200000,1660.748,1661.568,1660.258,1661.268
1666876500000,1661.257,1663.987,1661.078,1661.808
1666876800000,1661.738,1662.498,1660.428,1660.838
1666877100000,1660.798,1661.748,1660.248,1661.725
1666877400000,1661.725,1662.208,1659.227,1659.718
1666877700000,1659.718,1662.648,1659.618,1661.755
1666878000000,1661.755,1661.958,1659.737,1661.637
1666878300000,1661.637,1662.158,1657.707,1658.058
1666878600000,1658.087,1659.098,1656.718,1657.738
1666878900000,1657.638,1658.478,1656.428,1658.118
1666879200000,1658.108,1661.417,1658.037,1661.117
1666879500000,1661.128,1662.388,1660.158,1661.958
1666879800000,1661.927,1664.818,1660.458,1663.908
1666880100000,1663.908,1665.398,1663.008,1663.608
1666880400000,1663.598,1664.038,1662.657,1663.448
1666880700000,1663.458,1664.148,1662.777,1663.948
1666881000000,1663.917,1665.598,1661.848,1661.938
1666881300000,1661.917,1662.028,1660.657,1661.378
1666881600000,1661.378,1661.707,1659.628,1660.508
1666881900000,1660.487,1662.038,1659.618,1661.368
1666882200000,1661.247,1663.597,1661.218,1662.848
1666882500000,1662.828,1663.227,1661.608,1662.108
1666882800000,1662.108,1663.608,1661.497,1662.988
1666883100000,1662.948,1663.288,1662.158,1662.878
1666883400000,1662.878,1664.208,1662.857,1663.598
1666883700000,1663.567,1663.708,1662.558,1663.198
1666884000000,1663.238,1664.747,1662.808,1664.298
1666884300000,1664.247,1664.378,1663.377,1664.128
1666884600000,1664.128,1665.348,1663.867,1664.568
1666884900000,1664.527,1664.848,1661.678,1662.738
1666885200000,1662.747,1663.458,1661.468,1662.268
1666885500000,1662.268,1662.458,1661.478,1661.948
1666885800000,1661.938,1662.288,1660.778,1661.068
1666886100000,1661.068,1661.628,1660.528,1661.108
1666886400000,1661.097,1661.887,1660.467,1661.238
1666886700000,1661.047,1662.218,1660.657,1661.328
1666887000000,1661.297,1661.518,1660.538,1661.158
1666887300000,1661.158,1661.518,1659.737,1659.737
1666887600000,1659.757,1660.447,1659.538,1660.028
1666887900000,1660.078,1660.168,1658.688,1658.688
1666888200000,1658.787,1659.648,1658.688,1658.998
1666888500000,1658.977,1659.337,1657.708,1657.768
1666888800000,1657.738,1657.828,1656.648,1656.668
1666889100000,1656.627,1657.518,1656.558,1657.258
1666889400000,1657.217,1658.048,1657.148,1657.528
1666889700000,1657.528,1658.098,1656.938,1657.798
1666890000000,1657.798,1658.298,1656.927,1658.098
1666890300000,1658.117,1659.928,1658.098,1659.628
1666890600000,1659.598,1660.287,1659.098,1660.058
1666890900000,1660.057,1660.698,1659.678,1660.598
1666891200000,1660.628,1661.468,1660.628,1661.378
1666891500000,1661.428,1661.618,1661.018,1661.048
1666891800000,1660.997,1662.018,1660.997,1661.318
1666892100000,1661.398,1662.008,1660.858,1660.858
1666892400000,1660.828,1661.578,1660.598,1661.118
1666892700000,1661.088,1661.577,1660.658,1660.778
1666893000000,1660.778,1660.858,1659.878,1660.068
1666893300000,1660.078,1660.598,1659.607,1659.798
1666893600000,1659.798,1660.208,1659.498,1660.178
1666893900000,1660.028,1660.318,1659.567,1659.758
1666894200000,1659.777,1659.958,1658.568,1658.858
1666894500000,1658.878,1659.858,1658.858,1659.855
1666894800000,1659.558,1659.855,1659.157,1659.258
1666895100000,1659.227,1659.317,1658.698,1658.837
1666895400000,1658.808,1658.808,1658.078,1658.548
1666895700000,1658.517,1658.838,1658.257,1658.698
1666896000000,1658.737,1659.588,1658.737,1659.348
1666896300000,1659.267,1659.497,1658.668,1658.938
1666896600000,1658.938,1659.038,1658.318,1658.568
1666896900000,1658.558,1658.658,1658.267,1658.498
1666897200000,1658.437,1659.108,1658.237,1658.618
1666897500000,1658.568,1658.898,1657.698,1657.808
1666897800000,1657.848,1658.808,1657.808,1658.608
1666898100000,1658.658,1659.828,1658.658,1659.498
1666898400000,1659.488,1659.898,1659.337,1659.768
1666898700000,1659.758,1659.958,1659.208,1659.768
1666899000000,1659.667,1661.048,1659.577,1661.048
1666899300000,1661.048,1661.078,1660.458,1660.998
1666899600000,1661.018,1661.448,1660.878,1661.338
1666899900000,1661.288,1661.578,1661.108,1661.168
1666900200000,1661.217,1661.788,1661.077,1661.515
1666900500000,1661.515,1662.378,1660.977,1662.128
1666900800000,1662.168,1662.508,1661.508,1661.738
1666901100000,1661.738,1662.198,1661.618,1661.848
1666901400000,1661.775,1661.928,1661.427,1661.728
1666901700000,1661.678,1661.708,1660.918,1661.498
1666902000000,1661.538,1661.548,1660.887,1661.248
1666902300000,1661.248,1661.798,1661.198,1661.698
1666902600000,1661.647,1663.328,1660.798,1663.178
1666902900000,1663.128,1663.318,1661.308,1661.308
1666903200000,1661.308,1661.708,1661.258,1661.258
1666903500000,1661.278,1661.708,1661.178,1661.308
1666903800000,1661.348,1662.608,1660.908,1662.508
1666904100000,1662.437,1663.398,1662.308,1662.998
1666904400000,1662.998,1662.998,1662.998,1662.998
1666904700000,1662.998,1662.998,1662.998,1662.998
1666905000000,1662.998,1662.998,1662.998,1662.998
1666905300000,1662.998,1662.998,1662.998,1662.998
1666905600000,1662.998,1662.998,1662.998,1662.998
1666905900000,1662.998,1662.998,1662.998,1662.998
1666906200000,1662.998,1662.998,1662.998,1662.998
1666906500000,1662.998,1662.998,1662.998,1662.998
1666906800000,1662.998,1662.998,1662.998,1662.998
1666907100000,1662.998,1662.998,1662.998,1662.998
1666907400000,1662.998,1662.998,1662.998,1662.998
1666907700000,1662.998,1662.998,1662.998,1662.998
1666908000000,1661.957,1662.998,1661.798,1661.898
1666908300000,1661.918,1662.558,1661.438,1662.008
1666908600000,1661.968,1662.608,1661.208,1661.387
1666908900000,1661.448,1662.477,1661.237,1661.437
1666909200000,1661.437,1661.938,1661.385,1661.587
1666909500000,1661.587,1661.808,1661.178,1661.328
1666909800000,1661.418,1662.018,1661.368,1661.968
1666910100000,1661.988,1662.138,1661.628,1662.118
1666910400000,1662.138,1662.478,1661.798,1661.878
1666910700000,1661.718,1662.098,1661.578,1661.938
1666911000000,1661.898,1662.058,1661.438,1661.918
1666911300000,1661.918,1662.318,1661.668,1662.108
1666911600000,1662.128,1662.298,1661.638,1661.678
1666911900000,1661.698,1662.018,1661.518,1661.818
1666912200000,1661.898,1662.548,1661.898,1662.378
1666912500000,1662.398,1662.738,1662.248,1662.248
1666912800000,1662.318,1662.808,1662.238,1662.608
1666913100000,1662.698,1662.918,1662.577,1662.708
1666913400000,1662.748,1662.748,1662.308,1662.728
1666913700000,1662.758,1662.828,1662.348,1662.628
1666914000000,1662.628,1662.898,1662.518,1662.848
1666914300000,1662.828,1662.858,1662.058,1662.397
1666914600000,1662.388,1662.587,1661.738,1662.018
1666914900000,1662.118,1662.128,1661.308,1661.728
1666915200000,1661.758,1662.018,1660.838,1661.448
1666915500000,1661.467,1662.078,1661.088,1661.248
1666915800000,1661.277,1661.638,1660.757,1661.448
1666916100000,1661.428,1661.678,1660.358,1660.398
1666916400000,1660.417,1660.978,1660.398,1660.898
1666916700000,1660.908,1661.108,1660.648,1660.918
1666917000000,1660.948,1661.527,1660.658,1661.437
1666917300000,1661.447,1662.348,1661.398,1662.197
1666917600000,1662.167,1662.338,1661.868,1662.195
1666917900000,1662.195,1662.498,1662.008,1662.248
1666918200000,1662.228,1662.498,1661.398,1661.498
1666918500000,1661.548,1662.118,1661.518,1661.768
1666918800000,1661.777,1662.998,1660.907,1662.998
1666919100000,1662.907,1663.418,1662.538,1663.378
1666919400000,1663.428,1663.618,1662.398,1662.708
1666919700000,1662.708,1663.007,1661.308,1662.438
1666920000000,1662.417,1663.198,1662.027,1662.858
1666920300000,1662.817,1663.318,1662.398,1663.118
1666920600000,1662.987,1663.228,1661.508,1661.598
1666920900000,1661.578,1663.298,1661.518,1663.118
1666921200000,1663.098,1664.338,1663.098,1663.648
1666921500000,1663.638,1664.398,1663.558,1664.245
1666921800000,1664.245,1664.878,1664.217,1664.548
1666922100000,1664.578,1666.377,1664.468,1666.097
1666922400000,1666.097,1666.858,1665.708,1665.808
1666922700000,1665.818,1666.008,1664.878,1664.898
1666923000000,1664.838,1665.428,1664.558,1664.798
1666923300000,1664.677,1664.987,1664.498,1664.948
1666923600000,1664.887,1665.358,1664.778,1664.978
1666923900000,1664.927,1665.218,1664.637,1665.088
1666924200000,1665.068,1665.108,1664.508,1664.638
1666924500000,1664.597,1665.325,1664.218,1664.498
1666924800000,1664.478,1664.568,1664.008,1664.238
1666925100000,1664.187,1664.248,1663.417,1663.677
1666925400000,1663.677,1664.048,1662.397,1663.667
1666925700000,1663.667,1665.577,1663.368,1665.148
1666926000000,1665.148,1666.028,1665.047,1665.178
1666926300000,1665.138,1665.138,1664.618,1664.737
1666926600000,1664.657,1664.918,1663.377,1663.628
1666926900000,1663.628,1663.747,1663.047,1663.518
1666927200000,1663.548,1664.148,1663.068,1663.848
1666927500000,1663.828,1664.058,1663.308,1663.358
1666927800000,1663.358,1664.148,1663.247,1663.648
1666928100000,1663.648,1664.048,1663.498,1663.915
1666928400000,1663.915,1664.278,1663.728,1664.078
1666928700000,1664.128,1664.248,1663.538,1663.588
1666929000000,1663.557,1663.848,1663.388,1663.748
1666929300000,1663.668,1664.678,1663.458,1664.648
1666929600000,1664.668,1665.248,1664.537,1664.958
1666929900000,1664.958,1665.028,1664.128,1664.638
1666930200000,1664.668,1665.158,1664.358,1664.478
1666930500000,1664.468,1664.958,1664.468,1664.698
1666930800000,1664.678,1664.698,1663.428,1663.518
1666931100000,1663.617,1664.348,1663.568,1664.048
1666931400000,1664.097,1664.477,1663.487,1664.008
1666931700000,1664.048,1664.248,1663.878,1663.887
1666932000000,1663.877,1664.398,1663.758,1664.098
1666932300000,1664.098,1664.468,1663.678,1664.388
1666932600000,1664.337,1664.468,1663.908,1663.998
1666932900000,1663.967,1664.568,1663.788,1664.408
1666933200000,1664.368,1665.048,1663.957,1664.558
1666933500000,1664.558,1664.728,1663.978,1664.198
1666933800000,1664.198,1664.298,1663.388,1663.798
1666934100000,1663.768,1664.228,1663.615,1663.768
1666934400000,1663.738,1663.817,1663.457,1663.598
1666934700000,1663.598,1663.798,1663.208,1663.368
1666935000000,1663.287,1663.608,1662.057,1663.168
1666935300000,1663.168,1663.168,1661.588,1661.798
1666935600000,1661.787,1661.998,1659.698,1659.928
1666935900000,1659.988,1660.758,1659.917,1660.208
1666936200000,1660.177,1660.688,1659.808,1660.307
1666936500000,1660.298,1660.378,1659.268,1659.677
1666936800000,1659.697,1661.187,1659.437,1661.148
1666937100000,1661.187,1661.348,1659.648,1660.087
1666937400000,1660.087,1660.157,1658.398,1658.978
1666937700000,1658.978,1658.978,1658.138,1658.438
1666938000000,1658.397,1658.808,1657.608,1657.688
1666938300000,1657.738,1658.937,1657.588,1658.937
1666938600000,1658.907,1658.998,1657.888,1657.888
1666938900000,1657.908,1658.358,1657.758,1658.217
1666939200000,1658.198,1659.448,1658.008,1659.118
1666939500000,1658.857,1658.857,1657.227,1657.278
1666939800000,1657.317,1657.728,1656.307,1656.608
1666940100000,1656.587,1657.047,1656.117,1656.828
1666940400000,1656.797,1657.648,1655.067,1655.617
1666940700000,1655.617,1656.467,1655.278,1655.588
1666941000000,1655.567,1655.808,1652.707,1653.208
1666941300000,1653.177,1653.248,1651.308,1651.598
1666941600000,1651.568,1653.398,1651.408,1653.088
1666941900000,1653.007,1653.367,1652.457,1652.797
1666942200000,1652.797,1652.998,1651.778,1652.558
1666942500000,1652.568,1653.698,1652.198,1653.218
1666942800000,1653.218,1653.218,1652.078,1652.258
1666943100000,1652.268,1652.387,1651.277,1651.907
1666943400000,1651.958,1652.887,1651.748,1652.807
1666943700000,1652.817,1653.398,1652.418,1652.537
1666944000000,1652.587,1653.668,1650.868,1651.228
1666944300000,1651.187,1651.317,1650.278,1650.658
1666944600000,1650.597,1651.278,1650.278,1651.048
1666944900000,1651.108,1651.618,1650.668,1650.848
1666945200000,1650.837,1651.787,1650.558,1650.748
1666945500000,1650.748,1651.427,1650.728,1650.807
1666945800000,1650.828,1651.098,1647.798,1649.198
1666946100000,1649.298,1650.658,1649.118,1650.218
1666946400000,1650.198,1651.478,1649.608,1650.678
1666946700000,1650.687,1651.837,1650.278,1651.448
1666947000000,1651.448,1651.558,1649.688,1650.698
1666947300000,1650.698,1651.438,1650.348,1650.448
1666947600000,1650.448,1651.128,1650.158,1650.397
1666947900000,1650.397,1651.167,1649.238,1649.258
1666948200000,1649.238,1649.878,1648.507,1648.748
1666948500000,1648.797,1648.797,1646.727,1648.188
1666948800000,1648.218,1650.128,1648.187,1649.348
1666949100000,1649.328,1650.058,1648.898,1649.668
1666949400000,1649.727,1649.727,1648.648,1649.108
1666949700000,1649.198,1649.298,1647.838,1647.848
1666950000000,1647.818,1647.858,1646.388,1647.667
1666950300000,1647.687,1648.597,1647.417,1648.488
1666950600000,1648.427,1649.238,1648.247,1648.928
1666950900000,1648.918,1649.667,1648.738,1649.518
1666951200000,1649.528,1649.528,1647.557,1648.058
1666951500000,1648.058,1649.327,1647.548,1649.308
1666951800000,1649.337,1649.568,1648.578,1649.098
1666952100000,1649.097,1649.457,1648.927,1649.418
1666952400000,1649.407,1649.838,1649.227,1649.318
1666952700000,1649.227,1649.227,1648.688,1648.898
1666953000000,1648.898,1648.898,1647.428,1648.807
1666953300000,1648.787,1648.828,1648.048,1648.358
1666953600000,1648.367,1648.758,1647.958,1648.068
1666953900000,1648.058,1648.238,1646.998,1647.877
1666954200000,1647.877,1648.608,1647.727,1648.608
1666954500000,1648.638,1648.858,1648.357,1648.488
1666954800000,1648.478,1648.818,1647.698,1647.698
1666955100000,1647.698,1648.008,1646.158,1647.158
1666955400000,1647.157,1648.508,1646.977,1648.508
1666955700000,1648.528,1649.377,1647.648,1648.888
1666956000000,1648.978,1649.978,1648.178,1649.468
1666956300000,1649.518,1651.258,1649.228,1651.248
1666956600000,1651.148,1651.248,1650.408,1650.928
1666956900000,1650.928,1652.877,1650.848,1651.917
1666957200000,1651.857,1652.218,1650.508,1650.738
1666957500000,1650.677,1651.378,1650.677,1651.268
1666957800000,1651.308,1651.318,1650.237,1650.948
1666958100000,1650.948,1651.218,1649.648,1650.298
1666958400000,1650.268,1650.778,1648.648,1649.488
1666958700000,1649.478,1649.568,1647.588,1648.258
1666959000000,1648.268,1649.298,1648.148,1648.648
1666959300000,1648.617,1650.448,1648.428,1649.708
1666959600000,1649.617,1649.708,1648.128,1648.198
1666959900000,1648.137,1648.258,1643.957,1645.437
1666960200000,1645.317,1652.927,1639.898,1649.707
1666960500000,1649.727,1649.727,1644.418,1644.948
1666960800000,1644.948,1646.577,1643.077,1646.117
1666961100000,1646.127,1646.378,1640.837,1642.348
1666961400000,1642.337,1644.088,1641.397,1643.378
1666961700000,1643.368,1644.178,1642.098,1643.148
1666962000000,1643.187,1646.198,1643.187,1646.118
1666962300000,1646.077,1647.288,1645.877,1646.578
1666962600000,1646.548,1648.158,1645.518,1646.358
1666962900000,1646.327,1647.007,1643.427,1644.128
1666963200000,1644.128,1645.458,1643.548,1643.758
1666963500000,1643.848,1644.748,1642.948,1643.008
1666963800000,1643.027,1646.148,1642.118,1644.788
1666964100000,1644.777,1647.098,1643.858,1647.098
1666964400000,1647.137,1648.088,1645.968,1646.618
1666964700000,1646.618,1647.598,1646.007,1646.708
1666965000000,1646.667,1648.598,1645.808,1646.895
1666965300000,1646.895,1647.188,1645.508,1646.577
1666965600000,1645.877,1649.098,1645.087,1645.968
1666965900000,1645.997,1647.467,1645.707,1645.918
1666966200000,1645.948,1646.348,1643.337,1644.828
1666966500000,1644.858,1645.158,1642.947,1643.228
1666966800000,1643.127,1643.468,1641.557,1642.038
1666967100000,1641.997,1643.538,1641.898,1643.078
1666967400000,1642.977,1643.558,1641.477,1641.508
1666967700000,1641.487,1642.618,1641.077,1642.058
1666968000000,1641.977,1642.478,1641.118,1641.538
1666968300000,1641.567,1643.808,1641.498,1643.048
1666968600000,1643.078,1643.198,1640.528,1641.598
1666968900000,1641.548,1642.758,1641.467,1642.468
1666969200000,1642.467,1643.728,1642.327,1642.368
1666969500000,1642.368,1643.298,1641.708,1642.708
1666969800000,1642.698,1643.008,1640.587,1640.865
1666970100000,1640.865,1640.865,1637.898,1640.308
1666970400000,1640.208,1641.728,1640.208,1640.738
1666970700000,1640.697,1640.908,1639.858,1640.697
1666971000000,1640.688,1641.658,1640.428,1640.758
1666971300000,1640.707,1641.048,1640.037,1640.745
1666971600000,1640.745,1641.058,1639.908,1640.448
1666971900000,1640.437,1641.068,1639.897,1640.718
1666972200000,1640.657,1641.218,1640.298,1640.298
1666972500000,1640.298,1640.628,1639.437,1639.448
1666972800000,1639.447,1640.317,1639.287,1639.617
1666973100000,1639.617,1639.628,1638.717,1639.497
1666973400000,1639.507,1640.557,1639.437,1640.448
1666973700000,1640.498,1641.638,1640.418,1640.918
1666974000000,1640.888,1641.388,1640.768,1641.348
1666974300000,1641.328,1641.428,1640.348,1640.608
1666974600000,1640.648,1641.348,1640.548,1641.298
1666974900000,1641.198,1641.458,1640.548,1641.108
1666975200000,1641.098,1641.328,1640.498,1641.248
1666975500000,1641.287,1642.158,1641.247,1641.958
1666975800000,1641.898,1642.538,1641.767,1642.165
1666976100000,1642.158,1643.028,1641.988,1642.568
1666976400000,1642.547,1643.988,1642.547,1643.908
1666976700000,1643.908,1644.408,1642.478,1642.487
1666977000000,1642.498,1643.198,1642.498,1642.748
1666977300000,1642.738,1642.868,1641.948,1641.948
1666977600000,1642.038,1642.048,1641.008,1641.118
1666977900000,1641.118,1641.508,1640.588,1641.178
1666978200000,1641.278,1641.568,1640.808,1641.008
1666978500000,1641.018,1641.598,1640.908,1641.388
1666978800000,1641.358,1641.588,1641.188,1641.388
1666979100000,1641.408,1641.568,1641.188,1641.295
1666979400000,1641.068,1641.578,1640.948,1641.048
1666979700000,1640.948,1641.278,1640.748,1641.038
1666980000000,1641.007,1641.468,1640.648,1640.888
1666980300000,1640.857,1641.188,1640.668,1640.788
1666980600000,1640.778,1641.348,1640.658,1641.158
1666980900000,1641.117,1641.877,1641.117,1641.648
1666981200000,1641.648,1641.748,1641.148,1641.448
1666981500000,1641.448,1641.648,1641.057,1641.298
1666981800000,1641.297,1641.598,1641.158,1641.528
1666982100000,1641.558,1642.087,1641.277,1641.977
1666982400000,1641.975,1642.197,1641.598,1641.598
1666982700000,1641.598,1642.358,1641.408,1642.268
1666983000000,1642.217,1643.038,1642.157,1642.798
1666983300000,1642.807,1643.258,1642.807,1643.048
1666983600000,1642.997,1643.198,1642.537,1642.898
1666983900000,1642.948,1643.178,1642.548,1643.118
1666984200000,1642.957,1643.678,1642.957,1643.298
1666984500000,1643.308,1643.658,1643.118,1643.118
1666984800000,1643.178,1643.738,1643.177,1643.738
1666985100000,1643.838,1644.068,1643.418,1643.488
1666985400000,1643.397,1643.948,1643.267,1643.748
1666985700000,1643.798,1644.248,1643.748,1644.148
1666986000000,1644.188,1644.708,1644.148,1644.598
1666986300000,1644.548,1644.768,1644.338,1644.718
1666986600000,1644.677,1644.808,1644.308,1644.358
1666986900000,1644.338,1645.098,1643.867,1645.048
1666987200000,1644.937,1644.948,1643.837,1644.168
1666987500000,1643.847,1644.248,1643.847,1644.098
1666987800000,1644.098,1644.098,1643.357,1644.048
1666988100000,1644.028,1644.268,1643.748,1643.778
1666988400000,1643.848,1643.938,1643.477,1643.898
1666988700000,1643.818,1644.028,1643.678,1643.748
1666989000000,1643.748,1644.148,1643.577,1644.148
1666989300000,1644.148,1644.848,1644.148,1644.748
1666989600000,1644.748,1645.048,1644.658,1644.898
1666989900000,1644.597,1644.998,1644.597,1644.798
1666990200000,1644.798,1645.448,1644.527,1645.148
1666990500000,1645.058,1645.548,1643.598,1644.498
1667088000000,1642.467,1642.467,1642.467,1642.467
1667088300000,1642.467,1642.467,1642.467,1642.467
1667088600000,1642.467,1642.467,1642.467,1642.467
1667088900000,1642.467,1642.467,1642.467,1642.467
1667089200000,1642.467,1642.467,1642.467,1642.467
1667089500000,1642.467,1642.467,1642.467,1642.467
1667089800000,1642.467,1642.467,1642.467,1642.467
1667090100000,1642.467,1642.467,1642.467,1642.467
1667090400000,1642.467,1642.467,1642.467,1642.467
1667090700000,1642.467,1642.467,1642.467,1642.467
1667091000000,1642.467,1642.467,1642.467,1642.467
1667091300000,1642.467,1642.467,1642.467,1642.467
1667091600000,1642.467,1642.467,1642.467,1642.467
1667091900000,1642.467,1642.467,1642.467,1642.467
1667092200000,1642.467,1642.467,1642.467,1642.467
1667092500000,1642.467,1642.467,1642.467,1642.467
1667092800000,1642.467,1642.467,1642.467,1642.467
1667093100000,1642.467,1642.467,1642.467,1642.467
1667093400000,1642.467,1642.467,1642.467,1642.467
1667093700000,1642.467,1642.467,1642.467,1642.467
1667094000000,1642.467,1642.467,1642.467,1642.467
1667094300000,1642.467,1642.467,1642.467,1642.467
1667094600000,1642.467,1642.467,1642.467,1642.467
1667094900000,1642.467,1642.467,1642.467,1642.467
1667095200000,1642.467,1642.467,1642.467,1642.467
1667095500000,1642.467,1642.467,1642.467,1642.467
1667095800000,1642.467,1642.467,1642.467,1642.467
1667096100000,1642.467,1642.467,1642.467,1642.467
1667096400000,1642.467,1642.467,1642.467,1642.467
1667096700000,1642.467,1642.467,1642.467,1642.467
1667097000000,1642.467,1642.467,1642.467,1642.467
1667097300000,1642.467,1642.467,1642.467,1642.467
1667097600000,1642.467,1642.467,1642.467,1642.467
1667097900000,1642.467,1642.467,1642.467,1642.467
1667098200000,1642.467,1642.467,1642.467,1642.467
1667098500000,1642.467,1642.467,1642.467,1642.467
1667098800000,1642.467,1642.467,1642.467,1642.467
1667099100000,1642.467,1642.467,1642.467,1642.467
1667099400000,1642.467,1642.467,1642.467,1642.467
1667099700000,1642.467,1642.467,1642.467,1642.467
1667100000000,1642.467,1642.467,1642.467,1642.467
1667100300000,1642.467,1642.467,1642.467,1642.467
1667100600000,1642.467,1642.467,1642.467,1642.467
1667100900000,1642.467,1642.467,1642.467,1642.467
1667101200000,1642.467,1642.467,1642.467,1642.467
1667101500000,1642.467,1642.467,1642.467,1642.467
1667101800000,1642.467,1642.467,1642.467,1642.467
1667102100000,1642.467,1642.467,1642.467,1642.467
1667102400000,1642.467,1642.467,1642.467,1642.467
1667102700000,1642.467,1642.467,1642.467,1642.467
1667103000000,1642.467,1642.467,1642.467,1642.467
1667103300000,1642.467,1642.467,1642.467,1642.467
1667103600000,1642.467,1642.467,1642.467,1642.467
1667103900000,1642.467,1642.467,1642.467,1642.467
1667104200000,1642.467,1642.467,1642.467,1642.467
1667104500000,1642.467,1642.467,1642.467,1642.467
1667104800000,1642.467,1642.467,1642.467,1642.467
1667105100000,1642.467,1642.467,1642.467,1642.467
1667105400000,1642.467,1642.467,1642.467,1642.467
1667105700000,1642.467,1642.467,1642.467,1642.467
1667106000000,1642.467,1642.467,1642.467,1642.467
1667106300000,1642.467,1642.467,1642.467,1642.467
1667106600000,1642.467,1642.467,1642.467,1642.467
1667106900000,1642.467,1642.467,1642.467,1642.467
1667107200000,1642.467,1642.467,1642.467,1642.467
1667107500000,1642.467,1642.467,1642.467,1642.467
1667107800000,1642.467,1642.467,1642.467,1642.467
1667108100000,1642.467,1642.467,1642.467,1642.467
1667108400000,1642.467,1642.467,1642.467,1642.467
1667108700000,1642.467,1642.467,1642.467,1642.467
1667109000000,1642.467,1642.467,1642.467,1642.467
1667109300000,1642.467,1642.467,1642.467,1642.467
1667109600000,1642.467,1642.467,1642.467,1642.467
1667109900000,1642.467,1642.467,1642.467,1642.467
1667110200000,1642.467,1642.467,1642.467,1642.467
1667110500000,1642.467,1642.467,1642.467,1642.467
1667110800000,1642.467,1642.467,1642.467,1642.467
1667111100000,1642.467,1642.467,1642.467,1642.467
1667111400000,1642.467,1642.467,1642.467,1642.467
1667111700000,1642.467,1642.467,1642.467,1642.467
1667112000000,1642.467,1642.467,1642.467,1642.467
1667112300000,1642.467,1642.467,1642.467,1642.467
1667112600000,1642.467,1642.467,1642.467,1642.467
1667112900000,1642.467,1642.467,1642.467,1642.467
1667113200000,1642.467,1642.467,1642.467,1642.467
1667113500000,1642.467,1642.467,1642.467,1642.467
1667113800000,1642.467,1642.467,1642.467,1642.467
1667114100000,1642.467,1642.467,1642.467,1642.467
1667114400000,1642.467,1642.467,1642.467,1642.467
1667114700000,1642.467,1642.467,1642.467,1642.467
1667115000000,1642.467,1642.467,1642.467,1642.467
1667115300000,1642.467,1642.467,1642.467,1642.467
1667115600000,1642.467,1642.467,1642.467,1642.467
1667115900000,1642.467,1642.467,1642.467,1642.467
1667116200000,1642.467,1642.467,1642.467,1642.467
1667116500000,1642.467,1642.467,1642.467,1642.467
1667116800000,1642.467,1642.467,1642.467,1642.467
1667117100000,1642.467,1642.467,1642.467,1642.467
1667117400000,1642.467,1642.467,1642.467,1642.467
1667117700000,1642.467,1642.467,1642.467,1642.467
1667118000000,1642.467,1642.467,1642.467,1642.467
1667118300000,1642.467,1642.467,1642.467,1642.467
1667118600000,1642.467,1642.467,1642.467,1642.467
1667118900000,1642.467,1642.467,1642.467,1642.467
1667119200000,1642.467,1642.467,1642.467,1642.467
1667119500000,1642.467,1642.467,1642.467,1642.467
1667119800000,1642.467,1642.467,1642.467,1642.467
1667120100000,1642.467,1642.467,1642.467,1642.467
1667120400000,1642.467,1642.467,1642.467,1642.467
1667120700000,1642.467,1642.467,1642.467,1642.467
1667121000000,1642.467,1642.467,1642.467,1642.467
1667121300000,1642.467,1642.467,1642.467,1642.467
1667121600000,1642.467,1642.467,1642.467,1642.467
1667121900000,1642.467,1642.467,1642.467,1642.467
1667122200000,1642.467,1642.467,1642.467,1642.467
1667122500000,1642.467,1642.467,1642.467,1642.467
1667122800000,1642.467,1642.467,1642.467,1642.467
1667123100000,1642.467,1642.467,1642.467,1642.467
1667123400000,1642.467,1642.467,1642.467,1642.467
1667123700000,1642.467,1642.467,1642.467,1642.467
1667124000000,1642.467,1642.467,1642.467,1642.467
1667124300000,1642.467,1642.467,1642.467,1642.467
1667124600000,1642.467,1642.467,1642.467,1642.467
1667124900000,1642.467,1642.467,1642.467,1642.467
1667125200000,1642.467,1642.467,1642.467,1642.467
1667125500000,1642.467,1642.467,1642.467,1642.467
1667125800000,1642.467,1642.467,1642.467,1642.467
1667126100000,1642.467,1642.467,1642.467,1642.467
1667126400000,1642.467,1642.467,1642.467,1642.467
1667126700000,1642.467,1642.467,1642.467,1642.467
1667127000000,1642.467,1642.467,1642.467,1642.467
1667127300000,1642.467,1642.467,1642.467,1642.467
1667127600000,1642.467,1642.467,1642.467,1642.467
1667127900000,1642.467,1642.467,1642.467,1642.467
1667128200000,1642.467,1642.467,1642.467,1642.467
1667128500000,1642.467,1642.467,1642.467,1642.467
1667128800000,1642.467,1642.467,1642.467,1642.467
1667129100000,1642.467,1642.467,1642.467,1642.467
1667129400000,1642.467,1642.467,1642.467,1642.467
1667129700000,1642.467,1642.467,1642.467,1642.467
1667130000000,1642.467,1642.467,1642.467,1642.467
1667130300000,1642.467,1642.467,1642.467,1642.467
1667130600000,1642.467,1642.467,1642.467,1642.467
1667130900000,1642.467,1642.467,1642.467,1642.467
1667131200000,1642.467,1642.467,1642.467,1642.467
1667131500000,1642.467,1642.467,1642.467,1642.467
1667131800000,1642.467,1642.467,1642.467,1642.467
1667132100000,1642.467,1642.467,1642.467,1642.467
1667132400000,1642.467,1642.467,1642.467,1642.467
1667132700000,1642.467,1642.467,1642.467,1642.467
1667133000000,1642.467,1642.467,1642.467,1642.467
1667133300000,1642.467,1642.467,1642.467,1642.467
1667133600000,1642.467,1642.467,1642.467,1642.467
1667133900000,1642.467,1642.467,1642.467,1642.467
1667134200000,1642.467,1642.467,1642.467,1642.467
1667134500000,1642.467,1642.467,1642.467,1642.467
1667134800000,1642.467,1642.467,1642.467,1642.467
1667135100000,1642.467,1642.467,1642.467,1642.467
1667135400000,1642.467,1642.467,1642.467,1642.467
1667135700000,1642.467,1642.467,1642.467,1642.467
1667136000000,1642.467,1642.467,1642.467,1642.467
1667136300000,1642.467,1642.467,1642.467,1642.467
1667136600000,1642.467,1642.467,1642.467,1642.467
1667136900000,1642.467,1642.467,1642.467,1642.467
1667137200000,1642.467,1642.467,1642.467,1642.467
1667137500000,1642.467,1642.467,1642.467,1642.467
1667137800000,1642.467,1642.467,1642.467,1642.467
1667138100000,1642.467,1642.467,1642.467,1642.467
1667138400000,1642.467,1642.467,1642.467,1642.467
1667138700000,1642.467,1642.467,1642.467,1642.467
1667139000000,1642.467,1642.467,1642.467,1642.467
1667139300000,1642.467,1642.467,1642.467,1642.467
1667139600000,1642.467,1642.467,1642.467,1642.467
1667139900000,1642.467,1642.467,1642.467,1642.467
1667140200000,1642.467,1642.467,1642.467,1642.467
1667140500000,1642.467,1642.467,1642.467,1642.467
1667140800000,1642.467,1642.467,1642.467,1642.467
1667141100000,1642.467,1642.467,1642.467,1642.467
1667141400000,1642.467,1642.467,1642.467,1642.467
1667141700000,1642.467,1642.467,1642.467,1642.467
1667142000000,1642.467,1642.467,1642.467,1642.467
1667142300000,1642.467,1642.467,1642.467,1642.467
1667142600000,1642.467,1642.467,1642.467,1642.467
1667142900000,1642.467,1642.467,1642.467,1642.467
1667143200000,1642.467,1642.467,1642.467,1642.467
1667143500000,1642.467,1642.467,1642.467,1642.467
1667143800000,1642.467,1642.467,1642.467,1642.467
1667144100000,1642.467,1642.467,1642.467,1642.467
1667144400000,1642.467,1642.467,1642.467,1642.467
1667144700000,1642.467,1642.467,1642.467,1642.467
1667145000000,1642.467,1642.467,1642.467,1642.467
1667145300000,1642.467,1642.467,1642.467,1642.467
1667145600000,1642.467,1642.467,1642.467,1642.467
1667145900000,1642.467,1642.467,1642.467,1642.467
1667146200000,1642.467,1642.467,1642.467,1642.467
1667146500000,1642.467,1642.467,1642.467,1642.467
1667146800000,1642.467,1642.467,1642.467,1642.467
1667147100000,1642.467,1642.467,1642.467,1642.467
1667147400000,1642.467,1642.467,1642.467,1642.467
1667147700000,1642.467,1642.467,1642.467,1642.467
1667148000000,1642.467,1642.467,1642.467,1642.467
1667148300000,1642.467,1642.467,1642.467,1642.467
1667148600000,1642.467,1642.467,1642.467,1642.467
1667148900000,1642.467,1642.467,1642.467,1642.467
1667149200000,1642.467,1642.467,1642.467,1642.467
1667149500000,1642.467,1642.467,1642.467,1642.467
1667149800000,1642.467,1642.467,1642.467,1642.467
1667150100000,1642.467,1642.467,1642.467,1642.467
1667150400000,1642.467,1642.467,1642.467,1642.467
1667150700000,1642.467,1642.467,1642.467,1642.467
1667151000000,1642.467,1642.467,1642.467,1642.467
1667151300000,1642.467,1642.467,1642.467,1642.467
1667151600000,1642.467,1642.467,1642.467,1642.467
1667151900000,1642.467,1642.467,1642.467,1642.467
1667152200000,1642.467,1642.467,1642.467,1642.467
1667152500000,1642.467,1642.467,1642.467,1642.467
1667152800000,1642.467,1642.467,1642.467,1642.467
1667153100000,1642.467,1642.467,1642.467,1642.467
1667153400000,1642.467,1642.467,1642.467,1642.467
1667153700000,1642.467,1642.467,1642.467,1642.467
1667154000000,1642.467,1642.467,1642.467,1642.467
1667154300000,1642.467,1642.467,1642.467,1642.467
1667154600000,1642.467,1642.467,1642.467,1642.467
1667154900000,1642.467,1642.467,1642.467,1642.467
1667155200000,1642.467,1642.467,1642.467,1642.467
1667155500000,1642.467,1642.467,1642.467,1642.467
1667155800000,1642.467,1642.467,1642.467,1642.467
1667156100000,1642.467,1642.467,1642.467,1642.467
1667156400000,1642.467,1642.467,1642.467,1642.467
1667156700000,1642.467,1642.467,1642.467,1642.467
1667157000000,1642.467,1642.467,1642.467,1642.467
1667157300000,1642.467,1642.467,1642.467,1642.467
1667157600000,1642.467,1642.467,1642.467,1642.467
1667157900000,1642.467,1642.467,1642.467,1642.467
1667158200000,1642.467,1642.467,1642.467,1642.467
1667158500000,1642.467,1642.467,1642.467,1642.467
1667158800000,1642.467,1642.467,1642.467,1642.467
1667159100000,1642.467,1642.467,1642.467,1642.467
1667159400000,1642.467,1642.467,1642.467,1642.467
1667159700000,1642.467,1642.467,1642.467,1642.467
1667160000000,1642.467,1642.467,1642.467,1642.467
1667160300000,1642.467,1642.467,1642.467,1642.467
1667160600000,1642.467,1642.467,1642.467,1642.467
1667160900000,1642.467,1642.467,1642.467,1642.467
1667161200000,1642.467,1642.467,1642.467,1642.467
1667161500000,1642.467,1642.467,1642.467,1642.467
1667161800000,1642.467,1642.467,1642.467,1642.467
1667162100000,1642.467,1642.467,1642.467,1642.467
1667162400000,1642.467,1642.467,1642.467,1642.467
1667162700000,1642.467,1642.467,1642.467,1642.467
1667163000000,1642.467,1642.467,1642.467,1642.467
1667163300000,1642.467,1642.467,1642.467,1642.467
1667163600000,1642.467,1642.467,1642.467,1642.467
1667163900000,1642.467,1642.467,1642.467,1642.467
1667164200000,1642.467,1642.467,1642.467,1642.467
1667164500000,1642.467,1642.467,1642.467,1642.467
1667164800000,1642.467,1642.467,1642.467,1642.467
1667165100000,1642.467,1642.467,1642.467,1642.467
1667165400000,1642.467,1642.467,1642.467,1642.467
1667165700000,1642.467,1642.467,1642.467,1642.467
1667166000000,1642.467,1642.467,1642.467,1642.467
1667166300000,1642.467,1642.467,1642.467,1642.467
1667166600000,1642.467,1642.467,1642.467,1642.467
1667166900000,1642.467,1642.467,1642.467,1642.467
1667167200000,1643.398,1643.938,1641.297,1643.598
1667167500000,1643.507,1644.198,1642.898,1643.898
1667167800000,1644.067,1644.377,1642.898,1643.198
1667168100000,1642.998,1644.017,1642.967,1643.98
1667168400000,1644.057,1644.157,1643.398,1643.998
1667168700000,1644.007,1644.317,1643.698,1643.917
1667169000000,1644.037,1644.298,1643.567,1643.857
1667169300000,1643.857,1644.478,1643.698,1644.307
1667169600000,1644.298,1644.307,1643.578,1643.798
1667169900000,1643.798,1644.248,1643.778,1644.038
1667170200000,1644.038,1644.308,1643.818,1643.857
1667170500000,1643.837,1644.137,1643.767,1643.998
1667170800000,1644.017,1644.497,1643.898,1644.418
1667171100000,1644.368,1644.618,1644.178,1644.388
1667171400000,1644.388,1644.838,1644.208,1644.638
1667171700000,1644.668,1645.258,1644.308,1644.308
1667172000000,1644.298,1644.408,1644.108,1644.188
1667172300000,1644.188,1644.767,1644.158,1644.388
1667172600000,1644.418,1644.558,1643.697,1644.228
1667172900000,1644.238,1644.288,1643.888,1644.157
1667173200000,1644.148,1644.148,1643.578,1643.788
1667173500000,1643.757,1643.757,1643.208,1643.517
1667173800000,1643.517,1643.618,1643.158,1643.565
1667174100000,1643.565,1643.638,1643.238,1643.368
