timestamp,open,high,low,close
1696118400000,1847.055,1847.055,1847.055,1847.055
1696118700000,1847.055,1847.055,1847.055,1847.055
1696119000000,1847.055,1847.055,1847.055,1847.055
1696119300000,1847.055,1847.055,1847.055,1847.055
1696119600000,1847.055,1847.055,1847.055,1847.055
1696119900000,1847.055,1847.055,1847.055,1847.055
1696120200000,1847.055,1847.055,1847.055,1847.055
1696120500000,1847.055,1847.055,1847.055,1847.055
1696120800000,1847.055,1847.055,1847.055,1847.055
1696121100000,1847.055,1847.055,1847.055,1847.055
1696121400000,1847.055,1847.055,1847.055,1847.055
1696121700000,1847.055,1847.055,1847.055,1847.055
1696122000000,1847.055,1847.055,1847.055,1847.055
1696122300000,1847.055,1847.055,1847.055,1847.055
1696122600000,1847.055,1847.055,1847.055,1847.055
1696122900000,1847.055,1847.055,1847.055,1847.055
1696123200000,1847.055,1847.055,1847.055,1847.055
1696123500000,1847.055,1847.055,1847.055,1847.055
1696123800000,1847.055,1847.055,1847.055,1847.055
1696124100000,1847.055,1847.055,1847.055,1847.055
1696124400000,1847.055,1847.055,1847.055,1847.055
1696124700000,1847.055,1847.055,1847.055,1847.055
1696125000000,1847.055,1847.055,1847.055,1847.055
1696125300000,1847.055,1847.055,1847.055,1847.055
1696125600000,1847.055,1847.055,1847.055,1847.055
1696125900000,1847.055,1847.055,1847.055,1847.055
1696126200000,1847.055,1847.055,1847.055,1847.055
1696126500000,1847.055,1847.055,1847.055,1847.055
1696126800000,1847.055,1847.055,1847.055,1847.055
1696127100000,1847.055,1847.055,1847.055,1847.055
1696127400000,1847.055,1847.055,1847.055,1847.055
1696127700000,1847.055,1847.055,1847.055,1847.055
1696128000000,1847.055,1847.055,1847.055,1847.055
1696128300000,1847.055,1847.055,1847.055,1847.055
1696128600000,1847.055,1847.055,1847.055,1847.055
1696128900000,1847.055,1847.055,1847.055,1847.055
1696129200000,1847.055,1847.055,1847.055,1847.055
1696129500000,1847.055,1847.055,1847.055,1847.055
1696129800000,1847.055,1847.055,1847.055,1847.055
1696130100000,1847.055,1847.055,1847.055,1847.055
1696130400000,1847.055,1847.055,1847.055,1847.055
1696130700000,1847.055,1847.055,1847.055,1847.055
1696131000000,1847.055,1847.055,1847.055,1847.055
1696131300000,1847.055,1847.055,1847.055,1847.055
1696131600000,1847.055,1847.055,1847.055,1847.055
1696131900000,1847.055,1847.055,1847.055,1847.055
1696132200000,1847.055,1847.055,1847.055,1847.055
1696132500000,1847.055,1847.055,1847.055,1847.055
1696132800000,1847.055,1847.055,1847.055,1847.055
1696133100000,1847.055,1847.055,1847.055,1847.055
1696133400000,1847.055,1847.055,1847.055,1847.055
1696133700000,1847.055,1847.055,1847.055,1847.055
1696134000000,1847.055,1847.055,1847.055,1847.055
1696134300000,1847.055,1847.055,1847.055,1847.055
1696134600000,1847.055,1847.055,1847.055,1847.055
1696134900000,1847.055,1847.055,1847.055,1847.055
1696135200000,1847.055,1847.055,1847.055,1847.055
1696135500000,1847.055,1847.055,1847.055,1847.055
1696135800000,1847.055,1847.055,1847.055,1847.055
1696136100000,1847.055,1847.055,1847.055,1847.055
1696136400000,1847.055,1847.055,1847.055,1847.055
1696136700000,1847.055,1847.055,1847.055,1847.055
1696137000000,1847.055,1847.055,1847.055,1847.055
1696137300000,1847.055,1847.055,1847.055,1847.055
1696137600000,1847.055,1847.055,1847.055,1847.055
1696137900000,1847.055,1847.055,1847.055,1847.055
1696138200000,1847.055,1847.055,1847.055,1847.055
1696138500000,1847.055,1847.055,1847.055,1847.055
1696138800000,1847.055,1847.055,1847.055,1847.055
1696139100000,1847.055,1847.055,1847.055,1847.055
1696139400000,1847.055,1847.055,1847.055,1847.055
1696139700000,1847.055,1847.055,1847.055,1847.055
1696140000000,1847.055,1847.055,1847.055,1847.055
1696140300000,1847.055,1847.055,1847.055,1847.055
1696140600000,1847.055,1847.055,1847.055,1847.055
1696140900000,1847.055,1847.055,1847.055,1847.055
1696141200000,1847.055,1847.055,1847.055,1847.055
1696141500000,1847.055,1847.055,1847.055,1847.055
1696141800000,1847.055,1847.055,1847.055,1847.055
1696142100000,1847.055,1847.055,1847.055,1847.055
1696142400000,1847.055,1847.055,1847.055,1847.055
1696142700000,1847.055,1847.055,1847.055,1847.055
1696143000000,1847.055,1847.055,1847.055,1847.055
1696143300000,1847.055,1847.055,1847.055,1847.055
1696143600000,1847.055,1847.055,1847.055,1847.055
1696143900000,1847.055,1847.055,1847.055,1847.055
1696144200000,1847.055,1847.055,1847.055,1847.055
1696144500000,1847.055,1847.055,1847.055,1847.055
1696144800000,1847.055,1847.055,1847.055,1847.055
1696145100000,1847.055,1847.055,1847.055,1847.055
1696145400000,1847.055,1847.055,1847.055,1847.055
1696145700000,1847.055,1847.055,1847.055,1847.055
1696146000000,1847.055,1847.055,1847.055,1847.055
1696146300000,1847.055,1847.055,1847.055,1847.055
1696146600000,1847.055,1847.055,1847.055,1847.055
1696146900000,1847.055,1847.055,1847.055,1847.055
1696147200000,1847.055,1847.055,1847.055,1847.055
1696147500000,1847.055,1847.055,1847.055,1847.055
1696147800000,1847.055,1847.055,1847.055,1847.055
1696148100000,1847.055,1847.055,1847.055,1847.055
1696148400000,1847.055,1847.055,1847.055,1847.055
1696148700000,1847.055,1847.055,1847.055,1847.055
1696149000000,1847.055,1847.055,1847.055,1847.055
1696149300000,1847.055,1847.055,1847.055,1847.055
1696149600000,1847.055,1847.055,1847.055,1847.055
1696149900000,1847.055,1847.055,1847.055,1847.055
1696150200000,1847.055,1847.055,1847.055,1847.055
1696150500000,1847.055,1847.055,1847.055,1847.055
1696150800000,1847.055,1847.055,1847.055,1847.055
1696151100000,1847.055,1847.055,1847.055,1847.055
1696151400000,1847.055,1847.055,1847.055,1847.055
1696151700000,1847.055,1847.055,1847.055,1847.055
1696152000000,1847.055,1847.055,1847.055,1847.055
1696152300000,1847.055,1847.055,1847.055,1847.055
1696152600000,1847.055,1847.055,1847.055,1847.055
1696152900000,1847.055,1847.055,1847.055,1847.055
1696153200000,1847.055,1847.055,1847.055,1847.055
1696153500000,1847.055,1847.055,1847.055,1847.055
1696153800000,1847.055,1847.055,1847.055,1847.055
1696154100000,1847.055,1847.055,1847.055,1847.055
1696154400000,1847.055,1847.055,1847.055,1847.055
1696154700000,1847.055,1847.055,1847.055,1847.055
1696155000000,1847.055,1847.055,1847.055,1847.055
1696155300000,1847.055,1847.055,1847.055,1847.055
1696155600000,1847.055,1847.055,1847.055,1847.055
1696155900000,1847.055,1847.055,1847.055,1847.055
1696156200000,1847.055,1847.055,1847.055,1847.055
1696156500000,1847.055,1847.055,1847.055,1847.055
1696156800000,1847.055,1847.055,1847.055,1847.055
1696157100000,1847.055,1847.055,1847.055,1847.055
1696157400000,1847.055,1847.055,1847.055,1847.055
1696157700000,1847.055,1847.055,1847.055,1847.055
1696158000000,1847.055,1847.055,1847.055,1847.055
1696158300000,1847.055,1847.055,1847.055,1847.055
1696158600000,1847.055,1847.055,1847.055,1847.055
1696158900000,1847.055,1847.055,1847.055,1847.055
1696159200000,1847.055,1847.055,1847.055,1847.055
1696159500000,1847.055,1847.055,1847.055,1847.055
1696159800000,1847.055,1847.055,1847.055,1847.055
1696160100000,1847.055,1847.055,1847.055,1847.055
1696160400000,1847.055,1847.055,1847.055,1847.055
1696160700000,1847.055,1847.055,1847.055,1847.055
1696161000000,1847.055,1847.055,1847.055,1847.055
1696161300000,1847.055,1847.055,1847.055,1847.055
1696161600000,1847.055,1847.055,1847.055,1847.055
1696161900000,1847.055,1847.055,1847.055,1847.055
1696162200000,1847.055,1847.055,1847.055,1847.055
1696162500000,1847.055,1847.055,1847.055,1847.055
1696162800000,1847.055,1847.055,1847.055,1847.055
1696163100000,1847.055,1847.055,1847.055,1847.055
1696163400000,1847.055,1847.055,1847.055,1847.055
1696163700000,1847.055,1847.055,1847.055,1847.055
1696164000000,1847.055,1847.055,1847.055,1847.055
1696164300000,1847.055,1847.055,1847.055,1847.055
1696164600000,1847.055,1847.055,1847.055,1847.055
1696164900000,1847.055,1847.055,1847.055,1847.055
1696165200000,1847.055,1847.055,1847.055,1847.055
1696165500000,1847.055,1847.055,1847.055,1847.055
1696165800000,1847.055,1847.055,1847.055,1847.055
1696166100000,1847.055,1847.055,1847.055,1847.055
1696166400000,1847.055,1847.055,1847.055,1847.055
1696166700000,1847.055,1847.055,1847.055,1847.055
1696167000000,1847.055,1847.055,1847.055,1847.055
1696167300000,1847.055,1847.055,1847.055,1847.055
1696167600000,1847.055,1847.055,1847.055,1847.055
1696167900000,1847.055,1847.055,1847.055,1847.055
1696168200000,1847.055,1847.055,1847.055,1847.055
1696168500000,1847.055,1847.055,1847.055,1847.055
1696168800000,1847.055,1847.055,1847.055,1847.055
1696169100000,1847.055,1847.055,1847.055,1847.055
1696169400000,1847.055,1847.055,1847.055,1847.055
1696169700000,1847.055,1847.055,1847.055,1847.055
1696170000000,1847.055,1847.055,1847.055,1847.055
1696170300000,1847.055,1847.055,1847.055,1847.055
1696170600000,1847.055,1847.055,1847.055,1847.055
1696170900000,1847.055,1847.055,1847.055,1847.055
1696171200000,1847.055,1847.055,1847.055,1847.055
1696171500000,1847.055,1847.055,1847.055,1847.055
1696171800000,1847.055,1847.055,1847.055,1847.055
1696172100000,1847.055,1847.055,1847.055,1847.055
1696172400000,1847.055,1847.055,1847.055,1847.055
1696172700000,1847.055,1847.055,1847.055,1847.055
1696173000000,1847.055,1847.055,1847.055,1847.055
1696173300000,1847.055,1847.055,1847.055,1847.055
1696173600000,1847.055,1847.055,1847.055,1847.055
1696173900000,1847.055,1847.055,1847.055,1847.055
1696174200000,1847.055,1847.055,1847.055,1847.055
1696174500000,1847.055,1847.055,1847.055,1847.055
1696174800000,1847.055,1847.055,1847.055,1847.055
1696175100000,1847.055,1847.055,1847.055,1847.055
1696175400000,1847.055,1847.055,1847.055,1847.055
1696175700000,1847.055,1847.055,1847.055,1847.055
1696176000000,1847.055,1847.055,1847.055,1847.055
1696176300000,1847.055,1847.055,1847.055,1847.055
1696176600000,1847.055,1847.055,1847.055,1847.055
1696176900000,1847.055,1847.055,1847.055,1847.055
1696177200000,1847.055,1847.055,1847.055,1847.055
1696177500000,1847.055,1847.055,1847.055,1847.055
1696177800000,1847.055,1847.055,1847.055,1847.055
1696178100000,1847.055,1847.055,1847.055,1847.055
1696178400000,1847.055,1847.055,1847.055,1847.055
1696178700000,1847.055,1847.055,1847.055,1847.055
1696179000000,1847.055,1847.055,1847.055,1847.055
1696179300000,1847.055,1847.055,1847.055,1847.055
1696179600000,1847.055,1847.055,1847.055,1847.055
1696179900000,1847.055,1847.055,1847.055,1847.055
1696180200000,1847.055,1847.055,1847.055,1847.055
1696180500000,1847.055,1847.055,1847.055,1847.055
1696180800000,1847.055,1847.055,1847.055,1847.055
1696181100000,1847.055,1847.055,1847.055,1847.055
1696181400000,1847.055,1847.055,1847.055,1847.055
1696181700000,1847.055,1847.055,1847.055,1847.055
1696182000000,1847.055,1847.055,1847.055,1847.055
1696182300000,1847.055,1847.055,1847.055,1847.055
1696182600000,1847.055,1847.055,1847.055,1847.055
1696182900000,1847.055,1847.055,1847.055,1847.055
1696183200000,1847.055,1847.055,1847.055,1847.055
1696183500000,1847.055,1847.055,1847.055,1847.055
1696183800000,1847.055,1847.055,1847.055,1847.055
1696184100000,1847.055,1847.055,1847.055,1847.055
1696184400000,1847.055,1847.055,1847.055,1847.055
1696184700000,1847.055,1847.055,1847.055,1847.055
1696185000000,1847.055,1847.055,1847.055,1847.055
1696185300000,1847.055,1847.055,1847.055,1847.055
1696185600000,1847.055,1847.055,1847.055,1847.055
1696185900000,1847.055,1847.055,1847.055,1847.055
1696186200000,1847.055,1847.055,1847.055,1847.055
1696186500000,1847.055,1847.055,1847.055,1847.055
1696186800000,1847.055,1847.055,1847.055,1847.055
1696187100000,1847.055,1847.055,1847.055,1847.055
1696187400000,1847.055,1847.055,1847.055,1847.055
1696187700000,1847.055,1847.055,1847.055,1847.055
1696188000000,1847.055,1847.055,1847.055,1847.055
1696188300000,1847.055,1847.055,1847.055,1847.055
1696188600000,1847.055,1847.055,1847.055,1847.055
1696188900000,1847.055,1847.055,1847.055,1847.055
1696189200000,1847.055,1847.055,1847.055,1847.055
1696189500000,1847.055,1847.055,1847.055,1847.055
1696189800000,1847.055,1847.055,1847.055,1847.055
1696190100000,1847.055,1847.055,1847.055,1847.055
1696190400000,1847.055,1847.055,1847.055,1847.055
1696190700000,1847.055,1847.055,1847.055,1847.055
1696191000000,1847.055,1847.055,1847.055,1847.055
1696191300000,1847.055,1847.055,1847.055,1847.055
1696191600000,1847.055,1847.055,1847.055,1847.055
1696191900000,1847.055,1847.055,1847.055,1847.055
1696192200000,1847.055,1847.055,1847.055,1847.055
1696192500000,1847.055,1847.055,1847.055,1847.055
1696192800000,1847.055,1847.055,1847.055,1847.055
1696193100000,1847.055,1847.055,1847.055,1847.055
1696193400000,1847.055,1847.055,1847.055,1847.055
1696193700000,1847.055,1847.055,1847.055,1847.055
1696194000000,1847.055,1847.055,1847.055,1847.055
1696194300000,1847.055,1847.055,1847.055,1847.055
1696194600000,1847.055,1847.055,1847.055,1847.055
1696194900000,1847.055,1847.055,1847.055,1847.055
1696195200000,1847.055,1847.055,1847.055,1847.055
1696195500000,1847.055,1847.055,1847.055,1847.055
1696195800000,1847.055,1847.055,1847.055,1847.055
1696196100000,1847.055,1847.055,1847.055,1847.055
1696196400000,1847.055,1847.055,1847.055,1847.055
1696196700000,1847.055,1847.055,1847.055,1847.055
1696197000000,1847.055,1847.055,1847.055,1847.055
1696197300000,1847.055,1847.055,1847.055,1847.055
1696197600000,1847.268,1848.264,1846.865,1847.105
1696197900000,1847.098,1848.164,1846.985,1847.735
1696198200000,1847.785,1848.555,1847.735,1848.085
1696198500000,1848.125,1848.585,1847.975,1848.435
1696198800000,1848.435,1848.645,1848.225,1848.475
1696199100000,1848.455,1848.485,1847.745,1847.785
1696199400000,1847.795,1847.925,1847.125,1847.295
1696199700000,1847.295,1847.405,1846.955,1847.155
1696200000000,1847.165,1847.165,1846.035,1846.545
1696200300000,1846.535,1846.595,1845.595,1846.335
1696200600000,1846.335,1846.965,1846.315,1846.855
1696200900000,1846.855,1846.855,1846.184,1846.278
1696201200000,1846.275,1846.785,1846.245,1846.515
1696201500000,1846.515,1846.995,1846.505,1846.845
1696201800000,1846.845,1847.035,1846.435,1846.505
1696202100000,1846.565,1846.875,1846.095,1846.095
1696202400000,1846.155,1846.405,1846.155,1846.245
1696202700000,1846.245,1846.655,1846.145,1846.595
1696203000000,1846.605,1846.625,1846.285,1846.345
1696203300000,1846.385,1846.825,1846.385,1846.655
1696203600000,1846.615,1847.015,1846.545,1846.925
1696203900000,1846.925,1847.135,1846.555,1847.115
1696204200000,1847.095,1848.195,1847.035,1847.695
1696204500000,1847.715,1848.395,1847.625,1848.285
1696204800000,1848.295,1848.605,1848.125,1848.605
1696205100000,1848.605,1848.835,1848.295,1848.485
1696205400000,1848.505,1848.695,1848.075,1848.185
1696205700000,1848.175,1848.295,1847.485,1848.035
1696206000000,1848.065,1848.085,1847.645,1848.045
1696206300000,1848.055,1848.155,1847.415,1847.495
1696206600000,1847.585,1847.735,1846.858,1846.858
1696206900000,1846.845,1847.195,1845.905,1845.905
1696207200000,1845.895,1846.295,1845.635,1845.845
1696207500000,1845.855,1846.195,1845.855,1846.005
1696207800000,1846.045,1846.045,1845.065,1845.535
1696208100000,1845.545,1845.795,1845.295,1845.375
1696208400000,1845.385,1846.815,1845.335,1846.805
1696208700000,1846.785,1847.315,1846.695,1846.995
1696209000000,1846.985,1847.225,1846.615,1846.725
1696209300000,1846.735,1846.755,1845.725,1845.725
1696209600000,1845.685,1845.835,1845.215,1845.565
1696209900000,1845.525,1846.275,1845.515,1845.805
1696210200000,1845.795,1845.815,1845.505,1845.685
1696210500000,1845.665,1845.665,1845.065,1845.298
1696210800000,1845.298,1845.865,1845.238,1845.575
1696211100000,1845.565,1845.695,1844.145,1844.285
1696211400000,1844.295,1844.375,1843.865,1844.178
1696211700000,1844.158,1844.245,1843.895,1843.895
1696212000000,1843.885,1844.855,1843.785,1844.765
1696212300000,1844.765,1844.995,1844.665,1844.695
1696212600000,1844.725,1844.755,1843.765,1843.845
1696212900000,1843.825,1844.135,1843.825,1843.995
1696213200000,1844.015,1844.285,1843.085,1843.085
1696213500000,1843.075,1843.355,1842.998,1843.128
1696213800000,1843.128,1843.275,1842.785,1842.995
1696214100000,1842.975,1843.135,1842.875,1843.045
1696214400000,1843.065,1843.395,1843.005,1843.335
1696214700000,1843.315,1844.465,1843.215,1844.455
1696215000000,1844.425,1844.535,1843.538,1843.638
1696215300000,1843.618,1843.955,1843.538,1843.955
1696215600000,1843.935,1844.065,1843.725,1843.735
1696215900000,1843.755,1843.975,1843.675,1843.955
1696216200000,1843.935,1843.935,1843.605,1843.875
1696216500000,1843.955,1843.995,1843.558,1843.685
1696216800000,1843.665,1844.005,1843.635,1843.935
1696217100000,1843.915,1843.995,1843.805,1843.895
1696217400000,1843.885,1844.165,1843.565,1844.165
1696217700000,1844.178,1844.635,1844.178,1844.615
1696218000000,1844.605,1844.785,1844.205,1844.325
1696218300000,1844.315,1844.315,1843.745,1843.758
1696218600000,1843.778,1843.958,1843.378,1843.378
1696218900000,1843.398,1843.485,1843.265,1843.375
1696219200000,1843.365,1843.365,1842.925,1843.005
1696219500000,1843.015,1843.295,1842.785,1842.815
1696219800000,1842.805,1843.945,1842.735,1843.945
1696220100000,1843.935,1844.265,1843.875,1844.155
1696220400000,1844.175,1844.255,1844.075,1844.075
1696220700000,1844.065,1844.065,1843.725,1843.755
1696221000000,1843.635,1844.295,1843.385,1843.875
1696221300000,1843.865,1844.085,1843.308,1843.485
1696221600000,1843.475,1843.575,1842.735,1842.735
1696221900000,1842.765,1843.205,1842.505,1842.625
1696222200000,1842.615,1842.625,1842.325,1842.515
1696222500000,1842.515,1842.815,1842.375,1842.455
1696222800000,1842.435,1842.585,1842.375,1842.535
1696223100000,1842.525,1842.975,1842.425,1842.945
1696223400000,1842.945,1843.055,1842.415,1842.505
1696223700000,1842.485,1842.885,1842.465,1842.575
1696224000000,1842.575,1842.665,1842.435,1842.485
1696224300000,1842.485,1842.605,1842.418,1842.525
1696224600000,1842.535,1842.705,1842.405,1842.655
1696224900000,1842.655,1842.655,1842.095,1842.275
1696225200000,1842.285,1842.335,1840.658,1840.775
1696225500000,1840.658,1841.145,1840.185,1840.355
1696225800000,1840.345,1841.095,1839.145,1839.725
1696226100000,1839.705,1839.865,1839.285,1839.575
1696226400000,1839.555,1841.375,1839.365,1841.325
1696226700000,1841.305,1842.445,1841.085,1841.925
1696227000000,1841.935,1841.965,1840.518,1840.578
1696227300000,1840.578,1842.065,1840.358,1841.948
1696227600000,1841.948,1842.925,1841.878,1842.758
1696227900000,1842.755,1843.805,1842.665,1843.495
1696228200000,1843.565,1845.105,1843.565,1844.985
1696228500000,1845.015,1845.985,1844.718,1845.815
1696228800000,1845.765,1846.175,1844.575,1844.675
1696229100000,1844.645,1845.155,1844.145,1844.175
1696229400000,1844.165,1844.515,1843.995,1844.125
1696229700000,1844.085,1844.625,1843.685,1844.545
1696230000000,1844.545,1845.105,1843.645,1844.525
1696230300000,1844.525,1845.905,1844.045,1845.785
1696230600000,1845.805,1845.935,1844.265,1844.745
1696230900000,1844.745,1844.775,1843.445,1843.945
1696231200000,1843.945,1844.045,1843.125,1843.685
1696231500000,1843.665,1844.185,1842.838,1842.838
1696231800000,1842.845,1843.085,1842.325,1842.735
1696232100000,1842.725,1842.965,1841.865,1842.025
1696232400000,1842.035,1842.035,1840.105,1840.465
1696232700000,1840.405,1841.075,1840.105,1840.545
1696233000000,1840.445,1840.555,1839.355,1839.425
1696233300000,1839.465,1840.095,1839.465,1839.705
1696233600000,1839.685,1841.365,1839.625,1841.295
1696233900000,1841.275,1842.725,1841.275,1842.715
1696234200000,1842.725,1842.725,1841.705,1841.955
1696234500000,1841.945,1842.585,1841.885,1842.385
1696234800000,1842.385,1842.805,1841.418,1841.418
1696235100000,1841.345,1842.365,1841.345,1842.315
1696235400000,1842.295,1842.605,1842.045,1842.575
1696235700000,1842.575,1843.085,1842.155,1842.325
1696236000000,1842.315,1843.115,1842.075,1842.075
1696236300000,1842.055,1842.055,1840.498,1841.075
1696236600000,1841.085,1841.145,1840.215,1840.595
1696236900000,1840.575,1840.575,1839.415,1839.475
1696237200000,1839.445,1839.615,1838.085,1838.155
1696237500000,1838.135,1838.135,1836.665,1837.695
1696237800000,1837.765,1838.555,1837.695,1838.185
1696238100000,1838.135,1838.135,1837.475,1837.505
1696238400000,1837.495,1837.565,1835.135,1835.698
1696238700000,1835.698,1835.738,1833.558,1833.935
1696239000000,1833.965,1833.965,1831.014,1831.435
1696239300000,1831.418,1834.025,1831.205,1833.845
1696239600000,1833.855,1835.375,1833.795,1834.285
1696239900000,1834.275,1834.825,1832.825,1832.925
1696240200000,1832.975,1833.605,1832.895,1833.145
1696240500000,1833.155,1834.685,1833.155,1834.205
1696240800000,1834.265,1834.675,1833.905,1834.028
1696241100000,1834.048,1834.575,1833.658,1834.238
1696241400000,1834.255,1835.005,1834.005,1834.595
1696241700000,1834.555,1835.205,1834.355,1834.995
1696242000000,1834.965,1835.775,1834.915,1835.755
1696242300000,1835.775,1836.225,1835.325,1835.405
1696242600000,1835.435,1835.455,1833.615,1833.635
1696242900000,1833.655,1835.995,1833.655,1835.575
1696243200000,1835.585,1835.945,1834.475,1834.495
1696243500000,1834.505,1834.685,1833.685,1834.335
1696243800000,1834.335,1834.615,1833.585,1834.035
1696244100000,1834.055,1834.315,1832.725,1833.395
1696244400000,1833.405,1834.395,1833.405,1834.305
1696244700000,1834.305,1835.495,1834.135,1835.395
1696245000000,1835.375,1835.545,1834.735,1834.735
1696245300000,1834.715,1834.745,1834.025,1834.715
1696245600000,1834.795,1835.695,1834.795,1835.415
1696245900000,1835.395,1835.395,1834.425,1834.695
1696246200000,1834.655,1835.735,1834.615,1835.715
1696246500000,1835.695,1836.795,1835.205,1836.785
1696246800000,1836.745,1837.725,1836.595,1837.725
1696247100000,1837.735,1838.115,1837.065,1837.655
1696247400000,1837.645,1838.055,1837.085,1837.475
1696247700000,1837.465,1837.895,1837.125,1837.245
1696248000000,1837.235,1837.795,1836.575,1836.795
1696248300000,1836.745,1837.315,1836.725,1837.135
1696248600000,1837.125,1837.405,1836.625,1836.835
1696248900000,1836.835,1837.525,1836.295,1836.765
1696249200000,1836.785,1840.528,1835.895,1838.705
1696249500000,1838.748,1838.748,1835.858,1836.495
1696249800000,1836.475,1837.015,1834.155,1834.595
1696250100000,1834.615,1836.905,1834.465,1836.895
1696250400000,1836.858,1836.858,1834.875,1835.455
1696250700000,1835.475,1835.475,1833.945,1834.675
1696251000000,1834.685,1835.405,1834.195,1835.395
1696251300000,1835.395,1836.175,1835.125,1836.175
1696251600000,1836.185,1836.745,1835.638,1836.155
1696251900000,1836.145,1837.275,1835.555,1837.115
1696252200000,1837.135,1838.365,1836.995,1837.165
1696252500000,1837.195,1838.215,1836.698,1836.698
1696252800000,1836.738,1837.825,1835.355,1836.555
1696253100000,1836.535,1836.595,1835.015,1835.235
1696253400000,1835.235,1835.405,1833.705,1834.245
1696253700000,1834.248,1835.075,1832.205,1833.365
1696254000000,1833.375,1837.458,1833.295,1837.148
1696254300000,1837.124,1837.124,1833.715,1834.985
1696254600000,1834.965,1835.025,1833.395,1834.225
1696254900000,1834.218,1834.218,1833.015,1833.714
1696255200000,1833.486,1836.835,1831.284,1832.985
1696255500000,1832.965,1833.185,1831.055,1832.305
1696255800000,1832.258,1832.795,1828.128,1828.148
1696256100000,1828.158,1830.915,1828.098,1829.155
1696256400000,1829.095,1831.158,1828.995,1831.105
1696256700000,1831.105,1831.985,1830.195,1830.305
1696257000000,1830.305,1832.525,1828.975,1831.705
1696257300000,1831.665,1831.995,1829.585,1830.735
1696257600000,1830.755,1831.355,1827.065,1827.955
1696257900000,1827.935,1828.578,1827.565,1827.585
1696258200000,1827.575,1829.125,1827.545,1828.565
1696258500000,1828.585,1830.015,1828.475,1828.765
1696258800000,1828.785,1829.938,1828.318,1828.588
1696259100000,1828.588,1829.105,1827.358,1828.725
1696259400000,1828.685,1830.605,1828.495,1830.305
1696259700000,1830.315,1832.325,1830.315,1831.215
1696260000000,1831.185,1834.005,1830.775,1833.915
1696260300000,1833.915,1834.105,1832.255,1833.005
1696260600000,1833.015,1834.525,1832.914,1834.225
1696260900000,1834.195,1834.345,1831.945,1832.805
1696261200000,1832.795,1833.578,1831.925,1833.005
1696261500000,1832.985,1832.995,1831.905,1832.085
1696261800000,1832.055,1832.895,1831.404,1831.655
1696262100000,1831.605,1832.685,1831.485,1832.545
1696262400000,1832.555,1833.125,1832.535,1832.815
1696262700000,1832.825,1832.825,1830.985,1831.315
1696263000000,1831.375,1831.605,1830.395,1831.175
1696263300000,1831.135,1831.815,1830.735,1831.735
1696263600000,1831.795,1832.135,1830.438,1831.385
1696263900000,1831.405,1832.105,1831.075,1831.645
1696264200000,1831.635,1831.775,1830.415,1830.815
1696264500000,1830.825,1831.955,1830.515,1831.845
1696264800000,1831.855,1833.135,1831.855,1832.315
1696265100000,1832.325,1832.415,1830.835,1830.915
1696265400000,1830.895,1832.185,1830.875,1831.818
1696265700000,1831.754,1831.948,1831.345,1831.465
1696266000000,1831.508,1832.565,1831.255,1832.395
1696266300000,1832.395,1832.948,1832.315,1832.908
1696266600000,1832.865,1833.335,1832.118,1832.388
1696266900000,1832.335,1833.495,1832.335,1832.525
1696267200000,1832.505,1832.835,1831.265,1831.515
1696267500000,1831.495,1832.705,1830.915,1831.445
1696267800000,1831.525,1832.525,1831.525,1832.315
1696268100000,1832.315,1832.615,1831.505,1831.525
1696268400000,1831.505,1832.195,1831.185,1832.135
1696268700000,1832.115,1832.555,1831.878,1831.958
1696269000000,1831.978,1832.588,1831.914,1832.308
1696269300000,1832.308,1832.368,1831.588,1831.778
1696269600000,1831.798,1831.818,1831.115,1831.335
1696269900000,1831.335,1832.175,1831.155,1832.055
1696270200000,1832.055,1833.285,1832.055,1833.185
1696270500000,1833.175,1833.175,1831.835,1832.085
1696270800000,1832.105,1832.325,1831.955,1832.045
1696271100000,1832.025,1832.025,1831.325,1831.525
1696271400000,1831.505,1831.805,1831.075,1831.255
1696271700000,1831.265,1831.295,1830.395,1830.415
1696272000000,1830.395,1830.995,1830.395,1830.555
1696272300000,1830.535,1830.765,1830.195,1830.335
1696272600000,1830.375,1830.925,1830.345,1830.835
1696272900000,1830.805,1830.975,1830.515,1830.535
1696273200000,1830.535,1830.585,1829.805,1830.285
1696273500000,1830.255,1830.435,1830.075,1830.208
1696273800000,1830.198,1830.208,1829.298,1829.618
1696274100000,1829.608,1829.778,1829.308,1829.625
1696274400000,1829.645,1829.685,1829.265,1829.605
1696274700000,1829.615,1829.635,1829.215,1829.295
1696275000000,1829.295,1829.795,1829.228,1829.585
1696275300000,1829.605,1830.345,1829.575,1830.255
1696275600000,1830.305,1830.425,1829.685,1829.685
1696275900000,1829.705,1830.155,1829.685,1829.905
1696276200000,1829.935,1829.945,1829.205,1829.225
1696276500000,1829.248,1829.525,1829.175,1829.305
1696276800000,1829.215,1829.605,1828.975,1829.075
1696277100000,1829.065,1829.145,1828.655,1828.855
1696277400000,1828.825,1828.905,1828.565,1828.845
1696277700000,1828.845,1828.925,1828.435,1828.585
1696278000000,1828.585,1828.585,1828.175,1828.175
1696278300000,1828.205,1828.385,1827.815,1827.855
1696278600000,1827.835,1827.835,1827.375,1827.475
1696278900000,1827.485,1827.675,1827.375,1827.588
1696279200000,1827.588,1828.075,1827.578,1827.738
1696279500000,1827.675,1828.038,1827.575,1827.855
1696279800000,1827.838,1828.088,1827.765,1827.945
1696280100000,1827.938,1827.938,1827.475,1827.848
1696280400000,1827.848,1827.848,1827.848,1827.848
1696280700000,1827.848,1827.848,1827.848,1827.848
1696281000000,1827.848,1827.848,1827.848,1827.848
1696281300000,1827.848,1827.848,1827.848,1827.848
1696281600000,1827.848,1827.848,1827.848,1827.848
1696281900000,1827.848,1827.848,1827.848,1827.848
1696282200000,1827.848,1827.848,1827.848,1827.848
1696282500000,1827.848,1827.848,1827.848,1827.848
1696282800000,1827.848,1827.848,1827.848,1827.848
1696283100000,1827.848,1827.848,1827.848,1827.848
1696283400000,1827.848,1827.848,1827.848,1827.848
1696283700000,1827.848,1827.848,1827.848,1827.848
1696284000000,1828.265,1829.405,1828.265,1828.755
1696284300000,1828.795,1828.795,1828.338,1828.365
1696284600000,1828.375,1828.975,1828.375,1828.885
1696284900000,1828.865,1829.075,1828.588,1828.728
1696285200000,1828.728,1828.825,1828.578,1828.725
1696285500000,1828.745,1828.755,1828.525,1828.635
1696285800000,1828.625,1828.625,1828.035,1828.125
1696286100000,1828.105,1828.145,1827.685,1828.105
1696286400000,1828.045,1828.065,1827.505,1827.695
1696286700000,1827.695,1828.275,1827.305,1828.145
1696287000000,1828.155,1828.675,1828.135,1828.335
1696287300000,1828.345,1828.435,1827.965,1827.975
1696287600000,1827.978,1828.018,1826.738,1826.785
1696287900000,1826.725,1826.725,1826.135,1826.428
1696288200000,1826.428,1826.515,1822.245,1822.805
1696288500000,1822.938,1823.105,1821.738,1821.875
1696288800000,1821.885,1822.435,1820.525,1820.965
1696289100000,1820.995,1822.195,1820.405,1822.195
1696289400000,1822.205,1823.655,1821.955,1823.605
1696289700000,1823.675,1824.045,1823.005,1823.955
1696290000000,1823.945,1824.525,1823.905,1824.325
1696290300000,1824.335,1826.495,1824.325,1826.145
1696290600000,1826.145,1826.825,1825.485,1826.685
1696290900000,1826.675,1826.805,1824.795,1824.845
1696291200000,1824.818,1825.155,1823.485,1824.438
1696291500000,1824.435,1824.805,1822.515,1822.815
1696291800000,1822.775,1823.455,1821.975,1822.995
1696292100000,1823.045,1824.245,1822.835,1823.465
1696292400000,1823.465,1824.155,1823.055,1823.475
1696292700000,1823.465,1823.545,1822.835,1823.015
1696293000000,1823.015,1823.285,1822.075,1822.715
1696293300000,1822.725,1824.285,1822.615,1823.495
1696293600000,1823.475,1824.155,1823.455,1824.005
1696293900000,1824.025,1824.425,1823.785,1824.305
1696294200000,1824.275,1824.985,1824.005,1824.695
1696294500000,1824.685,1824.845,1824.365,1824.538
1696294800000,1824.535,1824.998,1824.308,1824.498
1696295100000,1824.498,1824.808,1824.085,1824.105
1696295400000,1824.105,1824.118,1823.155,1823.165
1696295700000,1823.175,1823.865,1823.115,1823.708
1696296000000,1823.718,1824.975,1823.478,1824.565
1696296300000,1824.575,1824.738,1822.845,1822.875
1696296600000,1822.855,1823.405,1822.585,1822.995
1696296900000,1822.985,1823.235,1822.625,1822.915
1696297200000,1822.925,1823.615,1822.805,1823.405
1696297500000,1823.385,1823.455,1822.925,1823.315
1696297800000,1823.305,1823.415,1823.025,1823.105
1696298100000,1823.085,1823.195,1822.745,1822.855
1696298400000,1822.885,1823.145,1822.375,1822.485
1696298700000,1822.475,1822.475,1820.675,1820.795
1696299000000,1820.815,1820.815,1819.195,1820.095
1696299300000,1820.105,1820.255,1817.888,1817.888
1696299600000,1817.905,1818.405,1816.825,1818.055
1696299900000,1818.015,1818.285,1817.125,1817.125
1696300200000,1817.125,1817.135,1815.245,1815.735
1696300500000,1815.755,1816.195,1815.285,1816.175
1696300800000,1816.265,1817.325,1816.045,1817.115
1696301100000,1817.135,1818.435,1817.135,1818.165
1696301400000,1818.135,1818.265,1817.725,1817.835
1696301700000,1817.835,1817.835,1816.835,1817.335
1696302000000,1817.335,1817.535,1817.185,1817.295
1696302300000,1817.335,1817.815,1817.305,1817.765
1696302600000,1817.805,1818.425,1817.675,1818.325
1696302900000,1818.315,1818.385,1817.058,1817.058
1696303200000,1817.078,1817.358,1816.938,1817.168
1696303500000,1817.168,1817.258,1817.018,1817.128
1696303800000,1817.128,1818.045,1816.818,1817.935
1696304100000,1817.915,1819.275,1817.805,1819.195
1696304400000,1819.205,1819.345,1818.308,1819.325
1696304700000,1819.345,1819.345,1818.828,1818.955
1696305000000,1818.965,1818.995,1818.658,1818.985
1696305300000,1819.015,1820.685,1819.015,1820.378
1696305600000,1820.448,1821.155,1820.378,1820.858
1696305900000,1820.858,1821.525,1820.618,1821.095
1696306200000,1821.075,1821.615,1821.025,1821.545
1696306500000,1821.535,1821.545,1819.628,1820.585
1696306800000,1820.575,1821.205,1820.575,1821.205
1696307100000,1821.205,1821.205,1820.515,1820.705
1696307400000,1820.745,1821.685,1820.725,1820.835
1696307700000,1820.785,1820.975,1820.125,1820.835
1696308000000,1820.875,1821.485,1820.875,1821.015
1696308300000,1821.015,1821.035,1820.435,1820.435
1696308600000,1820.445,1821.085,1820.445,1820.815
1696308900000,1820.815,1820.815,1820.245,1820.585
1696309200000,1820.585,1820.845,1820.305,1820.375
1696309500000,1820.385,1820.405,1819.585,1819.875
1696309800000,1819.895,1820.335,1819.495,1819.585
1696310100000,1819.565,1820.095,1819.545,1819.695
1696310400000,1819.695,1820.085,1819.235,1819.395
1696310700000,1819.425,1819.725,1819.015,1819.295
1696311000000,1819.315,1819.725,1819.205,1819.435
1696311300000,1819.435,1819.745,1819.265,1819.408
1696311600000,1819.408,1819.505,1818.825,1819.305
1696311900000,1819.295,1819.345,1818.835,1819.215
1696312200000,1819.195,1819.205,1818.305,1818.305
1696312500000,1818.275,1819.375,1818.115,1819.345
1696312800000,1819.335,1820.395,1818.985,1820.035
1696313100000,1820.035,1822.095,1819.945,1821.805
1696313400000,1821.775,1822.955,1821.215,1822.935
1696313700000,1822.945,1823.515,1822.185,1822.185
1696314000000,1822.235,1822.285,1820.195,1821.655
1696314300000,1821.685,1823.315,1821.645,1822.758
1696314600000,1822.815,1823.228,1822.345,1823.228
1696314900000,1823.235,1823.735,1822.865,1823.458
1696315200000,1823.454,1823.908,1823.125,1823.705
1696315500000,1823.695,1823.775,1823.235,1823.355
1696315800000,1823.335,1824.365,1823.285,1824.325
1696316100000,1824.335,1824.505,1823.645,1823.758
1696316400000,1823.724,1824.355,1822.185,1822.235
1696316700000,1822.225,1822.445,1821.908,1821.925
1696317000000,1821.925,1821.925,1821.125,1821.328
1696317300000,1821.295,1821.678,1820.635,1820.965
1696317600000,1820.965,1821.455,1820.965,1821.165
1696317900000,1821.165,1822.045,1821.008,1821.785
1696318200000,1821.755,1822.305,1821.595,1821.955
1696318500000,1821.935,1823.095,1821.785,1822.958
1696318800000,1822.884,1823.058,1821.938,1822.695
1696319100000,1822.645,1823.625,1822.535,1823.325
1696319400000,1823.305,1823.305,1822.595,1823.254
1696319700000,1823.245,1824.065,1823.178,1823.975
1696320000000,1823.945,1826.545,1823.905,1826.128
1696320300000,1826.128,1827.308,1825.928,1827.178
1696320600000,1827.178,1828.065,1827.124,1827.795
1696320900000,1827.775,1828.995,1827.118,1828.678
1696321200000,1828.678,1828.738,1827.778,1828.175
1696321500000,1828.155,1828.965,1827.838,1828.735
1696321800000,1828.745,1829.065,1828.265,1828.265
1696322100000,1828.255,1828.405,1827.125,1827.225
1696322400000,1827.215,1827.425,1826.715,1826.815
1696322700000,1826.855,1827.115,1826.465,1826.785
1696323000000,1826.765,1826.865,1826.235,1826.565
1696323300000,1826.585,1826.705,1825.935,1826.165
1696323600000,1826.175,1826.755,1826.025,1826.415
1696323900000,1826.415,1826.415,1824.155,1824.285
1696324200000,1824.325,1825.475,1823.705,1825.475
1696324500000,1825.475,1826.585,1825.365,1826.565
1696324800000,1826.545,1826.545,1825.475,1826.155
1696325100000,1826.185,1827.215,1826.185,1827.195
1696325400000,1827.195,1827.905,1826.595,1826.765
1696325700000,1826.785,1826.795,1825.658,1826.015
1696326000000,1826.005,1826.505,1825.915,1826.095
1696326300000,1826.085,1826.625,1825.855,1826.415
1696326600000,1826.405,1827.415,1826.188,1826.458
1696326900000,1826.478,1826.478,1825.898,1826.365
1696327200000,1826.355,1826.775,1826.145,1826.215
1696327500000,1826.245,1826.418,1825.898,1826.068
1696327800000,1826.088,1826.238,1825.668,1825.678
1696328100000,1825.668,1825.668,1824.875,1825.025
1696328400000,1825.005,1826.285,1824.985,1826.085
1696328700000,1826.065,1826.315,1825.915,1826.295
1696329000000,1826.265,1827.275,1825.985,1827.105
1696329300000,1827.075,1827.075,1826.005,1826.215
1696329600000,1826.195,1826.195,1825.505,1826.165
1696329900000,1826.145,1826.825,1826.145,1826.405
1696330200000,1826.425,1826.495,1825.895,1826.215
1696330500000,1826.195,1826.195,1825.635,1825.705
1696330800000,1825.685,1826.245,1824.995,1825.165
1696331100000,1825.155,1825.185,1824.348,1824.434
1696331400000,1824.434,1824.605,1823.605,1824.325
1696331700000,1824.305,1824.835,1823.865,1824.625
1696332000000,1824.645,1826.035,1824.575,1824.725
1696332300000,1824.795,1825.255,1824.005,1825.045
1696332600000,1825.045,1825.415,1824.835,1825.025
1696332900000,1824.995,1825.715,1824.735,1825.715
1696333200000,1825.705,1826.695,1825.555,1826.628
1696333500000,1826.628,1826.718,1825.288,1825.445
1696333800000,1825.405,1827.165,1824.945,1827.145
1696334100000,1827.135,1827.135,1825.885,1825.885
1696334400000,1825.895,1826.605,1825.655,1826.375
1696334700000,1826.355,1826.625,1825.775,1826.625
1696335000000,1826.615,1827.505,1826.465,1827.325
1696335300000,1827.345,1829.655,1826.815,1828.718
1696335600000,1828.718,1828.718,1825.955,1826.945
1696335900000,1826.935,1827.445,1826.085,1827.165
1696336200000,1827.155,1827.155,1824.295,1824.745
1696336500000,1824.745,1826.005,1824.495,1825.755
1696336800000,1825.795,1826.005,1824.825,1825.035
1696337100000,1825.015,1826.085,1824.845,1825.795
1696337400000,1825.745,1826.745,1825.405,1825.685
1696337700000,1825.655,1825.925,1824.735,1824.745
1696338000000,1824.785,1825.345,1824.085,1824.925
1696338300000,1824.925,1826.605,1824.835,1825.805
1696338600000,1825.815,1826.085,1824.075,1825.075
1696338900000,1825.085,1825.995,1824.395,1825.345
1696339200000,1825.375,1825.705,1824.545,1824.655
1696339500000,1824.635,1825.025,1823.405,1823.565
1696339800000,1823.535,1825.875,1823.195,1825.115
1696340100000,1825.225,1826.965,1824.495,1826.885
1696340400000,1826.875,1831.245,1826.558,1830.658
1696340700000,1830.658,1830.865,1826.425,1827.535
1696341000000,1827.535,1829.645,1827.215,1829.165
1696341300000,1829.185,1829.355,1828.165,1828.815
1696341600000,1828.815,1828.815,1820.875,1821.455
1696341900000,1821.455,1822.365,1819.145,1819.465
1696342200000,1819.445,1829.125,1819.295,1824.035
1696342500000,1824.035,1825.695,1819.915,1825.685
1696342800000,1825.725,1829.128,1824.935,1826.838
1696343100000,1826.794,1828.078,1824.805,1826.295
1696343400000,1826.325,1830.058,1825.168,1829.568
1696343700000,1829.525,1833.205,1829.405,1829.665
1696344000000,1829.665,1831.995,1829.225,1831.875
1696344300000,1831.825,1831.985,1829.235,1829.735
1696344600000,1829.825,1829.825,1824.945,1826.795
1696344900000,1826.795,1828.075,1825.985,1826.365
1696345200000,1826.365,1826.825,1824.845,1825.788
1696345500000,1825.745,1828.505,1825.515,1827.835
1696345800000,1827.825,1827.965,1824.935,1825.495
1696346100000,1825.505,1825.815,1824.405,1825.595
1696346400000,1825.655,1826.755,1824.035,1824.665
1696346700000,1824.604,1825.175,1824.045,1824.665
1696347000000,1824.645,1826.115,1822.295,1822.295
1696347300000,1822.275,1823.115,1821.895,1823.105
1696347600000,1823.105,1824.075,1823.025,1824.045
1696347900000,1824.045,1824.165,1822.075,1823.165
1696348200000,1823.125,1824.155,1822.995,1823.745
1696348500000,1823.795,1825.375,1823.335,1824.738
1696348800000,1824.738,1827.025,1824.638,1826.605
1696349100000,1826.615,1827.585,1825.058,1825.455
1696349400000,1825.465,1825.595,1824.665,1825.545
1696349700000,1825.485,1826.915,1824.255,1826.875
1696350000000,1826.865,1826.975,1825.885,1826.605
1696350300000,1826.595,1827.158,1826.365,1826.908
1696350600000,1826.908,1828.025,1826.875,1827.275
1696350900000,1827.285,1827.695,1826.405,1826.875
1696351200000,1826.855,1827.125,1825.215,1825.265
1696351500000,1825.275,1825.405,1823.815,1823.815
1696351800000,1823.805,1824.135,1822.835,1822.985
1696352100000,1822.955,1824.305,1822.835,1823.805
1696352400000,1823.805,1824.715,1823.755,1824.305
1696352700000,1824.325,1824.715,1823.935,1824.145
1696353000000,1824.145,1824.435,1822.835,1823.945
1696353300000,1823.955,1825.245,1823.645,1824.915
1696353600000,1824.925,1825.858,1824.895,1825.155
1696353900000,1825.175,1825.738,1824.955,1825.678
1696354200000,1825.678,1825.785,1824.575,1824.585
1696354500000,1824.478,1824.575,1823.945,1824.135
1696354800000,1824.125,1825.505,1824.125,1825.295
1696355100000,1825.275,1825.325,1824.625,1824.925
1696355400000,1824.905,1824.935,1823.835,1823.975
1696355700000,1823.975,1823.985,1823.355,1823.535
1696356000000,1823.535,1823.805,1822.945,1823.045
1696356300000,1823.125,1823.375,1822.235,1822.235
1696356600000,1822.235,1823.225,1821.825,1823.225
1696356900000,1823.235,1823.514,1822.275,1823.494
1696357200000,1823.484,1824.325,1823.415,1824.165
1696357500000,1824.165,1824.205,1822.785,1823.225
1696357800000,1823.205,1824.095,1823.105,1823.955
1696358100000,1823.985,1824.515,1823.625,1824.475
1696358400000,1824.475,1824.725,1824.205,1824.625
1696358700000,1824.625,1825.405,1824.585,1825.105
1696359000000,1825.205,1825.338,1824.238,1824.374
1696359300000,1824.384,1824.754,1823.695,1823.695
1696359600000,1823.665,1823.924,1823.285,1823.645
1696359900000,1823.674,1823.814,1823.324,1823.595
1696360200000,1823.584,1823.938,1823.465,1823.665
1696360500000,1823.658,1824.115,1823.658,1823.835
1696360800000,1823.815,1824.838,1823.815,1824.828
1696361100000,1824.828,1825.118,1824.368,1824.608
1696361400000,1824.608,1824.608,1823.948,1824.358
1696361700000,1824.358,1824.548,1824.028,1824.548
1696362000000,1824.548,1824.608,1823.788,1823.994
1696362300000,1823.984,1824.374,1823.945,1824.045
1696362600000,1823.985,1824.185,1823.725,1823.745
1696362900000,1823.665,1824.045,1823.665,1823.865
1696363200000,1823.795,1824.935,1823.755,1824.805
1696363500000,1824.905,1824.965,1824.385,1824.405
1696363800000,1824.455,1824.455,1824.085,1824.085
1696364100000,1824.015,1824.355,1823.965,1824.065
1696364400000,1824.085,1824.155,1823.965,1823.985
1696364700000,1823.985,1823.985,1823.785,1823.895
1696365000000,1823.878,1823.988,1823.838,1823.838
1696365300000,1823.834,1823.928,1823.668,1823.738
1696365600000,1823.758,1823.758,1822.988,1823.048
1696365900000,1823.048,1823.298,1822.728,1823.298
1696366200000,1823.258,1823.328,1822.815,1823.108
1696366500000,1823.138,1823.138,1822.558,1822.558
1696366800000,1822.558,1822.558,1822.558,1822.558
1696367100000,1822.558,1822.558,1822.558,1822.558
1696367400000,1822.558,1822.558,1822.558,1822.558
1696367700000,1822.558,1822.558,1822.558,1822.558
1696368000000,1822.558,1822.558,1822.558,1822.558
1696368300000,1822.558,1822.558,1822.558,1822.558
1696368600000,1822.558,1822.558,1822.558,1822.558
1696368900000,1822.558,1822.558,1822.558,1822.558
1696369200000,1822.558,1822.558,1822.558,1822.558
1696369500000,1822.558,1822.558,1822.558,1822.558
1696369800000,1822.558,1822.558,1822.558,1822.558
1696370100000,1822.558,1822.558,1822.558,1822.558
1696370400000,1822.248,1823.728,1822.248,1823.628
1696370700000,1823.628,1823.685,1823.445,1823.585
1696371000000,1823.585,1823.865,1823.555,1823.705
1696371300000,1823.625,1824.085,1823.515,1824.085
1696371600000,1824.085,1824.205,1823.875,1823.955
1696371900000,1823.908,1823.908,1823.408,1823.435
1696372200000,1823.435,1823.695,1823.395,1823.435
1696372500000,1823.415,1823.555,1823.285,1823.415
1696372800000,1823.415,1823.755,1823.305,1823.315
1696373100000,1823.345,1823.455,1822.915,1822.935
1696373400000,1822.955,1822.955,1822.035,1822.215
1696373700000,1822.195,1822.545,1822.035,1822.435
1696374000000,1822.435,1822.435,1822.018,1822.118
1696374300000,1822.118,1822.438,1822.118,1822.415
1696374600000,1822.418,1823.205,1822.418,1823.105
1696374900000,1823.125,1823.665,1823.115,1823.665
1696375200000,1823.695,1824.625,1823.675,1824.525
1696375500000,1824.415,1824.835,1824.185,1824.525
1696375800000,1824.555,1824.745,1824.158,1824.455
1696376100000,1824.465,1824.565,1823.685,1824.185
1696376400000,1824.165,1824.165,1822.975,1823.095
1696376700000,1823.095,1823.595,1823.025,1823.595
1696377000000,1823.555,1823.615,1822.985,1823.025
1696377300000,1823.045,1823.585,1822.855,1823.255
1696377600000,1823.225,1823.395,1822.435,1822.435
1696377900000,1822.425,1822.495,1821.995,1822.015
1696378200000,1821.985,1822.295,1821.795,1822.285
1696378500000,1822.305,1823.698,1822.305,1823.528
1696378800000,1823.525,1823.728,1823.145,1823.195
1696379100000,1823.125,1823.125,1822.585,1822.635
1696379400000,1822.655,1823.425,1822.655,1823.405
1696379700000,1823.405,1824.475,1823.335,1824.475
1696380000000,1824.495,1824.945,1824.355,1824.758
1696380300000,1824.758,1824.758,1824.085,1824.395
1696380600000,1824.358,1824.498,1822.738,1822.928
1696380900000,1822.948,1823.695,1822.565,1823.205
1696381200000,1823.185,1823.695,1822.585,1823.275
1696381500000,1823.265,1823.455,1822.975,1823.105
1696381800000,1823.085,1823.815,1823.075,1823.615
1696382100000,1823.615,1824.025,1823.095,1823.285
1696382400000,1823.265,1824.058,1823.085,1823.878
1696382700000,1823.878,1824.218,1823.325,1823.925
1696383000000,1823.865,1823.865,1822.365,1822.645
1696383300000,1822.625,1822.625,1820.735,1821.315
1696383600000,1821.395,1822.115,1821.285,1821.685
1696383900000,1821.685,1822.955,1821.635,1822.795
1696384200000,1822.795,1823.145,1822.215,1823.145
1696384500000,1823.145,1823.645,1822.505,1822.625
1696384800000,1822.605,1822.625,1821.645,1821.855
1696385100000,1821.875,1822.915,1821.765,1822.755
1696385400000,1822.745,1822.815,1822.305,1822.625
1696385700000,1822.635,1822.715,1822.005,1822.255
1696386000000,1822.275,1822.325,1821.645,1821.765
1696386300000,1821.745,1822.275,1821.615,1821.655
1696386600000,1821.665,1821.665,1820.895,1821.195
1696386900000,1821.205,1821.285,1820.875,1821.105
1696387200000,1821.155,1821.295,1820.895,1820.955
1696387500000,1820.985,1821.145,1820.325,1820.395
1696387800000,1820.365,1821.165,1819.905,1821.165
1696388100000,1821.215,1821.635,1820.248,1820.698
1696388400000,1820.685,1822.085,1820.605,1821.845
1696388700000,1821.835,1822.025,1821.195,1821.225
1696389000000,1821.195,1821.995,1821.145,1821.875
1696389300000,1821.865,1821.885,1820.685,1820.815
1696389600000,1820.825,1820.905,1820.425,1820.815
1696389900000,1820.795,1821.155,1820.755,1820.835
1696390200000,1820.845,1821.125,1820.415,1820.445
1696390500000,1820.395,1820.575,1820.025,1820.485
1696390800000,1820.485,1820.575,1820.345,1820.415
1696391100000,1820.425,1820.465,1819.985,1820.105
1696391400000,1820.095,1820.315,1819.495,1820.205
1696391700000,1820.205,1820.765,1819.995,1820.645
1696392000000,1820.655,1821.385,1820.655,1821.195
1696392300000,1821.185,1821.955,1821.065,1821.845
1696392600000,1821.765,1822.065,1821.435,1822.055
1696392900000,1822.055,1822.365,1822.055,1822.265
1696393200000,1822.285,1822.725,1822.205,1822.225
1696393500000,1822.255,1822.265,1821.785,1822.035
1696393800000,1822.025,1822.335,1821.965,1822.125
1696394100000,1822.105,1822.355,1821.905,1822.225
1696394400000,1822.235,1822.305,1821.805,1822.045
1696394700000,1822.055,1823.145,1822.055,1823.115
1696395000000,1823.095,1823.695,1822.975,1823.525
1696395300000,1823.545,1823.705,1823.208,1823.458
1696395600000,1823.415,1823.555,1822.625,1822.665
1696395900000,1822.645,1823.025,1822.335,1822.335
1696396200000,1822.355,1822.805,1821.468,1821.658
1696396500000,1821.658,1821.805,1821.135,1821.795
1696396800000,1821.775,1821.915,1821.445,1821.565
1696397100000,1821.575,1822.305,1821.505,1822.195
1696397400000,1822.195,1823.205,1822.195,1822.685
1696397700000,1822.695,1823.005,1821.865,1821.865
1696398000000,1821.825,1822.015,1821.258,1821.745
1696398300000,1821.775,1822.365,1821.745,1822.235
1696398600000,1822.225,1822.225,1821.218,1821.295
1696398900000,1821.305,1821.335,1820.825,1821.125
1696399200000,1821.205,1821.325,1820.705,1820.885
1696399500000,1820.885,1820.915,1819.335,1819.585
1696399800000,1819.565,1819.715,1819.295,1819.415
1696400100000,1819.395,1819.485,1818.135,1818.155
1696400400000,1818.135,1818.795,1818.035,1818.355
1696400700000,1818.335,1818.455,1817.775,1817.995
1696401000000,1818.015,1818.305,1817.695,1817.985
1696401300000,1817.965,1818.085,1817.035,1817.035
1696401600000,1817.025,1818.875,1816.635,1818.675
1696401900000,1818.645,1818.905,1818.335,1818.715
1696402200000,1818.695,1818.925,1817.975,1818.895
1696402500000,1818.915,1818.985,1818.495,1818.975
1696402800000,1818.935,1819.085,1817.288,1818.618
1696403100000,1818.615,1819.178,1817.985,1818.125
1696403400000,1818.165,1820.105,1818.165,1819.535
1696403700000,1819.575,1819.955,1818.945,1819.755
1696404000000,1819.775,1820.325,1819.204,1819.505
1696404300000,1819.525,1820.455,1819.315,1820.075
1696404600000,1820.075,1820.185,1819.405,1819.575
1696404900000,1819.645,1820.465,1819.645,1820.135
1696405200000,1820.105,1822.955,1819.975,1822.628
1696405500000,1822.625,1822.955,1821.715,1822.585
1696405800000,1822.545,1822.765,1821.735,1821.945
1696406100000,1821.965,1823.065,1821.765,1823.015
1696406400000,1822.985,1822.985,1822.365,1822.435
1696406700000,1822.415,1823.215,1822.135,1822.905
1696407000000,1822.825,1823.355,1822.405,1822.805
1696407300000,1822.825,1823.135,1822.165,1822.455
1696407600000,1822.465,1822.855,1821.895,1822.155
1696407900000,1822.185,1822.185,1821.645,1821.645
1696408200000,1821.665,1822.125,1821.048,1821.058
1696408500000,1820.998,1821.375,1820.118,1821.375
1696408800000,1821.375,1822.655,1821.375,1822.415
1696409100000,1822.395,1822.585,1821.785,1822.395
1696409400000,1822.425,1823.065,1821.765,1822.875
1696409700000,1822.925,1823.495,1822.835,1822.868
1696410000000,1822.868,1823.445,1822.358,1823.235
1696410300000,1823.255,1824.435,1823.185,1823.475
1696410600000,1823.465,1823.755,1823.025,1823.075
1696410900000,1823.055,1823.195,1822.665,1822.855
1696411200000,1822.825,1822.825,1821.965,1822.165
1696411500000,1822.145,1822.245,1821.795,1821.935
1696411800000,1821.925,1822.745,1821.925,1822.585
1696412100000,1822.585,1822.685,1821.395,1822.445
1696412400000,1822.475,1822.685,1822.375,1822.455
1696412700000,1822.415,1823.435,1822.415,1822.795
1696413000000,1822.835,1822.925,1821.985,1822.105
1696413300000,1822.095,1822.255,1821.335,1822.055
1696413600000,1822.055,1822.055,1821.025,1821.475
1696413900000,1821.445,1822.025,1821.345,1821.705
1696414200000,1821.695,1822.815,1821.635,1822.605
1696414500000,1822.595,1822.805,1822.145,1822.765
1696414800000,1822.765,1822.965,1822.045,1822.775
1696415100000,1822.765,1822.965,1822.415,1822.495
1696415400000,1822.465,1822.495,1821.725,1821.985
1696415700000,1821.965,1822.615,1821.825,1822.615
1696416000000,1822.635,1822.685,1822.005,1822.005
1696416300000,1822.025,1822.085,1820.985,1821.525
1696416600000,1821.445,1822.205,1821.385,1822.205
1696416900000,1822.205,1823.115,1822.205,1823.035
1696417200000,1823.055,1824.075,1822.795,1824.005
1696417500000,1824.005,1824.478,1823.765,1824.358
1696417800000,1824.378,1826.895,1824.298,1826.785
1696418100000,1826.765,1827.095,1824.865,1824.865
1696418400000,1824.855,1825.095,1824.215,1824.465
1696418700000,1824.465,1825.945,1824.405,1825.775
1696419000000,1825.765,1825.765,1824.535,1824.825
1696419300000,1824.825,1825.245,1824.335,1825.215
1696419600000,1825.205,1825.625,1824.795,1825.475
1696419900000,1825.455,1826.715,1825.145,1826.715
1696420200000,1826.725,1827.065,1826.175,1826.185
1696420500000,1826.175,1826.175,1824.578,1824.885
1696420800000,1824.918,1825.628,1824.198,1824.478
1696421100000,1824.498,1824.738,1823.595,1824.325
1696421400000,1824.335,1825.645,1824.325,1825.074
1696421700000,1825.134,1830.455,1825.118,1827.905
1696422000000,1827.895,1828.585,1825.945,1826.655
1696422300000,1826.645,1826.715,1825.175,1826.385
1696422600000,1826.405,1826.785,1825.005,1826.045
1696422900000,1826.045,1826.515,1825.425,1826.045
1696423200000,1826.055,1828.195,1826.055,1827.785
1696423500000,1827.795,1828.525,1826.165,1828.375
1696423800000,1828.325,1829.155,1827.515,1827.515
1696424100000,1827.528,1828.245,1827.195,1827.215
1696424400000,1827.265,1827.335,1825.625,1826.755
1696424700000,1826.735,1826.915,1825.805,1826.535
1696425000000,1826.545,1827.225,1826.275,1826.535
1696425300000,1826.565,1827.005,1824.985,1825.045
1696425600000,1825.045,1825.145,1824.195,1824.465
1696425900000,1824.485,1824.905,1823.975,1824.298
1696426200000,1824.298,1824.865,1822.705,1824.405
1696426500000,1824.405,1824.955,1823.085,1823.998
1696426800000,1823.978,1824.805,1822.075,1822.798
1696427100000,1822.798,1823.225,1818.955,1819.095
1696427400000,1819.085,1821.515,1817.655,1820.215
1696427700000,1820.245,1821.745,1819.665,1820.204
1696428000000,1819.923,1821.764,1817.518,1818.865
1696428300000,1818.865,1820.195,1816.975,1818.865
1696428600000,1818.925,1821.005,1817.685,1820.595
1696428900000,1820.595,1820.595,1817.585,1818.805
1696429200000,1818.785,1819.645,1818.155,1819.255
1696429500000,1819.275,1819.615,1817.545,1818.905
1696429800000,1818.905,1819.975,1817.718,1818.495
1696430100000,1818.495,1820.275,1817.565,1819.475
1696430400000,1819.475,1821.385,1819.215,1819.288
1696430700000,1819.298,1819.675,1817.585,1817.905
1696431000000,1817.895,1819.575,1817.615,1818.535
1696431300000,1818.525,1818.935,1817.995,1818.335
1696431600000,1818.325,1821.258,1817.245,1820.885
1696431900000,1820.858,1823.715,1820.775,1822.738
1696432200000,1822.765,1823.345,1822.405,1822.805
1696432500000,1822.755,1824.985,1822.705,1824.985
1696432800000,1824.955,1825.165,1823.288,1823.755
1696433100000,1823.775,1826.265,1823.715,1824.205
1696433400000,1824.245,1824.585,1823.325,1824.175
1696433700000,1824.175,1824.235,1823.115,1823.335
1696434000000,1823.325,1824.125,1822.305,1823.545
1696434300000,1823.545,1825.275,1823.085,1824.955
1696434600000,1824.915,1825.315,1823.985,1824.405
1696434900000,1824.415,1824.525,1823.465,1823.745
1696435200000,1823.835,1823.935,1821.935,1822.035
1696435500000,1822.045,1822.945,1821.665,1822.775
1696435800000,1822.815,1823.935,1822.345,1822.875
1696436100000,1822.905,1823.335,1822.365,1823.065
1696436400000,1823.065,1823.325,1821.505,1821.505
1696436700000,1821.525,1822.305,1821.295,1821.885
1696437000000,1821.905,1822.535,1821.425,1822.305
1696437300000,1822.325,1822.395,1821.335,1822.005
1696437600000,1821.995,1822.905,1821.065,1821.335
1696437900000,1821.335,1821.935,1821.225,1821.855
1696438200000,1821.845,1821.975,1821.325,1821.595
1696438500000,1821.605,1821.835,1820.835,1820.895
1696438800000,1820.845,1821.115,1820.208,1820.575
1696439100000,1820.565,1821.195,1820.045,1821.015
1696439400000,1821.015,1821.095,1819.995,1820.435
1696439700000,1820.435,1820.895,1820.235,1820.895
1696440000000,1820.895,1821.225,1820.215,1820.585
1696440300000,1820.605,1820.695,1819.385,1819.545
1696440600000,1819.545,1819.715,1818.505,1819.215
1696440900000,1819.235,1819.535,1818.385,1818.435
1696441200000,1818.405,1818.815,1818.225,1818.765
1696441500000,1818.765,1819.425,1818.705,1818.995
1696441800000,1819.035,1819.535,1818.715,1818.765
1696442100000,1818.735,1818.755,1818.175,1818.255
1696442400000,1818.235,1818.335,1817.715,1817.935
1696442700000,1817.935,1818.325,1817.685,1817.715
1696443000000,1817.775,1818.605,1817.655,1818.245
1696443300000,1818.255,1818.615,1818.195,1818.615
1696443600000,1818.595,1818.685,1818.005,1818.095
1696443900000,1818.055,1818.395,1817.985,1818.115
1696444200000,1818.155,1818.215,1817.145,1817.305
1696444500000,1817.325,1817.345,1816.635,1816.735
1696444800000,1816.715,1817.345,1816.475,1817.105
1696445100000,1817.085,1817.585,1816.695,1817.245
1696445400000,1817.258,1817.975,1816.905,1817.815
1696445700000,1817.785,1818.195,1817.515,1817.515
1696446000000,1817.605,1818.025,1817.345,1817.725
1696446300000,1817.705,1818.515,1817.445,1818.515
1696446600000,1818.525,1818.785,1818.195,1818.685
1696446900000,1818.665,1819.685,1818.575,1819.465
1696447200000,1819.485,1820.195,1819.215,1820.005
1696447500000,1820.005,1820.465,1819.815,1820.465
1696447800000,1820.485,1821.158,1820.385,1821.158
1696448100000,1821.158,1822.128,1821.058,1822.068
1696448400000,1822.078,1823.135,1822.068,1822.715
1696448700000,1822.708,1823.428,1822.638,1823.168
1696449000000,1823.148,1823.478,1822.838,1823.378
1696449300000,1823.305,1823.585,1823.025,1823.198
1696449600000,1823.198,1823.258,1821.935,1822.035
1696449900000,1822.025,1822.355,1822.025,1822.155
1696450200000,1822.185,1822.245,1821.565,1821.685
1696450500000,1821.695,1821.795,1821.445,1821.505
1696450800000,1821.445,1821.445,1820.955,1820.995
1696451100000,1820.985,1821.135,1820.905,1821.075
1696451400000,1821.028,1821.048,1820.658,1820.838
1696451700000,1820.838,1820.878,1820.535,1820.618
1696452000000,1820.608,1820.628,1820.485,1820.608
1696452300000,1820.678,1820.708,1820.368,1820.468
1696452600000,1820.508,1820.678,1820.335,1820.678
1696452900000,1820.848,1821.235,1820.848,1820.898
1696453200000,1820.898,1820.898,1820.898,1820.898
1696453500000,1820.898,1820.898,1820.898,1820.898
1696453800000,1820.898,1820.898,1820.898,1820.898
1696454100000,1820.898,1820.898,1820.898,1820.898
1696454400000,1820.898,1820.898,1820.898,1820.898
1696454700000,1820.898,1820.898,1820.898,1820.898
1696455000000,1820.898,1820.898,1820.898,1820.898
1696455300000,1820.898,1820.898,1820.898,1820.898
1696455600000,1820.898,1820.898,1820.898,1820.898
1696455900000,1820.898,1820.898,1820.898,1820.898
1696456200000,1820.898,1820.898,1820.898,1820.898
1696456500000,1820.898,1820.898,1820.898,1820.898
1696456800000,1821.098,1821.905,1820.375,1821.765
1696457100000,1821.815,1821.935,1821.798,1821.915
1696457400000,1821.915,1822.215,1821.625,1822.095
1696457700000,1822.085,1822.155,1821.515,1821.665
1696458000000,1821.715,1822.035,1821.715,1821.955
1696458300000,1821.965,1822.125,1821.895,1822.085
1696458600000,1822.095,1822.095,1821.455,1821.655
1696458900000,1821.655,1822.015,1821.655,1821.945
1696459200000,1821.965,1822.155,1821.825,1821.835
1696459500000,1821.835,1821.985,1821.795,1821.975
1696459800000,1821.965,1822.095,1821.965,1822.085
1696460100000,1822.075,1822.228,1822.065,1822.185
1696460400000,1822.185,1822.298,1822.148,1822.278
1696460700000,1822.278,1822.578,1822.278,1822.528
1696461000000,1822.625,1822.775,1822.595,1822.755
1696461300000,1822.745,1822.865,1822.745,1822.865
1696461600000,1822.865,1823.375,1822.865,1823.005
1696461900000,1822.985,1823.665,1822.985,1823.655
1696462200000,1823.655,1823.955,1823.645,1823.865
1696462500000,1823.855,1823.865,1823.205,1823.205
1696462800000,1823.185,1823.305,1822.425,1823.285
1696463100000,1823.285,1823.285,1822.645,1822.855
1696463400000,1822.818,1823.235,1822.445,1822.465
1696463700000,1822.445,1823.035,1822.395,1822.425
1696464000000,1822.445,1823.245,1822.375,1823.225
1696464300000,1823.205,1823.225,1822.415,1822.715
1696464600000,1822.705,1823.215,1822.625,1822.815
1696464900000,1822.815,1823.405,1822.775,1823.395
1696465200000,1823.385,1823.395,1822.435,1822.575
1696465500000,1822.555,1822.555,1821.955,1822.325
1696465800000,1822.285,1822.905,1821.625,1822.905
1696466100000,1822.915,1823.738,1822.825,1823.525
1696466400000,1823.535,1823.545,1822.895,1823.345
1696466700000,1823.355,1823.765,1823.105,1823.398
1696467000000,1823.425,1824.185,1823.405,1824.125
1696467300000,1824.085,1825.615,1824.045,1825.565
1696467600000,1825.555,1826.685,1825.555,1826.038
1696467900000,1826.025,1826.545,1825.708,1826.115
1696468200000,1826.125,1827.285,1825.998,1826.978
1696468500000,1826.945,1827.325,1826.578,1827.305
1696468800000,1827.295,1827.355,1826.495,1826.715
1696469100000,1826.695,1827.035,1825.795,1826.055
1696469400000,1826.035,1826.215,1825.715,1826.075
1696469700000,1826.115,1826.435,1826.005,1826.155
1696470000000,1826.175,1826.635,1825.965,1826.495
1696470300000,1826.505,1826.615,1826.215,1826.445
1696470600000,1826.445,1827.255,1826.215,1827.165
1696470900000,1827.175,1828.105,1827.175,1827.975
1696471200000,1827.955,1828.325,1827.585,1827.795
1696471500000,1827.775,1827.785,1827.075,1827.085
1696471800000,1827.065,1827.095,1826.785,1827.005
1696472100000,1826.975,1826.975,1826.278,1826.558
1696472400000,1826.558,1826.878,1826.338,1826.748
1696472700000,1826.748,1826.778,1826.148,1826.198
1696473000000,1826.218,1826.255,1826.005,1826.135
1696473300000,1826.125,1826.705,1826.005,1826.515
1696473600000,1826.438,1826.505,1826.345,1826.425
1696473900000,1826.405,1826.578,1826.115,1826.158
1696474200000,1826.178,1826.258,1825.878,1826.058
1696474500000,1826.038,1826.245,1826.018,1826.018
1696474800000,1826.005,1826.098,1825.785,1826.065
1696475100000,1826.055,1826.195,1826.025,1826.118
1696475400000,1826.138,1826.555,1825.898,1826.478
1696475700000,1826.508,1827.155,1826.428,1826.898
1696476000000,1826.898,1826.935,1826.315,1826.825
1696476300000,1826.815,1827.275,1826.625,1827.275
1696476600000,1827.315,1827.625,1827.215,1827.335
1696476900000,1827.325,1827.635,1827.025,1827.535
1696477200000,1827.585,1828.395,1827.535,1828.345
1696477500000,1828.365,1828.415,1828.185,1828.225
1696477800000,1828.205,1828.595,1828.198,1828.385
1696478100000,1828.365,1828.385,1828.005,1828.265
1696478400000,1828.265,1828.585,1828.135,1828.445
1696478700000,1828.465,1828.845,1828.345,1828.775
1696479000000,1828.795,1829.105,1828.795,1828.825
1696479300000,1828.805,1828.805,1828.175,1828.535
1696479600000,1828.585,1828.655,1828.305,1828.395
1696479900000,1828.375,1828.405,1827.845,1828.405
1696480200000,1828.405,1828.705,1827.955,1828.348
1696480500000,1828.348,1828.445,1828.158,1828.158
1696480800000,1828.158,1828.395,1827.778,1828.285
1696481100000,1828.255,1828.255,1827.778,1827.825
1696481400000,1827.835,1827.835,1827.325,1827.415
1696481700000,1827.445,1827.645,1827.445,1827.575
1696482000000,1827.545,1827.655,1826.975,1827.155
1696482300000,1827.165,1827.455,1827.075,1827.225
1696482600000,1827.245,1827.395,1826.955,1827.365
1696482900000,1827.385,1828.065,1827.365,1827.895
1696483200000,1827.895,1828.045,1827.475,1827.495
1696483500000,1827.515,1828.095,1827.485,1827.925
1696483800000,1827.878,1827.878,1826.408,1826.965
1696484100000,1826.945,1827.275,1826.578,1827.265
1696484400000,1827.218,1827.495,1826.428,1826.635
1696484700000,1826.655,1827.415,1826.655,1827.415
1696485000000,1827.415,1827.475,1826.765,1826.818
1696485300000,1826.798,1826.878,1826.175,1826.205
1696485600000,1826.195,1826.495,1824.985,1825.025
1696485900000,1825.025,1825.165,1824.305,1824.855
1696486200000,1824.855,1824.855,1823.868,1823.868
1696486500000,1823.875,1824.215,1823.595,1824.195
1696486800000,1824.145,1824.245,1823.408,1823.438
1696487100000,1823.394,1823.618,1823.065,1823.415
1696487400000,1823.405,1824.165,1823.395,1823.895
1696487700000,1823.905,1824.088,1823.584,1824.048
1696488000000,1824.038,1824.038,1823.188,1823.708
1696488300000,1823.735,1824.035,1823.135,1823.178
1696488600000,1823.178,1823.178,1822.205,1822.415
1696488900000,1822.455,1822.495,1822.065,1822.155
1696489200000,1822.125,1822.375,1821.028,1822.375
1696489500000,1822.365,1822.445,1821.535,1822.035
1696489800000,1822.015,1822.705,1821.475,1821.545
1696490100000,1821.545,1821.995,1820.685,1821.085
1696490400000,1821.095,1821.795,1820.995,1821.355
1696490700000,1821.295,1821.425,1821.055,1821.385
1696491000000,1821.355,1821.995,1821.135,1821.805
1696491300000,1821.835,1822.295,1821.548,1821.915
1696491600000,1821.935,1822.325,1821.265,1821.438
1696491900000,1821.438,1821.628,1820.524,1820.918
1696492200000,1820.915,1821.015,1819.805,1819.915
1696492500000,1819.885,1820.795,1819.865,1820.675
1696492800000,1820.695,1821.965,1820.555,1821.735
1696493100000,1821.715,1822.285,1821.304,1821.568
1696493400000,1821.608,1822.285,1821.548,1822.028
1696493700000,1822.035,1822.218,1821.505,1822.175
1696494000000,1822.215,1822.365,1821.304,1821.758
1696494300000,1821.765,1821.765,1821.415,1821.655
1696494600000,1821.635,1821.965,1821.348,1821.698
1696494900000,1821.718,1821.718,1820.955,1821.105
1696495200000,1821.085,1821.205,1820.255,1820.555
1696495500000,1820.565,1820.855,1820.435,1820.515
1696495800000,1820.515,1820.515,1819.875,1819.935
1696496100000,1819.915,1820.085,1819.615,1819.775
1696496400000,1819.775,1820.225,1819.565,1820.145
1696496700000,1820.145,1820.518,1819.825,1820.278
1696497000000,1820.265,1820.755,1820.255,1820.705
1696497300000,1820.685,1820.915,1820.225,1820.895
1696497600000,1820.885,1821.575,1820.835,1821.505
1696497900000,1821.515,1822.105,1821.415,1821.815
1696498200000,1821.795,1822.425,1821.665,1822.125
1696498500000,1822.135,1822.955,1821.945,1821.965
1696498800000,1821.955,1822.575,1821.585,1822.305
1696499100000,1822.285,1823.275,1822.085,1822.435
1696499400000,1822.425,1822.935,1822.424,1822.498
1696499700000,1822.498,1822.675,1821.805,1821.905
1696500000000,1821.915,1821.925,1820.995,1821.065
1696500300000,1821.065,1821.255,1820.655,1821.255
1696500600000,1821.255,1822.165,1821.215,1822.165
1696500900000,1822.165,1822.645,1822.165,1822.565
1696501200000,1822.575,1823.158,1822.285,1822.955
1696501500000,1822.958,1823.288,1822.848,1823.178
1696501800000,1823.165,1823.735,1823.025,1823.178
1696502100000,1823.178,1823.845,1823.065,1823.325
1696502400000,1823.308,1823.455,1822.755,1822.855
1696502700000,1822.855,1823.265,1822.395,1822.565
1696503000000,1822.565,1823.125,1822.315,1822.985
1696503300000,1822.985,1823.225,1822.545,1823.075
1696503600000,1823.065,1823.258,1822.078,1822.105
1696503900000,1822.088,1822.585,1821.785,1822.078
1696504200000,1822.065,1822.398,1821.675,1821.675
1696504500000,1821.675,1821.965,1820.895,1821.475
1696504800000,1821.475,1822.098,1821.365,1822.065
1696505100000,1822.065,1822.065,1821.065,1821.065
1696505400000,1821.095,1821.578,1820.288,1820.288
1696505700000,1820.255,1821.685,1820.115,1821.298
1696506000000,1821.285,1822.625,1821.175,1822.625
1696506300000,1822.625,1822.665,1821.775,1822.185
1696506600000,1822.165,1822.378,1821.918,1821.978
1696506900000,1821.995,1823.035,1821.995,1822.935
1696507200000,1822.925,1823.445,1822.375,1822.705
1696507500000,1822.675,1823.805,1822.575,1823.185
1696507800000,1823.185,1823.195,1822.538,1822.585
1696508100000,1822.565,1823.095,1820.855,1820.895
1696508400000,1820.888,1821.475,1819.415,1819.705
1696508700000,1819.705,1820.345,1819.165,1820.175
1696509000000,1820.185,1821.005,1818.815,1820.005
1696509300000,1819.985,1820.645,1812.924,1814.825
1696509600000,1814.775,1815.715,1813.545,1815.035
1696509900000,1815.065,1816.755,1814.288,1814.948
1696510200000,1814.948,1815.465,1814.005,1814.398
1696510500000,1814.395,1816.135,1814.395,1815.605
1696510800000,1815.625,1816.155,1814.665,1815.235
1696511100000,1815.144,1816.515,1814.095,1816.435
1696511400000,1816.525,1816.525,1814.385,1815.365
1696511700000,1815.405,1816.615,1814.765,1816.165
1696512000000,1816.175,1816.925,1815.535,1816.908
1696512300000,1816.915,1819.364,1816.448,1819.005
1696512600000,1819.015,1820.185,1818.575,1819.605
1696512900000,1819.615,1821.205,1819.025,1819.325
1696513200000,1819.285,1821.205,1819.055,1821.205
1696513500000,1821.205,1821.805,1817.525,1819.555
1696513800000,1819.535,1820.075,1818.395,1819.315
1696514100000,1819.325,1821.385,1819.225,1820.625
1696514400000,1820.625,1820.625,1818.555,1818.645
1696514700000,1818.655,1818.795,1817.175,1817.195
1696515000000,1817.255,1818.615,1816.615,1818.175
1696515300000,1818.205,1820.405,1818.025,1820.355
1696515600000,1820.375,1821.035,1818.805,1818.835
1696515900000,1818.825,1820.845,1818.575,1819.695
1696516200000,1819.645,1819.885,1816.385,1817.755
1696516500000,1817.795,1818.515,1816.605,1817.315
1696516800000,1817.245,1819.235,1816.655,1819.025
1696517100000,1819.025,1819.115,1816.938,1818.175
1696517400000,1818.145,1819.115,1817.435,1818.235
1696517700000,1818.215,1820.458,1818.125,1819.778
1696518000000,1819.785,1819.858,1817.725,1817.725
1696518300000,1817.725,1818.565,1817.218,1818.425
1696518600000,1818.445,1819.408,1818.148,1818.238
1696518900000,1818.258,1818.958,1816.835,1816.885
1696519200000,1816.895,1818.095,1816.295,1817.885
1696519500000,1817.905,1817.915,1815.445,1816.005
1696519800000,1816.005,1816.645,1815.575,1816.495
1696520100000,1816.495,1817.415,1815.755,1816.225
1696520400000,1816.225,1817.395,1814.988,1814.988
1696520700000,1814.954,1815.785,1814.335,1814.985
1696521000000,1814.995,1815.715,1814.395,1815.595
1696521300000,1815.585,1816.205,1815.315,1815.445
1696521600000,1815.445,1815.755,1814.755,1815.365
1696521900000,1815.345,1817.235,1815.175,1816.915
1696522200000,1816.925,1818.135,1816.835,1817.795
1696522500000,1817.755,1817.785,1815.984,1816.175
1696522800000,1816.235,1817.125,1816.075,1816.365
1696523100000,1816.375,1817.918,1816.215,1817.695
1696523400000,1817.685,1818.245,1817.605,1817.815
1696523700000,1817.835,1818.195,1817.658,1817.915
1696524000000,1817.895,1817.895,1817.135,1817.815
1696524300000,1817.835,1817.885,1816.385,1816.425
1696524600000,1816.405,1817.565,1816.405,1817.535
1696524900000,1817.515,1818.045,1817.165,1818.035
1696525200000,1818.055,1818.095,1817.025,1817.325
1696525500000,1817.345,1817.565,1816.315,1816.325
1696525800000,1816.315,1816.805,1815.718,1816.755
1696526100000,1816.775,1817.195,1816.405,1816.865
1696526400000,1816.865,1817.755,1816.825,1817.685
1696526700000,1817.645,1818.275,1817.235,1818.235
1696527000000,1818.225,1818.375,1817.135,1817.995
1696527300000,1818.005,1818.995,1817.975,1818.225
1696527600000,1818.205,1818.605,1818.025,1818.505
1696527900000,1818.505,1818.605,1817.555,1817.935
1696528200000,1817.925,1818.665,1817.795,1818.555
1696528500000,1818.555,1819.385,1818.415,1819.015
1696528800000,1819.105,1820.405,1819.105,1820.105
1696529100000,1820.125,1820.205,1818.515,1818.518
1696529400000,1818.504,1819.785,1818.478,1819.625
1696529700000,1819.665,1819.885,1819.395,1819.595
1696530000000,1819.575,1819.765,1819.085,1819.305
1696530300000,1819.315,1819.405,1818.915,1819.405
1696530600000,1819.405,1820.535,1819.385,1820.125
1696530900000,1820.115,1820.225,1819.505,1820.115
1696531200000,1820.105,1820.265,1819.045,1819.445
1696531500000,1819.415,1819.655,1819.205,1819.445
1696531800000,1819.495,1820.105,1819.395,1819.915
1696532100000,1819.935,1820.315,1819.715,1820.125
1696532400000,1820.105,1820.525,1820.015,1820.195
1696532700000,1820.185,1820.445,1820.145,1820.225
1696533000000,1820.225,1820.255,1819.855,1820.125
1696533300000,1820.115,1820.295,1819.735,1820.005
1696533600000,1819.975,1820.185,1819.685,1819.915
1696533900000,1819.935,1820.065,1819.665,1819.985
1696534200000,1819.965,1820.725,1819.965,1820.205
1696534500000,1820.195,1820.485,1819.645,1819.958
1696534800000,1819.938,1820.555,1819.725,1820.305
1696535100000,1820.365,1820.565,1820.025,1820.085
1696535400000,1820.095,1820.725,1820.085,1820.605
1696535700000,1820.585,1820.775,1820.125,1820.265
1696536000000,1820.305,1820.565,1819.395,1819.695
1696536300000,1819.705,1819.925,1819.615,1819.825
1696536600000,1819.825,1820.095,1819.795,1819.825
1696536900000,1819.835,1819.945,1819.555,1819.555
1696537200000,1819.575,1819.725,1819.565,1819.635
1696537500000,1819.625,1819.845,1819.615,1819.825
1696537800000,1819.758,1819.855,1819.638,1819.778
1696538100000,1819.778,1819.855,1819.745,1819.838
1696538400000,1819.858,1819.965,1819.788,1819.955
1696538700000,1819.955,1820.065,1819.895,1819.995
1696539000000,1819.995,1820.068,1819.928,1820.068
1696539300000,1820.068,1820.315,1819.988,1819.988
1696539600000,1819.988,1819.988,1819.988,1819.988
1696539900000,1819.988,1819.988,1819.988,1819.988
1696540200000,1819.988,1819.988,1819.988,1819.988
1696540500000,1819.988,1819.988,1819.988,1819.988
1696540800000,1819.988,1819.988,1819.988,1819.988
1696541100000,1819.988,1819.988,1819.988,1819.988
1696541400000,1819.988,1819.988,1819.988,1819.988
1696541700000,1819.988,1819.988,1819.988,1819.988
1696542000000,1819.988,1819.988,1819.988,1819.988
1696542300000,1819.988,1819.988,1819.988,1819.988
1696542600000,1819.988,1819.988,1819.988,1819.988
1696542900000,1819.988,1819.988,1819.988,1819.988
1696543200000,1820.075,1820.545,1819.925,1820.498
1696543500000,1820.575,1820.795,1820.565,1820.725
1696543800000,1820.715,1821.095,1820.645,1820.975
1696544100000,1821.005,1821.195,1820.915,1821.165
1696544400000,1821.165,1821.315,1821.025,1821.255
1696544700000,1821.225,1821.305,1821.195,1821.275
1696545000000,1821.265,1821.265,1820.925,1820.925
1696545300000,1820.945,1820.975,1820.855,1820.865
1696545600000,1820.875,1821.225,1820.865,1821.075
1696545900000,1821.095,1821.345,1821.095,1821.225
1696546200000,1821.205,1821.395,1820.925,1821.015
1696546500000,1821.015,1821.168,1820.978,1820.978
1696546800000,1820.995,1822.998,1820.978,1822.638
1696547100000,1822.638,1822.718,1822.158,1822.198
1696547400000,1822.198,1822.528,1822.028,1822.028
1696547700000,1822.005,1822.428,1822.005,1822.328
1696548000000,1822.328,1822.328,1822.028,1822.115
1696548300000,1822.135,1822.575,1822.135,1822.205
1696548600000,1822.225,1822.985,1822.195,1822.465
1696548900000,1822.485,1822.645,1822.465,1822.555
1696549200000,1822.545,1822.545,1822.055,1822.085
1696549500000,1822.045,1822.215,1821.785,1821.965
1696549800000,1821.965,1822.055,1821.485,1821.525
1696550100000,1821.545,1821.578,1821.118,1821.138
1696550400000,1821.125,1821.635,1820.915,1821.255
1696550700000,1821.235,1821.758,1821.155,1821.198
1696551000000,1821.178,1821.585,1821.178,1821.495
1696551300000,1821.495,1821.845,1821.075,1821.075
1696551600000,1821.078,1821.285,1820.485,1820.675
1696551900000,1820.665,1820.675,1820.165,1820.275
1696552200000,1820.235,1820.585,1820.058,1820.368
1696552500000,1820.378,1821.085,1820.378,1820.818
1696552800000,1820.818,1821.285,1820.818,1821.275
1696553100000,1821.275,1822.005,1821.275,1821.578
1696553400000,1821.558,1821.678,1820.958,1820.958
1696553700000,1820.925,1821.138,1820.455,1820.595
1696554000000,1820.545,1820.795,1820.195,1820.325
1696554300000,1820.318,1820.475,1819.925,1820.415
1696554600000,1820.415,1820.415,1819.905,1820.045
1696554900000,1820.035,1820.235,1819.595,1819.735
1696555200000,1819.725,1820.395,1819.635,1820.315
1696555500000,1820.375,1820.425,1819.895,1820.425
1696555800000,1820.425,1821.725,1820.325,1820.745
1696556100000,1820.805,1822.965,1820.805,1822.915
1696556400000,1822.895,1823.205,1822.265,1822.308
1696556700000,1822.278,1822.635,1821.835,1822.285
1696557000000,1822.275,1822.725,1821.965,1822.695
1696557300000,1822.675,1823.105,1822.475,1822.715
1696557600000,1822.715,1822.995,1822.258,1822.825
1696557900000,1822.835,1823.115,1822.645,1822.935
1696558200000,1822.935,1823.055,1822.755,1823.015
1696558500000,1822.995,1822.995,1822.445,1822.445
1696558800000,1822.425,1823.235,1822.415,1823.095
1696559100000,1823.105,1823.438,1823.035,1823.358
1696559400000,1823.358,1823.658,1823.238,1823.638
1696559700000,1823.638,1823.928,1823.358,1823.928
1696560000000,1823.918,1823.928,1823.458,1823.458
1696560300000,1823.458,1823.935,1823.398,1823.698
1696560600000,1823.708,1823.878,1823.528,1823.755
1696560900000,1823.828,1823.878,1823.428,1823.755
1696561200000,1823.775,1823.835,1823.545,1823.665
1696561500000,1823.645,1823.895,1823.305,1823.385
1696561800000,1823.395,1823.615,1823.215,1823.615
1696562100000,1823.635,1823.885,1823.605,1823.785
1696562400000,1823.795,1823.885,1823.605,1823.865
1696562700000,1823.895,1824.375,1823.795,1824.275
1696563000000,1824.285,1824.285,1823.765,1823.805
1696563300000,1823.765,1823.805,1823.635,1823.695
1696563600000,1823.675,1824.145,1823.635,1823.815
1696563900000,1823.805,1823.985,1823.805,1823.805
1696564200000,1823.805,1823.835,1823.578,1823.695
1696564500000,1823.665,1823.925,1823.565,1823.925
1696564800000,1823.915,1823.955,1823.735,1823.815
1696565100000,1823.805,1823.865,1823.655,1823.845
1696565400000,1823.825,1824.025,1823.665,1823.975
1696565700000,1824.025,1824.475,1823.975,1824.415
1696566000000,1824.395,1824.435,1824.155,1824.225
1696566300000,1824.235,1824.385,1824.085,1824.195
1696566600000,1824.195,1824.195,1823.515,1823.885
1696566900000,1823.875,1823.905,1823.505,1823.745
1696567200000,1823.755,1823.755,1823.355,1823.485
1696567500000,1823.485,1823.525,1823.045,1823.125
1696567800000,1823.145,1823.315,1822.985,1823.015
1696568100000,1823.035,1823.105,1822.525,1822.675
1696568400000,1822.675,1822.695,1822.415,1822.635
1696568700000,1822.655,1822.835,1822.485,1822.485
1696569000000,1822.485,1822.645,1822.425,1822.615
1696569300000,1822.615,1822.645,1822.035,1822.155
1696569600000,1822.135,1822.195,1821.735,1821.855
1696569900000,1821.865,1821.865,1821.435,1821.485
1696570200000,1821.495,1821.715,1820.915,1821.395
1696570500000,1821.395,1821.395,1820.985,1821.195
1696570800000,1821.195,1821.375,1821.155,1821.375
1696571100000,1821.375,1821.375,1820.995,1821.135
1696571400000,1821.115,1821.115,1820.645,1820.865
1696571700000,1820.835,1821.325,1820.675,1821.315
1696572000000,1821.305,1821.405,1820.455,1820.825
1696572300000,1820.825,1821.535,1820.825,1821.255
1696572600000,1821.285,1821.305,1820.515,1820.585
1696572900000,1820.595,1820.715,1820.224,1820.705
1696573200000,1820.685,1820.805,1820.008,1820.038
1696573500000,1820.028,1820.028,1818.525,1818.535
1696573800000,1818.565,1819.775,1818.565,1819.365
1696574100000,1819.355,1819.658,1819.115,1819.415
1696574400000,1819.405,1819.605,1819.115,1819.115
1696574700000,1819.035,1819.295,1818.665,1819.078
1696575000000,1819.044,1819.898,1818.898,1819.208
1696575300000,1819.194,1819.438,1818.878,1819.375
1696575600000,1819.375,1819.635,1818.805,1818.985
1696575900000,1819.005,1819.415,1818.805,1819.005
1696576200000,1819.005,1819.985,1818.805,1819.915
1696576500000,1819.925,1820.035,1818.765,1818.805
1696576800000,1818.785,1819.945,1818.755,1819.555
1696577100000,1819.545,1819.555,1818.525,1819.155
1696577400000,1819.155,1820.235,1819.015,1819.815
1696577700000,1819.805,1820.338,1819.555,1820.215
1696578000000,1820.305,1820.425,1819.765,1819.865
1696578300000,1819.885,1820.555,1819.825,1820.295
1696578600000,1820.275,1820.495,1819.545,1820.115
1696578900000,1820.135,1821.505,1820.135,1821.275
1696579200000,1821.295,1821.665,1820.728,1820.818
1696579500000,1820.858,1821.408,1820.688,1821.258
1696579800000,1821.248,1821.248,1820.405,1820.425
1696580100000,1820.405,1820.425,1819.815,1819.835
1696580400000,1819.815,1820.025,1819.195,1819.635
1696580700000,1819.615,1820.185,1819.555,1820.145
1696581000000,1820.145,1820.175,1819.775,1819.795
1696581300000,1819.815,1820.055,1819.625,1819.825
1696581600000,1819.805,1820.915,1819.775,1820.915
1696581900000,1820.905,1821.445,1820.808,1821.265
1696582200000,1821.235,1821.235,1820.765,1820.975
1696582500000,1820.995,1821.995,1820.895,1821.825
1696582800000,1821.845,1822.065,1821.625,1821.938
1696583100000,1821.938,1822.178,1821.728,1821.808
1696583400000,1821.808,1821.998,1821.605,1821.705
1696583700000,1821.685,1821.855,1821.235,1821.335
1696584000000,1821.325,1821.705,1820.975,1820.975
1696584300000,1820.945,1821.275,1820.595,1820.815
1696584600000,1820.815,1821.685,1820.765,1821.505
1696584900000,1821.485,1821.555,1821.175,1821.205
1696585200000,1821.225,1821.458,1820.948,1821.058
1696585500000,1821.058,1821.218,1820.278,1820.325
1696585800000,1820.305,1820.545,1819.995,1820.545
1696586100000,1820.525,1820.585,1820.305,1820.415
1696586400000,1820.425,1821.515,1820.425,1821.285
1696586700000,1821.268,1823.578,1821.258,1823.378
1696587000000,1823.425,1824.985,1823.415,1824.678
1696587300000,1824.695,1825.025,1824.278,1824.495
1696587600000,1824.505,1824.685,1824.145,1824.465
1696587900000,1824.445,1824.625,1823.628,1823.718
1696588200000,1823.674,1823.958,1823.565,1823.678
1696588500000,1823.658,1824.118,1823.625,1823.765
1696588800000,1823.785,1824.025,1823.105,1823.335
1696589100000,1823.355,1823.385,1822.205,1822.505
1696589400000,1822.485,1822.495,1822.165,1822.485
1696589700000,1822.485,1822.695,1822.355,1822.545
1696590000000,1822.525,1822.705,1821.615,1821.775
1696590300000,1821.745,1822.295,1821.515,1822.115
1696590600000,1822.115,1822.345,1821.675,1821.685
1696590900000,1821.745,1822.415,1821.645,1822.245
1696591200000,1822.315,1822.395,1821.695,1821.705
1696591500000,1821.735,1821.975,1821.565,1821.615
1696591800000,1821.585,1821.625,1820.565,1820.785
1696592100000,1820.765,1821.745,1820.725,1821.305
1696592400000,1821.315,1821.715,1821.275,1821.705
1696592700000,1821.715,1821.895,1821.428,1821.718
1696593000000,1821.688,1822.208,1821.568,1821.998
1696593300000,1821.974,1822.108,1820.738,1821.175
1696593600000,1821.155,1821.625,1820.355,1820.405
1696593900000,1820.385,1821.385,1820.085,1820.745
1696594200000,1820.745,1821.195,1820.335,1820.885
1696594500000,1820.905,1821.445,1820.655,1821.015
1696594800000,1820.905,1820.905,1819.505,1819.675
1696595100000,1819.695,1820.328,1819.155,1819.335
1696595400000,1819.355,1819.815,1810.905,1811.095
1696595700000,1811.075,1814.925,1811.075,1813.515
1696596000000,1813.505,1814.565,1811.488,1812.245
1696596300000,1812.255,1814.425,1810.288,1812.945
1696596600000,1812.905,1814.158,1810.945,1813.345
1696596900000,1813.365,1815.935,1813.135,1814.995
1696597200000,1815.015,1817.105,1813.815,1816.375
1696597500000,1816.425,1819.495,1816.068,1817.775
1696597800000,1817.765,1820.605,1817.415,1818.498
1696598100000,1818.498,1819.605,1817.925,1819.015
1696598400000,1819.005,1823.665,1818.955,1823.318
1696598700000,1823.338,1824.215,1821.855,1823.725
1696599000000,1823.755,1825.935,1822.145,1822.255
1696599300000,1822.255,1822.745,1819.705,1820.365
1696599600000,1820.338,1821.445,1818.245,1820.465
1696599900000,1820.495,1820.995,1816.515,1816.515
1696600200000,1816.505,1820.465,1816.265,1820.345
1696600500000,1820.325,1821.195,1818.698,1821.175
1696600800000,1821.225,1823.608,1820.805,1823.578
1696601100000,1823.598,1824.125,1822.285,1823.725
1696601400000,1823.705,1826.708,1822.915,1824.545
1696601700000,1824.565,1826.105,1824.195,1825.184
1696602000000,1825.204,1828.365,1824.858,1827.925
1696602300000,1827.935,1829.365,1827.308,1829.335
1696602600000,1829.315,1831.385,1828.225,1828.385
1696602900000,1828.385,1829.835,1826.998,1829.455
1696603200000,1829.485,1829.615,1826.408,1826.718
1696603500000,1826.718,1827.548,1825.555,1825.718
1696603800000,1825.718,1825.718,1823.665,1823.665
1696604100000,1823.695,1824.068,1822.558,1823.475
1696604400000,1823.465,1825.725,1823.465,1825.695
1696604700000,1825.765,1826.565,1825.275,1826.478
1696605000000,1826.465,1830.635,1826.395,1829.715
1696605300000,1829.725,1830.615,1828.875,1829.058
1696605600000,1829.035,1831.345,1828.608,1831.345
1696605900000,1831.435,1834.665,1831.035,1833.195
1696606200000,1833.215,1834.535,1832.275,1832.445
1696606500000,1832.435,1834.095,1831.975,1832.575
1696606800000,1832.555,1833.915,1832.225,1833.215
1696607100000,1833.285,1834.665,1831.724,1834.445
1696607400000,1834.445,1834.725,1832.198,1833.315
1696607700000,1833.355,1833.998,1832.465,1832.485
1696608000000,1832.515,1833.045,1831.185,1831.685
1696608300000,1831.685,1833.255,1831.685,1832.955
1696608600000,1832.935,1833.365,1831.015,1831.125
1696608900000,1831.165,1832.095,1831.075,1831.485
1696609200000,1831.495,1832.135,1830.755,1831.375
1696609500000,1831.345,1832.455,1831.055,1831.925
1696609800000,1831.885,1832.355,1831.445,1831.605
1696610100000,1831.685,1831.705,1830.275,1830.495
1696610400000,1830.485,1831.215,1830.195,1830.595
1696610700000,1830.585,1831.655,1830.385,1830.535
1696611000000,1830.525,1831.025,1829.565,1830.095
1696611300000,1830.065,1830.065,1828.915,1829.135
1696611600000,1829.095,1830.235,1828.945,1830.045
1696611900000,1830.025,1830.235,1828.855,1829.135
1696612200000,1829.145,1831.025,1828.725,1831.005
1696612500000,1831.085,1831.285,1829.915,1831.065
1696612800000,1831.085,1832.125,1830.715,1830.855
1696613100000,1830.855,1831.575,1830.485,1831.175
1696613400000,1831.105,1831.835,1830.875,1830.905
1696613700000,1830.905,1831.235,1830.525,1831.215
1696614000000,1831.215,1831.235,1830.625,1830.625
1696614300000,1830.615,1832.105,1830.225,1831.625
1696614600000,1831.645,1832.005,1831.395,1831.505
1696614900000,1831.505,1831.995,1831.505,1831.698
1696615200000,1831.738,1831.918,1831.338,1831.878
1696615500000,1831.858,1832.425,1831.658,1832.345
1696615800000,1832.365,1833.165,1832.295,1833.155
1696616100000,1833.175,1833.345,1832.318,1832.398
1696616400000,1832.378,1832.678,1832.274,1832.378
1696616700000,1832.398,1833.548,1832.338,1833.528
1696617000000,1833.528,1833.845,1833.378,1833.398
1696617300000,1833.398,1833.828,1833.328,1833.538
1696617600000,1833.538,1833.838,1832.698,1832.785
1696617900000,1832.805,1833.215,1832.698,1832.985
1696618200000,1832.965,1832.995,1831.715,1832.085
1696618500000,1832.075,1832.075,1831.585,1831.795
1696618800000,1831.815,1831.885,1831.258,1831.478
1696619100000,1831.478,1831.835,1831.298,1831.728
1696619400000,1831.728,1831.728,1830.528,1830.838
1696619700000,1830.838,1831.128,1829.985,1830.125
1696620000000,1830.095,1830.725,1830.095,1830.675
1696620300000,1830.695,1830.835,1830.535,1830.715
1696620600000,1830.725,1831.325,1830.355,1830.375
1696620900000,1830.355,1831.035,1830.225,1830.498
1696621200000,1830.498,1830.598,1830.025,1830.405
1696621500000,1830.415,1830.825,1830.335,1830.585
1696621800000,1830.575,1830.575,1829.218,1829.315
1696622100000,1829.365,1829.655,1828.985,1829.335
1696622400000,1829.335,1829.835,1829.185,1829.468
1696622700000,1829.515,1829.765,1829.065,1829.225
1696623000000,1829.155,1829.345,1828.935,1829.245
1696623300000,1829.245,1829.245,1828.855,1828.955
1696623600000,1828.955,1829.875,1828.898,1829.865
1696623900000,1829.845,1830.135,1829.815,1830.115
1696624200000,1830.065,1831.125,1830.028,1831.125
1696624500000,1831.055,1831.815,1831.055,1831.468
1696624800000,1831.435,1832.065,1831.435,1831.848
1696625100000,1831.848,1831.988,1831.638,1831.828
1696625400000,1831.835,1831.848,1831.335,1831.385
1696625700000,1831.365,1832.835,1831.235,1832.698
1696723200000,1849.445,1849.445,1849.445,1849.445
1696723500000,1849.445,1849.445,1849.445,1849.445
1696723800000,1849.445,1849.445,1849.445,1849.445
1696724100000,1849.445,1849.445,1849.445,1849.445
1696724400000,1849.445,1849.445,1849.445,1849.445
1696724700000,1849.445,1849.445,1849.445,1849.445
1696725000000,1849.445,1849.445,1849.445,1849.445
1696725300000,1849.445,1849.445,1849.445,1849.445
1696725600000,1849.445,1849.445,1849.445,1849.445
1696725900000,1849.445,1849.445,1849.445,1849.445
1696726200000,1849.445,1849.445,1849.445,1849.445
1696726500000,1849.445,1849.445,1849.445,1849.445
1696726800000,1849.445,1849.445,1849.445,1849.445
1696727100000,1849.445,1849.445,1849.445,1849.445
1696727400000,1849.445,1849.445,1849.445,1849.445
1696727700000,1849.445,1849.445,1849.445,1849.445
1696728000000,1849.445,1849.445,1849.445,1849.445
1696728300000,1849.445,1849.445,1849.445,1849.445
1696728600000,1849.445,1849.445,1849.445,1849.445
1696728900000,1849.445,1849.445,1849.445,1849.445
1696729200000,1849.445,1849.445,1849.445,1849.445
1696729500000,1849.445,1849.445,1849.445,1849.445
1696729800000,1849.445,1849.445,1849.445,1849.445
1696730100000,1849.445,1849.445,1849.445,1849.445
1696730400000,1849.445,1849.445,1849.445,1849.445
1696730700000,1849.445,1849.445,1849.445,1849.445
1696731000000,1849.445,1849.445,1849.445,1849.445
1696731300000,1849.445,1849.445,1849.445,1849.445
1696731600000,1849.445,1849.445,1849.445,1849.445
1696731900000,1849.445,1849.445,1849.445,1849.445
1696732200000,1849.445,1849.445,1849.445,1849.445
1696732500000,1849.445,1849.445,1849.445,1849.445
1696732800000,1849.445,1849.445,1849.445,1849.445
1696733100000,1849.445,1849.445,1849.445,1849.445
1696733400000,1849.445,1849.445,1849.445,1849.445
1696733700000,1849.445,1849.445,1849.445,1849.445
1696734000000,1849.445,1849.445,1849.445,1849.445
1696734300000,1849.445,1849.445,1849.445,1849.445
1696734600000,1849.445,1849.445,1849.445,1849.445
1696734900000,1849.445,1849.445,1849.445,1849.445
1696735200000,1849.445,1849.445,1849.445,1849.445
1696735500000,1849.445,1849.445,1849.445,1849.445
1696735800000,1849.445,1849.445,1849.445,1849.445
1696736100000,1849.445,1849.445,1849.445,1849.445
1696736400000,1849.445,1849.445,1849.445,1849.445
1696736700000,1849.445,1849.445,1849.445,1849.445
1696737000000,1849.445,1849.445,1849.445,1849.445
1696737300000,1849.445,1849.445,1849.445,1849.445
1696737600000,1849.445,1849.445,1849.445,1849.445
1696737900000,1849.445,1849.445,1849.445,1849.445
1696738200000,1849.445,1849.445,1849.445,1849.445
1696738500000,1849.445,1849.445,1849.445,1849.445
1696738800000,1849.445,1849.445,1849.445,1849.445
1696739100000,1849.445,1849.445,1849.445,1849.445
1696739400000,1849.445,1849.445,1849.445,1849.445
1696739700000,1849.445,1849.445,1849.445,1849.445
1696740000000,1849.445,1849.445,1849.445,1849.445
1696740300000,1849.445,1849.445,1849.445,1849.445
1696740600000,1849.445,1849.445,1849.445,1849.445
1696740900000,1849.445,1849.445,1849.445,1849.445
1696741200000,1849.445,1849.445,1849.445,1849.445
1696741500000,1849.445,1849.445,1849.445,1849.445
1696741800000,1849.445,1849.445,1849.445,1849.445
1696742100000,1849.445,1849.445,1849.445,1849.445
1696742400000,1849.445,1849.445,1849.445,1849.445
1696742700000,1849.445,1849.445,1849.445,1849.445
1696743000000,1849.445,1849.445,1849.445,1849.445
1696743300000,1849.445,1849.445,1849.445,1849.445
1696743600000,1849.445,1849.445,1849.445,1849.445
1696743900000,1849.445,1849.445,1849.445,1849.445
1696744200000,1849.445,1849.445,1849.445,1849.445
1696744500000,1849.445,1849.445,1849.445,1849.445
1696744800000,1849.445,1849.445,1849.445,1849.445
1696745100000,1849.445,1849.445,1849.445,1849.445
1696745400000,1849.445,1849.445,1849.445,1849.445
1696745700000,1849.445,1849.445,1849.445,1849.445
1696746000000,1849.445,1849.445,1849.445,1849.445
1696746300000,1849.445,1849.445,1849.445,1849.445
1696746600000,1849.445,1849.445,1849.445,1849.445
1696746900000,1849.445,1849.445,1849.445,1849.445
1696747200000,1849.445,1849.445,1849.445,1849.445
1696747500000,1849.445,1849.445,1849.445,1849.445
1696747800000,1849.445,1849.445,1849.445,1849.445
1696748100000,1849.445,1849.445,1849.445,1849.445
1696748400000,1849.445,1849.445,1849.445,1849.445
1696748700000,1849.445,1849.445,1849.445,1849.445
1696749000000,1849.445,1849.445,1849.445,1849.445
1696749300000,1849.445,1849.445,1849.445,1849.445
1696749600000,1849.445,1849.445,1849.445,1849.445
1696749900000,1849.445,1849.445,1849.445,1849.445
1696750200000,1849.445,1849.445,1849.445,1849.445
1696750500000,1849.445,1849.445,1849.445,1849.445
1696750800000,1849.445,1849.445,1849.445,1849.445
1696751100000,1849.445,1849.445,1849.445,1849.445
1696751400000,1849.445,1849.445,1849.445,1849.445
1696751700000,1849.445,1849.445,1849.445,1849.445
1696752000000,1849.445,1849.445,1849.445,1849.445
1696752300000,1849.445,1849.445,1849.445,1849.445
1696752600000,1849.445,1849.445,1849.445,1849.445
1696752900000,1849.445,1849.445,1849.445,1849.445
1696753200000,1849.445,1849.445,1849.445,1849.445
1696753500000,1849.445,1849.445,1849.445,1849.445
1696753800000,1849.445,1849.445,1849.445,1849.445
1696754100000,1849.445,1849.445,1849.445,1849.445
1696754400000,1849.445,1849.445,1849.445,1849.445
1696754700000,1849.445,1849.445,1849.445,1849.445
1696755000000,1849.445,1849.445,1849.445,1849.445
1696755300000,1849.445,1849.445,1849.445,1849.445
1696755600000,1849.445,1849.445,1849.445,1849.445
1696755900000,1849.445,1849.445,1849.445,1849.445
1696756200000,1849.445,1849.445,1849.445,1849.445
1696756500000,1849.445,1849.445,1849.445,1849.445
1696756800000,1849.445,1849.445,1849.445,1849.445
1696757100000,1849.445,1849.445,1849.445,1849.445
1696757400000,1849.445,1849.445,1849.445,1849.445
1696757700000,1849.445,1849.445,1849.445,1849.445
1696758000000,1849.445,1849.445,1849.445,1849.445
1696758300000,1849.445,1849.445,1849.445,1849.445
1696758600000,1849.445,1849.445,1849.445,1849.445
1696758900000,1849.445,1849.445,1849.445,1849.445
1696759200000,1849.445,1849.445,1849.445,1849.445
1696759500000,1849.445,1849.445,1849.445,1849.445
1696759800000,1849.445,1849.445,1849.445,1849.445
1696760100000,1849.445,1849.445,1849.445,1849.445
1696760400000,1849.445,1849.445,1849.445,1849.445
1696760700000,1849.445,1849.445,1849.445,1849.445
1696761000000,1849.445,1849.445,1849.445,1849.445
1696761300000,1849.445,1849.445,1849.445,1849.445
1696761600000,1849.445,1849.445,1849.445,1849.445
1696761900000,1849.445,1849.445,1849.445,1849.445
1696762200000,1849.445,1849.445,1849.445,1849.445
1696762500000,1849.445,1849.445,1849.445,1849.445
1696762800000,1849.445,1849.445,1849.445,1849.445
1696763100000,1849.445,1849.445,1849.445,1849.445
1696763400000,1849.445,1849.445,1849.445,1849.445
1696763700000,1849.445,1849.445,1849.445,1849.445
1696764000000,1849.445,1849.445,1849.445,1849.445
1696764300000,1849.445,1849.445,1849.445,1849.445
1696764600000,1849.445,1849.445,1849.445,1849.445
1696764900000,1849.445,1849.445,1849.445,1849.445
1696765200000,1849.445,1849.445,1849.445,1849.445
1696765500000,1849.445,1849.445,1849.445,1849.445
1696765800000,1849.445,1849.445,1849.445,1849.445
1696766100000,1849.445,1849.445,1849.445,1849.445
1696766400000,1849.445,1849.445,1849.445,1849.445
1696766700000,1849.445,1849.445,1849.445,1849.445
1696767000000,1849.445,1849.445,1849.445,1849.445
1696767300000,1849.445,1849.445,1849.445,1849.445
1696767600000,1849.445,1849.445,1849.445,1849.445
1696767900000,1849.445,1849.445,1849.445,1849.445
1696768200000,1849.445,1849.445,1849.445,1849.445
1696768500000,1849.445,1849.445,1849.445,1849.445
1696768800000,1849.445,1849.445,1849.445,1849.445
1696769100000,1849.445,1849.445,1849.445,1849.445
1696769400000,1849.445,1849.445,1849.445,1849.445
1696769700000,1849.445,1849.445,1849.445,1849.445
1696770000000,1849.445,1849.445,1849.445,1849.445
1696770300000,1849.445,1849.445,1849.445,1849.445
1696770600000,1849.445,1849.445,1849.445,1849.445
1696770900000,1849.445,1849.445,1849.445,1849.445
1696771200000,1849.445,1849.445,1849.445,1849.445
1696771500000,1849.445,1849.445,1849.445,1849.445
1696771800000,1849.445,1849.445,1849.445,1849.445
1696772100000,1849.445,1849.445,1849.445,1849.445
1696772400000,1849.445,1849.445,1849.445,1849.445
1696772700000,1849.445,1849.445,1849.445,1849.445
1696773000000,1849.445,1849.445,1849.445,1849.445
1696773300000,1849.445,1849.445,1849.445,1849.445
1696773600000,1849.445,1849.445,1849.445,1849.445
1696773900000,1849.445,1849.445,1849.445,1849.445
1696774200000,1849.445,1849.445,1849.445,1849.445
1696774500000,1849.445,1849.445,1849.445,1849.445
1696774800000,1849.445,1849.445,1849.445,1849.445
1696775100000,1849.445,1849.445,1849.445,1849.445
1696775400000,1849.445,1849.445,1849.445,1849.445
1696775700000,1849.445,1849.445,1849.445,1849.445
1696776000000,1849.445,1849.445,1849.445,1849.445
1696776300000,1849.445,1849.445,1849.445,1849.445
1696776600000,1849.445,1849.445,1849.445,1849.445
1696776900000,1849.445,1849.445,1849.445,1849.445
1696777200000,1849.445,1849.445,1849.445,1849.445
1696777500000,1849.445,1849.445,1849.445,1849.445
1696777800000,1849.445,1849.445,1849.445,1849.445
1696778100000,1849.445,1849.445,1849.445,1849.445
1696778400000,1849.445,1849.445,1849.445,1849.445
1696778700000,1849.445,1849.445,1849.445,1849.445
1696779000000,1849.445,1849.445,1849.445,1849.445
1696779300000,1849.445,1849.445,1849.445,1849.445
1696779600000,1849.445,1849.445,1849.445,1849.445
1696779900000,1849.445,1849.445,1849.445,1849.445
1696780200000,1849.445,1849.445,1849.445,1849.445
1696780500000,1849.445,1849.445,1849.445,1849.445
1696780800000,1849.445,1849.445,1849.445,1849.445
1696781100000,1849.445,1849.445,1849.445,1849.445
1696781400000,1849.445,1849.445,1849.445,1849.445
1696781700000,1849.445,1849.445,1849.445,1849.445
1696782000000,1849.445,1849.445,1849.445,1849.445
1696782300000,1849.445,1849.445,1849.445,1849.445
1696782600000,1849.445,1849.445,1849.445,1849.445
1696782900000,1849.445,1849.445,1849.445,1849.445
1696783200000,1849.445,1849.445,1849.445,1849.445
1696783500000,1849.445,1849.445,1849.445,1849.445
1696783800000,1849.445,1849.445,1849.445,1849.445
1696784100000,1849.445,1849.445,1849.445,1849.445
1696784400000,1849.445,1849.445,1849.445,1849.445
1696784700000,1849.445,1849.445,1849.445,1849.445
1696785000000,1849.445,1849.445,1849.445,1849.445
1696785300000,1849.445,1849.445,1849.445,1849.445
1696785600000,1849.445,1849.445,1849.445,1849.445
1696785900000,1849.445,1849.445,1849.445,1849.445
1696786200000,1849.445,1849.445,1849.445,1849.445
1696786500000,1849.445,1849.445,1849.445,1849.445
1696786800000,1849.445,1849.445,1849.445,1849.445
1696787100000,1849.445,1849.445,1849.445,1849.445
1696787400000,1849.445,1849.445,1849.445,1849.445
1696787700000,1849.445,1849.445,1849.445,1849.445
1696788000000,1849.445,1849.445,1849.445,1849.445
1696788300000,1849.445,1849.445,1849.445,1849.445
1696788600000,1849.445,1849.445,1849.445,1849.445
1696788900000,1849.445,1849.445,1849.445,1849.445
1696789200000,1849.445,1849.445,1849.445,1849.445
1696789500000,1849.445,1849.445,1849.445,1849.445
1696789800000,1849.445,1849.445,1849.445,1849.445
1696790100000,1849.445,1849.445,1849.445,1849.445
1696790400000,1849.445,1849.445,1849.445,1849.445
1696790700000,1849.445,1849.445,1849.445,1849.445
1696791000000,1849.445,1849.445,1849.445,1849.445
1696791300000,1849.445,1849.445,1849.445,1849.445
1696791600000,1849.445,1849.445,1849.445,1849.445
1696791900000,1849.445,1849.445,1849.445,1849.445
1696792200000,1849.445,1849.445,1849.445,1849.445
1696792500000,1849.445,1849.445,1849.445,1849.445
1696792800000,1849.445,1849.445,1849.445,1849.445
1696793100000,1849.445,1849.445,1849.445,1849.445
1696793400000,1849.445,1849.445,1849.445,1849.445
1696793700000,1849.445,1849.445,1849.445,1849.445
1696794000000,1849.445,1849.445,1849.445,1849.445
1696794300000,1849.445,1849.445,1849.445,1849.445
1696794600000,1849.445,1849.445,1849.445,1849.445
1696794900000,1849.445,1849.445,1849.445,1849.445
1696795200000,1849.445,1849.445,1849.445,1849.445
1696795500000,1849.445,1849.445,1849.445,1849.445
1696795800000,1849.445,1849.445,1849.445,1849.445
1696796100000,1849.445,1849.445,1849.445,1849.445
1696796400000,1849.445,1849.445,1849.445,1849.445
1696796700000,1849.445,1849.445,1849.445,1849.445
1696797000000,1849.445,1849.445,1849.445,1849.445
1696797300000,1849.445,1849.445,1849.445,1849.445
1696797600000,1849.445,1849.445,1849.445,1849.445
1696797900000,1849.445,1849.445,1849.445,1849.445
1696798200000,1849.445,1849.445,1849.445,1849.445
1696798500000,1849.445,1849.445,1849.445,1849.445
1696798800000,1849.445,1849.445,1849.445,1849.445
1696799100000,1849.445,1849.445,1849.445,1849.445
1696799400000,1849.445,1849.445,1849.445,1849.445
1696799700000,1849.445,1849.445,1849.445,1849.445
1696800000000,1849.445,1849.445,1849.445,1849.445
1696800300000,1849.445,1849.445,1849.445,1849.445
1696800600000,1849.445,1849.445,1849.445,1849.445
1696800900000,1849.445,1849.445,1849.445,1849.445
1696801200000,1849.445,1849.445,1849.445,1849.445
1696801500000,1849.445,1849.445,1849.445,1849.445
1696801800000,1849.445,1849.445,1849.445,1849.445
1696802100000,1849.445,1849.445,1849.445,1849.445
1696802400000,1847.405,1855.435,1846.165,1853.205
1696802700000,1853.255,1854.634,1850.684,1853.724
1696803000000,1853.724,1854.285,1849.598,1851.145
1696803300000,1851.105,1851.194,1845.235,1845.925
1696803600000,1846.064,1847.755,1845.498,1847.294
1696803900000,1847.045,1849.484,1846.514,1848.774
1696804200000,1848.774,1848.774,1846.574,1847.994
1696804500000,1847.994,1849.258,1847.174,1847.578
1696804800000,1847.615,1848.224,1847.084,1847.484
1696805100000,1847.434,1849.284,1847.374,1847.874
1696805400000,1847.864,1849.535,1847.628,1849.535
1696805700000,1849.535,1850.378,1848.675,1849.658
1696806000000,1849.678,1849.688,1846.998,1847.214
1696806300000,1847.234,1848.894,1847.218,1847.624
1696806600000,1847.574,1848.605,1847.554,1848.075
1696806900000,1848.085,1849.705,1848.065,1849.625
1696807200000,1849.625,1849.625,1848.585,1848.585
1696807500000,1848.555,1848.714,1846.668,1846.758
1696807800000,1846.694,1847.385,1846.364,1847.385
1696808100000,1847.385,1847.715,1847.305,1847.435
1696808400000,1847.455,1848.215,1847.375,1848.215
1696808700000,1848.195,1848.845,1847.655,1848.055
1696809000000,1848.045,1848.695,1847.885,1848.515
1696809300000,1848.515,1848.515,1847.715,1847.865
1696809600000,1847.895,1848.825,1847.555,1848.468
1696809900000,1848.395,1848.665,1848.005,1848.295
1696810200000,1848.305,1848.735,1847.045,1847.295
1696810500000,1847.375,1847.495,1846.525,1847.175
1696810800000,1847.165,1847.865,1846.695,1847.665
1696811100000,1847.755,1848.035,1846.445,1846.708
1696811400000,1846.708,1847.085,1846.098,1846.508
1696811700000,1846.515,1847.715,1846.505,1847.635
1696812000000,1847.655,1848.454,1847.458,1848.418
1696812300000,1848.508,1849.354,1848.508,1849.165
1696812600000,1849.175,1850.325,1848.724,1850.315
1696812900000,1850.325,1852.405,1850.315,1852.305
1696813200000,1852.285,1852.715,1849.115,1849.475
1696813500000,1849.465,1849.765,1847.955,1848.545
1696813800000,1848.565,1848.645,1847.295,1847.805
1696814100000,1847.805,1849.365,1847.585,1849.025
1696814400000,1849.025,1850.285,1848.895,1850.025
1696814700000,1850.045,1850.185,1849.045,1849.185
1696815000000,1849.195,1849.195,1847.255,1848.205
1696815300000,1848.215,1848.835,1847.915,1848.095
1696815600000,1848.085,1849.155,1848.015,1848.785
1696815900000,1848.795,1849.165,1848.185,1848.945
1696816200000,1848.945,1850.135,1848.905,1849.935
1696816500000,1849.945,1850.375,1848.625,1848.798
1696816800000,1848.838,1849.875,1848.735,1849.605
1696817100000,1849.585,1850.485,1849.275,1850.385
1696817400000,1850.365,1851.995,1850.255,1851.418
1696817700000,1851.398,1852.618,1851.315,1851.635
1696818000000,1851.655,1852.098,1851.505,1851.635
1696818300000,1851.615,1851.665,1850.995,1851.345
1696818600000,1851.375,1852.265,1850.965,1851.345
1696818900000,1851.375,1851.375,1850.825,1851.015
1696819200000,1850.985,1851.695,1850.935,1851.445
1696819500000,1851.355,1851.365,1850.915,1851.255
1696819800000,1851.235,1851.235,1850.375,1850.445
1696820100000,1850.415,1851.025,1850.265,1850.395
1696820400000,1850.405,1850.505,1849.745,1850.205
1696820700000,1850.125,1850.255,1849.795,1849.835
1696821000000,1849.815,1850.005,1848.658,1849.585
1696821300000,1849.605,1850.025,1849.535,1849.635
1696821600000,1849.635,1849.735,1849.345,1849.735
1696821900000,1849.735,1849.905,1849.205,1849.825
1696822200000,1849.785,1849.875,1848.705,1848.955
1696822500000,1848.945,1850.185,1848.925,1850.025
1696822800000,1850.005,1850.635,1849.955,1850.425
1696823100000,1850.425,1850.945,1850.425,1850.778
1696823400000,1850.778,1851.235,1850.585,1851.235
1696823700000,1851.255,1851.455,1851.005,1851.005
1696824000000,1851.045,1851.845,1851.005,1851.665
1696824300000,1851.645,1851.645,1851.015,1851.385
1696824600000,1851.375,1852.295,1851.335,1852.145
1696824900000,1852.125,1852.695,1852.095,1852.485
1696825200000,1852.505,1853.165,1852.495,1852.775
1696825500000,1852.825,1853.085,1852.255,1852.255
1696825800000,1852.275,1852.345,1851.035,1851.465
1696826100000,1851.495,1851.775,1851.145,1851.435
1696826400000,1851.475,1851.525,1850.255,1850.795
1696826700000,1850.795,1850.795,1850.055,1850.385
1696827000000,1850.395,1850.625,1850.145,1850.305
1696827300000,1850.315,1850.605,1850.195,1850.405
1696827600000,1850.415,1851.265,1850.165,1850.995
1696827900000,1851.005,1851.785,1851.005,1851.425
1696828200000,1851.435,1851.455,1849.815,1849.985
1696828500000,1849.985,1850.285,1849.355,1849.615
1696828800000,1849.675,1850.085,1849.675,1849.905
1696829100000,1849.888,1850.105,1849.235,1849.485
1696829400000,1849.498,1849.518,1847.905,1848.065
1696829700000,1848.085,1850.425,1848.085,1850.375
1696830000000,1850.385,1851.775,1850.385,1851.635
1696830300000,1851.605,1852.245,1851.138,1851.658
1696830600000,1851.658,1851.748,1851.258,1851.258
1696830900000,1851.278,1852.215,1851.268,1851.725
1696831200000,1851.725,1852.035,1850.688,1851.565
1696831500000,1851.555,1852.355,1850.845,1852.315
1696831800000,1852.305,1852.995,1852.245,1852.898
1696832100000,1852.898,1853.948,1852.588,1853.938
1696832400000,1853.938,1854.278,1852.528,1852.665
1696832700000,1852.635,1852.665,1850.515,1850.995
1696833000000,1851.035,1851.035,1850.265,1850.605
1696833300000,1850.605,1851.115,1850.145,1851.105
1696833600000,1851.085,1851.555,1850.745,1851.475
1696833900000,1851.465,1851.795,1850.955,1851.075
1696834200000,1851.035,1851.115,1849.905,1850.585
1696834500000,1850.555,1850.645,1849.865,1849.925
1696834800000,1849.925,1850.318,1849.175,1849.375
1696835100000,1849.365,1849.675,1848.645,1848.665
1696835400000,1848.665,1849.295,1848.655,1849.225
1696835700000,1849.205,1849.665,1847.928,1848.585
1696836000000,1848.575,1850.045,1848.435,1849.895
1696836300000,1849.945,1850.425,1849.685,1849.855
1696836600000,1849.945,1850.565,1849.655,1850.565
1696836900000,1850.565,1852.565,1850.535,1852.505
1696837200000,1852.525,1852.525,1850.618,1850.955
1696837500000,1850.965,1851.615,1850.858,1851.265
1696837800000,1851.265,1851.465,1850.615,1851.375
1696838100000,1851.378,1851.485,1850.048,1850.318
1696838400000,1850.255,1850.555,1850.175,1850.288
1696838700000,1850.218,1850.288,1849.685,1849.915
1696839000000,1849.925,1850.235,1849.725,1849.735
1696839300000,1849.725,1849.725,1848.918,1849.405
1696839600000,1849.415,1849.895,1849.145,1849.215
1696839900000,1849.245,1849.915,1848.885,1849.335
1696840200000,1849.315,1849.718,1849.265,1849.365
1696840500000,1849.385,1849.545,1849.185,1849.205
1696840800000,1849.185,1849.685,1848.955,1849.485
1696841100000,1849.455,1849.695,1849.045,1849.555
1696841400000,1849.545,1850.745,1849.495,1850.295
1696841700000,1850.295,1850.915,1850.225,1850.395
1696842000000,1850.405,1850.515,1850.145,1850.355
1696842300000,1850.375,1850.555,1849.895,1850.035
1696842600000,1850.015,1850.965,1849.925,1850.955
1696842900000,1850.955,1852.215,1850.875,1851.975
1696843200000,1851.995,1852.015,1851.375,1851.585
1696843500000,1851.575,1851.755,1851.205,1851.455
1696843800000,1851.435,1852.255,1851.035,1851.705
1696844100000,1851.715,1851.875,1851.415,1851.415
1696844400000,1851.415,1851.585,1851.075,1851.205
1696844700000,1851.205,1851.305,1850.625,1850.735
1696845000000,1850.725,1850.955,1850.288,1850.705
1696845300000,1850.698,1851.195,1850.645,1851.105
1696845600000,1851.115,1851.935,1850.975,1851.775
1696845900000,1851.735,1851.765,1850.845,1851.238
1696846200000,1851.238,1851.238,1850.925,1851.025
1696846500000,1851.015,1851.425,1850.975,1851.115
1696846800000,1851.095,1851.105,1850.545,1851.015
1696847100000,1850.965,1850.965,1849.985,1850.285
1696847400000,1850.265,1850.385,1849.905,1849.955
1696847700000,1849.985,1850.395,1849.785,1849.825
1696848000000,1849.805,1850.225,1849.715,1849.985
1696848300000,1850.005,1850.675,1849.925,1850.585
1696848600000,1850.645,1851.075,1850.538,1850.665
1696848900000,1850.628,1850.658,1849.958,1849.978
1696849200000,1849.978,1850.145,1849.365,1849.515
1696849500000,1849.505,1850.005,1849.425,1849.625
1696849800000,1849.645,1850.125,1849.435,1849.735
1696850100000,1849.745,1849.935,1848.965,1849.385
1696850400000,1849.395,1849.945,1849.165,1849.855
1696850700000,1849.855,1849.855,1849.105,1849.555
1696851000000,1849.575,1849.835,1849.475,1849.735
1696851300000,1849.715,1850.035,1849.425,1850.035
1696851600000,1850.035,1850.045,1849.025,1849.105
1696851900000,1849.115,1849.995,1849.115,1849.735
1696852200000,1849.735,1850.335,1849.655,1849.805
1696852500000,1849.815,1849.935,1849.305,1849.935
1696852800000,1849.965,1849.965,1847.638,1847.698
1696853100000,1847.675,1849.065,1847.295,1848.955
1696853400000,1848.935,1849.155,1848.475,1849.035
1696853700000,1849.055,1849.855,1848.455,1848.475
1696854000000,1848.435,1849.325,1847.435,1848.715
1696854300000,1848.765,1849.225,1847.675,1847.785
1696854600000,1847.765,1848.625,1847.385,1847.845
1696854900000,1847.825,1848.565,1846.264,1846.715
1696855200000,1846.795,1847.475,1845.135,1845.585
1696855500000,1845.605,1847.085,1844.885,1847.025
1696855800000,1847.045,1848.235,1847.045,1847.195
1696856100000,1847.215,1848.175,1847.135,1847.875
1696856400000,1847.815,1849.278,1847.385,1848.395
1696856700000,1848.405,1848.825,1846.295,1847.115
1696857000000,1847.095,1847.195,1845.815,1846.188
1696857300000,1846.188,1846.265,1844.135,1844.455
1696857600000,1844.455,1845.755,1844.155,1844.505
1696857900000,1844.495,1845.705,1844.395,1845.395
1696858200000,1845.425,1846.235,1844.535,1844.635
1696858500000,1844.615,1846.045,1844.345,1845.758
1696858800000,1845.758,1847.745,1844.688,1847.745
1696859100000,1847.755,1847.838,1845.215,1846.095
1696859400000,1846.045,1847.228,1845.408,1846.928
1696859700000,1846.928,1846.945,1844.705,1845.164
1696860000000,1845.205,1846.245,1844.884,1845.835
1696860300000,1845.855,1847.058,1845.665,1846.678
1696860600000,1846.695,1847.765,1846.405,1847.625
1696860900000,1847.665,1848.405,1847.125,1848.405
1696861200000,1848.415,1850.395,1848.105,1850.385
1696861500000,1850.425,1850.845,1849.825,1850.465
1696861800000,1850.485,1851.455,1850.075,1851.245
1696862100000,1851.275,1852.225,1851.005,1852.045
1696862400000,1852.065,1852.375,1850.705,1851.365
1696862700000,1851.345,1851.628,1849.875,1850.005
1696863000000,1849.915,1850.525,1848.975,1850.355
1696863300000,1850.355,1852.125,1850.355,1852.035
1696863600000,1852.005,1852.235,1850.445,1851.355
1696863900000,1851.425,1852.725,1851.425,1852.315
1696864200000,1852.305,1852.635,1851.465,1852.245
1696864500000,1852.265,1853.015,1851.895,1852.775
1696864800000,1852.795,1852.905,1851.305,1851.515
1696865100000,1851.465,1852.525,1850.925,1852.515
1696865400000,1852.595,1852.965,1852.255,1852.685
1696865700000,1852.665,1853.025,1852.345,1852.865
1696866000000,1852.895,1852.925,1852.095,1852.765
1696866300000,1852.695,1853.135,1852.515,1852.535
1696866600000,1852.555,1852.725,1852.045,1852.045
1696866900000,1852.035,1852.235,1850.925,1851.495
1696867200000,1851.525,1851.705,1850.325,1850.325
1696867500000,1850.395,1850.665,1849.965,1849.965
1696867800000,1849.965,1850.055,1849.255,1849.305
1696868100000,1849.295,1849.295,1848.585,1849.015
1696868400000,1848.995,1849.895,1848.985,1849.755
1696868700000,1849.775,1850.345,1849.435,1849.435
1696869000000,1849.445,1849.735,1849.355,1849.355
1696869300000,1849.335,1850.035,1848.775,1850.035
1696869600000,1850.045,1850.205,1849.545,1849.935
1696869900000,1849.945,1850.075,1849.475,1849.985
1696870200000,1849.965,1850.245,1849.745,1849.835
1696870500000,1849.825,1850.355,1849.505,1849.965
1696870800000,1849.965,1850.305,1849.865,1850.065
1696871100000,1850.075,1850.445,1850.075,1850.315
1696871400000,1850.295,1850.715,1849.985,1850.645
1696871700000,1850.645,1850.855,1850.615,1850.795
1696872000000,1850.785,1851.585,1850.635,1851.545
1696872300000,1851.565,1851.675,1850.378,1850.525
1696872600000,1850.565,1852.735,1850.525,1852.685
1696872900000,1852.675,1854.015,1852.355,1853.785
1696873200000,1853.895,1855.375,1853.895,1854.778
1696873500000,1854.795,1855.308,1853.958,1854.328
1696873800000,1854.328,1854.708,1853.868,1853.898
1696874100000,1853.898,1854.835,1853.898,1854.405
1696874400000,1854.415,1855.205,1854.375,1855.095
1696874700000,1855.115,1855.315,1854.385,1854.408
1696875000000,1854.408,1854.965,1854.358,1854.925
1696875300000,1854.925,1855.165,1854.558,1854.905
1696875600000,1854.905,1855.305,1854.815,1855.305
1696875900000,1855.295,1855.305,1854.818,1855.275
1696876200000,1855.295,1855.355,1855.075,1855.285
1696876500000,1855.295,1855.315,1854.808,1855.305
1696876800000,1855.295,1855.395,1855.105,1855.105
1696877100000,1855.105,1855.115,1854.515,1854.955
1696877400000,1854.945,1855.445,1854.855,1855.435
1696877700000,1855.435,1857.575,1855.435,1856.975
1696878000000,1856.995,1859.015,1856.915,1858.795
1696878300000,1858.805,1859.028,1858.128,1858.128
1696878600000,1858.148,1860.285,1858.138,1860.195
1696878900000,1860.125,1861.565,1860.005,1861.415
1696879200000,1861.425,1862.078,1861.008,1861.498
1696879500000,1861.488,1862.225,1861.488,1862.215
1696879800000,1862.235,1863.355,1862.145,1862.378
1696880100000,1862.368,1862.905,1861.848,1862.818
1696880400000,1862.828,1863.395,1862.028,1863.135
1696880700000,1863.155,1863.395,1862.168,1862.778
1696881000000,1862.778,1862.778,1862.295,1862.498
1696881300000,1862.498,1863.315,1862.398,1863.148
1696881600000,1863.148,1863.148,1862.278,1862.428
1696881900000,1862.428,1862.675,1862.175,1862.215
1696882200000,1862.225,1862.765,1862.225,1862.525
1696882500000,1862.555,1862.678,1862.368,1862.448
1696882800000,1862.418,1862.438,1861.475,1861.595
1696883100000,1861.605,1861.795,1861.078,1861.405
1696883400000,1861.338,1861.588,1861.158,1861.255
1696883700000,1861.255,1861.735,1861.255,1861.525
1696884000000,1861.585,1861.585,1861.055,1861.175
1696884300000,1861.335,1861.825,1860.848,1860.848
1696884600000,1860.898,1861.245,1860.868,1861.245
1696884900000,1861.215,1861.635,1860.815,1860.878
1696885200000,1860.878,1860.878,1860.878,1860.878
1696885500000,1860.878,1860.878,1860.878,1860.878
1696885800000,1860.878,1860.878,1860.878,1860.878
1696886100000,1860.878,1860.878,1860.878,1860.878
1696886400000,1860.878,1860.878,1860.878,1860.878
1696886700000,1860.878,1860.878,1860.878,1860.878
1696887000000,1860.878,1860.878,1860.878,1860.878
1696887300000,1860.878,1860.878,1860.878,1860.878
1696887600000,1860.878,1860.878,1860.878,1860.878
1696887900000,1860.878,1860.878,1860.878,1860.878
1696888200000,1860.878,1860.878,1860.878,1860.878
1696888500000,1860.878,1860.878,1860.878,1860.878
1696888800000,1861.104,1861.325,1860.665,1861.008
1696889100000,1861.015,1861.035,1860.535,1860.945
1696889400000,1860.945,1860.945,1860.515,1860.615
1696889700000,1860.635,1861.065,1860.605,1860.995
1696890000000,1860.985,1861.145,1860.865,1861.035
1696890300000,1861.035,1861.435,1861.035,1861.435
1696890600000,1861.375,1861.455,1861.025,1861.035
1696890900000,1861.025,1861.405,1860.945,1861.365
1696891200000,1861.345,1861.525,1861.335,1861.465
1696891500000,1861.475,1861.665,1861.465,1861.545
1696891800000,1861.565,1861.755,1861.335,1861.345
1696892100000,1861.355,1861.445,1861.265,1861.315
1696892400000,1861.235,1861.235,1860.195,1860.518
1696892700000,1860.528,1860.975,1860.458,1860.905
1696893000000,1861.045,1861.385,1860.975,1861.355
1696893300000,1861.315,1861.355,1861.055,1861.055
1696893600000,1861.065,1861.315,1861.055,1861.125
1696893900000,1861.115,1861.275,1861.085,1861.095
1696894200000,1861.145,1861.625,1861.145,1861.465
1696894500000,1861.455,1861.905,1861.425,1861.835
1696894800000,1861.825,1862.115,1861.745,1861.885
1696895100000,1861.865,1862.235,1861.468,1861.468
1696895400000,1861.455,1862.625,1861.438,1862.485
1696895700000,1862.475,1862.635,1862.135,1862.418
1696896000000,1862.405,1864.345,1862.405,1864.205
1696896300000,1864.195,1865.315,1864.155,1864.745
1696896600000,1864.765,1864.775,1862.135,1863.005
1696896900000,1863.015,1863.825,1862.105,1863.195
1696897200000,1863.135,1863.485,1861.505,1861.845
1696897500000,1861.835,1862.655,1861.725,1862.455
1696897800000,1862.445,1862.755,1861.295,1861.565
1696898100000,1861.565,1862.775,1861.455,1862.655
1696898400000,1862.665,1863.625,1862.478,1862.878
1696898700000,1862.878,1863.565,1862.698,1863.495
1696899000000,1863.458,1864.428,1863.258,1864.378
1696899300000,1864.345,1864.555,1863.335,1863.958
1696899600000,1863.958,1864.608,1863.335,1864.005
1696899900000,1863.985,1863.985,1863.085,1863.245
1696900200000,1863.245,1864.245,1862.938,1864.105
1696900500000,1864.125,1865.105,1863.805,1864.085
1696900800000,1864.095,1864.895,1864.005,1864.885
1696901100000,1864.895,1865.045,1864.235,1864.705
1696901400000,1864.645,1865.065,1864.015,1864.305
1696901700000,1864.315,1864.545,1863.655,1864.385
1696902000000,1864.365,1864.745,1863.905,1864.275
1696902300000,1864.245,1864.435,1863.878,1863.878
1696902600000,1863.898,1864.138,1863.225,1863.285
1696902900000,1863.295,1863.775,1862.975,1863.685
1696903200000,1863.665,1864.225,1863.575,1864.205
1696903500000,1864.215,1864.215,1863.765,1863.915
1696903800000,1863.885,1864.195,1863.725,1864.155
1696904100000,1864.135,1864.235,1863.775,1864.235
1696904400000,1864.245,1864.485,1863.985,1864.105
1696904700000,1864.105,1864.555,1864.105,1864.235
1696905000000,1864.225,1864.475,1863.585,1863.655
1696905300000,1863.675,1864.335,1863.455,1864.245
1696905600000,1864.255,1864.335,1863.528,1863.798
1696905900000,1863.805,1863.838,1862.528,1862.805
1696906200000,1862.758,1863.105,1862.225,1862.515
1696906500000,1862.545,1863.085,1862.395,1862.885
1696906800000,1862.885,1863.055,1862.475,1863.025
1696907100000,1863.035,1863.565,1863.035,1863.235
1696907400000,1863.245,1863.635,1863.185,1863.355
1696907700000,1863.335,1863.465,1862.325,1862.615
1696908000000,1862.555,1863.005,1862.425,1862.765
1696908300000,1862.765,1863.435,1862.555,1863.355
1696908600000,1863.295,1863.345,1862.565,1862.805
1696908900000,1862.785,1863.045,1862.735,1862.775
1696909200000,1862.805,1863.395,1862.635,1863.355
1696909500000,1863.335,1863.475,1862.805,1862.815
1696909800000,1862.805,1863.005,1862.495,1862.705
1696910100000,1862.705,1862.805,1862.325,1862.385
1696910400000,1862.385,1862.425,1861.745,1861.805
1696910700000,1861.795,1862.135,1861.585,1862.075
1696911000000,1862.075,1862.185,1861.955,1862.075
1696911300000,1862.065,1862.098,1861.578,1861.578
1696911600000,1861.578,1861.935,1861.578,1861.815
1696911900000,1861.795,1861.865,1861.255,1861.345
1696912200000,1861.345,1862.015,1861.265,1862.015
1696912500000,1862.025,1862.125,1861.538,1861.615
1696912800000,1861.625,1861.935,1861.485,1861.525
1696913100000,1861.515,1861.515,1860.715,1860.888
1696913400000,1860.888,1861.335,1860.698,1861.175
1696913700000,1861.165,1861.175,1860.745,1860.755
1696914000000,1860.775,1860.785,1859.678,1860.275
1696914300000,1860.265,1860.915,1860.265,1860.815
1696914600000,1860.805,1860.865,1860.495,1860.755
1696914900000,1860.698,1861.045,1860.498,1860.978
1696915200000,1860.958,1861.478,1860.958,1861.318
1696915500000,1861.318,1861.458,1860.958,1861.098
1696915800000,1861.098,1862.085,1860.995,1861.885
1696916100000,1861.875,1861.875,1861.135,1861.178
1696916400000,1861.198,1861.505,1860.588,1861.405
1696916700000,1861.425,1861.635,1860.755,1861.045
1696917000000,1861.055,1861.285,1860.595,1860.645
1696917300000,1860.765,1861.245,1860.665,1860.705
1696917600000,1860.715,1861.885,1860.665,1861.505
1696917900000,1861.515,1861.935,1859.425,1859.575
1696918200000,1859.585,1859.625,1858.045,1858.865
1696918500000,1858.875,1859.255,1857.238,1857.238
1696918800000,1857.244,1858.675,1857.168,1858.355
1696919100000,1858.415,1859.165,1857.525,1857.915
1696919400000,1857.935,1858.025,1856.855,1857.725
1696919700000,1857.755,1858.155,1857.365,1857.385
1696920000000,1857.365,1857.375,1855.395,1855.535
1696920300000,1855.515,1856.495,1855.075,1856.185
1696920600000,1856.205,1856.845,1855.915,1856.715
1696920900000,1856.735,1857.275,1856.405,1856.455
1696921200000,1856.435,1857.515,1856.285,1857.055
1696921500000,1857.045,1857.525,1856.195,1857.305
1696921800000,1857.305,1857.735,1856.835,1857.075
1696922100000,1857.245,1857.365,1855.135,1856.275
1696922400000,1856.295,1857.445,1856.145,1857.105
1696922700000,1857.125,1857.215,1856.025,1856.815
1696923000000,1856.835,1857.115,1856.208,1856.835
1696923300000,1856.825,1857.125,1856.425,1856.875
1696923600000,1856.885,1857.835,1856.885,1857.575
1696923900000,1857.565,1857.605,1856.445,1856.535
1696924200000,1856.545,1856.575,1855.258,1856.305
1696924500000,1856.325,1857.385,1856.315,1857.275
1696924800000,1857.285,1858.015,1857.075,1857.465
1696925100000,1857.495,1858.005,1856.078,1856.235
1696925400000,1856.155,1858.198,1855.295,1856.895
1696925700000,1856.855,1857.485,1855.895,1856
1696926000000,1856,1857.495,1855.795,1857.295
1696926300000,1857.285,1858.095,1857.215,1857.735
1696926600000,1857.694,1858.655,1857.684,1858.465
1696926900000,1858.478,1859.095,1858.055,1858.795
1696927200000,1858.805,1858.905,1857.625,1858.145
1696927500000,1858.145,1859.385,1857.985,1859.155
1696927800000,1859.165,1859.725,1858.735,1859.125
1696928100000,1859.065,1859.215,1858.215,1858.415
1696928400000,1858.405,1858.425,1857.675,1858.305
1696928700000,1858.325,1858.735,1858.065,1858.575
1696929000000,1858.565,1858.695,1857.625,1857.695
1696929300000,1857.645,1858.235,1857.595,1858.195
1696929600000,1858.215,1858.525,1857.905,1858.295
1696929900000,1858.285,1859.485,1858.175,1859.345
1696930200000,1859.305,1859.345,1858.555,1859.055
1696930500000,1859.055,1859.055,1857.805,1858.125
1696930800000,1858.105,1858.455,1857.905,1858.055
1696931100000,1858.065,1858.175,1857.445,1858.078
1696931400000,1858.028,1859.005,1858.018,1858.158
1696931700000,1858.178,1858.265,1857.658,1858.245
1696932000000,1858.225,1858.325,1857.695,1857.695
1696932300000,1857.705,1858.045,1857.625,1858.035
1696932600000,1858.045,1858.115,1857.275,1857.275
1696932900000,1857.285,1857.285,1856.618,1856.688
1696933200000,1856.655,1856.978,1856.578,1856.798
1696933500000,1856.778,1857.218,1856.645,1856.765
1696933800000,1856.785,1857.225,1856.505,1857.015
1696934100000,1857.025,1857.115,1856.475,1856.695
1696934400000,1856.715,1857.755,1856.715,1857.635
1696934700000,1857.625,1857.995,1857.475,1857.665
1696935000000,1857.645,1857.855,1856.975,1856.975
1696935300000,1857.015,1857.375,1856.265,1856.595
1696935600000,1856.585,1856.635,1856,1856
1696935900000,1856,1856.125,1855.115,1855.585
1696936200000,1855.575,1855.855,1854.985,1855.855
1696936500000,1855.885,1856.575,1855.885,1856.095
1696936800000,1856.105,1856.205,1854.815,1855.285
1696937100000,1855.285,1855.795,1854.765,1855.705
1696937400000,1855.695,1855.965,1855.405,1855.675
1696937700000,1855.705,1856.715,1855.475,1856.585
1696938000000,1856.635,1856.685,1855.638,1855.888
1696938300000,1855.898,1856.215,1855.395,1856.205
1696938600000,1856.205,1856.615,1856.045,1856.385
1696938900000,1856.255,1857.325,1856.118,1857.075
1696939200000,1857.105,1857.425,1856.448,1857.305
1696939500000,1857.345,1857.595,1856.785,1856.905
1696939800000,1856.945,1857.045,1856.435,1856.675
1696940100000,1856.655,1856.785,1855.445,1856.225
1696940400000,1856.305,1856.915,1853.555,1854.415
1696940700000,1854.415,1855.635,1854.125,1854.895
1696941000000,1854.905,1855.995,1853.795,1853.895
1696941300000,1853.915,1855.878,1852.888,1855.758
1696941600000,1855.758,1856.145,1854.625,1855.138
1696941900000,1855.125,1855.995,1854.418,1855.975
1696942200000,1855.975,1856.355,1855.325,1855.995
1696942500000,1856.015,1856.255,1854.225,1854.425
1696942800000,1854.435,1855.135,1853.675,1853.995
1696943100000,1853.995,1854.595,1852.965,1853.598
1696943400000,1853.595,1856.185,1853.295,1856.175
1696943700000,1856.195,1856.875,1855.495,1856.315
1696944000000,1856.295,1856.435,1854.495,1854.755
1696944300000,1854.735,1855.485,1854.735,1855.325
1696944600000,1855.345,1857.045,1855.295,1855.805
1696944900000,1855.758,1855.785,1853.685,1854.745
1696945200000,1854.745,1855.385,1854.075,1854.755
1696945500000,1854.695,1855.885,1854.685,1855.635
1696945800000,1855.665,1856.335,1854.685,1855.105
1696946100000,1855.065,1857.455,1855.065,1857.385
1696946400000,1857.345,1857.734,1856.398,1856.805
1696946700000,1856.808,1858.085,1856.385,1857.465
1696947000000,1857.475,1858.365,1856.735,1858.335
1696947300000,1858.325,1858.658,1857.185,1857.355
1696947600000,1857.318,1857.895,1855.865,1857.525
1696947900000,1857.535,1858.105,1857.035,1857.385
1696948200000,1857.405,1858.015,1856.595,1857.515
1696948500000,1857.405,1857.545,1855.118,1855.118
1696948800000,1855.118,1855.695,1854.455,1854.635
1696949100000,1854.635,1854.895,1853.615,1853.705
1696949400000,1853.755,1855.455,1853.235,1855.035
1696949700000,1855.015,1856.728,1854.405,1856.358
1696950000000,1856.428,1857.515,1856.045,1857.315
1696950300000,1857.365,1858.118,1857.285,1857.595
1696950600000,1857.615,1858.215,1857.015,1858.095
1696950900000,1858.105,1858.955,1857.775,1858.208
1696951200000,1858.154,1858.258,1855.885,1857.125
1696951500000,1857.155,1858.325,1856.975,1858.135
1696951800000,1858.135,1859.945,1857.755,1859.705
1696952100000,1859.745,1860.525,1859.275,1860.355
1696952400000,1860.345,1860.425,1859.238,1859.298
1696952700000,1859.298,1859.715,1858.805,1859.715
1696953000000,1859.725,1861.145,1859.225,1861.115
1696953300000,1861.085,1862.205,1860.755,1861.205
1696953600000,1861.215,1861.815,1860.585,1861.195
1696953900000,1861.215,1861.615,1860.635,1860.975
1696954200000,1861.005,1861.105,1859.635,1859.685
1696954500000,1859.688,1859.765,1858.445,1859.305
1696954800000,1859.285,1859.615,1858.285,1858.955
1696955100000,1858.955,1860.145,1858.705,1859.985
1696955400000,1860.025,1861.298,1859.895,1861.258
1696955700000,1861.238,1861.278,1860.358,1860.898
1696956000000,1860.855,1861.608,1860.698,1861.208
1696956300000,1861.208,1862.358,1861.208,1861.958
1696956600000,1861.914,1862.198,1861.625,1861.845
1696956900000,1861.815,1862.135,1861.158,1861.798
1696957200000,1861.798,1862.085,1860.984,1861.445
1696957500000,1861.545,1862.428,1861.245,1862.158
1696957800000,1862.155,1862.665,1861.555,1861.635
1696958100000,1861.618,1862.135,1861.155,1861.258
1696958400000,1861.245,1861.425,1860.458,1860.568
1696958700000,1860.568,1861.858,1860.308,1861.735
1696959000000,1861.704,1861.845,1859.635,1859.678
1696959300000,1859.678,1859.958,1858.938,1859.098
1696959600000,1859.098,1859.775,1858.465,1858.485
1696959900000,1858.505,1859.825,1858.255,1859.588
1696960200000,1859.588,1859.978,1858.665,1859.088
1696960500000,1859.065,1859.075,1858.145,1858.385
1696960800000,1858.375,1859.205,1858.015,1859.175
1696961100000,1859.165,1859.165,1858.405,1858.695
1696961400000,1858.685,1858.965,1858.495,1858.595
1696961700000,1858.605,1859.395,1858.605,1859.395
1696962000000,1859.435,1859.565,1858.695,1858.995
1696962300000,1858.975,1860.085,1858.965,1859.985
1696962600000,1859.995,1860.075,1859.485,1859.838
1696962900000,1859.838,1859.918,1859.428,1859.878
1696963200000,1859.898,1859.898,1859.498,1859.825
1696963500000,1859.798,1860.058,1859.788,1859.838
1696963800000,1859.838,1859.838,1859.175,1859.175
1696964100000,1859.195,1859.505,1858.795,1859.285
1696964400000,1859.325,1859.685,1859.255,1859.425
1696964700000,1859.405,1859.405,1858.915,1859.125
1696965000000,1859.125,1859.415,1858.965,1858.965
1696965300000,1858.925,1859.535,1858.895,1858.935
1696965600000,1858.935,1859.335,1858.325,1859.315
1696965900000,1859.295,1859.915,1859.275,1859.535
1696966200000,1859.535,1859.975,1859.385,1859.475
1696966500000,1859.478,1860.055,1859.475,1859.665
1696966800000,1859.675,1859.995,1859.515,1859.805
1696967100000,1859.815,1860.295,1859.805,1859.868
1696967400000,1859.825,1860.205,1859.825,1860.038
1696967700000,1860.035,1860.255,1859.965,1860.055
1696968000000,1860.035,1860.125,1859.785,1859.935
1696968300000,1859.925,1860.385,1859.915,1860.125
1696968600000,1860.155,1860.755,1860.155,1860.645
1696968900000,1860.665,1860.685,1860.435,1860.525
1696969200000,1860.535,1860.615,1860.218,1860.315
1696969500000,1860.305,1860.515,1860.305,1860.335
1696969800000,1860.235,1860.395,1860.138,1860.178
1696970100000,1860.148,1860.228,1859.908,1859.938
1696970400000,1859.928,1859.938,1859.718,1859.758
1696970700000,1859.778,1859.888,1859.508,1859.748
1696971000000,1859.728,1859.905,1859.668,1859.898
1696971300000,1859.898,1860.395,1859.895,1860.048
1696971600000,1860.048,1860.048,1860.048,1860.048
1696971900000,1860.048,1860.048,1860.048,1860.048
1696972200000,1860.048,1860.048,1860.048,1860.048
1696972500000,1860.048,1860.048,1860.048,1860.048
1696972800000,1860.048,1860.048,1860.048,1860.048
1696973100000,1860.048,1860.048,1860.048,1860.048
1696973400000,1860.048,1860.048,1860.048,1860.048
1696973700000,1860.048,1860.048,1860.048,1860.048
1696974000000,1860.048,1860.048,1860.048,1860.048
1696974300000,1860.048,1860.048,1860.048,1860.048
1696974600000,1860.048,1860.048,1860.048,1860.048
1696974900000,1860.048,1860.048,1860.048,1860.048
1696975200000,1859.498,1860.195,1859.498,1860.155
1696975500000,1860.215,1860.315,1860.085,1860.295
1696975800000,1860.305,1860.415,1860.205,1860.315
1696976100000,1860.305,1860.395,1860.095,1860.095
1696976400000,1860.095,1860.235,1860.095,1860.125
1696976700000,1860.105,1860.205,1859.935,1859.955
1696977000000,1859.955,1859.955,1859.555,1859.565
1696977300000,1859.555,1859.845,1859.505,1859.685
1696977600000,1859.608,1859.608,1859.185,1859.305
1696977900000,1859.305,1859.508,1859.225,1859.455
1696978200000,1859.445,1859.535,1859.435,1859.515
1696978500000,1859.505,1859.648,1859.505,1859.625
1696978800000,1859.615,1859.898,1859.605,1859.898
1696979100000,1859.898,1860.198,1859.875,1860.198
1696979400000,1860.198,1860.378,1859.948,1860.258
1696979700000,1860.258,1860.495,1860.085,1860.195
1696980000000,1860.215,1860.635,1860.205,1860.305
1696980300000,1860.295,1860.295,1859.798,1860.128
1696980600000,1860.145,1860.165,1859.928,1859.928
1696980900000,1859.928,1860.385,1859.928,1860.155
1696981200000,1860.145,1860.145,1859.855,1859.908
1696981500000,1859.908,1860.108,1859.828,1859.925
1696981800000,1859.945,1860.025,1859.905,1860.025
1696982100000,1860.005,1860.005,1859.458,1859.495
1696982400000,1859.498,1860.145,1859.358,1860.085
1696982700000,1860.115,1861.055,1860.115,1860.915
1696983000000,1860.895,1861.175,1860.875,1860.975
1696983300000,1860.995,1861.115,1860.505,1860.675
1696983600000,1860.695,1861.295,1860.695,1861.145
1696983900000,1861.135,1861.215,1860.565,1860.665
1696984200000,1860.715,1861.645,1860.635,1861.075
1696984500000,1861.065,1861.785,1860.975,1861.725
1696984800000,1861.705,1862.025,1861.215,1861.215
1696985100000,1861.215,1861.595,1861.125,1861.395
1696985400000,1861.395,1861.585,1861.065,1861.165
1696985700000,1861.195,1861.275,1860.745,1860.815
1696986000000,1860.815,1861.565,1860.658,1861.025
1696986300000,1860.995,1861.085,1860.305,1860.415
1696986600000,1860.425,1861.745,1860.295,1861.425
1696986900000,1861.445,1861.685,1860.795,1861.015
1696987200000,1861.125,1861.125,1860.235,1860.435
1696987500000,1860.455,1860.895,1860.435,1860.665
1696987800000,1860.625,1860.905,1860.285,1860.785
1696988100000,1860.785,1861.195,1860.715,1860.845
1696988400000,1860.875,1861.395,1860.658,1861.055
1696988700000,1861.115,1861.585,1861.025,1861.365
1696989000000,1861.405,1861.775,1861.305,1861.465
1696989300000,1861.475,1861.695,1861.275,1861.575
1696989600000,1861.565,1861.565,1860.495,1860.555
1696989900000,1860.535,1860.955,1860.175,1860.195
1696990200000,1860.165,1860.225,1859.675,1859.775
1696990500000,1859.775,1860.545,1859.645,1860.415
1696990800000,1860.415,1861.025,1860.355,1860.995
1696991100000,1860.985,1861.345,1860.315,1860.395
1696991400000,1860.415,1860.675,1860.355,1860.675
1696991700000,1860.655,1861.485,1860.645,1861.255
1696992000000,1861.275,1861.325,1861.035,1861.255
1696992300000,1861.275,1861.715,1861.195,1861.715
1696992600000,1861.725,1861.955,1861.725,1861.885
1696992900000,1861.905,1861.935,1861.365,1861.375
1696993200000,1861.355,1861.405,1861.005,1861.215
1696993500000,1861.225,1861.295,1860.505,1860.725
1696993800000,1860.715,1860.855,1860.485,1860.625
1696994100000,1860.615,1860.735,1860.145,1860.655
1696994400000,1860.655,1860.955,1860.625,1860.675
1696994700000,1860.685,1860.815,1860.445,1860.545
1696995000000,1860.535,1860.545,1860.345,1860.465
1696995300000,1860.515,1860.715,1860.325,1860.485
1696995600000,1860.495,1860.805,1860.255,1860.255
1696995900000,1860.235,1860.245,1859.715,1859.725
1696996200000,1859.745,1859.975,1859.695,1859.785
1696996500000,1859.805,1860.045,1859.785,1860.005
1696996800000,1860.005,1860.015,1859.795,1859.855
1696997100000,1859.845,1860.305,1859.845,1860.035
1696997400000,1860.035,1860.225,1860.015,1860.115
1696997700000,1860.115,1860.415,1860.115,1860.375
1696998000000,1860.375,1860.575,1860.225,1860.225
1696998300000,1860.215,1860.215,1859.625,1859.625
1696998600000,1859.615,1859.945,1859.335,1859.725
1696998900000,1859.705,1859.945,1859.695,1859.895
1696999200000,1859.895,1860.115,1859.735,1859.885
1696999500000,1859.875,1860.035,1859.675,1859.975
1696999800000,1859.945,1859.975,1859.598,1859.625
1697000100000,1859.665,1859.695,1859.438,1859.625
1697000400000,1859.605,1859.935,1859.545,1859.915
1697000700000,1859.935,1859.955,1859.585,1859.765
1697001000000,1859.745,1860.145,1859.745,1860.135
1697001300000,1860.135,1860.375,1859.628,1859.685
1697001600000,1859.665,1859.665,1859.185,1859.295
1697001900000,1859.285,1859.698,1859.275,1859.578
1697002200000,1859.618,1860.438,1859.578,1860.145
1697002500000,1860.155,1860.515,1859.238,1859.238
1697002800000,1859.205,1859.325,1858.645,1858.735
1697003100000,1858.745,1859.405,1858.735,1859.115
1697003400000,1859.055,1859.195,1858.535,1859.195
1697003700000,1859.175,1859.435,1859.135,1859.365
1697004000000,1859.365,1859.865,1858.725,1859.435
1697004300000,1859.435,1859.765,1859.275,1859.715
1697004600000,1859.725,1860.535,1859.725,1860.295
1697004900000,1860.285,1860.535,1860.008,1860.048
1697005200000,1860.034,1860.538,1859.968,1860.208
1697005500000,1860.208,1860.558,1859.818,1860.128
1697005800000,1860.114,1860.295,1859.455,1859.635
1697006100000,1859.665,1861.285,1859.665,1861.225
1697006400000,1861.315,1863.385,1861.258,1862.958
1697006700000,1862.958,1863.305,1862.435,1863.115
1697007000000,1863.145,1863.665,1863.045,1863.435
1697007300000,1863.435,1863.545,1862.358,1862.485
1697007600000,1862.495,1865.225,1862.345,1863.268
1697007900000,1863.265,1863.778,1862.758,1862.798
1697008200000,1862.788,1863.475,1862.758,1863.455
1697008500000,1863.395,1863.555,1862.395,1862.645
1697008800000,1862.605,1863.915,1862.575,1863.915
1697009100000,1863.895,1864.015,1862.695,1863.625
1697009400000,1863.595,1864.315,1863.445,1864.265
1697009700000,1864.315,1864.915,1863.458,1864.735
1697010000000,1864.745,1867.605,1864.705,1866.805
1697010300000,1866.815,1867.865,1865.575,1867.765
1697010600000,1867.785,1867.935,1866.615,1867.625
1697010900000,1867.565,1868.105,1867.295,1867.875
1697011200000,1867.865,1867.865,1866.815,1867.088
1697011500000,1867.118,1868.475,1867.074,1867.258
1697011800000,1867.315,1867.745,1867.025,1867.355
1697012100000,1867.365,1869.165,1867.278,1869.165
1697012400000,1869.175,1869.355,1868.424,1868.665
1697012700000,1868.675,1869.035,1867.905,1869.005
1697013000000,1868.975,1869.005,1867.885,1868.025
1697013300000,1868.045,1868.515,1867.935,1868.315
1697013600000,1868.295,1869.105,1868.045,1869.005
1697013900000,1868.975,1869.715,1868.735,1869.035
1697014200000,1869.005,1869.595,1868.955,1869.515
1697014500000,1869.515,1869.735,1869.115,1869.465
1697014800000,1869.495,1870.375,1869.455,1869.835
1697015100000,1869.815,1870.925,1869.715,1870.515
1697015400000,1870.535,1870.995,1870.085,1870.125
1697015700000,1870.145,1870.285,1869.858,1870.055
1697016000000,1870.035,1870.065,1869.188,1869.925
1697016300000,1869.935,1870.455,1869.115,1869.115
1697016600000,1869.175,1870.045,1868.915,1869.675
1697016900000,1869.665,1870.185,1869.595,1870.175
1697017200000,1870.175,1870.755,1870.175,1870.605
1697017500000,1870.595,1870.665,1869.738,1869.864
1697017800000,1869.918,1870.635,1869.378,1870.595
1697018100000,1870.585,1870.895,1870.005,1870.385
1697018400000,1870.405,1870.685,1870.118,1870.625
1697018700000,1870.585,1870.585,1870.015,1870.485
1697019000000,1870.475,1870.655,1869.805,1869.885
1697019300000,1869.905,1870.935,1869.905,1870.935
1697019600000,1870.945,1872.958,1870.945,1872.958
1697019900000,1872.958,1873.254,1872.384,1873.114
1697020200000,1873.104,1873.458,1872.688,1872.778
1697020500000,1872.778,1873.305,1872.388,1873.285
1697020800000,1873.305,1874.675,1873.305,1874.298
1697021100000,1874.278,1874.378,1873.688,1873.788
1697021400000,1873.788,1873.878,1873.148,1873.855
1697021700000,1873.865,1873.975,1873.605,1873.845
1697022000000,1873.855,1874.255,1873.355,1873.355
1697022300000,1873.345,1874.515,1873.345,1874.315
1697022600000,1874.305,1874.325,1873.435,1873.465
1697022900000,1873.455,1873.795,1872.845,1872.905
1697023200000,1872.855,1873.015,1872.278,1872.595
1697023500000,1872.605,1872.665,1871.995,1872.235
1697023800000,1872.245,1873.185,1871.995,1873.025
1697024100000,1873.015,1873.015,1871.685,1871.915
1697024400000,1871.925,1871.925,1870.708,1871.665
1697024700000,1871.665,1871.755,1870.945,1871.405
1697025000000,1871.415,1871.755,1870.975,1871.655
1697025300000,1871.635,1871.685,1870.885,1870.895
1697025600000,1870.955,1872.525,1870.855,1871.565
1697025900000,1871.545,1872.825,1871.385,1872.525
1697026200000,1872.525,1872.935,1871.385,1871.855
1697026500000,1871.865,1872.115,1870.975,1871.175
1697026800000,1871.035,1872.345,1870.165,1870.835
1697027100000,1870.845,1871.495,1870.325,1870.674
1697027400000,1870.545,1870.634,1867.118,1870.465
1697027700000,1870.525,1871.715,1869.505,1870.315
1697028000000,1870.295,1871.955,1869.735,1871.665
1697028300000,1871.628,1872.878,1871.178,1872.238
1697028600000,1872.238,1872.575,1871.445,1871.715
1697028900000,1871.695,1872.925,1871.335,1872.795
1697029200000,1872.785,1873.315,1871.905,1873.275
1697029500000,1873.275,1874.945,1872.898,1873.118
1697029800000,1873.118,1874.065,1871.575,1871.615
1697030100000,1871.585,1873.245,1871.285,1873.045
1697030400000,1873.025,1873.055,1871.475,1871.945
1697030700000,1872.045,1872.915,1871.385,1871.495
1697031000000,1871.525,1872.325,1869.265,1869.565
1697031300000,1869.545,1870.705,1868.545,1869.675
1697031600000,1869.685,1870.625,1868.355,1868.475
1697031900000,1868.495,1870.755,1868.045,1870.345
1697032200000,1870.355,1870.985,1868.975,1870.605
1697032500000,1870.625,1872.198,1870.535,1872.035
1697032800000,1872.018,1872.315,1870.295,1870.615
1697033100000,1870.635,1871.825,1870.315,1871.185
1697033400000,1871.215,1871.305,1869.465,1869.715
1697033700000,1869.715,1870.145,1868.965,1869.435
1697034000000,1869.425,1871.915,1868.995,1871.575
1697034300000,1871.565,1872.085,1870.415,1871.405
1697034600000,1871.425,1871.748,1870.475,1870.948
1697034900000,1870.945,1871.138,1869.645,1870.585
1697035200000,1870.575,1871.525,1870.075,1870.915
1697035500000,1870.945,1871.065,1869.565,1869.985
1697035800000,1869.995,1870.695,1869.405,1870.225
1697036100000,1870.215,1871.615,1870.215,1871.125
1697036400000,1871.005,1871.415,1870.045,1870.525
1697036700000,1870.535,1871.215,1870.325,1870.995
1697037000000,1870.985,1871.185,1869.405,1870.385
1697037300000,1870.405,1870.755,1869.458,1869.835
1697037600000,1869.825,1871.375,1869.385,1871.295
1697037900000,1871.278,1872.168,1870.795,1872.105
1697038200000,1872.095,1872.545,1871.215,1872.135
1697038500000,1872.135,1872.995,1871.998,1872.358
1697038800000,1872.314,1873.625,1872.128,1872.775
1697039100000,1872.665,1873.535,1872.585,1873.005
1697039400000,1873.015,1873.025,1872.125,1872.895
1697039700000,1872.955,1873.305,1872.435,1872.955
1697040000000,1872.945,1875.515,1872.755,1875.375
1697040300000,1875.395,1876.458,1875.178,1876.395
1697040600000,1876.405,1876.708,1875.748,1875.995
1697040900000,1875.935,1877.075,1875.355,1877.075
1697041200000,1877.075,1877.105,1875.378,1875.658
1697041500000,1875.658,1875.695,1874.715,1875.035
1697041800000,1875.045,1875.865,1874.715,1875.025
1697042100000,1875.075,1875.115,1874.395,1875.095
1697042400000,1875.105,1875.705,1874.935,1875.415
1697042700000,1875.425,1875.785,1874.525,1874.525
1697043000000,1874.515,1875.025,1874.158,1874.415
1697043300000,1874.385,1874.525,1874.025,1874.225
1697043600000,1874.198,1874.635,1873.318,1873.318
1697043900000,1873.308,1873.505,1872.115,1873.505
1697044200000,1873.485,1873.825,1872.775,1873.265
1697044500000,1873.255,1873.735,1872.825,1873.555
1697044800000,1873.585,1873.615,1872.905,1873.025
1697045100000,1873.005,1873.815,1872.175,1873.315
1697045400000,1873.315,1873.315,1870.985,1871.035
1697045700000,1871.065,1871.415,1870.725,1870.775
1697046000000,1870.805,1871.715,1870.725,1871.625
1697046300000,1871.635,1871.765,1870.815,1870.825
1697046600000,1870.825,1871.825,1870.745,1871.635
1697046900000,1871.635,1872.005,1871.445,1871.814
1697047200000,1871.874,1873.234,1871.515,1871.585
1697047500000,1871.585,1872.385,1871.495,1871.955
1697047800000,1871.905,1872.035,1870.855,1871.065
1697048100000,1871.095,1871.645,1871.095,1871.515
1697048400000,1871.505,1871.635,1870.965,1871.305
1697048700000,1871.275,1872.065,1871.275,1871.485
1697049000000,1871.465,1872.075,1871.305,1871.915
1697049300000,1871.975,1872.975,1871.975,1872.255
1697049600000,1872.255,1872.455,1871.725,1871.905
1697049900000,1871.885,1872.175,1871.068,1871.635
1697050200000,1871.585,1872.575,1871.525,1872.465
1697050500000,1872.455,1872.865,1872.195,1872.375
1697050800000,1872.355,1873.545,1872.305,1873.545
1697051100000,1873.525,1873.995,1873.415,1873.788
1697051400000,1873.788,1873.855,1873.118,1873.845
1697051700000,1873.905,1874.105,1873.158,1873.158
1697052000000,1873.178,1873.598,1872.728,1873.588
1697052300000,1873.588,1873.758,1873.178,1873.678
1697052600000,1873.678,1873.908,1873.198,1873.458
1697052900000,1873.425,1873.958,1873.398,1873.758
1697053200000,1873.778,1874.018,1873.498,1873.918
1697053500000,1873.918,1873.918,1873.475,1873.578
1697053800000,1873.548,1873.728,1873.478,1873.568
1697054100000,1873.568,1874.018,1873.228,1873.468
1697054400000,1873.468,1873.898,1873.418,1873.738
1697054700000,1873.738,1873.965,1873.678,1873.855
1697055000000,1873.848,1874.035,1873.518,1873.748
1697055300000,1873.748,1873.925,1873.748,1873.875
1697055600000,1873.915,1874.415,1873.905,1874.225
1697055900000,1874.235,1874.465,1874.168,1874.285
1697056200000,1874.238,1874.328,1873.928,1874.008
1697056500000,1873.998,1874.088,1873.835,1874.088
1697056800000,1874.088,1874.088,1873.658,1873.728
1697057100000,1873.688,1873.748,1873.378,1873.398
1697057400000,1873.378,1873.528,1873.298,1873.528
1697057700000,1873.475,1874.148,1873.475,1873.948
1697058000000,1873.948,1873.948,1873.948,1873.948
1697058300000,1873.948,1873.948,1873.948,1873.948
1697058600000,1873.948,1873.948,1873.948,1873.948
1697058900000,1873.948,1873.948,1873.948,1873.948
1697059200000,1873.948,1873.948,1873.948,1873.948
1697059500000,1873.948,1873.948,1873.948,1873.948
1697059800000,1873.948,1873.948,1873.948,1873.948
1697060100000,1873.948,1873.948,1873.948,1873.948
1697060400000,1873.948,1873.948,1873.948,1873.948
1697060700000,1873.948,1873.948,1873.948,1873.948
1697061000000,1873.948,1873.948,1873.948,1873.948
1697061300000,1873.948,1873.948,1873.948,1873.948
1697061600000,1874.128,1874.784,1873.688,1874.404
1697061900000,1874.404,1874.665,1873.835,1874.584
1697062200000,1874.605,1875.015,1874.445,1875.005
1697062500000,1874.955,1875.265,1874.795,1874.885
1697062800000,1874.845,1874.875,1874.528,1874.678
1697063100000,1874.678,1874.678,1874.264,1874.278
1697063400000,1874.278,1874.625,1874.178,1874.455
1697063700000,1874.525,1874.825,1873.935,1873.935
1697064000000,1873.955,1874.805,1873.935,1874.805
1697064300000,1874.745,1874.795,1874.605,1874.695
1697064600000,1874.695,1874.865,1874.605,1874.775
1697064900000,1874.785,1874.845,1874.438,1874.465
1697065200000,1874.475,1874.655,1874.438,1874.645
1697065500000,1874.638,1874.978,1874.638,1874.855
1697065800000,1874.945,1875.095,1874.855,1875.095
1697066100000,1875.105,1875.235,1874.985,1874.995
1697066400000,1874.985,1875.085,1874.775,1875.085
1697066700000,1875.075,1875.705,1875.075,1875.285
1697067000000,1875.305,1875.485,1875.205,1875.415
1697067300000,1875.385,1875.415,1874.965,1875.005
1697067600000,1875.045,1875.165,1874.895,1875.115
1697067900000,1875.125,1875.355,1875.125,1875.195
1697068200000,1875.175,1875.345,1875.045,1875.325
1697068500000,1875.345,1875.455,1875.185,1875.195
1697068800000,1875.215,1875.485,1875.145,1875.245
1697069100000,1875.215,1875.705,1874.695,1875.435
1697069400000,1875.415,1875.415,1874.895,1874.985
1697069700000,1874.935,1875.425,1874.935,1875.085
1697070000000,1875.105,1875.405,1874.845,1875.255
1697070300000,1875.235,1875.625,1875.185,1875.415
1697070600000,1875.435,1875.515,1875.225,1875.385
1697070900000,1875.335,1876.045,1875.335,1876.045
1697071200000,1876.065,1876.165,1875.298,1875.955
1697071500000,1875.915,1876.478,1875.905,1876.085
1697071800000,1876.095,1876.095,1875.528,1875.545
1697072100000,1875.535,1875.835,1875.255,1875.325
1697072400000,1875.335,1875.545,1874.865,1874.935
1697072700000,1874.925,1874.935,1874.355,1874.485
1697073000000,1874.575,1875.695,1874.535,1875.685
1697073300000,1875.695,1876.675,1875.695,1876.255
1697073600000,1876.265,1876.885,1876.195,1876.675
1697073900000,1876.705,1876.925,1876.565,1876.685
1697074200000,1876.615,1877.275,1876.285,1877.275
1697074500000,1877.305,1878.345,1877.245,1878.215
1697074800000,1878.205,1878.675,1877.585,1878.445
1697075100000,1878.465,1878.645,1877.965,1878.365
1697075400000,1878.355,1878.465,1877.634,1877.798
1697075700000,1877.804,1877.965,1877.225,1877.355
1697076000000,1877.345,1877.915,1877.165,1877.285
1697076300000,1877.295,1877.325,1876.575,1876.595
1697076600000,1876.605,1877.115,1876.315,1876.505
1697076900000,1876.545,1876.865,1876.385,1876.815
1697077200000,1876.795,1877.065,1876.425,1876.835
1697077500000,1876.855,1877.045,1875.535,1875.535
1697077800000,1875.555,1877.525,1875.525,1877.505
1697078100000,1877.495,1877.505,1876.678,1877.115
1697078400000,1877.105,1877.438,1876.165,1876.165
1697078700000,1876.175,1876.815,1876.005,1876.625
1697079000000,1876.595,1876.605,1875.758,1876.185
1697079300000,1876.165,1876.915,1876.075,1876.735
1697079600000,1876.705,1877.325,1876.655,1877.325
1697079900000,1877.395,1877.505,1876.815,1876.935
1697080200000,1876.935,1877.345,1876.808,1877.078
1697080500000,1877.078,1877.445,1876.898,1877.425
1697080800000,1877.395,1877.535,1877.225,1877.405
1697081100000,1877.385,1877.485,1877.108,1877.218
1697081400000,1877.278,1877.885,1877.278,1877.885
1697081700000,1877.905,1878.055,1876.948,1877.215
1697082000000,1877.145,1877.815,1877.145,1877.615
1697082300000,1877.635,1877.825,1877.415,1877.415
1697082600000,1877.455,1877.635,1877.105,1877.215
1697082900000,1877.185,1877.565,1876.665,1877.565
1697083200000,1877.585,1877.615,1877.135,1877.335
1697083500000,1877.345,1877.725,1877.275,1877.415
1697083800000,1877.435,1877.435,1877.098,1877.235
1697084100000,1877.255,1877.575,1877.235,1877.425
1697084400000,1877.435,1877.545,1877.315,1877.315
1697084700000,1877.335,1877.425,1877.145,1877.145
1697085000000,1877.135,1877.145,1876.685,1877.135
1697085300000,1877.115,1877.145,1876.915,1877.125
1697085600000,1877.115,1877.595,1877.015,1877.425
1697085900000,1877.405,1878.445,1877.225,1878.205
1697086200000,1878.225,1878.995,1878.225,1878.585
1697086500000,1878.665,1879.005,1878.515,1878.738
1697086800000,1878.728,1878.755,1878.235,1878.715
1697087100000,1878.705,1879.245,1878.685,1879.125
1697087400000,1879.105,1879.275,1878.755,1879.225
1697087700000,1879.235,1879.365,1878.945,1879.055
1697088000000,1879.055,1879.305,1878.968,1879.295
1697088300000,1879.295,1879.955,1879.235,1879.855
1697088600000,1879.845,1879.845,1878.998,1879.018
1697088900000,1879.018,1879.155,1878.578,1879.145
1697089200000,1879.145,1879.505,1878.948,1879.195
1697089500000,1879.235,1879.305,1878.985,1879.095
1697089800000,1879.055,1879.525,1879.055,1879.445
1697090100000,1879.455,1880.045,1879.455,1880.025
1697090400000,1880.035,1880.035,1879.455,1879.475
1697090700000,1879.565,1879.585,1878.765,1879.065
1697091000000,1879.045,1879.175,1878.475,1879.145
1697091300000,1879.165,1880.025,1879.165,1879.985
1697091600000,1879.985,1880.005,1879.135,1879.155
1697091900000,1879.125,1880.085,1878.865,1879.928
1697092200000,1879.928,1880.028,1879.378,1879.428
1697092500000,1879.418,1881.425,1879.358,1881.425
1697092800000,1881.405,1882.565,1881.325,1882.125
1697093100000,1882.115,1882.115,1881.458,1881.765
1697093400000,1881.745,1882.375,1881.458,1882.015
1697093700000,1882.065,1882.425,1881.734,1882.095
1697094000000,1882.065,1882.575,1881.735,1881.955
1697094300000,1881.945,1881.945,1880.188,1880.895
1697094600000,1880.885,1881.365,1880.645,1880.675
1697094900000,1880.645,1880.675,1879.628,1880.225
1697095200000,1880.225,1881.395,1880.225,1881.235
1697095500000,1881.235,1881.715,1880.925,1880.955
1697095800000,1880.945,1881.525,1880.845,1880.925
1697096100000,1880.915,1880.915,1880.375,1880.485
1697096400000,1880.505,1880.905,1880.205,1880.705
1697096700000,1880.705,1880.715,1879.955,1880.345
1697097000000,1880.355,1880.355,1878.945,1878.985
1697097300000,1879.005,1879.484,1878.615,1878.765
1697097600000,1878.755,1879.585,1878.555,1879.255
1697097900000,1879.245,1879.575,1878.685,1879.465
1697098200000,1879.455,1880.265,1879.265,1880.245
1697098500000,1880.235,1881.144,1879.965,1880.878
1697098800000,1880.878,1881.358,1880.474,1881.085
1697099100000,1881.105,1881.175,1880.355,1880.355
1697099400000,1880.375,1880.875,1880.375,1880.435
1697099700000,1880.415,1880.885,1880.385,1880.585
1697100000000,1880.595,1880.945,1880.305,1880.795
1697100300000,1880.745,1880.985,1879.865,1879.865
1697100600000,1879.835,1880.205,1879.638,1880.135
1697100900000,1880.125,1880.285,1879.895,1880.265
1697101200000,1880.285,1880.535,1879.424,1879.938
1697101500000,1879.938,1880.458,1879.878,1879.938
1697101800000,1879.938,1880.295,1879.775,1880.145
1697102100000,1880.125,1880.355,1879.538,1880.295
1697102400000,1880.305,1880.395,1880.038,1880.118
1697102700000,1880.115,1880.625,1879.958,1880.215
1697103000000,1880.185,1881.055,1879.965,1880.935
1697103300000,1880.955,1881.165,1880.705,1881.055
1697103600000,1881.065,1881.178,1880.895,1881.178
1697103900000,1881.178,1881.925,1881.178,1881.915
1697104200000,1881.975,1881.995,1881.245,1881.315
1697104500000,1881.335,1881.335,1880.694,1880.788
1697104800000,1880.784,1881.134,1880.444,1880.888
1697105100000,1880.878,1881.615,1880.715,1881.465
1697105400000,1881.525,1882.025,1881.525,1881.845
1697105700000,1881.835,1882.285,1881.495,1881.638
1697106000000,1881.628,1881.638,1881.198,1881.294
1697106300000,1881.288,1881.695,1881.005,1881.095
1697106600000,1881.115,1882.245,1881.015,1882.215
1697106900000,1882.235,1882.595,1882.235,1882.475
1697107200000,1882.495,1882.495,1882.114,1882.358
1697107500000,1882.338,1882.595,1882.105,1882.358
1697107800000,1882.348,1882.528,1882.178,1882.268
1697108100000,1882.268,1882.278,1881.108,1881.218
1697108400000,1881.194,1882.018,1881.038,1881.878
1697108700000,1881.868,1882.278,1881.648,1881.888
1697109000000,1881.888,1882.558,1881.804,1882.518
1697109300000,1882.518,1883.125,1882.068,1882.138
1697109600000,1882.138,1882.388,1881.708,1882.348
1697109900000,1882.324,1882.358,1881.658,1881.938
1697110200000,1881.915,1882.648,1881.785,1882.108
1697110500000,1882.088,1883.014,1882.088,1882.938
1697110800000,1882.968,1884.065,1882.958,1883.945
1697111100000,1883.965,1884.385,1883.875,1884.208
1697111400000,1884.138,1884.345,1882.798,1883.125
1697111700000,1883.015,1883.815,1882.935,1883.455
1697112000000,1883.485,1884.255,1883.125,1883.455
1697112300000,1883.475,1883.665,1882.378,1883.468
1697112600000,1883.518,1883.558,1882.465,1883.285
1697112900000,1883.225,1883.305,1882.485,1883.305
1697113200000,1883.295,1884.015,1882.685,1883.325
1697113500000,1883.318,1884.885,1882.998,1884.255
1697113800000,1884.255,1884.565,1879.175,1880.805
1697114100000,1880.825,1880.835,1877.335,1877.775
1697114400000,1877.805,1878.598,1875.235,1878.598
1697114700000,1878.715,1879.645,1877.165,1879.495
1697115000000,1879.525,1879.995,1878.455,1879.425
1697115300000,1879.465,1880.005,1878.855,1878.955
1697115600000,1878.925,1879.685,1877.885,1879.685
1697115900000,1879.745,1879.945,1878.365,1878.745
1697116200000,1878.755,1878.975,1877.115,1877.398
1697116500000,1877.398,1877.818,1876.645,1876.945
1697116800000,1877.005,1877.215,1875.465,1876.665
1697117100000,1876.645,1876.925,1875.948,1876.455
1697117400000,1876.495,1878.215,1875.095,1876.015
1697117700000,1876.015,1877.085,1875.375,1875.485
1697118000000,1875.488,1876.155,1873.525,1873.615
1697118300000,1873.635,1875.065,1873.268,1874.545
1697118600000,1874.575,1875.628,1873.108,1873.235
1697118900000,1873.208,1874.095,1872.765,1873.755
1697119200000,1873.735,1875.185,1873.055,1875.175
1697119500000,1875.185,1876.525,1874.675,1876.025
1697119800000,1876.014,1876.425,1875.055,1875.735
1697120100000,1875.645,1876.185,1874.895,1875.365
1697120400000,1875.315,1875.405,1874.115,1874.375
1697120700000,1874.355,1874.615,1873.425,1873.785
1697121000000,1873.795,1873.895,1871.675,1871.775
1697121300000,1871.805,1873.935,1871.725,1873.735
1697121600000,1873.735,1874.688,1872.095,1872.095
1697121900000,1872.115,1872.675,1871.014,1871.545
1697122200000,1871.555,1872.265,1871.485,1871.885
1697122500000,1871.935,1872.475,1871.585,1872.005
1697122800000,1871.995,1872.565,1870.505,1871.985
1697123100000,1871.995,1872.825,1871.075,1872.175
1697123400000,1872.195,1873.295,1872.095,1872.865
1697123700000,1872.805,1872.905,1871.328,1871.725
1697124000000,1871.715,1871.828,1870.885,1871.525
1697124300000,1871.545,1871.895,1870.905,1871.035
1697124600000,1871.015,1872.205,1870.705,1871.975
1697124900000,1871.985,1872.905,1871.935,1872.825
1697125200000,1872.805,1872.955,1871.795,1872.345
1697125500000,1872.355,1872.585,1871.478,1871.605
1697125800000,1871.585,1872.565,1871.435,1872.255
1697126100000,1872.235,1872.395,1871.525,1872.225
1697126400000,1872.265,1873.595,1872.235,1872.725
1697126700000,1872.645,1873.395,1872.625,1872.985
1697127000000,1873.005,1873.015,1872.035,1872.365
1697127300000,1872.405,1872.955,1872.405,1872.625
1697127600000,1872.558,1872.635,1871.865,1872.425
1697127900000,1872.425,1872.485,1871.655,1871.805
1697128200000,1871.835,1872.135,1871.425,1871.425
1697128500000,1871.445,1872.585,1871.415,1872.345
1697128800000,1872.345,1872.585,1871.635,1871.635
1697129100000,1871.625,1871.915,1871.375,1871.405
1697129400000,1871.465,1871.495,1870.905,1871.105
1697129700000,1871.094,1871.645,1870.885,1871.335
1697130000000,1871.315,1871.838,1869.905,1870.235
1697130300000,1870.285,1870.685,1868.155,1868.455
1697130600000,1868.455,1869.535,1867.965,1868.885
1697130900000,1868.795,1869.445,1867.915,1869.145
1697131200000,1869.075,1870.305,1869.045,1870.245
1697131500000,1870.245,1870.565,1869.335,1870.105
1697131800000,1870.145,1871.075,1869.185,1869.225
1697132100000,1869.295,1869.795,1868.695,1869.325
1697132400000,1869.305,1869.895,1868.985,1869.165
1697132700000,1869.125,1869.615,1868.765,1869.075
1697133000000,1869.075,1869.605,1868.825,1869.115
1697133300000,1869.105,1869.885,1868.745,1868.875
1697133600000,1868.875,1869.245,1868.075,1868.085
1697133900000,1868.105,1868.605,1867.825,1868.555
1697134200000,1868.535,1869.225,1868.535,1869.005
1697134500000,1868.945,1869.765,1868.725,1869.655
1697134800000,1869.655,1870.595,1869.635,1870.335
1697135100000,1870.275,1870.338,1869.445,1869.915
1697135400000,1869.905,1870.285,1869.545,1870.118
1697135700000,1870.115,1870.405,1869.884,1869.998
1697136000000,1869.998,1870.245,1869.698,1870.125
1697136300000,1870.115,1870.385,1868.995,1869.115
1697136600000,1869.095,1869.095,1868.048,1868.115
1697136900000,1868.095,1868.415,1867.825,1868.305
1697137200000,1868.335,1868.955,1868.205,1868.955
1697137500000,1868.955,1869.125,1868.755,1868.855
1697137800000,1868.845,1869.188,1868.245,1869.085
1697138100000,1869.055,1869.535,1868.745,1869.445
1697138400000,1869.445,1869.525,1868.955,1869.135
1697138700000,1869.145,1869.385,1869.045,1869.375
1697139000000,1869.355,1869.985,1869.345,1869.345
1697139300000,1869.335,1869.555,1869.105,1869.375
1697139600000,1869.375,1869.405,1868.755,1868.795
1697139900000,1868.825,1869.005,1868.485,1868.535
1697140200000,1868.605,1868.945,1868.455,1868.465
1697140500000,1868.485,1868.625,1868.055,1868.275
1697140800000,1868.275,1868.705,1868.245,1868.705
1697141100000,1868.705,1868.735,1868.515,1868.675
1697141400000,1868.685,1868.895,1868.565,1868.605
1697141700000,1868.605,1868.715,1868.545,1868.615
1697142000000,1868.615,1868.795,1868.585,1868.665
1697142300000,1868.655,1868.735,1868.525,1868.645
1697142600000,1868.598,1868.608,1868.498,1868.608
1697142900000,1868.608,1868.698,1868.548,1868.648
1697143200000,1868.648,1868.768,1868.598,1868.665
1697143500000,1868.665,1868.975,1868.638,1868.798
1697143800000,1868.805,1868.905,1868.685,1868.738
1697144100000,1868.738,1868.745,1868.495,1868.495
1697144400000,1868.495,1868.495,1868.495,1868.495
1697144700000,1868.495,1868.495,1868.495,1868.495
1697145000000,1868.495,1868.495,1868.495,1868.495
1697145300000,1868.495,1868.495,1868.495,1868.495
1697145600000,1868.495,1868.495,1868.495,1868.495
1697145900000,1868.495,1868.495,1868.495,1868.495
1697146200000,1868.495,1868.495,1868.495,1868.495
1697146500000,1868.495,1868.495,1868.495,1868.495
1697146800000,1868.495,1868.495,1868.495,1868.495
1697147100000,1868.495,1868.495,1868.495,1868.495
1697147400000,1868.495,1868.495,1868.495,1868.495
1697147700000,1868.495,1868.495,1868.495,1868.495
1697148000000,1868.715,1869.128,1868.715,1869.128
1697148300000,1869.165,1869.735,1869.165,1869.625
1697148600000,1869.635,1869.735,1869.625,1869.625
1697148900000,1869.615,1869.655,1869.165,1869.165
1697149200000,1869.165,1869.405,1869.125,1869.195
1697149500000,1869.215,1869.595,1869.155,1869.445
1697149800000,1869.445,1870.075,1869.385,1869.975
1697150100000,1869.985,1870.565,1869.985,1870.565
1697150400000,1870.565,1871.065,1870.505,1871.055
1697150700000,1871.025,1871.025,1870.465,1870.545
1697151000000,1870.525,1870.635,1869.955,1869.975
1697151300000,1869.965,1869.995,1869.448,1869.558
1697151600000,1869.545,1870.155,1869.505,1870.128
1697151900000,1870.125,1870.545,1870.125,1870.425
1697152200000,1870.555,1870.555,1870.075,1870.455
1697152500000,1870.465,1870.545,1870.305,1870.305
1697152800000,1870.315,1870.745,1870.315,1870.645
1697153100000,1870.715,1871.065,1870.665,1870.865
1697153400000,1870.875,1871.155,1870.645,1871.155
1697153700000,1871.145,1871.145,1870.715,1870.725
1697154000000,1870.665,1870.945,1870.655,1870.735
1697154300000,1870.725,1871.065,1870.625,1871.025
1697154600000,1871.005,1871.015,1870.805,1870.845
1697154900000,1870.815,1870.875,1870.475,1870.505
1697155200000,1870.515,1871.075,1870.485,1870.978
1697155500000,1870.978,1871.378,1870.768,1870.965
1697155800000,1870.965,1871.295,1870.458,1871.058
1697156100000,1871.045,1871.698,1871.045,1871.658
1697156400000,1871.658,1872.005,1870.948,1870.958
1697156700000,1870.948,1871.385,1870.718,1871.135
1697157000000,1871.115,1871.415,1870.778,1870.835
1697157300000,1870.815,1870.875,1870.045,1870.455
1697157600000,1870.475,1871.245,1870.445,1871.225
1697157900000,1871.205,1871.815,1871.205,1871.745
1697158200000,1871.725,1872.458,1871.548,1872.205
1697158500000,1872.205,1872.485,1872.098,1872.485
1697158800000,1872.455,1872.915,1871.985,1872.315
1697159100000,1872.325,1872.725,1872.315,1872.535
1697159400000,1872.505,1872.675,1871.755,1871.815
1697159700000,1871.835,1872.935,1871.725,1872.845
1697160000000,1872.815,1872.875,1871.848,1871.975
1697160300000,1871.995,1872.415,1871.995,1872.075
1697160600000,1872.085,1872.628,1871.695,1872.468
1697160900000,1872.465,1872.465,1871.455,1871.455
1697161200000,1871.485,1872.115,1871.365,1872.085
1697161500000,1872.095,1872.095,1871.195,1871.565
1697161800000,1871.555,1871.865,1871.405,1871.415
1697162100000,1871.425,1872.085,1871.425,1871.885
1697162400000,1871.875,1871.895,1871.565,1871.765
1697162700000,1871.765,1872.595,1871.765,1872.475
1697163000000,1872.485,1872.635,1872.315,1872.535
1697163300000,1872.515,1873.325,1872.465,1872.978
1697163600000,1872.978,1873.198,1872.858,1872.938
1697163900000,1872.998,1873.218,1872.845,1872.935
1697164200000,1872.938,1873.428,1872.918,1873.085
1697164500000,1873.078,1873.125,1872.535,1872.645
1697164800000,1872.635,1872.875,1872.355,1872.825
1697165100000,1872.845,1873.178,1872.808,1872.998
1697165400000,1872.905,1873.148,1872.778,1873.085
1697165700000,1873.078,1873.405,1872.978,1873.305
1697166000000,1873.295,1873.555,1873.295,1873.555
1697166300000,1873.565,1873.915,1873.475,1873.615
1697166600000,1873.595,1873.615,1872.985,1872.985
1697166900000,1872.975,1873.115,1872.895,1872.935
1697167200000,1872.915,1873.135,1872.805,1872.925
1697167500000,1872.935,1873.545,1872.458,1873.545
1697167800000,1873.475,1873.808,1873.335,1873.515
1697168100000,1873.525,1873.645,1873.385,1873.395
1697168400000,1873.405,1873.475,1873.285,1873.395
1697168700000,1873.385,1873.415,1873.225,1873.305
1697169000000,1873.315,1873.495,1873.315,1873.355
1697169300000,1873.365,1873.575,1873.325,1873.565
1697169600000,1873.555,1873.885,1873.475,1873.595
1697169900000,1873.615,1874.255,1873.545,1874.065
1697170200000,1874.065,1874.218,1873.925,1874.218
1697170500000,1874.178,1874.535,1874.155,1874.265
1697170800000,1874.225,1876.225,1874.058,1875.978
1697171100000,1875.978,1876.318,1875.558,1876.018
1697171400000,1876.015,1876.065,1875.605,1875.605
1697171700000,1875.605,1875.795,1874.655,1875.605
1697172000000,1875.625,1876.195,1875.625,1876.185
1697172300000,1876.205,1876.675,1876.045,1876.045
1697172600000,1876.035,1876.425,1875.855,1876.315
1697172900000,1876.285,1876.385,1876.125,1876.178
1697173200000,1876.135,1876.258,1875.958,1876.185
1697173500000,1876.195,1876.195,1875.838,1876.135
1697173800000,1876.128,1876.828,1876.048,1876.728
1697174100000,1876.698,1876.828,1876.008,1876.008
1697174400000,1876.018,1876.908,1876.018,1876.338
1697174700000,1876.358,1876.865,1876.338,1876.625
1697175000000,1876.615,1877.035,1876.555,1876.795
1697175300000,1876.738,1877.195,1876.635,1876.955
1697175600000,1876.905,1877.715,1876.865,1877.235
1697175900000,1877.265,1877.935,1877.265,1877.385
1697176200000,1877.395,1877.525,1877.045,1877.125
1697176500000,1877.135,1877.185,1876.585,1877.015
1697176800000,1876.995,1877.125,1875.685,1875.705
1697177100000,1875.735,1877.125,1875.675,1876.395
1697177400000,1876.365,1876.855,1876.205,1876.415
1697177700000,1876.425,1876.765,1876.158,1876.265
1697178000000,1876.375,1876.605,1875.755,1876.565
1697178300000,1876.535,1876.775,1875.648,1875.915
1697178600000,1875.915,1876.225,1875.705,1875.755
1697178900000,1875.755,1876.355,1875.655,1876.245
1697179200000,1876.255,1877.065,1876.075,1877.065
1697179500000,1877.085,1877.905,1876.968,1877.395
1697179800000,1877.415,1877.475,1876.175,1876.195
1697180100000,1876.225,1877.295,1875.965,1876.804
1697180400000,1876.804,1877.945,1876.624,1876.805
1697180700000,1876.775,1877.915,1876.715,1877.755
1697181000000,1877.735,1878.575,1877.128,1878.455
1697181300000,1878.435,1879.115,1878.295,1879.115
1697181600000,1879.135,1879.845,1878.878,1879.595
1697181900000,1879.568,1881.295,1879.555,1881.255
1697182200000,1881.245,1881.495,1880.985,1881.205
1697182500000,1881.205,1882.175,1881.115,1882.055
1697182800000,1882.075,1882.705,1881.505,1881.885
1697183100000,1881.905,1883.025,1881.895,1882.748
1697183400000,1882.778,1882.978,1881.755,1882.074
1697183700000,1882.064,1882.354,1881.375,1882.075
1697184000000,1882.045,1883.075,1881.915,1882.785
1697184300000,1882.805,1883.675,1882.795,1883.575
1697184600000,1883.555,1883.615,1882.618,1883.078
1697184900000,1883.075,1883.445,1882.598,1883.285
1697185200000,1883.345,1884.845,1883.345,1884.495
1697185500000,1884.505,1884.725,1883.925,1884.525
1697185800000,1884.515,1884.585,1883.835,1883.835
1697186100000,1883.845,1884.315,1883.455,1884.145
1697186400000,1884.145,1884.245,1883.205,1884.205
1697186700000,1884.185,1884.345,1883.748,1883.805
1697187000000,1883.815,1884.108,1883.388,1883.915
1697187300000,1883.905,1884.085,1883.525,1883.658
1697187600000,1883.614,1883.915,1883.395,1883.838
1697187900000,1883.825,1883.845,1882.735,1882.805
1697188200000,1882.825,1882.975,1882.335,1882.855
1697188500000,1882.825,1883.865,1882.565,1883.805
1697188800000,1883.795,1883.985,1882.834,1883.854
1697189100000,1883.878,1886.575,1883.878,1886.225
1697189400000,1886.215,1887.145,1885.484,1886.745
1697189700000,1886.725,1887.975,1886.258,1887.774
1697190000000,1887.765,1888.064,1886.168,1886.714
1697190300000,1886.705,1886.868,1885.658,1886.385
1697190600000,1886.365,1886.945,1886.255,1886.315
1697190900000,1886.305,1887.805,1886.265,1887.495
1697191200000,1887.535,1888.965,1887.535,1888.525
1697191500000,1888.475,1888.715,1887.278,1887.298
1697191800000,1887.255,1887.865,1886.698,1887.435
1697192100000,1887.405,1888.175,1887.158,1887.715
1697192400000,1887.708,1887.895,1887.215,1887.375
1697192700000,1887.385,1888.015,1886.565,1887.515
1697193000000,1887.465,1888.985,1887.215,1888.905
1697193300000,1888.895,1888.965,1887.658,1888.328
1697193600000,1888.328,1889.034,1888.138,1888.975
1697193900000,1888.965,1889.595,1888.805,1889.168
1697194200000,1889.154,1889.778,1888.575,1888.598
1697194500000,1888.574,1888.698,1887.498,1887.498
1697194800000,1887.498,1889.975,1887.264,1889.408
1697195100000,1889.418,1891.905,1889.305,1891.478
1697195400000,1891.478,1891.555,1890.498,1891.218
1697195700000,1891.198,1891.715,1890.718,1891.595
1697196000000,1891.565,1893.295,1891.565,1893.185
1697196300000,1893.185,1893.415,1891.935,1892.675
1697196600000,1892.655,1893.424,1892.485,1893.064
1697196900000,1893.058,1894.995,1893.058,1894.745
1697197200000,1894.748,1895.415,1894.495,1894.735
1697197500000,1894.745,1895.125,1894.275,1895.035
1697197800000,1895.055,1897.765,1895.005,1897.765
1697198100000,1897.745,1899.778,1896.285,1896.298
1697198400000,1896.295,1898.785,1896.285,1898.605
1697198700000,1898.615,1899.195,1897.785,1899.065
1697199000000,1899.055,1899.515,1897.978,1898.265
1697199300000,1898.255,1899.125,1896.815,1898.735
1697199600000,1898.675,1900.358,1897.635,1898.938
1697199900000,1899.065,1906.675,1898.915,1904.684
1697200200000,1904.695,1916.765,1904.695,1915.985
1697200500000,1916.085,1918.998,1912.545,1914.065
1697200800000,1913.995,1913.995,1909.775,1910.985
1697201100000,1910.995,1915.225,1910.095,1913.575
1697201400000,1913.625,1914.545,1911.668,1911.668
1697201700000,1911.735,1914.948,1911.445,1913.245
1697202000000,1913.218,1913.275,1910.414,1910.985
1697202300000,1910.985,1913.104,1910.505,1911.015
1697202600000,1911.005,1912.115,1909.865,1909.895
1697202900000,1909.855,1909.945,1907.625,1907.935
1697203200000,1907.915,1908.755,1905.698,1905.955
1697203500000,1905.955,1907.505,1905.735,1907.295
1697203800000,1907.315,1910.225,1907.315,1909.785
1697204100000,1909.785,1910.765,1907.588,1907.765
1697204400000,1907.828,1908.315,1905.465,1905.745
1697204700000,1905.735,1912.335,1905.725,1911.725
1697205000000,1911.775,1911.848,1910.068,1911.645
1697205300000,1911.605,1911.705,1909.474,1910.534
1697205600000,1910.534,1911.595,1907.914,1911.558
1697205900000,1911.555,1912.095,1909.725,1912.055
1697206200000,1912.075,1914.015,1911.905,1913.145
1697206500000,1913.155,1913.525,1912.195,1912.615
1697206800000,1912.605,1914.465,1912.465,1913.895
1697207100000,1913.895,1916.315,1913.135,1913.425
1697207400000,1913.405,1915.665,1912.685,1915.655
1697207700000,1915.585,1915.995,1914.145,1914.255
1697208000000,1914.275,1915.805,1914.275,1915.205
1697208300000,1915.195,1917.585,1915.075,1917.445
1697208600000,1917.405,1918.925,1917.405,1918.315
1697208900000,1918.325,1920.875,1918.065,1920.675
1697209200000,1920.695,1920.885,1917.105,1919.025
1697209500000,1919.025,1919.145,1917.165,1918.715
1697209800000,1918.685,1919.455,1917.245,1919.155
1697210100000,1919.165,1920.065,1918.558,1920.055
1697210400000,1920.085,1920.905,1919.578,1920.435
1697210700000,1920.425,1922.305,1920.305,1921.545
1697211000000,1921.665,1921.765,1920.645,1921.295
1697211300000,1921.365,1922.348,1921.105,1921.428
1697211600000,1921.425,1922.265,1920.465,1921.895
1697211900000,1921.875,1922.275,1921.058,1921.388
1697212200000,1921.408,1921.968,1920.995,1921.968
1697212500000,1921.945,1923.015,1921.875,1922.885
1697212800000,1922.864,1924.255,1922.835,1924.125
1697213100000,1924.135,1925.888,1924.135,1925.308
1697213400000,1925.308,1925.895,1924.105,1925.835
1697213700000,1925.805,1926.215,1924.775,1925.295
1697214000000,1925.255,1925.344,1924.164,1924.755
1697214300000,1924.745,1924.858,1923.058,1923.238
1697214600000,1923.188,1924.515,1922.315,1924.025
1697214900000,1923.955,1924.825,1923.625,1924.158
1697215200000,1924.135,1924.785,1924.078,1924.695
1697215500000,1924.705,1926.055,1924.705,1925.118
1697215800000,1925.138,1926.688,1924.655,1926.545
1697216100000,1926.528,1927.405,1925.358,1927.095
1697216400000,1927.105,1928.035,1926.795,1927.935
1697216700000,1927.955,1928.915,1927.248,1928.525
1697217000000,1928.458,1928.458,1927.068,1927.685
1697217300000,1927.665,1928.515,1927.295,1927.695
1697217600000,1927.625,1928.865,1927.465,1928.375
1697217900000,1928.355,1928.835,1927.605,1927.818
1697218200000,1927.818,1928.468,1926.678,1927.285
1697218500000,1927.275,1928.175,1927.195,1928.105
1697218800000,1928.085,1928.345,1927.348,1927.705
1697219100000,1927.698,1928.675,1927.428,1928.355
1697219400000,1928.355,1929.805,1928.238,1929.718
1697219700000,1929.718,1929.758,1928.245,1928.245
1697220000000,1928.285,1929.845,1928.165,1929.738
1697220300000,1929.738,1930.638,1929.738,1930.428
1697220600000,1930.354,1930.428,1929.808,1929.888
1697220900000,1929.858,1930.485,1929.815,1930.085
1697221200000,1930.065,1930.075,1928.815,1929.075
1697221500000,1929.065,1929.555,1928.885,1929.265
1697221800000,1929.265,1929.695,1929.065,1929.415
1697222100000,1929.495,1929.515,1927.765,1927.865
1697222400000,1927.845,1928.435,1927.595,1928.345
1697222700000,1928.365,1928.895,1928.015,1928.065
1697223000000,1928.085,1928.605,1927.848,1927.875
1697223300000,1927.845,1928.685,1927.845,1928.595
1697223600000,1928.605,1928.745,1928.095,1928.545
1697223900000,1928.555,1928.665,1928.205,1928.305
1697224200000,1928.325,1928.825,1927.755,1928.078
1697224500000,1928.078,1928.435,1927.768,1927.768
1697224800000,1927.828,1928.035,1927.645,1927.758
1697225100000,1927.738,1928.005,1927.605,1927.758
1697225400000,1927.758,1928.478,1927.758,1927.925
1697225700000,1927.915,1927.975,1927.735,1927.808
1697226000000,1927.788,1928.395,1927.758,1928.078
1697226300000,1927.975,1928.245,1927.878,1928.215
1697226600000,1928.195,1928.485,1928.108,1928.128
1697226900000,1928.128,1928.325,1927.888,1928.275
1697227200000,1928.375,1929.235,1928.085,1929.095
1697227500000,1929.095,1929.255,1928.625,1928.655
1697227800000,1928.655,1928.745,1928.315,1928.715
1697228100000,1928.725,1928.895,1928.428,1928.585
1697228400000,1928.585,1928.645,1928.325,1928.565
1697228700000,1928.565,1928.995,1928.488,1928.915
1697229000000,1928.875,1928.898,1928.615,1928.798
1697229300000,1928.818,1928.818,1927.998,1928.108
1697229600000,1928.108,1928.805,1927.985,1928.805
1697229900000,1928.805,1929.515,1928.635,1929.515
1697230200000,1929.515,1930.285,1929.455,1929.865
1697230500000,1929.835,1932.875,1927.005,1932.738
1697328000000,1923.355,1923.355,1923.355,1923.355
1697328300000,1923.355,1923.355,1923.355,1923.355
1697328600000,1923.355,1923.355,1923.355,1923.355
1697328900000,1923.355,1923.355,1923.355,1923.355
1697329200000,1923.355,1923.355,1923.355,1923.355
1697329500000,1923.355,1923.355,1923.355,1923.355
1697329800000,1923.355,1923.355,1923.355,1923.355
1697330100000,1923.355,1923.355,1923.355,1923.355
1697330400000,1923.355,1923.355,1923.355,1923.355
1697330700000,1923.355,1923.355,1923.355,1923.355
1697331000000,1923.355,1923.355,1923.355,1923.355
1697331300000,1923.355,1923.355,1923.355,1923.355
1697331600000,1923.355,1923.355,1923.355,1923.355
1697331900000,1923.355,1923.355,1923.355,1923.355
1697332200000,1923.355,1923.355,1923.355,1923.355
1697332500000,1923.355,1923.355,1923.355,1923.355
1697332800000,1923.355,1923.355,1923.355,1923.355
1697333100000,1923.355,1923.355,1923.355,1923.355
1697333400000,1923.355,1923.355,1923.355,1923.355
1697333700000,1923.355,1923.355,1923.355,1923.355
1697334000000,1923.355,1923.355,1923.355,1923.355
1697334300000,1923.355,1923.355,1923.355,1923.355
1697334600000,1923.355,1923.355,1923.355,1923.355
1697334900000,1923.355,1923.355,1923.355,1923.355
1697335200000,1923.355,1923.355,1923.355,1923.355
1697335500000,1923.355,1923.355,1923.355,1923.355
1697335800000,1923.355,1923.355,1923.355,1923.355
1697336100000,1923.355,1923.355,1923.355,1923.355
1697336400000,1923.355,1923.355,1923.355,1923.355
1697336700000,1923.355,1923.355,1923.355,1923.355
1697337000000,1923.355,1923.355,1923.355,1923.355
1697337300000,1923.355,1923.355,1923.355,1923.355
1697337600000,1923.355,1923.355,1923.355,1923.355
1697337900000,1923.355,1923.355,1923.355,1923.355
1697338200000,1923.355,1923.355,1923.355,1923.355
1697338500000,1923.355,1923.355,1923.355,1923.355
1697338800000,1923.355,1923.355,1923.355,1923.355
1697339100000,1923.355,1923.355,1923.355,1923.355
1697339400000,1923.355,1923.355,1923.355,1923.355
1697339700000,1923.355,1923.355,1923.355,1923.355
1697340000000,1923.355,1923.355,1923.355,1923.355
1697340300000,1923.355,1923.355,1923.355,1923.355
1697340600000,1923.355,1923.355,1923.355,1923.355
1697340900000,1923.355,1923.355,1923.355,1923.355
1697341200000,1923.355,1923.355,1923.355,1923.355
1697341500000,1923.355,1923.355,1923.355,1923.355
1697341800000,1923.355,1923.355,1923.355,1923.355
1697342100000,1923.355,1923.355,1923.355,1923.355
1697342400000,1923.355,1923.355,1923.355,1923.355
1697342700000,1923.355,1923.355,1923.355,1923.355
1697343000000,1923.355,1923.355,1923.355,1923.355
1697343300000,1923.355,1923.355,1923.355,1923.355
1697343600000,1923.355,1923.355,1923.355,1923.355
1697343900000,1923.355,1923.355,1923.355,1923.355
1697344200000,1923.355,1923.355,1923.355,1923.355
1697344500000,1923.355,1923.355,1923.355,1923.355
1697344800000,1923.355,1923.355,1923.355,1923.355
1697345100000,1923.355,1923.355,1923.355,1923.355
1697345400000,1923.355,1923.355,1923.355,1923.355
1697345700000,1923.355,1923.355,1923.355,1923.355
1697346000000,1923.355,1923.355,1923.355,1923.355
1697346300000,1923.355,1923.355,1923.355,1923.355
1697346600000,1923.355,1923.355,1923.355,1923.355
1697346900000,1923.355,1923.355,1923.355,1923.355
1697347200000,1923.355,1923.355,1923.355,1923.355
1697347500000,1923.355,1923.355,1923.355,1923.355
1697347800000,1923.355,1923.355,1923.355,1923.355
1697348100000,1923.355,1923.355,1923.355,1923.355
1697348400000,1923.355,1923.355,1923.355,1923.355
1697348700000,1923.355,1923.355,1923.355,1923.355
1697349000000,1923.355,1923.355,1923.355,1923.355
1697349300000,1923.355,1923.355,1923.355,1923.355
1697349600000,1923.355,1923.355,1923.355,1923.355
1697349900000,1923.355,1923.355,1923.355,1923.355
1697350200000,1923.355,1923.355,1923.355,1923.355
1697350500000,1923.355,1923.355,1923.355,1923.355
1697350800000,1923.355,1923.355,1923.355,1923.355
1697351100000,1923.355,1923.355,1923.355,1923.355
1697351400000,1923.355,1923.355,1923.355,1923.355
1697351700000,1923.355,1923.355,1923.355,1923.355
1697352000000,1923.355,1923.355,1923.355,1923.355
1697352300000,1923.355,1923.355,1923.355,1923.355
1697352600000,1923.355,1923.355,1923.355,1923.355
1697352900000,1923.355,1923.355,1923.355,1923.355
1697353200000,1923.355,1923.355,1923.355,1923.355
1697353500000,1923.355,1923.355,1923.355,1923.355
1697353800000,1923.355,1923.355,1923.355,1923.355
1697354100000,1923.355,1923.355,1923.355,1923.355
1697354400000,1923.355,1923.355,1923.355,1923.355
1697354700000,1923.355,1923.355,1923.355,1923.355
1697355000000,1923.355,1923.355,1923.355,1923.355
1697355300000,1923.355,1923.355,1923.355,1923.355
1697355600000,1923.355,1923.355,1923.355,1923.355
1697355900000,1923.355,1923.355,1923.355,1923.355
1697356200000,1923.355,1923.355,1923.355,1923.355
1697356500000,1923.355,1923.355,1923.355,1923.355
1697356800000,1923.355,1923.355,1923.355,1923.355
1697357100000,1923.355,1923.355,1923.355,1923.355
1697357400000,1923.355,1923.355,1923.355,1923.355
1697357700000,1923.355,1923.355,1923.355,1923.355
1697358000000,1923.355,1923.355,1923.355,1923.355
1697358300000,1923.355,1923.355,1923.355,1923.355
1697358600000,1923.355,1923.355,1923.355,1923.355
1697358900000,1923.355,1923.355,1923.355,1923.355
1697359200000,1923.355,1923.355,1923.355,1923.355
1697359500000,1923.355,1923.355,1923.355,1923.355
1697359800000,1923.355,1923.355,1923.355,1923.355
1697360100000,1923.355,1923.355,1923.355,1923.355
1697360400000,1923.355,1923.355,1923.355,1923.355
1697360700000,1923.355,1923.355,1923.355,1923.355
1697361000000,1923.355,1923.355,1923.355,1923.355
1697361300000,1923.355,1923.355,1923.355,1923.355
1697361600000,1923.355,1923.355,1923.355,1923.355
1697361900000,1923.355,1923.355,1923.355,1923.355
1697362200000,1923.355,1923.355,1923.355,1923.355
1697362500000,1923.355,1923.355,1923.355,1923.355
1697362800000,1923.355,1923.355,1923.355,1923.355
1697363100000,1923.355,1923.355,1923.355,1923.355
1697363400000,1923.355,1923.355,1923.355,1923.355
1697363700000,1923.355,1923.355,1923.355,1923.355
1697364000000,1923.355,1923.355,1923.355,1923.355
1697364300000,1923.355,1923.355,1923.355,1923.355
1697364600000,1923.355,1923.355,1923.355,1923.355
1697364900000,1923.355,1923.355,1923.355,1923.355
1697365200000,1923.355,1923.355,1923.355,1923.355
1697365500000,1923.355,1923.355,1923.355,1923.355
1697365800000,1923.355,1923.355,1923.355,1923.355
1697366100000,1923.355,1923.355,1923.355,1923.355
1697366400000,1923.355,1923.355,1923.355,1923.355
1697366700000,1923.355,1923.355,1923.355,1923.355
1697367000000,1923.355,1923.355,1923.355,1923.355
1697367300000,1923.355,1923.355,1923.355,1923.355
1697367600000,1923.355,1923.355,1923.355,1923.355
1697367900000,1923.355,1923.355,1923.355,1923.355
1697368200000,1923.355,1923.355,1923.355,1923.355
1697368500000,1923.355,1923.355,1923.355,1923.355
1697368800000,1923.355,1923.355,1923.355,1923.355
1697369100000,1923.355,1923.355,1923.355,1923.355
1697369400000,1923.355,1923.355,1923.355,1923.355
1697369700000,1923.355,1923.355,1923.355,1923.355
1697370000000,1923.355,1923.355,1923.355,1923.355
1697370300000,1923.355,1923.355,1923.355,1923.355
1697370600000,1923.355,1923.355,1923.355,1923.355
1697370900000,1923.355,1923.355,1923.355,1923.355
1697371200000,1923.355,1923.355,1923.355,1923.355
1697371500000,1923.355,1923.355,1923.355,1923.355
1697371800000,1923.355,1923.355,1923.355,1923.355
1697372100000,1923.355,1923.355,1923.355,1923.355
1697372400000,1923.355,1923.355,1923.355,1923.355
1697372700000,1923.355,1923.355,1923.355,1923.355
1697373000000,1923.355,1923.355,1923.355,1923.355
1697373300000,1923.355,1923.355,1923.355,1923.355
1697373600000,1923.355,1923.355,1923.355,1923.355
1697373900000,1923.355,1923.355,1923.355,1923.355
1697374200000,1923.355,1923.355,1923.355,1923.355
1697374500000,1923.355,1923.355,1923.355,1923.355
1697374800000,1923.355,1923.355,1923.355,1923.355
1697375100000,1923.355,1923.355,1923.355,1923.355
1697375400000,1923.355,1923.355,1923.355,1923.355
1697375700000,1923.355,1923.355,1923.355,1923.355
1697376000000,1923.355,1923.355,1923.355,1923.355
1697376300000,1923.355,1923.355,1923.355,1923.355
1697376600000,1923.355,1923.355,1923.355,1923.355
1697376900000,1923.355,1923.355,1923.355,1923.355
1697377200000,1923.355,1923.355,1923.355,1923.355
1697377500000,1923.355,1923.355,1923.355,1923.355
1697377800000,1923.355,1923.355,1923.355,1923.355
1697378100000,1923.355,1923.355,1923.355,1923.355
1697378400000,1923.355,1923.355,1923.355,1923.355
1697378700000,1923.355,1923.355,1923.355,1923.355
1697379000000,1923.355,1923.355,1923.355,1923.355
1697379300000,1923.355,1923.355,1923.355,1923.355
1697379600000,1923.355,1923.355,1923.355,1923.355
1697379900000,1923.355,1923.355,1923.355,1923.355
1697380200000,1923.355,1923.355,1923.355,1923.355
1697380500000,1923.355,1923.355,1923.355,1923.355
1697380800000,1923.355,1923.355,1923.355,1923.355
1697381100000,1923.355,1923.355,1923.355,1923.355
1697381400000,1923.355,1923.355,1923.355,1923.355
1697381700000,1923.355,1923.355,1923.355,1923.355
1697382000000,1923.355,1923.355,1923.355,1923.355
1697382300000,1923.355,1923.355,1923.355,1923.355
1697382600000,1923.355,1923.355,1923.355,1923.355
1697382900000,1923.355,1923.355,1923.355,1923.355
1697383200000,1923.355,1923.355,1923.355,1923.355
1697383500000,1923.355,1923.355,1923.355,1923.355
1697383800000,1923.355,1923.355,1923.355,1923.355
1697384100000,1923.355,1923.355,1923.355,1923.355
1697384400000,1923.355,1923.355,1923.355,1923.355
1697384700000,1923.355,1923.355,1923.355,1923.355
1697385000000,1923.355,1923.355,1923.355,1923.355
1697385300000,1923.355,1923.355,1923.355,1923.355
1697385600000,1923.355,1923.355,1923.355,1923.355
1697385900000,1923.355,1923.355,1923.355,1923.355
1697386200000,1923.355,1923.355,1923.355,1923.355
1697386500000,1923.355,1923.355,1923.355,1923.355
1697386800000,1923.355,1923.355,1923.355,1923.355
1697387100000,1923.355,1923.355,1923.355,1923.355
1697387400000,1923.355,1923.355,1923.355,1923.355
1697387700000,1923.355,1923.355,1923.355,1923.355
1697388000000,1923.355,1923.355,1923.355,1923.355
1697388300000,1923.355,1923.355,1923.355,1923.355
1697388600000,1923.355,1923.355,1923.355,1923.355
1697388900000,1923.355,1923.355,1923.355,1923.355
1697389200000,1923.355,1923.355,1923.355,1923.355
1697389500000,1923.355,1923.355,1923.355,1923.355
1697389800000,1923.355,1923.355,1923.355,1923.355
1697390100000,1923.355,1923.355,1923.355,1923.355
1697390400000,1923.355,1923.355,1923.355,1923.355
1697390700000,1923.355,1923.355,1923.355,1923.355
1697391000000,1923.355,1923.355,1923.355,1923.355
1697391300000,1923.355,1923.355,1923.355,1923.355
1697391600000,1923.355,1923.355,1923.355,1923.355
1697391900000,1923.355,1923.355,1923.355,1923.355
1697392200000,1923.355,1923.355,1923.355,1923.355
1697392500000,1923.355,1923.355,1923.355,1923.355
1697392800000,1923.355,1923.355,1923.355,1923.355
1697393100000,1923.355,1923.355,1923.355,1923.355
1697393400000,1923.355,1923.355,1923.355,1923.355
1697393700000,1923.355,1923.355,1923.355,1923.355
1697394000000,1923.355,1923.355,1923.355,1923.355
1697394300000,1923.355,1923.355,1923.355,1923.355
1697394600000,1923.355,1923.355,1923.355,1923.355
1697394900000,1923.355,1923.355,1923.355,1923.355
1697395200000,1923.355,1923.355,1923.355,1923.355
1697395500000,1923.355,1923.355,1923.355,1923.355
1697395800000,1923.355,1923.355,1923.355,1923.355
1697396100000,1923.355,1923.355,1923.355,1923.355
1697396400000,1923.355,1923.355,1923.355,1923.355
1697396700000,1923.355,1923.355,1923.355,1923.355
1697397000000,1923.355,1923.355,1923.355,1923.355
1697397300000,1923.355,1923.355,1923.355,1923.355
1697397600000,1923.355,1923.355,1923.355,1923.355
1697397900000,1923.355,1923.355,1923.355,1923.355
1697398200000,1923.355,1923.355,1923.355,1923.355
1697398500000,1923.355,1923.355,1923.355,1923.355
1697398800000,1923.355,1923.355,1923.355,1923.355
1697399100000,1923.355,1923.355,1923.355,1923.355
1697399400000,1923.355,1923.355,1923.355,1923.355
1697399700000,1923.355,1923.355,1923.355,1923.355
1697400000000,1923.355,1923.355,1923.355,1923.355
1697400300000,1923.355,1923.355,1923.355,1923.355
1697400600000,1923.355,1923.355,1923.355,1923.355
1697400900000,1923.355,1923.355,1923.355,1923.355
1697401200000,1923.355,1923.355,1923.355,1923.355
1697401500000,1923.355,1923.355,1923.355,1923.355
1697401800000,1923.355,1923.355,1923.355,1923.355
1697402100000,1923.355,1923.355,1923.355,1923.355
1697402400000,1923.355,1923.355,1923.355,1923.355
1697402700000,1923.355,1923.355,1923.355,1923.355
1697403000000,1923.355,1923.355,1923.355,1923.355
1697403300000,1923.355,1923.355,1923.355,1923.355
1697403600000,1923.355,1923.355,1923.355,1923.355
1697403900000,1923.355,1923.355,1923.355,1923.355
1697404200000,1923.355,1923.355,1923.355,1923.355
1697404500000,1923.355,1923.355,1923.355,1923.355
1697404800000,1923.355,1923.355,1923.355,1923.355
1697405100000,1923.355,1923.355,1923.355,1923.355
1697405400000,1923.355,1923.355,1923.355,1923.355
1697405700000,1923.355,1923.355,1923.355,1923.355
1697406000000,1923.355,1923.355,1923.355,1923.355
1697406300000,1923.355,1923.355,1923.355,1923.355
1697406600000,1923.355,1923.355,1923.355,1923.355
1697406900000,1923.355,1923.355,1923.355,1923.355
1697407200000,1927.998,1929.355,1921.245,1927.545
1697407500000,1927.575,1927.575,1924.904,1924.904
1697407800000,1925.034,1925.414,1921.034,1922.004
1697408100000,1922.024,1924.934,1921.324,1923.385
1697408400000,1923.515,1924.525,1923.515,1924.405
1697408700000,1924.385,1924.445,1922.975,1922.975
1697409000000,1922.995,1924.735,1922.625,1924.245
1697409300000,1924.205,1924.765,1923.345,1924.345
1697409600000,1924.355,1925.405,1924.065,1925.155
1697409900000,1925.145,1926.195,1925.035,1925.955
1697410200000,1925.985,1926.065,1924.635,1924.815
1697410500000,1924.855,1925.245,1924.054,1924.254
1697410800000,1924.284,1925.055,1924.065,1925.035
1697411100000,1925.055,1925.605,1924.945,1925.375
1697411400000,1925.415,1926.205,1925.385,1925.565
1697411700000,1925.545,1925.865,1925.025,1925.135
1697412000000,1925.195,1925.255,1922.605,1922.955
1697412300000,1922.985,1923.205,1921.485,1922.575
1697412600000,1922.705,1923.895,1922.365,1923.625
1697412900000,1923.665,1924.145,1922.875,1923.785
1697413200000,1923.785,1924.955,1923.285,1924.545
1697413500000,1924.625,1925.085,1923.918,1923.918
1697413800000,1923.918,1925.215,1923.918,1925.105
1697414100000,1925.115,1926.055,1925.075,1925.765
1697414400000,1925.775,1925.825,1924.725,1924.895
1697414700000,1924.895,1925.735,1924.485,1925.385
1697415000000,1925.415,1925.645,1925.035,1925.265
1697415300000,1925.285,1925.845,1924.115,1924.375
1697415600000,1924.395,1924.865,1923.485,1923.605
1697415900000,1923.615,1924.745,1923.485,1924.315
1697416200000,1924.375,1924.545,1923.648,1923.648
1697416500000,1923.658,1923.955,1922.765,1922.965
1697416800000,1922.935,1923.065,1922.225,1922.685
1697417100000,1922.735,1922.765,1921.315,1921.315
1697417400000,1921.325,1922.035,1921.305,1921.925
1697417700000,1921.925,1922.185,1921.375,1921.575
1697418000000,1921.565,1922.038,1921.255,1921.515
1697418300000,1921.525,1922.218,1921.095,1921.825
1697418600000,1921.835,1923.395,1921.835,1923.205
1697418900000,1923.195,1923.375,1922.665,1922.785
1697419200000,1922.715,1922.795,1922.175,1922.615
1697419500000,1922.625,1922.878,1922.425,1922.615
1697419800000,1922.625,1922.715,1922.145,1922.495
1697420100000,1922.515,1922.515,1921.775,1922.405
1697420400000,1922.395,1922.725,1921.148,1921.925
1697420700000,1921.935,1922.115,1921.365,1921.498
1697421000000,1921.495,1921.615,1920.478,1920.705
1697421300000,1920.695,1921.105,1920.315,1920.415
1697421600000,1920.425,1920.475,1919.815,1920.105
1697421900000,1920.125,1920.615,1920.105,1920.345
1697422200000,1920.365,1920.458,1920.225,1920.328
1697422500000,1920.328,1920.785,1920.075,1920.245
1697422800000,1920.245,1921.195,1920.155,1920.735
1697423100000,1920.805,1921.035,1920.715,1920.735
1697423400000,1920.765,1921.205,1920.745,1920.975
1697423700000,1921.025,1921.435,1920.915,1921.125
1697424000000,1921.135,1921.415,1920.705,1920.715
1697424300000,1920.725,1920.725,1918.875,1919.005
1697424600000,1919.005,1919.255,1918.375,1918.375
1697424900000,1918.395,1920.835,1918.395,1920.285
1697425200000,1920.285,1920.345,1919.595,1919.595
1697425500000,1919.615,1919.685,1918.755,1918.805
1697425800000,1918.815,1919.215,1918.815,1919.035
1697426100000,1919.055,1919.485,1918.538,1918.658
1697426400000,1918.658,1919.145,1917.955,1919.145
1697426700000,1919.125,1919.295,1918.615,1919.005
1697427000000,1919.015,1919.535,1918.545,1918.735
1697427300000,1918.715,1919.925,1918.645,1919.925
1697427600000,1919.925,1919.995,1919.518,1919.858
1697427900000,1919.858,1920.058,1919.705,1919.978
1697428200000,1919.978,1920.058,1919.795,1919.855
1697428500000,1919.845,1920.205,1919.665,1919.975
1697428800000,1919.985,1919.995,1919.038,1919.195
1697429100000,1919.165,1920.385,1919.155,1920.225
1697429400000,1920.245,1920.265,1919.865,1919.945
1697429700000,1919.955,1919.965,1919.165,1919.715
1697430000000,1919.675,1919.715,1919.375,1919.555
1697430300000,1919.565,1919.795,1919.185,1919.225
1697430600000,1919.305,1919.885,1919.185,1919.615
1697430900000,1919.575,1919.885,1919.225,1919.845
1697431200000,1919.865,1920.225,1919.785,1920.005
1697431500000,1920.025,1920.355,1919.885,1919.885
1697431800000,1919.885,1920.125,1919.805,1920.045
1697432100000,1920.025,1920.165,1919.945,1920.055
1697432400000,1920.085,1920.085,1919.485,1919.505
1697432700000,1919.485,1919.655,1919.435,1919.655
1697433000000,1919.675,1919.745,1919.515,1919.695
1697433300000,1919.715,1919.798,1919.445,1919.765
1697433600000,1919.755,1919.758,1919.425,1919.495
1697433900000,1919.525,1919.818,1919.478,1919.675
1697434200000,1919.705,1919.755,1918.798,1918.978
1697434500000,1918.958,1919.258,1918.685,1918.955
1697434800000,1918.975,1919.415,1918.825,1919.258
1697435100000,1919.258,1919.598,1917.818,1918.108
1697435400000,1918.108,1918.108,1914.505,1914.555
1697435700000,1914.565,1916.315,1914.105,1914.945
1697436000000,1914.905,1915.765,1912.245,1913.265
1697436300000,1913.215,1914.705,1913.065,1914.455
1697436600000,1914.505,1915.355,1913.395,1914.975
1697436900000,1914.995,1915.515,1913.825,1915.495
1697437200000,1915.495,1915.495,1914.255,1914.355
1697437500000,1914.365,1914.365,1912.184,1912.518
1697437800000,1912.518,1913.555,1912.438,1912.995
1697438100000,1913.005,1913.295,1912.215,1912.445
1697438400000,1912.445,1913.075,1911.975,1912.795
1697438700000,1912.765,1912.775,1911.225,1911.445
1697439000000,1911.455,1912.035,1910.165,1910.175
1697439300000,1910.155,1910.535,1909.108,1909.835
1697439600000,1909.835,1909.935,1908.085,1909.725
1697439900000,1909.658,1910.485,1908.875,1909.305
1697440200000,1909.265,1911.275,1909.255,1911.045
1697440500000,1911.055,1911.935,1910.795,1910.955
1697440800000,1910.975,1912.315,1910.585,1911.215
1697441100000,1911.205,1911.485,1910.265,1911.125
1697441400000,1911.145,1912.068,1909.965,1910.155
1697441700000,1910.145,1911.805,1909.955,1910.675
1697442000000,1910.675,1910.765,1909.995,1910.425
1697442300000,1910.455,1911.495,1910.335,1910.995
1697442600000,1910.995,1911.105,1910.555,1910.635
1697442900000,1910.655,1911.735,1910.645,1911.365
1697443200000,1911.365,1912.775,1911.325,1912.685
1697443500000,1912.705,1913.395,1912.425,1912.665
1697443800000,1912.695,1913.445,1912.205,1912.555
1697444100000,1912.575,1913.265,1912.295,1912.555
1697444400000,1912.535,1912.565,1911.305,1911.305
1697444700000,1911.295,1911.475,1909.865,1910.245
1697445000000,1910.235,1912.115,1910.055,1912.075
1697445300000,1912.045,1913.095,1911.835,1912.235
1697445600000,1912.215,1912.855,1911.445,1912.795
1697445900000,1912.755,1913.025,1912.065,1912.505
1697446200000,1912.515,1912.625,1911.295,1911.355
1697446500000,1911.335,1911.925,1911.105,1911.525
1697446800000,1911.505,1912.255,1911.125,1911.645
1697447100000,1911.635,1912.155,1911.495,1912.125
1697447400000,1912.145,1912.895,1911.915,1912.895
1697447700000,1912.925,1914.575,1912.875,1913.388
1697448000000,1913.385,1913.645,1913.105,1913.485
1697448300000,1913.465,1913.905,1913.435,1913.845
1697448600000,1913.865,1914.775,1913.865,1914.425
1697448900000,1914.415,1916.455,1914.235,1916.455
1697449200000,1916.455,1916.455,1914.895,1915.615
1697449500000,1915.605,1916.105,1915.405,1916.035
1697449800000,1916.015,1916.125,1915.415,1915.945
1697450100000,1915.955,1916.265,1915.765,1916.085
1697450400000,1916.085,1916.615,1915.835,1916.585
1697450700000,1916.565,1916.825,1914.708,1914.845
1697451000000,1914.845,1915.965,1914.415,1915.535
1697451300000,1915.525,1915.875,1915.175,1915.785
1697451600000,1915.815,1917.395,1915.815,1917.378
1697451900000,1917.374,1917.464,1916.465,1917.245
1697452200000,1917.225,1917.484,1916.545,1916.588
1697452500000,1916.588,1916.588,1915.905,1916.455
1697452800000,1916.445,1916.525,1915.878,1916.018
1697453100000,1915.918,1916.325,1915.398,1916.175
1697453400000,1916.155,1916.725,1916.055,1916.305
1697453700000,1916.265,1918.255,1916.265,1917.875
1697454000000,1917.895,1918.175,1916.915,1917.425
1697454300000,1917.405,1917.505,1916.118,1916.955
1697454600000,1916.975,1917.155,1916.528,1916.758
1697454900000,1916.768,1917.024,1915.525,1915.525
1697455200000,1915.535,1916.615,1915.128,1916.025
1697455500000,1916.015,1916.565,1915.845,1916.025
1697455800000,1916.055,1916.234,1915.265,1915.585
1697456100000,1915.545,1916.125,1914.768,1915.878
1697456400000,1915.868,1916.305,1915.198,1916.078
1697456700000,1916.058,1916.115,1914.674,1915.935
1697457000000,1915.925,1915.925,1914.648,1914.758
1697457300000,1914.728,1915.998,1914.668,1915.535
1697457600000,1915.515,1915.935,1914.668,1915.285
1697457900000,1915.265,1916.835,1914.535,1916.778
1697458200000,1916.818,1917.175,1916.175,1916.885
1697458500000,1916.895,1918.125,1916.425,1918.055
1697458800000,1918.045,1924.428,1918.045,1923.335
1697459100000,1923.294,1923.315,1921.535,1922.428
1697459400000,1922.394,1923.028,1919.095,1919.378
1697459700000,1919.378,1921.055,1918.278,1920.075
1697460000000,1920.045,1920.265,1917.925,1918.095
1697460300000,1918.085,1918.085,1916.795,1917.605
1697460600000,1917.625,1919.028,1917.625,1918.718
1697460900000,1918.685,1919.028,1917.908,1918.565
1697461200000,1918.605,1918.725,1916.908,1918.135
1697461500000,1918.095,1918.678,1917.365,1918.248
1697461800000,1918.245,1918.695,1917.648,1918.465
1697462100000,1918.435,1918.865,1916.915,1918.358
1697462400000,1918.365,1918.595,1917.125,1917.275
1697462700000,1917.285,1918.065,1916.125,1917.275
1697463000000,1917.275,1917.735,1915.418,1916.115
1697463300000,1916.145,1916.165,1914.365,1915.045
1697463600000,1915.105,1918.525,1914.955,1918.525
1697463900000,1918.515,1921.078,1918.515,1920.885
1697464200000,1920.895,1921.078,1917.835,1918.495
1697464500000,1918.505,1918.835,1917.585,1917.865
1697464800000,1917.845,1918.725,1917.545,1918.395
1697465100000,1918.435,1918.435,1916.135,1917.115
1697465400000,1917.175,1919.295,1916.875,1918.825
1697465700000,1918.845,1919.895,1917.875,1919.058
1697466000000,1919.065,1920.318,1918.105,1918.225
1697466300000,1918.205,1918.665,1916.554,1917.165
1697466600000,1917.175,1919.395,1916.705,1917.038
1697466900000,1917.045,1917.568,1916.455,1917.475
1697467200000,1917.485,1918.585,1916.725,1917.105
1697467500000,1917.085,1918.345,1916.325,1918.125
1697467800000,1918.115,1918.135,1916.925,1917.305
1697468100000,1917.285,1918.635,1917.235,1918.055
1697468400000,1918.095,1920.105,1917.865,1920.025
1697468700000,1920.078,1921.385,1919.598,1920.575
1697469000000,1920.555,1921.295,1919.855,1920.735
1697469300000,1920.748,1922.105,1920.358,1921.645
1697469600000,1921.558,1921.805,1920.945,1921.065
1697469900000,1921.075,1921.615,1920.598,1921.375
1697470200000,1921.365,1922.025,1921.035,1921.865
1697470500000,1921.885,1921.978,1920.895,1921.465
1697470800000,1921.515,1922.005,1921.035,1921.565
1697471100000,1921.565,1921.685,1921.085,1921.345
1697471400000,1921.365,1922.225,1921.045,1921.965
1697471700000,1921.985,1922.015,1921.275,1921.405
1697472000000,1921.435,1921.925,1921.335,1921.895
1697472300000,1921.835,1921.865,1920.648,1920.958
1697472600000,1920.938,1921.048,1920.285,1920.475
1697472900000,1920.465,1921.705,1920.465,1921.605
1697473200000,1921.595,1921.605,1920.288,1920.645
1697473500000,1920.625,1921.385,1920.425,1921.245
1697473800000,1921.248,1921.325,1920.295,1920.885
1697474100000,1920.855,1921.205,1920.495,1920.895
1697474400000,1920.915,1921.165,1920.235,1920.965
1697474700000,1921.015,1921.355,1920.575,1920.585
1697475000000,1920.554,1921.105,1920.198,1921.085
1697475300000,1921.065,1921.858,1920.995,1921.768
1697475600000,1921.768,1922.705,1921.738,1922.238
1697475900000,1922.238,1922.268,1921.395,1921.605
1697476200000,1921.615,1921.735,1921.305,1921.405
1697476500000,1921.335,1921.725,1920.805,1921.155
1697476800000,1921.155,1921.485,1920.675,1920.995
1697477100000,1921.005,1921.875,1920.885,1921.225
1697477400000,1921.215,1921.255,1920.145,1920.145
1697477700000,1920.115,1920.135,1919.375,1920.075
1697478000000,1920.065,1920.335,1919.515,1919.705
1697478300000,1919.715,1919.715,1918.685,1918.755
1697478600000,1918.775,1919.515,1918.455,1919.395
1697478900000,1919.415,1919.545,1919.015,1919.035
1697479200000,1919.075,1919.165,1918.685,1919.105
1697479500000,1919.125,1919.305,1918.735,1919.015
1697479800000,1919.025,1919.455,1918.955,1919.455
1697480100000,1919.455,1919.625,1919.055,1919.095
1697480400000,1919.085,1919.215,1918.635,1918.775
1697480700000,1918.755,1919.495,1918.665,1919.395
1697481000000,1919.375,1919.435,1919.065,1919.175
1697481300000,1919.175,1919.205,1918.735,1919.045
1697481600000,1919.045,1919.405,1918.905,1919.255
1697481900000,1919.245,1919.245,1918.895,1918.975
1697482200000,1918.975,1919.135,1918.935,1919.035
1697482500000,1919.035,1919.105,1918.665,1918.975
1697482800000,1918.975,1919.215,1918.455,1918.465
1697483100000,1918.465,1918.565,1917.775,1918.185
1697483400000,1918.205,1919.698,1918.205,1919.595
1697483700000,1919.575,1919.575,1918.775,1918.935
1697484000000,1918.945,1919.905,1918.945,1919.815
1697484300000,1919.795,1920.145,1919.545,1919.545
1697484600000,1919.555,1920.175,1919.535,1920.155
1697484900000,1920.205,1920.645,1919.515,1919.525
1697485200000,1919.535,1919.645,1919.245,1919.325
1697485500000,1919.385,1919.545,1919.255,1919.375
1697485800000,1919.375,1919.525,1919.185,1919.285
1697486100000,1919.245,1919.405,1918.865,1918.885
1697486400000,1918.885,1919.245,1918.885,1919.175
1697486700000,1919.185,1919.325,1919.185,1919.275
1697487000000,1919.285,1919.285,1919.175,1919.185
1697487300000,1919.185,1919.345,1919.095,1919.245
1697487600000,1919.315,1919.655,1919.315,1919.605
1697487900000,1919.575,1919.575,1919.375,1919.435
1697488200000,1919.385,1919.798,1919.385,1919.795
1697488500000,1919.755,1919.845,1919.648,1919.748
1697488800000,1919.728,1919.738,1919.598,1919.718
1697489100000,1919.718,1919.878,1919.685,1919.708
1697489400000,1919.728,1919.798,1919.538,1919.635
1697489700000,1919.628,1919.965,1919.138,1919.138
1697490000000,1919.138,1919.138,1919.138,1919.138
1697490300000,1919.138,1919.138,1919.138,1919.138
1697490600000,1919.138,1919.138,1919.138,1919.138
1697490900000,1919.138,1919.138,1919.138,1919.138
1697491200000,1919.138,1919.138,1919.138,1919.138
1697491500000,1919.138,1919.138,1919.138,1919.138
1697491800000,1919.138,1919.138,1919.138,1919.138
1697492100000,1919.138,1919.138,1919.138,1919.138
1697492400000,1919.138,1919.138,1919.138,1919.138
1697492700000,1919.138,1919.138,1919.138,1919.138
1697493000000,1919.138,1919.138,1919.138,1919.138
1697493300000,1919.138,1919.138,1919.138,1919.138
1697493600000,1919.138,1920.035,1919.138,1919.678
1697493900000,1919.695,1919.775,1919.535,1919.535
1697494200000,1919.545,1919.545,1918.885,1918.885
1697494500000,1918.895,1919.405,1918.715,1919.165
1697494800000,1919.105,1919.595,1919.005,1919.005
1697495100000,1918.985,1919.565,1918.955,1919.535
1697495400000,1919.535,1920.295,1919.305,1920.175
1697495700000,1920.175,1920.735,1920.175,1920.325
1697496000000,1920.345,1920.905,1920.145,1920.508
1697496300000,1920.508,1920.528,1920.045,1920.045
1697496600000,1920.045,1920.055,1919.218,1919.248
1697496900000,1919.218,1919.278,1918.635,1918.728
1697497200000,1918.685,1919.528,1918.665,1919.528
1697497500000,1919.528,1919.978,1919.328,1919.928
1697497800000,1919.918,1920.245,1919.545,1919.695
1697498100000,1919.715,1920.225,1919.715,1920.145
1697498400000,1920.165,1920.215,1920.055,1920.175
1697498700000,1920.145,1920.265,1920.105,1920.105
1697499000000,1920.095,1920.955,1920.005,1920.955
1697499300000,1920.955,1921.725,1920.735,1921.135
1697499600000,1921.085,1921.415,1920.365,1920.485
1697499900000,1920.495,1920.565,1920.315,1920.385
1697500200000,1920.415,1920.475,1919.815,1919.935
1697500500000,1919.945,1919.965,1918.715,1919.355
1697500800000,1919.355,1919.935,1919.295,1919.435
1697501100000,1919.445,1919.785,1919.435,1919.715
1697501400000,1919.725,1919.775,1918.765,1919.065
1697501700000,1919.055,1919.065,1918.058,1918.058
1697502000000,1918.058,1918.358,1917.785,1918.048
1697502300000,1918.058,1918.675,1918.048,1918.345
1697502600000,1918.355,1918.375,1916.758,1916.965
1697502900000,1916.975,1917.495,1914.275,1914.705
1697503200000,1914.705,1916.325,1914.705,1916.305
1697503500000,1916.305,1916.325,1915.455,1915.798
1697503800000,1915.745,1915.818,1915.168,1915.505
1697504100000,1915.515,1916.628,1915.498,1916.465
1697504400000,1916.485,1916.555,1915.948,1916.208
1697504700000,1916.208,1916.895,1916.005,1916.095
1697505000000,1916.105,1916.385,1915.805,1915.885
1697505300000,1915.875,1916.995,1915.735,1916.975
1697505600000,1916.975,1917.485,1916.515,1916.625
1697505900000,1916.585,1916.755,1915.765,1915.858
1697506200000,1915.825,1915.968,1915.505,1915.625
1697506500000,1915.655,1915.715,1914.125,1914.265
1697506800000,1914.255,1914.585,1913.235,1914.445
1697507100000,1914.465,1915.755,1914.455,1915.305
1697507400000,1915.315,1915.615,1914.565,1914.635
1697507700000,1914.655,1915.235,1914.455,1915.015
1697508000000,1915.025,1915.045,1914.235,1914.565
1697508300000,1914.555,1914.595,1913.645,1913.955
1697508600000,1913.935,1914.565,1913.895,1914.115
1697508900000,1914.155,1914.155,1913.045,1913.615
1697509200000,1913.635,1913.735,1912.565,1913.295
1697509500000,1913.285,1913.295,1912.315,1912.415
1697509800000,1912.405,1913.385,1912.405,1913.295
1697510100000,1913.295,1913.515,1913.015,1913.295
1697510400000,1913.345,1914.875,1913.005,1914.475
1697510700000,1914.405,1914.585,1913.765,1913.855
1697511000000,1913.858,1914.305,1913.545,1914.305
1697511300000,1914.345,1915.055,1913.975,1914.685
1697511600000,1914.695,1915.115,1914.675,1914.908
1697511900000,1914.908,1915.078,1914.678,1914.935
1697512200000,1914.935,1915.558,1914.865,1915.448
1697512500000,1915.438,1915.538,1915.095,1915.215
1697512800000,1915.225,1915.508,1914.515,1914.555
1697513100000,1914.565,1915.078,1914.235,1915.078
1697513400000,1915.078,1915.478,1914.785,1915.478
1697513700000,1915.455,1916.148,1915.425,1915.858
1697514000000,1915.875,1916.155,1915.655,1916.065
1697514300000,1916.085,1916.115,1915.505,1915.795
1697514600000,1915.795,1916.065,1915.775,1916.035
1697514900000,1916.025,1916.775,1915.945,1916.775
1697515200000,1916.775,1916.885,1916.115,1916.125
1697515500000,1916.125,1916.308,1915.555,1915.595
1697515800000,1915.598,1915.598,1915.225,1915.375
1697516100000,1915.355,1915.905,1915.115,1915.645
1697516400000,1915.635,1915.685,1914.394,1914.435
1697516700000,1914.435,1915.185,1914.395,1914.975
1697517000000,1914.955,1915.835,1914.955,1915.735
1697517300000,1915.705,1915.735,1915.428,1915.655
1697517600000,1915.635,1915.635,1915.125,1915.355
1697517900000,1915.345,1915.835,1915.345,1915.495
1697518200000,1915.515,1915.555,1915.125,1915.125
1697518500000,1915.105,1915.165,1914.495,1914.605
1697518800000,1914.655,1915.135,1914.145,1915.075
1697519100000,1915.075,1916.358,1915.045,1916.225
1697519400000,1916.205,1916.405,1915.915,1916.035
1697519700000,1916.025,1916.175,1915.715,1916.165
1697520000000,1916.185,1916.245,1915.785,1916.035
1697520300000,1916.035,1916.075,1915.635,1915.635
1697520600000,1915.615,1915.615,1914.785,1915.065
1697520900000,1915.055,1915.645,1914.855,1915.295
1697521200000,1915.315,1915.655,1914.925,1915.065
1697521500000,1915.065,1915.425,1914.845,1915.425
1697521800000,1915.435,1916.685,1915.375,1916.575
1697522100000,1916.575,1916.735,1916.085,1916.335
1697522400000,1916.325,1917.105,1916.075,1916.785
1697522700000,1916.725,1917.545,1916.585,1917.305
1697523000000,1917.315,1917.885,1917.165,1917.675
1697523300000,1917.695,1917.945,1917.038,1917.294
1697523600000,1917.298,1917.418,1915.498,1916.585
1697523900000,1916.555,1917.395,1916.195,1917.395
1697524200000,1917.405,1917.405,1916.575,1917.005
1697524500000,1916.985,1917.075,1916.695,1917.075
1697524800000,1917.135,1917.605,1916.995,1917.245
1697525100000,1917.235,1917.995,1917.005,1917.425
1697525400000,1917.465,1917.485,1916.515,1916.805
1697525700000,1916.795,1917.345,1916.625,1917.285
1697526000000,1917.265,1917.915,1917.065,1917.635
1697526300000,1917.645,1920.145,1917.545,1919.635
1697526600000,1919.615,1920.295,1919.355,1919.498
1697526900000,1919.448,1920.075,1919.158,1919.985
1697527200000,1919.975,1920.285,1919.525,1919.565
1697527500000,1919.595,1920.215,1919.465,1919.645
1697527800000,1919.665,1920.185,1918.138,1918.515
1697528100000,1918.515,1919.295,1918.035,1919.195
1697528400000,1919.215,1919.655,1919.055,1919.475
1697528700000,1919.455,1921.205,1919.345,1921.124
1697529000000,1921.125,1921.235,1920.155,1920.388
1697529300000,1920.408,1920.418,1919.215,1919.995
1697529600000,1919.955,1919.955,1918.545,1919.215
1697529900000,1919.215,1919.785,1918.765,1919.785
1697530200000,1919.775,1920.285,1919.525,1920.005
1697530500000,1919.995,1920.035,1919.115,1919.695
1697530800000,1919.675,1919.985,1918.845,1919.325
1697531100000,1919.315,1919.795,1919.195,1919.635
1697531400000,1919.695,1919.808,1918.995,1919.415
1697531700000,1919.395,1919.395,1918.625,1918.985
1697532000000,1918.965,1920.465,1918.965,1919.565
1697532300000,1919.585,1919.585,1918.585,1919.135
1697532600000,1919.115,1919.235,1918.855,1919.125
1697532900000,1919.135,1919.305,1918.935,1919.185
1697533200000,1919.205,1920.915,1918.825,1920.735
1697533500000,1920.725,1920.895,1920.318,1920.895
1697533800000,1920.865,1920.865,1920.415,1920.465
1697534100000,1920.485,1921.715,1920.485,1921.625
1697534400000,1921.605,1923.325,1921.605,1922.995
1697534700000,1922.985,1922.985,1922.205,1922.675
1697535000000,1922.685,1923.545,1922.595,1923.225
1697535300000,1923.175,1923.175,1921.848,1921.894
1697535600000,1921.898,1922.425,1921.848,1922.345
1697535900000,1922.365,1923.075,1922.345,1923.045
1697536200000,1923.055,1923.705,1922.555,1923.645
1697536500000,1923.645,1923.645,1922.575,1922.915
1697536800000,1922.925,1923.415,1922.495,1923.175
1697537100000,1923.185,1923.315,1922.525,1922.815
1697537400000,1922.805,1925.845,1922.765,1925.605
1697537700000,1925.645,1926.518,1924.065,1924.315
1697538000000,1924.298,1924.438,1923.605,1923.895
1697538300000,1923.898,1925.015,1923.665,1923.955
1697538600000,1923.965,1924.095,1923.345,1924.095
1697538900000,1924.085,1924.665,1923.995,1924.465
1697539200000,1924.495,1924.525,1923.078,1923.405
1697539500000,1923.395,1924.095,1923.375,1924.045
1697539800000,1924.048,1924.455,1923.965,1923.985
1697540100000,1923.995,1924.035,1923.255,1923.315
1697540400000,1923.325,1923.758,1922.154,1922.378
1697540700000,1922.398,1923.535,1922.054,1922.745
1697541000000,1922.735,1923.475,1922.635,1923.168
1697541300000,1923.188,1923.598,1922.914,1923.548
1697541600000,1923.538,1924.355,1923.508,1923.805
1697541900000,1923.825,1923.905,1923.005,1923.498
1697542200000,1923.498,1924.415,1923.395,1924.385
1697542500000,1924.405,1925.515,1924.385,1925.175
1697542800000,1925.155,1925.155,1924.495,1924.505
1697543100000,1924.495,1924.565,1923.675,1923.885
1697543400000,1923.895,1924.225,1923.735,1923.915
1697543700000,1923.905,1923.965,1923.415,1923.965
1697544000000,1923.875,1924.845,1923.635,1924.615
1697544300000,1924.578,1924.645,1923.855,1924.645
1697544600000,1924.675,1926.244,1924.625,1926.165
1697544900000,1926.155,1927.355,1925.538,1927.205
1697545200000,1927.185,1928.955,1926.245,1926.945
1697545500000,1926.985,1927.115,1926.225,1926.444
1697545800000,1926.425,1926.425,1918.915,1920.275
1697546100000,1920.245,1922.455,1920.245,1921.625
1697546400000,1921.625,1924.238,1921.615,1923.798
1697546700000,1923.828,1925.648,1922.668,1925.598
1697547000000,1925.598,1927.728,1925.388,1927.084
1697547300000,1927.084,1927.084,1925.725,1925.915
1697547600000,1925.905,1926.755,1922.728,1923.024
1697547900000,1923.058,1924.725,1922.125,1924.185
1697548200000,1924.175,1924.525,1923.035,1923.504
1697548500000,1923.554,1925.255,1922.988,1924.294
1697548800000,1924.298,1925.278,1923.778,1924.198
1697549100000,1924.178,1924.208,1922.738,1923.115
1697549400000,1923.108,1923.158,1920.748,1922.265
1697549700000,1922.278,1925.578,1922.135,1925.204
1697550000000,1925.278,1925.338,1922.678,1924.114
1697550300000,1924.138,1931.414,1923.908,1927.838
1697550600000,1927.838,1929.174,1927.668,1928.344
1697550900000,1928.348,1928.828,1926.758,1927.644
1697551200000,1927.675,1929.395,1927.328,1927.745
1697551500000,1927.755,1928.835,1926.574,1928.565
1697551800000,1928.535,1930.798,1928.395,1930.245
1697552100000,1930.245,1930.805,1928.675,1928.695
1697552400000,1928.715,1928.985,1925.935,1927.225
1697552700000,1927.185,1927.755,1926.475,1927.085
1697553000000,1927.075,1927.178,1925.395,1926.015
1697553300000,1926.025,1926.925,1925.445,1925.955
1697553600000,1925.955,1926.245,1923.275,1924.685
1697553900000,1924.725,1925.698,1923.308,1923.368
1697554200000,1923.354,1924.285,1922.825,1922.955
1697554500000,1922.915,1924.015,1922.615,1923.945
1697554800000,1923.975,1924.825,1923.095,1924.745
1697555100000,1924.728,1924.808,1922.965,1923.285
1697555400000,1923.305,1926.485,1923.285,1925.968
1697555700000,1925.924,1926.248,1923.935,1924.355
1697556000000,1924.385,1925.435,1924.305,1924.405
1697556300000,1924.315,1924.965,1923.615,1924.505
1697556600000,1924.485,1925.325,1924.325,1925.078
1697556900000,1925.035,1925.898,1925.018,1925.058
1697557200000,1925.048,1925.778,1924.768,1925.718
1697557500000,1925.678,1926.205,1924.545,1925.448
1697557800000,1925.428,1926.268,1925.394,1926.208
1697558100000,1926.185,1926.805,1925.705,1926.718
1697558400000,1926.718,1926.718,1924.955,1925.068
1697558700000,1925.135,1926.245,1924.925,1926.245
1697559000000,1926.265,1926.285,1924.975,1925.075
1697559300000,1925.085,1925.105,1923.595,1924.605
1697559600000,1924.655,1925.295,1924.225,1924.645
1697559900000,1924.645,1925.205,1924.355,1924.715
1697560200000,1924.665,1924.685,1923.095,1923.885
1697560500000,1923.975,1924.695,1923.895,1924.685
1697560800000,1924.705,1924.705,1922.935,1923.075
1697561100000,1923.065,1924.485,1923.055,1924.455
1697561400000,1924.455,1924.595,1923.845,1924.535
1697561700000,1924.515,1924.635,1923.545,1924.015
1697562000000,1924.035,1925.045,1923.975,1924.805
1697562300000,1924.775,1924.905,1924.025,1924.905
1697562600000,1924.905,1924.905,1924.205,1924.225
1697562900000,1924.205,1924.575,1923.815,1924.575
1697563200000,1924.585,1924.595,1923.415,1923.585
1697563500000,1923.635,1924.025,1922.515,1922.605
1697563800000,1922.695,1923.315,1922.525,1922.575
1697564100000,1922.545,1922.635,1921.905,1921.905
1697564400000,1921.915,1922.215,1920.255,1920.605
1697564700000,1920.625,1921.325,1920.375,1920.915
1697565000000,1920.915,1921.525,1919.935,1919.965
1697565300000,1919.955,1920.595,1919.585,1919.705
1697565600000,1919.705,1920.025,1919.075,1919.625
1697565900000,1919.635,1920.555,1919.435,1920.515
1697566200000,1920.505,1920.925,1920.475,1920.665
1697566500000,1920.655,1920.875,1919.035,1919.235
1697566800000,1919.245,1920.375,1919.245,1920.365
1697567100000,1920.335,1920.925,1920.235,1920.235
1697567400000,1920.255,1920.495,1919.825,1920.435
1697567700000,1920.465,1920.915,1920.295,1920.495
1697568000000,1920.505,1920.625,1919.555,1919.745
1697568300000,1919.728,1920.415,1919.655,1920.285
1697568600000,1920.305,1920.985,1919.815,1920.955
1697568900000,1920.925,1922.035,1920.905,1921.965
1697569200000,1921.985,1922.335,1921.795,1921.985
1697569500000,1921.985,1923.335,1921.985,1923.285
1697569800000,1923.305,1924.015,1923.255,1923.825
1697570100000,1923.815,1924.385,1923.685,1924.315
1697570400000,1924.355,1924.625,1924.155,1924.505
1697570700000,1924.515,1925.015,1924.258,1924.395
1697571000000,1924.415,1924.475,1923.655,1923.715
1697571300000,1923.705,1924.185,1923.615,1924.065
1697571600000,1924.045,1924.045,1923.445,1923.565
1697571900000,1923.585,1923.705,1923.095,1923.115
1697572200000,1923.115,1923.375,1922.855,1923.025
1697572500000,1923.015,1923.165,1922.545,1922.545
1697572800000,1922.565,1922.915,1922.215,1922.395
1697573100000,1922.385,1922.625,1922.075,1922.195
1697573400000,1922.215,1922.295,1922.055,1922.185
1697573700000,1922.215,1922.435,1922.185,1922.435
1697574000000,1922.455,1922.535,1922.275,1922.285
1697574300000,1922.275,1922.335,1922.135,1922.155
1697574600000,1922.065,1922.398,1922.038,1922.378
1697574900000,1922.378,1922.678,1922.338,1922.618
1697575200000,1922.635,1923.088,1922.585,1923.078
1697575500000,1923.075,1923.078,1922.765,1922.928
1697575800000,1922.898,1922.918,1922.665,1922.848
1697576100000,1922.848,1923.075,1922.798,1922.798
1697576400000,1922.798,1922.798,1922.798,1922.798
1697576700000,1922.798,1922.798,1922.798,1922.798
1697577000000,1922.798,1922.798,1922.798,1922.798
1697577300000,1922.798,1922.798,1922.798,1922.798
1697577600000,1922.798,1922.798,1922.798,1922.798
1697577900000,1922.798,1922.798,1922.798,1922.798
1697578200000,1922.798,1922.798,1922.798,1922.798
1697578500000,1922.798,1922.798,1922.798,1922.798
1697578800000,1922.798,1922.798,1922.798,1922.798
1697579100000,1922.798,1922.798,1922.798,1922.798
1697579400000,1922.798,1922.798,1922.798,1922.798
1697579700000,1922.798,1922.798,1922.798,1922.798
1697580000000,1922.495,1923.798,1922.288,1923.128
1697580300000,1923.185,1923.495,1923.185,1923.405
1697580600000,1923.385,1923.775,1923.385,1923.775
1697580900000,1923.795,1924.605,1923.515,1924.485
1697581200000,1924.545,1924.645,1924.455,1924.545
1697581500000,1924.525,1924.835,1924.475,1924.835
1697581800000,1924.835,1924.945,1924.705,1924.815
1697582100000,1924.795,1924.995,1924.685,1924.805
1697582400000,1924.825,1925.175,1924.745,1925.155
1697582700000,1925.095,1925.245,1925.045,1925.135
1697583000000,1925.145,1925.145,1924.918,1925.065
1697583300000,1925.065,1925.385,1924.678,1924.685
1697583600000,1924.728,1925.108,1924.728,1924.978
1697583900000,1924.978,1924.978,1924.208,1924.215
1697584200000,1924.195,1924.345,1923.975,1924.315
1697584500000,1924.305,1924.305,1924.045,1924.045
1697584800000,1924.065,1924.255,1924.005,1924.135
1697585100000,1924.155,1924.275,1924.078,1924.135
1697585400000,1924.145,1925.095,1924.025,1925.015
1697585700000,1925.025,1925.385,1925.025,1925.225
1697586000000,1925.215,1925.215,1924.835,1924.865
1697586300000,1924.878,1925.145,1924.695,1925.005
1697586600000,1925.015,1925.065,1924.345,1924.378
1697586900000,1924.358,1924.578,1924.198,1924.548
1697587200000,1924.565,1924.778,1923.678,1924.235
1697587500000,1924.245,1925.238,1924.218,1925.228
1697587800000,1925.228,1925.938,1925.098,1925.928
1697588100000,1925.844,1927.345,1925.835,1927.245
1697588400000,1927.275,1927.355,1925.778,1925.945
1697588700000,1925.965,1926.545,1925.448,1926.045
1697589000000,1926.115,1926.335,1925.745,1926.028
1697589300000,1926.028,1926.235,1925.678,1925.728
1697589600000,1925.738,1928.128,1925.585,1927.808
1697589900000,1927.708,1927.858,1927.048,1927.358
1697590200000,1927.358,1927.358,1926.695,1927.145
1697590500000,1927.125,1928.078,1927.035,1927.295
1697590800000,1927.305,1928.165,1926.758,1927.485
1697591100000,1927.505,1928.395,1927.505,1927.865
1697591400000,1927.865,1929.335,1927.485,1929.175
1697591700000,1929.195,1929.565,1928.994,1929.365
1697592000000,1929.355,1930.485,1929.348,1930.425
1697592300000,1930.415,1937.015,1930.325,1935.995
1697592600000,1936.005,1938.305,1935.985,1937.515
1697592900000,1937.505,1937.895,1935.998,1937.378
1697593200000,1937.445,1938.685,1936.675,1938.605
1697593500000,1938.615,1940.265,1938.485,1939.958
1697593800000,1939.958,1940.045,1938.195,1938.565
1697594100000,1938.595,1939.095,1938.345,1938.905
1697594400000,1938.975,1940.115,1938.615,1939.205
1697594700000,1939.215,1942.645,1939.195,1941.195
1697595000000,1941.185,1941.185,1940.175,1940.925
1697595300000,1940.935,1941.275,1939.895,1940.385
1697595600000,1940.415,1941.128,1940.285,1940.565
1697595900000,1940.568,1941.925,1940.515,1941.925
1697596200000,1941.905,1942.295,1941.485,1941.725
1697596500000,1941.665,1941.665,1939.935,1939.935
1697596800000,1939.925,1939.955,1938.098,1938.235
1697597100000,1938.235,1939.345,1938.045,1938.938
1697597400000,1938.938,1939.075,1937.755,1937.775
1697597700000,1937.765,1937.765,1935.715,1937.155
1697598000000,1937.145,1937.555,1936.668,1937.135
1697598300000,1937.045,1937.105,1935.858,1936.118
1697598600000,1936.074,1936.238,1935.254,1935.708
1697598900000,1935.705,1935.945,1935.228,1935.765
1697599200000,1935.795,1936.195,1935.145,1935.895
1697599500000,1935.905,1936.495,1935.845,1936.335
1697599800000,1936.355,1936.875,1936.115,1936.855
1697600100000,1936.835,1937.285,1936.585,1937.175
1697600400000,1937.185,1937.985,1937.085,1937.665
1697600700000,1937.645,1937.675,1936.358,1936.358
1697601000000,1936.358,1936.835,1936.288,1936.525
1697601300000,1936.625,1937.395,1936.625,1937.395
1697601600000,1937.365,1937.605,1937.175,1937.175
1697601900000,1937.185,1937.345,1936.665,1936.775
1697602200000,1936.765,1937.315,1936.625,1936.905
1697602500000,1936.935,1937.265,1936.815,1937.245
1697602800000,1937.335,1937.645,1937.135,1937.155
1697603100000,1937.155,1937.495,1937.135,1937.465
1697603400000,1937.485,1937.875,1937.485,1937.795
1697603700000,1937.785,1937.875,1937.455,1937.855
1697604000000,1937.845,1938.495,1937.815,1938.158
1697604300000,1938.124,1938.278,1937.358,1937.358
1697604600000,1937.358,1938.085,1937.244,1937.875
1697604900000,1937.895,1938.245,1937.755,1937.965
1697605200000,1937.945,1939.535,1937.875,1939.315
1697605500000,1939.305,1939.595,1938.808,1939.215
1697605800000,1939.208,1939.208,1938.415,1938.478
1697606100000,1938.498,1939.078,1938.435,1939.005
1697606400000,1938.995,1939.295,1938.828,1939.005
1697606700000,1939.015,1939.385,1938.945,1939.145
1697607000000,1939.145,1939.145,1937.928,1938.895
1697607300000,1938.865,1939.065,1938.425,1938.445
1697607600000,1938.435,1938.935,1938.425,1938.465
1697607900000,1938.458,1938.735,1937.508,1937.535
1697608200000,1937.505,1938.175,1936.828,1936.995
1697608500000,1936.985,1937.385,1936.298,1937.015
1697608800000,1937.005,1937.145,1935.554,1936.345
1697609100000,1936.315,1937.965,1936.305,1937.735
1697609400000,1937.734,1938.628,1937.635,1937.958
1697609700000,1937.955,1938.135,1936.615,1936.738
1697610000000,1936.694,1937.785,1936.438,1937.325
1697610300000,1937.315,1938.075,1937.125,1937.344
1697610600000,1937.358,1937.418,1936.275,1936.795
1697610900000,1936.805,1937.144,1935.615,1936.665
1697611200000,1936.665,1937.155,1936.195,1936.305
1697611500000,1936.295,1936.355,1935.304,1935.445
1697611800000,1935.455,1936.105,1935.395,1935.925
1697612100000,1935.775,1936.005,1934.958,1936.005
1697612400000,1936.015,1937.985,1935.795,1937.345
1697612700000,1937.335,1937.925,1937.015,1937.725
1697613000000,1937.715,1938.565,1937.065,1938.475
1697613300000,1938.455,1938.615,1937.165,1937.185
1697613600000,1937.145,1937.245,1935.625,1935.695
1697613900000,1935.635,1936.365,1935.495,1936.265
1697614200000,1936.245,1937.565,1936.075,1937.545
1697614500000,1937.565,1938.215,1936.865,1937.675
1697614800000,1937.655,1937.928,1936.928,1937.885
1697615100000,1937.908,1938.215,1937.688,1938.005
1697615400000,1937.985,1938.695,1937.285,1938.325
1697615700000,1938.315,1940.045,1938.195,1939.585
1697616000000,1939.545,1939.655,1938.515,1938.755
1697616300000,1938.735,1938.735,1937.115,1937.505
1697616600000,1937.575,1938.275,1937.575,1938.165
1697616900000,1938.175,1938.475,1937.148,1937.164
1697617200000,1937.158,1938.638,1937.128,1938.465
1697617500000,1938.458,1938.865,1938.005,1938.265
1697617800000,1938.255,1938.975,1938.085,1938.935
1697618100000,1938.925,1938.998,1938.195,1938.858
1697618400000,1938.898,1938.985,1938.298,1938.578
1697618700000,1938.578,1938.678,1937.895,1938.415
1697619000000,1938.395,1939.655,1938.315,1938.735
1697619300000,1938.675,1938.765,1938.095,1938.325
1697619600000,1938.315,1939.175,1938.235,1939.125
1697619900000,1939.105,1939.564,1938.598,1939.365
1697620200000,1939.345,1939.835,1939.105,1939.195
1697620500000,1939.135,1939.315,1938.645,1939.265
1697620800000,1939.245,1939.365,1939.005,1939.165
1697621100000,1939.185,1940.575,1939.035,1940.495
1697621400000,1940.475,1944.365,1940.475,1944.275
1697621700000,1944.275,1945.115,1944.165,1944.695
1697622000000,1944.675,1946.008,1944.655,1945.015
1697622300000,1945.185,1945.235,1943.795,1943.975
1697622600000,1943.995,1944.835,1943.385,1944.785
1697622900000,1944.825,1945.395,1944.205,1944.205
1697623200000,1944.225,1944.565,1943.555,1943.615
1697623500000,1943.625,1943.785,1942.478,1943.765
1697623800000,1943.765,1943.765,1943.065,1943.565
1697624100000,1943.575,1943.945,1943.178,1943.575
1697624400000,1943.605,1943.725,1942.855,1943.225
1697624700000,1943.198,1943.725,1943.065,1943.698
1697625000000,1943.688,1944.325,1943.688,1944.225
1697625300000,1944.245,1944.865,1944.245,1944.585
1697625600000,1944.595,1944.915,1943.738,1943.768
1697625900000,1943.748,1944.245,1943.505,1944.025
1697626200000,1944.025,1945.045,1944.025,1944.895
1697626500000,1944.885,1945.265,1944.795,1945.195
1697626800000,1945.205,1945.925,1945.195,1945.395
1697627100000,1945.385,1945.845,1945.075,1945.465
1697627400000,1945.455,1946.215,1945.285,1945.438
1697627700000,1945.444,1945.715,1944.765,1945.415
1697628000000,1945.415,1945.525,1945.205,1945.485
1697628300000,1945.465,1946.165,1945.425,1945.645
1697628600000,1945.675,1947.365,1945.675,1946.778
1697628900000,1946.778,1947.255,1945.715,1945.905
1697629200000,1945.745,1946.225,1945.405,1945.435
1697629500000,1945.425,1945.875,1944.125,1944.265
1697629800000,1944.275,1946.015,1944.195,1945.655
1697630100000,1945.625,1946.095,1945.465,1946.038
1697630400000,1946.034,1949.175,1945.828,1948.215
1697630700000,1948.295,1948.805,1947.235,1948.755
1697631000000,1948.755,1948.805,1946.395,1947.515
1697631300000,1947.535,1948.315,1946.438,1947.175
1697631600000,1947.265,1949.974,1947.175,1949.465
1697631900000,1949.485,1950.025,1948.404,1948.404
1697632200000,1948.395,1948.448,1946.995,1947.805
1697632500000,1947.825,1948.625,1947.138,1947.895
1697632800000,1947.955,1948.155,1944.685,1946.335
1697633100000,1946.355,1947.888,1945.555,1946.728
1697633400000,1946.728,1949.095,1946.685,1948.855
1697633700000,1948.865,1949.285,1947.818,1948.745
1697634000000,1948.745,1948.795,1947.048,1947.048
1697634300000,1947.058,1949.215,1947.058,1948.755
1697634600000,1948.775,1949.675,1947.185,1948.835
1697634900000,1948.855,1949.455,1947.998,1948.945
1697635200000,1948.958,1950.405,1948.625,1950.085
1697635500000,1950.055,1950.705,1949.705,1950.535
1697635800000,1950.485,1953.725,1950.185,1953.625
1697636100000,1953.615,1959.465,1953.085,1958.674
1697636400000,1958.595,1959.638,1956.838,1958.865
1697636700000,1958.865,1962.545,1956.355,1957.985
1697637000000,1958.035,1960.035,1957.378,1958.115
1697637300000,1958.115,1958.615,1956.024,1957.005
1697637600000,1957.015,1958.565,1954.285,1955.305
1697637900000,1955.315,1958.515,1955.315,1958.245
1697638200000,1958.265,1958.665,1955.775,1956.895
1697638500000,1956.865,1957.535,1955.675,1957.475
1697638800000,1957.415,1958.015,1954.715,1955.105
1697639100000,1955.085,1955.085,1951.795,1952.105
1697639400000,1952.125,1954.095,1950.495,1950.965
1697639700000,1950.975,1952.105,1950.345,1950.945
1697640000000,1950.915,1951.095,1950.075,1950.525
1697640300000,1950.535,1950.585,1943.474,1946.845
1697640600000,1946.845,1948.835,1946.205,1948.105
1697640900000,1948.105,1949.105,1946.925,1946.925
1697641200000,1946.824,1947.305,1945.585,1946.715
1697641500000,1946.634,1946.634,1942.435,1943.275
1697641800000,1943.275,1943.275,1938.125,1941.125
1697642100000,1941.095,1944.585,1940.815,1943.655
1697642400000,1943.675,1944.158,1942.805,1943.515
1697642700000,1943.485,1943.655,1941.678,1943.008
1697643000000,1943.008,1945.458,1942.288,1945.275
1697643300000,1945.255,1945.255,1943.085,1943.375
1697643600000,1943.355,1943.805,1943.015,1943.645
1697643900000,1943.685,1944.515,1943.128,1944.344
1697644200000,1944.354,1945.105,1943.878,1944.815
1697644500000,1944.845,1945.565,1944.705,1945.125
1697644800000,1945.105,1945.765,1944.575,1945.475
1697645100000,1945.485,1946.015,1944.645,1945.935
1697645400000,1945.955,1946.508,1945.555,1945.955
1697645700000,1945.958,1946.505,1945.784,1946.315
1697646000000,1946.335,1947.765,1946.305,1947.695
1697646300000,1947.705,1948.745,1947.685,1948.645
1697646600000,1948.655,1949.684,1948.155,1949.195
1697646900000,1949.245,1949.805,1948.535,1949.475
1697647200000,1949.385,1949.815,1948.958,1949.265
1697647500000,1949.238,1950.318,1948.975,1950.004
1697647800000,1950.004,1950.058,1948.735,1948.935
1697648100000,1948.955,1949.875,1948.685,1949.755
1697648400000,1949.775,1953.178,1949.425,1952.708
1697648700000,1952.715,1952.925,1951.498,1952.305
1697649000000,1952.288,1953.878,1951.598,1953.475
1697649300000,1953.468,1954.335,1952.935,1953.515
1697649600000,1953.428,1955.435,1953.428,1955.425
1697649900000,1955.425,1956.505,1954.985,1955.134
1697650200000,1955.134,1955.358,1954.368,1955.095
1697650500000,1955.135,1955.568,1953.935,1954.215
1697650800000,1954.235,1954.375,1953.698,1954.318
1697651100000,1954.318,1955.035,1954.065,1954.765
1697651400000,1954.785,1954.805,1953.985,1954.538
1697651700000,1954.515,1954.525,1953.905,1953.935
1697652000000,1953.925,1954.075,1952.165,1952.645
1697652300000,1952.595,1952.835,1952.035,1952.305
1697652600000,1952.325,1952.375,1949.935,1950.145
1697652900000,1950.165,1950.395,1949.695,1950.215
1697653200000,1950.255,1950.595,1950.195,1950.305
1697653500000,1950.305,1950.635,1948.755,1950.615
1697653800000,1950.605,1950.885,1950.395,1950.515
1697654100000,1950.495,1950.515,1949.555,1949.805
1697654400000,1949.855,1950.458,1949.595,1950.445
1697654700000,1950.458,1951.415,1950.145,1951.045
1697655000000,1951.015,1951.315,1950.605,1950.685
1697655300000,1950.625,1951.085,1949.785,1950.495
1697655600000,1950.475,1951.155,1950.115,1950.115
1697655900000,1950.165,1950.355,1948.465,1949.115
1697656200000,1949.105,1950.515,1948.925,1950.245
1697656500000,1950.245,1950.845,1950.085,1950.255
1697656800000,1950.225,1950.505,1949.735,1950.405
1697657100000,1950.415,1950.515,1949.895,1950.415
1697657400000,1950.385,1950.775,1950.108,1950.378
1697657700000,1950.328,1950.618,1950.188,1950.558
1697658000000,1950.618,1951.278,1950.558,1951.158
1697658300000,1951.158,1951.538,1951.095,1951.445
1697658600000,1951.465,1951.555,1950.935,1951.048
1697658900000,1951.048,1951.108,1950.205,1950.278
1697659200000,1950.345,1950.555,1948.555,1949.655
1697659500000,1949.675,1949.695,1948.525,1949.035
1697659800000,1949.055,1949.525,1948.815,1949.175
1697660100000,1949.125,1949.355,1949.035,1949.135
1697660400000,1949.165,1949.455,1949.025,1949.335
1697660700000,1949.335,1949.335,1949.145,1949.235
1697661000000,1949.165,1949.465,1949.128,1949.465
1697661300000,1949.515,1949.675,1948.148,1948.555
1697661600000,1948.555,1948.855,1948.335,1948.655
1697661900000,1948.645,1948.805,1948.335,1948.495
1697662200000,1948.545,1948.645,1947.535,1947.685
1697662500000,1947.655,1947.815,1946.925,1947.318
1697662800000,1947.318,1947.318,1947.318,1947.318
1697663100000,1947.318,1947.318,1947.318,1947.318
1697663400000,1947.318,1947.318,1947.318,1947.318
1697663700000,1947.318,1947.318,1947.318,1947.318
1697664000000,1947.318,1947.318,1947.318,1947.318
1697664300000,1947.318,1947.318,1947.318,1947.318
1697664600000,1947.318,1947.318,1947.318,1947.318
1697664900000,1947.318,1947.318,1947.318,1947.318
1697665200000,1947.318,1947.318,1947.318,1947.318
1697665500000,1947.318,1947.318,1947.318,1947.318
1697665800000,1947.318,1947.318,1947.318,1947.318
1697666100000,1947.318,1947.318,1947.318,1947.318
1697666400000,1947.575,1947.795,1946.625,1947.365
1697666700000,1947.405,1950.195,1947.405,1950.195
1697667000000,1950.195,1950.395,1949.625,1949.705
1697667300000,1949.825,1950.635,1949.695,1950.275
1697667600000,1950.295,1950.955,1950.295,1950.445
1697667900000,1950.425,1950.805,1950.375,1950.585
1697668200000,1950.585,1950.605,1950.175,1950.435
1697668500000,1950.435,1950.525,1949.975,1950.035
1697668800000,1950.035,1950.385,1949.835,1949.835
1697669100000,1949.825,1949.855,1949.535,1949.535
1697669400000,1949.555,1949.765,1949.515,1949.635
1697669700000,1949.645,1949.745,1949.415,1949.555
1697670000000,1949.555,1950.075,1949.555,1949.985
1697670300000,1950.025,1950.835,1950.025,1950.325
1697670600000,1950.315,1951.305,1950.315,1951.065
1697670900000,1951.045,1951.045,1950.355,1950.355
1697671200000,1950.305,1950.475,1950.195,1950.275
1697671500000,1950.305,1950.375,1949.885,1949.925
1697671800000,1949.965,1950.445,1949.875,1950.425
1697672100000,1950.445,1950.585,1950.225,1950.425
1697672400000,1950.425,1951.035,1950.335,1950.935
1697672700000,1950.895,1951.615,1950.575,1951.405
1697673000000,1951.415,1951.485,1949.765,1949.978
1697673300000,1949.955,1950.975,1949.955,1950.745
1697673600000,1950.775,1951.505,1950.745,1951.375
1697673900000,1951.395,1952.185,1951.395,1951.755
1697674200000,1951.815,1952.175,1951.815,1952.055
1697674500000,1952.155,1953.215,1952.155,1952.735
1697674800000,1952.785,1952.985,1951.845,1952.005
1697675100000,1951.985,1952.385,1951.775,1951.865
1697675400000,1951.805,1952.605,1951.375,1952.195
1697675700000,1952.215,1952.215,1949.965,1949.965
1697676000000,1949.995,1950.115,1948.545,1948.955
1697676300000,1948.975,1949.835,1948.655,1949.725
1697676600000,1949.685,1950.395,1949.645,1950.185
1697676900000,1950.195,1950.615,1949.995,1950.058
1697677200000,1950.058,1951.055,1950.045,1950.815
1697677500000,1950.875,1951.128,1949.538,1949.985
1697677800000,1950.045,1950.595,1949.345,1949.985
1697678100000,1949.965,1951.425,1949.905,1951.355
1697678400000,1951.355,1951.605,1950.625,1950.645
1697678700000,1950.625,1951.195,1950.085,1950.405
1697679000000,1950.345,1950.435,1949.535,1949.635
1697679300000,1949.625,1949.765,1947.395,1947.635
1697679600000,1947.615,1948.115,1946.205,1947.745
1697679900000,1947.865,1948.315,1947.655,1948.125
1697680200000,1948.118,1948.455,1947.625,1947.885
1697680500000,1947.915,1948.558,1947.828,1948.128
1697680800000,1948.058,1948.785,1947.855,1948.005
1697681100000,1948.085,1948.228,1947.705,1948.025
1697681400000,1948.005,1948.705,1947.815,1948.225
1697681700000,1948.225,1949.965,1948.215,1949.678
1697682000000,1949.678,1949.745,1948.765,1949.155
1697682300000,1949.145,1949.305,1948.895,1948.905
1697682600000,1948.915,1949.065,1947.965,1948.095
1697682900000,1948.065,1948.425,1947.725,1947.725
1697683200000,1947.695,1948.705,1947.625,1948.575
1697683500000,1948.575,1949.525,1948.575,1949.005
1697683800000,1948.978,1949.045,1948.665,1948.825
1697684100000,1948.805,1949.625,1948.765,1949.535
1697684400000,1949.525,1950.575,1949.305,1950.138
1697684700000,1950.138,1950.358,1949.408,1949.528
1697685000000,1949.528,1949.528,1949.025,1949.025
1697685300000,1949.035,1949.245,1947.305,1947.655
1697685600000,1947.655,1948.475,1947.235,1947.335
1697685900000,1947.425,1947.735,1947.195,1947.495
1697686200000,1947.545,1947.945,1947.505,1947.535
1697686500000,1947.515,1947.565,1947.145,1947.395
1697686800000,1947.375,1947.375,1945.725,1945.725
1697687100000,1945.735,1945.995,1945.125,1945.505
1697687400000,1945.515,1945.805,1945.395,1945.605
1697687700000,1945.605,1946.505,1945.545,1946.275
1697688000000,1946.265,1946.325,1945.965,1946.135
1697688300000,1946.175,1946.235,1945.485,1945.555
1697688600000,1945.525,1946.125,1945.205,1946.005
1697688900000,1946.035,1946.255,1945.815,1945.995
1697689200000,1946.015,1946.225,1945.595,1945.635
1697689500000,1945.615,1946.985,1945.615,1946.525
1697689800000,1946.465,1946.605,1945.835,1945.985
1697690100000,1945.995,1946.135,1945.605,1946.035
1697690400000,1946.055,1947.235,1945.815,1947.035
1697690700000,1947.105,1947.445,1946.875,1947.445
1697691000000,1947.415,1948.815,1947.025,1948.218
1697691300000,1948.205,1948.465,1947.655,1948.028
1697691600000,1947.998,1948.028,1947.128,1947.165
1697691900000,1947.165,1947.858,1946.765,1947.858
1697692200000,1947.878,1948.005,1947.328,1947.905
1697692500000,1947.925,1948.175,1947.725,1948.105
1697692800000,1948.125,1948.845,1948.025,1948.518
1697693100000,1948.508,1948.708,1947.955,1948.108
1697693400000,1948.115,1949.135,1947.778,1947.858
1697693700000,1947.815,1947.985,1947.138,1947.985
1697694000000,1948.005,1948.655,1946.735,1946.778
1697694300000,1946.778,1947.735,1946.638,1947.388
1697694600000,1947.388,1947.388,1945.914,1946.805
1697694900000,1946.855,1947.095,1945.788,1946.825
1697695200000,1946.805,1947.105,1946.115,1947.015
1697695500000,1946.995,1946.995,1945.688,1946.038
1697695800000,1946.018,1946.378,1945.448,1945.658
1697696100000,1945.658,1947.445,1945.418,1946.808
1697696400000,1946.778,1948.308,1946.738,1947.588
1697696700000,1947.588,1947.588,1945.645,1945.744
1697697000000,1945.744,1946.478,1945.498,1946.255
1697697300000,1946.325,1947.115,1945.835,1946.725
1697697600000,1946.755,1947.195,1946.525,1947.155
1697697900000,1947.128,1947.628,1946.674,1947.235
1697698200000,1947.225,1947.785,1947.195,1947.295
1697698500000,1947.235,1948.495,1947.205,1947.905
1697698800000,1947.885,1948.495,1947.575,1948.085
1697699100000,1948.095,1949.265,1948.095,1948.715
1697699400000,1948.785,1949.805,1948.115,1949.415
1697699700000,1949.435,1951.055,1949.345,1950.725
1697700000000,1950.695,1951.315,1950.075,1951.065
1697700300000,1951.045,1951.635,1950.518,1951.625
1697700600000,1951.615,1951.615,1950.265,1950.958
1697700900000,1951.028,1951.058,1950.338,1950.738
1697701200000,1950.658,1951.134,1950.458,1951.128
1697701500000,1951.134,1952.338,1950.568,1951.878
1697701800000,1951.878,1952.658,1950.375,1950.438
1697702100000,1950.418,1951.055,1949.275,1949.365
1697702400000,1949.345,1950.315,1949.095,1950.295
1697702700000,1950.295,1953.505,1950.295,1953.425
1697703000000,1953.535,1954.395,1952.328,1953.255
1697703300000,1953.275,1953.465,1951.795,1952.295
1697703600000,1952.305,1952.345,1949.855,1949.855
1697703900000,1949.838,1950.795,1949.305,1949.905
1697704200000,1949.925,1950.585,1949.425,1949.785
1697704500000,1949.755,1950.325,1948.325,1948.345
1697704800000,1948.345,1949.285,1947.965,1948.595
1697705100000,1948.575,1948.865,1947.935,1948.825
1697705400000,1948.835,1948.985,1948.445,1948.985
1697705700000,1949.035,1949.825,1949.015,1949.615
1697706000000,1949.605,1949.975,1949.375,1949.975
1697706300000,1949.955,1950.245,1949.665,1949.925
1697706600000,1949.935,1950.255,1949.695,1950.025
1697706900000,1950.035,1950.055,1948.905,1949.265
1697707200000,1949.165,1949.985,1948.825,1949.135
1697707500000,1949.105,1949.155,1947.775,1948.045
1697707800000,1948.035,1948.655,1947.995,1948.535
1697708100000,1948.505,1949.575,1948.195,1949.565
1697708400000,1949.565,1949.825,1948.705,1948.724
1697708700000,1948.708,1949.504,1948.558,1949.268
1697709000000,1949.238,1949.918,1949.038,1949.778
1697709300000,1949.794,1950.665,1949.558,1950.655
1697709600000,1950.625,1950.935,1950.215,1950.358
1697709900000,1950.348,1950.538,1950.148,1950.148
1697710200000,1950.118,1950.385,1949.788,1950.215
1697710500000,1950.245,1950.375,1949.155,1949.155
1697710800000,1949.145,1949.765,1948.905,1949.695
1697711100000,1949.715,1950.105,1949.445,1949.795
1697711400000,1949.815,1950.125,1949.445,1950.005
1697711700000,1949.985,1950.605,1949.835,1950.435
1697712000000,1950.455,1951.135,1950.325,1950.885
1697712300000,1950.905,1951.225,1950.735,1950.925
1697712600000,1950.915,1951.365,1950.655,1951.205
1697712900000,1951.215,1951.275,1950.815,1950.885
1697713200000,1950.865,1951.045,1950.585,1950.655
1697713500000,1950.685,1951.175,1950.285,1950.885
1697713800000,1950.895,1951.295,1950.775,1951.025
1697714100000,1951.055,1951.175,1950.325,1950.385
1697714400000,1950.385,1950.775,1950.155,1950.155
1697714700000,1950.155,1950.265,1949.525,1949.755
1697715000000,1949.745,1951.225,1949.705,1950.985
1697715300000,1950.995,1951.085,1950.405,1950.695
1697715600000,1950.705,1951.205,1950.385,1950.565
1697715900000,1950.585,1951.185,1950.585,1950.935
1697716200000,1950.925,1951.525,1950.865,1951.335
1697716500000,1951.325,1952.245,1951.135,1952.095
1697716800000,1952.095,1953.358,1951.945,1953.005
1697717100000,1952.985,1953.675,1952.488,1952.925
1697717400000,1952.925,1952.925,1950.985,1951.135
1697717700000,1951.115,1953.425,1950.435,1952.995
1697718000000,1953.135,1955.045,1953.025,1954.478
1697718300000,1954.495,1954.578,1952.718,1952.884
1697718600000,1952.854,1954.515,1951.235,1953.955
1697718900000,1953.965,1957.065,1952.665,1956.315
1697719200000,1956.255,1956.505,1954.025,1955.125
1697719500000,1955.185,1956.535,1954.605,1955.658
1697719800000,1955.658,1956.048,1954.118,1955.485
1697720100000,1955.505,1955.805,1954.685,1954.708
1697720400000,1954.665,1954.688,1952.438,1953.455
1697720700000,1953.425,1954.145,1953.005,1953.785
1697721000000,1953.808,1954.528,1951.585,1951.605
1697721300000,1951.565,1952.615,1951.565,1952.435
1697721600000,1952.435,1953.875,1951.935,1953.285
1697721900000,1953.285,1953.435,1951.145,1952.045
1697722200000,1952.055,1952.525,1949.925,1951.945
1697722500000,1951.945,1954.905,1950.795,1954.005
1697722800000,1954.025,1955.355,1953.575,1954.075
1697723100000,1954.195,1956.305,1953.965,1955.515
1697723400000,1955.575,1955.675,1952.505,1953.275
1697723700000,1953.305,1954.895,1953.305,1954.254
1697724000000,1954.245,1954.994,1952.095,1952.915
1697724300000,1952.935,1953.525,1951.375,1953.145
1697724600000,1953.105,1953.435,1950.585,1952.225
1697724900000,1952.205,1952.345,1950.815,1951.505
1697725200000,1951.515,1952.595,1950.645,1951.385
1697725500000,1951.395,1952.105,1951.265,1951.975
1697725800000,1951.955,1953.115,1951.745,1952.985
1697726100000,1952.955,1953.025,1950.105,1950.325
1697726400000,1950.335,1951.655,1949.685,1950.865
1697726700000,1950.855,1951.365,1950.455,1950.665
1697727000000,1950.645,1951.015,1949.815,1950.115
1697727300000,1950.105,1950.605,1949.725,1950.235
1697727600000,1950.225,1951.355,1949.915,1950.968
1697727900000,1950.968,1952.655,1950.768,1952.235
1697728200000,1952.215,1954.445,1952.178,1954.445
1697728500000,1954.384,1955.335,1954.155,1955.245
1697728800000,1955.225,1956.405,1954.168,1955.775
1697729100000,1955.785,1956.345,1955.495,1955.705
1697729400000,1955.725,1958.635,1955.655,1957.725
1697729700000,1957.695,1959.635,1957.675,1959.235
1697730000000,1959.178,1959.805,1958.905,1959.545
1697730300000,1959.555,1959.755,1957.095,1957.195
1697730600000,1957.235,1957.355,1955.065,1955.458
1697730900000,1955.535,1956.635,1955.515,1956.075
1697731200000,1956.095,1961.105,1953.085,1958.045
1697731500000,1958.095,1959.665,1956.775,1957.635
1697731800000,1957.705,1960.055,1957.555,1959.275
1697732100000,1959.225,1960.135,1958.055,1959.525
1697732400000,1959.545,1960.305,1958.035,1958.065
1697732700000,1958.145,1958.305,1955.065,1956.165
1697733000000,1956.125,1957.165,1953.795,1954.445
1697733300000,1954.455,1955.195,1951.985,1954.795
1697733600000,1954.785,1957.308,1954.785,1956.115
1697733900000,1956.135,1958.178,1956.065,1957.898
1697734200000,1957.898,1960.598,1957.765,1960.478
1697734500000,1960.498,1961.978,1959.225,1961.878
1697734800000,1961.895,1962.244,1960.718,1961.795
1697735100000,1961.825,1964.528,1961.485,1962.415
1697735400000,1962.425,1963.655,1962.204,1962.555
1697735700000,1962.555,1966.595,1961.575,1965.995
1697736000000,1965.975,1972.094,1965.295,1966.584
1697736300000,1966.575,1968.465,1966.364,1968.035
1697736600000,1968.045,1971.905,1967.935,1971.565
1697736900000,1971.585,1971.845,1969.105,1969.165
1697737200000,1969.128,1970.385,1968.465,1970.215
1697737500000,1970.235,1970.235,1968.465,1969.145
1697737800000,1969.165,1972.515,1969.165,1970.885
1697738100000,1970.865,1972.665,1970.765,1972.615
1697738400000,1972.565,1974.885,1972.525,1974.595
1697738700000,1974.585,1975.015,1972.365,1972.655
1697739000000,1972.665,1974.545,1972.638,1974.425
1697739300000,1974.425,1974.705,1973.375,1973.565
1697739600000,1973.538,1973.565,1970.645,1970.865
1697739900000,1970.855,1972.945,1970.565,1972.048
1697740200000,1972.035,1972.728,1971.258,1972.118
1697740500000,1972.138,1972.575,1971.145,1972.515
1697740800000,1972.555,1973.555,1971.695,1972.195
1697741100000,1972.185,1973.098,1972.155,1972.955
1697741400000,1972.955,1974.235,1972.885,1972.955
1697741700000,1972.948,1973.975,1972.798,1973.015
1697742000000,1973.045,1974.485,1973.045,1974.295
1697742300000,1974.285,1974.285,1973.115,1973.515
1697742600000,1973.545,1977.325,1973.545,1976.018
1697742900000,1975.918,1977.145,1975.788,1976.715
1697743200000,1976.745,1977.528,1976.535,1977.395
1697743500000,1977.435,1977.575,1976.738,1977.055
1697743800000,1977.035,1977.405,1976.248,1976.288
1697744100000,1976.258,1977.208,1975.835,1976.578
1697744400000,1976.578,1977.378,1976.518,1977.198
1697744700000,1977.198,1977.558,1976.035,1976.035
1697745000000,1976.035,1976.815,1975.625,1975.705
1697745300000,1975.685,1975.755,1973.735,1974.235
1697745600000,1974.365,1975.235,1973.525,1974.405
1697745900000,1974.395,1974.395,1973.645,1974.035
1697746200000,1974.055,1974.365,1973.625,1973.815
1697746500000,1973.835,1974.015,1973.245,1973.765
1697746800000,1973.745,1973.865,1973.065,1973.255
1697747100000,1973.275,1973.485,1973.105,1973.155
1697747400000,1973.055,1973.175,1972.755,1973.065
1697747700000,1973.085,1973.428,1972.995,1973.345
1697748000000,1973.355,1974.045,1973.345,1973.948
1697748300000,1973.928,1974.555,1973.835,1974.455
1697748600000,1974.448,1974.508,1974.008,1974.048
1697748900000,1974.048,1974.425,1973.805,1974.048
1697749200000,1974.048,1974.048,1974.048,1974.048
1697749500000,1974.048,1974.048,1974.048,1974.048
1697749800000,1974.048,1974.048,1974.048,1974.048
1697750100000,1974.048,1974.048,1974.048,1974.048
1697750400000,1974.048,1974.048,1974.048,1974.048
1697750700000,1974.048,1974.048,1974.048,1974.048
1697751000000,1974.048,1974.048,1974.048,1974.048
1697751300000,1974.048,1974.048,1974.048,1974.048
1697751600000,1974.048,1974.048,1974.048,1974.048
1697751900000,1974.048,1974.048,1974.048,1974.048
1697752200000,1974.048,1974.048,1974.048,1974.048
1697752500000,1974.048,1974.048,1974.048,1974.048
1697752800000,1974.418,1974.498,1972.765,1972.908
1697753100000,1972.908,1973.145,1972.908,1972.965
1697753400000,1973.045,1973.155,1972.765,1972.995
1697753700000,1972.965,1973.248,1972.895,1973.078
1697754000000,1973.055,1973.375,1972.955,1973.255
1697754300000,1973.275,1974.638,1973.275,1974.338
1697754600000,1974.385,1975.785,1973.935,1975.785
1697754900000,1975.795,1976.105,1973.925,1974.065
1697755200000,1974.065,1974.305,1973.465,1974.285
1697755500000,1974.275,1975.905,1973.705,1975.835
1697755800000,1975.835,1976.545,1972.985,1973.385
1697756100000,1973.405,1974.245,1972.358,1972.365
1697756400000,1972.375,1973.935,1972.375,1972.935
1697756700000,1972.978,1976.595,1972.925,1976.585
1697757000000,1976.585,1977.205,1975.925,1976.685
1697757300000,1976.755,1976.835,1975.145,1975.355
1697757600000,1975.335,1976.165,1974.955,1975.925
1697757900000,1975.755,1975.785,1974.445,1974.465
1697758200000,1974.445,1982.205,1974.165,1978.615
1697758500000,1978.625,1979.795,1977.875,1978.628
1697758800000,1978.628,1978.948,1977.165,1977.218
1697759100000,1977.208,1977.885,1976.084,1977.745
1697759400000,1977.745,1977.745,1976.425,1976.655
1697759700000,1976.655,1977.145,1976.448,1977.035
1697760000000,1977.038,1977.095,1975.345,1975.915
1697760300000,1975.915,1977.245,1975.555,1976.385
1697760600000,1976.465,1976.908,1975.588,1976.635
1697760900000,1976.598,1976.725,1974.798,1974.975
1697761200000,1974.975,1975.105,1974.245,1974.578
1697761500000,1974.565,1974.678,1973.875,1974.215
1697761800000,1974.218,1976.528,1974.205,1976.528
1697762100000,1976.458,1977.508,1976.108,1976.715
1697762400000,1976.715,1976.755,1975.075,1975.498
1697762700000,1975.505,1976.025,1974.765,1974.805
1697763000000,1974.798,1975.178,1974.458,1974.818
1697763300000,1974.785,1975.245,1973.945,1974.835
1697763600000,1974.815,1975.525,1973.435,1973.565
1697763900000,1973.585,1973.925,1972.465,1972.595
1697764200000,1972.615,1974.015,1971.905,1973.065
1697764500000,1973.058,1974.505,1972.225,1973.735
1697764800000,1973.745,1974.865,1973.725,1974.355
1697765100000,1974.335,1974.875,1973.025,1973.825
1697765400000,1973.805,1975.115,1973.515,1974.935
1697765700000,1974.925,1975.865,1974.745,1975.755
1697766000000,1975.758,1977.358,1975.695,1976.278
1697766300000,1976.278,1976.725,1975.718,1976.005
1697766600000,1975.985,1977.305,1975.985,1976.225
1697766900000,1976.245,1977.945,1976.225,1977.775
1697767200000,1977.805,1979.265,1976.358,1979.225
1697767500000,1979.225,1979.465,1977.818,1978.058
1697767800000,1978.095,1978.525,1977.915,1978.125
1697768100000,1978.145,1978.755,1977.535,1978.395
1697768400000,1978.425,1979.408,1978.355,1978.795
1697768700000,1978.785,1978.915,1978.345,1978.495
1697769000000,1978.475,1979.435,1977.995,1979.245
1697769300000,1979.235,1979.425,1978.475,1978.565
1697769600000,1978.538,1978.985,1978.215,1978.865
1697769900000,1978.905,1979.755,1978.725,1979.755
1697770200000,1979.735,1981.828,1979.505,1981.528
1697770500000,1981.528,1981.528,1979.338,1979.345
1697770800000,1979.338,1979.945,1978.895,1979.945
1697771100000,1979.868,1980.355,1977.898,1978.085
1697771400000,1978.078,1978.425,1977.735,1978.205
1697771700000,1978.155,1978.235,1977.665,1978.015
1697772000000,1977.985,1978.485,1977.885,1977.995
1697772300000,1977.995,1978.805,1977.805,1978.775
1697772600000,1978.755,1978.755,1977.958,1978.065
1697772900000,1978.045,1978.235,1977.995,1978.115
1697773200000,1978.085,1978.135,1977.575,1977.655
1697773500000,1977.665,1977.725,1977.065,1977.225
1697773800000,1977.235,1978.075,1977.085,1977.925
1697774100000,1977.925,1978.065,1977.625,1977.725
1697774400000,1977.705,1977.775,1977.325,1977.575
1697774700000,1977.575,1978.165,1977.495,1978.045
1697775000000,1978.035,1978.075,1977.235,1977.265
1697775300000,1977.255,1977.365,1977.025,1977.255
1697775600000,1977.235,1977.635,1977.215,1977.305
1697775900000,1977.335,1977.475,1976.895,1976.965
1697776200000,1977.025,1977.025,1976.815,1976.898
1697776500000,1976.885,1977.245,1976.465,1976.845
1697776800000,1976.825,1976.865,1976.648,1976.685
1697777100000,1976.685,1977.235,1976.685,1976.975
1697777400000,1976.955,1977.295,1976.885,1977.095
1697777700000,1977.075,1977.185,1976.725,1977.115
1697778000000,1977.155,1977.365,1976.385,1976.625
1697778300000,1976.605,1976.915,1975.738,1976.585
1697778600000,1976.525,1976.885,1976.275,1976.485
1697778900000,1976.495,1977.955,1976.495,1977.738
1697779200000,1977.755,1977.818,1976.758,1977.575
1697779500000,1977.665,1979.125,1977.625,1978.635
1697779800000,1978.615,1979.905,1978.615,1979.058
1697780100000,1979.045,1979.045,1977.798,1978.545
1697780400000,1978.525,1978.558,1977.815,1978.558
1697780700000,1978.545,1978.758,1977.535,1978.235
1697781000000,1978.225,1978.275,1977.615,1977.735
1697781300000,1977.725,1978.065,1977.375,1977.525
1697781600000,1977.515,1978.875,1976.975,1978.085
1697781900000,1978.025,1980.005,1977.655,1979.955
1697782200000,1979.935,1979.935,1978.365,1978.385
1697782500000,1978.375,1978.455,1977.285,1977.315
1697782800000,1977.355,1977.675,1976.325,1977.175
1697783100000,1977.155,1977.365,1976.285,1976.378
1697783400000,1976.364,1976.458,1974.045,1974.375
1697783700000,1974.355,1976.315,1974.145,1975.775
1697784000000,1975.795,1976.835,1975.625,1975.995
1697784300000,1975.914,1977.034,1975.405,1976.618
1697784600000,1976.605,1979.805,1976.595,1979.165
1697784900000,1979.185,1979.328,1977.874,1979.178
1697785200000,1979.178,1980.005,1978.555,1978.655
1697785500000,1978.595,1980.135,1978.335,1978.995
1697785800000,1978.975,1979.755,1978.645,1978.815
1697786100000,1978.795,1978.838,1978.018,1978.605
1697786400000,1978.765,1979.675,1978.405,1979.215
1697786700000,1979.305,1980.425,1979.135,1979.895
1697787000000,1979.885,1980.515,1979.605,1980.515
1697787300000,1980.505,1982.065,1980.295,1981.895
1697787600000,1981.885,1981.885,1980.885,1981.145
1697787900000,1981.165,1981.305,1980.345,1980.355
1697788200000,1980.335,1980.335,1979.395,1979.605
1697788500000,1979.595,1980.695,1979.445,1980.055
1697788800000,1980.095,1981.245,1979.935,1981.095
1697789100000,1981.125,1981.195,1980.278,1980.405
1697789400000,1980.435,1982.205,1980.435,1981.985
1697789700000,1981.965,1983.915,1981.838,1983.735
1697790000000,1983.795,1985.168,1983.595,1984.595
1697790300000,1984.595,1984.755,1983.425,1983.435
1697790600000,1983.425,1983.425,1981.075,1981.545
1697790900000,1981.545,1981.925,1981.265,1981.825
1697791200000,1981.825,1982.375,1981.168,1981.605
1697791500000,1981.655,1983.775,1981.655,1983.335
1697791800000,1983.345,1984.365,1982.955,1983.855
1697792100000,1983.848,1984.338,1983.304,1983.578
1697792400000,1983.628,1984.025,1983.205,1983.468
1697792700000,1983.438,1984.238,1983.338,1983.798
1697793000000,1983.805,1984.825,1983.805,1984.455
1697793300000,1984.435,1985.215,1984.245,1985.155
1697793600000,1985.125,1985.185,1984.875,1985.118
1697793900000,1985.115,1985.118,1983.825,1983.964
1697794200000,1983.945,1984.618,1983.595,1983.875
1697794500000,1983.865,1983.865,1982.105,1982.285
1697794800000,1982.315,1982.905,1981.428,1982.115
1697795100000,1982.125,1982.255,1980.135,1980.655
1697795400000,1980.645,1982.065,1980.465,1981.925
1697795700000,1981.925,1982.525,1981.625,1982.505
1697796000000,1982.485,1983.315,1982.375,1983.295
1697796300000,1983.315,1983.695,1983.005,1983.135
1697796600000,1983.125,1983.125,1982.185,1982.805
1697796900000,1982.825,1983.965,1982.825,1983.845
1697797200000,1983.845,1984.125,1983.585,1984.045
1697797500000,1984.035,1984.285,1983.625,1983.625
1697797800000,1983.625,1984.095,1983.404,1983.935
1697798100000,1983.945,1984.125,1983.524,1983.534
1697798400000,1983.538,1983.738,1983.148,1983.468
1697798700000,1983.468,1983.564,1982.795,1982.938
1697799000000,1982.938,1983.165,1982.598,1983.005
1697799300000,1982.965,1983.915,1982.875,1983.175
1697799600000,1983.195,1983.915,1983.025,1983.895
1697799900000,1983.875,1985.795,1983.855,1985.145
1697800200000,1985.125,1985.435,1983.945,1984.495
1697800500000,1984.538,1984.608,1983.545,1983.735
1697800800000,1983.725,1983.825,1982.755,1982.755
1697801100000,1982.745,1983.165,1982.618,1982.765
1697801400000,1982.785,1982.898,1982.565,1982.815
1697801700000,1982.805,1982.805,1981.415,1982.165
1697802000000,1982.135,1982.235,1980.795,1981.325
1697802300000,1981.305,1981.335,1976.268,1977.905
1697802600000,1977.865,1979.165,1977.205,1977.855
1697802900000,1977.855,1978.005,1976.778,1977.165
1697803200000,1977.175,1978.785,1976.978,1978.625
1697803500000,1978.615,1979.345,1978.215,1979.325
1697803800000,1979.285,1979.655,1978.438,1978.745
1697804100000,1978.715,1978.715,1976.305,1976.425
1697804400000,1976.415,1977.358,1973.335,1975.855
1697804700000,1975.865,1976.195,1973.974,1974.205
1697805000000,1974.205,1976.405,1973.185,1975.765
1697805300000,1975.795,1977.885,1975.575,1977.885
1697805600000,1977.838,1979.365,1977.205,1978.755
1697805900000,1978.775,1980.065,1978.525,1979.158
1697806200000,1979.155,1979.358,1977.455,1977.745
1697806500000,1977.735,1978.835,1977.565,1978.205
1697806800000,1978.265,1979.755,1977.605,1977.748
1697807100000,1977.748,1978.325,1976.508,1977.825
1697807400000,1977.805,1979.205,1977.115,1978.505
1697807700000,1978.505,1978.635,1977.075,1977.145
1697808000000,1977.125,1978.855,1977.105,1978.235
1697808300000,1978.255,1979.015,1977.695,1978.065
1697808600000,1978.065,1979.575,1977.515,1979.138
1697808900000,1979.138,1979.795,1977.825,1978.385
1697809200000,1978.405,1979.305,1977.375,1979.095
1697809500000,1979.075,1983.735,1979.075,1982.735
1697809800000,1982.775,1985.305,1982.775,1985.245
1697810100000,1985.265,1987.885,1984.335,1987.005
1697810400000,1986.975,1989.225,1986.975,1987.215
1697810700000,1987.235,1990.665,1987.235,1989.198
1697811000000,1989.208,1991.058,1987.325,1990.414
1697811300000,1990.414,1990.694,1984.058,1984.984
1697811600000,1985.005,1987.765,1984.698,1986.935
1697811900000,1986.925,1988.565,1986.705,1988.415
1697812200000,1988.435,1990.955,1988.255,1989.598
1697812500000,1989.558,1989.618,1987.638,1989.365
1697812800000,1989.305,1989.745,1988.405,1988.905
1697813100000,1988.845,1989.395,1988.235,1988.635
1697813400000,1988.635,1991.165,1988.185,1991.045
1697813700000,1991.125,1991.195,1989.975,1990.835
1697814000000,1990.855,1992.965,1989.685,1992.355
1697814300000,1992.375,1993.495,1992.225,1993.465
1697814600000,1993.495,1993.785,1992.295,1993.775
1697814900000,1993.785,1994.855,1993.148,1993.615
1697815200000,1993.605,1996.485,1993.515,1995.945
1697815500000,1995.958,1997.135,1995.835,1996.625
1697815800000,1996.655,1996.685,1992.895,1993.015
1697816100000,1993.095,1994.945,1992.925,1993.505
1697816400000,1993.525,1995.778,1993.435,1995.778
1697816700000,1995.808,1995.878,1994.225,1994.838
1697817000000,1994.828,1994.938,1991.818,1992.595
1697817300000,1992.585,1992.585,1990.635,1991.495
1697817600000,1991.515,1992.405,1989.975,1990.015
1697817900000,1989.995,1990.035,1987.545,1989.185
1697818200000,1989.185,1989.415,1987.795,1988.185
1697818500000,1988.165,1989.815,1987.505,1989.655
1697818800000,1989.645,1989.655,1988.865,1989.535
1697819100000,1989.558,1990.735,1989.285,1990.655
1697819400000,1990.685,1991.375,1990.585,1991.015
1697819700000,1991.025,1991.515,1990.525,1990.645
1697820000000,1990.625,1990.785,1989.205,1989.525
1697820300000,1989.485,1989.655,1985.055,1985.195
1697820600000,1985.255,1985.635,1982.125,1983.885
1697820900000,1983.885,1983.885,1981.065,1982.545
1697821200000,1982.535,1984.115,1981.595,1983.695
1697821500000,1983.775,1985.185,1982.565,1984.725
1697821800000,1984.735,1986.615,1984.735,1985.955
1697822100000,1985.975,1986.105,1974.265,1974.615
1697822400000,1974.665,1978.648,1974.255,1977.815
1697822700000,1977.778,1983.345,1977.578,1982.545
1697823000000,1982.535,1982.825,1981.185,1982.195
1697823300000,1982.145,1983.325,1981.805,1983.075
1697823600000,1983.075,1984.565,1982.795,1983.765
1697823900000,1983.785,1984.085,1982.755,1982.795
1697824200000,1982.755,1983.325,1981.845,1982.655
1697824500000,1982.635,1982.975,1981.595,1982.435
1697824800000,1982.525,1982.645,1979.298,1980.215
1697825100000,1980.165,1980.535,1979.345,1979.775
1697825400000,1979.755,1980.215,1975.965,1976.355
1697825700000,1976.365,1978.915,1976.365,1978.005
1697826000000,1977.975,1978.165,1976.105,1976.605
1697826300000,1976.555,1978.595,1976.505,1978.595
1697826600000,1978.605,1979.945,1978.545,1979.565
1697826900000,1979.575,1979.895,1978.895,1979.805
1697827200000,1979.785,1979.935,1979.195,1979.505
1697827500000,1979.465,1980.825,1979.265,1980.825
1697827800000,1980.825,1981.175,1980.415,1980.545
1697828100000,1980.565,1981.045,1979.908,1980.098
1697828400000,1980.085,1980.178,1978.795,1979.345
1697828700000,1979.305,1981.098,1979.035,1980.788
1697829000000,1980.805,1982.035,1980.668,1980.995
1697829300000,1981.055,1981.575,1980.715,1981.075
1697829600000,1981.085,1981.485,1980.775,1981.475
1697829900000,1981.445,1981.535,1980.718,1981.478
1697830200000,1981.478,1981.678,1980.548,1980.628
1697830500000,1980.648,1980.975,1980.438,1980.758
1697830800000,1980.828,1981.865,1980.635,1980.635
1697831100000,1980.675,1980.875,1979.545,1979.715
1697831400000,1979.605,1979.935,1978.915,1979.825
1697831700000,1979.855,1979.935,1979.105,1979.595
1697832000000,1979.565,1980.335,1979.485,1979.948
1697832300000,1979.955,1980.048,1979.638,1979.748
1697832600000,1979.755,1979.805,1979.555,1979.695
1697832900000,1979.715,1979.715,1979.195,1979.245
1697833200000,1979.248,1979.358,1978.875,1978.955
1697833500000,1978.935,1979.115,1978.855,1978.935
1697833800000,1978.848,1980.208,1978.835,1980.208
1697834100000,1980.235,1980.935,1979.988,1980.598
1697834400000,1980.578,1980.768,1979.505,1980.035
1697834700000,1980.068,1980.535,1979.585,1980.108
1697835000000,1980.108,1981.205,1980.108,1980.225
1697835300000,1980.215,1981.755,1980.215,1980.648
1697932800000,1968.894,1968.894,1968.894,1968.894
1697933100000,1968.894,1968.894,1968.894,1968.894
1697933400000,1968.894,1968.894,1968.894,1968.894
1697933700000,1968.894,1968.894,1968.894,1968.894
1697934000000,1968.894,1968.894,1968.894,1968.894
1697934300000,1968.894,1968.894,1968.894,1968.894
1697934600000,1968.894,1968.894,1968.894,1968.894
1697934900000,1968.894,1968.894,1968.894,1968.894
1697935200000,1968.894,1968.894,1968.894,1968.894
1697935500000,1968.894,1968.894,1968.894,1968.894
1697935800000,1968.894,1968.894,1968.894,1968.894
1697936100000,1968.894,1968.894,1968.894,1968.894
1697936400000,1968.894,1968.894,1968.894,1968.894
1697936700000,1968.894,1968.894,1968.894,1968.894
1697937000000,1968.894,1968.894,1968.894,1968.894
1697937300000,1968.894,1968.894,1968.894,1968.894
1697937600000,1968.894,1968.894,1968.894,1968.894
1697937900000,1968.894,1968.894,1968.894,1968.894
1697938200000,1968.894,1968.894,1968.894,1968.894
1697938500000,1968.894,1968.894,1968.894,1968.894
1697938800000,1968.894,1968.894,1968.894,1968.894
1697939100000,1968.894,1968.894,1968.894,1968.894
1697939400000,1968.894,1968.894,1968.894,1968.894
1697939700000,1968.894,1968.894,1968.894,1968.894
1697940000000,1968.894,1968.894,1968.894,1968.894
1697940300000,1968.894,1968.894,1968.894,1968.894
1697940600000,1968.894,1968.894,1968.894,1968.894
1697940900000,1968.894,1968.894,1968.894,1968.894
1697941200000,1968.894,1968.894,1968.894,1968.894
1697941500000,1968.894,1968.894,1968.894,1968.894
1697941800000,1968.894,1968.894,1968.894,1968.894
1697942100000,1968.894,1968.894,1968.894,1968.894
1697942400000,1968.894,1968.894,1968.894,1968.894
1697942700000,1968.894,1968.894,1968.894,1968.894
1697943000000,1968.894,1968.894,1968.894,1968.894
1697943300000,1968.894,1968.894,1968.894,1968.894
1697943600000,1968.894,1968.894,1968.894,1968.894
1697943900000,1968.894,1968.894,1968.894,1968.894
1697944200000,1968.894,1968.894,1968.894,1968.894
1697944500000,1968.894,1968.894,1968.894,1968.894
1697944800000,1968.894,1968.894,1968.894,1968.894
1697945100000,1968.894,1968.894,1968.894,1968.894
1697945400000,1968.894,1968.894,1968.894,1968.894
1697945700000,1968.894,1968.894,1968.894,1968.894
1697946000000,1968.894,1968.894,1968.894,1968.894
1697946300000,1968.894,1968.894,1968.894,1968.894
1697946600000,1968.894,1968.894,1968.894,1968.894
1697946900000,1968.894,1968.894,1968.894,1968.894
1697947200000,1968.894,1968.894,1968.894,1968.894
1697947500000,1968.894,1968.894,1968.894,1968.894
1697947800000,1968.894,1968.894,1968.894,1968.894
1697948100000,1968.894,1968.894,1968.894,1968.894
1697948400000,1968.894,1968.894,1968.894,1968.894
1697948700000,1968.894,1968.894,1968.894,1968.894
1697949000000,1968.894,1968.894,1968.894,1968.894
1697949300000,1968.894,1968.894,1968.894,1968.894
1697949600000,1968.894,1968.894,1968.894,1968.894
1697949900000,1968.894,1968.894,1968.894,1968.894
1697950200000,1968.894,1968.894,1968.894,1968.894
1697950500000,1968.894,1968.894,1968.894,1968.894
1697950800000,1968.894,1968.894,1968.894,1968.894
1697951100000,1968.894,1968.894,1968.894,1968.894
1697951400000,1968.894,1968.894,1968.894,1968.894
1697951700000,1968.894,1968.894,1968.894,1968.894
1697952000000,1968.894,1968.894,1968.894,1968.894
1697952300000,1968.894,1968.894,1968.894,1968.894
1697952600000,1968.894,1968.894,1968.894,1968.894
1697952900000,1968.894,1968.894,1968.894,1968.894
1697953200000,1968.894,1968.894,1968.894,1968.894
1697953500000,1968.894,1968.894,1968.894,1968.894
1697953800000,1968.894,1968.894,1968.894,1968.894
1697954100000,1968.894,1968.894,1968.894,1968.894
1697954400000,1968.894,1968.894,1968.894,1968.894
1697954700000,1968.894,1968.894,1968.894,1968.894
1697955000000,1968.894,1968.894,1968.894,1968.894
1697955300000,1968.894,1968.894,1968.894,1968.894
1697955600000,1968.894,1968.894,1968.894,1968.894
1697955900000,1968.894,1968.894,1968.894,1968.894
1697956200000,1968.894,1968.894,1968.894,1968.894
1697956500000,1968.894,1968.894,1968.894,1968.894
1697956800000,1968.894,1968.894,1968.894,1968.894
1697957100000,1968.894,1968.894,1968.894,1968.894
1697957400000,1968.894,1968.894,1968.894,1968.894
1697957700000,1968.894,1968.894,1968.894,1968.894
1697958000000,1968.894,1968.894,1968.894,1968.894
1697958300000,1968.894,1968.894,1968.894,1968.894
1697958600000,1968.894,1968.894,1968.894,1968.894
1697958900000,1968.894,1968.894,1968.894,1968.894
1697959200000,1968.894,1968.894,1968.894,1968.894
1697959500000,1968.894,1968.894,1968.894,1968.894
1697959800000,1968.894,1968.894,1968.894,1968.894
1697960100000,1968.894,1968.894,1968.894,1968.894
1697960400000,1968.894,1968.894,1968.894,1968.894
1697960700000,1968.894,1968.894,1968.894,1968.894
1697961000000,1968.894,1968.894,1968.894,1968.894
1697961300000,1968.894,1968.894,1968.894,1968.894
1697961600000,1968.894,1968.894,1968.894,1968.894
1697961900000,1968.894,1968.894,1968.894,1968.894
1697962200000,1968.894,1968.894,1968.894,1968.894
1697962500000,1968.894,1968.894,1968.894,1968.894
1697962800000,1968.894,1968.894,1968.894,1968.894
1697963100000,1968.894,1968.894,1968.894,1968.894
1697963400000,1968.894,1968.894,1968.894,1968.894
1697963700000,1968.894,1968.894,1968.894,1968.894
1697964000000,1968.894,1968.894,1968.894,1968.894
1697964300000,1968.894,1968.894,1968.894,1968.894
1697964600000,1968.894,1968.894,1968.894,1968.894
1697964900000,1968.894,1968.894,1968.894,1968.894
1697965200000,1968.894,1968.894,1968.894,1968.894
1697965500000,1968.894,1968.894,1968.894,1968.894
1697965800000,1968.894,1968.894,1968.894,1968.894
1697966100000,1968.894,1968.894,1968.894,1968.894
1697966400000,1968.894,1968.894,1968.894,1968.894
1697966700000,1968.894,1968.894,1968.894,1968.894
1697967000000,1968.894,1968.894,1968.894,1968.894
1697967300000,1968.894,1968.894,1968.894,1968.894
1697967600000,1968.894,1968.894,1968.894,1968.894
1697967900000,1968.894,1968.894,1968.894,1968.894
1697968200000,1968.894,1968.894,1968.894,1968.894
1697968500000,1968.894,1968.894,1968.894,1968.894
1697968800000,1968.894,1968.894,1968.894,1968.894
1697969100000,1968.894,1968.894,1968.894,1968.894
1697969400000,1968.894,1968.894,1968.894,1968.894
1697969700000,1968.894,1968.894,1968.894,1968.894
1697970000000,1968.894,1968.894,1968.894,1968.894
1697970300000,1968.894,1968.894,1968.894,1968.894
1697970600000,1968.894,1968.894,1968.894,1968.894
1697970900000,1968.894,1968.894,1968.894,1968.894
1697971200000,1968.894,1968.894,1968.894,1968.894
1697971500000,1968.894,1968.894,1968.894,1968.894
1697971800000,1968.894,1968.894,1968.894,1968.894
1697972100000,1968.894,1968.894,1968.894,1968.894
1697972400000,1968.894,1968.894,1968.894,1968.894
1697972700000,1968.894,1968.894,1968.894,1968.894
1697973000000,1968.894,1968.894,1968.894,1968.894
1697973300000,1968.894,1968.894,1968.894,1968.894
1697973600000,1968.894,1968.894,1968.894,1968.894
1697973900000,1968.894,1968.894,1968.894,1968.894
1697974200000,1968.894,1968.894,1968.894,1968.894
1697974500000,1968.894,1968.894,1968.894,1968.894
1697974800000,1968.894,1968.894,1968.894,1968.894
1697975100000,1968.894,1968.894,1968.894,1968.894
1697975400000,1968.894,1968.894,1968.894,1968.894
1697975700000,1968.894,1968.894,1968.894,1968.894
1697976000000,1968.894,1968.894,1968.894,1968.894
1697976300000,1968.894,1968.894,1968.894,1968.894
1697976600000,1968.894,1968.894,1968.894,1968.894
1697976900000,1968.894,1968.894,1968.894,1968.894
1697977200000,1968.894,1968.894,1968.894,1968.894
1697977500000,1968.894,1968.894,1968.894,1968.894
1697977800000,1968.894,1968.894,1968.894,1968.894
1697978100000,1968.894,1968.894,1968.894,1968.894
1697978400000,1968.894,1968.894,1968.894,1968.894
1697978700000,1968.894,1968.894,1968.894,1968.894
1697979000000,1968.894,1968.894,1968.894,1968.894
1697979300000,1968.894,1968.894,1968.894,1968.894
1697979600000,1968.894,1968.894,1968.894,1968.894
1697979900000,1968.894,1968.894,1968.894,1968.894
1697980200000,1968.894,1968.894,1968.894,1968.894
1697980500000,1968.894,1968.894,1968.894,1968.894
1697980800000,1968.894,1968.894,1968.894,1968.894
1697981100000,1968.894,1968.894,1968.894,1968.894
1697981400000,1968.894,1968.894,1968.894,1968.894
1697981700000,1968.894,1968.894,1968.894,1968.894
1697982000000,1968.894,1968.894,1968.894,1968.894
1697982300000,1968.894,1968.894,1968.894,1968.894
1697982600000,1968.894,1968.894,1968.894,1968.894
1697982900000,1968.894,1968.894,1968.894,1968.894
1697983200000,1968.894,1968.894,1968.894,1968.894
1697983500000,1968.894,1968.894,1968.894,1968.894
1697983800000,1968.894,1968.894,1968.894,1968.894
1697984100000,1968.894,1968.894,1968.894,1968.894
1697984400000,1968.894,1968.894,1968.894,1968.894
1697984700000,1968.894,1968.894,1968.894,1968.894
1697985000000,1968.894,1968.894,1968.894,1968.894
1697985300000,1968.894,1968.894,1968.894,1968.894
1697985600000,1968.894,1968.894,1968.894,1968.894
1697985900000,1968.894,1968.894,1968.894,1968.894
1697986200000,1968.894,1968.894,1968.894,1968.894
1697986500000,1968.894,1968.894,1968.894,1968.894
1697986800000,1968.894,1968.894,1968.894,1968.894
1697987100000,1968.894,1968.894,1968.894,1968.894
1697987400000,1968.894,1968.894,1968.894,1968.894
1697987700000,1968.894,1968.894,1968.894,1968.894
1697988000000,1968.894,1968.894,1968.894,1968.894
1697988300000,1968.894,1968.894,1968.894,1968.894
1697988600000,1968.894,1968.894,1968.894,1968.894
1697988900000,1968.894,1968.894,1968.894,1968.894
1697989200000,1968.894,1968.894,1968.894,1968.894
1697989500000,1968.894,1968.894,1968.894,1968.894
1697989800000,1968.894,1968.894,1968.894,1968.894
1697990100000,1968.894,1968.894,1968.894,1968.894
1697990400000,1968.894,1968.894,1968.894,1968.894
1697990700000,1968.894,1968.894,1968.894,1968.894
1697991000000,1968.894,1968.894,1968.894,1968.894
1697991300000,1968.894,1968.894,1968.894,1968.894
1697991600000,1968.894,1968.894,1968.894,1968.894
1697991900000,1968.894,1968.894,1968.894,1968.894
1697992200000,1968.894,1968.894,1968.894,1968.894
1697992500000,1968.894,1968.894,1968.894,1968.894
1697992800000,1968.894,1968.894,1968.894,1968.894
1697993100000,1968.894,1968.894,1968.894,1968.894
1697993400000,1968.894,1968.894,1968.894,1968.894
1697993700000,1968.894,1968.894,1968.894,1968.894
1697994000000,1968.894,1968.894,1968.894,1968.894
1697994300000,1968.894,1968.894,1968.894,1968.894
1697994600000,1968.894,1968.894,1968.894,1968.894
1697994900000,1968.894,1968.894,1968.894,1968.894
1697995200000,1968.894,1968.894,1968.894,1968.894
1697995500000,1968.894,1968.894,1968.894,1968.894
1697995800000,1968.894,1968.894,1968.894,1968.894
1697996100000,1968.894,1968.894,1968.894,1968.894
1697996400000,1968.894,1968.894,1968.894,1968.894
1697996700000,1968.894,1968.894,1968.894,1968.894
1697997000000,1968.894,1968.894,1968.894,1968.894
1697997300000,1968.894,1968.894,1968.894,1968.894
1697997600000,1968.894,1968.894,1968.894,1968.894
1697997900000,1968.894,1968.894,1968.894,1968.894
1697998200000,1968.894,1968.894,1968.894,1968.894
1697998500000,1968.894,1968.894,1968.894,1968.894
1697998800000,1968.894,1968.894,1968.894,1968.894
1697999100000,1968.894,1968.894,1968.894,1968.894
1697999400000,1968.894,1968.894,1968.894,1968.894
1697999700000,1968.894,1968.894,1968.894,1968.894
1698000000000,1968.894,1968.894,1968.894,1968.894
1698000300000,1968.894,1968.894,1968.894,1968.894
1698000600000,1968.894,1968.894,1968.894,1968.894
1698000900000,1968.894,1968.894,1968.894,1968.894
1698001200000,1968.894,1968.894,1968.894,1968.894
1698001500000,1968.894,1968.894,1968.894,1968.894
1698001800000,1968.894,1968.894,1968.894,1968.894
1698002100000,1968.894,1968.894,1968.894,1968.894
1698002400000,1968.894,1968.894,1968.894,1968.894
1698002700000,1968.894,1968.894,1968.894,1968.894
1698003000000,1968.894,1968.894,1968.894,1968.894
1698003300000,1968.894,1968.894,1968.894,1968.894
1698003600000,1968.894,1968.894,1968.894,1968.894
1698003900000,1968.894,1968.894,1968.894,1968.894
1698004200000,1968.894,1968.894,1968.894,1968.894
1698004500000,1968.894,1968.894,1968.894,1968.894
1698004800000,1968.894,1968.894,1968.894,1968.894
1698005100000,1968.894,1968.894,1968.894,1968.894
1698005400000,1968.894,1968.894,1968.894,1968.894
1698005700000,1968.894,1968.894,1968.894,1968.894
1698006000000,1968.894,1968.894,1968.894,1968.894
1698006300000,1968.894,1968.894,1968.894,1968.894
1698006600000,1968.894,1968.894,1968.894,1968.894
1698006900000,1968.894,1968.894,1968.894,1968.894
1698007200000,1968.894,1968.894,1968.894,1968.894
1698007500000,1968.894,1968.894,1968.894,1968.894
1698007800000,1968.894,1968.894,1968.894,1968.894
1698008100000,1968.894,1968.894,1968.894,1968.894
1698008400000,1968.894,1968.894,1968.894,1968.894
1698008700000,1968.894,1968.894,1968.894,1968.894
1698009000000,1968.894,1968.894,1968.894,1968.894
1698009300000,1968.894,1968.894,1968.894,1968.894
1698009600000,1968.894,1968.894,1968.894,1968.894
1698009900000,1968.894,1968.894,1968.894,1968.894
1698010200000,1968.894,1968.894,1968.894,1968.894
1698010500000,1968.894,1968.894,1968.894,1968.894
1698010800000,1968.894,1968.894,1968.894,1968.894
1698011100000,1968.894,1968.894,1968.894,1968.894
1698011400000,1968.894,1968.894,1968.894,1968.894
1698011700000,1968.894,1968.894,1968.894,1968.894
1698012000000,1967.114,1975.055,1964.865,1972.215
1698012300000,1972.285,1976.405,1972.285,1974.385
1698012600000,1974.385,1975.645,1974.135,1975.645
1698012900000,1975.625,1978.115,1975.595,1977.515
1698013200000,1977.404,1977.615,1976.045,1976.805
1698013500000,1976.805,1977.834,1976.734,1977.694
1698013800000,1977.695,1978.535,1976.915,1978.215
1698014100000,1978.155,1978.155,1976.395,1976.775
1698014400000,1976.725,1977.205,1976.325,1976.895
1698014700000,1976.875,1977.335,1976.745,1976.745
1698015000000,1976.795,1977.225,1976.635,1976.645
1698015300000,1976.635,1976.955,1975.935,1976.135
1698015600000,1976.135,1977.434,1976.135,1976.725
1698015900000,1976.715,1977.125,1976.524,1976.935
1698016200000,1976.835,1978.085,1976.335,1977.445
1698016500000,1977.355,1977.865,1976.965,1976.965
1698016800000,1977.005,1977.005,1975.705,1976.505
1698017100000,1976.485,1976.525,1975.615,1975.925
1698017400000,1975.905,1975.945,1975.305,1975.445
1698017700000,1975.475,1975.745,1975.175,1975.175
1698018000000,1975.165,1975.295,1974.905,1974.975
1698018300000,1974.985,1975.035,1974.305,1974.495
1698018600000,1974.465,1974.545,1970.055,1970.875
1698018900000,1970.925,1971.535,1970.015,1971.445
1698019200000,1971.445,1972.745,1970.865,1971.225
1698019500000,1971.235,1971.485,1969.968,1970.028
1698019800000,1969.965,1972.005,1969.775,1971.625
1698020100000,1971.615,1972.945,1971.295,1972.375
1698020400000,1972.415,1973.065,1972.115,1972.445
1698020700000,1972.465,1972.695,1971.465,1971.755
1698021000000,1971.765,1973.175,1971.765,1972.415
1698021300000,1972.425,1972.955,1971.475,1971.518
1698021600000,1971.525,1971.605,1970.215,1970.315
1698021900000,1970.315,1970.425,1965.464,1966.795
1698022200000,1966.805,1967.155,1964.495,1964.885
1698022500000,1964.855,1966.655,1964.275,1966.155
1698022800000,1966.175,1966.905,1964.305,1965.955
1698023100000,1965.975,1967.205,1964.885,1965.688
1698023400000,1965.805,1967.565,1965.495,1965.575
1698023700000,1965.585,1967.295,1965.215,1966.805
1698024000000,1966.785,1967.145,1966.225,1966.395
1698024300000,1966.405,1966.805,1965.335,1966.615
1698024600000,1966.605,1967.235,1966.055,1966.835
1698024900000,1966.845,1968.165,1966.445,1968.085
1698025200000,1968.075,1968.125,1967.065,1967.515
1698025500000,1967.525,1967.555,1966.525,1966.815
1698025800000,1966.885,1967.095,1966.325,1966.585
1698026100000,1966.595,1967.105,1966.055,1966.565
1698026400000,1966.565,1968.345,1966.415,1967.735
1698026700000,1967.735,1969.815,1967.565,1969.795
1698027000000,1969.805,1969.835,1968.765,1969.558
1698027300000,1969.578,1971.045,1969.578,1970.425
1698027600000,1970.455,1971.185,1970.335,1970.585
1698027900000,1970.545,1971.125,1970.035,1971.075
1698028200000,1971.055,1971.515,1970.305,1971.515
1698028500000,1971.535,1973.235,1971.535,1972.845
1698028800000,1972.895,1972.945,1971.545,1972.095
1698029100000,1972.085,1972.085,1971.005,1971.645
1698029400000,1971.665,1974.215,1971.425,1973.275
1698029700000,1973.255,1974.025,1972.385,1972.565
1698030000000,1972.535,1973.845,1972.455,1973.315
1698030300000,1973.305,1974.095,1972.255,1974.045
1698030600000,1974.145,1974.155,1972.875,1973.185
1698030900000,1973.205,1973.655,1972.075,1972.195
1698031200000,1972.155,1972.545,1971.885,1972.085
1698031500000,1972.165,1972.565,1971.855,1971.885
1698031800000,1971.895,1972.385,1971.635,1972.245
1698032100000,1972.275,1973.065,1971.965,1971.995
1698032400000,1971.975,1972.255,1971.745,1972.045
1698032700000,1971.985,1972.795,1971.795,1972.435
1698033000000,1972.475,1974.665,1972.275,1974.178
1698033300000,1974.218,1974.308,1973.158,1973.558
1698033600000,1973.558,1974.628,1973.378,1974.578
1698033900000,1974.485,1974.515,1972.715,1973.385
1698034200000,1973.365,1974.605,1973.085,1973.755
1698034500000,1973.775,1973.945,1973.145,1973.225
1698034800000,1973.215,1973.815,1973.215,1973.715
1698035100000,1973.715,1973.825,1973.095,1973.285
1698035400000,1973.315,1973.845,1973.175,1973.635
1698035700000,1973.605,1973.965,1973.255,1973.655
1698036000000,1973.655,1974.245,1973.455,1974.235
1698036300000,1974.205,1974.205,1972.665,1973.865
1698036600000,1973.985,1974.045,1973.415,1973.565
1698036900000,1973.545,1973.715,1973.115,1973.705
1698037200000,1973.695,1974.295,1973.485,1973.945
1698037500000,1973.925,1975.175,1973.925,1974.295
1698037800000,1974.315,1974.565,1973.805,1974.255
1698038100000,1974.215,1974.645,1973.455,1973.635
1698038400000,1973.635,1973.925,1973.225,1973.755
1698038700000,1973.735,1973.815,1973.015,1973.025
1698039000000,1973.045,1974.325,1972.685,1973.885
1698039300000,1973.905,1976.125,1973.505,1976.125
1698039600000,1976.125,1976.645,1975.595,1975.735
1698039900000,1975.495,1975.725,1974.415,1975.315
1698040200000,1975.255,1976.115,1974.915,1975.425
1698040500000,1975.525,1975.915,1975.335,1975.625
1698040800000,1975.635,1976.735,1975.445,1976.045
1698041100000,1975.955,1976.645,1975.805,1976.055
1698041400000,1976.065,1976.595,1975.684,1976.065
1698041700000,1976.065,1977.035,1976.065,1976.215
1698042000000,1976.295,1977.405,1976.255,1977.025
1698042300000,1977.005,1977.228,1976.455,1976.455
1698042600000,1976.415,1977.175,1975.878,1977.028
1698042900000,1977.128,1977.428,1975.805,1976.055
1698043200000,1976.058,1976.145,1975.008,1975.088
1698043500000,1975.055,1975.665,1975.038,1975.588
1698043800000,1975.565,1976.008,1975.385,1975.798
1698044100000,1975.765,1975.858,1975.315,1975.535
1698044400000,1975.545,1976.915,1975.528,1975.888
1698044700000,1975.928,1976.205,1974.715,1974.925
1698045000000,1975.005,1975.545,1974.415,1975.475
1698045300000,1975.355,1975.755,1974.945,1975.475
1698045600000,1975.495,1976.535,1975.495,1975.995
1698045900000,1976.005,1976.505,1975.715,1976.078
1698046200000,1976.075,1978.725,1975.975,1978.725
1698046500000,1978.735,1978.945,1978.005,1978.925
1698046800000,1978.905,1979.675,1978.425,1978.565
1698047100000,1978.545,1978.705,1977.385,1977.785
1698047400000,1977.805,1979.115,1977.805,1979.085
1698047700000,1979.035,1979.505,1978.425,1979.395
1698048000000,1979.375,1980.775,1979.305,1980.275
1698048300000,1980.255,1981.684,1980.255,1980.835
1698048600000,1980.845,1981.345,1979.595,1980.025
1698048900000,1980.005,1980.565,1979.635,1980.435
1698049200000,1980.425,1980.655,1979.195,1979.285
1698049500000,1979.265,1979.895,1978.995,1979.795
1698049800000,1979.825,1981.585,1979.704,1981.585
1698050100000,1981.625,1981.745,1980.655,1981.655
1698050400000,1981.675,1981.675,1981.025,1981.195
1698050700000,1981.185,1981.835,1981.075,1981.165
1698051000000,1981.155,1981.885,1980.715,1981.655
1698051300000,1981.655,1981.885,1981.005,1981.338
1698051600000,1981.304,1982.715,1981.268,1982.615
1698051900000,1982.615,1982.725,1981.465,1981.695
1698052200000,1981.735,1981.755,1980.095,1980.378
1698052500000,1980.368,1981.385,1979.968,1981.095
1698052800000,1981.115,1982.005,1981.028,1981.815
1698053100000,1981.835,1982.205,1981.764,1982.185
1698053400000,1982.195,1982.285,1980.575,1980.624
1698053700000,1980.618,1981.275,1979.518,1979.674
1698054000000,1979.738,1980.245,1978.965,1978.965
1698054300000,1978.985,1979.015,1977.605,1978.435
1698054600000,1978.455,1978.615,1977.085,1977.545
1698054900000,1977.565,1977.775,1976.855,1977.525
1698055200000,1977.575,1978.045,1977.015,1977.915
1698055500000,1977.945,1978.375,1977.335,1977.805
1698055800000,1977.785,1977.975,1977.385,1977.515
1698056100000,1977.545,1978.385,1977.375,1977.895
1698056400000,1977.905,1978.025,1977.125,1977.605
1698056700000,1977.595,1977.608,1976.105,1976.218
1698057000000,1976.228,1976.335,1975.148,1976.335
1698057300000,1976.335,1976.895,1975.955,1975.985
1698057600000,1976.005,1976.875,1975.635,1976.185
1698057900000,1976.225,1977.315,1976.225,1977.305
1698058200000,1977.285,1977.598,1977.118,1977.448
1698058500000,1977.435,1977.755,1977.165,1977.405
1698058800000,1977.385,1978.125,1977.005,1977.995
1698059100000,1977.965,1978.285,1977.064,1978.275
1698059400000,1978.245,1979.048,1977.885,1978.628
1698059700000,1978.658,1979.198,1978.175,1978.788
1698060000000,1978.755,1978.898,1977.945,1978.188
1698060300000,1978.225,1978.455,1975.935,1976.195
1698060600000,1976.185,1978.455,1976.175,1977.415
1698060900000,1977.415,1978.475,1977.205,1978.375
1698061200000,1978.415,1979.055,1978.275,1978.925
1698061500000,1978.935,1979.195,1977.505,1978.325
1698061800000,1978.325,1978.555,1977.485,1978.475
1698062100000,1978.495,1979.815,1978.335,1979.275
1698062400000,1979.275,1979.325,1977.995,1978.585
1698062700000,1978.615,1978.935,1977.715,1978.185
1698063000000,1978.195,1978.575,1975.868,1976.835
1698063300000,1976.835,1980.265,1976.255,1980.175
1698063600000,1980.245,1981.085,1979.355,1980.985
1698063900000,1980.975,1981.695,1980.095,1981.405
1698064200000,1981.425,1981.865,1980.508,1981.145
1698064500000,1981.165,1981.165,1977.415,1977.425
1698064800000,1977.385,1979.275,1976.905,1978.635
1698065100000,1978.705,1979.105,1977.365,1978.415
1698065400000,1978.405,1978.485,1976.995,1977.675
1698065700000,1977.655,1978.065,1976.515,1977.465
1698066000000,1977.495,1979.438,1977.105,1979.388
1698066300000,1979.378,1979.928,1978.555,1979.275
1698066600000,1979.325,1979.745,1977.688,1978.114
1698066900000,1978.128,1978.598,1977.035,1977.395
1698067200000,1977.385,1979.655,1977.035,1979.358
1698067500000,1979.358,1979.358,1978.208,1978.598
1698067800000,1978.555,1978.555,1975.395,1975.705
1698068100000,1975.715,1976.225,1973.685,1975.165
1698068400000,1975.195,1975.425,1970.055,1970.115
1698068700000,1970.125,1973.675,1970.025,1972.095
1698069000000,1972.105,1975.025,1972.105,1974.925
1698069300000,1974.905,1975.538,1973.315,1974.655
1698069600000,1974.675,1974.925,1972.355,1972.785
1698069900000,1972.805,1974.185,1972.495,1973.955
1698070200000,1973.925,1975.165,1973.145,1973.545
1698070500000,1973.558,1975.715,1972.785,1975.255
1698070800000,1975.255,1976.495,1974.645,1976.495
1698071100000,1976.595,1976.748,1975.505,1975.935
1698071400000,1975.935,1976.975,1975.515,1976.755
1698071700000,1976.855,1977.215,1975.775,1975.905
1698072000000,1975.885,1977.345,1975.785,1976.998
1698072300000,1976.998,1977.605,1976.145,1976.725
1698072600000,1976.655,1978.345,1976.115,1978.265
1698072900000,1978.315,1978.525,1975.995,1976.085
1698073200000,1976.075,1977.845,1976.075,1977.805
1698073500000,1977.865,1978.315,1977.255,1978.025
1698073800000,1978.085,1978.785,1977.305,1977.335
1698074100000,1977.355,1977.805,1976.345,1976.785
1698074400000,1976.805,1977.825,1976.655,1977.675
1698074700000,1977.695,1978.515,1977.048,1977.625
1698075000000,1977.645,1978.725,1977.325,1978.125
1698075300000,1978.165,1978.515,1975.555,1975.555
1698075600000,1975.535,1976.885,1975.248,1975.825
1698075900000,1975.805,1976.305,1974.515,1974.515
1698076200000,1974.475,1975.165,1974.265,1974.685
1698076500000,1974.565,1975.395,1973.495,1975.265
1698076800000,1975.295,1975.295,1973.605,1974.975
1698077100000,1975.045,1976.195,1974.645,1976.195
1698077400000,1976.175,1976.325,1975.445,1975.935
1698077700000,1975.955,1976.085,1974.635,1975.915
1698078000000,1975.935,1977.945,1975.935,1977.495
1698078300000,1977.555,1978.525,1977.385,1978.485
1698078600000,1978.445,1979.225,1978.305,1978.898
1698078900000,1978.824,1978.998,1976.605,1976.718
1698079200000,1976.698,1977.885,1976.605,1977.175
1698079500000,1977.195,1977.625,1976.298,1976.645
1698079800000,1976.618,1977.255,1975.578,1975.788
1698080100000,1975.788,1975.955,1974.338,1974.378
1698080400000,1974.305,1974.965,1973.195,1973.585
1698080700000,1973.565,1974.325,1972.225,1973.905
1698081000000,1973.905,1976.035,1973.645,1976.025
1698081300000,1976.005,1977.005,1975.725,1976.905
1698081600000,1976.935,1977.295,1974.955,1975.185
1698081900000,1975.165,1976.455,1974.095,1975.995
1698082200000,1976.045,1976.655,1975.115,1975.365
1698082500000,1975.385,1976.345,1974.935,1976.295
1698082800000,1976.315,1977.565,1976.195,1977.025
1698083100000,1976.995,1977.508,1976.728,1977.205
1698083400000,1977.235,1977.535,1976.635,1976.775
1698083700000,1976.715,1976.905,1975.965,1976.075
1698084000000,1976.095,1976.385,1975.815,1975.825
1698084300000,1975.835,1976.615,1975.695,1976.515
1698084600000,1976.535,1976.765,1975.995,1976.075
1698084900000,1976.075,1976.665,1976.035,1976.145
1698085200000,1976.125,1976.635,1975.855,1976.265
1698085500000,1976.245,1977.875,1976.135,1976.888
1698085800000,1976.888,1977.678,1976.858,1977.388
1698086100000,1977.378,1977.458,1976.545,1976.815
1698086400000,1976.835,1978.015,1976.755,1977.318
1698086700000,1977.324,1977.715,1977.205,1977.535
1698087000000,1977.545,1977.605,1977.105,1977.425
1698087300000,1977.405,1977.495,1977.075,1977.435
1698087600000,1977.435,1977.658,1976.595,1976.815
1698087900000,1976.885,1976.895,1975.905,1976.105
1698088200000,1976.125,1976.895,1975.675,1975.895
1698088500000,1975.895,1976.308,1974.875,1975.215
1698088800000,1975.265,1975.345,1973.905,1974.335
1698089100000,1974.335,1974.335,1972.675,1972.825
1698089400000,1972.825,1972.825,1971.895,1972.645
1698089700000,1972.645,1973.235,1971.285,1971.605
1698090000000,1971.575,1971.825,1971.075,1971.365
1698090300000,1971.375,1972.735,1971.235,1972.194
1698090600000,1972.074,1973.045,1972.045,1972.765
1698090900000,1972.765,1973.425,1972.665,1973.145
1698091200000,1973.145,1973.335,1972.875,1972.905
1698091500000,1972.895,1972.895,1971.465,1971.675
1698091800000,1971.655,1972.395,1971.485,1972.205
1698092100000,1972.205,1972.895,1972.115,1972.895
1698092400000,1972.885,1973.245,1972.745,1973.075
1698092700000,1973.025,1973.155,1972.935,1973.045
1698093000000,1973.038,1973.095,1972.635,1972.895
1698093300000,1972.838,1973.048,1972.708,1973.038
1698093600000,1973.038,1973.335,1972.975,1973.008
1698093900000,1972.988,1972.995,1972.275,1972.385
1698094200000,1972.385,1972.598,1972.295,1972.595
1698094500000,1972.595,1972.785,1971.848,1971.848
1698094800000,1971.848,1971.848,1971.848,1971.848
1698095100000,1971.848,1971.848,1971.848,1971.848
1698095400000,1971.848,1971.848,1971.848,1971.848
1698095700000,1971.848,1971.848,1971.848,1971.848
1698096000000,1971.848,1971.848,1971.848,1971.848
1698096300000,1971.848,1971.848,1971.848,1971.848
1698096600000,1971.848,1971.848,1971.848,1971.848
1698096900000,1971.848,1971.848,1971.848,1971.848
1698097200000,1971.848,1971.848,1971.848,1971.848
1698097500000,1971.848,1971.848,1971.848,1971.848
1698097800000,1971.848,1971.848,1971.848,1971.848
1698098100000,1971.848,1971.848,1971.848,1971.848
1698098400000,1972.584,1973.528,1972.584,1973.235
1698098700000,1973.275,1973.635,1973.275,1973.335
1698099000000,1973.285,1973.695,1973.285,1973.605
1698099300000,1973.595,1973.665,1973.365,1973.395
1698099600000,1973.385,1973.595,1973.285,1973.295
1698099900000,1973.285,1973.435,1973.285,1973.385
1698100200000,1973.385,1973.405,1973.205,1973.205
1698100500000,1973.235,1973.305,1973.095,1973.105
1698100800000,1973.145,1973.215,1973.095,1973.165
1698101100000,1973.125,1973.345,1972.915,1973.285
1698101400000,1973.285,1973.515,1973.275,1973.475
1698101700000,1973.465,1973.465,1972.828,1972.835
1698102000000,1972.845,1973.408,1972.785,1973.258
1698102300000,1973.255,1973.358,1973.128,1973.155
1698102600000,1973.295,1973.295,1972.945,1972.965
1698102900000,1972.995,1973.545,1972.965,1973.485
1698103200000,1973.465,1973.565,1973.385,1973.415
1698103500000,1973.395,1973.515,1973.315,1973.445
1698103800000,1973.435,1973.715,1972.228,1972.328
1698104100000,1972.298,1972.498,1972.198,1972.338
1698104400000,1972.398,1972.428,1972.198,1972.198
1698104700000,1972.198,1972.825,1971.285,1972.775
1698105000000,1972.745,1973.565,1972.725,1973.115
1698105300000,1973.125,1973.595,1973.045,1973.455
1698105600000,1973.465,1973.715,1973.365,1973.685
1698105900000,1973.695,1973.785,1973.465,1973.615
1698106200000,1973.665,1973.925,1973.335,1973.625
1698106500000,1973.615,1973.875,1973.345,1973.345
1698106800000,1973.425,1975.568,1973.225,1975.158
1698107100000,1975.165,1975.538,1974.858,1974.858
1698107400000,1974.778,1975.815,1974.765,1975.328
1698107700000,1975.315,1975.338,1973.805,1973.878
1698108000000,1973.878,1974.095,1973.438,1974.075
1698108300000,1973.998,1974.058,1972.375,1972.585
1698108600000,1972.575,1973.285,1972.365,1973.235
1698108900000,1973.235,1974.305,1973.235,1973.755
1698109200000,1973.765,1975.515,1973.765,1975.445
1698109500000,1975.465,1976.035,1975.015,1975.995
1698109800000,1975.935,1978.005,1975.845,1977.765
1698110100000,1977.755,1978.625,1976.845,1978.308
1698110400000,1978.265,1978.318,1976.635,1976.655
1698110700000,1976.645,1977.935,1976.495,1977.725
1698111000000,1977.745,1977.995,1976.905,1977.245
1698111300000,1977.245,1977.325,1976.505,1977.025
1698111600000,1977.005,1977.215,1976.385,1976.985
1698111900000,1976.975,1977.425,1976.505,1976.765
1698112200000,1976.745,1976.875,1975.605,1976.085
1698112500000,1976.125,1976.515,1975.935,1976.485
1698112800000,1976.525,1976.525,1975.645,1975.945
1698113100000,1975.955,1976.835,1975.825,1976.685
1698113400000,1976.655,1977.705,1976.645,1977.685
1698113700000,1977.685,1980.615,1977.585,1979.675
1698114000000,1979.665,1980.735,1979.588,1979.955
1698114300000,1979.958,1980.048,1979.075,1979.345
1698114600000,1979.375,1980.135,1979.155,1979.805
1698114900000,1979.785,1979.835,1978.575,1978.665
1698115200000,1978.685,1979.055,1977.955,1978.118
1698115500000,1978.118,1979.475,1977.975,1979.365
1698115800000,1979.405,1979.835,1978.258,1978.598
1698116100000,1978.598,1978.598,1977.525,1977.585
1698116400000,1977.575,1978.045,1977.085,1977.745
1698116700000,1977.805,1977.825,1976.945,1977.185
1698117000000,1977.195,1977.375,1975.598,1975.615
1698117300000,1975.628,1976.415,1975.255,1976.345
1698117600000,1976.345,1977.955,1976.335,1977.845
1698117900000,1977.845,1977.845,1977.105,1977.285
1698118200000,1977.275,1977.925,1977.165,1977.855
1698118500000,1977.865,1978.155,1977.495,1977.535
1698118800000,1977.455,1977.465,1976.965,1977.035
1698119100000,1977.025,1977.155,1976.795,1977.145
1698119400000,1977.145,1977.145,1976.905,1976.975
1698119700000,1976.955,1976.955,1976.755,1976.835
1698120000000,1976.805,1976.905,1976.025,1976.115
1698120300000,1976.085,1976.485,1975.955,1976.255
1698120600000,1976.285,1976.305,1975.485,1975.625
1698120900000,1975.635,1975.935,1975.345,1975.595
1698121200000,1975.575,1975.805,1975.265,1975.485
1698121500000,1975.455,1976.095,1975.455,1975.755
1698121800000,1975.765,1975.855,1975.575,1975.855
1698122100000,1975.795,1975.795,1975.625,1975.705
1698122400000,1975.735,1975.955,1975.715,1975.885
1698122700000,1975.945,1975.995,1975.495,1975.725
1698123000000,1975.705,1977.295,1975.615,1977.005
1698123300000,1977.005,1977.095,1976.055,1976.115
1698123600000,1976.115,1976.485,1975.915,1976.155
1698123900000,1976.075,1976.205,1975.675,1976.045
1698124200000,1976.025,1976.025,1975.365,1975.405
1698124500000,1975.415,1975.715,1975.415,1975.715
1698124800000,1975.735,1976.305,1975.635,1976.165
1698125100000,1976.145,1976.195,1975.795,1976.055
1698125400000,1976.035,1976.445,1975.485,1975.485
1698125700000,1975.485,1975.635,1975.185,1975.445
1698126000000,1975.445,1975.805,1975.205,1975.675
1698126300000,1975.698,1976.355,1974.575,1974.865
1698126600000,1974.875,1976.105,1974.385,1976.045
1698126900000,1976.025,1976.605,1975.645,1976.415
1698127200000,1976.425,1977.295,1975.605,1976.985
1698127500000,1977.055,1977.485,1976.374,1976.755
1698127800000,1976.785,1977.394,1976.665,1977.075
1698128100000,1977.064,1977.135,1976.208,1976.518
1698128400000,1976.525,1978.015,1976.525,1977.378
1698128700000,1977.378,1977.378,1976.285,1977.105
1698129000000,1977.115,1977.235,1975.915,1976.285
1698129300000,1976.325,1976.755,1975.928,1976.605
1698129600000,1976.655,1977.825,1976.625,1977.415
1698129900000,1977.445,1977.605,1976.635,1976.725
1698130200000,1976.705,1977.605,1976.345,1977.225
1698130500000,1977.215,1977.885,1976.985,1977.515
1698130800000,1977.645,1979.028,1977.355,1978.338
1698131100000,1978.338,1979.105,1978.218,1978.915
1698131400000,1978.895,1979.025,1977.505,1977.635
1698131700000,1977.565,1978.245,1975.835,1977.025
1698132000000,1976.935,1977.315,1975.885,1976.035
1698132300000,1976.005,1976.785,1975.975,1976.335
1698132600000,1976.264,1977.315,1975.735,1977.285
1698132900000,1977.255,1977.375,1975.115,1975.615
1698133200000,1975.615,1975.855,1975.095,1975.185
1698133500000,1975.185,1976.735,1975.035,1976.075
1698133800000,1976.055,1976.085,1974.995,1975.095
1698134100000,1975.105,1975.795,1974.805,1975.225
1698134400000,1975.265,1975.845,1975.035,1975.365
1698134700000,1975.395,1975.395,1974.895,1975.105
1698135000000,1975.115,1975.205,1973.615,1973.855
1698135300000,1973.815,1974.174,1973.715,1973.968
1698135600000,1973.955,1974.485,1973.295,1974.345
1698135900000,1974.365,1975.065,1974.265,1974.455
1698136200000,1974.455,1974.805,1973.665,1973.985
1698136500000,1973.985,1974.045,1972.734,1972.788
1698136800000,1972.788,1972.838,1971.335,1971.695
1698137100000,1971.695,1972.125,1969.818,1971.605
1698137400000,1971.545,1973.285,1971.115,1972.275
1698137700000,1972.315,1973.285,1971.955,1972.148
1698138000000,1972.148,1972.455,1970.885,1971.065
1698138300000,1971.025,1971.995,1970.788,1971.645
1698138600000,1971.595,1971.795,1970.945,1970.955
1698138900000,1970.845,1971.375,1966.054,1967.235
1698139200000,1967.235,1968.435,1966.635,1967.018
1698139500000,1967.018,1967.415,1966.325,1967.315
1698139800000,1967.305,1967.935,1966.655,1966.755
1698140100000,1966.745,1966.955,1964.898,1965.095
1698140400000,1965.078,1967.285,1964.895,1967.235
1698140700000,1967.185,1967.835,1966.838,1967.245
1698141000000,1967.235,1967.405,1966.565,1966.995
1698141300000,1966.995,1967.058,1965.955,1966.465
1698141600000,1966.445,1967.085,1966.285,1966.825
1698141900000,1966.745,1967.308,1966.228,1966.518
1698142200000,1966.538,1967.025,1965.538,1965.825
1698142500000,1965.808,1967.135,1965.438,1965.488
1698142800000,1965.508,1965.688,1964.108,1965.208
1698143100000,1965.185,1965.308,1964.488,1964.728
1698143400000,1964.705,1965.158,1964.555,1964.575
1698143700000,1964.575,1964.895,1964.164,1964.654
1698144000000,1964.654,1964.698,1963.595,1963.645
1698144300000,1963.665,1964.118,1960.844,1961.778
1698144600000,1961.778,1962.825,1961.778,1962.365
1698144900000,1962.365,1962.905,1961.475,1961.705
1698145200000,1961.714,1961.738,1953.404,1954.695
1698145500000,1954.695,1958.075,1954.055,1957.865
1698145800000,1957.865,1958.605,1957.135,1958.605
1698146100000,1958.595,1959.835,1958.375,1959.385
1698146400000,1959.365,1961.525,1959.195,1961.455
1698146700000,1961.558,1961.725,1960.325,1960.805
1698147000000,1960.825,1962.615,1960.815,1962.495
1698147300000,1962.495,1962.605,1961.215,1961.355
1698147600000,1961.395,1961.905,1960.648,1961.815
1698147900000,1961.845,1963.705,1961.815,1963.035
1698148200000,1963.025,1964.135,1963.005,1964.045
1698148500000,1964.055,1964.135,1963.328,1963.558
1698148800000,1963.515,1963.738,1961.498,1962.075
1698149100000,1961.905,1962.515,1961.025,1961.485
1698149400000,1961.438,1962.575,1960.625,1962.085
1698149700000,1962.095,1962.275,1960.695,1961.595
1698150000000,1961.528,1966.684,1961.115,1966.484
1698150300000,1966.475,1966.535,1962.985,1963.055
1698150600000,1963.095,1965.325,1962.435,1965.325
1698150900000,1965.325,1965.525,1963.645,1964.845
1698151200000,1964.935,1965.035,1963.165,1964.135
1698151500000,1964.145,1964.455,1962.995,1963.265
1698151800000,1963.245,1964.655,1963.205,1963.835
1698152100000,1963.975,1964.865,1963.755,1964.805
1698152400000,1964.845,1966.035,1964.595,1965.035
1698152700000,1964.995,1965.685,1964.415,1965.015
1698153000000,1965.035,1966.155,1964.515,1965.305
1698153300000,1965.315,1965.945,1963.975,1964.945
1698153600000,1964.985,1965.085,1963.348,1963.975
1698153900000,1963.945,1964.045,1961.985,1963.205
1698154200000,1963.255,1964.305,1960.888,1961.435
1698154500000,1961.465,1963.965,1959.965,1963.295
1698154800000,1963.355,1964.395,1962.415,1963.884
1698155100000,1963.875,1965.375,1958.855,1963.825
1698155400000,1963.825,1964.255,1961.318,1962.558
1698155700000,1962.558,1965.495,1962.358,1964.394
1698156000000,1964.394,1964.925,1962.765,1963.055
1698156300000,1963.075,1965.765,1962.935,1964.905
1698156600000,1964.864,1965.345,1963.705,1963.875
1698156900000,1963.878,1965.235,1963.425,1964.615
1698157200000,1964.625,1964.935,1963.055,1963.985
1698157500000,1963.985,1965.485,1963.495,1964.648
1698157800000,1964.655,1965.285,1963.405,1963.505
1698158100000,1963.525,1964.195,1962.325,1962.395
1698158400000,1962.215,1963.065,1961.665,1962.665
1698158700000,1962.665,1963.955,1962.335,1963.865
1698159000000,1963.825,1965.215,1963.275,1964.985
1698159300000,1965.005,1965.205,1963.485,1963.705
1698159600000,1963.635,1963.995,1961.595,1961.715
1698159900000,1961.695,1962.985,1961.385,1962.205
1698160200000,1962.205,1962.765,1961.195,1961.575
1698160500000,1961.495,1963.295,1961.325,1962.835
1698160800000,1962.885,1963.475,1962.405,1963.395
1698161100000,1963.385,1964.665,1963.295,1964.328
1698161400000,1964.328,1964.485,1962.408,1962.548
1698161700000,1962.505,1965.335,1962.505,1965.005
1698162000000,1964.975,1966.115,1964.865,1965.135
1698162300000,1965.155,1967.525,1965.155,1966.915
1698162600000,1966.935,1968.465,1966.728,1968.435
1698162900000,1968.375,1969.938,1968.325,1969.628
1698163200000,1969.624,1970.175,1968.795,1969.005
1698163500000,1968.985,1969.885,1968.905,1969.265
1698163800000,1969.245,1970.645,1969.245,1970.455
1698164100000,1970.435,1971.985,1970.345,1971.925
1698164400000,1971.945,1973.028,1971.628,1972.508
1698164700000,1972.578,1973.248,1972.064,1973.138
1698165000000,1973.128,1975.335,1972.905,1973.875
1698165300000,1973.865,1974.818,1973.825,1974.625
1698165600000,1974.665,1975.855,1974.665,1975.705
1698165900000,1975.698,1975.825,1973.038,1973.115
1698166200000,1973.118,1974.755,1973.118,1974.405
1698166500000,1974.395,1974.695,1973.878,1974.215
1698166800000,1974.205,1974.965,1973.525,1974.125
1698167100000,1974.125,1974.815,1974.025,1974.685
1698167400000,1974.655,1975.528,1974.405,1974.748
1698167700000,1974.758,1974.828,1973.595,1974.005
1698168000000,1974.045,1975.105,1973.995,1974.595
1698168300000,1974.585,1974.828,1973.528,1974.645
1698168600000,1974.665,1975.235,1974.088,1974.585
1698168900000,1974.635,1975.235,1974.305,1975.205
1698169200000,1975.225,1975.878,1975.225,1975.765
1698169500000,1975.845,1977.485,1975.805,1977.305
1698169800000,1977.245,1977.245,1975.778,1975.788
1698170100000,1975.788,1976.395,1975.718,1975.768
1698170400000,1975.768,1976.055,1975.278,1975.448
1698170700000,1975.458,1975.568,1974.275,1974.325
1698171000000,1974.305,1974.595,1973.945,1974.385
1698171300000,1974.395,1974.875,1974.345,1974.705
1698171600000,1974.705,1974.705,1973.905,1974.045
1698171900000,1974.005,1974.365,1973.885,1974.005
1698172200000,1973.985,1974.275,1973.025,1973.095
1698172500000,1973.115,1973.455,1972.245,1972.348
1698172800000,1972.378,1972.765,1971.735,1972.185
1698173100000,1972.185,1972.575,1972.035,1972.465
1698173400000,1972.475,1973.345,1972.475,1973.345
1698173700000,1973.358,1973.685,1972.845,1973.675
1698174000000,1973.595,1973.725,1973.065,1973.135
1698174300000,1973.105,1973.535,1973.085,1973.375
1698174600000,1973.355,1973.525,1972.945,1973.255
1698174900000,1973.255,1973.865,1972.715,1972.775
1698175200000,1972.805,1972.965,1972.225,1972.245
1698175500000,1972.185,1972.285,1971.575,1971.835
1698175800000,1971.825,1971.885,1971.195,1971.685
1698176100000,1971.675,1971.965,1971.655,1971.845
1698176400000,1971.865,1971.965,1971.645,1971.665
1698176700000,1971.695,1971.975,1971.235,1971.255
1698177000000,1971.335,1972.085,1971.065,1972.035
1698177300000,1971.985,1972.695,1971.985,1972.595
1698177600000,1972.605,1972.745,1972.235,1972.385
1698177900000,1972.425,1972.635,1972.215,1972.305
1698178200000,1972.335,1972.665,1972.335,1972.665
1698178500000,1972.705,1973.025,1972.705,1972.765
1698178800000,1972.795,1972.865,1972.655,1972.765
1698179100000,1972.735,1972.775,1972.145,1972.145
1698179400000,1972.105,1972.145,1971.795,1972.005
1698179700000,1972.005,1972.005,1971.408,1971.508
1698180000000,1971.508,1971.548,1971.308,1971.455
1698180300000,1971.448,1971.448,1970.948,1971.365
1698180600000,1971.375,1971.375,1970.748,1970.938
1698180900000,1970.938,1970.945,1970.598,1970.598
1698181200000,1970.598,1970.598,1970.598,1970.598
1698181500000,1970.598,1970.598,1970.598,1970.598
1698181800000,1970.598,1970.598,1970.598,1970.598
1698182100000,1970.598,1970.598,1970.598,1970.598
1698182400000,1970.598,1970.598,1970.598,1970.598
1698182700000,1970.598,1970.598,1970.598,1970.598
1698183000000,1970.598,1970.598,1970.598,1970.598
1698183300000,1970.598,1970.598,1970.598,1970.598
1698183600000,1970.598,1970.598,1970.598,1970.598
1698183900000,1970.598,1970.598,1970.598,1970.598
1698184200000,1970.598,1970.598,1970.598,1970.598
1698184500000,1970.598,1970.598,1970.598,1970.598
1698184800000,1971.265,1971.334,1969.845,1969.855
1698185100000,1969.895,1970.625,1969.885,1970.565
1698185400000,1970.555,1970.555,1970.165,1970.345
1698185700000,1970.365,1970.855,1970.325,1970.325
1698186000000,1970.325,1970.325,1970.005,1970.205
1698186300000,1970.195,1970.395,1970.125,1970.305
1698186600000,1970.335,1970.475,1970.295,1970.435
1698186900000,1970.435,1970.605,1970.385,1970.595
1698187200000,1970.585,1970.925,1970.585,1970.835
1698187500000,1970.805,1970.925,1970.695,1970.925
1698187800000,1970.925,1970.925,1970.625,1970.625
1698188100000,1970.585,1970.705,1970.328,1970.328
1698188400000,1970.345,1970.515,1970.205,1970.508
1698188700000,1970.508,1970.555,1970.335,1970.515
1698189000000,1970.565,1970.855,1970.565,1970.805
1698189300000,1970.805,1971.015,1970.765,1970.795
1698189600000,1970.805,1970.955,1970.795,1970.925
1698189900000,1970.965,1971.125,1970.855,1971.115
1698190200000,1971.105,1971.315,1971.105,1971.265
1698190500000,1971.255,1971.335,1971.105,1971.315
1698190800000,1971.325,1971.455,1971.225,1971.425
1698191100000,1971.405,1972.475,1971.375,1972.385
1698191400000,1972.385,1973.305,1972.095,1972.425
1698191700000,1972.415,1972.735,1972.115,1972.725
1698192000000,1972.745,1972.785,1972.405,1972.595
1698192300000,1972.715,1973.105,1972.325,1973.105
1698192600000,1973.125,1973.735,1972.985,1973.615
1698192900000,1973.645,1973.735,1973.285,1973.405
1698193200000,1973.365,1974.008,1973.345,1973.808
1698193500000,1973.818,1974.078,1973.708,1973.818
1698193800000,1973.708,1975.195,1973.685,1975.055
1698194100000,1975.055,1975.115,1973.098,1973.098
1698194400000,1973.128,1974.075,1972.938,1973.925
1698194700000,1973.945,1974.075,1972.065,1972.185
1698195000000,1972.228,1972.705,1971.945,1972.305
1698195300000,1972.245,1974.585,1972.185,1974.425
1698195600000,1974.425,1975.395,1974.015,1974.085
1698195900000,1974.065,1975.175,1973.858,1974.705
1698196200000,1974.775,1975.025,1974.025,1974.195
1698196500000,1974.195,1975.095,1974.195,1974.668
1698196800000,1974.658,1974.945,1974.245,1974.415
1698197100000,1974.395,1974.615,1973.208,1973.308
1698197400000,1973.308,1973.418,1972.845,1973.065
1698197700000,1973.085,1973.865,1972.655,1973.865
1698198000000,1973.845,1975.135,1973.815,1975.125
1698198300000,1975.075,1975.135,1973.875,1974.815
1698198600000,1974.745,1975.905,1974.125,1975.885
1698198900000,1975.895,1976.905,1975.765,1975.865
1698199200000,1975.885,1976.445,1975.845,1975.978
1698199500000,1975.978,1976.755,1975.635,1975.705
1698199800000,1975.735,1976.208,1975.525,1975.908
1698200100000,1975.908,1976.045,1975.448,1975.755
1698200400000,1975.765,1976.265,1975.735,1975.825
1698200700000,1975.808,1976.455,1975.608,1976.455
1698201000000,1976.445,1976.445,1974.855,1975.495
1698201300000,1975.505,1975.805,1974.885,1974.885
1698201600000,1974.905,1974.905,1974.515,1974.705
1698201900000,1974.695,1974.865,1973.835,1973.975
1698202200000,1973.978,1974.075,1971.208,1971.785
1698202500000,1971.745,1972.645,1971.508,1972.585
1698202800000,1972.595,1973.105,1972.325,1973.045
1698203100000,1973.045,1973.245,1972.835,1973.015
1698203400000,1973.005,1973.215,1972.065,1972.245
1698203700000,1972.225,1972.885,1972.128,1972.235
1698204000000,1972.245,1972.535,1971.235,1971.335
1698204300000,1971.355,1971.555,1971.115,1971.205
1698204600000,1971.185,1972.295,1971.175,1972.135
1698204900000,1972.115,1972.115,1971.775,1971.825
1698205200000,1971.765,1971.905,1970.805,1970.895
1698205500000,1970.905,1971.605,1970.805,1971.595
1698205800000,1971.615,1972.535,1971.535,1972.385
1698206100000,1972.385,1973.185,1972.095,1973.155
1698206400000,1973.135,1974.195,1973.125,1973.558
1698206700000,1973.658,1974.185,1972.755,1973.348
1698207000000,1973.305,1973.578,1973.158,1973.158
1698207300000,1973.158,1973.458,1972.945,1973.325
1698207600000,1973.345,1973.845,1973.315,1973.805
1698207900000,1973.835,1974.185,1973.728,1974.175
1698208200000,1974.195,1974.445,1973.805,1974.015
1698208500000,1974.065,1974.185,1973.885,1974.155
1698208800000,1974.175,1974.175,1973.685,1973.685
1698209100000,1973.565,1973.658,1972.835,1972.855
1698209400000,1972.855,1973.195,1971.708,1971.948
1698209700000,1971.948,1972.758,1971.908,1972.315
1698210000000,1972.315,1972.398,1970.665,1971.295
1698210300000,1971.345,1972.405,1971.135,1972.218
1698210600000,1972.295,1972.345,1971.835,1972.025
1698210900000,1972.015,1972.395,1971.935,1972.035
1698211200000,1972.025,1972.505,1971.745,1972.495
1698211500000,1972.515,1972.795,1972.375,1972.795
1698211800000,1972.775,1973.055,1972.405,1972.825
1698212100000,1972.815,1973.005,1972.185,1972.295
1698212400000,1972.295,1972.635,1972.085,1972.415
1698212700000,1972.395,1972.825,1971.905,1972.615
1698213000000,1972.535,1973.385,1972.535,1972.935
1698213300000,1972.935,1973.205,1972.045,1972.795
1698213600000,1972.785,1973.698,1972.545,1973.275
1698213900000,1973.198,1973.825,1972.738,1973.695
1698214200000,1973.695,1974.685,1973.695,1974.595
1698214500000,1974.615,1975.415,1974.315,1974.975
1698214800000,1974.995,1975.785,1974.734,1975.655
1698215100000,1975.775,1975.865,1974.635,1974.668
1698215400000,1974.678,1974.758,1973.378,1973.538
1698215700000,1973.515,1973.905,1972.685,1973.485
1698216000000,1973.485,1973.815,1972.635,1973.815
1698216300000,1973.815,1973.815,1972.725,1972.795
1698216600000,1972.795,1973.005,1971.534,1971.918
1698216900000,1971.898,1972.025,1971.155,1971.245
1698217200000,1971.225,1972.315,1970.965,1972.115
1698217500000,1972.175,1973.215,1971.925,1972.905
1698217800000,1972.865,1972.865,1971.865,1972.295
1698218100000,1972.315,1972.458,1971.048,1971.985
1698218400000,1972.005,1972.595,1971.208,1971.268
1698218700000,1971.258,1971.268,1968.195,1968.568
1698219000000,1968.568,1969.785,1968.535,1969.685
1698219300000,1969.685,1970.655,1969.315,1970.555
1698219600000,1970.545,1970.875,1969.848,1970.345
1698219900000,1970.348,1970.795,1969.855,1970.165
1698220200000,1970.135,1971.195,1969.895,1970.805
1698220500000,1970.815,1971.514,1970.665,1971.085
1698220800000,1971.105,1971.455,1970.585,1970.875
1698221100000,1970.895,1971.575,1970.625,1971.475
1698221400000,1971.465,1971.465,1970.795,1971.385
1698221700000,1971.395,1972.285,1970.525,1970.625
1698222000000,1970.565,1972.685,1970.565,1972.685
1698222300000,1972.705,1973.525,1972.555,1972.985
1698222600000,1973.005,1973.325,1972.278,1973.105
1698222900000,1973.105,1974.805,1973.105,1974.555
1698223200000,1974.555,1974.595,1973.705,1973.815
1698223500000,1973.825,1974.265,1973.165,1973.165
1698223800000,1973.195,1973.275,1971.758,1972.175
1698224100000,1972.155,1972.195,1971.225,1971.295
1698224400000,1971.305,1971.835,1970.575,1971.315
1698224700000,1971.295,1971.505,1970.318,1970.455
1698225000000,1970.385,1971.425,1970.385,1970.795
1698225300000,1970.795,1971.335,1970.555,1971.285
1698225600000,1971.295,1971.845,1970.858,1971.095
1698225900000,1971.125,1971.635,1969.515,1969.745
1698226200000,1969.795,1971.698,1969.795,1971.665
1698226500000,1971.645,1971.698,1971.125,1971.165
1698226800000,1971.145,1971.145,1970.518,1970.885
1698227100000,1970.865,1970.865,1970.015,1970.388
1698227400000,1970.388,1970.558,1969.654,1969.978
1698227700000,1969.978,1970.215,1969.358,1969.425
1698228000000,1969.455,1970.378,1969.385,1970.328
1698228300000,1970.328,1970.415,1969.718,1970.205
1698228600000,1970.275,1970.928,1970.108,1970.928
1698228900000,1970.898,1972.155,1970.828,1972.125
1698229200000,1972.135,1972.255,1971.535,1972.075
1698229500000,1972.055,1973.075,1971.955,1973.025
1698229800000,1973.005,1973.935,1973.005,1973.478
1698230100000,1973.548,1973.548,1972.058,1972.278
1698230400000,1972.218,1972.395,1971.734,1972.065
1698230700000,1972.095,1972.315,1971.735,1972.065
1698231000000,1972.035,1972.878,1972.005,1972.595
1698231300000,1972.585,1973.128,1972.305,1972.928
1698231600000,1972.928,1973.198,1972.324,1972.898
1698231900000,1972.898,1973.318,1972.358,1973.165
1698232200000,1973.185,1973.905,1973.148,1973.785
1698232500000,1973.795,1974.315,1972.765,1972.985
1698232800000,1973.055,1973.725,1972.515,1973.455
1698233100000,1973.455,1974.085,1972.868,1973.955
1698233400000,1973.925,1974.105,1973.645,1974.105
1698233700000,1974.185,1975.415,1973.965,1974.235
1698234000000,1974.255,1976.275,1974.185,1975.915
1698234300000,1975.905,1976.375,1975.158,1975.945
1698234600000,1975.925,1975.995,1975.105,1975.195
1698234900000,1975.168,1975.355,1973.838,1974.605
1698235200000,1974.685,1975.385,1974.435,1975.295
1698235500000,1975.325,1976.518,1975.325,1975.598
1698235800000,1975.598,1976.775,1975.395,1976.415
1698236100000,1976.395,1976.395,1974.135,1975.325
1698236400000,1975.345,1976.335,1974.595,1975.385
1698236700000,1975.345,1975.345,1973.705,1974.135
1698237000000,1974.155,1975.105,1973.428,1974.745
1698237300000,1974.765,1974.905,1972.295,1972.885
1698237600000,1972.875,1974.145,1972.665,1974.145
1698237900000,1974.165,1975.738,1973.325,1975.635
1698238200000,1975.618,1976.778,1974.698,1976.405
1698238500000,1976.508,1976.578,1974.435,1974.995
1698238800000,1975.025,1975.955,1974.805,1975.265
1698239100000,1975.315,1976.655,1974.745,1976.078
1698239400000,1976.068,1978.505,1976.058,1977.505
1698239700000,1977.515,1977.725,1976.285,1976.345
1698240000000,1976.358,1977.095,1976.045,1976.535
1698240300000,1976.515,1977.928,1976.505,1977.748
1698240600000,1977.725,1980.254,1977.488,1978.625
1698240900000,1978.665,1979.515,1976.618,1977.575
1698241200000,1977.555,1979.645,1976.395,1979.385
1698241500000,1979.405,1982.908,1978.875,1981.735
1698241800000,1981.735,1987.115,1981.498,1986.295
1698242100000,1986.255,1986.645,1984.464,1984.995
1698242400000,1984.985,1985.728,1981.998,1982.605
1698242700000,1982.578,1982.705,1976.105,1977.525
1698243000000,1977.475,1978.275,1974.724,1976.615
1698243300000,1976.615,1978.165,1975.655,1978.145
1698243600000,1978.135,1978.145,1975.775,1976.185
1698243900000,1976.215,1977.415,1975.945,1976.445
1698244200000,1976.445,1977.805,1975.498,1976.005
1698244500000,1975.925,1978.045,1975.805,1977.535
1698244800000,1977.515,1978.735,1977.175,1978.205
1698245100000,1978.175,1978.175,1975.925,1977.005
1698245400000,1977.025,1977.165,1975.895,1976.705
1698245700000,1976.725,1977.335,1976.505,1976.995
1698246000000,1976.965,1977.525,1962.854,1967.415
1698246300000,1967.415,1972.764,1967.405,1972.235
1698246600000,1972.214,1976.605,1972.025,1975.115
1698246900000,1975.145,1976.525,1973.635,1973.758
1698247200000,1973.625,1975.055,1972.225,1974.665
1698247500000,1974.635,1975.295,1973.625,1975.225
1698247800000,1975.275,1979.015,1974.578,1978.155
1698248100000,1978.135,1979.375,1976.985,1977.055
1698248400000,1977.005,1982.098,1976.885,1981.395
1698248700000,1981.385,1983.584,1980.738,1982.205
1698249000000,1982.115,1984.575,1981.805,1982.928
1698249300000,1982.928,1983.128,1980.978,1981.095
1698249600000,1981.105,1981.355,1980.165,1980.485
1698249900000,1980.505,1982.205,1980.485,1982.005
1698250200000,1982.015,1983.508,1981.345,1982.555
1698250500000,1982.585,1983.155,1981.955,1983.035
1698250800000,1983.055,1983.055,1980.365,1980.795
1698251100000,1980.778,1981.415,1980.195,1980.855
1698251400000,1980.885,1981.255,1978.795,1978.928
1698251700000,1978.938,1980.475,1978.178,1980.385
1698252000000,1980.295,1980.625,1979.865,1980.175
1698252300000,1980.115,1980.215,1978.305,1978.565
1698252600000,1978.545,1979.055,1977.455,1977.945
1698252900000,1977.938,1978.515,1977.515,1978.075
1698253200000,1978.145,1979.125,1976.435,1977.065
1698253500000,1977.115,1979.435,1976.575,1979.435
1698253800000,1979.445,1979.905,1979.055,1979.445
1698254100000,1979.425,1984.174,1979.305,1981.705
1698254400000,1981.725,1984.195,1981.005,1982.975
1698254700000,1982.985,1984.028,1982.565,1983.834
1698255000000,1983.834,1984.468,1982.845,1983.905
1698255300000,1983.915,1984.875,1983.165,1983.225
1698255600000,1983.238,1984.615,1982.995,1984.215
1698255900000,1984.205,1985.208,1984.205,1984.975
1698256200000,1984.994,1985.525,1983.948,1984.138
1698256500000,1984.138,1984.138,1982.865,1983.045
1698256800000,1983.055,1983.475,1982.118,1982.345
1698257100000,1982.305,1983.285,1982.105,1982.885
1698257400000,1982.868,1983.955,1982.825,1983.815
1698257700000,1983.855,1984.295,1983.385,1983.635
1698258000000,1983.608,1983.608,1982.615,1982.695
1698258300000,1982.765,1983.535,1982.765,1983.465
1698258600000,1983.385,1983.395,1982.885,1983.095
1698258900000,1983.095,1983.408,1982.825,1982.915
1698259200000,1982.898,1982.935,1982.095,1982.215
1698259500000,1982.215,1982.525,1980.925,1981.365
1698259800000,1981.385,1981.595,1980.745,1980.855
1698260100000,1980.855,1981.525,1980.725,1981.465
1698260400000,1981.465,1981.805,1980.825,1981.055
1698260700000,1981.035,1981.715,1981.035,1981.705
1698261000000,1981.698,1982.098,1981.268,1981.518
1698261300000,1981.488,1981.998,1981.275,1981.675
1698261600000,1981.665,1982.205,1981.395,1981.395
1698261900000,1981.395,1982.325,1981.395,1982.235
1698262200000,1982.225,1982.475,1982.045,1982.405
1698262500000,1982.415,1982.595,1981.375,1981.585
1698262800000,1981.585,1982.185,1981.055,1981.305
1698263100000,1981.375,1981.375,1980.375,1980.585
1698263400000,1980.515,1980.915,1980.425,1980.695
1698263700000,1980.645,1980.775,1980.305,1980.715
1698264000000,1980.725,1980.775,1979.545,1980.165
1698264300000,1980.155,1980.565,1979.855,1980.365
1698264600000,1980.365,1980.605,1980.155,1980.495
1698264900000,1980.475,1980.645,1979.765,1980.205
1698265200000,1980.155,1980.405,1979.605,1979.605
1698265500000,1979.605,1979.735,1979.175,1979.175
1698265800000,1979.065,1979.338,1978.148,1978.298
1698266100000,1978.335,1978.548,1977.535,1978.545
1698266400000,1978.545,1978.845,1978.245,1978.535
1698266700000,1978.535,1979.055,1978.435,1979.035
1698267000000,1978.998,1979.605,1978.908,1979.465
1698267300000,1979.465,1979.765,1979.098,1979.098
1698267600000,1979.098,1979.098,1979.098,1979.098
1698267900000,1979.098,1979.098,1979.098,1979.098
1698268200000,1979.098,1979.098,1979.098,1979.098
1698268500000,1979.098,1979.098,1979.098,1979.098
1698268800000,1979.098,1979.098,1979.098,1979.098
1698269100000,1979.098,1979.098,1979.098,1979.098
1698269400000,1979.098,1979.098,1979.098,1979.098
1698269700000,1979.098,1979.098,1979.098,1979.098
1698270000000,1979.098,1979.098,1979.098,1979.098
1698270300000,1979.098,1979.098,1979.098,1979.098
1698270600000,1979.098,1979.098,1979.098,1979.098
1698270900000,1979.098,1979.098,1979.098,1979.098
1698271200000,1978.875,1980.775,1978.875,1980.625
1698271500000,1980.685,1981.095,1980.398,1980.975
1698271800000,1981.035,1981.425,1980.915,1981.335
1698272100000,1981.315,1982.715,1981.155,1982.715
1698272400000,1982.735,1984.055,1982.095,1983.505
1698272700000,1983.448,1984.015,1982.525,1982.665
1698273000000,1982.695,1982.695,1981.425,1981.915
1698273300000,1981.915,1981.915,1981.395,1981.425
1698273600000,1981.425,1981.485,1980.885,1981.125
1698273900000,1981.085,1981.715,1980.915,1981.245
1698274200000,1981.295,1982.225,1981.095,1981.855
1698274500000,1981.755,1982.465,1981.535,1981.925
1698274800000,1981.915,1983.428,1981.915,1982.825
1698275100000,1982.795,1983.035,1981.905,1981.905
1698275400000,1981.915,1982.055,1981.485,1982.025
1698275700000,1981.965,1983.275,1981.708,1982.275
1698276000000,1982.265,1983.115,1982.265,1982.698
1698276300000,1982.698,1982.905,1981.795,1982.055
1698276600000,1982.075,1982.315,1981.405,1982.145
1698276900000,1982.085,1982.785,1982.045,1982.135
1698277200000,1982.135,1983.715,1981.965,1983.205
1698277500000,1983.155,1983.355,1982.585,1982.685
1698277800000,1982.695,1983.335,1982.665,1982.785
1698278100000,1982.775,1983.115,1982.725,1982.895
1698278400000,1982.875,1983.145,1982.695,1983.145
1698278700000,1983.215,1984.135,1983.158,1984.015
1698279000000,1983.995,1984.628,1982.958,1982.958
1698279300000,1982.955,1983.765,1982.615,1982.835
1698279600000,1982.815,1983.655,1982.735,1983.465
1698279900000,1983.475,1983.828,1983.388,1983.675
1698280200000,1983.665,1984.655,1983.665,1983.875
1698280500000,1983.885,1984.485,1983.825,1984.375
1698280800000,1984.375,1984.565,1983.895,1984.315
1698281100000,1984.315,1984.465,1983.438,1983.438
1698281400000,1983.464,1983.498,1982.315,1982.825
1698281700000,1982.825,1983.545,1982.745,1983.355
1698282000000,1983.385,1984.235,1983.175,1984.185
1698282300000,1984.205,1984.325,1983.465,1983.528
1698282600000,1983.528,1983.838,1983.298,1983.758
1698282900000,1983.755,1984.148,1983.385,1984.148
1698283200000,1984.135,1986.515,1984.085,1984.888
1698283500000,1984.888,1985.158,1984.065,1984.625
1698283800000,1984.658,1985.395,1983.685,1985.395
1698284100000,1985.405,1986.455,1985.228,1985.238
1698284400000,1985.238,1985.238,1984.085,1984.265
1698284700000,1984.235,1985.855,1984.135,1985.555
1698285000000,1985.525,1985.818,1985.355,1985.805
1698285300000,1985.738,1985.815,1984.695,1984.835
1698285600000,1984.805,1986.565,1984.655,1986.355
1698285900000,1986.405,1986.785,1985.658,1985.658
1698286200000,1985.658,1986.185,1985.155,1986.185
1698286500000,1986.155,1986.515,1985.405,1985.615
1698286800000,1985.625,1985.875,1985.258,1985.305
1698287100000,1985.315,1985.565,1984.795,1985.115
1698287400000,1985.115,1985.995,1985.045,1985.755
1698287700000,1985.725,1986.125,1985.345,1985.715
1698288000000,1985.715,1985.715,1984.465,1984.565
1698288300000,1984.565,1985.255,1984.545,1984.955
1698288600000,1984.955,1985.065,1984.488,1984.795
1698288900000,1984.785,1985.085,1984.685,1984.778
1698289200000,1984.778,1984.778,1983.928,1984.118
1698289500000,1984.128,1984.275,1983.438,1983.685
1698289800000,1983.745,1984.595,1983.365,1984.505
1698290100000,1984.495,1984.925,1984.445,1984.825
1698290400000,1984.815,1985.245,1984.605,1984.805
1698290700000,1984.795,1985.305,1984.795,1985.085
1698291000000,1985.095,1985.265,1984.565,1985.045
1698291300000,1985.065,1985.455,1985.035,1985.235
1698291600000,1985.225,1987.235,1985.225,1987.115
1698291900000,1987.125,1987.185,1986.235,1986.358
1698292200000,1986.358,1986.995,1986.205,1986.695
1698292500000,1986.675,1987.175,1986.665,1987.105
1698292800000,1987.135,1988.095,1987.055,1987.835
1698293100000,1987.765,1988.235,1987.765,1988.205
1698293400000,1988.225,1988.275,1987.578,1987.665
1698293700000,1987.678,1988.728,1987.555,1988.308
1698294000000,1988.298,1988.508,1987.905,1988.458
1698294300000,1988.478,1988.685,1988.025,1988.285
1698294600000,1988.245,1988.305,1987.745,1988.115
1698294900000,1988.125,1988.645,1988.045,1988.415
1698295200000,1988.395,1988.605,1988.315,1988.425
1698295500000,1988.445,1988.715,1988.445,1988.625
1698295800000,1988.605,1989.115,1988.565,1989.035
1698296100000,1989.095,1989.305,1988.355,1988.405
1698296400000,1988.365,1989.145,1988.275,1989.115
1698296700000,1989.125,1989.355,1988.915,1989.205
1698297000000,1989.195,1989.495,1988.098,1988.215
1698297300000,1988.225,1988.495,1988.078,1988.235
1698297600000,1988.245,1988.995,1988.185,1988.575
1698297900000,1988.555,1988.555,1987.418,1987.775
1698298200000,1987.765,1987.765,1986.975,1987.315
1698298500000,1987.285,1987.415,1985.685,1985.945
1698298800000,1985.945,1987.165,1985.495,1986.825
1698299100000,1986.805,1986.905,1985.665,1986.605
1698299400000,1986.585,1986.675,1985.695,1985.745
1698299700000,1985.755,1986.165,1984.705,1985.695
1698300000000,1985.675,1985.805,1984.185,1984.235
1698300300000,1984.235,1985.075,1983.895,1984.535
1698300600000,1984.485,1985.495,1984.465,1984.898
1698300900000,1984.898,1985.985,1984.695,1985.725
1698301200000,1985.755,1986.535,1985.605,1985.805
1698301500000,1985.815,1986.535,1985.488,1985.935
1698301800000,1985.925,1985.925,1984.448,1985.265
1698302100000,1985.375,1986.105,1984.308,1984.315
1698302400000,1984.315,1985.425,1984.255,1985.005
1698302700000,1985.055,1988.238,1985.055,1985.435
1698303000000,1985.455,1986.115,1985.195,1985.325
1698303300000,1985.298,1985.605,1984.835,1984.895
1698303600000,1984.865,1985.795,1984.315,1985.795
1698303900000,1985.815,1986.495,1985.435,1986.205
1698304200000,1986.195,1987.315,1986.095,1986.995
1698304500000,1986.985,1987.528,1986.775,1987.105
1698304800000,1987.085,1987.495,1986.225,1986.405
1698305100000,1986.395,1987.685,1986.068,1987.525
1698305400000,1987.615,1987.845,1986.625,1987.178
1698305700000,1987.178,1988.295,1986.738,1988.195
1698306000000,1988.185,1989.105,1987.795,1988.615
1698306300000,1988.605,1989.995,1987.905,1989.875
1698306600000,1989.875,1989.925,1988.798,1989.245
1698306900000,1989.265,1990.045,1989.165,1990.025
1698307200000,1990.025,1990.805,1989.815,1990.415
1698307500000,1990.415,1990.585,1989.495,1989.795
1698307800000,1989.775,1989.785,1988.558,1988.998
1698308100000,1988.998,1989.815,1988.798,1989.395
1698308400000,1989.365,1989.555,1988.655,1988.855
1698308700000,1988.825,1989.675,1988.785,1989.585
1698309000000,1989.555,1990.965,1989.555,1990.885
1698309300000,1990.915,1992.585,1990.805,1991.415
1698309600000,1991.415,1992.235,1990.965,1992.155
1698309900000,1992.155,1992.355,1991.435,1992.275
1698310200000,1992.345,1993.385,1991.965,1992.305
1698310500000,1992.265,1992.455,1991.914,1992.005
1698310800000,1992.055,1992.075,1991.175,1991.285
1698311100000,1991.295,1991.625,1990.328,1990.715
1698311400000,1990.695,1990.985,1990.158,1990.205
1698311700000,1990.185,1990.515,1989.258,1989.558
1698312000000,1989.545,1990.935,1989.208,1990.935
1698312300000,1990.915,1991.995,1990.915,1991.545
1698312600000,1991.565,1992.055,1991.075,1991.395
1698312900000,1991.375,1991.655,1990.885,1991.605
1698313200000,1991.585,1991.885,1990.744,1990.815
1698313500000,1990.828,1991.258,1989.358,1989.725
1698313800000,1989.718,1990.625,1989.545,1990.415
1698314100000,1990.425,1990.595,1989.985,1990.595
1698314400000,1990.575,1990.855,1990.265,1990.545
1698314700000,1990.565,1991.045,1990.505,1990.895
1698315000000,1990.875,1991.005,1990.615,1990.705
1698315300000,1990.685,1990.975,1989.954,1990.338
1698315600000,1990.314,1991.095,1989.505,1989.825
1698315900000,1989.785,1989.785,1988.915,1989.005
1698316200000,1989.045,1989.245,1988.135,1988.315
1698316500000,1988.335,1988.425,1986.745,1986.745
1698316800000,1986.715,1987.065,1985.935,1986.025
1698317100000,1986.005,1987.005,1985.914,1986.875
1698317400000,1986.795,1987.155,1986.615,1986.905
1698317700000,1986.895,1987.445,1986.555,1986.585
1698318000000,1986.565,1987.095,1986.195,1986.685
1698318300000,1986.725,1986.905,1985.964,1986.125
1698318600000,1986.185,1987.145,1986.178,1986.725
1698318900000,1986.745,1987.345,1986.745,1987.175
1698319200000,1987.215,1987.355,1986.665,1986.995
1698319500000,1986.945,1987.505,1986.725,1987.065
1698319800000,1987.105,1987.335,1986.385,1986.705
1698320100000,1986.745,1986.795,1982.364,1984.385
1698320400000,1984.365,1984.805,1983.875,1984.005
1698320700000,1983.985,1984.945,1983.485,1984.845
1698321000000,1984.785,1984.965,1984.335,1984.925
1698321300000,1984.945,1984.955,1984.435,1984.525
1698321600000,1984.545,1986.485,1984.425,1985.835
1698321900000,1985.855,1985.855,1984.178,1985.675
1698322200000,1985.525,1985.535,1983.815,1984.565
1698322500000,1984.575,1986.605,1983.895,1986.245
1698322800000,1986.425,1986.625,1984.505,1984.778
1698323100000,1984.775,1984.795,1983.065,1983.255
1698323400000,1983.305,1985.765,1979.708,1982.415
1698323700000,1982.445,1984.925,1981.815,1982.615
1698324000000,1982.565,1983.025,1980.855,1981.775
1698324300000,1981.755,1982.315,1974.584,1977.075
1698324600000,1977.075,1980.265,1976.615,1980.044
1698324900000,1980.035,1980.195,1978.225,1979.415
1698325200000,1979.535,1980.175,1976.845,1978.585
1698325500000,1978.605,1979.345,1975.325,1975.635
1698325800000,1975.545,1976.755,1974.545,1975.325
1698326100000,1975.325,1977.204,1974.545,1977.055
1698326400000,1977.025,1977.195,1974.795,1976.155
1698326700000,1976.175,1978.875,1975.485,1977.385
1698327000000,1977.375,1979.385,1977.145,1978.555
1698327300000,1978.595,1981.725,1978.055,1980.088
1698327600000,1980.088,1981.035,1978.295,1979.665
1698327900000,1979.604,1980.385,1978.135,1979.105
1698328200000,1979.155,1980.125,1977.885,1980.095
1698328500000,1980.085,1980.205,1978.634,1978.744
1698328800000,1978.634,1979.015,1977.375,1978.225
1698329100000,1978.255,1978.415,1975.305,1975.335
1698329400000,1975.285,1976.425,1974.165,1975.275
1698329700000,1975.265,1975.685,1974.365,1974.535
1698330000000,1974.555,1974.585,1972.455,1973.365
1698330300000,1973.335,1974.265,1971.655,1973.295
1698330600000,1973.365,1976.465,1973.255,1975.795
1698330900000,1975.805,1977.768,1975.535,1977.638
1698331200000,1977.615,1979.385,1977.478,1978.975
1698331500000,1978.965,1979.535,1977.738,1978.365
1698331800000,1978.415,1980.348,1978.415,1979.228
1698332100000,1979.095,1979.885,1978.758,1979.408
1698332400000,1979.414,1979.945,1978.445,1979.555
1698332700000,1979.595,1981.105,1978.555,1981.055
1698333000000,1981.075,1981.108,1978.885,1980.085
1698333300000,1980.078,1980.118,1978.578,1978.785
1698333600000,1978.805,1978.855,1976.925,1977.165
1698333900000,1977.155,1977.365,1976.345,1976.985
1698334200000,1977.015,1977.995,1976.565,1977.195
1698334500000,1977.195,1979.135,1977.025,1978.115
1698334800000,1978.045,1979.678,1977.698,1979.238
1698335100000,1979.238,1980.048,1978.988,1979.658
1698335400000,1979.658,1981.175,1979.608,1980.948
1698335700000,1980.948,1980.948,1979.865,1980.105
1698336000000,1980.098,1980.498,1979.625,1980.398
1698336300000,1980.385,1981.398,1980.125,1981.068
1698336600000,1980.895,1983.135,1980.678,1983.065
1698336900000,1983.095,1985.485,1982.895,1985.158
1698337200000,1985.158,1985.745,1984.395,1985.125
1698337500000,1985.165,1985.645,1984.398,1985.318
1698337800000,1985.304,1985.408,1983.675,1984.075
1698338100000,1984.055,1984.635,1982.805,1983.005
1698338400000,1982.995,1983.035,1982.115,1982.815
1698338700000,1982.825,1984.235,1982.615,1984.035
1698339000000,1983.965,1984.365,1983.345,1984.045
1698339300000,1984.065,1984.475,1983.515,1984.135
1698339600000,1984.105,1986.698,1984.005,1985.978
1698339900000,1985.978,1986.975,1985.605,1986.975
1698340200000,1987.015,1987.105,1985.875,1986.305
1698340500000,1986.395,1987.815,1985.835,1987.005
1698340800000,1986.975,1987.975,1986.455,1987.895
1698341100000,1987.925,1989.165,1986.585,1986.815
1698341400000,1986.835,1987.515,1985.865,1985.925
1698341700000,1985.925,1986.695,1985.385,1986.205
1698342000000,1986.195,1987.765,1986.125,1987.515
1698342300000,1987.498,1987.565,1986.835,1986.905
1698342600000,1986.865,1987.355,1986.175,1987.315
1698342900000,1987.345,1987.445,1986.525,1986.885
1698343200000,1986.885,1987.065,1985.825,1986.515
1698343500000,1986.535,1986.535,1985.435,1985.445
1698343800000,1985.475,1985.915,1985.055,1985.095
1698344100000,1985.155,1985.895,1984.895,1985.405
1698344400000,1985.425,1985.645,1984.705,1985.235
1698344700000,1985.225,1985.725,1985.085,1985.415
1698345000000,1985.405,1985.975,1985.185,1985.735
1698345300000,1985.675,1985.815,1984.935,1985.635
1698345600000,1985.635,1986.525,1985.635,1986.495
1698345900000,1986.465,1986.765,1986.035,1986.035
1698346200000,1986.065,1986.335,1985.755,1986.295
1698346500000,1986.305,1986.925,1985.895,1985.905
1698346800000,1985.895,1986.635,1985.885,1986.515
1698347100000,1986.535,1986.765,1986.025,1986.045
1698347400000,1985.935,1986.165,1982.735,1982.855
1698347700000,1982.865,1984.215,1982.865,1983.185
1698348000000,1983.145,1983.825,1983.105,1983.425
1698348300000,1983.405,1983.405,1982.275,1982.445
1698348600000,1982.435,1982.925,1982.275,1982.515
1698348900000,1982.485,1982.695,1982.235,1982.405
1698349200000,1982.385,1983.255,1982.385,1983.125
1698349500000,1983.105,1984.075,1982.965,1983.915
1698349800000,1983.895,1984.498,1983.658,1984.498
1698350100000,1984.498,1984.628,1984.115,1984.255
1698350400000,1984.225,1984.795,1983.825,1984.435
1698350700000,1984.415,1985.385,1984.415,1985.365
1698351000000,1985.375,1985.385,1984.625,1985.055
1698351300000,1985.045,1985.235,1984.945,1985.065
1698351600000,1985.075,1985.465,1984.665,1985.455
1698351900000,1985.435,1985.455,1985.178,1985.308
1698352200000,1985.308,1985.378,1985.098,1985.108
1698352500000,1985.088,1985.088,1984.868,1984.928
1698352800000,1984.928,1985.048,1984.555,1984.608
1698353100000,1984.575,1984.708,1984.278,1984.458
1698353400000,1984.415,1984.848,1984.165,1984.445
1698353700000,1984.428,1984.895,1984.175,1984.448
1698354000000,1984.448,1984.448,1984.448,1984.448
1698354300000,1984.448,1984.448,1984.448,1984.448
1698354600000,1984.448,1984.448,1984.448,1984.448
1698354900000,1984.448,1984.448,1984.448,1984.448
1698355200000,1984.448,1984.448,1984.448,1984.448
1698355500000,1984.448,1984.448,1984.448,1984.448
1698355800000,1984.448,1984.448,1984.448,1984.448
1698356100000,1984.448,1984.448,1984.448,1984.448
1698356400000,1984.448,1984.448,1984.448,1984.448
1698356700000,1984.448,1984.448,1984.448,1984.448
1698357000000,1984.448,1984.448,1984.448,1984.448
1698357300000,1984.448,1984.448,1984.448,1984.448
1698357600000,1984.494,1984.654,1983.708,1983.785
1698357900000,1983.785,1983.918,1983.715,1983.845
1698358200000,1983.885,1984.405,1983.885,1984.355
1698358500000,1984.325,1984.445,1984.005,1984.375
1698358800000,1984.405,1984.595,1984.295,1984.565
1698359100000,1984.565,1984.855,1984.525,1984.585
1698359400000,1984.585,1984.625,1984.465,1984.585
1698359700000,1984.585,1985.015,1984.575,1984.975
1698360000000,1984.915,1985.205,1984.815,1985.195
1698360300000,1985.175,1985.305,1985.045,1985.295
1698360600000,1985.305,1985.515,1985.305,1985.425
1698360900000,1985.435,1985.435,1985.095,1985.098
1698361200000,1985.198,1986.665,1985.198,1985.615
1698361500000,1985.615,1985.988,1984.595,1984.628
1698361800000,1984.628,1985.185,1984.505,1985.185
1698362100000,1985.175,1985.405,1984.985,1985.275
1698362400000,1985.245,1985.555,1985.245,1985.435
1698362700000,1985.415,1985.415,1984.745,1984.755
1698363000000,1984.765,1985.535,1984.615,1984.815
1698363300000,1984.825,1985.245,1984.675,1985.025
1698363600000,1985.025,1985.145,1984.405,1984.735
1698363900000,1984.755,1984.865,1984.335,1984.695
1698364200000,1984.655,1984.955,1983.378,1983.428
1698364500000,1983.428,1984.405,1983.268,1984.345
1698364800000,1984.345,1984.695,1983.635,1983.855
1698365100000,1983.855,1983.855,1982.845,1983.165
1698365400000,1983.145,1983.155,1982.795,1982.795
1698365700000,1982.815,1983.865,1982.815,1983.725
1698366000000,1983.755,1984.165,1983.085,1983.985
1698366300000,1983.985,1984.005,1983.325,1983.405
1698366600000,1983.405,1983.705,1982.855,1983.065
1698366900000,1983.045,1983.305,1982.875,1983.125
1698367200000,1983.135,1983.795,1983.065,1983.535
1698367500000,1983.575,1984.065,1983.555,1983.815
1698367800000,1983.795,1984.775,1983.795,1984.455
1698368100000,1984.455,1984.715,1983.385,1983.385
1698368400000,1983.375,1983.805,1983.125,1983.315
1698368700000,1983.315,1984.935,1983.225,1984.725
1698369000000,1984.715,1985.115,1983.785,1984.875
1698369300000,1984.875,1986.705,1984.455,1985.735
1698369600000,1985.685,1986.565,1985.535,1985.678
1698369900000,1985.678,1985.718,1984.405,1984.405
1698370200000,1984.395,1985.115,1984.085,1984.145
1698370500000,1984.185,1984.855,1983.745,1984.125
1698370800000,1984.135,1984.975,1984.075,1984.815
1698371100000,1984.825,1985.565,1984.555,1985.198
1698371400000,1985.198,1986.155,1985.138,1985.658
1698371700000,1985.648,1985.915,1985.095,1985.358
1698372000000,1985.365,1986.735,1985.365,1986.695
1698372300000,1986.795,1986.985,1986.228,1986.318
1698372600000,1986.318,1987.825,1986.225,1987.685
1698372900000,1987.695,1988.495,1987.695,1988.275
1698373200000,1988.265,1988.745,1988.075,1988.398
1698373500000,1988.398,1988.595,1987.478,1987.695
1698373800000,1987.715,1988.325,1987.558,1987.795
1698374100000,1987.775,1987.915,1986.014,1986.505
1698374400000,1986.525,1987.505,1986.435,1987.485
1698374700000,1987.445,1988.315,1987.175,1987.308
1698375000000,1987.328,1987.805,1987.038,1987.118
1698375300000,1987.118,1987.385,1986.438,1986.495
1698375600000,1986.495,1987.805,1986.425,1987.805
1698375900000,1987.815,1988.045,1987.755,1987.795
1698376200000,1987.785,1988.005,1987.465,1987.785
1698376500000,1987.765,1987.855,1987.155,1987.155
1698376800000,1987.185,1987.695,1987.025,1987.515
1698377100000,1987.535,1987.685,1987.425,1987.495
1698377400000,1987.525,1987.575,1987.135,1987.215
1698377700000,1987.205,1987.275,1986.505,1986.505
1698378000000,1986.485,1987.045,1986.345,1986.955
1698378300000,1986.935,1987.615,1986.675,1987.565
1698378600000,1987.565,1988.205,1987.565,1987.775
1698378900000,1987.845,1987.895,1987.505,1987.785
1698379200000,1987.895,1989.095,1987.775,1988.795
1698379500000,1988.905,1989.415,1988.355,1988.715
1698379800000,1988.678,1989.248,1988.678,1988.965
1698380100000,1988.945,1989.015,1988.655,1988.835
1698380400000,1988.845,1989.835,1988.815,1989.505
1698380700000,1989.505,1989.805,1989.295,1989.485
1698381000000,1989.485,1989.515,1989.225,1989.225
1698381300000,1989.235,1989.235,1988.985,1989.185
1698381600000,1989.205,1989.205,1988.565,1988.995
1698381900000,1988.995,1989.625,1988.915,1989.205
1698382200000,1989.155,1989.605,1989.145,1989.355
1698382500000,1989.385,1989.495,1989.275,1989.345
1698382800000,1989.355,1989.435,1988.638,1988.895
1698383100000,1988.935,1988.958,1988.045,1988.205
1698383400000,1988.245,1988.445,1987.065,1987.285
1698383700000,1987.315,1987.725,1987.115,1987.478
1698384000000,1987.444,1987.455,1986.325,1986.435
1698384300000,1986.445,1987.405,1986.335,1986.665
1698384600000,1986.685,1987.735,1986.635,1987.135
1698384900000,1987.135,1987.135,1986.735,1986.955
1698385200000,1986.985,1987.645,1986.825,1987.385
1698385500000,1987.365,1987.965,1987.215,1987.265
1698385800000,1987.295,1988.105,1987.075,1988.005
1698386100000,1988.035,1989.005,1987.935,1988.865
1698386400000,1988.925,1989.115,1988.305,1988.985
1698386700000,1989.015,1989.605,1989.005,1989.435
1698387000000,1989.415,1989.575,1987.458,1987.735
1698387300000,1987.705,1988.315,1987.105,1987.785
1698387600000,1987.725,1988.475,1986.715,1988.405
1698387900000,1988.405,1988.405,1986.235,1986.565
1698388200000,1986.595,1987.135,1986.135,1986.805
1698388500000,1986.835,1988.135,1986.805,1987.505
1698388800000,1987.458,1988.465,1987.005,1988.115
1698389100000,1988.135,1989.125,1987.175,1988.885
1698389400000,1988.885,1989.055,1987.708,1988.034
1698389700000,1988.034,1988.064,1987.355,1987.385
1698390000000,1987.395,1987.728,1985.658,1987.365
1698390300000,1987.398,1987.618,1986.828,1987.458
1698390600000,1987.448,1987.615,1985.718,1985.945
1698390900000,1985.915,1986.855,1985.788,1986.685
1698391200000,1986.655,1988.035,1986.355,1987.965
1698391500000,1987.935,1988.978,1987.825,1988.268
1698391800000,1988.268,1988.415,1987.535,1988.105
1698392100000,1988.095,1988.238,1987.598,1987.628
1698392400000,1987.608,1987.628,1987.018,1987.375
1698392700000,1987.395,1987.575,1986.795,1987.105
1698393000000,1987.095,1987.095,1986.095,1986.885
1698393300000,1986.905,1987.475,1986.425,1987.275
1698393600000,1987.255,1987.255,1986.295,1986.295
1698393900000,1986.305,1986.725,1986.085,1986.205
1698394200000,1986.255,1986.605,1985.415,1985.615
1698394500000,1985.625,1987.395,1985.625,1987.175
1698394800000,1987.165,1987.265,1986.705,1987.045
1698395100000,1986.985,1987.155,1986.698,1986.935
1698395400000,1986.955,1987.375,1986.128,1986.325
1698395700000,1986.345,1986.475,1985.938,1986.475
1698396000000,1986.535,1986.655,1986.148,1986.565
1698396300000,1986.608,1986.825,1986.118,1986.118
1698396600000,1986.118,1986.545,1985.485,1986.545
1698396900000,1986.545,1987.165,1986.335,1986.865
1698397200000,1986.865,1987.235,1986.565,1987.145
1698397500000,1987.155,1987.525,1987.125,1987.375
1698397800000,1987.315,1987.505,1986.935,1987.225
1698398100000,1987.285,1987.315,1986.748,1987.125
1698398400000,1987.145,1987.815,1986.865,1987.455
1698398700000,1987.495,1987.705,1986.935,1987.115
1698399000000,1987.115,1987.605,1986.405,1987.565
1698399300000,1987.555,1987.675,1987.105,1987.185
1698399600000,1987.205,1987.285,1986.825,1986.945
1698399900000,1986.945,1987.125,1986.318,1986.415
1698400200000,1986.395,1986.535,1985.135,1985.945
1698400500000,1985.945,1986.095,1985.735,1985.765
1698400800000,1985.745,1986.015,1985.135,1985.715
1698401100000,1985.715,1985.905,1984.715,1985.055
1698401400000,1985.055,1985.925,1985.045,1985.865
1698401700000,1985.845,1986.135,1985.495,1985.615
1698402000000,1985.615,1985.805,1985.155,1985.415
1698402300000,1985.455,1985.485,1984.805,1984.895
1698402600000,1984.855,1984.905,1983.358,1984.145
1698402900000,1984.185,1984.215,1983.715,1983.745
1698403200000,1983.725,1984.125,1983.575,1983.778
1698403500000,1983.778,1983.878,1983.305,1983.325
1698403800000,1983.315,1983.315,1981.625,1982.135
1698404100000,1982.055,1982.445,1980.515,1980.545
1698404400000,1980.505,1982.255,1980.435,1982.025
1698404700000,1982.005,1982.508,1981.285,1981.305
1698405000000,1981.325,1981.545,1980.775,1981.195
1698405300000,1981.275,1981.455,1980.755,1981.005
1698405600000,1980.975,1982.405,1980.845,1982.175
1698405900000,1982.195,1982.195,1980.395,1980.535
1698406200000,1980.595,1980.985,1979.855,1980.545
1698406500000,1980.585,1980.745,1980.375,1980.535
1698406800000,1980.645,1982.298,1980.505,1982.038
1698407100000,1982.035,1982.838,1981.938,1982.268
1698407400000,1982.268,1982.598,1981.845,1982.558
1698407700000,1982.535,1982.535,1981.725,1981.765
1698408000000,1981.765,1982.585,1981.525,1981.555
1698408300000,1981.545,1982.555,1981.535,1982.425
1698408600000,1982.455,1982.525,1981.445,1982.015
1698408900000,1982.035,1982.578,1981.535,1981.935
1698409200000,1982.025,1985.308,1982.025,1984.638
1698409500000,1984.608,1984.865,1983.195,1983.425
1698409800000,1983.488,1985.325,1981.515,1985.035
1698410100000,1985.055,1985.355,1984.065,1985.145
1698410400000,1985.215,1986.085,1984.845,1985.635
1698410700000,1985.665,1986.045,1984.155,1984.938
1698411000000,1984.905,1984.965,1978.435,1978.695
1698411300000,1978.725,1981.385,1976.945,1980.325
1698411600000,1980.214,1982.845,1980.075,1981.975
1698411900000,1982.025,1983.255,1981.455,1981.465
1698412200000,1981.405,1981.535,1976.765,1976.938
1698412500000,1976.945,1980.218,1976.755,1979.765
1698412800000,1979.745,1982.255,1978.815,1981.695
1698413100000,1981.665,1982.255,1980.345,1981.705
1698413400000,1981.695,1983.695,1981.638,1983.655
1698413700000,1983.685,1984.955,1983.215,1984.088
1698414000000,1984.088,1984.118,1981.975,1982.925
1698414300000,1982.804,1983.105,1981.338,1981.558
1698414600000,1981.558,1983.815,1978.624,1982.895
1698414900000,1982.895,1984.125,1982.565,1982.835
1698415200000,1982.728,1983.535,1980.795,1982.825
1698415500000,1982.845,1985.555,1982.784,1985.335
1698415800000,1985.395,1985.485,1984.085,1984.385
1698416100000,1984.395,1985.595,1983.885,1984.565
1698416400000,1984.565,1985.505,1983.768,1984.395
1698416700000,1984.375,1984.615,1983.715,1984.205
1698417000000,1984.225,1984.315,1982.845,1983.145
1698417300000,1983.095,1984.515,1982.115,1982.205
1698417600000,1982.235,1982.495,1980.925,1981.005
1698417900000,1980.978,1984.225,1980.975,1983.905
1698418200000,1983.915,1984.285,1981.555,1981.815
1698418500000,1981.815,1982.705,1981.555,1981.995
1698418800000,1981.975,1983.265,1981.625,1983.265
1698419100000,1983.235,1983.365,1981.845,1982.075
1698419400000,1982.105,1982.195,1981.345,1981.705
1698419700000,1981.605,1981.635,1979.305,1979.485
1698420000000,1979.415,1980.585,1978.995,1979.255
1698420300000,1979.305,1979.875,1978.635,1979.655
1698420600000,1979.745,1980.875,1979.675,1980.835
1698420900000,1980.845,1981.895,1980.555,1981.555
1698421200000,1981.565,1981.795,1980.828,1981.138
1698421500000,1981.144,1981.228,1980.285,1980.505
1698421800000,1980.485,1980.595,1978.545,1978.685
1698422100000,1978.715,1980.075,1978.715,1979.845
1698422400000,1979.825,1980.735,1979.095,1980.685
1698422700000,1980.725,1981.645,1980.555,1980.918
1698423000000,1980.895,1981.635,1980.805,1980.955
1698423300000,1981.005,1981.515,1980.525,1980.595
1698423600000,1980.535,1981.195,1980.495,1981.105
1698423900000,1981.085,1981.095,1980.105,1980.745
1698424200000,1980.755,1981.095,1980.365,1980.675
1698424500000,1980.695,1980.775,1979.545,1980.565
1698424800000,1980.535,1981.498,1980.515,1981.098
1698425100000,1981.105,1982.195,1980.798,1982.045
1698425400000,1982.095,1982.955,1982.015,1982.625
1698425700000,1982.635,1983.705,1982.635,1983.585
1698426000000,1983.595,1984.278,1982.935,1983.928
1698426300000,1984.028,1985.125,1984.028,1984.095
1698426600000,1984.085,1984.635,1983.955,1984.455
1698426900000,1984.435,1987.045,1984.335,1986.745
1698427200000,1986.745,1987.205,1985.735,1986.255
1698427500000,1986.245,1988.455,1986.235,1988.028
1698427800000,1988.028,1991.875,1987.745,1991.505
1698428100000,1991.505,1995.995,1990.815,1995.195
1698428400000,1995.185,1995.365,1993.075,1994.435
1698428700000,1994.415,1994.795,1993.385,1993.588
1698429000000,1993.585,1995.285,1993.325,1994.845
1698429300000,1994.855,1996.875,1994.795,1996.605
1698429600000,1996.625,1997.765,1995.755,1997.625
1698429900000,1997.595,2000.495,1997.595,2000.435
1698430200000,2000.435,2004.165,2000,2004.165
1698430500000,2004.195,2006.785,2002.568,2004.885
1698430800000,2004.925,2006.685,2004.905,2005.515
1698431100000,2005.515,2008.478,2005.515,2007.645
1698431400000,2007.645,2008.098,2004.304,2004.344
1698431700000,2004.364,2006.698,2003.785,2004.505
1698432000000,2004.555,2004.615,2002,2003.625
1698432300000,2003.615,2006.395,2003.605,2005.875
1698432600000,2005.848,2006.408,2004.955,2005.025
1698432900000,2005.005,2006.598,2004.905,2005.235
1698433200000,2005.295,2007.005,2005.035,2006.955
1698433500000,2006.985,2009.045,2006.985,2008.595
1698433800000,2008.535,2009.395,2008.145,2008.748
1698434100000,2008.725,2009.108,2005.975,2006.635
1698434400000,2006.645,2007.898,2006.325,2007.048
1698434700000,2007.068,2007.088,2004.635,2005.925
1698435000000,2005.935,2007.605,2005.905,2007.238
1698435300000,2007.258,2007.785,2006.635,2006.915
1698435600000,2006.925,2007.098,2006.025,2006.845
1698435900000,2006.798,2007.868,2006.638,2007.358
1698436200000,2007.358,2007.598,2006.998,2007.228
1698436500000,2007.245,2007.548,2006.698,2007
1698436800000,2007,2007.048,2005.798,2005.998
1698437100000,2005.998,2006.798,2005.088,2005.278
1698437400000,2005.308,2006.328,2005.235,2005.738
1698437700000,2005.788,2006.455,2005.665,2006.248
1698438000000,2006.248,2006.358,2005.628,2005.728
1698438300000,2005.728,2006.035,2005.495,2005.588
1698438600000,2005.588,2006.048,2005.365,2005.678
1698438900000,2005.618,2005.948,2004.328,2004.328
1698439200000,2004.368,2005.655,2004.228,2005.585
1698439500000,2005.575,2005.575,2004.925,2005.218
1698439800000,2005.188,2005.878,2004.738,2005.595
1698440100000,2005.595,2006.645,2005.505,2005.648
1698537600000,2004.604,2004.604,2004.604,2004.604
1698537900000,2004.604,2004.604,2004.604,2004.604
1698538200000,2004.604,2004.604,2004.604,2004.604
1698538500000,2004.604,2004.604,2004.604,2004.604
1698538800000,2004.604,2004.604,2004.604,2004.604
1698539100000,2004.604,2004.604,2004.604,2004.604
1698539400000,2004.604,2004.604,2004.604,2004.604
1698539700000,2004.604,2004.604,2004.604,2004.604
1698540000000,2004.604,2004.604,2004.604,2004.604
1698540300000,2004.604,2004.604,2004.604,2004.604
1698540600000,2004.604,2004.604,2004.604,2004.604
1698540900000,2004.604,2004.604,2004.604,2004.604
1698541200000,2004.604,2004.604,2004.604,2004.604
1698541500000,2004.604,2004.604,2004.604,2004.604
1698541800000,2004.604,2004.604,2004.604,2004.604
1698542100000,2004.604,2004.604,2004.604,2004.604
1698542400000,2004.604,2004.604,2004.604,2004.604
1698542700000,2004.604,2004.604,2004.604,2004.604
1698543000000,2004.604,2004.604,2004.604,2004.604
1698543300000,2004.604,2004.604,2004.604,2004.604
1698543600000,2004.604,2004.604,2004.604,2004.604
1698543900000,2004.604,2004.604,2004.604,2004.604
1698544200000,2004.604,2004.604,2004.604,2004.604
1698544500000,2004.604,2004.604,2004.604,2004.604
1698544800000,2004.604,2004.604,2004.604,2004.604
1698545100000,2004.604,2004.604,2004.604,2004.604
1698545400000,2004.604,2004.604,2004.604,2004.604
1698545700000,2004.604,2004.604,2004.604,2004.604
1698546000000,2004.604,2004.604,2004.604,2004.604
1698546300000,2004.604,2004.604,2004.604,2004.604
1698546600000,2004.604,2004.604,2004.604,2004.604
1698546900000,2004.604,2004.604,2004.604,2004.604
1698547200000,2004.604,2004.604,2004.604,2004.604
1698547500000,2004.604,2004.604,2004.604,2004.604
1698547800000,2004.604,2004.604,2004.604,2004.604
1698548100000,2004.604,2004.604,2004.604,2004.604
1698548400000,2004.604,2004.604,2004.604,2004.604
1698548700000,2004.604,2004.604,2004.604,2004.604
1698549000000,2004.604,2004.604,2004.604,2004.604
1698549300000,2004.604,2004.604,2004.604,2004.604
1698549600000,2004.604,2004.604,2004.604,2004.604
1698549900000,2004.604,2004.604,2004.604,2004.604
1698550200000,2004.604,2004.604,2004.604,2004.604
1698550500000,2004.604,2004.604,2004.604,2004.604
1698550800000,2004.604,2004.604,2004.604,2004.604
1698551100000,2004.604,2004.604,2004.604,2004.604
1698551400000,2004.604,2004.604,2004.604,2004.604
1698551700000,2004.604,2004.604,2004.604,2004.604
1698552000000,2004.604,2004.604,2004.604,2004.604
1698552300000,2004.604,2004.604,2004.604,2004.604
1698552600000,2004.604,2004.604,2004.604,2004.604
1698552900000,2004.604,2004.604,2004.604,2004.604
1698553200000,2004.604,2004.604,2004.604,2004.604
1698553500000,2004.604,2004.604,2004.604,2004.604
1698553800000,2004.604,2004.604,2004.604,2004.604
1698554100000,2004.604,2004.604,2004.604,2004.604
1698554400000,2004.604,2004.604,2004.604,2004.604
1698554700000,2004.604,2004.604,2004.604,2004.604
1698555000000,2004.604,2004.604,2004.604,2004.604
1698555300000,2004.604,2004.604,2004.604,2004.604
1698555600000,2004.604,2004.604,2004.604,2004.604
1698555900000,2004.604,2004.604,2004.604,2004.604
1698556200000,2004.604,2004.604,2004.604,2004.604
1698556500000,2004.604,2004.604,2004.604,2004.604
1698556800000,2004.604,2004.604,2004.604,2004.604
1698557100000,2004.604,2004.604,2004.604,2004.604
1698557400000,2004.604,2004.604,2004.604,2004.604
1698557700000,2004.604,2004.604,2004.604,2004.604
1698558000000,2004.604,2004.604,2004.604,2004.604
1698558300000,2004.604,2004.604,2004.604,2004.604
1698558600000,2004.604,2004.604,2004.604,2004.604
1698558900000,2004.604,2004.604,2004.604,2004.604
1698559200000,2004.604,2004.604,2004.604,2004.604
1698559500000,2004.604,2004.604,2004.604,2004.604
1698559800000,2004.604,2004.604,2004.604,2004.604
1698560100000,2004.604,2004.604,2004.604,2004.604
1698560400000,2004.604,2004.604,2004.604,2004.604
1698560700000,2004.604,2004.604,2004.604,2004.604
1698561000000,2004.604,2004.604,2004.604,2004.604
1698561300000,2004.604,2004.604,2004.604,2004.604
1698561600000,2004.604,2004.604,2004.604,2004.604
1698561900000,2004.604,2004.604,2004.604,2004.604
1698562200000,2004.604,2004.604,2004.604,2004.604
1698562500000,2004.604,2004.604,2004.604,2004.604
1698562800000,2004.604,2004.604,2004.604,2004.604
1698563100000,2004.604,2004.604,2004.604,2004.604
1698563400000,2004.604,2004.604,2004.604,2004.604
1698563700000,2004.604,2004.604,2004.604,2004.604
1698564000000,2004.604,2004.604,2004.604,2004.604
1698564300000,2004.604,2004.604,2004.604,2004.604
1698564600000,2004.604,2004.604,2004.604,2004.604
1698564900000,2004.604,2004.604,2004.604,2004.604
1698565200000,2004.604,2004.604,2004.604,2004.604
1698565500000,2004.604,2004.604,2004.604,2004.604
1698565800000,2004.604,2004.604,2004.604,2004.604
1698566100000,2004.604,2004.604,2004.604,2004.604
1698566400000,2004.604,2004.604,2004.604,2004.604
1698566700000,2004.604,2004.604,2004.604,2004.604
1698567000000,2004.604,2004.604,2004.604,2004.604
1698567300000,2004.604,2004.604,2004.604,2004.604
1698567600000,2004.604,2004.604,2004.604,2004.604
1698567900000,2004.604,2004.604,2004.604,2004.604
1698568200000,2004.604,2004.604,2004.604,2004.604
1698568500000,2004.604,2004.604,2004.604,2004.604
1698568800000,2004.604,2004.604,2004.604,2004.604
1698569100000,2004.604,2004.604,2004.604,2004.604
1698569400000,2004.604,2004.604,2004.604,2004.604
1698569700000,2004.604,2004.604,2004.604,2004.604
1698570000000,2004.604,2004.604,2004.604,2004.604
1698570300000,2004.604,2004.604,2004.604,2004.604
1698570600000,2004.604,2004.604,2004.604,2004.604
1698570900000,2004.604,2004.604,2004.604,2004.604
1698571200000,2004.604,2004.604,2004.604,2004.604
1698571500000,2004.604,2004.604,2004.604,2004.604
1698571800000,2004.604,2004.604,2004.604,2004.604
1698572100000,2004.604,2004.604,2004.604,2004.604
1698572400000,2004.604,2004.604,2004.604,2004.604
1698572700000,2004.604,2004.604,2004.604,2004.604
1698573000000,2004.604,2004.604,2004.604,2004.604
1698573300000,2004.604,2004.604,2004.604,2004.604
1698573600000,2004.604,2004.604,2004.604,2004.604
1698573900000,2004.604,2004.604,2004.604,2004.604
1698574200000,2004.604,2004.604,2004.604,2004.604
1698574500000,2004.604,2004.604,2004.604,2004.604
1698574800000,2004.604,2004.604,2004.604,2004.604
1698575100000,2004.604,2004.604,2004.604,2004.604
1698575400000,2004.604,2004.604,2004.604,2004.604
1698575700000,2004.604,2004.604,2004.604,2004.604
1698576000000,2004.604,2004.604,2004.604,2004.604
1698576300000,2004.604,2004.604,2004.604,2004.604
1698576600000,2004.604,2004.604,2004.604,2004.604
1698576900000,2004.604,2004.604,2004.604,2004.604
1698577200000,2004.604,2004.604,2004.604,2004.604
1698577500000,2004.604,2004.604,2004.604,2004.604
1698577800000,2004.604,2004.604,2004.604,2004.604
1698578100000,2004.604,2004.604,2004.604,2004.604
1698578400000,2004.604,2004.604,2004.604,2004.604
1698578700000,2004.604,2004.604,2004.604,2004.604
1698579000000,2004.604,2004.604,2004.604,2004.604
1698579300000,2004.604,2004.604,2004.604,2004.604
1698579600000,2004.604,2004.604,2004.604,2004.604
1698579900000,2004.604,2004.604,2004.604,2004.604
1698580200000,2004.604,2004.604,2004.604,2004.604
1698580500000,2004.604,2004.604,2004.604,2004.604
1698580800000,2004.604,2004.604,2004.604,2004.604
1698581100000,2004.604,2004.604,2004.604,2004.604
1698581400000,2004.604,2004.604,2004.604,2004.604
1698581700000,2004.604,2004.604,2004.604,2004.604
1698582000000,2004.604,2004.604,2004.604,2004.604
1698582300000,2004.604,2004.604,2004.604,2004.604
1698582600000,2004.604,2004.604,2004.604,2004.604
1698582900000,2004.604,2004.604,2004.604,2004.604
1698583200000,2004.604,2004.604,2004.604,2004.604
1698583500000,2004.604,2004.604,2004.604,2004.604
1698583800000,2004.604,2004.604,2004.604,2004.604
1698584100000,2004.604,2004.604,2004.604,2004.604
1698584400000,2004.604,2004.604,2004.604,2004.604
1698584700000,2004.604,2004.604,2004.604,2004.604
1698585000000,2004.604,2004.604,2004.604,2004.604
1698585300000,2004.604,2004.604,2004.604,2004.604
1698585600000,2004.604,2004.604,2004.604,2004.604
1698585900000,2004.604,2004.604,2004.604,2004.604
1698586200000,2004.604,2004.604,2004.604,2004.604
1698586500000,2004.604,2004.604,2004.604,2004.604
1698586800000,2004.604,2004.604,2004.604,2004.604
1698587100000,2004.604,2004.604,2004.604,2004.604
1698587400000,2004.604,2004.604,2004.604,2004.604
1698587700000,2004.604,2004.604,2004.604,2004.604
1698588000000,2004.604,2004.604,2004.604,2004.604
1698588300000,2004.604,2004.604,2004.604,2004.604
1698588600000,2004.604,2004.604,2004.604,2004.604
1698588900000,2004.604,2004.604,2004.604,2004.604
1698589200000,2004.604,2004.604,2004.604,2004.604
1698589500000,2004.604,2004.604,2004.604,2004.604
1698589800000,2004.604,2004.604,2004.604,2004.604
1698590100000,2004.604,2004.604,2004.604,2004.604
1698590400000,2004.604,2004.604,2004.604,2004.604
1698590700000,2004.604,2004.604,2004.604,2004.604
1698591000000,2004.604,2004.604,2004.604,2004.604
1698591300000,2004.604,2004.604,2004.604,2004.604
1698591600000,2004.604,2004.604,2004.604,2004.604
1698591900000,2004.604,2004.604,2004.604,2004.604
1698592200000,2004.604,2004.604,2004.604,2004.604
1698592500000,2004.604,2004.604,2004.604,2004.604
1698592800000,2004.604,2004.604,2004.604,2004.604
1698593100000,2004.604,2004.604,2004.604,2004.604
1698593400000,2004.604,2004.604,2004.604,2004.604
1698593700000,2004.604,2004.604,2004.604,2004.604
1698594000000,2004.604,2004.604,2004.604,2004.604
1698594300000,2004.604,2004.604,2004.604,2004.604
1698594600000,2004.604,2004.604,2004.604,2004.604
1698594900000,2004.604,2004.604,2004.604,2004.604
1698595200000,2004.604,2004.604,2004.604,2004.604
1698595500000,2004.604,2004.604,2004.604,2004.604
1698595800000,2004.604,2004.604,2004.604,2004.604
1698596100000,2004.604,2004.604,2004.604,2004.604
1698596400000,2004.604,2004.604,2004.604,2004.604
1698596700000,2004.604,2004.604,2004.604,2004.604
1698597000000,2004.604,2004.604,2004.604,2004.604
1698597300000,2004.604,2004.604,2004.604,2004.604
1698597600000,2004.604,2004.604,2004.604,2004.604
1698597900000,2004.604,2004.604,2004.604,2004.604
1698598200000,2004.604,2004.604,2004.604,2004.604
1698598500000,2004.604,2004.604,2004.604,2004.604
1698598800000,2004.604,2004.604,2004.604,2004.604
1698599100000,2004.604,2004.604,2004.604,2004.604
1698599400000,2004.604,2004.604,2004.604,2004.604
1698599700000,2004.604,2004.604,2004.604,2004.604
1698600000000,2004.604,2004.604,2004.604,2004.604
1698600300000,2004.604,2004.604,2004.604,2004.604
1698600600000,2004.604,2004.604,2004.604,2004.604
1698600900000,2004.604,2004.604,2004.604,2004.604
1698601200000,2004.604,2004.604,2004.604,2004.604
1698601500000,2004.604,2004.604,2004.604,2004.604
1698601800000,2004.604,2004.604,2004.604,2004.604
1698602100000,2004.604,2004.604,2004.604,2004.604
1698602400000,2004.604,2004.604,2004.604,2004.604
1698602700000,2004.604,2004.604,2004.604,2004.604
1698603000000,2004.604,2004.604,2004.604,2004.604
1698603300000,2004.604,2004.604,2004.604,2004.604
1698603600000,2004.604,2004.604,2004.604,2004.604
1698603900000,2004.604,2004.604,2004.604,2004.604
1698604200000,2004.604,2004.604,2004.604,2004.604
1698604500000,2004.604,2004.604,2004.604,2004.604
1698604800000,2004.604,2004.604,2004.604,2004.604
1698605100000,2004.604,2004.604,2004.604,2004.604
1698605400000,2004.604,2004.604,2004.604,2004.604
1698605700000,2004.604,2004.604,2004.604,2004.604
1698606000000,2004.604,2004.604,2004.604,2004.604
1698606300000,2004.604,2004.604,2004.604,2004.604
1698606600000,2004.604,2004.604,2004.604,2004.604
1698606900000,2004.604,2004.604,2004.604,2004.604
1698607200000,2004.604,2004.604,2004.604,2004.604
1698607500000,2004.604,2004.604,2004.604,2004.604
1698607800000,2004.604,2004.604,2004.604,2004.604
1698608100000,2004.604,2004.604,2004.604,2004.604
1698608400000,2004.604,2004.604,2004.604,2004.604
1698608700000,2004.604,2004.604,2004.604,2004.604
1698609000000,2004.604,2004.604,2004.604,2004.604
1698609300000,2004.604,2004.604,2004.604,2004.604
1698609600000,2004.604,2004.604,2004.604,2004.604
1698609900000,2004.604,2004.604,2004.604,2004.604
1698610200000,2004.604,2004.604,2004.604,2004.604
1698610500000,2004.604,2004.604,2004.604,2004.604
1698610800000,2004.604,2004.604,2004.604,2004.604
1698611100000,2004.604,2004.604,2004.604,2004.604
1698611400000,2004.604,2004.604,2004.604,2004.604
1698611700000,2004.604,2004.604,2004.604,2004.604
1698612000000,2004.604,2004.604,2004.604,2004.604
1698612300000,2004.604,2004.604,2004.604,2004.604
1698612600000,2004.604,2004.604,2004.604,2004.604
1698612900000,2004.604,2004.604,2004.604,2004.604
1698613200000,2004.604,2004.604,2004.604,2004.604
1698613500000,2004.604,2004.604,2004.604,2004.604
1698613800000,2004.604,2004.604,2004.604,2004.604
1698614100000,2004.604,2004.604,2004.604,2004.604
1698614400000,2004.604,2004.604,2004.604,2004.604
1698614700000,2004.604,2004.604,2004.604,2004.604
1698615000000,2004.604,2004.604,2004.604,2004.604
1698615300000,2004.604,2004.604,2004.604,2004.604
1698615600000,2004.604,2004.604,2004.604,2004.604
1698615900000,2004.604,2004.604,2004.604,2004.604
1698616200000,2004.604,2004.604,2004.604,2004.604
1698616500000,2004.604,2004.604,2004.604,2004.604
1698616800000,2004.135,2006.648,2000.965,2003.074
1698617100000,2003.074,2004.375,2001.154,2003.745
1698617400000,2003.815,2004.745,2003.245,2003.305
1698617700000,2003.595,2004.108,2001.195,2001.195
1698618000000,2001.235,2002.055,1996.814,1997.964
1698618300000,1998.114,2002.765,1997.905,2001.505
1698618600000,2001.515,2002.425,2000.985,2001.305
1698618900000,2001.325,2003.884,2001.105,2003.855
1698619200000,2003.685,2003.955,2001.695,2002.124
1698619500000,2002.155,2002.665,2001.805,2002.185
1698619800000,2002.205,2002.345,2001.455,2001.565
1698620100000,2001.585,2001.735,2000.745,2001.215
1698620400000,2001.185,2002.035,2001.145,2001.355
1698620700000,2001.355,2002.225,2001.355,2002.155
1698621000000,2002.174,2002.795,2001.425,2002.745
1698621300000,2002.765,2003.255,2002.475,2003.105
1698621600000,2003.085,2003.595,2002.805,2003.375
1698621900000,2003.405,2003.525,2002.955,2002.955
1698622200000,2003.005,2003.005,2001.975,2002.495
1698622500000,2002.505,2002.795,2001.685,2001.685
1698622800000,2001.665,2002.195,2000.465,2002.115
1698623100000,2002.105,2002.525,2001.815,2002.365
1698623400000,2002.365,2002.615,2002.265,2002.555
1698623700000,2002.575,2002.925,2002.555,2002.695
1698624000000,2002.725,2003.525,2002.405,2003.205
1698624300000,2003.165,2004.215,2003.105,2004.205
1698624600000,2004.195,2004.515,2003.795,2004.195
1698624900000,2004.235,2004.635,2003.015,2003.105
1698625200000,2003.115,2003.585,2002.355,2002.365
1698625500000,2002.335,2003.765,2002.135,2003.465
1698625800000,2003.475,2004.355,2003.475,2003.995
1698626100000,2003.985,2005.065,2003.285,2004.785
1698626400000,2004.795,2006.095,2004.635,2006.095
1698626700000,2006.085,2006.685,2004.875,2004.875
1698627000000,2004.865,2005.385,2003.885,2004.628
1698627300000,2004.625,2004.828,2004.034,2004.535
1698627600000,2004.525,2005.655,2003.655,2004.795
1698627900000,2004.785,2004.905,2003.565,2003.885
1698628200000,2003.905,2003.905,2003.395,2003.735
1698628500000,2003.805,2003.885,2002.775,2003.345
1698628800000,2003.365,2003.545,2002.485,2003.185
1698629100000,2003.215,2003.575,2002.835,2003.385
1698629400000,2003.415,2004.125,2002.765,2002.928
1698629700000,2002.925,2003.478,2002.518,2003.465
1698630000000,2003.445,2003.975,2003.425,2003.765
1698630300000,2003.765,2003.885,2003.225,2003.355
1698630600000,2003.345,2004.375,2003.265,2004.075
1698630900000,2004.115,2004.865,2003.885,2004.605
1698631200000,2004.335,2004.635,2003.365,2003.465
1698631500000,2003.435,2003.935,2003.315,2003.515
1698631800000,2003.535,2003.835,2002.945,2003.005
1698632100000,2003.005,2003.485,2002.945,2002.985
1698632400000,2002.935,2003.835,2001.875,2003.745
1698632700000,2003.755,2004.145,2003.355,2003.785
1698633000000,2003.785,2004.095,2003.285,2003.465
1698633300000,2003.455,2003.935,2003.215,2003.795
1698633600000,2003.775,2003.925,2003.445,2003.515
1698633900000,2003.455,2003.595,2002.905,2003.105
1698634200000,2003.125,2003.585,2003.015,2003.245
1698634500000,2003.255,2003.335,2002.775,2002.785
1698634800000,2002.775,2003.185,2002.615,2003.105
1698635100000,2003.115,2003.435,2002.445,2002.575
1698635400000,2002.515,2002.705,2002.225,2002.255
1698635700000,2002.265,2002.385,2001.545,2001.795
1698636000000,2001.805,2002.155,2001.475,2001.725
1698636300000,2001.705,2002.925,2001.685,2002.195
1698636600000,2002.215,2002.645,2002.065,2002.085
1698636900000,2002.075,2002.545,2001.365,2001.935
1698637200000,2001.945,2002.045,2001.735,2001.775
1698637500000,2001.765,2002.205,2001.665,2002.115
1698637800000,2002.105,2002.335,2001.748,2001.828
1698638100000,2001.845,2002.535,2001.755,2001.935
1698638400000,2001.935,2002.585,2001.795,2002.335
1698638700000,2002.345,2002.645,2002.315,2002.415
1698639000000,2002.435,2002.445,2001.875,2002.195
1698639300000,2002.185,2002.295,2001.695,2001.915
1698639600000,2001.905,2002.225,2001.865,2001.915
1698639900000,2001.815,2001.975,2001.385,2001.515
1698640200000,2001.475,2001.475,2000.835,2000.845
1698640500000,2000.825,2000.855,2000.115,2000.855
1698640800000,2000.855,2001.775,2000.595,2001.575
1698641100000,2001.595,2001.715,2001.345,2001.505
1698641400000,2001.535,2001.585,2001.165,2001.535
1698641700000,2001.515,2001.885,2001.255,2001.425
1698642000000,2001.385,2001.625,2001.025,2001.495
1698642300000,2001.465,2001.678,2001.208,2001.305
1698642600000,2001.348,2001.398,2000.808,2000.808
1698642900000,2000.808,2001.315,2000.738,2001.315
1698643200000,2001.295,2001.625,2000.945,2001.585
1698643500000,2001.605,2001.965,2001.305,2001.635
1698643800000,2001.725,2002.585,2001.405,2001.635
1698644100000,2001.655,2001.785,2001.025,2001.435
1698644400000,2001.455,2001.605,2001.135,2001.445
1698644700000,2001.455,2001.655,2000.575,2000.575
1698645000000,2000.595,2001.155,2000.318,2000.478
1698645300000,2000.478,2000.478,1999.385,1999.508
1698645600000,1999.508,2000.665,1999.478,1999.798
1698645900000,1999.778,1999.908,1999.198,1999.218
1698646200000,1999.155,1999.475,1998.455,1999.305
1698646500000,1999.265,1999.715,1998.208,1998.265
1698646800000,1998.275,1998.415,1996.975,1997.295
1698647100000,1997.285,1998.625,1997.285,1998.545
1698647400000,1998.545,1998.835,1997.785,1998.465
1698647700000,1998.425,1998.585,1997.405,1997.855
1698648000000,1997.885,1998.095,1996.735,1997.138
1698648300000,1997.098,1998.295,1996.918,1998.045
1698648600000,1998.025,1998.075,1996.785,1996.875
1698648900000,1996.875,1996.875,1994.918,1995.515
1698649200000,1995.525,1995.865,1994.444,1994.588
1698649500000,1994.598,1996.005,1993.945,1995.745
1698649800000,1995.715,1996.645,1995.625,1996.635
1698650100000,1996.635,1997.685,1996.385,1997.115
1698650400000,1997.135,1997.315,1996.395,1996.995
1698650700000,1997.015,1997.095,1995.724,1996.598
1698651000000,1996.598,1996.858,1995.245,1996.018
1698651300000,1996.018,1997.415,1995.638,1996.485
1698651600000,1996.435,1996.435,1995.358,1995.378
1698651900000,1995.358,1995.705,1994.635,1995.175
1698652200000,1995.175,1995.795,1994.145,1994.765
1698652500000,1994.825,1994.905,1993.275,1993.565
1698652800000,1993.665,1994.295,1992.198,1992.198
1698653100000,1992.218,1993.285,1990.835,1993.055
1698653400000,1993.025,1994.285,1992.505,1994.145
1698653700000,1994.165,1994.558,1993.415,1994.015
1698654000000,1994.025,1994.745,1993.925,1994.525
1698654300000,1994.585,1994.605,1993.245,1993.255
1698654600000,1993.235,1994.025,1992.915,1993.805
1698654900000,1993.705,1993.755,1992.585,1992.875
1698655200000,1992.905,1993.975,1992.655,1993.215
1698655500000,1993.185,1994.115,1993.185,1993.825
1698655800000,1993.805,1993.895,1993.325,1993.645
1698656100000,1993.725,1993.955,1993.098,1993.578
1698656400000,1993.615,1993.975,1991.438,1993.285
1698656700000,1993.315,1993.335,1991.655,1992.245
1698657000000,1992.245,1992.955,1991.955,1992.265
1698657300000,1992.255,1994.925,1992.115,1994.925
1698657600000,1994.945,1996.095,1994.485,1996.075
1698657900000,1996.005,1996.425,1994.995,1995.045
1698658200000,1995.025,1995.395,1993.895,1994.138
1698658500000,1994.138,1994.138,1992.585,1993.145
1698658800000,1993.135,1994.825,1993.135,1994.335
1698659100000,1994.325,1995.215,1994.005,1995.185
1698659400000,1995.165,1997.035,1995.125,1996.465
1698659700000,1996.445,1996.975,1995.595,1996.535
1698660000000,1996.555,1997.215,1996.138,1997.215
1698660300000,1997.225,1997.225,1996.078,1996.775
1698660600000,1996.765,1996.765,1995.915,1995.975
1698660900000,1995.885,1997.255,1995.795,1997.255
1698661200000,1997.285,1997.305,1996.178,1996.344
1698661500000,1996.335,1996.854,1996.024,1996.055
1698661800000,1996.054,1996.364,1995.564,1995.854
1698662100000,1995.865,1996.535,1995.845,1996.295
1698662400000,1996.285,1996.645,1995.135,1995.995
1698662700000,1996.085,1996.465,1994.505,1994.705
1698663000000,1994.685,1995.145,1994.345,1994.665
1698663300000,1994.665,1994.965,1994.035,1994.315
1698663600000,1994.345,1994.435,1993.288,1993.705
1698663900000,1993.685,1994.085,1993.495,1993.505
1698664200000,1993.445,1993.975,1993.175,1993.925
1698664500000,1993.925,1994.275,1993.325,1993.665
1698664800000,1993.685,1994.485,1993.405,1994.485
1698665100000,1994.485,1994.835,1994.035,1994.445
1698665400000,1994.445,1995.045,1993.955,1994.075
1698665700000,1994.095,1994.445,1993.035,1993.805
1698666000000,1993.785,1993.905,1992.495,1993.785
1698666300000,1993.815,1994.935,1993.755,1994.568
1698666600000,1994.524,1995.448,1994.518,1995.138
1698666900000,1995.114,1995.685,1994.908,1995.685
1698667200000,1995.705,1995.835,1993.994,1994.015
1698667500000,1993.915,1994.835,1993.695,1994.635
1698667800000,1994.635,1994.775,1993.965,1994.085
1698668100000,1994.055,1994.935,1993.885,1994.465
1698668400000,1994.445,1996.825,1994.225,1995.965
1698668700000,1995.978,1997.008,1995.618,1996.605
1698669000000,1996.665,1999.965,1996.665,1999.605
1698669300000,1999.585,1999.895,1996.215,1996.885
1698669600000,1996.895,1996.915,1994.865,1996.415
1698669900000,1996.395,1997.055,1995.275,1996.385
1698670200000,1996.375,1998.015,1995.695,1997.795
1698670500000,1997.775,1997.925,1996.855,1997.885
1698670800000,1997.875,1999.358,1997.765,1998.385
1698671100000,1998.395,1999.948,1998.265,1999.735
1698671400000,1999.665,2002.435,1999.314,2002.095
1698671700000,2002.085,2002.345,2000.705,2001.575
1698672000000,2001.555,2002.145,2001.095,2001.465
1698672300000,2001.485,2001.495,2000.185,2000.678
1698672600000,2000.675,2000.915,1998.145,1998.385
1698672900000,1998.445,1998.975,1997.125,1998.045
1698673200000,1998.075,1998.345,1996.645,1997.745
1698673500000,1997.775,1998.975,1996.505,1997.045
1698673800000,1997.095,1999.025,1995.935,1998.995
1698674100000,1999.065,1999.425,1997.765,1998.455
1698674400000,1998.445,2001.575,1997.945,2000.605
1698674700000,2000.635,2001.455,1999.168,2000.415
1698675000000,2000.415,2001.275,2000.005,2000.408
1698675300000,2000.385,2001.188,1999.635,2001.105
1698675600000,2001.105,2002.365,1999.514,2000.425
1698675900000,2000.435,2000.435,1998.295,1998.295
1698676200000,1998.315,1999.205,1997.618,1997.834
1698676500000,1997.824,1997.924,1993.178,1993.678
1698676800000,1993.678,1996.325,1991.828,1995.565
1698677100000,1995.558,1996.455,1994.515,1995.375
1698677400000,1995.325,1996.898,1994.735,1996.845
1698677700000,1996.835,1998.125,1996.365,1996.898
1698678000000,1996.898,1998.034,1996.278,1996.714
1698678300000,1996.714,1997.134,1996.098,1996.534
1698678600000,1996.525,1998.078,1996.234,1997.498
1698678900000,1997.468,1999.128,1997.038,1998.015
1698679200000,1997.995,1998.938,1997.428,1998.858
1698679500000,1998.825,2000.295,1998.395,1999.948
1698679800000,1999.975,2000.145,1998.488,1998.898
1698680100000,1998.928,1999.538,1998.418,1999.428
1698680400000,1999.438,1999.628,1999.104,1999.138
1698680700000,1999.138,1999.198,1997.615,1998.504
1698681000000,1998.498,1998.978,1998.198,1998.228
1698681300000,1998.234,1999.324,1998.158,1999.018
1698681600000,1998.998,1999.698,1998.758,1999.178
1698681900000,1999.178,2000.308,1999.118,1999.765
1698682200000,1999.735,2000.175,1998.905,1998.985
1698682500000,1999.095,1999.585,1997.545,1997.845
1698682800000,1997.845,1999.035,1997.745,1998.985
1698683100000,1998.985,1999.655,1998.515,1999.495
1698683400000,1999.475,2000.585,1999.475,1999.698
1698683700000,1999.718,1999.838,1999.014,1999.145
1698684000000,1999.158,1999.795,1999.008,1999.054
1698684300000,1999.045,1999.578,1998.775,1999.085
1698684600000,1998.915,1999.375,1998.355,1999.275
1698684900000,1999.315,1999.315,1998.488,1998.788
1698685200000,1998.788,1999.244,1998.438,1999.018
1698685500000,1999.014,1999.078,1998.144,1998.915
1698685800000,1998.945,1998.965,1997.175,1997.455
1698686100000,1997.455,1998.405,1997.155,1997.465
1698686400000,1997.458,1997.458,1995.515,1995.885
1698686700000,1995.858,1996.175,1994.615,1995.975
1698687000000,1995.928,1996.895,1995.535,1996.605
1698687300000,1996.585,1998.655,1996.535,1998.545
1698687600000,1998.515,1999.625,1998.515,1999.085
1698687900000,1999.095,1999.135,1998.375,1998.375
1698688200000,1998.395,1998.695,1997.725,1997.895
1698688500000,1997.905,1998.005,1997.625,1997.855
1698688800000,1997.855,1998.225,1997.575,1998.045
1698689100000,1998.015,1998.815,1998.005,1998.625
1698689400000,1998.635,1999.135,1998.615,1999.115
1698689700000,1999.125,1999.805,1998.715,1998.965
1698690000000,1998.935,1999.155,1998.375,1998.445
1698690300000,1998.505,1998.825,1998.125,1998.225
1698690600000,1998.255,1998.385,1997.565,1997.915
1698690900000,1997.885,1998.095,1997.275,1997.825
1698691200000,1997.825,1997.935,1997.435,1997.435
1698691500000,1997.425,1997.805,1997.245,1997.665
1698691800000,1997.635,1997.685,1997.315,1997.635
1698692100000,1997.665,1998.005,1997.505,1997.755
1698692400000,1997.745,1998.655,1997.705,1998.465
1698692700000,1998.425,1998.495,1997.915,1997.995
1698693000000,1997.945,1998.415,1997.945,1998.245
1698693300000,1998.265,1998.415,1997.395,1997.535
1698693600000,1997.515,1997.755,1996.485,1996.565
1698693900000,1996.575,1996.655,1996.075,1996.105
1698694200000,1996.085,1996.825,1996.085,1996.645
1698694500000,1996.645,1996.745,1996.425,1996.575
1698694800000,1996.605,1996.925,1996.425,1996.615
1698695100000,1996.625,1997.065,1996.315,1996.395
1698695400000,1996.415,1996.415,1994.845,1995.105
1698695700000,1995.115,1995.965,1994.645,1995.825
1698696000000,1995.785,1996.415,1995.685,1995.865
1698696300000,1995.865,1996.275,1995.865,1996.035
1698696600000,1996.015,1996.445,1995.985,1996.205
1698696900000,1996.065,1996.205,1995.245,1995.328
1698697200000,1995.328,1995.575,1995.098,1995.545
1698697500000,1995.545,1995.805,1995.395,1995.545
1698697800000,1995.488,1995.845,1995.488,1995.735
1698698100000,1995.738,1996.138,1995.635,1996.138
1698698400000,1996.138,1996.188,1995.975,1996.148
1698698700000,1996.135,1996.198,1995.808,1996.115
1698699000000,1996.128,1996.535,1996.128,1996.208
1698699300000,1996.228,1996.248,1995.728,1995.728
1698699600000,1995.728,1995.728,1995.728,1995.728
1698699900000,1995.728,1995.728,1995.728,1995.728
1698700200000,1995.728,1995.728,1995.728,1995.728
1698700500000,1995.728,1995.728,1995.728,1995.728
1698700800000,1995.728,1995.728,1995.728,1995.728
1698701100000,1995.728,1995.728,1995.728,1995.728
1698701400000,1995.728,1995.728,1995.728,1995.728
1698701700000,1995.728,1995.728,1995.728,1995.728
1698702000000,1995.728,1995.728,1995.728,1995.728
1698702300000,1995.728,1995.728,1995.728,1995.728
1698702600000,1995.728,1995.728,1995.728,1995.728
1698702900000,1995.728,1995.728,1995.728,1995.728
1698703200000,1995.015,1996.275,1995.015,1996.085
1698703500000,1996.085,1996.085,1995.475,1995.505
1698703800000,1995.485,1995.855,1995.445,1995.855
1698704100000,1995.845,1995.934,1995.825,1995.865
1698704400000,1995.845,1995.995,1995.765,1995.765
1698704700000,1995.735,1995.905,1995.595,1995.805
1698705000000,1995.755,1995.755,1995.505,1995.525
1698705300000,1995.525,1995.525,1995.185,1995.425
1698705600000,1995.515,1995.565,1994.955,1995.095
1698705900000,1995.055,1995.345,1994.875,1995.255
1698706200000,1995.255,1995.375,1995.075,1995.275
1698706500000,1995.265,1995.295,1994.715,1994.935
1698706800000,1994.935,1994.935,1994.415,1994.575
1698707100000,1994.565,1995.045,1994.298,1994.385
1698707400000,1994.385,1995.055,1994.365,1995.055
1698707700000,1995.055,1995.235,1994.775,1994.815
1698708000000,1994.815,1994.965,1994.525,1994.765
1698708300000,1994.765,1994.775,1994.485,1994.775
1698708600000,1994.775,1995.215,1993.915,1995.045
1698708900000,1995.055,1995.485,1994.535,1995.425
1698709200000,1995.425,1996.095,1995.215,1995.625
1698709500000,1995.625,1995.815,1995.165,1995.425
1698709800000,1995.435,1996.115,1995.175,1995.335
1698710100000,1995.335,1995.605,1995.115,1995.445
