timestamp,open,high,low,close
1759276800000,3862.775,3864.325,3862.245,3864.325
1759277100000,3864.355,3864.795,3863.395,3864.145
1759277400000,3864.225,3865.005,3863.915,3864.915
1759277700000,3864.945,3865.125,3864.205,3864.648
1759278000000,3864.648,3864.748,3863.355,3863.848
1759278300000,3863.815,3863.848,3860.998,3860.998
1759278600000,3860.998,3861.635,3858.445,3860.058
1759278900000,3860.015,3861.145,3858.985,3861.135
1759279200000,3861.105,3864.598,3860.995,3863.348
1759279500000,3863.348,3863.948,3862.298,3863.385
1759279800000,3863.448,3863.495,3861.905,3861.965
1759280100000,3861.895,3862.148,3860.235,3860.235
1759280400000,3860.248,3862.575,3859.265,3860.498
1759280700000,3860.498,3860.698,3858.985,3858.998
1759281000000,3859.048,3862.775,3859.048,3862.005
1759281300000,3862.035,3864.185,3861.198,3863.535
1759281600000,3863.555,3864.295,3862.125,3864.005
1759281900000,3863.975,3864.965,3863.645,3864.765
1759282200000,3864.775,3865.295,3863.645,3863.945
1759282500000,3863.915,3865.595,3863.725,3864.715
1759282800000,3864.675,3866.105,3864.665,3865.875
1759283100000,3865.895,3868.585,3865.645,3868.255
1759283400000,3867.925,3868.715,3865.395,3867.335
1759283700000,3867.365,3868.795,3867.335,3868.775
1759284000000,3868.805,3871.005,3868.215,3870.615
1759284300000,3870.965,3875.295,3870.965,3872.895
1759284600000,3872.798,3874.725,3867.075,3867.305
1759284900000,3867.335,3870.475,3866.595,3867.698
1759285200000,3867.898,3868.498,3864.535,3864.945
1759285500000,3864.985,3867.625,3864.495,3866.055
1759285800000,3865.975,3867.185,3864.505,3865.048
1759286100000,3865.048,3865.398,3863.948,3865.148
1759286400000,3865.165,3866.348,3864.195,3865.498
1759286700000,3865.498,3865.998,3864.348,3865.735
1759287000000,3865.755,3866.745,3858.115,3860.635
1759287300000,3860.765,3864.145,3860.475,3863.165
1759287600000,3863.035,3866.265,3859.635,3859.668
1759287900000,3859.668,3862.145,3858.678,3861.615
1759288200000,3861.565,3863.195,3859.455,3861.985
1759288500000,3861.995,3862.925,3861.185,3862.715
1759288800000,3862.715,3863.985,3862.095,3863.205
1759289100000,3863.185,3863.875,3862.515,3863.465
1759289400000,3863.435,3864.195,3859.505,3859.865
1759289700000,3859.865,3860.195,3855.385,3859.455
1759290000000,3859.365,3863.895,3859.255,3863.755
1759290300000,3863.725,3864.465,3862.148,3862.865
1759290600000,3862.845,3863.065,3860.565,3862.355
1759290900000,3862.375,3862.415,3861.285,3861.875
1759291200000,3861.875,3864.385,3861.605,3862.845
1759291500000,3862.815,3863.025,3858.625,3860.205
1759291800000,3860.235,3861.548,3858.125,3860.498
1759292100000,3860.455,3861.115,3859.698,3860.935
1759292400000,3860.965,3862.435,3860.185,3861.035
1759292700000,3861.055,3861.295,3860.055,3860.775
1759293000000,3860.805,3861.255,3858.305,3858.405
1759293300000,3858.385,3858.675,3857.395,3857.505
1759293600000,3857.465,3858.785,3857.295,3858.655
1759293900000,3858.655,3861.355,3858.635,3860.235
1759294200000,3860.225,3863.415,3860.195,3862.925
1759294500000,3862.895,3864.845,3862.525,3864.705
1759294800000,3864.745,3869.675,3864.498,3869.155
1759295100000,3869.148,3869.225,3863.035,3863.505
1759295400000,3863.525,3864.855,3863.085,3864.015
1759295700000,3863.995,3867.505,3863.995,3867.085
1759296000000,3867.065,3868.248,3866.095,3867.598
1759296300000,3867.515,3867.698,3864.765,3865.498
1759296600000,3865.445,3865.998,3863.395,3865.175
1759296900000,3865.115,3866.265,3862.965,3863.435
1759297200000,3863.405,3864.815,3862.385,3862.625
1759297500000,3862.655,3863.595,3861.955,3863.095
1759297800000,3863.125,3863.965,3862.365,3863.155
1759298100000,3863.175,3864.095,3862.235,3863.295
1759298400000,3863.305,3864.225,3860.045,3861.655
1759298700000,3861.745,3863.305,3858.835,3859.245
1759299000000,3859.245,3860.815,3858.345,3858.455
1759299300000,3858.425,3858.615,3855.895,3856.135
1759299600000,3856.155,3857.225,3853.055,3857.085
1759299900000,3857.065,3861.615,3856.935,3861.615
1759300200000,3861.725,3862.055,3858.798,3860.698
1759300500000,3860.698,3862.198,3859.675,3860.825
1759300800000,3860.795,3864.548,3860.295,3863.548
1759301100000,3863.648,3864.648,3862.605,3863.465
1759301400000,3863.498,3863.555,3860.515,3862.035
1759301700000,3862.035,3862.095,3857.685,3859.045
1759302000000,3859.285,3862.105,3858.805,3860.995
1759302300000,3860.975,3863.575,3860.065,3862.635
1759302600000,3862.675,3867.005,3862.575,3866.615
1759302900000,3866.625,3868.595,3865.925,3868.305
1759303200000,3868.255,3870.225,3867.895,3868.005
1759303500000,3867.945,3871.185,3867.305,3870.525
1759303800000,3870.545,3871.975,3869.705,3870.535
1759304100000,3870.575,3873.945,3869.715,3873.225
1759304400000,3873.255,3873.255,3868.055,3868.805
1759304700000,3868.805,3874.698,3868.645,3874.198
1759305000000,3874.198,3879.518,3873.125,3877.835
1759305300000,3877.935,3879.145,3875.405,3878.995
1759305600000,3879.035,3885.065,3878.835,3884.525
1759305900000,3884.355,3884.605,3882.015,3883.705
1759306200000,3883.665,3888.978,3883.165,3887.815
1759306500000,3887.715,3892.635,3887.645,3892.495
1759306800000,3892.515,3895.145,3892.198,3892.925
1759307100000,3892.895,3893.865,3890.438,3891.525
1759307400000,3891.545,3892.225,3887.795,3888.445
1759307700000,3888.445,3893.615,3888.025,3888.625
1759308000000,3888.655,3892.895,3888.655,3891.615
1759308300000,3891.635,3892.455,3890.098,3890.978
1759308600000,3890.978,3892.225,3890.198,3892.045
1759308900000,3892.005,3893.505,3891.505,3892.698
1759309200000,3892.665,3894.748,3892.015,3892.858
1759309500000,3892.858,3893.845,3891.715,3893.285
1759309800000,3893.325,3894.905,3892.925,3893.655
1759310100000,3893.435,3893.785,3888.495,3888.495
1759310400000,3888.635,3889.005,3884.315,3886.285
1759310700000,3886.235,3887.155,3885.025,3885.925
1759311000000,3885.995,3886.305,3883.418,3884.445
1759311300000,3884.448,3887.448,3884.005,3887.395
1759311600000,3887.365,3890.925,3886.715,3888.395
1759311900000,3888.415,3889.245,3885.095,3889.045
1759312200000,3889.205,3891.335,3888.395,3890.865
1759312500000,3890.825,3890.905,3888.355,3888.698
1759312800000,3888.698,3889.125,3885.605,3887.685
1759313100000,3887.725,3888.735,3886.005,3886.645
1759313400000,3886.685,3889.345,3885.525,3888.725
1759313700000,3888.755,3888.755,3886.715,3887.855
1759314000000,3887.885,3889.335,3886.745,3888.595
1759314300000,3888.625,3888.825,3886.045,3886.155
1759314600000,3885.985,3887.398,3885.748,3885.818
1759314900000,3885.818,3886.248,3884.965,3885.695
1759315200000,3885.725,3887.548,3885.098,3887.205
1759315500000,3887.175,3889.375,3887.025,3887.235
1759315800000,3887.155,3888.925,3886.525,3888.075
1759316100000,3888.075,3888.125,3886.015,3887.415
1759316400000,3887.405,3888.175,3886.225,3887.695
1759316700000,3887.715,3888.305,3884.645,3884.905
1759317000000,3884.875,3885.795,3880.678,3883.025
1759317300000,3883.055,3885.325,3882.575,3884.275
1759317600000,3884.275,3885.275,3883.545,3884.385
1759317900000,3884.405,3884.645,3881.755,3881.805
1759318200000,3881.785,3882.335,3877.798,3881.635
1759318500000,3881.615,3881.885,3879.305,3880.505
1759318800000,3880.465,3882.145,3879.895,3881.755
1759319100000,3881.785,3883.695,3880.805,3882.695
1759319400000,3882.665,3883.185,3881.045,3882.215
1759319700000,3882.165,3884.235,3881.665,3883.415
1759320000000,3883.485,3884.395,3882.375,3883.065
1759320300000,3883.025,3885.175,3881.275,3883.105
1759320600000,3883.175,3885.125,3882.645,3883.988
1759320900000,3883.658,3890.898,3883.658,3888.045
1759321200000,3888.651,3890.335,3880.795,3880.885
1759321500000,3880.885,3882.565,3875.185,3877.655
1759321800000,3877.925,3880.595,3875.735,3876.175
1759322100000,3876.185,3878.648,3875.148,3875.745
1759322400000,3875.715,3876.915,3871.705,3875.025
1759322700000,3875.055,3876.965,3870.488,3870.558
1759323000000,3870.558,3873.248,3870.258,3870.765
1759323300000,3870.605,3871.375,3864.375,3870.295
1759323600000,3870.305,3871.245,3867.965,3868.975
1759323900000,3869.018,3872.395,3866.815,3872.395
1759324200000,3872.425,3873.835,3865.145,3865.385
1759324500000,3865.215,3869.505,3863.475,3868.305
1759324800000,3868.285,3870.075,3865.415,3866.395
1759325100000,3866.435,3870.065,3865.335,3869.755
1759325400000,3869.845,3876.848,3869.815,3874.095
1759325700000,3874.015,3874.705,3868.638,3871.285
1759326000000,3871.265,3874.945,3871.005,3872.165
1759326300000,3872.155,3874.365,3869.155,3869.665
1759326600000,3869.655,3873.715,3867.445,3872.748
1759326900000,3872.748,3873.175,3870.748,3872.245
1759327200000,3872.295,3875.648,3869.485,3870.715
1759327500000,3870.675,3873.325,3869.255,3871.235
1759327800000,3871.245,3872.155,3867.375,3869.965
1759328100000,3869.948,3872.705,3868.845,3872.705
1759328400000,3872.725,3873.025,3869.165,3870.665
1759328700000,3870.948,3875.748,3870.948,3875.048
1759329000000,3875.055,3877.945,3874.375,3877.725
1759329300000,3877.755,3878.585,3875.765,3877.355
1759329600000,3877.375,3877.995,3874.755,3876.985
1759329900000,3876.845,3878.065,3856.315,3866.485
1759330200000,3866.515,3871.385,3865.655,3869.905
1759330500000,3869.935,3873.345,3869.615,3872.775
1759330800000,3872.715,3876.448,3869.765,3871.865
1759331100000,3871.935,3875.778,3867.755,3874.418
1759331400000,3874.518,3874.998,3866.275,3869.055
1759331700000,3868.845,3869.495,3862.375,3863.165
1759332000000,3863.175,3864.845,3860.385,3861.735
1759332300000,3861.775,3864.395,3859.245,3859.445
1759332600000,3859.545,3863.595,3857.845,3861.915
1759332900000,3861.935,3864.185,3859.548,3861.055
1759333200000,3861.075,3865.925,3861.035,3864.395
1759333500000,3864.375,3866.005,3863.285,3865.755
1759333800000,3865.705,3868.455,3863.795,3868.075
1759334100000,3868.035,3869.525,3867.485,3868.315
1759334400000,3868.305,3868.385,3860.438,3864.715
1759334700000,3864.705,3868.245,3863.845,3867.825
1759335000000,3867.825,3869.098,3866.775,3867.075
1759335300000,3867.015,3869.345,3866.625,3867.995
1759335600000,3868.015,3869.215,3867.395,3868.845
1759335900000,3868.895,3870.555,3868.735,3870.215
1759336200000,3870.255,3870.955,3869.205,3869.995
1759336500000,3870.065,3871.105,3869.575,3870.805
1759336800000,3870.795,3871.285,3869.078,3870.385
1759337100000,3870.365,3871.355,3869.795,3870.325
1759337400000,3870.285,3870.795,3869.478,3869.665
1759337700000,3869.635,3871.235,3869.315,3870.655
1759338000000,3870.655,3871.115,3869.368,3870.695
1759338300000,3870.825,3871.085,3868.695,3869.185
1759338600000,3869.085,3870.085,3868.335,3869.655
1759338900000,3869.685,3870.835,3868.655,3870.025
1759339200000,3870.005,3871.545,3870.005,3871.235
1759339500000,3871.255,3871.675,3868.875,3870.558
1759339800000,3870.858,3871.215,3869.905,3870.515
1759340100000,3870.495,3870.545,3865.308,3865.415
1759340400000,3865.415,3866.475,3863.645,3864.035
1759340700000,3864.045,3864.545,3861.175,3862.045
1759341000000,3862.015,3864.835,3861.515,3864.285
1759341300000,3864.255,3864.775,3860.415,3860.595
1759341600000,3860.585,3860.665,3856.315,3856.565
1759341900000,3856.555,3858.295,3854.885,3856.645
1759342200000,3856.655,3860.795,3856.205,3859.675
1759342500000,3859.705,3864.575,3859.285,3864.475
1759342800000,3864.445,3864.705,3861.635,3864.075
1759343100000,3864.065,3864.585,3862.605,3862.825
1759343400000,3862.775,3866.075,3862.775,3865.775
1759343700000,3865.725,3865.975,3863.748,3863.915
1759344000000,3863.925,3864.248,3857.855,3859.285
1759344300000,3859.315,3862.995,3859.085,3862.615
1759344600000,3862.625,3863.325,3861.195,3862.045
1759344900000,3862.095,3863.685,3861.065,3861.955
1759345200000,3862.005,3865.115,3861.245,3864.505
1759345500000,3864.508,3865.105,3863.025,3864.945
1759345800000,3864.975,3865.755,3864.235,3865.605
1759346100000,3865.655,3866.435,3863.855,3864.865
1759346400000,3864.835,3865.085,3863.485,3864.795
1759346700000,3864.765,3865.395,3863.365,3864.545
1759347000000,3864.565,3865.075,3864.005,3864.525
1759347300000,3864.485,3865.895,3863.985,3865.155
1759347600000,3865.175,3868.985,3864.175,3868.855
1759347900000,3868.985,3870.355,3867.975,3870.305
1759348200000,3870.405,3870.755,3867.495,3868.305
1759348500000,3868.325,3868.515,3866.065,3867.498
1759348800000,3867.498,3867.595,3863.838,3864.685
1759349100000,3864.705,3864.705,3860.165,3861.215
1759349400000,3861.245,3863.355,3861.245,3862.125
1759349700000,3862.215,3862.995,3861.275,3862.345
1759350000000,3862.325,3862.525,3860.715,3862.165
1759350300000,3862.185,3863.495,3861.455,3863.285
1759350600000,3863.315,3864.935,3862.735,3864.915
1759350900000,3864.945,3864.955,3863.355,3864.425
1759351200000,3864.385,3864.445,3863.345,3863.395
1759351500000,3863.555,3864.285,3862.895,3863.248
1759351800000,3863.208,3864.858,3862.948,3863.775
1759352100000,3863.415,3865.745,3863.315,3865.415
1759352400000,3865.415,3865.415,3865.415,3865.415
1759352700000,3865.415,3865.415,3865.415,3865.415
1759353000000,3865.415,3865.415,3865.415,3865.415
1759353300000,3865.415,3865.415,3865.415,3865.415
1759353600000,3865.415,3865.415,3865.415,3865.415
1759353900000,3865.415,3865.415,3865.415,3865.415
1759354200000,3865.415,3865.415,3865.415,3865.415
1759354500000,3865.415,3865.415,3865.415,3865.415
1759354800000,3865.415,3865.415,3865.415,3865.415
1759355100000,3865.415,3865.415,3865.415,3865.415
1759355400000,3865.415,3865.415,3865.415,3865.415
1759355700000,3865.415,3865.415,3865.415,3865.415
1759356000000,3865.745,3870.205,3861.198,3863.998
1759356300000,3863.998,3865.398,3860.798,3860.998
1759356600000,3860.998,3862.898,3860.948,3862.648
1759356900000,3862.585,3863.148,3860.848,3860.848
1759357200000,3860.848,3860.875,3858.348,3859.748
1759357500000,3859.748,3860.548,3859.348,3859.698
1759357800000,3860.198,3861.198,3858.808,3860.898
1759358100000,3860.898,3861.298,3859.745,3861.098
1759358400000,3861.025,3862.345,3860.898,3862.198
1759358700000,3862.198,3863.695,3862.198,3862.515
1759359000000,3862.438,3862.805,3861.298,3861.515
1759359300000,3861.435,3862.115,3861.335,3861.775
1759359600000,3861.485,3863.668,3861.198,3862.945
1759359900000,3862.918,3864.135,3862.918,3864.135
1759360200000,3864.025,3864.098,3861.398,3862.105
1759360500000,3862.105,3863.855,3861.398,3863.835
1759360800000,3863.835,3865.845,3863.755,3865.095
1759361100000,3865.135,3866.295,3864.948,3865.438
1759361400000,3865.458,3865.848,3862.085,3862.738
1759361700000,3862.745,3862.745,3858.915,3860.125
1759362000000,3860.145,3861.215,3857.375,3860.655
1759362300000,3860.655,3863.405,3860.495,3862.135
1759362600000,3862.125,3864.855,3862.045,3863.805
1759362900000,3863.845,3865.085,3862.735,3863.165
1759363200000,3863.195,3863.395,3860.605,3862.165
1759363500000,3862.205,3862.515,3858.025,3859.225
1759363800000,3859.095,3859.095,3857.345,3858.105
1759364100000,3858.065,3860.055,3857.435,3859.775
1759364400000,3859.665,3860.505,3856.305,3859.815
1759364700000,3859.805,3859.805,3856.845,3857.785
1759365000000,3857.875,3859.615,3857.125,3858.455
1759365300000,3858.425,3858.455,3856.935,3857.775
1759365600000,3857.795,3858.675,3857.455,3858.125
1759365900000,3858.145,3861.075,3856.995,3860.375
1759366200000,3860.355,3860.455,3855.945,3857.085
1759366500000,3857.075,3857.685,3855.735,3855.825
1759366800000,3855.819,3856.025,3852.635,3855.965
1759367100000,3855.995,3857.905,3854.448,3857.835
1759367400000,3857.798,3859.998,3857.775,3859.248
1759367700000,3859.348,3860.548,3857.745,3858.948
1759368000000,3858.948,3864.285,3858.948,3864.075
1759368300000,3864.048,3864.665,3862.685,3863.645
1759368600000,3863.675,3864.695,3863.445,3864.245
1759368900000,3864.265,3864.845,3863.665,3864.665
1759369200000,3864.815,3864.935,3862.855,3863.145
1759369500000,3863.105,3864.615,3862.335,3863.765
1759369800000,3863.775,3864.425,3862.995,3863.985
1759370100000,3863.955,3864.935,3863.565,3864.845
1759370400000,3864.865,3867.305,3861.315,3861.585
1759370700000,3861.555,3865.165,3861.425,3865.055
1759371000000,3865.005,3869.748,3863.855,3869.605
1759371300000,3869.448,3869.848,3862.035,3865.905
1759371600000,3865.885,3865.885,3863.165,3864.148
1759371900000,3864.165,3865.148,3863.398,3863.648
1759372200000,3863.648,3864.335,3862.775,3864.005
1759372500000,3864.048,3864.295,3862.848,3863.395
1759372800000,3863.375,3865.095,3863.265,3864.625
1759373100000,3864.575,3865.695,3863.915,3864.415
1759373400000,3864.485,3867.025,3864.275,3866.905
1759373700000,3866.935,3867.065,3865.655,3865.805
1759374000000,3865.785,3867.365,3865.525,3866.345
1759374300000,3866.365,3866.725,3864.835,3866.695
1759374600000,3866.695,3868.715,3866.095,3868.675
1759374900000,3868.695,3868.985,3867.655,3868.885
1759375200000,3868.885,3868.998,3867.745,3868.865
1759375500000,3868.845,3869.165,3866.605,3866.875
1759375800000,3866.665,3866.915,3863.975,3865.045
1759376100000,3865.015,3865.015,3863.635,3864.375
1759376400000,3864.405,3865.365,3864.205,3864.295
1759376700000,3864.265,3865.598,3863.995,3864.828
1759377000000,3864.785,3865.798,3864.225,3865.635
1759377300000,3865.605,3866.898,3865.455,3866.235
1759377600000,3866.255,3867.298,3864.808,3865.148
1759377900000,3865.148,3866.665,3864.838,3866.648
1759378200000,3866.545,3866.545,3864.985,3865.348
1759378500000,3865.348,3866.348,3865.148,3865.398
1759378800000,3865.398,3865.448,3864.648,3865.225
1759379100000,3865.195,3866.048,3865.195,3865.768
1759379400000,3865.848,3866.148,3863.868,3864.005
1759379700000,3864.035,3865.375,3863.445,3864.698
1759380000000,3864.698,3864.965,3864.178,3864.558
1759380300000,3864.558,3864.558,3861.575,3862.635
1759380600000,3862.665,3863.575,3862.355,3862.825
1759380900000,3862.785,3864.065,3862.785,3863.995
1759381200000,3864.025,3866.885,3864.025,3865.965
1759381500000,3865.965,3868.498,3865.195,3868.148
1759381800000,3868.148,3868.455,3867.195,3867.775
1759382100000,3867.745,3868.948,3867.305,3868.545
1759382400000,3868.535,3868.948,3867.298,3868.348
1759382700000,3868.448,3870.905,3868.448,3869.078
1759383000000,3868.995,3869.298,3866.645,3866.938
1759383300000,3866.938,3867.398,3865.968,3866.748
1759383600000,3866.705,3868.045,3866.328,3867.805
1759383900000,3867.798,3868.215,3866.435,3866.925
1759384200000,3866.725,3868.065,3866.475,3867.985
1759384500000,3867.985,3868.785,3867.605,3867.655
1759384800000,3867.705,3869.445,3866.535,3869.355
1759385100000,3869.335,3871.085,3869.065,3870.135
1759385400000,3870.175,3871.848,3869.738,3871.595
1759385700000,3871.605,3873.965,3871.605,3871.975
1759386000000,3871.965,3873.565,3871.858,3872.665
1759386300000,3872.665,3873.125,3871.458,3871.578
1759386600000,3871.585,3872.648,3871.425,3871.695
1759386900000,3871.705,3873.955,3871.705,3873.535
1759387200000,3873.525,3873.565,3870.198,3870.368
1759387500000,3870.368,3870.368,3866.805,3867.295
1759387800000,3867.295,3869.048,3865.938,3866.515
1759388100000,3866.375,3866.848,3861.668,3863.858
1759388400000,3863.815,3867.798,3863.365,3867.178
1759388700000,3867.198,3872.725,3866.938,3871.335
1759389000000,3871.375,3873.165,3870.635,3873.075
1759389300000,3873.095,3874.615,3872.625,3874.015
1759389600000,3874.015,3874.225,3869.785,3870.055
1759389900000,3870.045,3870.915,3863.365,3864.535
1759390200000,3864.515,3865.855,3863.045,3864.705
1759390500000,3864.685,3866.425,3863.945,3863.965
1759390800000,3864.035,3865.705,3861.518,3865.605
1759391100000,3865.565,3868.045,3864.135,3867.975
1759391400000,3867.975,3868.325,3866.185,3866.665
1759391700000,3866.685,3869.348,3865.475,3868.298
1759392000000,3868.298,3868.828,3865.395,3866.488
1759392300000,3866.488,3867.285,3864.495,3865.935
1759392600000,3865.905,3867.555,3864.825,3866.935
1759392900000,3866.955,3868.665,3866.155,3867.525
1759393200000,3867.525,3870.465,3867.065,3869.265
1759393500000,3869.225,3869.585,3868.455,3869.415
1759393800000,3869.475,3873.355,3868.955,3870.915
1759394100000,3871.025,3873.615,3870.675,3872.955
1759394400000,3872.925,3875.535,3872.015,3875.235
1759394700000,3875.285,3876.375,3873.515,3876.215
1759395000000,3876.205,3877.025,3875.598,3876.665
1759395300000,3876.635,3878.515,3873.965,3874.365
1759395600000,3874.315,3878.225,3873.145,3876.648
1759395900000,3876.588,3876.648,3873.535,3874.285
1759396200000,3874.255,3875.248,3873.348,3875.215
1759396500000,3875.245,3877.585,3874.455,3877.545
1759396800000,3877.525,3877.895,3873.948,3875.155
1759397100000,3875.145,3876.768,3874.778,3875.075
1759397400000,3875.055,3877.115,3874.985,3876.535
1759397700000,3876.538,3877.365,3875.445,3876.965
1759398000000,3876.935,3879.085,3876.045,3877.615
1759398300000,3877.555,3879.615,3877.005,3877.095
1759398600000,3877.115,3879.288,3875.578,3878.868
1759398900000,3878.885,3879.498,3877.925,3878.905
1759399200000,3878.935,3879.305,3877.955,3878.895
1759399500000,3878.915,3880.075,3878.775,3879.055
1759399800000,3879.105,3879.105,3875.525,3875.785
1759400100000,3875.855,3879.645,3875.785,3879.335
1759400400000,3879.315,3883.625,3879.295,3882.208
1759400700000,3882.208,3882.568,3881.035,3882.095
1759401000000,3882.098,3882.758,3880.248,3881.435
1759401300000,3881.435,3881.855,3879.515,3879.848
1759401600000,3879.678,3883.025,3878.585,3880.645
1759401900000,3880.645,3880.945,3878.758,3880.008
1759402200000,3879.898,3882.068,3879.848,3881.758
1759402500000,3881.725,3881.848,3880.748,3881.505
1759402800000,3881.475,3881.848,3879.488,3880.328
1759403100000,3880.328,3882.048,3879.618,3880.275
1759403400000,3880.305,3883.348,3880.268,3883.048
1759403700000,3883.048,3885.048,3882.585,3884.595
1759404000000,3884.615,3884.905,3883.498,3883.815
1759404300000,3883.745,3884.855,3883.135,3883.365
1759404600000,3883.305,3884.005,3881.915,3883.995
1759404900000,3883.955,3885.515,3883.135,3885.155
1759405200000,3885.135,3885.225,3882.155,3884.795
1759405500000,3884.775,3885.225,3882.405,3884.015
1759405800000,3884.065,3884.745,3882.895,3884.615
1759406100000,3884.595,3886.448,3884.065,3886.048
1759406400000,3886.048,3887.648,3885.765,3887.555
1759406700000,3887.585,3891.885,3887.225,3889.735
1759407000000,3889.715,3890.305,3884.865,3886.285
1759407300000,3886.325,3886.455,3880.035,3882.985
1759407600000,3883.428,3884.135,3881.015,3881.955
1759407900000,3881.985,3882.948,3879.878,3882.498
1759408200000,3882.498,3885.125,3881.148,3884.845
1759408500000,3884.845,3888.175,3884.495,3886.358
1759408800000,3886.358,3886.395,3881.125,3882.255
1759409100000,3882.275,3883.455,3880.645,3882.425
1759409400000,3882.445,3882.965,3880.445,3882.115
1759409700000,3882.085,3884.465,3881.815,3884.245
1759410000000,3884.205,3890.165,3884.125,3889.495
1759410300000,3889.515,3889.975,3887.765,3888.665
1759410600000,3888.625,3891.945,3888.055,3890.805
1759410900000,3890.865,3891.335,3887.165,3890.165
1759411200000,3890.195,3893.305,3889.525,3892.428
1759411500000,3892.335,3893.548,3890.515,3893.548
1759411800000,3893.715,3896.958,3890.535,3892.635
1759412100000,3892.635,3892.635,3882.725,3882.725
1759412400000,3882.955,3885.405,3880.615,3882.925
1759412700000,3882.925,3887.175,3877.095,3877.368
1759413000000,3877.295,3878.415,3873.355,3876.675
1759413300000,3876.885,3877.615,3874.725,3874.795
1759413600000,3874.795,3876.475,3870.965,3873.555
1759413900000,3873.575,3876.508,3870.225,3874.065
1759414200000,3874.035,3876.505,3869.485,3871.225
1759414500000,3871.195,3871.845,3865.845,3866.135
1759414800000,3866.165,3866.408,3861.335,3864.585
1759415100000,3864.615,3864.875,3857.635,3863.785
1759415400000,3863.765,3865.855,3855.958,3856.848
1759415700000,3856.808,3857.875,3843.475,3844.645
1759416000000,3844.445,3845.225,3836.148,3837.748
1759416300000,3837.648,3840.598,3828.335,3829.655
1759416600000,3829.595,3836.165,3825.135,3828.235
1759416900000,3828.185,3840.725,3827.525,3839.705
1759417200000,3839.645,3844.605,3833.215,3836.885
1759417500000,3836.865,3837.965,3832.895,3835.695
1759417800000,3835.735,3837.485,3830.555,3836.305
1759418100000,3836.275,3836.435,3829.385,3834.048
1759418400000,3833.948,3835.448,3830.445,3834.315
1759418700000,3834.445,3839.305,3834.195,3835.555
1759419000000,3835.565,3835.565,3827.448,3828.555
1759419300000,3828.525,3830.735,3819.095,3822.955
1759419600000,3822.885,3834.855,3821.975,3834.665
1759419900000,3834.645,3836.025,3831.385,3833.275
1759420200000,3833.225,3833.265,3826.595,3827.748
1759420500000,3827.748,3830.148,3827.265,3828.015
1759420800000,3827.978,3834.935,3826.985,3834.215
1759421100000,3834.035,3834.835,3831.205,3833.305
1759421400000,3833.355,3839.785,3833.355,3837.815
1759421700000,3837.825,3843.175,3836.985,3842.195
1759422000000,3842.045,3844.495,3838.205,3839.195
1759422300000,3839.175,3839.845,3835.185,3837.755
1759422600000,3837.655,3838.555,3835.335,3837.135
1759422900000,3837.125,3838.205,3835.195,3837.615
1759423200000,3837.598,3843.198,3836.898,3842.815
1759423500000,3842.798,3845.015,3840.815,3841.685
1759423800000,3841.655,3843.155,3840.345,3840.775
1759424100000,3840.805,3845.005,3840.805,3844.635
1759424400000,3844.535,3845.795,3842.745,3845.775
1759424700000,3845.765,3846.635,3844.195,3846.215
1759425000000,3846.305,3847.275,3845.125,3845.385
1759425300000,3845.415,3846.448,3842.675,3846.448
1759425600000,3846.425,3847.455,3845.335,3847.345
1759425900000,3847.285,3847.515,3842.245,3844.315
1759426200000,3844.806,3846.015,3841.115,3845.395
1759426500000,3845.375,3846.555,3842.015,3842.745
1759426800000,3842.775,3843.865,3841.618,3842.248
1759427100000,3842.148,3844.845,3840.375,3844.605
1759427400000,3844.465,3845.505,3842.915,3844.995
1759427700000,3844.995,3845.915,3843.725,3844.005
1759428000000,3844.025,3846.535,3843.225,3846.525
1759428300000,3846.698,3846.825,3844.575,3845.485
1759428600000,3845.535,3846.348,3844.795,3845.748
1759428900000,3845.748,3846.948,3845.048,3845.848
1759429200000,3845.648,3847.118,3845.625,3846.448
1759429500000,3846.448,3847.248,3845.055,3846.948
1759429800000,3846.895,3847.648,3846.295,3847.275
1759430100000,3847.255,3848.105,3845.925,3847.915
1759430400000,3847.935,3848.345,3847.395,3848.025
1759430700000,3848.025,3848.905,3847.685,3848.775
1759431000000,3848.745,3851.248,3848.615,3850.555
1759431300000,3850.515,3850.905,3850.145,3850.545
1759431600000,3850.615,3856.305,3850.265,3856.205
1759431900000,3856.135,3858.525,3855.225,3856.285
1759432200000,3856.265,3856.405,3853.855,3854.275
1759432500000,3854.245,3857.775,3854.245,3856.965
1759432800000,3856.955,3858.895,3856.295,3856.815
1759433100000,3856.785,3857.235,3856.075,3856.848
1759433400000,3856.848,3857.765,3855.445,3857.345
1759433700000,3857.265,3857.415,3855.235,3856.185
1759434000000,3856.115,3856.935,3855.498,3856.005
1759434300000,3856.005,3856.805,3855.225,3856.695
1759434600000,3856.695,3856.705,3855.655,3855.935
1759434900000,3855.935,3856.455,3852.628,3855.345
1759435200000,3855.355,3856.075,3854.195,3855.198
1759435500000,3855.205,3858.398,3855.098,3858.048
1759435800000,3858.055,3859.098,3856.048,3856.905
1759436100000,3856.905,3857.048,3856.348,3856.465
1759436400000,3856.455,3857.385,3856.075,3857.095
1759436700000,3857.115,3857.148,3855.698,3855.955
1759437000000,3855.898,3856.295,3855.555,3855.605
1759437300000,3855.625,3856.605,3855.615,3855.675
1759437600000,3855.635,3855.645,3854.485,3854.925
1759437900000,3854.925,3855.475,3854.175,3855.415
1759438200000,3855.455,3855.655,3853.325,3855.225
1759438500000,3855.195,3856.365,3854.665,3855.545
1759438800000,3855.545,3855.545,3855.545,3855.545
1759439100000,3855.545,3855.545,3855.545,3855.545
1759439400000,3855.545,3855.545,3855.545,3855.545
1759439700000,3855.545,3855.545,3855.545,3855.545
1759440000000,3855.545,3855.545,3855.545,3855.545
1759440300000,3855.545,3855.545,3855.545,3855.545
1759440600000,3855.545,3855.545,3855.545,3855.545
1759440900000,3855.545,3855.545,3855.545,3855.545
1759441200000,3855.545,3855.545,3855.545,3855.545
1759441500000,3855.545,3855.545,3855.545,3855.545
1759441800000,3855.545,3855.545,3855.545,3855.545
1759442100000,3855.545,3855.545,3855.545,3855.545
1759442400000,3855.625,3858.115,3855.205,3856.845
1759442700000,3856.805,3858.205,3856.455,3856.925
1759443000000,3856.985,3856.985,3852.735,3852.985
1759443300000,3852.955,3853.485,3851.795,3853.245
1759443600000,3853.215,3854.835,3852.935,3853.245
1759443900000,3853.285,3855.458,3853.225,3854.185
1759444200000,3854.205,3855.745,3853.895,3854.185
1759444500000,3854.215,3856.845,3854.115,3856.845
1759444800000,3856.845,3857.515,3856.785,3857.215
1759445100000,3857.248,3858.159,3856.155,3856.875
1759445400000,3856.848,3857.485,3856.455,3856.595
1759445700000,3856.615,3857.148,3856.555,3856.705
1759446000000,3856.725,3858.075,3856.498,3857.748
1759446300000,3857.948,3858.248,3857.058,3857.115
1759446600000,3857.105,3857.975,3857.105,3857.385
1759446900000,3857.415,3857.725,3857.165,3857.435
1759447200000,3857.395,3857.548,3856.655,3857.548
1759447500000,3857.685,3858.515,3857.685,3858.105
1759447800000,3858.085,3859.985,3857.955,3859.685
1759448100000,3859.675,3862.625,3859.565,3860.905
1759448400000,3860.885,3861.915,3860.498,3861.765
1759448700000,3861.715,3863.455,3861.185,3862.655
1759449000000,3862.635,3863.298,3861.895,3862.135
1759449300000,3862.115,3862.375,3861.948,3862.145
1759449600000,3862.105,3862.515,3859.875,3860.035
1759449900000,3860.015,3860.598,3857.055,3859.755
1759450200000,3859.735,3861.705,3857.825,3861.115
1759450500000,3860.995,3862.005,3859.615,3860.215
1759450800000,3860.235,3860.285,3857.648,3858.475
1759451100000,3858.448,3859.445,3857.225,3858.345
1759451400000,3858.345,3858.835,3856.205,3856.785
1759451700000,3856.815,3858.845,3856.765,3858.355
1759452000000,3858.375,3858.695,3857.185,3858.195
1759452300000,3858.215,3858.905,3856.685,3856.685
1759452600000,3856.745,3857.665,3856.225,3857.055
1759452900000,3857.075,3857.535,3856.115,3856.598
1759453200000,3856.619,3859.005,3856.109,3858.995
1759453500000,3858.995,3862.435,3856.125,3858.065
1759453800000,3858.055,3858.355,3853.095,3856.425
1759454100000,3856.445,3857.235,3854.345,3855.325
1759454400000,3855.365,3855.415,3850.685,3851.715
1759454700000,3851.695,3852.235,3850.265,3851.425
1759455000000,3851.545,3852.745,3847.175,3849.125
1759455300000,3849.145,3854.515,3848.115,3853.885
1759455600000,3853.905,3856.125,3853.305,3855.975
1759455900000,3856.025,3858.575,3854.425,3858.575
1759456200000,3858.505,3859.625,3857.765,3859.625
1759456500000,3859.625,3859.625,3857.595,3858.195
1759456800000,3858.148,3858.785,3856.848,3857.848
1759457100000,3857.768,3857.768,3856.255,3857.155
1759457400000,3857.185,3857.498,3855.225,3855.765
1759457700000,3855.775,3857.598,3854.805,3856.635
1759458000000,3856.635,3856.955,3854.565,3854.825
1759458300000,3854.845,3855.995,3854.045,3854.835
1759458600000,3854.795,3855.105,3851.755,3852.035
1759458900000,3851.775,3852.285,3849.135,3849.955
1759459200000,3850.005,3851.615,3849.075,3849.335
1759459500000,3849.215,3852.155,3849.095,3850.845
1759459800000,3850.835,3850.998,3847.345,3849.765
1759460100000,3849.785,3850.445,3847.555,3847.848
1759460400000,3847.749,3850.575,3847.448,3850.405
1759460700000,3850.365,3850.785,3848.015,3850.125
1759461000000,3850.125,3850.125,3844.805,3847.395
1759461300000,3847.415,3848.615,3843.415,3844.245
1759461600000,3844.385,3844.405,3840.355,3841.375
1759461900000,3841.385,3842.925,3839.575,3839.705
1759462200000,3839.685,3841.215,3837.785,3838.445
1759462500000,3838.535,3841.075,3838.165,3838.805
1759462800000,3838.745,3842.155,3837.795,3840.535
1759463100000,3840.455,3843.605,3839.115,3841.135
1759463400000,3841.205,3841.295,3838.985,3839.485
1759463700000,3839.415,3842.645,3839.265,3842.575
1759464000000,3842.535,3844.505,3841.415,3844.505
1759464300000,3844.485,3844.995,3843.655,3844.095
1759464600000,3844.075,3845.635,3843.085,3845.175
1759464900000,3845.125,3845.345,3843.115,3844.035
1759465200000,3844.015,3845.795,3843.495,3845.555
1759465500000,3845.535,3848.055,3844.645,3844.645
1759465800000,3844.475,3844.805,3843.245,3844.005
1759466100000,3844.075,3845.715,3843.995,3845.205
1759466400000,3845.225,3845.275,3842.925,3845.055
1759466700000,3845.035,3845.105,3844.075,3844.355
1759467000000,3844.355,3845.085,3843.285,3843.875
1759467300000,3843.905,3844.635,3843.315,3843.785
1759467600000,3843.848,3846.435,3843.725,3846.285
1759467900000,3846.245,3848.055,3844.465,3844.495
1759468200000,3844.455,3850.645,3844.455,3850.575
1759468500000,3850.515,3854.198,3850.265,3853.595
1759468800000,3853.705,3855.185,3851.495,3853.375
1759469100000,3853.355,3854.475,3852.405,3853.995
1759469400000,3853.995,3857.668,3853.975,3856.755
1759469700000,3856.715,3857.385,3855.685,3857.065
1759470000000,3857.095,3857.095,3854.728,3855.348
1759470300000,3855.355,3856.275,3853.215,3856.175
1759470600000,3856.195,3858.965,3856.095,3856.125
1759470900000,3856.085,3856.085,3854.225,3854.885
1759471200000,3854.905,3855.195,3850.725,3852.255
1759471500000,3852.285,3858.485,3852.015,3858.035
1759471800000,3858.045,3859.175,3857.205,3858.965
1759472100000,3858.955,3860.035,3858.215,3859.845
1759472400000,3859.885,3860.105,3858.265,3859.115
1759472700000,3859.145,3860.495,3858.225,3860.495
1759473000000,3860.455,3860.705,3857.435,3857.905
1759473300000,3858.048,3860.695,3857.985,3860.515
1759473600000,3860.498,3860.498,3857.695,3857.905
1759473900000,3857.835,3859.085,3855.645,3856.795
1759474200000,3856.648,3858.525,3854.948,3858.095
1759474500000,3857.875,3859.035,3856.935,3858.925
1759474800000,3858.955,3860.725,3858.178,3858.295
1759475100000,3858.378,3860.275,3858.285,3858.655
1759475400000,3858.615,3859.785,3856.675,3858.555
1759475700000,3858.525,3860.515,3857.565,3859.725
1759476000000,3859.925,3862.775,3859.855,3862.248
1759476300000,3862.198,3862.745,3861.275,3862.585
1759476600000,3862.605,3862.855,3861.185,3861.905
1759476900000,3861.885,3863.248,3861.335,3863.248
1759477200000,3863.248,3864.918,3862.248,3864.275
1759477500000,3864.245,3864.245,3862.555,3862.755
1759477800000,3862.775,3863.825,3862.555,3863.585
1759478100000,3863.555,3865.095,3863.488,3864.105
1759478400000,3864.085,3864.555,3863.165,3863.695
1759478700000,3863.715,3865.535,3863.255,3863.295
1759479000000,3863.255,3863.565,3861.055,3861.565
1759479300000,3861.585,3862.555,3860.448,3861.948
1759479600000,3861.948,3862.648,3859.918,3861.625
1759479900000,3861.655,3863.295,3860.915,3862.615
1759480200000,3862.548,3863.075,3861.148,3861.995
1759480500000,3861.965,3863.545,3861.825,3862.575
1759480800000,3862.675,3862.755,3861.198,3862.725
1759481100000,3862.698,3862.955,3860.648,3860.958
1759481400000,3860.948,3862.675,3860.398,3862.675
1759481700000,3862.748,3865.125,3862.748,3864.558
1759482000000,3864.515,3864.615,3860.698,3861.115
1759482300000,3861.058,3861.685,3859.515,3860.975
1759482600000,3860.955,3861.425,3860.005,3860.565
1759482900000,3860.745,3860.855,3858.315,3859.265
1759483200000,3859.355,3859.425,3856.815,3858.425
1759483500000,3858.385,3859.135,3857.395,3859.115
1759483800000,3859.145,3860.465,3857.925,3860.045
1759484100000,3860.055,3860.495,3859.115,3859.905
1759484400000,3859.875,3860.665,3859.565,3859.698
1759484700000,3859.645,3860.298,3858.348,3859.348
1759485000000,3859.348,3862.675,3859.248,3862.425
1759485300000,3862.455,3864.635,3862.248,3864.105
1759485600000,3864.135,3865.185,3863.965,3864.475
1759485900000,3864.495,3865.555,3864.195,3864.995
1759486200000,3864.875,3865.475,3863.345,3865.265
1759486500000,3865.265,3866.035,3863.295,3864.425
1759486800000,3864.415,3864.415,3862.365,3862.495
1759487100000,3862.405,3863.675,3862.265,3863.225
1759487400000,3863.205,3863.575,3862.515,3862.815
1759487700000,3862.775,3865.145,3861.805,3864.985
1759488000000,3865.015,3867.278,3864.945,3865.255
1759488300000,3865.625,3865.848,3863.425,3864.095
1759488600000,3864.125,3867.525,3863.655,3866.315
1759488900000,3866.355,3867.285,3864.158,3865.605
1759489200000,3865.605,3866.978,3863.205,3863.885
1759489500000,3863.795,3865.445,3863.355,3864.455
1759489800000,3864.348,3865.225,3861.945,3862.185
1759490100000,3862.145,3862.205,3857.345,3860.945
1759490400000,3860.905,3861.405,3858.095,3859.115
1759490700000,3859.198,3861.605,3858.425,3858.545
1759491000000,3858.585,3859.398,3854.548,3857.095
1759491300000,3857.125,3860.175,3856.285,3859.785
1759491600000,3859.755,3861.005,3859.615,3859.815
1759491900000,3859.915,3862.565,3858.955,3862.215
1759492200000,3862.175,3864.265,3861.925,3863.955
1759492500000,3863.935,3864.355,3860.985,3861.885
1759492800000,3861.915,3864.085,3860.915,3863.245
1759493100000,3863.175,3864.035,3861.015,3861.405
1759493400000,3861.335,3864.105,3860.575,3864.075
1759493700000,3864.125,3864.935,3860.935,3861.055
1759494000000,3861.045,3863.475,3860.335,3863.305
1759494300000,3863.265,3863.895,3861.535,3863.005
1759494600000,3863.008,3868.945,3862.695,3867.415
1759494900000,3867.435,3868.358,3866.315,3867.385
1759495200000,3867.365,3870.475,3867.035,3870.435
1759495500000,3870.535,3871.348,3869.365,3870.495
1759495800000,3870.465,3871.245,3869.248,3870.495
1759496100000,3870.515,3874.875,3869.705,3873.678
1759496400000,3873.678,3875.735,3871.508,3871.945
1759496700000,3871.945,3875.725,3869.978,3875.085
1759497000000,3875.015,3877.655,3873.995,3877.055
1759497300000,3877.025,3879.885,3875.765,3879.325
1759497600000,3879.305,3884.325,3878.905,3882.275
1759497900000,3882.248,3883.715,3880.508,3880.848
1759498200000,3880.838,3884.545,3872.615,3884.285
1759498500000,3884.305,3885.285,3881.475,3883.395
1759498800000,3883.595,3887.275,3882.445,3886.438
1759499100000,3886.418,3890.455,3880.895,3883.295
1759499400000,3883.525,3886.185,3880.215,3884.015
1759499700000,3883.898,3884.485,3881.655,3881.935
1759500000000,3882.575,3885.565,3879.115,3879.548
1759500300000,3879.548,3881.845,3870.938,3875.515
1759500600000,3875.535,3879.155,3866.115,3867.015
1759500900000,3866.985,3875.885,3866.765,3874.195
1759501200000,3873.975,3876.755,3872.485,3875.275
1759501500000,3875.225,3879.775,3873.625,3878.855
1759501800000,3878.815,3879.915,3875.105,3876.398
1759502100000,3876.398,3877.935,3872.695,3874.265
1759502400000,3874.115,3875.845,3872.125,3874.665
1759502700000,3874.635,3880.305,3873.805,3880.248
1759503000000,3880.235,3881.068,3875.998,3876.648
1759503300000,3876.565,3879.875,3876.425,3879.455
1759503600000,3879.505,3881.498,3876.198,3878.685
1759503900000,3878.655,3881.748,3873.605,3876.425
1759504200000,3876.465,3880.458,3875.095,3880.035
1759504500000,3880.055,3880.965,3877.955,3879.465
1759504800000,3879.425,3886.375,3879.035,3885.825
1759505100000,3885.848,3888.785,3884.775,3887.395
1759505400000,3887.395,3888.148,3884.135,3885.425
1759505700000,3885.475,3888.695,3885.275,3886.795
1759506000000,3886.815,3887.548,3883.848,3886.475
1759506300000,3886.548,3887.285,3885.145,3886.748
1759506600000,3886.748,3890.095,3886.595,3889.015
1759506900000,3889.035,3891.475,3888.795,3889.275
1759507200000,3889.285,3889.535,3886.515,3888.065
1759507500000,3888.155,3888.865,3886.908,3887.205
1759507800000,3887.115,3887.675,3884.075,3886.215
1759508100000,3886.215,3886.265,3880.705,3880.715
1759508400000,3880.685,3883.875,3880.348,3883.785
1759508700000,3883.815,3883.865,3881.148,3882.548
1759509000000,3882.548,3883.015,3880.795,3880.925
1759509300000,3880.905,3883.275,3880.765,3881.648
1759509600000,3881.648,3883.948,3880.755,3882.005
1759509900000,3882.005,3883.465,3880.359,3883.465
1759510200000,3883.405,3884.425,3882.285,3883.085
1759510500000,3883.085,3883.875,3882.148,3883.348
1759510800000,3883.405,3883.595,3881.548,3881.648
1759511100000,3881.595,3883.248,3880.498,3883.148
1759511400000,3883.095,3884.525,3880.715,3883.365
1759511700000,3883.395,3885.355,3883.395,3884.565
1759512000000,3884.435,3885.695,3883.665,3885.025
1759512300000,3885.115,3885.785,3883.045,3883.405
1759512600000,3883.445,3884.998,3881.215,3883.675
1759512900000,3883.705,3885.505,3883.705,3884.405
1759513200000,3884.375,3884.525,3882.495,3884.445
1759513500000,3884.415,3885.005,3880.915,3881.465
1759513800000,3881.485,3881.815,3877.055,3877.905
1759514100000,3877.935,3882.145,3877.635,3881.615
1759514400000,3881.645,3883.125,3881.075,3881.248
1759514700000,3881.248,3882.498,3879.785,3881.225
1759515000000,3881.275,3884.798,3881.205,3882.245
1759515300000,3882.265,3883.205,3881.315,3882.375
1759515600000,3882.345,3884.825,3881.915,3884.575
1759515900000,3884.545,3884.885,3883.915,3884.145
1759516200000,3884.185,3887.265,3883.995,3886.845
1759516500000,3886.835,3889.035,3886.485,3888.198
1759516800000,3888.205,3888.598,3886.805,3888.098
1759517100000,3888.055,3888.798,3887.605,3887.955
1759517400000,3887.955,3888.345,3885.625,3886.405
1759517700000,3886.455,3886.995,3884.265,3885.835
1759518000000,3885.835,3886.845,3883.265,3886.605
1759518300000,3886.585,3887.515,3884.985,3886.385
1759518600000,3886.505,3887.945,3886.445,3887.385
1759518900000,3887.295,3888.395,3886.465,3886.475
1759519200000,3886.505,3887.175,3885.965,3886.175
1759519500000,3886.255,3886.965,3885.565,3886.565
1759519800000,3886.565,3888.035,3885.685,3887.555
1759520100000,3887.665,3888.755,3887.125,3887.815
1759520400000,3887.995,3888.105,3886.035,3886.515
1759520700000,3886.475,3887.855,3885.495,3887.475
1759521000000,3887.335,3889.015,3886.298,3886.875
1759521300000,3886.875,3887.248,3884.305,3885.555
1759521600000,3885.555,3886.985,3884.565,3886.635
1759521900000,3886.565,3886.795,3885.835,3886.445
1759522200000,3886.498,3886.498,3884.395,3884.798
1759522500000,3884.675,3884.925,3883.798,3884.448
1759522800000,3884.375,3884.725,3883.298,3883.498
1759523100000,3883.498,3884.098,3883.348,3884.098
1759523400000,3884.098,3884.098,3882.698,3883.848
1759523700000,3883.848,3884.345,3883.148,3883.848
1759524000000,3883.848,3884.835,3883.648,3884.735
1759524300000,3884.735,3885.845,3884.115,3885.775
1759524600000,3885.735,3886.775,3885.175,3886.445
1759524900000,3886.445,3886.935,3885.898,3886.825
1759622400000,3886.398,3886.398,3886.398,3886.398
1759622700000,3886.398,3886.398,3886.398,3886.398
1759623000000,3886.398,3886.398,3886.398,3886.398
1759623300000,3886.398,3886.398,3886.398,3886.398
1759623600000,3886.398,3886.398,3886.398,3886.398
1759623900000,3886.398,3886.398,3886.398,3886.398
1759624200000,3886.398,3886.398,3886.398,3886.398
1759624500000,3886.398,3886.398,3886.398,3886.398
1759624800000,3886.398,3886.398,3886.398,3886.398
1759625100000,3886.398,3886.398,3886.398,3886.398
1759625400000,3886.398,3886.398,3886.398,3886.398
1759625700000,3886.398,3886.398,3886.398,3886.398
1759626000000,3886.398,3886.398,3886.398,3886.398
1759626300000,3886.398,3886.398,3886.398,3886.398
1759626600000,3886.398,3886.398,3886.398,3886.398
1759626900000,3886.398,3886.398,3886.398,3886.398
1759627200000,3886.398,3886.398,3886.398,3886.398
1759627500000,3886.398,3886.398,3886.398,3886.398
1759627800000,3886.398,3886.398,3886.398,3886.398
1759628100000,3886.398,3886.398,3886.398,3886.398
1759628400000,3886.398,3886.398,3886.398,3886.398
1759628700000,3886.398,3886.398,3886.398,3886.398
1759629000000,3886.398,3886.398,3886.398,3886.398
1759629300000,3886.398,3886.398,3886.398,3886.398
1759629600000,3886.398,3886.398,3886.398,3886.398
1759629900000,3886.398,3886.398,3886.398,3886.398
1759630200000,3886.398,3886.398,3886.398,3886.398
1759630500000,3886.398,3886.398,3886.398,3886.398
1759630800000,3886.398,3886.398,3886.398,3886.398
1759631100000,3886.398,3886.398,3886.398,3886.398
1759631400000,3886.398,3886.398,3886.398,3886.398
1759631700000,3886.398,3886.398,3886.398,3886.398
1759632000000,3886.398,3886.398,3886.398,3886.398
1759632300000,3886.398,3886.398,3886.398,3886.398
1759632600000,3886.398,3886.398,3886.398,3886.398
1759632900000,3886.398,3886.398,3886.398,3886.398
1759633200000,3886.398,3886.398,3886.398,3886.398
1759633500000,3886.398,3886.398,3886.398,3886.398
1759633800000,3886.398,3886.398,3886.398,3886.398
1759634100000,3886.398,3886.398,3886.398,3886.398
1759634400000,3886.398,3886.398,3886.398,3886.398
1759634700000,3886.398,3886.398,3886.398,3886.398
1759635000000,3886.398,3886.398,3886.398,3886.398
1759635300000,3886.398,3886.398,3886.398,3886.398
1759635600000,3886.398,3886.398,3886.398,3886.398
1759635900000,3886.398,3886.398,3886.398,3886.398
1759636200000,3886.398,3886.398,3886.398,3886.398
1759636500000,3886.398,3886.398,3886.398,3886.398
1759636800000,3886.398,3886.398,3886.398,3886.398
1759637100000,3886.398,3886.398,3886.398,3886.398
1759637400000,3886.398,3886.398,3886.398,3886.398
1759637700000,3886.398,3886.398,3886.398,3886.398
1759638000000,3886.398,3886.398,3886.398,3886.398
1759638300000,3886.398,3886.398,3886.398,3886.398
1759638600000,3886.398,3886.398,3886.398,3886.398
1759638900000,3886.398,3886.398,3886.398,3886.398
1759639200000,3886.398,3886.398,3886.398,3886.398
1759639500000,3886.398,3886.398,3886.398,3886.398
1759639800000,3886.398,3886.398,3886.398,3886.398
1759640100000,3886.398,3886.398,3886.398,3886.398
1759640400000,3886.398,3886.398,3886.398,3886.398
1759640700000,3886.398,3886.398,3886.398,3886.398
1759641000000,3886.398,3886.398,3886.398,3886.398
1759641300000,3886.398,3886.398,3886.398,3886.398
1759641600000,3886.398,3886.398,3886.398,3886.398
1759641900000,3886.398,3886.398,3886.398,3886.398
1759642200000,3886.398,3886.398,3886.398,3886.398
1759642500000,3886.398,3886.398,3886.398,3886.398
1759642800000,3886.398,3886.398,3886.398,3886.398
1759643100000,3886.398,3886.398,3886.398,3886.398
1759643400000,3886.398,3886.398,3886.398,3886.398
1759643700000,3886.398,3886.398,3886.398,3886.398
1759644000000,3886.398,3886.398,3886.398,3886.398
1759644300000,3886.398,3886.398,3886.398,3886.398
1759644600000,3886.398,3886.398,3886.398,3886.398
1759644900000,3886.398,3886.398,3886.398,3886.398
1759645200000,3886.398,3886.398,3886.398,3886.398
1759645500000,3886.398,3886.398,3886.398,3886.398
1759645800000,3886.398,3886.398,3886.398,3886.398
1759646100000,3886.398,3886.398,3886.398,3886.398
1759646400000,3886.398,3886.398,3886.398,3886.398
1759646700000,3886.398,3886.398,3886.398,3886.398
1759647000000,3886.398,3886.398,3886.398,3886.398
1759647300000,3886.398,3886.398,3886.398,3886.398
1759647600000,3886.398,3886.398,3886.398,3886.398
1759647900000,3886.398,3886.398,3886.398,3886.398
1759648200000,3886.398,3886.398,3886.398,3886.398
1759648500000,3886.398,3886.398,3886.398,3886.398
1759648800000,3886.398,3886.398,3886.398,3886.398
1759649100000,3886.398,3886.398,3886.398,3886.398
1759649400000,3886.398,3886.398,3886.398,3886.398
1759649700000,3886.398,3886.398,3886.398,3886.398
1759650000000,3886.398,3886.398,3886.398,3886.398
1759650300000,3886.398,3886.398,3886.398,3886.398
1759650600000,3886.398,3886.398,3886.398,3886.398
1759650900000,3886.398,3886.398,3886.398,3886.398
1759651200000,3886.398,3886.398,3886.398,3886.398
1759651500000,3886.398,3886.398,3886.398,3886.398
1759651800000,3886.398,3886.398,3886.398,3886.398
1759652100000,3886.398,3886.398,3886.398,3886.398
1759652400000,3886.398,3886.398,3886.398,3886.398
1759652700000,3886.398,3886.398,3886.398,3886.398
1759653000000,3886.398,3886.398,3886.398,3886.398
1759653300000,3886.398,3886.398,3886.398,3886.398
1759653600000,3886.398,3886.398,3886.398,3886.398
1759653900000,3886.398,3886.398,3886.398,3886.398
1759654200000,3886.398,3886.398,3886.398,3886.398
1759654500000,3886.398,3886.398,3886.398,3886.398
1759654800000,3886.398,3886.398,3886.398,3886.398
1759655100000,3886.398,3886.398,3886.398,3886.398
1759655400000,3886.398,3886.398,3886.398,3886.398
1759655700000,3886.398,3886.398,3886.398,3886.398
1759656000000,3886.398,3886.398,3886.398,3886.398
1759656300000,3886.398,3886.398,3886.398,3886.398
1759656600000,3886.398,3886.398,3886.398,3886.398
1759656900000,3886.398,3886.398,3886.398,3886.398
1759657200000,3886.398,3886.398,3886.398,3886.398
1759657500000,3886.398,3886.398,3886.398,3886.398
1759657800000,3886.398,3886.398,3886.398,3886.398
1759658100000,3886.398,3886.398,3886.398,3886.398
1759658400000,3886.398,3886.398,3886.398,3886.398
1759658700000,3886.398,3886.398,3886.398,3886.398
1759659000000,3886.398,3886.398,3886.398,3886.398
1759659300000,3886.398,3886.398,3886.398,3886.398
1759659600000,3886.398,3886.398,3886.398,3886.398
1759659900000,3886.398,3886.398,3886.398,3886.398
1759660200000,3886.398,3886.398,3886.398,3886.398
1759660500000,3886.398,3886.398,3886.398,3886.398
1759660800000,3886.398,3886.398,3886.398,3886.398
1759661100000,3886.398,3886.398,3886.398,3886.398
1759661400000,3886.398,3886.398,3886.398,3886.398
1759661700000,3886.398,3886.398,3886.398,3886.398
1759662000000,3886.398,3886.398,3886.398,3886.398
1759662300000,3886.398,3886.398,3886.398,3886.398
1759662600000,3886.398,3886.398,3886.398,3886.398
1759662900000,3886.398,3886.398,3886.398,3886.398
1759663200000,3886.398,3886.398,3886.398,3886.398
1759663500000,3886.398,3886.398,3886.398,3886.398
1759663800000,3886.398,3886.398,3886.398,3886.398
1759664100000,3886.398,3886.398,3886.398,3886.398
1759664400000,3886.398,3886.398,3886.398,3886.398
1759664700000,3886.398,3886.398,3886.398,3886.398
1759665000000,3886.398,3886.398,3886.398,3886.398
1759665300000,3886.398,3886.398,3886.398,3886.398
1759665600000,3886.398,3886.398,3886.398,3886.398
1759665900000,3886.398,3886.398,3886.398,3886.398
1759666200000,3886.398,3886.398,3886.398,3886.398
1759666500000,3886.398,3886.398,3886.398,3886.398
1759666800000,3886.398,3886.398,3886.398,3886.398
1759667100000,3886.398,3886.398,3886.398,3886.398
1759667400000,3886.398,3886.398,3886.398,3886.398
1759667700000,3886.398,3886.398,3886.398,3886.398
1759668000000,3886.398,3886.398,3886.398,3886.398
1759668300000,3886.398,3886.398,3886.398,3886.398
1759668600000,3886.398,3886.398,3886.398,3886.398
1759668900000,3886.398,3886.398,3886.398,3886.398
1759669200000,3886.398,3886.398,3886.398,3886.398
1759669500000,3886.398,3886.398,3886.398,3886.398
1759669800000,3886.398,3886.398,3886.398,3886.398
1759670100000,3886.398,3886.398,3886.398,3886.398
1759670400000,3886.398,3886.398,3886.398,3886.398
1759670700000,3886.398,3886.398,3886.398,3886.398
1759671000000,3886.398,3886.398,3886.398,3886.398
1759671300000,3886.398,3886.398,3886.398,3886.398
1759671600000,3886.398,3886.398,3886.398,3886.398
1759671900000,3886.398,3886.398,3886.398,3886.398
1759672200000,3886.398,3886.398,3886.398,3886.398
1759672500000,3886.398,3886.398,3886.398,3886.398
1759672800000,3886.398,3886.398,3886.398,3886.398
1759673100000,3886.398,3886.398,3886.398,3886.398
1759673400000,3886.398,3886.398,3886.398,3886.398
1759673700000,3886.398,3886.398,3886.398,3886.398
1759674000000,3886.398,3886.398,3886.398,3886.398
1759674300000,3886.398,3886.398,3886.398,3886.398
1759674600000,3886.398,3886.398,3886.398,3886.398
1759674900000,3886.398,3886.398,3886.398,3886.398
1759675200000,3886.398,3886.398,3886.398,3886.398
1759675500000,3886.398,3886.398,3886.398,3886.398
1759675800000,3886.398,3886.398,3886.398,3886.398
1759676100000,3886.398,3886.398,3886.398,3886.398
1759676400000,3886.398,3886.398,3886.398,3886.398
1759676700000,3886.398,3886.398,3886.398,3886.398
1759677000000,3886.398,3886.398,3886.398,3886.398
1759677300000,3886.398,3886.398,3886.398,3886.398
1759677600000,3886.398,3886.398,3886.398,3886.398
1759677900000,3886.398,3886.398,3886.398,3886.398
1759678200000,3886.398,3886.398,3886.398,3886.398
1759678500000,3886.398,3886.398,3886.398,3886.398
1759678800000,3886.398,3886.398,3886.398,3886.398
1759679100000,3886.398,3886.398,3886.398,3886.398
1759679400000,3886.398,3886.398,3886.398,3886.398
1759679700000,3886.398,3886.398,3886.398,3886.398
1759680000000,3886.398,3886.398,3886.398,3886.398
1759680300000,3886.398,3886.398,3886.398,3886.398
1759680600000,3886.398,3886.398,3886.398,3886.398
1759680900000,3886.398,3886.398,3886.398,3886.398
1759681200000,3886.398,3886.398,3886.398,3886.398
1759681500000,3886.398,3886.398,3886.398,3886.398
1759681800000,3886.398,3886.398,3886.398,3886.398
1759682100000,3886.398,3886.398,3886.398,3886.398
1759682400000,3886.398,3886.398,3886.398,3886.398
1759682700000,3886.398,3886.398,3886.398,3886.398
1759683000000,3886.398,3886.398,3886.398,3886.398
1759683300000,3886.398,3886.398,3886.398,3886.398
1759683600000,3886.398,3886.398,3886.398,3886.398
1759683900000,3886.398,3886.398,3886.398,3886.398
1759684200000,3886.398,3886.398,3886.398,3886.398
1759684500000,3886.398,3886.398,3886.398,3886.398
1759684800000,3886.398,3886.398,3886.398,3886.398
1759685100000,3886.398,3886.398,3886.398,3886.398
1759685400000,3886.398,3886.398,3886.398,3886.398
1759685700000,3886.398,3886.398,3886.398,3886.398
1759686000000,3886.398,3886.398,3886.398,3886.398
1759686300000,3886.398,3886.398,3886.398,3886.398
1759686600000,3886.398,3886.398,3886.398,3886.398
1759686900000,3886.398,3886.398,3886.398,3886.398
1759687200000,3886.398,3886.398,3886.398,3886.398
1759687500000,3886.398,3886.398,3886.398,3886.398
1759687800000,3886.398,3886.398,3886.398,3886.398
1759688100000,3886.398,3886.398,3886.398,3886.398
1759688400000,3886.398,3886.398,3886.398,3886.398
1759688700000,3886.398,3886.398,3886.398,3886.398
1759689000000,3886.398,3886.398,3886.398,3886.398
1759689300000,3886.398,3886.398,3886.398,3886.398
1759689600000,3886.398,3886.398,3886.398,3886.398
1759689900000,3886.398,3886.398,3886.398,3886.398
1759690200000,3886.398,3886.398,3886.398,3886.398
1759690500000,3886.398,3886.398,3886.398,3886.398
1759690800000,3886.398,3886.398,3886.398,3886.398
1759691100000,3886.398,3886.398,3886.398,3886.398
1759691400000,3886.398,3886.398,3886.398,3886.398
1759691700000,3886.398,3886.398,3886.398,3886.398
1759692000000,3886.398,3886.398,3886.398,3886.398
1759692300000,3886.398,3886.398,3886.398,3886.398
1759692600000,3886.398,3886.398,3886.398,3886.398
1759692900000,3886.398,3886.398,3886.398,3886.398
1759693200000,3886.398,3886.398,3886.398,3886.398
1759693500000,3886.398,3886.398,3886.398,3886.398
1759693800000,3886.398,3886.398,3886.398,3886.398
1759694100000,3886.398,3886.398,3886.398,3886.398
1759694400000,3886.398,3886.398,3886.398,3886.398
1759694700000,3886.398,3886.398,3886.398,3886.398
1759695000000,3886.398,3886.398,3886.398,3886.398
1759695300000,3886.398,3886.398,3886.398,3886.398
1759695600000,3886.398,3886.398,3886.398,3886.398
1759695900000,3886.398,3886.398,3886.398,3886.398
1759696200000,3886.398,3886.398,3886.398,3886.398
1759696500000,3886.398,3886.398,3886.398,3886.398
1759696800000,3886.398,3886.398,3886.398,3886.398
1759697100000,3886.398,3886.398,3886.398,3886.398
1759697400000,3886.398,3886.398,3886.398,3886.398
1759697700000,3886.398,3886.398,3886.398,3886.398
1759698000000,3886.398,3886.398,3886.398,3886.398
1759698300000,3886.398,3886.398,3886.398,3886.398
1759698600000,3886.398,3886.398,3886.398,3886.398
1759698900000,3886.398,3886.398,3886.398,3886.398
1759699200000,3886.398,3886.398,3886.398,3886.398
1759699500000,3886.398,3886.398,3886.398,3886.398
1759699800000,3886.398,3886.398,3886.398,3886.398
1759700100000,3886.398,3886.398,3886.398,3886.398
1759700400000,3886.398,3886.398,3886.398,3886.398
1759700700000,3886.398,3886.398,3886.398,3886.398
1759701000000,3886.398,3886.398,3886.398,3886.398
1759701300000,3886.398,3886.398,3886.398,3886.398
1759701600000,3887.955,3891.198,3885.248,3887.448
1759701900000,3887.265,3888.905,3885.195,3885.495
1759702200000,3885.745,3890.328,3883.248,3889.805
1759702500000,3889.818,3893.158,3888.948,3888.985
1759702800000,3888.985,3892.465,3887.925,3891.645
1759703100000,3891.615,3893.685,3891.525,3893.495
1759703400000,3893.475,3893.475,3889.805,3892.935
1759703700000,3892.935,3893.635,3891.765,3893.105
1759704000000,3893.135,3894.265,3892.975,3893.585
1759704300000,3893.585,3894.825,3892.575,3893.845
1759704600000,3893.885,3895.718,3893.565,3893.685
1759704900000,3893.665,3903.148,3892.715,3899.228
1759705200000,3899.228,3918.465,3897.535,3917.675
1759705500000,3917.675,3920.485,3907.115,3911.948
1759705800000,3911.948,3912.555,3907.315,3909.498
1759706100000,3908.998,3911.648,3906.848,3908.615
1759706400000,3908.498,3910.375,3907.605,3909.265
1759706700000,3909.245,3912.098,3907.665,3910.248
1759707000000,3910.248,3911.448,3907.525,3910.275
1759707300000,3910.265,3910.668,3907.598,3910.668
1759707600000,3910.668,3910.858,3907.755,3910.468
1759707900000,3910.468,3911.348,3909.035,3909.495
1759708200000,3909.495,3911.098,3907.565,3908.715
1759708500000,3908.705,3910.215,3907.765,3909.355
1759708800000,3909.425,3909.795,3904.065,3904.755
1759709100000,3904.865,3906.748,3902.225,3906.598
1759709400000,3906.598,3906.848,3899.948,3904.145
1759709700000,3904.125,3906.098,3903.348,3904.548
1759710000000,3904.548,3905.998,3898.658,3899.708
1759710300000,3899.648,3902.355,3898.698,3902.115
1759710600000,3902.135,3904.705,3900.385,3904.705
1759710900000,3904.655,3905.485,3901.005,3901.698
1759711200000,3901.655,3905.848,3901.485,3904.598
1759711500000,3904.598,3906.398,3901.945,3901.948
1759711800000,3901.818,3903.275,3900.148,3900.148
1759712100000,3900.275,3901.368,3899.695,3900.148
1759712400000,3900.285,3901.845,3899.475,3901.085
1759712700000,3901.105,3906.395,3900.885,3905.325
1759713000000,3905.285,3908.215,3904.675,3905.885
1759713300000,3905.895,3907.385,3903.555,3904.055
1759713600000,3904.015,3904.085,3901.035,3903.495
1759713900000,3903.485,3906.215,3902.855,3902.875
1759714200000,3902.875,3906.345,3902.235,3906.065
1759714500000,3906.135,3907.855,3905.675,3907.145
1759714800000,3907.175,3910.935,3906.695,3910.015
1759715100000,3910.035,3912.625,3908.885,3912.025
1759715400000,3912.175,3916.225,3911.115,3916.055
1759715700000,3916.045,3918.115,3915.055,3917.845
1759716000000,3917.875,3924.545,3917.445,3921.765
1759716300000,3921.765,3924.205,3921.105,3923.885
1759716600000,3923.915,3924.115,3919.115,3923.575
1759716900000,3923.635,3923.635,3921.055,3921.825
1759717200000,3921.798,3922.665,3920.098,3920.348
1759717500000,3920.248,3921.998,3920.148,3921.655
1759717800000,3921.625,3922.248,3919.295,3919.835
1759718100000,3919.755,3920.865,3918.518,3920.685
1759718400000,3920.665,3923.095,3920.295,3922.735
1759718700000,3922.885,3923.005,3920.225,3921.785
1759719000000,3921.765,3921.995,3920.065,3921.105
1759719300000,3921.135,3922.175,3919.315,3920.765
1759719600000,3920.715,3923.285,3919.705,3923.125
1759719900000,3923.155,3923.465,3921.955,3923.465
1759720200000,3923.465,3926.248,3920.978,3921.595
1759720500000,3921.595,3924.748,3921.148,3924.398
1759720800000,3924.425,3924.498,3920.655,3921.598
1759721100000,3921.555,3922.255,3920.068,3921.655
1759721400000,3921.685,3923.895,3921.275,3922.925
1759721700000,3922.895,3925.455,3922.895,3925.348
1759722000000,3925.355,3929.015,3925.085,3928.305
1759722300000,3928.325,3931.135,3928.125,3930.245
1759722600000,3930.275,3931.805,3927.895,3928.098
1759722900000,3928.198,3930.805,3928.098,3929.375
1759723200000,3929.375,3931.535,3928.955,3930.875
1759723500000,3930.875,3933.115,3929.665,3929.845
1759723800000,3929.825,3930.655,3928.635,3929.245
1759724100000,3929.225,3930.355,3928.615,3929.275
1759724400000,3929.125,3932.185,3929.125,3931.525
1759724700000,3931.515,3934.275,3930.875,3933.535
1759725000000,3933.475,3935.475,3932.155,3934.775
1759725300000,3934.755,3936.115,3932.935,3936.085
1759725600000,3936.065,3939.755,3935.325,3939.735
1759725900000,3939.705,3940.225,3934.848,3935.405
1759726200000,3935.325,3939.005,3935.125,3937.725
1759726500000,3937.695,3939.298,3937.298,3938.505
1759726800000,3938.485,3940.415,3935.515,3939.315
1759727100000,3939.305,3944.585,3938.948,3944.255
1759727400000,3944.285,3944.955,3939.748,3939.748
1759727700000,3939.748,3940.265,3932.758,3932.848
1759728000000,3932.885,3937.348,3932.848,3934.535
1759728300000,3934.498,3937.625,3933.675,3936.678
1759728600000,3936.698,3936.868,3929.498,3929.598
1759728900000,3929.219,3932.948,3928.665,3931.305
1759729200000,3931.325,3931.865,3927.065,3930.155
1759729500000,3930.125,3932.945,3929.735,3932.645
1759729800000,3932.535,3932.908,3929.748,3929.835
1759730100000,3929.845,3932.945,3928.175,3932.255
1759730400000,3932.205,3932.485,3927.488,3927.688
1759730700000,3927.798,3929.065,3922.235,3925.455
1759731000000,3925.455,3927.005,3923.865,3925.605
1759731300000,3925.605,3927.645,3924.198,3927.245
1759731600000,3927.455,3928.055,3924.528,3927.075
1759731900000,3927.075,3929.675,3924.748,3928.165
1759732200000,3928.165,3928.175,3924.795,3924.955
1759732500000,3925.048,3927.305,3924.875,3926.705
1759732800000,3926.675,3928.075,3925.195,3926.935
1759733100000,3926.935,3933.465,3926.915,3932.735
1759733400000,3932.745,3934.188,3930.565,3931.955
1759733700000,3931.895,3934.655,3930.915,3934.175
1759734000000,3934.155,3934.885,3932.455,3934.055
1759734300000,3934.025,3936.065,3933.825,3934.575
1759734600000,3934.615,3935.605,3933.005,3934.635
1759734900000,3934.655,3936.225,3933.245,3935.305
1759735200000,3935.325,3935.325,3929.005,3929.835
1759735500000,3929.805,3932.755,3929.805,3932.255
1759735800000,3932.295,3933.685,3930.955,3933.105
1759736100000,3933.125,3936.225,3932.205,3936.065
1759736400000,3936.065,3936.285,3931.365,3932.745
1759736700000,3932.795,3940.175,3932.085,3940.048
1759737000000,3940.048,3941.665,3938.805,3940.415
1759737300000,3940.395,3943.765,3938.935,3941.325
1759737600000,3941.405,3945.835,3941.375,3945.225
1759737900000,3945.105,3949.305,3944.415,3947.355
1759738200000,3947.355,3948.515,3945.705,3946.955
1759738500000,3946.948,3948.065,3945.955,3946.958
1759738800000,3946.945,3948.998,3943.935,3945.905
1759739100000,3945.905,3946.135,3939.785,3943.445
1759739400000,3943.348,3943.648,3937.648,3938.228
1759739700000,3938.205,3939.888,3935.105,3935.385
1759740000000,3935.395,3938.465,3935.385,3938.155
1759740300000,3938.065,3940.315,3937.655,3940.298
1759740600000,3940.298,3946.995,3940.045,3945.015
1759740900000,3945.015,3945.555,3942.025,3942.215
1759741200000,3942.235,3944.705,3941.245,3942.455
1759741500000,3942.485,3943.735,3942.305,3942.745
1759741800000,3942.785,3944.015,3941.945,3942.545
1759742100000,3942.545,3943.505,3941.178,3942.005
1759742400000,3942.045,3942.765,3939.755,3939.765
1759742700000,3939.715,3943.935,3938.768,3943.475
1759743000000,3943.525,3944.185,3940.855,3942.455
1759743300000,3942.415,3942.795,3940.905,3940.965
1759743600000,3940.995,3941.095,3937.585,3938.445
1759743900000,3938.535,3941.385,3936.335,3941.255
1759744200000,3941.335,3941.645,3939.748,3940.948
1759744500000,3940.955,3942.255,3940.135,3942.125
1759744800000,3942.155,3942.515,3939.935,3940.045
1759745100000,3940.095,3941.025,3932.505,3936.635
1759745400000,3936.595,3940.275,3936.325,3938.415
1759745700000,3938.355,3940.695,3936.995,3939.905
1759746000000,3939.995,3941.498,3939.295,3939.748
1759746300000,3939.748,3940.415,3938.215,3939.655
1759746600000,3939.675,3941.835,3939.065,3941.155
1759746900000,3941.165,3945.148,3941.155,3943.255
1759747200000,3943.275,3946.395,3942.678,3946.355
1759747500000,3946.315,3946.435,3942.068,3942.285
1759747800000,3942.248,3944.048,3941.848,3943.448
1759748100000,3943.448,3943.748,3941.618,3941.948
1759748400000,3941.948,3942.498,3939.155,3940.295
1759748700000,3940.315,3941.975,3937.625,3937.975
1759749000000,3937.678,3938.135,3934.558,3936.575
1759749300000,3936.535,3937.355,3933.805,3934.495
1759749600000,3934.465,3936.145,3933.495,3935.835
1759749900000,3935.895,3938.348,3933.435,3938.348
1759750200000,3938.215,3939.225,3936.055,3938.715
1759750500000,3938.515,3940.055,3934.825,3935.605
1759750800000,3935.635,3937.225,3934.185,3935.905
1759751100000,3935.925,3937.155,3934.105,3935.985
1759751400000,3935.945,3936.585,3930.875,3935.455
1759751700000,3935.425,3939.345,3935.355,3938.005
1759752000000,3937.985,3938.425,3933.375,3935.295
1759752300000,3935.105,3939.305,3933.855,3938.605
1759752600000,3938.635,3940.895,3937.185,3939.798
1759752900000,3939.758,3941.145,3939.025,3940.325
1759753200000,3940.135,3940.265,3930.645,3933.355
1759753500000,3933.185,3934.988,3928.735,3931.045
1759753800000,3931.175,3932.245,3927.525,3928.565
1759754100000,3928.555,3931.395,3926.445,3929.565
1759754400000,3929.535,3931.475,3928.305,3931.335
1759754700000,3931.285,3934.235,3930.848,3934.105
1759755000000,3934.065,3937.265,3933.548,3936.305
1759755300000,3936.265,3938.505,3932.535,3933.995
1759755600000,3934.075,3936.725,3933.955,3934.715
1759755900000,3934.745,3935.275,3930.615,3935.275
1759756200000,3935.255,3935.975,3932.035,3934.145
1759756500000,3934.035,3936.625,3931.898,3935.205
1759756800000,3935.225,3936.925,3933.635,3934.965
1759757100000,3935.005,3935.965,3931.715,3933.048
1759757400000,3933.605,3934.258,3927.505,3928.115
1759757700000,3928.075,3939.148,3927.025,3938.085
1759758000000,3937.915,3944.928,3937.625,3944.645
1759758300000,3944.585,3946.505,3940.485,3943.065
1759758600000,3943.115,3946.915,3942.735,3943.395
1759758900000,3943.435,3945.825,3941.975,3944.505
1759759200000,3944.505,3949.815,3941.895,3945.415
1759759500000,3945.445,3948.255,3940.115,3948.205
1759759800000,3948.148,3950.195,3947.385,3948.335
1759760100000,3948.345,3949.995,3946.645,3948.615
1759760400000,3948.615,3949.725,3944.535,3946.575
1759760700000,3946.565,3949.465,3944.415,3947.895
1759761000000,3947.895,3955.175,3946.635,3954.548
1759761300000,3954.548,3956.515,3951.135,3954.635
1759761600000,3954.665,3958.415,3953.555,3957.535
1759761900000,3957.485,3958.655,3954.255,3955.045
1759762200000,3954.965,3957.265,3953.505,3957.245
1759762500000,3957.248,3958.428,3954.195,3954.775
1759762800000,3954.735,3956.585,3951.515,3955.385
1759763100000,3955.435,3957.715,3950.875,3951.075
1759763400000,3951.075,3954.865,3949.575,3954.795
1759763700000,3954.835,3957.545,3951.755,3951.855
1759764000000,3951.875,3952.935,3948.335,3949.615
1759764300000,3949.575,3950.505,3948.268,3949.748
1759764600000,3949.808,3952.338,3947.908,3952.338
1759764900000,3952.338,3954.025,3951.145,3953.795
1759765200000,3953.795,3957.885,3953.495,3956.785
1759765500000,3956.835,3958.005,3954.525,3955.865
1759765800000,3955.915,3959.325,3955.335,3959.215
1759766100000,3959.235,3963.955,3958.925,3962.275
1759766400000,3962.285,3963.985,3961.335,3962.565
1759766700000,3962.545,3969.925,3961.715,3964.545
1759767000000,3964.885,3965.105,3946.875,3947.615
1759767300000,3947.665,3951.575,3945.648,3950.885
1759767600000,3950.855,3954.585,3950.258,3952.798
1759767900000,3952.798,3953.298,3950.335,3952.285
1759768200000,3952.475,3953.865,3950.755,3951.485
1759768500000,3951.555,3955.175,3951.325,3954.775
1759768800000,3954.895,3954.895,3950.768,3952.045
1759769100000,3952.015,3954.955,3951.045,3953.305
1759769400000,3953.355,3953.965,3950.588,3952.698
1759769700000,3952.698,3954.048,3951.798,3953.835
1759770000000,3954.015,3956.085,3953.995,3955.448
1759770300000,3955.448,3958.755,3955.078,3957.965
1759770600000,3957.945,3958.535,3956.145,3956.758
1759770900000,3956.758,3957.748,3954.758,3956.548
1759771200000,3956.548,3956.548,3953.598,3954.905
1759771500000,3954.958,3955.128,3951.495,3951.735
1759771800000,3951.715,3954.135,3951.025,3951.148
1759772100000,3951.138,3954.575,3950.848,3953.785
1759772400000,3953.805,3956.145,3953.735,3955.095
1759772700000,3955.035,3955.748,3953.035,3955.648
1759773000000,3955.748,3956.648,3955.285,3955.945
1759773300000,3955.965,3957.985,3955.695,3957.745
1759773600000,3957.785,3959.615,3957.785,3959.465
1759773900000,3959.445,3959.495,3956.965,3956.965
1759774200000,3956.995,3957.745,3955.675,3957.285
1759774500000,3957.315,3958.845,3957.145,3957.565
1759774800000,3957.645,3958.105,3957.145,3957.865
1759775100000,3957.885,3958.405,3957.485,3957.685
1759775400000,3957.685,3957.798,3956.695,3957.295
1759775700000,3957.198,3957.605,3955.915,3956.298
1759776000000,3956.305,3957.548,3955.798,3957.348
1759776300000,3957.448,3959.925,3957.148,3959.755
1759776600000,3959.765,3960.335,3956.748,3957.548
1759776900000,3957.498,3958.285,3956.885,3958.225
1759777200000,3958.175,3961.645,3958.075,3961.215
1759777500000,3961.235,3963.485,3961.095,3962.825
1759777800000,3962.845,3964.845,3961.485,3962.085
1759778100000,3962.115,3962.725,3960.685,3960.795
1759778400000,3960.775,3962.015,3960.685,3961.195
1759778700000,3961.215,3963.975,3961.155,3963.755
1759779000000,3963.875,3964.485,3962.945,3963.005
1759779300000,3963.015,3963.715,3961.255,3963.055
1759779600000,3963.085,3963.775,3962.045,3962.295
1759779900000,3962.289,3962.819,3960.995,3962.295
1759780200000,3962.315,3963.825,3961.915,3962.215
1759780500000,3962.145,3962.485,3958.205,3959.245
1759780800000,3959.225,3960.705,3958.355,3960.275
1759781100000,3960.305,3961.175,3959.435,3959.515
1759781400000,3959.515,3960.148,3958.715,3959.885
1759781700000,3959.845,3960.198,3958.698,3959.898
1759782000000,3959.998,3961.198,3959.615,3960.235
1759782300000,3960.235,3960.715,3959.355,3959.395
1759782600000,3959.355,3959.505,3957.125,3958.215
1759782900000,3958.185,3958.195,3957.015,3957.898
1759783200000,3957.898,3959.098,3957.245,3958.415
1759783500000,3958.435,3960.375,3957.945,3960.335
1759783800000,3960.375,3962.195,3959.205,3960.998
1759784100000,3960.945,3961.198,3959.015,3959.015
1759784400000,3959.015,3959.015,3959.015,3959.015
1759784700000,3959.015,3959.015,3959.015,3959.015
1759785000000,3959.015,3959.015,3959.015,3959.015
1759785300000,3959.015,3959.015,3959.015,3959.015
1759785600000,3959.015,3959.015,3959.015,3959.015
1759785900000,3959.015,3959.015,3959.015,3959.015
1759786200000,3959.015,3959.015,3959.015,3959.015
1759786500000,3959.015,3959.015,3959.015,3959.015
1759786800000,3959.015,3959.015,3959.015,3959.015
1759787100000,3959.015,3959.015,3959.015,3959.015
1759787400000,3959.015,3959.015,3959.015,3959.015
1759787700000,3959.015,3959.015,3959.015,3959.015
1759788000000,3958.705,3960.848,3958.125,3960.248
1759788300000,3960.348,3965.848,3960.215,3964.648
1759788600000,3964.648,3971.955,3964.298,3970.935
1759788900000,3970.775,3972.515,3969.245,3971.105
1759789200000,3971.125,3972.955,3970.085,3972.785
1759789500000,3972.785,3975.925,3971.818,3972.905
1759789800000,3972.945,3972.945,3969.835,3970.698
1759790100000,3970.698,3970.998,3967.355,3968.298
1759790400000,3968.198,3968.298,3958.798,3963.305
1759790700000,3963.355,3964.155,3958.605,3961.305
1759791000000,3961.325,3969.265,3959.305,3966.185
1759791300000,3966.165,3967.535,3961.998,3962.948
1759791600000,3962.948,3965.348,3961.948,3964.095
1759791900000,3963.948,3964.248,3961.248,3962.548
1759792200000,3962.748,3964.575,3961.555,3964.035
1759792500000,3964.095,3967.765,3964.095,3966.665
1759792800000,3966.685,3969.215,3965.795,3966.365
1759793100000,3966.395,3969.645,3966.395,3969.195
1759793400000,3969.225,3970.095,3968.105,3969.625
1759793700000,3969.645,3970.865,3968.705,3969.835
1759794000000,3969.815,3972.345,3968.565,3971.725
1759794300000,3971.755,3972.455,3967.515,3968.985
1759794600000,3968.995,3969.895,3967.655,3968.575
1759794900000,3968.545,3969.845,3968.125,3969.248
1759795200000,3969.248,3970.048,3966.295,3969.048
1759795500000,3968.948,3970.948,3967.198,3969.898
1759795800000,3969.898,3972.248,3967.078,3970.798
1759796100000,3970.798,3973.298,3969.408,3973.198
1759796400000,3973.198,3976.105,3972.955,3975.185
1759796700000,3975.155,3977.098,3972.645,3973.925
1759797000000,3973.875,3977.125,3973.845,3975.165
1759797300000,3975.125,3975.125,3970.485,3970.505
1759797600000,3970.525,3971.795,3964.955,3965.715
1759797900000,3965.715,3966.805,3962.288,3963.348
1759798200000,3963.348,3964.598,3961.138,3963.948
1759798500000,3963.948,3964.748,3961.598,3962.448
1759798800000,3962.348,3963.148,3958.338,3959.105
1759799100000,3959.125,3960.598,3958.048,3959.698
1759799400000,3959.698,3962.095,3955.585,3961.495
1759799700000,3961.448,3962.575,3960.075,3960.735
1759800000000,3960.755,3963.535,3959.575,3961.545
1759800300000,3961.725,3962.715,3958.695,3959.295
1759800600000,3959.255,3960.945,3956.645,3956.965
1759800900000,3956.995,3958.148,3955.648,3956.048
1759801200000,3956.048,3960.035,3956.048,3959.625
1759801500000,3959.585,3959.585,3957.325,3958.395
1759801800000,3958.475,3959.595,3957.175,3958.295
1759802100000,3958.325,3958.825,3957.255,3957.715
1759802400000,3957.709,3959.805,3957.098,3957.298
1759802700000,3957.398,3958.659,3957.098,3958.005
1759803000000,3958.025,3961.698,3957.998,3961.048
1759803300000,3961.048,3964.348,3960.548,3963.685
1759803600000,3963.648,3964.648,3963.175,3963.535
1759803900000,3963.575,3965.185,3963.485,3964.475
1759804200000,3964.515,3965.535,3963.685,3965.035
1759804500000,3965.415,3966.765,3964.995,3965.865
1759804800000,3965.835,3966.185,3964.415,3966.115
1759805100000,3966.145,3966.755,3965.415,3966.055
1759805400000,3966.065,3966.465,3964.485,3966.135
1759805700000,3966.155,3966.545,3964.248,3964.605
1759806000000,3964.585,3966.775,3962.645,3965.735
1759806300000,3965.705,3966.355,3964.105,3964.375
1759806600000,3964.355,3967.535,3964.315,3967.525
1759806900000,3967.545,3969.665,3967.545,3968.115
1759807200000,3968.035,3968.735,3962.925,3963.635
1759807500000,3963.425,3964.255,3960.635,3963.375
1759807800000,3963.415,3966.725,3962.715,3966.555
1759808100000,3966.535,3970.325,3966.485,3970.215
1759808400000,3970.215,3972.735,3970.205,3972.325
1759808700000,3972.345,3973.525,3971.205,3973.335
1759809000000,3973.365,3974.475,3973.015,3974.235
1759809300000,3974.265,3974.395,3972.595,3973.245
1759809600000,3973.215,3973.775,3971.265,3973.485
1759809900000,3973.505,3974.525,3973.085,3974.445
1759810200000,3974.475,3975.475,3973.455,3973.648
1759810500000,3973.515,3975.155,3973.408,3974.548
1759810800000,3974.548,3974.948,3973.535,3974.245
1759811100000,3974.225,3974.725,3972.405,3973.425
1759811400000,3973.405,3975.505,3972.955,3973.725
1759811700000,3973.505,3974.748,3973.385,3974.098
1759812000000,3974.098,3974.998,3973.075,3973.295
1759812300000,3973.265,3976.765,3973.265,3976.295
1759812600000,3976.245,3976.745,3975.375,3975.998
1759812900000,3975.895,3976.415,3975.188,3975.765
1759813200000,3975.735,3976.705,3971.805,3972.085
1759813500000,3972.105,3974.735,3970.175,3970.975
1759813800000,3970.995,3970.995,3959.748,3965.205
1759814100000,3965.175,3966.935,3964.268,3964.535
1759814400000,3964.565,3966.115,3961.108,3962.165
1759814700000,3962.048,3964.225,3960.265,3963.255
1759815000000,3963.285,3965.565,3960.805,3965.525
1759815300000,3965.495,3966.395,3962.935,3963.285
1759815600000,3963.265,3964.035,3960.675,3961.175
1759815900000,3961.175,3963.365,3960.705,3962.245
1759816200000,3962.265,3965.025,3960.275,3964.215
1759816500000,3964.175,3965.398,3962.735,3964.485
1759816800000,3964.495,3964.735,3960.385,3961.305
1759817100000,3961.285,3964.055,3959.495,3963.435
1759817400000,3963.465,3964.355,3962.655,3964.355
1759817700000,3964.345,3965.015,3960.785,3963.675
1759818000000,3963.695,3966.145,3962.498,3962.788
1759818300000,3962.788,3964.275,3962.115,3963.825
1759818600000,3963.875,3964.225,3960.248,3960.425
1759818900000,3960.395,3962.425,3959.698,3960.985
1759819200000,3960.955,3961.085,3955.478,3958.245
1759819500000,3958.285,3960.675,3957.365,3959.365
1759819800000,3959.645,3960.115,3955.475,3955.945
1759820100000,3955.925,3956.645,3953.548,3954.785
1759820400000,3954.765,3955.975,3951.155,3954.265
1759820700000,3954.315,3955.275,3951.435,3952.895
1759821000000,3952.875,3952.955,3949.515,3950.035
1759821300000,3950.035,3951.885,3949.365,3949.738
1759821600000,3949.748,3950.205,3943.685,3947.098
1759821900000,3947.198,3951.048,3945.965,3951.048
1759822200000,3951.048,3954.645,3949.665,3954.355
1759822500000,3954.335,3955.965,3953.025,3953.135
1759822800000,3953.175,3953.175,3948.105,3949.575
1759823100000,3949.525,3951.375,3948.605,3949.505
1759823400000,3949.475,3951.195,3946.955,3947.385
1759823700000,3947.385,3947.385,3943.148,3945.725
1759824000000,3945.615,3947.835,3943.705,3943.965
1759824300000,3943.935,3946.405,3940.685,3944.975
1759824600000,3944.975,3947.515,3942.815,3946.245
1759824900000,3946.225,3950.335,3944.905,3948.895
1759825200000,3948.985,3953.545,3947.065,3953.195
1759825500000,3953.135,3953.235,3950.338,3950.455
1759825800000,3950.488,3952.165,3950.275,3951.755
1759826100000,3951.735,3952.548,3951.095,3952.315
1759826400000,3952.275,3953.415,3951.135,3952.415
1759826700000,3952.435,3953.775,3951.765,3952.225
1759827000000,3952.245,3952.315,3950.215,3951.095
1759827300000,3951.125,3951.965,3950.285,3951.055
1759827600000,3951.005,3953.625,3950.815,3952.455
1759827900000,3952.485,3954.715,3951.898,3954.575
1759828200000,3954.575,3959.215,3954.445,3958.645
1759828500000,3958.685,3960.855,3957.325,3959.895
1759828800000,3960.195,3962.175,3959.215,3961.975
1759829100000,3961.605,3963.305,3957.265,3958.045
1759829400000,3958.035,3962.565,3957.665,3961.535
1759829700000,3961.555,3962.635,3959.465,3959.935
1759830000000,3959.955,3961.905,3959.555,3960.665
1759830300000,3960.725,3961.348,3958.038,3959.448
1759830600000,3959.548,3959.648,3955.448,3956.095
1759830900000,3956.115,3958.305,3954.965,3954.985
1759831200000,3954.985,3957.825,3953.895,3957.825
1759831500000,3957.675,3957.985,3955.515,3956.075
1759831800000,3956.005,3958.685,3955.495,3956.775
1759832100000,3956.795,3959.665,3956.445,3958.385
1759832400000,3958.125,3958.785,3957.548,3958.105
1759832700000,3958.105,3958.105,3956.085,3956.525
1759833000000,3956.495,3957.885,3956.045,3957.795
1759833300000,3957.825,3961.425,3957.645,3960.555
1759833600000,3960.648,3961.218,3958.615,3958.635
1759833900000,3958.615,3959.505,3957.665,3958.835
1759834200000,3958.805,3962.565,3958.425,3962.475
1759834500000,3962.495,3962.495,3957.805,3959.895
1759834800000,3959.995,3961.225,3958.955,3960.135
1759835100000,3960.115,3960.645,3959.058,3959.735
1759835400000,3959.705,3961.495,3959.135,3961.398
1759835700000,3961.425,3961.755,3959.238,3959.445
1759836000000,3959.335,3960.125,3956.505,3958.355
1759836300000,3958.355,3958.965,3956.355,3957.545
1759836600000,3957.555,3958.765,3956.185,3956.445
1759836900000,3956.405,3963.995,3956.395,3963.275
1759837200000,3963.245,3966.225,3962.205,3965.725
1759837500000,3965.705,3967.145,3964.095,3964.435
1759837800000,3964.455,3966.505,3962.535,3965.615
1759838100000,3965.535,3968.965,3964.725,3966.825
1759838400000,3966.865,3970.015,3966.455,3969.965
1759838700000,3970.005,3970.565,3968.425,3970.535
1759839000000,3970.565,3971.525,3968.615,3970.205
1759839300000,3970.275,3972.085,3970.245,3970.925
1759839600000,3970.598,3971.335,3964.625,3966.615
1759839900000,3966.595,3968.055,3964.215,3965.365
1759840200000,3965.385,3968.965,3964.745,3966.475
1759840500000,3966.475,3971.725,3966.345,3970.515
1759840800000,3970.475,3973.915,3969.695,3973.215
1759841100000,3973.158,3975.045,3971.455,3974.665
1759841400000,3974.705,3978.195,3973.795,3977.085
1759841700000,3977.115,3979.815,3976.365,3979.275
1759842000000,3979.295,3982.575,3978.408,3981.415
1759842300000,3981.435,3984.975,3981.078,3984.435
1759842600000,3984.435,3984.585,3981.615,3983.348
1759842900000,3983.348,3985.405,3980.705,3984.275
1759843200000,3984.305,3984.605,3977.265,3979.605
1759843500000,3979.815,3983.155,3979.815,3982.598
1759843800000,3982.645,3982.715,3973.945,3974.035
1759844100000,3974.085,3975.945,3971.155,3972.905
1759844400000,3972.975,3974.648,3970.245,3972.505
1759844700000,3972.565,3980.785,3972.015,3979.245
1759845000000,3979.245,3980.425,3974.948,3978.855
1759845300000,3978.925,3980.395,3977.855,3979.105
1759845600000,3979.045,3980.515,3975.235,3975.235
1759845900000,3975.295,3977.225,3969.585,3971.565
1759846200000,3971.535,3975.898,3969.095,3971.375
1759846500000,3971.315,3978.075,3968.905,3976.455
1759846800000,3976.435,3977.175,3972.435,3974.055
1759847100000,3974.065,3978.285,3972.875,3977.945
1759847400000,3977.925,3983.695,3977.435,3983.035
1759847700000,3982.985,3986.348,3980.745,3982.225
1759848000000,3981.915,3984.498,3979.025,3979.105
1759848300000,3979.245,3985.905,3979.148,3985.035
1759848600000,3985.035,3986.065,3982.605,3985.585
1759848900000,3985.565,3986.455,3983.715,3985.405
1759849200000,3985.495,3987.145,3980.775,3983.985
1759849500000,3983.955,3984.225,3978.885,3981.075
1759849800000,3981.095,3987.345,3981.095,3986.385
1759850100000,3986.425,3990.415,3985.835,3988.398
1759850400000,3988.298,3990.845,3987.878,3988.785
1759850700000,3988.755,3989.295,3984.325,3984.855
1759851000000,3984.875,3985.175,3982.415,3984.625
1759851300000,3984.595,3985.275,3976.015,3977.095
1759851600000,3977.225,3978.115,3970.835,3971.785
1759851900000,3971.815,3973.015,3962.005,3963.215
1759852200000,3963.205,3969.265,3961.715,3964.685
1759852500000,3964.565,3966.205,3961.555,3965.898
1759852800000,3965.898,3971.675,3965.875,3971.515
1759853100000,3971.495,3976.175,3969.645,3974.475
1759853400000,3974.525,3974.875,3962.835,3964.875
1759853700000,3964.875,3967.875,3963.835,3967.575
1759854000000,3967.695,3972.575,3964.258,3972.125
1759854300000,3972.095,3973.745,3968.435,3969.265
1759854600000,3969.325,3973.955,3968.275,3973.775
1759854900000,3973.755,3978.685,3973.485,3978.185
1759855200000,3978.215,3979.345,3974.715,3977.045
1759855500000,3976.835,3976.945,3972.035,3973.135
1759855800000,3973.095,3975.275,3971.185,3973.435
1759856100000,3973.435,3977.665,3973.205,3976.475
1759856400000,3976.505,3980.388,3976.205,3979.405
1759856700000,3979.445,3982.405,3978.445,3982.148
1759857000000,3982.148,3984.975,3980.925,3981.585
1759857300000,3981.555,3983.035,3981.005,3982.775
1759857600000,3982.755,3984.215,3981.985,3983.655
1759857900000,3983.685,3983.685,3979.805,3980.455
1759858200000,3980.495,3984.208,3980.355,3983.655
1759858500000,3983.718,3985.055,3981.505,3984.655
1759858800000,3984.615,3986.645,3983.725,3986.075
1759859100000,3986.075,3987.505,3983.555,3983.845
1759859400000,3983.965,3985.565,3981.375,3984.725
1759859700000,3984.805,3985.255,3980.285,3980.538
1759860000000,3980.575,3980.825,3973.895,3974.515
1759860300000,3974.585,3980.405,3974.585,3977.295
1759860600000,3977.295,3982.225,3976.665,3982.195
1759860900000,3982.165,3983.685,3979.795,3982.185
1759861200000,3982.155,3982.975,3980.245,3981.375
1759861500000,3981.375,3983.225,3979.378,3979.598
1759861800000,3979.648,3981.618,3979.098,3979.598
1759862100000,3979.408,3981.048,3978.148,3978.998
1759862400000,3978.998,3982.848,3978.328,3982.148
1759862700000,3982.148,3982.848,3980.348,3980.848
1759863000000,3980.848,3982.948,3979.448,3982.348
1759863300000,3982.348,3982.818,3980.125,3980.835
1759863600000,3980.745,3983.165,3980.745,3982.025
1759863900000,3982.005,3982.495,3978.278,3979.815
1759864200000,3979.795,3980.698,3978.738,3978.998
1759864500000,3978.998,3981.285,3978.628,3979.775
1759864800000,3979.745,3980.235,3978.835,3979.335
1759865100000,3979.335,3981.838,3979.215,3979.698
1759865400000,3979.605,3982.398,3979.518,3982.398
1759865700000,3982.398,3982.498,3978.758,3979.095
1759866000000,3979.078,3980.665,3979.015,3980.445
1759866300000,3980.425,3981.248,3978.818,3981.088
1759866600000,3981.088,3982.205,3980.148,3980.748
1759866900000,3980.748,3981.255,3979.005,3979.915
1759867200000,3979.915,3981.898,3979.915,3980.848
1759867500000,3980.848,3981.448,3980.005,3980.965
1759867800000,3980.648,3981.698,3980.648,3981.598
1759868100000,3981.698,3981.698,3979.998,3980.705
1759868400000,3980.705,3982.798,3979.908,3982.698
1759868700000,3982.798,3983.148,3982.048,3982.305
1759869000000,3982.248,3982.748,3981.498,3982.248
1759869300000,3982.235,3982.405,3981.655,3981.945
1759869600000,3981.945,3983.975,3981.525,3983.915
1759869900000,3983.885,3985.805,3983.705,3985.345
1759870200000,3985.455,3986.365,3983.825,3986.285
1759870500000,3986.265,3986.325,3983.855,3984.185
1759870800000,3984.185,3984.185,3984.185,3984.185
1759871100000,3984.185,3984.185,3984.185,3984.185
1759871400000,3984.185,3984.185,3984.185,3984.185
1759871700000,3984.185,3984.185,3984.185,3984.185
1759872000000,3984.185,3984.185,3984.185,3984.185
1759872300000,3984.185,3984.185,3984.185,3984.185
1759872600000,3984.185,3984.185,3984.185,3984.185
1759872900000,3984.185,3984.185,3984.185,3984.185
1759873200000,3984.185,3984.185,3984.185,3984.185
1759873500000,3984.185,3984.185,3984.185,3984.185
1759873800000,3984.185,3984.185,3984.185,3984.185
1759874100000,3984.185,3984.185,3984.185,3984.185
1759874400000,3984.298,3986.405,3982.748,3985.848
1759874700000,3985.848,3986.915,3984.595,3986.915
1759875000000,3986.895,3988.875,3986.775,3988.255
1759875300000,3988.305,3990.348,3988.235,3988.798
1759875600000,3988.798,3989.398,3988.085,3989.245
1759875900000,3989.245,3990.255,3989.025,3990.235
1759876200000,3990.215,3990.335,3988.475,3988.815
1759876500000,3988.775,3990.265,3988.775,3990.065
1759876800000,3990.095,3990.205,3989.045,3990.055
1759877100000,3990.035,3990.085,3986.995,3987.248
1759877400000,3987.068,3989.248,3986.948,3989.048
1759877700000,3988.748,3989.248,3987.948,3989.248
1759878000000,3989.248,3991.798,3989.248,3990.248
1759878300000,3990.348,3991.105,3988.945,3990.068
1759878600000,3990.018,3991.575,3989.448,3989.548
1759878900000,3989.468,3991.945,3989.418,3991.645
1759879200000,3991.695,3991.695,3989.705,3990.225
1759879500000,3990.195,3990.495,3988.275,3988.785
1759879800000,3988.865,3990.645,3988.135,3990.235
1759880100000,3990.275,3990.275,3989.285,3989.845
1759880400000,3989.685,3990.145,3989.425,3990.025
1759880700000,3990.065,3995.485,3990.065,3995.355
1759881000000,3995.385,3995.775,3994.195,3994.915
1759881300000,3994.915,3995.465,3993.235,3994.145
1759881600000,3994.098,3997.295,3993.975,3996.985
1759881900000,3996.965,3997.215,3994.855,3996.625
1759882200000,3996.595,3997.298,3995.709,3996.648
1759882500000,3996.548,3997.855,3996.398,3997.248
1759882800000,3997.248,3998.185,3996.115,3997.698
1759883100000,3997.698,3999.048,3997.298,3998.248
1759883400000,3998.248,3998.248,3989.165,3993.435
1759883700000,3993.455,3994.655,3991.855,3993.595
1759884000000,3993.625,3996.895,3993.625,3994.685
1759884300000,3994.465,3996.015,3993.348,3995.685
1759884600000,3995.449,3997.548,3994.508,3994.548
1759884900000,3994.548,3994.648,3991.488,3992.098
1759885200000,3992.098,3992.298,3985.955,3986.605
1759885500000,3986.575,3987.725,3984.045,3985.455
1759885800000,3985.325,3988.448,3984.605,3988.248
1759886100000,3988.248,3988.905,3984.998,3987.348
1759886400000,3987.348,3989.875,3984.605,3989.375
1759886700000,3989.395,3995.425,3987.348,3993.795
1759887000000,3993.875,3995.698,3993.245,3994.615
1759887300000,3994.405,3994.915,3990.845,3992.515
1759887600000,3992.545,3994.675,3992.425,3993.625
1759887900000,3993.735,3996.205,3993.445,3995.905
1759888200000,3995.855,3998.065,3995.195,3998.015
1759888500000,3997.995,4000.525,3997.795,4000.345
1759888800000,4000.455,4000.798,3995.395,3999.065
1759889100000,3999.075,4000.415,3998.775,3999.325
1759889400000,3999.355,4004.415,3998.815,4004.335
1759889700000,4004.365,4005.795,4001.885,4002.885
1759890000000,4002.798,4005.535,4002.745,4005.165
1759890300000,4005.195,4005.805,4003.465,4003.485
1759890600000,4003.505,4006.435,4003.345,4005.985
1759890900000,4006.015,4007.105,4005.155,4005.455
1759891200000,4005.435,4006.905,4005.205,4006.325
1759891500000,4006.355,4008.325,4005.845,4007.655
1759891800000,4007.665,4010.615,4007.135,4010.125
1759892100000,4010.095,4011.545,4009.015,4011.435
1759892400000,4011.415,4012.415,4010.005,4012.385
1759892700000,4012.355,4014.348,4012.075,4012.645
1759893000000,4012.675,4013.725,4010.295,4013.095
1759893300000,4013.125,4013.345,4010.265,4012.465
1759893600000,4012.465,4012.698,4009.455,4010.025
1759893900000,4010.065,4011.805,4008.698,4011.135
1759894200000,4011.105,4012.725,4010.455,4010.605
1759894500000,4010.645,4011.285,4010.145,4011.025
1759894800000,4010.878,4013.005,4010.705,4012.915
1759895100000,4012.885,4015.795,4012.685,4015.775
1759895400000,4015.735,4016.345,4012.115,4014.115
1759895700000,4014.198,4015.098,4010.828,4014.498
1759896000000,4014.598,4019.225,4014.348,4016.398
1759896300000,4016.398,4018.945,4016.198,4018.935
1759896600000,4018.915,4021.285,4018.445,4019.465
1759896900000,4019.485,4020.195,4018.185,4018.935
1759897200000,4019.005,4019.255,4017.935,4019.255
1759897500000,4019.235,4019.615,4017.545,4018.255
1759897800000,4018.215,4019.455,4018.048,4018.648
1759898100000,4018.648,4018.748,4017.748,4018.248
1759898400000,4018.248,4019.965,4016.798,4019.385
1759898700000,4019.395,4021.825,4018.395,4021.675
1759899000000,4021.715,4026.215,4021.705,4025.835
1759899300000,4025.865,4027.075,4023.975,4026.565
1759899600000,4026.535,4026.565,4024.395,4026.315
1759899900000,4026.295,4029.135,4025.448,4028.125
1759900200000,4028.275,4029.598,4027.685,4029.395
1759900500000,4029.498,4031.405,4028.725,4031.015
1759900800000,4030.975,4034.405,4029.405,4034.145
1759901100000,4034.145,4034.365,4031.575,4033.195
1759901400000,4033.225,4036.105,4031.888,4035.795
1759901700000,4035.835,4036.735,4034.315,4036.655
1759902000000,4036.685,4036.785,4029.588,4030.048
1759902300000,4030.048,4032.635,4028.325,4032.215
1759902600000,4032.185,4032.305,4028.555,4029.045
1759902900000,4029.095,4030.225,4028.098,4028.905
1759903200000,4028.915,4031.675,4026.415,4028.375
1759903500000,4028.425,4032.735,4027.835,4032.055
1759903800000,4032.005,4032.655,4027.135,4027.135
1759904100000,4027.125,4027.645,4021.048,4022.798
1759904400000,4022.798,4025.655,4021.885,4024.605
1759904700000,4024.725,4027.965,4023.185,4026.195
1759905000000,4026.265,4029.775,4025.285,4028.075
1759905300000,4028.045,4031.165,4027.565,4030.525
1759905600000,4030.285,4031.575,4028.495,4030.635
1759905900000,4030.655,4032.475,4029.565,4032.235
1759906200000,4032.215,4032.885,4031.415,4032.405
1759906500000,4032.405,4032.795,4030.105,4031.405
1759906800000,4031.375,4033.605,4029.975,4031.115
1759907100000,4031.145,4036.515,4030.905,4036.065
1759907400000,4036.045,4038.885,4035.665,4036.675
1759907700000,4036.545,4036.645,4032.215,4033.085
1759908000000,4033.135,4036.555,4031.488,4036.495
1759908300000,4036.495,4037.985,4036.075,4036.085
1759908600000,4036.115,4037.705,4034.835,4036.455
1759908900000,4036.485,4038.585,4034.785,4035.048
1759909200000,4035.075,4037.925,4034.278,4035.798
1759909500000,4035.725,4037.585,4035.515,4035.915
1759909800000,4035.915,4036.125,4033.095,4034.095
1759910100000,4034.115,4034.325,4030.745,4034.055
1759910400000,4033.975,4036.575,4032.925,4035.815
1759910700000,4035.795,4039.745,4035.795,4038.485
1759911000000,4038.605,4038.755,4035.575,4036.575
1759911300000,4036.555,4038.275,4034.845,4038.275
1759911600000,4038.415,4040.185,4038.295,4039.085
1759911900000,4038.545,4039.385,4037.735,4037.865
1759912200000,4037.885,4040.085,4037.505,4039.415
1759912500000,4039.375,4039.655,4036.205,4038.545
1759912800000,4038.505,4038.825,4037.395,4038.465
1759913100000,4038.485,4040.305,4037.665,4037.775
1759913400000,4037.795,4039.835,4036.495,4038.785
1759913700000,4038.795,4039.045,4036.145,4036.145
1759914000000,4036.185,4037.805,4033.085,4037.205
1759914300000,4037.065,4039.815,4036.235,4037.035
1759914600000,4037.045,4037.625,4036.045,4036.925
1759914900000,4036.905,4037.035,4035.455,4036.345
1759915200000,4036.365,4037.175,4035.485,4036.545
1759915500000,4036.575,4037.045,4034.785,4035.235
1759915800000,4035.125,4035.925,4030.525,4033.475
1759916100000,4033.475,4038.915,4033.475,4038.275
1759916400000,4038.275,4040.265,4036.405,4040.165
1759916700000,4040.155,4045.275,4039.815,4043.248
1759917000000,4043.248,4047.048,4043.065,4046.195
1759917300000,4046.165,4049.398,4045.575,4049.115
1759917600000,4049.085,4049.398,4046.755,4047.045
1759917900000,4046.955,4047.295,4045.065,4046.145
1759918200000,4046.145,4047.785,4045.965,4046.285
1759918500000,4046.345,4046.515,4041.868,4044.265
1759918800000,4044.245,4046.048,4043.135,4043.185
1759919100000,4043.165,4043.585,4037.575,4040.195
1759919400000,4040.235,4040.985,4035.705,4035.848
1759919700000,4035.865,4036.315,4033.325,4033.625
1759920000000,4033.655,4037.248,4033.205,4036.855
1759920300000,4036.875,4037.935,4036.485,4037.145
1759920600000,4037.175,4037.535,4035.025,4036.535
1759920900000,4036.585,4037.415,4035.358,4036.915
1759921200000,4037.015,4037.105,4032.775,4035.975
1759921500000,4036.175,4036.175,4033.625,4034.835
1759921800000,4034.825,4037.285,4034.555,4036.075
1759922100000,4036.075,4036.485,4033.015,4033.815
1759922400000,4033.815,4036.875,4033.815,4035.705
1759922700000,4035.725,4036.375,4034.465,4034.485
1759923000000,4034.465,4034.515,4032.355,4032.595
1759923300000,4032.565,4034.785,4031.845,4034.535
1759923600000,4034.535,4037.895,4034.005,4034.895
1759923900000,4034.915,4036.885,4033.375,4035.225
1759924200000,4035.155,4036.715,4034.355,4036.495
1759924500000,4036.475,4037.925,4035.985,4037.795
1759924800000,4037.795,4042.725,4036.475,4042.148
1759925100000,4042.148,4046.215,4040.828,4045.925
1759925400000,4045.965,4046.185,4043.465,4044.985
1759925700000,4044.715,4046.195,4040.975,4044.445
1759926000000,4044.475,4044.475,4037.505,4037.655
1759926300000,4037.675,4040.065,4035.425,4040.015
1759926600000,4040.045,4040.845,4036.855,4036.895
1759926900000,4037.065,4037.545,4031.295,4031.645
1759927200000,4031.625,4034.398,4030.805,4033.705
1759927500000,4033.735,4038.348,4033.395,4036.808
1759927800000,4036.808,4036.818,4034.588,4035.235
1759928100000,4035.225,4040.498,4035.155,4039.875
1759928400000,4039.855,4043.795,4039.035,4043.115
1759928700000,4043.115,4046.195,4042.565,4045.755
1759929000000,4045.775,4049.385,4044.635,4045.815
1759929300000,4045.855,4046.965,4043.635,4044.255
1759929600000,4044.285,4044.385,4039.535,4040.685
1759929900000,4040.635,4042.625,4037.948,4038.205
1759930200000,4038.215,4039.205,4030.655,4031.145
1759930500000,4031.175,4034.615,4026.055,4031.785
1759930800000,4031.795,4035.515,4028.975,4029.625
1759931100000,4029.755,4033.855,4027.475,4033.615
1759931400000,4033.585,4037.465,4032.525,4036.145
1759931700000,4036.145,4039.848,4033.958,4037.848
1759932000000,4037.748,4043.378,4037.575,4041.495
1759932300000,4041.545,4042.795,4035.415,4039.685
1759932600000,4039.705,4044.598,4038.745,4042.355
1759932900000,4042.295,4042.655,4039.625,4042.355
1759933200000,4042.425,4042.765,4037.475,4038.165
1759933500000,4038.018,4046.045,4038.018,4044.415
1759933800000,4044.465,4044.965,4039.745,4040.605
1759934100000,4040.685,4045.205,4039.195,4043.675
1759934400000,4043.625,4043.708,4039.405,4042.065
1759934700000,4042.105,4045.405,4040.915,4044.415
1759935000000,4044.535,4045.345,4042.925,4044.125
1759935300000,4044.175,4048.935,4043.028,4047.925
1759935600000,4047.935,4049.455,4045.828,4048.565
1759935900000,4048.595,4050.325,4044.668,4046.215
1759936200000,4046.225,4047.548,4037.795,4039.115
1759936500000,4039.185,4042.248,4036.995,4039.685
1759936800000,4039.648,4045.385,4038.765,4044.925
1759937100000,4044.955,4045.345,4042.818,4044.125
1759937400000,4044.275,4046.225,4042.395,4042.935
1759937700000,4043.015,4047.948,4042.965,4046.995
1759938000000,4046.965,4047.625,4044.998,4045.895
1759938300000,4045.975,4047.225,4044.865,4047.225
1759938600000,4047.175,4048.215,4046.095,4046.725
1759938900000,4046.745,4046.875,4044.705,4045.515
1759939200000,4045.495,4047.555,4044.125,4044.695
1759939500000,4044.815,4046.885,4044.785,4046.845
1759939800000,4046.885,4056.155,4046.885,4055.198
1759940100000,4055.125,4055.955,4051.828,4052.325
1759940400000,4052.355,4053.995,4051.995,4053.895
1759940700000,4053.955,4055.635,4053.025,4055.485
1759941000000,4055.515,4058.335,4054.845,4057.075
1759941300000,4057.045,4058.945,4056.425,4057.035
1759941600000,4057.065,4059.098,4055.805,4057.848
1759941900000,4057.835,4058.548,4054.155,4054.895
1759942200000,4054.855,4056.375,4052.138,4053.848
1759942500000,4053.848,4057.295,4053.648,4056.415
1759942800000,4056.445,4057.815,4055.925,4056.005
1759943100000,4055.975,4057.385,4055.365,4056.685
1759943400000,4056.575,4057.285,4054.295,4054.535
1759943700000,4054.555,4055.895,4052.088,4053.248
1759944000000,4053.148,4054.428,4050.828,4052.788
1759944300000,4052.718,4053.548,4047.975,4048.765
1759944600000,4048.805,4050.465,4042.755,4046.425
1759944900000,4046.405,4048.398,4044.815,4047.948
1759945200000,4047.948,4049.615,4046.908,4049.365
1759945500000,4049.395,4053.295,4049.395,4052.885
1759945800000,4052.915,4053.335,4050.765,4051.085
1759946100000,4051.065,4052.085,4050.588,4050.588
1759946400000,4050.758,4052.965,4045.975,4046.925
1759946700000,4046.905,4048.115,4043.335,4047.525
1759947000000,4047.505,4050.055,4041.085,4042.375
1759947300000,4042.315,4044.195,4038.355,4043.255
1759947600000,4043.275,4047.205,4042.455,4047.035
1759947900000,4046.985,4049.285,4045.865,4048.285
1759948200000,4048.405,4048.925,4046.335,4047.255
1759948500000,4047.285,4049.835,4045.825,4047.525
1759948800000,4047.525,4049.325,4047.495,4047.655
1759949100000,4047.605,4049.745,4047.535,4049.005
1759949400000,4049.025,4049.765,4048.148,4048.735
1759949700000,4048.695,4050.525,4048.435,4049.765
1759950000000,4049.805,4054.348,4049.805,4053.948
1759950300000,4054.048,4054.048,4031.875,4033.645
1759950600000,4034.055,4041.785,4033.825,4041.495
1759950900000,4041.465,4041.705,4035.575,4040.885
1759951200000,4040.885,4046.265,4039.975,4045.165
1759951500000,4045.165,4048.305,4044.215,4044.625
1759951800000,4044.625,4044.625,4039.545,4040.725
1759952100000,4040.725,4040.735,4036.485,4036.815
1759952400000,4036.815,4038.455,4033.945,4037.345
1759952700000,4037.395,4042.595,4037.395,4042.548
1759953000000,4042.465,4045.305,4040.898,4044.305
1759953300000,4044.405,4045.755,4041.365,4044.555
1759953600000,4044.625,4045.198,4042.985,4044.348
1759953900000,4044.448,4046.455,4039.225,4039.795
1759954200000,4039.795,4042.198,4039.348,4041.748
1759954500000,4041.748,4044.898,4041.375,4044.548
1759954800000,4044.548,4044.748,4042.455,4042.475
1759955100000,4042.495,4043.748,4040.535,4043.748
1759955400000,4043.748,4043.748,4042.045,4042.125
1759955700000,4042.125,4042.348,4038.429,4038.565
1759956000000,4038.605,4041.755,4038.345,4041.635
1759956300000,4041.648,4044.535,4041.125,4044.525
1759956600000,4044.545,4044.585,4040.645,4041.025
1759956900000,4040.985,4042.565,4039.985,4040.745
1759957200000,4040.745,4040.745,4040.745,4040.745
1759957500000,4040.745,4040.745,4040.745,4040.745
1759957800000,4040.745,4040.745,4040.745,4040.745
1759958100000,4040.745,4040.745,4040.745,4040.745
1759958400000,4040.745,4040.745,4040.745,4040.745
1759958700000,4040.745,4040.745,4040.745,4040.745
1759959000000,4040.745,4040.745,4040.745,4040.745
1759959300000,4040.745,4040.745,4040.745,4040.745
1759959600000,4040.745,4040.745,4040.745,4040.745
1759959900000,4040.745,4040.745,4040.745,4040.745
1759960200000,4040.745,4040.745,4040.745,4040.745
1759960500000,4040.745,4040.745,4040.745,4040.745
1759960800000,4042.415,4044.135,4034.075,4036.135
1759961100000,4036.235,4036.565,4014.748,4019.578
1759961400000,4019.668,4027.498,4018.248,4025.148
1759961700000,4025.248,4026.848,4022.825,4024.248
1759962000000,4024.248,4027.548,4023.748,4026.448
1759962300000,4026.448,4027.388,4025.098,4025.598
1759962600000,4025.598,4027.615,4025.348,4025.665
1759962900000,4025.665,4026.248,4020.395,4020.395
1759963200000,4020.395,4023.055,4020.105,4022.545
1759963500000,4022.515,4023.155,4021.135,4021.925
1759963800000,4021.775,4022.495,4020.845,4022.065
1759964100000,4022.045,4023.165,4020.648,4021.048
1759964400000,4021.048,4021.048,4011.848,4013.848
1759964700000,4013.849,4016.748,4011.618,4015.748
1759965000000,4015.648,4021.715,4014.588,4020.335
1759965300000,4020.365,4021.195,4017.845,4019.335
1759965600000,4019.285,4019.285,4012.895,4014.105
1759965900000,4014.085,4016.885,4012.175,4013.595
1759966200000,4013.625,4019.165,4013.625,4017.385
1759966500000,4017.415,4018.348,4014.025,4014.025
1759966800000,4013.995,4015.375,4009.898,4010.145
1759967100000,4010.265,4012.759,4005,4005
1759967400000,4005,4012.515,4001.025,4011.875
1759967700000,4011.965,4014.825,4010.429,4011.465
1759968000000,4011.448,4013.948,4008.198,4012.145
1759968300000,4011.995,4016.248,4011.975,4014.569
1759968600000,4014.548,4018.735,4013.745,4018.415
1759968900000,4018.395,4022.135,4017.098,4021.475
1759969200000,4021.548,4027.265,4019.845,4026.975
1759969500000,4026.955,4027.555,4025.135,4027.005
1759969800000,4027.055,4027.785,4023.335,4025.595
1759970100000,4025.575,4027.325,4023.605,4025.605
1759970400000,4025.615,4026.295,4023.948,4025.148
1759970700000,4025.148,4025.348,4019.418,4020.915
1759971000000,4020.885,4025.698,4020.625,4024.355
1759971300000,4024.495,4025.565,4022.185,4022.755
1759971600000,4022.825,4024.415,4007.745,4008.825
1759971900000,4008.795,4014.075,4008.195,4011.085
1759972200000,4011.065,4019.948,4010.965,4018.698
1759972500000,4018.925,4028.498,4018.898,4024.925
1759972800000,4025.005,4027.575,4023.435,4025.645
1759973100000,4025.625,4032.375,4025.205,4030.915
1759973400000,4030.975,4036.135,4029.005,4033.485
1759973700000,4033.505,4034.285,4028.265,4033.905
1759974000000,4033.925,4034.055,4030.195,4032.965
1759974300000,4032.945,4033.075,4024.605,4024.695
1759974600000,4024.355,4025.685,4019.348,4019.575
1759974900000,4019.555,4020.548,4016.635,4019.315
1759975200000,4019.298,4020.678,4011.145,4011.615
1759975500000,4011.535,4016.775,4010.298,4015.735
1759975800000,4015.885,4017.298,4011.198,4013.305
1759976100000,4013.275,4013.425,4002.395,4008.385
1759976400000,4008.325,4014.595,4008.265,4013.735
1759976700000,4013.695,4014.045,4010.505,4012.805
1759977000000,4012.785,4012.885,4005.985,4007.775
1759977300000,4007.775,4017.195,4005.785,4015.935
1759977600000,4015.905,4017.548,4014.445,4017.485
1759977900000,4017.485,4018.475,4015.505,4017.805
1759978200000,4017.835,4020.865,4017.245,4020.685
1759978500000,4020.715,4021.115,4017.965,4018.385
1759978800000,4018.365,4021.295,4016.915,4019.105
1759979100000,4019.125,4023.025,4018.365,4023.025
1759979400000,4023.055,4024.345,4019.375,4020.095
1759979700000,4020.115,4023.115,4019.795,4020.085
1759980000000,4020.135,4023.765,4020.135,4023.415
1759980300000,4023.445,4024.975,4023.095,4024.315
1759980600000,4024.285,4025.215,4023.665,4025.165
1759980900000,4025.145,4028.505,4024.965,4027.755
1759981200000,4027.735,4029.375,4027.475,4028.155
1759981500000,4028.175,4028.885,4026.015,4027.105
1759981800000,4027.105,4027.405,4025.405,4026.645
1759982100000,4026.665,4027.075,4025.155,4026.585
1759982400000,4026.615,4029.335,4026.615,4029.305
1759982700000,4029.335,4029.985,4027.815,4029.325
1759983000000,4029.365,4033.095,4028.525,4032.685
1759983300000,4032.675,4033.855,4031.918,4033.215
1759983600000,4033.225,4037.345,4033.225,4036.825
1759983900000,4036.805,4038.395,4036.465,4038.175
1759984200000,4038.195,4039.125,4037.295,4038.728
1759984500000,4038.635,4039.865,4035.735,4038.715
1759984800000,4038.875,4040.205,4036.419,4038.485
1759985100000,4038.505,4039.485,4038.275,4039.435
1759985400000,4039.465,4040.515,4038.045,4039.545
1759985700000,4039.515,4040.845,4038.398,4038.725
1759986000000,4038.555,4039.005,4034.848,4037.765
1759986300000,4037.765,4038.195,4034.098,4036.355
1759986600000,4036.355,4038.745,4035.445,4038.265
1759986900000,4038.315,4039.555,4036.675,4036.675
1759987200000,4036.655,4038.925,4036.485,4038.465
1759987500000,4038.465,4040.185,4037.245,4038.805
1759987800000,4038.805,4043.405,4036.165,4041.715
1759988100000,4041.665,4041.735,4036.135,4036.925
1759988400000,4036.905,4038.695,4034.705,4038.645
1759988700000,4038.645,4039.395,4036.185,4037.195
1759989000000,4037.305,4038.265,4035.925,4037.515
1759989300000,4037.545,4041.245,4037.175,4039.505
1759989600000,4039.515,4039.945,4037.345,4039.015
1759989900000,4039.035,4040.695,4037.305,4038.365
1759990200000,4038.365,4039.035,4036.148,4037.325
1759990500000,4037.245,4038.665,4036.538,4037.355
1759990800000,4037.355,4038.375,4036.148,4036.148
1759991100000,4036.148,4037.255,4031.398,4031.435
1759991400000,4031.505,4035.645,4030.195,4035.035
1759991700000,4035.015,4035.898,4030.435,4030.575
1759992000000,4030.485,4031.805,4028.055,4029.975
1759992300000,4030.005,4030.005,4024.265,4027.395
1759992600000,4027.415,4028.725,4022.365,4026.865
1759992900000,4026.945,4027.545,4024.648,4025.648
1759993200000,4025.655,4030.975,4025.285,4030.295
1759993500000,4030.285,4032.598,4028.195,4031.745
1759993800000,4031.695,4031.845,4027.038,4027.078
1759994100000,4027.078,4027.695,4024.475,4027.098
1759994400000,4027.098,4031.375,4026.118,4030.438
1759994700000,4030.455,4030.475,4026.025,4028.615
1759995000000,4028.575,4030.135,4027.588,4028.415
1759995300000,4028.465,4029.195,4026.635,4027.205
1759995600000,4027.185,4030.255,4026.905,4028.575
1759995900000,4028.485,4032.225,4028.385,4031.495
1759996200000,4031.515,4031.605,4029.085,4030.105
1759996500000,4030.085,4031.685,4029.408,4031.375
1759996800000,4031.335,4032.965,4030.525,4032.035
1759997100000,4031.995,4032.185,4030.128,4031.905
1759997400000,4031.935,4034.998,4030.945,4034.315
1759997700000,4034.335,4037.805,4034.015,4036.005
1759998000000,4035.985,4036.235,4033.545,4035.435
1759998300000,4035.465,4037.285,4035.038,4036.535
1759998600000,4036.565,4036.965,4035.145,4036.635
1759998900000,4036.615,4040.025,4036.245,4038.325
1759999200000,4038.265,4038.995,4037.508,4038.405
1759999500000,4038.415,4039.895,4037.895,4039.485
1759999800000,4039.455,4040.215,4039.198,4039.775
1760000100000,4039.815,4040.065,4038.068,4038.068
1760000400000,4038.068,4041.965,4037.718,4041.445
1760000700000,4041.535,4041.785,4036.498,4036.505
1760001000000,4036.498,4040.225,4036.498,4040.135
1760001300000,4040.165,4040.565,4037.648,4037.848
1760001600000,4037.848,4040.105,4037.698,4038.965
1760001900000,4038.985,4039.418,4037.515,4038.275
1760002200000,4038.255,4040.015,4037.138,4037.235
1760002500000,4037.205,4039.405,4037.138,4038.405
1760002800000,4038.435,4038.895,4033.805,4036.255
1760003100000,4036.225,4037.535,4035.398,4037.515
1760003400000,4037.495,4037.835,4036.475,4036.798
1760003700000,4036.698,4037.515,4034.648,4037.355
1760004000000,4037.405,4039.205,4036.515,4036.865
1760004300000,4037.075,4038.385,4036.125,4037.515
1760004600000,4037.475,4038.335,4037.145,4037.565
1760004900000,4037.575,4037.945,4036.605,4037.495
1760005200000,4037.325,4038.725,4037.075,4038.695
1760005500000,4038.665,4039.198,4037.815,4038.548
1760005800000,4038.548,4039.825,4038.065,4039.435
1760006100000,4039.405,4039.878,4038.515,4038.755
1760006400000,4038.785,4039.115,4037.835,4038.655
1760006700000,4038.675,4040.548,4038.675,4040.225
1760007000000,4040.265,4041.865,4040.265,4041.445
1760007300000,4041.395,4044.005,4040.865,4043.975
1760007600000,4043.995,4046.455,4039.345,4040.345
1760007900000,4040.355,4042.355,4038.695,4039.215
1760008200000,4039.165,4039.575,4037.018,4037.975
1760008500000,4038.015,4038.945,4034.245,4035.375
1760008800000,4035.405,4036.375,4034.085,4034.395
1760009100000,4034.425,4036.415,4033.355,4035.748
1760009400000,4035.755,4040.275,4035.745,4039.345
1760009700000,4039.325,4042.115,4039.225,4041.105
1760010000000,4041.135,4044.495,4041.135,4044.115
1760010300000,4044.115,4045.625,4043.275,4045.525
1760010600000,4045.555,4046.305,4043.005,4043.445
1760010900000,4043.465,4045.115,4042.675,4044.235
1760011200000,4044.205,4044.485,4040.635,4042.045
1760011500000,4042.335,4044.365,4041.805,4042.755
1760011800000,4042.775,4042.995,4039.825,4040.695
1760012100000,4040.665,4042.725,4039.675,4039.945
1760012400000,4039.825,4040.215,4037.225,4038.315
1760012700000,4038.298,4042.275,4037.825,4040.765
1760013000000,4040.785,4042.395,4039.605,4041.055
1760013300000,4041.125,4043.315,4040.485,4040.775
1760013600000,4040.955,4045.428,4040.375,4045.298
1760013900000,4045.298,4047.505,4042.975,4043.068
1760014200000,4043.215,4049.885,4041.605,4049.885
1760014500000,4049.855,4053.465,4048.475,4053.155
1760014800000,4053.175,4055.188,4050.635,4053.925
1760015100000,4053.945,4057.135,4052.765,4053.795
1760015400000,4053.885,4057.765,4053.855,4055.565
1760015700000,4055.435,4055.905,4048.388,4052.525
1760016000000,4052.598,4057.135,4049.468,4057.105
1760016300000,4057.065,4057.685,4054.925,4055.298
1760016600000,4055.298,4056.398,4046.095,4047.615
1760016900000,4047.675,4049.548,4041.865,4043.105
1760017200000,4043.105,4043.398,4030.738,4030.855
1760017500000,4030.795,4034.415,4019.005,4027.245
1760017800000,4026.858,4029.875,4020.285,4021.365
1760018100000,4021.625,4027.665,4016.725,4016.805
1760018400000,4016.779,4024.055,4012.345,4022.478
1760018700000,4022.478,4028.695,4018.908,4026.775
1760019000000,4026.785,4027.295,4019.815,4023.525
1760019300000,4023.485,4028.875,4021.985,4022.455
1760019600000,4022.425,4022.505,4007.798,4009.745
1760019900000,4009.775,4016.355,4006.225,4006.745
1760020200000,4006.375,4012.979,4003.765,4005.295
1760020500000,4005.395,4015.175,4003.898,4013.589
1760020800000,4013.589,4015.318,4008.295,4011.755
1760021100000,4011.755,4020.175,4007.305,4020.175
1760021400000,4019.945,4028.555,4019.795,4026.105
1760021700000,4026.085,4028.115,4023.175,4023.885
1760022000000,4023.699,4024.675,4019.665,4023.355
1760022300000,4023.355,4024.435,4017.998,4022.675
1760022600000,4022.705,4027.025,4022.525,4025.115
1760022900000,4025.155,4028.635,4023.615,4027.885
1760023200000,4028.045,4028.445,4018.285,4021.345
1760023500000,4021.365,4022.545,4015.935,4016.165
1760023800000,4016.025,4018.298,4011.565,4011.685
1760024100000,4011.745,4012.195,4007.295,4009.135
1760024400000,4009.115,4012.655,4006.315,4008.175
1760024700000,4008.145,4014.715,4007.705,4014.235
1760025000000,4014.225,4016.305,4011.965,4014.675
1760025300000,4014.685,4017.318,4013.295,4014.395
1760025600000,4014.285,4020.115,4013.545,4018.535
1760025900000,4018.585,4021.498,4017.385,4020.915
1760026200000,4021.015,4021.375,4015.625,4016.435
1760026500000,4016.495,4017.855,4014.305,4015.785
1760026800000,4015.815,4017.005,4009.955,4010.155
1760027100000,4010.215,4014.655,4009.795,4012.095
1760027400000,4011.955,4012.375,3997.635,3998.315
1760027700000,3998.265,4001.498,3986.075,3986.325
1760028000000,3986.365,3989.525,3976.305,3986.345
1760028300000,3986.345,3986.545,3976.775,3983.605
1760028600000,3983.698,3984.515,3969.545,3970.155
1760028900000,3969.755,3972.475,3963.435,3968.765
1760029200000,3968.595,3974.085,3968.225,3970.125
1760029500000,3970.165,3970.355,3959.915,3967.315
1760029800000,3967.305,3969.125,3950.698,3951.755
1760030100000,3951.775,3963.945,3943.788,3963.275
1760030400000,3963.185,3967.115,3956.085,3956.115
1760030700000,3956.105,3960.605,3954.675,3958.865
1760031000000,3958.865,3963.385,3955.199,3959.285
1760031300000,3959.205,3961.885,3956.075,3957.735
1760031600000,3958.265,3960.965,3955.535,3956.685
1760031900000,3956.685,3957.055,3950.945,3952.245
1760032200000,3952.225,3959.885,3952.195,3954.905
1760032500000,3954.865,3954.905,3944.785,3950.005
1760032800000,3949.745,3954.105,3949.248,3952.715
1760033100000,3952.675,3959.375,3952.595,3958.715
1760033400000,3958.755,3964.895,3957.565,3961.395
1760033700000,3961.425,3968.585,3960.995,3967.715
1760034000000,3967.715,3967.715,3961.198,3961.198
1760034300000,3961.138,3963.385,3960.075,3962.935
1760034600000,3962.975,3963.585,3959.235,3959.615
1760034900000,3959.635,3961.065,3958.425,3960.505
1760035200000,3960.485,3961.625,3955.705,3957.475
1760035500000,3957.535,3961.215,3957.325,3959.095
1760035800000,3959.055,3959.805,3956.605,3956.735
1760036100000,3956.705,3958.565,3956.165,3957.195
1760036400000,3957.245,3960.115,3955.015,3959.985
1760036700000,3960.015,3965.759,3959.995,3965.699
1760037000000,3965.525,3974.275,3964.405,3971.745
1760037300000,3971.765,3972.935,3969.375,3971.795
1760037600000,3971.775,3975.115,3971.285,3973.755
1760037900000,3973.805,3977.975,3973.675,3977.895
1760038200000,3978.005,3980.215,3977.495,3979.005
1760038500000,3978.985,3981.865,3977.408,3981.685
1760038800000,3981.705,3981.865,3976.465,3978.845
1760039100000,3978.915,3981.435,3977.565,3978.255
1760039400000,3978.305,3979.865,3973.585,3975.218
1760039700000,3975.248,3976.198,3971.685,3972.895
1760040000000,3972.985,3977.005,3972.955,3976.995
1760040300000,3977.265,3978.785,3976.105,3977.875
1760040600000,3977.855,3978.625,3976.485,3978.415
1760040900000,3978.435,3978.795,3973.775,3974.795
1760041200000,3974.815,3977.205,3973.635,3976.925
1760041500000,3976.895,3977.045,3975.905,3976.445
1760041800000,3976.425,3976.855,3974.715,3976.585
1760042100000,3976.635,3977.485,3975.615,3975.675
1760042400000,3975.675,3975.875,3972.905,3974.465
1760042700000,3974.485,3976.595,3974.435,3976.255
1760043000000,3976.295,3976.475,3972.755,3975.775
1760043300000,3975.765,3976.898,3974.505,3976.275
1760043600000,3976.275,3976.275,3976.275,3976.275
1760043900000,3976.275,3976.275,3976.275,3976.275
1760044200000,3976.275,3976.275,3976.275,3976.275
1760044500000,3976.275,3976.275,3976.275,3976.275
1760044800000,3976.275,3976.275,3976.275,3976.275
1760045100000,3976.275,3976.275,3976.275,3976.275
1760045400000,3976.275,3976.275,3976.275,3976.275
1760045700000,3976.275,3976.275,3976.275,3976.275
1760046000000,3976.275,3976.275,3976.275,3976.275
1760046300000,3976.275,3976.275,3976.275,3976.275
1760046600000,3976.275,3976.275,3976.275,3976.275
1760046900000,3976.275,3976.275,3976.275,3976.275
1760047200000,3974.925,3980.848,3973.925,3977.048
1760047500000,3976.948,3977.275,3973.109,3974.965
1760047800000,3974.905,3975.045,3957.955,3967.948
1760048100000,3968.048,3973.685,3967.948,3973.605
1760048400000,3973.605,3980.045,3972.975,3979.705
1760048700000,3979.715,3980.298,3970.305,3971.998
1760049000000,3971.998,3973.998,3970.898,3972.198
1760049300000,3972.198,3976.098,3971.758,3973.798
1760049600000,3973.998,3974.965,3973.198,3974.785
1760049900000,3974.785,3976.725,3974.055,3976.725
1760050200000,3976.795,3977.055,3973.445,3974.385
1760050500000,3974.395,3974.875,3974.059,3974.818
1760050800000,3974.848,3978.238,3974.655,3975.108
1760051100000,3974.998,3976.898,3974.198,3974.578
1760051400000,3974.478,3975.865,3973.948,3974.885
1760051700000,3974.795,3977.085,3974.485,3976.785
1760052000000,3976.798,3982.055,3976.295,3981.885
1760052300000,3981.915,3985.825,3981.425,3982.915
1760052600000,3982.895,3983.215,3977.795,3982.085
1760052900000,3982.085,3987.875,3981.585,3987.045
1760053200000,3987.085,3988.435,3985.798,3987.965
1760053500000,3987.925,3988.025,3985.105,3986.035
1760053800000,3985.995,3990.715,3985.885,3988.065
1760054100000,3988.045,3989.898,3987.545,3989.548
1760054400000,3989.399,3990.098,3986.409,3986.698
1760054700000,3986.698,3989.955,3985.198,3988.815
1760055000000,3988.815,3991.915,3988.485,3990.195
1760055300000,3990.215,3992.735,3988.595,3991.235
1760055600000,3991.259,3993.055,3990.025,3990.965
1760055900000,3990.885,3992.235,3989.925,3991.445
1760056200000,3991.445,3992.175,3987.915,3990.665
1760056500000,3990.635,3992.495,3988.625,3992.165
1760056800000,3992.145,3992.905,3990.745,3992.635
1760057100000,3992.695,3994.175,3990.945,3993.375
1760057400000,3993.305,3993.305,3989.475,3991.955
1760057700000,3992.025,3992.215,3989.895,3990.875
1760058000000,3990.845,3991.825,3986.475,3987.505
1760058300000,3987.615,3992.165,3983.325,3983.935
1760058600000,3983.905,3989.045,3983.825,3984.535
1760058900000,3984.555,3984.675,3977.865,3978.475
1760059200000,3978.495,3979.525,3975.155,3976.925
1760059500000,3977.005,3983.285,3976.875,3981.255
1760059800000,3981.285,3981.495,3975.425,3976.285
1760060100000,3976.175,3978.705,3971.818,3971.819
1760060400000,3971.875,3974.335,3969.588,3974.225
1760060700000,3974.215,3980.119,3974.155,3978.055
1760061000000,3978.035,3980.498,3976.955,3978.875
1760061300000,3978.785,3980.905,3972.059,3972.855
1760061600000,3972.815,3980.445,3972.815,3979.795
1760061900000,3979.765,3980.025,3976.598,3978.055
1760062200000,3977.948,3981.855,3977.395,3981.815
1760062500000,3981.895,3982.945,3981.375,3982.455
1760062800000,3982.475,3985.298,3981.355,3984.448
1760063100000,3984.448,3985.085,3983.525,3983.905
1760063400000,3983.955,3985.785,3982.825,3985.735
1760063700000,3985.755,3986.585,3983.385,3985.215
1760064000000,3985.205,3985.895,3981.595,3982.519
1760064300000,3982.565,3984.445,3982.285,3983.635
1760064600000,3983.695,3984.445,3979.525,3980.445
1760064900000,3980.495,3980.995,3976.485,3978.175
1760065200000,3978.175,3978.965,3973.385,3973.975
1760065500000,3973.935,3976.315,3972.665,3974.695
1760065800000,3974.625,3975.285,3970.318,3970.995
1760066100000,3971.035,3973.965,3969.515,3973.035
1760066400000,3972.975,3973.985,3968.719,3968.819
1760066700000,3968.819,3970.515,3961.298,3970.115
1760067000000,3970.155,3973.635,3970.015,3972.415
1760067300000,3972.465,3973.235,3968.029,3969.205
1760067600000,3969.175,3969.305,3963.315,3964.335
1760067900000,3964.265,3965.445,3960.498,3964.098
1760068200000,3964.098,3965.798,3962.798,3964.248
1760068500000,3964.265,3966.635,3961.379,3961.499
1760068800000,3961.499,3964.285,3960.599,3962.625
1760069100000,3962.435,3962.435,3954.165,3954.725
1760069400000,3954.695,3957.105,3946.675,3947.605
1760069700000,3947.635,3956.035,3947.635,3955.535
1760070000000,3955.535,3957.515,3954.705,3955.295
1760070300000,3955.235,3958.798,3955.155,3958.525
1760070600000,3958.525,3961.985,3957.375,3959.205
1760070900000,3959.165,3962.095,3958.248,3961.585
1760071200000,3961.435,3963.885,3961.365,3963.305
1760071500000,3963.325,3965.815,3962.375,3965.795
1760071800000,3965.875,3966.275,3964.865,3965.565
1760072100000,3965.545,3966.515,3964.495,3965.965
1760072400000,3965.935,3969.655,3965.855,3967.625
1760072700000,3967.625,3971.715,3967.375,3970.985
1760073000000,3970.995,3972.535,3969.615,3972.075
1760073300000,3972.055,3976.495,3972.015,3975.285
1760073600000,3975.415,3977.575,3974.735,3974.745
1760073900000,3974.745,3976.205,3972.245,3972.535
1760074200000,3972.495,3974.455,3970.705,3971.505
1760074500000,3971.685,3971.845,3965.415,3967.315
1760074800000,3967.348,3974.675,3966.985,3974.345
1760075100000,3974.235,3976.559,3972.485,3973.098
1760075400000,3972.998,3975.468,3971.858,3972.848
1760075700000,3972.848,3974.515,3970.995,3974.498
1760076000000,3974.555,3975.695,3968.545,3969.935
1760076300000,3969.898,3971.845,3968.425,3969.005
1760076600000,3969.055,3971.935,3967.425,3970.925
1760076900000,3970.915,3971.498,3967.805,3970.715
1760077200000,3970.785,3972.575,3970.065,3971.475
1760077500000,3971.445,3973.098,3970.425,3971.335
1760077800000,3971.355,3972.745,3970.448,3971.948
1760078100000,3971.948,3975.698,3967.988,3971.805
1760078400000,3971.735,3973.545,3968.405,3972.115
1760078700000,3972.405,3973.185,3968.465,3969.375
1760079000000,3969.395,3970.145,3962.355,3966.195
1760079300000,3966.325,3969.875,3963.675,3968.045
1760079600000,3968.045,3968.275,3960.265,3960.345
1760079900000,3960.325,3962.235,3952.245,3954.395
1760080200000,3954.565,3958.945,3952.955,3958.405
1760080500000,3958.435,3962.155,3957.275,3962.155
1760080800000,3962.105,3966.105,3961.515,3962.865
1760081100000,3962.885,3966.005,3960.155,3964.765
1760081400000,3964.785,3966.758,3962.145,3962.465
1760081700000,3962.495,3966.095,3962.485,3964.775
1760082000000,3964.735,3965.725,3962.275,3964.605
1760082300000,3964.585,3968.395,3964.055,3967.795
1760082600000,3967.825,3973.055,3967.275,3972.995
1760082900000,3972.985,3976.065,3971.635,3971.705
1760083200000,3971.725,3979.255,3969.935,3977.795
1760083500000,3977.825,3985.355,3977.495,3985.235
1760083800000,3985.285,3988.135,3983.825,3987.915
1760084100000,3987.885,3988.645,3985.405,3986.845
1760084400000,3986.815,3987.695,3985.705,3985.875
1760084700000,3985.825,3987.185,3985.355,3986.315
1760085000000,3986.305,3988.115,3984.905,3987.035
1760085300000,3987.065,3987.335,3985.625,3986.935
1760085600000,3986.895,3990.245,3985.445,3990.205
1760085900000,3990.195,3994.515,3990.195,3992.705
1760086200000,3992.715,3992.715,3989.669,3990.655
1760086500000,3990.639,3993.185,3990.629,3991.698
1760086800000,3991.698,3994.965,3991.235,3991.955
1760087100000,3991.755,3997.088,3990.095,3996.719
1760087400000,3996.645,4001.475,3995.988,4000.205
1760087700000,4000.185,4000.975,3991.175,3991.945
1760088000000,3992.015,3995.575,3990.325,3995.575
1760088300000,3995.605,3996.848,3991.958,3996.148
1760088600000,3996.175,3997.925,3994.215,3997.455
1760088900000,3997.445,3999.255,3996.379,3997.505
1760089200000,3997.585,4003.405,3997.165,4002.305
1760089500000,4002.325,4006.385,4001.179,4002.685
1760089800000,4002.715,4003.448,3997.379,3998.245
1760090100000,3997.995,3999.425,3995.105,3995.455
1760090400000,3995.345,3997.345,3992.555,3994.765
1760090700000,3994.695,3996.405,3993.269,3994.025
1760091000000,3994.045,3996.125,3990.955,3992.585
1760091300000,3992.575,3993.515,3990.548,3992.998
1760091600000,3992.998,3995.985,3991.885,3995.545
1760091900000,3995.555,3998.875,3994.445,3998.635
1760092200000,3998.605,3999.895,3996.735,3997.975
1760092500000,3998.005,3999.395,3997.535,3998.695
1760092800000,3998.655,3999.795,3997.795,3997.925
1760093100000,3997.945,3999.085,3996.005,3998.695
1760093400000,3998.785,3999.705,3992.995,3993.965
1760093700000,3993.995,3997.485,3993.445,3993.645
1760094000000,3993.675,3997.055,3992.965,3996.835
1760094300000,3996.735,3998.535,3996.025,3998.285
1760094600000,3998.315,3999.275,3996.835,3998.195
1760094900000,3998.175,3999.625,3997.175,3997.605
1760095200000,3997.285,3997.685,3993.965,3996.895
1760095500000,3996.915,3999.275,3996.695,3996.775
1760095800000,3997.215,3998.445,3991.555,3992.485
1760096100000,3992.485,3995.735,3991.145,3994.105
1760096400000,3993.975,3994.155,3990.885,3992.115
1760096700000,3992.095,3995.025,3982.988,3994.625
1760097000000,3994.605,3995.105,3990.195,3990.935
1760097300000,3990.825,3991.485,3985.375,3986.845
1760097600000,3986.835,3989.245,3986.245,3987.898
1760097900000,3987.925,3989.648,3984.835,3988.348
1760098200000,3988.348,3991.335,3985.265,3988.225
1760098500000,3988.255,3993.235,3986.775,3992.555
1760098800000,3992.575,3992.575,3986.195,3988.845
1760099100000,3988.448,3993.085,3988.025,3991.125
1760099400000,3991.175,3991.555,3985.275,3986.385
1760099700000,3986.435,3988.015,3984.365,3987.315
1760100000000,3987.295,3987.785,3984.665,3985.935
1760100300000,3985.915,3986.545,3979.855,3981.465
1760100600000,3981.445,3987.695,3981.295,3987.605
1760100900000,3987.535,3989.315,3984.098,3985.475
1760101200000,3985.415,3986.635,3979.245,3980.635
1760101500000,3980.615,3988.035,3980.055,3987.605
1760101800000,3987.625,3988.665,3984.125,3987.095
1760102100000,3987.115,3990.348,3985.965,3988.775
1760102400000,3988.848,3992.445,3987.415,3991.975
1760102700000,3992.025,3994.465,3989.845,3992.315
1760103000000,3992.215,3997.185,3988.305,3994.845
1760103300000,3994.755,3997.845,3988.908,3993.255
1760103600000,3993.385,3996.585,3992.515,3993.105
1760103900000,3992.908,3993.035,3981.025,3982.155
1760104200000,3982.125,3987.055,3979.875,3980.815
1760104500000,3980.785,3982.795,3975.175,3979.945
1760104800000,3979.865,3980.685,3972.615,3973.775
1760105100000,3973.955,3980.685,3970.485,3980.615
1760105400000,3980.635,3982.425,3975.925,3980.455
1760105700000,3980.435,3984.805,3976.555,3984.265
1760106000000,3984.305,3986.915,3984.125,3985.135
1760106300000,3985.095,3985.845,3981.425,3983.085
1760106600000,3983.055,3987.855,3980.885,3983.275
1760106900000,3983.375,3987.575,3979.875,3987.545
1760107200000,3987.505,3988.415,3981.055,3982.175
1760107500000,3982.195,3987.395,3980.465,3987.165
1760107800000,3987.135,3988.105,3985.255,3986.805
1760108100000,3986.775,3993.798,3983.555,3989.635
1760108400000,3989.695,3997.515,3987.935,3996.948
1760108700000,3996.948,4011.755,3995.025,4010.195
1760109000000,4010.085,4010.935,4001.698,4008.865
1760109300000,4008.935,4013.485,4005.585,4007.585
1760109600000,4007.775,4015.105,4002.975,4014.948
1760109900000,4014.975,4019.798,4014.098,4016.448
1760110200000,4016.248,4022.748,4011.068,4011.098
1760110500000,4011.298,4020.598,4010.848,4013.898
1760110800000,4013.718,4016.355,4005.125,4007.098
1760111100000,4007.465,4007.485,3994.125,4002.655
1760111400000,4002.695,4006.405,3998.738,4001.955
1760111700000,4002.005,4003.645,3996.695,3997.525
1760112000000,3997.605,3998.348,3990.398,3995.935
1760112300000,3995.925,3997.625,3981.185,3990.055
1760112600000,3990.055,3995.685,3987.985,3989.815
1760112900000,3989.815,3991.998,3976.885,3977.235
1760113200000,3977.305,3986.445,3977.305,3984.435
1760113500000,3984.435,3989.715,3982.555,3987.565
1760113800000,3987.515,3994.498,3987.465,3993.498
1760114100000,3993.598,3994.808,3990.818,3992.225
1760114400000,3992.255,3993.698,3985.145,3986.105
1760114700000,3986.125,3987.495,3981.175,3986.255
1760115000000,3986.425,3987.665,3982.435,3985.335
1760115300000,3985.325,3987.145,3979.395,3983.195
1760115600000,3983.245,3983.695,3975.545,3980.175
1760115900000,3980.215,3981.855,3975.085,3976.125
1760116200000,3976.155,3982.765,3974.845,3981.798
1760116500000,3981.798,3986.498,3980.935,3983.595
1760116800000,3983.655,3986.505,3982.515,3985.898
1760117100000,3985.815,3986.235,3982.665,3984.315
1760117400000,3984.475,3985.515,3978.135,3985.195
1760117700000,3985.135,3990.448,3984.265,3989.885
1760118000000,3989.865,3991.728,3988.005,3988.885
1760118300000,3988.915,3989.215,3983.595,3988.065
1760118600000,3988.065,3989.635,3986.445,3988.895
1760118900000,3988.925,3990.885,3987.825,3989.605
1760119200000,3989.735,3990.135,3984.005,3989.505
1760119500000,3989.535,3992.965,3988.335,3992.855
1760119800000,3992.935,3996.848,3990.775,3995.465
1760120100000,3995.405,3999.698,3995.248,3998.985
1760120400000,3999.025,4008.815,3998.345,4006.248
1760120700000,4006.248,4008.508,4002.498,4003.748
1760121000000,4003.628,4004.698,3995.048,3995.878
1760121300000,3995.908,3998.518,3995.628,3995.815
1760121600000,3995.945,3997.305,3992.635,3995.048
1760121900000,3995.048,3999.465,3994.108,3999.445
1760122200000,3999.475,4003.705,3998.315,3999.698
1760122500000,3999.498,4000.055,3998.145,3998.775
1760122800000,3998.805,4000.405,3997.615,3998.605
1760123100000,3998.605,4002.838,3995.695,4000.285
1760123400000,4000.335,4004.905,4000.075,4004.898
1760123700000,4004.998,4006.425,4001.865,4005.575
1760124000000,4005.565,4008.285,4005.425,4008.085
1760124300000,4008.045,4008.315,4004.498,4004.898
1760124600000,4005.125,4009.275,4005.098,4008.495
1760124900000,4008.465,4012.148,4005.898,4010.805
1760125200000,4010.805,4017.565,4010.698,4017.475
1760125500000,4017.475,4018.025,4011.948,4013.725
1760125800000,4013.698,4017.855,4011.455,4016.005
1760126100000,4016.095,4021.075,4009.665,4011.015
1760126400000,4011.055,4015.535,4010.495,4012.485
1760126700000,4012.625,4012.795,4005.855,4006.105
1760127000000,4006.095,4009.075,4005.505,4005.505
1760127300000,4005.465,4009.785,4005.465,4008.515
1760127600000,4008.575,4012.845,4007.625,4012.445
1760127900000,4012.435,4012.745,4010.855,4012.145
1760128200000,4012.125,4012.865,4008.545,4011.845
1760128500000,4011.515,4011.605,4009.005,4009.275
1760128800000,4009.295,4013.135,4007.565,4012.715
1760129100000,4012.735,4012.735,4010.025,4010.925
1760129400000,4010.795,4019.855,4010.695,4018.865
1760129700000,4018.865,4020.595,4007.775,4017.845
1760227200000,4012.615,4012.615,4012.615,4012.615
1760227500000,4012.615,4012.615,4012.615,4012.615
1760227800000,4012.615,4012.615,4012.615,4012.615
1760228100000,4012.615,4012.615,4012.615,4012.615
1760228400000,4012.615,4012.615,4012.615,4012.615
1760228700000,4012.615,4012.615,4012.615,4012.615
1760229000000,4012.615,4012.615,4012.615,4012.615
1760229300000,4012.615,4012.615,4012.615,4012.615
1760229600000,4012.615,4012.615,4012.615,4012.615
1760229900000,4012.615,4012.615,4012.615,4012.615
1760230200000,4012.615,4012.615,4012.615,4012.615
1760230500000,4012.615,4012.615,4012.615,4012.615
1760230800000,4012.615,4012.615,4012.615,4012.615
1760231100000,4012.615,4012.615,4012.615,4012.615
1760231400000,4012.615,4012.615,4012.615,4012.615
1760231700000,4012.615,4012.615,4012.615,4012.615
1760232000000,4012.615,4012.615,4012.615,4012.615
1760232300000,4012.615,4012.615,4012.615,4012.615
1760232600000,4012.615,4012.615,4012.615,4012.615
1760232900000,4012.615,4012.615,4012.615,4012.615
1760233200000,4012.615,4012.615,4012.615,4012.615
1760233500000,4012.615,4012.615,4012.615,4012.615
1760233800000,4012.615,4012.615,4012.615,4012.615
1760234100000,4012.615,4012.615,4012.615,4012.615
1760234400000,4012.615,4012.615,4012.615,4012.615
1760234700000,4012.615,4012.615,4012.615,4012.615
1760235000000,4012.615,4012.615,4012.615,4012.615
1760235300000,4012.615,4012.615,4012.615,4012.615
1760235600000,4012.615,4012.615,4012.615,4012.615
1760235900000,4012.615,4012.615,4012.615,4012.615
1760236200000,4012.615,4012.615,4012.615,4012.615
1760236500000,4012.615,4012.615,4012.615,4012.615
1760236800000,4012.615,4012.615,4012.615,4012.615
1760237100000,4012.615,4012.615,4012.615,4012.615
1760237400000,4012.615,4012.615,4012.615,4012.615
1760237700000,4012.615,4012.615,4012.615,4012.615
1760238000000,4012.615,4012.615,4012.615,4012.615
1760238300000,4012.615,4012.615,4012.615,4012.615
1760238600000,4012.615,4012.615,4012.615,4012.615
1760238900000,4012.615,4012.615,4012.615,4012.615
1760239200000,4012.615,4012.615,4012.615,4012.615
1760239500000,4012.615,4012.615,4012.615,4012.615
1760239800000,4012.615,4012.615,4012.615,4012.615
1760240100000,4012.615,4012.615,4012.615,4012.615
1760240400000,4012.615,4012.615,4012.615,4012.615
1760240700000,4012.615,4012.615,4012.615,4012.615
1760241000000,4012.615,4012.615,4012.615,4012.615
1760241300000,4012.615,4012.615,4012.615,4012.615
1760241600000,4012.615,4012.615,4012.615,4012.615
1760241900000,4012.615,4012.615,4012.615,4012.615
1760242200000,4012.615,4012.615,4012.615,4012.615
1760242500000,4012.615,4012.615,4012.615,4012.615
1760242800000,4012.615,4012.615,4012.615,4012.615
1760243100000,4012.615,4012.615,4012.615,4012.615
1760243400000,4012.615,4012.615,4012.615,4012.615
1760243700000,4012.615,4012.615,4012.615,4012.615
1760244000000,4012.615,4012.615,4012.615,4012.615
1760244300000,4012.615,4012.615,4012.615,4012.615
1760244600000,4012.615,4012.615,4012.615,4012.615
1760244900000,4012.615,4012.615,4012.615,4012.615
1760245200000,4012.615,4012.615,4012.615,4012.615
1760245500000,4012.615,4012.615,4012.615,4012.615
1760245800000,4012.615,4012.615,4012.615,4012.615
1760246100000,4012.615,4012.615,4012.615,4012.615
1760246400000,4012.615,4012.615,4012.615,4012.615
1760246700000,4012.615,4012.615,4012.615,4012.615
1760247000000,4012.615,4012.615,4012.615,4012.615
1760247300000,4012.615,4012.615,4012.615,4012.615
1760247600000,4012.615,4012.615,4012.615,4012.615
1760247900000,4012.615,4012.615,4012.615,4012.615
1760248200000,4012.615,4012.615,4012.615,4012.615
1760248500000,4012.615,4012.615,4012.615,4012.615
1760248800000,4012.615,4012.615,4012.615,4012.615
1760249100000,4012.615,4012.615,4012.615,4012.615
1760249400000,4012.615,4012.615,4012.615,4012.615
1760249700000,4012.615,4012.615,4012.615,4012.615
1760250000000,4012.615,4012.615,4012.615,4012.615
1760250300000,4012.615,4012.615,4012.615,4012.615
1760250600000,4012.615,4012.615,4012.615,4012.615
1760250900000,4012.615,4012.615,4012.615,4012.615
1760251200000,4012.615,4012.615,4012.615,4012.615
1760251500000,4012.615,4012.615,4012.615,4012.615
1760251800000,4012.615,4012.615,4012.615,4012.615
1760252100000,4012.615,4012.615,4012.615,4012.615
1760252400000,4012.615,4012.615,4012.615,4012.615
1760252700000,4012.615,4012.615,4012.615,4012.615
1760253000000,4012.615,4012.615,4012.615,4012.615
1760253300000,4012.615,4012.615,4012.615,4012.615
1760253600000,4012.615,4012.615,4012.615,4012.615
1760253900000,4012.615,4012.615,4012.615,4012.615
1760254200000,4012.615,4012.615,4012.615,4012.615
1760254500000,4012.615,4012.615,4012.615,4012.615
1760254800000,4012.615,4012.615,4012.615,4012.615
1760255100000,4012.615,4012.615,4012.615,4012.615
1760255400000,4012.615,4012.615,4012.615,4012.615
1760255700000,4012.615,4012.615,4012.615,4012.615
1760256000000,4012.615,4012.615,4012.615,4012.615
1760256300000,4012.615,4012.615,4012.615,4012.615
1760256600000,4012.615,4012.615,4012.615,4012.615
1760256900000,4012.615,4012.615,4012.615,4012.615
1760257200000,4012.615,4012.615,4012.615,4012.615
1760257500000,4012.615,4012.615,4012.615,4012.615
1760257800000,4012.615,4012.615,4012.615,4012.615
1760258100000,4012.615,4012.615,4012.615,4012.615
1760258400000,4012.615,4012.615,4012.615,4012.615
1760258700000,4012.615,4012.615,4012.615,4012.615
1760259000000,4012.615,4012.615,4012.615,4012.615
1760259300000,4012.615,4012.615,4012.615,4012.615
1760259600000,4012.615,4012.615,4012.615,4012.615
1760259900000,4012.615,4012.615,4012.615,4012.615
1760260200000,4012.615,4012.615,4012.615,4012.615
1760260500000,4012.615,4012.615,4012.615,4012.615
1760260800000,4012.615,4012.615,4012.615,4012.615
1760261100000,4012.615,4012.615,4012.615,4012.615
1760261400000,4012.615,4012.615,4012.615,4012.615
1760261700000,4012.615,4012.615,4012.615,4012.615
1760262000000,4012.615,4012.615,4012.615,4012.615
1760262300000,4012.615,4012.615,4012.615,4012.615
1760262600000,4012.615,4012.615,4012.615,4012.615
1760262900000,4012.615,4012.615,4012.615,4012.615
1760263200000,4012.615,4012.615,4012.615,4012.615
1760263500000,4012.615,4012.615,4012.615,4012.615
1760263800000,4012.615,4012.615,4012.615,4012.615
1760264100000,4012.615,4012.615,4012.615,4012.615
1760264400000,4012.615,4012.615,4012.615,4012.615
1760264700000,4012.615,4012.615,4012.615,4012.615
1760265000000,4012.615,4012.615,4012.615,4012.615
1760265300000,4012.615,4012.615,4012.615,4012.615
1760265600000,4012.615,4012.615,4012.615,4012.615
1760265900000,4012.615,4012.615,4012.615,4012.615
1760266200000,4012.615,4012.615,4012.615,4012.615
1760266500000,4012.615,4012.615,4012.615,4012.615
1760266800000,4012.615,4012.615,4012.615,4012.615
1760267100000,4012.615,4012.615,4012.615,4012.615
1760267400000,4012.615,4012.615,4012.615,4012.615
1760267700000,4012.615,4012.615,4012.615,4012.615
1760268000000,4012.615,4012.615,4012.615,4012.615
1760268300000,4012.615,4012.615,4012.615,4012.615
1760268600000,4012.615,4012.615,4012.615,4012.615
1760268900000,4012.615,4012.615,4012.615,4012.615
1760269200000,4012.615,4012.615,4012.615,4012.615
1760269500000,4012.615,4012.615,4012.615,4012.615
1760269800000,4012.615,4012.615,4012.615,4012.615
1760270100000,4012.615,4012.615,4012.615,4012.615
1760270400000,4012.615,4012.615,4012.615,4012.615
1760270700000,4012.615,4012.615,4012.615,4012.615
1760271000000,4012.615,4012.615,4012.615,4012.615
1760271300000,4012.615,4012.615,4012.615,4012.615
1760271600000,4012.615,4012.615,4012.615,4012.615
1760271900000,4012.615,4012.615,4012.615,4012.615
1760272200000,4012.615,4012.615,4012.615,4012.615
1760272500000,4012.615,4012.615,4012.615,4012.615
1760272800000,4012.615,4012.615,4012.615,4012.615
1760273100000,4012.615,4012.615,4012.615,4012.615
1760273400000,4012.615,4012.615,4012.615,4012.615
1760273700000,4012.615,4012.615,4012.615,4012.615
1760274000000,4012.615,4012.615,4012.615,4012.615
1760274300000,4012.615,4012.615,4012.615,4012.615
1760274600000,4012.615,4012.615,4012.615,4012.615
1760274900000,4012.615,4012.615,4012.615,4012.615
1760275200000,4012.615,4012.615,4012.615,4012.615
1760275500000,4012.615,4012.615,4012.615,4012.615
1760275800000,4012.615,4012.615,4012.615,4012.615
1760276100000,4012.615,4012.615,4012.615,4012.615
1760276400000,4012.615,4012.615,4012.615,4012.615
1760276700000,4012.615,4012.615,4012.615,4012.615
1760277000000,4012.615,4012.615,4012.615,4012.615
1760277300000,4012.615,4012.615,4012.615,4012.615
1760277600000,4012.615,4012.615,4012.615,4012.615
1760277900000,4012.615,4012.615,4012.615,4012.615
1760278200000,4012.615,4012.615,4012.615,4012.615
1760278500000,4012.615,4012.615,4012.615,4012.615
1760278800000,4012.615,4012.615,4012.615,4012.615
1760279100000,4012.615,4012.615,4012.615,4012.615
1760279400000,4012.615,4012.615,4012.615,4012.615
1760279700000,4012.615,4012.615,4012.615,4012.615
1760280000000,4012.615,4012.615,4012.615,4012.615
1760280300000,4012.615,4012.615,4012.615,4012.615
1760280600000,4012.615,4012.615,4012.615,4012.615
1760280900000,4012.615,4012.615,4012.615,4012.615
1760281200000,4012.615,4012.615,4012.615,4012.615
1760281500000,4012.615,4012.615,4012.615,4012.615
1760281800000,4012.615,4012.615,4012.615,4012.615
1760282100000,4012.615,4012.615,4012.615,4012.615
1760282400000,4012.615,4012.615,4012.615,4012.615
1760282700000,4012.615,4012.615,4012.615,4012.615
1760283000000,4012.615,4012.615,4012.615,4012.615
1760283300000,4012.615,4012.615,4012.615,4012.615
1760283600000,4012.615,4012.615,4012.615,4012.615
1760283900000,4012.615,4012.615,4012.615,4012.615
1760284200000,4012.615,4012.615,4012.615,4012.615
1760284500000,4012.615,4012.615,4012.615,4012.615
1760284800000,4012.615,4012.615,4012.615,4012.615
1760285100000,4012.615,4012.615,4012.615,4012.615
1760285400000,4012.615,4012.615,4012.615,4012.615
1760285700000,4012.615,4012.615,4012.615,4012.615
1760286000000,4012.615,4012.615,4012.615,4012.615
1760286300000,4012.615,4012.615,4012.615,4012.615
1760286600000,4012.615,4012.615,4012.615,4012.615
1760286900000,4012.615,4012.615,4012.615,4012.615
1760287200000,4012.615,4012.615,4012.615,4012.615
1760287500000,4012.615,4012.615,4012.615,4012.615
1760287800000,4012.615,4012.615,4012.615,4012.615
1760288100000,4012.615,4012.615,4012.615,4012.615
1760288400000,4012.615,4012.615,4012.615,4012.615
1760288700000,4012.615,4012.615,4012.615,4012.615
1760289000000,4012.615,4012.615,4012.615,4012.615
1760289300000,4012.615,4012.615,4012.615,4012.615
1760289600000,4012.615,4012.615,4012.615,4012.615
1760289900000,4012.615,4012.615,4012.615,4012.615
1760290200000,4012.615,4012.615,4012.615,4012.615
1760290500000,4012.615,4012.615,4012.615,4012.615
1760290800000,4012.615,4012.615,4012.615,4012.615
1760291100000,4012.615,4012.615,4012.615,4012.615
1760291400000,4012.615,4012.615,4012.615,4012.615
1760291700000,4012.615,4012.615,4012.615,4012.615
1760292000000,4012.615,4012.615,4012.615,4012.615
1760292300000,4012.615,4012.615,4012.615,4012.615
1760292600000,4012.615,4012.615,4012.615,4012.615
1760292900000,4012.615,4012.615,4012.615,4012.615
1760293200000,4012.615,4012.615,4012.615,4012.615
1760293500000,4012.615,4012.615,4012.615,4012.615
1760293800000,4012.615,4012.615,4012.615,4012.615
1760294100000,4012.615,4012.615,4012.615,4012.615
1760294400000,4012.615,4012.615,4012.615,4012.615
1760294700000,4012.615,4012.615,4012.615,4012.615
1760295000000,4012.615,4012.615,4012.615,4012.615
1760295300000,4012.615,4012.615,4012.615,4012.615
1760295600000,4012.615,4012.615,4012.615,4012.615
1760295900000,4012.615,4012.615,4012.615,4012.615
1760296200000,4012.615,4012.615,4012.615,4012.615
1760296500000,4012.615,4012.615,4012.615,4012.615
1760296800000,4012.615,4012.615,4012.615,4012.615
1760297100000,4012.615,4012.615,4012.615,4012.615
1760297400000,4012.615,4012.615,4012.615,4012.615
1760297700000,4012.615,4012.615,4012.615,4012.615
1760298000000,4012.615,4012.615,4012.615,4012.615
1760298300000,4012.615,4012.615,4012.615,4012.615
1760298600000,4012.615,4012.615,4012.615,4012.615
1760298900000,4012.615,4012.615,4012.615,4012.615
1760299200000,4012.615,4012.615,4012.615,4012.615
1760299500000,4012.615,4012.615,4012.615,4012.615
1760299800000,4012.615,4012.615,4012.615,4012.615
1760300100000,4012.615,4012.615,4012.615,4012.615
1760300400000,4012.615,4012.615,4012.615,4012.615
1760300700000,4012.615,4012.615,4012.615,4012.615
1760301000000,4012.615,4012.615,4012.615,4012.615
1760301300000,4012.615,4012.615,4012.615,4012.615
1760301600000,4012.615,4012.615,4012.615,4012.615
1760301900000,4012.615,4012.615,4012.615,4012.615
1760302200000,4012.615,4012.615,4012.615,4012.615
1760302500000,4012.615,4012.615,4012.615,4012.615
1760302800000,4012.615,4012.615,4012.615,4012.615
1760303100000,4012.615,4012.615,4012.615,4012.615
1760303400000,4012.615,4012.615,4012.615,4012.615
1760303700000,4012.615,4012.615,4012.615,4012.615
1760304000000,4012.615,4012.615,4012.615,4012.615
1760304300000,4012.615,4012.615,4012.615,4012.615
1760304600000,4012.615,4012.615,4012.615,4012.615
1760304900000,4012.615,4012.615,4012.615,4012.615
1760305200000,4012.615,4012.615,4012.615,4012.615
1760305500000,4012.615,4012.615,4012.615,4012.615
1760305800000,4012.615,4012.615,4012.615,4012.615
1760306100000,4012.615,4012.615,4012.615,4012.615
1760306400000,4000.535,4029.575,4000.535,4014.785
1760306700000,4012.055,4020.275,4006.225,4014.985
1760307000000,4013.895,4027.235,4012.625,4021.365
1760307300000,4021.145,4030.565,4018.895,4027.145
1760307600000,4027.365,4040.185,4026.148,4038.995
1760307900000,4038.995,4044.845,4036.195,4040.035
1760308200000,4040.065,4040.395,4032.455,4036.885
1760308500000,4036.908,4037.698,4033.165,4034.765
1760308800000,4034.815,4038.015,4034.785,4036.048
1760309100000,4036.048,4037.448,4031.985,4036.248
1760309400000,4036.248,4038.595,4035.948,4037.348
1760309700000,4037.348,4042.648,4036.525,4041.948
1760310000000,4041.879,4050.648,4040.475,4049.975
1760310300000,4049.875,4059.938,4047.675,4059.548
1760310600000,4059.748,4059.748,4040.318,4047.825
1760310900000,4047.835,4054.048,4047.525,4050.598
1760311200000,4050.598,4050.798,4045.848,4049.248
1760311500000,4049.348,4052.948,4046.858,4048.498
1760311800000,4048.598,4049.298,4040.635,4041.088
1760312100000,4041.088,4045.008,4039.698,4042.148
1760312400000,4042.148,4042.198,4035.758,4038.385
1760312700000,4038.285,4044.648,4037.398,4041.915
1760313000000,4041.909,4041.935,4035.879,4036.298
1760313300000,4036.298,4036.998,4031.885,4034.705
1760313600000,4034.885,4035.895,4030.548,4032.248
1760313900000,4032.248,4032.625,4024.975,4026.198
1760314200000,4026.198,4033.215,4024.775,4031.675
1760314500000,4031.715,4032.865,4025.605,4025.905
1760314800000,4025.895,4039.965,4024.295,4033.498
1760315100000,4033.598,4041.335,4031.668,4040.145
1760315400000,4040.155,4040.579,4037.475,4039.435
1760315700000,4039.405,4052.915,4039.159,4051.815
1760316000000,4051.798,4057.015,4046.445,4056.605
1760316300000,4056.555,4059.425,4042.048,4045.935
1760316600000,4046.025,4050.648,4044.835,4047.615
1760316900000,4047.565,4049.895,4042.635,4043.415
1760317200000,4043.365,4044.355,4035.445,4042.515
1760317500000,4042.135,4049.498,4041.975,4049.298
1760317800000,4049.198,4053.098,4043.248,4043.648
1760318100000,4043.765,4046.648,4037.455,4043.435
1760318400000,4043.405,4045.065,4039.998,4040.125
1760318700000,4040.105,4043.465,4038.155,4041.795
1760319000000,4041.805,4048.115,4041.015,4046.715
1760319300000,4046.715,4052.365,4043.685,4052.365
1760319600000,4052.325,4052.668,4045.835,4049.675
1760319900000,4049.705,4050.448,4045.395,4046.455
1760320200000,4046.615,4051.575,4046.165,4050.695
1760320500000,4050.825,4054.725,4049.665,4052.865
1760320800000,4052.585,4055.685,4047.155,4047.705
1760321100000,4047.655,4051.698,4042.245,4046.035
1760321400000,4046.015,4052.395,4045.775,4049.165
1760321700000,4049.135,4049.765,4046.945,4048.025
1760322000000,4047.995,4050.685,4046.845,4049.925
1760322300000,4049.895,4049.895,4045.595,4045.915
1760322600000,4045.595,4047.475,4043.805,4045.625
1760322900000,4045.705,4048.555,4042.755,4047.225
1760323200000,4047.235,4050.545,4044.775,4047.048
1760323500000,4047.048,4048.498,4045.798,4046.098
1760323800000,4046.098,4046.125,4041.125,4042.948
1760324100000,4043.065,4048.655,4043.035,4047.905
1760324400000,4047.875,4049.975,4046.115,4048.005
1760324700000,4047.815,4049.015,4046.035,4048.085
1760325000000,4047.935,4049.845,4047.525,4049.745
1760325300000,4049.745,4050.335,4048.605,4049.205
1760325600000,4049.205,4049.998,4046.385,4046.925
1760325900000,4046.775,4052.455,4046.258,4051.575
1760326200000,4051.535,4051.785,4049.485,4050.215
1760326500000,4050.135,4054.095,4049.905,4052.905
1760326800000,4052.895,4055.245,4052.435,4054.655
1760327100000,4054.655,4056.045,4049.785,4050.875
1760327400000,4050.875,4051.065,4047.935,4050.835
1760327700000,4050.905,4052.355,4050.035,4051.728
1760328000000,4051.728,4052.813,4050.675,4052.075
1760328300000,4052.115,4053.635,4051.495,4053.135
1760328600000,4053.135,4054.355,4052.288,4052.758
1760328900000,4052.758,4056.995,4052.758,4054.905
1760329200000,4054.905,4055.515,4052.665,4054.585
1760329500000,4054.615,4056.265,4054.235,4055.975
1760329800000,4055.955,4058.315,4055.295,4056.015
1760330100000,4056.015,4058.895,4055.985,4058.255
1760330400000,4058.255,4058.655,4055.695,4057.165
1760330700000,4056.705,4056.945,4055.209,4055.905
1760331000000,4055.925,4057.155,4055.205,4056.498
1760331300000,4056.498,4056.865,4055.198,4055.865
1760331600000,4055.865,4061.195,4054.309,4061.045
1760331900000,4061.145,4065.565,4059.165,4065.255
1760332200000,4065.155,4065.225,4059.275,4062.698
1760332500000,4062.715,4067.755,4061.998,4066.895
1760332800000,4066.805,4071.405,4066.775,4070.525
1760333100000,4070.548,4073.715,4069.775,4070.955
1760333400000,4070.935,4077.628,4068.398,4075.295
1760333700000,4075.355,4077.748,4072.845,4075.475
1760334000000,4075.435,4077.585,4074.315,4075.485
1760334300000,4075.465,4076.245,4072.275,4072.445
1760334600000,4072.495,4073.665,4070,4071.658
1760334900000,4071.685,4072.298,4061.275,4063.348
1760335200000,4063.345,4066.898,4062.995,4062.995
1760335500000,4063.085,4064.848,4059.398,4064.005
1760335800000,4064.025,4066.005,4063.485,4065.205
1760336100000,4065.205,4068.161,4063.945,4067.515
1760336400000,4067.515,4071.205,4066.315,4069.235
1760336700000,4069.185,4069.748,4065.895,4068.455
1760337000000,4068.455,4073.315,4067.555,4068.825
1760337300000,4068.785,4069.965,4067.195,4067.625
1760337600000,4067.625,4069.798,4066.795,4069.615
1760337900000,4069.598,4070.298,4067.605,4067.705
1760338200000,4067.685,4070.325,4066.605,4068.825
1760338500000,4068.855,4069.798,4067.798,4069.098
1760338800000,4068.929,4068.965,4066.145,4066.525
1760339100000,4066.685,4069.215,4066.505,4067.998
1760339400000,4067.905,4072.708,4067.838,4071.455
1760339700000,4071.525,4071.748,4067.798,4069.198
1760340000000,4069.205,4074.505,4069.205,4073.385
1760340300000,4073.315,4075.848,4073.295,4074.185
1760340600000,4074.185,4074.515,4067.905,4069.115
1760340900000,4069.125,4072.915,4068.465,4071.765
1760341200000,4071.795,4075.275,4070.558,4074.885
1760341500000,4074.885,4077.105,4073.835,4075.195
1760341800000,4075.285,4076.698,4072.655,4072.865
1760342100000,4072.805,4073.278,4068.825,4070.705
1760342400000,4070.655,4073.448,4069.535,4073.098
1760342700000,4073.098,4075.938,4072.685,4074.405
1760343000000,4074.448,4076.005,4072.425,4075.205
1760343300000,4075.225,4075.485,4070.055,4071.555
1760343600000,4071.525,4074.815,4071.195,4074.175
1760343900000,4074.185,4075.885,4071.055,4073.265
1760344200000,4073.125,4073.185,4069.425,4071.498
1760344500000,4071.498,4071.525,4068.715,4069.605
1760344800000,4069.625,4073.935,4069.135,4073.935
1760345100000,4073.905,4077.165,4072.915,4077.005
1760345400000,4077.035,4079.015,4074.895,4078.105
1760345700000,4078.125,4078.575,4076.655,4077.535
1760346000000,4077.505,4079.498,4077.095,4078.748
1760346300000,4078.748,4079.555,4077.395,4077.955
1760346600000,4077.925,4078.215,4074.795,4075.875
1760346900000,4075.915,4076.398,4074.785,4075.655
1760347200000,4075.635,4075.665,4072.305,4073.435
1760347500000,4073.415,4073.415,4070.798,4071.285
1760347800000,4071.175,4072.065,4069.945,4070.465
1760348100000,4070.445,4072.605,4070.315,4071.815
1760348400000,4071.845,4074.205,4071.555,4073.105
1760348700000,4073.085,4075.335,4072.765,4074.895
1760349000000,4074.915,4079.158,4074.415,4078.895
1760349300000,4078.865,4079.505,4077.025,4077.045
1760349600000,4077.058,4077.148,4071.805,4076.665
1760349900000,4076.705,4077.245,4073.725,4074.195
1760350200000,4074.115,4074.175,4070.855,4071.125
1760350500000,4071.095,4073.848,4071.095,4072.848
1760350800000,4072.848,4073.095,4072.008,4072.615
1760351100000,4072.575,4076.105,4072.575,4076.055
1760351400000,4076.085,4076.255,4073.325,4075.115
1760351700000,4075.135,4079.215,4075.135,4077.605
1760352000000,4077.625,4079.845,4077.575,4077.645
1760352300000,4077.655,4081.405,4077.635,4080.775
1760352600000,4080.805,4085.065,4080.585,4081.575
1760352900000,4081.455,4082.015,4080.375,4080.785
1760353200000,4080.745,4082.055,4077.005,4078.355
1760353500000,4078.335,4082.495,4078.335,4079.455
1760353800000,4079.435,4084.305,4079.435,4081.865
1760354100000,4081.885,4084.535,4081.628,4083.845
1760354400000,4083.785,4084.465,4079.798,4081.745
1760354700000,4081.855,4082.005,4080.065,4081.155
1760355000000,4081.235,4081.235,4076.528,4078.245
1760355300000,4078.155,4078.785,4076.315,4076.405
1760355600000,4076.445,4078.315,4076.148,4076.895
1760355900000,4076.875,4077.755,4075.395,4076.198
1760356200000,4076.198,4077.035,4074.105,4074.395
1760356500000,4074.425,4075.665,4073.435,4073.745
1760356800000,4073.785,4075.548,4072.965,4074.055
1760357100000,4074.048,4075.665,4073.605,4075.275
1760357400000,4075.258,4076.798,4073.565,4074.535
1760357700000,4074.618,4078.025,4073.475,4077.975
1760358000000,4077.995,4081.985,4076.855,4080.275
1760358300000,4080.275,4084.235,4079.985,4083.505
1760358600000,4083.525,4085.785,4081.775,4082.485
1760358900000,4082.515,4083.115,4076.975,4080.355
1760359200000,4080.365,4082.035,4076.935,4078.155
1760359500000,4078.035,4078.748,4075.638,4075.698
1760359800000,4075.705,4077.915,4075.138,4077.198
1760360100000,4077.205,4080.665,4075.925,4079.445
1760360400000,4079.475,4083.105,4078.035,4082.075
1760360700000,4082.095,4085.895,4081.298,4085.885
1760361000000,4086.185,4087.975,4085.755,4087.475
1760361300000,4087.565,4089.705,4086.045,4087.325
1760361600000,4087.345,4090.875,4083.718,4090.875
1760361900000,4090.855,4092.795,4090.305,4091.125
1760362200000,4091.155,4093.185,4081.555,4088.855
1760362500000,4088.775,4088.915,4082.575,4087.875
1760362800000,4087.905,4089.325,4082.335,4086.265
1760363100000,4086.215,4092.815,4086.155,4091.385
1760363400000,4091.445,4095.318,4090.855,4095.318
1760363700000,4095.275,4095.295,4091.515,4093.925
1760364000000,4093.935,4096.405,4092.435,4094.805
1760364300000,4094.895,4095.275,4090.845,4094.725
1760364600000,4094.695,4096.135,4091.905,4092.145
1760364900000,4092.175,4094.335,4090.475,4093.985
1760365200000,4093.965,4096.695,4093.255,4094.285
1760365500000,4094.255,4096.485,4093.655,4094.485
1760365800000,4094.705,4098.238,4094.705,4097.025
1760366100000,4096.915,4099.398,4096.075,4097.885
1760366400000,4097.915,4098.535,4095.148,4096.755
1760366700000,4096.785,4100.355,4096.785,4099.365
1760367000000,4099.385,4103.575,4098.985,4101.745
1760367300000,4101.635,4101.635,4097.085,4097.085
1760367600000,4097.095,4099.405,4096.305,4099.065
1760367900000,4099.035,4099.285,4091.418,4093.198
1760368200000,4093.298,4097.455,4093.115,4096.615
1760368500000,4096.685,4099.815,4096.645,4099.575
1760368800000,4099.595,4100.015,4097.055,4097.125
1760369100000,4097.255,4098.395,4092.775,4092.958
1760369400000,4093.048,4097.205,4092.348,4094.925
1760369700000,4094.885,4098.545,4094.848,4098.305
1760370000000,4098.285,4099.745,4098.045,4099.595
1760370300000,4099.625,4100.955,4097.835,4097.855
1760370600000,4097.825,4102.225,4097.385,4102.225
1760370900000,4102.098,4107.158,4101.785,4104.675
1760371200000,4104.735,4109.065,4104.715,4107.245
1760371500000,4107.295,4112.945,4107.155,4112.095
1760371800000,4112.115,4116.415,4111.965,4115.525
1760372100000,4115.555,4117.005,4112.865,4114.345
1760372400000,4114.305,4114.415,4111.185,4113.055
1760372700000,4113.105,4113.675,4108.835,4109.725
1760373000000,4109.538,4110.355,4108.155,4110.245
1760373300000,4110.255,4112.005,4105.638,4107.025
1760373600000,4107.005,4108.248,4105.188,4105.728
1760373900000,4105.645,4112.475,4105.625,4111.835
1760374200000,4111.805,4112.365,4109.715,4109.715
1760374500000,4109.755,4111.048,4103.548,4105.415
1760374800000,4105.435,4107.815,4104.575,4106.348
1760375100000,4106.448,4107.448,4103.548,4104.655
1760375400000,4104.685,4106.575,4101.515,4106.545
1760375700000,4106.525,4107.098,4104.098,4105.598
1760376000000,4105.598,4112.055,4105.445,4110.915
1760376300000,4110.935,4115.215,4110.905,4112.435
1760376600000,4112.455,4113.475,4109.115,4109.115
1760376900000,4109.225,4110.815,4108.215,4109.735
1760377200000,4109.735,4110.555,4106.935,4106.975
1760377500000,4106.945,4108.075,4104.715,4105.715
1760377800000,4105.765,4105.985,4099.948,4102.305
1760378100000,4102.285,4104.335,4099.925,4103.498
1760378400000,4103.455,4104.198,4102.148,4102.975
1760378700000,4102.945,4103.175,4099.948,4100.005
1760379000000,4100.095,4102.005,4099.105,4101.785
1760379300000,4101.715,4105.338,4101.665,4103.545
1760379600000,4103.625,4106.065,4103.115,4105.515
1760379900000,4105.545,4107.295,4103.548,4104.448
1760380200000,4104.448,4106.995,4102.465,4105.448
1760380500000,4105.385,4106.225,4103.195,4103.445
1760380800000,4103.485,4104.198,4101.198,4101.525
1760381100000,4101.635,4102.745,4100.435,4102.495
1760381400000,4102.495,4104.455,4101.105,4101.505
1760381700000,4101.465,4102.185,4099.935,4101.585
1760382000000,4101.575,4102.835,4098.705,4098.965
1760382300000,4098.985,4099.725,4090.565,4094.355
1760382600000,4094.505,4099.385,4094.455,4097.865
1760382900000,4097.835,4102.095,4097.515,4101.325
1760383200000,4101.345,4104.015,4101.195,4103.595
1760383500000,4103.615,4106.345,4103.595,4104.565
1760383800000,4104.545,4106.525,4104.425,4106.185
1760384100000,4106.185,4106.348,4101.865,4102.848
1760384400000,4102.848,4104.985,4102.605,4104.745
1760384700000,4104.748,4105.905,4103.985,4105.445
1760385000000,4105.475,4110.035,4103.545,4110.005
1760385300000,4109.985,4110.655,4107.645,4108.385
1760385600000,4108.445,4110.035,4105.805,4106.005
1760385900000,4106.025,4108.645,4105.955,4106.965
1760386200000,4107.005,4108.695,4106.625,4108.665
1760386500000,4108.645,4109.125,4107.748,4108.348
1760386800000,4108.348,4110.048,4108.348,4109.798
1760387100000,4109.798,4110.998,4109.798,4110.498
1760387400000,4110.395,4110.498,4108.548,4108.548
1760387700000,4108.748,4109.148,4107.298,4107.298
1760388000000,4107.398,4109.898,4107.398,4109.898
1760388300000,4109.785,4112.148,4109.698,4111.048
1760388600000,4110.975,4112.448,4109.698,4111.898
1760388900000,4111.819,4111.819,4109.095,4109.095
1760389200000,4109.095,4109.095,4109.095,4109.095
1760389500000,4109.095,4109.095,4109.095,4109.095
1760389800000,4109.095,4109.095,4109.095,4109.095
1760390100000,4109.095,4109.095,4109.095,4109.095
1760390400000,4109.095,4109.095,4109.095,4109.095
1760390700000,4109.095,4109.095,4109.095,4109.095
1760391000000,4109.095,4109.095,4109.095,4109.095
1760391300000,4109.095,4109.095,4109.095,4109.095
1760391600000,4109.095,4109.095,4109.095,4109.095
1760391900000,4109.095,4109.095,4109.095,4109.095
1760392200000,4109.095,4109.095,4109.095,4109.095
1760392500000,4109.095,4109.095,4109.095,4109.095
1760392800000,4110.225,4113.348,4108.498,4112.498
1760393100000,4112.275,4112.798,4110.495,4112.098
1760393400000,4112.098,4113.298,4111.685,4112.705
1760393700000,4112.675,4113.105,4110.798,4111.598
1760394000000,4112.168,4113.948,4110.965,4112.548
1760394300000,4112.548,4112.548,4108.455,4108.748
1760394600000,4108.848,4109.748,4106.435,4107.998
1760394900000,4107.965,4109.085,4106.405,4106.815
1760395200000,4106.805,4108.315,4106.365,4107.945
1760395500000,4107.965,4112.115,4107.945,4111.545
1760395800000,4111.515,4114.398,4111.515,4113.998
1760396100000,4114.098,4115.448,4113.665,4114.648
1760396400000,4114.275,4116.048,4112.748,4114.648
1760396700000,4114.548,4115.968,4113.848,4115.098
1760397000000,4114.998,4116.598,4113.498,4114.525
1760397300000,4114.555,4114.948,4113.545,4114.448
1760397600000,4114.448,4114.875,4112.655,4113.435
1760397900000,4113.655,4116.685,4112.705,4114.798
1760398200000,4114.898,4126.015,4114.765,4125.905
1760398500000,4125.925,4130.945,4125.575,4129.745
1760398800000,4129.775,4131.265,4127.248,4128.135
1760399100000,4128.145,4131.598,4127.648,4131.348
1760399400000,4131.348,4131.748,4125.675,4126.565
1760399700000,4126.565,4128.848,4125.345,4127.798
1760400000000,4127.898,4129.398,4120.055,4121.035
1760400300000,4121.035,4123.265,4119.675,4122.048
1760400600000,4122.048,4125.298,4120.185,4123.148
1760400900000,4122.855,4124.048,4119.915,4120.475
1760401200000,4120.455,4123.015,4119.065,4121.435
1760401500000,4121.455,4126.498,4120.895,4126.048
1760401800000,4126.048,4129.248,4124.548,4126.905
1760402100000,4126.998,4128.898,4126.898,4127.748
1760402400000,4127.748,4128.648,4126.498,4127.855
1760402700000,4127.875,4128.405,4125.225,4127.485
1760403000000,4127.515,4130.085,4126.555,4126.915
1760403300000,4126.915,4128.895,4124.065,4124.155
1760403600000,4124.155,4131.925,4122.845,4131.035
1760403900000,4130.945,4131.895,4126.775,4129.355
1760404200000,4129.295,4140.898,4128.185,4140.255
1760404500000,4140.248,4142.405,4138.955,4141.705
1760404800000,4141.615,4148.845,4140.189,4146.165
1760405100000,4146.195,4149.685,4145.275,4146.575
1760405400000,4146.585,4148.875,4140.915,4146.355
1760405700000,4146.355,4147.825,4142.075,4143.505
1760406000000,4143.485,4143.905,4134.725,4139.548
1760406300000,4139.548,4139.948,4133.865,4134.625
1760406600000,4134.625,4137.298,4131.798,4135.455
1760406900000,4135.475,4139.398,4135.098,4136.715
1760407200000,4136.685,4141.865,4136.475,4139.975
1760407500000,4139.955,4143.245,4139.735,4142.348
1760407800000,4142.248,4143.498,4140.548,4141.048
1760408100000,4141.048,4142.598,4137.848,4138.985
1760408400000,4138.955,4142.135,4138.905,4141.648
1760408700000,4141.648,4143.298,4140.855,4142.085
1760409000000,4142.198,4145.915,4141.598,4145.495
1760409300000,4145.515,4148.425,4144.355,4148.185
1760409600000,4148.185,4149.635,4146.735,4147.115
1760409900000,4147.125,4148.105,4142.635,4146.295
1760410200000,4146.335,4147.655,4142.495,4147.485
1760410500000,4147.455,4148.505,4144.335,4145.645
1760410800000,4145.685,4148.615,4144.865,4147.765
1760411100000,4147.795,4153.265,4147.765,4153.265
1760411400000,4153.145,4155.248,4151.315,4154.565
1760411700000,4154.585,4157.665,4154.585,4155.875
1760412000000,4155.945,4158.435,4155.555,4157.605
1760412300000,4157.555,4159.305,4156.348,4159.145
1760412600000,4159.115,4159.625,4157.875,4159.125
1760412900000,4158.998,4161.635,4158.315,4161.495
1760413200000,4161.555,4162.395,4159.845,4161.735
1760413500000,4161.895,4164.045,4160.245,4163.965
1760413800000,4163.755,4166.065,4163.135,4164.085
1760414100000,4164.065,4164.145,4160.165,4162.885
1760414400000,4162.785,4164.045,4159.648,4163.848
1760414700000,4163.855,4165.548,4163.315,4164.355
1760415000000,4164.369,4168.985,4163.705,4167.065
1760415300000,4167.045,4167.165,4158.165,4163.865
1760415600000,4163.925,4164.075,4157.325,4160.748
1760415900000,4160.748,4164.655,4160.448,4163.548
1760416200000,4163.565,4164.205,4161.815,4162.325
1760416500000,4162.445,4162.885,4155.505,4158.955
1760416800000,4158.935,4163.208,4158.705,4162.528
1760417100000,4162.298,4168.315,4161.948,4166.515
1760417400000,4166.545,4168.335,4166.305,4167.705
1760417700000,4167.705,4169.665,4167.125,4167.865
1760418000000,4167.835,4170.715,4165.488,4169.145
1760418300000,4169.105,4176.565,4167.835,4175.698
1760418600000,4175.698,4176.895,4174.185,4176.275
1760418900000,4176.275,4179.065,4175.925,4177.625
1760419200000,4177.595,4179.355,4174.605,4175.425
1760419500000,4175.435,4179.155,4174.098,4179.095
1760419800000,4178.998,4179.335,4171.245,4173.905
1760420100000,4173.915,4174.198,4138.125,4140.395
1760420400000,4140.195,4151.225,4118.615,4119.185
1760420700000,4118.815,4131.185,4113.805,4115.215
1760421000000,4115.415,4136.995,4115.008,4136.748
1760421300000,4136.748,4136.748,4110.448,4120.585
1760421600000,4120.535,4133.448,4115.798,4124.748
1760421900000,4124.605,4126.698,4115.125,4124.548
1760422200000,4124.648,4124.648,4105.585,4110.798
1760422500000,4110.898,4118.205,4109.275,4110.798
1760422800000,4110.698,4112.245,4089.885,4099.248
1760423100000,4099.248,4114.355,4098.325,4113.415
1760423400000,4113.475,4114.685,4105.495,4111.715
1760423700000,4112.115,4112.415,4101.385,4103.745
1760424000000,4103.715,4108.098,4098.148,4098.348
1760424300000,4098.338,4099.298,4089.805,4098.305
1760424600000,4098.305,4110.165,4098.305,4108.995
1760424900000,4108.975,4112.545,4105.235,4111.865
1760425200000,4111.298,4111.298,4105.035,4106.565
1760425500000,4106.505,4109.565,4102.325,4104.045
1760425800000,4104.045,4112.835,4102.985,4111.955
1760426100000,4111.898,4124.265,4110.055,4120.998
1760426400000,4120.798,4124.285,4119.475,4121.125
1760426700000,4121.155,4127.585,4121.065,4123.405
1760427000000,4123.445,4125.175,4116.395,4120.015
1760427300000,4120.045,4126.498,4118.295,4121.298
1760427600000,4121.298,4124.775,4118.175,4119.598
1760427900000,4119.598,4124.998,4118.798,4122.018
1760428200000,4121.935,4126.498,4121.705,4124.198
1760428500000,4124.198,4126.485,4122.515,4126.175
1760428800000,4126.155,4130.815,4124.435,4128.135
1760429100000,4128.135,4132.215,4127.675,4129.498
1760429400000,4129.399,4140.615,4129.048,4140.438
1760429700000,4140.548,4140.698,4137.725,4138.835
1760430000000,4138.795,4140.805,4137.925,4139.335
1760430300000,4139.375,4144.275,4139.365,4143.948
1760430600000,4143.948,4144.898,4137.575,4139.305
1760430900000,4139.275,4140.925,4137.065,4137.078
1760431200000,4137.078,4142.155,4129.935,4132.225
1760431500000,4132.215,4139.475,4131.925,4137.635
1760431800000,4137.605,4143.285,4135.525,4141.305
1760432100000,4141.465,4143.698,4140.455,4143.598
1760432400000,4143.555,4143.898,4136.175,4137.515
1760432700000,4137.515,4139.215,4133.655,4135.365
1760433000000,4135.395,4142.248,4135.215,4140.498
1760433300000,4140.498,4141.328,4137.645,4138.185
1760433600000,4138.185,4140.595,4137.975,4138.695
1760433900000,4138.695,4141.595,4137.865,4139.375
1760434200000,4139.398,4143.665,4139.005,4140.555
1760434500000,4140.555,4141.748,4135.635,4136.748
1760434800000,4136.695,4140.735,4135.105,4136.635
1760435100000,4136.665,4136.978,4129.015,4132.695
1760435400000,4132.715,4133.545,4125.348,4127.295
1760435700000,4127.315,4129.398,4121.288,4127.048
1760436000000,4127.065,4129.555,4125.875,4128.545
1760436300000,4128.625,4129.798,4126.325,4128.205
1760436600000,4128.205,4129.815,4124.455,4128.945
1760436900000,4128.905,4130.778,4126.845,4130.155
1760437200000,4130.175,4136.865,4130.055,4136.865
1760437500000,4136.895,4139.415,4136.475,4139.285
1760437800000,4139.315,4144.065,4139.115,4140.795
1760438100000,4140.745,4142.348,4139.145,4140.648
1760438400000,4140.485,4142.048,4136.035,4139.295
1760438700000,4139.315,4139.485,4128.318,4133.998
1760439000000,4133.998,4136.548,4131.698,4134.798
1760439300000,4134.798,4135.586,4129.488,4131.298
1760439600000,4131.298,4134.298,4129.548,4132.355
1760439900000,4132.365,4133.725,4129.275,4130.645
1760440200000,4130.615,4131.325,4129.088,4129.755
1760440500000,4129.785,4132.198,4128.048,4131.518
1760440800000,4131.518,4137.495,4131.339,4137.225
1760441100000,4137.235,4137.685,4131.838,4131.975
1760441400000,4132.065,4132.385,4129.665,4131.085
1760441700000,4131.105,4131.165,4128.045,4128.195
1760442000000,4128.175,4130.915,4126.155,4130.355
1760442300000,4130.335,4130.785,4126.735,4127.185
1760442600000,4127.185,4129.385,4125.569,4128.935
1760442900000,4128.885,4130.598,4127.518,4130.155
1760443200000,4130.175,4134.335,4128.805,4130.195
1760443500000,4130.175,4130.595,4126.185,4129.035
1760443800000,4128.998,4130.025,4127.365,4129.975
1760444100000,4129.955,4133.495,4128.735,4132.025
1760444400000,4131.755,4131.755,4121.225,4122.855
1760444700000,4122.815,4122.815,4116.255,4118.425
1760445000000,4118.325,4119.795,4110.375,4115.025
1760445300000,4114.985,4116.315,4110.165,4110.425
1760445600000,4110.405,4114.745,4106.645,4109.398
1760445900000,4109.405,4113.505,4107.475,4108.735
1760446200000,4108.685,4109.858,4105.875,4106.499
1760446500000,4106.499,4108.038,4103.178,4106.318
1760446800000,4106.318,4106.895,4097.598,4106.115
1760447100000,4106.195,4107.735,4099.255,4103.575
1760447400000,4103.505,4113.225,4102.045,4112.898
1760447700000,4112.775,4119.795,4108.915,4109.695
1760448000000,4109.695,4111.525,4105.335,4105.335
1760448300000,4105.305,4112.485,4104.785,4110.155
1760448600000,4109.958,4114.848,4106.215,4109.855
1760448900000,4109.985,4119.945,4106.655,4119.605
1760449200000,4119.455,4128.595,4118.725,4126.585
1760449500000,4126.565,4129.195,4121.355,4124.348
1760449800000,4124.348,4124.948,4115.948,4117.285
1760450100000,4117.315,4124.675,4113.765,4123.715
1760450400000,4123.755,4130.935,4123.448,4127.898
1760450700000,4127.898,4130.525,4120.915,4130.265
1760451000000,4130.198,4137.225,4129.748,4134.045
1760451300000,4134.015,4135.825,4129.325,4130.148
1760451600000,4130.148,4133.548,4127.275,4128.998
1760451900000,4128.855,4133.748,4126.405,4132.805
1760452200000,4132.605,4135.345,4130.305,4134.865
1760452500000,4134.905,4137.435,4128.535,4131.575
1760452800000,4131.635,4132.645,4127.595,4130.275
1760453100000,4130.255,4134.748,4129.648,4129.998
1760453400000,4129.998,4130.498,4126.048,4128.225
1760453700000,4128.235,4131.765,4126.935,4128.975
1760454000000,4129.015,4134.085,4126.055,4132.185
1760454300000,4132.135,4135.095,4130.728,4134.595
1760454600000,4134.595,4140.798,4133.035,4140.798
1760454900000,4140.798,4140.948,4137.018,4138.155
1760455200000,4138.165,4139.895,4135.365,4137.835
1760455500000,4137.765,4139.175,4136.665,4137.735
1760455800000,4137.705,4141.798,4136.495,4140.405
1760456100000,4140.498,4142.348,4139.315,4140.535
1760456400000,4140.545,4141.348,4137.725,4138.898
1760456700000,4138.898,4140.145,4136.298,4136.848
1760457000000,4136.648,4138.848,4131.525,4132.145
1760457300000,4132.125,4138.165,4131.725,4137.675
1760457600000,4137.695,4141.555,4136.535,4137.945
1760457900000,4137.925,4138.698,4128.515,4128.735
1760458200000,4128.825,4132.575,4128.515,4130.898
1760458500000,4130.898,4131.798,4127.555,4129.605
1760458800000,4129.505,4138.148,4127.895,4132.365
1760459100000,4132.325,4134.535,4132.138,4133.315
1760459400000,4133.198,4134.645,4128.455,4131.748
1760459700000,4131.748,4140.285,4131.748,4140.255
1760460000000,4140.205,4143.698,4137.135,4142.455
1760460300000,4142.425,4150.048,4141.073,4148.798
1760460600000,4148.798,4155.075,4148.298,4151.655
1760460900000,4151.795,4151.795,4139.535,4140.135
1760461200000,4140.145,4146.735,4137.015,4145.925
1760461500000,4145.998,4149.395,4145.248,4149.155
1760461800000,4149.175,4149.815,4144.225,4145.105
1760462100000,4145.115,4146.395,4141.888,4142.258
1760462400000,4142.278,4149.915,4141.398,4149.598
1760462700000,4149.375,4152.698,4145.555,4146.735
1760463000000,4146.785,4151.715,4146.498,4149.078
1760463300000,4149.078,4152.348,4148.658,4150.285
1760463600000,4150.348,4151.148,4148.715,4149.175
1760463900000,4149.148,4149.648,4143.135,4144.948
1760464200000,4144.845,4147.275,4144.535,4146.035
1760464500000,4145.995,4148.725,4145.835,4147.825
1760464800000,4147.975,4152.365,4147.215,4150.255
1760465100000,4150.275,4151.335,4147.345,4147.798
1760465400000,4147.798,4149.835,4146.915,4147.975
1760465700000,4147.975,4149.045,4144.285,4144.355
1760466000000,4144.495,4146.145,4142.905,4145.485
1760466300000,4145.485,4147.565,4144.825,4145.575
1760466600000,4145.565,4149.095,4145.465,4145.735
1760466900000,4145.735,4147.665,4145.195,4147.105
1760467200000,4147.155,4148.998,4146.515,4148.295
1760467500000,4148.295,4150.298,4148.295,4149.685
1760467800000,4149.785,4150.105,4148.605,4149.705
1760468100000,4149.705,4150.325,4147.935,4148.015
1760468400000,4147.985,4150.448,4147.968,4150.298
1760468700000,4150.298,4150.298,4145.979,4147.295
1760469000000,4147.295,4149.698,4147.108,4148.748
1760469300000,4148.655,4149.225,4147.048,4147.745
1760469600000,4147.685,4149.415,4147.635,4148.745
1760469900000,4148.795,4150.205,4147.945,4149.445
1760470200000,4149.445,4149.975,4145.645,4145.685
1760470500000,4145.725,4146.748,4134.195,4138.705
1760470800000,4138.665,4141.865,4135.825,4138.985
1760471100000,4139.281,4144.325,4138.165,4140.245
1760471400000,4140.375,4140.695,4135.215,4140.535
1760471700000,4140.825,4142.485,4139.405,4141.355
1760472000000,4141.495,4144.645,4139.165,4142.895
1760472300000,4142.825,4144.065,4141.715,4142.275
1760472600000,4142.215,4143.555,4140.675,4143.555
1760472900000,4143.535,4145.065,4143.125,4144.625
1760473200000,4144.625,4145.765,4143.945,4145.765
1760473500000,4145.765,4145.765,4142.745,4143.665
1760473800000,4143.685,4143.755,4141.905,4143.245
1760474100000,4143.245,4143.425,4141.665,4142.145
1760474400000,4142.135,4142.665,4141.755,4141.925
1760474700000,4141.905,4144.355,4141.805,4144.105
1760475000000,4144.135,4145.315,4142.975,4144.395
1760475300000,4144.455,4144.475,4140.925,4140.925
1760475600000,4140.925,4140.925,4140.925,4140.925
1760475900000,4140.925,4140.925,4140.925,4140.925
1760476200000,4140.925,4140.925,4140.925,4140.925
1760476500000,4140.925,4140.925,4140.925,4140.925
1760476800000,4140.925,4140.925,4140.925,4140.925
1760477100000,4140.925,4140.925,4140.925,4140.925
1760477400000,4140.925,4140.925,4140.925,4140.925
1760477700000,4140.925,4140.925,4140.925,4140.925
1760478000000,4140.925,4140.925,4140.925,4140.925
1760478300000,4140.925,4140.925,4140.925,4140.925
1760478600000,4140.925,4140.925,4140.925,4140.925
1760478900000,4140.925,4140.925,4140.925,4140.925
1760479200000,4141.955,4145.195,4140.065,4140.215
1760479500000,4140.225,4148.425,4140.195,4148.425
1760479800000,4148.425,4160.548,4148.015,4160.448
1760480100000,4160.348,4163.248,4157.048,4162.098
1760480400000,4161.998,4162.998,4155.198,4155.798
1760480700000,4155.798,4156.498,4150.808,4152.075
1760481000000,4151.785,4154.295,4149.725,4154.055
1760481300000,4154.005,4160.205,4153.865,4158.665
1760481600000,4158.675,4159.705,4156.825,4157.175
1760481900000,4157.195,4160.845,4156.885,4160.635
1760482200000,4160.695,4161.595,4158.715,4159.935
1760482500000,4159.975,4160.398,4158.098,4158.098
1760482800000,4158.209,4159.798,4156.675,4158.448
1760483100000,4158.409,4161.598,4158.285,4160.798
1760483400000,4160.698,4160.998,4159.215,4159.948
1760483700000,4159.948,4161.398,4158.678,4160.698
1760484000000,4160.698,4161.248,4159.598,4161.048
1760484300000,4160.948,4163.898,4160.348,4163.398
1760484600000,4163.198,4163.848,4161.835,4162.848
1760484900000,4162.548,4165.869,4162.435,4164.555
1760485200000,4164.585,4165.798,4164.255,4165.175
1760485500000,4165.155,4165.825,4162.885,4163.615
1760485800000,4163.585,4166.955,4163.585,4164.315
1760486100000,4164.285,4164.375,4159.905,4161.325
1760486400000,4161.305,4166.695,4157.805,4166.305
1760486700000,4166.265,4166.885,4164.455,4166.125
1760487000000,4166.085,4169.415,4166.085,4168.345
1760487300000,4168.365,4169.215,4165.375,4167.048
1760487600000,4167.055,4167.725,4164.025,4164.068
1760487900000,4163.508,4163.835,4153.465,4155.715
1760488200000,4155.745,4160.195,4154.645,4157.965
1760488500000,4157.925,4164.815,4157.705,4164.095
1760488800000,4164.075,4168.575,4163.115,4166.815
1760489100000,4166.798,4167.755,4161.898,4164.548
1760489400000,4164.485,4164.948,4158.935,4159.825
1760489700000,4159.845,4162.525,4159.048,4162.215
1760490000000,4162.185,4173.685,4161.745,4173.685
1760490300000,4173.595,4179.905,4173.455,4179.048
1760490600000,4179.048,4184.855,4175.825,4178.825
1760490900000,4178.639,4182.785,4174.495,4175.398
1760491200000,4175.398,4182.475,4173.598,4182.255
1760491500000,4182.345,4186.565,4182.155,4185.155
1760491800000,4185.098,4186.265,4181.665,4183.655
1760492100000,4183.845,4183.845,4178.535,4181.405
1760492400000,4181.465,4181.465,4175.585,4177.515
1760492700000,4177.498,4181.165,4175.755,4179.105
1760493000000,4179.195,4182.148,4177.598,4179.715
1760493300000,4179.735,4182.735,4179.135,4181.445
1760493600000,4181.555,4184.345,4180.905,4182.035
1760493900000,4182.035,4184.185,4179.885,4181.965
1760494200000,4182.015,4182.015,4177.535,4179.555
1760494500000,4179.525,4183.675,4179.265,4182.235
1760494800000,4182.335,4182.875,4181.005,4181.625
1760495100000,4181.485,4182.015,4178.498,4178.765
1760495400000,4178.735,4179.748,4166.698,4168.215
1760495700000,4168.365,4176.148,4167.915,4170.185
1760496000000,4170.148,4173.648,4169.065,4171.348
1760496300000,4171.448,4173.965,4168.005,4170.605
1760496600000,4170.665,4176.705,4167.648,4174.505
1760496900000,4174.485,4176.975,4171.805,4176.275
1760497200000,4176.345,4178.755,4175.955,4177.825
1760497500000,4177.555,4181.355,4177.475,4181.295
1760497800000,4181.345,4184.515,4181.245,4183.365
1760498100000,4183.395,4185.535,4179.995,4181.905
1760498400000,4181.855,4182.955,4179.335,4181.075
1760498700000,4181.105,4185.048,4180.248,4183.398
1760499000000,4183.398,4185.085,4179.948,4184.535
1760499300000,4184.249,4184.555,4182.848,4183.298
1760499600000,4183.305,4185.198,4183.145,4184.535
1760499900000,4184.515,4189.445,4184.325,4187.725
1760500200000,4187.655,4190.515,4187.625,4188.105
1760500500000,4187.915,4188.585,4186.645,4186.815
1760500800000,4186.905,4187.325,4182.245,4185.335
1760501100000,4185.345,4186.635,4184.925,4185.895
1760501400000,4185.878,4186.605,4184.318,4184.755
1760501700000,4184.695,4185.115,4182.248,4182.348
1760502000000,4182.348,4182.648,4179.248,4179.848
1760502300000,4179.848,4180.155,4172.848,4175.948
1760502600000,4176.048,4179.248,4173.905,4175.048
1760502900000,4174.955,4176.965,4174.035,4176.348
1760503200000,4176.375,4180.155,4175.485,4178.875
1760503500000,4178.885,4179.675,4177.565,4178.695
1760503800000,4178.715,4179.735,4177.985,4178.615
1760504100000,4178.635,4179.475,4178.235,4179.405
1760504400000,4179.365,4180.375,4176.295,4178.905
1760504700000,4178.895,4184.795,4178.845,4184.585
1760505000000,4184.605,4190.585,4184.085,4189.485
1760505300000,4189.485,4190.255,4185.748,4189.505
1760505600000,4189.595,4192.468,4189.055,4191.738
1760505900000,4191.755,4192.918,4191.285,4192.485
1760506200000,4192.488,4193.318,4184.538,4186.448
1760506500000,4186.948,4190.075,4184.448,4185.295
1760506800000,4185.325,4193.195,4184.338,4188.295
1760507100000,4188.215,4190.295,4188.005,4189.408
1760507400000,4189.408,4191.595,4189.048,4190.048
1760507700000,4190.048,4190.448,4184.305,4185.548
1760508000000,4185.448,4187.585,4183.848,4186.805
1760508300000,4186.448,4192.195,4186.305,4191.605
1760508600000,4191.615,4193.285,4189.898,4191.785
1760508900000,4191.835,4192.415,4187.185,4188.275
1760509200000,4188.245,4191.255,4187.975,4189.875
1760509500000,4190.035,4191.185,4187.915,4189.955
1760509800000,4189.975,4190.555,4187.615,4189.055
1760510100000,4189.005,4190.045,4187.275,4189.075
1760510400000,4189.035,4194.155,4188.355,4193.755
1760510700000,4193.775,4196.835,4193.205,4195.765
1760511000000,4195.855,4198.605,4195.425,4197.805
1760511300000,4197.775,4200.155,4197.605,4199.255
1760511600000,4199.125,4199.275,4194.145,4198.495
1760511900000,4198.455,4200.385,4197.155,4200.335
1760512200000,4200.305,4200.445,4198.335,4199.305
1760512500000,4199.345,4200.505,4198.715,4200.065
1760512800000,4200.035,4200.305,4197.615,4200.205
1760513100000,4200.205,4200.455,4198.555,4199.425
1760513400000,4199.375,4201.068,4198.705,4199.745
1760513700000,4199.745,4207.775,4199.315,4204.965
1760514000000,4204.965,4206.808,4203.235,4204.655
1760514300000,4204.615,4206.178,4204.285,4205.885
1760514600000,4205.865,4206.895,4204.085,4206.685
1760514900000,4206.905,4209.645,4205.115,4207.545
1760515200000,4207.595,4209.385,4206.925,4208.995
1760515500000,4208.965,4214.925,4208.935,4214.245
1760515800000,4214.245,4216.095,4212.515,4212.725
1760516100000,4212.705,4217.995,4212.615,4217.555
1760516400000,4217.535,4217.885,4215.095,4215.675
1760516700000,4215.515,4216.075,4207.985,4210.425
1760517000000,4210.455,4216.715,4210.148,4214.545
1760517300000,4214.905,4216.375,4213.215,4216.335
1760517600000,4216.355,4216.485,4214.635,4215.155
1760517900000,4215.175,4216.395,4214.005,4214.765
1760518200000,4214.875,4216.745,4213.125,4214.275
1760518500000,4214.295,4214.845,4207.348,4207.885
1760518800000,4207.885,4211.355,4206.735,4209.385
1760519100000,4209.335,4211.865,4206.148,4207.148
1760519400000,4207.165,4207.685,4202.345,4202.385
1760519700000,4202.455,4203.495,4190.798,4191.505
1760520000000,4191.555,4192.225,4163.149,4183.895
1760520300000,4183.945,4193.305,4180.145,4189.815
1760520600000,4189.595,4194.245,4188.325,4190.675
1760520900000,4190.675,4196.475,4188.635,4191.055
1760521200000,4190.735,4194.285,4189.735,4192.665
1760521500000,4192.655,4195.485,4189.615,4190.485
1760521800000,4190.515,4194.195,4190.515,4192.815
1760522100000,4192.555,4194.798,4191.118,4192.175
1760522400000,4192.119,4195.415,4191.005,4193.275
1760522700000,4193.275,4198.655,4191.885,4196.415
1760523000000,4196.395,4200.498,4196.055,4198.745
1760523300000,4198.745,4205.065,4198.745,4202.548
1760523600000,4202.448,4206.048,4195.288,4198.405
1760523900000,4198.409,4202.135,4197.398,4201.145
1760524200000,4200.575,4202.105,4199.455,4200.705
1760524500000,4200.735,4201.255,4197.575,4197.995
1760524800000,4198.005,4198.445,4190.119,4191.785
1760525100000,4191.595,4196.735,4191.125,4196.715
1760525400000,4196.685,4200.655,4195.035,4200.605
1760525700000,4200.645,4203.045,4196.225,4202.525
1760526000000,4202.425,4203.315,4197.485,4198.995
1760526300000,4199.355,4202.225,4197.225,4201.395
1760526600000,4201.415,4202.335,4198.975,4202.105
1760526900000,4202.245,4202.425,4199.845,4200.475
1760527200000,4200.305,4202.475,4200.305,4201.065
1760527500000,4201.145,4203.035,4201.075,4201.805
1760527800000,4201.825,4202.255,4197.515,4199.175
1760528100000,4199.175,4202.995,4197.905,4202.585
1760528400000,4202.585,4203.975,4196.998,4197.865
1760528700000,4197.855,4198.235,4193.385,4194.175
1760529000000,4194.215,4198.348,4193.675,4197.105
1760529300000,4197.105,4200.365,4196.535,4198.465
1760529600000,4198.498,4202.465,4198.098,4201.198
1760529900000,4201.155,4201.398,4197.465,4197.465
1760530200000,4197.325,4198.408,4192.475,4192.645
1760530500000,4192.665,4193.515,4182.585,4188.105
1760530800000,4188.125,4188.169,4180,4182.565
1760531100000,4182.648,4185.598,4180,4180.919
1760531400000,4180.919,4186.548,4175.779,4186.348
1760531700000,4186.148,4189.385,4184.068,4186.825
1760532000000,4186.798,4187.345,4184.485,4185.075
1760532300000,4185.105,4185.945,4180.995,4182.448
1760532600000,4182.415,4189.545,4181.395,4188.415
1760532900000,4188.445,4192.285,4186.898,4190.425
1760533200000,4190.415,4190.485,4182.645,4187.085
1760533500000,4187.045,4190.165,4184.615,4187.885
1760533800000,4187.665,4197.165,4187.455,4195.135
1760534100000,4195.235,4197.598,4193.065,4194.095
1760534400000,4194.065,4194.525,4188.585,4190.415
1760534700000,4190.465,4194.855,4190.375,4194.025
1760535000000,4194.005,4195.895,4183.075,4186.625
1760535300000,4186.615,4193.575,4183.685,4192.755
1760535600000,4192.765,4198.495,4191.248,4194.615
1760535900000,4194.615,4195.498,4186.688,4193.655
1760536200000,4193.685,4197.095,4191.015,4194.655
1760536500000,4194.675,4195.575,4191.125,4191.848
1760536800000,4191.848,4205.035,4191.475,4201.285
1760537100000,4201.205,4205.825,4200.035,4205.825
1760537400000,4205.855,4212.135,4205.185,4207.945
1760537700000,4207.925,4209.175,4203.988,4208.635
1760538000000,4208.685,4211.509,4207.025,4208.929
1760538300000,4208.909,4209.629,4204.248,4205.589
1760538600000,4205.589,4206.879,4200.385,4200.778
1760538900000,4201.048,4202.055,4195.505,4196.935
1760539200000,4196.885,4199.665,4193.855,4198.055
1760539500000,4198.048,4203.448,4197.255,4201.448
1760539800000,4201.448,4201.748,4194.285,4195.018
1760540100000,4195.018,4200.085,4191.285,4199.805
1760540400000,4199.825,4201.248,4193.065,4195.055
1760540700000,4195.048,4200.838,4194.655,4200.495
1760541000000,4200.525,4201.605,4195.295,4198.425
1760541300000,4198.405,4201.145,4196.665,4201.145
1760541600000,4201.125,4201.285,4197.265,4200.135
1760541900000,4199.748,4202.755,4199.748,4201.055
1760542200000,4201.015,4201.415,4187.098,4190.115
1760542500000,4189.755,4192.905,4184.415,4192.085
1760542800000,4192.048,4197.315,4190.535,4194.395
1760543100000,4194.425,4198.198,4188.675,4189.945
1760543400000,4189.925,4189.985,4179.145,4189.985
1760543700000,4190.025,4193.948,4186.215,4190.348
1760544000000,4190.348,4192.248,4187.465,4191.998
1760544300000,4192.098,4195.535,4188.239,4191.448
1760544600000,4191.499,4191.648,4185.975,4190.815
1760544900000,4190.815,4196.275,4190.695,4194.025
1760545200000,4194.125,4199.198,4193.285,4198.798
1760545500000,4198.798,4199.239,4195.698,4196.925
1760545800000,4196.925,4198.155,4192.945,4195.291
1760546100000,4195.311,4195.515,4189.725,4190.395
1760546400000,4190.445,4196.355,4189.965,4196.355
1760546700000,4196.248,4197.275,4192.519,4196.575
1760547000000,4196.705,4197.435,4194.568,4195.015
1760547300000,4195.025,4199.675,4194.748,4198.735
1760547600000,4198.745,4198.898,4196.055,4197.718
1760547900000,4197.788,4199.448,4193.915,4196.005
1760548200000,4195.975,4195.975,4182.975,4185.145
1760548500000,4185.105,4192.698,4183.585,4188.815
1760548800000,4188.615,4192.975,4185.195,4186.655
1760549100000,4186.705,4191.035,4182.345,4188.215
1760549400000,4188.325,4191.885,4186.125,4188.795
1760549700000,4188.795,4191.298,4187.448,4190.605
1760550000000,4190.585,4192.845,4190.195,4192.648
1760550300000,4192.648,4196.705,4191.975,4193.825
1760550600000,4193.855,4196.748,4193.565,4195.965
1760550900000,4195.948,4197.648,4194.565,4197.648
1760551200000,4197.548,4201.148,4196.048,4200.548
1760551500000,4200.648,4204.098,4200.248,4202.598
1760551800000,4202.598,4204.498,4198.248,4199.998
1760552100000,4199.898,4200.498,4196.198,4197.948
1760552400000,4197.948,4198.348,4194.828,4198.085
1760552700000,4198.045,4199.808,4196.948,4198.095
1760553000000,4197.818,4199.975,4196.395,4198.695
1760553300000,4198.675,4199.195,4197.115,4198.495
1760553600000,4198.545,4199.495,4197.765,4198.805
1760553900000,4198.825,4198.955,4195.838,4197.238
1760554200000,4197.175,4200.208,4197.048,4198.578
1760554500000,4198.598,4201.258,4197.888,4200.455
1760554800000,4200.448,4205.385,4200.245,4204.405
1760555100000,4204.405,4205.078,4202.368,4204.265
1760555400000,4204.265,4206.065,4202.908,4205.578
1760555700000,4205.638,4210.718,4205.065,4210.628
1760556000000,4210.698,4211.595,4208.928,4209.295
1760556300000,4209.355,4211.118,4208.155,4210.735
1760556600000,4210.705,4212.255,4210.175,4210.785
1760556900000,4210.825,4211.395,4206.405,4206.758
1760557200000,4206.768,4207.158,4205.448,4205.935
1760557500000,4205.965,4212.045,4205.705,4211.435
1760557800000,4211.298,4212.505,4209.925,4212.145
1760558100000,4212.145,4213.285,4209.595,4210.015
1760558400000,4210.098,4212.548,4208.148,4210.835
1760558700000,4210.835,4211.195,4208.898,4209.398
1760559000000,4209.375,4211.348,4208.648,4208.755
1760559300000,4208.735,4209.848,4207.155,4207.448
1760559600000,4207.448,4208.165,4205.798,4207.915
1760559900000,4207.915,4208.998,4206.938,4207.348
1760560200000,4207.555,4208.498,4207.105,4207.198
1760560500000,4207.135,4211.015,4206.918,4210.505
1760560800000,4210.498,4211.098,4209.148,4210.365
1760561100000,4210.415,4210.515,4209.485,4209.595
1760561400000,4209.605,4210.135,4206.698,4206.805
1760561700000,4206.785,4208.298,4206.575,4206.575
1760562000000,4206.575,4206.575,4206.575,4206.575
1760562300000,4206.575,4206.575,4206.575,4206.575
1760562600000,4206.575,4206.575,4206.575,4206.575
1760562900000,4206.575,4206.575,4206.575,4206.575
1760563200000,4206.575,4206.575,4206.575,4206.575
1760563500000,4206.575,4206.575,4206.575,4206.575
1760563800000,4206.575,4206.575,4206.575,4206.575
1760564100000,4206.575,4206.575,4206.575,4206.575
1760564400000,4206.575,4206.575,4206.575,4206.575
1760564700000,4206.575,4206.575,4206.575,4206.575
1760565000000,4206.575,4206.575,4206.575,4206.575
1760565300000,4206.575,4206.575,4206.575,4206.575
1760565600000,4208.395,4212.765,4207.548,4212.348
1760565900000,4212.148,4212.248,4205.955,4206.215
1760566200000,4206.215,4209.015,4202.725,4204.745
1760566500000,4204.785,4207.895,4199.285,4207.098
1760566800000,4207.285,4212.555,4206.498,4209.745
1760567100000,4209.739,4211.285,4208.215,4211.248
1760567400000,4211.265,4213.248,4209.948,4210.348
1760567700000,4210.365,4214.905,4210.355,4214.545
1760568000000,4214.545,4215.275,4213.345,4215.125
1760568300000,4215.115,4215.555,4212.095,4212.395
1760568600000,4212.325,4214.335,4212.085,4214.225
1760568900000,4214.205,4214.345,4211.735,4212.848
1760569200000,4212.809,4215.448,4211.098,4211.298
1760569500000,4211.298,4212.598,4208.465,4208.958
1760569800000,4208.958,4212.185,4208.205,4210.085
1760570100000,4210.085,4212.458,4208.295,4209.805
1760570400000,4209.925,4212.215,4209.455,4210.455
1760570700000,4210.465,4212.318,4210.165,4211.615
1760571000000,4211.615,4212.625,4210.155,4210.475
1760571300000,4210.475,4211.285,4208.165,4208.295
1760571600000,4208.365,4208.875,4205.685,4208.045
1760571900000,4207.985,4210.805,4206.895,4208.735
1760572200000,4208.685,4209.805,4206.705,4208.935
1760572500000,4208.915,4211.405,4207.298,4209.285
1760572800000,4209.285,4209.798,4204.698,4206.265
1760573100000,4206.185,4211.985,4206.185,4210.455
1760573400000,4210.485,4215.475,4210.045,4214.775
1760573700000,4214.765,4217.755,4214.695,4217.525
1760574000000,4217.515,4219.875,4215.875,4218.998
1760574300000,4218.998,4224.945,4218.405,4222.795
1760574600000,4222.925,4226.055,4222.405,4224.785
1760574900000,4224.825,4226.405,4224.198,4226.265
1760575200000,4226.245,4226.995,4220.385,4222.665
1760575500000,4222.748,4222.965,4215.625,4218.798
1760575800000,4218.798,4220.148,4216.448,4216.898
1760576100000,4216.898,4217.405,4210.075,4210.125
1760576400000,4210.125,4216.748,4210.125,4213.498
1760576700000,4213.458,4219.905,4213.068,4216.075
1760577000000,4216.075,4222.585,4213.825,4220.398
1760577300000,4220.615,4223.545,4218.285,4220.695
1760577600000,4220.675,4221.055,4218.135,4220.665
1760577900000,4220.695,4227.845,4219.675,4224.475
1760578200000,4224.475,4226.425,4223.455,4224.848
1760578500000,4224.845,4229.598,4224.445,4227.315
1760578800000,4227.365,4232.745,4227.345,4230.605
1760579100000,4230.675,4231.215,4223.735,4225.298
1760579400000,4225.298,4229.045,4222.448,4227.985
1760579700000,4228.015,4230.018,4227.845,4229.998
1760580000000,4230.008,4232.605,4229.358,4231.705
1760580300000,4231.725,4233.965,4230.545,4233.575
1760580600000,4233.595,4234.345,4232.525,4234.215
1760580900000,4234.235,4234.315,4231.855,4232.245
1760581200000,4232.215,4233.385,4231.115,4232.935
1760581500000,4232.935,4233.498,4231.395,4231.425
1760581800000,4231.365,4232.325,4225.655,4229.615
1760582100000,4229.548,4232.635,4228.395,4232.525
1760582400000,4232.495,4236.145,4232.245,4235.785
1760582700000,4235.795,4236.065,4233.825,4236.065
1760583000000,4236.085,4236.325,4235.005,4235.995
1760583300000,4236.005,4239.335,4235.975,4239.295
1760583600000,4239.115,4240.785,4237.945,4240.465
1760583900000,4240.465,4241.545,4239.415,4241.215
1760584200000,4241.185,4241.955,4235.075,4238.255
1760584500000,4238.215,4241.075,4237.725,4238.935
1760584800000,4238.955,4239.965,4233.815,4236.125
1760585100000,4236.115,4237.998,4234.748,4235.165
1760585400000,4235.135,4236.398,4231.525,4232.945
1760585700000,4232.798,4233.065,4228.975,4230.498
1760586000000,4230.515,4234.575,4228.798,4233.035
1760586300000,4233.035,4233.625,4231.555,4232.748
1760586600000,4232.805,4235.148,4232.748,4234.748
1760586900000,4234.748,4235.405,4233.335,4233.545
1760587200000,4233.235,4234.905,4229.985,4234.435
1760587500000,4234.715,4235.598,4233.005,4234.195
1760587800000,4234.165,4235.145,4233.125,4234.775
1760588100000,4234.755,4236.365,4234.105,4236.365
1760588400000,4236.555,4238.558,4236.275,4238.465
1760588700000,4238.515,4238.915,4237.085,4237.895
1760589000000,4237.845,4238.435,4237.295,4238.205
1760589300000,4238.185,4239.185,4236.135,4236.975
1760589600000,4237.015,4237.085,4232.485,4234.185
1760589900000,4234.155,4234.745,4230.215,4232.165
1760590200000,4232.185,4232.395,4227.835,4231.425
1760590500000,4231.295,4233.775,4231.265,4233.315
1760590800000,4233.325,4234.485,4231.555,4231.935
1760591100000,4231.905,4233.435,4229.245,4233.295
1760591400000,4233.265,4234.595,4224.385,4226.785
1760591700000,4226.815,4230.585,4224.555,4225.205
1760592000000,4225.155,4226.545,4221.275,4223.965
1760592300000,4223.945,4225.195,4222.365,4223.675
1760592600000,4223.655,4223.765,4204.205,4210.425
1760592900000,4209.675,4214.025,4204.955,4209.675
1760593200000,4209.655,4212.248,4205.948,4211.398
1760593500000,4211.398,4211.398,4203.665,4207.555
1760593800000,4207.585,4210.065,4204.635,4205.798
1760594100000,4205.655,4209.848,4203.175,4204.605
1760594400000,4204.295,4216.555,4203.315,4216.555
1760594700000,4216.585,4220.755,4215.455,4218.545
1760595000000,4218.555,4222.575,4216.535,4221.705
1760595300000,4221.695,4226.615,4221.635,4226.535
1760595600000,4226.515,4227.095,4221.975,4226.135
1760595900000,4226.055,4226.915,4222.958,4224.375
1760596200000,4224.085,4226.005,4220.398,4221.325
1760596500000,4221.345,4224.815,4221.345,4222.108
1760596800000,4222.128,4222.148,4218.215,4218.345
1760597100000,4218.375,4220.135,4215.395,4216.765
1760597400000,4216.745,4222.405,4215.785,4220.435
1760597700000,4220.355,4222.615,4217.678,4222.575
1760598000000,4222.285,4227.048,4222.148,4225.048
1760598300000,4225.065,4229.165,4224.835,4228.855
1760598600000,4228.725,4231.595,4228.165,4231.495
1760598900000,4231.515,4233.625,4229.185,4232.555
1760599200000,4232.565,4233.185,4230.158,4230.158
1760599500000,4230.158,4233.855,4228.938,4233.548
1760599800000,4233.548,4233.548,4229.305,4230.165
1760600100000,4230.295,4231.195,4226.705,4226.795
1760600400000,4226.825,4230.695,4226.548,4230.215
1760600700000,4230.245,4231.545,4229.168,4230.145
1760601000000,4229.975,4230.348,4228.148,4229.448
1760601300000,4229.548,4230.675,4225.835,4230.455
1760601600000,4230.485,4235.785,4230.383,4233.148
1760601900000,4233.148,4233.658,4230.745,4233.298
1760602200000,4233.298,4234.175,4231.185,4231.755
1760602500000,4231.755,4233.155,4231.625,4232.855
1760602800000,4232.915,4235.425,4232.048,4235.025
1760603100000,4235.025,4235.025,4230.585,4231.148
1760603400000,4231.265,4232.075,4229.865,4231.315
1760603700000,4231.335,4231.995,4228.305,4230.115
1760604000000,4230.395,4232.765,4230.395,4231.985
1760604300000,4232.025,4234.125,4229.925,4230.098
1760604600000,4230.098,4231.975,4229.045,4231.805
1760604900000,4231.845,4232.985,4231.165,4232.705
1760605200000,4232.785,4234.745,4232.175,4233.855
1760605500000,4233.835,4234.345,4230.605,4231.885
1760605800000,4232.025,4232.635,4228.935,4229.845
1760606100000,4229.775,4231.345,4227.865,4230.448
1760606400000,4230.648,4230.798,4228.505,4229.655
1760606700000,4229.675,4230.248,4222.565,4222.885
1760607000000,4222.865,4225.945,4221.665,4225.048
1760607300000,4225.048,4227.435,4222.385,4226.915
1760607600000,4227.125,4227.695,4222.785,4227.095
1760607900000,4227.055,4230.575,4227.025,4229.645
1760608200000,4229.675,4233.855,4229.655,4233.725
1760608500000,4233.745,4241.735,4233.625,4239.165
1760608800000,4239.135,4242.955,4238.385,4239.625
1760609100000,4239.609,4242.205,4237.705,4237.705
1760609400000,4237.735,4239.065,4234.955,4238.645
1760609700000,4238.625,4241.945,4237.768,4239.345
1760610000000,4239.325,4240.155,4237.178,4237.178
1760610300000,4237.205,4239.938,4236.178,4237.448
1760610600000,4237.448,4238.445,4233.845,4237.215
1760610900000,4237.235,4238.305,4235.575,4237.625
1760611200000,4237.545,4240.048,4236.485,4238.985
1760611500000,4239.048,4241.215,4237.745,4240.455
1760611800000,4240.475,4242.485,4239.775,4241.855
1760612100000,4241.835,4245.905,4240.935,4242.555
1760612400000,4242.425,4243.065,4239.215,4239.655
1760612700000,4239.675,4244.795,4239.455,4243.855
1760613000000,4243.875,4244.405,4242.405,4242.865
1760613300000,4242.975,4245.095,4241.815,4244.105
1760613600000,4244.075,4245.308,4243.145,4244.748
1760613900000,4244.748,4246.448,4243.085,4244.305
1760614200000,4244.278,4245.765,4243.225,4244.725
1760614500000,4244.695,4244.948,4242.278,4243.405
1760614800000,4243.365,4247.355,4243.305,4246.315
1760615100000,4246.315,4247.355,4241.725,4242.158
1760615400000,4242.178,4243.035,4239.845,4241.865
1760615700000,4241.945,4243.548,4240.238,4240.265
1760616000000,4240.265,4242.695,4239.788,4241.135
1760616300000,4241.175,4244.245,4240.595,4242.758
1760616600000,4242.705,4244.825,4242.085,4244.705
1760616900000,4244.935,4245.105,4240.305,4241.265
1760617200000,4241.595,4242.455,4238.105,4238.765
1760617500000,4238.755,4240.135,4236.425,4238.248
1760617800000,4238.248,4247.925,4237.545,4246.225
1760618100000,4246.225,4250.775,4231.785,4237.195
1760618400000,4237.355,4239.045,4227.185,4236.975
1760618700000,4236.905,4239.748,4232.765,4239.395
1760619000000,4239.425,4240.175,4235.265,4238.225
1760619300000,4238.235,4239.805,4233.535,4235.805
1760619600000,4235.825,4245.125,4234.715,4242.835
1760619900000,4242.805,4245.285,4240.505,4242.255
1760620200000,4242.285,4247.015,4241.035,4245.495
1760620500000,4245.505,4249.465,4243.825,4248.548
1760620800000,4248.548,4254.445,4246.485,4254.255
1760621100000,4254.225,4254.675,4246.345,4251.295
1760621400000,4251.275,4252.135,4244.998,4247.975
1760621700000,4247.985,4255.935,4246.065,4252.465
1760622000000,4252.448,4258.448,4249.345,4255.448
1760622300000,4255.448,4256.285,4251.775,4252.855
1760622600000,4252.825,4256.485,4251.445,4252.745
1760622900000,4252.765,4252.805,4242.855,4245.995
1760623200000,4245.335,4257.585,4245.125,4255.995
1760623500000,4256.015,4262.255,4254.875,4260.475
1760623800000,4260.465,4265.515,4258.945,4265.135
1760624100000,4265.165,4265.205,4260.048,4262.275
1760624400000,4262.298,4262.335,4257.595,4259.148
1760624700000,4259.148,4263.635,4255.265,4262.635
1760625000000,4262.639,4267.315,4262.325,4265.925
1760625300000,4265.925,4266.775,4258.265,4259.115
1760625600000,4259.095,4262.915,4258.415,4259.265
1760625900000,4259.245,4260.565,4253.805,4257.798
1760626200000,4257.798,4264.585,4256.598,4262.398
1760626500000,4262.398,4263.925,4260.279,4263.048
1760626800000,4263.055,4263.909,4260.275,4262.848
1760627100000,4262.848,4271.598,4262.565,4269.698
1760627400000,4269.548,4269.758,4266.185,4269.255
1760627700000,4269.225,4272.625,4269.205,4270.948
1760628000000,4270.948,4272.098,4269.351,4271.515
1760628300000,4271.465,4272.948,4269.048,4271.548
1760628600000,4271.525,4272.498,4268.875,4269.945
1760628900000,4269.885,4272.998,4269.298,4271.165
1760629200000,4271.125,4273.035,4267.005,4270.405
1760629500000,4270.405,4270.755,4268.495,4269.905
1760629800000,4269.905,4275.748,4269.325,4275.348
1760630100000,4275.215,4275.648,4270.085,4273.345
1760630400000,4273.375,4275.025,4269.185,4272.945
1760630700000,4272.965,4278.735,4272.355,4277.385
1760631000000,4277.425,4280.005,4275.285,4278.465
1760631300000,4278.475,4289.435,4277.655,4283.875
1760631600000,4283.875,4290.765,4281.825,4286.715
1760631900000,4286.765,4291.848,4283.935,4289.315
1760632200000,4289.315,4291.475,4277.655,4277.725
1760632500000,4277.695,4279.215,4262.075,4265.798
1760632800000,4265.736,4273.755,4261.215,4271.325
1760633100000,4271.345,4279.295,4268.285,4276.595
1760633400000,4276.565,4280.005,4271.635,4274.955
1760633700000,4274.755,4284.345,4274.755,4282.495
1760634000000,4282.475,4288.075,4280.395,4284.698
1760634300000,4284.698,4287.098,4279.655,4283.295
1760634600000,4283.255,4290.699,4281.955,4289.045
1760634900000,4289.065,4293.275,4288.479,4292.585
1760635200000,4292.745,4294.848,4290.035,4290.545
1760635500000,4290.555,4291.715,4287.005,4289.385
1760635800000,4289.415,4296.385,4289.015,4294.975
1760636100000,4295.025,4298.405,4294.215,4294.765
1760636400000,4294.725,4295.125,4288.665,4290.895
1760636700000,4290.895,4295.265,4287.235,4294.285
1760637000000,4294.305,4295.095,4290.735,4292.785
1760637300000,4292.845,4294.245,4291.265,4293.848
1760637600000,4293.848,4294.635,4291.595,4292.585
1760637900000,4292.558,4292.845,4289.115,4291.485
1760638200000,4291.545,4292.035,4283.935,4284.515
1760638500000,4284.455,4284.455,4272.955,4281.005
1760638800000,4280.795,4291.298,4279.985,4290.989
1760639100000,4291.109,4291.385,4283.135,4285.285
1760639400000,4285.245,4288.775,4282.798,4285.585
1760639700000,4285.675,4292.098,4285.425,4290.548
1760640000000,4290.648,4292.898,4288.165,4292.598
1760640300000,4292.598,4293.498,4289.125,4289.239
1760640600000,4289.239,4292.345,4287.175,4292.095
1760640900000,4291.755,4293.698,4289.298,4290.535
1760641200000,4290.529,4294.348,4288.248,4288.948
1760641500000,4288.948,4292.725,4287.805,4292.615
1760641800000,4292.498,4295.848,4291.245,4292.898
1760642100000,4292.915,4294.145,4287.435,4293.425
1760642400000,4293.248,4295.898,4291.298,4295.248
1760642700000,4295.248,4296.865,4293.865,4294.875
1760643000000,4294.855,4294.965,4291.335,4293.365
1760643300000,4293.355,4294.445,4290.635,4292.915
1760643600000,4292.655,4296.635,4292.125,4296.298
1760643900000,4296.298,4297.195,4294.295,4296.435
1760644200000,4296.425,4309.105,4295.915,4307.135
1760644500000,4307.075,4312.648,4305.915,4307.025
1760644800000,4307.135,4318.598,4307.098,4314.348
1760645100000,4314.348,4318.455,4311.948,4316.215
1760645400000,4316.295,4320.329,4315.785,4316.415
1760645700000,4316.565,4317.645,4314.498,4315.465
1760646000000,4315.445,4317.515,4313.095,4313.395
1760646300000,4313.335,4317.095,4313.295,4315.525
1760646600000,4315.525,4316.475,4314.275,4314.915
1760646900000,4314.885,4314.885,4311.535,4312.675
1760647200000,4312.635,4318.455,4312.255,4317.935
1760647500000,4317.865,4325.575,4317.585,4324.298
1760647800000,4324.298,4330.465,4321.455,4329.145
1760648100000,4329.125,4330.005,4325.355,4327.195
1760648400000,4327.195,4327.195,4327.195,4327.195
1760648700000,4327.195,4327.195,4327.195,4327.195
1760649000000,4327.195,4327.195,4327.195,4327.195
1760649300000,4327.195,4327.195,4327.195,4327.195
1760649600000,4327.195,4327.195,4327.195,4327.195
1760649900000,4327.195,4327.195,4327.195,4327.195
1760650200000,4327.195,4327.195,4327.195,4327.195
1760650500000,4327.195,4327.195,4327.195,4327.195
1760650800000,4327.195,4327.195,4327.195,4327.195
1760651100000,4327.195,4327.195,4327.195,4327.195
1760651400000,4327.195,4327.195,4327.195,4327.195
1760651700000,4327.195,4327.195,4327.195,4327.195
1760652000000,4330.965,4344.945,4326.285,4336.585
1760652300000,4336.635,4353.025,4332.195,4351.445
1760652600000,4351.355,4359.945,4348.955,4349.635
1760652900000,4349.635,4379.125,4349.215,4369.045
1760653200000,4369.045,4370.545,4357.035,4359.498
1760653500000,4359.498,4367.675,4359.265,4367.638
1760653800000,4367.638,4367.648,4356.265,4356.285
1760654100000,4356.315,4359.075,4342.535,4353.785
1760654400000,4353.785,4360.598,4353.785,4360.298
1760654700000,4360.245,4364.195,4356.765,4357.155
1760655000000,4357.235,4359.005,4345.248,4347.398
1760655300000,4347.398,4350.855,4343.435,4346.315
1760655600000,4346.315,4349.448,4340.908,4349.048
1760655900000,4347.755,4362.998,4347.755,4360.048
1760656200000,4359.948,4360.485,4348.735,4354.985
1760656500000,4354.985,4359.448,4352.885,4358.225
1760656800000,4358.205,4362.185,4355.665,4359.415
1760657100000,4359.455,4363.435,4357.855,4363.435
1760657400000,4363.475,4369.375,4358.458,4360.398
1760657700000,4360.285,4362.795,4349.498,4362.755
1760658000000,4362.765,4368.299,4362.645,4368.295
1760658300000,4368.285,4375.375,4368.285,4372.505
1760658600000,4372.505,4378.905,4359.848,4363.395
1760658900000,4363.405,4371.015,4362.665,4365.225
1760659200000,4365.205,4366.075,4360.455,4361.105
1760659500000,4361.035,4366.515,4358.775,4360.365
1760659800000,4360.425,4363.198,4354.885,4356.495
1760660100000,4356.555,4363.565,4355.765,4361.835
1760660400000,4361.795,4363.435,4358.345,4359.885
1760660700000,4359.935,4359.945,4356.215,4357.585
1760661000000,4357.615,4360.595,4355.105,4358.305
1760661300000,4358.285,4360.465,4353.365,4360.455
1760661600000,4360.415,4367.805,4360.415,4366.625
1760661900000,4366.655,4371.445,4365.125,4365.985
1760662200000,4366.065,4367.485,4360.625,4367.265
1760662500000,4367.305,4367.798,4356.075,4358.015
1760662800000,4357.855,4362.075,4343.505,4350.065
1760663100000,4350.075,4356.445,4346.305,4355.885
1760663400000,4355.875,4359.235,4344.775,4347.185
1760663700000,4347.185,4347.808,4323.648,4336.565
1760664000000,4336.445,4340.848,4327.638,4337.515
1760664300000,4337.405,4338.645,4329.775,4333.765
1760664600000,4333.505,4337.375,4317.388,4322.048
1760664900000,4322.048,4326.748,4312.738,4320.865
1760665200000,4320.775,4322.495,4278.295,4290.005
1760665500000,4290.045,4307.898,4279.148,4299.848
1760665800000,4299.848,4303.748,4288.478,4292.545
1760666100000,4292.545,4313.748,4290.648,4313.705
1760666400000,4313.735,4327.135,4311.668,4322.218
1760666700000,4322.245,4330.495,4318.315,4330.375
1760667000000,4330.415,4335.655,4326.848,4327.458
1760667300000,4327.458,4333.365,4324.585,4331.015
1760667600000,4331.005,4331.425,4322.845,4325.935
1760667900000,4325.905,4332.445,4324.995,4332.435
1760668200000,4332.245,4344.435,4331.255,4337.235
1760668500000,4337.275,4341.468,4335.655,4336.505
1760668800000,4336.465,4340.565,4334.795,4339.405
1760669100000,4339.415,4345.625,4336.055,4345.385
1760669400000,4345.365,4348.205,4341.245,4346.575
1760669700000,4346.505,4347.725,4338.485,4342.325
1760670000000,4342.265,4345.635,4338.535,4341.715
1760670300000,4341.715,4351.995,4341.715,4351.755
1760670600000,4351.715,4359.485,4351.325,4358.415
1760670900000,4358.225,4360.825,4357.505,4360.535
1760671200000,4360.545,4360.775,4355.845,4358.325
1760671500000,4358.245,4358.425,4354.725,4356.545
1760671800000,4356.505,4359.065,4354.845,4356.605
1760672100000,4356.615,4360.415,4354.275,4356.885
1760672400000,4357.055,4357.595,4354.005,4356.515
1760672700000,4356.465,4360.765,4354.765,4359.815
1760673000000,4359.685,4363.405,4359.535,4362.665
1760673300000,4362.645,4366.545,4362.265,4366.525
1760673600000,4366.555,4376.355,4366.395,4373.395
1760673900000,4373.275,4376.135,4372.765,4374.245
1760674200000,4374.275,4374.425,4370.355,4370.645
1760674500000,4370.685,4370.805,4360.655,4361.905
1760674800000,4361.795,4361.825,4354.648,4358.325
1760675100000,4358.365,4361.395,4355.685,4358.285
1760675400000,4358.285,4364.835,4357.745,4364.835
1760675700000,4364.965,4364.975,4361.035,4362.035
1760676000000,4362.005,4363.255,4359.195,4360.405
1760676300000,4360.425,4367.245,4359.615,4363.675
1760676600000,4363.705,4370.295,4362.925,4369.785
1760676900000,4369.805,4377.005,4369.305,4376.155
1760677200000,4376.135,4378.455,4365.355,4368.225
1760677500000,4368.225,4371.375,4366.005,4368.815
1760677800000,4368.795,4371.165,4366.075,4367.645
1760678100000,4367.615,4368.225,4358.325,4362.865
1760678400000,4362.725,4364.425,4359.635,4361.565
1760678700000,4361.285,4363.265,4357.745,4359.555
1760679000000,4359.615,4360.748,4341.625,4354.255
1760679300000,4354.245,4361.645,4353.315,4361.085
1760679600000,4361.115,4363.005,4357.125,4359.435
1760679900000,4359.425,4364.435,4356.495,4362.495
1760680200000,4362.575,4369.265,4362.005,4366.985
1760680500000,4367.015,4369.405,4364.335,4365.785
1760680800000,4365.825,4368.265,4362.875,4366.035
1760681100000,4366.035,4369.385,4365.498,4366.625
1760681400000,4366.605,4367.235,4354.435,4358.655
1760681700000,4358.575,4364.305,4355.925,4363.145
1760682000000,4363.075,4363.705,4358.075,4358.145
1760682300000,4358.335,4364.065,4356.558,4361.315
1760682600000,4361.345,4362.495,4346.545,4350.685
1760682900000,4350.905,4360.585,4350.315,4357.685
1760683200000,4357.685,4364.985,4357.535,4363.805
1760683500000,4363.775,4367.165,4361.788,4365.035
1760683800000,4364.945,4365.345,4360.775,4364.175
1760684100000,4364.085,4364.145,4356.708,4359.845
1760684400000,4359.915,4361.635,4352.625,4353.465
1760684700000,4352.835,4357.485,4351.545,4356.315
1760685000000,4356.648,4359.068,4352.895,4355.185
1760685300000,4355.155,4356.945,4341.485,4341.565
1760685600000,4341.595,4345.815,4308.235,4345.715
1760685900000,4345.745,4351.348,4337.279,4338.048
1760686200000,4338.048,4339.645,4330.118,4339.525
1760686500000,4339.465,4349.165,4335.535,4346.735
1760686800000,4346.735,4348.025,4336.435,4345.215
1760687100000,4345.135,4348.875,4340.835,4346.285
1760687400000,4346.255,4346.595,4329.555,4333.915
1760687700000,4334.035,4343.095,4331.148,4342.085
1760688000000,4342.165,4347.115,4331.395,4332.865
1760688300000,4332.785,4334.375,4320.745,4322.825
1760688600000,4322.715,4335.825,4322.655,4333.715
1760688900000,4333.755,4349.368,4333.755,4344.055
1760689200000,4344.055,4349.505,4343.285,4345.695
1760689500000,4345.755,4346.115,4339.505,4341.155
1760689800000,4341.155,4341.155,4332.615,4334.455
1760690100000,4334.455,4341.905,4333.365,4340.125
1760690400000,4340.125,4346.605,4338.535,4345.965
1760690700000,4345.958,4347.175,4341.605,4346.005
1760691000000,4345.995,4349.495,4341.028,4341.755
1760691300000,4341.785,4348.455,4339.855,4347.418
1760691600000,4347.418,4348.148,4341.888,4344.548
1760691900000,4344.448,4347.398,4340.465,4344.778
1760692200000,4344.785,4344.918,4340.845,4341.585
1760692500000,4341.645,4342.525,4337.388,4340.595
1760692800000,4340.575,4340.605,4334.645,4335.655
1760693100000,4335.655,4337.785,4332.085,4335.185
1760693400000,4335.165,4339.095,4333.475,4338.125
1760693700000,4338.105,4344.075,4335.675,4342.025
1760694000000,4342.035,4344.958,4337.865,4338.035
1760694300000,4338.035,4339.275,4335.195,4338.235
1760694600000,4338.325,4339.855,4336.995,4338.145
1760694900000,4338.195,4341.818,4337.195,4339.985
1760695200000,4339.935,4341.965,4337.918,4339.455
1760695500000,4339.445,4341.335,4338.275,4338.775
1760695800000,4338.785,4341.148,4337.898,4337.898
1760696100000,4337.898,4340.735,4337.398,4339.985
1760696400000,4339.985,4339.995,4335.925,4338.385
1760696700000,4338.405,4341.335,4337.735,4340.955
1760697000000,4340.995,4341.415,4327.835,4328.995
1760697300000,4328.975,4334.795,4319.415,4323.525
1760697600000,4323.585,4332.215,4321.285,4331.065
1760697900000,4331.095,4337.285,4329.595,4336.575
1760698200000,4336.485,4336.805,4330.175,4331.895
1760698500000,4331.815,4332.415,4326.595,4327.395
1760698800000,4327.355,4335.755,4326.085,4334.535
1760699100000,4334.475,4335.575,4328.235,4331.125
1760699400000,4331.105,4332.715,4316.355,4319.325
1760699700000,4319.355,4331.205,4318.285,4330.125
1760700000000,4330.159,4332.409,4325.039,4327.479
1760700300000,4327.479,4328.099,4320.399,4321.898
1760700600000,4321.898,4322.569,4304.729,4308.345
1760700900000,4308.265,4319.085,4304.505,4318.985
1760701200000,4319.015,4319.465,4303.165,4307.295
1760701500000,4307.275,4314.035,4305.359,4307.278
1760701800000,4307.278,4310.145,4299.685,4301.855
1760702100000,4301.895,4304.645,4286.435,4286.795
1760702400000,4286.775,4293.355,4283.355,4287.485
1760702700000,4287.455,4305.445,4286.935,4303.015
1760703000000,4303.035,4316.295,4300.345,4314.939
1760703300000,4314.919,4315.435,4307.495,4307.858
1760703600000,4307.858,4307.858,4292.775,4293.165
1760703900000,4293.215,4300.725,4291.778,4293.039
1760704200000,4293.039,4311.305,4290.955,4309.605
1760704500000,4309.625,4313.165,4306.725,4308.425
1760704800000,4308.315,4315.355,4306.415,4314.255
1760705100000,4314.225,4318.585,4312.555,4318.095
1760705400000,4317.985,4319.785,4313.939,4315.898
1760705700000,4315.949,4318.225,4310.565,4314.209
1760706000000,4314.349,4315.995,4302.065,4302.455
1760706300000,4302.445,4308.865,4300.875,4306.895
1760706600000,4306.835,4313.635,4305.145,4312.848
1760706900000,4313.048,4317.275,4303.655,4307.855
1760707200000,4307.915,4314.895,4306.798,4310.085
1760707500000,4310.045,4316.085,4309.685,4315.975
1760707800000,4315.835,4316.715,4289.235,4294.585
1760708100000,4294.685,4294.905,4258.115,4281.215
1760708400000,4280.995,4290.405,4276.279,4285.895
1760708700000,4285.985,4293.248,4278.715,4282.385
1760709000000,4282.485,4290.855,4277.555,4290.515
1760709300000,4290.505,4291.065,4271.355,4273.485
1760709600000,4273.635,4274.225,4236.015,4238.115
1760709900000,4238.205,4245.488,4223.758,4237.048
1760710200000,4237.178,4252.178,4216.545,4216.959
1760710500000,4216.869,4242.088,4216.869,4235.929
1760710800000,4235.929,4236.659,4216.465,4225.615
1760711100000,4225.655,4244.748,4225.358,4240.389
1760711400000,4241.265,4247.355,4235.715,4236.045
1760711700000,4235.878,4258.575,4230.185,4258.555
1760712000000,4259.235,4266.145,4254.695,4258.495
1760712300000,4258.965,4259.935,4247.005,4253.725
1760712600000,4253.645,4260.225,4252.465,4259.405
1760712900000,4259.685,4260.135,4243.475,4248.635
1760713200000,4248.635,4259.125,4244.425,4253.485
1760713500000,4253.515,4256.415,4244.885,4251.785
1760713800000,4251.795,4254.915,4239.895,4242.005
1760714100000,4242.085,4248.625,4236.475,4238.585
1760714400000,4238.755,4243.775,4230.675,4241.158
1760714700000,4241.158,4248.805,4238.555,4248.015
1760715000000,4248.025,4253.765,4245.305,4253.448
1760715300000,4253.448,4258.998,4251.885,4253.755
1760715600000,4253.975,4257.695,4251.115,4255.285
1760715900000,4255.285,4256.165,4244.965,4245.725
1760716200000,4245.725,4248.785,4241.035,4245.405
1760716500000,4245.465,4247.365,4236.045,4237.235
1760716800000,4237.245,4244.725,4234.505,4241.805
1760717100000,4242.095,4242.665,4224.965,4227.325
1760717400000,4227.295,4237.265,4227.095,4233.635
1760717700000,4233.485,4239.175,4226.145,4231.755
1760718000000,4231.765,4238.935,4228.665,4228.795
1760718300000,4229.065,4229.515,4214.695,4215.208
1760718600000,4214.635,4219.945,4205.525,4213.365
1760718900000,4213.445,4217.265,4207.055,4216.625
1760719200000,4216.605,4221.195,4206.915,4208.145
1760719500000,4208.275,4216.435,4203.135,4215.805
1760719800000,4215.825,4220.415,4205.495,4211.075
1760720100000,4211.035,4211.165,4200.055,4204.465
1760720400000,4204.545,4208.898,4185.425,4194.998
1760720700000,4195.049,4203.408,4191.689,4192.565
1760721000000,4193.075,4206.375,4192.485,4206.375
1760721300000,4206.405,4206.405,4198.769,4203.348
1760721600000,4203.348,4214.148,4198.898,4208.898
1760721900000,4208.898,4210.075,4199.935,4200.685
1760722200000,4200.685,4205.298,4196.105,4202.455
1760722500000,4202.465,4213.248,4202.448,4211.955
1760722800000,4211.935,4228.248,4211.155,4222.118
1760723100000,4222.108,4226.005,4216.475,4224.778
1760723400000,4224.798,4225.105,4219.075,4219.495
1760723700000,4219.475,4223.065,4217.248,4220.648
1760724000000,4220.705,4229.975,4217.748,4229.435
1760724300000,4229.435,4238.465,4227.385,4236.585
1760724600000,4236.535,4241.355,4230.398,4233.048
1760724900000,4233.048,4239.835,4230.745,4239.028
1760725200000,4239.078,4241.715,4235.058,4236.275
1760725500000,4236.515,4244.445,4235.445,4244.355
1760725800000,4244.375,4244.435,4236.665,4238.835
1760726100000,4238.955,4243.655,4238.955,4240.945
1760726400000,4241.185,4242.195,4233.895,4233.995
1760726700000,4233.975,4240.765,4233.975,4240.325
1760727000000,4240.225,4242.015,4234.295,4234.735
1760727300000,4234.765,4235.485,4231.735,4235.335
1760727600000,4235.645,4237.725,4232.305,4232.545
1760727900000,4232.575,4237.595,4230.285,4230.335
1760728200000,4230.385,4231.465,4222.305,4223.345
1760728500000,4223.765,4224.805,4212.385,4213.575
1760728800000,4213.565,4224.138,4213.555,4220.785
1760729100000,4220.685,4221.905,4214.275,4216.255
1760729400000,4216.265,4228.885,4216.265,4226.675
1760729700000,4226.665,4227.825,4222.485,4224.935
1760730000000,4224.955,4225.485,4221.235,4221.655
1760730300000,4221.635,4223.115,4219.465,4221.455
1760730600000,4221.445,4227.645,4218.565,4219.135
1760730900000,4218.895,4231.225,4218.185,4225.395
1760731200000,4225.725,4233.755,4219.765,4220.215
1760731500000,4220.745,4232.895,4220.555,4231.725
1760731800000,4231.735,4233.385,4229.315,4231.655
1760732100000,4231.665,4237.005,4230.725,4235.105
1760732400000,4235.225,4238.395,4232.815,4236.815
1760732700000,4236.775,4246.025,4236.545,4245.495
1760733000000,4245.495,4245.545,4242.125,4243.335
1760733300000,4243.455,4247.698,4242.205,4246.115
1760733600000,4246.105,4247.435,4243.165,4246.548
1760733900000,4246.365,4249.565,4245.355,4246.565
1760734200000,4246.575,4248.015,4243.215,4246.585
1760734500000,4246.365,4252.198,4246.355,4250.855
1760832000000,4243.865,4243.865,4243.865,4243.865
1760832300000,4243.865,4243.865,4243.865,4243.865
1760832600000,4243.865,4243.865,4243.865,4243.865
1760832900000,4243.865,4243.865,4243.865,4243.865
1760833200000,4243.865,4243.865,4243.865,4243.865
1760833500000,4243.865,4243.865,4243.865,4243.865
1760833800000,4243.865,4243.865,4243.865,4243.865
1760834100000,4243.865,4243.865,4243.865,4243.865
1760834400000,4243.865,4243.865,4243.865,4243.865
1760834700000,4243.865,4243.865,4243.865,4243.865
1760835000000,4243.865,4243.865,4243.865,4243.865
1760835300000,4243.865,4243.865,4243.865,4243.865
1760835600000,4243.865,4243.865,4243.865,4243.865
1760835900000,4243.865,4243.865,4243.865,4243.865
1760836200000,4243.865,4243.865,4243.865,4243.865
1760836500000,4243.865,4243.865,4243.865,4243.865
1760836800000,4243.865,4243.865,4243.865,4243.865
1760837100000,4243.865,4243.865,4243.865,4243.865
1760837400000,4243.865,4243.865,4243.865,4243.865
1760837700000,4243.865,4243.865,4243.865,4243.865
1760838000000,4243.865,4243.865,4243.865,4243.865
1760838300000,4243.865,4243.865,4243.865,4243.865
1760838600000,4243.865,4243.865,4243.865,4243.865
1760838900000,4243.865,4243.865,4243.865,4243.865
1760839200000,4243.865,4243.865,4243.865,4243.865
1760839500000,4243.865,4243.865,4243.865,4243.865
1760839800000,4243.865,4243.865,4243.865,4243.865
1760840100000,4243.865,4243.865,4243.865,4243.865
1760840400000,4243.865,4243.865,4243.865,4243.865
1760840700000,4243.865,4243.865,4243.865,4243.865
1760841000000,4243.865,4243.865,4243.865,4243.865
1760841300000,4243.865,4243.865,4243.865,4243.865
1760841600000,4243.865,4243.865,4243.865,4243.865
1760841900000,4243.865,4243.865,4243.865,4243.865
1760842200000,4243.865,4243.865,4243.865,4243.865
1760842500000,4243.865,4243.865,4243.865,4243.865
1760842800000,4243.865,4243.865,4243.865,4243.865
1760843100000,4243.865,4243.865,4243.865,4243.865
1760843400000,4243.865,4243.865,4243.865,4243.865
1760843700000,4243.865,4243.865,4243.865,4243.865
1760844000000,4243.865,4243.865,4243.865,4243.865
1760844300000,4243.865,4243.865,4243.865,4243.865
1760844600000,4243.865,4243.865,4243.865,4243.865
1760844900000,4243.865,4243.865,4243.865,4243.865
1760845200000,4243.865,4243.865,4243.865,4243.865
1760845500000,4243.865,4243.865,4243.865,4243.865
1760845800000,4243.865,4243.865,4243.865,4243.865
1760846100000,4243.865,4243.865,4243.865,4243.865
1760846400000,4243.865,4243.865,4243.865,4243.865
1760846700000,4243.865,4243.865,4243.865,4243.865
1760847000000,4243.865,4243.865,4243.865,4243.865
1760847300000,4243.865,4243.865,4243.865,4243.865
1760847600000,4243.865,4243.865,4243.865,4243.865
1760847900000,4243.865,4243.865,4243.865,4243.865
1760848200000,4243.865,4243.865,4243.865,4243.865
1760848500000,4243.865,4243.865,4243.865,4243.865
1760848800000,4243.865,4243.865,4243.865,4243.865
1760849100000,4243.865,4243.865,4243.865,4243.865
1760849400000,4243.865,4243.865,4243.865,4243.865
1760849700000,4243.865,4243.865,4243.865,4243.865
1760850000000,4243.865,4243.865,4243.865,4243.865
1760850300000,4243.865,4243.865,4243.865,4243.865
1760850600000,4243.865,4243.865,4243.865,4243.865
1760850900000,4243.865,4243.865,4243.865,4243.865
1760851200000,4243.865,4243.865,4243.865,4243.865
1760851500000,4243.865,4243.865,4243.865,4243.865
1760851800000,4243.865,4243.865,4243.865,4243.865
1760852100000,4243.865,4243.865,4243.865,4243.865
1760852400000,4243.865,4243.865,4243.865,4243.865
1760852700000,4243.865,4243.865,4243.865,4243.865
1760853000000,4243.865,4243.865,4243.865,4243.865
1760853300000,4243.865,4243.865,4243.865,4243.865
1760853600000,4243.865,4243.865,4243.865,4243.865
1760853900000,4243.865,4243.865,4243.865,4243.865
1760854200000,4243.865,4243.865,4243.865,4243.865
1760854500000,4243.865,4243.865,4243.865,4243.865
1760854800000,4243.865,4243.865,4243.865,4243.865
1760855100000,4243.865,4243.865,4243.865,4243.865
1760855400000,4243.865,4243.865,4243.865,4243.865
1760855700000,4243.865,4243.865,4243.865,4243.865
1760856000000,4243.865,4243.865,4243.865,4243.865
1760856300000,4243.865,4243.865,4243.865,4243.865
1760856600000,4243.865,4243.865,4243.865,4243.865
1760856900000,4243.865,4243.865,4243.865,4243.865
1760857200000,4243.865,4243.865,4243.865,4243.865
1760857500000,4243.865,4243.865,4243.865,4243.865
1760857800000,4243.865,4243.865,4243.865,4243.865
1760858100000,4243.865,4243.865,4243.865,4243.865
1760858400000,4243.865,4243.865,4243.865,4243.865
1760858700000,4243.865,4243.865,4243.865,4243.865
1760859000000,4243.865,4243.865,4243.865,4243.865
1760859300000,4243.865,4243.865,4243.865,4243.865
1760859600000,4243.865,4243.865,4243.865,4243.865
1760859900000,4243.865,4243.865,4243.865,4243.865
1760860200000,4243.865,4243.865,4243.865,4243.865
1760860500000,4243.865,4243.865,4243.865,4243.865
1760860800000,4243.865,4243.865,4243.865,4243.865
1760861100000,4243.865,4243.865,4243.865,4243.865
1760861400000,4243.865,4243.865,4243.865,4243.865
1760861700000,4243.865,4243.865,4243.865,4243.865
1760862000000,4243.865,4243.865,4243.865,4243.865
1760862300000,4243.865,4243.865,4243.865,4243.865
1760862600000,4243.865,4243.865,4243.865,4243.865
1760862900000,4243.865,4243.865,4243.865,4243.865
1760863200000,4243.865,4243.865,4243.865,4243.865
1760863500000,4243.865,4243.865,4243.865,4243.865
1760863800000,4243.865,4243.865,4243.865,4243.865
1760864100000,4243.865,4243.865,4243.865,4243.865
1760864400000,4243.865,4243.865,4243.865,4243.865
1760864700000,4243.865,4243.865,4243.865,4243.865
1760865000000,4243.865,4243.865,4243.865,4243.865
1760865300000,4243.865,4243.865,4243.865,4243.865
1760865600000,4243.865,4243.865,4243.865,4243.865
1760865900000,4243.865,4243.865,4243.865,4243.865
1760866200000,4243.865,4243.865,4243.865,4243.865
1760866500000,4243.865,4243.865,4243.865,4243.865
1760866800000,4243.865,4243.865,4243.865,4243.865
1760867100000,4243.865,4243.865,4243.865,4243.865
1760867400000,4243.865,4243.865,4243.865,4243.865
1760867700000,4243.865,4243.865,4243.865,4243.865
1760868000000,4243.865,4243.865,4243.865,4243.865
1760868300000,4243.865,4243.865,4243.865,4243.865
1760868600000,4243.865,4243.865,4243.865,4243.865
1760868900000,4243.865,4243.865,4243.865,4243.865
1760869200000,4243.865,4243.865,4243.865,4243.865
1760869500000,4243.865,4243.865,4243.865,4243.865
1760869800000,4243.865,4243.865,4243.865,4243.865
1760870100000,4243.865,4243.865,4243.865,4243.865
1760870400000,4243.865,4243.865,4243.865,4243.865
1760870700000,4243.865,4243.865,4243.865,4243.865
1760871000000,4243.865,4243.865,4243.865,4243.865
1760871300000,4243.865,4243.865,4243.865,4243.865
1760871600000,4243.865,4243.865,4243.865,4243.865
1760871900000,4243.865,4243.865,4243.865,4243.865
1760872200000,4243.865,4243.865,4243.865,4243.865
1760872500000,4243.865,4243.865,4243.865,4243.865
1760872800000,4243.865,4243.865,4243.865,4243.865
1760873100000,4243.865,4243.865,4243.865,4243.865
1760873400000,4243.865,4243.865,4243.865,4243.865
1760873700000,4243.865,4243.865,4243.865,4243.865
1760874000000,4243.865,4243.865,4243.865,4243.865
1760874300000,4243.865,4243.865,4243.865,4243.865
1760874600000,4243.865,4243.865,4243.865,4243.865
1760874900000,4243.865,4243.865,4243.865,4243.865
1760875200000,4243.865,4243.865,4243.865,4243.865
1760875500000,4243.865,4243.865,4243.865,4243.865
1760875800000,4243.865,4243.865,4243.865,4243.865
1760876100000,4243.865,4243.865,4243.865,4243.865
1760876400000,4243.865,4243.865,4243.865,4243.865
1760876700000,4243.865,4243.865,4243.865,4243.865
1760877000000,4243.865,4243.865,4243.865,4243.865
1760877300000,4243.865,4243.865,4243.865,4243.865
1760877600000,4243.865,4243.865,4243.865,4243.865
1760877900000,4243.865,4243.865,4243.865,4243.865
1760878200000,4243.865,4243.865,4243.865,4243.865
1760878500000,4243.865,4243.865,4243.865,4243.865
1760878800000,4243.865,4243.865,4243.865,4243.865
1760879100000,4243.865,4243.865,4243.865,4243.865
1760879400000,4243.865,4243.865,4243.865,4243.865
1760879700000,4243.865,4243.865,4243.865,4243.865
1760880000000,4243.865,4243.865,4243.865,4243.865
1760880300000,4243.865,4243.865,4243.865,4243.865
1760880600000,4243.865,4243.865,4243.865,4243.865
1760880900000,4243.865,4243.865,4243.865,4243.865
1760881200000,4243.865,4243.865,4243.865,4243.865
1760881500000,4243.865,4243.865,4243.865,4243.865
1760881800000,4243.865,4243.865,4243.865,4243.865
1760882100000,4243.865,4243.865,4243.865,4243.865
1760882400000,4243.865,4243.865,4243.865,4243.865
1760882700000,4243.865,4243.865,4243.865,4243.865
1760883000000,4243.865,4243.865,4243.865,4243.865
1760883300000,4243.865,4243.865,4243.865,4243.865
1760883600000,4243.865,4243.865,4243.865,4243.865
1760883900000,4243.865,4243.865,4243.865,4243.865
1760884200000,4243.865,4243.865,4243.865,4243.865
1760884500000,4243.865,4243.865,4243.865,4243.865
1760884800000,4243.865,4243.865,4243.865,4243.865
1760885100000,4243.865,4243.865,4243.865,4243.865
1760885400000,4243.865,4243.865,4243.865,4243.865
1760885700000,4243.865,4243.865,4243.865,4243.865
1760886000000,4243.865,4243.865,4243.865,4243.865
1760886300000,4243.865,4243.865,4243.865,4243.865
1760886600000,4243.865,4243.865,4243.865,4243.865
1760886900000,4243.865,4243.865,4243.865,4243.865
1760887200000,4243.865,4243.865,4243.865,4243.865
1760887500000,4243.865,4243.865,4243.865,4243.865
1760887800000,4243.865,4243.865,4243.865,4243.865
1760888100000,4243.865,4243.865,4243.865,4243.865
1760888400000,4243.865,4243.865,4243.865,4243.865
1760888700000,4243.865,4243.865,4243.865,4243.865
1760889000000,4243.865,4243.865,4243.865,4243.865
1760889300000,4243.865,4243.865,4243.865,4243.865
1760889600000,4243.865,4243.865,4243.865,4243.865
1760889900000,4243.865,4243.865,4243.865,4243.865
1760890200000,4243.865,4243.865,4243.865,4243.865
1760890500000,4243.865,4243.865,4243.865,4243.865
1760890800000,4243.865,4243.865,4243.865,4243.865
1760891100000,4243.865,4243.865,4243.865,4243.865
1760891400000,4243.865,4243.865,4243.865,4243.865
1760891700000,4243.865,4243.865,4243.865,4243.865
1760892000000,4243.865,4243.865,4243.865,4243.865
1760892300000,4243.865,4243.865,4243.865,4243.865
1760892600000,4243.865,4243.865,4243.865,4243.865
1760892900000,4243.865,4243.865,4243.865,4243.865
1760893200000,4243.865,4243.865,4243.865,4243.865
1760893500000,4243.865,4243.865,4243.865,4243.865
1760893800000,4243.865,4243.865,4243.865,4243.865
1760894100000,4243.865,4243.865,4243.865,4243.865
1760894400000,4243.865,4243.865,4243.865,4243.865
1760894700000,4243.865,4243.865,4243.865,4243.865
1760895000000,4243.865,4243.865,4243.865,4243.865
1760895300000,4243.865,4243.865,4243.865,4243.865
1760895600000,4243.865,4243.865,4243.865,4243.865
1760895900000,4243.865,4243.865,4243.865,4243.865
1760896200000,4243.865,4243.865,4243.865,4243.865
1760896500000,4243.865,4243.865,4243.865,4243.865
1760896800000,4243.865,4243.865,4243.865,4243.865
1760897100000,4243.865,4243.865,4243.865,4243.865
1760897400000,4243.865,4243.865,4243.865,4243.865
1760897700000,4243.865,4243.865,4243.865,4243.865
1760898000000,4243.865,4243.865,4243.865,4243.865
1760898300000,4243.865,4243.865,4243.865,4243.865
1760898600000,4243.865,4243.865,4243.865,4243.865
1760898900000,4243.865,4243.865,4243.865,4243.865
1760899200000,4243.865,4243.865,4243.865,4243.865
1760899500000,4243.865,4243.865,4243.865,4243.865
1760899800000,4243.865,4243.865,4243.865,4243.865
1760900100000,4243.865,4243.865,4243.865,4243.865
1760900400000,4243.865,4243.865,4243.865,4243.865
1760900700000,4243.865,4243.865,4243.865,4243.865
1760901000000,4243.865,4243.865,4243.865,4243.865
1760901300000,4243.865,4243.865,4243.865,4243.865
1760901600000,4243.865,4243.865,4243.865,4243.865
1760901900000,4243.865,4243.865,4243.865,4243.865
1760902200000,4243.865,4243.865,4243.865,4243.865
1760902500000,4243.865,4243.865,4243.865,4243.865
1760902800000,4243.865,4243.865,4243.865,4243.865
1760903100000,4243.865,4243.865,4243.865,4243.865
1760903400000,4243.865,4243.865,4243.865,4243.865
1760903700000,4243.865,4243.865,4243.865,4243.865
1760904000000,4243.865,4243.865,4243.865,4243.865
1760904300000,4243.865,4243.865,4243.865,4243.865
1760904600000,4243.865,4243.865,4243.865,4243.865
1760904900000,4243.865,4243.865,4243.865,4243.865
1760905200000,4243.865,4243.865,4243.865,4243.865
1760905500000,4243.865,4243.865,4243.865,4243.865
1760905800000,4243.865,4243.865,4243.865,4243.865
1760906100000,4243.865,4243.865,4243.865,4243.865
1760906400000,4243.865,4243.865,4243.865,4243.865
1760906700000,4243.865,4243.865,4243.865,4243.865
1760907000000,4243.865,4243.865,4243.865,4243.865
1760907300000,4243.865,4243.865,4243.865,4243.865
1760907600000,4243.865,4243.865,4243.865,4243.865
1760907900000,4243.865,4243.865,4243.865,4243.865
1760908200000,4243.865,4243.865,4243.865,4243.865
1760908500000,4243.865,4243.865,4243.865,4243.865
1760908800000,4243.865,4243.865,4243.865,4243.865
1760909100000,4243.865,4243.865,4243.865,4243.865
1760909400000,4243.865,4243.865,4243.865,4243.865
1760909700000,4243.865,4243.865,4243.865,4243.865
1760910000000,4243.865,4243.865,4243.865,4243.865
1760910300000,4243.865,4243.865,4243.865,4243.865
1760910600000,4243.865,4243.865,4243.865,4243.865
1760910900000,4243.865,4243.865,4243.865,4243.865
1760911200000,4247.775,4273.685,4239.348,4264.005
1760911500000,4264.215,4266.535,4250.848,4253.345
1760911800000,4253.355,4262.905,4253.315,4258.685
1760912100000,4258.505,4267.175,4254.575,4266.835
1760912400000,4266.795,4267.735,4256.105,4260.605
1760912700000,4260.675,4261.705,4256.185,4259.445
1760913000000,4258.865,4259.445,4245.585,4250.245
1760913300000,4250.285,4255.075,4247.655,4254.575
1760913600000,4254.455,4258.325,4253.795,4256.735
1760913900000,4256.735,4261.755,4254.265,4261.505
1760914200000,4261.605,4261.845,4254.245,4255.395
1760914500000,4255.425,4257.085,4253.048,4254.898
1760914800000,4254.908,4255.535,4251.245,4253.918
1760915100000,4253.898,4254.398,4249.198,4251.925
1760915400000,4251.945,4252.065,4242.515,4243.605
1760915700000,4243.605,4246.045,4238.915,4245.395
1760916000000,4245.345,4248.795,4243.035,4244.695
1760916300000,4244.715,4247.195,4240.365,4247.195
1760916600000,4247.185,4247.335,4243.155,4244.505
1760916900000,4244.485,4247.795,4243.555,4246.845
1760917200000,4246.845,4246.845,4243.255,4245.395
1760917500000,4245.215,4246.025,4238.875,4239.225
1760917800000,4239.245,4242.725,4233.298,4242.255
1760918100000,4242.265,4244.495,4237.605,4237.605
1760918400000,4237.625,4242.245,4235.585,4236.395
1760918700000,4236.405,4238.525,4233.915,4237.445
1760919000000,4237.435,4237.475,4223.985,4224.805
1760919300000,4224.795,4232.245,4221.745,4232.245
1760919600000,4232.235,4235.655,4227.195,4227.375
1760919900000,4227.345,4227.735,4218.505,4221.965
1760920200000,4221.835,4229.665,4220.155,4226.275
1760920500000,4226.365,4240.548,4226.205,4237.765
1760920800000,4237.715,4243.845,4231.895,4240.495
1760921100000,4240.515,4245.725,4238.745,4244.165
1760921400000,4243.955,4248.335,4243.265,4245.875
1760921700000,4245.835,4250.345,4244.505,4248.955
1760922000000,4248.985,4249.598,4231.449,4233.395
1760922300000,4233.355,4238.855,4229.045,4238.735
1760922600000,4238.715,4255.405,4237.155,4255.065
1760922900000,4254.885,4259.505,4252.735,4254.775
1760923200000,4254.669,4255.765,4248.259,4255.475
1760923500000,4255.515,4264.335,4253.639,4262.635
1760923800000,4262.325,4262.815,4255.675,4258.995
1760924100000,4259.005,4262.065,4255.885,4257.495
1760924400000,4257.465,4266.085,4256.675,4265.825
1760924700000,4265.855,4266.325,4261.945,4266.085
1760925000000,4266.085,4268.785,4258.865,4262.835
1760925300000,4262.805,4264.185,4258.475,4262.135
1760925600000,4262.165,4265.235,4259.245,4262.915
1760925900000,4262.885,4263.855,4258.569,4259.645
1760926200000,4259.665,4264.829,4259.485,4262.429
1760926500000,4262.429,4264.498,4259.625,4262.005
1760926800000,4262.035,4264.935,4260.089,4263.935
1760927100000,4263.965,4267.015,4262.219,4266.575
1760927400000,4266.365,4270.765,4265.475,4266.015
1760927700000,4265.675,4270.995,4263.009,4263.425
1760928000000,4263.509,4265.265,4260.605,4260.725
1760928300000,4260.725,4262.198,4258.425,4261.159
1760928600000,4261.209,4261.279,4255.579,4256.029
1760928900000,4256.009,4256.605,4253.105,4255.429
1760929200000,4255.429,4256.649,4251.785,4252.598
1760929500000,4252.709,4257.875,4251.929,4257.265
1760929800000,4257.245,4259.448,4253.248,4253.289
1760930100000,4253.369,4260.535,4251.915,4259.649
1760930400000,4259.639,4262.389,4259.639,4261.449
1760930700000,4261.449,4261.449,4254.148,4254.448
1760931000000,4254.489,4255.449,4251.175,4251.829
1760931300000,4251.835,4254.165,4248.335,4254.085
1760931600000,4254.165,4256.835,4251.935,4254.645
1760931900000,4254.685,4258.335,4254.065,4256.695
1760932200000,4256.775,4264.769,4256.745,4263.948
1760932500000,4263.948,4265.009,4262.909,4264.379
1760932800000,4264.379,4266.899,4260.289,4262.725
1760933100000,4262.725,4263.055,4260.165,4262.105
1760933400000,4262.115,4263.695,4260.845,4261.615
1760933700000,4261.645,4263.705,4261.375,4262.065
1760934000000,4262.095,4264.615,4261.615,4262.545
1760934300000,4262.525,4264.625,4260.215,4264.215
1760934600000,4264.235,4265.885,4262.655,4262.695
1760934900000,4262.459,4267.055,4262.125,4266.775
1760935200000,4266.875,4268.048,4265.695,4266.345
1760935500000,4266.315,4267.618,4265.325,4267.245
1760935800000,4267.215,4267.375,4265.415,4265.415
1760936100000,4265.395,4266.335,4264.579,4266.045
1760936400000,4265.459,4266.439,4264.299,4264.739
1760936700000,4264.655,4265.685,4262.165,4263.135
1760937000000,4263.155,4263.389,4258.425,4261.315
1760937300000,4261.285,4263.115,4257.785,4257.945
1760937600000,4257.985,4258.225,4246.999,4250.905
1760937900000,4250.905,4256.935,4250.205,4256.785
1760938200000,4256.825,4260.225,4253.815,4256.825
1760938500000,4256.795,4258.925,4249.739,4250.315
1760938800000,4250.705,4254.685,4249.795,4254.658
1760939100000,4254.658,4255.385,4246.109,4247.275
1760939400000,4247.585,4252.485,4242.815,4245.525
1760939700000,4245.555,4245.885,4239.355,4239.445
1760940000000,4239.525,4241.085,4230.725,4232.825
1760940300000,4232.905,4241.805,4232.755,4240.718
1760940600000,4240.718,4244.548,4238.419,4243.559
1760940900000,4243.599,4245.498,4237.649,4237.789
1760941200000,4237.789,4238.249,4232.245,4236.299
1760941500000,4236.285,4236.698,4225.655,4226.409
1760941800000,4226.369,4234.419,4221.005,4234.195
1760942100000,4234.199,4240.489,4234.199,4239.379
1760942400000,4239.499,4240.079,4233.498,4233.998
1760942700000,4233.698,4236.819,4231.599,4233.245
1760943000000,4233.445,4236.698,4229.958,4236.098
1760943300000,4235.985,4237.248,4232.719,4235.948
1760943600000,4235.948,4239.198,4234.305,4237.198
1760943900000,4237.198,4248.165,4237.198,4248.025
1760944200000,4248.878,4256.875,4247.298,4254.315
1760944500000,4254.335,4258.665,4253.635,4256.299
1760944800000,4256.625,4259.705,4255.055,4255.765
1760945100000,4255.795,4257.055,4253.415,4253.755
1760945400000,4253.755,4257.015,4251.935,4254.625
1760945700000,4254.665,4254.825,4251.198,4253.148
1760946000000,4252.848,4260.615,4252.448,4258.785
1760946300000,4258.765,4260.345,4255.035,4255.625
1760946600000,4255.605,4257.685,4254.235,4256.375
1760946900000,4256.355,4256.685,4253.795,4254.895
1760947200000,4254.875,4259.295,4253.655,4257.945
1760947500000,4257.848,4260.098,4257.398,4259.495
1760947800000,4259.525,4262.815,4259.205,4260.545
1760948100000,4260.575,4261.435,4258.725,4259.975
1760948400000,4259.955,4259.955,4256.795,4258.475
1760948700000,4258.435,4261.505,4257.385,4260.325
1760949000000,4260.295,4264.395,4258.375,4263.495
1760949300000,4263.465,4265.915,4259.635,4259.685
1760949600000,4259.675,4260.085,4256.738,4258.745
1760949900000,4258.695,4259.435,4253.705,4253.765
1760950200000,4253.695,4254.855,4252.115,4254.765
1760950500000,4254.765,4258.705,4254.265,4258.455
1760950800000,4258.495,4260.048,4254.225,4254.445
1760951100000,4254.485,4255.735,4252.905,4254.045
1760951400000,4254.075,4254.895,4252.035,4252.565
1760951700000,4252.595,4255.265,4252.195,4252.845
1760952000000,4252.895,4253.635,4250.175,4252.425
1760952300000,4252.355,4253.745,4251.245,4252.345
1760952600000,4251.795,4253.755,4251.365,4252.715
1760952900000,4252.715,4255.425,4251.755,4255.315
1760953200000,4255.335,4258.465,4255.125,4258.165
1760953500000,4258.145,4263.395,4257.095,4261.295
1760953800000,4261.585,4263.495,4259.598,4262.805
1760954100000,4262.925,4263.045,4260.115,4260.475
1760954400000,4260.455,4260.598,4252.665,4253.035
1760954700000,4253.155,4253.295,4246.325,4246.815
1760955000000,4246.795,4253.635,4245.435,4253.605
1760955300000,4253.575,4257.785,4253.115,4254.435
1760955600000,4254.405,4258.645,4252.255,4257.065
1760955900000,4257.085,4257.615,4253.145,4255.745
1760956200000,4255.715,4257.305,4253.135,4253.345
1760956500000,4253.365,4257.348,4251.105,4254.805
1760956800000,4254.799,4258.998,4254.785,4257.605
1760957100000,4257.585,4259.645,4256.475,4259.265
1760957400000,4259.285,4259.898,4257.135,4259.095
1760957700000,4259.395,4259.948,4254.275,4254.295
1760958000000,4254.278,4256.765,4253.205,4255.885
1760958300000,4255.845,4256.848,4250.665,4254.998
1760958600000,4254.998,4257.748,4254.425,4254.915
1760958900000,4254.885,4261.175,4254.645,4259.135
1760959200000,4259.155,4262.505,4259.098,4262.015
1760959500000,4262.035,4263.495,4260.885,4262.535
1760959800000,4262.485,4263.935,4259.475,4259.595
1760960100000,4259.605,4265.005,4259.358,4264.005
1760960400000,4264.065,4264.585,4261.355,4263.565
1760960700000,4263.595,4266.475,4263.098,4266.145
1760961000000,4266.095,4267.198,4265.535,4266.755
1760961300000,4266.775,4279.235,4266.565,4278.905
1760961600000,4278.905,4280.905,4275.405,4275.885
1760961900000,4275.865,4278.245,4272.355,4278.035
1760962200000,4278.015,4283.345,4276.238,4280.585
1760962500000,4280.398,4294.575,4278.015,4292.825
1760962800000,4292.775,4299.545,4291.165,4296.525
1760963100000,4296.475,4296.848,4292.165,4293.535
1760963400000,4293.685,4306.175,4291.608,4304.805
1760963700000,4304.798,4318.385,4304.295,4318.025
1760964000000,4318.045,4323.405,4313.898,4319.895
1760964300000,4319.825,4320.035,4314.105,4315.685
1760964600000,4315.735,4321.765,4312.338,4318.555
1760964900000,4318.548,4326.975,4316.255,4323.245
1760965200000,4323.215,4324.575,4315.058,4317.745
1760965500000,4317.725,4323.535,4313.209,4322.608
1760965800000,4322.608,4324.655,4317.898,4318.885
1760966100000,4319.225,4322.375,4317.089,4321.355
1760966400000,4321.245,4321.555,4315.045,4317.985
1760966700000,4318.005,4320.325,4315.795,4319.855
1760967000000,4319.865,4320.635,4304.535,4307.615
1760967300000,4307.685,4312.085,4302.419,4311.165
1760967600000,4311.145,4316.348,4306.825,4307.905
1760967900000,4307.925,4315.015,4303.425,4314.455
1760968200000,4314.485,4317.148,4309.679,4312.885
1760968500000,4312.855,4312.855,4299.195,4300.525
1760968800000,4300.495,4301.395,4292.628,4294.775
1760969100000,4294.815,4309.745,4294.815,4309.745
1760969400000,4309.715,4316.658,4309.315,4316.048
1760969700000,4316.148,4324.215,4316.048,4324.175
1760970000000,4324.135,4334.348,4322.785,4329.248
1760970300000,4329.275,4332.348,4320.935,4326.075
1760970600000,4326.085,4329.848,4319.935,4320.255
1760970900000,4320.455,4328.098,4316.665,4326.515
1760971200000,4326.545,4327.348,4324.065,4325.035
1760971500000,4325.005,4332.675,4323.875,4330.448
1760971800000,4330.405,4332.498,4327.805,4329.648
1760972100000,4329.805,4334.598,4328.555,4331.948
1760972400000,4331.969,4338.865,4331.948,4337.548
1760972700000,4337.605,4341.665,4335.888,4341.295
1760973000000,4341.335,4347.455,4341.155,4345.825
1760973300000,4345.858,4354.898,4345.415,4354.598
1760973600000,4354.425,4355.345,4345.565,4346.315
1760973900000,4346.295,4346.718,4341.135,4345.148
1760974200000,4345.165,4349.185,4343.839,4347.945
1760974500000,4347.975,4349.898,4344.825,4347.375
1760974800000,4347.535,4350.548,4343.775,4349.748
1760975100000,4349.748,4350.798,4346.865,4349.548
1760975400000,4349.648,4350.965,4346.715,4350.795
1760975700000,4350.835,4350.975,4346.775,4348.898
1760976000000,4348.898,4349.198,4342.379,4343.605
1760976300000,4343.515,4350.698,4343.475,4348.165
1760976600000,4348.125,4348.125,4344.448,4345.735
1760976900000,4345.875,4350.148,4343.988,4349.448
1760977200000,4349.448,4349.748,4345.855,4346.008
1760977500000,4346.008,4347.305,4344.918,4344.918
1760977800000,4344.918,4348.048,4343.628,4347.548
1760978100000,4347.498,4348.448,4343.058,4343.348
1760978400000,4343.348,4346.339,4343.348,4345.855
1760978700000,4345.898,4347.898,4343.798,4344.568
1760979000000,4344.665,4347.648,4343.748,4345.798
1760979300000,4345.798,4349.648,4345.298,4347.598
1760979600000,4347.598,4350.098,4346.898,4348.598
1760979900000,4348.598,4350.285,4347.298,4350.185
1760980200000,4350.165,4350.855,4345.848,4346.175
1760980500000,4346.205,4346.715,4340.215,4341.995
1760980800000,4341.675,4350.555,4341.315,4347.835
1760981100000,4347.855,4348.285,4341.255,4341.845
1760981400000,4341.865,4342.195,4338.388,4339.448
1760981700000,4339.485,4344.048,4336.945,4343.848
1760982000000,4343.825,4346.648,4343.648,4345.105
1760982300000,4345.145,4347.998,4345.145,4346.948
1760982600000,4346.875,4348.748,4345.848,4347.298
1760982900000,4347.145,4348.825,4346.475,4347.298
1760983200000,4347.635,4348.715,4346.675,4347.955
1760983500000,4347.935,4348.098,4344.335,4346.225
1760983800000,4346.255,4347.248,4345.725,4346.615
1760984100000,4346.635,4348.198,4345.285,4347.098
1760984400000,4346.998,4349.198,4346.498,4349.025
1760984700000,4349.005,4357.735,4348.298,4357.355
1760985000000,4357.335,4359.838,4354.665,4359.535
1760985300000,4359.555,4364.415,4359.469,4361.715
1760985600000,4361.675,4362.355,4357.005,4359.265
1760985900000,4359.119,4361.955,4357.245,4358.065
1760986200000,4358.015,4359.985,4357.285,4359.795
1760986500000,4359.705,4360.785,4357.395,4359.085
1760986800000,4359.069,4362.608,4358.948,4361.148
1760987100000,4361.148,4366.515,4361.045,4365.725
1760987400000,4365.705,4366.795,4364.245,4366.035
1760987700000,4366.075,4367.048,4364.285,4366.848
1760988000000,4366.848,4366.848,4364.205,4364.498
1760988300000,4364.498,4366.795,4364.335,4366.555
1760988600000,4366.715,4367.775,4364.425,4366.248
1760988900000,4366.248,4367.335,4365.325,4365.898
1760989200000,4365.898,4369.575,4365.498,4369.398
1760989500000,4369.298,4372.205,4368.928,4371.298
1760989800000,4371.298,4373.565,4370.818,4372.598
1760990100000,4372.598,4381.298,4372.598,4377.848
1760990400000,4377.885,4379.948,4359.155,4363.375
1760990700000,4363.345,4369.765,4361.165,4361.298
1760991000000,4361.215,4363.048,4355.298,4359.948
1760991300000,4359.955,4360.248,4345.948,4348.448
1760991600000,4348.448,4359.605,4346.408,4359.048
1760991900000,4359.025,4360.935,4352.998,4354.005
1760992200000,4354.185,4355.165,4347.735,4349.548
1760992500000,4349.558,4354.545,4346.435,4351.495
1760992800000,4351.385,4358.895,4351.385,4356.925
1760993100000,4356.965,4358.748,4355.925,4356.775
1760993400000,4356.755,4358.148,4353.445,4355.845
1760993700000,4355.829,4356.865,4355.098,4355.685
1760994000000,4355.685,4355.685,4355.685,4355.685
1760994300000,4355.685,4355.685,4355.685,4355.685
1760994600000,4355.685,4355.685,4355.685,4355.685
1760994900000,4355.685,4355.685,4355.685,4355.685
1760995200000,4355.685,4355.685,4355.685,4355.685
1760995500000,4355.685,4355.685,4355.685,4355.685
1760995800000,4355.685,4355.685,4355.685,4355.685
1760996100000,4355.685,4355.685,4355.685,4355.685
1760996400000,4355.685,4355.685,4355.685,4355.685
1760996700000,4355.685,4355.685,4355.685,4355.685
1760997000000,4355.685,4355.685,4355.685,4355.685
1760997300000,4355.685,4355.685,4355.685,4355.685
1760997600000,4354.698,4370.965,4352.498,4366.195
1760997900000,4366.245,4370.325,4362.465,4365.395
1760998200000,4365.245,4365.245,4358.175,4361.365
1760998500000,4361.395,4373.348,4361.395,4372.305
1760998800000,4372.025,4375.248,4368.815,4372.645
1760999100000,4372.655,4374.485,4370.505,4371.385
1760999400000,4371.445,4371.475,4364.995,4366.235
1760999700000,4366.305,4366.305,4361.825,4363.875
1761000000000,4363.835,4364.285,4357.245,4358.405
1761000300000,4358.555,4367.648,4357.265,4367.648
1761000600000,4367.648,4370.065,4365.615,4367.615
1761000900000,4367.695,4367.695,4364.758,4366.998
1761001200000,4367.098,4371.098,4365.598,4371.098
1761001500000,4371.198,4371.198,4365.978,4366.895
1761001800000,4367.075,4368.735,4365.455,4367.185
1761002100000,4367.355,4367.945,4361.675,4365.145
1761002400000,4365.155,4366.975,4363.385,4363.535
1761002700000,4363.555,4365.145,4359.625,4362.305
1761003000000,4362.048,4362.525,4360.155,4361.115
1761003300000,4361.115,4362.135,4358.645,4360.225
1761003600000,4360.235,4361.148,4357.585,4361.115
1761003900000,4360.925,4361.205,4357.235,4359.205
1761004200000,4359.355,4362.505,4356.405,4359.425
1761004500000,4359.095,4362.115,4357.745,4359.905
1761004800000,4360.005,4361.748,4356.165,4359.195
1761005100000,4359.185,4363.648,4358.495,4360.688
1761005400000,4360.688,4361.575,4358.435,4359.035
1761005700000,4359.085,4362.905,4356.195,4361.725
1761006000000,4361.675,4370.235,4360.975,4369.825
1761006300000,4369.875,4370.015,4365.605,4368.355
1761006600000,4368.385,4370.885,4367.985,4369.665
1761006900000,4369.665,4370.095,4367.855,4368.595
1761007200000,4368.585,4370.305,4366.595,4369.775
1761007500000,4369.745,4370.445,4364.585,4365.275
1761007800000,4365.285,4368.805,4364.195,4367.575
1761008100000,4367.615,4370.748,4366.305,4368.398
1761008400000,4368.398,4372.108,4361.735,4363.995
1761008700000,4364.065,4366.495,4358.075,4363.685
1761009000000,4363.685,4366.975,4358.315,4358.725
1761009300000,4358.715,4360.095,4354.005,4358.985
1761009600000,4359.465,4360.875,4350.508,4351.015
1761009900000,4350.948,4352.685,4348.895,4349.875
1761010200000,4350.225,4350.285,4341.225,4345.855
1761010500000,4345.835,4347.045,4332.595,4340.215
1761010800000,4340.215,4350.048,4339.905,4345.948
1761011100000,4345.705,4348.275,4340.375,4340.825
1761011400000,4340.805,4350.165,4338.845,4346.755
1761011700000,4346.665,4350.835,4343.805,4350.745
1761012000000,4350.765,4350.895,4343.425,4346.515
1761012300000,4346.525,4348.955,4341.375,4342.955
1761012600000,4342.885,4346.265,4340.935,4345.365
1761012900000,4345.405,4350.625,4343.555,4350.535
1761013200000,4350.555,4355.198,4349.805,4353.405
1761013500000,4353.285,4353.285,4349.375,4350.325
1761013800000,4350.355,4351.095,4342.895,4343.035
1761014100000,4343.055,4344.655,4338.165,4339.135
1761014400000,4339.075,4342.055,4335.585,4339.595
1761014700000,4339.505,4344.665,4336.915,4337.085
1761015000000,4337.065,4341.035,4335.155,4340.375
1761015300000,4340.365,4340.625,4336.825,4338.715
1761015600000,4338.495,4343.345,4337.735,4343.115
1761015900000,4343.125,4346.655,4342.825,4345.435
1761016200000,4345.485,4346.235,4339.965,4341.915
1761016500000,4341.935,4344.055,4340.155,4342.055
1761016800000,4342.095,4349.005,4339.485,4347.965
1761017100000,4347.995,4349.635,4346.645,4348.885
1761017400000,4348.915,4349.445,4346.265,4347.375
1761017700000,4347.415,4350.615,4347.265,4349.395
1761018000000,4349.385,4349.465,4346.705,4347.345
1761018300000,4347.545,4347.555,4345.885,4346.245
1761018600000,4346.225,4347.865,4342.945,4347.695
1761018900000,4347.448,4348.535,4345.615,4346.395
1761019200000,4346.365,4346.825,4343.175,4344.095
1761019500000,4344.125,4346.125,4343.435,4344.285
1761019800000,4344.295,4345.205,4342.745,4343.545
1761020100000,4343.655,4344.655,4342.925,4344.615
1761020400000,4344.475,4345.485,4341.805,4343.048
1761020700000,4343.225,4344.295,4342.075,4342.825
1761021000000,4342.635,4342.695,4339.848,4342.165
1761021300000,4342.148,4343.355,4340.915,4341.475
1761021600000,4341.385,4341.475,4339.015,4339.445
1761021900000,4339.405,4340.385,4338.865,4339.235
1761022200000,4339.125,4341.565,4336.815,4341.305
1761022500000,4341.265,4344.035,4340.055,4341.725
1761022800000,4341.548,4344.085,4339.695,4340.195
1761023100000,4340.165,4341.685,4333.195,4334.075
1761023400000,4334.105,4336.495,4331.405,4334.555
1761023700000,4334.535,4335.545,4330.495,4331.355
1761024000000,4331.465,4333.325,4329.355,4329.895
1761024300000,4329.875,4334.685,4329.348,4333.045
1761024600000,4333.035,4333.095,4317.785,4321.395
1761024900000,4321.405,4325.655,4316.965,4322.985
1761025200000,4322.965,4327.085,4321.315,4322.645
1761025500000,4322.785,4327.885,4322.065,4323.455
1761025800000,4323.565,4329.165,4321.875,4325.695
1761026100000,4325.635,4326.145,4321.698,4322.905
1761026400000,4322.775,4323.035,4316.945,4321.695
1761026700000,4321.685,4327.325,4320.585,4325.705
1761027000000,4326.533,4330.555,4324.255,4329.215
1761027300000,4329.205,4330.295,4324.165,4327.995
1761027600000,4327.955,4330.185,4323.245,4323.295
1761027900000,4323.265,4325.455,4322.735,4323.905
1761028200000,4323.695,4324.925,4321.865,4324.475
1761028500000,4324.248,4330.165,4323.895,4330.135
1761028800000,4330.115,4337.655,4328.585,4337.425
1761029100000,4337.455,4343.575,4334.765,4343.575
1761029400000,4343.565,4343.955,4340.995,4341.815
1761029700000,4341.845,4343.995,4341.105,4343.045
1761030000000,4343.015,4343.015,4333.255,4335.835
1761030300000,4335.765,4338.995,4330.575,4332.895
1761030600000,4332.875,4334.475,4330.085,4331.085
1761030900000,4331.105,4334.295,4329.705,4332.465
1761031200000,4332.445,4333.475,4328.185,4329.315
1761031500000,4329.345,4329.755,4322.425,4324.605
1761031800000,4324.645,4324.685,4301.135,4301.135
1761032100000,4301.255,4305.075,4293.125,4297.035
1761032400000,4297.095,4305.435,4294.285,4300.475
1761032700000,4300.485,4305.675,4300.135,4303.239
1761033000000,4303.279,4307.075,4300.735,4303.385
1761033300000,4303.355,4304.205,4296.865,4298.005
1761033600000,4298.005,4301.425,4269.979,4272.199
1761033900000,4272.449,4281.705,4268.875,4280.598
1761034200000,4280.598,4281.505,4244.085,4244.318
1761034500000,4244.345,4270.415,4244.345,4264.605
1761034800000,4264.605,4266.875,4252.798,4265.565
1761035100000,4265.645,4268.265,4258.875,4267.065
1761035400000,4267.035,4269.085,4262.958,4266.015
1761035700000,4266.035,4269.785,4264.035,4269.705
1761036000000,4269.685,4272.605,4263.765,4271.795
1761036300000,4271.825,4273.705,4268.448,4271.415
1761036600000,4271.285,4272.125,4267.365,4269.855
1761036900000,4269.898,4273.965,4268.948,4273.795
1761037200000,4273.835,4277.785,4268.165,4269.455
1761037500000,4269.515,4269.815,4262.725,4265.995
1761037800000,4266.025,4267.355,4254.425,4257.955
1761038100000,4258.105,4267.085,4257.245,4264.885
1761038400000,4264.755,4269.285,4261.805,4268.075
1761038700000,4268.055,4272.275,4265.055,4270.755
1761039000000,4271.005,4276.035,4268.825,4274.165
1761039300000,4274.195,4274.265,4266.205,4266.365
1761039600000,4266.405,4269.905,4265.695,4269.845
1761039900000,4269.665,4271.975,4267.458,4269.025
1761040200000,4268.875,4270.265,4264.815,4268.195
1761040500000,4268.165,4268.965,4262.425,4264.795
1761040800000,4264.895,4266.245,4260.945,4261.555
1761041100000,4261.605,4265.345,4259.505,4263.225
1761041400000,4263.145,4263.165,4255.145,4259.758
1761041700000,4259.685,4259.948,4249.185,4251.725
1761042000000,4251.695,4262.795,4249.615,4260.725
1761042300000,4260.705,4266.315,4259.215,4264.165
1761042600000,4264.185,4264.425,4255.515,4257.495
1761042900000,4257.465,4263.865,4256.678,4263.735
1761043200000,4263.725,4263.875,4258.825,4259.918
1761043500000,4260.018,4261.505,4256.635,4258.465
1761043800000,4258.445,4260.325,4255.615,4255.645
1761044100000,4255.615,4260.955,4253.498,4253.578
1761044400000,4253.578,4260.995,4251.795,4260.455
1761044700000,4260.435,4263.345,4257.945,4262.985
1761045000000,4262.985,4269.035,4261.435,4267.618
1761045300000,4267.668,4272.205,4259.935,4260.018
1761045600000,4259.965,4263.805,4256.945,4262.015
1761045900000,4261.555,4266.685,4260.495,4266.355
1761046200000,4266.385,4266.718,4261.548,4262.095
1761046500000,4262.105,4264.485,4260.185,4261.895
1761046800000,4261.925,4263.905,4254.555,4255.715
1761047100000,4255.825,4260.945,4255.015,4260.105
1761047400000,4259.838,4260.725,4251.275,4253.185
1761047700000,4253.165,4254.065,4245.355,4253.145
1761048000000,4253.165,4257.445,4250.045,4254.565
1761048300000,4254.595,4254.685,4245.265,4248.885
1761048600000,4248.925,4251.185,4214.005,4225.235
1761048900000,4224.869,4232.225,4222.595,4230.335
1761049200000,4230.535,4232.975,4221.115,4221.945
1761049500000,4221.855,4231.015,4218.879,4228.275
1761049800000,4228.148,4229.925,4215.739,4217.925
1761050100000,4217.935,4222.765,4216.245,4221.875
1761050400000,4221.918,4225.435,4215.995,4217.785
1761050700000,4217.795,4222.095,4205.505,4217.555
1761051000000,4217.198,4217.198,4207.285,4207.298
1761051300000,4207.298,4216.098,4207.285,4210.815
1761051600000,4210.835,4210.835,4191.009,4203.005
1761051900000,4203.205,4208.985,4199.085,4200.785
1761052200000,4201.095,4203.265,4189.355,4196.945
1761052500000,4196.895,4207.025,4195.195,4203.365
1761052800000,4203.425,4209.448,4200.055,4205.548
1761053100000,4205.548,4205.548,4199.348,4200.515
1761053400000,4200.498,4206.685,4191.025,4199.445
1761053700000,4199.455,4225.298,4198.095,4222.725
1761054000000,4222.495,4224.998,4201.505,4205.348
1761054300000,4205.065,4208.975,4168.815,4183.589
1761054600000,4183.955,4184.149,4167.239,4176.405
1761054900000,4176.305,4180.825,4169.299,4173.175
1761055200000,4173.355,4176.195,4165.185,4174.949
1761055500000,4174.899,4187.908,4169.095,4171.975
1761055800000,4171.865,4182.125,4170.415,4181.585
1761056100000,4181.545,4181.865,4165.175,4166.225
1761056400000,4166.245,4169.115,4148.508,4152.445
1761056700000,4152.465,4158.025,4129.875,4136.545
1761057000000,4136.725,4137.005,4120.848,4133.629
1761057300000,4133.848,4134.595,4114.575,4118.329
1761057600000,4118.245,4123.405,4097.229,4101.449
1761057900000,4100.748,4113.728,4078.259,4112.498
1761058200000,4112.609,4124.339,4111.008,4122.469
1761058500000,4122.379,4140.965,4116.895,4138.469
1761058800000,4138.419,4141.248,4122.749,4128.619
1761059100000,4128.789,4139.548,4124.715,4136.459
1761059400000,4136.419,4150.175,4134.289,4140.455
1761059700000,4140.639,4142.705,4131.165,4135.755
1761060000000,4135.765,4136.615,4119.685,4132.785
1761060300000,4132.775,4134.398,4124.048,4124.469
1761060600000,4124.529,4132.805,4122.538,4128.518
1761060900000,4128.518,4131.805,4124.015,4124.865
1761061200000,4125.145,4142.985,4124.839,4142.345
1761061500000,4142.305,4147.405,4139.035,4139.999
1761061800000,4139.975,4144.455,4136.505,4141.165
1761062100000,4141.155,4145.655,4134.235,4138.385
1761062400000,4138.405,4143.695,4132.625,4139.715
1761062700000,4139.709,4141.429,4133.155,4134.215
1761063000000,4134.075,4137.345,4124.848,4133.825
1761063300000,4133.795,4134.175,4126.145,4127.095
1761063600000,4127.075,4128.955,4114.465,4115.948
1761063900000,4115.948,4121.355,4115.395,4117.255
1761064200000,4117.225,4120.685,4113.005,4117.135
1761064500000,4116.995,4117.845,4100.305,4106.815
1761064800000,4106.805,4115.135,4105.179,4113.798
1761065100000,4113.698,4119.485,4108.035,4116.995
1761065400000,4116.935,4126.305,4116.205,4122.789
1761065700000,4122.465,4123.385,4110.465,4113.109
1761066000000,4113.099,4119.425,4103.595,4104.428
1761066300000,4103.789,4109.289,4100.785,4108.295
1761066600000,4108.275,4114.585,4101.755,4113.985
1761066900000,4113.975,4119.005,4108.225,4109.615
1761067200000,4109.665,4110.975,4106.095,4108.235
1761067500000,4108.165,4109.555,4092.945,4097.575
1761067800000,4097.993,4115.345,4095.715,4113.765
1761068100000,4113.685,4116.915,4110.795,4112.215
1761068400000,4112.155,4117.535,4109.995,4115.915
1761068700000,4115.905,4120.135,4113.335,4114.485
1761069000000,4114.525,4114.525,4108.365,4111.455
1761069300000,4111.645,4114.915,4110.105,4110.925
1761069600000,4110.945,4122.335,4110.365,4122.305
1761069900000,4122.385,4124.205,4113.165,4113.555
1761070200000,4113.475,4119.035,4112.785,4118.465
1761070500000,4118.425,4119.225,4111.535,4114.345
1761070800000,4114.099,4118.045,4112.605,4117.565
1761071100000,4117.495,4119.315,4113.995,4116.015
1761071400000,4115.975,4121.315,4114.385,4119.605
1761071700000,4119.605,4125.665,4119.345,4124.635
1761072000000,4124.615,4124.615,4113.315,4113.635
1761072300000,4113.685,4114.225,4106.175,4111.615
1761072600000,4111.605,4115.215,4109.565,4112.145
1761072900000,4112.255,4115.095,4111.055,4114.715
1761073200000,4114.735,4121.955,4113.425,4121.925
1761073500000,4121.895,4122.035,4113.895,4114.605
1761073800000,4114.625,4114.785,4106.115,4110.125
1761074100000,4110.065,4110.605,4100.648,4105.275
1761074400000,4105.315,4107.115,4100.305,4100.595
1761074700000,4100.669,4106.175,4100.669,4104.135
1761075000000,4104.065,4110.675,4102.855,4110.155
1761075300000,4110.185,4112.295,4104.205,4104.685
1761075600000,4104.715,4110.775,4101.075,4110.225
1761075900000,4110.225,4111.165,4104.855,4105.035
1761076200000,4105.085,4107.375,4101.785,4101.945
1761076500000,4101.925,4111.515,4101.245,4108.685
1761076800000,4108.638,4115.195,4105.905,4113.795
1761077100000,4113.785,4120.155,4113.455,4119.415
1761077400000,4119.415,4121.715,4117.605,4120.565
1761077700000,4120.605,4123.575,4118.465,4123.485
1761078000000,4123.535,4124.725,4119.865,4120.075
1761078300000,4120.075,4124.525,4120.075,4122.485
1761078600000,4122.485,4128.065,4120.655,4127.985
1761078900000,4128.025,4129.935,4127.045,4127.845
1761079200000,4127.875,4130.745,4127.825,4128.305
1761079500000,4128.465,4130.415,4126.855,4127.085
1761079800000,4127.105,4128.395,4124.285,4125.555
1761080100000,4125.585,4127.445,4124.059,4124.355
1761080400000,4124.355,4124.355,4124.355,4124.355
1761080700000,4124.355,4124.355,4124.355,4124.355
1761081000000,4124.355,4124.355,4124.355,4124.355
1761081300000,4124.355,4124.355,4124.355,4124.355
1761081600000,4124.355,4124.355,4124.355,4124.355
1761081900000,4124.355,4124.355,4124.355,4124.355
1761082200000,4124.355,4124.355,4124.355,4124.355
1761082500000,4124.355,4124.355,4124.355,4124.355
1761082800000,4124.355,4124.355,4124.355,4124.355
1761083100000,4124.355,4124.355,4124.355,4124.355
1761083400000,4124.355,4124.355,4124.355,4124.355
1761083700000,4124.355,4124.355,4124.355,4124.355
1761084000000,4124.515,4132.235,4121.525,4121.985
1761084300000,4122.005,4123.155,4113.325,4115.335
1761084600000,4115.365,4119.905,4113.225,4118.075
1761084900000,4118.115,4123.165,4116.655,4122.875
1761085200000,4122.905,4126.415,4120.345,4125.455
1761085500000,4125.465,4126.445,4124.295,4124.435
1761085800000,4124.445,4128.905,4120.385,4126.875
1761086100000,4126.875,4128.035,4122.295,4123.255
1761086400000,4123.365,4128.585,4122.905,4124.745
1761086700000,4124.765,4127.965,4123.895,4124.325
1761087000000,4124.285,4125.695,4122.955,4123.455
1761087300000,4123.465,4124.035,4120.198,4122.698
1761087600000,4122.565,4125.298,4117.548,4119.185
1761087900000,4118.898,4124.848,4117.248,4124.548
1761088200000,4124.548,4125.215,4115.855,4116.525
1761088500000,4116.625,4118.855,4114.185,4117.225
1761088800000,4117.255,4122.425,4116.545,4121.465
1761089100000,4121.505,4126.865,4121.375,4123.328
1761089400000,4123.448,4127.575,4123.325,4126.115
1761089700000,4126.125,4126.435,4123.785,4124.605
1761090000000,4124.505,4125.855,4123.255,4124.375
1761090300000,4124.395,4124.395,4109.755,4110.995
1761090600000,4111.005,4111.455,4102.835,4105.815
1761090900000,4105.825,4106.725,4089.645,4092.618
1761091200000,4092.618,4093.345,4055.995,4059.535
1761091500000,4059.495,4061.685,4034.898,4036.338
1761091800000,4036.338,4037.739,4003.298,4035.365
1761092100000,4035.485,4058.098,4030.225,4052.155
1761092400000,4052.105,4056.765,4036.375,4052.898
1761092700000,4052.325,4055.219,4046.908,4048.395
1761093000000,4048.375,4072.248,4040.575,4070.815
1761093300000,4070.845,4082.448,4068.395,4078.149
1761093600000,4078.659,4080.975,4071.245,4074.725
1761093900000,4074.938,4090.298,4074.115,4080.465
1761094200000,4080.475,4086.498,4077.635,4079.098
1761094500000,4078.875,4079.098,4062.905,4074.598
1761094800000,4074.598,4102.115,4064.009,4098.548
1761095100000,4098.548,4112.055,4093.699,4110.565
1761095400000,4110.575,4118.835,4107.648,4116.148
1761095700000,4116.148,4120.265,4102.995,4108.305
1761096000000,4108.745,4112.705,4096.939,4108.155
1761096300000,4108.255,4108.348,4099.115,4104.115
1761096600000,4104.085,4110.235,4098.545,4102.525
1761096900000,4102.555,4108.605,4092.248,4092.589
1761097200000,4092.688,4100.515,4082.348,4097.735
1761097500000,4097.725,4105.905,4096.735,4099.275
1761097800000,4099.255,4099.365,4086.925,4090.848
1761098100000,4090.848,4093.459,4082.925,4086.715
1761098400000,4086.885,4098.865,4086.785,4096.115
1761098700000,4096.215,4110.198,4095.995,4108.798
1761099000000,4108.798,4117.525,4108.409,4114.855
1761099300000,4114.805,4115.075,4108.645,4111.885
1761099600000,4111.745,4114.785,4107.775,4111.465
1761099900000,4111.535,4113.605,4107.485,4109.835
1761100200000,4109.825,4110.375,4104.865,4108.555
1761100500000,4108.545,4112.405,4104.445,4105.015
1761100800000,4105.035,4114.325,4103.305,4112.005
1761101100000,4112.005,4115.415,4111.095,4114.915
1761101400000,4115.325,4116.015,4112.605,4114.995
1761101700000,4115.005,4116.155,4112.595,4114.685
1761102000000,4114.455,4115.165,4106.815,4108.365
1761102300000,4108.375,4114.715,4107.375,4110.405
1761102600000,4110.465,4113.545,4108.205,4112.085
1761102900000,4111.925,4115.165,4109.675,4112.035
1761103200000,4111.855,4115.905,4110.505,4115.865
1761103500000,4115.905,4121.055,4112.089,4116.655
1761103800000,4116.925,4129.055,4115.865,4128.835
1761104100000,4128.825,4134.075,4128.235,4131.865
1761104400000,4131.875,4140.595,4131.845,4138.529
1761104700000,4138.595,4142.815,4136.695,4137.635
1761105000000,4137.495,4139.985,4133.449,4133.525
1761105300000,4133.525,4136.725,4127.915,4128.248
1761105600000,4128.248,4133.175,4126.398,4127.605
1761105900000,4127.575,4127.678,4119.549,4125.888
1761106200000,4125.778,4126.538,4106.665,4123.325
1761106500000,4123.315,4129.795,4122.125,4129.055
1761106800000,4129.055,4130.335,4125.755,4128.085
1761107100000,4128.155,4129.495,4124.759,4128.805
1761107400000,4128.575,4132.305,4126.435,4130.455
1761107700000,4130.195,4133.075,4127.615,4130.185
1761108000000,4130.235,4132.135,4127.685,4127.975
1761108300000,4127.985,4128.615,4117.978,4124.805
1761108600000,4124.825,4131.605,4124.188,4128.755
1761108900000,4128.765,4129.205,4126.975,4127.865
1761109200000,4127.885,4135.315,4126.075,4132.725
1761109500000,4132.775,4141.155,4132.775,4139.215
1761109800000,4139.285,4141.525,4137.725,4141.165
1761110100000,4141.185,4145.185,4139.545,4145.185
1761110400000,4145.125,4146.745,4141.905,4143.575
1761110700000,4143.415,4144.935,4138.129,4140.315
1761111000000,4140.145,4140.935,4134.195,4135.715
1761111300000,4136.025,4137.545,4131.848,4135.715
1761111600000,4135.685,4138.545,4132.265,4137.995
1761111900000,4137.995,4145.195,4137.895,4139.425
1761112200000,4139.345,4139.498,4133.498,4137.665
1761112500000,4137.715,4137.898,4131.368,4134.729
1761112800000,4134.798,4134.798,4127.285,4128.835
1761113100000,4128.815,4134.745,4128.775,4134.745
1761113400000,4134.705,4138.845,4131.675,4137.335
1761113700000,4137.325,4139.115,4135.475,4137.565
1761114000000,4137.585,4140.905,4136.015,4139.955
1761114300000,4139.965,4143.448,4139.425,4141.825
1761114600000,4141.625,4148.715,4141.368,4146.285
1761114900000,4146.305,4150.148,4145.435,4148.865
1761115200000,4148.895,4159.225,4148.495,4159.095
1761115500000,4159.105,4160.545,4152.035,4156.405
1761115800000,4156.325,4160.745,4155.925,4159.945
1761116100000,4159.925,4161.165,4155.225,4155.495
1761116400000,4155.475,4156.225,4141.445,4141.845
1761116700000,4141.915,4144.255,4129.225,4139.485
1761117000000,4139.495,4145.465,4134.555,4137.325
1761117300000,4137.295,4143.395,4137.295,4139.485
1761117600000,4139.475,4144.585,4136.448,4138.005
1761117900000,4138.025,4144.455,4136.515,4141.465
1761118200000,4141.465,4143.495,4136.369,4139.419
1761118500000,4139.439,4142.048,4135.169,4137.135
1761118800000,4137.145,4140.945,4136.255,4137.005
1761119100000,4136.845,4147.685,4136.845,4142.119
1761119400000,4142.098,4144.325,4137.298,4137.815
1761119700000,4137.815,4140.098,4130.415,4132.715
1761120000000,4132.618,4135.595,4115.538,4117.325
1761120300000,4117.465,4119.145,4098.675,4102.385
1761120600000,4102.495,4106.905,4084.678,4087.219
1761120900000,4087.398,4089.008,4061.909,4080.649
1761121200000,4080.779,4113.879,4078.948,4104.199
1761121500000,4104.269,4110.818,4099.775,4101.925
1761121800000,4101.935,4109.705,4101.475,4108.118
1761122100000,4108.118,4109.145,4101.025,4102.395
1761122400000,4102.415,4103.775,4083.875,4087.435
1761122700000,4087.375,4092.455,4078.325,4086.298
1761123000000,4086.298,4094.248,4082.848,4089.848
1761123300000,4089.448,4091.185,4068.948,4069.885
1761123600000,4069.925,4093.735,4069.525,4086.965
1761123900000,4086.965,4101.285,4083.395,4094.055
1761124200000,4093.468,4093.468,4072.848,4075.205
1761124500000,4075.245,4080.195,4066.125,4072.945
1761124800000,4072.715,4077.265,4063.979,4068.485
1761125100000,4068.228,4076.868,4065.598,4075.319
1761125400000,4075.325,4082.455,4072.809,4074.309
1761125700000,4074.259,4079.538,4067.679,4070.148
1761126000000,4070.189,4073.348,4062.199,4062.675
1761126300000,4062.645,4069.675,4061.375,4063.565
1761126600000,4063.575,4067.895,4061.458,4066.925
1761126900000,4066.915,4072.485,4064.375,4069.125
1761127200000,4069.009,4077.875,4062.555,4070.265
1761127500000,4070.225,4070.895,4062.905,4068.328
1761127800000,4067.948,4076.358,4063.928,4075.405
1761128100000,4075.535,4077.698,4070.308,4072.575
1761128400000,4072.785,4085.225,4071.018,4079.235
1761128700000,4079.555,4084.495,4077.615,4084.159
1761129000000,4084.159,4090.348,4082.249,4084.098
1761129300000,4084.098,4084.525,4062.395,4065.848
1761129600000,4065.848,4066.485,4044.935,4053.685
1761129900000,4053.655,4060.735,4050.075,4058.725
1761130200000,4058.815,4058.925,4033.775,4034.698
1761130500000,4034.598,4038.108,4022.748,4034.709
1761130800000,4034.649,4034.735,4015,4024.605
1761131100000,4024.445,4040.148,4023.065,4027.765
1761131400000,4027.775,4032.048,4021.759,4031.448
1761131700000,4031.448,4037.985,4028.098,4034.225
1761132000000,4034.195,4043.215,4033.285,4039.388
1761132300000,4039.388,4044.638,4018.058,4020.049
1761132600000,4019.989,4029.255,4017.198,4024.105
1761132900000,4024.065,4030.555,4015.648,4018.375
1761133200000,4018.405,4022.458,4014.758,4022.055
1761133500000,4021.975,4033.265,4021.298,4030.575
1761133800000,4029.919,4033.098,4020.058,4022.145
1761134100000,4022.225,4028.448,4015.185,4027.405
1761134400000,4027.435,4044.755,4025.795,4040.129
1761134700000,4040.079,4041.335,4027.155,4028.275
1761135000000,4028.229,4036.675,4027.589,4035.638
1761135300000,4035.809,4041.348,4035.519,4039.275
1761135600000,4039.195,4039.195,4027.325,4030.865
1761135900000,4030.765,4045.278,4029.435,4044.945
1761136200000,4044.939,4050.379,4041.149,4046.565
1761136500000,4046.545,4050.099,4046.545,4049.378
1761136800000,4049.675,4050.248,4044.655,4044.995
1761137100000,4045.035,4053.255,4036.318,4040.598
1761137400000,4040.559,4041.625,4027.835,4030.675
1761137700000,4030.705,4035.498,4022.645,4033.475
1761138000000,4033.495,4066.395,4032.958,4065.888
1761138300000,4065.898,4065.938,4051.728,4057.545
1761138600000,4057.525,4068.385,4055.975,4064.175
1761138900000,4064.035,4068.105,4059.185,4064.735
1761139200000,4064.725,4065.185,4053.115,4060.165
1761139500000,4060.195,4063.285,4050.869,4052.265
1761139800000,4052.139,4060.055,4046.945,4058.035
1761140100000,4058.165,4080.705,4057.875,4080.439
1761140400000,4080.345,4084.915,4070.768,4071.139
1761140700000,4070.478,4077.235,4063.465,4069.155
1761141000000,4069.225,4079.585,4068.045,4077.565
1761141300000,4077.595,4079.755,4072.285,4075.715
1761141600000,4075.575,4078.195,4068.575,4072.795
1761141900000,4073.055,4074.255,4058.898,4060.848
1761142200000,4060.848,4065.765,4055.855,4064.385
1761142500000,4064.395,4072.435,4059.485,4066.598
1761142800000,4066.598,4066.875,4047.835,4049.295
1761143100000,4049.415,4059.575,4047.135,4055.895
1761143400000,4055.945,4058.395,4036.398,4040.525
1761143700000,4040.535,4044.695,4034.155,4035.695
1761144000000,4035.725,4041.795,4023.895,4029.725
1761144300000,4030.393,4030.395,4015.625,4023.385
1761144600000,4023.369,4027.525,4010.795,4012.495
1761144900000,4012.495,4017.585,4011.075,4014.705
1761145200000,4014.625,4028.605,4014.625,4027.665
1761145500000,4027.648,4038.898,4023.498,4035.365
1761145800000,4035.398,4044.438,4034.265,4038.748
1761146100000,4038.748,4043.288,4035.939,4039.348
1761146400000,4039.419,4047.028,4035.515,4037.685
1761146700000,4037.735,4038.265,4028.015,4029.085
1761147000000,4029.155,4031.515,4022.965,4031.235
1761147300000,4031.235,4040.655,4030.165,4032.965
1761147600000,4032.885,4040.835,4032.345,4034.598
1761147900000,4034.598,4040.795,4033.905,4039.885
1761148200000,4039.845,4040.735,4035.235,4038.265
1761148500000,4038.245,4046.265,4036.635,4036.785
1761148800000,4036.885,4037.165,4030.235,4031.445
1761149100000,4031.435,4034.935,4030.175,4031.945
1761149400000,4031.808,4031.808,4022.955,4030.365
1761149700000,4030.305,4041.448,4029.005,4038.825
1761150000000,4038.865,4040.125,4034.805,4036.865
1761150300000,4036.835,4045.445,4036.815,4043.405
1761150600000,4043.455,4063.148,4037.395,4054.275
1761150900000,4054.315,4062.548,4052.665,4056.969
1761151200000,4057.735,4060.635,4050.205,4050.545
1761151500000,4050.605,4058.625,4049.668,4050.115
1761151800000,4050.155,4055.815,4044.765,4055.165
1761152100000,4055.105,4063.915,4054.648,4059.005
1761152400000,4058.879,4058.879,4045.555,4046.405
1761152700000,4046.375,4055.065,4043.835,4055.065
1761153000000,4055.065,4059.085,4051.135,4055.139
1761153300000,4055.259,4058.598,4052.949,4054.459
1761153600000,4054.388,4055.998,4046.595,4049.395
1761153900000,4049.355,4052.315,4046.928,4049.365
1761154200000,4049.385,4055.505,4044.695,4052.965
1761154500000,4052.995,4058.848,4052.305,4057.055
1761154800000,4057.035,4060.525,4051.855,4054.755
1761155100000,4054.775,4066.595,4054.475,4064.748
1761155400000,4064.748,4069.348,4061.479,4064.269
1761155700000,4064.319,4070.815,4062.398,4069.769
1761156000000,4069.769,4073.248,4066.415,4073.089
1761156300000,4073.069,4075.098,4069.548,4070.948
1761156600000,4070.949,4075.705,4069.375,4075.705
1761156900000,4075.735,4077.535,4068.935,4072.585
1761157200000,4072.565,4078.615,4072.295,4078.055
1761157500000,4078.025,4078.115,4073.055,4073.575
1761157800000,4073.615,4078.585,4073.615,4078.475
1761158100000,4078.415,4081.385,4078.085,4079.898
1761158400000,4079.798,4080.548,4075.395,4075.948
1761158700000,4075.948,4078.498,4074.055,4078.348
1761159000000,4078.248,4078.865,4075.175,4075.335
1761159300000,4075.355,4078.115,4075.185,4076.485
1761159600000,4076.715,4087.545,4076.375,4086.035
1761159900000,4085.985,4088.625,4083.595,4088.055
1761160200000,4088.035,4093.479,4086.585,4092.535
1761160500000,4092.235,4093.835,4088.655,4091.055
1761160800000,4090.995,4099.025,4090.029,4098.035
1761161100000,4097.739,4105.475,4097.565,4105.225
1761161400000,4105.225,4113.365,4103.165,4107.545
1761161700000,4107.535,4110.395,4104.485,4106.205
1761162000000,4106.185,4106.565,4101.945,4103.435
1761162300000,4103.085,4108.285,4099.985,4106.695
1761162600000,4106.665,4107.225,4099.725,4101.625
1761162900000,4101.615,4107.285,4100.225,4102.145
1761163200000,4101.885,4104.595,4098.255,4101.389
1761163500000,4101.505,4103.778,4100.468,4102.728
1761163800000,4102.638,4104.848,4102.488,4104.365
1761164100000,4104.385,4107.028,4100.405,4101.115
1761164400000,4101.325,4102.535,4088.305,4088.615
1761164700000,4088.555,4096.168,4088.429,4091.798
1761165000000,4091.798,4096.245,4091.608,4095.995
1761165300000,4096.025,4102.525,4096.025,4099.865
1761165600000,4099.925,4103.605,4099.145,4101.845
1761165900000,4101.855,4103.535,4099.415,4101.885
1761166200000,4102.049,4102.545,4098.848,4100.075
1761166500000,4099.939,4101.005,4097.375,4098.055
1761166800000,4098.055,4098.055,4098.055,4098.055
1761167100000,4098.055,4098.055,4098.055,4098.055
1761167400000,4098.055,4098.055,4098.055,4098.055
1761167700000,4098.055,4098.055,4098.055,4098.055
1761168000000,4098.055,4098.055,4098.055,4098.055
1761168300000,4098.055,4098.055,4098.055,4098.055
1761168600000,4098.055,4098.055,4098.055,4098.055
1761168900000,4098.055,4098.055,4098.055,4098.055
1761169200000,4098.055,4098.055,4098.055,4098.055
1761169500000,4098.055,4098.055,4098.055,4098.055
1761169800000,4098.055,4098.055,4098.055,4098.055
1761170100000,4098.055,4098.055,4098.055,4098.055
1761170400000,4094.615,4116.055,4094.615,4110.648
1761170700000,4110.648,4110.648,4098.875,4100.465
1761171000000,4100.465,4100.875,4092.695,4097.995
1761171300000,4098.055,4107.805,4098.055,4106.295
1761171600000,4106.305,4110.105,4099.605,4109.535
1761171900000,4109.555,4109.555,4100.205,4102.485
1761172200000,4102.435,4102.555,4091.735,4093.175
1761172500000,4093.185,4100.685,4093.145,4096.695
1761172800000,4096.685,4099.355,4095.875,4098.135
1761173100000,4098.125,4098.405,4094.398,4094.408
1761173400000,4094.408,4103.635,4094.408,4098.595
1761173700000,4098.515,4101.735,4098.408,4101.518
1761174000000,4101.578,4104.278,4099.098,4101.138
1761174300000,4101.138,4101.138,4093.268,4095.108
1761174600000,4095.108,4095.755,4084.265,4090.125
1761174900000,4090.085,4091.555,4084.055,4087.425
1761175200000,4087.425,4090.765,4086.865,4088.365
1761175500000,4088.375,4090.045,4080.078,4085.705
1761175800000,4085.735,4094.348,4083.255,4092.865
1761176100000,4092.915,4093.738,4089.748,4089.888
1761176400000,4089.888,4090.805,4086.828,4088.455
1761176700000,4088.485,4092.705,4085.465,4086.545
1761177000000,4086.555,4092.485,4085.068,4089.995
1761177300000,4089.995,4093.005,4087.275,4087.305
1761177600000,4087.295,4096.348,4083.195,4094.448
1761177900000,4094.448,4095.348,4088.345,4091.708
1761178200000,4091.618,4092.538,4085.275,4085.515
1761178500000,4085.585,4087.375,4080.965,4081.525
1761178800000,4081.435,4081.955,4065.405,4071.028
1761179100000,4071.175,4076.195,4067.078,4075.905
1761179400000,4075.925,4084.095,4075.485,4082.385
1761179700000,4082.425,4083.125,4071.298,4078.355
1761180000000,4078.435,4081.315,4077.535,4081.315
1761180300000,4081.415,4084.205,4079.725,4082.495
1761180600000,4082.465,4085.705,4079.235,4083.815
1761180900000,4083.745,4085.125,4079.625,4081.745
1761181200000,4081.775,4081.885,4072.635,4075.088
1761181500000,4075.108,4081.568,4071.605,4072.869
1761181800000,4072.415,4081.045,4072.205,4077.405
1761182100000,4077.435,4079.345,4073.605,4076.305
1761182400000,4076.325,4090.735,4076.155,4090.535
1761182700000,4090.515,4092.475,4086.815,4087.005
1761183000000,4087.015,4089.595,4083.775,4087.695
1761183300000,4087.685,4089.165,4085.575,4087.215
1761183600000,4087.375,4091.298,4081.075,4081.685
1761183900000,4081.685,4086.778,4077.625,4079.758
1761184200000,4079.855,4082.778,4078.135,4078.135
1761184500000,4077.955,4079.155,4072.628,4072.748
1761184800000,4072.798,4077.808,4071.535,4076.165
1761185100000,4076.155,4078.635,4076.045,4076.858
1761185400000,4076.858,4078.545,4074.255,4075.275
1761185700000,4075.225,4077.295,4071.875,4074.335
1761186000000,4074.325,4079.605,4072.575,4078.415
1761186300000,4078.425,4084.698,4078.425,4080.845
1761186600000,4080.825,4084.298,4079.145,4081.245
1761186900000,4081.245,4084.338,4079.318,4079.628
1761187200000,4079.445,4079.538,4075.995,4079.335
1761187500000,4079.375,4083.998,4078.305,4082.875
1761187800000,4082.995,4083.475,4079.545,4080.715
1761188100000,4080.715,4085.065,4080.395,4082.078
1761188400000,4082.198,4083.898,4077.635,4082.448
1761188700000,4082.448,4085.198,4081.965,4084.598
1761189000000,4084.598,4088.328,4083.398,4088.328
1761189300000,4088.338,4096.178,4088.338,4095.628
1761189600000,4095.658,4099.858,4094.435,4099.228
1761189900000,4099.258,4100.635,4094.955,4095.015
1761190200000,4095.125,4095.775,4089.765,4090.445
1761190500000,4090.425,4093.935,4089.545,4093.315
1761190800000,4093.295,4094.875,4091.475,4093.235
1761191100000,4093.205,4094.015,4090.325,4092.025
1761191400000,4092.045,4092.095,4089.675,4090.035
1761191700000,4090.025,4092.185,4089.925,4090.935
1761192000000,4090.955,4091.615,4089.055,4090.355
1761192300000,4090.395,4090.985,4087.405,4087.475
1761192600000,4087.445,4091.595,4087.305,4091.195
1761192900000,4091.205,4092.835,4087.115,4087.115
1761193200000,4086.795,4087.645,4082.745,4084.895
1761193500000,4084.885,4085.575,4079.468,4084.235
1761193800000,4084.255,4087.345,4082.265,4087.095
1761194100000,4087.045,4089.815,4086.235,4087.185
1761194400000,4087.225,4088.245,4085.135,4087.265
1761194700000,4087.295,4090.205,4086.155,4089.925
1761195000000,4089.945,4090.885,4086.425,4089.495
1761195300000,4089.505,4091.048,4087.975,4089.295
1761195600000,4089.325,4091.025,4088.285,4089.995
1761195900000,4090.015,4092.595,4089.465,4092.225
1761196200000,4092.355,4093.785,4088.325,4090.755
1761196500000,4090.735,4091.565,4088.595,4088.725
1761196800000,4088.775,4089.005,4083.935,4085.465
1761197100000,4085.455,4089.365,4083.695,4089.345
1761197400000,4089.355,4098.115,4088.405,4094.235
1761197700000,4094.175,4095.345,4090.265,4093.305
1761198000000,4093.365,4096.895,4090.735,4096.475
1761198300000,4096.445,4099.305,4096.345,4098.655
1761198600000,4098.625,4105.755,4098.205,4105.685
1761198900000,4105.635,4110.215,4104.735,4110.115
1761199200000,4110.135,4124.635,4109.995,4122.515
1761199500000,4122.545,4127.725,4120.415,4126.605
1761199800000,4126.605,4137.448,4126.348,4129.618
1761200100000,4129.608,4132.225,4123.848,4124.665
1761200400000,4124.408,4126.865,4120.025,4126.145
1761200700000,4126.075,4129.248,4123.295,4124.995
1761201000000,4124.855,4127.155,4118.705,4120.748
1761201300000,4120.748,4122.518,4113.058,4113.058
1761201600000,4113.015,4123.085,4112.905,4122.055
1761201900000,4122.035,4123.675,4117.198,4117.335
1761202200000,4117.365,4119.815,4113.455,4116.995
1761202500000,4116.955,4117.835,4110.225,4113.365
1761202800000,4113.345,4120.615,4111.985,4120.355
1761203100000,4120.355,4120.848,4114.205,4114.798
1761203400000,4114.798,4117.198,4113.155,4114.055
1761203700000,4114.065,4119.535,4113.025,4119.535
1761204000000,4119.325,4120.035,4115.535,4117.565
1761204300000,4117.845,4119.425,4113.895,4115.125
1761204600000,4115.185,4115.328,4110.465,4110.998
1761204900000,4111.048,4111.188,4091.565,4099.705
1761205200000,4099.805,4107.285,4095.695,4102.655
1761205500000,4102.235,4104.565,4100.085,4101.135
1761205800000,4101.175,4102.015,4096.075,4099.865
1761206100000,4100.298,4100.298,4093.548,4093.895
1761206400000,4094.015,4108.298,4094.015,4108.298
1761206700000,4108.305,4114.705,4106.645,4111.065
1761207000000,4110.785,4112.445,4108.645,4111.075
1761207300000,4111.035,4117.085,4110.675,4114.525
1761207600000,4114.525,4118.735,4112.955,4113.475
1761207900000,4113.505,4116.205,4110.255,4113.745
1761208200000,4113.775,4115.325,4112.285,4112.315
1761208500000,4112.335,4112.335,4109.525,4110.598
1761208800000,4110.598,4112.105,4108.148,4111.235
1761209100000,4111.265,4116.305,4108.925,4116.295
1761209400000,4116.195,4118.375,4113.085,4113.985
1761209700000,4113.945,4116.455,4112.615,4116.085
1761210000000,4116.075,4118.215,4112.958,4114.095
1761210300000,4114.095,4120.765,4112.945,4116.145
1761210600000,4116.105,4118.755,4110.865,4118.275
1761210900000,4118.365,4123.455,4118.135,4122.785
1761211200000,4122.855,4123.225,4117.538,4118.885
1761211500000,4118.815,4122.085,4117.375,4121.875
1761211800000,4121.415,4125.245,4120.825,4122.255
1761212100000,4121.995,4123.355,4118.045,4118.915
1761212400000,4118.895,4119.475,4111.235,4114.035
1761212700000,4114.055,4117.865,4111.085,4117.845
1761213000000,4117.848,4121.435,4115.655,4120.995
1761213300000,4121.015,4124.805,4120.715,4124.215
1761213600000,4124.315,4125.045,4121.835,4122.448
1761213900000,4122.448,4123.375,4118.385,4119.885
1761214200000,4119.865,4122.675,4117.085,4121.195
1761214500000,4121.135,4121.835,4115.898,4118.455
1761214800000,4118.335,4119.205,4115.785,4117.325
1761215100000,4117.295,4120.005,4108.615,4109.645
1761215400000,4109.665,4114.775,4106.385,4112.545
1761215700000,4112.545,4119.005,4112.545,4115.985
1761216000000,4116.005,4117.475,4110.168,4110.188
1761216300000,4109.905,4111.785,4104.555,4111.045
1761216600000,4110.975,4112.688,4101.545,4105.065
1761216900000,4105.085,4109.115,4105.015,4108.825
1761217200000,4108.925,4120.755,4107.645,4117.365
1761217500000,4117.395,4118.845,4109.895,4117.065
1761217800000,4117.025,4117.475,4114.375,4116.295
1761218100000,4116.395,4117.765,4113.055,4114.645
1761218400000,4114.675,4115.195,4111.635,4113.745
1761218700000,4113.765,4115.495,4111.625,4113.235
1761219000000,4113.375,4116.175,4110.635,4112.655
1761219300000,4112.675,4116.715,4109.265,4113.005
1761219600000,4112.985,4116.575,4112.015,4113.955
1761219900000,4113.865,4117.505,4112.595,4114.965
1761220200000,4114.675,4117.115,4114.185,4114.985
1761220500000,4114.595,4115.235,4107.455,4109.375
1761220800000,4109.395,4115.915,4108.935,4113.305
1761221100000,4113.305,4114.185,4109.365,4112.165
1761221400000,4112.035,4112.615,4103.605,4104.735
1761221700000,4104.755,4109.735,4104.205,4104.985
1761222000000,4104.675,4106.615,4099.965,4101.215
1761222300000,4100.955,4109.595,4100.955,4108.855
1761222600000,4108.975,4120.595,4108.535,4118.275
1761222900000,4118.455,4124.555,4117.898,4124.555
1761223200000,4124.585,4127.635,4118.178,4118.705
1761223500000,4118.685,4124.535,4118.685,4123.575
1761223800000,4123.635,4129.098,4123.005,4127.725
1761224100000,4127.745,4128.405,4123.535,4127.165
1761224400000,4126.875,4131.055,4125.585,4129.065
1761224700000,4129.115,4135.215,4128.115,4132.895
1761225000000,4132.895,4136.375,4132.585,4134.985
1761225300000,4135.045,4141.005,4130.855,4139.835
1761225600000,4139.805,4146.905,4139.775,4146.545
1761225900000,4146.525,4149.685,4144.805,4146.885
1761226200000,4147.095,4147.245,4132.278,4139.775
1761226500000,4140.105,4144.925,4135.329,4140.995
1761226800000,4141.005,4149.395,4139.015,4149.375
1761227100000,4149.395,4150.715,4139.235,4139.615
1761227400000,4139.595,4149.815,4137.675,4148.575
1761227700000,4148.625,4149.365,4140.888,4144.509
1761228000000,4144.509,4149.535,4140.225,4146.005
1761228300000,4146.185,4154.435,4146.185,4152.775
1761228600000,4152.735,4152.765,4141.585,4141.985
1761228900000,4142.055,4142.805,4135.805,4138.675
1761229200000,4138.595,4146.748,4136.375,4145.885
1761229500000,4145.915,4147.255,4141.765,4146.948
1761229800000,4146.965,4147.315,4142.548,4145.385
1761230100000,4145.415,4147.245,4142.435,4142.535
1761230400000,4142.675,4146.385,4140.175,4144.248
1761230700000,4144.248,4151.225,4139.795,4147.898
1761231000000,4147.898,4151.575,4145.735,4146.948
1761231300000,4146.948,4147.975,4141.545,4147.945
1761231600000,4148.125,4151.548,4147.725,4149.695
1761231900000,4149.535,4150.135,4144.565,4147.955
1761232200000,4147.985,4149.865,4142.125,4144.225
1761232500000,4144.195,4147.748,4142.855,4144.885
1761232800000,4144.835,4144.985,4136.925,4140.395
1761233100000,4140.445,4146.975,4139.325,4144.748
1761233400000,4145.085,4146.555,4142.425,4142.625
1761233700000,4142.645,4143.205,4138.625,4141.295
1761234000000,4141.098,4143.198,4140.285,4142.635
1761234300000,4142.665,4142.695,4136.855,4137.548
1761234600000,4137.448,4142.885,4137.155,4142.195
1761234900000,4142.115,4144.975,4140.695,4141.565
1761235200000,4141.575,4148.335,4141.185,4146.765
1761235500000,4146.785,4147.325,4142.425,4144.278
1761235800000,4144.395,4145.905,4143.129,4143.465
1761236100000,4143.495,4143.715,4136.505,4136.845
1761236400000,4136.795,4140.355,4132.425,4139.865
1761236700000,4139.635,4141.285,4138.475,4140.355
1761237000000,4140.355,4143.405,4139.595,4142.905
1761237300000,4142.965,4143.345,4139.525,4139.965
1761237600000,4139.935,4140.095,4127.375,4128.265
1761237900000,4128.109,4132.595,4126,4129.325
1761238200000,4129.345,4132.925,4127.635,4131.775
1761238500000,4131.755,4134.275,4131.245,4132.585
1761238800000,4132.549,4137.548,4131.445,4137.305
1761239100000,4137.285,4137.965,4127.935,4134.715
1761239400000,4134.688,4138.998,4133.965,4138.048
1761239700000,4138.048,4138.148,4133.915,4134.935
1761240000000,4134.645,4135.555,4126.315,4126.785
1761240300000,4126.665,4129.448,4124.655,4129.305
1761240600000,4129.535,4133.848,4126.445,4132.705
1761240900000,4132.675,4136.475,4130.825,4134.045
1761241200000,4134.065,4135.345,4129.825,4134.015
1761241500000,4134.035,4134.485,4131.915,4132.795
1761241800000,4132.748,4136.885,4132.305,4136.575
1761242100000,4136.605,4138.125,4134.995,4137.365
1761242400000,4137.385,4139.515,4137.205,4138.195
1761242700000,4138.175,4138.485,4132.815,4133.355
1761243000000,4133.755,4140.965,4133.415,4140.348
1761243300000,4140.348,4140.405,4136.665,4139.955
1761243600000,4139.925,4141.115,4138.615,4140.315
1761243900000,4140.345,4143.225,4140.185,4142.535
1761244200000,4142.515,4142.575,4137.865,4138.725
1761244500000,4138.745,4140.535,4136.055,4139.945
1761244800000,4139.995,4140.545,4136.805,4139.595
1761245100000,4139.565,4139.915,4135.425,4136.685
1761245400000,4136.739,4136.925,4133.395,4135.355
1761245700000,4135.335,4137.065,4133.985,4135.735
1761246000000,4135.798,4137.965,4133.465,4136.915
1761246300000,4136.945,4137.285,4134.015,4135.945
1761246600000,4135.975,4136.615,4133.785,4134.945
1761246900000,4134.855,4135.425,4130.595,4131.335
1761247200000,4131.355,4132.145,4125.555,4128.975
1761247500000,4129.085,4131.645,4128.035,4128.245
1761247800000,4128.225,4128.395,4124.955,4125.355
1761248100000,4125.445,4127.155,4117.175,4118.315
1761248400000,4118.335,4122.575,4117.205,4119.485
1761248700000,4119.515,4121.565,4117.215,4118.685
1761249000000,4118.695,4121.625,4117.495,4119.535
1761249300000,4119.515,4120.035,4116.285,4118.125
1761249600000,4118.195,4118.975,4112.725,4115.245
1761249900000,4115.225,4118.605,4114.098,4114.168
1761250200000,4114.185,4114.505,4110.585,4113.025
1761250500000,4113.065,4115.715,4111.945,4113.425
1761250800000,4113.465,4114.775,4107.445,4110.755
1761251100000,4110.725,4111.605,4107.485,4108.205
1761251400000,4108.235,4113.455,4107.245,4112.955
1761251700000,4112.935,4115.065,4111.005,4114.885
1761252000000,4114.885,4117.148,4114.475,4114.875
1761252300000,4114.895,4119.455,4114.325,4119.115
1761252600000,4119.035,4122.985,4119.005,4121.405
1761252900000,4121.365,4126.798,4121.365,4125.185
1761253200000,4125.185,4125.185,4125.185,4125.185
1761253500000,4125.185,4125.185,4125.185,4125.185
1761253800000,4125.185,4125.185,4125.185,4125.185
1761254100000,4125.185,4125.185,4125.185,4125.185
1761254400000,4125.185,4125.185,4125.185,4125.185
1761254700000,4125.185,4125.185,4125.185,4125.185
1761255000000,4125.185,4125.185,4125.185,4125.185
1761255300000,4125.185,4125.185,4125.185,4125.185
1761255600000,4125.185,4125.185,4125.185,4125.185
1761255900000,4125.185,4125.185,4125.185,4125.185
1761256200000,4125.185,4125.185,4125.185,4125.185
1761256500000,4125.185,4125.185,4125.185,4125.185
1761256800000,4127.098,4132.305,4121.398,4125.598
1761257100000,4125.598,4126.148,4119.948,4124.195
1761257400000,4124.195,4128.548,4124.195,4126.375
1761257700000,4126.365,4126.365,4119.015,4119.695
1761258000000,4119.758,4122.155,4117.105,4120.405
1761258300000,4120.455,4123.795,4120.455,4121.825
1761258600000,4121.865,4122.285,4119.845,4119.985
1761258900000,4119.935,4121.155,4117.475,4118.095
1761259200000,4118.105,4119.775,4111.415,4111.415
1761259500000,4111.405,4117.395,4111.085,4116.495
1761259800000,4116.535,4117.945,4115.735,4117.765
1761260100000,4117.775,4118.095,4113.998,4115.598
1761260400000,4115.698,4119.275,4115.498,4118.108
1761260700000,4118.138,4118.138,4113.908,4114.375
1761261000000,4114.695,4116.415,4113.445,4115.675
1761261300000,4115.665,4115.695,4112.705,4114.275
1761261600000,4114.285,4114.285,4110.675,4111.295
1761261900000,4111.275,4113.858,4111.265,4111.665
1761262200000,4111.705,4111.705,4105.675,4107.698
1761262500000,4107.685,4112.275,4107.335,4111.905
1761262800000,4112.025,4117.085,4111.925,4117.085
1761263100000,4117.125,4119.635,4114.705,4119.355
1761263400000,4119.305,4122.575,4117.155,4120.265
1761263700000,4120.305,4121.648,4117.745,4121.375
1761264000000,4121.405,4124.815,4117.555,4123.115
1761264300000,4123.085,4130.195,4122.035,4130.085
1761264600000,4130.035,4132.055,4127.195,4128.215
1761264900000,4128.185,4130.705,4126.215,4127.525
1761265200000,4127.555,4128.985,4125.085,4127.765
1761265500000,4127.815,4132.865,4126.488,4132.685
1761265800000,4132.665,4133.425,4127.645,4127.745
1761266100000,4128.155,4129.875,4125.995,4128.435
1761266400000,4128.045,4129.125,4126.505,4127.385
1761266700000,4127.365,4130.145,4126.755,4127.765
1761267000000,4127.785,4130.635,4127.785,4129.615
1761267300000,4130.005,4132.885,4128.815,4132.425
1761267600000,4132.495,4136.278,4127.425,4134.125
1761267900000,4134.155,4141.745,4133.618,4140.175
1761268200000,4140.145,4142.915,4137.515,4142.765
1761268500000,4142.845,4144.145,4136.715,4138.895
1761268800000,4138.835,4138.965,4130.858,4135.985
1761269100000,4136.015,4137.475,4133.848,4136.455
1761269400000,4136.135,4137.285,4131.305,4133.025
1761269700000,4133.025,4133.245,4124.095,4126.985
1761270000000,4126.945,4128.345,4121.685,4125.465
1761270300000,4125.445,4126.305,4121.225,4123.085
1761270600000,4123.105,4123.515,4112.125,4115.525
1761270900000,4115.555,4118.585,4111.815,4118.465
1761271200000,4118.465,4118.795,4114.165,4117.665
1761271500000,4117.845,4117.865,4111.425,4115.315
1761271800000,4115.335,4117.255,4111.865,4114.225
1761272100000,4114.225,4115.515,4111.275,4112.948
1761272400000,4113.005,4116.905,4110.475,4112.035
1761272700000,4112.055,4112.555,4109.275,4111.625
1761273000000,4111.575,4117.105,4110.835,4115.265
1761273300000,4115.255,4116.465,4111.195,4111.885
1761273600000,4111.935,4114.805,4110.885,4114.155
1761273900000,4114.175,4116.385,4111.935,4115.125
1761274200000,4115.105,4115.878,4109.775,4113.115
1761274500000,4113.085,4113.375,4109.148,4109.348
1761274800000,4109.348,4110.398,4107.845,4109.175
1761275100000,4109.348,4110.258,4107.255,4108.035
1761275400000,4108.005,4117.855,4108.005,4117.615
1761275700000,4117.775,4119.485,4111.275,4111.368
1761276000000,4111.505,4115.765,4111.465,4113.115
1761276300000,4113.118,4117.035,4113.075,4116.885
1761276600000,4116.825,4117.458,4114.725,4116.035
1761276900000,4116.055,4116.535,4113.535,4114.975
1761277200000,4115.025,4116.675,4113.705,4116.635
1761277500000,4116.665,4120.125,4116.015,4119.085
1761277800000,4119.105,4121.825,4119.025,4121.715
1761278100000,4121.695,4123.265,4120.875,4122.125
1761278400000,4122.085,4123.045,4116.035,4119.025
1761278700000,4119.055,4119.095,4115.605,4116.848
1761279000000,4116.948,4118.948,4115.355,4116.175
1761279300000,4116.225,4116.385,4111.425,4111.945
1761279600000,4111.925,4111.925,4104.915,4106.118
1761279900000,4106.165,4109.135,4105.045,4106.625
1761280200000,4106.665,4107.355,4103.155,4104.455
1761280500000,4104.355,4107.065,4102.548,4105.935
1761280800000,4105.905,4106.835,4103.345,4106.335
1761281100000,4106.365,4113.445,4106.155,4112.255
1761281400000,4112.325,4113.125,4111.065,4112.648
1761281700000,4112.648,4112.945,4110.188,4111.315
1761282000000,4111.525,4117.598,4111.048,4116.665
1761282300000,4116.648,4117.675,4114.375,4114.815
1761282600000,4114.835,4116.065,4113.445,4114.725
1761282900000,4114.705,4117.645,4114.655,4116.475
1761283200000,4116.445,4116.445,4111.425,4111.435
1761283500000,4111.465,4113.315,4110.195,4112.465
1761283800000,4112.435,4113.185,4108.975,4109.575
1761284100000,4109.555,4110.305,4105.595,4106.265
1761284400000,4106.225,4109.695,4104.755,4108.275
1761284700000,4108.235,4111.205,4106.235,4110.275
1761285000000,4110.255,4113.105,4109.695,4112.785
1761285300000,4112.795,4112.795,4102.305,4104.048
1761285600000,4104.048,4104.498,4093.148,4094.948
1761285900000,4094.848,4096.895,4085.298,4088.898
1761286200000,4088.805,4090.295,4081.505,4083.148
1761286500000,4083.148,4088.198,4081.615,4088.198
1761286800000,4088.198,4088.698,4081.048,4085.208
1761287100000,4085.198,4090.855,4081.488,4089.265
1761287400000,4089.375,4090.345,4083.005,4087.448
1761287700000,4087.448,4094.835,4086.785,4094.835
1761288000000,4094.805,4096.068,4090.425,4093.035
1761288300000,4093.035,4094.545,4092.715,4093.895
1761288600000,4093.865,4097.038,4093.565,4094.095
1761288900000,4093.865,4094.615,4090.235,4091.708
1761289200000,4091.708,4095.215,4090.115,4092.359
1761289500000,4092.315,4094.565,4090.125,4092.615
1761289800000,4092.629,4095.648,4090.548,4094.575
1761290100000,4094.575,4094.885,4090.488,4094.885
1761290400000,4094.885,4095.065,4088.888,4088.888
1761290700000,4088.995,4091.075,4086.295,4088.208
1761291000000,4088.756,4089.805,4084.908,4087.948
1761291300000,4087.948,4088.515,4081.915,4088.025
1761291600000,4088.075,4090.995,4084.135,4086.715
1761291900000,4086.675,4087.988,4082.035,4083.765
1761292200000,4083.765,4084.145,4071.875,4072.005
1761292500000,4072.045,4075.585,4069.305,4073.948
1761292800000,4073.965,4077.425,4064.445,4065.315
1761293100000,4065.315,4069.248,4062.665,4064.848
1761293400000,4064.855,4065.105,4051.515,4054.015
1761293700000,4053.925,4057.675,4048.175,4054.985
1761294000000,4054.975,4057.065,4048.675,4049.175
1761294300000,4049.195,4055.465,4047.315,4053.525
1761294600000,4053.329,4057.655,4050.135,4056.775
1761294900000,4056.655,4063.895,4055.405,4058.685
1761295200000,4058.695,4058.705,4050.345,4056.255
1761295500000,4056.535,4067.375,4055.695,4065.115
1761295800000,4065.075,4069.225,4062.905,4063.275
1761296100000,4063.255,4066.525,4062.135,4065.115
1761296400000,4065.085,4068.565,4062.105,4068.385
1761296700000,4068.465,4072.245,4066.265,4071.555
1761297000000,4071.565,4072.195,4069.135,4071.325
1761297300000,4071.385,4072.715,4069.305,4070.895
1761297600000,4070.985,4073.155,4069.025,4069.195
1761297900000,4069.275,4071.215,4068.615,4069.595
1761298200000,4069.615,4073.385,4067.739,4069.885
1761298500000,4069.855,4071.885,4065.225,4065.805
1761298800000,4065.885,4070.405,4065.045,4069.415
1761299100000,4069.425,4071.905,4069.115,4070.345
1761299400000,4070.335,4070.525,4056.348,4057.465
1761299700000,4057.435,4061.315,4054.029,4060.625
1761300000000,4060.655,4070.645,4059.178,4069.585
1761300300000,4069.605,4070.248,4064.795,4066.085
1761300600000,4066.085,4067.315,4065.265,4066.745
1761300900000,4066.755,4067.415,4065.825,4065.935
1761301200000,4065.915,4065.915,4063.435,4064.555
1761301500000,4064.595,4064.705,4058.305,4059.005
1761301800000,4058.985,4062.705,4054.105,4056.935
1761302100000,4056.785,4061.715,4054.485,4058.425
1761302400000,4058.435,4061.315,4057.965,4058.235
1761302700000,4058.195,4060.235,4056.355,4058.605
1761303000000,4058.275,4058.635,4055.645,4057.155
1761303300000,4057.485,4058.105,4053.355,4054.585
1761303600000,4054.475,4056.965,4043.618,4046.019
1761303900000,4046.025,4060.695,4044.979,4059.895
1761304200000,4059.875,4061.595,4055.958,4058.645
1761304500000,4058.645,4061.115,4057.195,4058.595
1761304800000,4058.625,4058.925,4055.269,4055.518
1761305100000,4055.518,4058.585,4054.518,4056.465
1761305400000,4056.435,4060.125,4054.825,4059.975
1761305700000,4059.975,4060.075,4054.435,4055.495
1761306000000,4055.525,4058.375,4054.698,4058.285
1761306300000,4058.195,4065.415,4057.585,4065.325
1761306600000,4065.295,4065.385,4059.765,4059.908
1761306900000,4059.965,4061.475,4058.385,4061.255
1761307200000,4061.205,4064.555,4060.455,4063.225
1761307500000,4063.255,4065.155,4059.675,4064.285
1761307800000,4064.305,4064.615,4061.185,4061.945
1761308100000,4061.955,4064.345,4061.115,4062.475
1761308400000,4062.195,4063.895,4060.335,4062.675
1761308700000,4062.645,4062.965,4059.615,4060.835
1761309000000,4060.825,4092.705,4060.275,4089.825
1761309300000,4089.385,4091.355,4075.938,4080.375
1761309600000,4080.235,4085.895,4076.035,4082.825
1761309900000,4083.105,4084.245,4074.245,4075.235
1761310200000,4075.305,4083.345,4073.839,4081.455
1761310500000,4081.445,4082.055,4076.245,4081.865
1761310800000,4081.905,4091.035,4078.718,4088.685
1761311100000,4088.745,4112.055,4088.418,4110.595
1761311400000,4110.525,4115.115,4105.349,4111.489
1761311700000,4111.589,4121.345,4109.205,4118.295
1761312000000,4118.295,4121.845,4113.455,4114.755
1761312300000,4114.665,4118.835,4111.845,4113.925
1761312600000,4113.695,4119.825,4109.985,4117.355
1761312900000,4117.355,4119.345,4111.385,4112.255
1761313200000,4112.225,4112.325,4098.215,4104.995
1761313500000,4104.688,4108.725,4097.475,4105.705
1761313800000,4105.695,4108.475,4098.379,4108.425
1761314100000,4108.425,4109.555,4101.355,4104.725
1761314400000,4105.425,4109.015,4101.725,4107.435
1761314700000,4107.565,4117.885,4106.265,4114.735
1761315000000,4114.775,4134.745,4113.935,4132.035
1761315300000,4130.748,4134.675,4124.065,4126.485
1761315600000,4126.515,4130.925,4122.879,4125.995
1761315900000,4126.185,4126.465,4119.205,4123.525
1761316200000,4123.675,4127.965,4122.048,4126.325
1761316500000,4126.448,4128.345,4120.975,4126.255
1761316800000,4126.195,4131.245,4125.825,4129.275
1761317100000,4129.295,4130.935,4120.655,4122.775
1761317400000,4122.805,4123.795,4112.035,4119.305
1761317700000,4119.315,4121.805,4115.735,4117.285
1761318000000,4117.255,4120.435,4114.945,4119.745
1761318300000,4119.715,4122.875,4116.285,4120.525
1761318600000,4120.495,4123.275,4118.405,4118.695
1761318900000,4118.675,4119.735,4113.035,4118.555
1761319200000,4118.575,4128.525,4118.325,4127.218
1761319500000,4127.218,4128.015,4124.105,4125.275
1761319800000,4125.275,4129.048,4124.805,4127.205
1761320100000,4127.185,4129.895,4122.348,4129.255
1761320400000,4129.275,4130.125,4124.535,4126.625
1761320700000,4126.655,4129.035,4120.535,4125.425
1761321000000,4125.465,4131.635,4124.105,4128.415
1761321300000,4128.395,4131.305,4126.455,4130.195
1761321600000,4130.235,4131.975,4127.045,4128.585
1761321900000,4128.555,4136.485,4128.405,4132.275
1761322200000,4132.405,4133.975,4129.455,4132.855
1761322500000,4132.639,4134.015,4129.845,4131.375
1761322800000,4131.265,4135.855,4131.195,4134.565
1761323100000,4134.585,4138.325,4133.465,4136.135
1761323400000,4136.185,4136.825,4132.925,4132.985
1761323700000,4132.965,4135.475,4126.975,4126.985
1761324000000,4127.005,4130.665,4121.535,4130.565
1761324300000,4130.535,4131.495,4128.685,4130.815
1761324600000,4130.795,4132.875,4129.498,4130.159
1761324900000,4130.199,4130.199,4125.755,4129.135
1761325200000,4129.165,4134.065,4129.115,4131.005
1761325500000,4130.965,4132.065,4127.635,4128.325
1761325800000,4128.245,4130.055,4125.985,4126.255
1761326100000,4126.215,4127.245,4122.275,4122.595
1761326400000,4122.505,4125.035,4120.695,4122.515
1761326700000,4122.325,4124.875,4120.095,4120.795
1761327000000,4121.075,4123.915,4117.075,4120.165
1761327300000,4120.355,4121.735,4117.745,4118.095
1761327600000,4117.935,4118.735,4111.335,4111.965
1761327900000,4111.985,4116.705,4111.645,4114.795
1761328200000,4114.745,4115.715,4108.105,4109.215
1761328500000,4109.245,4112.045,4105.545,4107.405
1761328800000,4107.435,4109.305,4102.995,4105.725
1761329100000,4105.775,4107.215,4103.025,4106.985
1761329400000,4106.925,4107.515,4101.735,4104.335
1761329700000,4104.315,4109.625,4102.805,4109.625
1761330000000,4109.415,4110.535,4107.375,4108.145
1761330300000,4108.115,4109.805,4101.755,4105.825
1761330600000,4105.855,4111.415,4103.725,4111.055
1761330900000,4111.105,4113.395,4107.855,4110.695
1761331200000,4110.675,4110.675,4103.995,4106.815
1761331500000,4106.865,4109.165,4105.155,4109.165
1761331800000,4109.305,4110.655,4106.825,4108.375
1761332100000,4108.355,4111.225,4107.399,4110.075
1761332400000,4110.125,4115.745,4109.655,4115.355
1761332700000,4115.285,4117.275,4115.075,4117.125
1761333000000,4117.145,4117.145,4112.435,4114.355
1761333300000,4114.615,4115.425,4112.905,4114.045
1761333600000,4113.995,4114.895,4110.635,4114.705
1761333900000,4114.705,4116.835,4112.725,4112.725
1761334200000,4112.775,4113.045,4109.555,4111.755
1761334500000,4111.755,4113.615,4110.135,4111.355
1761334800000,4111.375,4111.745,4108.575,4109.165
1761335100000,4109.185,4109.445,4103.295,4103.765
1761335400000,4103.725,4105.705,4102.005,4104.725
1761335700000,4105.005,4107.225,4102.125,4103.865
1761336000000,4103.945,4104.075,4100.645,4101.255
1761336300000,4101.265,4103.165,4100.885,4101.625
1761336600000,4101.615,4102.305,4096.515,4100.135
1761336900000,4100.205,4102.075,4099.755,4100.335
1761337200000,4100.355,4101.185,4098.985,4099.935
1761337500000,4099.945,4100.215,4097.885,4099.745
1761337800000,4099.855,4104.455,4099.475,4101.965
1761338100000,4101.955,4106.715,4101.725,4106.715
1761338400000,4106.715,4109.575,4105.995,4108.585
1761338700000,4108.545,4111.665,4107.135,4111.465
1761339000000,4111.625,4113.655,4111.525,4112.405
1761339300000,4112.425,4113.445,4110.198,4111.555
1761436800000,4077.145,4077.145,4077.145,4077.145
1761437100000,4077.145,4077.145,4077.145,4077.145
1761437400000,4077.145,4077.145,4077.145,4077.145
1761437700000,4077.145,4077.145,4077.145,4077.145
1761438000000,4077.145,4077.145,4077.145,4077.145
1761438300000,4077.145,4077.145,4077.145,4077.145
1761438600000,4077.145,4077.145,4077.145,4077.145
1761438900000,4077.145,4077.145,4077.145,4077.145
1761439200000,4077.145,4077.145,4077.145,4077.145
1761439500000,4077.145,4077.145,4077.145,4077.145
1761439800000,4077.145,4077.145,4077.145,4077.145
1761440100000,4077.145,4077.145,4077.145,4077.145
1761440400000,4077.145,4077.145,4077.145,4077.145
1761440700000,4077.145,4077.145,4077.145,4077.145
1761441000000,4077.145,4077.145,4077.145,4077.145
1761441300000,4077.145,4077.145,4077.145,4077.145
1761441600000,4077.145,4077.145,4077.145,4077.145
1761441900000,4077.145,4077.145,4077.145,4077.145
1761442200000,4077.145,4077.145,4077.145,4077.145
1761442500000,4077.145,4077.145,4077.145,4077.145
1761442800000,4077.145,4077.145,4077.145,4077.145
1761443100000,4077.145,4077.145,4077.145,4077.145
1761443400000,4077.145,4077.145,4077.145,4077.145
1761443700000,4077.145,4077.145,4077.145,4077.145
1761444000000,4077.145,4077.145,4077.145,4077.145
1761444300000,4077.145,4077.145,4077.145,4077.145
1761444600000,4077.145,4077.145,4077.145,4077.145
1761444900000,4077.145,4077.145,4077.145,4077.145
1761445200000,4077.145,4077.145,4077.145,4077.145
1761445500000,4077.145,4077.145,4077.145,4077.145
1761445800000,4077.145,4077.145,4077.145,4077.145
1761446100000,4077.145,4077.145,4077.145,4077.145
1761446400000,4077.145,4077.145,4077.145,4077.145
1761446700000,4077.145,4077.145,4077.145,4077.145
1761447000000,4077.145,4077.145,4077.145,4077.145
1761447300000,4077.145,4077.145,4077.145,4077.145
1761447600000,4077.145,4077.145,4077.145,4077.145
1761447900000,4077.145,4077.145,4077.145,4077.145
1761448200000,4077.145,4077.145,4077.145,4077.145
1761448500000,4077.145,4077.145,4077.145,4077.145
1761448800000,4077.145,4077.145,4077.145,4077.145
1761449100000,4077.145,4077.145,4077.145,4077.145
1761449400000,4077.145,4077.145,4077.145,4077.145
1761449700000,4077.145,4077.145,4077.145,4077.145
1761450000000,4077.145,4077.145,4077.145,4077.145
1761450300000,4077.145,4077.145,4077.145,4077.145
1761450600000,4077.145,4077.145,4077.145,4077.145
1761450900000,4077.145,4077.145,4077.145,4077.145
1761451200000,4077.145,4077.145,4077.145,4077.145
1761451500000,4077.145,4077.145,4077.145,4077.145
1761451800000,4077.145,4077.145,4077.145,4077.145
1761452100000,4077.145,4077.145,4077.145,4077.145
1761452400000,4077.145,4077.145,4077.145,4077.145
1761452700000,4077.145,4077.145,4077.145,4077.145
1761453000000,4077.145,4077.145,4077.145,4077.145
1761453300000,4077.145,4077.145,4077.145,4077.145
1761453600000,4077.145,4077.145,4077.145,4077.145
1761453900000,4077.145,4077.145,4077.145,4077.145
1761454200000,4077.145,4077.145,4077.145,4077.145
1761454500000,4077.145,4077.145,4077.145,4077.145
1761454800000,4077.145,4077.145,4077.145,4077.145
1761455100000,4077.145,4077.145,4077.145,4077.145
1761455400000,4077.145,4077.145,4077.145,4077.145
1761455700000,4077.145,4077.145,4077.145,4077.145
1761456000000,4077.145,4077.145,4077.145,4077.145
1761456300000,4077.145,4077.145,4077.145,4077.145
1761456600000,4077.145,4077.145,4077.145,4077.145
1761456900000,4077.145,4077.145,4077.145,4077.145
1761457200000,4077.145,4077.145,4077.145,4077.145
1761457500000,4077.145,4077.145,4077.145,4077.145
1761457800000,4077.145,4077.145,4077.145,4077.145
1761458100000,4077.145,4077.145,4077.145,4077.145
1761458400000,4077.145,4077.145,4077.145,4077.145
1761458700000,4077.145,4077.145,4077.145,4077.145
1761459000000,4077.145,4077.145,4077.145,4077.145
1761459300000,4077.145,4077.145,4077.145,4077.145
1761459600000,4077.145,4077.145,4077.145,4077.145
1761459900000,4077.145,4077.145,4077.145,4077.145
1761460200000,4077.145,4077.145,4077.145,4077.145
1761460500000,4077.145,4077.145,4077.145,4077.145
1761460800000,4077.145,4077.145,4077.145,4077.145
1761461100000,4077.145,4077.145,4077.145,4077.145
1761461400000,4077.145,4077.145,4077.145,4077.145
1761461700000,4077.145,4077.145,4077.145,4077.145
1761462000000,4077.145,4077.145,4077.145,4077.145
1761462300000,4077.145,4077.145,4077.145,4077.145
1761462600000,4077.145,4077.145,4077.145,4077.145
1761462900000,4077.145,4077.145,4077.145,4077.145
1761463200000,4077.145,4077.145,4077.145,4077.145
1761463500000,4077.145,4077.145,4077.145,4077.145
1761463800000,4077.145,4077.145,4077.145,4077.145
1761464100000,4077.145,4077.145,4077.145,4077.145
1761464400000,4077.145,4077.145,4077.145,4077.145
1761464700000,4077.145,4077.145,4077.145,4077.145
1761465000000,4077.145,4077.145,4077.145,4077.145
1761465300000,4077.145,4077.145,4077.145,4077.145
1761465600000,4077.145,4077.145,4077.145,4077.145
1761465900000,4077.145,4077.145,4077.145,4077.145
1761466200000,4077.145,4077.145,4077.145,4077.145
1761466500000,4077.145,4077.145,4077.145,4077.145
1761466800000,4077.145,4077.145,4077.145,4077.145
1761467100000,4077.145,4077.145,4077.145,4077.145
1761467400000,4077.145,4077.145,4077.145,4077.145
1761467700000,4077.145,4077.145,4077.145,4077.145
1761468000000,4077.145,4077.145,4077.145,4077.145
1761468300000,4077.145,4077.145,4077.145,4077.145
1761468600000,4077.145,4077.145,4077.145,4077.145
1761468900000,4077.145,4077.145,4077.145,4077.145
1761469200000,4077.145,4077.145,4077.145,4077.145
1761469500000,4077.145,4077.145,4077.145,4077.145
1761469800000,4077.145,4077.145,4077.145,4077.145
1761470100000,4077.145,4077.145,4077.145,4077.145
1761470400000,4077.145,4077.145,4077.145,4077.145
1761470700000,4077.145,4077.145,4077.145,4077.145
1761471000000,4077.145,4077.145,4077.145,4077.145
1761471300000,4077.145,4077.145,4077.145,4077.145
1761471600000,4077.145,4077.145,4077.145,4077.145
1761471900000,4077.145,4077.145,4077.145,4077.145
1761472200000,4077.145,4077.145,4077.145,4077.145
1761472500000,4077.145,4077.145,4077.145,4077.145
1761472800000,4077.145,4077.145,4077.145,4077.145
1761473100000,4077.145,4077.145,4077.145,4077.145
1761473400000,4077.145,4077.145,4077.145,4077.145
1761473700000,4077.145,4077.145,4077.145,4077.145
1761474000000,4077.145,4077.145,4077.145,4077.145
1761474300000,4077.145,4077.145,4077.145,4077.145
1761474600000,4077.145,4077.145,4077.145,4077.145
1761474900000,4077.145,4077.145,4077.145,4077.145
1761475200000,4077.145,4077.145,4077.145,4077.145
1761475500000,4077.145,4077.145,4077.145,4077.145
1761475800000,4077.145,4077.145,4077.145,4077.145
1761476100000,4077.145,4077.145,4077.145,4077.145
1761476400000,4077.145,4077.145,4077.145,4077.145
1761476700000,4077.145,4077.145,4077.145,4077.145
1761477000000,4077.145,4077.145,4077.145,4077.145
1761477300000,4077.145,4077.145,4077.145,4077.145
1761477600000,4077.145,4077.145,4077.145,4077.145
1761477900000,4077.145,4077.145,4077.145,4077.145
1761478200000,4077.145,4077.145,4077.145,4077.145
1761478500000,4077.145,4077.145,4077.145,4077.145
1761478800000,4077.145,4077.145,4077.145,4077.145
1761479100000,4077.145,4077.145,4077.145,4077.145
1761479400000,4077.145,4077.145,4077.145,4077.145
1761479700000,4077.145,4077.145,4077.145,4077.145
1761480000000,4077.145,4077.145,4077.145,4077.145
1761480300000,4077.145,4077.145,4077.145,4077.145
1761480600000,4077.145,4077.145,4077.145,4077.145
1761480900000,4077.145,4077.145,4077.145,4077.145
1761481200000,4077.145,4077.145,4077.145,4077.145
1761481500000,4077.145,4077.145,4077.145,4077.145
1761481800000,4077.145,4077.145,4077.145,4077.145
1761482100000,4077.145,4077.145,4077.145,4077.145
1761482400000,4077.145,4077.145,4077.145,4077.145
1761482700000,4077.145,4077.145,4077.145,4077.145
1761483000000,4077.145,4077.145,4077.145,4077.145
1761483300000,4077.145,4077.145,4077.145,4077.145
1761483600000,4077.145,4077.145,4077.145,4077.145
1761483900000,4077.145,4077.145,4077.145,4077.145
1761484200000,4077.145,4077.145,4077.145,4077.145
1761484500000,4077.145,4077.145,4077.145,4077.145
1761484800000,4077.145,4077.145,4077.145,4077.145
1761485100000,4077.145,4077.145,4077.145,4077.145
1761485400000,4077.145,4077.145,4077.145,4077.145
1761485700000,4077.145,4077.145,4077.145,4077.145
1761486000000,4077.145,4077.145,4077.145,4077.145
1761486300000,4077.145,4077.145,4077.145,4077.145
1761486600000,4077.145,4077.145,4077.145,4077.145
1761486900000,4077.145,4077.145,4077.145,4077.145
1761487200000,4077.145,4077.145,4077.145,4077.145
1761487500000,4077.145,4077.145,4077.145,4077.145
1761487800000,4077.145,4077.145,4077.145,4077.145
1761488100000,4077.145,4077.145,4077.145,4077.145
1761488400000,4077.145,4077.145,4077.145,4077.145
1761488700000,4077.145,4077.145,4077.145,4077.145
1761489000000,4077.145,4077.145,4077.145,4077.145
1761489300000,4077.145,4077.145,4077.145,4077.145
1761489600000,4077.145,4077.145,4077.145,4077.145
1761489900000,4077.145,4077.145,4077.145,4077.145
1761490200000,4077.145,4077.145,4077.145,4077.145
1761490500000,4077.145,4077.145,4077.145,4077.145
1761490800000,4077.145,4077.145,4077.145,4077.145
1761491100000,4077.145,4077.145,4077.145,4077.145
1761491400000,4077.145,4077.145,4077.145,4077.145
1761491700000,4077.145,4077.145,4077.145,4077.145
1761492000000,4077.145,4077.145,4077.145,4077.145
1761492300000,4077.145,4077.145,4077.145,4077.145
1761492600000,4077.145,4077.145,4077.145,4077.145
1761492900000,4077.145,4077.145,4077.145,4077.145
1761493200000,4077.145,4077.145,4077.145,4077.145
1761493500000,4077.145,4077.145,4077.145,4077.145
1761493800000,4077.145,4077.145,4077.145,4077.145
1761494100000,4077.145,4077.145,4077.145,4077.145
1761494400000,4077.145,4077.145,4077.145,4077.145
1761494700000,4077.145,4077.145,4077.145,4077.145
1761495000000,4077.145,4077.145,4077.145,4077.145
1761495300000,4077.145,4077.145,4077.145,4077.145
1761495600000,4077.145,4077.145,4077.145,4077.145
1761495900000,4077.145,4077.145,4077.145,4077.145
1761496200000,4077.145,4077.145,4077.145,4077.145
1761496500000,4077.145,4077.145,4077.145,4077.145
1761496800000,4077.145,4077.145,4077.145,4077.145
1761497100000,4077.145,4077.145,4077.145,4077.145
1761497400000,4077.145,4077.145,4077.145,4077.145
1761497700000,4077.145,4077.145,4077.145,4077.145
1761498000000,4077.145,4077.145,4077.145,4077.145
1761498300000,4077.145,4077.145,4077.145,4077.145
1761498600000,4077.145,4077.145,4077.145,4077.145
1761498900000,4077.145,4077.145,4077.145,4077.145
1761499200000,4077.145,4077.145,4077.145,4077.145
1761499500000,4077.145,4077.145,4077.145,4077.145
1761499800000,4077.145,4077.145,4077.145,4077.145
1761500100000,4077.145,4077.145,4077.145,4077.145
1761500400000,4077.145,4077.145,4077.145,4077.145
1761500700000,4077.145,4077.145,4077.145,4077.145
1761501000000,4077.145,4077.145,4077.145,4077.145
1761501300000,4077.145,4077.145,4077.145,4077.145
1761501600000,4077.145,4077.145,4077.145,4077.145
1761501900000,4077.145,4077.145,4077.145,4077.145
1761502200000,4077.145,4077.145,4077.145,4077.145
1761502500000,4077.145,4077.145,4077.145,4077.145
1761502800000,4077.145,4077.145,4077.145,4077.145
1761503100000,4077.145,4077.145,4077.145,4077.145
1761503400000,4077.145,4077.145,4077.145,4077.145
1761503700000,4077.145,4077.145,4077.145,4077.145
1761504000000,4077.145,4077.145,4077.145,4077.145
1761504300000,4077.145,4077.145,4077.145,4077.145
1761504600000,4077.145,4077.145,4077.145,4077.145
1761504900000,4077.145,4077.145,4077.145,4077.145
1761505200000,4077.145,4077.145,4077.145,4077.145
1761505500000,4077.145,4077.145,4077.145,4077.145
1761505800000,4077.145,4077.145,4077.145,4077.145
1761506100000,4077.145,4077.145,4077.145,4077.145
1761506400000,4077.145,4077.145,4077.145,4077.145
1761506700000,4077.145,4077.145,4077.145,4077.145
1761507000000,4077.145,4077.145,4077.145,4077.145
1761507300000,4077.145,4077.145,4077.145,4077.145
1761507600000,4077.145,4077.145,4077.145,4077.145
1761507900000,4077.145,4077.145,4077.145,4077.145
1761508200000,4077.145,4077.145,4077.145,4077.145
1761508500000,4077.145,4077.145,4077.145,4077.145
1761508800000,4077.145,4077.145,4077.145,4077.145
1761509100000,4077.145,4077.145,4077.145,4077.145
1761509400000,4077.145,4077.145,4077.145,4077.145
1761509700000,4077.145,4077.145,4077.145,4077.145
1761510000000,4077.145,4077.145,4077.145,4077.145
1761510300000,4077.145,4077.145,4077.145,4077.145
1761510600000,4077.145,4077.145,4077.145,4077.145
1761510900000,4077.145,4077.145,4077.145,4077.145
1761511200000,4077.145,4077.145,4077.145,4077.145
1761511500000,4077.145,4077.145,4077.145,4077.145
1761511800000,4077.145,4077.145,4077.145,4077.145
1761512100000,4077.145,4077.145,4077.145,4077.145
1761512400000,4077.145,4077.145,4077.145,4077.145
1761512700000,4077.145,4077.145,4077.145,4077.145
1761513000000,4077.145,4077.145,4077.145,4077.145
1761513300000,4077.145,4077.145,4077.145,4077.145
1761513600000,4077.145,4077.145,4077.145,4077.145
1761513900000,4077.145,4077.145,4077.145,4077.145
1761514200000,4077.145,4077.145,4077.145,4077.145
1761514500000,4077.145,4077.145,4077.145,4077.145
1761514800000,4077.145,4077.145,4077.145,4077.145
1761515100000,4077.145,4077.145,4077.145,4077.145
1761515400000,4077.145,4077.145,4077.145,4077.145
1761515700000,4077.145,4077.145,4077.145,4077.145
1761516000000,4064.051,4086.548,4063.585,4082.748
1761516300000,4082.159,4091.348,4073.195,4088.498
1761516600000,4088.498,4107.148,4088.398,4104.348
1761516900000,4104.055,4108.598,4100.048,4104.998
1761517200000,4104.998,4104.998,4100.015,4100.998
1761517500000,4100.998,4101.798,4090.788,4091.448
1761517800000,4091.448,4099.398,4089.488,4097.948
1761518100000,4097.855,4100.198,4092.998,4093.798
1761518400000,4093.798,4096.285,4079.598,4079.755
1761518700000,4079.745,4083.668,4071.335,4077.865
1761519000000,4077.825,4080.025,4072.255,4075.575
1761519300000,4075.545,4084.765,4075.545,4081.158
1761519600000,4081.188,4087.848,4078.328,4082.148
1761519900000,4082.148,4087.548,4079.878,4084.538
1761520200000,4084.548,4085.295,4081.578,4082.295
1761520500000,4082.305,4086.358,4081.835,4083.035
1761520800000,4082.655,4084.575,4077.825,4079.945
1761521100000,4079.988,4081.365,4072.805,4074.385
1761521400000,4074.375,4080.095,4073.155,4079.285
1761521700000,4079.315,4079.405,4066.945,4069.738
1761522000000,4070.085,4072.055,4063.925,4067.185
1761522300000,4067.145,4069.665,4061.315,4064.625
1761522600000,4064.735,4070.915,4063.905,4069.655
1761522900000,4069.725,4070.015,4061.915,4064.165
1761523200000,4064.275,4067.395,4057.845,4064.045
1761523500000,4064.105,4072.305,4061.755,4070.845
1761523800000,4070.825,4072.105,4067.675,4069.115
1761524100000,4069.325,4071.485,4063.835,4063.955
1761524400000,4063.935,4067.695,4061.925,4065.095
1761524700000,4065.085,4067.975,4062.845,4067.485
1761525000000,4067.255,4076.805,4067.175,4076.705
1761525300000,4076.655,4076.825,4073.625,4075.145
1761525600000,4075.135,4076.235,4071.625,4074.775
1761525900000,4074.745,4078.625,4074.115,4076.785
1761526200000,4076.975,4078.985,4075.995,4077.155
1761526500000,4077.135,4084.015,4076.135,4080.935
1761526800000,4081.005,4083.805,4074.725,4081.375
1761527100000,4081.355,4096.115,4079.865,4093.995
1761527400000,4094.035,4095.665,4088.905,4089.965
1761527700000,4089.965,4094.275,4088.655,4090.685
1761528000000,4090.625,4093.855,4090.175,4093.425
1761528300000,4093.395,4097.545,4092.455,4093.215
1761528600000,4093.245,4093.695,4084.875,4087.675
1761528900000,4087.585,4089.475,4081.065,4086.885
1761529200000,4086.915,4087.715,4081.275,4087.695
1761529500000,4087.855,4090.325,4085.255,4086.435
1761529800000,4086.405,4086.425,4082.855,4083.835
1761530100000,4083.865,4086.335,4081.125,4081.705
1761530400000,4081.625,4081.895,4075.655,4076.285
1761530700000,4076.155,4078.035,4071.335,4074.905
1761531000000,4074.845,4078.945,4071.915,4078.245
1761531300000,4078.295,4081.165,4074.115,4075.305
1761531600000,4075.315,4075.935,4071.465,4071.865
1761531900000,4071.845,4073.825,4070.875,4072.775
1761532200000,4072.755,4074.545,4071.635,4073.425
1761532500000,4073.445,4076.448,4072.375,4076.128
1761532800000,4076.128,4079.095,4075.515,4077.825
1761533100000,4077.835,4077.835,4070.925,4071.525
1761533400000,4071.525,4076.465,4070.908,4073.895
1761533700000,4073.875,4073.985,4070.015,4071.325
1761534000000,4071.305,4071.735,4065.075,4069.475
1761534300000,4069.505,4075.415,4069.495,4074.825
1761534600000,4074.825,4076.395,4073.895,4075.228
1761534900000,4075.178,4075.248,4069.935,4073.345
1761535200000,4073.385,4076.905,4073.355,4075.895
1761535500000,4075.865,4079.148,4075.529,4077.009
1761535800000,4077.109,4077.479,4074.955,4075.549
1761536100000,4075.515,4080.535,4075.105,4079.645
1761536400000,4079.645,4081.615,4078.839,4079.995
1761536700000,4079.955,4080.095,4078.305,4079.285
1761537000000,4079.325,4079.505,4073.065,4073.209
1761537300000,4073.185,4073.185,4068.555,4069.465
1761537600000,4069.405,4069.405,4061.145,4061.145
1761537900000,4061.135,4061.365,4053.505,4056.135
1761538200000,4056.145,4058.325,4054.815,4057.218
1761538500000,4057.235,4060.485,4054.295,4059.855
1761538800000,4059.855,4063.245,4059.495,4062.995
1761539100000,4062.995,4065.065,4062.065,4062.375
1761539400000,4062.415,4064.725,4058.705,4063.705
1761539700000,4063.725,4064.695,4060.275,4060.295
1761540000000,4060.265,4060.775,4057.815,4060.415
1761540300000,4060.415,4065.155,4059.725,4064.895
1761540600000,4064.895,4069.925,4061.815,4068.448
1761540900000,4068.405,4071.348,4067.198,4068.525
1761541200000,4068.565,4072.885,4068.455,4071.965
1761541500000,4071.945,4072.435,4069.695,4071.865
1761541800000,4071.575,4074.725,4071.055,4073.415
1761542100000,4073.265,4074.908,4072.778,4073.945
1761542400000,4073.895,4080.348,4073.665,4078.905
1761542700000,4078.998,4084.295,4078.595,4081.515
1761543000000,4081.545,4083.685,4079.695,4082.965
1761543300000,4082.985,4083.235,4078.355,4078.755
1761543600000,4078.755,4080.945,4077.795,4079.585
1761543900000,4079.665,4082.495,4078.015,4081.365
1761544200000,4081.255,4083.595,4080.805,4081.655
1761544500000,4081.615,4081.615,4076.098,4079.455
1761544800000,4079.395,4083.855,4077.455,4077.535
1761545100000,4077.715,4084.735,4077.118,4080.375
1761545400000,4080.325,4081.685,4077.898,4079.518
1761545700000,4079.375,4081.928,4078.438,4081.248
1761546000000,4081.248,4082.768,4077.965,4082.498
1761546300000,4082.498,4083.645,4080.455,4081.748
1761546600000,4081.748,4082.485,4078.545,4081.855
1761546900000,4081.945,4083.215,4081.035,4082.755
1761547200000,4082.795,4083.225,4079.575,4079.645
1761547500000,4079.885,4082.765,4078.145,4080.815
1761547800000,4080.795,4081.795,4077.395,4077.569
1761548100000,4077.569,4078.345,4073.615,4077.975
1761548400000,4078.015,4079.525,4074.115,4074.615
1761548700000,4074.625,4076.308,4073.135,4073.275
1761549000000,4073.345,4073.985,4069.725,4071.335
1761549300000,4071.425,4074.285,4070.615,4072.815
1761549600000,4072.735,4073.015,4066.488,4069.008
1761549900000,4069.018,4069.105,4065.698,4068.125
1761550200000,4068.175,4071.055,4068.148,4069.798
1761550500000,4069.798,4071.125,4068.455,4068.455
1761550800000,4068.368,4070.295,4066.355,4070.295
1761551100000,4070.295,4070.635,4067.395,4068.525
1761551400000,4068.495,4069.015,4066.255,4066.828
1761551700000,4066.828,4068.695,4063.738,4068.515
1761552000000,4068.365,4068.475,4063.875,4064.958
1761552300000,4064.968,4067.095,4063.515,4065.665
1761552600000,4065.685,4066.735,4063.485,4066.475
1761552900000,4066.485,4070.235,4064.948,4065.975
1761553200000,4065.955,4066.425,4057.595,4058.455
1761553500000,4058.505,4059.595,4055.915,4058.435
1761553800000,4058.425,4062.255,4058.135,4060.395
1761554100000,4060.355,4062.225,4058.075,4061.775
1761554400000,4061.858,4061.858,4058.265,4058.948
1761554700000,4058.948,4061.475,4055.125,4057.435
1761555000000,4057.278,4057.278,4038.518,4040.335
1761555300000,4040.345,4044.355,4024.475,4043.045
1761555600000,4043.135,4049.915,4040.425,4044.675
1761555900000,4044.655,4048.635,4035.775,4036.035
1761556200000,4036.025,4039.695,4029.535,4036.135
1761556500000,4036.115,4042.865,4033.365,4038.425
1761556800000,4038.355,4042.145,4036.585,4041.825
1761557100000,4041.795,4042.275,4035.405,4037.245
1761557400000,4036.895,4040.945,4036.305,4039.315
1761557700000,4039.335,4049.365,4038.748,4045.345
1761558000000,4045.315,4045.315,4037.335,4042.575
1761558300000,4042.565,4047.465,4041.435,4045.865
1761558600000,4045.955,4047.945,4038.605,4039.945
1761558900000,4039.915,4041.845,4038.705,4039.565
1761559200000,4039.595,4043.825,4037.339,4043.625
1761559500000,4043.685,4047.575,4040.408,4045.748
1761559800000,4045.645,4047.198,4039.645,4043.295
1761560100000,4043.315,4044.355,4040.535,4043.235
1761560400000,4043.215,4044.985,4040.965,4041.165
1761560700000,4041.115,4043.155,4034.695,4035.825
1761561000000,4035.975,4037.345,4028.655,4034.955
1761561300000,4035.205,4045.485,4035.205,4042.758
1761561600000,4042.758,4044.175,4039.165,4041.185
1761561900000,4041.215,4042.258,4039.105,4040.315
1761562200000,4040.138,4040.138,4037.115,4038.298
1761562500000,4038.258,4038.615,4035.145,4037.205
1761562800000,4037.225,4041.215,4034.305,4036.075
1761563100000,4035.945,4038.415,4029.425,4034.575
1761563400000,4034.655,4034.835,4020.369,4030.235
1761563700000,4030.215,4032.405,4028.485,4031.755
1761564000000,4031.715,4032.005,4027.648,4028.248
1761564300000,4028.275,4031.398,4027.779,4029.998
1761564600000,4030.098,4030.705,4025.095,4026.575
1761564900000,4026.525,4028.085,4015.055,4015.925
1761565200000,4015.895,4023.198,4015.165,4020.235
1761565500000,4020.225,4031.598,4019.075,4024.035
1761565800000,4024.025,4026.025,4021.465,4024.729
1761566100000,4024.465,4025.725,4022.225,4023.825
1761566400000,4023.855,4037.665,4022.175,4032.195
1761566700000,4032.205,4033.225,4029.015,4031.515
1761567000000,4031.515,4035.455,4028.405,4032.415
1761567300000,4032.415,4036.085,4032.015,4034.845
1761567600000,4034.935,4040.345,4033.005,4040.345
1761567900000,4040.275,4041.675,4034.109,4034.249
1761568200000,4034.189,4034.355,4029.935,4032.475
1761568500000,4032.785,4034.765,4031.615,4033.275
1761568800000,4033.255,4037.685,4032.895,4034.655
1761569100000,4034.675,4044.565,4034.345,4044.465
1761569400000,4044.405,4046.215,4037.915,4040.265
1761569700000,4040.305,4045.805,4039.855,4045.625
1761570000000,4045.815,4050.095,4045.815,4046.865
1761570300000,4046.815,4046.935,4039.915,4040.395
1761570600000,4040.355,4043.025,4038.575,4039.308
1761570900000,4039.208,4040.788,4036.205,4038.005
1761571200000,4038.025,4043.485,4037.865,4039.145
1761571500000,4039.159,4040.105,4031.195,4033.595
1761571800000,4033.515,4038.635,4020.725,4031.785
1761572100000,4031.825,4038.505,4030.415,4032.635
1761572400000,4032.665,4033.395,4018,4025.215
1761572700000,4025.205,4027.055,4013.055,4018.425
1761573000000,4018.485,4026.115,4017.725,4018.205
1761573300000,4018.175,4022.555,4015.975,4021.758
1761573600000,4021.905,4023.115,4006.708,4010.435
1761573900000,4010.965,4017.835,3999.975,4006.355
1761574200000,4006.425,4009.105,4003.495,4004.445
1761574500000,4004.385,4007.205,3987.958,3992.815
1761574800000,3992.885,3995.615,3985.225,3991.745
1761575100000,3991.825,4004.295,3987.495,3998.415
1761575400000,3998.448,3999.855,3990.945,3994.899
1761575700000,3994.899,3995.115,3982.635,3986.155
1761576000000,3986.129,3998.698,3986.129,3994.265
1761576300000,3994.315,3999.065,3991.048,3994.375
1761576600000,3994.415,3997.148,3985.095,3988.215
1761576900000,3988.245,3988.785,3983.785,3987.695
1761577200000,3987.755,3988.085,3976.235,3980.118
1761577500000,3980.438,3981.875,3971.295,3974.365
1761577800000,3974.315,3980.215,3971.068,3978.415
1761578100000,3978.499,3984.315,3975.375,3981.385
1761578400000,3981.365,3984.575,3978.055,3981.055
1761578700000,3980.998,3987.805,3978.495,3986.675
1761579000000,3986.685,3993.205,3985.208,3988.075
1761579300000,3988.088,3990.465,3986.105,3986.885
1761579600000,3986.845,3988.385,3979.135,3981.215
1761579900000,3981.215,3985.598,3980.865,3983.588
1761580200000,3983.698,3990.138,3982.768,3987.498
1761580500000,3987.638,3989.955,3985.338,3989.698
1761580800000,3989.698,3992.465,3986.365,3988.548
1761581100000,3988.548,3991.059,3986.035,3988.408
1761581400000,3988.418,3994.478,3987.698,3993.285
1761581700000,3993.415,3997.768,3992.365,3994.839
1761582000000,3994.859,3995.968,3991.135,3991.935
1761582300000,3991.999,3992.335,3986.725,3986.765
1761582600000,3986.795,3990.655,3983.728,3989.085
1761582900000,3989.115,3993.595,3988.338,3993.015
1761583200000,3992.995,3994.925,3991.835,3993.015
1761583500000,3993.065,3996.105,3992.125,3993.389
1761583800000,3993.405,3995.229,3991.365,3993.429
1761584100000,3993.439,4000.165,3993.155,3999.125
1761584400000,3999.095,4003.785,3999.095,4001.915
1761584700000,4001.955,4003.895,3996.868,3998.065
1761585000000,3998.085,3999.985,3997.325,3998.285
1761585300000,3998.265,3998.525,3991.665,3992.909
1761585600000,3992.755,3997.305,3990.395,3997.055
1761585900000,3997.035,4005.998,3996.505,4004.898
1761586200000,4004.895,4006.485,4001.029,4003.815
1761586500000,4003.815,4005.165,3998.745,4001.055
1761586800000,4001.005,4003.775,4000.675,4002.185
1761587100000,4002.185,4007.565,4002.148,4006.679
1761587400000,4006.625,4006.669,4003.845,4005.845
1761587700000,4006.035,4008.605,4004.705,4006.255
1761588000000,4006.255,4007.465,4002.419,4005.935
1761588300000,4005.895,4009.845,4005.745,4008.365
1761588600000,4008.325,4009.635,4004.679,4009.155
1761588900000,4009.185,4009.719,4007.415,4007.949
1761589200000,4007.945,4008.529,4005.308,4005.879
1761589500000,4005.829,4008.215,4005.785,4007.975
1761589800000,4007.945,4009.275,4004.355,4005.615
1761590100000,4005.645,4006.615,4000.635,4002.215
1761590400000,4002.205,4005.765,4000.595,4003.295
1761590700000,4003.335,4006.845,4001.595,4005.635
1761591000000,4005.589,4007.889,4005.525,4006.645
1761591300000,4006.615,4006.975,3997.675,3999.025
1761591600000,3999.355,4005.305,3995.165,4002.615
1761591900000,4002.595,4004.125,3998.535,4000.945
1761592200000,4000.945,4002.575,3999.965,4000.905
1761592500000,4000.875,4002.595,3998.378,3999.335
1761592800000,3999.365,3999.375,3996.035,3997.575
1761593100000,3997.635,3998.265,3988.585,3988.945
1761593400000,3989.175,3992.185,3988.555,3988.555
1761593700000,3988.585,3991.865,3987.425,3991.305
1761594000000,3991.315,3991.555,3986.755,3987.555
1761594300000,3987.585,3991.375,3987.535,3989.015
1761594600000,3989.025,3990.178,3985.575,3985.935
1761594900000,3985.935,3990.328,3985.375,3989.965
1761595200000,3989.975,3992.075,3987.175,3987.845
1761595500000,3987.859,3991.025,3987.565,3990.065
1761595800000,3990.055,3993.635,3989.975,3992.415
1761596100000,3992.415,3996.285,3992.375,3996.095
1761596400000,3995.885,3998.505,3994.785,3998.315
1761596700000,3998.335,3999.985,3997.585,3999.685
1761597000000,3999.685,3999.795,3995.025,3997.115
1761597300000,3997.075,3998.745,3991.738,3991.845
1761597600000,3991.825,3992.005,3987.535,3987.585
1761597900000,3987.565,3987.645,3985.725,3985.775
1761598200000,3985.775,3986.605,3978.995,3979.925
1761598500000,3979.885,3983.005,3978.885,3981.095
1761598800000,3981.095,3981.095,3981.095,3981.095
1761599100000,3981.095,3981.095,3981.095,3981.095
1761599400000,3981.095,3981.095,3981.095,3981.095
1761599700000,3981.095,3981.095,3981.095,3981.095
1761600000000,3981.095,3981.095,3981.095,3981.095
1761600300000,3981.095,3981.095,3981.095,3981.095
1761600600000,3981.095,3981.095,3981.095,3981.095
1761600900000,3981.095,3981.095,3981.095,3981.095
1761601200000,3981.095,3981.095,3981.095,3981.095
1761601500000,3981.095,3981.095,3981.095,3981.095
1761601800000,3981.095,3981.095,3981.095,3981.095
1761602100000,3981.095,3981.095,3981.095,3981.095
1761602400000,3983.915,3992.865,3979.105,3988.215
1761602700000,3988.235,3996.015,3984.955,3986.795
1761603000000,3986.855,3989.245,3983.515,3985.205
1761603300000,3985.205,3990.825,3983.985,3989.295
1761603600000,3989.275,3994.285,3989.255,3990.915
1761603900000,3990.825,3992.215,3987.735,3991.935
1761604200000,3991.935,3991.935,3988.315,3990.615
1761604500000,3990.555,3993.848,3989.538,3993.458
1761604800000,3993.458,3993.978,3991.435,3992.058
1761605100000,3992.058,3992.228,3989.385,3989.638
1761605400000,3989.668,3990.628,3989.118,3989.478
1761605700000,3989.498,3990.208,3988.205,3989.468
1761606000000,3989.568,3991.288,3986.428,3986.638
1761606300000,3986.618,3987.358,3982.475,3985.008
1761606600000,3985.038,3987.435,3982.695,3982.805
1761606900000,3982.785,3992.625,3982.755,3991.695
1761607200000,3991.715,3994.855,3990.435,3994.005
1761607500000,3994.035,3994.895,3991.695,3994.825
1761607800000,3994.835,4003.535,3994.595,4001.565
1761608100000,4001.575,4004.295,4000.385,4003.705
1761608400000,4003.715,4003.875,4000.045,4000.335
1761608700000,4000.325,4000.395,3996.768,3998.475
1761609000000,3998.495,4000.975,3997.995,3999.755
1761609300000,3999.775,3999.858,3993.875,3998.205
1761609600000,3998.175,3998.635,3993.755,3994.935
1761609900000,3994.915,3995.515,3988.805,3988.805
1761610200000,3988.805,3990.395,3984.995,3986.085
1761610500000,3986.025,3988.455,3980.435,3980.745
1761610800000,3980.768,3985.175,3972.445,3982.645
1761611100000,3982.638,3984.448,3979.675,3984.085
1761611400000,3984.095,3997.355,3983.178,3997.015
1761611700000,3997.055,3998.098,3992.055,3992.525
1761612000000,3992.535,4000.898,3992.505,3999.205
1761612300000,3999.175,4002.245,3996.385,4001.365
1761612600000,4001.115,4009.345,4001.005,4005.735
1761612900000,4005.715,4008.148,4004.448,4006.278
1761613200000,4006.435,4012.555,4003.948,4011.995
1761613500000,4011.985,4019.068,4010.908,4017.615
1761613800000,4017.575,4018.955,4013.635,4017.555
1761614100000,4017.585,4019.405,4013.355,4013.785
1761614400000,4013.805,4017.148,4012.605,4014.315
1761614700000,4014.345,4017.285,4009.095,4009.425
1761615000000,4009.375,4011.385,4004.305,4007.555
1761615300000,4007.525,4012.215,4006.135,4007.485
1761615600000,4007.475,4010.905,4007.115,4010.105
1761615900000,4010.135,4015.175,4009.705,4012.615
1761616200000,4012.645,4013.968,4010.658,4012.798
1761616500000,4012.798,4014.098,4010.555,4010.655
1761616800000,4010.638,4013.545,4010.638,4010.695
1761617100000,4010.655,4012.988,4005.888,4009.355
1761617400000,4009.295,4012.045,4004.048,4004.785
1761617700000,4004.768,4005.205,4002.575,4004.335
1761618000000,4004.325,4004.555,3996.965,3999.125
1761618300000,3999.095,4000.645,3998.095,4000.485
1761618600000,4000.555,4001.715,3996.435,3997.215
1761618900000,3997.205,3997.745,3986,3990.148
1761619200000,3990.165,3994.305,3988.705,3994.175
1761619500000,3994.185,3994.345,3986.298,3990.635
1761619800000,3990.615,3991.905,3980.405,3982.695
1761620100000,3982.555,3985.535,3982.075,3983.655
1761620400000,3983.605,3988.695,3983.305,3986.055
1761620700000,3986.075,3988.365,3982.985,3985.915
1761621000000,3985.945,3989.365,3983.515,3989.155
1761621300000,3989.145,3990.715,3988.875,3989.975
1761621600000,3989.505,3990.585,3986.355,3990.125
1761621900000,3990.155,3994.215,3989.615,3989.985
1761622200000,3989.945,3990.495,3987.935,3988.805
1761622500000,3988.825,3990.725,3984.945,3986.175
1761622800000,3986.115,3988.215,3985.095,3986.805
1761623100000,3986.855,3991.655,3986.745,3991.215
1761623400000,3991.255,3993.465,3990.295,3991.355
1761623700000,3991.395,3993.215,3991.185,3992.635
1761624000000,3992.685,3994.005,3989.205,3989.285
1761624300000,3989.425,3990.975,3986.115,3987.975
1761624600000,3987.975,3989.375,3985.435,3987.365
1761624900000,3987.355,3988.185,3981.055,3984.335
1761625200000,3984.325,3984.385,3971.355,3973.475
1761625500000,3973.605,3974.428,3963.288,3971.285
1761625800000,3971.275,3974.015,3966.755,3971.715
1761626100000,3971.805,3974.135,3969.235,3969.825
1761626400000,3969.845,3980.165,3969.095,3976.705
1761626700000,3976.915,3978.205,3973.515,3974.615
1761627000000,3974.705,3977.635,3970.915,3971.865
1761627300000,3971.935,3977.375,3971.775,3973.355
1761627600000,3974.095,3977.395,3971.805,3972.975
1761627900000,3973.015,3973.155,3970.485,3972.265
1761628200000,3972.275,3978.998,3971.145,3976.555
1761628500000,3976.385,3979.765,3969.275,3971.155
1761628800000,3971.165,3974.185,3968.418,3973.595
1761629100000,3973.775,3976.895,3973.275,3975.085
1761629400000,3975.095,3975.665,3962.895,3964.455
1761629700000,3964.565,3964.805,3959.668,3959.778
1761630000000,3959.765,3963.635,3958.895,3960.145
1761630300000,3960.185,3965.625,3959.738,3965.055
1761630600000,3965.025,3966.975,3961.405,3962.898
1761630900000,3962.898,3967.895,3962.255,3966.135
1761631200000,3966.315,3968.285,3958.498,3962.105
1761631500000,3962.115,3962.115,3955.575,3956.715
1761631800000,3956.725,3959.855,3952.945,3955.265
1761632100000,3955.235,3959.205,3954.275,3955.045
1761632400000,3955.065,3958.895,3954.155,3958.265
1761632700000,3958.245,3959.245,3952,3952.565
1761633000000,3952.325,3957.085,3952,3955.255
1761633300000,3955.235,3955.455,3946.755,3947.898
1761633600000,3947.775,3947.785,3943.285,3943.355
1761633900000,3943.405,3946.448,3941.065,3945.848
1761634200000,3945.848,3946.048,3938.735,3942.145
1761634500000,3942.105,3942.915,3938.015,3942.235
1761634800000,3942.225,3942.848,3935.985,3942.448
1761635100000,3942.448,3946.175,3941.215,3943.675
1761635400000,3943.765,3948.385,3940.665,3946.195
1761635700000,3946.069,3947.145,3935.585,3937.595
1761636000000,3937.615,3937.615,3930.335,3933.335
1761636300000,3933.395,3937.315,3930.788,3930.808
1761636600000,3930.755,3933.175,3921.248,3932.935
1761636900000,3932.965,3933.825,3927.965,3928.105
1761637200000,3928.098,3931.595,3925.135,3930.695
1761637500000,3930.715,3936.095,3927.565,3935.355
1761637800000,3935.335,3935.985,3931.665,3934.185
1761638100000,3934.215,3934.405,3929.665,3932.115
1761638400000,3932.145,3935.555,3927.115,3928.525
1761638700000,3928.395,3930.445,3923.439,3924.885
1761639000000,3924.895,3926.045,3921.485,3921.518
1761639300000,3921.518,3924.315,3914.135,3918.315
1761639600000,3918.308,3920.015,3912.945,3913.895
1761639900000,3913.915,3916.698,3910.595,3914.485
1761640200000,3914.505,3916.525,3910.085,3915.165
1761640500000,3915.115,3916.035,3907.655,3907.945
1761640800000,3907.895,3909.898,3900.485,3905.225
1761641100000,3905.238,3908.905,3902.835,3906.855
1761641400000,3906.898,3909.735,3900.635,3903.015
1761641700000,3903.025,3903.785,3896.125,3896.948
1761642000000,3896.908,3904.005,3893.465,3897.448
1761642300000,3897.598,3897.905,3886.199,3889.955
1761642600000,3889.975,3899.465,3887.735,3896.975
1761642900000,3897.055,3907.238,3895.135,3905.985
1761643200000,3905.979,3907.665,3898.605,3903.555
1761643500000,3903.235,3906.325,3900.205,3904.509
1761643800000,3904.535,3905.598,3901.098,3902.085
1761644100000,3902.055,3902.575,3898.865,3901.665
1761644400000,3901.625,3910.815,3900.015,3909.725
1761644700000,3909.685,3910.465,3903.215,3903.785
1761645000000,3904.055,3906.835,3901.185,3901.675
1761645300000,3901.668,3905.295,3897.388,3904.375
1761645600000,3904.405,3907.455,3902.325,3907.435
1761645900000,3907.455,3908.898,3902.285,3903.615
1761646200000,3903.605,3905.595,3900.975,3901.735
1761646500000,3901.815,3906.125,3899.865,3905.085
1761646800000,3905.085,3905.985,3899.748,3902.438
1761647100000,3902.438,3908.925,3901.589,3905.005
1761647400000,3904.985,3913.815,3904.415,3913.145
1761647700000,3913.115,3916.175,3910.775,3915.945
1761648000000,3915.945,3922.545,3912.625,3915.215
1761648300000,3915.245,3923.465,3914.745,3922.575
1761648600000,3922.515,3930.735,3919.309,3926.098
1761648900000,3926.019,3927.748,3922.325,3926.265
1761649200000,3926.295,3926.945,3915.585,3916.698
1761649500000,3916.718,3917.625,3912.875,3917.325
1761649800000,3917.025,3918.455,3911.835,3915.905
1761650100000,3915.905,3919.915,3910.625,3917.435
1761650400000,3917.445,3920.275,3916.215,3919.915
1761650700000,3919.885,3920.315,3917.375,3917.875
1761651000000,3917.805,3926.545,3917.445,3922.955
1761651300000,3923.035,3923.705,3921.465,3921.748
1761651600000,3921.605,3928.465,3921.475,3927.695
1761651900000,3927.625,3929.015,3926.975,3927.895
1761652200000,3927.848,3929.775,3926.878,3927.595
1761652500000,3927.615,3928.185,3921.625,3923.055
1761652800000,3923.375,3928.648,3923.065,3925.498
1761653100000,3925.499,3926.255,3921.525,3924.848
1761653400000,3924.858,3926.398,3923.925,3925.948
1761653700000,3925.885,3929.648,3925.548,3928.848
1761654000000,3928.848,3928.848,3924.195,3925.715
1761654300000,3925.785,3928.145,3921.335,3921.605
1761654600000,3921.475,3923.445,3918.325,3922.355
1761654900000,3922.355,3925.885,3918.885,3920.015
1761655200000,3920.065,3920.718,3915.255,3915.915
1761655500000,3915.825,3916.448,3909.785,3910.625
1761655800000,3910.525,3910.875,3905.335,3909.745
1761656100000,3909.515,3913.295,3908.215,3912.448
1761656400000,3912.448,3927.535,3911.915,3927.495
1761656700000,3927.565,3928.815,3922.155,3925.515
1761657000000,3925.495,3926.105,3921.498,3922.725
1761657300000,3922.715,3933.325,3922.465,3932.665
1761657600000,3932.645,3933.145,3925.985,3929.645
1761657900000,3929.635,3933.675,3927.285,3932.285
1761658200000,3932.585,3933.185,3923.515,3923.755
1761658500000,3924.095,3929.505,3922.425,3924.625
1761658800000,3924.655,3925.225,3914.675,3922.455
1761659100000,3922.435,3930.825,3919.445,3930.635
1761659400000,3930.675,3936.355,3930.415,3933.905
1761659700000,3933.915,3940.115,3931.438,3938.425
1761660000000,3938.365,3942.595,3938.365,3940.915
1761660300000,3940.925,3944.395,3939.995,3940.995
1761660600000,3941.045,3944.045,3934.675,3938.815
1761660900000,3938.875,3941.965,3938.068,3939.015
1761661200000,3938.975,3942.795,3938.975,3941.075
1761661500000,3941.065,3949.948,3941.015,3949.648
1761661800000,3949.648,3950.048,3944.545,3948.215
1761662100000,3948.325,3948.975,3943.635,3944.415
1761662400000,3944.385,3947.595,3939.435,3945.745
1761662700000,3945.775,3950.495,3942.305,3949.235
1761663000000,3949.205,3953.675,3947.689,3949.105
1761663300000,3949.245,3952.915,3947.505,3949.565
1761663600000,3949.525,3954.225,3946.865,3952.645
1761663900000,3952.605,3955.155,3950.105,3954.555
1761664200000,3954.465,3959.845,3953.915,3958.925
1761664500000,3958.885,3960.325,3957.105,3958.225
1761664800000,3958.195,3959.845,3956.925,3959.695
1761665100000,3959.675,3960.285,3956.385,3958.365
1761665400000,3958.315,3964.525,3957.355,3962.868
1761665700000,3963.015,3964.005,3960.215,3963.335
1761666000000,3963.305,3964.535,3962.715,3963.285
1761666300000,3963.265,3966.705,3963.145,3965.925
1761666600000,3965.885,3969.405,3964.995,3965.435
1761666900000,3965.515,3967.825,3963.975,3964.585
1761667200000,3964.595,3965.325,3954.535,3956.965
1761667500000,3957.285,3962.545,3954.625,3959.775
1761667800000,3959.755,3964.785,3959.035,3963.265
1761668100000,3963.285,3964.695,3960.745,3963.735
1761668400000,3963.655,3964.865,3960.815,3963.405
1761668700000,3963.435,3964.025,3961.935,3963.045
1761669000000,3963.065,3964.635,3956.008,3958.355
1761669300000,3958.265,3961.525,3950.758,3955.415
1761669600000,3955.465,3956.625,3951.965,3955.365
1761669900000,3955.335,3957.875,3952.615,3956.165
1761670200000,3956.255,3958.945,3953.285,3957.585
1761670500000,3957.535,3959.575,3956.045,3958.355
1761670800000,3958.345,3959.505,3956.288,3956.695
1761671100000,3956.735,3966.265,3956.655,3965.305
1761671400000,3965.265,3969.725,3962.265,3969.355
1761671700000,3969.455,3969.755,3964.075,3964.575
1761672000000,3964.635,3969.895,3964.275,3968.515
1761672300000,3968.485,3970.205,3966.535,3967.085
1761672600000,3967.638,3969.035,3961.365,3965.515
1761672900000,3965.515,3967.465,3964.185,3964.805
1761673200000,3964.805,3966.475,3963.395,3963.835
1761673500000,3963.895,3965.145,3956.375,3957.235
1761673800000,3957.075,3960.305,3954.985,3959.815
1761674100000,3959.805,3965.075,3959.025,3962.175
1761674400000,3962.185,3964.005,3957.198,3957.529
1761674700000,3957.525,3959.365,3955.015,3957.255
1761675000000,3957.305,3960.335,3957.305,3959.385
1761675300000,3959.365,3959.915,3957.628,3958.735
1761675600000,3958.715,3960.455,3956.298,3956.898
1761675900000,3956.898,3956.898,3952.385,3954.395
1761676200000,3954.425,3955.045,3944.935,3948.185
1761676500000,3947.875,3950.005,3945.865,3948.345
1761676800000,3948.385,3952.475,3947.825,3951.775
1761677100000,3951.805,3952.585,3949.285,3951.495
1761677400000,3951.515,3956.625,3951.245,3956.605
1761677700000,3956.585,3957.305,3954.245,3956.298
1761678000000,3956.298,3957.425,3954.785,3956.998
1761678300000,3956.895,3958.455,3954.735,3956.715
1761678600000,3956.945,3957.015,3950.745,3953.355
1761678900000,3953.375,3958.555,3951.815,3954.755
1761679200000,3954.748,3957.385,3953.745,3955.448
1761679500000,3955.448,3957.848,3954.445,3955.505
1761679800000,3955.575,3956.865,3950.595,3955.695
1761680100000,3955.645,3957.475,3954.805,3955.795
1761680400000,3955.965,3956.645,3954.645,3956.225
1761680700000,3956.265,3957.195,3954.865,3956.765
1761681000000,3956.885,3962.555,3954.925,3962.485
1761681300000,3962.545,3962.545,3958.765,3960.275
1761681600000,3960.125,3960.785,3957.598,3957.925
1761681900000,3957.915,3958.375,3951.415,3954.245
1761682200000,3954.298,3954.385,3952.225,3954.125
1761682500000,3954.095,3957.365,3953.365,3954.265
1761682800000,3954.335,3955.285,3951.495,3951.675
1761683100000,3951.565,3952.285,3949.365,3950.975
1761683400000,3950.975,3953.995,3950.975,3953.865
1761683700000,3953.845,3956.165,3952.895,3953.425
1761684000000,3953.435,3955.845,3952.915,3954.945
1761684300000,3954.965,3954.965,3950.535,3954.045
1761684600000,3954.015,3955.145,3949.945,3950.055
1761684900000,3950.075,3952.795,3950.075,3951.945
1761685200000,3951.945,3951.945,3951.945,3951.945
1761685500000,3951.945,3951.945,3951.945,3951.945
1761685800000,3951.945,3951.945,3951.945,3951.945
1761686100000,3951.945,3951.945,3951.945,3951.945
1761686400000,3951.945,3951.945,3951.945,3951.945
1761686700000,3951.945,3951.945,3951.945,3951.945
1761687000000,3951.945,3951.945,3951.945,3951.945
1761687300000,3951.945,3951.945,3951.945,3951.945
1761687600000,3951.945,3951.945,3951.945,3951.945
1761687900000,3951.945,3951.945,3951.945,3951.945
1761688200000,3951.945,3951.945,3951.945,3951.945
1761688500000,3951.945,3951.945,3951.945,3951.945
1761688800000,3952.598,3960.475,3952.598,3955.475
1761689100000,3953.128,3955.465,3914.548,3933.448
1761689400000,3933.448,3945.698,3933.448,3936.205
1761689700000,3936.195,3941.525,3935.648,3938.595
1761690000000,3937.715,3940.715,3926.708,3939.455
1761690300000,3939.435,3949.805,3935.275,3945.845
1761690600000,3945.865,3946.215,3941.055,3941.175
1761690900000,3941.405,3943.825,3938.805,3942.985
1761691200000,3942.975,3947.265,3941.775,3943.085
1761691500000,3943.045,3943.045,3934.105,3939.005
1761691800000,3938.995,3940.815,3933.975,3935.055
1761692100000,3935.065,3938.065,3933.248,3933.348
1761692400000,3933.135,3942.048,3933.135,3941.848
1761692700000,3942.048,3944.348,3940.248,3944.348
1761693000000,3944.448,3948.805,3944.248,3947.125
1761693300000,3947.095,3953.095,3946.695,3953.015
1761693600000,3953.025,3953.815,3950.155,3952.415
1761693900000,3952.475,3953.605,3950.348,3950.625
1761694200000,3950.685,3952.005,3949.445,3949.445
1761694500000,3949.185,3950.995,3947.065,3949.295
1761694800000,3949.295,3959.505,3947.845,3959.505
1761695100000,3959.395,3960.835,3954.815,3957.325
1761695400000,3957.505,3961.855,3957.125,3960.045
1761695700000,3960.015,3967.515,3959.745,3964.535
1761696000000,3964.535,3968.695,3960.905,3968.535
1761696300000,3968.505,3968.615,3961.795,3961.795
1761696600000,3961.845,3966.495,3958.835,3961.665
1761696900000,3961.675,3966.665,3959.355,3966.665
1761697200000,3966.655,3970.145,3964.345,3969.215
1761697500000,3969.215,3971.905,3964.335,3970.675
1761697800000,3970.639,3971.955,3966.605,3971.235
1761698100000,3971.215,3975.055,3970.765,3974.815
1761698400000,3974.775,3982.075,3974.775,3981.345
1761698700000,3981.315,3981.945,3976.748,3978.148
1761699000000,3978.248,3978.448,3972.048,3975.045
1761699300000,3975.035,3977.075,3973.355,3975.015
1761699600000,3975.045,3977.985,3973.595,3973.835
1761699900000,3973.865,3978.605,3968.395,3977.615
1761700200000,3977.635,3979.545,3975.605,3976.745
1761700500000,3976.785,3977.915,3972.735,3975.925
1761700800000,3975.905,3978.925,3974.975,3977.065
1761701100000,3977.045,3977.515,3972.235,3972.995
1761701400000,3972.975,3974.335,3968.805,3970.245
1761701700000,3970.275,3973.805,3969.185,3969.295
1761702000000,3969.295,3969.955,3965.815,3967.305
1761702300000,3967.325,3976.855,3966.795,3972.045
1761702600000,3971.695,3975.695,3971.345,3975.335
1761702900000,3975.365,3976.435,3971.225,3973.365
1761703200000,3973.315,3974.015,3968.675,3969.435
1761703500000,3969.535,3973.005,3969.035,3971.305
1761703800000,3971.335,3971.745,3965.005,3966.365
1761704100000,3966.355,3969.845,3964.725,3968.255
1761704400000,3968.235,3968.295,3961.975,3965.365
1761704700000,3965.345,3965.595,3962.905,3963.205
1761705000000,3963.225,3964.575,3951.585,3955.385
1761705300000,3955.415,3955.645,3943.605,3952.635
1761705600000,3952.655,3955.725,3948.195,3953.925
1761705900000,3953.985,3959.005,3951.095,3958.945
1761706200000,3958.975,3960.025,3955.635,3956.795
1761706500000,3956.825,3961.105,3956.348,3960.825
1761706800000,3960.845,3963.165,3959.905,3961.695
1761707100000,3961.735,3963.835,3959.705,3960.195
1761707400000,3960.175,3961.865,3958.465,3958.935
1761707700000,3958.895,3964.775,3958.255,3962.835
1761708000000,3962.865,3969.495,3960.625,3968.835
1761708300000,3968.865,3970.095,3963.815,3964.315
1761708600000,3964.148,3968.045,3962.635,3967.145
1761708900000,3967.105,3971.585,3967.065,3970.818
1761709200000,3970.625,3971.745,3968.748,3969.365
1761709500000,3969.365,3970.255,3967.948,3969.398
1761709800000,3969.398,3970.098,3965.235,3966.485
1761710100000,3966.295,3967.648,3962.125,3962.958
1761710400000,3963.005,3963.655,3961.725,3962.295
1761710700000,3962.315,3962.755,3959.195,3962.545
1761711000000,3962.585,3964.675,3955.398,3955.515
1761711300000,3955.548,3961.525,3953.165,3958.605
1761711600000,3958.625,3959.715,3957.005,3957.025
1761711900000,3956.995,3957.225,3950.668,3952.995
1761712200000,3953.035,3956.645,3951.965,3956.645
1761712500000,3956.605,3959.055,3955.485,3956.345
1761712800000,3956.375,3959.775,3956.175,3958.715
1761713100000,3958.825,3959.055,3953.065,3955.245
1761713400000,3955.195,3957.545,3954.455,3954.525
1761713700000,3954.505,3954.555,3951.415,3951.755
1761714000000,3951.775,3962.755,3950.925,3962.625
1761714300000,3962.585,3963.075,3955.855,3955.855
1761714600000,3955.885,3956.715,3950.825,3955.575
1761714900000,3955.755,3960.465,3953.145,3960.015
1761715200000,3960.045,3960.405,3957.895,3959.685
1761715500000,3959.755,3959.895,3956.965,3957.615
1761715800000,3957.615,3965.735,3953.815,3965.485
1761716100000,3965.495,3966.065,3962.585,3963.675
1761716400000,3963.465,3964.885,3962.105,3964.705
1761716700000,3964.715,3965.395,3960.505,3961.035
1761717000000,3960.995,3964.545,3959.785,3960.685
1761717300000,3960.665,3963.795,3957.455,3962.305
1761717600000,3962.275,3965.725,3959.635,3965.275
1761717900000,3965.325,3970.405,3965.295,3968.378
1761718200000,3968.355,3969.665,3966.188,3968.338
1761718500000,3968.338,3969.085,3965.935,3966.075
1761718800000,3965.965,3971.195,3965.925,3970.945
1761719100000,3970.995,3973.925,3969.265,3970.405
1761719400000,3970.425,3977.695,3969.948,3976.225
1761719700000,3976.435,3978.085,3976.075,3976.965
1761720000000,3976.995,3981.435,3975.235,3980.745
1761720300000,3980.925,3984.595,3979.905,3981.625
1761720600000,3981.645,3982.515,3976.575,3979.705
1761720900000,3979.565,3979.615,3974.535,3978.045
1761721200000,3978.035,3984.025,3974.565,3983.785
1761721500000,3983.755,3984.895,3981.075,3984.895
1761721800000,3985.185,3996.785,3985.115,3994.735
1761722100000,3994.765,3997.565,3993.365,3996.535
1761722400000,3996.525,3997.545,3992.935,3995.845
1761722700000,3995.855,3998.375,3994.885,3996.175
1761723000000,3996.375,3996.975,3991.465,3993.185
1761723300000,3993.255,3994.415,3989.575,3991.005
1761723600000,3990.975,3996.765,3989.845,3994.565
1761723900000,3994.585,3995.845,3991.055,3995.845
1761724200000,3995.925,3997.985,3994.295,3997.985
1761724500000,3997.945,4001.385,3996.928,4001.385
1761724800000,4001.385,4007.645,4000.278,4006.195
1761725100000,4006.135,4009.815,4005.245,4009.765
1761725400000,4009.715,4009.905,4005.395,4007.005
1761725700000,4006.985,4008.615,4003.315,4008.615
1761726000000,4008.595,4010.445,4005.605,4009.645
1761726300000,4009.625,4011.005,4008.515,4010.135
1761726600000,4010.125,4013.645,4009.355,4010.905
1761726900000,4010.885,4012.015,4006.955,4007.365
1761727200000,4007.335,4012.395,4007.335,4010.775
1761727500000,4010.705,4015.245,4010.145,4010.665
1761727800000,4010.715,4015.385,4009.875,4015.185
1761728100000,4015.195,4018.335,4015.015,4016.705
1761728400000,4016.695,4019.555,4015.648,4017.505
1761728700000,4017.565,4021.355,4015.695,4019.725
1761729000000,4019.685,4020.055,4014.885,4015.998
1761729300000,4015.965,4019.758,4013.165,4017.625
1761729600000,4017.605,4019.748,4017.115,4017.995
1761729900000,4017.925,4018.895,4015.658,4016.905
1761730200000,4016.925,4020.435,4015.485,4019.595
1761730500000,4019.625,4020.265,4016.048,4017.038
1761730800000,4017.038,4019.365,4016.048,4019.155
1761731100000,4019.235,4027.945,4018.975,4027.345
1761731400000,4027.475,4029.025,4026.365,4027.425
1761731700000,4027.395,4029.358,4021.965,4023.648
1761732000000,4023.675,4025.648,4020.325,4021.965
1761732300000,4021.985,4024.205,4016.878,4022.405
1761732600000,4022.435,4024.415,4019.805,4021.825
1761732900000,4021.835,4028.535,4021.095,4027.295
1761733200000,4027.345,4029.268,4026.595,4027.455
1761733500000,4027.425,4027.635,4024.295,4024.295
1761733800000,4024.175,4025.955,4022.275,4025.345
1761734100000,4025.345,4028.005,4020.935,4027.975
1761734400000,4027.975,4029.115,4023.565,4025.965
1761734700000,4025.965,4029.525,4025.705,4026.345
1761735000000,4026.315,4026.355,4023.455,4025.095
1761735300000,4025.135,4025.875,4022.505,4023.195
1761735600000,4023.215,4027.265,4022.735,4026.245
1761735900000,4026.238,4027.005,4025.025,4026.155
1761736200000,4026.185,4028.135,4021.815,4021.825
1761736500000,4021.795,4022.975,4018.485,4019.275
1761736800000,4019.345,4025.345,4019.105,4022.385
1761737100000,4022.365,4022.715,4017.849,4018.115
1761737400000,4018.155,4020.725,4014.325,4016.765
1761737700000,4016.795,4019.905,4014.305,4017.545
1761738000000,4017.575,4019.898,4016.135,4017.825
1761738300000,4017.805,4018.098,4013.135,4014.425
1761738600000,4014.435,4017.235,4013.835,4015.535
1761738900000,4015.515,4019.215,4013.975,4016.395
1761739200000,4016.365,4018.978,4013.315,4017.245
1761739500000,4017.235,4019.225,4015.665,4017.635
1761739800000,4017.675,4028.865,4016.965,4028.185
1761740100000,4028.095,4029.955,4022.785,4024.035
1761740400000,4023.955,4028.155,4022.935,4027.375
1761740700000,4027.345,4029.005,4024.658,4025.895
1761741000000,4025.945,4028.495,4024.765,4025.825
1761741300000,4025.785,4026.045,4021.828,4021.928
1761741600000,4021.818,4025.928,4021.485,4025.858
1761741900000,4025.848,4026.108,4023.055,4025.048
1761742200000,4025.255,4027.785,4022.905,4023.445
1761742500000,4023.445,4025.475,4023.205,4025.205
1761742800000,4025.235,4025.375,4014.455,4014.495
1761743100000,4014.515,4018.505,4014.145,4016.575
1761743400000,4016.655,4020.048,4009.775,4012.305
1761743700000,4012.325,4019.035,4012.305,4016.685
1761744000000,4016.685,4017.975,4014.895,4017.975
1761744300000,4018.005,4019.448,4016.435,4018.315
1761744600000,4018.765,4019.115,4008.778,4010.165
1761744900000,4010.175,4012.575,4004.035,4006.335
1761745200000,4006.405,4009.175,4002.085,4006.765
1761745500000,4006.515,4008.885,4002.388,4006.845
1761745800000,4006.865,4011.725,4003.625,4010.648
1761746100000,4010.648,4013.665,4009.025,4011.985
1761746400000,4011.985,4019.338,4011.325,4017.265
1761746700000,4017.225,4022.085,4016.595,4020.005
1761747000000,4020.035,4020.725,4014.518,4016.715
1761747300000,4016.745,4019.315,4015.445,4017.525
1761747600000,4017.505,4019.755,4014.055,4017.035
1761747900000,4017.185,4018.435,4015.925,4016.435
1761748200000,4016.465,4020.675,4015.895,4017.035
1761748500000,4017.005,4019.385,4011.475,4013.465
1761748800000,4013.595,4013.615,4008.805,4010.025
1761749100000,4009.975,4014.235,4007.465,4014.135
1761749400000,4014.105,4014.795,4010.015,4012.195
1761749700000,4012.165,4012.765,4007.135,4008.005
1761750000000,4008.015,4010.315,4004.235,4007.415
1761750300000,4007.445,4010.105,4005.755,4009.995
1761750600000,4010.365,4011.648,4006.745,4009.215
1761750900000,4009.185,4009.695,4004.725,4007.418
1761751200000,4007.418,4008.395,4004.648,4007.198
1761751500000,4007.198,4009.605,4001.165,4006.365
1761751800000,4006.345,4008.575,4004.715,4005.605
1761752100000,4005.475,4007.485,4002.985,4004.658
1761752400000,4004.658,4005.835,4002.585,4003.778
1761752700000,4003.778,4003.778,3995.758,3997.185
1761753000000,3997.175,3997.345,3989.165,3992.018
1761753300000,3992.025,3995.265,3989.475,3992.695
1761753600000,3992.725,3994.258,3991.378,3993.068
1761753900000,3993.005,3998.218,3991.115,3997.958
1761754200000,3997.998,3999.415,3996.605,3997.075
1761754500000,3997.055,4000.978,3995.755,4000.785
1761754800000,4000.765,4000.778,3997.975,3999.455
1761755100000,3999.455,4000.208,3996.795,3998.225
1761755400000,3998.175,3998.395,3996.095,3998.035
1761755700000,3998.055,3998.295,3992.815,3994.415
1761756000000,3994.435,3995.745,3993.755,3994.878
1761756300000,3994.878,3999.335,3994.645,3999.215
1761756600000,3999.205,3999.685,3993.125,3994.455
1761756900000,3994.395,3994.545,3991.865,3992.545
1761757200000,3992.398,3992.875,3991.025,3991.985
1761757500000,3992.025,3994.425,3989.105,3994.025
1761757800000,3993.995,3997.525,3993.515,3997.525
1761758100000,3997.465,3997.545,3993.345,3993.455
1761758400000,3993.435,3995.005,3989.415,3992.195
1761758700000,3992.155,3993.095,3985.495,3986.715
1761759000000,3986.615,3993.255,3985.945,3993.235
1761759300000,3993.205,3994.555,3991.255,3993.925
1761759600000,3993.985,3995.055,3991.055,3991.705
1761759900000,3991.565,3994.995,3991.165,3994.548
1761760200000,3994.515,3995.565,3992.865,3994.945
1761760500000,3995.065,3995.605,3993.435,3993.958
1761760800000,3993.965,4007.025,3978.085,3993.065
1761761100000,3993.338,3997.405,3986.298,3993.015
1761761400000,3992.905,3993.205,3982.225,3983.025
1761761700000,3983.055,3989.165,3983.015,3987.365
1761762000000,3987.355,3989.265,3980.005,3981.125
1761762300000,3980.925,3983.405,3977.025,3980.785
1761762600000,3980.805,3989.285,3978,3985.158
1761762900000,3985.205,3986.185,3950.625,3951.465
1761763200000,3951.345,3956.945,3941.988,3953.898
1761763500000,3954.098,3962.498,3947.348,3950.165
1761763800000,3950.175,3960.135,3949.505,3955.998
1761764100000,3955.998,3972.265,3955.815,3969.035
1761764400000,3968.805,3979.675,3953.195,3955.255
1761764700000,3955.255,3968.565,3955.255,3963.475
1761765000000,3963.615,3971.255,3961.605,3970.355
1761765300000,3970.465,3971.995,3964.215,3965.155
1761765600000,3965.215,3974.445,3957.005,3959.825
1761765900000,3959.795,3967.035,3951.085,3953.105
1761766200000,3953.275,3954.175,3937.835,3946.359
1761766500000,3946.465,3946.505,3938.845,3939.575
1761766800000,3939.615,3941.565,3927.585,3928.878
1761767100000,3928.908,3944.495,3928.908,3941.695
1761767400000,3941.605,3949.225,3941.605,3945.085
1761767700000,3945.155,3947.715,3943.095,3945.475
1761768000000,3945.435,3949.085,3935.815,3941.945
1761768300000,3942.035,3942.485,3932.085,3938.055
1761768600000,3938.035,3943.435,3935.115,3940.765
1761768900000,3940.785,3941.845,3936.855,3938.525
1761769200000,3938.505,3951.765,3936.835,3951.495
1761769500000,3951.775,3953.735,3943.225,3948.325
1761769800000,3948.375,3950.025,3944.405,3946.205
1761770100000,3946.135,3947.075,3943.315,3944.285
1761770400000,3944.455,3945.565,3935.005,3936.095
1761770700000,3936.105,3940.985,3931.925,3933.295
1761771000000,3933.215,3933.295,3927.615,3929.215
1761771300000,3929.685,3930.975,3927.935,3928.435
1761771600000,3928.435,3928.435,3928.435,3928.435
1761771900000,3928.435,3928.435,3928.435,3928.435
1761772200000,3928.435,3928.435,3928.435,3928.435
1761772500000,3928.435,3928.435,3928.435,3928.435
1761772800000,3928.435,3928.435,3928.435,3928.435
1761773100000,3928.435,3928.435,3928.435,3928.435
1761773400000,3928.435,3928.435,3928.435,3928.435
1761773700000,3928.435,3928.435,3928.435,3928.435
1761774000000,3928.435,3928.435,3928.435,3928.435
1761774300000,3928.435,3928.435,3928.435,3928.435
1761774600000,3928.435,3928.435,3928.435,3928.435
1761774900000,3928.435,3928.435,3928.435,3928.435
1761775200000,3921.725,3930.115,3918.755,3921.448
1761775500000,3921.548,3934.625,3916.348,3929.705
1761775800000,3929.635,3939.498,3929.598,3937.448
1761776100000,3937.305,3944.448,3929.365,3930.325
1761776400000,3930.335,3932.435,3924.435,3932.405
1761776700000,3932.445,3940.515,3931.675,3936.975
1761777000000,3936.975,3937.215,3930.765,3934.815
1761777300000,3934.815,3940.075,3934.115,3939.115
1761777600000,3939.095,3942.055,3937.565,3941.095
1761777900000,3941.105,3948.125,3940.185,3945.955
1761778200000,3946.005,3946.628,3942.585,3943.925
1761778500000,3943.955,3945.875,3940.115,3940.688
1761778800000,3940.698,3942.608,3938.948,3941.838
1761779100000,3941.658,3947.648,3941.078,3941.415
1761779400000,3941.415,3946.995,3941.395,3945.765
1761779700000,3945.795,3948.195,3943.635,3946.075
1761780000000,3946.035,3949.885,3945.855,3949.395
1761780300000,3949.515,3950.985,3948.395,3950.065
1761780600000,3950.065,3950.475,3947.895,3949.935
1761780900000,3949.815,3949.815,3946.955,3949.135
1761781200000,3949.135,3949.145,3943.775,3944.755
1761781500000,3944.775,3951.775,3940.805,3951.765
1761781800000,3951.705,3951.735,3946.565,3946.565
1761782100000,3946.545,3953.685,3946.315,3952.465
1761782400000,3952.495,3962.965,3951.705,3958.548
1761782700000,3958.435,3959.998,3956.215,3959.365
1761783000000,3959.385,3959.385,3954.655,3956.445
1761783300000,3956.295,3961.285,3954.795,3961.015
1761783600000,3961.195,3964.145,3957.635,3958.635
1761783900000,3958.625,3960.735,3955.285,3959.355
1761784200000,3959.365,3959.505,3955.455,3956.745
1761784500000,3956.655,3957.275,3947.645,3949.675
1761784800000,3949.515,3950.865,3940.968,3941.718
1761785100000,3941.585,3950.735,3937.305,3944.275
1761785400000,3944.265,3948.135,3941.435,3946.745
1761785700000,3946.765,3953.025,3946.765,3949.915
1761786000000,3949.835,3962.005,3949.835,3959.865
1761786300000,3959.885,3966.215,3954.615,3955.048
1761786600000,3955.055,3955.098,3945.115,3950.115
1761786900000,3950.145,3951.575,3946.835,3950.325
1761787200000,3950.315,3957.025,3949.945,3952.325
1761787500000,3952.735,3952.895,3944.845,3950.105
1761787800000,3950.085,3956.955,3948.215,3956.615
1761788100000,3956.685,3959.665,3949.165,3949.255
1761788400000,3949.205,3957.715,3947.405,3957.435
1761788700000,3957.435,3958.245,3950.325,3951.265
1761789000000,3951.265,3953.455,3948.715,3948.785
1761789300000,3948.745,3950.855,3945.535,3947.575
1761789600000,3947.605,3947.935,3936.795,3937.115
1761789900000,3936.945,3942.555,3931.235,3931.858
1761790200000,3931.665,3938.008,3925.955,3936.265
1761790500000,3936.285,3937.535,3933.165,3936.325
1761790800000,3936.375,3938.155,3933.469,3933.695
1761791100000,3933.785,3936.208,3932.305,3933.645
1761791400000,3933.685,3939.725,3930.495,3937.705
1761791700000,3937.708,3941.615,3935.435,3937.705
1761792000000,3937.665,3940.455,3935.305,3936.675
1761792300000,3936.685,3938.295,3927.915,3929.285
1761792600000,3929.225,3932.245,3925.595,3928.625
1761792900000,3928.575,3929.255,3921.575,3921.695
1761793200000,3921.785,3922.185,3915.065,3920.015
1761793500000,3919.815,3927.955,3919.715,3924.205
1761793800000,3924.105,3929.225,3923.445,3928.565
1761794100000,3928.615,3930.355,3925.635,3930.355
1761794400000,3930.275,3931.575,3928.725,3930.245
1761794700000,3930.255,3934.545,3928.995,3932.638
1761795000000,3932.655,3936.735,3932.195,3934.785
1761795300000,3934.955,3937.325,3934.925,3936.165
1761795600000,3936.185,3936.515,3931.305,3932.345
1761795900000,3932.305,3933.555,3930.075,3930.245
1761796200000,3930.125,3936.005,3929.735,3934.025
1761796500000,3933.995,3937.935,3931.815,3937.805
1761796800000,3937.835,3941.835,3936.325,3936.605
1761797100000,3936.565,3943.385,3934.505,3941.165
1761797400000,3941.145,3943.535,3939.565,3943.095
1761797700000,3942.645,3949.505,3941.285,3948.675
1761798000000,3948.705,3953.285,3947.105,3952.155
1761798300000,3952.135,3959.165,3951.715,3959.155
1761798600000,3959.215,3970.105,3958.315,3968.968
1761798900000,3968.725,3982.295,3965.848,3972.645
1761799200000,3972.615,3980.135,3972.255,3978.605
1761799500000,3978.645,3981.575,3974.045,3977.925
1761799800000,3977.915,3981.565,3973.615,3974.175
1761800100000,3974.155,3976.045,3971.245,3972.115
1761800400000,3972.135,3977.888,3970.508,3971.095
1761800700000,3971.345,3973.685,3968.748,3972.245
1761801000000,3972.275,3972.705,3961.225,3962.615
1761801300000,3962.645,3964.265,3957.125,3958.105
1761801600000,3958.205,3964.605,3957.828,3957.985
1761801900000,3958.005,3958.005,3948.495,3950.155
1761802200000,3950.165,3954.675,3946.958,3954.675
1761802500000,3954.635,3958.835,3954.335,3957.385
1761802800000,3957.405,3963.275,3957.365,3962.345
1761803100000,3962.315,3970.685,3961.035,3968.338
1761803400000,3968.355,3973.525,3964.568,3965.045
1761803700000,3965.045,3965.225,3960.615,3963.515
1761804000000,3963.435,3970.685,3961.045,3966.755
1761804300000,3966.718,3969.855,3962.655,3964.495
1761804600000,3964.475,3965.725,3956.065,3962.015
1761804900000,3962.015,3966.445,3958.615,3966.055
1761805200000,3966.055,3970.385,3958.285,3963.075
1761805500000,3963.065,3966.815,3959.725,3964.505
1761805800000,3964.495,3967.955,3960.515,3961.605
1761806100000,3961.595,3964.155,3956.415,3960.765
1761806400000,3960.735,3965.525,3959.655,3965.345
1761806700000,3965.335,3968.085,3961.555,3967.105
1761807000000,3967.095,3967.675,3963.525,3966.065
1761807300000,3966.055,3976.925,3965.605,3976.595
1761807600000,3976.605,3977.025,3970.785,3974.135
1761807900000,3974.405,3974.565,3969.008,3970.275
1761808200000,3970.175,3975.545,3969.865,3970.065
1761808500000,3970.065,3972.325,3967.285,3968.675
1761808800000,3968.675,3972.205,3968.238,3968.468
1761809100000,3968.568,3968.588,3960.065,3968.025
1761809400000,3968.305,3969.365,3960.638,3961.325
1761809700000,3961.305,3965.275,3958.255,3963.285
1761810000000,3963.125,3965.985,3960.585,3961.825
1761810300000,3961.835,3961.835,3958.745,3959.575
1761810600000,3959.555,3960.515,3957.615,3958.555
1761810900000,3958.575,3961.035,3955.645,3961.005
1761811200000,3960.995,3966.855,3959.895,3963.989
1761811500000,3963.949,3965.948,3960.615,3964.585
1761811800000,3964.765,3969.255,3963.895,3965.575
1761812100000,3965.525,3971.848,3964.158,3969.035
1761812400000,3969.035,3969.798,3965.945,3967.315
1761812700000,3967.305,3974.255,3967.045,3972.735
1761813000000,3972.695,3973.835,3968.825,3970.865
1761813300000,3970.818,3971.478,3968.115,3971.478
1761813600000,3971.488,3974.715,3969.965,3973.665
1761813900000,3973.675,3974.185,3971.388,3971.388
1761814200000,3971.388,3974.695,3971.388,3972.975
1761814500000,3973.215,3976.545,3972.105,3976.235
1761814800000,3976.215,3989.745,3975.798,3988.955
1761815100000,3988.945,3997.715,3988.705,3994.715
1761815400000,3994.645,4006.485,3994.605,4004.865
1761815700000,4004.865,4011.498,4002.145,4004.175
1761816000000,4004.195,4007.995,3999.818,4000.558
1761816300000,4000.558,4004.538,3999.625,4004.178
1761816600000,4004.135,4005.305,4000.915,4001.778
1761816900000,4001.768,4007.085,4001.358,4005.375
1761817200000,4005.495,4005.578,3999.878,4005.335
1761817500000,4005.355,4006.035,3994.995,3995.215
1761817800000,3995.235,4000.435,3992.205,3997.315
1761818100000,3997.305,4000.475,3996.125,3998.335
1761818400000,3998.275,4000.598,3995.825,3997.655
1761818700000,3997.725,3999.655,3996.845,3996.975
1761819000000,3996.935,3999.045,3996.365,3997.965
1761819300000,3997.995,3998.925,3993.335,3993.375
1761819600000,3993.345,3993.395,3982.255,3985.735
1761819900000,3985.755,3990.415,3985.465,3986.785
1761820200000,3986.765,3987.895,3978.958,3979.215
1761820500000,3979.555,3981.275,3973.345,3981.205
1761820800000,3981.185,3983.585,3979.245,3982.075
1761821100000,3982.035,3984.105,3979.365,3981.835
1761821400000,3981.755,3986.645,3980.875,3985.665
1761821700000,3985.645,3986.585,3981.835,3983.915
1761822000000,3983.905,3984.795,3980.965,3982.255
1761822300000,3981.745,3982.955,3978.125,3978.455
1761822600000,3978.565,3981.555,3976.375,3976.875
1761822900000,3976.845,3977.365,3970.855,3971.265
1761823200000,3971.465,3972.345,3963.625,3970.638
1761823500000,3970.648,3970.648,3964.685,3965.865
1761823800000,3965.675,3972.235,3964.925,3972.225
1761824100000,3972.275,3976.235,3971.085,3973.015
1761824400000,3972.945,3973.575,3969.745,3973.165
1761824700000,3973.125,3975.815,3970.785,3973.215
1761825000000,3973.005,3974.015,3970.995,3972.945
1761825300000,3972.955,3976.435,3972.535,3974.225
1761825600000,3974.245,3981.815,3973.275,3977.925
1761825900000,3978.425,3981.495,3977.805,3979.355
1761826200000,3979.448,3982.695,3973.495,3982.048
1761826500000,3982.148,3985.315,3979.445,3979.835
1761826800000,3980.355,3984.105,3977.338,3977.665
1761827100000,3977.755,3980.498,3970.395,3970.575
1761827400000,3970.569,3974.465,3966.155,3971.448
1761827700000,3971.448,3979.005,3971.425,3976.415
1761828000000,3976.465,3979.955,3975.785,3976.545
1761828300000,3976.525,3978.635,3967.025,3967.025
1761828600000,3967.115,3973.945,3966.755,3972.055
1761828900000,3972.055,3973.085,3960.745,3960.965
1761829200000,3960.855,3975.415,3959.955,3974.355
1761829500000,3974.405,3976.695,3970.558,3972.015
1761829800000,3971.985,3977.298,3971.465,3975.265
1761830100000,3975.598,3975.998,3971.055,3973.495
1761830400000,3973.445,3975.795,3970.425,3975.005
1761830700000,3974.865,3975.748,3969.018,3969.255
1761831000000,3969.345,3978.665,3966.355,3969.198
1761831300000,3969.198,3974.665,3964.775,3968.655
1761831600000,3968.635,3975.085,3962.895,3974.955
1761831900000,3974.955,3981.009,3973.695,3975.265
1761832200000,3975.325,3989.255,3974.675,3987.478
1761832500000,3987.505,3995.048,3987.115,3995.048
1761832800000,3995.048,4000.335,3991.558,3997.535
1761833100000,3997.715,4013.668,3996.925,4009.798
1761833400000,4009.598,4014.635,4005.168,4010.815
1761833700000,4010.815,4013.055,4004.425,4006.945
1761834000000,4006.945,4009.638,3996.298,4003.048
1761834300000,4003.048,4003.305,3995.365,3997.935
1761834600000,3998.025,4000.805,3991.905,3995.638
1761834900000,3995.658,3996.368,3987.858,3990.995
1761835200000,3991.188,3994.035,3986.515,3993.105
1761835500000,3993.085,4002.055,3989.015,3998.915
1761835800000,3998.945,4000.128,3994.865,3996.305
1761836100000,3996.285,3998.245,3990.345,3996.245
1761836400000,3996.225,3999.785,3990.125,3995.455
1761836700000,3995.475,3996.805,3987.848,3995.955
1761837000000,3995.935,4003.415,3995.665,4000.095
1761837300000,4000.135,4002.705,3997.745,4000.805
1761837600000,4000.825,4001.225,3996.245,3996.385
1761837900000,3996.395,4000.175,3994.335,3998.705
1761838200000,3998.665,4002.385,3997.625,4001.645
1761838500000,4001.615,4003.695,3998.725,4001.125
1761838800000,4001.145,4005.155,3998.735,4004.595
1761839100000,4004.625,4008.505,4002.485,4005.798
1761839400000,4005.745,4006.375,4002.825,4004.585
1761839700000,4004.695,4007.265,4000.555,4001.585
1761840000000,4001.565,4003.865,3995.289,3997.245
1761840300000,3997.275,4001.155,3996.165,3998.055
1761840600000,3998.025,3999.455,3994.015,3994.915
1761840900000,3994.945,3998.435,3991.705,3995.549
1761841200000,3995.535,3996.495,3991.875,3993.795
1761841500000,3993.819,3996.655,3990.905,3995.325
1761841800000,3995.295,4000.615,3994.695,3997.225
1761842100000,3997.165,3999.055,3995.935,3998.525
1761842400000,3998.555,4002.585,3998.545,4002.585
1761842700000,4002.555,4002.925,3996.835,3997.308
1761843000000,3997.308,4000.975,3996.925,4000.155
1761843300000,4000.115,4001.875,3999.215,4001.275
1761843600000,4001.275,4003.845,4000.325,4002.175
1761843900000,4002.038,4002.075,3998.549,4000.035
1761844200000,3999.705,4000.025,3995.315,3995.335
1761844500000,3995.305,4000.885,3994.265,3999.535
1761844800000,3999.515,4001.815,3998.775,4001.065
1761845100000,4001.045,4003.415,4000.555,4002.295
1761845400000,4002.265,4007.025,4001.845,4004.705
1761845700000,4004.725,4005.935,4002.295,4005.385
1761846000000,4005.335,4010.698,4005.335,4010.098
1761846300000,4010.098,4017.775,4010.098,4012.155
1761846600000,4011.815,4012.545,4008.828,4010.625
1761846900000,4010.575,4010.685,4003.068,4004.325
1761847200000,4004.345,4004.665,4000.755,4000.915
1761847500000,4000.885,4006.498,3999.885,4005.295
1761847800000,4005.375,4007.298,4003.699,4005.198
1761848100000,4005.198,4007.279,4003.198,4006.989
1761848400000,4006.989,4008.898,4006.498,4008.109
1761848700000,4008.199,4012.885,4007.885,4012.865
1761849000000,4012.835,4016.095,4012.438,4015.275
1761849300000,4015.248,4017.345,4009.375,4011.235
1761849600000,4011.215,4013.585,4006.998,4010.705
1761849900000,4010.765,4012.759,4009.448,4012.545
1761850200000,4012.545,4015.789,4010.905,4015.048
1761850500000,4015.148,4017.498,4014.805,4015.898
1761850800000,4015.898,4021.498,4015.098,4020.798
1761851100000,4020.798,4025.145,4020.305,4024.775
1761851400000,4024.805,4025.548,4023.525,4024.725
1761851700000,4024.725,4025.705,4022.839,4024.395
1761852000000,4024.405,4025.205,4018.189,4021.469
1761852300000,4021.479,4021.898,4019.235,4019.698
1761852600000,4019.698,4025.548,4019.698,4023.598
1761852900000,4023.719,4024.048,4021.148,4024.048
1761853200000,4024.048,4025.159,4021.479,4024.348
1761853500000,4024.448,4025.298,4021.515,4022.059
1761853800000,4022.069,4025.448,4022.069,4023.589
1761854100000,4023.548,4025.498,4019.798,4023.205
1761854400000,4023.155,4026.818,4022.785,4025.848
1761854700000,4026.418,4026.948,4021.865,4022.755
1761855000000,4022.748,4025.525,4021.645,4023.285
1761855300000,4023.285,4023.725,4020.845,4020.925
1761855600000,4020.965,4022.075,4018.225,4018.615
1761855900000,4018.595,4020.265,4017.695,4018.915
1761856200000,4019.345,4019.655,4016.098,4017.015
1761856500000,4016.575,4019.135,4016.195,4019.015
1761856800000,4019.055,4020.055,4018.415,4019.935
1761857100000,4019.965,4025.215,4019.695,4025.185
1761857400000,4025.145,4026.885,4024.515,4024.515
1761857700000,4024.355,4026.578,4023.775,4024.305
1761858000000,4024.305,4024.305,4024.305,4024.305
1761858300000,4024.305,4024.305,4024.305,4024.305
1761858600000,4024.305,4024.305,4024.305,4024.305
1761858900000,4024.305,4024.305,4024.305,4024.305
1761859200000,4024.305,4024.305,4024.305,4024.305
1761859500000,4024.305,4024.305,4024.305,4024.305
1761859800000,4024.305,4024.305,4024.305,4024.305
1761860100000,4024.305,4024.305,4024.305,4024.305
1761860400000,4024.305,4024.305,4024.305,4024.305
1761860700000,4024.305,4024.305,4024.305,4024.305
1761861000000,4024.305,4024.305,4024.305,4024.305
1761861300000,4024.305,4024.305,4024.305,4024.305
1761861600000,4023.075,4023.595,4020.665,4020.665
1761861900000,4019.448,4021.185,4015.955,4020.645
1761862200000,4020.975,4022.615,4018.835,4021.875
1761862500000,4021.895,4021.895,4017.305,4018.655
1761862800000,4018.645,4019.725,4016.405,4017.625
1761863100000,4017.615,4021.995,4017.315,4020.455
1761863400000,4020.645,4027.055,4020.615,4025.385
1761863700000,4025.385,4026.815,4022.685,4022.765
1761864000000,4022.675,4024.488,4021.175,4023.898
1761864300000,4024.095,4028.215,4022.945,4028.215
1761864600000,4028.365,4039.365,4027.155,4038.605
1761864900000,4038.525,4045.925,4035.998,4037.348
1761865200000,4037.448,4038.148,4029.748,4031.768
1761865500000,4031.778,4035.098,4029.598,4032.808
1761865800000,4032.828,4032.828,4018.415,4027.025
1761866100000,4027.065,4028.635,4022.955,4025.575
1761866400000,4025.625,4030.395,4025.035,4030.345
1761866700000,4030.435,4031.845,4027.835,4027.925
1761867000000,4028.045,4034.735,4026.248,4033.448
1761867300000,4033.458,4034.938,4031.118,4033.075
1761867600000,4032.498,4033.915,4031.435,4031.785
1761867900000,4031.815,4040.545,4031.805,4040.165
1761868200000,4040.115,4041.448,4036.748,4039.998
1761868500000,4039.985,4042.835,4036.225,4036.345
