timestamp,open,high,low,close
1704067200000,2064.235,2064.235,2064.235,2064.235
1704067500000,2064.235,2064.235,2064.235,2064.235
1704067800000,2064.235,2064.235,2064.235,2064.235
1704068100000,2064.235,2064.235,2064.235,2064.235
1704068400000,2064.235,2064.235,2064.235,2064.235
1704068700000,2064.235,2064.235,2064.235,2064.235
1704069000000,2064.235,2064.235,2064.235,2064.235
1704069300000,2064.235,2064.235,2064.235,2064.235
1704069600000,2064.235,2064.235,2064.235,2064.235
1704069900000,2064.235,2064.235,2064.235,2064.235
1704070200000,2064.235,2064.235,2064.235,2064.235
1704070500000,2064.235,2064.235,2064.235,2064.235
1704070800000,2064.235,2064.235,2064.235,2064.235
1704071100000,2064.235,2064.235,2064.235,2064.235
1704071400000,2064.235,2064.235,2064.235,2064.235
1704071700000,2064.235,2064.235,2064.235,2064.235
1704072000000,2064.235,2064.235,2064.235,2064.235
1704072300000,2064.235,2064.235,2064.235,2064.235
1704072600000,2064.235,2064.235,2064.235,2064.235
1704072900000,2064.235,2064.235,2064.235,2064.235
1704073200000,2064.235,2064.235,2064.235,2064.235
1704073500000,2064.235,2064.235,2064.235,2064.235
1704073800000,2064.235,2064.235,2064.235,2064.235
1704074100000,2064.235,2064.235,2064.235,2064.235
1704074400000,2064.235,2064.235,2064.235,2064.235
1704074700000,2064.235,2064.235,2064.235,2064.235
1704075000000,2064.235,2064.235,2064.235,2064.235
1704075300000,2064.235,2064.235,2064.235,2064.235
1704075600000,2064.235,2064.235,2064.235,2064.235
1704075900000,2064.235,2064.235,2064.235,2064.235
1704076200000,2064.235,2064.235,2064.235,2064.235
1704076500000,2064.235,2064.235,2064.235,2064.235
1704076800000,2064.235,2064.235,2064.235,2064.235
1704077100000,2064.235,2064.235,2064.235,2064.235
1704077400000,2064.235,2064.235,2064.235,2064.235
1704077700000,2064.235,2064.235,2064.235,2064.235
1704078000000,2064.235,2064.235,2064.235,2064.235
1704078300000,2064.235,2064.235,2064.235,2064.235
1704078600000,2064.235,2064.235,2064.235,2064.235
1704078900000,2064.235,2064.235,2064.235,2064.235
1704079200000,2064.235,2064.235,2064.235,2064.235
1704079500000,2064.235,2064.235,2064.235,2064.235
1704079800000,2064.235,2064.235,2064.235,2064.235
1704080100000,2064.235,2064.235,2064.235,2064.235
1704080400000,2064.235,2064.235,2064.235,2064.235
1704080700000,2064.235,2064.235,2064.235,2064.235
1704081000000,2064.235,2064.235,2064.235,2064.235
1704081300000,2064.235,2064.235,2064.235,2064.235
1704081600000,2064.235,2064.235,2064.235,2064.235
1704081900000,2064.235,2064.235,2064.235,2064.235
1704082200000,2064.235,2064.235,2064.235,2064.235
1704082500000,2064.235,2064.235,2064.235,2064.235
1704082800000,2064.235,2064.235,2064.235,2064.235
1704083100000,2064.235,2064.235,2064.235,2064.235
1704083400000,2064.235,2064.235,2064.235,2064.235
1704083700000,2064.235,2064.235,2064.235,2064.235
1704084000000,2064.235,2064.235,2064.235,2064.235
1704084300000,2064.235,2064.235,2064.235,2064.235
1704084600000,2064.235,2064.235,2064.235,2064.235
1704084900000,2064.235,2064.235,2064.235,2064.235
1704085200000,2064.235,2064.235,2064.235,2064.235
1704085500000,2064.235,2064.235,2064.235,2064.235
1704085800000,2064.235,2064.235,2064.235,2064.235
1704086100000,2064.235,2064.235,2064.235,2064.235
1704086400000,2064.235,2064.235,2064.235,2064.235
1704086700000,2064.235,2064.235,2064.235,2064.235
1704087000000,2064.235,2064.235,2064.235,2064.235
1704087300000,2064.235,2064.235,2064.235,2064.235
1704087600000,2064.235,2064.235,2064.235,2064.235
1704087900000,2064.235,2064.235,2064.235,2064.235
1704088200000,2064.235,2064.235,2064.235,2064.235
1704088500000,2064.235,2064.235,2064.235,2064.235
1704088800000,2064.235,2064.235,2064.235,2064.235
1704089100000,2064.235,2064.235,2064.235,2064.235
1704089400000,2064.235,2064.235,2064.235,2064.235
1704089700000,2064.235,2064.235,2064.235,2064.235
1704090000000,2064.235,2064.235,2064.235,2064.235
1704090300000,2064.235,2064.235,2064.235,2064.235
1704090600000,2064.235,2064.235,2064.235,2064.235
1704090900000,2064.235,2064.235,2064.235,2064.235
1704091200000,2064.235,2064.235,2064.235,2064.235
1704091500000,2064.235,2064.235,2064.235,2064.235
1704091800000,2064.235,2064.235,2064.235,2064.235
1704092100000,2064.235,2064.235,2064.235,2064.235
1704092400000,2064.235,2064.235,2064.235,2064.235
1704092700000,2064.235,2064.235,2064.235,2064.235
1704093000000,2064.235,2064.235,2064.235,2064.235
1704093300000,2064.235,2064.235,2064.235,2064.235
1704093600000,2064.235,2064.235,2064.235,2064.235
1704093900000,2064.235,2064.235,2064.235,2064.235
1704094200000,2064.235,2064.235,2064.235,2064.235
1704094500000,2064.235,2064.235,2064.235,2064.235
1704094800000,2064.235,2064.235,2064.235,2064.235
1704095100000,2064.235,2064.235,2064.235,2064.235
1704095400000,2064.235,2064.235,2064.235,2064.235
1704095700000,2064.235,2064.235,2064.235,2064.235
1704096000000,2064.235,2064.235,2064.235,2064.235
1704096300000,2064.235,2064.235,2064.235,2064.235
1704096600000,2064.235,2064.235,2064.235,2064.235
1704096900000,2064.235,2064.235,2064.235,2064.235
1704097200000,2064.235,2064.235,2064.235,2064.235
1704097500000,2064.235,2064.235,2064.235,2064.235
1704097800000,2064.235,2064.235,2064.235,2064.235
1704098100000,2064.235,2064.235,2064.235,2064.235
1704098400000,2064.235,2064.235,2064.235,2064.235
1704098700000,2064.235,2064.235,2064.235,2064.235
1704099000000,2064.235,2064.235,2064.235,2064.235
1704099300000,2064.235,2064.235,2064.235,2064.235
1704099600000,2064.235,2064.235,2064.235,2064.235
1704099900000,2064.235,2064.235,2064.235,2064.235
1704100200000,2064.235,2064.235,2064.235,2064.235
1704100500000,2064.235,2064.235,2064.235,2064.235
1704100800000,2064.235,2064.235,2064.235,2064.235
1704101100000,2064.235,2064.235,2064.235,2064.235
1704101400000,2064.235,2064.235,2064.235,2064.235
1704101700000,2064.235,2064.235,2064.235,2064.235
1704102000000,2064.235,2064.235,2064.235,2064.235
1704102300000,2064.235,2064.235,2064.235,2064.235
1704102600000,2064.235,2064.235,2064.235,2064.235
1704102900000,2064.235,2064.235,2064.235,2064.235
1704103200000,2064.235,2064.235,2064.235,2064.235
1704103500000,2064.235,2064.235,2064.235,2064.235
1704103800000,2064.235,2064.235,2064.235,2064.235
1704104100000,2064.235,2064.235,2064.235,2064.235
1704104400000,2064.235,2064.235,2064.235,2064.235
1704104700000,2064.235,2064.235,2064.235,2064.235
1704105000000,2064.235,2064.235,2064.235,2064.235
1704105300000,2064.235,2064.235,2064.235,2064.235
1704105600000,2064.235,2064.235,2064.235,2064.235
1704105900000,2064.235,2064.235,2064.235,2064.235
1704106200000,2064.235,2064.235,2064.235,2064.235
1704106500000,2064.235,2064.235,2064.235,2064.235
1704106800000,2064.235,2064.235,2064.235,2064.235
1704107100000,2064.235,2064.235,2064.235,2064.235
1704107400000,2064.235,2064.235,2064.235,2064.235
1704107700000,2064.235,2064.235,2064.235,2064.235
1704108000000,2064.235,2064.235,2064.235,2064.235
1704108300000,2064.235,2064.235,2064.235,2064.235
1704108600000,2064.235,2064.235,2064.235,2064.235
1704108900000,2064.235,2064.235,2064.235,2064.235
1704109200000,2064.235,2064.235,2064.235,2064.235
1704109500000,2064.235,2064.235,2064.235,2064.235
1704109800000,2064.235,2064.235,2064.235,2064.235
1704110100000,2064.235,2064.235,2064.235,2064.235
1704110400000,2064.235,2064.235,2064.235,2064.235
1704110700000,2064.235,2064.235,2064.235,2064.235
1704111000000,2064.235,2064.235,2064.235,2064.235
1704111300000,2064.235,2064.235,2064.235,2064.235
1704111600000,2064.235,2064.235,2064.235,2064.235
1704111900000,2064.235,2064.235,2064.235,2064.235
1704112200000,2064.235,2064.235,2064.235,2064.235
1704112500000,2064.235,2064.235,2064.235,2064.235
1704112800000,2064.235,2064.235,2064.235,2064.235
1704113100000,2064.235,2064.235,2064.235,2064.235
1704113400000,2064.235,2064.235,2064.235,2064.235
1704113700000,2064.235,2064.235,2064.235,2064.235
1704114000000,2064.235,2064.235,2064.235,2064.235
1704114300000,2064.235,2064.235,2064.235,2064.235
1704114600000,2064.235,2064.235,2064.235,2064.235
1704114900000,2064.235,2064.235,2064.235,2064.235
1704115200000,2064.235,2064.235,2064.235,2064.235
1704115500000,2064.235,2064.235,2064.235,2064.235
1704115800000,2064.235,2064.235,2064.235,2064.235
1704116100000,2064.235,2064.235,2064.235,2064.235
1704116400000,2064.235,2064.235,2064.235,2064.235
1704116700000,2064.235,2064.235,2064.235,2064.235
1704117000000,2064.235,2064.235,2064.235,2064.235
1704117300000,2064.235,2064.235,2064.235,2064.235
1704117600000,2064.235,2064.235,2064.235,2064.235
1704117900000,2064.235,2064.235,2064.235,2064.235
1704118200000,2064.235,2064.235,2064.235,2064.235
1704118500000,2064.235,2064.235,2064.235,2064.235
1704118800000,2064.235,2064.235,2064.235,2064.235
1704119100000,2064.235,2064.235,2064.235,2064.235
1704119400000,2064.235,2064.235,2064.235,2064.235
1704119700000,2064.235,2064.235,2064.235,2064.235
1704120000000,2064.235,2064.235,2064.235,2064.235
1704120300000,2064.235,2064.235,2064.235,2064.235
1704120600000,2064.235,2064.235,2064.235,2064.235
1704120900000,2064.235,2064.235,2064.235,2064.235
1704121200000,2064.235,2064.235,2064.235,2064.235
1704121500000,2064.235,2064.235,2064.235,2064.235
1704121800000,2064.235,2064.235,2064.235,2064.235
1704122100000,2064.235,2064.235,2064.235,2064.235
1704122400000,2064.235,2064.235,2064.235,2064.235
1704122700000,2064.235,2064.235,2064.235,2064.235
1704123000000,2064.235,2064.235,2064.235,2064.235
1704123300000,2064.235,2064.235,2064.235,2064.235
1704123600000,2064.235,2064.235,2064.235,2064.235
1704123900000,2064.235,2064.235,2064.235,2064.235
1704124200000,2064.235,2064.235,2064.235,2064.235
1704124500000,2064.235,2064.235,2064.235,2064.235
1704124800000,2064.235,2064.235,2064.235,2064.235
1704125100000,2064.235,2064.235,2064.235,2064.235
1704125400000,2064.235,2064.235,2064.235,2064.235
1704125700000,2064.235,2064.235,2064.235,2064.235
1704126000000,2064.235,2064.235,2064.235,2064.235
1704126300000,2064.235,2064.235,2064.235,2064.235
1704126600000,2064.235,2064.235,2064.235,2064.235
1704126900000,2064.235,2064.235,2064.235,2064.235
1704127200000,2064.235,2064.235,2064.235,2064.235
1704127500000,2064.235,2064.235,2064.235,2064.235
1704127800000,2064.235,2064.235,2064.235,2064.235
1704128100000,2064.235,2064.235,2064.235,2064.235
1704128400000,2064.235,2064.235,2064.235,2064.235
1704128700000,2064.235,2064.235,2064.235,2064.235
1704129000000,2064.235,2064.235,2064.235,2064.235
1704129300000,2064.235,2064.235,2064.235,2064.235
1704129600000,2064.235,2064.235,2064.235,2064.235
1704129900000,2064.235,2064.235,2064.235,2064.235
1704130200000,2064.235,2064.235,2064.235,2064.235
1704130500000,2064.235,2064.235,2064.235,2064.235
1704130800000,2064.235,2064.235,2064.235,2064.235
1704131100000,2064.235,2064.235,2064.235,2064.235
1704131400000,2064.235,2064.235,2064.235,2064.235
1704131700000,2064.235,2064.235,2064.235,2064.235
1704132000000,2064.235,2064.235,2064.235,2064.235
1704132300000,2064.235,2064.235,2064.235,2064.235
1704132600000,2064.235,2064.235,2064.235,2064.235
1704132900000,2064.235,2064.235,2064.235,2064.235
1704133200000,2064.235,2064.235,2064.235,2064.235
1704133500000,2064.235,2064.235,2064.235,2064.235
1704133800000,2064.235,2064.235,2064.235,2064.235
1704134100000,2064.235,2064.235,2064.235,2064.235
1704134400000,2064.235,2064.235,2064.235,2064.235
1704134700000,2064.235,2064.235,2064.235,2064.235
1704135000000,2064.235,2064.235,2064.235,2064.235
1704135300000,2064.235,2064.235,2064.235,2064.235
1704135600000,2064.235,2064.235,2064.235,2064.235
1704135900000,2064.235,2064.235,2064.235,2064.235
1704136200000,2064.235,2064.235,2064.235,2064.235
1704136500000,2064.235,2064.235,2064.235,2064.235
1704136800000,2064.235,2064.235,2064.235,2064.235
1704137100000,2064.235,2064.235,2064.235,2064.235
1704137400000,2064.235,2064.235,2064.235,2064.235
1704137700000,2064.235,2064.235,2064.235,2064.235
1704138000000,2064.235,2064.235,2064.235,2064.235
1704138300000,2064.235,2064.235,2064.235,2064.235
1704138600000,2064.235,2064.235,2064.235,2064.235
1704138900000,2064.235,2064.235,2064.235,2064.235
1704139200000,2064.235,2064.235,2064.235,2064.235
1704139500000,2064.235,2064.235,2064.235,2064.235
1704139800000,2064.235,2064.235,2064.235,2064.235
1704140100000,2064.235,2064.235,2064.235,2064.235
1704140400000,2064.235,2064.235,2064.235,2064.235
1704140700000,2064.235,2064.235,2064.235,2064.235
1704141000000,2064.235,2064.235,2064.235,2064.235
1704141300000,2064.235,2064.235,2064.235,2064.235
1704141600000,2064.235,2064.235,2064.235,2064.235
1704141900000,2064.235,2064.235,2064.235,2064.235
1704142200000,2064.235,2064.235,2064.235,2064.235
1704142500000,2064.235,2064.235,2064.235,2064.235
1704142800000,2064.235,2064.235,2064.235,2064.235
1704143100000,2064.235,2064.235,2064.235,2064.235
1704143400000,2064.235,2064.235,2064.235,2064.235
1704143700000,2064.235,2064.235,2064.235,2064.235
1704144000000,2064.235,2064.235,2064.235,2064.235
1704144300000,2064.235,2064.235,2064.235,2064.235
1704144600000,2064.235,2064.235,2064.235,2064.235
1704144900000,2064.235,2064.235,2064.235,2064.235
1704145200000,2064.235,2064.235,2064.235,2064.235
1704145500000,2064.235,2064.235,2064.235,2064.235
1704145800000,2064.235,2064.235,2064.235,2064.235
1704146100000,2064.235,2064.235,2064.235,2064.235
1704146400000,2064.235,2064.235,2064.235,2064.235
1704146700000,2064.235,2064.235,2064.235,2064.235
1704147000000,2064.235,2064.235,2064.235,2064.235
1704147300000,2064.235,2064.235,2064.235,2064.235
1704147600000,2064.235,2064.235,2064.235,2064.235
1704147900000,2064.235,2064.235,2064.235,2064.235
1704148200000,2064.235,2064.235,2064.235,2064.235
1704148500000,2064.235,2064.235,2064.235,2064.235
1704148800000,2064.235,2064.235,2064.235,2064.235
1704149100000,2064.235,2064.235,2064.235,2064.235
1704149400000,2064.235,2064.235,2064.235,2064.235
1704149700000,2064.235,2064.235,2064.235,2064.235
1704150000000,2062.598,2066.595,2062.405,2065.214
1704150300000,2065.185,2065.194,2063.851,2064.455
1704150600000,2064.424,2066.365,2064.395,2065.734
1704150900000,2065.715,2066.075,2065.055,2065.585
1704151200000,2065.585,2065.815,2065.295,2065.555
1704151500000,2065.545,2065.715,2065.045,2065.075
1704151800000,2065.155,2065.335,2064.155,2064.265
1704152100000,2064.285,2065.405,2064.285,2065.245
1704152400000,2065.205,2065.265,2064.365,2064.465
1704152700000,2064.425,2064.435,2063.105,2063.345
1704153000000,2063.345,2064.095,2063.345,2063.715
1704153300000,2063.695,2064.005,2063.515,2063.615
1704153600000,2063.625,2064.465,2063.335,2064.425
1704153900000,2064.515,2064.745,2064.125,2064.575
1704154200000,2064.525,2064.865,2063.795,2063.985
1704154500000,2064.045,2064.355,2063.345,2063.585
1704154800000,2063.635,2063.675,2062.975,2063.065
1704155100000,2063.035,2063.385,2062.275,2063.345
1704155400000,2063.345,2063.835,2062.935,2063.825
1704155700000,2063.845,2063.905,2063.335,2063.785
1704156000000,2063.695,2064.655,2063.645,2064.655
1704156300000,2064.655,2065.645,2064.475,2065.295
1704156600000,2065.295,2065.615,2064.965,2065.595
1704156900000,2065.585,2065.778,2064.778,2065.358
1704157200000,2065.358,2067.145,2064.785,2066.945
1704157500000,2066.915,2069.605,2066.825,2067.368
1704157800000,2067.385,2069.435,2067.235,2069.215
1704158100000,2069.195,2069.825,2067.578,2068.185
1704158400000,2068.205,2068.865,2067.275,2068.565
1704158700000,2068.565,2068.955,2068.155,2068.445
1704159000000,2068.495,2068.505,2067.035,2067.515
1704159300000,2067.555,2068.575,2066.955,2068.025
1704159600000,2068.005,2068.415,2067.815,2068.135
1704159900000,2068.215,2069.035,2067.415,2067.565
1704160200000,2067.575,2067.715,2066.785,2067.095
1704160500000,2067.095,2067.285,2066.325,2066.515
1704160800000,2066.515,2066.745,2064.995,2065.605
1704161100000,2065.585,2065.875,2064.155,2064.935
1704161400000,2064.935,2064.995,2063.915,2064.615
1704161700000,2064.595,2066.095,2064.585,2066.095
1704162000000,2066.085,2066.375,2065.845,2066.255
1704162300000,2066.125,2067.045,2065.975,2066.645
1704162600000,2066.605,2066.845,2065.735,2066.235
1704162900000,2066.245,2068.345,2066.205,2068.045
1704163200000,2067.965,2068.145,2067.415,2067.425
1704163500000,2067.475,2068.205,2067.475,2067.665
1704163800000,2067.645,2068.025,2067.285,2067.305
1704164100000,2067.375,2067.745,2067.238,2067.698
1704164400000,2067.695,2067.725,2066.445,2067.065
1704164700000,2066.995,2068.605,2066.958,2068.445
1704165000000,2068.455,2069.415,2068.408,2069.065
1704165300000,2069.135,2069.795,2069.075,2069.255
1704165600000,2069.265,2069.834,2069.135,2069.708
1704165900000,2069.698,2069.965,2069.405,2069.705
1704166200000,2069.715,2069.915,2069.485,2069.775
1704166500000,2069.785,2069.875,2069.395,2069.545
1704166800000,2069.535,2069.895,2069.535,2069.825
1704167100000,2069.755,2070.285,2069.405,2069.528
1704167400000,2069.505,2069.528,2068.498,2069.028
1704167700000,2069.028,2069.628,2068.705,2069.528
1704168000000,2069.528,2069.685,2069.298,2069.615
1704168300000,2069.665,2069.795,2069.134,2069.415
1704168600000,2069.415,2070.378,2069.385,2070.278
1704168900000,2070.308,2070.578,2069.178,2069.235
1704169200000,2069.215,2069.905,2068.835,2069.815
1704169500000,2069.785,2069.825,2069.205,2069.378
1704169800000,2069.478,2070.078,2069.478,2069.885
1704170100000,2069.965,2070.325,2069.675,2070.215
1704170400000,2070.165,2070.205,2069.675,2069.795
1704170700000,2069.858,2070.095,2069.595,2069.595
1704171000000,2069.605,2069.728,2069.058,2069.088
1704171300000,2069.065,2069.705,2068.775,2069.505
1704171600000,2069.525,2069.998,2069.415,2069.655
1704171900000,2069.645,2070.315,2069.575,2070.255
1704172200000,2070.225,2071.605,2069.835,2071.525
1704172500000,2071.545,2071.775,2070.765,2070.975
1704172800000,2070.995,2071.365,2070.785,2071.255
1704173100000,2071.285,2071.615,2071.105,2071.455
1704173400000,2071.445,2071.805,2070.785,2071.565
1704173700000,2071.625,2072.185,2071.095,2071.235
1704174000000,2071.165,2072.095,2071.115,2072.095
1704174300000,2072.115,2074.725,2071.915,2073.525
1704174600000,2073.545,2074.745,2073.435,2074.635
1704174900000,2074.665,2074.695,2073.715,2074.415
1704175200000,2074.465,2074.905,2073.645,2073.815
1704175500000,2073.845,2074.025,2072.865,2073.635
1704175800000,2073.755,2074.825,2073.745,2074.705
1704176100000,2074.625,2075.225,2074.205,2074.925
1704176400000,2074.975,2076.665,2074.805,2075.358
1704176700000,2075.348,2076.075,2074.485,2075.835
1704177000000,2075.815,2076.555,2075.345,2075.495
1704177300000,2075.445,2075.945,2074.725,2075.055
1704177600000,2075.085,2075.565,2074.825,2075.035
1704177900000,2075.075,2075.135,2074.535,2074.625
1704178200000,2074.638,2074.658,2073.745,2073.905
1704178500000,2073.945,2074.465,2073.755,2074.145
1704178800000,2074.065,2075.045,2073.325,2074.275
1704179100000,2074.305,2075.655,2073.925,2075.005
1704179400000,2075.015,2075.605,2074.655,2075.255
1704179700000,2075.255,2075.785,2074.378,2074.575
1704180000000,2074.575,2076.335,2074.505,2075.815
1704180300000,2075.854,2075.915,2074.445,2075.205
1704180600000,2075.215,2075.585,2074.675,2075.245
1704180900000,2075.225,2075.715,2074.885,2075.465
1704181200000,2075.475,2075.475,2074.538,2075.115
1704181500000,2075.115,2075.148,2074.405,2075.098
1704181800000,2075.098,2075.335,2074.318,2074.885
1704182100000,2075.005,2075.265,2073.028,2073.048
1704182400000,2073.015,2074.145,2072.995,2074.095
1704182700000,2074.045,2074.185,2072.825,2073.155
1704183000000,2073.058,2074.465,2072.205,2073.975
1704183300000,2073.945,2074.185,2073.195,2073.835
1704183600000,2073.835,2073.835,2072.415,2072.825
1704183900000,2072.785,2073.225,2072.175,2072.545
1704184200000,2072.605,2073.595,2071.745,2073.565
1704184500000,2073.555,2074.315,2073.005,2073.705
1704184800000,2073.685,2074.178,2073.274,2073.735
1704185100000,2073.755,2073.854,2072.785,2072.835
1704185400000,2072.815,2073.115,2072.345,2072.895
1704185700000,2072.865,2073.565,2072.565,2073.235
1704186000000,2073.235,2074.425,2073.185,2074.075
1704186300000,2074.045,2074.915,2073.835,2074.855
1704186600000,2074.855,2075.465,2074.335,2074.475
1704186900000,2074.455,2075.475,2074.335,2074.855
1704187200000,2074.865,2075.508,2073.855,2074.035
1704187500000,2074.095,2074.885,2073.975,2074.615
1704187800000,2074.575,2076.555,2074.525,2076.555
1704188100000,2076.535,2078.765,2076.205,2078.385
1704188400000,2078.385,2078.385,2077.438,2078.235
1704188700000,2078.205,2078.825,2077.715,2077.995
1704189000000,2078.025,2078.335,2077.518,2078.075
1704189300000,2078.035,2078.215,2076.685,2076.945
1704189600000,2076.965,2077.675,2076.378,2076.398
1704189900000,2076.378,2076.915,2075.948,2076.705
1704190200000,2076.725,2076.725,2074.485,2074.875
1704190500000,2074.885,2075.255,2073.415,2073.535
1704190800000,2073.505,2075.125,2073.415,2074.555
1704191100000,2074.535,2075.285,2074.485,2074.565
1704191400000,2074.615,2076.025,2074.475,2075.575
1704191700000,2075.615,2075.695,2074.305,2074.935
1704192000000,2074.848,2075.555,2074.715,2075.545
1704192300000,2075.535,2076.455,2075.375,2076.345
1704192600000,2076.325,2076.345,2075.585,2075.845
1704192900000,2075.825,2076.255,2075.345,2075.925
1704193200000,2075.875,2076.115,2075.345,2075.405
1704193500000,2075.455,2076.035,2074.635,2074.635
1704193800000,2074.625,2075.055,2073.755,2073.925
1704194100000,2073.915,2074.155,2072.735,2073.515
1704194400000,2073.505,2075.795,2073.465,2075.755
1704194700000,2075.765,2075.765,2074.525,2074.935
1704195000000,2074.925,2074.925,2070.525,2070.925
1704195300000,2070.854,2071.595,2069.765,2070.085
1704195600000,2070.105,2070.195,2068.328,2068.725
1704195900000,2068.705,2069.935,2068.205,2069.635
1704196200000,2069.655,2070.245,2068.905,2069.025
1704196500000,2069.025,2069.405,2068.555,2069.145
1704196800000,2069.105,2069.405,2066.218,2066.885
1704197100000,2066.905,2067.605,2066.585,2067.375
1704197400000,2067.375,2067.925,2066.575,2066.685
1704197700000,2066.625,2067.025,2066.035,2066.385
1704198000000,2066.328,2066.985,2064.995,2066.385
1704198300000,2066.395,2066.795,2065.685,2065.885
1704198600000,2065.885,2067.995,2065.455,2067.725
1704198900000,2067.725,2068.205,2066.895,2067.295
1704199200000,2067.245,2068.265,2066.885,2067.125
1704199500000,2067.085,2067.775,2066.605,2067.755
1704199800000,2067.755,2067.865,2066.995,2067.845
1704200100000,2067.845,2068.045,2067.055,2067.845
1704200400000,2067.815,2068.695,2066.665,2067.355
1704200700000,2067.335,2067.375,2066.185,2066.615
1704201000000,2066.715,2066.915,2064.795,2065.535
1704201300000,2065.545,2066.565,2065.305,2066.215
1704201600000,2066.175,2068.408,2065.685,2068.408
1704201900000,2068.498,2068.598,2066.535,2066.955
1704202200000,2066.965,2070.965,2066.835,2069.325
1704202500000,2069.338,2070.035,2067.435,2068.595
1704202800000,2068.628,2069.645,2068.098,2069.645
1704203100000,2069.665,2069.675,2067.795,2067.825
1704203400000,2067.795,2067.925,2064.815,2066.875
1704203700000,2066.835,2067.155,2065.988,2066.158
1704204000000,2066.225,2066.995,2065.315,2066.035
1704204300000,2066.025,2067.165,2065.715,2065.995
1704204600000,2065.995,2066.305,2064.805,2065.255
1704204900000,2065.255,2066.345,2065.075,2065.545
1704205200000,2065.595,2066.455,2064.605,2065.905
1704205500000,2065.895,2067.778,2065.798,2065.805
1704205800000,2065.805,2068.775,2065.175,2068.745
1704206100000,2068.744,2069.958,2066.415,2066.798
1704206400000,2066.795,2067.205,2062.095,2065.695
1704206700000,2065.715,2069.335,2065.715,2066.675
1704207000000,2066.645,2070.295,2066.645,2069.318
1704207300000,2069.355,2070.295,2067.415,2070.295
1704207600000,2070.295,2070.595,2067.575,2067.915
1704207900000,2067.885,2068.995,2067.015,2067.315
1704208200000,2067.315,2068.025,2066.425,2067.125
1704208500000,2067.135,2067.695,2063.875,2065.055
1704208800000,2065.035,2065.775,2064.465,2064.715
1704209100000,2064.715,2065.405,2063.975,2064.785
1704209400000,2064.698,2065.195,2063.895,2064.015
1704209700000,2064.015,2064.185,2055.818,2057.425
1704210000000,2057.435,2060.328,2056.975,2058.775
1704210300000,2058.745,2059.635,2057.675,2058.295
1704210600000,2058.265,2058.915,2057.275,2057.985
1704210900000,2057.975,2059.295,2057.955,2059.265
1704211200000,2059.305,2060.455,2059.075,2060.025
1704211500000,2060.025,2065.535,2059.985,2065.445
1704211800000,2065.545,2067.515,2064.915,2066.265
1704212100000,2066.245,2066.395,2064.615,2065.025
1704212400000,2065.145,2066.425,2065.145,2066.315
1704212700000,2066.345,2066.915,2064.985,2065.365
1704213000000,2065.335,2065.525,2064.035,2064.535
1704213300000,2064.565,2065.515,2064.215,2064.705
1704213600000,2064.765,2065.275,2064.485,2064.945
1704213900000,2064.965,2066.605,2064.925,2065.775
1704214200000,2065.805,2066.835,2065.785,2066.125
1704214500000,2066.095,2066.555,2065.715,2066.005
1704214800000,2066.085,2066.865,2065.945,2066.345
1704215100000,2066.285,2066.515,2065.325,2065.605
1704215400000,2065.555,2066.205,2064.565,2064.645
1704215700000,2064.675,2064.865,2062.655,2063.295
1704216000000,2063.315,2063.915,2062.994,2063.595
1704216300000,2063.595,2064.505,2063.475,2063.925
1704216600000,2063.865,2065.055,2063.625,2064.345
1704216900000,2064.415,2065.095,2064.385,2064.965
1704217200000,2064.975,2065.065,2063.965,2064.575
1704217500000,2064.545,2064.575,2063.455,2063.865
1704217800000,2063.885,2063.985,2062.395,2062.475
1704218100000,2062.555,2062.775,2061.755,2062.615
1704218400000,2062.645,2062.815,2062.295,2062.535
1704218700000,2062.445,2062.545,2061.395,2061.705
1704219000000,2061.705,2063.245,2061.645,2062.615
1704219300000,2062.595,2063.835,2062.465,2063.745
1704219600000,2063.745,2064.525,2063.555,2064.115
1704219900000,2064.105,2064.875,2064.105,2064.425
1704220200000,2064.415,2064.425,2064.025,2064.255
1704220500000,2064.185,2064.185,2061.945,2062.315
1704220800000,2062.285,2062.325,2061.405,2061.545
1704221100000,2061.575,2062.365,2060.935,2061.035
1704221400000,2061.045,2061.435,2060.865,2061.175
1704221700000,2061.215,2061.495,2060.495,2061.115
1704222000000,2061.055,2062.065,2060.825,2061.695
1704222300000,2061.635,2061.985,2061.575,2061.895
1704222600000,2061.915,2062.065,2061.575,2061.645
1704222900000,2061.635,2061.735,2061.015,2061.555
1704223200000,2061.465,2061.825,2061.285,2061.365
1704223500000,2061.285,2061.505,2060.375,2061.505
1704223800000,2061.498,2061.918,2061.005,2061.375
1704224100000,2061.375,2061.875,2061.218,2061.515
1704224400000,2061.534,2061.795,2061.445,2061.745
1704224700000,2061.755,2061.775,2060.855,2060.985
1704225000000,2060.975,2061.225,2060.618,2060.885
1704225300000,2060.828,2061.065,2060.385,2060.825
1704225600000,2060.885,2061.135,2060.495,2060.565
1704225900000,2060.575,2061.395,2060.445,2061.225
1704226200000,2061.285,2061.545,2060.755,2060.805
1704226500000,2060.805,2061.375,2060.805,2060.935
1704226800000,2060.925,2061.055,2060.595,2060.625
1704227100000,2060.595,2060.595,2059.395,2059.615
1704227400000,2059.635,2060.155,2058.905,2059.345
1704227700000,2059.335,2059.455,2058.935,2059.095
1704228000000,2059.095,2059.345,2058.875,2058.955
1704228300000,2058.995,2059.265,2058.725,2058.845
1704228600000,2058.925,2059.125,2058.625,2058.905
1704228900000,2058.875,2058.875,2057.915,2058.115
1704229200000,2058.225,2058.925,2057.975,2058.735
1704229500000,2058.735,2058.815,2058.245,2058.405
1704229800000,2058.405,2058.855,2058.245,2058.795
1704230100000,2058.835,2059.015,2058.525,2058.575
1704230400000,2058.575,2058.625,2058.275,2058.585
1704230700000,2058.595,2058.855,2058.395,2058.395
1704231000000,2058.315,2058.768,2058.315,2058.568
1704231300000,2058.568,2058.625,2058.325,2058.365
1704231600000,2058.375,2058.635,2058.365,2058.425
1704231900000,2058.388,2058.935,2058.325,2058.925
1704232200000,2058.925,2059.118,2058.815,2058.815
1704232500000,2058.815,2058.825,2058.545,2058.605
1704232800000,2058.605,2058.605,2058.605,2058.605
1704233100000,2058.605,2058.605,2058.605,2058.605
1704233400000,2058.605,2058.605,2058.605,2058.605
1704233700000,2058.605,2058.605,2058.605,2058.605
1704234000000,2058.605,2058.605,2058.605,2058.605
1704234300000,2058.605,2058.605,2058.605,2058.605
1704234600000,2058.605,2058.605,2058.605,2058.605
1704234900000,2058.605,2058.605,2058.605,2058.605
1704235200000,2058.605,2058.605,2058.605,2058.605
1704235500000,2058.605,2058.605,2058.605,2058.605
1704235800000,2058.605,2058.605,2058.605,2058.605
1704236100000,2058.605,2058.605,2058.605,2058.605
1704236400000,2058.018,2059.134,2058.018,2058.758
1704236700000,2058.878,2059.178,2058.584,2058.874
1704237000000,2058.878,2059.045,2058.584,2058.845
1704237300000,2058.805,2058.895,2058.665,2058.785
1704237600000,2058.805,2058.975,2058.558,2058.765
1704237900000,2058.725,2059.395,2058.725,2059.245
1704238200000,2059.145,2059.475,2059.065,2059.105
1704238500000,2059.085,2059.155,2058.715,2059.085
1704238800000,2059.075,2059.425,2058.695,2059.365
1704239100000,2059.285,2059.955,2059.155,2059.535
1704239400000,2059.535,2059.925,2059.015,2059.255
1704239700000,2059.265,2059.515,2059.265,2059.455
1704240000000,2059.475,2059.545,2059.095,2059.265
1704240300000,2059.285,2059.885,2059.094,2059.795
1704240600000,2059.815,2060.935,2059.785,2060.855
1704240900000,2060.765,2060.765,2060.228,2060.328
1704241200000,2060.358,2061.715,2060.228,2061.715
1704241500000,2061.675,2062.045,2061.245,2062.015
1704241800000,2062.005,2062.025,2060.478,2060.494
1704242100000,2060.478,2060.955,2059.955,2060.825
1704242400000,2060.825,2061.025,2059.945,2060.295
1704242700000,2060.235,2060.645,2059.995,2060.645
1704243000000,2060.605,2060.765,2060.015,2060.655
1704243300000,2060.675,2060.755,2060.105,2060.105
1704243600000,2060.115,2061.144,2060.005,2060.495
1704243900000,2060.475,2061.005,2060.475,2060.895
1704244200000,2060.915,2062.135,2060.875,2062.075
1704244500000,2062.055,2062.055,2059.475,2060.555
1704244800000,2060.555,2060.895,2059.975,2060.105
1704245100000,2060.085,2061.175,2060.015,2061.135
1704245400000,2061.115,2061.975,2061.075,2061.545
1704245700000,2061.495,2061.985,2061.045,2061.125
1704246000000,2061.145,2061.355,2060.895,2061.295
1704246300000,2061.285,2061.535,2061.095,2061.405
1704246600000,2061.435,2062.455,2061.425,2062.255
1704246900000,2062.225,2062.455,2062.035,2062.405
1704247200000,2062.395,2062.965,2061.475,2062.885
1704247500000,2062.935,2063.495,2062.765,2063.355
1704247800000,2063.355,2063.985,2063.155,2063.975
1704248100000,2063.975,2064.135,2062.565,2063.195
1704248400000,2063.185,2064.175,2062.755,2063.445
1704248700000,2063.395,2064.308,2063.185,2064.028
1704249000000,2064.028,2064.428,2063.208,2064.408
1704249300000,2064.408,2064.805,2064.085,2064.745
1704249600000,2064.725,2065.085,2064.465,2064.505
1704249900000,2064.495,2065.025,2064.365,2064.745
1704250200000,2064.725,2064.795,2064.095,2064.135
1704250500000,2064.125,2065.065,2063.925,2064.558
1704250800000,2064.558,2065.195,2064.365,2065.175
1704251100000,2065.175,2065.525,2063.865,2063.965
1704251400000,2063.988,2064.145,2063.495,2063.625
1704251700000,2063.655,2063.945,2063.455,2063.705
1704252000000,2063.705,2063.765,2063.265,2063.495
1704252300000,2063.495,2063.735,2063.305,2063.595
1704252600000,2063.595,2063.955,2063.345,2063.895
1704252900000,2063.905,2064.705,2063.655,2064.685
1704253200000,2064.658,2065.145,2064.635,2065.025
1704253500000,2065.015,2065.275,2064.595,2064.754
1704253800000,2064.774,2064.784,2064.455,2064.605
1704254100000,2064.575,2065.215,2064.575,2065.025
1704254400000,2064.965,2065.025,2064.478,2064.595
1704254700000,2064.615,2064.885,2064.325,2064.755
1704255000000,2064.785,2064.895,2064.475,2064.715
1704255300000,2064.725,2064.825,2064.595,2064.755
1704255600000,2064.755,2064.975,2064.595,2064.785
1704255900000,2064.785,2065.075,2064.595,2065.075
1704256200000,2065.035,2065.465,2064.885,2065.245
1704256500000,2065.225,2065.485,2064.795,2064.895
1704256800000,2064.915,2064.995,2064.715,2064.945
1704257100000,2064.925,2065.045,2064.795,2064.795
1704257400000,2064.728,2064.835,2064.585,2064.745
1704257700000,2064.725,2064.855,2064.445,2064.775
1704258000000,2064.755,2064.755,2063.785,2064.025
1704258300000,2064.035,2064.635,2063.875,2064.165
1704258600000,2064.155,2064.175,2063.595,2063.745
1704258900000,2063.725,2063.955,2063.675,2063.815
1704259200000,2063.815,2064.085,2063.745,2063.935
1704259500000,2064.045,2064.225,2063.405,2063.455
1704259800000,2063.515,2065.215,2063.515,2064.735
1704260100000,2064.685,2065.835,2064.645,2065.218
1704260400000,2065.224,2065.335,2064.675,2064.925
1704260700000,2064.905,2064.915,2064.025,2064.395
1704261000000,2064.425,2064.595,2063.955,2064.265
1704261300000,2064.215,2064.555,2063.715,2063.995
1704261600000,2063.965,2064.235,2063.575,2064.105
1704261900000,2064.105,2064.955,2063.905,2064.475
1704262200000,2064.525,2065.325,2064.525,2065.135
1704262500000,2065.135,2065.265,2064.595,2064.725
1704262800000,2064.695,2064.695,2063.365,2063.778
1704263100000,2063.818,2064.655,2063.675,2064.585
1704263400000,2064.605,2064.605,2064.255,2064.485
1704263700000,2064.465,2064.825,2064.295,2064.578
1704264000000,2064.575,2064.695,2064.048,2064.068
1704264300000,2064.044,2064.478,2063.598,2064.448
1704264600000,2064.424,2065.008,2064.378,2064.515
1704264900000,2064.548,2064.618,2064.148,2064.178
1704265200000,2064.164,2064.175,2062.315,2062.315
1704265500000,2062.325,2063.295,2062.195,2063.055
1704265800000,2063.075,2063.575,2061.975,2062.155
1704266100000,2062.195,2062.215,2061.025,2061.555
1704266400000,2061.545,2062.438,2061.435,2061.435
1704266700000,2061.385,2061.805,2060.795,2061.345
1704267000000,2061.345,2061.885,2060.955,2061.745
1704267300000,2061.735,2062.135,2061.525,2061.965
1704267600000,2062.025,2063.345,2061.905,2063.325
1704267900000,2063.325,2063.715,2062.555,2062.815
1704268200000,2062.795,2063.605,2062.625,2063.495
1704268500000,2063.555,2063.665,2062.928,2062.928
1704268800000,2062.835,2063.335,2062.345,2062.745
1704269100000,2062.775,2064.228,2062.685,2063.675
1704269400000,2063.648,2064.125,2063.368,2063.655
1704269700000,2063.645,2063.645,2062.185,2062.355
1704270000000,2062.395,2062.545,2061.465,2061.685
1704270300000,2061.685,2061.685,2058.805,2060.635
1704270600000,2060.615,2060.925,2059.775,2060.725
1704270900000,2060.745,2061.545,2060.745,2061.045
1704271200000,2061.024,2061.555,2060.558,2061.528
1704271500000,2061.545,2061.598,2059.665,2059.915
1704271800000,2059.935,2060.285,2059.275,2059.825
1704272100000,2059.795,2060.445,2059.605,2059.908
1704272400000,2059.965,2060.485,2059.665,2059.895
1704272700000,2059.945,2060.105,2058.865,2058.905
1704273000000,2058.925,2059.005,2057.885,2058.195
1704273300000,2058.185,2058.625,2057.748,2058.515
1704273600000,2058.555,2059.008,2058.305,2058.385
1704273900000,2058.385,2059.078,2058.148,2058.685
1704274200000,2058.685,2059.015,2057.325,2058.425
1704274500000,2058.444,2058.705,2058.025,2058.155
1704274800000,2058.165,2058.165,2054.235,2054.928
1704275100000,2054.935,2056.665,2054.935,2056.485
1704275400000,2056.465,2056.745,2055.485,2056.065
1704275700000,2056.095,2056.848,2055.785,2056.695
1704276000000,2056.695,2057.048,2056.395,2056.775
1704276300000,2056.815,2056.865,2055.675,2056.145
1704276600000,2056.165,2056.215,2055.425,2055.625
1704276900000,2055.595,2055.655,2054.485,2054.485
1704277200000,2054.505,2054.905,2052.945,2054.555
1704277500000,2054.485,2054.485,2052.525,2052.905
1704277800000,2052.895,2054.905,2052.895,2054.885
1704278100000,2054.915,2055.115,2054.015,2054.805
1704278400000,2054.815,2055.405,2054.375,2054.685
1704278700000,2054.705,2055.875,2054.685,2054.795
1704279000000,2054.825,2055.755,2054.395,2055.085
1704279300000,2055.105,2055.265,2054.205,2054.805
1704279600000,2054.795,2055.565,2053.855,2053.935
1704279900000,2053.935,2054.615,2053.125,2053.225
1704280200000,2053.215,2053.695,2052.215,2053.045
1704280500000,2053.055,2053.365,2052.615,2053.015
1704280800000,2053.025,2053.625,2051.445,2052.305
1704281100000,2052.285,2052.705,2051.875,2052.275
1704281400000,2052.235,2052.275,2050.075,2051.075
1704281700000,2051.105,2051.855,2050.525,2050.695
1704282000000,2050.698,2050.755,2047.658,2049.085
1704282300000,2049.095,2049.695,2048.465,2049.415
1704282600000,2049.515,2049.908,2048.385,2049.355
1704282900000,2049.305,2049.305,2046.594,2047.485
1704283200000,2047.505,2048.075,2045.815,2046.035
1704283500000,2046.005,2046.538,2042.958,2044.785
1704283800000,2044.795,2045.425,2043.705,2045.385
1704284100000,2045.375,2046.195,2044.925,2045.395
1704284400000,2045.415,2045.725,2043.455,2043.455
1704284700000,2043.438,2044.075,2041.685,2043.465
1704285000000,2043.425,2045.195,2041.985,2044.425
1704285300000,2044.445,2045.545,2043.608,2044.625
1704285600000,2044.635,2046.135,2044.605,2045.975
1704285900000,2045.965,2048.205,2045.305,2045.685
1704286200000,2045.695,2046.835,2045.515,2046.555
1704286500000,2046.535,2046.535,2045.285,2045.595
1704286800000,2045.565,2047.895,2045.365,2045.975
1704287100000,2045.965,2046.275,2045.115,2045.595
1704287400000,2045.605,2046.345,2044.885,2045.235
1704287700000,2045.175,2046.275,2045.075,2045.315
1704288000000,2045.295,2045.525,2042.295,2042.785
1704288300000,2042.765,2043.625,2041.315,2042.705
1704288600000,2042.675,2043.755,2041.615,2042.895
1704288900000,2042.925,2044.865,2042.595,2043.905
1704289200000,2043.915,2044.115,2041.405,2041.815
1704289500000,2041.695,2041.795,2038.645,2039.835
1704289800000,2039.745,2041.345,2039.105,2041.035
1704290100000,2041.045,2041.305,2039.025,2040.935
1704290400000,2040.945,2042.225,2040.035,2040.045
1704290700000,2039.985,2040.035,2037.778,2038.305
1704291000000,2038.265,2038.325,2036.314,2037.225
1704291300000,2037.195,2037.488,2034.638,2036.335
1704291600000,2036.345,2036.755,2034.485,2035.875
1704291900000,2035.895,2037.075,2035.685,2036.985
1704292200000,2037.025,2037.115,2035.015,2035.655
1704292500000,2035.585,2035.595,2031.665,2034.785
1704292800000,2034.735,2035.655,2034.245,2035.005
1704293100000,2034.985,2037.075,2034.275,2037.075
1704293400000,2037.035,2038.598,2036.905,2038.095
1704293700000,2038.045,2039.575,2037.265,2037.755
1704294000000,2037.755,2048.698,2035.335,2046.668
1704294300000,2046.668,2047.334,2043.605,2043.645
1704294600000,2043.595,2044.285,2040.195,2040.555
1704294900000,2040.545,2040.695,2037.365,2038.045
1704295200000,2038.075,2038.295,2035.385,2037.165
1704295500000,2037.235,2039.525,2037.235,2037.335
1704295800000,2037.335,2038.835,2034.925,2035.835
1704296100000,2035.795,2036.555,2032.075,2032.635
1704296400000,2032.625,2034.365,2032.255,2033.875
1704296700000,2033.885,2033.945,2031.785,2032.905
1704297000000,2032.925,2035.125,2032.535,2033.905
1704297300000,2033.925,2033.925,2032.275,2032.495
1704297600000,2032.545,2035.175,2031.218,2035.145
1704297900000,2035.155,2035.945,2033.865,2034.565
1704298200000,2034.565,2035.235,2033.465,2033.685
1704298500000,2033.665,2034.885,2033.365,2034.665
1704298800000,2034.665,2035.545,2034.095,2034.255
1704299100000,2034.205,2034.795,2033.405,2033.945
1704299400000,2034.005,2034.565,2032.875,2033.685
1704299700000,2033.785,2034.555,2032.985,2032.985
1704300000000,2033.025,2033.765,2032.505,2032.785
1704300300000,2032.825,2032.955,2031.615,2031.735
1704300600000,2031.725,2032.795,2031.355,2032.405
1704300900000,2032.425,2032.575,2031.595,2032.345
1704301200000,2032.405,2032.805,2030.915,2031.805
1704301500000,2031.785,2032.635,2031.425,2031.645
1704301800000,2031.595,2033.225,2031.465,2033.155
1704302100000,2033.135,2033.655,2032.585,2032.655
1704302400000,2032.638,2033.105,2032.015,2032.085
1704302700000,2032.055,2033.125,2031.975,2032.655
1704303000000,2032.675,2032.815,2031.755,2031.875
1704303300000,2031.885,2032.825,2031.745,2031.925
1704303600000,2031.925,2032.055,2030.515,2032.045
1704303900000,2032.045,2032.145,2031.025,2031.545
1704304200000,2031.565,2031.715,2030.995,2031.555
1704304500000,2031.525,2033.295,2031.455,2033.255
1704304800000,2033.255,2035.015,2033.245,2034.465
1704305100000,2034.445,2034.575,2033.695,2034.075
1704305400000,2034.015,2034.085,2032.845,2032.875
1704305700000,2032.975,2034.045,2032.835,2033.725
1704306000000,2033.725,2034.915,2033.685,2034.815
1704306300000,2034.805,2035.125,2034.365,2034.875
1704306600000,2034.945,2035.065,2033.955,2034.535
1704306900000,2034.545,2035.275,2034.255,2034.915
1704307200000,2035.005,2035.345,2034.765,2035.255
1704307500000,2035.255,2036.115,2034.965,2035.935
1704307800000,2035.905,2036.215,2035.505,2035.778
1704308100000,2035.785,2036.015,2035.305,2035.695
1704308400000,2035.678,2037.614,2033.475,2033.875
1704308700000,2033.865,2033.975,2031.565,2032.885
1704309000000,2032.865,2032.915,2030.535,2031.105
1704309300000,2031.105,2034.665,2031.105,2034.125
1704309600000,2034.105,2034.595,2033.255,2034.595
1704309900000,2034.565,2039.115,2034.315,2038.615
1704310200000,2038.645,2042.205,2038.645,2039.395
1704310500000,2039.385,2039.675,2037.845,2038.055
1704310800000,2038.045,2038.575,2036.195,2037.935
1704311100000,2037.845,2038.365,2036.515,2036.515
1704311400000,2036.545,2036.795,2035.695,2036.085
1704311700000,2036.105,2037.145,2034.735,2036.575
1704312000000,2036.595,2038.908,2036.435,2038.405
1704312300000,2038.395,2039.235,2038.095,2038.465
1704312600000,2038.455,2039.338,2038.125,2039.285
1704312900000,2039.285,2041.945,2039.128,2041.425
1704313200000,2041.425,2041.755,2040.135,2040.305
1704313500000,2040.325,2041.155,2040.045,2041.075
1704313800000,2041.085,2041.475,2040.695,2041.195
1704314100000,2041.215,2041.805,2040.695,2041.685
1704314400000,2041.625,2041.798,2041.148,2041.315
1704314700000,2041.325,2042.168,2041.265,2041.608
1704315000000,2041.614,2041.745,2041.105,2041.568
1704315300000,2041.545,2042.175,2040.628,2040.878
1704315600000,2040.955,2041.615,2040.695,2041.125
1704315900000,2041.145,2041.258,2040.385,2040.445
1704316200000,2040.505,2040.678,2040.215,2040.538
1704316500000,2040.538,2040.728,2040.298,2040.465
1704316800000,2040.468,2041.368,2040.468,2041.368
1704317100000,2041.358,2041.698,2041.145,2041.338
1704317400000,2041.338,2041.468,2040.608,2040.808
1704317700000,2040.808,2040.858,2040.568,2040.858
1704318000000,2040.858,2041.405,2040.528,2041.008
1704318300000,2040.988,2041.228,2040.808,2040.948
1704318600000,2040.915,2041.218,2040.718,2041.018
1704318900000,2041.058,2041.575,2040.925,2041.195
1704319200000,2041.195,2041.195,2041.195,2041.195
1704319500000,2041.195,2041.195,2041.195,2041.195
1704319800000,2041.195,2041.195,2041.195,2041.195
1704320100000,2041.195,2041.195,2041.195,2041.195
1704320400000,2041.195,2041.195,2041.195,2041.195
1704320700000,2041.195,2041.195,2041.195,2041.195
1704321000000,2041.195,2041.195,2041.195,2041.195
1704321300000,2041.195,2041.195,2041.195,2041.195
1704321600000,2041.195,2041.195,2041.195,2041.195
1704321900000,2041.195,2041.195,2041.195,2041.195
1704322200000,2041.195,2041.195,2041.195,2041.195
1704322500000,2041.195,2041.195,2041.195,2041.195
1704322800000,2041.895,2042.425,2041.398,2042.044
1704323100000,2042.044,2042.878,2041.848,2042.854
1704323400000,2042.775,2043.005,2042.595,2042.805
1704323700000,2042.855,2042.975,2042.395,2042.495
1704324000000,2042.505,2042.655,2042.145,2042.585
1704324300000,2042.625,2042.885,2042.374,2042.435
1704324600000,2042.435,2042.935,2042.245,2042.608
1704324900000,2042.608,2042.878,2042.515,2042.725
1704325200000,2042.735,2043.535,2042.655,2043.355
1704325500000,2043.295,2043.645,2042.848,2043.635
1704325800000,2043.625,2043.835,2042.985,2043.035
1704326100000,2043.035,2043.305,2042.765,2042.895
1704326400000,2042.865,2043.085,2042.285,2042.785
1704326700000,2042.805,2043.045,2042.125,2042.245
1704327000000,2042.265,2042.785,2042.155,2042.725
1704327300000,2042.695,2043.065,2042.635,2042.925
1704327600000,2042.945,2043.075,2042.665,2042.735
1704327900000,2042.775,2042.945,2042.655,2042.915
1704328200000,2042.895,2042.905,2042.285,2042.635
1704328500000,2042.675,2042.735,2042.165,2042.415
1704328800000,2042.405,2042.405,2042.035,2042.285
1704329100000,2042.305,2042.715,2042.055,2042.525
1704329400000,2042.555,2042.555,2041.495,2041.725
1704329700000,2041.745,2042.245,2041.745,2042.065
1704330000000,2042.075,2042.475,2041.535,2042.215
1704330300000,2042.205,2042.715,2042.085,2042.345
1704330600000,2042.325,2042.395,2041.825,2041.978
1704330900000,2041.998,2043.215,2041.848,2043.025
1704331200000,2042.948,2042.948,2042.058,2042.445
1704331500000,2042.435,2042.435,2040.645,2041.035
1704331800000,2041.045,2041.315,2040.595,2040.665
1704332100000,2040.665,2040.905,2040.055,2040.295
1704332400000,2040.305,2040.765,2040.155,2040.675
1704332700000,2040.695,2041.515,2040.525,2041.265
1704333000000,2041.265,2041.945,2041.175,2041.935
1704333300000,2041.905,2042.295,2041.795,2042.165
1704333600000,2042.145,2043.905,2042.145,2043.098
1704333900000,2043.198,2043.565,2042.578,2043.038
1704334200000,2043.025,2043.978,2042.925,2043.765
1704334500000,2043.758,2044.555,2043.255,2044.225
1704334800000,2044.185,2044.448,2043.558,2043.935
1704335100000,2043.945,2044.335,2043.875,2044.098
1704335400000,2044.085,2044.215,2043.545,2043.618
1704335700000,2043.628,2043.748,2043.255,2043.335
1704336000000,2043.338,2043.498,2042.478,2042.998
1704336300000,2042.998,2043.325,2042.618,2043.275
1704336600000,2043.335,2043.738,2042.828,2043.695
1704336900000,2043.698,2044.665,2043.555,2044.555
1704337200000,2044.545,2045.255,2043.998,2045.235
1704337500000,2045.225,2045.485,2044.785,2044.985
1704337800000,2044.955,2045.505,2044.955,2045.248
1704338100000,2045.238,2045.615,2045.125,2045.565
1704338400000,2045.558,2046.005,2045.465,2045.855
1704338700000,2045.885,2046.525,2045.845,2046.365
1704339000000,2046.385,2046.705,2045.905,2046.155
1704339300000,2046.158,2046.808,2046.108,2046.475
1704339600000,2046.408,2046.428,2045.708,2045.755
1704339900000,2045.758,2046.215,2045.548,2046.205
1704340200000,2046.185,2046.285,2045.358,2045.358
1704340500000,2045.358,2045.358,2044.438,2044.518
1704340800000,2044.498,2044.514,2043.584,2044.135
1704341100000,2044.125,2044.525,2042.908,2042.908
1704341400000,2042.908,2043.575,2042.554,2043.395
1704341700000,2043.385,2043.875,2043.315,2043.545
1704342000000,2043.465,2043.495,2042.355,2042.695
1704342300000,2042.695,2043.225,2042.435,2043.155
1704342600000,2043.155,2044.005,2043.155,2043.735
1704342900000,2043.735,2044.135,2043.685,2043.985
1704343200000,2044.005,2044.575,2044.005,2044.305
1704343500000,2044.265,2044.325,2042.915,2043.145
1704343800000,2043.145,2043.235,2042.645,2042.758
1704344100000,2042.735,2043.095,2042.605,2043.015
1704344400000,2043.005,2043.275,2042.435,2043.105
1704344700000,2043.115,2043.395,2043.015,2043.105
1704345000000,2043.075,2043.315,2042.895,2043.225
1704345300000,2043.235,2043.645,2043.175,2043.565
1704345600000,2043.565,2043.745,2043.425,2043.445
1704345900000,2043.535,2043.535,2043.245,2043.395
1704346200000,2043.445,2044.255,2043.105,2043.195
1704346500000,2043.205,2043.255,2042.345,2042.945
1704346800000,2042.955,2043.475,2042.835,2043.395
1704347100000,2043.385,2043.885,2043.215,2043.755
1704347400000,2043.695,2044.115,2043.445,2043.985
1704347700000,2043.955,2044.105,2043.625,2043.695
1704348000000,2043.705,2044.875,2043.585,2044.675
1704348300000,2044.655,2044.825,2044.378,2044.378
1704348600000,2044.378,2045.085,2044.225,2045.085
1704348900000,2045.025,2046.185,2044.835,2046.125
1704349200000,2046.165,2047.295,2046.115,2047.145
1704349500000,2047.145,2048.585,2046.708,2046.825
1704349800000,2046.825,2047.825,2046.755,2047.265
1704350100000,2047.265,2047.355,2046.525,2046.775
1704350400000,2046.775,2046.775,2045.845,2045.845
1704350700000,2045.668,2046.055,2045.165,2045.658
1704351000000,2045.618,2046.535,2045.528,2046.455
1704351300000,2046.468,2047.585,2046.455,2047.135
1704351600000,2047.118,2048.235,2046.908,2047.955
1704351900000,2047.985,2048.428,2047.158,2048.305
1704352200000,2048.315,2048.335,2047.275,2047.665
1704352500000,2047.715,2047.715,2046.498,2047.005
1704352800000,2047.005,2047.645,2046.775,2047.265
1704353100000,2047.265,2048.615,2047.265,2048.185
1704353400000,2048.295,2048.875,2046.525,2047.705
1704353700000,2047.665,2049.205,2047.565,2048.995
1704354000000,2048.995,2049.445,2048.215,2049.295
1704354300000,2049.275,2049.425,2048.075,2048.285
1704354600000,2048.235,2048.825,2047.915,2047.935
1704354900000,2047.945,2048.055,2047.145,2047.615
1704355200000,2047.615,2047.805,2046.578,2047.105
1704355500000,2047.058,2048.545,2046.838,2047.395
1704355800000,2047.475,2047.895,2046.895,2047.615
1704356100000,2047.635,2048.345,2046.985,2047.155
1704356400000,2047.155,2047.835,2046.845,2047.675
1704356700000,2047.655,2048.095,2047.165,2047.355
1704357000000,2047.425,2047.525,2046.775,2046.835
1704357300000,2046.845,2046.925,2045.475,2045.505
1704357600000,2045.508,2046.215,2045.345,2045.845
1704357900000,2045.845,2047.185,2045.345,2046.965
1704358200000,2046.895,2047.435,2046.555,2046.565
1704358500000,2046.565,2046.785,2046.045,2046.715
1704358800000,2046.695,2047.775,2046.285,2047.435
1704359100000,2047.455,2047.535,2046.828,2047.025
1704359400000,2047.035,2048.335,2047.015,2048.065
1704359700000,2048.045,2048.745,2047.595,2047.595
1704360000000,2047.595,2047.815,2046.985,2047.135
1704360300000,2047.155,2047.165,2046.215,2047.065
1704360600000,2047.235,2048.965,2047.165,2048.955
1704360900000,2048.975,2050.445,2048.915,2049.945
1704361200000,2049.945,2050.855,2049.285,2049.785
1704361500000,2049.755,2050.245,2048.745,2048.918
1704361800000,2048.918,2049.084,2048.385,2048.895
1704362100000,2048.908,2049.008,2047.658,2047.915
1704362400000,2047.895,2047.905,2046.745,2047.075
1704362700000,2047.085,2048.525,2046.935,2048.235
1704363000000,2048.215,2048.795,2047.755,2048.195
1704363300000,2048.215,2048.795,2048.125,2048.725
1704363600000,2048.705,2049.075,2048.228,2048.328
1704363900000,2048.345,2050.765,2048.345,2049.245
1704364200000,2049.275,2049.575,2048.765,2048.795
1704364500000,2048.805,2048.915,2048.435,2048.875
1704364800000,2048.885,2049.125,2047.875,2048.125
1704365100000,2048.135,2048.395,2046.705,2046.805
1704365400000,2046.785,2047.308,2046.565,2047.308
1704365700000,2047.308,2048.085,2047.118,2047.885
1704366000000,2047.865,2047.865,2046.995,2047.145
1704366300000,2047.165,2048.235,2047.165,2047.665
1704366600000,2047.555,2048.065,2047.245,2047.705
1704366900000,2047.735,2048.185,2047.395,2048.065
1704367200000,2048.065,2048.335,2047.445,2047.705
1704367500000,2047.715,2047.965,2047.535,2047.645
1704367800000,2047.638,2048.155,2047.155,2047.895
1704368100000,2047.905,2047.955,2047.308,2047.565
1704368400000,2047.578,2047.878,2046.808,2047.145
1704368700000,2047.205,2047.655,2046.795,2047.105
1704369000000,2047.125,2047.135,2044.868,2045.385
1704369300000,2045.415,2045.535,2044.828,2045.065
1704369600000,2044.995,2045.405,2044.285,2044.565
1704369900000,2044.575,2044.845,2043.245,2044.785
1704370200000,2044.755,2045.475,2044.255,2044.765
1704370500000,2044.745,2044.785,2043.778,2044.615
1704370800000,2044.595,2044.795,2044.325,2044.515
1704371100000,2044.515,2045.775,2044.495,2045.365
1704371400000,2045.365,2046.095,2044.885,2045.955
1704371700000,2045.955,2045.965,2044.685,2044.935
1704372000000,2044.945,2046.055,2044.685,2046.045
1704372300000,2046.035,2046.035,2045.255,2045.585
1704372600000,2045.655,2045.775,2045.205,2045.625
1704372900000,2045.575,2046.075,2045.325,2045.835
1704373200000,2045.895,2046.545,2045.235,2045.655
1704373500000,2045.605,2046.965,2045.605,2046.145
1704373800000,2046.185,2047.098,2045.525,2046.178
1704374100000,2046.135,2046.135,2044.375,2045.165
1704374400000,2045.115,2045.305,2042.375,2043.705
1704374700000,2043.695,2045.415,2043.195,2044.695
1704375000000,2044.755,2044.755,2040.365,2041.825
1704375300000,2041.815,2041.815,2040.225,2040.405
1704375600000,2040.385,2040.405,2038.715,2039.345
1704375900000,2039.375,2041.805,2039.115,2040.765
1704376200000,2040.695,2041.875,2040.655,2040.905
1704376500000,2040.885,2040.965,2039.425,2040.145
1704376800000,2040.165,2040.535,2038.885,2039.095
1704377100000,2039.035,2039.225,2037.305,2039.095
1704377400000,2039.095,2040.325,2038.935,2040.295
1704377700000,2040.275,2041.565,2039.995,2040.735
1704378000000,2040.725,2042.465,2040.445,2040.935
1704378300000,2040.998,2040.998,2039.935,2040.265
1704378600000,2040.285,2040.755,2038.875,2039.075
1704378900000,2039.105,2040.265,2038.865,2039.375
1704379200000,2039.295,2040.145,2038.865,2039.825
1704379500000,2039.745,2039.745,2036.335,2036.455
1704379800000,2036.455,2039.248,2036.155,2038.625
1704380100000,2038.655,2040.385,2038.445,2039.265
1704380400000,2039.345,2042.165,2038.995,2041.275
1704380700000,2041.385,2041.585,2040.095,2041.205
1704381000000,2041.205,2045.205,2041.205,2045.105
1704381300000,2045.105,2045.185,2043.598,2043.835
1704381600000,2043.745,2044.455,2042.665,2044.455
1704381900000,2044.465,2047.115,2043.365,2046.825
1704382200000,2046.825,2047.625,2045.345,2045.475
1704382500000,2045.465,2045.865,2044.665,2045.205
1704382800000,2045.125,2045.725,2044.485,2044.558
1704383100000,2044.558,2045.305,2043.655,2044.755
1704383400000,2044.765,2044.938,2043.425,2043.505
1704383700000,2043.525,2045.215,2043.415,2045.025
1704384000000,2045.075,2046.675,2044.695,2044.755
1704384300000,2044.765,2045.255,2044.205,2044.385
1704384600000,2044.355,2045.445,2044.255,2045.055
1704384900000,2045.035,2045.275,2044.125,2044.265
1704385200000,2044.285,2044.615,2044.065,2044.185
1704385500000,2044.195,2046.035,2044.195,2045.055
1704385800000,2045.075,2045.745,2044.495,2044.685
1704386100000,2044.665,2046.515,2044.665,2046.075
1704386400000,2046.005,2046.015,2044.955,2045.525
1704386700000,2045.525,2045.975,2044.245,2044.315
1704387000000,2044.365,2045.015,2044.285,2044.455
1704387300000,2044.435,2045.235,2044.435,2044.675
1704387600000,2044.725,2044.735,2043.105,2043.565
1704387900000,2043.565,2044.905,2043.525,2044.855
1704388200000,2044.855,2044.955,2043.515,2043.515
1704388500000,2043.495,2043.635,2042.295,2042.635
1704388800000,2042.615,2042.795,2041.625,2042.105
1704389100000,2042.035,2042.105,2041.415,2041.675
1704389400000,2041.665,2041.955,2040.765,2041.905
1704389700000,2041.885,2043.265,2041.485,2043.115
1704390000000,2042.985,2043.495,2042.235,2043.355
1704390300000,2043.345,2043.555,2042.545,2043.345
1704390600000,2043.375,2044.175,2042.605,2043.395
1704390900000,2043.375,2043.485,2042.745,2043.175
1704391200000,2043.095,2043.925,2043.015,2043.575
1704391500000,2043.535,2043.565,2042.225,2042.235
1704391800000,2042.205,2042.475,2041.785,2042.335
1704392100000,2042.275,2042.305,2041.445,2041.995
1704392400000,2041.905,2042.355,2041.815,2042.305
1704392700000,2042.305,2042.925,2042.175,2042.385
1704393000000,2042.385,2043.325,2042.035,2042.715
1704393300000,2042.775,2043.465,2042.555,2042.855
1704393600000,2042.825,2043.455,2042.605,2042.755
1704393900000,2042.735,2042.945,2042.005,2042.515
1704394200000,2042.625,2042.935,2041.995,2042.775
1704394500000,2042.755,2043.265,2042.555,2043.065
1704394800000,2043.045,2044.005,2043.045,2043.445
1704395100000,2043.485,2043.665,2043.195,2043.215
1704395400000,2043.235,2043.385,2042.705,2042.805
1704395700000,2042.755,2043.115,2042.395,2043.075
1704396000000,2043.095,2043.195,2042.525,2042.595
1704396300000,2042.525,2043.005,2042.495,2042.745
1704396600000,2042.735,2042.815,2042.415,2042.425
1704396900000,2042.425,2042.895,2042.425,2042.895
1704397200000,2042.895,2043.075,2042.515,2042.975
1704397500000,2042.975,2044.285,2042.905,2044.185
1704397800000,2044.255,2044.705,2044.125,2044.585
1704398100000,2044.555,2044.795,2044.195,2044.285
1704398400000,2044.265,2044.685,2043.965,2044.485
1704398700000,2044.455,2044.585,2043.995,2044.175
1704399000000,2044.115,2044.685,2044.085,2044.685
1704399300000,2044.685,2044.685,2043.935,2044.295
1704399600000,2044.295,2044.295,2043.585,2044.105
1704399900000,2044.095,2044.415,2043.575,2044.415
1704400200000,2044.445,2044.555,2044.025,2044.265
1704400500000,2044.335,2044.675,2044.195,2044.545
1704400800000,2044.655,2044.785,2044.015,2044.265
1704401100000,2044.305,2044.475,2044.085,2044.125
1704401400000,2044.125,2044.185,2043.445,2043.595
1704401700000,2043.595,2043.845,2042.955,2042.995
1704402000000,2043.025,2043.965,2043.025,2043.935
1704402300000,2043.935,2044.228,2043.475,2043.565
1704402600000,2043.575,2043.585,2043.185,2043.205
1704402900000,2043.235,2043.415,2043.195,2043.285
1704403200000,2043.275,2043.425,2043.265,2043.365
1704403500000,2043.365,2043.375,2043.125,2043.215
1704403800000,2043.145,2043.195,2043.135,2043.188
1704404100000,2043.198,2043.198,2043.068,2043.078
1704404400000,2043.068,2043.208,2043.018,2043.188
1704404700000,2043.188,2043.595,2043.145,2043.428
1704405000000,2043.385,2043.658,2043.378,2043.448
1704405300000,2043.468,2043.548,2042.945,2043.124
1704405600000,2043.124,2043.124,2043.124,2043.124
1704405900000,2043.124,2043.124,2043.124,2043.124
1704406200000,2043.124,2043.124,2043.124,2043.124
1704406500000,2043.124,2043.124,2043.124,2043.124
1704406800000,2043.124,2043.124,2043.124,2043.124
1704407100000,2043.124,2043.124,2043.124,2043.124
1704407400000,2043.124,2043.124,2043.124,2043.124
1704407700000,2043.124,2043.124,2043.124,2043.124
1704408000000,2043.124,2043.124,2043.124,2043.124
1704408300000,2043.124,2043.124,2043.124,2043.124
1704408600000,2043.124,2043.124,2043.124,2043.124
1704408900000,2043.124,2043.124,2043.124,2043.124
1704409200000,2043.218,2043.685,2042.774,2042.864
1704409500000,2042.824,2043.874,2042.774,2043.754
1704409800000,2043.885,2044.455,2043.885,2044.455
1704410100000,2044.445,2044.665,2043.635,2043.665
1704410400000,2043.655,2044.275,2042.965,2043.065
1704410700000,2043.005,2043.315,2042.785,2042.925
1704411000000,2042.925,2043.445,2042.725,2043.435
1704411300000,2043.365,2043.625,2043.235,2043.265
1704411600000,2043.205,2043.715,2042.915,2043.715
1704411900000,2043.635,2043.715,2042.935,2043.405
1704412200000,2043.445,2044.335,2043.095,2044.325
1704412500000,2044.295,2044.535,2043.998,2044.098
1704412800000,2044.128,2044.128,2043.395,2043.625
1704413100000,2043.725,2044.025,2043.225,2043.575
1704413400000,2043.565,2043.815,2043.485,2043.795
1704413700000,2043.665,2044.195,2043.595,2044.185
1704414000000,2044.185,2044.185,2043.705,2043.775
1704414300000,2043.755,2043.845,2043.455,2043.845
1704414600000,2043.905,2044.185,2043.495,2044.175
1704414900000,2044.145,2044.295,2043.828,2044.234
1704415200000,2044.234,2044.365,2043.708,2044.315
1704415500000,2044.185,2044.605,2043.985,2044.448
1704415800000,2044.425,2044.425,2043.948,2044.365
1704416100000,2044.395,2044.435,2043.895,2044.265
1704416400000,2044.275,2045.065,2043.995,2044.735
1704416700000,2044.725,2045.525,2044.555,2045.335
1704417000000,2045.365,2047.425,2045.365,2046.995
1704417300000,2047.035,2048.155,2047.025,2047.555
1704417600000,2047.535,2047.735,2046.405,2046.675
1704417900000,2046.645,2046.915,2045.925,2046.195
1704418200000,2046.225,2046.275,2045.485,2045.625
1704418500000,2045.625,2047.265,2045.355,2047.165
1704418800000,2047.125,2047.305,2046.375,2047.095
1704419100000,2047.145,2047.505,2046.575,2046.845
1704419400000,2046.925,2047.085,2046.045,2046.545
1704419700000,2046.625,2046.715,2045.805,2046.065
1704420000000,2046.085,2046.955,2045.605,2046.795
1704420300000,2046.855,2047.375,2046.725,2046.885
1704420600000,2046.885,2047.175,2046.525,2046.565
1704420900000,2046.575,2046.875,2046.395,2046.625
1704421200000,2046.635,2047.665,2046.635,2047.545
1704421500000,2047.545,2047.805,2047.005,2047.335
1704421800000,2047.315,2047.325,2046.325,2046.425
1704422100000,2046.415,2046.425,2045.795,2046.175
1704422400000,2046.335,2046.835,2046.178,2046.245
1704422700000,2046.278,2047.005,2046.155,2046.705
1704423000000,2046.655,2047.005,2046.155,2046.855
1704423300000,2046.855,2046.965,2045.935,2046.095
1704423600000,2046.095,2046.265,2045.845,2045.995
1704423900000,2046.015,2046.365,2045.685,2045.785
1704424200000,2045.785,2045.785,2044.685,2045.205
1704424500000,2045.185,2045.985,2044.895,2045.575
1704424800000,2045.525,2045.645,2045.195,2045.265
1704425100000,2045.265,2045.585,2045.045,2045.425
1704425400000,2045.395,2045.715,2045.145,2045.485
1704425700000,2045.495,2045.815,2045.155,2045.775
1704426000000,2045.775,2045.815,2044.995,2045.185
1704426300000,2045.235,2045.295,2044.865,2045.015
1704426600000,2045.085,2045.445,2044.845,2045.415
1704426900000,2045.435,2045.435,2044.955,2045.235
1704427200000,2045.265,2045.265,2045.015,2045.035
1704427500000,2044.975,2045.455,2044.935,2044.955
1704427800000,2044.978,2044.978,2044.365,2044.785
1704428100000,2044.825,2045.355,2044.525,2045.285
1704428400000,2045.285,2045.685,2045.235,2045.255
1704428700000,2045.245,2046.255,2045.205,2045.935
1704429000000,2045.935,2046.118,2045.705,2046.008
1704429300000,2045.998,2046.005,2045.408,2045.635
1704429600000,2045.625,2045.768,2045.198,2045.198
1704429900000,2045.185,2045.345,2044.998,2045.065
1704430200000,2045.015,2045.045,2044.715,2044.945
1704430500000,2044.945,2045.125,2044.505,2044.555
1704430800000,2044.515,2044.755,2044.085,2044.455
1704431100000,2044.465,2044.465,2043.575,2043.795
1704431400000,2043.755,2043.865,2043.055,2043.705
1704431700000,2043.725,2044.085,2043.605,2043.885
1704432000000,2043.865,2044.185,2043.715,2043.895
1704432300000,2043.885,2044.205,2043.685,2044.205
1704432600000,2044.315,2044.485,2043.925,2044.355
1704432900000,2044.325,2045.135,2044.315,2044.945
1704433200000,2044.935,2044.965,2044.245,2044.725
1704433500000,2044.725,2044.835,2044.295,2044.525
1704433800000,2044.485,2044.705,2043.858,2043.905
1704434100000,2043.875,2044.585,2043.865,2044.385
1704434400000,2044.345,2045.025,2044.085,2044.365
1704434700000,2044.345,2044.485,2044.015,2044.335
1704435000000,2044.365,2044.525,2044.105,2044.355
1704435300000,2044.365,2044.385,2043.255,2043.545
1704435600000,2043.555,2044.015,2042.715,2042.985
1704435900000,2042.925,2043.265,2042.005,2042.505
1704436200000,2042.455,2042.495,2041.335,2041.945
1704436500000,2041.995,2042.305,2040.965,2041.185
1704436800000,2041.275,2041.755,2040.805,2041.255
1704437100000,2041.225,2042.218,2040.875,2041.858
1704437400000,2041.865,2042.188,2041.305,2041.855
1704437700000,2041.855,2042.645,2041.805,2042.358
1704438000000,2042.358,2042.925,2041.975,2042.905
1704438300000,2042.895,2044.008,2042.525,2043.465
1704438600000,2043.465,2045.215,2043.428,2045.025
1704438900000,2045.035,2046.845,2044.745,2045.708
1704439200000,2045.735,2046.925,2045.225,2045.445
1704439500000,2045.465,2045.585,2044.505,2044.598
1704439800000,2044.598,2045.125,2044.388,2044.595
1704440100000,2044.595,2044.805,2043.678,2043.985
1704440400000,2043.984,2044.248,2043.165,2043.555
1704440700000,2043.565,2043.745,2043.025,2043.445
1704441000000,2043.525,2044.625,2043.465,2043.685
1704441300000,2043.678,2043.758,2042.918,2042.995
1704441600000,2043.005,2044.238,2042.855,2044.165
1704441900000,2044.165,2044.175,2042.055,2042.328
1704442200000,2042.318,2043.285,2042.245,2042.755
1704442500000,2042.725,2042.995,2041.825,2042.815
1704442800000,2042.835,2043.415,2042.345,2042.455
1704443100000,2042.385,2043.025,2042.165,2042.755
1704443400000,2042.745,2042.835,2041.255,2042.405
1704443700000,2042.385,2042.635,2042.055,2042.225
1704444000000,2042.255,2042.735,2042.025,2042.035
1704444300000,2042.055,2042.865,2041.635,2042.835
1704444600000,2042.765,2043.135,2041.965,2042.125
1704444900000,2042.025,2042.475,2041.695,2042.385
1704445200000,2042.305,2042.855,2041.885,2042.385
1704445500000,2042.355,2042.605,2041.578,2042.505
1704445800000,2042.475,2043.598,2042.205,2042.615
1704446100000,2042.665,2043.085,2041.955,2042.515
1704446400000,2042.525,2042.985,2042.355,2042.635
1704446700000,2042.655,2042.695,2041.925,2042.115
1704447000000,2042.025,2042.415,2041.855,2042.005
1704447300000,2042.085,2042.515,2041.665,2042.125
1704447600000,2042.145,2042.145,2040.985,2041.145
1704447900000,2041.175,2041.325,2040.855,2041.305
1704448200000,2041.305,2041.305,2038.928,2039.215
1704448500000,2039.098,2039.308,2038.295,2038.735
1704448800000,2038.765,2039.155,2038.015,2038.285
1704449100000,2038.265,2038.265,2037.285,2037.685
1704449400000,2037.685,2038.295,2037.355,2038.285
1704449700000,2038.285,2038.395,2037.765,2037.925
1704450000000,2037.905,2037.974,2037.278,2037.904
1704450300000,2037.895,2037.934,2037.235,2037.575
1704450600000,2037.615,2038.165,2037.525,2038.165
1704450900000,2038.145,2038.405,2037.855,2038.075
1704451200000,2038.045,2038.315,2037.805,2038.275
1704451500000,2038.295,2038.995,2038.128,2038.555
1704451800000,2038.525,2039.915,2038.185,2039.855
1704452100000,2039.835,2040.205,2039.715,2039.955
1704452400000,2039.935,2040.285,2039.555,2040.165
1704452700000,2040.165,2040.175,2039.565,2039.655
1704453000000,2039.655,2039.685,2038.485,2038.565
1704453300000,2038.565,2038.605,2037.865,2038.255
1704453600000,2038.255,2038.555,2037.685,2037.965
1704453900000,2037.965,2038.175,2037.035,2037.545
1704454200000,2037.565,2038.245,2037.445,2038.225
1704454500000,2038.235,2038.975,2038.235,2038.715
1704454800000,2038.735,2038.995,2037.965,2038.095
1704455100000,2038.115,2039.315,2037.925,2039.135
1704455400000,2039.145,2039.245,2038.515,2038.555
1704455700000,2038.555,2039.195,2038.435,2039.155
1704456000000,2039.155,2040.665,2038.615,2040.295
1704456300000,2040.315,2040.315,2038.845,2039.185
1704456600000,2039.145,2039.855,2039.075,2039.775
1704456900000,2039.755,2039.835,2039.185,2039.435
1704457200000,2039.455,2039.675,2038.525,2039.105
1704457500000,2039.025,2039.155,2038.355,2038.715
1704457800000,2038.655,2039.645,2038.655,2039.645
1704458100000,2039.745,2040.575,2039.745,2040.215
1704458400000,2040.215,2040.465,2039.695,2039.995
1704458700000,2039.995,2040.935,2039.875,2040.475
1704459000000,2040.455,2040.845,2040.058,2040.595
1704459300000,2040.575,2040.595,2039.945,2040.115
1704459600000,2040.135,2041.084,2039.375,2040.305
1704459900000,2040.325,2041.505,2040.245,2040.605
1704460200000,2040.585,2040.835,2039.385,2040.835
1704460500000,2040.905,2041.115,2040.005,2040.835
1704460800000,2040.815,2041.685,2040.415,2040.575
1704461100000,2040.595,2040.755,2038.945,2038.985
1704461400000,2038.985,2038.985,2024.255,2029.225
1704461700000,2029.225,2030.685,2024.625,2027.145
1704462000000,2027.125,2034.465,2024.995,2033.815
1704462300000,2033.765,2034.305,2029.885,2033.985
1704462600000,2033.985,2041.778,2033.978,2039.975
1704462900000,2040.065,2040.655,2037.838,2039.905
1704463200000,2039.885,2043.828,2039.885,2043.605
1704463500000,2043.605,2046.115,2041.285,2041.335
1704463800000,2041.335,2042.115,2038.655,2039.625
1704464100000,2039.625,2044.488,2039.485,2042.725
1704464400000,2042.745,2045.035,2042.315,2043.555
1704464700000,2043.475,2048.575,2043.055,2046.715
1704465000000,2046.735,2049.145,2045.975,2046.225
1704465300000,2046.245,2046.505,2043.135,2043.135
1704465600000,2043.095,2045.875,2041.638,2044.435
1704465900000,2044.445,2046.355,2044.075,2045.235
1704466200000,2045.205,2047.875,2045.185,2046.815
1704466500000,2046.845,2047.518,2046.075,2046.585
1704466800000,2046.595,2059.025,2046.544,2057.325
1704467100000,2057.325,2060.415,2056.395,2060.188
1704467400000,2060.225,2063.265,2059.885,2059.968
1704467700000,2060.068,2060.768,2057.498,2058.745
1704468000000,2058.725,2063.835,2057.495,2063.115
1704468300000,2063.125,2063.838,2059.445,2059.595
1704468600000,2059.635,2062.585,2058.205,2061.725
1704468900000,2061.765,2062.625,2060.535,2060.925
1704469200000,2060.925,2062.365,2060.215,2060.565
1704469500000,2060.535,2061.215,2057.365,2057.485
1704469800000,2057.485,2058.235,2056.795,2057.615
1704470100000,2057.635,2057.775,2054.335,2054.745
1704470400000,2054.815,2055.745,2053.045,2053.295
1704470700000,2053.268,2054.005,2051.935,2053.445
1704471000000,2053.495,2056.155,2052.545,2055.635
1704471300000,2055.735,2056.075,2052.705,2052.775
1704471600000,2052.815,2052.815,2050.585,2051.105
1704471900000,2051.165,2051.695,2049.765,2050.435
1704472200000,2050.435,2051.825,2050.215,2051.635
1704472500000,2051.615,2051.795,2050.495,2051.605
1704472800000,2051.585,2051.785,2050.115,2050.275
1704473100000,2050.295,2050.875,2047.695,2047.895
1704473400000,2047.885,2048.405,2047.395,2047.395
1704473700000,2047.475,2047.505,2044.025,2044.948
1704474000000,2044.925,2044.965,2043.345,2044.145
1704474300000,2044.104,2045.128,2042.115,2042.195
1704474600000,2042.185,2044.145,2040.915,2043.515
1704474900000,2043.485,2044.185,2042.965,2042.965
1704475200000,2042.965,2045.365,2042.965,2044.195
1704475500000,2044.195,2044.575,2040.905,2041.445
1704475800000,2041.465,2042.505,2040.335,2040.505
1704476100000,2040.585,2042.635,2040.435,2041.805
1704476400000,2041.734,2043.205,2041.025,2042.295
1704476700000,2042.275,2043.035,2041.135,2042.855
1704477000000,2042.945,2043.615,2042.035,2042.928
1704477300000,2042.925,2043.198,2041.725,2041.845
1704477600000,2041.835,2042.228,2040.385,2041.405
1704477900000,2041.295,2042.365,2040.915,2041.185
1704478200000,2041.175,2042.015,2040.965,2041.585
1704478500000,2041.605,2042.175,2041.125,2041.605
1704478800000,2041.675,2042.625,2041.175,2042.605
1704479100000,2042.575,2043.465,2042.535,2043.105
1704479400000,2043.115,2044.815,2042.935,2043.515
1704479700000,2043.495,2045.845,2043.305,2045.145
1704480000000,2045.125,2046.025,2044.785,2045.265
1704480300000,2045.235,2046.975,2045.165,2046.098
1704480600000,2046.105,2047.115,2045.905,2046.855
1704480900000,2046.858,2048.445,2046.675,2048.058
1704481200000,2048.085,2048.855,2048.055,2048.375
1704481500000,2048.425,2049.475,2048.145,2049.245
1704481800000,2049.305,2050.195,2048.805,2049.105
1704482100000,2049.078,2049.315,2047.175,2047.578
1704482400000,2047.605,2048.535,2047.475,2047.605
1704482700000,2047.605,2048.445,2047.275,2047.325
1704483000000,2047.345,2048.025,2047.335,2047.525
1704483300000,2047.545,2048.245,2047.155,2047.375
1704483600000,2047.455,2047.455,2046.365,2046.545
1704483900000,2046.525,2046.545,2045.465,2045.545
1704484200000,2045.545,2046.015,2044.865,2045.965
1704484500000,2045.945,2046.595,2045.545,2045.635
1704484800000,2045.655,2045.695,2044.335,2044.455
1704485100000,2044.435,2045.155,2044.435,2044.715
1704485400000,2044.615,2044.775,2043.735,2044.535
1704485700000,2044.528,2044.528,2043.705,2043.755
1704486000000,2043.735,2044.865,2043.715,2044.625
1704486300000,2044.615,2044.775,2043.975,2044.105
1704486600000,2044.175,2044.425,2043.715,2044.125
1704486900000,2044.125,2044.285,2043.185,2043.185
1704487200000,2043.165,2043.705,2042.785,2043.645
1704487500000,2043.675,2044.825,2043.635,2044.735
1704487800000,2044.725,2044.845,2044.295,2044.745
1704488100000,2044.805,2044.805,2043.555,2043.575
1704488400000,2043.645,2044.625,2043.645,2044.115
1704488700000,2044.095,2044.418,2043.905,2043.948
1704489000000,2043.968,2044.445,2043.808,2044.375
1704489300000,2044.375,2044.545,2044.095,2044.435
1704489600000,2044.435,2044.825,2044.285,2044.795
1704489900000,2044.755,2044.805,2044.475,2044.725
1704490200000,2044.685,2044.798,2044.478,2044.708
1704490500000,2044.718,2044.825,2044.215,2044.215
1704490800000,2044.215,2044.815,2043.855,2044.815
1704491100000,2044.815,2045.705,2044.555,2045.685
1704491400000,2045.685,2046.068,2044.928,2044.955
1704491700000,2044.955,2045.535,2044.888,2045.355
1704585600000,2044.498,2044.498,2044.498,2044.498
1704585900000,2044.498,2044.498,2044.498,2044.498
1704586200000,2044.498,2044.498,2044.498,2044.498
1704586500000,2044.498,2044.498,2044.498,2044.498
1704586800000,2044.498,2044.498,2044.498,2044.498
1704587100000,2044.498,2044.498,2044.498,2044.498
1704587400000,2044.498,2044.498,2044.498,2044.498
1704587700000,2044.498,2044.498,2044.498,2044.498
1704588000000,2044.498,2044.498,2044.498,2044.498
1704588300000,2044.498,2044.498,2044.498,2044.498
1704588600000,2044.498,2044.498,2044.498,2044.498
1704588900000,2044.498,2044.498,2044.498,2044.498
1704589200000,2044.498,2044.498,2044.498,2044.498
1704589500000,2044.498,2044.498,2044.498,2044.498
1704589800000,2044.498,2044.498,2044.498,2044.498
1704590100000,2044.498,2044.498,2044.498,2044.498
1704590400000,2044.498,2044.498,2044.498,2044.498
1704590700000,2044.498,2044.498,2044.498,2044.498
1704591000000,2044.498,2044.498,2044.498,2044.498
1704591300000,2044.498,2044.498,2044.498,2044.498
1704591600000,2044.498,2044.498,2044.498,2044.498
1704591900000,2044.498,2044.498,2044.498,2044.498
1704592200000,2044.498,2044.498,2044.498,2044.498
1704592500000,2044.498,2044.498,2044.498,2044.498
1704592800000,2044.498,2044.498,2044.498,2044.498
1704593100000,2044.498,2044.498,2044.498,2044.498
1704593400000,2044.498,2044.498,2044.498,2044.498
1704593700000,2044.498,2044.498,2044.498,2044.498
1704594000000,2044.498,2044.498,2044.498,2044.498
1704594300000,2044.498,2044.498,2044.498,2044.498
1704594600000,2044.498,2044.498,2044.498,2044.498
1704594900000,2044.498,2044.498,2044.498,2044.498
1704595200000,2044.498,2044.498,2044.498,2044.498
1704595500000,2044.498,2044.498,2044.498,2044.498
1704595800000,2044.498,2044.498,2044.498,2044.498
1704596100000,2044.498,2044.498,2044.498,2044.498
1704596400000,2044.498,2044.498,2044.498,2044.498
1704596700000,2044.498,2044.498,2044.498,2044.498
1704597000000,2044.498,2044.498,2044.498,2044.498
1704597300000,2044.498,2044.498,2044.498,2044.498
1704597600000,2044.498,2044.498,2044.498,2044.498
1704597900000,2044.498,2044.498,2044.498,2044.498
1704598200000,2044.498,2044.498,2044.498,2044.498
1704598500000,2044.498,2044.498,2044.498,2044.498
1704598800000,2044.498,2044.498,2044.498,2044.498
1704599100000,2044.498,2044.498,2044.498,2044.498
1704599400000,2044.498,2044.498,2044.498,2044.498
1704599700000,2044.498,2044.498,2044.498,2044.498
1704600000000,2044.498,2044.498,2044.498,2044.498
1704600300000,2044.498,2044.498,2044.498,2044.498
1704600600000,2044.498,2044.498,2044.498,2044.498
1704600900000,2044.498,2044.498,2044.498,2044.498
1704601200000,2044.498,2044.498,2044.498,2044.498
1704601500000,2044.498,2044.498,2044.498,2044.498
1704601800000,2044.498,2044.498,2044.498,2044.498
1704602100000,2044.498,2044.498,2044.498,2044.498
1704602400000,2044.498,2044.498,2044.498,2044.498
1704602700000,2044.498,2044.498,2044.498,2044.498
1704603000000,2044.498,2044.498,2044.498,2044.498
1704603300000,2044.498,2044.498,2044.498,2044.498
1704603600000,2044.498,2044.498,2044.498,2044.498
1704603900000,2044.498,2044.498,2044.498,2044.498
1704604200000,2044.498,2044.498,2044.498,2044.498
1704604500000,2044.498,2044.498,2044.498,2044.498
1704604800000,2044.498,2044.498,2044.498,2044.498
1704605100000,2044.498,2044.498,2044.498,2044.498
1704605400000,2044.498,2044.498,2044.498,2044.498
1704605700000,2044.498,2044.498,2044.498,2044.498
1704606000000,2044.498,2044.498,2044.498,2044.498
1704606300000,2044.498,2044.498,2044.498,2044.498
1704606600000,2044.498,2044.498,2044.498,2044.498
1704606900000,2044.498,2044.498,2044.498,2044.498
1704607200000,2044.498,2044.498,2044.498,2044.498
1704607500000,2044.498,2044.498,2044.498,2044.498
1704607800000,2044.498,2044.498,2044.498,2044.498
1704608100000,2044.498,2044.498,2044.498,2044.498
1704608400000,2044.498,2044.498,2044.498,2044.498
1704608700000,2044.498,2044.498,2044.498,2044.498
1704609000000,2044.498,2044.498,2044.498,2044.498
1704609300000,2044.498,2044.498,2044.498,2044.498
1704609600000,2044.498,2044.498,2044.498,2044.498
1704609900000,2044.498,2044.498,2044.498,2044.498
1704610200000,2044.498,2044.498,2044.498,2044.498
1704610500000,2044.498,2044.498,2044.498,2044.498
1704610800000,2044.498,2044.498,2044.498,2044.498
1704611100000,2044.498,2044.498,2044.498,2044.498
1704611400000,2044.498,2044.498,2044.498,2044.498
1704611700000,2044.498,2044.498,2044.498,2044.498
1704612000000,2044.498,2044.498,2044.498,2044.498
1704612300000,2044.498,2044.498,2044.498,2044.498
1704612600000,2044.498,2044.498,2044.498,2044.498
1704612900000,2044.498,2044.498,2044.498,2044.498
1704613200000,2044.498,2044.498,2044.498,2044.498
1704613500000,2044.498,2044.498,2044.498,2044.498
1704613800000,2044.498,2044.498,2044.498,2044.498
1704614100000,2044.498,2044.498,2044.498,2044.498
1704614400000,2044.498,2044.498,2044.498,2044.498
1704614700000,2044.498,2044.498,2044.498,2044.498
1704615000000,2044.498,2044.498,2044.498,2044.498
1704615300000,2044.498,2044.498,2044.498,2044.498
1704615600000,2044.498,2044.498,2044.498,2044.498
1704615900000,2044.498,2044.498,2044.498,2044.498
1704616200000,2044.498,2044.498,2044.498,2044.498
1704616500000,2044.498,2044.498,2044.498,2044.498
1704616800000,2044.498,2044.498,2044.498,2044.498
1704617100000,2044.498,2044.498,2044.498,2044.498
1704617400000,2044.498,2044.498,2044.498,2044.498
1704617700000,2044.498,2044.498,2044.498,2044.498
1704618000000,2044.498,2044.498,2044.498,2044.498
1704618300000,2044.498,2044.498,2044.498,2044.498
1704618600000,2044.498,2044.498,2044.498,2044.498
1704618900000,2044.498,2044.498,2044.498,2044.498
1704619200000,2044.498,2044.498,2044.498,2044.498
1704619500000,2044.498,2044.498,2044.498,2044.498
1704619800000,2044.498,2044.498,2044.498,2044.498
1704620100000,2044.498,2044.498,2044.498,2044.498
1704620400000,2044.498,2044.498,2044.498,2044.498
1704620700000,2044.498,2044.498,2044.498,2044.498
1704621000000,2044.498,2044.498,2044.498,2044.498
1704621300000,2044.498,2044.498,2044.498,2044.498
1704621600000,2044.498,2044.498,2044.498,2044.498
1704621900000,2044.498,2044.498,2044.498,2044.498
1704622200000,2044.498,2044.498,2044.498,2044.498
1704622500000,2044.498,2044.498,2044.498,2044.498
1704622800000,2044.498,2044.498,2044.498,2044.498
1704623100000,2044.498,2044.498,2044.498,2044.498
1704623400000,2044.498,2044.498,2044.498,2044.498
1704623700000,2044.498,2044.498,2044.498,2044.498
1704624000000,2044.498,2044.498,2044.498,2044.498
1704624300000,2044.498,2044.498,2044.498,2044.498
1704624600000,2044.498,2044.498,2044.498,2044.498
1704624900000,2044.498,2044.498,2044.498,2044.498
1704625200000,2044.498,2044.498,2044.498,2044.498
1704625500000,2044.498,2044.498,2044.498,2044.498
1704625800000,2044.498,2044.498,2044.498,2044.498
1704626100000,2044.498,2044.498,2044.498,2044.498
1704626400000,2044.498,2044.498,2044.498,2044.498
1704626700000,2044.498,2044.498,2044.498,2044.498
1704627000000,2044.498,2044.498,2044.498,2044.498
1704627300000,2044.498,2044.498,2044.498,2044.498
1704627600000,2044.498,2044.498,2044.498,2044.498
1704627900000,2044.498,2044.498,2044.498,2044.498
1704628200000,2044.498,2044.498,2044.498,2044.498
1704628500000,2044.498,2044.498,2044.498,2044.498
1704628800000,2044.498,2044.498,2044.498,2044.498
1704629100000,2044.498,2044.498,2044.498,2044.498
1704629400000,2044.498,2044.498,2044.498,2044.498
1704629700000,2044.498,2044.498,2044.498,2044.498
1704630000000,2044.498,2044.498,2044.498,2044.498
1704630300000,2044.498,2044.498,2044.498,2044.498
1704630600000,2044.498,2044.498,2044.498,2044.498
1704630900000,2044.498,2044.498,2044.498,2044.498
1704631200000,2044.498,2044.498,2044.498,2044.498
1704631500000,2044.498,2044.498,2044.498,2044.498
1704631800000,2044.498,2044.498,2044.498,2044.498
1704632100000,2044.498,2044.498,2044.498,2044.498
1704632400000,2044.498,2044.498,2044.498,2044.498
1704632700000,2044.498,2044.498,2044.498,2044.498
1704633000000,2044.498,2044.498,2044.498,2044.498
1704633300000,2044.498,2044.498,2044.498,2044.498
1704633600000,2044.498,2044.498,2044.498,2044.498
1704633900000,2044.498,2044.498,2044.498,2044.498
1704634200000,2044.498,2044.498,2044.498,2044.498
1704634500000,2044.498,2044.498,2044.498,2044.498
1704634800000,2044.498,2044.498,2044.498,2044.498
1704635100000,2044.498,2044.498,2044.498,2044.498
1704635400000,2044.498,2044.498,2044.498,2044.498
1704635700000,2044.498,2044.498,2044.498,2044.498
1704636000000,2044.498,2044.498,2044.498,2044.498
1704636300000,2044.498,2044.498,2044.498,2044.498
1704636600000,2044.498,2044.498,2044.498,2044.498
1704636900000,2044.498,2044.498,2044.498,2044.498
1704637200000,2044.498,2044.498,2044.498,2044.498
1704637500000,2044.498,2044.498,2044.498,2044.498
1704637800000,2044.498,2044.498,2044.498,2044.498
1704638100000,2044.498,2044.498,2044.498,2044.498
1704638400000,2044.498,2044.498,2044.498,2044.498
1704638700000,2044.498,2044.498,2044.498,2044.498
1704639000000,2044.498,2044.498,2044.498,2044.498
1704639300000,2044.498,2044.498,2044.498,2044.498
1704639600000,2044.498,2044.498,2044.498,2044.498
1704639900000,2044.498,2044.498,2044.498,2044.498
1704640200000,2044.498,2044.498,2044.498,2044.498
1704640500000,2044.498,2044.498,2044.498,2044.498
1704640800000,2044.498,2044.498,2044.498,2044.498
1704641100000,2044.498,2044.498,2044.498,2044.498
1704641400000,2044.498,2044.498,2044.498,2044.498
1704641700000,2044.498,2044.498,2044.498,2044.498
1704642000000,2044.498,2044.498,2044.498,2044.498
1704642300000,2044.498,2044.498,2044.498,2044.498
1704642600000,2044.498,2044.498,2044.498,2044.498
1704642900000,2044.498,2044.498,2044.498,2044.498
1704643200000,2044.498,2044.498,2044.498,2044.498
1704643500000,2044.498,2044.498,2044.498,2044.498
1704643800000,2044.498,2044.498,2044.498,2044.498
1704644100000,2044.498,2044.498,2044.498,2044.498
1704644400000,2044.498,2044.498,2044.498,2044.498
1704644700000,2044.498,2044.498,2044.498,2044.498
1704645000000,2044.498,2044.498,2044.498,2044.498
1704645300000,2044.498,2044.498,2044.498,2044.498
1704645600000,2044.498,2044.498,2044.498,2044.498
1704645900000,2044.498,2044.498,2044.498,2044.498
1704646200000,2044.498,2044.498,2044.498,2044.498
1704646500000,2044.498,2044.498,2044.498,2044.498
1704646800000,2044.498,2044.498,2044.498,2044.498
1704647100000,2044.498,2044.498,2044.498,2044.498
1704647400000,2044.498,2044.498,2044.498,2044.498
1704647700000,2044.498,2044.498,2044.498,2044.498
1704648000000,2044.498,2044.498,2044.498,2044.498
1704648300000,2044.498,2044.498,2044.498,2044.498
1704648600000,2044.498,2044.498,2044.498,2044.498
1704648900000,2044.498,2044.498,2044.498,2044.498
1704649200000,2044.498,2044.498,2044.498,2044.498
1704649500000,2044.498,2044.498,2044.498,2044.498
1704649800000,2044.498,2044.498,2044.498,2044.498
1704650100000,2044.498,2044.498,2044.498,2044.498
1704650400000,2044.498,2044.498,2044.498,2044.498
1704650700000,2044.498,2044.498,2044.498,2044.498
1704651000000,2044.498,2044.498,2044.498,2044.498
1704651300000,2044.498,2044.498,2044.498,2044.498
1704651600000,2044.498,2044.498,2044.498,2044.498
1704651900000,2044.498,2044.498,2044.498,2044.498
1704652200000,2044.498,2044.498,2044.498,2044.498
1704652500000,2044.498,2044.498,2044.498,2044.498
1704652800000,2044.498,2044.498,2044.498,2044.498
1704653100000,2044.498,2044.498,2044.498,2044.498
1704653400000,2044.498,2044.498,2044.498,2044.498
1704653700000,2044.498,2044.498,2044.498,2044.498
1704654000000,2044.498,2044.498,2044.498,2044.498
1704654300000,2044.498,2044.498,2044.498,2044.498
1704654600000,2044.498,2044.498,2044.498,2044.498
1704654900000,2044.498,2044.498,2044.498,2044.498
1704655200000,2044.498,2044.498,2044.498,2044.498
1704655500000,2044.498,2044.498,2044.498,2044.498
1704655800000,2044.498,2044.498,2044.498,2044.498
1704656100000,2044.498,2044.498,2044.498,2044.498
1704656400000,2044.498,2044.498,2044.498,2044.498
1704656700000,2044.498,2044.498,2044.498,2044.498
1704657000000,2044.498,2044.498,2044.498,2044.498
1704657300000,2044.498,2044.498,2044.498,2044.498
1704657600000,2044.498,2044.498,2044.498,2044.498
1704657900000,2044.498,2044.498,2044.498,2044.498
1704658200000,2044.498,2044.498,2044.498,2044.498
1704658500000,2044.498,2044.498,2044.498,2044.498
1704658800000,2044.498,2044.498,2044.498,2044.498
1704659100000,2044.498,2044.498,2044.498,2044.498
1704659400000,2044.498,2044.498,2044.498,2044.498
1704659700000,2044.498,2044.498,2044.498,2044.498
1704660000000,2044.498,2044.498,2044.498,2044.498
1704660300000,2044.498,2044.498,2044.498,2044.498
1704660600000,2044.498,2044.498,2044.498,2044.498
1704660900000,2044.498,2044.498,2044.498,2044.498
1704661200000,2044.498,2044.498,2044.498,2044.498
1704661500000,2044.498,2044.498,2044.498,2044.498
1704661800000,2044.498,2044.498,2044.498,2044.498
1704662100000,2044.498,2044.498,2044.498,2044.498
1704662400000,2044.498,2044.498,2044.498,2044.498
1704662700000,2044.498,2044.498,2044.498,2044.498
1704663000000,2044.498,2044.498,2044.498,2044.498
1704663300000,2044.498,2044.498,2044.498,2044.498
1704663600000,2044.498,2044.498,2044.498,2044.498
1704663900000,2044.498,2044.498,2044.498,2044.498
1704664200000,2044.498,2044.498,2044.498,2044.498
1704664500000,2044.498,2044.498,2044.498,2044.498
1704664800000,2044.498,2044.498,2044.498,2044.498
1704665100000,2044.498,2044.498,2044.498,2044.498
1704665400000,2044.498,2044.498,2044.498,2044.498
1704665700000,2044.498,2044.498,2044.498,2044.498
1704666000000,2044.498,2044.498,2044.498,2044.498
1704666300000,2044.498,2044.498,2044.498,2044.498
1704666600000,2044.498,2044.498,2044.498,2044.498
1704666900000,2044.498,2044.498,2044.498,2044.498
1704667200000,2044.498,2044.498,2044.498,2044.498
1704667500000,2044.498,2044.498,2044.498,2044.498
1704667800000,2044.498,2044.498,2044.498,2044.498
1704668100000,2044.498,2044.498,2044.498,2044.498
1704668400000,2044.385,2045.005,2042.825,2044.494
1704668700000,2044.514,2045.474,2044.384,2045.295
1704669000000,2045.305,2045.405,2044.405,2045.025
1704669300000,2044.915,2045.225,2044.525,2045.225
1704669600000,2045.215,2045.565,2044.775,2045.105
1704669900000,2045.185,2045.185,2044.175,2044.375
1704670200000,2044.445,2044.665,2044.025,2044.475
1704670500000,2044.495,2044.635,2043.835,2043.835
1704670800000,2043.895,2044.385,2042.805,2044.115
1704671100000,2044.025,2044.345,2043.755,2043.775
1704671400000,2043.825,2044.165,2042.985,2042.985
1704671700000,2043.025,2044.335,2042.915,2044.195
1704672000000,2044.235,2044.425,2043.695,2043.935
1704672300000,2043.955,2044.195,2043.835,2043.935
1704672600000,2043.915,2045.105,2043.915,2044.955
1704672900000,2044.955,2045.565,2044.945,2045.135
1704673200000,2045.128,2045.815,2045.105,2045.495
1704673500000,2045.495,2045.875,2044.905,2045.805
1704673800000,2045.765,2046.075,2045.465,2045.955
1704674100000,2045.875,2046.105,2045.405,2045.435
1704674400000,2045.415,2046.245,2045.395,2045.985
1704674700000,2045.995,2046.195,2045.625,2045.755
1704675000000,2045.745,2045.994,2045.625,2045.764
1704675300000,2045.754,2046.108,2045.414,2045.875
1704675600000,2045.855,2045.855,2044.465,2044.715
1704675900000,2044.715,2045.865,2044.545,2045.775
1704676200000,2045.775,2046.395,2044.955,2045.325
1704676500000,2045.265,2046.245,2044.895,2046.215
1704676800000,2046.245,2046.525,2045.695,2045.825
1704677100000,2045.755,2045.845,2045.194,2045.698
1704677400000,2045.704,2045.735,2044.858,2045.134
1704677700000,2045.128,2045.448,2043.775,2044.645
1704678000000,2044.625,2044.675,2043.435,2043.645
1704678300000,2043.645,2044.415,2042.825,2043.245
1704678600000,2043.195,2044.045,2043.015,2043.215
1704678900000,2043.215,2043.795,2042.815,2043.715
1704679200000,2043.715,2043.725,2042.375,2043.065
1704679500000,2043.065,2043.535,2041.588,2043.405
1704679800000,2043.475,2043.545,2042.568,2042.798
1704680100000,2042.828,2042.928,2042.085,2042.428
1704680400000,2042.434,2043.215,2042.425,2042.815
1704680700000,2042.855,2043.275,2042.255,2042.425
1704681000000,2042.465,2042.885,2042.118,2042.855
1704681300000,2042.835,2043.435,2042.615,2043.085
1704681600000,2043.085,2043.285,2042.575,2042.935
1704681900000,2042.835,2042.835,2042.275,2042.635
1704682200000,2042.685,2043.025,2041.305,2041.785
1704682500000,2041.765,2042.105,2041.165,2041.215
1704682800000,2041.165,2041.405,2040.185,2040.435
1704683100000,2040.445,2040.705,2039.415,2039.475
1704683400000,2039.475,2040.315,2039.395,2040.265
1704683700000,2040.345,2041.005,2040.345,2040.995
1704684000000,2041.015,2041.065,2039.905,2039.955
1704684300000,2040.015,2040.355,2039.715,2039.955
1704684600000,2039.935,2040.155,2039.415,2040.155
1704684900000,2040.115,2040.155,2039.515,2039.625
1704685200000,2039.605,2039.625,2035.354,2037.425
1704685500000,2037.445,2038.065,2035.875,2035.905
1704685800000,2035.905,2036.805,2035.085,2035.495
1704686100000,2035.455,2036.015,2034.975,2036.015
1704686400000,2036.075,2037.555,2036.045,2036.175
1704686700000,2036.155,2036.885,2035.845,2035.945
1704687000000,2035.885,2036.095,2035.575,2035.955
1704687300000,2035.925,2037.175,2035.835,2036.645
1704687600000,2036.625,2036.765,2036.295,2036.655
1704687900000,2036.675,2037.145,2036.185,2036.755
1704688200000,2036.755,2036.755,2036.025,2036.095
1704688500000,2036.105,2036.495,2036.055,2036.265
1704688800000,2036.235,2036.785,2035.855,2035.915
1704689100000,2035.935,2036.075,2035.665,2035.715
1704689400000,2035.715,2036.225,2035.645,2035.955
1704689700000,2035.955,2036.295,2035.575,2035.715
1704690000000,2035.665,2036.045,2035.075,2035.565
1704690300000,2035.605,2035.855,2034.745,2035.445
1704690600000,2035.495,2035.495,2034.505,2034.735
1704690900000,2034.755,2035.755,2034.595,2035.705
1704691200000,2035.635,2035.755,2035.265,2035.485
1704691500000,2035.465,2035.535,2034.835,2034.915
1704691800000,2034.915,2035.115,2030.084,2031.385
1704692100000,2031.385,2032.675,2026.925,2029.305
1704692400000,2029.315,2030.775,2028.825,2029.305
1704692700000,2029.325,2029.665,2028.525,2029.315
1704693000000,2029.305,2030.745,2029.185,2030.225
1704693300000,2030.235,2030.815,2030.085,2030.685
1704693600000,2030.685,2031.085,2030.285,2030.975
1704693900000,2030.965,2032.045,2030.965,2031.835
1704694200000,2031.795,2032.515,2031.205,2031.965
1704694500000,2031.978,2032.485,2031.625,2032.475
1704694800000,2032.495,2032.525,2030.378,2031.165
1704695100000,2031.085,2031.965,2031.065,2031.855
1704695400000,2031.855,2032.515,2031.195,2032.485
1704695700000,2032.485,2032.955,2031.925,2032.535
1704696000000,2032.545,2033.115,2032.415,2032.785
1704696300000,2032.785,2033.175,2032.525,2032.735
1704696600000,2032.725,2033.205,2032.405,2032.925
1704696900000,2032.925,2033.155,2032.525,2032.905
1704697200000,2032.895,2033.135,2031.605,2031.735
1704697500000,2031.715,2032.295,2031.335,2031.545
1704697800000,2031.535,2032.605,2031.225,2032.525
1704698100000,2032.525,2033.075,2030.625,2030.875
1704698400000,2030.875,2030.985,2029.525,2030.065
1704698700000,2030.035,2030.685,2028.505,2030.145
1704699000000,2030.245,2031.175,2029.305,2029.455
1704699300000,2029.425,2030.055,2029.295,2029.425
1704699600000,2029.505,2030.965,2028.885,2030.735
1704699900000,2030.745,2032.495,2030.725,2031.905
1704700200000,2031.905,2032.865,2031.738,2032.415
1704700500000,2032.415,2032.545,2031.325,2031.355
1704700800000,2031.305,2031.645,2029.535,2030.265
1704701100000,2030.255,2030.455,2029.145,2029.705
1704701400000,2029.665,2030.615,2027.735,2028.795
1704701700000,2028.815,2029.885,2028.575,2029.315
1704702000000,2029.385,2029.945,2029.165,2029.605
1704702300000,2029.705,2029.735,2028.415,2029.245
1704702600000,2029.245,2030.615,2028.975,2030.085
1704702900000,2030.115,2030.275,2028.945,2029.215
1704703200000,2029.215,2029.355,2027.625,2028.285
1704703500000,2028.325,2028.895,2027.845,2028.695
1704703800000,2028.655,2028.655,2027.395,2027.415
1704704100000,2027.395,2028.665,2027.145,2028.205
1704704400000,2028.165,2028.505,2027.738,2027.895
1704704700000,2027.875,2030.035,2027.565,2029.365
1704705000000,2029.365,2029.705,2027.745,2027.955
1704705300000,2027.975,2028.395,2026.465,2027.065
1704705600000,2027.075,2027.705,2026.865,2027.275
1704705900000,2027.285,2028.175,2027.065,2028.165
1704706200000,2028.085,2028.555,2027.315,2028.485
1704706500000,2028.565,2029.355,2028.255,2028.845
1704706800000,2028.825,2029.525,2028.395,2029.525
1704707100000,2029.495,2031.685,2029.495,2031.295
1704707400000,2031.285,2031.285,2029.965,2030.478
1704707700000,2030.528,2030.995,2028.835,2028.965
1704708000000,2028.965,2029.298,2028.078,2028.315
1704708300000,2028.355,2029.265,2027.935,2029.115
1704708600000,2029.115,2029.345,2028.275,2028.785
1704708900000,2028.785,2029.435,2028.785,2028.925
1704709200000,2028.895,2028.895,2027.765,2028.475
1704709500000,2028.445,2028.485,2027.455,2028.005
1704709800000,2027.958,2028.405,2027.685,2028.225
1704710100000,2028.205,2028.205,2027.455,2027.955
1704710400000,2027.945,2028.135,2026.885,2027.295
1704710700000,2027.285,2027.895,2026.925,2027.675
1704711000000,2027.695,2027.945,2027.115,2027.475
1704711300000,2027.455,2027.785,2027.245,2027.515
1704711600000,2027.495,2027.815,2026.845,2026.995
1704711900000,2027.005,2027.015,2025.228,2025.415
1704712200000,2025.405,2026.085,2025.285,2025.555
1704712500000,2025.558,2025.775,2016.604,2021.485
1704712800000,2021.475,2023.605,2020.325,2020.625
1704713100000,2020.615,2022.728,2020.355,2022.405
1704713400000,2022.385,2023.135,2021.098,2021.105
1704713700000,2021.105,2021.155,2020.258,2020.555
1704714000000,2020.595,2020.748,2019.595,2020.215
1704714300000,2020.305,2020.575,2019.545,2020.298
1704714600000,2020.298,2021.158,2020.008,2020.808
1704714900000,2020.735,2021.418,2019.805,2019.958
1704715200000,2019.958,2020.685,2019.525,2020.255
1704715500000,2020.225,2020.835,2019.815,2020.345
1704715800000,2020.375,2021.065,2019.775,2020.585
1704716100000,2020.605,2020.685,2019.355,2020.175
1704716400000,2020.175,2020.785,2020.045,2020.765
1704716700000,2020.755,2020.755,2019.795,2019.985
1704717000000,2019.975,2020.765,2018.865,2019.865
1704717300000,2019.895,2019.965,2019.555,2019.605
1704717600000,2019.565,2020.435,2019.565,2019.925
1704717900000,2019.925,2021.755,2019.635,2021.575
1704718200000,2021.585,2022.845,2021.355,2022.755
1704718500000,2022.745,2024.845,2022.645,2024.585
1704718800000,2024.605,2025.425,2023.035,2024.845
1704719100000,2024.845,2025.105,2021.455,2021.875
1704719400000,2021.855,2022.185,2020.405,2020.785
1704719700000,2020.805,2024.295,2020.755,2023.785
1704720000000,2023.775,2023.958,2020.795,2022.148
1704720300000,2022.155,2022.705,2020.365,2021.955
1704720600000,2021.975,2023.228,2020.735,2020.905
1704720900000,2020.995,2022.155,2019.615,2019.715
1704721200000,2019.655,2022.565,2019.625,2022.295
1704721500000,2022.235,2022.235,2020.705,2021.265
1704721800000,2021.265,2021.545,2018.345,2018.915
1704722100000,2018.825,2019.505,2018.505,2018.895
1704722400000,2018.905,2021.005,2018.815,2020.365
1704722700000,2020.365,2021.505,2019.955,2021.305
1704723000000,2021.325,2021.785,2020.465,2020.555
1704723300000,2020.605,2020.765,2018.915,2019.145
1704723600000,2019.145,2020.305,2018.385,2019.455
1704723900000,2019.445,2020.315,2019.225,2020.195
1704724200000,2020.155,2022.135,2019.155,2022.135
1704724500000,2022.155,2022.825,2021.055,2022.545
1704724800000,2022.525,2024.785,2022.525,2023.715
1704725100000,2023.795,2024.235,2022.535,2022.795
1704725400000,2022.845,2024.385,2022.815,2023.665
1704725700000,2023.665,2027.085,2022.985,2026.305
1704726000000,2026.325,2027.545,2025.435,2026.485
1704726300000,2026.505,2029.065,2026.295,2028.125
1704726600000,2028.125,2030.178,2028.125,2028.935
1704726900000,2028.925,2030.285,2028.725,2030.175
1704727200000,2030.235,2030.255,2027.855,2028.965
1704727500000,2028.945,2030.445,2028.435,2030.255
1704727800000,2030.275,2033.295,2030.275,2031.305
1704728100000,2031.495,2031.605,2030.035,2030.295
1704728400000,2030.305,2032.635,2030.305,2032.405
1704728700000,2032.385,2034.398,2031.825,2033.895
1704729000000,2033.995,2034.675,2032.735,2033.065
1704729300000,2033.165,2034.665,2033.155,2034.115
1704729600000,2034.105,2036.295,2033.705,2033.745
1704729900000,2033.775,2036.425,2033.625,2035.835
1704730200000,2035.855,2036.778,2035.265,2036.375
1704730500000,2036.405,2036.735,2035.175,2035.685
1704730800000,2035.685,2036.445,2033.625,2033.755
1704731100000,2033.755,2034.265,2033.515,2033.715
1704731400000,2033.735,2034.215,2032.615,2032.755
1704731700000,2032.775,2033.045,2031.335,2031.465
1704732000000,2031.455,2033.295,2031.455,2032.755
1704732300000,2032.705,2032.895,2031.565,2032.195
1704732600000,2032.095,2033.225,2031.385,2032.715
1704732900000,2032.745,2033.475,2031.915,2032.085
1704733200000,2032.155,2033.015,2031.745,2032.085
1704733500000,2032.005,2032.375,2030.395,2030.485
1704733800000,2030.495,2031.355,2030.385,2030.645
1704734100000,2030.605,2031.655,2030.465,2030.575
1704734400000,2030.555,2030.645,2029.275,2029.545
1704734700000,2029.565,2030.185,2029.475,2029.855
1704735000000,2029.815,2029.845,2028.485,2028.815
1704735300000,2028.835,2029.575,2028.495,2028.985
1704735600000,2029.005,2029.165,2027.715,2027.875
1704735900000,2027.875,2027.875,2027.025,2027.625
1704736200000,2027.625,2027.805,2027.145,2027.435
1704736500000,2027.345,2027.985,2027.015,2027.565
1704736800000,2027.535,2027.915,2027.185,2027.615
1704737100000,2027.605,2027.625,2026.325,2026.795
1704737400000,2026.705,2027.325,2026.595,2027.165
1704737700000,2027.135,2027.365,2026.845,2026.945
1704738000000,2026.945,2027.225,2026.785,2027.195
1704738300000,2027.195,2027.925,2026.535,2026.775
1704738600000,2026.775,2028.055,2026.445,2027.985
1704738900000,2027.985,2028.195,2027.725,2027.915
1704739200000,2027.915,2027.985,2027.145,2027.225
1704739500000,2027.225,2027.555,2027.065,2027.185
1704739800000,2027.175,2027.465,2027.065,2027.175
1704740100000,2027.205,2027.355,2026.295,2026.495
1704740400000,2026.465,2027.205,2026.435,2027.025
1704740700000,2027.005,2027.225,2026.655,2027.225
1704741000000,2027.135,2028.185,2027.105,2028.185
1704741300000,2028.185,2028.185,2027.595,2027.735
1704741600000,2027.715,2028.248,2027.705,2028.195
1704741900000,2028.195,2028.408,2027.875,2028.158
1704742200000,2028.155,2028.864,2028.058,2028.528
1704742500000,2028.528,2028.658,2028.228,2028.388
1704742800000,2028.388,2028.508,2028.028,2028.028
1704743100000,2028.015,2028.365,2027.788,2028.295
1704743400000,2028.265,2028.938,2028.265,2028.865
1704743700000,2028.918,2029.485,2028.808,2029.285
1704744000000,2029.265,2029.698,2028.095,2028.415
1704744300000,2028.375,2028.375,2027.335,2027.485
1704744600000,2027.455,2027.575,2026.075,2026.405
1704744900000,2026.425,2026.535,2026.185,2026.495
1704745200000,2026.485,2026.895,2026.225,2026.825
1704745500000,2026.855,2027.225,2026.605,2027.185
1704745800000,2027.195,2027.305,2026.315,2026.815
1704746100000,2026.795,2027.425,2026.715,2027.015
1704746400000,2026.985,2027.175,2026.535,2027.035
1704746700000,2027.055,2027.255,2026.455,2026.515
1704747000000,2026.635,2027.005,2025.978,2026.025
1704747300000,2026.098,2027.308,2025.995,2027.048
1704747600000,2027.048,2027.798,2026.998,2027.758
1704747900000,2027.758,2028.075,2027.648,2028.005
1704748200000,2028.015,2028.015,2027.615,2027.825
1704748500000,2027.835,2028.565,2027.795,2028.328
1704748800000,2028.328,2028.628,2028.298,2028.428
1704749100000,2028.398,2028.578,2028.248,2028.518
1704749400000,2028.518,2028.598,2028.418,2028.448
1704749700000,2028.448,2028.498,2028.258,2028.328
1704750000000,2028.318,2028.348,2027.688,2027.978
1704750300000,2028.008,2028.138,2027.818,2028.028
1704750600000,2028.118,2028.348,2027.858,2027.908
1704750900000,2027.878,2027.938,2027.508,2027.835
1704751200000,2027.835,2027.835,2027.835,2027.835
1704751500000,2027.835,2027.835,2027.835,2027.835
1704751800000,2027.835,2027.835,2027.835,2027.835
1704752100000,2027.835,2027.835,2027.835,2027.835
1704752400000,2027.835,2027.835,2027.835,2027.835
1704752700000,2027.835,2027.835,2027.835,2027.835
1704753000000,2027.835,2027.835,2027.835,2027.835
1704753300000,2027.835,2027.835,2027.835,2027.835
1704753600000,2027.835,2027.835,2027.835,2027.835
1704753900000,2027.835,2027.835,2027.835,2027.835
1704754200000,2027.835,2027.835,2027.835,2027.835
1704754500000,2027.835,2027.835,2027.835,2027.835
1704754800000,2028.045,2028.328,2027.848,2028.228
1704755100000,2028.228,2028.458,2027.798,2028.428
1704755400000,2028.328,2028.328,2027.855,2028.075
1704755700000,2028.095,2028.565,2027.965,2028.355
1704756000000,2028.355,2028.575,2028.355,2028.445
1704756300000,2028.465,2028.828,2028.455,2028.728
1704756600000,2028.768,2028.858,2028.428,2028.658
1704756900000,2028.635,2028.915,2028.528,2028.845
1704757200000,2028.925,2029.178,2028.735,2029.128
1704757500000,2029.085,2030.665,2028.975,2030.495
1704757800000,2030.475,2030.775,2030.315,2030.525
1704758100000,2030.555,2030.835,2030.485,2030.665
1704758400000,2030.665,2031.675,2030.615,2031.455
1704758700000,2031.305,2032.655,2031.245,2032.535
1704759000000,2032.525,2033.195,2032.335,2032.885
1704759300000,2032.885,2034.055,2032.485,2033.878
1704759600000,2033.898,2034.785,2033.055,2033.705
1704759900000,2033.645,2033.845,2033.205,2033.765
1704760200000,2033.755,2034.655,2033.755,2034.345
1704760500000,2034.355,2034.785,2034.005,2034.455
1704760800000,2034.475,2034.685,2034.065,2034.385
1704761100000,2034.345,2034.455,2033.695,2033.705
1704761400000,2033.768,2034.798,2033.688,2034.428
1704761700000,2034.425,2034.728,2034.135,2034.208
1704762000000,2034.205,2035.428,2034.004,2034.878
1704762300000,2034.898,2035.285,2034.368,2035.285
1704762600000,2035.385,2035.478,2033.325,2033.345
1704762900000,2033.425,2034.815,2033.135,2033.635
1704763200000,2033.615,2033.885,2032.455,2032.475
1704763500000,2032.485,2033.025,2032.035,2032.485
1704763800000,2032.455,2032.715,2031.825,2031.985
1704764100000,2032.005,2032.545,2031.145,2031.155
1704764400000,2031.145,2032.395,2031.115,2031.885
1704764700000,2031.885,2032.445,2031.505,2031.785
1704765000000,2031.785,2033.415,2031.745,2033.075
1704765300000,2033.105,2033.105,2031.955,2032.165
1704765600000,2032.145,2034.475,2032.075,2034.425
1704765900000,2034.435,2034.635,2033.295,2033.385
1704766200000,2033.375,2035.205,2033.255,2034.845
1704766500000,2034.805,2035.305,2034.308,2034.315
1704766800000,2034.428,2035.775,2034.328,2035.698
1704767100000,2035.715,2035.748,2034.788,2034.848
1704767400000,2034.844,2035.258,2034.078,2034.368
1704767700000,2034.365,2035.548,2034.365,2035.478
1704768000000,2035.485,2035.555,2034.678,2034.978
1704768300000,2035.008,2035.358,2034.305,2034.365
1704768600000,2034.355,2034.475,2033.235,2033.565
1704768900000,2033.545,2034.065,2033.425,2034.065
1704769200000,2034.215,2034.275,2033.815,2034.195
1704769500000,2034.185,2034.275,2032.935,2033.095
1704769800000,2033.125,2034.035,2032.955,2033.755
1704770100000,2033.805,2034.865,2033.725,2034.445
1704770400000,2034.435,2034.835,2034.085,2034.215
1704770700000,2034.205,2034.335,2033.885,2034.325
1704771000000,2034.255,2034.445,2033.515,2033.595
1704771300000,2033.635,2034.055,2033.285,2034.045
1704771600000,2034.045,2034.165,2033.565,2033.785
1704771900000,2033.785,2034.135,2033.515,2033.785
1704772200000,2033.815,2033.845,2033.195,2033.325
1704772500000,2033.305,2033.565,2033.035,2033.565
1704772800000,2033.505,2034.865,2033.315,2034.135
1704773100000,2034.185,2034.325,2033.465,2033.815
1704773400000,2033.848,2033.848,2033.395,2033.495
1704773700000,2033.474,2033.684,2032.758,2032.825
1704774000000,2032.818,2033.578,2032.798,2033.195
1704774300000,2033.195,2033.385,2032.748,2032.778
1704774600000,2032.735,2033.425,2032.535,2033.325
1704774900000,2033.395,2033.595,2032.948,2033.225
1704775200000,2033.275,2033.735,2032.975,2033.065
1704775500000,2033.025,2033.035,2032.125,2032.235
1704775800000,2032.344,2033.105,2032.085,2032.505
1704776100000,2032.565,2033.245,2032.485,2032.795
1704776400000,2032.815,2032.985,2032.595,2032.915
1704776700000,2032.905,2032.915,2032.655,2032.725
1704777000000,2032.675,2032.825,2032.395,2032.655
1704777300000,2032.655,2033.065,2032.415,2032.835
1704777600000,2032.835,2032.835,2032.215,2032.515
1704777900000,2032.515,2032.575,2031.635,2031.735
1704778200000,2031.715,2032.025,2031.285,2031.955
1704778500000,2032.005,2032.548,2031.945,2032.195
1704778800000,2032.205,2032.368,2030.245,2031.375
1704779100000,2031.365,2032.205,2031.215,2031.595
1704779400000,2031.575,2033.305,2031.455,2032.665
1704779700000,2032.635,2033.415,2032.425,2032.695
1704780000000,2032.665,2033.145,2031.635,2031.635
1704780300000,2031.605,2032.895,2031.095,2032.655
1704780600000,2032.655,2032.745,2031.335,2031.465
1704780900000,2031.415,2032.245,2031.415,2031.935
1704781200000,2031.955,2032.565,2031.625,2032.485
1704781500000,2032.485,2032.895,2032.175,2032.585
1704781800000,2032.565,2032.775,2032.065,2032.715
1704782100000,2032.715,2033.305,2031.495,2033.305
1704782400000,2033.305,2035.095,2033.215,2034.345
1704782700000,2034.345,2034.635,2032.298,2032.575
1704783000000,2032.545,2033.195,2031.698,2032.295
1704783300000,2032.275,2033.575,2032.255,2033.115
1704783600000,2033.095,2033.385,2032.028,2032.915
1704783900000,2032.905,2035.185,2032.875,2035.025
1704784200000,2035.025,2035.075,2033.435,2033.615
1704784500000,2033.655,2035.345,2033.185,2035.015
1704784800000,2034.985,2035.665,2034.275,2035.665
1704785100000,2035.665,2036.865,2035.665,2036.335
1704785400000,2036.345,2036.575,2034.665,2035.748
1704785700000,2035.775,2035.975,2035.015,2035.445
1704786000000,2035.385,2037.145,2035.265,2035.905
1704786300000,2035.895,2035.975,2034.975,2035.845
1704786600000,2035.865,2036.208,2035.198,2036.098
1704786900000,2036.095,2036.778,2035.735,2035.885
1704787200000,2035.955,2038.078,2035.035,2035.295
1704787500000,2035.355,2035.905,2033.225,2033.395
1704787800000,2033.395,2033.415,2032.315,2032.345
1704788100000,2032.345,2032.485,2031.415,2032.065
1704788400000,2032.055,2032.975,2032.005,2032.235
1704788700000,2032.235,2032.445,2031.145,2031.655
1704789000000,2031.645,2033.588,2031.518,2033.495
1704789300000,2033.555,2033.785,2032.805,2033.755
1704789600000,2033.755,2034.474,2033.125,2033.955
1704789900000,2033.935,2034.335,2033.625,2033.875
1704790200000,2033.858,2034.578,2033.665,2034.105
1704790500000,2034.225,2034.708,2033.595,2034.145
1704790800000,2034.145,2034.985,2034.115,2034.845
1704791100000,2034.845,2034.935,2033.835,2034.065
1704791400000,2034.075,2034.265,2033.025,2033.205
1704791700000,2033.195,2034.505,2033.095,2033.608
1704792000000,2033.618,2034.355,2033.405,2034.198
1704792300000,2034.175,2035.565,2033.915,2034.945
1704792600000,2035.025,2036.358,2034.435,2035.825
1704792900000,2035.825,2036.178,2035.388,2035.695
1704793200000,2035.695,2036.045,2035.465,2036.045
1704793500000,2036.065,2036.825,2035.755,2036.665
1704793800000,2036.665,2036.965,2035.915,2036.105
1704794100000,2036.125,2036.125,2035.065,2035.345
1704794400000,2035.385,2035.705,2035.135,2035.285
1704794700000,2035.175,2035.405,2034.708,2035.405
1704795000000,2035.385,2036.725,2034.925,2036.108
1704795300000,2036.108,2037.485,2036.008,2037.005
1704795600000,2037.015,2037.495,2036.385,2037.445
1704795900000,2037.455,2038.235,2036.305,2037.785
1704796200000,2037.715,2038.428,2037.145,2038.315
1704796500000,2038.315,2038.415,2037.715,2037.885
1704796800000,2037.885,2038.085,2037.495,2037.565
1704797100000,2037.545,2037.685,2036.685,2036.715
1704797400000,2036.735,2036.775,2035.245,2035.574
1704797700000,2035.598,2035.598,2034.938,2035.315
1704798000000,2035.325,2035.585,2034.555,2035.085
1704798300000,2035.045,2035.055,2034.235,2034.655
1704798600000,2034.635,2034.755,2033.835,2033.845
1704798900000,2033.795,2034.595,2033.795,2034.305
1704799200000,2034.305,2035.035,2034.305,2034.895
1704799500000,2034.925,2035.588,2034.815,2035.018
1704799800000,2035.018,2035.295,2034.485,2034.725
1704800100000,2034.735,2034.805,2033.735,2034.095
1704800400000,2034.135,2034.235,2033.558,2034.085
1704800700000,2034.045,2035.345,2034.045,2035.235
1704801000000,2035.208,2035.438,2033.605,2034.135
1704801300000,2034.138,2035.195,2034.008,2034.935
1704801600000,2034.925,2034.948,2033.808,2034.295
1704801900000,2034.305,2035.145,2034.305,2035.105
1704802200000,2035.135,2035.695,2035.055,2035.395
1704802500000,2035.305,2036.245,2035.185,2036.085
1704802800000,2036.085,2036.265,2035.525,2035.615
1704803100000,2035.615,2035.905,2034.915,2035.075
1704803400000,2035.075,2035.675,2034.825,2035.305
1704803700000,2035.265,2035.765,2035.145,2035.355
1704804000000,2035.335,2035.335,2034.035,2034.945
1704804300000,2034.955,2036.145,2034.955,2035.665
1704804600000,2035.665,2035.835,2035.245,2035.725
1704804900000,2035.725,2036.265,2035.725,2036.255
1704805200000,2036.295,2036.335,2034.385,2034.715
1704805500000,2034.745,2035.145,2033.295,2034.615
1704805800000,2034.655,2035.488,2034.655,2035.228
1704806100000,2035.225,2035.468,2034.835,2035.005
1704806400000,2034.928,2034.945,2032.565,2032.565
1704806700000,2032.595,2033.055,2031.535,2032.978
1704807000000,2032.948,2035.575,2032.948,2035.575
1704807300000,2035.575,2041.898,2034.955,2038.345
1704807600000,2038.305,2038.368,2035.725,2036.835
1704807900000,2036.855,2040.078,2036.285,2037.948
1704808200000,2037.925,2039.398,2036.815,2038.805
1704808500000,2038.785,2039.578,2037.415,2038.535
1704808800000,2038.488,2039.265,2037.225,2038.085
1704809100000,2038.105,2040.015,2037.345,2038.855
1704809400000,2038.925,2039.885,2038.415,2039.315
1704809700000,2039.225,2039.925,2036.455,2037.105
1704810000000,2037.105,2038.775,2036.975,2038.615
1704810300000,2038.675,2038.675,2036.128,2036.415
1704810600000,2036.375,2037.425,2035.105,2035.835
1704810900000,2035.785,2036.595,2034.585,2035.035
1704811200000,2035.005,2036.725,2034.935,2036.255
1704811500000,2036.255,2036.255,2033.885,2035.095
1704811800000,2035.165,2036.148,2033.845,2034.555
1704812100000,2034.585,2035.065,2034.235,2034.655
1704812400000,2034.575,2035.325,2033.765,2034.165
1704812700000,2034.165,2035.485,2032.995,2032.995
1704813000000,2033.014,2033.875,2032.838,2033.525
1704813300000,2033.625,2034.985,2033.015,2034.965
1704813600000,2034.945,2035.015,2033.975,2034.655
1704813900000,2034.605,2035.138,2033.525,2034.258
1704814200000,2034.258,2034.858,2033.735,2033.998
1704814500000,2034.015,2034.745,2033.085,2034.485
1704814800000,2034.455,2034.505,2032.545,2032.635
1704815100000,2032.585,2033.125,2032.305,2032.435
1704815400000,2032.435,2033.048,2031.845,2032.035
1704815700000,2032.065,2032.115,2028.665,2028.735
1704816000000,2028.755,2028.765,2026.335,2027.575
1704816300000,2027.508,2027.508,2026.015,2026.285
1704816600000,2026.285,2028.125,2026.055,2027.185
1704816900000,2027.275,2028.005,2026.595,2027.115
1704817200000,2027.145,2029.525,2026.715,2029.395
1704817500000,2029.375,2030.665,2028.685,2029.125
1704817800000,2029.175,2030.035,2028.835,2029.245
1704818100000,2029.245,2030.945,2028.615,2030.945
1704818400000,2030.935,2030.935,2028.878,2029.165
1704818700000,2029.208,2030.478,2028.978,2030.285
1704819000000,2030.285,2030.845,2029.515,2030.478
1704819300000,2030.505,2031.455,2030.478,2031.075
1704819600000,2031.078,2031.945,2030.715,2030.715
1704819900000,2030.628,2030.805,2029.875,2030.405
1704820200000,2030.425,2031.045,2029.795,2029.985
1704820500000,2030.005,2030.555,2028.595,2028.885
1704820800000,2028.935,2029.655,2028.565,2029.385
1704821100000,2029.425,2030.135,2029.025,2029.055
1704821400000,2029.005,2029.455,2028.425,2028.955
1704821700000,2028.955,2028.955,2027.445,2027.885
1704822000000,2027.885,2027.975,2027.005,2027.485
1704822300000,2027.435,2028.665,2027.285,2028.575
1704822600000,2028.595,2029.115,2027.745,2029.015
1704822900000,2028.998,2028.998,2027.505,2027.575
1704823200000,2027.555,2029.545,2027.205,2028.055
1704823500000,2028.045,2028.275,2027.045,2027.215
1704823800000,2027.215,2028.175,2027.105,2028.065
1704824100000,2028.005,2028.005,2027.145,2027.205
1704824400000,2027.205,2027.755,2027.075,2027.305
1704824700000,2027.335,2027.465,2026.755,2027.315
1704825000000,2027.355,2027.815,2026.688,2027.235
1704825300000,2027.255,2028.145,2026.835,2027.455
1704825600000,2027.485,2027.925,2027.335,2027.605
1704825900000,2027.625,2028.775,2027.528,2028.628
1704826200000,2028.604,2029.045,2028.128,2028.755
1704826500000,2028.705,2029.165,2028.075,2029.058
1704826800000,2029.065,2029.248,2028.585,2028.695
1704827100000,2028.695,2029.668,2028.555,2029.428
1704827400000,2029.425,2029.475,2028.705,2028.928
1704827700000,2028.928,2029.528,2028.555,2029.345
1704828000000,2029.355,2029.925,2029.065,2029.915
1704828300000,2029.898,2029.898,2028.635,2028.918
1704828600000,2028.915,2029.255,2028.375,2028.865
1704828900000,2028.915,2028.975,2028.395,2028.535
1704829200000,2028.535,2028.775,2027.665,2027.865
1704829500000,2027.865,2028.045,2027.655,2027.955
1704829800000,2027.965,2028.878,2027.725,2028.845
1704830100000,2028.838,2028.855,2028.335,2028.735
1704830400000,2028.845,2031.005,2028.845,2030.245
1704830700000,2030.265,2030.448,2029.455,2029.875
1704831000000,2029.865,2030.298,2029.798,2029.905
1704831300000,2029.898,2030.198,2029.598,2030.045
1704831600000,2030.015,2030.108,2029.485,2029.685
1704831900000,2029.678,2029.805,2028.898,2028.978
1704832200000,2028.958,2029.178,2028.465,2028.665
1704832500000,2028.735,2028.925,2028.445,2028.835
1704832800000,2028.845,2029.455,2028.635,2029.435
1704833100000,2029.435,2029.435,2029.075,2029.145
1704833400000,2029.225,2029.505,2028.965,2029.495
1704833700000,2029.495,2029.595,2028.205,2028.315
1704834000000,2028.335,2029.178,2028.305,2029.135
1704834300000,2029.185,2029.258,2029.025,2029.025
1704834600000,2029.055,2029.435,2029.055,2029.325
1704834900000,2029.325,2029.345,2029.035,2029.215
1704835200000,2029.215,2029.305,2029.145,2029.245
1704835500000,2029.245,2029.405,2029.115,2029.305
1704835800000,2029.245,2029.755,2029.245,2029.645
1704836100000,2029.645,2029.845,2029.535,2029.735
1704836400000,2029.845,2030.085,2029.735,2029.795
1704836700000,2029.775,2029.835,2029.625,2029.698
1704837000000,2029.725,2030.048,2029.725,2029.975
1704837300000,2029.925,2030.208,2029.735,2029.885
1704837600000,2029.885,2029.885,2029.885,2029.885
1704837900000,2029.885,2029.885,2029.885,2029.885
1704838200000,2029.885,2029.885,2029.885,2029.885
1704838500000,2029.885,2029.885,2029.885,2029.885
1704838800000,2029.885,2029.885,2029.885,2029.885
1704839100000,2029.885,2029.885,2029.885,2029.885
1704839400000,2029.885,2029.885,2029.885,2029.885
1704839700000,2029.885,2029.885,2029.885,2029.885
1704840000000,2029.885,2029.885,2029.885,2029.885
1704840300000,2029.885,2029.885,2029.885,2029.885
1704840600000,2029.885,2029.885,2029.885,2029.885
1704840900000,2029.885,2029.885,2029.885,2029.885
1704841200000,2029.408,2030.544,2029.298,2030.544
1704841500000,2030.534,2030.598,2030.174,2030.304
1704841800000,2030.274,2030.915,2030.265,2030.815
1704842100000,2030.845,2031.125,2030.575,2030.855
1704842400000,2030.865,2030.865,2030.265,2030.265
1704842700000,2030.225,2030.545,2029.375,2029.485
1704843000000,2029.485,2029.815,2028.795,2029.115
1704843300000,2029.095,2029.515,2028.275,2028.795
1704843600000,2028.815,2030.195,2028.645,2030.125
1704843900000,2030.105,2030.498,2029.865,2030.278
1704844200000,2030.328,2031.015,2030.208,2030.725
1704844500000,2030.725,2030.988,2030.615,2030.665
1704844800000,2030.674,2030.714,2030.335,2030.615
1704845100000,2030.605,2031.048,2030.515,2030.855
1704845400000,2030.878,2031.075,2030.425,2030.635
1704845700000,2030.575,2030.925,2030.525,2030.805
1704846000000,2030.825,2030.895,2030.115,2030.325
1704846300000,2030.335,2030.985,2030.335,2030.815
1704846600000,2030.765,2030.935,2030.455,2030.865
1704846900000,2030.855,2031.025,2030.545,2030.795
1704847200000,2030.825,2030.885,2030.095,2030.135
1704847500000,2030.105,2030.295,2029.615,2030.055
1704847800000,2030.075,2031.065,2030.075,2031.025
1704848100000,2031.005,2031.025,2030.155,2030.155
1704848400000,2030.175,2030.195,2029.415,2029.755
1704848700000,2029.755,2029.815,2028.815,2029.155
1704849000000,2029.135,2029.335,2028.075,2028.075
1704849300000,2028.035,2028.058,2027.145,2027.735
1704849600000,2027.745,2029.125,2027.655,2028.385
1704849900000,2028.385,2028.715,2028.125,2028.665
1704850200000,2028.665,2029.535,2028.585,2029.195
1704850500000,2029.085,2030.385,2029.015,2030.355
1704850800000,2030.345,2031.305,2030.275,2030.595
1704851100000,2030.575,2031.885,2030.485,2031.815
1704851400000,2031.925,2032.415,2031.274,2031.685
1704851700000,2031.745,2032.115,2031.305,2031.705
1704852000000,2031.685,2032.045,2031.358,2031.735
1704852300000,2031.765,2031.765,2031.035,2031.035
1704852600000,2030.955,2031.465,2030.825,2031.155
1704852900000,2031.105,2032.215,2031.065,2032.125
1704853200000,2032.185,2032.785,2032.128,2032.158
1704853500000,2032.158,2032.458,2031.298,2031.298
1704853800000,2031.298,2031.945,2031.228,2031.318
1704854100000,2031.318,2031.718,2030.938,2031.028
1704854400000,2030.988,2031.095,2030.255,2030.675
1704854700000,2030.685,2031.605,2030.405,2031.525
1704855000000,2031.575,2032.185,2031.095,2031.105
1704855300000,2031.044,2031.908,2030.825,2031.708
1704855600000,2031.678,2031.714,2031.135,2031.378
1704855900000,2031.354,2031.408,2030.605,2031.105
1704856200000,2031.155,2031.175,2029.965,2030.735
1704856500000,2030.745,2031.005,2030.415,2030.915
1704856800000,2030.915,2031.725,2030.835,2031.415
1704857100000,2031.415,2031.905,2031.295,2031.495
1704857400000,2031.505,2031.505,2030.545,2030.645
1704857700000,2030.625,2030.865,2030.185,2030.705
1704858000000,2030.705,2030.785,2029.875,2030.605
1704858300000,2030.615,2030.665,2029.375,2029.415
1704858600000,2029.325,2029.815,2028.675,2028.695
1704858900000,2028.695,2028.865,2028.125,2028.845
1704859200000,2028.835,2028.955,2028.385,2028.425
1704859500000,2028.405,2029.425,2028.405,2029.195
1704859800000,2029.195,2029.685,2028.898,2029.605
1704860100000,2029.635,2029.735,2029.425,2029.535
1704860400000,2029.565,2029.605,2028.905,2028.955
1704860700000,2028.995,2029.445,2028.715,2029.355
1704861000000,2029.285,2030.535,2029.145,2029.805
1704861300000,2029.805,2029.805,2029.285,2029.465
1704861600000,2029.505,2030.325,2029.455,2029.775
1704861900000,2029.775,2029.985,2029.358,2029.665
1704862200000,2029.748,2030.158,2029.648,2029.675
1704862500000,2029.698,2029.928,2029.598,2029.725
1704862800000,2029.785,2030.135,2029.505,2029.675
1704863100000,2029.675,2029.905,2029.395,2029.685
1704863400000,2029.685,2029.785,2028.715,2028.785
1704863700000,2028.785,2029.035,2028.385,2028.405
1704864000000,2028.395,2028.615,2028.155,2028.525
1704864300000,2028.435,2029.395,2028.415,2029.135
1704864600000,2029.135,2029.745,2028.615,2028.725
1704864900000,2028.665,2028.825,2027.985,2028.625
1704865200000,2028.625,2028.645,2027.128,2027.985
1704865500000,2027.985,2028.095,2025.375,2025.505
1704865800000,2025.495,2026.458,2025.495,2026.375
1704866100000,2026.305,2027.125,2026.185,2026.575
1704866400000,2026.585,2026.915,2026.325,2026.515
1704866700000,2026.465,2026.758,2025.098,2025.358
1704867000000,2025.358,2025.358,2024.305,2024.365
1704867300000,2024.395,2025.535,2024.325,2025.505
1704867600000,2025.505,2026.625,2025.215,2026.165
1704867900000,2026.175,2026.365,2025.515,2025.955
1704868200000,2025.955,2026.155,2025.665,2025.815
1704868500000,2025.805,2026.075,2025.475,2025.595
1704868800000,2025.595,2025.725,2024.955,2025.295
1704869100000,2025.215,2025.505,2024.585,2024.885
1704869400000,2024.805,2025.175,2024.045,2024.775
1704869700000,2024.795,2024.875,2023.795,2024.525
1704870000000,2024.435,2025.395,2024.235,2025.215
1704870300000,2025.295,2026.385,2024.975,2026.245
1704870600000,2026.255,2026.545,2025.465,2026.495
1704870900000,2026.515,2028.625,2026.285,2028.025
1704871200000,2028.015,2028.575,2027.355,2028.005
1704871500000,2028.005,2028.675,2027.345,2028.405
1704871800000,2028.335,2028.965,2027.575,2028.765
1704872100000,2028.765,2030.595,2028.414,2030.375
1704872400000,2030.425,2031.265,2030.378,2030.878
1704872700000,2030.855,2031.418,2030.765,2031.055
1704873000000,2031.045,2031.595,2030.805,2031.295
1704873300000,2031.355,2031.495,2030.805,2030.905
1704873600000,2030.925,2032.435,2030.165,2031.255
1704873900000,2031.235,2034.465,2031.185,2033.935
1704874200000,2033.965,2034.315,2032.105,2033.155
1704874500000,2033.095,2034.085,2032.765,2033.085
1704874800000,2033.105,2034.785,2033.015,2034.318
1704875100000,2034.305,2035.845,2033.818,2034.525
1704875400000,2034.485,2034.485,2032.835,2033.235
1704875700000,2033.225,2033.665,2032.415,2032.555
1704876000000,2032.555,2033.238,2031.958,2033.015
1704876300000,2033.025,2034.228,2032.905,2033.405
1704876600000,2033.395,2034.385,2032.725,2034.375
1704876900000,2034.385,2035.465,2034.125,2035.195
1704877200000,2035.165,2035.258,2034.638,2034.875
1704877500000,2034.855,2035.785,2034.855,2035.465
1704877800000,2035.455,2036.035,2035.065,2035.585
1704878100000,2035.605,2035.785,2034.585,2034.585
1704878400000,2034.685,2035.185,2034.585,2034.955
1704878700000,2034.958,2035.695,2034.805,2035.335
1704879000000,2035.345,2035.495,2034.855,2035.435
1704879300000,2035.425,2035.425,2034.565,2035.215
1704879600000,2035.205,2035.435,2034.845,2035.185
1704879900000,2035.155,2035.338,2034.575,2035.245
1704880200000,2035.225,2036.075,2035.135,2035.555
1704880500000,2035.465,2035.905,2035.185,2035.635
1704880800000,2035.665,2040.135,2035.295,2038.975
1704881100000,2039.095,2039.585,2037.055,2037.158
1704881400000,2037.185,2037.758,2036.364,2036.965
1704881700000,2036.948,2037.168,2035.918,2036.045
1704882000000,2036.055,2036.565,2035.668,2036.195
1704882300000,2036.305,2037.095,2036.275,2036.665
1704882600000,2036.635,2036.635,2035.805,2036.235
1704882900000,2036.235,2036.688,2036.125,2036.225
1704883200000,2036.155,2036.305,2035.595,2035.765
1704883500000,2035.775,2036.125,2035.625,2035.945
1704883800000,2035.855,2036.085,2035.495,2035.565
1704884100000,2035.535,2035.685,2034.485,2034.698
1704884400000,2034.715,2035.215,2034.605,2034.845
1704884700000,2034.755,2034.925,2034.405,2034.635
1704885000000,2034.655,2034.905,2034.465,2034.745
1704885300000,2034.745,2034.765,2034.045,2034.535
1704885600000,2034.535,2034.645,2033.935,2033.995
1704885900000,2033.985,2033.985,2032.738,2033.005
1704886200000,2032.965,2033.455,2032.695,2033.335
1704886500000,2033.335,2033.675,2032.845,2033.138
1704886800000,2033.135,2034.375,2033.005,2034.365
1704887100000,2034.345,2034.645,2033.398,2033.485
1704887400000,2033.465,2033.915,2032.918,2033.565
1704887700000,2033.575,2034.248,2033.575,2033.925
1704888000000,2033.905,2034.338,2033.698,2034.325
1704888300000,2034.338,2035.065,2034.085,2034.665
1704888600000,2034.675,2035.218,2034.515,2035.178
1704888900000,2035.205,2035.205,2033.815,2033.875
1704889200000,2033.905,2034.805,2033.865,2034.695
1704889500000,2034.695,2035.555,2034.595,2035.285
1704889800000,2035.335,2035.465,2034.615,2034.765
1704890100000,2034.755,2035.075,2033.685,2033.685
1704890400000,2033.675,2033.685,2032.545,2032.575
1704890700000,2032.635,2032.675,2031.685,2031.775
1704891000000,2031.775,2032.185,2031.655,2031.775
1704891300000,2031.785,2032.055,2031.145,2031.415
1704891600000,2031.435,2031.435,2030.065,2031.165
1704891900000,2031.195,2032.345,2031.005,2031.505
1704892200000,2031.445,2032.845,2031.255,2032.618
1704892500000,2032.595,2033.895,2031.615,2031.805
1704892800000,2031.925,2032.885,2031.225,2032.175
1704893100000,2032.185,2033.475,2031.655,2032.065
1704893400000,2032.055,2032.055,2031.065,2031.785
1704893700000,2031.855,2032.615,2031.125,2031.425
1704894000000,2031.438,2031.658,2030.325,2030.565
1704894300000,2030.565,2031.525,2030.295,2030.655
1704894600000,2030.675,2031.395,2030.375,2030.658
1704894900000,2030.628,2030.898,2029.908,2030.185
1704895200000,2030.205,2031.135,2029.585,2030.895
1704895500000,2030.895,2031.165,2030.235,2030.258
1704895800000,2030.258,2030.438,2028.715,2029.635
1704896100000,2029.655,2029.755,2028.585,2029.755
1704896400000,2029.835,2030.245,2029.438,2029.858
1704896700000,2029.854,2030.668,2029.565,2030.265
1704897000000,2030.245,2033.475,2029.208,2031.545
1704897300000,2031.515,2032.655,2030.805,2030.805
1704897600000,2030.805,2031.475,2028.235,2029.515
1704897900000,2029.515,2029.535,2026.345,2027.185
1704898200000,2027.165,2028.475,2026.735,2028.015
1704898500000,2028.025,2028.205,2026.705,2027.275
1704898800000,2027.185,2027.925,2024.725,2024.875
1704899100000,2024.875,2027.875,2024.685,2026.525
1704899400000,2026.505,2027.655,2026.345,2026.695
1704899700000,2026.745,2026.745,2025.245,2026.305
1704900000000,2026.225,2026.905,2025.475,2025.565
1704900300000,2025.495,2026.605,2024.995,2026.115
1704900600000,2026.055,2029.065,2025.595,2029.045
1704900900000,2029.075,2029.075,2027.585,2027.975
1704901200000,2027.875,2029.685,2027.755,2029.458
1704901500000,2029.478,2029.628,2027.558,2028.138
1704901800000,2028.178,2028.885,2026.655,2026.815
1704902100000,2026.855,2027.978,2026.755,2027.795
1704902400000,2027.835,2028.065,2026.418,2027.495
1704902700000,2027.495,2028.395,2027.165,2027.625
1704903000000,2027.618,2027.818,2025.745,2025.855
1704903300000,2025.945,2026.018,2025.245,2025.358
1704903600000,2025.335,2026.935,2025.335,2026.715
1704903900000,2026.805,2026.835,2025.615,2025.958
1704904200000,2025.938,2026.278,2024.715,2024.865
1704904500000,2024.965,2025.885,2024.635,2025.345
1704904800000,2025.285,2026.145,2025.235,2025.425
1704905100000,2025.415,2026.175,2025.335,2025.885
1704905400000,2025.875,2027.098,2025.355,2026.898
1704905700000,2026.905,2027.755,2026.645,2026.918
1704906000000,2026.905,2027.208,2025.885,2026.875
1704906300000,2026.908,2027.625,2026.815,2027.208
1704906600000,2027.215,2027.628,2026.838,2027.315
1704906900000,2027.308,2027.435,2026.355,2027.055
1704907200000,2027.035,2027.098,2025.845,2026.235
1704907500000,2026.305,2026.315,2025.445,2025.545
1704907800000,2025.525,2026.025,2025.295,2025.295
1704908100000,2025.315,2025.665,2024.715,2025.375
1704908400000,2025.395,2025.465,2024.615,2025.245
1704908700000,2025.235,2025.395,2024.585,2025.155
1704909000000,2025.118,2025.265,2022.135,2023.015
1704909300000,2023.035,2024.055,2022.905,2023.945
1704909600000,2023.935,2024.435,2023.175,2023.738
1704909900000,2023.665,2023.718,2022.775,2023.278
1704910200000,2023.175,2023.888,2022.565,2023.765
1704910500000,2023.775,2023.875,2022.415,2022.558
1704910800000,2022.548,2022.868,2021.585,2021.778
1704911100000,2021.798,2022.868,2021.385,2022.845
1704911400000,2022.855,2023.358,2021.215,2022.225
1704911700000,2022.235,2022.398,2021.698,2022.115
1704912000000,2022.098,2022.278,2021.665,2021.885
1704912300000,2021.915,2022.278,2021.645,2022.258
1704912600000,2022.278,2022.928,2022.185,2022.775
1704912900000,2022.765,2023.605,2022.658,2023.605
1704913200000,2023.585,2023.785,2022.895,2022.895
1704913500000,2022.895,2022.895,2020.485,2020.775
1704913800000,2020.775,2021.505,2020.775,2021.005
1704914100000,2021.065,2021.475,2020.395,2021.398
1704914400000,2021.395,2021.415,2020.975,2021.395
1704914700000,2021.395,2022.738,2021.375,2022.515
1704915000000,2022.545,2023.635,2022.385,2023.535
1704915300000,2023.535,2023.545,2023.095,2023.485
1704915600000,2023.485,2024.235,2023.485,2023.758
1704915900000,2023.798,2023.998,2023.385,2023.838
1704916200000,2023.798,2024.308,2023.798,2024.218
1704916500000,2024.165,2024.438,2023.838,2023.938
1704916800000,2023.875,2024.958,2023.865,2024.385
1704917100000,2024.435,2024.825,2023.955,2023.985
1704917400000,2023.988,2024.028,2022.105,2022.945
1704917700000,2022.985,2024.195,2021.945,2023.415
1704918000000,2023.445,2023.595,2022.338,2022.555
1704918300000,2022.565,2023.118,2022.438,2022.745
1704918600000,2022.745,2023.615,2022.635,2023.205
1704918900000,2023.215,2023.715,2023.035,2023.325
1704919200000,2023.315,2023.475,2022.835,2023.285
1704919500000,2023.335,2023.385,2021.725,2022.025
1704919800000,2021.975,2022.425,2021.795,2022.425
1704920100000,2022.458,2023.525,2022.258,2023.495
1704920400000,2023.485,2023.785,2023.285,2023.595
1704920700000,2023.595,2024.105,2023.315,2023.965
1704921000000,2023.975,2024.425,2023.765,2024.075
1704921300000,2024.115,2024.215,2023.825,2023.915
1704921600000,2023.885,2023.975,2023.545,2023.975
1704921900000,2023.965,2023.995,2023.435,2023.545
1704922200000,2023.498,2023.528,2023.285,2023.498
1704922500000,2023.498,2023.608,2023.378,2023.608
1704922800000,2023.598,2023.998,2023.565,2023.885
1704923100000,2023.885,2023.918,2023.538,2023.588
1704923400000,2023.608,2024.035,2023.585,2023.978
1704923700000,2024.085,2024.348,2024.044,2024.105
1704924000000,2024.105,2024.105,2024.105,2024.105
1704924300000,2024.105,2024.105,2024.105,2024.105
1704924600000,2024.105,2024.105,2024.105,2024.105
1704924900000,2024.105,2024.105,2024.105,2024.105
1704925200000,2024.105,2024.105,2024.105,2024.105
1704925500000,2024.105,2024.105,2024.105,2024.105
1704925800000,2024.105,2024.105,2024.105,2024.105
1704926100000,2024.105,2024.105,2024.105,2024.105
1704926400000,2024.105,2024.105,2024.105,2024.105
1704926700000,2024.105,2024.105,2024.105,2024.105
1704927000000,2024.105,2024.105,2024.105,2024.105
1704927300000,2024.105,2024.105,2024.105,2024.105
1704927600000,2023.995,2025.098,2023.128,2024.898
1704927900000,2024.898,2025.648,2024.898,2025.324
1704928200000,2025.324,2025.805,2024.644,2025.675
1704928500000,2025.695,2025.865,2025.405,2025.635
1704928800000,2025.725,2025.895,2025.094,2025.425
1704929100000,2025.425,2025.665,2025.315,2025.615
1704929400000,2025.625,2026.555,2025.625,2026.355
1704929700000,2026.335,2026.595,2026.245,2026.595
1704930000000,2026.595,2026.825,2026.215,2026.325
1704930300000,2026.365,2027.865,2026.055,2027.075
1704930600000,2027.155,2027.425,2026.475,2026.645
1704930900000,2026.755,2026.845,2026.445,2026.695
1704931200000,2026.735,2027.515,2026.505,2027.435
1704931500000,2027.435,2027.565,2027.015,2027.105
1704931800000,2027.125,2027.315,2026.825,2027.225
1704932100000,2027.215,2027.795,2026.965,2027.308
1704932400000,2027.278,2027.508,2026.894,2026.928
1704932700000,2026.924,2027.228,2026.634,2027.128
1704933000000,2027.184,2027.528,2027.058,2027.434
1704933300000,2027.425,2027.444,2026.998,2027.198
1704933600000,2027.208,2028.025,2027.178,2027.608
1704933900000,2027.565,2027.808,2027.334,2027.698
1704934200000,2027.698,2027.998,2026.955,2027.898
1704934500000,2027.875,2028.325,2027.748,2027.748
1704934800000,2027.748,2028.335,2027.488,2027.998
1704935100000,2027.998,2028.008,2027.248,2027.765
1704935400000,2027.778,2028.118,2027.485,2027.744
1704935700000,2027.744,2028.258,2027.325,2028.138
1704936000000,2028.138,2028.658,2027.974,2028.048
1704936300000,2028.048,2028.054,2027.474,2027.998
1704936600000,2027.964,2028.658,2027.888,2028.604
1704936900000,2028.578,2028.738,2027.934,2028.144
1704937200000,2028.194,2028.674,2026.928,2027.395
1704937500000,2027.395,2028.645,2027.355,2028.565
1704937800000,2028.538,2030.075,2028.485,2029.858
1704938100000,2029.838,2030.265,2029.495,2029.635
1704938400000,2029.635,2029.995,2028.765,2029.405
1704938700000,2029.505,2029.815,2029.075,2029.145
1704939000000,2029.135,2030.515,2028.825,2030.415
1704939300000,2030.375,2031.808,2030.355,2031.625
1704939600000,2031.705,2031.795,2030.795,2031.265
1704939900000,2031.245,2031.405,2031.125,2031.225
1704940200000,2031.235,2031.465,2030.785,2030.865
1704940500000,2030.795,2030.855,2029.185,2029.408
1704940800000,2029.435,2030.005,2029.215,2029.925
1704941100000,2029.915,2030.015,2029.085,2029.775
1704941400000,2029.755,2030.165,2029.345,2029.455
1704941700000,2029.535,2029.755,2029.245,2029.575
1704942000000,2029.595,2029.865,2029.435,2029.555
1704942300000,2029.575,2029.825,2028.875,2029.055
1704942600000,2029.035,2029.315,2028.734,2028.845
1704942900000,2028.845,2028.945,2028.645,2028.828
1704943200000,2028.828,2028.955,2028.698,2028.765
1704943500000,2028.725,2030.465,2028.665,2029.685
1704943800000,2029.725,2030.765,2029.355,2030.335
1704944100000,2030.285,2030.735,2030.175,2030.345
1704944400000,2030.308,2030.985,2030.245,2030.765
1704944700000,2030.865,2030.895,2029.885,2030.165
1704945000000,2030.084,2030.755,2030.084,2030.485
1704945300000,2030.475,2030.975,2030.335,2030.835
1704945600000,2030.795,2031.365,2030.795,2031.315
1704945900000,2031.275,2031.795,2031.074,2031.515
1704946200000,2031.515,2032.035,2031.215,2031.805
1704946500000,2031.825,2032.005,2031.185,2031.195
1704946800000,2031.215,2031.945,2031.035,2031.815
1704947100000,2031.805,2031.895,2031.505,2031.625
1704947400000,2031.625,2031.735,2031.345,2031.455
1704947700000,2031.565,2032.165,2031.495,2032.085
1704948000000,2032.145,2032.145,2031.455,2031.515
1704948300000,2031.555,2031.875,2031.375,2031.565
1704948600000,2031.585,2032.185,2031.585,2032.075
1704948900000,2032.055,2032.155,2031.875,2031.995
1704949200000,2032.095,2032.415,2031.355,2031.585
1704949500000,2031.625,2031.678,2031.205,2031.578
1704949800000,2031.578,2031.948,2030.965,2031.298
1704950100000,2031.294,2032.465,2031.285,2032.085
1704950400000,2032.045,2032.205,2031.665,2031.875
1704950700000,2031.885,2031.955,2031.335,2031.795
1704951000000,2031.765,2033.375,2031.735,2032.625
1704951300000,2032.645,2033.205,2032.515,2032.905
1704951600000,2032.905,2033.255,2032.655,2032.995
1704951900000,2033.035,2033.935,2033.035,2033.465
1704952200000,2033.465,2034.555,2033.445,2033.938
1704952500000,2033.875,2034.315,2032.375,2032.885
1704952800000,2032.895,2033.105,2032.045,2032.275
1704953100000,2032.265,2033.055,2032.255,2033.045
1704953400000,2033.055,2034.935,2033.025,2034.115
1704953700000,2034.145,2034.325,2032.635,2033.295
1704954000000,2033.315,2033.655,2033.005,2033.505
1704954300000,2033.538,2034.595,2033.428,2034.425
1704954600000,2034.385,2034.695,2034.095,2034.615
1704954900000,2034.585,2035.045,2033.765,2033.805
1704955200000,2033.785,2034.945,2033.775,2033.998
1704955500000,2033.995,2034.275,2033.708,2034.025
1704955800000,2034.035,2034.405,2033.758,2034.245
1704956100000,2034.265,2034.305,2033.445,2033.945
1704956400000,2033.925,2034.215,2033.575,2034.075
1704956700000,2034.115,2034.495,2034.055,2034.465
1704957000000,2034.465,2034.858,2034.395,2034.725
1704957300000,2034.645,2035.035,2034.075,2034.125
1704957600000,2034.145,2035.005,2033.935,2034.505
1704957900000,2034.505,2035.655,2034.495,2034.985
1704958200000,2035.015,2035.205,2033.765,2034.398
1704958500000,2034.338,2034.535,2033.918,2034.455
1704958800000,2034.458,2035.055,2034.255,2034.715
1704959100000,2034.715,2035.148,2034.395,2034.395
1704959400000,2034.335,2034.515,2033.955,2034.408
1704959700000,2034.395,2034.525,2033.765,2033.805
1704960000000,2033.795,2033.925,2032.515,2032.535
1704960300000,2032.545,2032.545,2031.458,2032.195
1704960600000,2032.185,2033.805,2032.175,2032.798
1704960900000,2032.808,2032.815,2031.635,2031.765
1704961200000,2031.785,2032.805,2031.645,2032.595
1704961500000,2032.585,2033.525,2032.445,2033.325
1704961800000,2033.395,2033.685,2032.735,2033.045
1704962100000,2033.055,2033.155,2032.575,2032.615
1704962400000,2032.655,2032.655,2031.685,2032.125
1704962700000,2032.095,2032.385,2031.205,2031.525
1704963000000,2031.505,2031.855,2030.715,2030.718
1704963300000,2030.758,2031.158,2030.295,2030.718
1704963600000,2030.708,2031.255,2030.215,2030.985
1704963900000,2030.985,2031.845,2030.365,2031.845
1704964200000,2031.855,2032.205,2031.305,2031.845
1704964500000,2031.875,2032.215,2031.315,2031.335
1704964800000,2031.335,2031.515,2030.915,2031.175
1704965100000,2031.145,2031.185,2030.735,2030.765
1704965400000,2030.805,2030.805,2030.125,2030.745
1704965700000,2030.725,2031.785,2030.605,2031.525
1704966000000,2031.525,2032.115,2031.295,2031.605
1704966300000,2031.605,2032.065,2031.415,2031.845
1704966600000,2031.855,2032.375,2031.595,2031.945
1704966900000,2031.965,2032.115,2031.225,2031.225
1704967200000,2031.345,2031.375,2030.425,2030.665
1704967500000,2030.665,2031.238,2030.665,2030.938
1704967800000,2030.915,2031.235,2030.565,2031.075
1704968100000,2031.075,2031.215,2030.615,2031.145
1704968400000,2031.145,2032.155,2031.025,2031.985
1704968700000,2031.985,2032.135,2031.695,2031.895
1704969000000,2031.875,2032.385,2031.685,2032.095
1704969300000,2032.118,2032.428,2031.785,2032.215
1704969600000,2032.245,2032.638,2031.478,2031.585
1704969900000,2031.585,2031.958,2031.478,2031.765
1704970200000,2031.745,2031.995,2031.495,2031.565
1704970500000,2031.515,2032.005,2031.335,2032.005
1704970800000,2031.975,2032.185,2031.315,2032.185
1704971100000,2032.185,2032.495,2031.755,2032.145
1704971400000,2032.135,2032.485,2031.805,2032.295
1704971700000,2032.275,2032.565,2032.045,2032.275
1704972000000,2032.255,2033.105,2032.155,2033.038
1704972300000,2033.015,2033.915,2032.975,2033.758
1704972600000,2033.778,2033.928,2033.128,2033.128
1704972900000,2033.055,2033.398,2033.045,2033.108
1704973200000,2033.108,2034.125,2033.095,2033.625
1704973500000,2033.628,2033.995,2033.435,2033.525
1704973800000,2033.505,2034.025,2033.415,2033.925
1704974100000,2033.985,2034.305,2033.805,2034.235
1704974400000,2034.285,2034.935,2033.945,2033.975
1704974700000,2033.955,2034.425,2033.895,2034.178
1704975000000,2034.165,2034.255,2032.765,2033.225
1704975300000,2033.215,2033.668,2032.725,2032.935
1704975600000,2032.935,2033.475,2032.785,2033.095
1704975900000,2033.098,2033.685,2032.905,2033.565
1704976200000,2033.605,2034.275,2033.485,2033.745
1704976500000,2033.725,2033.965,2033.245,2033.355
1704976800000,2033.335,2034.025,2033.235,2033.508
1704977100000,2033.508,2033.708,2033.045,2033.325
1704977400000,2033.315,2033.345,2032.758,2032.955
1704977700000,2032.975,2033.165,2031.598,2032.315
1704978000000,2032.325,2034.245,2032.035,2033.435
1704978300000,2033.535,2034.735,2033.275,2034.455
1704978600000,2034.455,2034.715,2033.325,2033.715
1704978900000,2033.755,2034.715,2033.685,2033.748
1704979200000,2033.748,2039.485,2033.395,2038.835
1704979500000,2038.815,2039.295,2036.928,2037.198
1704979800000,2036.934,2043.864,2024.975,2032.405
1704980100000,2032.395,2035.855,2028.698,2030.325
1704980400000,2030.255,2032.965,2028.975,2030.655
1704980700000,2030.705,2033.144,2026.895,2028.475
1704981000000,2028.525,2030.265,2027.365,2028.455
1704981300000,2028.518,2029.905,2027.505,2029.335
1704981600000,2029.365,2029.615,2027.235,2027.865
1704981900000,2027.795,2028.275,2024.825,2026.605
1704982200000,2026.565,2030.695,2026.245,2030.195
1704982500000,2030.235,2032.585,2028.975,2030.155
1704982800000,2030.155,2030.585,2027.685,2028.665
1704983100000,2028.665,2030.698,2028.455,2029.375
1704983400000,2029.405,2032.085,2028.425,2031.375
1704983700000,2031.395,2034.805,2031.395,2031.845
1704984000000,2031.785,2032.525,2027.855,2029.485
1704984300000,2029.465,2030.015,2027.095,2028.065
1704984600000,2028.175,2030.085,2027.875,2029.165
1704984900000,2029.255,2031.825,2029.025,2029.598
1704985200000,2029.585,2029.635,2026.625,2027.035
1704985500000,2027.055,2028.855,2026.635,2027.705
1704985800000,2027.725,2028.625,2025.085,2025.745
1704986100000,2025.745,2028.175,2025.515,2028.095
1704986400000,2028.118,2030.228,2027.035,2029.198
1704986700000,2029.198,2030.765,2028.898,2030.765
1704987000000,2030.765,2032.874,2029.678,2030.045
1704987300000,2030.015,2031.848,2029.565,2031.225
1704987600000,2031.225,2031.798,2029.778,2030.985
1704987900000,2031.025,2031.315,2030.088,2030.575
1704988200000,2030.605,2030.705,2028.465,2029.485
1704988500000,2029.595,2029.818,2028.205,2028.945
1704988800000,2028.955,2029.375,2027.555,2029.105
1704989100000,2029.095,2029.505,2026.925,2027.185
1704989400000,2027.205,2027.475,2025.085,2025.415
1704989700000,2025.355,2026.498,2024.185,2025.585
1704990000000,2025.568,2026.498,2017.518,2019.155
1704990300000,2019.135,2019.405,2015.988,2018.285
1704990600000,2018.225,2018.375,2015.525,2016.425
1704990900000,2016.425,2017.065,2013.545,2015.055
1704991200000,2015.035,2015.775,2014.465,2014.465
1704991500000,2014.415,2019.965,2014.365,2019.855
1704991800000,2019.875,2020.185,2015.585,2016.315
1704992100000,2016.365,2017.705,2015.355,2016.595
1704992400000,2016.675,2018.375,2016.595,2017.545
1704992700000,2017.535,2018.325,2016.075,2016.245
1704993000000,2016.255,2016.675,2015.265,2016.375
1704993300000,2016.445,2017.125,2015.775,2016.045
1704993600000,2016.025,2016.985,2015.365,2016.025
1704993900000,2015.935,2017.575,2015.585,2016.385
1704994200000,2016.405,2016.855,2015.175,2015.615
1704994500000,2015.615,2015.815,2014.525,2014.785
1704994800000,2014.845,2015.805,2014.535,2015.045
1704995100000,2015.045,2015.645,2014.375,2014.965
1704995400000,2015.005,2015.405,2014.515,2014.625
1704995700000,2014.605,2014.605,2013.225,2014.275
1704996000000,2014.245,2015.975,2013.765,2015.305
1704996300000,2015.395,2016.905,2015.015,2016.025
1704996600000,2015.995,2016.875,2015.815,2016.275
1704996900000,2016.315,2016.515,2015.105,2015.555
1704997200000,2015.545,2016.645,2014.985,2015.925
1704997500000,2015.905,2016.405,2014.935,2015.015
1704997800000,2015.165,2015.425,2014.215,2014.425
1704998100000,2014.438,2015.095,2013.955,2014.885
1704998400000,2014.825,2015.285,2014.185,2014.525
1704998700000,2014.525,2015.305,2014.265,2014.845
1704999000000,2014.875,2015.985,2014.665,2015.915
1704999300000,2015.885,2016.975,2015.765,2016.975
1704999600000,2016.985,2019.305,2016.985,2018.715
1704999900000,2018.715,2019.985,2018.605,2019.285
1705000200000,2019.325,2021.155,2019.325,2020.875
1705000500000,2020.865,2021.568,2020.498,2020.498
1705000800000,2020.498,2020.865,2019.535,2019.905
1705001100000,2019.965,2025.035,2019.965,2024.365
1705001400000,2024.365,2025.058,2023.415,2024.405
1705001700000,2024.405,2024.865,2023.555,2024.235
1705002000000,2024.255,2025.165,2023.985,2024.355
1705002300000,2024.265,2025.628,2024.205,2025.275
1705002600000,2025.285,2026.325,2025.285,2026.115
1705002900000,2026.045,2027.265,2025.965,2026.345
1705003200000,2026.355,2027.008,2025.565,2025.935
1705003500000,2025.935,2027.215,2025.815,2025.815
1705003800000,2025.835,2026.145,2024.455,2025.205
1705004100000,2025.135,2025.265,2023.395,2023.865
1705004400000,2023.905,2025.675,2023.905,2025.565
1705004700000,2025.515,2026.285,2024.865,2024.998
1705005000000,2024.985,2026.805,2024.835,2026.775
1705005300000,2026.765,2026.765,2025.295,2025.915
1705005600000,2025.935,2026.715,2025.665,2026.635
1705005900000,2026.645,2028.195,2026.205,2027.805
1705006200000,2027.714,2028.475,2026.995,2028.115
1705006500000,2028.065,2028.105,2027.275,2027.395
1705006800000,2027.415,2028.195,2027.325,2027.815
1705007100000,2027.805,2028.365,2027.565,2028.365
1705007400000,2028.355,2028.725,2028.305,2028.485
1705007700000,2028.505,2029.515,2028.505,2029.348
1705008000000,2029.348,2029.348,2028.275,2028.515
1705008300000,2028.508,2028.565,2028.105,2028.338
1705008600000,2028.338,2028.548,2028.265,2028.435
1705008900000,2028.435,2028.795,2028.255,2028.388
1705009200000,2028.408,2028.485,2027.935,2028.158
1705009500000,2028.158,2028.278,2027.895,2028.085
1705009800000,2028.085,2028.748,2027.958,2028.645
1705010100000,2028.625,2028.818,2027.093,2028.695
1705010400000,2028.695,2028.695,2028.695,2028.695
1705010700000,2028.695,2028.695,2028.695,2028.695
1705011000000,2028.695,2028.695,2028.695,2028.695
1705011300000,2028.695,2028.695,2028.695,2028.695
1705011600000,2028.695,2028.695,2028.695,2028.695
1705011900000,2028.695,2028.695,2028.695,2028.695
1705012200000,2028.695,2028.695,2028.695,2028.695
1705012500000,2028.695,2028.695,2028.695,2028.695
1705012800000,2028.695,2028.695,2028.695,2028.695
1705013100000,2028.695,2028.695,2028.695,2028.695
1705013400000,2028.695,2028.695,2028.695,2028.695
1705013700000,2028.695,2028.695,2028.695,2028.695
1705014000000,2027.708,2029.548,2027.708,2029.128
1705014300000,2029.148,2031.398,2029.128,2030.798
1705014600000,2030.738,2034.885,2030.738,2034.065
1705014900000,2034.025,2035.125,2033.505,2034.925
1705015200000,2034.895,2034.895,2033.065,2033.425
1705015500000,2033.435,2033.585,2032.858,2032.918
1705015800000,2032.938,2034.095,2032.745,2033.925
1705016100000,2033.844,2034.155,2033.105,2033.795
1705016400000,2033.845,2034.985,2033.845,2034.455
1705016700000,2034.455,2034.935,2033.935,2034.765
1705017000000,2034.755,2034.925,2034.275,2034.485
1705017300000,2034.475,2035.455,2034.445,2035.125
1705017600000,2035.055,2035.265,2033.978,2033.978
1705017900000,2033.965,2034.265,2032.755,2032.855
1705018200000,2032.835,2032.995,2031.965,2032.065
1705018500000,2032.015,2032.245,2031.398,2032.205
1705018800000,2032.175,2032.175,2031.115,2031.375
1705019100000,2031.415,2031.605,2030.935,2031.085
1705019400000,2031.095,2032.225,2030.775,2031.655
1705019700000,2031.645,2031.665,2030.848,2030.905
1705020000000,2030.855,2030.965,2030.248,2030.348
1705020300000,2030.324,2031.795,2030.148,2031.495
1705020600000,2031.525,2031.705,2030.415,2031.314
1705020900000,2031.308,2031.475,2030.775,2031.035
1705021200000,2031.025,2031.065,2029.975,2030.805
1705021500000,2030.805,2031.445,2030.365,2031.385
1705021800000,2031.415,2032.418,2030.755,2032.095
1705022100000,2032.105,2032.185,2031.175,2031.775
1705022400000,2031.795,2032.075,2031.255,2031.945
1705022700000,2031.945,2032.955,2031.705,2032.695
1705023000000,2032.695,2032.775,2032.115,2032.225
1705023300000,2032.225,2033.435,2031.775,2033.128
1705023600000,2033.115,2033.865,2032.925,2033.385
1705023900000,2033.405,2033.765,2032.965,2033.595
1705024200000,2033.545,2034.065,2032.945,2033.435
1705024500000,2033.445,2034.665,2033.265,2033.805
1705024800000,2033.865,2035.178,2033.795,2035.138
1705025100000,2035.095,2035.138,2033.598,2033.638
1705025400000,2033.658,2033.915,2033.135,2033.555
1705025700000,2033.525,2034.295,2033.505,2033.785
1705026000000,2033.735,2034.595,2033.235,2034.535
1705026300000,2034.538,2035.095,2034.145,2034.895
1705026600000,2034.975,2034.975,2033.975,2034.425
1705026900000,2034.405,2034.545,2033.555,2033.738
1705027200000,2033.705,2034.325,2033.638,2034.295
1705027500000,2034.295,2034.545,2034.025,2034.025
1705027800000,2034.005,2034.645,2033.795,2034.455
1705028100000,2034.475,2034.475,2033.708,2033.855
1705028400000,2033.855,2034.368,2033.755,2034.005
1705028700000,2034.105,2035.045,2033.698,2034.955
1705029000000,2034.955,2035.285,2034.635,2035.225
1705029300000,2035.215,2035.215,2034.615,2034.985
1705029600000,2034.965,2035.205,2034.665,2035.055
1705029900000,2035.125,2035.575,2034.735,2034.735
1705030200000,2034.634,2034.705,2034.205,2034.295
1705030500000,2034.275,2034.325,2033.705,2033.875
1705030800000,2033.885,2034.145,2033.665,2034.125
1705031100000,2034.095,2034.278,2033.935,2034.045
1705031400000,2034.018,2034.265,2033.925,2034.045
1705031700000,2033.985,2034.005,2033.675,2033.865
1705032000000,2033.835,2033.835,2033.125,2033.125
1705032300000,2033.095,2033.458,2032.925,2033.205
1705032600000,2033.208,2033.878,2033.034,2033.578
1705032900000,2033.515,2033.584,2032.954,2032.964
1705033200000,2032.965,2033.174,2032.698,2033.028
1705033500000,2033.028,2034.038,2032.964,2033.295
1705033800000,2033.274,2033.514,2032.998,2033.018
1705034100000,2033.018,2033.564,2032.815,2033.558
1705034400000,2033.638,2034.455,2033.428,2034.335
1705034700000,2034.248,2034.485,2034.015,2034.485
1705035000000,2034.565,2034.935,2034.405,2034.495
1705035300000,2034.555,2034.935,2034.505,2034.578
1705035600000,2034.578,2035.055,2034.125,2034.578
1705035900000,2034.548,2034.998,2034.414,2034.845
1705036200000,2034.865,2034.995,2034.328,2034.538
1705036500000,2034.538,2034.915,2034.178,2034.605
1705036800000,2034.575,2034.575,2034.155,2034.185
1705037100000,2034.165,2034.445,2033.925,2034.215
1705037400000,2034.215,2034.635,2033.575,2033.948
1705037700000,2033.945,2034.845,2033.708,2034.845
1705038000000,2034.855,2034.855,2034.145,2034.165
1705038300000,2034.175,2034.645,2034.085,2034.415
1705038600000,2034.425,2035.165,2034.345,2035.125
1705038900000,2035.125,2037.115,2035.095,2035.975
1705039200000,2035.995,2036.565,2035.785,2036.435
1705039500000,2036.415,2036.415,2035.745,2036.075
1705039800000,2036.065,2036.505,2035.855,2036.285
1705040100000,2036.285,2036.525,2035.895,2036.215
1705040400000,2036.225,2036.705,2035.735,2036.465
1705040700000,2036.475,2036.475,2035.585,2035.825
1705041000000,2035.775,2035.805,2035.175,2035.435
1705041300000,2035.425,2036.015,2035.285,2035.308
1705041600000,2035.295,2035.355,2034.838,2034.915
1705041900000,2034.915,2035.575,2034.765,2035.065
1705042200000,2035.075,2036.018,2035.074,2035.858
1705042500000,2035.838,2036.085,2034.978,2035.135
1705042800000,2035.145,2035.318,2034.125,2034.155
1705043100000,2034.175,2035.125,2034.165,2035.125
1705043400000,2035.155,2035.935,2035.135,2035.155
1705043700000,2035.115,2036.095,2034.925,2035.985
1705044000000,2035.985,2036.285,2035.495,2035.595
1705044300000,2035.625,2038.225,2035.345,2037.855
1705044600000,2037.865,2039.275,2036.675,2038.115
1705044900000,2038.175,2038.195,2036.885,2037.015
1705045200000,2037.025,2037.098,2036.358,2036.425
1705045500000,2036.415,2037.045,2035.515,2036.535
1705045800000,2036.525,2038.425,2036.525,2037.755
1705046100000,2037.725,2038.298,2037.185,2037.405
1705046400000,2037.375,2038.698,2037.375,2038.698
1705046700000,2038.698,2039.588,2038.625,2039.085
1705047000000,2039.105,2039.515,2038.285,2038.625
1705047300000,2038.695,2039.605,2038.205,2038.855
1705047600000,2038.755,2038.845,2038.015,2038.475
1705047900000,2038.505,2039.505,2038.305,2038.535
1705048200000,2038.515,2039.665,2037.855,2039.525
1705048500000,2039.525,2039.765,2038.465,2039.055
1705048800000,2039.095,2039.135,2037.665,2037.725
1705049100000,2037.715,2037.725,2036.945,2037.275
1705049400000,2037.325,2038.335,2037.045,2037.925
1705049700000,2037.905,2038.935,2037.905,2038.645
1705050000000,2038.605,2039.355,2038.105,2038.265
1705050300000,2038.285,2039.315,2038.225,2039.315
1705050600000,2039.355,2039.995,2039.155,2039.245
1705050900000,2039.295,2039.605,2039.005,2039.365
1705051200000,2039.315,2039.575,2039.145,2039.375
1705051500000,2039.365,2039.935,2038.775,2039.915
1705051800000,2039.875,2039.925,2039.285,2039.295
1705052100000,2039.295,2039.665,2039.105,2039.645
1705052400000,2039.655,2039.915,2039.275,2039.645
1705052700000,2039.685,2039.915,2038.175,2038.635
1705053000000,2038.635,2038.815,2037.878,2038.275
1705053300000,2038.235,2038.325,2037.755,2038.055
1705053600000,2038.075,2039.315,2037.985,2039.205
1705053900000,2039.285,2039.325,2038.525,2039.305
1705054200000,2039.325,2039.345,2038.885,2039.098
1705054500000,2039.098,2039.185,2038.435,2039.125
1705054800000,2039.165,2040.045,2039.025,2039.595
1705055100000,2039.575,2040.335,2039.575,2040.005
1705055400000,2040.005,2040.235,2039.355,2040.195
1705055700000,2040.245,2040.775,2039.915,2040.285
1705056000000,2040.235,2042.315,2040.135,2042.105
1705056300000,2042.105,2043.605,2042.105,2043.465
1705056600000,2043.485,2044.025,2042.835,2043.908
1705056900000,2043.865,2046.015,2043.498,2045.765
1705057200000,2045.835,2047.305,2045.525,2045.535
1705057500000,2045.535,2046.415,2045.315,2045.595
1705057800000,2045.595,2045.628,2044.785,2045.045
1705058100000,2045.045,2045.765,2044.925,2045.285
1705058400000,2045.285,2045.495,2044.815,2045.335
1705058700000,2045.335,2045.525,2044.825,2045.475
1705059000000,2045.505,2046.335,2045.415,2046.115
1705059300000,2046.045,2046.475,2045.625,2046.408
1705059600000,2046.398,2046.455,2044.945,2044.965
1705059900000,2044.995,2045.765,2044.505,2045.045
1705060200000,2045.035,2045.035,2044.008,2044.978
1705060500000,2044.995,2045.655,2044.548,2045.315
1705060800000,2045.355,2049.745,2045.355,2048.465
1705061100000,2048.465,2053.625,2047.775,2051.345
1705061400000,2051.335,2052.068,2050.445,2050.815
1705061700000,2050.855,2050.965,2048.128,2048.925
1705062000000,2048.925,2049.078,2047.658,2048.255
1705062300000,2048.265,2049.295,2048.255,2048.378
1705062600000,2048.405,2050.195,2048.405,2049.905
1705062900000,2049.945,2050.158,2048.715,2049.225
1705063200000,2049.325,2049.725,2048.735,2048.925
1705063500000,2049.005,2049.495,2048.345,2048.565
1705063800000,2048.585,2049.175,2048.365,2048.365
1705064100000,2048.338,2048.645,2047.655,2047.665
1705064400000,2047.765,2047.765,2045.095,2045.865
1705064700000,2045.885,2047.458,2045.535,2045.985
1705065000000,2045.998,2046.508,2045.355,2045.865
1705065300000,2045.855,2046.558,2045.035,2045.275
1705065600000,2045.275,2048.155,2044.258,2047.075
1705065900000,2047.058,2048.995,2047.055,2048.328
1705066200000,2048.315,2055.525,2048.315,2052.185
1705066500000,2052.165,2055.875,2052.075,2054.265
1705066800000,2054.238,2055.065,2052.715,2054.215
1705067100000,2054.185,2055.745,2052.755,2053.025
1705067400000,2053.045,2056.255,2052.835,2055.505
1705067700000,2055.515,2056.555,2055.115,2056.045
1705068000000,2056.025,2059.155,2055.605,2057.355
1705068300000,2057.305,2058.235,2055.475,2056.028
1705068600000,2056.015,2057.058,2053.215,2053.975
1705068900000,2053.975,2055.485,2053.285,2055.225
1705069200000,2055.205,2056.765,2055.095,2056.025
1705069500000,2056.005,2057.845,2055.965,2057.635
1705069800000,2057.665,2061.375,2057.545,2060.935
1705070100000,2060.945,2062.145,2059.695,2059.695
1705070400000,2059.675,2061.308,2059.505,2060.635
1705070700000,2060.595,2060.758,2059.255,2059.325
1705071000000,2059.355,2059.545,2056.805,2057.055
1705071300000,2057.055,2057.705,2054.988,2055.755
1705071600000,2055.755,2057.475,2055.095,2057.035
1705071900000,2057.025,2059.465,2057.025,2057.905
1705072200000,2057.935,2059.128,2056.415,2058.745
1705072500000,2058.785,2060.005,2057.285,2057.465
1705072800000,2057.495,2058.615,2057.005,2057.665
1705073100000,2057.645,2058.295,2056.565,2057.995
1705073400000,2058.045,2058.465,2055.895,2056.688
1705073700000,2056.705,2056.775,2053.255,2054.035
1705074000000,2054.038,2054.955,2051.525,2052.105
1705074300000,2052.105,2053.105,2050.865,2053.105
1705074600000,2053.105,2054.105,2052.615,2052.935
1705074900000,2052.915,2053.615,2051.735,2053.595
1705075200000,2053.615,2053.845,2051.035,2052.955
1705075500000,2052.955,2053.935,2051.515,2053.265
1705075800000,2053.195,2053.855,2052.395,2052.455
1705076100000,2052.435,2053.425,2051.465,2053.135
1705076400000,2053.105,2054.265,2052.185,2054.055
1705076700000,2053.995,2055.455,2053.965,2055.295
1705077000000,2055.245,2055.245,2053.415,2053.495
1705077300000,2053.505,2054.025,2050.038,2051.225
1705077600000,2051.265,2052.485,2051.265,2051.855
1705077900000,2051.785,2051.805,2050.465,2050.935
1705078200000,2050.945,2051.135,2049.675,2050.855
1705078500000,2050.865,2050.865,2048.185,2048.235
1705078800000,2048.155,2048.505,2046.205,2046.845
1705079100000,2046.845,2047.895,2046.055,2046.855
1705079400000,2046.905,2046.935,2044.785,2044.895
1705079700000,2044.995,2045.065,2043.168,2044.425
1705080000000,2044.425,2044.645,2043.045,2043.295
1705080300000,2043.215,2043.965,2042.565,2043.645
1705080600000,2043.665,2043.895,2042.285,2042.565
1705080900000,2042.555,2043.245,2041.635,2043.095
1705081200000,2043.085,2043.085,2042.085,2042.655
1705081500000,2042.795,2042.975,2041.325,2042.745
1705081800000,2042.758,2044.845,2042.135,2044.105
1705082100000,2044.205,2044.945,2043.655,2043.815
1705082400000,2043.855,2044.075,2042.955,2043.475
1705082700000,2043.495,2044.605,2043.395,2044.405
1705083000000,2044.405,2045.835,2044.205,2045.395
1705083300000,2045.385,2047.585,2045.215,2047.505
1705083600000,2047.505,2048.585,2046.795,2047.245
1705083900000,2047.255,2048.145,2046.765,2046.865
1705084200000,2046.965,2047.485,2046.405,2047.115
1705084500000,2047.115,2047.395,2046.415,2046.755
1705084800000,2046.735,2046.735,2045.445,2046.005
1705085100000,2045.935,2046.775,2045.575,2046.685
1705085400000,2046.705,2047.175,2046.445,2046.855
1705085700000,2046.875,2047.505,2046.845,2047.398
1705086000000,2047.398,2047.795,2047.185,2047.705
1705086300000,2047.705,2049.005,2047.635,2048.435
1705086600000,2048.425,2048.758,2047.868,2048.585
1705086900000,2048.608,2048.945,2048.395,2048.895
1705087200000,2048.898,2049.045,2048.035,2048.525
1705087500000,2048.528,2048.655,2048.005,2048.145
1705087800000,2048.188,2048.638,2047.645,2047.675
1705088100000,2047.685,2047.865,2047.255,2047.305
1705088400000,2047.215,2047.325,2046.415,2046.425
1705088700000,2046.415,2046.875,2046.125,2046.855
1705089000000,2046.875,2047.345,2046.785,2046.935
1705089300000,2046.965,2047.315,2046.615,2047.225
1705089600000,2047.275,2047.275,2046.565,2046.875
1705089900000,2046.905,2047.565,2046.825,2047.025
1705090200000,2046.995,2047.275,2046.675,2047.195
1705090500000,2047.215,2047.295,2046.785,2047.145
1705090800000,2047.165,2047.455,2046.595,2046.925
1705091100000,2046.905,2047.145,2046.605,2046.845
1705091400000,2046.875,2047.018,2046.335,2046.475
1705091700000,2046.495,2046.755,2046.278,2046.695
1705092000000,2046.675,2046.705,2045.965,2046.035
1705092300000,2046.125,2046.855,2046.125,2046.745
1705092600000,2046.695,2046.885,2046.325,2046.695
1705092900000,2046.665,2047.428,2046.065,2047.358
1705093200000,2047.358,2047.358,2046.778,2046.988
1705093500000,2047.018,2047.598,2046.895,2047.348
1705093800000,2047.335,2047.528,2047.098,2047.265
1705094100000,2047.265,2047.565,2047.255,2047.465
1705094400000,2047.485,2048.165,2047.455,2048.165
1705094700000,2048.125,2048.255,2047.658,2047.908
1705095000000,2047.908,2048.218,2047.865,2048.008
1705095300000,2047.978,2048.308,2047.885,2048.218
1705095600000,2048.278,2048.608,2048.078,2048.348
1705095900000,2048.335,2049.078,2048.145,2048.815
1705096200000,2048.828,2049.078,2048.245,2048.675
1705096500000,2048.668,2049.138,2048.358,2048.675
1705190400000,2047.035,2047.035,2047.035,2047.035
1705190700000,2047.035,2047.035,2047.035,2047.035
1705191000000,2047.035,2047.035,2047.035,2047.035
1705191300000,2047.035,2047.035,2047.035,2047.035
1705191600000,2047.035,2047.035,2047.035,2047.035
1705191900000,2047.035,2047.035,2047.035,2047.035
1705192200000,2047.035,2047.035,2047.035,2047.035
1705192500000,2047.035,2047.035,2047.035,2047.035
1705192800000,2047.035,2047.035,2047.035,2047.035
1705193100000,2047.035,2047.035,2047.035,2047.035
1705193400000,2047.035,2047.035,2047.035,2047.035
1705193700000,2047.035,2047.035,2047.035,2047.035
1705194000000,2047.035,2047.035,2047.035,2047.035
1705194300000,2047.035,2047.035,2047.035,2047.035
1705194600000,2047.035,2047.035,2047.035,2047.035
1705194900000,2047.035,2047.035,2047.035,2047.035
1705195200000,2047.035,2047.035,2047.035,2047.035
1705195500000,2047.035,2047.035,2047.035,2047.035
1705195800000,2047.035,2047.035,2047.035,2047.035
1705196100000,2047.035,2047.035,2047.035,2047.035
1705196400000,2047.035,2047.035,2047.035,2047.035
1705196700000,2047.035,2047.035,2047.035,2047.035
1705197000000,2047.035,2047.035,2047.035,2047.035
1705197300000,2047.035,2047.035,2047.035,2047.035
1705197600000,2047.035,2047.035,2047.035,2047.035
1705197900000,2047.035,2047.035,2047.035,2047.035
1705198200000,2047.035,2047.035,2047.035,2047.035
1705198500000,2047.035,2047.035,2047.035,2047.035
1705198800000,2047.035,2047.035,2047.035,2047.035
1705199100000,2047.035,2047.035,2047.035,2047.035
1705199400000,2047.035,2047.035,2047.035,2047.035
1705199700000,2047.035,2047.035,2047.035,2047.035
1705200000000,2047.035,2047.035,2047.035,2047.035
1705200300000,2047.035,2047.035,2047.035,2047.035
1705200600000,2047.035,2047.035,2047.035,2047.035
1705200900000,2047.035,2047.035,2047.035,2047.035
1705201200000,2047.035,2047.035,2047.035,2047.035
1705201500000,2047.035,2047.035,2047.035,2047.035
1705201800000,2047.035,2047.035,2047.035,2047.035
1705202100000,2047.035,2047.035,2047.035,2047.035
1705202400000,2047.035,2047.035,2047.035,2047.035
1705202700000,2047.035,2047.035,2047.035,2047.035
1705203000000,2047.035,2047.035,2047.035,2047.035
1705203300000,2047.035,2047.035,2047.035,2047.035
1705203600000,2047.035,2047.035,2047.035,2047.035
1705203900000,2047.035,2047.035,2047.035,2047.035
1705204200000,2047.035,2047.035,2047.035,2047.035
1705204500000,2047.035,2047.035,2047.035,2047.035
1705204800000,2047.035,2047.035,2047.035,2047.035
1705205100000,2047.035,2047.035,2047.035,2047.035
1705205400000,2047.035,2047.035,2047.035,2047.035
1705205700000,2047.035,2047.035,2047.035,2047.035
1705206000000,2047.035,2047.035,2047.035,2047.035
1705206300000,2047.035,2047.035,2047.035,2047.035
1705206600000,2047.035,2047.035,2047.035,2047.035
1705206900000,2047.035,2047.035,2047.035,2047.035
1705207200000,2047.035,2047.035,2047.035,2047.035
1705207500000,2047.035,2047.035,2047.035,2047.035
1705207800000,2047.035,2047.035,2047.035,2047.035
1705208100000,2047.035,2047.035,2047.035,2047.035
1705208400000,2047.035,2047.035,2047.035,2047.035
1705208700000,2047.035,2047.035,2047.035,2047.035
1705209000000,2047.035,2047.035,2047.035,2047.035
1705209300000,2047.035,2047.035,2047.035,2047.035
1705209600000,2047.035,2047.035,2047.035,2047.035
1705209900000,2047.035,2047.035,2047.035,2047.035
1705210200000,2047.035,2047.035,2047.035,2047.035
1705210500000,2047.035,2047.035,2047.035,2047.035
1705210800000,2047.035,2047.035,2047.035,2047.035
1705211100000,2047.035,2047.035,2047.035,2047.035
1705211400000,2047.035,2047.035,2047.035,2047.035
1705211700000,2047.035,2047.035,2047.035,2047.035
1705212000000,2047.035,2047.035,2047.035,2047.035
1705212300000,2047.035,2047.035,2047.035,2047.035
1705212600000,2047.035,2047.035,2047.035,2047.035
1705212900000,2047.035,2047.035,2047.035,2047.035
1705213200000,2047.035,2047.035,2047.035,2047.035
1705213500000,2047.035,2047.035,2047.035,2047.035
1705213800000,2047.035,2047.035,2047.035,2047.035
1705214100000,2047.035,2047.035,2047.035,2047.035
1705214400000,2047.035,2047.035,2047.035,2047.035
1705214700000,2047.035,2047.035,2047.035,2047.035
1705215000000,2047.035,2047.035,2047.035,2047.035
1705215300000,2047.035,2047.035,2047.035,2047.035
1705215600000,2047.035,2047.035,2047.035,2047.035
1705215900000,2047.035,2047.035,2047.035,2047.035
1705216200000,2047.035,2047.035,2047.035,2047.035
1705216500000,2047.035,2047.035,2047.035,2047.035
1705216800000,2047.035,2047.035,2047.035,2047.035
1705217100000,2047.035,2047.035,2047.035,2047.035
1705217400000,2047.035,2047.035,2047.035,2047.035
1705217700000,2047.035,2047.035,2047.035,2047.035
1705218000000,2047.035,2047.035,2047.035,2047.035
1705218300000,2047.035,2047.035,2047.035,2047.035
1705218600000,2047.035,2047.035,2047.035,2047.035
1705218900000,2047.035,2047.035,2047.035,2047.035
1705219200000,2047.035,2047.035,2047.035,2047.035
1705219500000,2047.035,2047.035,2047.035,2047.035
1705219800000,2047.035,2047.035,2047.035,2047.035
1705220100000,2047.035,2047.035,2047.035,2047.035
1705220400000,2047.035,2047.035,2047.035,2047.035
1705220700000,2047.035,2047.035,2047.035,2047.035
1705221000000,2047.035,2047.035,2047.035,2047.035
1705221300000,2047.035,2047.035,2047.035,2047.035
1705221600000,2047.035,2047.035,2047.035,2047.035
1705221900000,2047.035,2047.035,2047.035,2047.035
1705222200000,2047.035,2047.035,2047.035,2047.035
1705222500000,2047.035,2047.035,2047.035,2047.035
1705222800000,2047.035,2047.035,2047.035,2047.035
1705223100000,2047.035,2047.035,2047.035,2047.035
1705223400000,2047.035,2047.035,2047.035,2047.035
1705223700000,2047.035,2047.035,2047.035,2047.035
1705224000000,2047.035,2047.035,2047.035,2047.035
1705224300000,2047.035,2047.035,2047.035,2047.035
1705224600000,2047.035,2047.035,2047.035,2047.035
1705224900000,2047.035,2047.035,2047.035,2047.035
1705225200000,2047.035,2047.035,2047.035,2047.035
1705225500000,2047.035,2047.035,2047.035,2047.035
1705225800000,2047.035,2047.035,2047.035,2047.035
1705226100000,2047.035,2047.035,2047.035,2047.035
1705226400000,2047.035,2047.035,2047.035,2047.035
1705226700000,2047.035,2047.035,2047.035,2047.035
1705227000000,2047.035,2047.035,2047.035,2047.035
1705227300000,2047.035,2047.035,2047.035,2047.035
1705227600000,2047.035,2047.035,2047.035,2047.035
1705227900000,2047.035,2047.035,2047.035,2047.035
1705228200000,2047.035,2047.035,2047.035,2047.035
1705228500000,2047.035,2047.035,2047.035,2047.035
1705228800000,2047.035,2047.035,2047.035,2047.035
1705229100000,2047.035,2047.035,2047.035,2047.035
1705229400000,2047.035,2047.035,2047.035,2047.035
1705229700000,2047.035,2047.035,2047.035,2047.035
1705230000000,2047.035,2047.035,2047.035,2047.035
1705230300000,2047.035,2047.035,2047.035,2047.035
1705230600000,2047.035,2047.035,2047.035,2047.035
1705230900000,2047.035,2047.035,2047.035,2047.035
1705231200000,2047.035,2047.035,2047.035,2047.035
1705231500000,2047.035,2047.035,2047.035,2047.035
1705231800000,2047.035,2047.035,2047.035,2047.035
1705232100000,2047.035,2047.035,2047.035,2047.035
1705232400000,2047.035,2047.035,2047.035,2047.035
1705232700000,2047.035,2047.035,2047.035,2047.035
1705233000000,2047.035,2047.035,2047.035,2047.035
1705233300000,2047.035,2047.035,2047.035,2047.035
1705233600000,2047.035,2047.035,2047.035,2047.035
1705233900000,2047.035,2047.035,2047.035,2047.035
1705234200000,2047.035,2047.035,2047.035,2047.035
1705234500000,2047.035,2047.035,2047.035,2047.035
1705234800000,2047.035,2047.035,2047.035,2047.035
1705235100000,2047.035,2047.035,2047.035,2047.035
1705235400000,2047.035,2047.035,2047.035,2047.035
1705235700000,2047.035,2047.035,2047.035,2047.035
1705236000000,2047.035,2047.035,2047.035,2047.035
1705236300000,2047.035,2047.035,2047.035,2047.035
1705236600000,2047.035,2047.035,2047.035,2047.035
1705236900000,2047.035,2047.035,2047.035,2047.035
1705237200000,2047.035,2047.035,2047.035,2047.035
1705237500000,2047.035,2047.035,2047.035,2047.035
1705237800000,2047.035,2047.035,2047.035,2047.035
1705238100000,2047.035,2047.035,2047.035,2047.035
1705238400000,2047.035,2047.035,2047.035,2047.035
1705238700000,2047.035,2047.035,2047.035,2047.035
1705239000000,2047.035,2047.035,2047.035,2047.035
1705239300000,2047.035,2047.035,2047.035,2047.035
1705239600000,2047.035,2047.035,2047.035,2047.035
1705239900000,2047.035,2047.035,2047.035,2047.035
1705240200000,2047.035,2047.035,2047.035,2047.035
1705240500000,2047.035,2047.035,2047.035,2047.035
1705240800000,2047.035,2047.035,2047.035,2047.035
1705241100000,2047.035,2047.035,2047.035,2047.035
1705241400000,2047.035,2047.035,2047.035,2047.035
1705241700000,2047.035,2047.035,2047.035,2047.035
1705242000000,2047.035,2047.035,2047.035,2047.035
1705242300000,2047.035,2047.035,2047.035,2047.035
1705242600000,2047.035,2047.035,2047.035,2047.035
1705242900000,2047.035,2047.035,2047.035,2047.035
1705243200000,2047.035,2047.035,2047.035,2047.035
1705243500000,2047.035,2047.035,2047.035,2047.035
1705243800000,2047.035,2047.035,2047.035,2047.035
1705244100000,2047.035,2047.035,2047.035,2047.035
1705244400000,2047.035,2047.035,2047.035,2047.035
1705244700000,2047.035,2047.035,2047.035,2047.035
1705245000000,2047.035,2047.035,2047.035,2047.035
1705245300000,2047.035,2047.035,2047.035,2047.035
1705245600000,2047.035,2047.035,2047.035,2047.035
1705245900000,2047.035,2047.035,2047.035,2047.035
1705246200000,2047.035,2047.035,2047.035,2047.035
1705246500000,2047.035,2047.035,2047.035,2047.035
1705246800000,2047.035,2047.035,2047.035,2047.035
1705247100000,2047.035,2047.035,2047.035,2047.035
1705247400000,2047.035,2047.035,2047.035,2047.035
1705247700000,2047.035,2047.035,2047.035,2047.035
1705248000000,2047.035,2047.035,2047.035,2047.035
1705248300000,2047.035,2047.035,2047.035,2047.035
1705248600000,2047.035,2047.035,2047.035,2047.035
1705248900000,2047.035,2047.035,2047.035,2047.035
1705249200000,2047.035,2047.035,2047.035,2047.035
1705249500000,2047.035,2047.035,2047.035,2047.035
1705249800000,2047.035,2047.035,2047.035,2047.035
1705250100000,2047.035,2047.035,2047.035,2047.035
1705250400000,2047.035,2047.035,2047.035,2047.035
1705250700000,2047.035,2047.035,2047.035,2047.035
1705251000000,2047.035,2047.035,2047.035,2047.035
1705251300000,2047.035,2047.035,2047.035,2047.035
1705251600000,2047.035,2047.035,2047.035,2047.035
1705251900000,2047.035,2047.035,2047.035,2047.035
1705252200000,2047.035,2047.035,2047.035,2047.035
1705252500000,2047.035,2047.035,2047.035,2047.035
1705252800000,2047.035,2047.035,2047.035,2047.035
1705253100000,2047.035,2047.035,2047.035,2047.035
1705253400000,2047.035,2047.035,2047.035,2047.035
1705253700000,2047.035,2047.035,2047.035,2047.035
1705254000000,2047.035,2047.035,2047.035,2047.035
1705254300000,2047.035,2047.035,2047.035,2047.035
1705254600000,2047.035,2047.035,2047.035,2047.035
1705254900000,2047.035,2047.035,2047.035,2047.035
1705255200000,2047.035,2047.035,2047.035,2047.035
1705255500000,2047.035,2047.035,2047.035,2047.035
1705255800000,2047.035,2047.035,2047.035,2047.035
1705256100000,2047.035,2047.035,2047.035,2047.035
1705256400000,2047.035,2047.035,2047.035,2047.035
1705256700000,2047.035,2047.035,2047.035,2047.035
1705257000000,2047.035,2047.035,2047.035,2047.035
1705257300000,2047.035,2047.035,2047.035,2047.035
1705257600000,2047.035,2047.035,2047.035,2047.035
1705257900000,2047.035,2047.035,2047.035,2047.035
1705258200000,2047.035,2047.035,2047.035,2047.035
1705258500000,2047.035,2047.035,2047.035,2047.035
1705258800000,2047.035,2047.035,2047.035,2047.035
1705259100000,2047.035,2047.035,2047.035,2047.035
1705259400000,2047.035,2047.035,2047.035,2047.035
1705259700000,2047.035,2047.035,2047.035,2047.035
1705260000000,2047.035,2047.035,2047.035,2047.035
1705260300000,2047.035,2047.035,2047.035,2047.035
1705260600000,2047.035,2047.035,2047.035,2047.035
1705260900000,2047.035,2047.035,2047.035,2047.035
1705261200000,2047.035,2047.035,2047.035,2047.035
1705261500000,2047.035,2047.035,2047.035,2047.035
1705261800000,2047.035,2047.035,2047.035,2047.035
1705262100000,2047.035,2047.035,2047.035,2047.035
1705262400000,2047.035,2047.035,2047.035,2047.035
1705262700000,2047.035,2047.035,2047.035,2047.035
1705263000000,2047.035,2047.035,2047.035,2047.035
1705263300000,2047.035,2047.035,2047.035,2047.035
1705263600000,2047.035,2047.035,2047.035,2047.035
1705263900000,2047.035,2047.035,2047.035,2047.035
1705264200000,2047.035,2047.035,2047.035,2047.035
1705264500000,2047.035,2047.035,2047.035,2047.035
1705264800000,2047.035,2047.035,2047.035,2047.035
1705265100000,2047.035,2047.035,2047.035,2047.035
1705265400000,2047.035,2047.035,2047.035,2047.035
1705265700000,2047.035,2047.035,2047.035,2047.035
1705266000000,2047.035,2047.035,2047.035,2047.035
1705266300000,2047.035,2047.035,2047.035,2047.035
1705266600000,2047.035,2047.035,2047.035,2047.035
1705266900000,2047.035,2047.035,2047.035,2047.035
1705267200000,2047.035,2047.035,2047.035,2047.035
1705267500000,2047.035,2047.035,2047.035,2047.035
1705267800000,2047.035,2047.035,2047.035,2047.035
1705268100000,2047.035,2047.035,2047.035,2047.035
1705268400000,2047.035,2047.035,2047.035,2047.035
1705268700000,2047.035,2047.035,2047.035,2047.035
1705269000000,2047.035,2047.035,2047.035,2047.035
1705269300000,2047.035,2047.035,2047.035,2047.035
1705269600000,2047.035,2047.035,2047.035,2047.035
1705269900000,2047.035,2047.035,2047.035,2047.035
1705270200000,2047.035,2047.035,2047.035,2047.035
1705270500000,2047.035,2047.035,2047.035,2047.035
1705270800000,2047.035,2047.035,2047.035,2047.035
1705271100000,2047.035,2047.035,2047.035,2047.035
1705271400000,2047.035,2047.035,2047.035,2047.035
1705271700000,2047.035,2047.035,2047.035,2047.035
1705272000000,2047.035,2047.035,2047.035,2047.035
1705272300000,2047.035,2047.035,2047.035,2047.035
1705272600000,2047.035,2047.035,2047.035,2047.035
1705272900000,2047.035,2047.035,2047.035,2047.035
1705273200000,2048.498,2048.598,2046.698,2047.705
1705273500000,2047.674,2048.334,2047.434,2047.974
1705273800000,2047.974,2048.005,2047.215,2047.425
1705274100000,2047.435,2047.765,2047.135,2047.745
1705274400000,2047.745,2047.745,2047.245,2047.535
1705274700000,2047.474,2047.565,2046.825,2046.825
1705275000000,2046.735,2047.105,2046.235,2047.005
1705275300000,2047.015,2047.925,2046.965,2047.925
1705275600000,2047.785,2048.605,2047.485,2048.305
1705275900000,2048.295,2048.295,2047.235,2047.575
1705276200000,2047.575,2047.645,2047.385,2047.595
1705276500000,2047.585,2047.705,2047.135,2047.505
1705276800000,2047.525,2047.675,2046.445,2046.445
1705277100000,2046.465,2046.818,2045.675,2046.165
1705277400000,2046.135,2046.975,2046.105,2046.925
1705277700000,2046.915,2046.945,2046.555,2046.778
1705278000000,2046.775,2047.855,2046.578,2047.845
1705278300000,2047.835,2048.145,2047.578,2047.865
1705278600000,2047.865,2048.375,2047.575,2048.275
1705278900000,2048.255,2048.355,2047.445,2047.848
1705279200000,2047.755,2048.278,2047.675,2047.794
1705279500000,2047.794,2048.258,2047.628,2047.654
1705279800000,2047.654,2048.074,2047.345,2047.665
1705280100000,2047.685,2048.048,2047.175,2047.775
1705280400000,2047.735,2048.845,2047.558,2048.655
1705280700000,2048.765,2049.175,2048.295,2049.045
1705281000000,2049.015,2049.135,2047.785,2048.185
1705281300000,2048.215,2048.405,2047.405,2047.655
1705281600000,2047.615,2049.025,2047.405,2048.925
1705281900000,2048.945,2049.325,2048.375,2048.875
1705282200000,2048.835,2049.765,2048.615,2049.105
1705282500000,2049.075,2050.245,2049.075,2050.158
1705282800000,2050.105,2050.845,2049.528,2050.835
1705283100000,2050.735,2051.225,2050.565,2050.845
1705283400000,2050.835,2051.335,2050.715,2051.225
1705283700000,2051.195,2051.195,2050.515,2050.975
1705284000000,2051.025,2051.315,2049.845,2050.555
1705284300000,2050.555,2050.655,2049.775,2050.245
1705284600000,2050.295,2051.055,2050.065,2050.735
1705284900000,2050.785,2053.495,2050.455,2053.435
1705285200000,2053.435,2054.015,2052.735,2053.485
1705285500000,2053.585,2055.115,2053.445,2054.575
1705285800000,2054.525,2055.405,2054.095,2054.785
1705286100000,2054.805,2055.075,2053.858,2054.038
1705286400000,2054.005,2054.905,2053.845,2054.325
1705286700000,2054.385,2054.615,2053.935,2054.145
1705287000000,2054.095,2055.625,2054.095,2055.525
1705287300000,2055.585,2056.335,2055.375,2056.305
1705287600000,2056.295,2056.385,2055.565,2055.775
1705287900000,2055.745,2056.595,2055.505,2055.595
1705288200000,2055.545,2056.205,2055.435,2055.858
1705288500000,2055.885,2056.238,2055.735,2055.985
1705288800000,2056.045,2056.698,2055.995,2056.065
1705289100000,2056.165,2056.758,2056.155,2056.465
1705289400000,2056.555,2056.658,2056.115,2056.225
1705289700000,2056.258,2057.725,2056.065,2057.725
1705290000000,2057.725,2057.905,2056.935,2057.865
1705290300000,2057.935,2057.985,2056.938,2057.145
1705290600000,2057.105,2057.265,2056.415,2056.865
1705290900000,2056.855,2057.875,2056.785,2057.305
1705291200000,2057.285,2057.465,2055.435,2055.455
1705291500000,2055.555,2055.865,2055.075,2055.605
1705291800000,2055.605,2055.815,2055.108,2055.115
1705292100000,2055.118,2055.405,2054.694,2054.858
1705292400000,2054.858,2055.128,2054.338,2054.558
1705292700000,2054.618,2054.758,2053.454,2053.624
1705293000000,2053.608,2054.198,2053.404,2053.958
1705293300000,2053.958,2054.028,2053.605,2053.908
1705293600000,2053.938,2054.708,2053.754,2054.644
1705293900000,2054.608,2054.725,2054.304,2054.385
1705294200000,2054.365,2054.465,2054.165,2054.215
1705294500000,2054.235,2054.305,2054.075,2054.235
1705294800000,2054.215,2054.315,2053.965,2054.255
1705295100000,2054.255,2054.475,2053.034,2053.605
1705295400000,2053.615,2054.365,2052.878,2054.165
1705295700000,2054.205,2054.378,2053.875,2054.035
1705296000000,2054.015,2054.315,2053.815,2053.825
1705296300000,2053.785,2054.025,2053.715,2053.925
1705296600000,2053.915,2054.905,2053.915,2054.895
1705296900000,2054.915,2054.945,2054.305,2054.445
1705297200000,2054.445,2054.995,2054.295,2054.795
1705297500000,2054.815,2055.525,2054.805,2055.295
1705297800000,2055.315,2055.355,2054.475,2054.745
1705298100000,2054.765,2055.125,2054.695,2055.025
1705298400000,2054.935,2054.965,2054.185,2054.495
1705298700000,2054.495,2054.595,2053.708,2053.985
1705299000000,2053.985,2054.908,2053.985,2054.515
1705299300000,2054.535,2055.415,2054.315,2055.225
1705299600000,2055.225,2055.865,2054.975,2055.625
1705299900000,2055.625,2056.235,2055.305,2056.125
1705300200000,2056.105,2056.705,2055.635,2056.705
1705300500000,2056.645,2056.915,2055.898,2056.415
1705300800000,2056.405,2056.835,2056.205,2056.345
1705301100000,2056.355,2056.775,2055.395,2055.585
1705301400000,2055.635,2056.185,2055.435,2056.185
1705301700000,2056.175,2056.175,2054.935,2055.335
1705302000000,2055.375,2055.375,2054.165,2054.365
1705302300000,2054.375,2055.545,2054.255,2055.475
1705302600000,2055.495,2055.835,2054.755,2055.185
1705302900000,2055.115,2055.185,2054.065,2054.315
1705303200000,2054.315,2054.855,2053.785,2054.355
1705303500000,2054.355,2054.955,2053.825,2054.355
1705303800000,2054.285,2054.525,2052.765,2053.755
1705304100000,2053.755,2054.575,2053.485,2053.595
1705304400000,2053.565,2054.665,2052.905,2054.555
1705304700000,2054.585,2055.065,2054.015,2054.575
1705305000000,2054.515,2054.965,2053.805,2054.165
1705305300000,2054.155,2054.365,2053.395,2054.175
1705305600000,2054.215,2054.718,2053.785,2054.675
1705305900000,2054.655,2056.015,2054.655,2055.885
1705306200000,2055.765,2057.025,2055.765,2056.575
1705306500000,2056.545,2056.625,2055.205,2055.245
1705306800000,2055.285,2055.745,2055.005,2055.585
1705307100000,2055.615,2056.385,2055.535,2056.195
1705307400000,2056.195,2056.245,2055.395,2055.785
1705307700000,2055.785,2057.175,2055.625,2056.845
1705308000000,2056.795,2058.135,2056.655,2057.835
1705308300000,2057.825,2058.505,2057.735,2058.115
1705308600000,2058.285,2058.505,2057.085,2057.285
1705308900000,2057.205,2057.215,2056.385,2056.545
1705309200000,2056.475,2056.485,2054.585,2055.845
1705309500000,2055.845,2056.645,2055.825,2056.335
1705309800000,2056.335,2056.925,2056.335,2056.785
1705310100000,2056.765,2056.815,2056.095,2056.725
1705310400000,2056.745,2056.895,2056.285,2056.305
1705310700000,2056.285,2056.285,2055.715,2055.935
1705311000000,2055.975,2056.355,2055.075,2055.215
1705311300000,2055.145,2055.265,2053.705,2054.105
1705311600000,2054.165,2054.435,2053.865,2054.095
1705311900000,2054.085,2054.585,2053.365,2053.778
1705312200000,2053.765,2054.295,2052.855,2054.155
1705312500000,2054.085,2055.115,2053.775,2054.915
1705312800000,2054.925,2055.045,2053.385,2053.725
1705313100000,2053.755,2054.405,2053.615,2053.795
1705313400000,2053.815,2054.265,2053.265,2053.565
1705313700000,2053.485,2053.735,2053.205,2053.298
1705314000000,2053.295,2053.448,2053.155,2053.315
1705314300000,2053.285,2053.425,2051.958,2052.695
1705314600000,2052.675,2053.915,2052.115,2053.025
1705314900000,2053.015,2053.338,2052.805,2053.318
1705315200000,2053.305,2053.425,2053.005,2053.258
1705315500000,2053.258,2053.298,2052.398,2052.585
1705315800000,2052.558,2052.855,2052.505,2052.738
1705316100000,2052.715,2053.238,2052.605,2052.975
1705316400000,2052.985,2053.655,2052.985,2053.205
1705316700000,2053.185,2053.335,2052.525,2052.625
1705317000000,2052.355,2052.775,2052.185,2052.325
1705317300000,2052.345,2052.375,2051.465,2052.055
1705317600000,2052.055,2052.515,2051.865,2052.205
1705317900000,2052.225,2052.965,2052.205,2052.565
1705318200000,2052.605,2052.735,2052.245,2052.535
1705318500000,2052.465,2052.885,2051.995,2052.865
1705318800000,2052.855,2053.445,2052.855,2053.335
1705319100000,2053.365,2053.625,2053.235,2053.365
1705319400000,2053.425,2053.575,2052.915,2053.255
1705319700000,2053.335,2053.725,2053.205,2053.225
1705320000000,2053.255,2053.595,2052.795,2053.115
1705320300000,2053.125,2053.475,2052.905,2053.055
1705320600000,2053.015,2053.125,2052.435,2052.605
1705320900000,2052.635,2053.155,2052.635,2052.955
1705321200000,2052.985,2053.025,2052.295,2052.485
1705321500000,2052.485,2052.485,2051.965,2052.075
1705321800000,2052.095,2052.125,2051.265,2051.575
1705322100000,2051.575,2052.105,2051.315,2051.995
1705322400000,2052.015,2052.305,2051.305,2051.345
1705322700000,2051.345,2052.058,2051.275,2052.045
1705323000000,2052.155,2053.085,2052.035,2052.995
1705323300000,2052.945,2052.955,2052.575,2052.655
1705323600000,2052.725,2053.375,2052.595,2052.695
1705323900000,2052.665,2053.005,2052.395,2052.755
1705324200000,2052.755,2053.695,2052.625,2053.515
1705324500000,2053.525,2053.955,2053.195,2053.935
1705324800000,2053.935,2054.125,2052.635,2052.895
1705325100000,2052.945,2053.205,2052.445,2052.445
1705325400000,2052.495,2053.245,2052.045,2052.615
1705325700000,2052.565,2053.595,2052.565,2053.475
1705326000000,2053.425,2053.425,2052.835,2053.115
1705326300000,2053.095,2053.665,2053.025,2053.645
1705326600000,2053.675,2053.925,2053.445,2053.545
1705326900000,2053.575,2054.175,2053.485,2054.175
1705327200000,2054.175,2054.315,2053.538,2053.578
1705327500000,2053.495,2053.718,2052.885,2053.625
1705327800000,2053.595,2053.605,2053.075,2053.585
1705328100000,2053.528,2053.725,2053.145,2053.565
1705328400000,2053.495,2053.565,2052.815,2053.305
1705328700000,2053.305,2053.575,2051.955,2052.045
1705329000000,2052.085,2052.675,2051.565,2051.605
1705329300000,2051.625,2052.985,2051.598,2052.755
1705329600000,2052.755,2053.155,2051.985,2052.198
1705329900000,2052.158,2052.358,2051.885,2052.118
1705330200000,2052.118,2052.325,2051.805,2052.055
1705330500000,2051.965,2052.555,2051.845,2052.065
1705330800000,2052.025,2052.395,2050.095,2050.575
1705331100000,2050.585,2051.715,2050.285,2051.458
1705331400000,2051.458,2051.485,2050.165,2050.415
1705331700000,2050.405,2050.835,2049.29,2049.825
1705332000000,2049.845,2050.785,2049.475,2050.675
1705332300000,2050.685,2051.705,2050.625,2051.555
1705332600000,2051.564,2052.415,2051.245,2052.305
1705332900000,2052.275,2052.275,2051.425,2051.908
1705333200000,2051.905,2052.238,2051.345,2051.545
1705333500000,2051.525,2052.708,2051.415,2052.438
1705333800000,2052.438,2053.705,2052.398,2053.575
1705334100000,2053.565,2053.755,2053.108,2053.125
1705334400000,2053.108,2053.655,2053.078,2053.408
1705334700000,2053.365,2054.608,2053.285,2053.625
1705335000000,2053.648,2053.815,2053.215,2053.645
1705335300000,2053.658,2053.868,2053.265,2053.295
1705335600000,2053.315,2054.108,2053.265,2054.028
1705335900000,2053.955,2054.078,2053.685,2053.885
1705336200000,2053.935,2053.985,2053.328,2053.858
1705336500000,2053.825,2054.695,2053.405,2054.425
1705336800000,2054.405,2054.745,2054.185,2054.245
1705337100000,2054.215,2054.795,2054.185,2054.735
1705337400000,2054.728,2054.868,2054.428,2054.538
1705337700000,2054.525,2054.528,2053.735,2053.965
1705338000000,2053.945,2054.205,2053.815,2054.095
1705338300000,2054.075,2054.115,2053.525,2053.738
1705338600000,2053.755,2054.418,2053.478,2054.158
1705338900000,2054.178,2054.748,2054.158,2054.365
1705339200000,2054.378,2054.968,2054.245,2054.968
1705339500000,2054.968,2055.658,2054.858,2055.575
1705339800000,2055.565,2055.765,2055.215,2055.438
1705340100000,2055.425,2056.218,2055.425,2055.945
1705340400000,2055.935,2055.935,2055.398,2055.685
1705340700000,2055.675,2055.875,2054.898,2054.898
1705341000000,2054.925,2055.345,2054.585,2054.985
1705341300000,2054.995,2055.405,2054.715,2055.248
1705341600000,2055.275,2055.315,2054.585,2054.945
1705341900000,2054.935,2055.235,2054.935,2055.025
1705342200000,2055.045,2055.045,2054.835,2054.955
1705342500000,2054.945,2055.045,2054.785,2054.945
1705342800000,2054.905,2054.945,2054.705,2054.705
1705343100000,2054.725,2054.725,2054.305,2054.555
1705343400000,2054.515,2054.755,2054.455,2054.745
1705343700000,2054.755,2054.855,2054.645,2054.765
1705344000000,2054.815,2054.855,2054.238,2054.265
1705344300000,2054.255,2054.495,2054.245,2054.405
1705344600000,2054.455,2054.645,2054.455,2054.645
1705344900000,2054.645,2054.875,2054.185,2054.278
1705345200000,2054.278,2054.405,2054.035,2054.075
1705345500000,2054.045,2054.195,2053.835,2054.075
1705345800000,2054.075,2054.385,2053.815,2053.905
1705346100000,2053.878,2053.965,2053.458,2053.685
1705346400000,2053.625,2054.035,2053.608,2053.995
1705346700000,2053.995,2054.755,2053.955,2054.505
1705347000000,2054.505,2054.505,2054.505,2054.505
1705347300000,2054.505,2054.505,2054.505,2054.505
1705347600000,2054.505,2054.505,2054.505,2054.505
1705347900000,2054.505,2054.505,2054.505,2054.505
1705348200000,2054.505,2054.505,2054.505,2054.505
1705348500000,2054.505,2054.505,2054.505,2054.505
1705348800000,2054.505,2054.505,2054.505,2054.505
1705349100000,2054.505,2054.505,2054.505,2054.505
1705349400000,2054.505,2054.505,2054.505,2054.505
1705349700000,2054.505,2054.505,2054.505,2054.505
1705350000000,2054.505,2054.505,2054.505,2054.505
1705350300000,2054.505,2054.505,2054.505,2054.505
1705350600000,2054.505,2054.505,2054.505,2054.505
1705350900000,2054.505,2054.505,2054.505,2054.505
1705351200000,2054.505,2054.505,2054.505,2054.505
1705351500000,2054.505,2054.505,2054.505,2054.505
1705351800000,2054.505,2054.505,2054.505,2054.505
1705352100000,2054.505,2054.505,2054.505,2054.505
1705352400000,2054.505,2054.505,2054.505,2054.505
1705352700000,2054.505,2054.505,2054.505,2054.505
1705353000000,2054.505,2054.505,2054.505,2054.505
1705353300000,2054.505,2054.505,2054.505,2054.505
1705353600000,2054.505,2054.505,2054.505,2054.505
1705353900000,2054.505,2054.505,2054.505,2054.505
1705354200000,2054.505,2054.505,2054.505,2054.505
1705354500000,2054.505,2054.505,2054.505,2054.505
1705354800000,2054.505,2054.505,2054.505,2054.505
1705355100000,2054.505,2054.505,2054.505,2054.505
1705355400000,2054.505,2054.505,2054.505,2054.505
1705355700000,2054.505,2054.505,2054.505,2054.505
1705356000000,2054.505,2054.505,2054.505,2054.505
1705356300000,2054.505,2054.505,2054.505,2054.505
1705356600000,2054.505,2054.505,2054.505,2054.505
1705356900000,2054.505,2054.505,2054.505,2054.505
1705357200000,2054.505,2054.505,2054.505,2054.505
1705357500000,2054.505,2054.505,2054.505,2054.505
1705357800000,2054.505,2054.505,2054.505,2054.505
1705358100000,2054.505,2054.505,2054.505,2054.505
1705358400000,2054.505,2054.505,2054.505,2054.505
1705358700000,2054.505,2054.505,2054.505,2054.505
1705359000000,2054.505,2054.505,2054.505,2054.505
1705359300000,2054.505,2054.505,2054.505,2054.505
1705359600000,2053.914,2055.208,2053.914,2054.894
1705359900000,2054.864,2055.398,2054.298,2054.398
1705360200000,2054.498,2055.405,2054.485,2055.255
1705360500000,2055.295,2055.495,2054.625,2054.665
1705360800000,2054.645,2054.765,2054.395,2054.425
1705361100000,2054.425,2054.445,2053.915,2053.985
1705361400000,2053.915,2054.025,2053.228,2053.655
1705361700000,2053.635,2054.655,2053.515,2054.375
1705362000000,2054.385,2055.305,2054.275,2054.945
1705362300000,2054.965,2055.125,2054.495,2054.635
1705362600000,2054.685,2054.935,2053.748,2053.985
1705362900000,2054.095,2054.605,2053.725,2053.895
1705363200000,2054.025,2054.435,2053.598,2053.735
1705363500000,2053.765,2054.085,2053.745,2053.885
1705363800000,2053.935,2054.325,2053.655,2053.685
1705364100000,2053.765,2053.985,2053.685,2053.835
1705364400000,2053.805,2054.145,2053.575,2053.575
1705364700000,2053.555,2053.765,2052.125,2052.435
1705365000000,2052.375,2052.735,2051.665,2051.875
1705365300000,2051.895,2052.165,2050.965,2051.015
1705365600000,2051.025,2051.765,2050.685,2051.765
1705365900000,2051.695,2052.355,2051.605,2051.985
1705366200000,2051.975,2052.095,2050.705,2051.175
1705366500000,2051.115,2051.585,2050.775,2051.345
1705366800000,2051.335,2051.615,2050.195,2050.925
1705367100000,2050.905,2051.005,2049.975,2050.125
1705367400000,2050.065,2050.935,2049.845,2050.695
1705367700000,2050.658,2051.255,2050.335,2050.508
1705368000000,2050.495,2051.995,2050.065,2051.965
1705368300000,2051.995,2052.395,2051.765,2052.085
1705368600000,2052.105,2053.025,2052.005,2052.605
1705368900000,2052.595,2053.238,2052.185,2052.185
1705369200000,2052.175,2053.025,2052.045,2052.265
1705369500000,2052.325,2052.935,2051.815,2052.465
1705369800000,2052.465,2052.815,2051.415,2051.518
1705370100000,2051.515,2051.765,2050.055,2050.805
1705370400000,2050.785,2050.835,2050.235,2050.265
1705370700000,2050.325,2051.365,2050.325,2051.065
1705371000000,2051.015,2051.405,2050.895,2051.155
1705371300000,2051.135,2051.205,2050.555,2050.795
1705371600000,2050.865,2051.025,2050.195,2050.405
1705371900000,2050.425,2051.285,2049.955,2050.055
1705372200000,2050.235,2050.985,2050.085,2050.155
1705372500000,2050.155,2050.395,2049.955,2050.165
1705372800000,2050.115,2050.605,2049.975,2050.505
1705373100000,2050.518,2050.875,2050.275,2050.378
1705373400000,2050.378,2050.575,2049.655,2050.245
1705373700000,2050.258,2050.535,2050.095,2050.475
1705374000000,2050.455,2051.055,2050.385,2050.805
1705374300000,2050.805,2051.485,2050.755,2051.365
1705374600000,2051.345,2051.515,2050.355,2050.625
1705374900000,2050.635,2051.175,2050.495,2050.895
1705375200000,2050.885,2051.055,2050.625,2050.935
1705375500000,2050.935,2051.105,2050.335,2050.545
1705375800000,2050.495,2050.495,2049.775,2049.865
1705376100000,2049.865,2049.965,2048.765,2049.345
1705376400000,2049.345,2049.365,2048.265,2048.355
1705376700000,2048.345,2049.365,2048.278,2049.335
1705377000000,2049.335,2049.775,2049.255,2049.495
1705377300000,2049.485,2049.745,2049.195,2049.435
1705377600000,2049.435,2049.435,2049.075,2049.165
1705377900000,2049.195,2049.295,2048.945,2049.125
1705378200000,2049.058,2049.545,2048.925,2049.505
1705378500000,2049.438,2049.578,2049.285,2049.438
1705378800000,2049.438,2049.615,2049.318,2049.615
1705379100000,2049.665,2049.785,2049.055,2049.785
1705379400000,2049.785,2049.945,2049.098,2049.218
1705379700000,2049.278,2049.615,2048.858,2049.158
1705380000000,2049.105,2049.305,2048.958,2049.078
1705380300000,2049.078,2049.415,2049.038,2049.315
1705380600000,2049.445,2049.625,2048.945,2049.125
1705380900000,2049.135,2049.355,2049.095,2049.325
1705381200000,2049.345,2049.435,2048.805,2048.855
1705381500000,2048.895,2049.215,2048.765,2049.215
1705381800000,2049.195,2049.235,2048.875,2049.125
1705382100000,2049.145,2049.145,2048.838,2048.915
1705382400000,2048.878,2048.915,2047.898,2048.135
1705382700000,2048.145,2049.138,2047.995,2049.075
1705383000000,2049.065,2049.085,2047.525,2047.665
1705383300000,2047.645,2048.165,2047.575,2047.675
1705383600000,2047.635,2047.925,2047.435,2047.778
1705383900000,2047.775,2049.175,2047.645,2049.075
1705384200000,2049.085,2049.245,2048.165,2049.035
1705384500000,2049.045,2049.225,2048.315,2048.405
1705384800000,2048.405,2048.405,2047.658,2047.675
1705385100000,2047.645,2048.495,2047.285,2048.385
1705385400000,2048.385,2049.595,2048.365,2049.185
1705385700000,2049.185,2049.685,2048.675,2048.905
1705386000000,2048.925,2049.135,2048.565,2048.885
1705386300000,2048.925,2049.445,2048.715,2049.375
1705386600000,2049.385,2049.605,2048.595,2049.005
1705386900000,2048.985,2049.715,2048.755,2049.485
1705387200000,2049.495,2049.575,2048.575,2048.905
1705387500000,2048.945,2049.345,2048.775,2049.295
1705387800000,2049.315,2050.225,2049.245,2049.865
1705388100000,2049.865,2050.495,2049.865,2050.325
1705388400000,2050.325,2050.825,2049.825,2050.785
1705388700000,2050.755,2050.755,2049.745,2050.115
1705389000000,2050.095,2050.115,2048.895,2049.385
1705389300000,2049.385,2049.565,2048.685,2048.695
1705389600000,2048.715,2049.095,2048.005,2048.985
1705389900000,2049.025,2049.995,2048.195,2049.735
1705390200000,2049.675,2049.845,2048.605,2048.635
1705390500000,2048.625,2049.668,2048.448,2049.648
1705390800000,2049.565,2050.505,2049.248,2049.278
1705391100000,2049.278,2049.698,2048.514,2049.025
1705391400000,2049.038,2049.995,2048.985,2049.785
1705391700000,2049.785,2050.045,2049.135,2049.315
1705392000000,2049.295,2049.335,2048.135,2048.515
1705392300000,2048.675,2049.285,2048.165,2048.675
1705392600000,2048.675,2048.785,2047.038,2047.715
1705392900000,2047.765,2048.975,2047.395,2047.985
1705393200000,2047.995,2050.035,2047.865,2048.738
1705393500000,2048.758,2049.055,2047.395,2047.505
1705393800000,2047.485,2047.535,2045.425,2045.455
1705394100000,2045.465,2045.465,2042.785,2043.135
1705394400000,2043.155,2043.615,2042.025,2043.275
1705394700000,2043.265,2043.785,2042.435,2043.745
1705395000000,2043.725,2044.305,2042.735,2042.895
1705395300000,2042.915,2043.325,2042.455,2043.015
1705395600000,2042.995,2043.825,2042.135,2042.215
1705395900000,2042.215,2042.225,2040.745,2041.565
1705396200000,2041.538,2041.538,2039.415,2040.195
1705396500000,2040.225,2040.985,2039.525,2040.755
1705396800000,2040.785,2040.865,2038.588,2040.115
1705397100000,2040.115,2040.495,2039.415,2039.865
1705397400000,2039.865,2041.685,2038.945,2040.995
1705397700000,2040.985,2040.985,2039.795,2039.805
1705398000000,2039.805,2039.805,2038.655,2039.058
1705398300000,2039.095,2039.845,2038.875,2039.415
1705398600000,2039.435,2041.385,2039.195,2041.265
1705398900000,2041.265,2041.745,2040.835,2041.145
1705399200000,2041.125,2041.435,2040.545,2041.435
1705399500000,2041.505,2042.225,2040.665,2041.725
1705399800000,2041.705,2042.275,2040.395,2041.235
1705400100000,2041.155,2041.535,2040.385,2040.895
1705400400000,2040.875,2041.055,2040.445,2040.755
1705400700000,2040.805,2040.985,2039.875,2039.885
1705401000000,2039.825,2040.425,2039.345,2039.865
1705401300000,2039.865,2040.705,2039.805,2039.835
1705401600000,2039.875,2040.465,2039.165,2040.445
1705401900000,2040.465,2040.585,2039.565,2040.198
1705402200000,2040.218,2040.618,2039.838,2040.538
1705402500000,2040.538,2040.958,2040.228,2040.905
1705402800000,2040.905,2040.935,2039.198,2039.295
1705403100000,2039.285,2039.905,2038.935,2039.635
1705403400000,2039.625,2040.408,2039.545,2040.065
1705403700000,2040.068,2041.078,2039.745,2040.608
1705404000000,2040.605,2041.018,2039.085,2039.425
1705404300000,2039.425,2039.715,2039.248,2039.285
1705404600000,2039.285,2039.955,2039.125,2039.485
1705404900000,2039.495,2039.725,2038.878,2039.155
1705405200000,2039.175,2039.695,2038.895,2039.335
1705405500000,2039.335,2039.375,2038.124,2039.225
1705405800000,2039.225,2040.215,2038.985,2039.648
1705406100000,2039.658,2040.558,2039.008,2039.785
1705406400000,2039.775,2039.935,2038.885,2039.145
1705406700000,2039.125,2039.195,2038.405,2038.595
1705407000000,2038.615,2039.025,2035.638,2036.165
1705407300000,2036.175,2037.735,2035.535,2037.655
1705407600000,2037.685,2037.855,2037.105,2037.265
1705407900000,2037.235,2038.905,2036.865,2038.805
1705408200000,2038.875,2039.885,2038.595,2039.518
1705408500000,2039.485,2039.578,2037.855,2038.248
1705408800000,2038.238,2038.595,2037.425,2038.135
1705409100000,2038.175,2038.245,2037.205,2037.645
1705409400000,2037.605,2037.645,2036.878,2037.138
1705409700000,2037.105,2038.495,2037.105,2038.365
1705410000000,2038.335,2039.055,2037.545,2037.635
1705410300000,2037.605,2038.645,2036.735,2037.755
1705410600000,2037.735,2037.805,2031.275,2031.865
1705410900000,2031.925,2033.498,2031.278,2032.795
1705411200000,2032.925,2033.578,2031.315,2031.835
1705411500000,2031.835,2032.548,2031.498,2031.834
1705411800000,2031.834,2039.915,2031.834,2039.025
1705412100000,2039.035,2041.348,2038.075,2040.648
1705412400000,2040.648,2044.915,2040.455,2043.035
1705412700000,2043.045,2043.215,2039.265,2039.285
1705413000000,2039.275,2040.655,2037.785,2037.865
1705413300000,2037.785,2038.515,2036.925,2037.525
1705413600000,2037.475,2039.455,2037.155,2038.215
1705413900000,2038.185,2040.495,2037.525,2040.495
1705414200000,2040.475,2041.398,2039.915,2040.735
1705414500000,2040.745,2040.915,2039.945,2040.515
1705414800000,2040.515,2042.445,2040.265,2042.005
1705415100000,2042.028,2042.328,2040.835,2041.205
1705415400000,2041.185,2042.425,2038.355,2038.865
1705415700000,2038.845,2039.445,2038.065,2039.045
1705416000000,2039.035,2039.615,2038.025,2038.135
1705416300000,2038.165,2038.265,2037.265,2038.035
1705416600000,2038.055,2038.235,2036.815,2037.645
1705416900000,2037.675,2038.485,2037.175,2038.095
1705417200000,2038.065,2040.328,2037.675,2038.815
1705417500000,2038.885,2039.385,2037.285,2039.175
1705417800000,2039.145,2040.545,2038.515,2038.975
1705418100000,2038.965,2039.715,2038.045,2039.125
1705418400000,2039.125,2040.025,2038.965,2039.365
1705418700000,2039.515,2040.058,2038.328,2038.875
1705419000000,2038.875,2039.365,2038.485,2038.905
1705419300000,2038.845,2040.665,2038.415,2040.555
1705419600000,2040.485,2041.275,2040.285,2040.865
1705419900000,2040.875,2041.525,2040.385,2041.105
1705420200000,2041.125,2041.905,2040.575,2041.165
1705420500000,2041.185,2041.915,2040.445,2041.035
1705420800000,2041.095,2041.195,2033.865,2035.995
1705421100000,2036.005,2038.695,2034.038,2034.305
1705421400000,2034.335,2035.775,2032.435,2035.695
1705421700000,2035.825,2038.508,2034.305,2037.205
1705422000000,2037.175,2040.348,2037.175,2039.945
1705422300000,2039.975,2040.035,2036.505,2036.685
1705422600000,2036.715,2037.265,2035.855,2036.465
1705422900000,2036.505,2036.525,2032.425,2033.235
1705423200000,2033.205,2034.215,2032.475,2034.125
1705423500000,2034.128,2034.625,2033.575,2034.125
1705423800000,2034.105,2035.875,2034.075,2034.835
1705424100000,2034.744,2034.744,2033.325,2033.358
1705424400000,2033.355,2033.715,2032.035,2032.495
1705424700000,2032.475,2032.475,2025.225,2026.195
1705425000000,2026.195,2027.675,2026.135,2026.555
1705425300000,2026.475,2028.525,2026.355,2027.455
1705425600000,2027.405,2028.575,2027.135,2027.235
1705425900000,2027.245,2027.875,2026.105,2026.275
1705426200000,2026.215,2026.505,2025.485,2025.885
1705426500000,2025.935,2028.965,2025.745,2028.495
1705426800000,2028.475,2028.735,2026.975,2027.045
1705427100000,2027.025,2027.405,2026.015,2026.505
1705427400000,2026.465,2027.385,2026.005,2026.795
1705427700000,2026.775,2026.815,2024.885,2025.245
1705428000000,2025.225,2026.335,2025.045,2026.255
1705428300000,2026.225,2026.878,2025.305,2026.075
1705428600000,2026.078,2026.218,2024.645,2025.545
1705428900000,2025.605,2026.585,2025.385,2025.615
1705429200000,2025.585,2026.545,2025.065,2026.545
1705429500000,2026.555,2027.385,2025.705,2026.625
1705429800000,2026.635,2028.785,2026.635,2028.355
1705430100000,2028.335,2028.545,2026.905,2026.985
1705430400000,2026.958,2027.035,2025.995,2026.035
1705430700000,2026.015,2026.175,2024.675,2025.165
1705431000000,2025.195,2025.325,2024.165,2025.205
1705431300000,2025.165,2025.315,2024.535,2025.025
1705431600000,2025.125,2026.035,2024.865,2025.745
1705431900000,2025.735,2026.715,2025.335,2025.555
1705432200000,2025.585,2026.835,2025.545,2026.835
1705432500000,2026.755,2027.805,2026.465,2027.558
1705432800000,2027.565,2028.435,2027.535,2028.235
1705433100000,2028.235,2028.318,2027.435,2027.525
1705433400000,2027.605,2027.675,2027.045,2027.415
1705433700000,2027.418,2027.528,2026.815,2026.995
1705434000000,2026.985,2027.185,2026.785,2027.165
1705434300000,2027.215,2028.695,2027.155,2028.595
1705434600000,2028.565,2029.415,2028.435,2029.355
1705434900000,2029.375,2030.045,2029.185,2029.205
1705435200000,2029.185,2029.705,2028.715,2028.758
1705435500000,2028.745,2029.105,2028.325,2028.775
1705435800000,2028.785,2029.595,2028.785,2029.445
1705436100000,2029.455,2029.585,2028.595,2028.985
1705436400000,2029.015,2029.095,2028.325,2028.495
1705436700000,2028.485,2028.755,2028.175,2028.175
1705437000000,2028.185,2028.815,2027.765,2027.915
1705437300000,2027.945,2028.655,2027.945,2028.575
1705437600000,2028.555,2028.775,2028.165,2028.525
1705437900000,2028.535,2028.975,2028.285,2028.538
1705438200000,2028.538,2028.928,2028.288,2028.465
1705438500000,2028.498,2028.698,2027.928,2028.128
1705438800000,2028.128,2028.235,2027.528,2027.535
1705439100000,2027.558,2027.815,2027.215,2027.215
1705439400000,2027.235,2027.335,2027.055,2027.125
1705439700000,2027.215,2027.555,2027.145,2027.425
1705440000000,2027.605,2027.735,2027.475,2027.505
1705440300000,2027.535,2027.888,2027.535,2027.885
1705440600000,2027.865,2028.038,2027.708,2027.998
1705440900000,2027.988,2028.068,2027.728,2027.818
1705441200000,2027.815,2027.838,2027.355,2027.808
1705441500000,2027.778,2028.068,2027.435,2027.585
1705441800000,2027.565,2028.248,2027.545,2028.128
1705442100000,2028.145,2028.448,2028.088,2028.155
1705442400000,2028.155,2028.155,2028.155,2028.155
1705442700000,2028.155,2028.155,2028.155,2028.155
1705443000000,2028.155,2028.155,2028.155,2028.155
1705443300000,2028.155,2028.155,2028.155,2028.155
1705443600000,2028.155,2028.155,2028.155,2028.155
1705443900000,2028.155,2028.155,2028.155,2028.155
1705444200000,2028.155,2028.155,2028.155,2028.155
1705444500000,2028.155,2028.155,2028.155,2028.155
1705444800000,2028.155,2028.155,2028.155,2028.155
1705445100000,2028.155,2028.155,2028.155,2028.155
1705445400000,2028.155,2028.155,2028.155,2028.155
1705445700000,2028.155,2028.155,2028.155,2028.155
1705446000000,2026.898,2028.214,2026.898,2027.598
1705446300000,2027.598,2027.628,2027.064,2027.194
1705446600000,2027.228,2027.715,2027.205,2027.475
1705446900000,2027.465,2027.605,2025.728,2026.178
1705447200000,2026.218,2026.785,2025.988,2026.735
1705447500000,2026.675,2027.015,2026.295,2026.945
1705447800000,2027.035,2027.035,2026.155,2026.395
1705448100000,2026.495,2026.785,2026.095,2026.395
1705448400000,2026.415,2026.465,2026.305,2026.315
1705448700000,2026.305,2027.345,2026.225,2027.135
1705449000000,2027.125,2027.725,2027.035,2027.115
1705449300000,2027.108,2028.275,2027.108,2028.045
1705449600000,2028.055,2028.095,2026.445,2026.615
1705449900000,2026.625,2027.235,2026.235,2026.315
1705450200000,2026.325,2026.535,2025.665,2025.875
1705450500000,2025.895,2026.135,2025.515,2026.135
1705450800000,2026.115,2027.055,2026.015,2026.755
1705451100000,2026.735,2027.205,2026.635,2027.115
1705451400000,2027.115,2027.625,2026.875,2027.235
1705451700000,2027.225,2028.065,2027.225,2027.644
1705452000000,2027.635,2027.985,2027.245,2027.975
1705452300000,2027.875,2028.445,2027.815,2028.198
1705452600000,2028.198,2028.805,2028.198,2028.315
1705452900000,2028.295,2028.545,2027.635,2028.405
1705453200000,2028.344,2028.475,2027.598,2028.045
1705453500000,2028.065,2028.075,2027.035,2027.115
1705453800000,2027.085,2027.475,2026.635,2027.405
1705454100000,2027.395,2028.635,2027.285,2028.635
1705454400000,2028.625,2028.955,2028.285,2028.855
1705454700000,2028.835,2029.015,2028.105,2028.955
1705455000000,2028.955,2030.055,2028.815,2028.875
1705455300000,2028.845,2029.305,2028.505,2028.715
1705455600000,2028.765,2030.595,2028.605,2030.195
1705455900000,2030.145,2030.365,2029.225,2029.535
1705456200000,2029.475,2030.685,2029.335,2030.395
1705456500000,2030.415,2030.625,2029.905,2030.145
1705456800000,2030.125,2030.655,2029.735,2030.215
1705457100000,2030.175,2032.625,2030.115,2032.015
1705457400000,2032.015,2032.815,2031.485,2031.485
1705457700000,2031.465,2031.595,2029.965,2029.995
1705458000000,2029.935,2030.435,2029.815,2029.985
1705458300000,2030.015,2030.035,2029.255,2029.835
1705458600000,2029.765,2029.995,2028.375,2028.475
1705458900000,2028.485,2028.725,2027.025,2027.405
1705459200000,2027.378,2028.825,2026.888,2028.365
1705459500000,2028.435,2029.325,2027.985,2028.795
1705459800000,2028.795,2029.075,2028.255,2029.045
1705460100000,2029.025,2029.178,2028.455,2028.795
1705460400000,2028.835,2029.005,2028.195,2028.275
1705460700000,2028.295,2028.295,2027.428,2027.595
1705461000000,2027.575,2027.965,2027.285,2027.758
1705461300000,2027.758,2027.758,2026.895,2026.918
1705461600000,2026.935,2026.978,2026.445,2026.955
1705461900000,2026.895,2026.975,2026.548,2026.678
1705462200000,2026.678,2027.185,2026.105,2026.105
1705462500000,2026.098,2026.328,2025.144,2025.255
1705462800000,2025.255,2025.345,2023.914,2024.325
1705463100000,2024.325,2024.495,2023.685,2024.225
1705463400000,2024.255,2024.315,2023.288,2024.005
1705463700000,2024.035,2024.278,2023.675,2023.955
1705464000000,2023.915,2024.705,2023.885,2024.025
1705464300000,2024.025,2024.625,2024.025,2024.195
1705464600000,2024.225,2024.465,2023.185,2023.545
1705464900000,2023.495,2024.255,2023.365,2023.705
1705465200000,2023.725,2024.245,2023.615,2023.995
1705465500000,2023.995,2024.795,2023.915,2024.575
1705465800000,2024.575,2024.595,2023.595,2023.885
1705466100000,2023.905,2025.025,2023.775,2024.905
1705466400000,2024.935,2025.295,2024.515,2024.785
1705466700000,2024.785,2025.545,2024.785,2025.375
1705467000000,2025.385,2025.775,2025.365,2025.395
1705467300000,2025.395,2025.675,2025.045,2025.355
1705467600000,2025.335,2025.385,2024.705,2024.935
1705467900000,2024.905,2024.905,2022.085,2022.245
1705468200000,2022.275,2022.385,2020.525,2021.545
1705468500000,2021.525,2021.525,2019.475,2019.895
1705468800000,2019.905,2020.285,2019.198,2019.665
1705469100000,2019.665,2020.595,2019.365,2020.485
1705469400000,2020.455,2021.585,2020.305,2021.425
1705469700000,2021.415,2021.425,2020.885,2020.975
1705470000000,2020.975,2021.595,2020.125,2020.355
1705470300000,2020.315,2020.895,2020.135,2020.575
1705470600000,2020.595,2021.245,2020.595,2020.915
1705470900000,2020.885,2021.445,2020.545,2020.565
1705471200000,2020.565,2020.675,2018.645,2019.045
1705471500000,2019.045,2019.735,2017.955,2018.195
1705471800000,2018.225,2018.885,2017.865,2018.175
1705472100000,2018.155,2018.525,2017.815,2017.985
1705472400000,2017.965,2018.335,2017.808,2018.015
1705472700000,2018.005,2018.425,2017.598,2017.725
1705473000000,2017.725,2018.795,2017.605,2018.705
1705473300000,2018.785,2018.805,2018.075,2018.155
1705473600000,2018.138,2019.275,2017.935,2018.508
1705473900000,2018.534,2018.775,2017.744,2018.745
1705474200000,2018.725,2019.395,2018.725,2019.075
1705474500000,2019.055,2019.595,2019.045,2019.175
1705474800000,2019.165,2019.365,2018.085,2018.385
1705475100000,2018.385,2019.425,2017.785,2018.365
1705475400000,2018.415,2018.715,2017.895,2018.255
1705475700000,2018.345,2019.355,2018.325,2019.255
1705476000000,2019.265,2019.765,2018.305,2019.475
1705476300000,2019.465,2020.765,2019.095,2019.885
1705476600000,2019.865,2021.475,2019.125,2021.185
1705476900000,2021.155,2021.595,2019.975,2021.185
1705477200000,2021.175,2024.665,2020.775,2023.965
1705477500000,2023.885,2024.565,2023.475,2024.065
1705477800000,2024.035,2026.085,2023.905,2024.355
1705478100000,2024.425,2025.825,2024.165,2025.705
1705478400000,2025.695,2026.498,2024.968,2025.275
1705478700000,2025.275,2025.398,2023.838,2024.245
1705479000000,2024.285,2025.615,2023.845,2025.265
1705479300000,2025.265,2025.265,2024.205,2024.555
1705479600000,2024.555,2025.765,2024.258,2024.775
1705479900000,2024.755,2024.848,2023.705,2023.985
1705480200000,2023.925,2024.625,2023.645,2024.455
1705480500000,2024.435,2024.815,2023.545,2023.605
1705480800000,2023.665,2023.745,2022.115,2022.135
1705481100000,2022.145,2022.525,2021.695,2022.085
1705481400000,2022.085,2022.085,2021.145,2021.395
1705481700000,2021.465,2021.925,2021.315,2021.365
1705482000000,2021.325,2021.425,2020.595,2020.705
1705482300000,2020.665,2021.215,2020.058,2020.065
1705482600000,2020.074,2020.328,2018.915,2019.355
1705482900000,2019.335,2020.635,2019.235,2019.965
1705483200000,2020.015,2020.105,2019.645,2019.825
1705483500000,2019.795,2020.535,2019.265,2020.425
1705483800000,2020.405,2021.155,2020.345,2021.005
1705484100000,2021.005,2021.805,2020.905,2021.415
1705484400000,2021.395,2022.205,2021.185,2022.085
1705484700000,2022.055,2022.415,2021.505,2022.005
1705485000000,2021.955,2022.035,2021.405,2021.805
1705485300000,2021.815,2024.165,2021.815,2023.745
1705485600000,2023.725,2024.335,2022.945,2022.945
1705485900000,2023.005,2023.775,2022.715,2022.955
1705486200000,2022.945,2023.985,2022.945,2023.715
1705486500000,2023.765,2023.975,2022.715,2023.825
1705486800000,2023.825,2025.285,2023.735,2025.215
1705487100000,2025.215,2026.095,2025.165,2025.815
1705487400000,2025.805,2028.265,2025.795,2027.525
1705487700000,2027.525,2028.225,2025.705,2025.745
1705488000000,2025.755,2026.885,2025.655,2025.725
1705488300000,2025.765,2026.235,2025.235,2025.255
1705488600000,2025.265,2025.925,2024.865,2025.875
1705488900000,2025.875,2027.098,2025.315,2026.015
1705489200000,2026.045,2026.655,2025.305,2025.605
1705489500000,2025.535,2025.608,2024.855,2025.195
1705489800000,2025.195,2025.285,2023.705,2024.485
1705490100000,2024.475,2025.465,2023.915,2024.085
1705490400000,2024.075,2025.728,2023.895,2025.575
1705490700000,2025.575,2025.735,2025.105,2025.505
1705491000000,2025.445,2026.335,2025.428,2026.145
1705491300000,2026.145,2026.455,2025.595,2025.645
1705491600000,2025.658,2025.745,2024.925,2025.545
1705491900000,2025.555,2026.028,2024.745,2025.258
1705492200000,2025.184,2025.278,2023.908,2024.245
1705492500000,2024.225,2024.605,2023.595,2023.805
1705492800000,2023.835,2025.635,2023.655,2025.435
1705493100000,2025.498,2026.278,2025.078,2026.258
1705493400000,2026.255,2026.545,2025.475,2026.338
1705493700000,2026.428,2027.795,2025.405,2027.685
1705494000000,2027.615,2027.675,2026.735,2026.945
1705494300000,2026.995,2027.885,2026.915,2027.495
1705494600000,2027.465,2028.135,2027.005,2027.395
1705494900000,2027.235,2027.515,2026.895,2027.365
1705495200000,2027.455,2028.165,2027.045,2027.855
1705495500000,2027.745,2027.885,2026.355,2026.575
1705495800000,2026.585,2027.765,2026.585,2027.685
1705496100000,2027.718,2028.898,2027.345,2028.255
1705496400000,2028.325,2028.568,2026.085,2026.475
1705496700000,2026.535,2027.615,2025.875,2026.545
1705497000000,2026.525,2027.185,2025.565,2026.365
1705497300000,2026.298,2026.945,2025.315,2025.645
1705497600000,2025.658,2025.675,2023.345,2024.365
1705497900000,2024.395,2025.328,2023.465,2025.108
1705498200000,2025.044,2025.044,2018.845,2021.575
1705498500000,2021.585,2025.435,2020.865,2024.555
1705498800000,2024.645,2025.015,2022.065,2022.315
1705499100000,2022.325,2023.615,2020.605,2023.245
1705499400000,2023.275,2024.585,2022.355,2022.825
1705499700000,2022.825,2022.825,2021.105,2022.315
1705500000000,2022.295,2023.045,2021.325,2021.905
1705500300000,2021.805,2022.015,2020.005,2020.155
1705500600000,2020.175,2020.295,2015.665,2019.678
1705500900000,2019.745,2020.055,2017.435,2018.775
1705501200000,2018.835,2020.668,2018.805,2019.885
1705501500000,2019.885,2021.925,2019.665,2021.485
1705501800000,2021.445,2022.705,2019.195,2019.855
1705502100000,2019.935,2020.725,2019.095,2020.505
1705502400000,2020.505,2020.685,2018.985,2019.215
1705502700000,2019.225,2019.225,2017.125,2018.778
1705503000000,2019.055,2019.378,2017.195,2017.545
1705503300000,2017.535,2017.545,2011.355,2012.075
1705503600000,2011.995,2013.435,2010.845,2012.745
1705503900000,2012.735,2013.765,2010.545,2013.005
1705504200000,2013.005,2013.995,2011.835,2011.905
1705504500000,2011.825,2011.965,2009.635,2010.695
1705504800000,2010.655,2011.815,2009.565,2010.535
1705505100000,2010.535,2010.805,2008.485,2008.765
1705505400000,2008.735,2008.915,2006.095,2006.295
1705505700000,2006.305,2009.528,2006.195,2009.465
1705506000000,2009.455,2012.075,2009.335,2009.815
1705506300000,2009.825,2011.135,2009.665,2009.978
1705506600000,2009.965,2010.378,2008.125,2008.565
1705506900000,2008.565,2009.195,2007.605,2008.795
1705507200000,2008.805,2010.325,2008.175,2010.235
1705507500000,2010.305,2011.895,2010.005,2010.895
1705507800000,2010.865,2011.125,2009.805,2010.185
1705508100000,2010.225,2010.325,2009.045,2009.615
1705508400000,2009.575,2009.775,2008.808,2009.055
1705508700000,2009.125,2010.305,2008.975,2009.295
1705509000000,2009.275,2009.625,2008.235,2009.225
1705509300000,2009.245,2010.465,2008.505,2008.765
1705509600000,2008.795,2009.805,2008.665,2009.245
1705509900000,2009.215,2009.405,2004.805,2004.985
1705510200000,2005.005,2005.865,2004.215,2005.345
1705510500000,2005.415,2006.295,2004.935,2005.365
1705510800000,2005.345,2006.415,2005.085,2005.165
1705511100000,2005.135,2006.695,2005.065,2005.715
1705511400000,2005.695,2005.885,2004.215,2004.885
1705511700000,2004.905,2005.595,2004.718,2005.465
1705512000000,2005.415,2005.765,2004.245,2005.065
1705512300000,2005.065,2005.145,2003.715,2003.725
1705512600000,2003.745,2004.165,2003.335,2003.855
1705512900000,2003.858,2006.105,2003.785,2005.315
1705513200000,2005.295,2006.245,2005.295,2005.885
1705513500000,2005.805,2007.975,2005.805,2007.545
1705513800000,2007.545,2007.585,2006.975,2007.265
1705514100000,2007.215,2007.565,2006.615,2006.955
1705514400000,2007.025,2007.145,2005.045,2005.515
1705514700000,2005.518,2005.518,2004.165,2004.545
1705515000000,2004.565,2005.035,2003.575,2003.575
1705515300000,2003.578,2003.578,2002.515,2002.655
1705515600000,2002.645,2003.165,2002.185,2003.165
1705515900000,2003.205,2004.135,2002.905,2003.505
1705516200000,2003.595,2003.895,2001.995,2001.995
1705516500000,2002.065,2003.405,2001.755,2002.255
1705516800000,2002.255,2003.255,2001.765,2002.955
1705517100000,2002.955,2003.085,2002.305,2002.665
1705517400000,2002.625,2003.955,2002.405,2003.895
1705517700000,2003.865,2005.125,2003.725,2004.705
1705518000000,2004.705,2006.285,2004.625,2005.885
1705518300000,2005.855,2006.285,2005.055,2005.485
1705518600000,2005.495,2005.878,2004.995,2005.355
1705518900000,2005.375,2005.955,2005.375,2005.925
1705519200000,2005.918,2006.815,2005.625,2006.515
1705519500000,2006.495,2006.585,2005.135,2005.235
1705519800000,2005.235,2005.455,2004.355,2004.695
1705520100000,2004.695,2005.065,2004.305,2004.385
1705520400000,2004.375,2005.735,2004.335,2005.445
1705520700000,2005.415,2006.115,2005.315,2005.465
1705521000000,2005.435,2006.125,2005.365,2005.685
1705521300000,2005.665,2006.145,2005.435,2005.455
1705521600000,2005.515,2005.915,2005.125,2005.855
1705521900000,2005.855,2005.925,2005.425,2005.425
1705522200000,2005.405,2005.625,2004.825,2005.165
1705522500000,2005.165,2005.445,2004.845,2005.075
1705522800000,2005.105,2005.615,2004.825,2005.095
1705523100000,2005.095,2005.125,2004.675,2005.045
1705523400000,2005.075,2006.038,2005.045,2005.578
1705523700000,2005.545,2006.555,2005.545,2006.165
1705524000000,2006.265,2006.745,2006.235,2006.705
1705524300000,2006.765,2006.765,2005.568,2006.018
1705524600000,2006.038,2006.155,2005.355,2005.898
1705524900000,2005.915,2006.125,2005.615,2006.015
1705525200000,2006.045,2006.065,2005.598,2005.735
1705525500000,2005.715,2005.715,2005.215,2005.228
1705525800000,2005.205,2005.965,2005.205,2005.815
1705526100000,2005.815,2006.245,2005.665,2006.035
1705526400000,2006.045,2006.245,2005.685,2005.705
1705526700000,2005.685,2006.085,2005.655,2005.905
1705527000000,2005.848,2006.168,2005.628,2006.098
1705527300000,2006.118,2006.228,2005.868,2005.868
1705527600000,2005.868,2005.898,2005.605,2005.678
1705527900000,2005.655,2006.038,2005.618,2005.858
1705528200000,2005.858,2006.218,2005.858,2006.168
1705528500000,2006.165,2006.325,2005.838,2005.945
1705528800000,2005.945,2005.945,2005.945,2005.945
1705529100000,2005.945,2005.945,2005.945,2005.945
1705529400000,2005.945,2005.945,2005.945,2005.945
1705529700000,2005.945,2005.945,2005.945,2005.945
1705530000000,2005.945,2005.945,2005.945,2005.945
1705530300000,2005.945,2005.945,2005.945,2005.945
1705530600000,2005.945,2005.945,2005.945,2005.945
1705530900000,2005.945,2005.945,2005.945,2005.945
1705531200000,2005.945,2005.945,2005.945,2005.945
1705531500000,2005.945,2005.945,2005.945,2005.945
1705531800000,2005.945,2005.945,2005.945,2005.945
1705532100000,2005.945,2005.945,2005.945,2005.945
1705532400000,2005.204,2006.964,2004.905,2006.714
1705532700000,2006.714,2008.435,2006.714,2007.624
1705533000000,2007.624,2007.905,2006.795,2007.428
1705533300000,2007.458,2007.645,2007.015,2007.215
1705533600000,2007.185,2008.425,2007.145,2008.408
1705533900000,2008.408,2009.375,2008.238,2008.928
1705534200000,2008.955,2009.025,2008.335,2008.755
1705534500000,2008.735,2008.735,2007.945,2008.275
1705534800000,2008.265,2008.465,2008.115,2008.305
1705535100000,2008.255,2009.115,2008.095,2008.895
1705535400000,2008.925,2009.705,2008.885,2009.265
1705535700000,2009.245,2009.805,2009.215,2009.465
1705536000000,2009.505,2009.555,2008.675,2008.795
1705536300000,2008.778,2008.948,2008.315,2008.785
1705536600000,2008.795,2008.795,2008.255,2008.585
1705536900000,2008.735,2009.095,2008.385,2008.575
1705537200000,2008.575,2008.855,2008.405,2008.405
1705537500000,2008.485,2008.865,2008.405,2008.805
1705537800000,2008.815,2009.025,2008.175,2008.425
1705538100000,2008.525,2009.085,2008.425,2009.085
1705538400000,2009.055,2009.055,2008.575,2008.765
1705538700000,2008.805,2009.935,2008.775,2009.715
1705539000000,2009.685,2010.278,2009.465,2010.178
1705539300000,2010.175,2010.758,2010.078,2010.658
1705539600000,2010.678,2011.005,2010.224,2010.995
1705539900000,2010.995,2011.105,2010.405,2010.655
1705540200000,2010.685,2010.965,2010.125,2010.455
1705540500000,2010.415,2010.895,2009.795,2010.745
1705540800000,2010.695,2010.885,2009.735,2009.865
1705541100000,2009.885,2009.885,2009.445,2009.885
1705541400000,2009.815,2010.655,2009.208,2009.555
1705541700000,2009.505,2010.315,2009.405,2010.025
1705542000000,2010.005,2010.075,2009.385,2009.585
1705542300000,2009.595,2010.265,2009.595,2010.075
1705542600000,2010.095,2011.695,2010.095,2011.565
1705542900000,2011.555,2012.055,2011.375,2011.535
1705543200000,2011.555,2011.805,2011.405,2011.645
1705543500000,2011.595,2011.715,2010.818,2011.015
1705543800000,2011.005,2011.215,2010.695,2011.105
1705544100000,2011.095,2011.305,2010.668,2010.715
1705544400000,2010.725,2010.735,2009.915,2009.975
1705544700000,2009.945,2009.995,2009.445,2009.845
1705545000000,2009.785,2009.875,2008.865,2009.035
1705545300000,2009.065,2009.205,2008.535,2008.665
1705545600000,2008.705,2008.955,2008.465,2008.718
1705545900000,2008.715,2008.725,2008.055,2008.155
1705546200000,2008.135,2008.205,2007.635,2007.935
1705546500000,2007.915,2007.925,2007.425,2007.555
1705546800000,2007.535,2007.625,2006.865,2007.025
1705547100000,2007.075,2007.145,2006.345,2006.365
1705547400000,2006.365,2006.665,2006.355,2006.565
1705547700000,2006.595,2008.095,2006.375,2008.085
1705548000000,2008.085,2008.665,2007.905,2008.175
1705548300000,2008.295,2008.295,2006.865,2007.035
1705548600000,2007.045,2007.785,2006.685,2007.245
1705548900000,2007.285,2008.085,2007.175,2007.835
1705549200000,2007.875,2009.035,2007.835,2008.375
1705549500000,2008.395,2009.025,2008.165,2008.575
1705549800000,2008.615,2008.625,2007.758,2007.945
1705550100000,2007.955,2008.185,2007.775,2007.975
1705550400000,2007.955,2008.555,2007.915,2008.065
1705550700000,2008.055,2008.595,2007.935,2008.565
1705551000000,2008.565,2008.905,2008.085,2008.385
1705551300000,2008.345,2008.705,2008.285,2008.635
1705551600000,2008.585,2008.695,2008.095,2008.268
1705551900000,2008.265,2008.525,2008.185,2008.485
1705552200000,2008.475,2008.545,2008.005,2008.015
1705552500000,2007.965,2008.165,2007.845,2008.008
1705552800000,2008.018,2008.174,2007.745,2007.848
1705553100000,2007.845,2008.508,2007.845,2008.508
1705553400000,2008.538,2009.125,2008.515,2008.875
1705553700000,2008.845,2008.845,2007.995,2008.035
1705554000000,2008.045,2008.385,2007.498,2007.598
1705554300000,2007.598,2007.715,2007.158,2007.178
1705554600000,2007.225,2007.318,2006.065,2006.115
1705554900000,2006.165,2006.615,2005.705,2006.385
1705555200000,2006.365,2007.235,2006.095,2006.975
1705555500000,2006.975,2007.165,2006.735,2006.815
1705555800000,2006.715,2007.305,2006.035,2007.185
1705556100000,2007.205,2008.035,2006.815,2007.905
1705556400000,2007.955,2008.555,2007.645,2008.435
1705556700000,2008.435,2008.605,2007.925,2008.145
1705557000000,2008.105,2009.055,2008.035,2009.015
1705557300000,2009.015,2009.325,2008.575,2009.125
1705557600000,2009.105,2009.945,2008.785,2009.815
1705557900000,2009.775,2010.675,2009.635,2010.555
1705558200000,2010.525,2011.795,2010.425,2011.265
1705558500000,2011.285,2011.835,2011.005,2011.405
1705558800000,2011.435,2012.835,2011.305,2012.195
1705559100000,2012.175,2012.595,2011.758,2011.955
1705559400000,2011.975,2012.265,2011.415,2012.235
1705559700000,2012.235,2012.275,2011.695,2011.775
1705560000000,2011.665,2012.425,2011.535,2011.795
1705560300000,2011.825,2012.325,2011.025,2011.145
1705560600000,2011.115,2012.765,2011.115,2012.375
1705560900000,2012.395,2012.955,2012.375,2012.635
1705561200000,2012.575,2012.945,2012.335,2012.695
1705561500000,2012.655,2013.665,2012.515,2013.025
1705561800000,2013.005,2014.045,2012.765,2013.105
1705562100000,2013.095,2013.285,2012.085,2012.335
1705562400000,2012.335,2012.365,2011.338,2011.475
1705562700000,2011.495,2011.495,2010.985,2011.385
1705563000000,2011.385,2012.795,2011.205,2012.705
1705563300000,2012.715,2013.285,2012.545,2013.035
1705563600000,2013.035,2013.915,2012.835,2013.435
1705563900000,2013.425,2013.615,2012.795,2013.525
1705564200000,2013.445,2013.445,2012.775,2012.978
1705564500000,2012.978,2013.085,2011.958,2012.198
1705564800000,2012.218,2012.218,2011.358,2011.485
1705565100000,2011.535,2011.945,2010.515,2010.715
1705565400000,2010.695,2010.905,2009.575,2010.605
1705565700000,2010.605,2011.335,2009.825,2009.885
1705566000000,2009.905,2011.565,2009.885,2011.465
1705566300000,2011.465,2012.015,2011.305,2011.745
1705566600000,2011.755,2011.755,2010.295,2010.325
1705566900000,2010.325,2010.585,2009.925,2010.025
1705567200000,2010.055,2010.605,2009.945,2010.265
1705567500000,2010.265,2010.698,2009.945,2009.965
1705567800000,2009.945,2010.395,2009.635,2009.845
1705568100000,2009.865,2010.125,2009.525,2009.595
1705568400000,2009.585,2009.585,2008.075,2008.865
1705568700000,2008.855,2009.355,2008.725,2008.865
1705569000000,2008.905,2009.775,2008.325,2009.325
1705569300000,2009.335,2010.005,2009.078,2009.635
1705569600000,2009.648,2011.208,2009.475,2011.208
1705569900000,2011.178,2012.135,2010.965,2011.685
1705570200000,2011.685,2012.784,2011.605,2012.005
1705570500000,2012.025,2012.865,2011.665,2011.995
1705570800000,2011.965,2012.285,2011.328,2011.795
1705571100000,2011.785,2011.935,2011.395,2011.415
1705571400000,2011.445,2011.795,2011.165,2011.215
1705571700000,2011.235,2011.415,2009.715,2010.085
1705572000000,2010.085,2010.125,2009.115,2010.045
1705572300000,2010.085,2010.495,2009.275,2010.455
1705572600000,2010.475,2011.175,2010.085,2011.025
1705572900000,2011.045,2011.845,2010.978,2011.738
1705573200000,2011.705,2011.938,2011.398,2011.418
1705573500000,2011.365,2011.845,2011.118,2011.845
1705573800000,2011.825,2012.125,2010.458,2010.458
1705574100000,2010.458,2011.205,2009.958,2011.105
1705574400000,2011.145,2011.265,2010.745,2010.915
1705574700000,2010.905,2010.925,2010.008,2010.745
1705575000000,2010.765,2011.525,2010.545,2011.355
1705575300000,2011.365,2011.615,2010.985,2011.535
1705575600000,2011.515,2012.115,2011.005,2011.085
1705575900000,2011.065,2011.555,2010.805,2011.555
1705576200000,2011.485,2011.545,2010.695,2011.115
1705576500000,2011.105,2012.325,2010.935,2012.055
1705576800000,2012.075,2012.425,2011.795,2012.255
1705577100000,2012.175,2012.585,2012.095,2012.378
1705577400000,2012.398,2012.898,2012.078,2012.258
1705577700000,2012.278,2012.625,2011.838,2012.095
1705578000000,2012.105,2013.025,2011.935,2013.015
1705578300000,2012.998,2013.405,2011.815,2012.005
1705578600000,2012.135,2012.355,2011.385,2011.865
1705578900000,2011.855,2012.785,2011.725,2012.505
1705579200000,2012.525,2013.615,2012.515,2013.615
1705579500000,2013.635,2015.665,2013.635,2014.635
1705579800000,2014.658,2014.875,2014.045,2014.775
1705580100000,2014.775,2016.205,2014.775,2016.125
1705580400000,2016.085,2016.305,2015.385,2016.075
1705580700000,2016.085,2016.815,2015.805,2016.625
1705581000000,2016.655,2017.155,2014.198,2014.558
1705581300000,2014.628,2015.758,2013.755,2015.545
1705581600000,2015.558,2016.005,2014.165,2014.438
1705581900000,2014.468,2015.798,2014.435,2015.518
1705582200000,2015.465,2016.185,2015.278,2015.945
1705582500000,2015.918,2015.918,2014.765,2014.885
1705582800000,2014.885,2014.885,2013.245,2013.615
1705583100000,2013.655,2013.928,2012.965,2013.475
1705583400000,2013.485,2014.085,2013.375,2013.515
1705583700000,2013.535,2014.095,2013.005,2013.285
1705584000000,2013.265,2013.275,2011.575,2011.605
1705584300000,2011.524,2012.178,2011.075,2011.215
1705584600000,2011.215,2012.585,2007.175,2012.225
1705584900000,2012.265,2013.115,2009.385,2009.875
1705585200000,2009.805,2010.315,2008.825,2009.105
1705585500000,2009.155,2010.535,2008.755,2010.175
1705585800000,2010.145,2011.565,2010.145,2010.185
1705586100000,2010.205,2010.315,2008.355,2009.005
1705586400000,2009.025,2010.745,2008.985,2010.115
1705586700000,2010.075,2011.445,2009.775,2010.265
1705587000000,2010.225,2013.125,2010.025,2011.035
1705587300000,2011.035,2011.125,2009.405,2010.505
1705587600000,2010.505,2012.815,2010.335,2011.935
1705587900000,2011.915,2011.935,2010.805,2011.435
1705588200000,2011.395,2012.925,2010.805,2012.185
1705588500000,2012.205,2012.935,2011.235,2011.365
1705588800000,2011.375,2012.775,2010.735,2011.285
1705589100000,2011.285,2013.555,2010.895,2011.815
1705589400000,2011.778,2013.525,2011.185,2012.865
1705589700000,2012.795,2013.545,2012.555,2012.678
1705590000000,2012.665,2014.588,2011.655,2011.825
1705590300000,2011.895,2013.615,2011.895,2012.385
1705590600000,2012.425,2013.095,2011.555,2012.545
1705590900000,2012.525,2013.908,2012.495,2013.375
1705591200000,2013.395,2013.655,2012.315,2013.078
1705591500000,2013.135,2014.165,2012.895,2013.775
1705591800000,2013.755,2014.575,2013.555,2014.245
1705592100000,2014.235,2015.575,2014.175,2014.675
1705592400000,2014.735,2014.915,2013.525,2014.895
1705592700000,2014.925,2014.965,2013.335,2014.375
1705593000000,2014.345,2014.525,2013.225,2014.095
1705593300000,2014.095,2014.425,2013.035,2013.525
1705593600000,2013.515,2014.645,2012.985,2014.225
1705593900000,2014.175,2014.245,2013.235,2013.635
1705594200000,2013.605,2015.365,2013.485,2014.325
1705594500000,2014.315,2014.645,2013.895,2013.945
1705594800000,2014.005,2015.915,2013.835,2015.375
1705595100000,2015.395,2017.635,2015.295,2016.855
1705595400000,2016.858,2017.158,2015.395,2015.745
1705595700000,2015.745,2016.385,2014.858,2014.858
1705596000000,2014.895,2015.078,2014.278,2014.378
1705596300000,2014.395,2014.795,2013.645,2013.865
1705596600000,2013.885,2014.465,2013.615,2014.395
1705596900000,2014.415,2015.105,2013.675,2014.805
1705597200000,2014.805,2015.495,2013.655,2013.785
1705597500000,2013.725,2014.435,2013.645,2013.985
1705597800000,2013.965,2014.595,2013.165,2014.505
1705598100000,2014.505,2015.015,2013.685,2014.075
1705598400000,2014.005,2015.025,2013.845,2014.855
1705598700000,2014.875,2015.145,2014.555,2015.075
1705599000000,2015.055,2015.135,2014.045,2014.445
1705599300000,2014.465,2015.495,2014.255,2015.465
1705599600000,2015.485,2015.735,2015.155,2015.325
1705599900000,2015.325,2015.905,2015.125,2015.635
1705600200000,2015.645,2016.175,2015.255,2016.085
1705600500000,2016.085,2016.315,2015.975,2016.295
1705600800000,2016.295,2016.355,2015.485,2016.205
1705601100000,2016.185,2016.695,2015.745,2015.755
1705601400000,2015.795,2016.155,2015.585,2015.895
1705601700000,2015.995,2016.095,2015.425,2015.905
1705602000000,2015.825,2018.445,2015.765,2017.485
1705602300000,2017.455,2020.478,2017.395,2018.765
1705602600000,2018.705,2019.995,2018.235,2019.775
1705602900000,2019.785,2020.795,2018.815,2020.095
1705603200000,2020.115,2020.295,2019.165,2019.715
1705603500000,2019.715,2020.075,2019.425,2019.945
1705603800000,2019.985,2020.825,2019.985,2020.825
1705604100000,2020.835,2021.025,2019.965,2020.475
1705604400000,2020.445,2020.445,2018.825,2019.225
1705604700000,2019.255,2019.365,2018.845,2019.065
1705605000000,2019.135,2019.705,2019.045,2019.215
1705605300000,2019.145,2019.145,2018.198,2018.628
1705605600000,2018.675,2019.735,2018.305,2019.735
1705605900000,2019.735,2020.355,2019.415,2019.535
1705606200000,2019.545,2020.525,2019.525,2019.915
1705606500000,2019.915,2020.245,2019.125,2019.455
1705606800000,2019.445,2020.185,2019.315,2019.865
1705607100000,2019.865,2019.985,2018.955,2019.755
1705607400000,2019.755,2019.785,2019.245,2019.505
1705607700000,2019.525,2020.125,2019.505,2019.725
1705608000000,2019.725,2020.475,2019.725,2020.355
1705608300000,2020.335,2020.605,2020.095,2020.465
1705608600000,2020.485,2020.695,2019.955,2020.445
1705608900000,2020.405,2020.765,2020.265,2020.565
1705609200000,2020.535,2020.925,2020.315,2020.765
1705609500000,2020.755,2021.145,2020.505,2021.145
1705609800000,2021.125,2022.015,2021.125,2021.665
1705610100000,2021.685,2022.555,2021.665,2022.005
1705610400000,2022.005,2022.055,2021.615,2021.945
1705610700000,2021.875,2022.255,2021.535,2021.975
1705611000000,2021.955,2022.565,2021.695,2022.485
1705611300000,2022.405,2022.545,2022.035,2022.195
1705611600000,2022.155,2022.265,2021.835,2021.995
1705611900000,2022.035,2022.395,2021.935,2022.375
1705612200000,2022.375,2022.615,2022.345,2022.575
1705612500000,2022.595,2022.825,2022.335,2022.465
1705612800000,2022.465,2022.745,2022.385,2022.655
1705613100000,2022.658,2022.838,2022.645,2022.665
1705613400000,2022.665,2023.125,2022.475,2023.065
1705613700000,2023.065,2023.135,2022.915,2022.915
1705614000000,2022.925,2023.128,2022.778,2023.045
1705614300000,2023.068,2023.088,2022.338,2022.745
1705614600000,2022.745,2022.915,2022.675,2022.768
1705614900000,2022.788,2023.098,2022.768,2022.835
1705615200000,2022.835,2022.835,2022.835,2022.835
1705615500000,2022.835,2022.835,2022.835,2022.835
1705615800000,2022.835,2022.835,2022.835,2022.835
1705616100000,2022.835,2022.835,2022.835,2022.835
1705616400000,2022.835,2022.835,2022.835,2022.835
1705616700000,2022.835,2022.835,2022.835,2022.835
1705617000000,2022.835,2022.835,2022.835,2022.835
1705617300000,2022.835,2022.835,2022.835,2022.835
1705617600000,2022.835,2022.835,2022.835,2022.835
1705617900000,2022.835,2022.835,2022.835,2022.835
1705618200000,2022.835,2022.835,2022.835,2022.835
1705618500000,2022.835,2022.835,2022.835,2022.835
1705618800000,2023.785,2024.555,2023.634,2024.054
1705619100000,2024.008,2024.234,2023.454,2023.798
1705619400000,2023.798,2024.208,2023.498,2023.675
1705619700000,2023.644,2024.148,2023.344,2023.555
1705620000000,2023.595,2023.795,2022.705,2022.705
1705620300000,2022.725,2022.805,2021.995,2022.005
1705620600000,2021.995,2022.935,2021.095,2022.245
1705620900000,2022.255,2022.655,2021.765,2022.445
1705621200000,2022.465,2023.185,2022.025,2022.375
1705621500000,2022.295,2023.145,2022.225,2022.785
1705621800000,2022.845,2024.295,2022.745,2024.045
1705622100000,2023.995,2024.135,2023.408,2023.675
1705622400000,2023.675,2023.715,2022.505,2022.844
1705622700000,2022.844,2023.275,2022.745,2023.015
1705623000000,2022.998,2023.205,2022.685,2023.065
1705623300000,2023.095,2023.765,2023.065,2023.725
1705623600000,2023.865,2024.185,2023.485,2023.615
1705623900000,2023.605,2024.048,2023.605,2023.765
1705624200000,2023.755,2024.155,2023.405,2023.615
1705624500000,2023.635,2023.705,2022.775,2022.955
1705624800000,2022.935,2023.135,2022.575,2022.795
1705625100000,2022.775,2023.305,2022.645,2022.825
1705625400000,2022.885,2023.158,2022.585,2022.928
1705625700000,2022.958,2023.548,2022.935,2023.005
1705626000000,2022.995,2024.385,2022.938,2023.275
1705626300000,2023.275,2023.535,2022.435,2022.445
1705626600000,2022.445,2023.945,2022.295,2022.985
1705626900000,2023.008,2023.608,2021.915,2022.378
1705627200000,2022.408,2023.105,2021.955,2022.825
1705627500000,2022.825,2023.275,2022.305,2023.015
1705627800000,2023.065,2024.125,2023.065,2024.118
1705628100000,2024.198,2024.255,2023.545,2024.185
1705628400000,2024.165,2025.475,2024.098,2024.965
1705628700000,2024.995,2024.995,2023.928,2024.025
1705629000000,2024.008,2024.315,2022.928,2024.055
1705629300000,2024.035,2024.255,2023.285,2023.935
1705629600000,2023.905,2024.105,2022.845,2023.105
1705629900000,2023.075,2023.445,2022.525,2023.315
1705630200000,2023.335,2023.535,2023.095,2023.155
1705630500000,2023.105,2023.305,2022.695,2022.725
1705630800000,2022.705,2023.735,2022.705,2023.495
1705631100000,2023.525,2023.675,2023.125,2023.415
1705631400000,2023.405,2023.685,2023.195,2023.615
1705631700000,2023.535,2024.335,2023.515,2023.995
1705632000000,2024.015,2024.915,2023.925,2024.785
1705632300000,2024.735,2024.985,2024.335,2024.435
1705632600000,2024.425,2024.435,2023.778,2023.955
1705632900000,2023.918,2024.205,2023.535,2023.975
1705633200000,2023.975,2024.155,2023.825,2023.845
1705633500000,2023.825,2023.828,2023.075,2023.275
1705633800000,2023.245,2023.538,2023.095,2023.145
1705634100000,2023.165,2023.375,2022.925,2023.365
1705634400000,2023.345,2023.345,2022.195,2022.295
1705634700000,2022.305,2022.495,2022.205,2022.405
1705635000000,2022.405,2022.715,2021.895,2022.515
1705635300000,2022.515,2022.575,2022.135,2022.285
1705635600000,2022.265,2022.885,2022.125,2022.655
1705635900000,2022.695,2022.725,2022.295,2022.295
1705636200000,2022.395,2022.785,2022.395,2022.745
1705636500000,2022.735,2022.835,2022.505,2022.805
1705636800000,2022.815,2022.835,2022.045,2022.045
1705637100000,2022.085,2022.255,2021.725,2021.725
1705637400000,2021.725,2021.805,2020.965,2021.275
1705637700000,2021.305,2021.515,2021.005,2021.025
1705638000000,2021.035,2021.135,2020.835,2021.115
1705638300000,2021.115,2021.115,2020.735,2020.855
1705638600000,2020.855,2021.035,2020.625,2020.945
1705638900000,2020.945,2021.075,2020.635,2020.745
1705639200000,2020.745,2021.385,2020.645,2021.185
1705639500000,2021.185,2021.185,2020.985,2021.065
1705639800000,2021.055,2021.085,2020.655,2020.905
1705640100000,2020.935,2021.055,2020.805,2020.995
1705640400000,2020.975,2021.355,2020.975,2021.255
1705640700000,2021.155,2021.255,2020.905,2021.135
1705641000000,2021.135,2021.135,2020.835,2021.005
1705641300000,2021.005,2021.325,2020.885,2021.045
1705641600000,2021.055,2021.185,2020.735,2020.795
1705641900000,2020.795,2020.795,2020.395,2020.465
1705642200000,2020.455,2021.665,2020.455,2020.855
1705642500000,2020.805,2021.195,2020.585,2020.835
1705642800000,2020.855,2020.875,2020.325,2020.765
1705643100000,2020.735,2021.365,2020.635,2021.315
1705643400000,2021.335,2021.805,2020.905,2021.265
1705643700000,2021.255,2021.705,2021.025,2021.565
1705644000000,2021.515,2022.235,2020.765,2020.855
1705644300000,2020.845,2021.765,2020.835,2020.955
1705644600000,2020.955,2021.705,2020.915,2021.575
1705644900000,2021.585,2022.275,2021.555,2021.955
1705645200000,2021.965,2022.825,2021.795,2022.398
1705645500000,2022.425,2023.475,2022.398,2023.208
1705645800000,2023.208,2023.405,2022.155,2022.705
1705646100000,2022.685,2023.485,2022.378,2023.245
1705646400000,2023.185,2023.525,2022.828,2023.358
1705646700000,2023.355,2023.695,2023.048,2023.575
1705647000000,2023.585,2024.185,2023.558,2023.955
1705647300000,2023.925,2024.075,2023.675,2023.708
1705647600000,2023.685,2024.595,2023.515,2024.515
1705647900000,2024.535,2024.848,2024.095,2024.755
1705648200000,2024.805,2025.028,2024.188,2024.495
1705648500000,2024.485,2025.225,2024.298,2024.965
1705648800000,2024.905,2025.995,2024.905,2025.495
1705649100000,2025.475,2026.848,2025.148,2026.805
1705649400000,2026.798,2026.865,2026.035,2026.425
1705649700000,2026.465,2027.835,2026.168,2027.385
1705650000000,2027.415,2028.455,2026.735,2028.355
1705650300000,2028.335,2029.315,2028.145,2029.155
1705650600000,2029.135,2029.625,2027.965,2028.405
1705650900000,2028.415,2028.445,2027.795,2027.945
1705651200000,2027.895,2028.185,2026.758,2027.415
1705651500000,2027.428,2028.345,2026.915,2027.495
1705651800000,2027.495,2027.995,2026.985,2027.575
1705652100000,2027.635,2027.845,2026.275,2026.375
1705652400000,2026.355,2026.925,2026.325,2026.915
1705652700000,2026.975,2027.365,2026.385,2026.475
1705653000000,2026.475,2026.775,2026.105,2026.565
1705653300000,2026.545,2026.975,2026.485,2026.775
1705653600000,2026.765,2027.665,2026.445,2027.385
1705653900000,2027.425,2028.495,2027.425,2028.455
1705654200000,2028.555,2029.858,2028.048,2029.728
1705654500000,2029.715,2030.115,2029.145,2029.635
1705654800000,2029.625,2029.845,2029.275,2029.715
1705655100000,2029.715,2030.715,2029.635,2030.215
1705655400000,2030.225,2030.315,2028.788,2029.695
1705655700000,2029.715,2029.978,2029.135,2029.525
1705656000000,2029.505,2029.825,2029.425,2029.555
1705656300000,2029.535,2030.185,2029.225,2030.035
1705656600000,2029.995,2029.995,2028.565,2028.785
1705656900000,2028.755,2028.815,2028.155,2028.285
1705657200000,2028.225,2028.325,2027.525,2028.195
1705657500000,2028.175,2029.065,2028.095,2029.025
1705657800000,2029.025,2029.495,2028.768,2029.148
1705658100000,2029.155,2029.698,2028.948,2029.615
1705658400000,2029.635,2030.278,2029.598,2030.175
1705658700000,2030.155,2030.635,2029.995,2030.435
1705659000000,2030.455,2030.615,2029.945,2030.175
1705659300000,2030.195,2030.715,2030.095,2030.485
1705659600000,2030.475,2030.715,2030.335,2030.345
1705659900000,2030.265,2030.265,2029.475,2029.475
1705660200000,2029.455,2029.455,2028.815,2029.295
1705660500000,2029.315,2029.485,2029.195,2029.405
1705660800000,2029.325,2029.895,2029.285,2029.765
1705661100000,2029.785,2030.315,2029.565,2030.315
1705661400000,2030.255,2030.825,2030.215,2030.625
1705661700000,2030.595,2030.865,2030.195,2030.295
1705662000000,2030.395,2030.755,2030.345,2030.405
1705662300000,2030.405,2031.435,2030.405,2030.835
1705662600000,2030.875,2031.578,2029.935,2030.125
1705662900000,2030.115,2030.418,2029.668,2029.725
1705663200000,2029.688,2029.745,2028.668,2029.505
1705663500000,2029.595,2030.295,2029.495,2030.285
1705663800000,2030.305,2030.995,2029.855,2030.915
1705664100000,2031.025,2031.445,2030.515,2031.365
1705664400000,2031.315,2031.855,2031.195,2031.795
1705664700000,2031.775,2031.875,2031.235,2031.285
1705665000000,2031.235,2031.465,2031.025,2031.285
1705665300000,2031.315,2031.645,2031.175,2031.555
1705665600000,2031.605,2033.575,2031.585,2033.475
1705665900000,2033.435,2034.015,2032.825,2033.405
1705666200000,2033.445,2033.605,2032.325,2032.865
1705666500000,2032.885,2033.225,2032.325,2032.515
1705666800000,2032.505,2033.215,2032.225,2032.925
1705667100000,2032.915,2033.645,2032.815,2033.115
1705667400000,2033.215,2033.945,2033.125,2033.825
1705667700000,2033.815,2034.275,2033.575,2033.735
1705668000000,2033.725,2034.965,2033.488,2034.855
1705668300000,2034.845,2035.055,2034.185,2034.635
1705668600000,2034.615,2034.645,2032.858,2033.005
1705668900000,2033.015,2033.425,2032.645,2032.735
1705669200000,2032.725,2034.185,2032.525,2033.135
1705669500000,2033.115,2034.445,2032.555,2034.105
1705669800000,2034.045,2035.835,2033.935,2035.705
1705670100000,2035.725,2037.265,2034.605,2037.215
1705670400000,2037.208,2037.608,2035.924,2036.738
1705670700000,2036.735,2037.915,2036.175,2036.405
1705671000000,2036.415,2039.278,2035.778,2037.245
1705671300000,2037.255,2037.795,2036.085,2036.295
1705671600000,2036.245,2036.495,2034.625,2034.738
1705671900000,2034.738,2035.745,2034.638,2035.305
1705672200000,2035.345,2035.925,2034.128,2035.535
1705672500000,2035.595,2035.915,2034.818,2035.135
1705672800000,2035.135,2035.615,2034.205,2034.495
1705673100000,2034.425,2034.828,2033.235,2033.385
1705673400000,2033.445,2033.615,2032.895,2033.405
1705673700000,2033.335,2033.735,2032.925,2033.405
1705674000000,2033.385,2033.465,2031.735,2032.298
1705674300000,2032.285,2032.565,2031.665,2031.705
1705674600000,2031.725,2031.995,2029.835,2030.745
1705674900000,2030.665,2030.845,2028.115,2028.515
1705675200000,2028.465,2028.655,2026.835,2027.775
1705675500000,2027.805,2027.885,2026.325,2027.235
1705675800000,2027.195,2029.405,2026.845,2029.075
1705676100000,2028.985,2029.635,2028.055,2029.495
1705676400000,2029.825,2032.104,2027.335,2028.875
1705676700000,2028.875,2029.195,2024.965,2026.198
1705677000000,2026.155,2026.155,2024.095,2024.555
1705677300000,2024.605,2025.435,2023.635,2024.465
1705677600000,2024.465,2026.365,2023.035,2024.025
1705677900000,2023.935,2026.255,2023.635,2025.965
1705678200000,2025.935,2025.935,2023.805,2024.615
1705678500000,2024.665,2025.995,2023.705,2024.865
1705678800000,2024.875,2025.785,2024.025,2025.615
1705679100000,2025.565,2025.685,2024.015,2024.125
1705679400000,2024.135,2026.995,2023.935,2026.715
1705679700000,2026.815,2027.805,2026.145,2027.645
1705680000000,2027.645,2029.425,2027.455,2028.465
1705680300000,2028.485,2029.305,2028.185,2028.465
1705680600000,2028.495,2028.615,2026.385,2026.985
1705680900000,2026.895,2027.515,2026.465,2026.795
1705681200000,2026.775,2026.775,2024.585,2024.925
1705681500000,2024.845,2025.405,2024.495,2025.035
1705681800000,2025.055,2026.175,2024.275,2025.175
1705682100000,2025.175,2025.675,2024.085,2024.855
1705682400000,2024.815,2025.145,2023.445,2023.705
1705682700000,2023.735,2024.625,2023.175,2024.555
1705683000000,2024.585,2025.145,2024.185,2024.255
1705683300000,2024.235,2025.105,2023.335,2024.745
1705683600000,2024.765,2025.555,2024.485,2024.485
1705683900000,2024.485,2025.625,2024.405,2024.745
1705684200000,2024.735,2025.085,2024.265,2024.725
1705684500000,2024.785,2026.475,2024.725,2026.295
1705684800000,2026.285,2026.585,2025.835,2026.395
1705685100000,2026.415,2027.498,2026.295,2027.045
1705685400000,2027.048,2027.678,2026.725,2027.425
1705685700000,2027.385,2028.585,2027.365,2027.455
1705686000000,2027.455,2027.455,2026.415,2027.435
1705686300000,2027.375,2027.735,2026.035,2026.065
1705686600000,2026.065,2027.655,2026.065,2027.545
1705686900000,2027.585,2028.985,2027.585,2028.955
1705687200000,2028.968,2029.308,2027.315,2027.648
1705687500000,2027.778,2028.175,2027.295,2027.455
1705687800000,2027.445,2028.085,2026.785,2027.465
1705688100000,2027.525,2028.495,2027.295,2027.705
1705688400000,2027.725,2028.155,2027.125,2027.175
1705688700000,2027.085,2027.455,2026.385,2026.785
1705689000000,2026.785,2027.695,2026.365,2027.445
1705689300000,2027.455,2028.055,2026.575,2026.845
1705689600000,2026.935,2027.175,2026.585,2026.985
1705689900000,2026.975,2027.755,2026.835,2027.175
1705690200000,2027.255,2027.875,2026.725,2027.605
1705690500000,2027.705,2027.845,2027.095,2027.785
1705690800000,2027.845,2028.275,2027.485,2028.275
1705691100000,2028.295,2028.658,2028.055,2028.658
1705691400000,2028.665,2028.925,2028.355,2028.815
1705691700000,2028.795,2028.795,2027.675,2027.765
1705692000000,2027.765,2028.185,2027.625,2028.045
1705692300000,2028.135,2028.725,2028.025,2028.375
1705692600000,2028.395,2028.885,2028.235,2028.645
1705692900000,2028.685,2029.275,2028.415,2029.215
1705693200000,2029.215,2029.325,2028.945,2029.125
1705693500000,2029.125,2029.125,2028.555,2028.665
1705693800000,2028.695,2028.785,2027.845,2028.255
1705694100000,2028.435,2029.365,2028.435,2029.075
1705694400000,2029.075,2029.475,2028.325,2029.185
1705694700000,2029.165,2029.365,2028.605,2028.715
1705695000000,2028.695,2028.805,2028.375,2028.425
1705695300000,2028.425,2028.765,2028.375,2028.605
1705695600000,2028.605,2028.605,2027.925,2028.215
1705695900000,2028.255,2028.545,2028.175,2028.255
1705696200000,2028.275,2028.535,2028.045,2028.535
1705696500000,2028.515,2028.585,2028.295,2028.445
1705696800000,2028.445,2028.585,2027.895,2027.895
1705697100000,2027.925,2028.335,2027.895,2028.155
1705697400000,2028.155,2028.235,2027.655,2027.715
1705697700000,2027.735,2028.445,2027.735,2028.295
1705698000000,2028.225,2028.595,2028.058,2028.585
1705698300000,2028.565,2028.885,2028.475,2028.775
1705698600000,2028.775,2029.285,2028.755,2029.175
1705698900000,2029.205,2029.295,2028.915,2028.965
1705699200000,2028.965,2029.025,2028.715,2028.915
1705699500000,2028.915,2029.265,2028.815,2029.255
1705699800000,2029.155,2029.188,2028.975,2028.998
1705700100000,2028.998,2029.608,2028.978,2029.198
1705700400000,2029.198,2029.468,2028.995,2029.458
1705700700000,2029.445,2029.648,2029.308,2029.408
1705701000000,2029.405,2029.815,2029.015,2029.188
1705701300000,2029.105,2029.558,2029.048,2029.375
1705795200000,2028.815,2028.815,2028.815,2028.815
1705795500000,2028.815,2028.815,2028.815,2028.815
1705795800000,2028.815,2028.815,2028.815,2028.815
1705796100000,2028.815,2028.815,2028.815,2028.815
1705796400000,2028.815,2028.815,2028.815,2028.815
1705796700000,2028.815,2028.815,2028.815,2028.815
1705797000000,2028.815,2028.815,2028.815,2028.815
1705797300000,2028.815,2028.815,2028.815,2028.815
1705797600000,2028.815,2028.815,2028.815,2028.815
1705797900000,2028.815,2028.815,2028.815,2028.815
1705798200000,2028.815,2028.815,2028.815,2028.815
1705798500000,2028.815,2028.815,2028.815,2028.815
1705798800000,2028.815,2028.815,2028.815,2028.815
1705799100000,2028.815,2028.815,2028.815,2028.815
1705799400000,2028.815,2028.815,2028.815,2028.815
1705799700000,2028.815,2028.815,2028.815,2028.815
1705800000000,2028.815,2028.815,2028.815,2028.815
1705800300000,2028.815,2028.815,2028.815,2028.815
1705800600000,2028.815,2028.815,2028.815,2028.815
1705800900000,2028.815,2028.815,2028.815,2028.815
1705801200000,2028.815,2028.815,2028.815,2028.815
1705801500000,2028.815,2028.815,2028.815,2028.815
1705801800000,2028.815,2028.815,2028.815,2028.815
1705802100000,2028.815,2028.815,2028.815,2028.815
1705802400000,2028.815,2028.815,2028.815,2028.815
1705802700000,2028.815,2028.815,2028.815,2028.815
1705803000000,2028.815,2028.815,2028.815,2028.815
1705803300000,2028.815,2028.815,2028.815,2028.815
1705803600000,2028.815,2028.815,2028.815,2028.815
1705803900000,2028.815,2028.815,2028.815,2028.815
1705804200000,2028.815,2028.815,2028.815,2028.815
1705804500000,2028.815,2028.815,2028.815,2028.815
1705804800000,2028.815,2028.815,2028.815,2028.815
1705805100000,2028.815,2028.815,2028.815,2028.815
1705805400000,2028.815,2028.815,2028.815,2028.815
1705805700000,2028.815,2028.815,2028.815,2028.815
1705806000000,2028.815,2028.815,2028.815,2028.815
1705806300000,2028.815,2028.815,2028.815,2028.815
1705806600000,2028.815,2028.815,2028.815,2028.815
1705806900000,2028.815,2028.815,2028.815,2028.815
1705807200000,2028.815,2028.815,2028.815,2028.815
1705807500000,2028.815,2028.815,2028.815,2028.815
1705807800000,2028.815,2028.815,2028.815,2028.815
1705808100000,2028.815,2028.815,2028.815,2028.815
1705808400000,2028.815,2028.815,2028.815,2028.815
1705808700000,2028.815,2028.815,2028.815,2028.815
1705809000000,2028.815,2028.815,2028.815,2028.815
1705809300000,2028.815,2028.815,2028.815,2028.815
1705809600000,2028.815,2028.815,2028.815,2028.815
1705809900000,2028.815,2028.815,2028.815,2028.815
1705810200000,2028.815,2028.815,2028.815,2028.815
1705810500000,2028.815,2028.815,2028.815,2028.815
1705810800000,2028.815,2028.815,2028.815,2028.815
1705811100000,2028.815,2028.815,2028.815,2028.815
1705811400000,2028.815,2028.815,2028.815,2028.815
1705811700000,2028.815,2028.815,2028.815,2028.815
1705812000000,2028.815,2028.815,2028.815,2028.815
1705812300000,2028.815,2028.815,2028.815,2028.815
1705812600000,2028.815,2028.815,2028.815,2028.815
1705812900000,2028.815,2028.815,2028.815,2028.815
1705813200000,2028.815,2028.815,2028.815,2028.815
1705813500000,2028.815,2028.815,2028.815,2028.815
1705813800000,2028.815,2028.815,2028.815,2028.815
1705814100000,2028.815,2028.815,2028.815,2028.815
1705814400000,2028.815,2028.815,2028.815,2028.815
1705814700000,2028.815,2028.815,2028.815,2028.815
1705815000000,2028.815,2028.815,2028.815,2028.815
1705815300000,2028.815,2028.815,2028.815,2028.815
1705815600000,2028.815,2028.815,2028.815,2028.815
1705815900000,2028.815,2028.815,2028.815,2028.815
1705816200000,2028.815,2028.815,2028.815,2028.815
1705816500000,2028.815,2028.815,2028.815,2028.815
1705816800000,2028.815,2028.815,2028.815,2028.815
1705817100000,2028.815,2028.815,2028.815,2028.815
1705817400000,2028.815,2028.815,2028.815,2028.815
1705817700000,2028.815,2028.815,2028.815,2028.815
1705818000000,2028.815,2028.815,2028.815,2028.815
1705818300000,2028.815,2028.815,2028.815,2028.815
1705818600000,2028.815,2028.815,2028.815,2028.815
1705818900000,2028.815,2028.815,2028.815,2028.815
1705819200000,2028.815,2028.815,2028.815,2028.815
1705819500000,2028.815,2028.815,2028.815,2028.815
1705819800000,2028.815,2028.815,2028.815,2028.815
1705820100000,2028.815,2028.815,2028.815,2028.815
1705820400000,2028.815,2028.815,2028.815,2028.815
1705820700000,2028.815,2028.815,2028.815,2028.815
1705821000000,2028.815,2028.815,2028.815,2028.815
1705821300000,2028.815,2028.815,2028.815,2028.815
1705821600000,2028.815,2028.815,2028.815,2028.815
1705821900000,2028.815,2028.815,2028.815,2028.815
1705822200000,2028.815,2028.815,2028.815,2028.815
1705822500000,2028.815,2028.815,2028.815,2028.815
1705822800000,2028.815,2028.815,2028.815,2028.815
1705823100000,2028.815,2028.815,2028.815,2028.815
1705823400000,2028.815,2028.815,2028.815,2028.815
1705823700000,2028.815,2028.815,2028.815,2028.815
1705824000000,2028.815,2028.815,2028.815,2028.815
1705824300000,2028.815,2028.815,2028.815,2028.815
1705824600000,2028.815,2028.815,2028.815,2028.815
1705824900000,2028.815,2028.815,2028.815,2028.815
1705825200000,2028.815,2028.815,2028.815,2028.815
1705825500000,2028.815,2028.815,2028.815,2028.815
1705825800000,2028.815,2028.815,2028.815,2028.815
1705826100000,2028.815,2028.815,2028.815,2028.815
1705826400000,2028.815,2028.815,2028.815,2028.815
1705826700000,2028.815,2028.815,2028.815,2028.815
1705827000000,2028.815,2028.815,2028.815,2028.815
1705827300000,2028.815,2028.815,2028.815,2028.815
1705827600000,2028.815,2028.815,2028.815,2028.815
1705827900000,2028.815,2028.815,2028.815,2028.815
1705828200000,2028.815,2028.815,2028.815,2028.815
1705828500000,2028.815,2028.815,2028.815,2028.815
1705828800000,2028.815,2028.815,2028.815,2028.815
1705829100000,2028.815,2028.815,2028.815,2028.815
1705829400000,2028.815,2028.815,2028.815,2028.815
1705829700000,2028.815,2028.815,2028.815,2028.815
1705830000000,2028.815,2028.815,2028.815,2028.815
1705830300000,2028.815,2028.815,2028.815,2028.815
1705830600000,2028.815,2028.815,2028.815,2028.815
1705830900000,2028.815,2028.815,2028.815,2028.815
1705831200000,2028.815,2028.815,2028.815,2028.815
1705831500000,2028.815,2028.815,2028.815,2028.815
1705831800000,2028.815,2028.815,2028.815,2028.815
1705832100000,2028.815,2028.815,2028.815,2028.815
1705832400000,2028.815,2028.815,2028.815,2028.815
1705832700000,2028.815,2028.815,2028.815,2028.815
1705833000000,2028.815,2028.815,2028.815,2028.815
1705833300000,2028.815,2028.815,2028.815,2028.815
1705833600000,2028.815,2028.815,2028.815,2028.815
1705833900000,2028.815,2028.815,2028.815,2028.815
1705834200000,2028.815,2028.815,2028.815,2028.815
1705834500000,2028.815,2028.815,2028.815,2028.815
1705834800000,2028.815,2028.815,2028.815,2028.815
1705835100000,2028.815,2028.815,2028.815,2028.815
1705835400000,2028.815,2028.815,2028.815,2028.815
1705835700000,2028.815,2028.815,2028.815,2028.815
1705836000000,2028.815,2028.815,2028.815,2028.815
1705836300000,2028.815,2028.815,2028.815,2028.815
1705836600000,2028.815,2028.815,2028.815,2028.815
1705836900000,2028.815,2028.815,2028.815,2028.815
1705837200000,2028.815,2028.815,2028.815,2028.815
1705837500000,2028.815,2028.815,2028.815,2028.815
1705837800000,2028.815,2028.815,2028.815,2028.815
1705838100000,2028.815,2028.815,2028.815,2028.815
1705838400000,2028.815,2028.815,2028.815,2028.815
1705838700000,2028.815,2028.815,2028.815,2028.815
1705839000000,2028.815,2028.815,2028.815,2028.815
1705839300000,2028.815,2028.815,2028.815,2028.815
1705839600000,2028.815,2028.815,2028.815,2028.815
1705839900000,2028.815,2028.815,2028.815,2028.815
1705840200000,2028.815,2028.815,2028.815,2028.815
1705840500000,2028.815,2028.815,2028.815,2028.815
1705840800000,2028.815,2028.815,2028.815,2028.815
1705841100000,2028.815,2028.815,2028.815,2028.815
1705841400000,2028.815,2028.815,2028.815,2028.815
1705841700000,2028.815,2028.815,2028.815,2028.815
1705842000000,2028.815,2028.815,2028.815,2028.815
1705842300000,2028.815,2028.815,2028.815,2028.815
1705842600000,2028.815,2028.815,2028.815,2028.815
1705842900000,2028.815,2028.815,2028.815,2028.815
1705843200000,2028.815,2028.815,2028.815,2028.815
1705843500000,2028.815,2028.815,2028.815,2028.815
1705843800000,2028.815,2028.815,2028.815,2028.815
1705844100000,2028.815,2028.815,2028.815,2028.815
1705844400000,2028.815,2028.815,2028.815,2028.815
1705844700000,2028.815,2028.815,2028.815,2028.815
1705845000000,2028.815,2028.815,2028.815,2028.815
1705845300000,2028.815,2028.815,2028.815,2028.815
1705845600000,2028.815,2028.815,2028.815,2028.815
1705845900000,2028.815,2028.815,2028.815,2028.815
1705846200000,2028.815,2028.815,2028.815,2028.815
1705846500000,2028.815,2028.815,2028.815,2028.815
1705846800000,2028.815,2028.815,2028.815,2028.815
1705847100000,2028.815,2028.815,2028.815,2028.815
1705847400000,2028.815,2028.815,2028.815,2028.815
1705847700000,2028.815,2028.815,2028.815,2028.815
1705848000000,2028.815,2028.815,2028.815,2028.815
1705848300000,2028.815,2028.815,2028.815,2028.815
1705848600000,2028.815,2028.815,2028.815,2028.815
1705848900000,2028.815,2028.815,2028.815,2028.815
1705849200000,2028.815,2028.815,2028.815,2028.815
1705849500000,2028.815,2028.815,2028.815,2028.815
1705849800000,2028.815,2028.815,2028.815,2028.815
1705850100000,2028.815,2028.815,2028.815,2028.815
1705850400000,2028.815,2028.815,2028.815,2028.815
1705850700000,2028.815,2028.815,2028.815,2028.815
1705851000000,2028.815,2028.815,2028.815,2028.815
1705851300000,2028.815,2028.815,2028.815,2028.815
1705851600000,2028.815,2028.815,2028.815,2028.815
1705851900000,2028.815,2028.815,2028.815,2028.815
1705852200000,2028.815,2028.815,2028.815,2028.815
1705852500000,2028.815,2028.815,2028.815,2028.815
1705852800000,2028.815,2028.815,2028.815,2028.815
1705853100000,2028.815,2028.815,2028.815,2028.815
1705853400000,2028.815,2028.815,2028.815,2028.815
1705853700000,2028.815,2028.815,2028.815,2028.815
1705854000000,2028.815,2028.815,2028.815,2028.815
1705854300000,2028.815,2028.815,2028.815,2028.815
1705854600000,2028.815,2028.815,2028.815,2028.815
1705854900000,2028.815,2028.815,2028.815,2028.815
1705855200000,2028.815,2028.815,2028.815,2028.815
1705855500000,2028.815,2028.815,2028.815,2028.815
1705855800000,2028.815,2028.815,2028.815,2028.815
1705856100000,2028.815,2028.815,2028.815,2028.815
1705856400000,2028.815,2028.815,2028.815,2028.815
1705856700000,2028.815,2028.815,2028.815,2028.815
1705857000000,2028.815,2028.815,2028.815,2028.815
1705857300000,2028.815,2028.815,2028.815,2028.815
1705857600000,2028.815,2028.815,2028.815,2028.815
1705857900000,2028.815,2028.815,2028.815,2028.815
1705858200000,2028.815,2028.815,2028.815,2028.815
1705858500000,2028.815,2028.815,2028.815,2028.815
1705858800000,2028.815,2028.815,2028.815,2028.815
1705859100000,2028.815,2028.815,2028.815,2028.815
1705859400000,2028.815,2028.815,2028.815,2028.815
1705859700000,2028.815,2028.815,2028.815,2028.815
1705860000000,2028.815,2028.815,2028.815,2028.815
1705860300000,2028.815,2028.815,2028.815,2028.815
1705860600000,2028.815,2028.815,2028.815,2028.815
1705860900000,2028.815,2028.815,2028.815,2028.815
1705861200000,2028.815,2028.815,2028.815,2028.815
1705861500000,2028.815,2028.815,2028.815,2028.815
1705861800000,2028.815,2028.815,2028.815,2028.815
1705862100000,2028.815,2028.815,2028.815,2028.815
1705862400000,2028.815,2028.815,2028.815,2028.815
1705862700000,2028.815,2028.815,2028.815,2028.815
1705863000000,2028.815,2028.815,2028.815,2028.815
1705863300000,2028.815,2028.815,2028.815,2028.815
1705863600000,2028.815,2028.815,2028.815,2028.815
1705863900000,2028.815,2028.815,2028.815,2028.815
1705864200000,2028.815,2028.815,2028.815,2028.815
1705864500000,2028.815,2028.815,2028.815,2028.815
1705864800000,2028.815,2028.815,2028.815,2028.815
1705865100000,2028.815,2028.815,2028.815,2028.815
1705865400000,2028.815,2028.815,2028.815,2028.815
1705865700000,2028.815,2028.815,2028.815,2028.815
1705866000000,2028.815,2028.815,2028.815,2028.815
1705866300000,2028.815,2028.815,2028.815,2028.815
1705866600000,2028.815,2028.815,2028.815,2028.815
1705866900000,2028.815,2028.815,2028.815,2028.815
1705867200000,2028.815,2028.815,2028.815,2028.815
1705867500000,2028.815,2028.815,2028.815,2028.815
1705867800000,2028.815,2028.815,2028.815,2028.815
1705868100000,2028.815,2028.815,2028.815,2028.815
1705868400000,2028.815,2028.815,2028.815,2028.815
1705868700000,2028.815,2028.815,2028.815,2028.815
1705869000000,2028.815,2028.815,2028.815,2028.815
1705869300000,2028.815,2028.815,2028.815,2028.815
1705869600000,2028.815,2028.815,2028.815,2028.815
1705869900000,2028.815,2028.815,2028.815,2028.815
1705870200000,2028.815,2028.815,2028.815,2028.815
1705870500000,2028.815,2028.815,2028.815,2028.815
1705870800000,2028.815,2028.815,2028.815,2028.815
1705871100000,2028.815,2028.815,2028.815,2028.815
1705871400000,2028.815,2028.815,2028.815,2028.815
1705871700000,2028.815,2028.815,2028.815,2028.815
1705872000000,2028.815,2028.815,2028.815,2028.815
1705872300000,2028.815,2028.815,2028.815,2028.815
1705872600000,2028.815,2028.815,2028.815,2028.815
1705872900000,2028.815,2028.815,2028.815,2028.815
1705873200000,2028.815,2028.815,2028.815,2028.815
1705873500000,2028.815,2028.815,2028.815,2028.815
1705873800000,2028.815,2028.815,2028.815,2028.815
1705874100000,2028.815,2028.815,2028.815,2028.815
1705874400000,2028.815,2028.815,2028.815,2028.815
1705874700000,2028.815,2028.815,2028.815,2028.815
1705875000000,2028.815,2028.815,2028.815,2028.815
1705875300000,2028.815,2028.815,2028.815,2028.815
1705875600000,2028.815,2028.815,2028.815,2028.815
1705875900000,2028.815,2028.815,2028.815,2028.815
1705876200000,2028.815,2028.815,2028.815,2028.815
1705876500000,2028.815,2028.815,2028.815,2028.815
1705876800000,2028.815,2028.815,2028.815,2028.815
1705877100000,2028.815,2028.815,2028.815,2028.815
1705877400000,2028.815,2028.815,2028.815,2028.815
1705877700000,2028.815,2028.815,2028.815,2028.815
1705878000000,2029.715,2029.715,2027.915,2028.505
1705878300000,2028.515,2028.515,2027.078,2027.948
1705878600000,2027.965,2028.195,2027.295,2027.315
1705878900000,2027.315,2028.335,2027.005,2027.805
1705879200000,2027.805,2028.225,2027.405,2027.485
1705879500000,2027.445,2028.455,2026.848,2027.625
1705879800000,2027.555,2027.685,2026.945,2027.575
1705880100000,2027.605,2027.675,2027.335,2027.375
1705880400000,2027.505,2027.565,2026.995,2027.045
1705880700000,2027.085,2027.755,2026.865,2027.445
1705881000000,2027.495,2027.695,2027.355,2027.535
1705881300000,2027.515,2027.555,2027.215,2027.535
1705881600000,2027.505,2028.415,2027.185,2028.185
1705881900000,2028.165,2028.425,2027.588,2027.825
1705882200000,2027.798,2027.798,2026.565,2026.655
1705882500000,2026.635,2027.355,2026.605,2026.615
1705882800000,2026.665,2027.285,2026.565,2026.755
1705883100000,2026.735,2026.755,2025.385,2026.055
1705883400000,2026.045,2026.655,2025.975,2026.645
1705883700000,2026.705,2027.115,2026.325,2026.475
1705884000000,2026.465,2027.715,2026.345,2027.635
1705884300000,2027.635,2028.735,2027.635,2028.715
1705884600000,2028.705,2029.078,2027.785,2027.894
1705884900000,2027.894,2029.145,2027.894,2028.925
1705885200000,2028.945,2030.134,2028.605,2030.128
1705885500000,2030.105,2030.995,2029.748,2030.995
1705885800000,2030.955,2032.005,2030.365,2030.885
1705886100000,2030.885,2031.215,2029.828,2030.405
1705886400000,2030.498,2030.698,2029.938,2030.355
1705886700000,2030.345,2030.728,2029.935,2030.585
1705887000000,2030.565,2030.565,2029.665,2030.175
1705887300000,2030.235,2030.505,2029.915,2030.365
1705887600000,2030.375,2030.555,2029.825,2030.495
1705887900000,2030.485,2030.948,2029.998,2030.158
1705888200000,2030.158,2030.178,2028.915,2028.975
1705888500000,2028.995,2029.135,2028.925,2029.035
1705888800000,2029.035,2029.195,2028.265,2028.645
1705889100000,2028.595,2029.685,2028.565,2029.345
1705889400000,2029.345,2029.965,2029.045,2029.455
1705889700000,2029.485,2029.485,2028.625,2029.225
1705890000000,2029.305,2029.385,2029.005,2029.315
1705890300000,2029.265,2029.555,2029.015,2029.425
1705890600000,2029.565,2029.815,2028.985,2029.025
1705890900000,2028.965,2029.725,2028.875,2029.715
1705891200000,2029.715,2029.895,2029.225,2029.665
1705891500000,2029.735,2029.755,2029.215,2029.245
1705891800000,2029.255,2029.835,2029.205,2029.485
1705892100000,2029.515,2029.805,2029.365,2029.725
1705892400000,2029.705,2029.725,2028.545,2029.058
1705892700000,2029.058,2029.485,2028.965,2029.165
1705893000000,2029.165,2029.205,2027.715,2027.718
1705893300000,2027.718,2027.758,2026.775,2027.095
1705893600000,2027.105,2027.515,2026.575,2026.685
1705893900000,2026.695,2026.865,2026.425,2026.485
1705894200000,2026.475,2026.978,2026.325,2026.705
1705894500000,2026.725,2027.635,2026.495,2027.225
1705894800000,2027.235,2027.235,2025.915,2026.725
1705895100000,2026.745,2026.805,2026.275,2026.535
1705895400000,2026.575,2026.895,2026.565,2026.885
1705895700000,2026.885,2026.965,2026.535,2026.895
1705896000000,2026.945,2027.055,2025.834,2026.445
1705896300000,2026.415,2026.805,2026.145,2026.555
1705896600000,2026.565,2026.985,2026.515,2026.885
1705896900000,2026.905,2026.975,2026.305,2026.845
1705897200000,2026.845,2027.065,2026.815,2026.865
1705897500000,2026.815,2026.965,2026.375,2026.495
1705897800000,2026.505,2026.625,2025.845,2025.955
1705898100000,2025.945,2026.165,2025.745,2025.845
1705898400000,2025.865,2026.188,2025.045,2025.315
1705898700000,2025.415,2025.415,2024.565,2025.075
1705899000000,2025.085,2025.268,2025.085,2025.248
1705899300000,2025.258,2025.455,2024.925,2025.405
1705899600000,2025.335,2025.425,2024.755,2025.008
1705899900000,2025.008,2025.048,2024.525,2024.855
1705900200000,2024.835,2024.875,2023.928,2023.955
1705900500000,2024.008,2024.008,2022.504,2022.765
1705900800000,2022.735,2023.235,2022.625,2022.745
1705901100000,2022.745,2023.235,2021.765,2023.095
1705901400000,2023.075,2023.885,2022.505,2023.885
1705901700000,2023.845,2024.235,2023.575,2023.685
1705902000000,2023.685,2023.845,2022.755,2022.755
1705902300000,2022.745,2023.725,2022.195,2023.215
1705902600000,2023.215,2023.215,2022.295,2022.785
1705902900000,2022.775,2023.785,2022.735,2023.115
1705903200000,2023.115,2023.785,2022.915,2023.458
1705903500000,2023.425,2023.425,2022.205,2022.545
1705903800000,2022.545,2022.925,2020.325,2020.625
1705904100000,2020.645,2021.785,2019.935,2021.515
1705904400000,2021.475,2023.105,2021.335,2023.015
1705904700000,2023.015,2024.165,2022.905,2024.125
1705905000000,2024.115,2024.405,2022.745,2022.885
1705905300000,2022.825,2022.825,2021.655,2022.235
1705905600000,2022.145,2022.365,2021.395,2021.925
1705905900000,2022.035,2022.615,2021.735,2022.285
1705906200000,2022.315,2022.415,2020.345,2020.588
1705906500000,2020.574,2021.215,2020.498,2020.815
1705906800000,2020.805,2021.235,2018.985,2020.645
1705907100000,2020.635,2021.505,2020.195,2021.005
1705907400000,2021.015,2022.355,2020.885,2022.185
1705907700000,2022.115,2024.145,2021.595,2023.725
1705908000000,2023.695,2024.255,2023.265,2023.265
1705908300000,2023.245,2023.478,2022.388,2022.388
1705908600000,2022.398,2022.945,2021.688,2022.875
1705908900000,2022.905,2022.905,2021.425,2021.715
1705909200000,2021.654,2023.465,2021.535,2022.728
1705909500000,2022.798,2023.585,2022.655,2023.225
1705909800000,2023.185,2024.165,2022.665,2022.715
1705910100000,2022.715,2022.825,2021.695,2021.695
1705910400000,2021.645,2022.925,2020.755,2022.465
1705910700000,2022.455,2022.525,2020.915,2021.635
1705911000000,2021.645,2023.515,2021.645,2023.005
1705911300000,2023.005,2023.555,2022.355,2023.055
1705911600000,2023.075,2024.455,2023.075,2024.085
1705911900000,2024.085,2026.165,2024.025,2025.065
1705912200000,2025.085,2025.205,2022.425,2022.825
1705912500000,2022.815,2023.775,2022.445,2022.995
1705912800000,2022.975,2023.275,2022.475,2022.575
1705913100000,2022.505,2022.625,2021.735,2021.735
1705913400000,2021.755,2022.025,2020.335,2020.905
1705913700000,2020.975,2022.165,2020.655,2022.155
1705914000000,2022.155,2022.155,2021.195,2021.665
1705914300000,2021.705,2022.985,2021.605,2022.895
1705914600000,2022.845,2023.565,2022.405,2022.455
1705914900000,2022.374,2023.695,2022.125,2023.565
1705915200000,2023.595,2023.855,2022.885,2022.885
1705915500000,2022.865,2022.865,2021.998,2022.255
1705915800000,2022.235,2022.875,2021.675,2022.535
1705916100000,2022.585,2022.705,2021.425,2021.515
1705916400000,2021.475,2021.475,2020.495,2021.358
1705916700000,2021.355,2022.345,2021.155,2021.875
1705917000000,2021.845,2022.315,2021.505,2021.835
1705917300000,2021.845,2021.925,2021.505,2021.605
1705917600000,2021.545,2022.275,2020.995,2021.745
1705917900000,2021.705,2022.085,2021.205,2021.755
1705918200000,2021.805,2022.695,2021.695,2022.695
1705918500000,2022.675,2023.185,2022.155,2022.965
1705918800000,2023.035,2024.125,2022.865,2023.885
1705919100000,2023.885,2024.055,2023.275,2023.605
1705919400000,2023.615,2024.415,2023.105,2023.105
1705919700000,2023.125,2023.255,2022.785,2022.865
1705920000000,2022.845,2023.815,2022.585,2023.625
1705920300000,2023.585,2024.055,2023.415,2024.005
1705920600000,2023.955,2024.465,2023.595,2023.845
1705920900000,2023.825,2023.835,2022.305,2022.715
1705921200000,2022.715,2022.935,2022.045,2022.715
1705921500000,2022.695,2023.145,2022.485,2022.695
1705921800000,2022.695,2023.325,2022.285,2023.135
1705922100000,2023.105,2024.445,2023.005,2023.835
1705922400000,2023.855,2024.095,2023.045,2023.185
1705922700000,2023.155,2023.355,2022.775,2023.265
1705923000000,2023.285,2023.695,2022.925,2023.615
1705923300000,2023.585,2025.755,2023.385,2025.695
1705923600000,2025.695,2025.725,2024.705,2025.198
1705923900000,2025.158,2025.885,2024.938,2025.038
1705924200000,2025.018,2025.778,2024.878,2025.718
1705924500000,2025.718,2026.458,2025.405,2026.078
1705924800000,2026.038,2026.355,2025.228,2025.578
1705925100000,2025.598,2027.208,2025.294,2025.775
1705925400000,2025.785,2026.175,2025.135,2026.175
1705925700000,2026.175,2027.398,2026.155,2027.318
1705926000000,2027.265,2028.335,2027.035,2028.285
1705926300000,2028.285,2028.995,2026.948,2027.878
1705926600000,2027.935,2028.445,2027.458,2027.478
1705926900000,2027.448,2027.978,2027.098,2027.678
1705927200000,2027.645,2029.995,2027.645,2029.545
1705927500000,2029.545,2029.545,2028.665,2028.898
1705927800000,2028.845,2030.028,2028.828,2029.905
1705928100000,2029.885,2029.895,2029.295,2029.558
1705928400000,2029.555,2029.588,2027.055,2027.408
1705928700000,2027.468,2028.455,2026.865,2027.345
1705929000000,2027.345,2027.345,2025.778,2025.845
1705929300000,2025.938,2026.088,2024.275,2024.668
1705929600000,2024.595,2026.815,2024.158,2025.885
1705929900000,2025.875,2025.885,2024.725,2025.145
1705930200000,2025.145,2025.185,2022.575,2022.665
1705930500000,2022.695,2024.095,2022.595,2022.815
1705930800000,2022.835,2024.015,2022.785,2022.895
1705931100000,2022.895,2023.655,2022.235,2022.305
1705931400000,2022.335,2024.035,2021.155,2023.115
1705931700000,2023.125,2024.758,2022.915,2023.035
1705932000000,2023.035,2023.135,2021.315,2021.485
1705932300000,2021.525,2022.375,2020.775,2021.725
1705932600000,2021.695,2023.468,2021.685,2023.135
1705932900000,2023.165,2023.898,2022.425,2022.645
1705933200000,2022.645,2022.805,2021.725,2022.385
1705933500000,2022.365,2022.545,2020.205,2020.545
1705933800000,2020.545,2021.878,2019.425,2021.725
1705934100000,2021.815,2023.088,2021.285,2021.948
1705934400000,2021.948,2022.665,2016.448,2018.135
1705934700000,2018.225,2022.425,2018.135,2021.855
1705935000000,2021.865,2023.698,2021.555,2023.295
1705935300000,2023.405,2023.888,2022.565,2022.615
1705935600000,2022.605,2022.945,2020.605,2021.785
1705935900000,2021.835,2023.685,2021.465,2023.225
1705936200000,2023.255,2024.895,2023.045,2024.715
1705936500000,2024.675,2025.955,2024.455,2024.665
1705936800000,2024.685,2026.335,2024.685,2025.325
1705937100000,2025.388,2026.378,2024.975,2026.125
1705937400000,2026.125,2026.438,2023.605,2024.118
1705937700000,2024.105,2025.315,2023.965,2024.925
1705938000000,2025.005,2025.995,2024.345,2024.955
1705938300000,2025.005,2025.985,2024.305,2024.355
1705938600000,2024.365,2025.625,2023.775,2024.445
1705938900000,2024.435,2024.645,2023.305,2023.994
1705939200000,2024.005,2024.005,2022.348,2022.635
1705939500000,2022.665,2023.005,2021.795,2022.385
1705939800000,2022.355,2022.355,2021.415,2021.885
1705940100000,2021.905,2023.015,2021.415,2022.595
1705940400000,2022.605,2023.155,2022.505,2022.905
1705940700000,2022.845,2023.335,2021.925,2023.145
1705941000000,2023.135,2023.715,2022.825,2023.278
1705941300000,2023.298,2024.105,2023.078,2023.645
1705941600000,2023.645,2023.998,2023.045,2023.308
1705941900000,2023.285,2023.845,2022.845,2022.888
1705942200000,2022.858,2023.438,2022.635,2022.935
1705942500000,2022.925,2023.845,2022.925,2023.535
1705942800000,2023.505,2023.778,2022.805,2022.805
1705943100000,2022.785,2022.785,2021.795,2022.078
1705943400000,2022.098,2024.438,2022.015,2024.078
1705943700000,2024.085,2024.315,2023.375,2023.615
1705944000000,2023.605,2024.408,2023.505,2024.035
1705944300000,2024.025,2024.025,2023.045,2023.185
1705944600000,2023.178,2023.578,2022.945,2022.955
1705944900000,2022.885,2023.005,2022.255,2022.445
1705945200000,2022.445,2022.765,2022.085,2022.695
1705945500000,2022.685,2023.365,2022.505,2022.578
1705945800000,2022.558,2022.598,2022.008,2022.065
1705946100000,2022.065,2022.278,2021.238,2021.418
1705946400000,2021.405,2021.735,2020.858,2021.198
1705946700000,2021.195,2021.785,2020.915,2021.015
1705947000000,2021.005,2021.695,2020.695,2020.965
1705947300000,2020.938,2021.505,2020.825,2020.915
1705947600000,2020.915,2021.725,2020.705,2021.535
1705947900000,2021.505,2021.505,2020.055,2020.875
1705948200000,2020.815,2021.825,2020.795,2020.955
1705948500000,2020.995,2021.485,2020.915,2020.995
1705948800000,2020.985,2021.165,2020.435,2020.435
1705949100000,2020.435,2020.775,2019.795,2019.805
1705949400000,2019.715,2021.055,2019.705,2020.795
1705949700000,2020.795,2021.485,2020.665,2021.235
1705950000000,2021.255,2021.535,2020.895,2020.915
1705950300000,2020.935,2021.215,2020.665,2020.775
1705950600000,2020.775,2020.775,2019.775,2019.875
1705950900000,2019.825,2019.925,2019.135,2019.285
1705951200000,2019.285,2020.015,2019.055,2019.705
1705951500000,2019.715,2020.365,2019.665,2020.145
1705951800000,2020.155,2020.445,2019.715,2019.905
1705952100000,2019.905,2020.495,2019.755,2020.315
1705952400000,2020.325,2020.375,2019.975,2020.045
1705952700000,2020.035,2020.815,2019.935,2020.785
1705953000000,2020.815,2021.295,2020.685,2020.975
1705953300000,2020.945,2021.085,2020.715,2020.955
1705953600000,2020.955,2020.955,2020.015,2020.075
1705953900000,2020.035,2020.055,2019.605,2020.035
1705954200000,2020.035,2020.135,2019.545,2020.135
1705954500000,2020.165,2020.455,2019.825,2020.115
1705954800000,2020.125,2020.225,2019.595,2019.675
1705955100000,2019.675,2019.725,2019.125,2019.715
1705955400000,2019.735,2020.295,2019.735,2019.895
1705955700000,2019.895,2020.225,2019.865,2020.035
1705956000000,2020.035,2020.435,2020.015,2020.395
1705956300000,2020.415,2020.725,2020.295,2020.415
1705956600000,2020.425,2020.935,2020.395,2020.455
1705956900000,2020.475,2020.915,2020.445,2020.745
1705957200000,2020.725,2020.915,2020.375,2020.405
1705957500000,2020.405,2020.405,2020.135,2020.355
1705957800000,2020.365,2020.465,2020.155,2020.285
1705958100000,2020.255,2020.625,2020.235,2020.615
1705958400000,2020.575,2020.705,2020.315,2020.455
1705958700000,2020.475,2020.595,2020.285,2020.485
1705959000000,2020.418,2020.648,2020.198,2020.508
1705959300000,2020.498,2020.658,2020.395,2020.558
1705959600000,2020.548,2021.268,2020.508,2021.208
1705959900000,2021.218,2021.348,2020.958,2021.058
1705960200000,2021.025,2021.198,2020.918,2021.148
1705960500000,2021.115,2021.728,2021.088,2021.105
1705960800000,2021.105,2021.105,2021.105,2021.105
1705961100000,2021.105,2021.105,2021.105,2021.105
1705961400000,2021.105,2021.105,2021.105,2021.105
1705961700000,2021.105,2021.105,2021.105,2021.105
1705962000000,2021.105,2021.105,2021.105,2021.105
1705962300000,2021.105,2021.105,2021.105,2021.105
1705962600000,2021.105,2021.105,2021.105,2021.105
1705962900000,2021.105,2021.105,2021.105,2021.105
1705963200000,2021.105,2021.105,2021.105,2021.105
1705963500000,2021.105,2021.105,2021.105,2021.105
1705963800000,2021.105,2021.105,2021.105,2021.105
1705964100000,2021.105,2021.105,2021.105,2021.105
1705964400000,2021.038,2021.855,2021.028,2021.508
1705964700000,2021.508,2021.715,2021.208,2021.215
1705965000000,2021.315,2021.315,2020.885,2021.115
1705965300000,2021.205,2021.405,2020.765,2020.895
1705965600000,2020.975,2021.145,2020.765,2021.055
1705965900000,2020.925,2021.245,2020.915,2021.035
1705966200000,2021.075,2021.165,2020.805,2020.805
1705966500000,2020.815,2021.005,2020.385,2020.925
1705966800000,2020.905,2021.075,2020.415,2020.905
1705967100000,2020.945,2020.985,2020.665,2020.875
1705967400000,2020.875,2020.935,2020.715,2020.735
1705967700000,2020.825,2020.935,2020.545,2020.635
1705968000000,2020.695,2021.535,2020.695,2021.295
1705968300000,2021.295,2021.705,2020.995,2021.515
1705968600000,2021.485,2022.035,2021.235,2021.875
1705968900000,2021.875,2021.955,2021.545,2021.795
1705969200000,2021.775,2021.995,2021.775,2021.815
1705969500000,2021.835,2021.915,2021.565,2021.745
1705969800000,2021.775,2022.045,2021.528,2021.865
1705970100000,2021.775,2021.965,2021.745,2021.795
1705970400000,2021.795,2022.225,2021.795,2022.145
1705970700000,2022.155,2022.685,2022.145,2022.425
1705971000000,2022.415,2023.025,2022.415,2022.525
1705971300000,2022.535,2022.715,2022.395,2022.665
1705971600000,2022.665,2022.815,2022.078,2022.255
1705971900000,2022.275,2022.395,2021.665,2022.095
1705972200000,2022.115,2022.375,2021.965,2022.105
1705972500000,2022.105,2022.135,2020.395,2020.585
1705972800000,2020.575,2020.775,2019.515,2019.945
1705973100000,2019.915,2020.645,2019.715,2020.485
1705973400000,2020.495,2020.685,2020.155,2020.565
1705973700000,2020.565,2021.365,2020.368,2020.805
1705974000000,2020.705,2021.585,2020.395,2020.635
1705974300000,2020.685,2021.125,2019.925,2020.275
1705974600000,2020.255,2020.425,2019.678,2019.718
1705974900000,2019.718,2021.765,2019.598,2021.575
1705975200000,2021.575,2021.575,2020.648,2021.178
1705975500000,2021.194,2022.178,2020.758,2020.858
1705975800000,2020.835,2021.395,2020.658,2021.275
1705976100000,2021.265,2022.575,2021.255,2022.425
1705976400000,2022.495,2022.875,2022.495,2022.655
1705976700000,2022.715,2022.985,2022.715,2022.755
1705977000000,2022.815,2022.965,2022.555,2022.925
1705977300000,2022.875,2023.985,2022.815,2023.885
1705977600000,2023.905,2024.095,2023.368,2023.515
1705977900000,2023.495,2023.565,2022.895,2023.335
1705978200000,2023.295,2023.355,2022.748,2022.905
1705978500000,2022.895,2022.975,2022.375,2022.535
1705978800000,2022.595,2022.905,2022.405,2022.595
1705979100000,2022.545,2022.635,2021.635,2022.275
1705979400000,2022.265,2022.525,2021.735,2021.815
1705979700000,2021.815,2023.305,2021.645,2022.575
1705980000000,2022.575,2023.435,2022.435,2023.335
1705980300000,2023.338,2024.245,2023.144,2023.855
1705980600000,2023.875,2024.315,2023.435,2023.935
1705980900000,2023.945,2024.905,2023.945,2024.685
1705981200000,2024.715,2025.355,2024.375,2024.995
1705981500000,2025.015,2026.265,2025.015,2025.995
1705981800000,2026.005,2026.895,2025.935,2026.765
1705982100000,2026.758,2027.855,2026.735,2027.395
1705982400000,2027.325,2027.645,2027.015,2027.645
1705982700000,2027.625,2027.735,2026.955,2027.125
1705983000000,2027.125,2027.775,2027.015,2027.625
1705983300000,2027.605,2027.818,2027.335,2027.478
1705983600000,2027.478,2027.478,2026.715,2026.835
1705983900000,2026.825,2027.455,2026.645,2027.155
1705984200000,2027.155,2027.705,2026.845,2026.905
1705984500000,2026.925,2027.565,2026.855,2027.275
1705984800000,2027.305,2027.735,2026.835,2026.935
1705985100000,2026.958,2027.465,2026.895,2027.255
1705985400000,2027.265,2027.428,2027.165,2027.275
1705985700000,2027.225,2027.625,2027.225,2027.508
1705986000000,2027.494,2028.635,2027.494,2028.465
1705986300000,2028.525,2028.915,2028.185,2028.715
1705986600000,2028.675,2028.735,2027.464,2027.495
1705986900000,2027.468,2027.825,2027.165,2027.758
1705987200000,2027.825,2028.505,2027.765,2028.385
1705987500000,2028.395,2029.955,2028.125,2029.755
1705987800000,2029.855,2030.155,2029.175,2029.305
1705988100000,2029.315,2029.955,2029.235,2029.755
1705988400000,2029.745,2030.805,2029.595,2030.565
1705988700000,2030.615,2030.945,2029.628,2029.705
1705989000000,2029.725,2030.555,2029.725,2030.475
1705989300000,2030.485,2031.615,2030.485,2030.725
1705989600000,2030.745,2030.865,2029.775,2030.575
1705989900000,2030.565,2030.735,2029.398,2029.458
1705990200000,2029.438,2029.865,2028.998,2029.718
1705990500000,2029.718,2029.998,2029.218,2029.558
1705990800000,2029.578,2030.905,2029.578,2030.448
1705991100000,2030.448,2030.848,2029.865,2030.295
1705991400000,2030.285,2030.385,2029.538,2029.935
1705991700000,2029.938,2030.815,2029.868,2030.608
1705992000000,2030.628,2030.858,2029.725,2030.435
1705992300000,2030.385,2031.385,2030.335,2031.138
1705992600000,2031.178,2032.165,2031.115,2031.835
1705992900000,2031.845,2035.825,2031.608,2035.035
1705993200000,2035.035,2036.358,2034.748,2035.418
1705993500000,2035.458,2037.808,2034.598,2034.698
1705993800000,2034.728,2035.005,2033.115,2033.735
1705994100000,2033.735,2033.998,2032.055,2032.125
1705994400000,2032.195,2032.305,2028.885,2029.555
1705994700000,2029.645,2029.995,2027.605,2029.445
1705995000000,2029.445,2032.065,2029.105,2031.455
1705995300000,2031.425,2031.455,2029.265,2030.765
1705995600000,2030.765,2031.285,2029.735,2030.245
1705995900000,2030.335,2031.045,2029.995,2030.095
1705996200000,2030.085,2031.615,2029.975,2031.405
1705996500000,2031.415,2031.825,2030.835,2031.565
1705996800000,2031.635,2031.655,2029.655,2030.185
1705997100000,2030.198,2030.875,2029.355,2030.165
1705997400000,2030.145,2031.195,2029.955,2030.875
1705997700000,2030.875,2031.075,2029.435,2029.955
1705998000000,2029.955,2030.685,2028.505,2029.455
1705998300000,2029.415,2030.095,2028.865,2030.075
1705998600000,2030.095,2031.005,2029.465,2030.795
1705998900000,2030.735,2030.735,2028.865,2028.875
1705999200000,2028.855,2029.265,2027.635,2029.095
1705999500000,2029.135,2030.065,2029.085,2029.505
1705999800000,2029.525,2029.525,2028.435,2028.945
1706000100000,2028.955,2029.375,2028.635,2028.875
1706000400000,2028.875,2029.878,2028.125,2028.435
1706000700000,2028.445,2028.515,2027.655,2028.235
1706001000000,2028.265,2029.575,2027.645,2029.125
1706001300000,2029.155,2029.595,2028.735,2029.565
1706001600000,2029.538,2030.098,2029.405,2029.908
1706001900000,2029.875,2029.898,2028.835,2029.825
1706002200000,2029.898,2030.405,2029.655,2029.795
1706002500000,2029.775,2029.955,2028.598,2029.115
1706002800000,2029.095,2029.305,2028.725,2029.005
1706003100000,2029.035,2029.065,2027.345,2027.515
1706003400000,2027.425,2028.315,2027.015,2028.035
1706003700000,2027.995,2028.855,2027.875,2028.685
1706004000000,2028.655,2028.655,2027.455,2027.475
1706004300000,2027.475,2027.905,2025.935,2027.545
1706004600000,2027.505,2027.825,2026.935,2027.785
1706004900000,2027.875,2027.875,2027.075,2027.475
1706005200000,2027.465,2027.615,2026.365,2026.665
1706005500000,2026.655,2026.975,2026.035,2026.725
1706005800000,2026.815,2027.005,2026.305,2027.005
1706006100000,2027.005,2027.365,2026.515,2026.905
1706006400000,2026.945,2026.975,2025.795,2025.995
1706006700000,2026.025,2026.025,2025.165,2025.535
1706007000000,2025.525,2025.525,2024.695,2025.055
1706007300000,2025.055,2025.225,2024.655,2025.015
1706007600000,2025.015,2025.015,2023.498,2024.515
1706007900000,2024.495,2024.958,2023.865,2024.778
1706008200000,2024.798,2026.085,2024.705,2025.915
1706008500000,2025.925,2025.925,2024.975,2025.235
1706008800000,2025.235,2025.385,2023.795,2024.025
1706009100000,2024.025,2024.025,2022.298,2023.405
1706009400000,2023.415,2023.715,2023.075,2023.235
1706009700000,2023.185,2024.145,2022.375,2023.845
1706010000000,2023.818,2023.838,2022.475,2023.395
1706010300000,2023.395,2023.845,2022.945,2023.815
1706010600000,2023.825,2024.125,2023.075,2023.515
1706010900000,2023.475,2023.875,2023.055,2023.875
1706011200000,2023.875,2023.975,2023.155,2023.935
1706011500000,2023.965,2024.925,2023.885,2024.345
1706011800000,2024.338,2024.635,2023.765,2024.635
1706012100000,2024.648,2025.078,2023.875,2024.445
1706012400000,2024.465,2025.455,2024.135,2025.455
1706012700000,2025.455,2025.645,2023.805,2023.995
1706013000000,2023.998,2024.465,2023.875,2024.385
1706013300000,2024.395,2024.718,2023.935,2024.645
1706013600000,2024.705,2024.858,2024.065,2024.718
1706013900000,2024.705,2025.118,2024.318,2024.938
1706014200000,2024.935,2026.335,2024.115,2026.335
1706014500000,2026.425,2026.885,2025.498,2025.578
1706014800000,2025.578,2027.258,2025.578,2026.578
1706015100000,2026.595,2026.865,2025.655,2025.825
1706015400000,2025.855,2026.095,2025.135,2025.905
1706015700000,2025.925,2027.185,2025.925,2026.595
1706016000000,2026.575,2027.945,2026.365,2026.935
1706016300000,2026.875,2030.265,2026.195,2028.158
1706016600000,2028.095,2028.264,2026.018,2026.335
1706016900000,2026.375,2027.825,2026.375,2026.595
1706017200000,2026.545,2026.545,2025.285,2025.655
1706017500000,2025.675,2026.645,2025.288,2025.555
1706017800000,2025.535,2025.685,2023.815,2024.945
1706018100000,2024.885,2025.175,2023.235,2024.885
1706018400000,2024.855,2026.025,2024.595,2025.605
1706018700000,2025.585,2025.585,2023.835,2024.045
1706019000000,2024.045,2024.045,2023.045,2023.855
1706019300000,2023.855,2024.095,2023.255,2023.715
1706019600000,2023.735,2024.055,2023.015,2023.598
1706019900000,2023.504,2023.605,2022.905,2023.395
1706020200000,2023.345,2024.098,2021.805,2022.795
1706020500000,2022.765,2025.405,2021.325,2023.945
1706020800000,2023.935,2024.335,2021.505,2023.428
1706021100000,2023.495,2023.635,2022.215,2022.625
1706021400000,2022.595,2023.725,2021.805,2023.315
1706021700000,2023.215,2023.785,2021.875,2022.978
1706022000000,2023.004,2024.238,2022.755,2023.715
1706022300000,2023.725,2026.448,2023.725,2025.475
1706022600000,2025.498,2025.515,2023.495,2024.025
1706022900000,2024.025,2024.945,2023.525,2024.705
1706023200000,2024.695,2025.565,2023.725,2023.775
1706023500000,2023.848,2024.855,2023.235,2024.525
1706023800000,2024.545,2024.735,2023.715,2023.978
1706024100000,2023.945,2025.688,2023.365,2025.448
1706024400000,2025.435,2025.848,2023.625,2024.435
1706024700000,2024.375,2026.105,2024.335,2026.005
1706025000000,2026.008,2026.655,2025.375,2025.788
1706025300000,2025.785,2025.935,2025.015,2025.045
1706025600000,2025.085,2026.225,2024.705,2026.105
1706025900000,2026.045,2027.015,2026.025,2026.545
1706026200000,2026.565,2027.655,2025.995,2026.035
1706026500000,2026.038,2026.355,2024.565,2025.025
1706026800000,2025.045,2025.655,2024.825,2025.125
1706027100000,2025.165,2025.205,2023.635,2023.645
1706027400000,2023.635,2024.195,2023.225,2023.805
1706027700000,2023.745,2024.965,2023.535,2024.755
1706028000000,2024.765,2025.595,2024.435,2025.315
1706028300000,2025.325,2025.725,2024.735,2025.125
1706028600000,2025.145,2026.248,2025.145,2026.078
1706028900000,2026.098,2026.168,2025.245,2025.635
1706029200000,2025.638,2025.975,2024.655,2024.935
1706029500000,2024.935,2025.515,2024.565,2024.875
1706029800000,2024.865,2024.948,2023.878,2024.445
1706030100000,2024.445,2024.465,2023.425,2023.445
1706030400000,2023.455,2023.995,2023.315,2023.735
1706030700000,2023.705,2024.535,2023.615,2024.255
1706031000000,2024.225,2024.415,2023.755,2023.755
1706031300000,2023.775,2023.935,2022.775,2022.835
1706031600000,2022.795,2023.205,2022.565,2022.975
1706031900000,2022.995,2023.145,2022.645,2023.145
1706032200000,2023.145,2024.135,2022.595,2024.005
1706032500000,2023.975,2024.715,2023.845,2024.195
1706032800000,2024.215,2024.415,2023.785,2023.885
1706033100000,2023.865,2024.155,2023.505,2023.815
1706033400000,2023.845,2023.855,2023.215,2023.415
1706033700000,2023.395,2023.585,2022.955,2022.955
1706034000000,2023.005,2024.055,2022.925,2023.335
1706034300000,2023.445,2024.695,2023.425,2024.605
1706034600000,2024.665,2025.655,2023.815,2025.545
1706034900000,2025.605,2025.715,2024.975,2025.055
1706035200000,2025.045,2025.685,2025.045,2025.605
1706035500000,2025.605,2025.705,2025.325,2025.705
1706035800000,2025.695,2025.715,2025.215,2025.405
1706036100000,2025.405,2025.565,2024.775,2025.225
1706036400000,2025.235,2025.395,2024.745,2024.835
1706036700000,2024.825,2025.525,2024.815,2025.525
1706037000000,2025.495,2026.995,2025.445,2026.995
1706037300000,2026.945,2028.328,2026.505,2028.245
1706037600000,2028.278,2028.695,2027.345,2027.455
1706037900000,2027.458,2028.435,2027.368,2028.198
1706038200000,2028.185,2030.298,2028.185,2029.598
1706038500000,2029.585,2030.558,2029.178,2029.615
1706038800000,2029.615,2030.298,2028.795,2029.955
1706039100000,2029.945,2030.195,2029.428,2029.858
1706039400000,2029.848,2030.338,2029.535,2029.748
1706039700000,2029.704,2029.958,2029.548,2029.755
1706040000000,2029.765,2029.848,2028.648,2028.915
1706040300000,2028.918,2029.158,2028.798,2029.048
1706040600000,2029.058,2030.178,2029.048,2029.338
1706040900000,2029.338,2029.578,2029.135,2029.218
1706041200000,2029.218,2029.218,2028.225,2028.735
1706041500000,2028.778,2028.778,2028.375,2028.548
1706041800000,2028.558,2028.738,2028.118,2028.148
1706042100000,2028.148,2028.698,2028.148,2028.538
1706042400000,2028.538,2028.848,2028.445,2028.478
1706042700000,2028.548,2028.798,2028.035,2028.078
1706043000000,2028.078,2028.758,2028.078,2028.598
1706043300000,2028.565,2028.645,2028.175,2028.575
1706043600000,2028.555,2028.675,2028.125,2028.305
1706043900000,2028.305,2028.355,2028.025,2028.325
1706044200000,2028.305,2028.385,2027.965,2027.965
1706044500000,2027.965,2028.215,2027.785,2028.155
1706044800000,2028.155,2028.375,2028.035,2028.235
1706045100000,2028.255,2028.575,2028.255,2028.345
1706045400000,2028.305,2028.955,2028.305,2028.945
1706045700000,2028.945,2029.098,2028.778,2028.848
1706046000000,2028.868,2029.058,2028.558,2028.678
1706046300000,2028.698,2028.908,2028.595,2028.648
1706046600000,2028.648,2029.078,2028.565,2028.998
1706046900000,2029.025,2029.208,2028.838,2029.015
1706047200000,2029.015,2029.015,2029.015,2029.015
1706047500000,2029.015,2029.015,2029.015,2029.015
1706047800000,2029.015,2029.015,2029.015,2029.015
1706048100000,2029.015,2029.015,2029.015,2029.015
1706048400000,2029.015,2029.015,2029.015,2029.015
1706048700000,2029.015,2029.015,2029.015,2029.015
1706049000000,2029.015,2029.015,2029.015,2029.015
1706049300000,2029.015,2029.015,2029.015,2029.015
1706049600000,2029.015,2029.015,2029.015,2029.015
1706049900000,2029.015,2029.015,2029.015,2029.015
1706050200000,2029.015,2029.015,2029.015,2029.015
1706050500000,2029.015,2029.015,2029.015,2029.015
1706050800000,2028.278,2029.284,2028.278,2029.154
1706051100000,2029.154,2029.384,2029.034,2029.374
1706051400000,2029.445,2029.555,2029.234,2029.435
1706051700000,2029.355,2029.535,2028.808,2029.204
1706052000000,2029.214,2029.248,2028.834,2029.128
1706052300000,2029.128,2029.158,2027.528,2027.658
1706052600000,2027.658,2027.825,2027.235,2027.565
1706052900000,2027.565,2028.625,2027.315,2027.955
1706053200000,2027.945,2028.515,2027.725,2028.465
1706053500000,2028.375,2028.375,2027.555,2028.025
1706053800000,2028.025,2028.315,2027.835,2028.095
1706054100000,2028.115,2029.435,2028.115,2029.255
1706054400000,2029.255,2029.255,2028.225,2028.615
1706054700000,2028.595,2028.915,2028.485,2028.755
1706055000000,2028.735,2028.765,2028.265,2028.315
1706055300000,2028.255,2028.425,2028.065,2028.295
1706055600000,2028.298,2028.595,2027.655,2027.655
1706055900000,2027.655,2028.305,2027.255,2027.675
1706056200000,2027.755,2027.785,2027.495,2027.625
1706056500000,2027.605,2027.655,2027.115,2027.195
1706056800000,2027.185,2027.535,2027.115,2027.325
1706057100000,2027.325,2027.495,2026.915,2027.475
1706057400000,2027.485,2027.905,2027.305,2027.465
1706057700000,2027.425,2027.625,2027.345,2027.345
1706058000000,2027.325,2027.975,2026.895,2027.125
1706058300000,2027.175,2027.215,2026.675,2027.195
1706058600000,2027.205,2028.225,2027.115,2027.865
1706058900000,2027.815,2028.925,2027.715,2027.815
1706059200000,2027.795,2027.795,2027.095,2027.215
1706059500000,2027.185,2027.985,2027.175,2027.905
1706059800000,2027.905,2028.855,2027.905,2028.248
1706060100000,2028.248,2028.248,2027.075,2027.178
1706060400000,2027.165,2027.425,2026.785,2026.865
1706060700000,2026.885,2027.325,2026.355,2027.215
1706061000000,2027.155,2027.995,2027.005,2027.295
1706061300000,2027.285,2027.495,2026.985,2027.175
1706061600000,2027.195,2027.485,2026.485,2026.705
1706061900000,2026.695,2026.795,2026.405,2026.725
1706062200000,2026.725,2026.725,2025.165,2025.295
1706062500000,2025.265,2026.025,2024.935,2025.405
1706062800000,2025.415,2025.975,2025.215,2025.395
1706063100000,2025.565,2026.075,2025.465,2025.778
1706063400000,2025.775,2026.015,2025.495,2025.765
1706063700000,2025.825,2026.075,2025.235,2025.725
1706064000000,2025.735,2026.035,2025.525,2025.815
1706064300000,2025.835,2025.855,2025.215,2025.435
1706064600000,2025.435,2025.435,2024.895,2024.975
1706064900000,2024.955,2025.075,2023.865,2024.105
1706065200000,2024.095,2024.435,2023.665,2023.935
1706065500000,2023.935,2024.695,2023.885,2024.485
1706065800000,2024.535,2024.995,2024.375,2024.885
1706066100000,2024.875,2024.955,2024.685,2024.885
1706066400000,2024.855,2025.025,2024.395,2024.515
1706066700000,2024.565,2024.755,2023.628,2024.655
1706067000000,2024.645,2024.925,2024.115,2024.285
1706067300000,2024.385,2024.435,2024.085,2024.395
1706067600000,2024.465,2024.735,2023.715,2024.725
1706067900000,2024.735,2025.515,2024.735,2025.455
1706068200000,2025.505,2025.625,2024.805,2025.005
1706068500000,2024.934,2025.125,2024.634,2024.685
1706068800000,2024.675,2024.885,2024.375,2024.565
1706069100000,2024.545,2024.695,2024.125,2024.665
1706069400000,2024.665,2024.715,2024.245,2024.345
1706069700000,2024.405,2024.575,2024.225,2024.555
1706070000000,2024.555,2025.015,2024.525,2024.965
1706070300000,2024.975,2024.975,2023.975,2024.135
1706070600000,2024.155,2024.565,2024.125,2024.565
1706070900000,2024.575,2024.815,2024.435,2024.775
1706071200000,2024.815,2025.585,2024.815,2025.475
1706071500000,2025.485,2025.645,2024.875,2024.905
1706071800000,2024.885,2025.185,2024.835,2025.005
1706072100000,2025.005,2025.015,2024.285,2024.405
1706072400000,2024.395,2024.395,2023.365,2024.275
1706072700000,2024.225,2024.418,2023.905,2024.255
1706073000000,2024.275,2024.375,2023.835,2024.205
1706073300000,2024.195,2024.195,2022.825,2022.835
1706073600000,2022.845,2023.495,2022.725,2023.185
1706073900000,2023.165,2023.575,2023.025,2023.395
1706074200000,2023.475,2024.115,2023.385,2023.875
1706074500000,2023.835,2024.075,2023.465,2023.895
1706074800000,2023.945,2024.965,2023.905,2024.125
1706075100000,2024.155,2024.845,2023.815,2024.515
1706075400000,2024.535,2025.578,2024.535,2025.055
1706075700000,2025.025,2025.195,2024.218,2024.378
1706076000000,2024.364,2024.698,2023.565,2023.875
1706076300000,2023.878,2024.625,2023.878,2024.215
1706076600000,2024.215,2025.205,2024.215,2024.935
1706076900000,2024.965,2025.455,2024.835,2025.095
1706077200000,2025.045,2025.475,2024.635,2025.365
1706077500000,2025.405,2026.205,2025.018,2026.015
1706077800000,2025.995,2026.125,2025.555,2025.925
1706078100000,2025.925,2027.725,2025.825,2027.615
1706078400000,2027.625,2027.855,2026.705,2027.685
1706078700000,2027.605,2027.605,2026.428,2026.835
1706079000000,2026.795,2027.115,2026.455,2026.835
1706079300000,2026.845,2026.845,2025.845,2025.945
1706079600000,2025.905,2027.035,2025.685,2027.035
1706079900000,2027.195,2027.998,2027.045,2027.305
1706080200000,2027.315,2027.625,2027.005,2027.445
1706080500000,2027.575,2028.285,2026.885,2028.285
1706080800000,2028.265,2028.265,2027.365,2027.538
1706081100000,2027.535,2027.875,2027.305,2027.438
1706081400000,2027.395,2028.275,2027.315,2028.185
1706081700000,2028.185,2029.775,2028.018,2028.885
1706082000000,2028.875,2031.155,2028.335,2031.125
1706082300000,2031.115,2031.495,2029.545,2029.878
1706082600000,2029.918,2029.978,2028.618,2028.838
1706082900000,2028.818,2029.505,2028.658,2029.465
1706083200000,2029.485,2031.745,2029.485,2030.308
1706083500000,2030.318,2030.605,2029.258,2029.885
1706083800000,2029.875,2030.275,2028.945,2029.325
1706084100000,2029.315,2029.555,2028.155,2028.815
1706084400000,2028.825,2030.025,2028.825,2029.385
1706084700000,2029.395,2029.445,2028.105,2029.035
1706085000000,2029.088,2032.175,2028.984,2031.745
1706085300000,2031.745,2031.765,2030.858,2031.505
1706085600000,2031.435,2031.545,2030.435,2030.538
1706085900000,2030.535,2030.805,2029.935,2029.935
1706086200000,2029.965,2030.215,2028.988,2029.505
1706086500000,2029.535,2030.815,2029.535,2030.795
1706086800000,2030.775,2031.075,2029.795,2030.825
1706087100000,2030.825,2032.718,2030.665,2032.598
1706087400000,2032.595,2033.285,2031.995,2032.175
1706087700000,2032.145,2032.665,2031.605,2031.615
1706088000000,2031.575,2032.605,2031.555,2032.305
1706088300000,2032.265,2032.995,2032.065,2032.145
1706088600000,2032.095,2032.985,2031.868,2032.595
1706088900000,2032.595,2033.335,2032.525,2033.265
1706089200000,2033.295,2034.065,2031.825,2032.245
1706089500000,2032.225,2032.325,2030.785,2031.745
1706089800000,2031.745,2032.255,2031.515,2031.655
1706090100000,2031.685,2031.938,2030.698,2030.765
1706090400000,2030.735,2031.345,2030.355,2031.305
1706090700000,2031.245,2031.985,2030.775,2031.895
1706091000000,2031.915,2032.215,2031.595,2031.625
1706091300000,2031.615,2031.615,2030.325,2030.695
1706091600000,2030.725,2030.925,2030.415,2030.545
1706091900000,2030.538,2030.615,2029.575,2030.075
1706092200000,2030.015,2030.715,2029.765,2029.965
1706092500000,2029.935,2030.815,2029.445,2029.855
1706092800000,2029.848,2029.925,2029.165,2029.875
1706093100000,2029.855,2030.925,2029.775,2030.665
1706093400000,2030.735,2031.825,2030.735,2031.725
1706093700000,2031.735,2032.925,2031.735,2032.665
1706094000000,2032.775,2033.115,2031.395,2031.975
1706094300000,2031.935,2032.235,2030.765,2030.955
1706094600000,2030.935,2032.205,2030.795,2031.825
1706094900000,2031.865,2032.265,2031.815,2032.135
1706095200000,2032.155,2032.315,2031.955,2032.295
1706095500000,2032.295,2032.295,2031.348,2031.875
1706095800000,2031.885,2032.365,2031.845,2031.965
1706096100000,2031.905,2032.715,2031.725,2032.025
1706096400000,2032.065,2032.825,2032.015,2032.815
1706096700000,2032.825,2033.135,2032.655,2032.945
1706097000000,2032.995,2034.185,2032.825,2033.415
1706097300000,2033.435,2034.048,2032.925,2033.305
1706097600000,2033.305,2034.298,2033.115,2034.015
1706097900000,2034.035,2034.135,2032.838,2032.978
1706098200000,2032.965,2033.498,2032.195,2032.285
1706098500000,2032.288,2033.245,2031.518,2032.515
1706098800000,2032.558,2033.065,2032.395,2032.678
1706099100000,2032.655,2033.465,2031.898,2033.045
1706099400000,2033.075,2033.555,2032.485,2033.025
1706099700000,2033.015,2033.605,2032.405,2033.135
1706100000000,2033.155,2034.158,2033.145,2033.395
1706100300000,2033.375,2033.445,2032.715,2033.095
1706100600000,2033.125,2033.295,2032.175,2033.195
1706100900000,2033.165,2033.225,2032.505,2032.635
1706101200000,2032.635,2034.185,2032.225,2034.035
1706101500000,2034.018,2035.555,2033.635,2033.978
1706101800000,2033.978,2034.678,2033.365,2034.048
1706102100000,2034.015,2035.758,2033.495,2034.475
1706102400000,2034.475,2035.658,2032.535,2032.535
1706102700000,2032.518,2036.128,2031.885,2035.595
1706103000000,2035.575,2036.575,2034.165,2034.998
1706103300000,2035.038,2035.038,2031.118,2032.925
1706103600000,2033.015,2033.808,2031.258,2032.445
1706103900000,2032.485,2033.275,2032.065,2032.255
1706104200000,2032.255,2034.325,2032.135,2034.025
1706104500000,2034.025,2035.035,2033.515,2033.865
1706104800000,2033.865,2034.625,2032.705,2032.765
1706105100000,2032.715,2032.898,2031.438,2032.495
1706105400000,2032.515,2033.035,2031.445,2032.715
1706105700000,2032.705,2034.265,2032.635,2033.715
1706106000000,2033.718,2034.145,2032.615,2032.755
1706106300000,2032.758,2033.608,2032.265,2032.895
1706106600000,2032.885,2033.175,2030.675,2031.785
1706106900000,2031.905,2032.155,2026.348,2027.444
1706107200000,2027.425,2029.585,2027.125,2029.545
1706107500000,2029.405,2029.405,2023.048,2024.785
1706107800000,2024.745,2026.275,2023.535,2025.905
1706108100000,2025.945,2026.075,2023.195,2024.615
1706108400000,2024.565,2025.285,2019.055,2021.395
1706108700000,2021.365,2024.205,2021.365,2023.755
1706109000000,2023.855,2024.025,2021.445,2023.595
1706109300000,2023.625,2024.425,2022.655,2022.705
1706109600000,2022.735,2022.805,2020.535,2020.725
1706109900000,2020.855,2022.155,2019.375,2020.015
1706110200000,2019.995,2020.355,2017.545,2018.215
1706110500000,2018.225,2018.225,2015.325,2017.485
1706110800000,2017.475,2019.135,2016.495,2018.175
1706111100000,2018.175,2018.175,2015.385,2015.755
1706111400000,2015.745,2016.245,2014.855,2015.085
1706111700000,2015.055,2015.785,2014.815,2015.145
1706112000000,2015.215,2016.135,2014.795,2015.355
1706112300000,2015.235,2015.355,2012.155,2013.145
1706112600000,2013.145,2013.625,2011.825,2013.555
1706112900000,2013.555,2015.225,2013.245,2015.015
1706113200000,2014.975,2014.975,2013.025,2013.975
1706113500000,2014.005,2015.405,2013.745,2014.085
1706113800000,2014.045,2014.435,2012.875,2014.225
1706114100000,2014.185,2014.215,2012.375,2012.945
1706114400000,2012.935,2013.065,2011.855,2012.025
1706114700000,2012.035,2013.305,2011.905,2012.895
1706115000000,2012.805,2014.955,2012.685,2014.935
1706115300000,2014.935,2015.548,2013.865,2015.195
1706115600000,2015.215,2017.155,2015.205,2016.795
1706115900000,2016.765,2016.955,2015.735,2016.575
1706116200000,2016.585,2017.508,2016.335,2016.705
1706116500000,2016.705,2016.725,2015.675,2016.265
1706116800000,2016.275,2017.655,2015.955,2017.375
1706117100000,2017.365,2018.075,2017.075,2017.375
1706117400000,2017.445,2018.255,2017.075,2017.565
1706117700000,2017.625,2018.095,2017.005,2017.855
1706118000000,2017.875,2018.215,2017.635,2017.675
1706118300000,2017.725,2018.265,2017.515,2018.265
1706118600000,2018.245,2018.978,2018.185,2018.405
1706118900000,2018.425,2019.715,2017.835,2019.175
1706119200000,2019.185,2019.678,2017.575,2018.475
1706119500000,2018.528,2018.658,2016.385,2017.385
1706119800000,2017.395,2017.425,2015.555,2015.615
1706120100000,2015.625,2016.765,2015.495,2016.425
1706120400000,2016.465,2016.535,2013.345,2014.535
1706120700000,2014.425,2015.225,2014.125,2015.195
1706121000000,2015.345,2015.645,2014.555,2015.465
1706121300000,2015.535,2015.945,2014.845,2014.845
1706121600000,2014.835,2014.945,2013.945,2014.155
1706121900000,2014.135,2014.485,2013.685,2014.425
1706122200000,2014.445,2015.355,2014.305,2015.215
1706122500000,2015.175,2015.445,2014.715,2014.995
1706122800000,2014.995,2015.235,2014.035,2014.315
1706123100000,2014.315,2014.755,2014.185,2014.355
1706123400000,2014.355,2014.855,2014.085,2014.525
1706123700000,2014.485,2014.735,2013.635,2013.705
1706124000000,2013.705,2013.735,2011.825,2011.895
1706124300000,2011.905,2012.995,2011.145,2012.485
1706124600000,2012.495,2013.165,2012.385,2012.945
1706124900000,2012.965,2013.215,2011.705,2011.945
1706125200000,2011.945,2012.955,2011.105,2012.735
1706125500000,2012.745,2012.805,2011.725,2012.235
1706125800000,2012.225,2012.435,2012.045,2012.425
1706126100000,2012.335,2012.445,2011.825,2012.115
1706126400000,2012.115,2012.835,2011.845,2012.765
1706126700000,2012.765,2013.645,2012.715,2013.205
1706127000000,2013.285,2013.725,2012.655,2012.765
1706127300000,2012.765,2013.225,2012.355,2013.185
1706127600000,2013.185,2013.315,2012.835,2013.185
1706127900000,2013.185,2013.405,2012.785,2012.925
1706128200000,2012.915,2013.375,2012.835,2013.265
1706128500000,2013.285,2013.405,2013.145,2013.285
1706128800000,2013.315,2013.485,2012.315,2012.555
1706129100000,2012.555,2012.935,2011.935,2012.195
1706129400000,2012.265,2012.885,2012.115,2012.365
1706129700000,2012.355,2012.505,2011.675,2012.195
1706130000000,2012.205,2012.478,2011.965,2012.355
1706130300000,2012.378,2012.378,2011.955,2012.365
1706130600000,2012.375,2012.798,2012.198,2012.705
1706130900000,2012.705,2012.895,2012.655,2012.705
1706131200000,2012.735,2012.875,2012.485,2012.605
1706131500000,2012.595,2012.635,2012.215,2012.315
1706131800000,2012.315,2012.485,2012.175,2012.378
1706132100000,2012.435,2012.495,2012.075,2012.305
1706132400000,2012.305,2012.565,2012.175,2012.215
1706132700000,2012.215,2012.685,2012.075,2012.645
1706133000000,2012.645,2014.425,2012.565,2014.175
1706133300000,2014.185,2014.485,2013.425,2014.214
1706133600000,2014.214,2014.214,2014.214,2014.214
1706133900000,2014.214,2014.214,2014.214,2014.214
1706134200000,2014.214,2014.214,2014.214,2014.214
1706134500000,2014.214,2014.214,2014.214,2014.214
1706134800000,2014.214,2014.214,2014.214,2014.214
1706135100000,2014.214,2014.214,2014.214,2014.214
1706135400000,2014.214,2014.214,2014.214,2014.214
1706135700000,2014.214,2014.214,2014.214,2014.214
1706136000000,2014.214,2014.214,2014.214,2014.214
1706136300000,2014.214,2014.214,2014.214,2014.214
1706136600000,2014.214,2014.214,2014.214,2014.214
1706136900000,2014.214,2014.214,2014.214,2014.214
1706137200000,2013.765,2015.995,2013.185,2015.518
1706137500000,2015.515,2016.795,2015.508,2016.465
1706137800000,2016.434,2017.105,2016.374,2016.435
1706138100000,2016.405,2016.835,2015.725,2015.815
1706138400000,2015.795,2016.508,2015.698,2015.925
1706138700000,2015.898,2016.815,2015.598,2016.415
1706139000000,2016.425,2016.725,2015.885,2016.455
1706139300000,2016.465,2017.155,2016.365,2016.885
1706139600000,2016.915,2017.565,2016.755,2017.095
1706139900000,2017.058,2017.458,2016.555,2016.635
1706140200000,2016.635,2017.205,2016.415,2016.605
1706140500000,2016.575,2016.575,2016.265,2016.265
1706140800000,2016.305,2016.635,2015.835,2015.835
1706141100000,2015.855,2015.995,2015.295,2015.465
1706141400000,2015.465,2016.095,2015.115,2015.635
1706141700000,2015.555,2015.815,2015.335,2015.395
1706142000000,2015.395,2016.185,2015.395,2015.735
1706142300000,2015.735,2015.905,2015.485,2015.805
1706142600000,2015.805,2016.075,2015.615,2015.765
1706142900000,2015.765,2016.495,2015.675,2016.315
1706143200000,2016.335,2016.635,2015.915,2015.925
1706143500000,2015.915,2016.225,2015.205,2015.365
1706143800000,2015.465,2015.805,2015.165,2015.565
1706144100000,2015.565,2015.585,2014.785,2015.385
1706144400000,2015.375,2015.415,2014.675,2014.865
1706144700000,2014.825,2015.635,2014.645,2015.245
1706145000000,2015.225,2015.735,2014.905,2015.045
1706145300000,2015.055,2015.095,2014.555,2014.885
1706145600000,2014.875,2015.255,2014.695,2014.715
1706145900000,2014.715,2015.135,2014.435,2014.985
1706146200000,2014.985,2016.065,2014.825,2015.905
1706146500000,2015.885,2016.375,2015.535,2016.075
1706146800000,2016.075,2017.175,2016.075,2016.895
1706147100000,2016.925,2017.175,2015.645,2015.815
1706147400000,2015.795,2016.455,2015.725,2016.335
1706147700000,2016.405,2017.085,2016.158,2016.278
1706148000000,2016.278,2016.415,2015.748,2015.915
1706148300000,2015.925,2016.845,2015.878,2016.375
1706148600000,2016.375,2016.825,2016.145,2016.445
1706148900000,2016.445,2016.735,2016.135,2016.165
1706149200000,2016.135,2016.795,2015.935,2016.715
1706149500000,2016.745,2016.895,2016.405,2016.665
1706149800000,2016.665,2016.775,2016.285,2016.575
1706150100000,2016.585,2016.915,2016.255,2016.275
1706150400000,2016.295,2016.418,2015.145,2015.185
1706150700000,2015.115,2015.375,2015.005,2015.065
1706151000000,2015.085,2015.355,2014.885,2015.095
1706151300000,2015.145,2015.355,2014.535,2015.165
1706151600000,2015.175,2015.955,2015.015,2015.625
1706151900000,2015.615,2016.575,2015.615,2016.115
1706152200000,2016.105,2016.195,2015.715,2015.815
1706152500000,2015.795,2016.455,2015.595,2016.415
1706152800000,2016.415,2016.765,2016.205,2016.625
1706153100000,2016.605,2016.605,2015.945,2015.995
1706153400000,2016.045,2016.605,2015.975,2016.345
1706153700000,2016.385,2016.395,2015.835,2015.925
1706154000000,2015.995,2016.345,2015.545,2015.675
1706154300000,2015.695,2016.195,2015.605,2016.025
1706154600000,2016.025,2016.025,2015.585,2015.955
1706154900000,2015.955,2016.305,2015.725,2015.725
1706155200000,2015.725,2015.915,2015.465,2015.855
1706155500000,2015.875,2016.325,2015.665,2016.245
1706155800000,2016.265,2016.315,2015.565,2015.965
1706156100000,2015.985,2016.295,2015.875,2015.905
1706156400000,2015.855,2016.185,2015.725,2016.025
1706156700000,2016.005,2016.195,2015.895,2016.055
1706157000000,2016.065,2016.065,2015.635,2015.695
1706157300000,2015.705,2015.715,2015.265,2015.305
1706157600000,2015.255,2015.255,2014.755,2015.105
1706157900000,2015.095,2015.395,2015.085,2015.385
1706158200000,2015.425,2015.595,2015.205,2015.575
1706158500000,2015.555,2015.775,2015.345,2015.665
1706158800000,2015.665,2016.205,2015.625,2015.715
1706159100000,2015.685,2016.275,2015.685,2016.155
1706159400000,2016.175,2016.315,2015.945,2016.285
1706159700000,2016.255,2016.475,2015.778,2016.048
1706160000000,2015.978,2016.325,2015.625,2016.028
1706160300000,2016.025,2016.245,2015.965,2016.094
1706160600000,2016.084,2016.095,2014.704,2015.065
1706160900000,2015.075,2015.725,2014.698,2015.505
1706161200000,2015.475,2015.515,2015.105,2015.115
1706161500000,2015.085,2015.378,2014.875,2015.095
1706161800000,2015.085,2015.535,2015.065,2015.135
1706162100000,2015.135,2015.545,2014.895,2015.505
1706162400000,2015.505,2015.905,2015.385,2015.455
1706162700000,2015.455,2015.685,2015.045,2015.095
1706163000000,2015.065,2015.195,2014.695,2015.015
1706163300000,2014.965,2015.005,2014.325,2014.775
1706163600000,2014.835,2015.065,2014.565,2014.775
1706163900000,2014.775,2015.455,2014.625,2015.255
1706164200000,2015.275,2016.225,2015.135,2016.115
1706164500000,2016.155,2016.485,2015.125,2015.295
1706164800000,2015.315,2015.675,2015.025,2015.535
1706165100000,2015.555,2015.795,2014.825,2015.415
1706165400000,2015.415,2015.815,2015.035,2015.725
1706165700000,2015.725,2016.025,2015.575,2015.735
1706166000000,2015.665,2015.665,2014.835,2015.445
1706166300000,2015.445,2015.465,2013.885,2013.945
1706166600000,2013.915,2015.295,2013.515,2014.995
1706166900000,2014.965,2016.815,2014.905,2015.885
1706167200000,2015.855,2016.385,2015.535,2015.705
1706167500000,2015.675,2016.455,2014.915,2016.415
1706167800000,2016.425,2018.225,2016.065,2017.145
1706168100000,2017.155,2017.415,2016.045,2016.625
1706168400000,2016.665,2016.665,2016.135,2016.325
1706168700000,2016.295,2016.755,2015.648,2016.138
1706169000000,2016.138,2016.478,2015.558,2016.238
1706169300000,2016.258,2016.418,2015.598,2015.648
1706169600000,2015.625,2015.858,2014.655,2014.795
1706169900000,2014.835,2015.635,2014.705,2015.385
1706170200000,2015.375,2015.475,2014.285,2014.285
1706170500000,2014.305,2014.635,2012.555,2012.945
1706170800000,2012.915,2013.375,2012.565,2012.978
1706171100000,2012.914,2013.765,2012.705,2013.345
1706171400000,2013.315,2014.975,2012.805,2014.458
1706171700000,2014.465,2015.135,2013.995,2014.835
1706172000000,2014.795,2015.305,2014.545,2014.625
1706172300000,2014.645,2014.675,2013.465,2014.105
1706172600000,2014.055,2014.055,2013.395,2013.705
1706172900000,2013.735,2014.175,2013.425,2013.745
1706173200000,2013.745,2014.765,2013.665,2013.828
1706173500000,2013.858,2014.265,2012.715,2013.198
1706173800000,2013.198,2013.655,2013.005,2013.398
1706174100000,2013.375,2013.705,2013.285,2013.578
1706174400000,2013.565,2013.805,2012.945,2012.995
1706174700000,2012.978,2014.525,2012.885,2014.405
1706175000000,2014.385,2014.895,2014.315,2014.565
1706175300000,2014.565,2016.905,2014.545,2016.795
1706175600000,2016.775,2016.895,2016.475,2016.605
1706175900000,2016.545,2017.205,2016.404,2017.064
1706176200000,2017.074,2017.758,2016.758,2017.658
1706176500000,2017.658,2017.815,2017.378,2017.795
1706176800000,2017.795,2019.065,2017.575,2018.198
1706177100000,2018.208,2018.795,2017.785,2018.108
1706177400000,2018.148,2019.295,2017.978,2019.035
1706177700000,2018.965,2019.095,2017.795,2017.865
1706178000000,2017.825,2018.028,2017.478,2017.958
1706178300000,2017.945,2018.158,2017.365,2017.928
1706178600000,2017.945,2018.225,2017.055,2017.535
1706178900000,2017.535,2018.025,2017.185,2017.385
1706179200000,2017.345,2017.785,2017.105,2017.675
1706179500000,2017.775,2018.495,2017.775,2018.365
1706179800000,2018.445,2019.265,2018.335,2019.265
1706180100000,2019.345,2019.375,2018.555,2019.105
1706180400000,2019.105,2019.445,2017.885,2017.885
1706180700000,2017.875,2018.755,2017.835,2018.355
1706181000000,2018.395,2018.465,2017.955,2018.058
1706181300000,2018.058,2018.258,2017.705,2018.065
1706181600000,2018.055,2018.915,2018.055,2018.725
1706181900000,2018.695,2018.838,2018.365,2018.495
1706182200000,2018.515,2018.705,2016.415,2016.755
1706182500000,2016.825,2017.525,2016.565,2016.665
1706182800000,2016.645,2017.175,2016.495,2017.155
1706183100000,2017.175,2017.825,2017.025,2017.245
1706183400000,2017.285,2017.355,2016.835,2017.245
1706183700000,2017.255,2017.465,2017.035,2017.425
1706184000000,2017.455,2017.555,2016.235,2016.665
1706184300000,2016.575,2016.965,2016.035,2016.365
1706184600000,2016.365,2017.555,2015.975,2015.975
1706184900000,2015.965,2016.155,2015.555,2015.955
1706185200000,2015.935,2016.035,2014.825,2014.915
1706185500000,2014.875,2015.045,2013.985,2014.405
1706185800000,2014.425,2015.175,2013.515,2015.115
1706186100000,2015.105,2015.525,2014.785,2015.495
1706186400000,2015.505,2016.098,2014.955,2015.095
1706186700000,2015.075,2015.265,2013.655,2013.905
1706187000000,2013.935,2014.655,2013.255,2014.455
1706187300000,2014.455,2014.535,2013.375,2013.665
1706187600000,2013.665,2014.435,2013.345,2014.275
1706187900000,2014.255,2015.315,2013.955,2015.065
1706188200000,2015.065,2015.965,2014.725,2015.135
1706188500000,2015.145,2017.495,2014.945,2017.275
1706188800000,2017.275,2017.275,2015.715,2016.415
1706189100000,2016.375,2017.005,2015.985,2016.445
1706189400000,2016.345,2020.245,2009.455,2018.105
1706189700000,2018.055,2022.915,2017.595,2019.865
1706190000000,2019.885,2020.548,2018.175,2019.005
1706190300000,2019.055,2020.485,2016.625,2016.685
1706190600000,2016.715,2019.995,2016.535,2019.575
1706190900000,2019.565,2020.925,2018.118,2019.275
1706191200000,2019.245,2020.325,2018.245,2019.995
1706191500000,2019.965,2021.635,2019.205,2021.435
1706191800000,2021.475,2024.485,2020.375,2022.685
1706192100000,2022.775,2023.255,2021.215,2021.525
1706192400000,2021.495,2022.558,2020.245,2022.458
1706192700000,2022.418,2023.205,2021.755,2022.018
1706193000000,2022.085,2022.085,2019.345,2021.745
1706193300000,2021.775,2023.328,2021.435,2022.615
1706193600000,2022.725,2024.065,2021.405,2023.235
1706193900000,2023.235,2023.515,2021.515,2022.425
1706194200000,2022.495,2025.175,2022.075,2024.235
1706194500000,2024.235,2025.098,2023.205,2023.395
1706194800000,2023.395,2024.635,2021.525,2022.845
1706195100000,2022.855,2024.485,2021.775,2024.055
1706195400000,2024.135,2024.195,2022.225,2022.415
1706195700000,2022.395,2022.965,2021.428,2022.165
1706196000000,2022.225,2022.915,2020.605,2021.305
1706196300000,2021.325,2022.185,2019.315,2019.705
1706196600000,2019.715,2020.175,2017.775,2018.255
1706196900000,2018.245,2019.115,2016.685,2018.875
1706197200000,2018.935,2020.575,2018.665,2020.335
1706197500000,2020.385,2020.745,2019.605,2019.835
1706197800000,2019.815,2020.485,2018.895,2020.425
1706198100000,2020.465,2020.895,2019.925,2020.158
1706198400000,2020.145,2020.895,2019.995,2020.675
1706198700000,2020.685,2021.505,2019.315,2019.375
1706199000000,2019.365,2020.205,2019.035,2019.735
1706199300000,2019.735,2019.895,2018.505,2018.835
1706199600000,2018.815,2019.055,2017.095,2017.095
1706199900000,2017.145,2017.155,2015.895,2016.135
1706200200000,2016.065,2016.605,2015.745,2016.575
1706200500000,2016.565,2016.565,2014.405,2014.918
1706200800000,2014.915,2015.565,2014.245,2014.255
1706201100000,2014.258,2015.085,2014.015,2014.398
1706201400000,2014.385,2014.555,2013.775,2014.135
1706201700000,2014.135,2015.045,2013.715,2014.455
1706202000000,2014.475,2014.665,2013.335,2013.645
1706202300000,2013.685,2014.105,2012.415,2013.965
1706202600000,2013.955,2015.125,2013.725,2015.065
1706202900000,2015.035,2015.565,2014.525,2015.415
1706203200000,2015.405,2016.175,2015.375,2015.875
1706203500000,2015.875,2016.485,2015.515,2015.515
1706203800000,2015.525,2015.555,2014.128,2014.255
1706204100000,2014.175,2014.445,2013.585,2013.798
1706204400000,2013.805,2013.805,2013.098,2013.598
1706204700000,2013.595,2013.965,2013.405,2013.885
1706205000000,2013.885,2014.885,2013.655,2014.595
1706205300000,2014.655,2015.165,2014.415,2014.895
1706205600000,2014.895,2016.225,2014.505,2015.075
1706205900000,2015.155,2016.165,2014.965,2015.895
1706206200000,2015.945,2016.515,2015.355,2015.355
1706206500000,2015.335,2015.665,2014.715,2015.155
1706206800000,2015.185,2017.298,2015.035,2017.275
1706207100000,2017.275,2018.478,2017.085,2017.418
1706207400000,2017.418,2017.795,2016.858,2017.108
1706207700000,2017.108,2017.208,2015.365,2015.775
1706208000000,2015.765,2015.955,2015.075,2015.225
1706208300000,2015.215,2015.698,2014.598,2015.318
1706208600000,2015.315,2015.758,2014.915,2015.115
1706208900000,2015.115,2015.218,2013.875,2014.145
1706209200000,2014.024,2014.078,2013.465,2013.625
1706209500000,2013.595,2014.615,2013.355,2014.295
1706209800000,2014.295,2015.328,2014.285,2014.828
1706210100000,2014.808,2016.198,2014.808,2016.098
1706210400000,2016.095,2017.355,2016.035,2017.115
1706210700000,2017.115,2017.835,2016.935,2017.755
1706211000000,2017.735,2017.888,2017.435,2017.665
1706211300000,2017.698,2017.898,2017.405,2017.635
1706211600000,2017.655,2017.805,2017.255,2017.385
1706211900000,2017.385,2017.895,2017.275,2017.685
1706212200000,2017.695,2017.875,2017.425,2017.865
1706212500000,2017.885,2018.295,2017.608,2017.648
1706212800000,2017.648,2018.498,2017.585,2017.638
1706213100000,2017.658,2017.978,2017.128,2017.358
1706213400000,2017.345,2017.575,2017.215,2017.475
1706213700000,2017.535,2017.555,2016.845,2017.545
1706214000000,2017.545,2017.835,2017.405,2017.495
1706214300000,2017.455,2017.725,2017.228,2017.465
1706214600000,2017.488,2017.795,2017.245,2017.345
1706214900000,2017.355,2017.685,2017.225,2017.395
1706215200000,2017.395,2017.745,2017.345,2017.425
1706215500000,2017.455,2017.885,2017.225,2017.865
1706215800000,2017.965,2018.945,2017.865,2018.575
1706216100000,2018.585,2020.225,2018.515,2020.035
1706216400000,2020.035,2020.035,2018.855,2019.245
1706216700000,2019.275,2019.535,2019.205,2019.435
1706217000000,2019.435,2019.525,2019.275,2019.285
1706217300000,2019.305,2019.835,2019.285,2019.625
1706217600000,2019.625,2019.915,2019.535,2019.625
1706217900000,2019.635,2019.885,2019.585,2019.865
1706218200000,2019.838,2019.938,2019.418,2019.478
1706218500000,2019.478,2019.478,2019.175,2019.328
1706218800000,2019.328,2019.534,2019.205,2019.534
1706219100000,2019.555,2019.938,2019.555,2019.898
1706219400000,2019.905,2020.198,2019.855,2019.898
1706219700000,2019.965,2020.855,2019.925,2020.505
1706220000000,2020.505,2020.505,2020.505,2020.505
1706220300000,2020.505,2020.505,2020.505,2020.505
1706220600000,2020.505,2020.505,2020.505,2020.505
1706220900000,2020.505,2020.505,2020.505,2020.505
1706221200000,2020.505,2020.505,2020.505,2020.505
1706221500000,2020.505,2020.505,2020.505,2020.505
1706221800000,2020.505,2020.505,2020.505,2020.505
1706222100000,2020.505,2020.505,2020.505,2020.505
1706222400000,2020.505,2020.505,2020.505,2020.505
1706222700000,2020.505,2020.505,2020.505,2020.505
1706223000000,2020.505,2020.505,2020.505,2020.505
1706223300000,2020.505,2020.505,2020.505,2020.505
1706223600000,2019.854,2020.105,2019.225,2019.645
1706223900000,2019.595,2019.715,2019.078,2019.585
1706224200000,2019.935,2020.005,2019.605,2019.695
1706224500000,2019.695,2021.065,2019.605,2021.065
1706224800000,2021.065,2021.065,2018.465,2019.298
1706225100000,2019.298,2021.811,2018.275,2019.265
1706225400000,2019.198,2020.976,2018.998,2020.555
1706225700000,2020.655,2021.115,2020.365,2021.035
1706226000000,2020.965,2021.125,2020.735,2020.735
1706226300000,2020.695,2021.125,2020.695,2020.975
1706226600000,2021.055,2021.085,2020.714,2020.745
1706226900000,2020.755,2020.815,2020.425,2020.565
1706227200000,2020.625,2020.748,2020.545,2020.665
1706227500000,2020.625,2020.715,2019.995,2020.055
1706227800000,2020.045,2020.508,2020.025,2020.085
1706228100000,2020.108,2020.235,2019.805,2019.905
1706228400000,2019.865,2019.975,2019.805,2019.805
1706228700000,2019.845,2019.975,2019.404,2019.404
1706229000000,2019.398,2019.855,2019.245,2019.545
1706229300000,2019.555,2020.275,2019.418,2020.275
1706229600000,2020.285,2021.195,2020.285,2020.755
1706229900000,2020.795,2021.698,2020.575,2020.895
1706230200000,2020.915,2021.105,2020.395,2020.925
1706230500000,2020.945,2021.198,2020.508,2021.105
1706230800000,2021.105,2023.015,2021.105,2022.735
1706231100000,2022.735,2023.585,2022.735,2023.425
1706231400000,2023.445,2023.455,2022.365,2022.485
1706231700000,2022.475,2023.004,2022.128,2022.985
1706232000000,2022.968,2024.125,2022.885,2023.055
1706232300000,2023.055,2023.155,2022.115,2022.234
1706232600000,2022.234,2022.665,2021.728,2022.175
1706232900000,2022.198,2023.345,2022.155,2022.875
1706233200000,2022.865,2022.865,2021.265,2021.445
1706233500000,2021.415,2021.845,2020.945,2021.595
1706233800000,2021.585,2021.975,2021.515,2021.945
1706234100000,2021.905,2022.155,2021.705,2021.845
1706234400000,2021.825,2022.295,2021.775,2022.105
1706234700000,2022.095,2022.675,2021.998,2022.315
1706235000000,2022.315,2023.055,2022.245,2022.775
1706235300000,2022.625,2023.605,2022.515,2023.605
1706235600000,2023.735,2023.835,2022.935,2023.175
1706235900000,2023.175,2023.685,2023.145,2023.345
1706236200000,2023.525,2023.715,2022.735,2023.095
1706236500000,2023.105,2023.265,2022.618,2022.938
1706236800000,2022.938,2023.078,2022.505,2022.978
1706237100000,2022.958,2023.038,2022.098,2022.198
1706237400000,2022.198,2022.398,2021.875,2022.135
1706237700000,2022.135,2022.145,2021.615,2021.865
1706238000000,2021.875,2022.755,2021.825,2022.745
1706238300000,2022.745,2022.865,2021.945,2021.945
1706238600000,2021.965,2022.385,2021.745,2021.985
1706238900000,2022.015,2022.045,2021.535,2021.825
1706239200000,2021.805,2022.005,2021.495,2021.945
1706239500000,2021.945,2022.515,2021.945,2022.265
1706239800000,2022.245,2022.375,2022.075,2022.305
1706240100000,2022.325,2022.715,2022.325,2022.635
1706240400000,2022.645,2022.645,2021.985,2022.025
1706240700000,2022.045,2022.145,2021.305,2021.435
1706241000000,2021.435,2021.615,2021.285,2021.515
1706241300000,2021.525,2021.765,2021.455,2021.755
1706241600000,2021.705,2022.015,2021.385,2021.435
1706241900000,2021.375,2021.375,2021.035,2021.345
1706242200000,2021.355,2021.685,2021.258,2021.495
1706242500000,2021.575,2022.005,2021.525,2021.865
1706242800000,2021.825,2022.105,2021.615,2021.845
1706243100000,2021.815,2022.135,2021.775,2021.935
1706243400000,2021.935,2022.325,2021.855,2022.145
1706243700000,2022.125,2022.255,2021.645,2021.645
1706244000000,2021.655,2021.655,2021.085,2021.105
1706244300000,2021.115,2021.765,2021.095,2021.735
1706244600000,2021.745,2021.945,2021.185,2021.315
1706244900000,2021.305,2021.345,2020.995,2021.115
1706245200000,2021.075,2021.275,2020.955,2021.165
1706245500000,2021.165,2021.645,2021.145,2021.295
1706245800000,2021.295,2021.535,2021.275,2021.535
1706246100000,2021.515,2021.665,2021.265,2021.298
1706246400000,2021.298,2021.398,2021.115,2021.298
1706246700000,2021.325,2021.605,2021.215,2021.325
1706247000000,2021.315,2022.455,2021.315,2022.445
1706247300000,2022.405,2022.985,2022.205,2022.275
1706247600000,2022.265,2022.798,2022.215,2022.598
1706247900000,2022.598,2023.198,2022.575,2022.898
1706248200000,2022.915,2023.225,2022.875,2023.195
1706248500000,2023.255,2023.395,2022.995,2023.005
1706248800000,2022.985,2023.345,2022.815,2023.225
1706249100000,2023.145,2023.145,2021.705,2022.018
1706249400000,2022.018,2022.138,2021.635,2021.795
1706249700000,2021.718,2022.435,2021.715,2022.235
1706250000000,2022.235,2022.555,2022.125,2022.415
1706250300000,2022.415,2022.745,2022.275,2022.555
1706250600000,2022.555,2022.555,2021.805,2021.875
1706250900000,2021.875,2022.245,2021.785,2022.135
1706251200000,2022.115,2022.395,2021.535,2021.625
1706251500000,2021.645,2022.205,2021.525,2021.525
1706251800000,2021.535,2021.925,2021.485,2021.925
1706252100000,2021.885,2022.025,2021.495,2021.505
1706252400000,2021.495,2022.365,2021.225,2022.165
1706252700000,2022.175,2022.315,2021.505,2021.815
1706253000000,2021.815,2021.955,2020.258,2020.405
1706253300000,2020.395,2020.675,2019.735,2020.495
1706253600000,2020.515,2021.095,2020.005,2021.045
1706253900000,2021.035,2021.845,2021.035,2021.725
1706254200000,2021.725,2022.335,2021.675,2022.195
1706254500000,2022.175,2022.795,2021.505,2021.575
1706254800000,2021.565,2021.635,2020.315,2020.385
1706255100000,2020.355,2020.875,2020.105,2020.855
1706255400000,2020.805,2020.945,2020.455,2020.905
1706255700000,2020.898,2021.595,2020.895,2021.285
1706256000000,2021.225,2021.735,2020.425,2020.495
1706256300000,2020.515,2021.055,2020.165,2020.305
1706256600000,2020.305,2021.415,2020.145,2020.925
1706256900000,2020.915,2021.745,2020.865,2021.495
1706257200000,2021.485,2022.035,2021.285,2021.748
1706257500000,2021.725,2021.945,2021.285,2021.478
1706257800000,2021.478,2022.028,2021.354,2021.655
1706258100000,2021.648,2021.738,2020.415,2020.608
1706258400000,2020.615,2021.028,2020.485,2020.705
1706258700000,2020.685,2021.035,2020.425,2020.945
1706259000000,2020.895,2021.605,2020.735,2021.025
1706259300000,2020.985,2021.508,2020.358,2020.385
1706259600000,2020.415,2020.795,2019.525,2019.935
1706259900000,2019.915,2019.965,2018.105,2018.975
1706260200000,2018.995,2019.005,2018.255,2018.405
1706260500000,2018.395,2018.855,2018.265,2018.825
1706260800000,2018.815,2019.295,2018.755,2019.085
1706261100000,2019.085,2019.775,2018.955,2019.735
1706261400000,2019.725,2020.545,2019.605,2019.925
1706261700000,2019.995,2020.445,2019.745,2020.445
1706262000000,2020.455,2020.995,2020.455,2020.585
1706262300000,2020.645,2022.335,2020.395,2021.658
1706262600000,2021.658,2021.915,2020.538,2020.618
1706262900000,2020.618,2021.098,2020.258,2020.665
1706263200000,2020.665,2021.725,2020.665,2021.005
1706263500000,2021.015,2021.485,2020.845,2021.395
1706263800000,2021.435,2021.935,2021.275,2021.855
1706264100000,2021.895,2022.535,2021.835,2022.355
1706264400000,2022.295,2022.585,2021.995,2022.535
1706264700000,2022.505,2022.895,2022.295,2022.565
1706265000000,2022.545,2022.605,2021.375,2021.615
1706265300000,2021.625,2022.238,2020.795,2022.125
1706265600000,2022.115,2022.918,2022.105,2022.725
1706265900000,2022.715,2023.395,2022.665,2023.335
1706266200000,2023.365,2023.715,2023.085,2023.585
1706266500000,2023.575,2023.765,2023.325,2023.405
1706266800000,2023.385,2024.245,2023.365,2023.895
1706267100000,2023.885,2024.045,2022.795,2022.835
1706267400000,2022.905,2023.335,2022.395,2023.085
1706267700000,2023.085,2023.515,2022.705,2022.995
1706268000000,2023.085,2023.835,2022.785,2023.495
1706268300000,2023.485,2023.905,2022.865,2023.575
1706268600000,2023.515,2024.545,2023.335,2024.215
1706268900000,2024.165,2024.255,2022.875,2023.155
1706269200000,2023.085,2023.305,2022.585,2022.585
1706269500000,2022.625,2023.325,2022.625,2023.315
1706269800000,2023.295,2023.305,2022.285,2022.745
1706270100000,2022.765,2023.455,2022.765,2023.295
1706270400000,2023.305,2024.355,2023.235,2023.555
1706270700000,2023.565,2024.105,2023.265,2024.095
1706271000000,2024.115,2024.115,2023.178,2023.398
1706271300000,2023.398,2023.838,2022.785,2022.915
1706271600000,2022.935,2023.295,2022.025,2022.355
1706271900000,2022.325,2022.515,2021.695,2022.195
1706272200000,2022.135,2022.145,2021.005,2021.175
1706272500000,2021.175,2021.405,2020.055,2020.245
1706272800000,2020.215,2020.985,2020.105,2020.985
1706273100000,2020.935,2021.465,2020.845,2020.865
1706273400000,2020.835,2021.775,2020.595,2021.335
1706273700000,2021.275,2021.328,2020.685,2021.175
1706274000000,2021.175,2022.485,2021.108,2022.035
1706274300000,2022.125,2022.865,2022.125,2022.405
1706274600000,2022.465,2023.055,2022.235,2023.005
1706274900000,2022.985,2023.895,2022.645,2023.565
1706275200000,2023.595,2024.078,2022.865,2023.058
1706275500000,2023.058,2023.058,2021.585,2022.035
1706275800000,2021.965,2026.715,2020.255,2020.995
1706276100000,2021.015,2021.805,2018.645,2020.478
1706276400000,2020.465,2023.335,2020.438,2022.555
1706276700000,2022.515,2024.915,2021.415,2024.105
1706277000000,2024.105,2025.745,2023.445,2025.055
1706277300000,2025.065,2026.098,2024.375,2024.515
1706277600000,2024.515,2025.995,2023.795,2023.895
1706277900000,2023.895,2024.885,2023.605,2024.755
1706278200000,2024.735,2025.125,2022.935,2022.965
1706278500000,2022.955,2023.475,2022.555,2022.775
1706278800000,2022.765,2022.875,2020.755,2021.405
1706279100000,2021.455,2021.805,2020.195,2021.485
1706279400000,2021.455,2021.995,2019.255,2020.415
1706279700000,2020.435,2022.535,2020.045,2021.915
1706280000000,2021.975,2022.005,2020.175,2020.465
1706280300000,2020.384,2020.415,2018.985,2019.745
1706280600000,2019.725,2020.505,2019.245,2019.625
1706280900000,2019.605,2020.705,2019.425,2020.085
1706281200000,2020.085,2020.085,2017.455,2018.035
1706281500000,2018.035,2018.105,2016.055,2017.395
1706281800000,2017.415,2019.015,2017.375,2018.485
1706282100000,2018.475,2018.475,2016.315,2017.695
1706282400000,2017.705,2018.505,2017.065,2017.705
1706282700000,2017.685,2018.535,2017.655,2017.865
1706283000000,2017.855,2019.235,2016.905,2019.155
1706283300000,2019.135,2019.155,2018.065,2018.125
1706283600000,2018.095,2018.925,2017.955,2018.675
1706283900000,2018.645,2018.965,2017.365,2017.445
1706284200000,2017.425,2017.775,2016.465,2016.705
1706284500000,2016.705,2017.005,2016.195,2016.908
1706284800000,2016.918,2017.765,2015.985,2017.725
1706285100000,2017.645,2018.575,2017.395,2018.375
1706285400000,2018.345,2018.355,2015.845,2016.495
1706285700000,2016.485,2018.235,2016.105,2018.185
1706286000000,2018.145,2018.895,2017.905,2018.255
1706286300000,2018.298,2018.325,2017.165,2017.655
1706286600000,2017.648,2019.225,2017.395,2018.695
1706286900000,2018.805,2019.278,2018.255,2018.255
1706287200000,2018.275,2018.725,2017.665,2018.025
1706287500000,2018.005,2018.475,2017.745,2017.755
1706287800000,2017.745,2018.515,2017.475,2018.105
1706288100000,2018.125,2018.315,2017.715,2018.095
1706288400000,2018.055,2018.085,2016.965,2017.155
1706288700000,2017.245,2017.615,2016.738,2016.918
1706289000000,2016.895,2018.765,2016.615,2018.625
1706289300000,2018.625,2018.625,2017.695,2017.695
1706289600000,2017.725,2018.195,2017.475,2017.515
1706289900000,2017.485,2017.985,2017.165,2017.915
1706290200000,2017.815,2018.025,2017.205,2017.775
1706290500000,2017.675,2017.685,2017.035,2017.315
1706290800000,2017.335,2017.335,2016.325,2016.945
1706291100000,2016.925,2017.145,2016.425,2016.505
1706291400000,2016.518,2017.145,2016.505,2016.945
1706291700000,2016.945,2016.945,2016.535,2016.565
1706292000000,2016.484,2016.795,2015.955,2016.655
1706292300000,2016.645,2016.785,2016.265,2016.295
1706292600000,2016.275,2016.695,2016.185,2016.235
1706292900000,2016.185,2016.685,2015.985,2016.165
1706293200000,2016.135,2016.585,2016.025,2016.365
1706293500000,2016.385,2018.098,2016.315,2017.448
1706293800000,2017.418,2017.968,2016.848,2017.678
1706294100000,2017.768,2018.068,2017.298,2017.715
1706294400000,2017.738,2017.818,2017.298,2017.555
1706294700000,2017.515,2017.535,2016.825,2016.838
1706295000000,2016.854,2016.935,2016.598,2016.878
1706295300000,2016.878,2017.208,2016.635,2017.208
1706295600000,2017.178,2017.198,2016.698,2016.865
1706295900000,2016.875,2017.415,2016.875,2017.038
1706296200000,2016.995,2017.045,2016.715,2016.815
1706296500000,2016.715,2017.315,2016.715,2017.045
1706296800000,2017.045,2017.045,2016.735,2016.795
1706297100000,2016.815,2016.815,2016.095,2016.125
1706297400000,2016.135,2016.465,2016.045,2016.358
1706297700000,2016.355,2016.805,2016.225,2016.775
1706298000000,2016.785,2017.465,2016.785,2017.465
1706298300000,2017.465,2017.865,2017.315,2017.685
1706298600000,2017.695,2017.845,2017.065,2017.225
1706298900000,2017.225,2017.265,2016.715,2016.925
1706299200000,2016.955,2017.005,2016.445,2016.665
1706299500000,2016.675,2016.765,2016.365,2016.755
1706299800000,2016.695,2017.355,2016.665,2017.285
1706300100000,2017.275,2017.805,2016.965,2017.795
1706300400000,2017.815,2018.225,2017.815,2018.225
1706300700000,2018.205,2018.405,2018.035,2018.125
1706301000000,2018.115,2018.465,2017.945,2018.255
1706301300000,2018.235,2018.695,2018.215,2018.605
1706301600000,2018.605,2018.945,2018.445,2018.925
1706301900000,2018.945,2019.205,2018.725,2018.868
1706302200000,2018.804,2018.804,2018.355,2018.735
1706302500000,2018.698,2018.698,2018.465,2018.465
1706302800000,2018.405,2018.995,2018.405,2018.595
1706303100000,2018.635,2018.788,2018.635,2018.688
1706303400000,2018.768,2018.895,2018.705,2018.875
1706303700000,2018.835,2019.055,2018.565,2018.605
1706304000000,2018.658,2018.888,2018.658,2018.845
1706304300000,2018.808,2018.845,2018.575,2018.605
1706304600000,2018.568,2018.688,2017.935,2017.985
1706304900000,2017.985,2018.145,2017.875,2017.975
1706305200000,2017.998,2018.428,2017.928,2018.255
1706305500000,2018.255,2018.558,2018.245,2018.488
1706305800000,2018.518,2018.698,2018.098,2018.308
1706306100000,2018.308,2018.518,2017.915,2017.915
1706400000000,2025.975,2025.975,2025.975,2025.975
1706400300000,2025.975,2025.975,2025.975,2025.975
1706400600000,2025.975,2025.975,2025.975,2025.975
1706400900000,2025.975,2025.975,2025.975,2025.975
1706401200000,2025.975,2025.975,2025.975,2025.975
1706401500000,2025.975,2025.975,2025.975,2025.975
1706401800000,2025.975,2025.975,2025.975,2025.975
1706402100000,2025.975,2025.975,2025.975,2025.975
1706402400000,2025.975,2025.975,2025.975,2025.975
1706402700000,2025.975,2025.975,2025.975,2025.975
1706403000000,2025.975,2025.975,2025.975,2025.975
1706403300000,2025.975,2025.975,2025.975,2025.975
1706403600000,2025.975,2025.975,2025.975,2025.975
1706403900000,2025.975,2025.975,2025.975,2025.975
1706404200000,2025.975,2025.975,2025.975,2025.975
1706404500000,2025.975,2025.975,2025.975,2025.975
1706404800000,2025.975,2025.975,2025.975,2025.975
1706405100000,2025.975,2025.975,2025.975,2025.975
1706405400000,2025.975,2025.975,2025.975,2025.975
1706405700000,2025.975,2025.975,2025.975,2025.975
1706406000000,2025.975,2025.975,2025.975,2025.975
1706406300000,2025.975,2025.975,2025.975,2025.975
1706406600000,2025.975,2025.975,2025.975,2025.975
1706406900000,2025.975,2025.975,2025.975,2025.975
1706407200000,2025.975,2025.975,2025.975,2025.975
1706407500000,2025.975,2025.975,2025.975,2025.975
1706407800000,2025.975,2025.975,2025.975,2025.975
1706408100000,2025.975,2025.975,2025.975,2025.975
1706408400000,2025.975,2025.975,2025.975,2025.975
1706408700000,2025.975,2025.975,2025.975,2025.975
1706409000000,2025.975,2025.975,2025.975,2025.975
1706409300000,2025.975,2025.975,2025.975,2025.975
1706409600000,2025.975,2025.975,2025.975,2025.975
1706409900000,2025.975,2025.975,2025.975,2025.975
1706410200000,2025.975,2025.975,2025.975,2025.975
1706410500000,2025.975,2025.975,2025.975,2025.975
1706410800000,2025.975,2025.975,2025.975,2025.975
1706411100000,2025.975,2025.975,2025.975,2025.975
1706411400000,2025.975,2025.975,2025.975,2025.975
1706411700000,2025.975,2025.975,2025.975,2025.975
1706412000000,2025.975,2025.975,2025.975,2025.975
1706412300000,2025.975,2025.975,2025.975,2025.975
1706412600000,2025.975,2025.975,2025.975,2025.975
1706412900000,2025.975,2025.975,2025.975,2025.975
1706413200000,2025.975,2025.975,2025.975,2025.975
1706413500000,2025.975,2025.975,2025.975,2025.975
1706413800000,2025.975,2025.975,2025.975,2025.975
1706414100000,2025.975,2025.975,2025.975,2025.975
1706414400000,2025.975,2025.975,2025.975,2025.975
1706414700000,2025.975,2025.975,2025.975,2025.975
1706415000000,2025.975,2025.975,2025.975,2025.975
1706415300000,2025.975,2025.975,2025.975,2025.975
1706415600000,2025.975,2025.975,2025.975,2025.975
1706415900000,2025.975,2025.975,2025.975,2025.975
1706416200000,2025.975,2025.975,2025.975,2025.975
1706416500000,2025.975,2025.975,2025.975,2025.975
1706416800000,2025.975,2025.975,2025.975,2025.975
1706417100000,2025.975,2025.975,2025.975,2025.975
1706417400000,2025.975,2025.975,2025.975,2025.975
1706417700000,2025.975,2025.975,2025.975,2025.975
1706418000000,2025.975,2025.975,2025.975,2025.975
1706418300000,2025.975,2025.975,2025.975,2025.975
1706418600000,2025.975,2025.975,2025.975,2025.975
1706418900000,2025.975,2025.975,2025.975,2025.975
1706419200000,2025.975,2025.975,2025.975,2025.975
1706419500000,2025.975,2025.975,2025.975,2025.975
1706419800000,2025.975,2025.975,2025.975,2025.975
1706420100000,2025.975,2025.975,2025.975,2025.975
1706420400000,2025.975,2025.975,2025.975,2025.975
1706420700000,2025.975,2025.975,2025.975,2025.975
1706421000000,2025.975,2025.975,2025.975,2025.975
1706421300000,2025.975,2025.975,2025.975,2025.975
1706421600000,2025.975,2025.975,2025.975,2025.975
1706421900000,2025.975,2025.975,2025.975,2025.975
1706422200000,2025.975,2025.975,2025.975,2025.975
1706422500000,2025.975,2025.975,2025.975,2025.975
1706422800000,2025.975,2025.975,2025.975,2025.975
1706423100000,2025.975,2025.975,2025.975,2025.975
1706423400000,2025.975,2025.975,2025.975,2025.975
1706423700000,2025.975,2025.975,2025.975,2025.975
1706424000000,2025.975,2025.975,2025.975,2025.975
1706424300000,2025.975,2025.975,2025.975,2025.975
1706424600000,2025.975,2025.975,2025.975,2025.975
1706424900000,2025.975,2025.975,2025.975,2025.975
1706425200000,2025.975,2025.975,2025.975,2025.975
1706425500000,2025.975,2025.975,2025.975,2025.975
1706425800000,2025.975,2025.975,2025.975,2025.975
1706426100000,2025.975,2025.975,2025.975,2025.975
1706426400000,2025.975,2025.975,2025.975,2025.975
1706426700000,2025.975,2025.975,2025.975,2025.975
1706427000000,2025.975,2025.975,2025.975,2025.975
1706427300000,2025.975,2025.975,2025.975,2025.975
1706427600000,2025.975,2025.975,2025.975,2025.975
1706427900000,2025.975,2025.975,2025.975,2025.975
1706428200000,2025.975,2025.975,2025.975,2025.975
1706428500000,2025.975,2025.975,2025.975,2025.975
1706428800000,2025.975,2025.975,2025.975,2025.975
1706429100000,2025.975,2025.975,2025.975,2025.975
1706429400000,2025.975,2025.975,2025.975,2025.975
1706429700000,2025.975,2025.975,2025.975,2025.975
1706430000000,2025.975,2025.975,2025.975,2025.975
1706430300000,2025.975,2025.975,2025.975,2025.975
1706430600000,2025.975,2025.975,2025.975,2025.975
1706430900000,2025.975,2025.975,2025.975,2025.975
1706431200000,2025.975,2025.975,2025.975,2025.975
1706431500000,2025.975,2025.975,2025.975,2025.975
1706431800000,2025.975,2025.975,2025.975,2025.975
1706432100000,2025.975,2025.975,2025.975,2025.975
1706432400000,2025.975,2025.975,2025.975,2025.975
1706432700000,2025.975,2025.975,2025.975,2025.975
1706433000000,2025.975,2025.975,2025.975,2025.975
1706433300000,2025.975,2025.975,2025.975,2025.975
1706433600000,2025.975,2025.975,2025.975,2025.975
1706433900000,2025.975,2025.975,2025.975,2025.975
1706434200000,2025.975,2025.975,2025.975,2025.975
1706434500000,2025.975,2025.975,2025.975,2025.975
1706434800000,2025.975,2025.975,2025.975,2025.975
1706435100000,2025.975,2025.975,2025.975,2025.975
1706435400000,2025.975,2025.975,2025.975,2025.975
1706435700000,2025.975,2025.975,2025.975,2025.975
1706436000000,2025.975,2025.975,2025.975,2025.975
1706436300000,2025.975,2025.975,2025.975,2025.975
1706436600000,2025.975,2025.975,2025.975,2025.975
1706436900000,2025.975,2025.975,2025.975,2025.975
1706437200000,2025.975,2025.975,2025.975,2025.975
1706437500000,2025.975,2025.975,2025.975,2025.975
1706437800000,2025.975,2025.975,2025.975,2025.975
1706438100000,2025.975,2025.975,2025.975,2025.975
1706438400000,2025.975,2025.975,2025.975,2025.975
1706438700000,2025.975,2025.975,2025.975,2025.975
1706439000000,2025.975,2025.975,2025.975,2025.975
1706439300000,2025.975,2025.975,2025.975,2025.975
1706439600000,2025.975,2025.975,2025.975,2025.975
1706439900000,2025.975,2025.975,2025.975,2025.975
1706440200000,2025.975,2025.975,2025.975,2025.975
1706440500000,2025.975,2025.975,2025.975,2025.975
1706440800000,2025.975,2025.975,2025.975,2025.975
1706441100000,2025.975,2025.975,2025.975,2025.975
1706441400000,2025.975,2025.975,2025.975,2025.975
1706441700000,2025.975,2025.975,2025.975,2025.975
1706442000000,2025.975,2025.975,2025.975,2025.975
1706442300000,2025.975,2025.975,2025.975,2025.975
1706442600000,2025.975,2025.975,2025.975,2025.975
1706442900000,2025.975,2025.975,2025.975,2025.975
1706443200000,2025.975,2025.975,2025.975,2025.975
1706443500000,2025.975,2025.975,2025.975,2025.975
1706443800000,2025.975,2025.975,2025.975,2025.975
1706444100000,2025.975,2025.975,2025.975,2025.975
1706444400000,2025.975,2025.975,2025.975,2025.975
1706444700000,2025.975,2025.975,2025.975,2025.975
1706445000000,2025.975,2025.975,2025.975,2025.975
1706445300000,2025.975,2025.975,2025.975,2025.975
1706445600000,2025.975,2025.975,2025.975,2025.975
1706445900000,2025.975,2025.975,2025.975,2025.975
1706446200000,2025.975,2025.975,2025.975,2025.975
1706446500000,2025.975,2025.975,2025.975,2025.975
1706446800000,2025.975,2025.975,2025.975,2025.975
1706447100000,2025.975,2025.975,2025.975,2025.975
1706447400000,2025.975,2025.975,2025.975,2025.975
1706447700000,2025.975,2025.975,2025.975,2025.975
1706448000000,2025.975,2025.975,2025.975,2025.975
1706448300000,2025.975,2025.975,2025.975,2025.975
1706448600000,2025.975,2025.975,2025.975,2025.975
1706448900000,2025.975,2025.975,2025.975,2025.975
1706449200000,2025.975,2025.975,2025.975,2025.975
1706449500000,2025.975,2025.975,2025.975,2025.975
1706449800000,2025.975,2025.975,2025.975,2025.975
1706450100000,2025.975,2025.975,2025.975,2025.975
1706450400000,2025.975,2025.975,2025.975,2025.975
1706450700000,2025.975,2025.975,2025.975,2025.975
1706451000000,2025.975,2025.975,2025.975,2025.975
1706451300000,2025.975,2025.975,2025.975,2025.975
1706451600000,2025.975,2025.975,2025.975,2025.975
1706451900000,2025.975,2025.975,2025.975,2025.975
1706452200000,2025.975,2025.975,2025.975,2025.975
1706452500000,2025.975,2025.975,2025.975,2025.975
1706452800000,2025.975,2025.975,2025.975,2025.975
1706453100000,2025.975,2025.975,2025.975,2025.975
1706453400000,2025.975,2025.975,2025.975,2025.975
1706453700000,2025.975,2025.975,2025.975,2025.975
1706454000000,2025.975,2025.975,2025.975,2025.975
1706454300000,2025.975,2025.975,2025.975,2025.975
1706454600000,2025.975,2025.975,2025.975,2025.975
1706454900000,2025.975,2025.975,2025.975,2025.975
1706455200000,2025.975,2025.975,2025.975,2025.975
1706455500000,2025.975,2025.975,2025.975,2025.975
1706455800000,2025.975,2025.975,2025.975,2025.975
1706456100000,2025.975,2025.975,2025.975,2025.975
1706456400000,2025.975,2025.975,2025.975,2025.975
1706456700000,2025.975,2025.975,2025.975,2025.975
1706457000000,2025.975,2025.975,2025.975,2025.975
1706457300000,2025.975,2025.975,2025.975,2025.975
1706457600000,2025.975,2025.975,2025.975,2025.975
1706457900000,2025.975,2025.975,2025.975,2025.975
1706458200000,2025.975,2025.975,2025.975,2025.975
1706458500000,2025.975,2025.975,2025.975,2025.975
1706458800000,2025.975,2025.975,2025.975,2025.975
1706459100000,2025.975,2025.975,2025.975,2025.975
1706459400000,2025.975,2025.975,2025.975,2025.975
1706459700000,2025.975,2025.975,2025.975,2025.975
1706460000000,2025.975,2025.975,2025.975,2025.975
1706460300000,2025.975,2025.975,2025.975,2025.975
1706460600000,2025.975,2025.975,2025.975,2025.975
1706460900000,2025.975,2025.975,2025.975,2025.975
1706461200000,2025.975,2025.975,2025.975,2025.975
1706461500000,2025.975,2025.975,2025.975,2025.975
1706461800000,2025.975,2025.975,2025.975,2025.975
1706462100000,2025.975,2025.975,2025.975,2025.975
1706462400000,2025.975,2025.975,2025.975,2025.975
1706462700000,2025.975,2025.975,2025.975,2025.975
1706463000000,2025.975,2025.975,2025.975,2025.975
1706463300000,2025.975,2025.975,2025.975,2025.975
1706463600000,2025.975,2025.975,2025.975,2025.975
1706463900000,2025.975,2025.975,2025.975,2025.975
1706464200000,2025.975,2025.975,2025.975,2025.975
1706464500000,2025.975,2025.975,2025.975,2025.975
1706464800000,2025.975,2025.975,2025.975,2025.975
1706465100000,2025.975,2025.975,2025.975,2025.975
1706465400000,2025.975,2025.975,2025.975,2025.975
1706465700000,2025.975,2025.975,2025.975,2025.975
1706466000000,2025.975,2025.975,2025.975,2025.975
1706466300000,2025.975,2025.975,2025.975,2025.975
1706466600000,2025.975,2025.975,2025.975,2025.975
1706466900000,2025.975,2025.975,2025.975,2025.975
1706467200000,2025.975,2025.975,2025.975,2025.975
1706467500000,2025.975,2025.975,2025.975,2025.975
1706467800000,2025.975,2025.975,2025.975,2025.975
1706468100000,2025.975,2025.975,2025.975,2025.975
1706468400000,2025.975,2025.975,2025.975,2025.975
1706468700000,2025.975,2025.975,2025.975,2025.975
1706469000000,2025.975,2025.975,2025.975,2025.975
1706469300000,2025.975,2025.975,2025.975,2025.975
1706469600000,2025.975,2025.975,2025.975,2025.975
1706469900000,2025.975,2025.975,2025.975,2025.975
1706470200000,2025.975,2025.975,2025.975,2025.975
1706470500000,2025.975,2025.975,2025.975,2025.975
1706470800000,2025.975,2025.975,2025.975,2025.975
1706471100000,2025.975,2025.975,2025.975,2025.975
1706471400000,2025.975,2025.975,2025.975,2025.975
1706471700000,2025.975,2025.975,2025.975,2025.975
1706472000000,2025.975,2025.975,2025.975,2025.975
1706472300000,2025.975,2025.975,2025.975,2025.975
1706472600000,2025.975,2025.975,2025.975,2025.975
1706472900000,2025.975,2025.975,2025.975,2025.975
1706473200000,2025.975,2025.975,2025.975,2025.975
1706473500000,2025.975,2025.975,2025.975,2025.975
1706473800000,2025.975,2025.975,2025.975,2025.975
1706474100000,2025.975,2025.975,2025.975,2025.975
1706474400000,2025.975,2025.975,2025.975,2025.975
1706474700000,2025.975,2025.975,2025.975,2025.975
1706475000000,2025.975,2025.975,2025.975,2025.975
1706475300000,2025.975,2025.975,2025.975,2025.975
1706475600000,2025.975,2025.975,2025.975,2025.975
1706475900000,2025.975,2025.975,2025.975,2025.975
1706476200000,2025.975,2025.975,2025.975,2025.975
1706476500000,2025.975,2025.975,2025.975,2025.975
1706476800000,2025.975,2025.975,2025.975,2025.975
1706477100000,2025.975,2025.975,2025.975,2025.975
1706477400000,2025.975,2025.975,2025.975,2025.975
1706477700000,2025.975,2025.975,2025.975,2025.975
1706478000000,2025.975,2025.975,2025.975,2025.975
1706478300000,2025.975,2025.975,2025.975,2025.975
1706478600000,2025.975,2025.975,2025.975,2025.975
1706478900000,2025.975,2025.975,2025.975,2025.975
1706479200000,2025.975,2025.975,2025.975,2025.975
1706479500000,2025.975,2025.975,2025.975,2025.975
1706479800000,2025.975,2025.975,2025.975,2025.975
1706480100000,2025.975,2025.975,2025.975,2025.975
1706480400000,2025.975,2025.975,2025.975,2025.975
1706480700000,2025.975,2025.975,2025.975,2025.975
1706481000000,2025.975,2025.975,2025.975,2025.975
1706481300000,2025.975,2025.975,2025.975,2025.975
1706481600000,2025.975,2025.975,2025.975,2025.975
1706481900000,2025.975,2025.975,2025.975,2025.975
1706482200000,2025.975,2025.975,2025.975,2025.975
1706482500000,2025.975,2025.975,2025.975,2025.975
1706482800000,2024.215,2027.014,2022.854,2023.515
1706483100000,2023.275,2026.444,2023.015,2026.055
1706483400000,2026.174,2026.445,2023.305,2024.175
1706483700000,2024.164,2024.865,2023.425,2024.545
1706484000000,2024.545,2026.155,2024.185,2025.305
1706484300000,2025.365,2028.384,2025.305,2027.284
1706484600000,2027.064,2027.254,2023.504,2023.995
1706484900000,2023.895,2024.395,2023.014,2024.175
1706485200000,2024.145,2024.355,2023.185,2023.405
1706485500000,2023.335,2023.375,2021.185,2021.785
1706485800000,2021.795,2022.095,2021.475,2021.875
1706486100000,2021.875,2022.565,2021.615,2021.775
1706486400000,2021.855,2021.855,2020.805,2021.265
1706486700000,2021.315,2021.435,2020.465,2021.035
1706487000000,2021.015,2021.505,2020.575,2020.815
1706487300000,2020.845,2021.975,2020.815,2021.565
1706487600000,2021.595,2021.835,2020.985,2020.985
1706487900000,2020.955,2020.965,2019.285,2019.855
1706488200000,2019.865,2020.085,2019.385,2019.735
1706488500000,2019.795,2019.875,2019.195,2019.545
1706488800000,2019.515,2020.455,2019.448,2019.735
1706489100000,2019.715,2021.395,2019.685,2020.735
1706489400000,2020.695,2021.515,2020.625,2021.255
1706489700000,2021.275,2021.985,2021.255,2021.535
1706490000000,2021.445,2022.695,2021.015,2022.555
1706490300000,2022.534,2023.795,2022.475,2023.425
1706490600000,2023.515,2024.885,2023.515,2024.755
1706490900000,2024.805,2025.405,2024.435,2024.645
1706491200000,2024.635,2024.665,2023.705,2023.855
1706491500000,2023.855,2024.135,2023.095,2023.115
1706491800000,2023.135,2024.515,2023.105,2024.235
1706492100000,2024.215,2024.345,2023.005,2023.715
1706492400000,2023.715,2023.815,2023.045,2023.115
1706492700000,2023.175,2023.615,2023.065,2023.285
1706493000000,2023.285,2023.385,2022.505,2022.635
1706493300000,2022.635,2023.415,2022.635,2023.115
1706493600000,2023.185,2023.185,2022.175,2022.195
1706493900000,2022.185,2022.585,2021.885,2021.985
1706494200000,2021.915,2022.965,2021.455,2022.885
1706494500000,2022.935,2023.075,2022.435,2022.725
1706494800000,2022.725,2023.125,2022.385,2023.115
1706495100000,2023.115,2023.965,2023.075,2023.765
1706495400000,2023.745,2023.805,2023.085,2023.735
1706495700000,2023.735,2023.875,2023.195,2023.655
1706496000000,2023.635,2023.915,2023.325,2023.785
1706496300000,2023.775,2024.345,2023.475,2024.325
1706496600000,2024.305,2024.305,2023.565,2023.935
1706496900000,2023.885,2025.405,2023.495,2025.355
1706497200000,2025.385,2025.975,2025.095,2025.865
1706497500000,2025.865,2026.255,2025.445,2025.915
1706497800000,2025.915,2026.265,2025.625,2025.725
1706498100000,2025.805,2026.025,2024.465,2024.565
1706498400000,2024.585,2024.945,2024.095,2024.945
1706498700000,2024.945,2025.175,2024.615,2024.825
1706499000000,2024.875,2025.425,2024.865,2024.965
1706499300000,2025.035,2025.065,2024.655,2024.735
1706499600000,2024.755,2025.245,2024.755,2025.195
1706499900000,2025.235,2025.775,2025.205,2025.395
1706500200000,2025.395,2025.585,2024.768,2025.525
1706500500000,2025.468,2025.955,2025.468,2025.555
1706500800000,2025.555,2026.125,2025.555,2025.985
1706501100000,2025.935,2026.075,2025.585,2025.645
1706501400000,2025.635,2026.205,2025.625,2025.795
1706501700000,2025.805,2025.965,2025.375,2025.805
1706502000000,2025.795,2026.065,2025.575,2025.955
1706502300000,2025.935,2026.745,2025.935,2026.735
1706502600000,2026.705,2027.115,2026.255,2026.745
1706502900000,2026.745,2027.105,2026.705,2026.885
1706503200000,2026.865,2027.445,2026.805,2027.145
1706503500000,2027.175,2027.335,2026.785,2026.905
1706503800000,2026.925,2026.925,2025.818,2025.854
1706504100000,2025.855,2026.275,2025.645,2026.185
1706504400000,2026.205,2026.765,2025.845,2026.105
1706504700000,2026.075,2026.265,2025.135,2025.165
1706505000000,2025.115,2025.855,2025.055,2025.665
1706505300000,2025.645,2026.075,2025.385,2025.385
1706505600000,2025.365,2025.525,2024.885,2025.025
1706505900000,2025.005,2025.295,2024.735,2024.855
1706506200000,2024.815,2025.335,2024.625,2025.215
1706506500000,2025.255,2025.725,2025.135,2025.715
1706506800000,2025.805,2026.125,2025.705,2025.785
1706507100000,2025.735,2026.205,2025.575,2025.775
1706507400000,2025.755,2026.115,2025.745,2025.985
1706507700000,2025.985,2026.025,2025.355,2025.435
1706508000000,2025.425,2025.865,2024.735,2024.965
1706508300000,2024.935,2026.585,2024.805,2026.565
1706508600000,2026.535,2026.685,2025.875,2026.485
1706508900000,2026.505,2027.155,2026.425,2027.015
1706509200000,2027.025,2027.545,2026.955,2027.305
1706509500000,2027.315,2027.705,2027.045,2027.325
1706509800000,2027.325,2027.525,2027.125,2027.138
1706510100000,2027.134,2027.495,2026.625,2027.265
1706510400000,2027.298,2028.015,2027.195,2027.735
1706510700000,2027.758,2028.475,2027.595,2028.225
1706511000000,2028.225,2028.655,2027.665,2028.175
1706511300000,2028.225,2028.935,2028.005,2028.765
1706511600000,2028.745,2029.845,2028.595,2029.695
1706511900000,2029.705,2030.625,2029.525,2030.625
1706512200000,2030.635,2031.465,2030.395,2030.865
1706512500000,2030.895,2031.545,2030.778,2030.825
1706512800000,2030.825,2031.515,2030.535,2031.255
1706513100000,2031.275,2031.635,2031.145,2031.525
1706513400000,2031.555,2033.565,2031.435,2033.275
1706513700000,2033.275,2033.795,2032.475,2032.948
1706514000000,2032.985,2033.155,2032.035,2032.618
1706514300000,2032.618,2033.035,2032.075,2032.228
1706514600000,2032.225,2032.398,2031.025,2031.345
1706514900000,2031.305,2031.555,2030.685,2031.275
1706515200000,2031.225,2033.525,2030.875,2033.285
1706515500000,2033.285,2033.465,2031.875,2031.905
1706515800000,2031.905,2032.315,2031.165,2031.945
1706516100000,2031.955,2032.955,2031.705,2032.115
1706516400000,2032.135,2032.835,2032.125,2032.445
1706516700000,2032.435,2032.478,2031.718,2031.725
1706517000000,2031.718,2032.698,2031.105,2032.315
1706517300000,2032.298,2032.805,2031.965,2032.635
1706517600000,2032.615,2032.785,2032.135,2032.525
1706517900000,2032.555,2032.665,2031.855,2032.415
1706518200000,2032.374,2032.605,2032.015,2032.138
1706518500000,2032.115,2032.358,2030.955,2031.505
1706518800000,2031.525,2031.865,2030.655,2031.295
1706519100000,2031.225,2031.425,2030.075,2030.865
1706519400000,2030.745,2031.125,2029.705,2030.038
1706519700000,2030.018,2030.225,2029.198,2030.045
1706520000000,2030.105,2030.285,2029.345,2029.615
1706520300000,2029.635,2030.095,2029.325,2030.095
1706520600000,2030.075,2030.335,2029.755,2029.785
1706520900000,2029.765,2029.895,2029.055,2029.135
1706521200000,2029.125,2029.225,2028.835,2028.905
1706521500000,2028.855,2029.198,2028.578,2029.075
1706521800000,2029.055,2029.515,2028.755,2029.095
1706522100000,2029.105,2029.355,2027.755,2028.245
1706522400000,2028.215,2028.305,2027.225,2027.735
1706522700000,2027.725,2028.055,2027.455,2027.575
1706523000000,2027.565,2028.365,2027.535,2028.335
1706523300000,2028.405,2028.415,2027.735,2027.985
1706523600000,2027.995,2028.405,2027.675,2028.335
1706523900000,2028.315,2028.485,2027.635,2027.665
1706524200000,2027.605,2027.715,2027.085,2027.205
1706524500000,2027.205,2027.665,2026.985,2027.065
1706524800000,2027.065,2027.165,2025.445,2026.205
1706525100000,2026.185,2027.365,2026.125,2026.845
1706525400000,2026.855,2027.245,2026.505,2026.975
1706525700000,2026.975,2027.675,2026.655,2027.385
1706526000000,2027.395,2028.135,2026.975,2028.115
1706526300000,2028.195,2028.295,2027.035,2027.265
1706526600000,2027.325,2027.375,2025.535,2026.395
1706526900000,2026.375,2026.375,2025.595,2026.165
1706527200000,2026.145,2026.145,2025.358,2025.565
1706527500000,2025.575,2026.465,2025.515,2026.455
1706527800000,2026.445,2027.105,2026.445,2026.975
1706528100000,2026.995,2027.295,2026.515,2027.225
1706528400000,2027.245,2027.815,2027.215,2027.425
1706528700000,2027.395,2027.535,2026.865,2027.405
1706529000000,2027.405,2027.555,2026.735,2027.375
1706529300000,2027.355,2028.085,2027.135,2028.085
1706529600000,2028.075,2029.215,2028.065,2028.785
1706529900000,2028.745,2029.265,2028.665,2029.215
1706530200000,2029.215,2029.365,2028.995,2029.265
1706530500000,2029.255,2029.535,2028.815,2029.515
1706530800000,2029.495,2029.975,2028.995,2029.845
1706531100000,2029.835,2030.215,2029.835,2029.845
1706531400000,2029.845,2029.925,2029.215,2029.235
1706531700000,2029.215,2029.735,2028.905,2029.475
1706532000000,2029.455,2029.755,2029.325,2029.365
1706532300000,2029.365,2029.855,2028.925,2028.985
1706532600000,2028.975,2028.985,2028.285,2028.335
1706532900000,2028.315,2029.265,2028.225,2028.335
1706533200000,2028.445,2029.565,2028.255,2029.015
1706533500000,2028.945,2029.605,2028.755,2029.235
1706533800000,2029.215,2029.265,2028.075,2028.485
1706534100000,2028.485,2028.955,2028.055,2028.395
1706534400000,2028.365,2030.255,2027.635,2030.255
1706534700000,2030.235,2031.305,2029.815,2031.235
1706535000000,2031.285,2032.815,2031.285,2031.905
1706535300000,2031.905,2033.345,2031.135,2032.975
1706535600000,2033.025,2035.755,2032.855,2035.105
1706535900000,2035.115,2037.065,2035.085,2036.108
1706536200000,2036.095,2036.535,2035.305,2035.755
1706536500000,2035.785,2037.465,2035.785,2036.745
1706536800000,2036.725,2037.125,2035.298,2035.785
1706537100000,2035.925,2036.665,2035.855,2035.965
1706537400000,2035.955,2036.145,2035.205,2035.398
1706537700000,2035.375,2035.798,2034.585,2035.135
1706538000000,2035.125,2035.125,2033.435,2033.455
1706538300000,2033.455,2033.475,2032.485,2032.925
1706538600000,2032.865,2032.865,2029.125,2029.138
1706538900000,2029.165,2029.205,2026.855,2026.995
1706539200000,2026.905,2026.905,2023.845,2024.345
1706539500000,2024.365,2024.375,2021.965,2022.095
1706539800000,2022.065,2023.705,2021.525,2023.705
1706540100000,2023.675,2024.725,2022.645,2024.645
1706540400000,2024.595,2024.595,2022.385,2023.855
1706540700000,2023.885,2025.125,2023.845,2024.685
1706541000000,2024.665,2025.025,2023.175,2023.465
1706541300000,2023.405,2023.895,2022.885,2023.135
1706541600000,2023.225,2023.225,2021.925,2022.095
1706541900000,2022.035,2022.245,2020.485,2021.485
1706542200000,2021.515,2023.255,2021.475,2022.555
1706542500000,2022.535,2023.448,2021.525,2023.448
1706542800000,2023.448,2024.565,2023.185,2024.465
1706543100000,2024.545,2025.398,2024.135,2025.198
1706543400000,2025.185,2025.748,2024.865,2025.378
1706543700000,2025.358,2026.125,2025.155,2025.365
1706544000000,2025.345,2026.825,2025.335,2025.575
1706544300000,2025.688,2025.765,2024.975,2025.595
1706544600000,2025.615,2025.795,2024.905,2025.415
1706544900000,2025.425,2025.565,2023.975,2024.595
1706545200000,2024.505,2025.645,2024.265,2025.645
1706545500000,2025.575,2026.925,2025.555,2026.395
1706545800000,2026.415,2027.355,2025.775,2027.208
1706546100000,2027.175,2027.398,2026.345,2026.875
1706546400000,2026.865,2027.308,2026.398,2027.098
1706546700000,2027.098,2027.695,2026.898,2027.585
1706547000000,2027.795,2027.825,2026.625,2026.915
1706547300000,2026.895,2027.175,2026.525,2027.005
1706547600000,2027.025,2027.605,2026.825,2026.825
1706547900000,2026.715,2027.285,2026.485,2026.808
1706548200000,2026.764,2027.408,2026.715,2027.115
1706548500000,2027.105,2028.355,2026.605,2028.355
1706548800000,2028.385,2029.675,2028.355,2029.675
1706549100000,2029.705,2030.135,2029.458,2029.858
1706549400000,2029.864,2030.528,2029.325,2030.235
1706549700000,2030.245,2030.995,2030.205,2030.565
1706550000000,2030.715,2030.775,2029.435,2029.435
1706550300000,2029.475,2029.805,2029.035,2029.155
1706550600000,2029.175,2029.805,2029.155,2029.735
1706550900000,2029.705,2029.835,2029.235,2029.255
1706551200000,2029.235,2029.635,2028.225,2028.305
1706551500000,2028.275,2028.365,2027.335,2027.545
1706551800000,2027.635,2027.725,2026.815,2027.075
1706552100000,2027.005,2027.355,2026.485,2026.705
1706552400000,2026.785,2026.785,2025.805,2026.235
1706552700000,2026.235,2026.535,2025.905,2026.125
1706553000000,2026.135,2026.765,2025.935,2025.935
1706553300000,2025.935,2026.385,2025.775,2026.035
1706553600000,2026.035,2026.755,2025.995,2026.645
1706553900000,2026.705,2026.835,2025.045,2025.615
1706554200000,2025.615,2025.785,2025.065,2025.305
1706554500000,2025.265,2025.845,2025.265,2025.735
1706554800000,2025.735,2025.775,2025.115,2025.515
1706555100000,2025.535,2027.045,2025.535,2027.045
1706555400000,2027.085,2027.905,2026.865,2026.865
1706555700000,2026.865,2027.055,2025.955,2026.425
1706556000000,2026.445,2026.725,2025.745,2025.965
1706556300000,2026.005,2026.585,2025.815,2026.455
1706556600000,2026.485,2026.535,2025.975,2026.455
1706556900000,2026.365,2026.545,2025.995,2026.495
1706557200000,2026.414,2027.085,2026.095,2026.975
1706557500000,2027.045,2027.105,2026.695,2026.825
1706557800000,2026.855,2027.165,2026.725,2027.155
1706558100000,2027.135,2027.635,2026.815,2026.865
1706558400000,2026.895,2030.995,2026.808,2029.625
1706558700000,2029.595,2030.405,2029.015,2029.785
1706559000000,2029.795,2030.945,2029.675,2030.805
1706559300000,2030.805,2034.065,2030.805,2034.065
1706559600000,2034.014,2035.145,2032.305,2033.098
1706559900000,2033.098,2034.505,2032.368,2032.535
1706560200000,2032.595,2033.175,2031.675,2031.765
1706560500000,2031.838,2031.955,2030.948,2031.378
1706560800000,2031.398,2032.128,2030.935,2031.735
1706561100000,2031.725,2032.398,2031.415,2032.298
1706561400000,2032.298,2032.898,2031.998,2032.018
1706561700000,2032.038,2032.608,2031.515,2032.608
1706562000000,2032.485,2032.564,2030.948,2031.148
1706562300000,2031.145,2031.508,2030.845,2031.328
1706562600000,2031.328,2031.768,2031.098,2031.768
1706562900000,2031.795,2031.948,2031.455,2031.738
1706563200000,2031.758,2032.148,2031.505,2031.628
1706563500000,2031.658,2031.728,2031.215,2031.215
1706563800000,2031.215,2031.855,2031.215,2031.375
1706564100000,2031.448,2031.665,2031.058,2031.275
1706564400000,2031.275,2031.488,2030.975,2031.488
1706564700000,2031.468,2031.988,2031.468,2031.945
1706565000000,2031.988,2031.998,2031.348,2031.788
1706565300000,2031.898,2033.168,2031.825,2032.955
1706565600000,2032.955,2032.955,2032.955,2032.955
1706565900000,2032.955,2032.955,2032.955,2032.955
1706566200000,2032.955,2032.955,2032.955,2032.955
1706566500000,2032.955,2032.955,2032.955,2032.955
1706566800000,2032.955,2032.955,2032.955,2032.955
1706567100000,2032.955,2032.955,2032.955,2032.955
1706567400000,2032.955,2032.955,2032.955,2032.955
1706567700000,2032.955,2032.955,2032.955,2032.955
1706568000000,2032.955,2032.955,2032.955,2032.955
1706568300000,2032.955,2032.955,2032.955,2032.955
1706568600000,2032.955,2032.955,2032.955,2032.955
1706568900000,2032.955,2032.955,2032.955,2032.955
1706569200000,2032.855,2033.248,2032.398,2032.598
1706569500000,2032.598,2032.614,2032.148,2032.495
1706569800000,2032.578,2032.965,2032.465,2032.805
1706570100000,2032.835,2033.175,2032.765,2032.828
1706570400000,2032.998,2033.178,2029.055,2030.645
1706570700000,2030.545,2030.975,2029.785,2030.855
1706571000000,2030.875,2030.995,2030.225,2030.745
1706571300000,2030.735,2030.845,2030.365,2030.365
1706571600000,2030.355,2030.985,2030.325,2030.855
1706571900000,2030.775,2031.315,2030.745,2031.135
1706572200000,2031.115,2031.695,2031.034,2031.235
1706572500000,2031.185,2031.245,2030.905,2031.035
