timestamp,open,high,low,close
1714521600000,2291.185,2292.765,2291.185,2292.205
1714522500000,2292.175,2292.555,2288.038,2289.875
1714523400000,2289.855,2290.535,2287.795,2287.805
1714524300000,2287.805,2288.475,2285.575,2286.765
1714525200000,2286.685,2288.615,2286.295,2287.145
1714526100000,2287.205,2288.535,2286.725,2287.535
1714527000000,2287.575,2288.145,2285.888,2288.115
1714527900000,2288.085,2289.315,2287.435,2287.875
1714528800000,2287.875,2288.495,2286.595,2287.098
1714529700000,2287.085,2287.968,2286.978,2287.718
1714530600000,2287.605,2288.195,2286.598,2287.985
1714531500000,2287.934,2288.515,2286.935,2287.875
1714532400000,2287.855,2288.225,2286.825,2287.195
1714533300000,2287.205,2287.435,2284.795,2287.435
1714534200000,2287.325,2287.405,2285.225,2285.495
1714535100000,2285.615,2285.675,2282.745,2284.075
1714536000000,2284.025,2284.435,2281.805,2282.485
1714536900000,2282.298,2283.395,2281.515,2283.345
1714537800000,2283.345,2285.355,2283.155,2284.178
1714538700000,2284.158,2284.315,2282.925,2283.105
1714539600000,2283.045,2286.355,2282.435,2286.205
1714540500000,2286.305,2286.608,2284.698,2285.318
1714541400000,2285.325,2287.695,2285.225,2286.998
1714542300000,2287.098,2288.315,2286.795,2287.348
1714543200000,2287.348,2288.015,2286.295,2287.385
1714544100000,2287.465,2289.165,2287.285,2288.695
1714545000000,2288.685,2289.695,2287.495,2288.725
1714545900000,2288.725,2288.965,2286.575,2286.705
1714546800000,2286.685,2287.825,2286.275,2286.355
1714547700000,2286.355,2287.275,2285.855,2286.698
1714548600000,2286.735,2286.818,2283.365,2283.875
1714549500000,2283.875,2286.105,2283.425,2285.725
1714550400000,2285.725,2286.685,2284.495,2285.675
1714551300000,2285.665,2285.895,2283.695,2285.795
1714552200000,2285.795,2286.525,2284.325,2284.565
1714553100000,2284.555,2286.285,2283.815,2286.155
1714554000000,2286.155,2289.225,2285.595,2288.235
1714554900000,2288.235,2288.235,2285.958,2287.335
1714555800000,2287.335,2289.735,2287.235,2289.455
1714556700000,2289.435,2293.005,2289.255,2291.865
1714557600000,2291.975,2291.975,2288.985,2291.435
1714558500000,2291.465,2292.125,2290.255,2291.545
1714559400000,2291.525,2291.955,2289.978,2290.935
1714560300000,2290.935,2294.215,2290.685,2293.018
1714561200000,2293.015,2293.645,2291.288,2292.385
1714562100000,2292.428,2294.665,2291.998,2294.625
1714563000000,2294.625,2296.975,2293.898,2294.498
1714563900000,2294.495,2294.795,2293.305,2294.445
1714564800000,2294.445,2297.958,2294.085,2297.395
1714565700000,2297.395,2298.625,2294.375,2295.435
1714566600000,2295.445,2298.175,2294.028,2297.235
1714567500000,2297.298,2299.905,2296.855,2298.125
1714568400000,2298.155,2298.365,2295.145,2296.115
1714569300000,2296.095,2302.135,2295.605,2300.938
1714570200000,2300.938,2303.085,2299.368,2301.775
1714571100000,2301.875,2303.325,2299.635,2302.934
1714572000000,2302.934,2310.278,2302.495,2309.728
1714572900000,2309.725,2309.728,2303.535,2305.705
1714573800000,2305.735,2306.165,2299.535,2300.018
1714574700000,2300.015,2304.745,2297.325,2304.355
1714575600000,2304.535,2305.745,2303.125,2304.705
1714576500000,2304.705,2309.005,2302.385,2308.535
1714577400000,2308.535,2310.325,2306.765,2307.495
1714578300000,2307.525,2308.415,2305.785,2307.128
1714579200000,2307.215,2307.238,2303.084,2304.445
1714580100000,2304.455,2305.675,2301.705,2305.675
1714581000000,2305.645,2306.735,2303.898,2303.898
1714581900000,2303.898,2306.878,2303.378,2303.618
1714582800000,2303.515,2304.855,2302.095,2303.395
1714583700000,2303.385,2304.495,2299.535,2299.878
1714584600000,2299.878,2301.205,2298.155,2300.285
1714585500000,2300.275,2300.625,2297.455,2299.445
1714586400000,2299.375,2307.295,2295.445,2303.395
1714587300000,2303.405,2313.665,2302.935,2313.305
1714588200000,2313.305,2324.805,2307.025,2323.988
1714589100000,2323.975,2328.225,2320.485,2325.128
1714590000000,2325.204,2327.745,2318.365,2323.175
1714590900000,2323.185,2323.835,2313.564,2321.365
1714591800000,2321.375,2322.775,2313.865,2314.825
1714592700000,2314.725,2317.788,2309.665,2309.675
1714593600000,2309.795,2314.415,2306.948,2314.055
1714594500000,2314.065,2318.868,2313.515,2318.565
1714595400000,2318.534,2320.535,2316.845,2317.645
1714596300000,2317.635,2319.995,2316.915,2318.115
1714597200000,2318.115,2318.115,2318.115,2318.115
1714598100000,2318.115,2318.115,2318.115,2318.115
1714599000000,2318.115,2318.115,2318.115,2318.115
1714599900000,2318.115,2318.115,2318.115,2318.115
1714600800000,2319.298,2321.635,2317.895,2319.765
1714601700000,2319.775,2323.155,2319.775,2320.955
1714602600000,2320.885,2322.195,2320.245,2321.585
1714603500000,2321.585,2321.965,2319.995,2320.755
1714604400000,2320.825,2321.725,2320.628,2321.445
1714605300000,2321.485,2322.695,2321.175,2322.185
1714606200000,2322.335,2322.425,2320.855,2321.775
1714607100000,2321.785,2324.685,2321.745,2323.638
1714608000000,2323.678,2325.435,2323.505,2324.245
1714608900000,2324.345,2324.955,2322.835,2322.835
1714609800000,2322.905,2324.975,2322.855,2324.685
1714610700000,2324.575,2325.885,2324.078,2324.255
1714611600000,2324.255,2326.325,2323.355,2325.395
1714612500000,2325.565,2325.785,2322.415,2322.755
1714613400000,2322.775,2324.055,2321.625,2322.835
1714614300000,2322.835,2324.265,2322.095,2323.985
1714615200000,2323.965,2325.475,2323.965,2324.398
1714616100000,2324.345,2324.998,2321.675,2322.165
1714617000000,2322.175,2322.395,2320.168,2320.925
1714617900000,2320.865,2321.185,2318.665,2320.108
1714618800000,2320.095,2320.225,2317.205,2318.915
1714619700000,2318.925,2319.685,2317.378,2319.605
1714620600000,2319.725,2320.515,2318.015,2318.095
1714621500000,2318.098,2319.765,2318.075,2319.395
1714622400000,2319.475,2320.875,2319.175,2320.355
1714623300000,2320.385,2320.465,2319.528,2319.715
1714624200000,2319.695,2320.525,2318.735,2318.815
1714625100000,2318.875,2319.275,2317.998,2318.078
1714626000000,2318.055,2318.298,2314.915,2315.625
1714626900000,2315.615,2316.718,2312.878,2314.348
1714627800000,2314.378,2316.015,2314.115,2315.765
1714628700000,2315.775,2315.995,2314.435,2314.925
1714629600000,2314.905,2316.405,2312.535,2316.265
1714630500000,2316.265,2318.405,2315.795,2316.765
1714631400000,2316.815,2318.995,2314.055,2314.055
1714632300000,2314.035,2315.385,2312.378,2313.565
1714633200000,2313.445,2314.995,2309.615,2309.885
1714634100000,2309.885,2312.175,2308.025,2310.795
1714635000000,2310.825,2312.635,2310.095,2310.228
1714635900000,2310.275,2311.298,2308.495,2309.115
1714636800000,2309.225,2310.915,2306.548,2307.475
1714637700000,2307.425,2307.975,2304.218,2304.468
1714638600000,2304.388,2306.565,2304.178,2305.865
1714639500000,2305.865,2307.115,2302.914,2303.888
1714640400000,2303.865,2305.025,2303.155,2304.905
1714641300000,2304.905,2305.265,2301.825,2301.878
1714642200000,2301.858,2301.908,2298.678,2301.025
1714643100000,2301.025,2302.428,2300.705,2301.755
1714644000000,2301.755,2301.755,2295.975,2296.975
1714644900000,2297.005,2298.335,2295.065,2295.505
1714645800000,2295.505,2297.915,2295.165,2296.415
1714646700000,2296.445,2299.345,2296.068,2299.235
1714647600000,2299.335,2302.825,2298.345,2300.825
1714648500000,2300.865,2301.025,2297.615,2299.188
1714649400000,2299.205,2301.085,2298.428,2298.918
1714650300000,2298.875,2299.675,2297.418,2298.878
1714651200000,2298.824,2301.535,2296.918,2301.325
1714652100000,2301.405,2304.195,2298.455,2302.475
1714653000000,2302.384,2303.565,2298.115,2302.435
1714653900000,2302.435,2304.355,2293.455,2294.385
1714654800000,2294.385,2295.045,2286.258,2288.695
1714655700000,2288.695,2290.978,2285.945,2290.075
1714656600000,2290.055,2295.755,2290.055,2292.115
1714657500000,2292.105,2292.665,2285.358,2291.455
1714658400000,2291.455,2294.215,2287.575,2288.168
1714659300000,2288.305,2299.355,2288.135,2296.125
1714660200000,2296.245,2302.265,2295.278,2300.465
1714661100000,2300.495,2304.698,2299.815,2303.865
1714662000000,2303.865,2306.825,2300.898,2302.078
1714662900000,2302.068,2305.175,2301.235,2303.825
1714663800000,2303.825,2305.095,2300.868,2303.605
1714664700000,2303.605,2304.005,2297.165,2299.773
1714665600000,2299.805,2301.155,2297.805,2300.375
1714666500000,2300.345,2301.885,2298.918,2301.255
1714667400000,2301.255,2303.685,2300.805,2303.165
1714668300000,2303.158,2303.325,2298.805,2299.498
1714669200000,2299.475,2302.825,2299.355,2301.645
1714670100000,2301.735,2302.235,2299.195,2300.015
1714671000000,2300.018,2304.485,2300.015,2304.235
1714671900000,2304.235,2308.408,2304.025,2307.908
1714672800000,2307.874,2309.335,2307.005,2307.005
1714673700000,2307.015,2307.455,2304.918,2307.258
1714674600000,2307.205,2307.478,2305.955,2306.168
1714675500000,2306.135,2308.638,2305.728,2307.885
1714676400000,2307.878,2307.915,2304.845,2304.978
1714677300000,2304.918,2306.355,2303.955,2304.055
1714678200000,2303.995,2303.995,2301.478,2303.005
1714679100000,2303.015,2304.525,2302.655,2302.795
1714680000000,2302.748,2303.895,2301.745,2302.014
1714680900000,2302.025,2303.505,2301.635,2301.635
1714681800000,2301.594,2302.115,2300.535,2301.555
1714682700000,2301.544,2303.845,2301.475,2303.305
1714683600000,2303.305,2303.305,2303.305,2303.305
1714684500000,2303.305,2303.305,2303.305,2303.305
1714685400000,2303.305,2303.305,2303.305,2303.305
1714686300000,2303.305,2303.305,2303.305,2303.305
1714687200000,2303.088,2305.315,2303.088,2305.065
1714688100000,2305.115,2305.545,2304.295,2304.515
1714689000000,2304.585,2304.625,2303.964,2304.145
1714689900000,2304.165,2304.648,2303.595,2303.785
1714690800000,2303.795,2304.385,2302.655,2303.385
1714691700000,2303.385,2303.725,2302.975,2303.095
1714692600000,2303.105,2303.425,2302.305,2302.375
1714693500000,2302.445,2304.195,2302.325,2304.115
1714694400000,2304.115,2304.735,2302.475,2302.705
1714695300000,2302.665,2303.155,2300.148,2301.185
1714696200000,2301.255,2302.148,2300.925,2302.008
1714697100000,2301.984,2304.145,2301.928,2303.855
1714698000000,2303.815,2306.208,2303.475,2304.565
1714698900000,2304.524,2304.975,2302.675,2303.475
1714699800000,2303.475,2305.895,2302.985,2304.295
1714700700000,2304.295,2304.675,2301.675,2302.525
1714701600000,2302.505,2302.885,2300.195,2301.035
1714702500000,2301.035,2301.495,2299.725,2300.058
1714703400000,2300.158,2301.805,2300.105,2300.778
1714704300000,2300.815,2301.645,2300.058,2300.935
1714705200000,2300.905,2301.875,2300.535,2301.045
1714706100000,2301.045,2301.875,2300.415,2301.405
1714707000000,2301.378,2301.795,2300.525,2301.755
1714707900000,2301.755,2302.345,2301.185,2302.345
1714708800000,2302.365,2303.745,2302.365,2303.385
1714709700000,2303.385,2303.475,2302.028,2302.255
1714710600000,2302.255,2306.365,2302.235,2305.965
1714711500000,2305.958,2307.955,2305.455,2307.255
1714712400000,2307.265,2308.615,2306.958,2307.285
1714713300000,2307.258,2307.575,2306.255,2306.315
1714714200000,2306.325,2308.595,2306.325,2307.675
1714715100000,2307.645,2307.878,2305.655,2305.918
1714716000000,2305.918,2306.225,2303.435,2303.845
1714716900000,2303.858,2304.325,2301.085,2301.365
1714717800000,2301.295,2301.895,2300.415,2301.785
1714718700000,2301.785,2301.785,2298.225,2298.405
1714719600000,2298.385,2299.825,2297.675,2298.595
1714720500000,2298.535,2301.325,2297.975,2299.365
1714721400000,2299.345,2301.278,2299.155,2300.725
1714722300000,2300.695,2301.225,2298.735,2299.078
1714723200000,2299.105,2302.555,2298.255,2300.725
1714724100000,2300.658,2300.935,2298.745,2299.985
1714725000000,2299.935,2300.335,2298.555,2299.915
1714725900000,2299.995,2302.055,2299.585,2301.305
1714726800000,2301.235,2301.675,2299.505,2299.605
1714727700000,2299.585,2301.295,2299.375,2301.265
1714728600000,2301.335,2303.055,2300.385,2302.085
1714729500000,2302.065,2302.405,2300.025,2301.455
1714730400000,2301.455,2301.595,2299.345,2299.855
1714731300000,2299.855,2300.495,2299.265,2299.685
1714732200000,2299.615,2300.625,2298.764,2300.625
1714733100000,2300.645,2300.715,2297.855,2299.085
1714734000000,2299.085,2299.685,2296.265,2297.025
1714734900000,2297.025,2299.725,2296.755,2298.755
1714735800000,2298.715,2299.728,2297.065,2298.538
1714736700000,2298.528,2298.718,2296.525,2298.215
1714737600000,2298.195,2299.035,2296.795,2298.435
1714738500000,2298.435,2299.585,2294.475,2295.658
1714739400000,2295.658,2320.548,2295.658,2302.935
1714740300000,2302.915,2306.195,2297.258,2304.685
1714741200000,2304.685,2308.815,2302.118,2305.558
1714742100000,2305.525,2305.775,2300.085,2300.775
1714743000000,2300.845,2304.325,2277.165,2286.455
1714743900000,2286.465,2293.274,2280.868,2289.608
1714744800000,2289.785,2302.385,2287.285,2289.845
1714745700000,2289.875,2290.335,2283.014,2286.545
1714746600000,2286.575,2290.435,2283.144,2287.935
1714747500000,2287.935,2294.848,2286.365,2291.095
1714748400000,2291.095,2294.625,2289.525,2293.198
1714749300000,2293.208,2295.865,2291.565,2291.658
1714750200000,2291.678,2298.878,2291.678,2297.875
1714751100000,2297.965,2298.355,2292.455,2293.598
1714752000000,2293.608,2295.745,2292.735,2295.595
1714752900000,2295.595,2298.525,2294.615,2297.108
1714753800000,2297.098,2299.128,2296.438,2296.858
1714754700000,2296.845,2300.165,2296.405,2299.185
1714755600000,2299.135,2299.395,2296.268,2297.398
1714756500000,2297.485,2299.888,2296.775,2299.635
1714757400000,2299.665,2301.715,2299.155,2300.315
1714758300000,2300.318,2302.985,2299.885,2301.915
1714759200000,2301.955,2302.825,2300.205,2300.808
1714760100000,2300.808,2301.008,2298.165,2298.265
1714761000000,2298.395,2299.008,2297.275,2298.345
1714761900000,2298.375,2299.675,2297.945,2299.145
1714762800000,2299.145,2299.195,2295.875,2296.885
1714763700000,2296.868,2300.068,2296.165,2298.545
1714764600000,2298.548,2300.175,2297.725,2298.895
1714765500000,2298.905,2301.368,2298.905,2301.268
1714766400000,2301.255,2302.295,2300.798,2302.035
1714767300000,2301.945,2303.235,2300.715,2300.775
1714768200000,2300.785,2302.225,2300.545,2302.215
1714769100000,2302.155,2303.205,2301.085,2301.175
1714867200000,2303.255,2303.255,2303.255,2303.255
1714868100000,2303.255,2303.255,2303.255,2303.255
1714869000000,2303.255,2303.255,2303.255,2303.255
1714869900000,2303.255,2303.255,2303.255,2303.255
1714870800000,2303.255,2303.255,2303.255,2303.255
1714871700000,2303.255,2303.255,2303.255,2303.255
1714872600000,2303.255,2303.255,2303.255,2303.255
1714873500000,2303.255,2303.255,2303.255,2303.255
1714874400000,2303.255,2303.255,2303.255,2303.255
1714875300000,2303.255,2303.255,2303.255,2303.255
1714876200000,2303.255,2303.255,2303.255,2303.255
1714877100000,2303.255,2303.255,2303.255,2303.255
1714878000000,2303.255,2303.255,2303.255,2303.255
1714878900000,2303.255,2303.255,2303.255,2303.255
1714879800000,2303.255,2303.255,2303.255,2303.255
1714880700000,2303.255,2303.255,2303.255,2303.255
1714881600000,2303.255,2303.255,2303.255,2303.255
1714882500000,2303.255,2303.255,2303.255,2303.255
1714883400000,2303.255,2303.255,2303.255,2303.255
1714884300000,2303.255,2303.255,2303.255,2303.255
1714885200000,2303.255,2303.255,2303.255,2303.255
1714886100000,2303.255,2303.255,2303.255,2303.255
1714887000000,2303.255,2303.255,2303.255,2303.255
1714887900000,2303.255,2303.255,2303.255,2303.255
1714888800000,2303.255,2303.255,2303.255,2303.255
1714889700000,2303.255,2303.255,2303.255,2303.255
1714890600000,2303.255,2303.255,2303.255,2303.255
1714891500000,2303.255,2303.255,2303.255,2303.255
1714892400000,2303.255,2303.255,2303.255,2303.255
1714893300000,2303.255,2303.255,2303.255,2303.255
1714894200000,2303.255,2303.255,2303.255,2303.255
1714895100000,2303.255,2303.255,2303.255,2303.255
1714896000000,2303.255,2303.255,2303.255,2303.255
1714896900000,2303.255,2303.255,2303.255,2303.255
1714897800000,2303.255,2303.255,2303.255,2303.255
1714898700000,2303.255,2303.255,2303.255,2303.255
1714899600000,2303.255,2303.255,2303.255,2303.255
1714900500000,2303.255,2303.255,2303.255,2303.255
1714901400000,2303.255,2303.255,2303.255,2303.255
1714902300000,2303.255,2303.255,2303.255,2303.255
1714903200000,2303.255,2303.255,2303.255,2303.255
1714904100000,2303.255,2303.255,2303.255,2303.255
1714905000000,2303.255,2303.255,2303.255,2303.255
1714905900000,2303.255,2303.255,2303.255,2303.255
1714906800000,2303.255,2303.255,2303.255,2303.255
1714907700000,2303.255,2303.255,2303.255,2303.255
1714908600000,2303.255,2303.255,2303.255,2303.255
1714909500000,2303.255,2303.255,2303.255,2303.255
1714910400000,2303.255,2303.255,2303.255,2303.255
1714911300000,2303.255,2303.255,2303.255,2303.255
1714912200000,2303.255,2303.255,2303.255,2303.255
1714913100000,2303.255,2303.255,2303.255,2303.255
1714914000000,2303.255,2303.255,2303.255,2303.255
1714914900000,2303.255,2303.255,2303.255,2303.255
1714915800000,2303.255,2303.255,2303.255,2303.255
1714916700000,2303.255,2303.255,2303.255,2303.255
1714917600000,2303.255,2303.255,2303.255,2303.255
1714918500000,2303.255,2303.255,2303.255,2303.255
1714919400000,2303.255,2303.255,2303.255,2303.255
1714920300000,2303.255,2303.255,2303.255,2303.255
1714921200000,2303.255,2303.255,2303.255,2303.255
1714922100000,2303.255,2303.255,2303.255,2303.255
1714923000000,2303.255,2303.255,2303.255,2303.255
1714923900000,2303.255,2303.255,2303.255,2303.255
1714924800000,2303.255,2303.255,2303.255,2303.255
1714925700000,2303.255,2303.255,2303.255,2303.255
1714926600000,2303.255,2303.255,2303.255,2303.255
1714927500000,2303.255,2303.255,2303.255,2303.255
1714928400000,2303.255,2303.255,2303.255,2303.255
1714929300000,2303.255,2303.255,2303.255,2303.255
1714930200000,2303.255,2303.255,2303.255,2303.255
1714931100000,2303.255,2303.255,2303.255,2303.255
1714932000000,2303.255,2303.255,2303.255,2303.255
1714932900000,2303.255,2303.255,2303.255,2303.255
1714933800000,2303.255,2303.255,2303.255,2303.255
1714934700000,2303.255,2303.255,2303.255,2303.255
1714935600000,2303.255,2303.255,2303.255,2303.255
1714936500000,2303.255,2303.255,2303.255,2303.255
1714937400000,2303.255,2303.255,2303.255,2303.255
1714938300000,2303.255,2303.255,2303.255,2303.255
1714939200000,2303.255,2303.255,2303.255,2303.255
1714940100000,2303.255,2303.255,2303.255,2303.255
1714941000000,2303.255,2303.255,2303.255,2303.255
1714941900000,2303.255,2303.255,2303.255,2303.255
1714942800000,2303.255,2303.255,2303.255,2303.255
1714943700000,2303.255,2303.255,2303.255,2303.255
1714944600000,2303.255,2303.255,2303.255,2303.255
1714945500000,2303.255,2303.255,2303.255,2303.255
1714946400000,2304.655,2305.855,2300.265,2302.595
1714947300000,2302.595,2302.595,2300.665,2300.778
1714948200000,2300.795,2302.635,2300.795,2301.815
1714949100000,2301.835,2302.405,2301.295,2301.695
1714950000000,2301.685,2302.755,2301.345,2301.695
1714950900000,2301.695,2302.285,2300.698,2300.805
1714951800000,2300.705,2300.785,2293.455,2295.175
1714952700000,2295.175,2296.345,2293.185,2293.875
1714953600000,2293.875,2295.095,2293.215,2294.045
1714954500000,2294.155,2294.808,2291.645,2292.145
1714955400000,2292.178,2295.005,2292.165,2293.715
1714956300000,2293.738,2297.815,2293.175,2295.875
1714957200000,2295.845,2307.565,2295.655,2303.625
1714958100000,2303.605,2308.635,2303.415,2307.705
1714959000000,2307.698,2308.965,2305.865,2306.815
1714959900000,2306.875,2308.645,2305.605,2308.258
1714960800000,2308.245,2315.215,2307.435,2312.595
1714961700000,2312.595,2315.185,2312.545,2313.665
1714962600000,2313.755,2314.065,2309.555,2311.015
1714963500000,2311.025,2311.445,2309.718,2311.055
1714964400000,2311.055,2311.915,2309.175,2309.675
1714965300000,2309.675,2310.185,2308.225,2310.185
1714966200000,2310.205,2310.385,2308.835,2309.275
1714967100000,2309.295,2311.755,2309.075,2309.215
1714968000000,2309.215,2309.755,2308.015,2309.755
1714968900000,2309.795,2310.395,2308.865,2309.408
1714969800000,2309.408,2311.608,2308.705,2308.865
1714970700000,2308.865,2309.695,2308.495,2309.035
1714971600000,2309.018,2312.865,2308.535,2311.015
1714972500000,2311.015,2312.325,2310.275,2310.845
1714973400000,2310.905,2312.625,2310.295,2312.465
1714974300000,2312.515,2313.775,2311.675,2313.315
1714975200000,2313.255,2314.065,2311.655,2313.085
1714976100000,2313.085,2314.635,2313.085,2313.835
1714977000000,2313.765,2314.535,2312.545,2312.665
1714977900000,2312.665,2314.635,2312.225,2313.975
1714978800000,2313.958,2314.385,2312.325,2313.185
1714979700000,2313.185,2316.778,2312.258,2316.435
1714980600000,2316.435,2324.045,2316.165,2323.005
1714981500000,2323.005,2323.845,2321.075,2322.645
1714982400000,2322.645,2322.965,2320.345,2320.438
1714983300000,2320.515,2321.385,2318.778,2320.875
1714984200000,2320.885,2321.015,2317.235,2318.615
1714985100000,2318.615,2318.785,2317.165,2318.145
1714986000000,2318.178,2318.455,2316.985,2317.475
1714986900000,2317.475,2318.685,2315.485,2318.225
1714987800000,2318.225,2319.265,2316.775,2318.515
1714988700000,2318.518,2321.958,2318.355,2321.005
1714989600000,2321.005,2321.905,2319.715,2320.545
1714990500000,2320.565,2320.965,2318.995,2319.785
1714991400000,2319.785,2320.595,2318.725,2319.555
1714992300000,2319.555,2320.645,2318.675,2319.235
1714993200000,2319.225,2322.345,2319.055,2321.045
1714994100000,2321.045,2321.935,2319.755,2320.558
1714995000000,2320.555,2321.105,2316.815,2316.884
1714995900000,2316.805,2318.625,2315.855,2318.165
1714996800000,2318.145,2319.325,2314.485,2315.735
1714997700000,2315.695,2318.065,2314.955,2316.565
1714998600000,2316.535,2324.898,2315.575,2324.455
1714999500000,2324.595,2330.195,2322.995,2323.205
1715000400000,2323.154,2326.338,2321.485,2324.715
1715001300000,2324.705,2326.398,2322.925,2324.385
1715002200000,2324.675,2331.988,2322.275,2330.095
1715003100000,2330.085,2330.085,2323.178,2327.745
1715004000000,2327.785,2330.455,2325.515,2328.138
1715004900000,2328.115,2328.115,2323.495,2324.685
1715005800000,2324.725,2326.945,2318.935,2321.185
1715006700000,2321.265,2323.785,2319.945,2320.964
1715007600000,2320.964,2323.075,2319.395,2322.985
1715008500000,2322.945,2323.445,2320.135,2323.335
1715009400000,2323.365,2325.445,2322.125,2324.005
1715010300000,2324.055,2324.935,2323.145,2324.665
1715011200000,2324.655,2326.765,2323.775,2326.735
1715012100000,2326.735,2327.278,2324.365,2324.585
1715013000000,2324.585,2324.978,2317.565,2321.825
1715013900000,2321.825,2325.835,2320.505,2325.515
1715014800000,2325.515,2326.105,2323.215,2324.095
1715015700000,2324.125,2324.728,2320.845,2322.555
1715016600000,2322.494,2324.905,2321.725,2323.825
1715017500000,2323.815,2326.005,2323.805,2324.585
1715018400000,2324.574,2325.905,2324.505,2325.005
1715019300000,2325.005,2326.155,2324.798,2325.865
1715020200000,2325.858,2326.455,2324.185,2324.635
1715021100000,2324.628,2326.495,2324.434,2326.205
1715022000000,2326.205,2327.088,2324.625,2324.658
1715022900000,2324.665,2326.274,2324.245,2325.554
1715023800000,2325.555,2325.794,2323.438,2323.625
1715024700000,2323.614,2325.468,2323.385,2324.915
1715025600000,2324.874,2325.778,2324.778,2324.828
1715026500000,2324.828,2328.795,2323.388,2324.858
1715027400000,2324.858,2325.754,2324.538,2325.444
1715028300000,2325.444,2325.705,2323.525,2323.535
1715029200000,2323.535,2323.535,2323.535,2323.535
1715030100000,2323.535,2323.535,2323.535,2323.535
1715031000000,2323.535,2323.535,2323.535,2323.535
1715031900000,2323.535,2323.535,2323.535,2323.535
1715032800000,2323.434,2326.428,2323.374,2325.915
1715033700000,2325.985,2326.285,2324.945,2325.295
1715034600000,2325.315,2325.525,2324.655,2325.525
1715035500000,2325.468,2326.855,2325.325,2326.598
1715036400000,2326.578,2326.775,2323.655,2324.115
1715037300000,2324.165,2325.105,2322.095,2324.895
1715038200000,2324.905,2325.755,2324.225,2325.355
1715039100000,2325.385,2326.205,2324.845,2325.935
1715040000000,2325.975,2326.985,2325.378,2326.535
1715040900000,2326.585,2328.215,2326.525,2327.715
1715041800000,2327.705,2328.115,2326.025,2326.545
1715042700000,2326.528,2329.345,2326.498,2329.105
1715043600000,2329.115,2329.788,2326.355,2327.855
1715044500000,2327.865,2328.405,2324.905,2325.495
1715045400000,2325.435,2326.285,2324.525,2324.535
1715046300000,2324.565,2325.215,2322.305,2322.675
1715047200000,2322.655,2323.635,2320.038,2320.235
1715048100000,2320.305,2323.318,2319.568,2323.055
1715049000000,2323.055,2324.195,2322.158,2322.635
1715049900000,2322.615,2322.815,2320.945,2321.405
1715050800000,2321.378,2323.765,2321.075,2322.705
1715051700000,2322.705,2323.905,2322.555,2322.855
1715052600000,2322.835,2324.465,2321.938,2322.025
1715053500000,2322.045,2324.915,2322.005,2324.775
1715054400000,2324.795,2324.925,2323.395,2324.175
1715055300000,2324.115,2324.355,2322.778,2322.798
1715056200000,2322.838,2323.505,2321.255,2321.865
1715057100000,2321.955,2323.105,2321.715,2322.535
1715058000000,2322.535,2323.055,2321.775,2322.635
1715058900000,2322.565,2322.955,2321.118,2322.495
1715059800000,2322.495,2322.495,2320.155,2320.975
1715060700000,2320.975,2323.185,2320.895,2321.345
1715061600000,2321.345,2321.345,2318.668,2320.225
1715062500000,2320.215,2320.635,2318.215,2319.485
1715063400000,2319.505,2321.255,2318.555,2320.715
1715064300000,2320.685,2321.015,2319.145,2320.385
1715065200000,2320.395,2320.895,2318.515,2319.085
1715066100000,2319.075,2320.505,2317.635,2320.425
1715067000000,2320.448,2321.855,2318.895,2321.505
1715067900000,2321.525,2321.575,2317.895,2319.195
1715068800000,2319.185,2319.755,2311.608,2313.915
1715069700000,2313.915,2315.648,2312.675,2315.405
1715070600000,2315.435,2316.255,2314.458,2315.895
1715071500000,2315.865,2316.975,2314.685,2315.575
1715072400000,2315.575,2317.135,2314.855,2315.335
1715073300000,2315.284,2316.675,2314.885,2315.025
1715074200000,2315.005,2316.055,2312.525,2312.985
1715075100000,2312.995,2314.535,2312.935,2313.665
1715076000000,2313.635,2314.295,2312.075,2314.118
1715076900000,2314.228,2314.618,2313.288,2314.385
1715077800000,2314.385,2315.115,2312.865,2313.495
1715078700000,2313.495,2315.755,2312.945,2315.205
1715079600000,2315.245,2315.585,2313.234,2313.858
1715080500000,2313.858,2316.128,2313.688,2316.015
1715081400000,2316.005,2316.395,2313.668,2313.758
1715082300000,2313.698,2313.718,2312.005,2312.245
1715083200000,2312.215,2312.885,2309.818,2311.655
1715084100000,2311.678,2313.945,2310.415,2313.365
1715085000000,2313.345,2317.155,2312.285,2316.775
1715085900000,2316.805,2317.228,2314.048,2315.918
1715086800000,2315.918,2321.465,2315.228,2320.318
1715087700000,2320.278,2323.528,2317.885,2318.075
1715088600000,2318.078,2321.665,2316.578,2320.128
1715089500000,2320.185,2320.595,2317.445,2318.245
1715090400000,2318.295,2320.835,2317.425,2319.548
1715091300000,2319.548,2322.308,2318.955,2319.738
1715092200000,2319.658,2321.158,2317.828,2320.318
1715093100000,2320.335,2320.728,2312.238,2314.065
1715094000000,2314.085,2319.005,2314.085,2316.415
1715094900000,2316.395,2317.225,2314.295,2314.625
1715095800000,2314.625,2315.895,2313.835,2314.715
1715096700000,2314.695,2315.215,2312.705,2314.655
1715097600000,2314.685,2315.085,2312.425,2313.825
1715098500000,2313.805,2315.998,2312.425,2315.518
1715099400000,2315.498,2315.998,2313.538,2315.038
1715100300000,2315.055,2315.258,2312.295,2312.375
1715101200000,2312.375,2313.925,2310.955,2313.595
1715102100000,2313.448,2316.195,2312.285,2315.795
1715103000000,2315.735,2317.105,2314.655,2316.635
1715103900000,2316.625,2317.295,2314.048,2314.138
1715104800000,2313.958,2314.535,2313.085,2313.655
1715105700000,2313.635,2315.208,2313.265,2314.735
1715106600000,2314.714,2314.955,2312.815,2314.235
1715107500000,2314.205,2314.495,2313.465,2314.395
1715108400000,2314.425,2315.425,2313.995,2314.515
1715109300000,2314.455,2314.705,2311.725,2312.575
1715110200000,2312.575,2313.205,2311.745,2312.365
1715111100000,2312.395,2314.675,2312.375,2314.555
1715112000000,2314.555,2315.395,2314.295,2314.355
1715112900000,2314.365,2314.368,2313.325,2313.808
1715113800000,2313.728,2314.018,2312.835,2313.745
1715114700000,2313.768,2314.158,2312.628,2313.795
1715115600000,2313.795,2313.795,2313.795,2313.795
1715116500000,2313.795,2313.795,2313.795,2313.795
1715117400000,2313.795,2313.795,2313.795,2313.795
1715118300000,2313.795,2313.795,2313.795,2313.795
1715119200000,2313.785,2316.148,2313.098,2316.075
1715120100000,2316.048,2316.715,2315.375,2316.095
1715121000000,2316.115,2316.115,2314.415,2314.678
1715121900000,2314.665,2314.725,2314.288,2314.335
1715122800000,2314.325,2315.395,2313.978,2314.815
1715123700000,2314.815,2315.155,2314.315,2315.065
1715124600000,2315.035,2316.185,2315.035,2315.945
1715125500000,2315.935,2315.935,2314.785,2315.105
1715126400000,2315.125,2316.205,2314.778,2315.375
1715127300000,2315.335,2315.945,2314.335,2314.945
1715128200000,2314.965,2315.338,2313.745,2313.765
1715129100000,2313.765,2314.835,2313.765,2314.025
1715130000000,2314.015,2314.265,2312.185,2313.175
1715130900000,2313.155,2313.605,2311.478,2313.135
1715131800000,2313.115,2313.545,2306.875,2310.265
1715132700000,2310.275,2310.385,2307.375,2307.665
1715133600000,2307.585,2309.175,2307.205,2308.795
1715134500000,2308.795,2309.315,2307.345,2308.855
1715135400000,2308.845,2313.705,2308.775,2313.525
1715136300000,2313.565,2317.295,2312.995,2316.958
1715137200000,2316.905,2318.045,2315.445,2315.778
1715138100000,2315.755,2316.894,2315.298,2315.945
1715139000000,2315.945,2317.725,2315.945,2316.595
1715139900000,2316.575,2317.035,2316.125,2316.925
1715140800000,2316.975,2318.395,2316.715,2318.385
1715141700000,2318.348,2319.058,2317.578,2318.228
1715142600000,2318.238,2318.724,2317.345,2317.645
1715143500000,2317.725,2319.245,2317.428,2319.185
1715144400000,2319.185,2319.635,2318.568,2318.875
1715145300000,2318.885,2319.465,2318.478,2319.345
1715146200000,2319.375,2321.345,2318.738,2319.865
1715147100000,2319.865,2319.955,2317.515,2317.585
1715148000000,2317.585,2318.875,2316.805,2317.038
1715148900000,2317.005,2318.225,2315.325,2315.575
1715149800000,2315.615,2316.435,2314.455,2316.095
1715150700000,2316.095,2316.585,2313.535,2314.585
1715151600000,2314.585,2314.825,2312.695,2313.055
1715152500000,2313.055,2313.355,2311.185,2312.005
1715153400000,2312.025,2312.425,2309.715,2310.455
1715154300000,2310.565,2310.698,2305.115,2305.505
1715155200000,2305.505,2306.685,2303.555,2306.495
1715156100000,2306.555,2306.805,2304.128,2304.208
1715157000000,2304.205,2307.125,2304.135,2307.075
1715157900000,2307.075,2309.195,2306.665,2307.235
1715158800000,2307.205,2308.915,2306.925,2308.335
1715159700000,2308.355,2309.745,2307.925,2308.238
1715160600000,2308.185,2311.095,2308.048,2311.045
1715161500000,2311.135,2311.355,2309.625,2310.705
1715162400000,2310.705,2313.425,2310.615,2312.565
1715163300000,2312.555,2316.155,2312.415,2315.495
1715164200000,2315.545,2316.975,2315.218,2316.405
1715165100000,2316.405,2317.005,2315.185,2315.395
1715166000000,2315.415,2317.938,2314.185,2314.905
1715166900000,2314.905,2316.385,2314.425,2315.378
1715167800000,2315.378,2317.558,2313.628,2316.635
1715168700000,2316.605,2316.605,2312.775,2314.595
1715169600000,2314.575,2318.928,2314.305,2316.358
1715170500000,2316.325,2318.385,2315.435,2317.824
1715171400000,2317.815,2317.978,2314.255,2316.015
1715172300000,2315.995,2317.625,2313.245,2314.425
1715173200000,2314.415,2316.145,2312.695,2312.695
1715174100000,2312.675,2313.805,2306.685,2308.245
1715175000000,2308.104,2312.475,2307.055,2311.565
1715175900000,2311.575,2312.175,2308.535,2309.845
1715176800000,2309.845,2312.885,2308.878,2312.765
1715177700000,2312.795,2317.155,2312.235,2315.455
1715178600000,2315.415,2317.245,2315.145,2315.505
1715179500000,2315.495,2317.635,2314.715,2315.418
1715180400000,2315.395,2316.595,2312.525,2313.625
1715181300000,2313.695,2318.605,2313.045,2317.285
1715182200000,2317.285,2319.905,2316.525,2317.195
1715183100000,2317.195,2320.265,2316.525,2320.265
1715184000000,2320.265,2320.945,2318.405,2319.645
1715184900000,2319.625,2319.825,2317.245,2318.625
1715185800000,2318.625,2318.708,2315.725,2316.635
1715186700000,2316.635,2317.525,2316.025,2316.905
1715187600000,2316.915,2317.395,2314.975,2315.278
1715188500000,2315.278,2315.525,2313.555,2314.485
1715189400000,2314.455,2315.465,2314.225,2314.965
1715190300000,2314.945,2315.205,2313.698,2313.738
1715191200000,2313.715,2313.738,2312.705,2312.965
1715192100000,2313.015,2313.305,2311.338,2311.965
1715193000000,2311.965,2313.245,2311.735,2312.175
1715193900000,2312.135,2313.075,2311.725,2312.565
1715194800000,2312.555,2312.685,2310.425,2310.605
1715195700000,2310.565,2311.385,2309.655,2309.745
1715196600000,2309.785,2310.645,2308.305,2308.828
1715197500000,2308.845,2309.185,2307.855,2308.005
1715198400000,2308.125,2309.495,2307.935,2308.055
1715199300000,2308.035,2309.065,2307.755,2308.455
1715200200000,2308.425,2308.895,2308.115,2308.665
1715201100000,2308.625,2308.915,2307.945,2308.165
1715202000000,2308.165,2308.165,2308.165,2308.165
1715202900000,2308.165,2308.165,2308.165,2308.165
1715203800000,2308.165,2308.165,2308.165,2308.165
1715204700000,2308.165,2308.165,2308.165,2308.165
1715205600000,2308.025,2310.615,2307.965,2309.625
1715206500000,2309.615,2310.815,2309.615,2310.105
1715207400000,2310.105,2310.445,2309.135,2309.225
1715208300000,2309.175,2309.565,2308.745,2309.455
1715209200000,2309.468,2309.835,2308.144,2308.485
1715210100000,2308.585,2309.175,2308.305,2309.085
1715211000000,2309.068,2309.415,2308.845,2309.075
1715211900000,2309.025,2309.025,2307.945,2308.695
1715212800000,2308.795,2309.085,2307.815,2307.895
1715213700000,2307.925,2308.265,2307.738,2308.005
1715214600000,2307.985,2309.405,2307.875,2309.405
1715215500000,2309.405,2310.428,2308.905,2309.178
1715216400000,2309.398,2310.645,2308.725,2309.785
1715217300000,2309.785,2311.025,2309.355,2310.115
1715218200000,2310.135,2312.195,2309.885,2311.765
1715219100000,2311.785,2312.125,2309.215,2309.855
1715220000000,2309.835,2310.345,2307.745,2309.055
1715220900000,2309.065,2310.195,2308.595,2309.915
1715221800000,2309.885,2309.945,2308.585,2309.775
1715222700000,2309.805,2311.515,2309.475,2310.185
1715223600000,2310.185,2312.258,2309.288,2311.658
1715224500000,2311.655,2312.898,2311.268,2311.644
1715225400000,2311.678,2312.948,2311.494,2312.075
1715226300000,2312.085,2312.825,2311.705,2312.235
1715227200000,2312.065,2314.025,2311.835,2313.325
1715228100000,2313.475,2314.225,2313.185,2313.435
1715229000000,2313.435,2314.595,2312.725,2314.015
1715229900000,2313.995,2315.175,2313.575,2314.398
1715230800000,2314.398,2316.415,2314.325,2316.358
1715231700000,2316.345,2318.938,2316.285,2318.135
1715232600000,2318.035,2319.638,2316.675,2317.198
1715233500000,2317.125,2317.808,2315.695,2316.515
1715234400000,2316.525,2316.995,2314.435,2316.755
1715235300000,2316.755,2316.905,2314.775,2316.555
1715236200000,2316.555,2316.935,2313.665,2314.025
1715237100000,2314.025,2315.095,2313.925,2314.225
1715238000000,2314.195,2314.885,2312.325,2313.465
1715238900000,2313.485,2313.695,2310.085,2311.085
1715239800000,2311.048,2311.615,2308.525,2308.785
1715240700000,2308.725,2310.065,2307.555,2309.215
1715241600000,2309.205,2312.905,2308.925,2311.745
1715242500000,2311.825,2313.235,2311.075,2311.545
1715243400000,2311.505,2312.885,2310.385,2312.505
1715244300000,2312.508,2312.535,2309.685,2310.385
1715245200000,2310.345,2311.935,2309.725,2310.515
1715246100000,2310.485,2310.745,2308.925,2309.605
1715247000000,2309.575,2309.595,2307.815,2308.855
1715247900000,2308.855,2308.855,2306.615,2307.505
1715248800000,2307.485,2309.435,2307.205,2307.825
1715249700000,2307.835,2310.205,2307.655,2309.785
1715250600000,2309.785,2312.738,2309.405,2312.154
1715251500000,2312.138,2312.475,2310.585,2311.695
1715252400000,2311.635,2313.175,2310.845,2312.348
1715253300000,2312.365,2314.085,2311.558,2313.118
1715254200000,2313.105,2314.085,2311.895,2313.365
1715255100000,2313.375,2316.524,2313.178,2315.818
1715256000000,2315.778,2317.528,2314.655,2315.255
1715256900000,2315.238,2319.375,2314.495,2317.885
1715257800000,2318.024,2328.635,2317.685,2327.388
1715258700000,2327.398,2329.178,2325.365,2326.595
1715259600000,2326.585,2326.595,2311.968,2314.628
1715260500000,2314.628,2318.455,2312.304,2317.365
1715261400000,2317.415,2321.545,2317.265,2319.215
1715262300000,2319.395,2324.958,2318.335,2324.205
1715263200000,2324.205,2335.045,2323.175,2333.128
1715264100000,2333.104,2338.665,2331.895,2334.815
1715265000000,2334.875,2335.238,2328.375,2329.258
1715265900000,2329.258,2333.275,2328.305,2333.185
1715266800000,2333.205,2337.545,2331.725,2336.095
1715267700000,2336.075,2336.845,2332.178,2333.735
1715268600000,2333.605,2333.645,2331.195,2332.325
1715269500000,2332.325,2334.135,2328.095,2330.275
1715270400000,2330.315,2331.965,2329.415,2330.345
1715271300000,2330.235,2333.485,2330.065,2333.475
1715272200000,2333.475,2333.845,2330.985,2331.225
1715273100000,2331.295,2331.485,2329.485,2329.665
1715274000000,2329.655,2332.995,2329.075,2332.095
1715274900000,2332.078,2334.265,2330.405,2333.305
1715275800000,2333.325,2333.905,2332.045,2333.235
1715276700000,2333.235,2334.945,2332.565,2334.665
1715277600000,2334.635,2335.675,2334.085,2334.225
1715278500000,2334.215,2335.185,2333.755,2334.368
1715279400000,2334.385,2336.505,2334.035,2336.275
1715280300000,2336.265,2337.628,2336.215,2337.485
1715281200000,2337.485,2337.768,2335.965,2336.185
1715282100000,2336.165,2337.785,2335.475,2337.375
1715283000000,2337.375,2342.425,2337.128,2340.788
1715283900000,2340.755,2343.975,2339.985,2343.675
1715284800000,2343.654,2346.565,2343.375,2346.565
1715285700000,2346.505,2347.095,2344.115,2344.205
1715286600000,2344.205,2345.545,2343.048,2344.224
1715287500000,2344.225,2346.635,2343.815,2345.985
1715288400000,2345.985,2345.985,2345.985,2345.985
1715289300000,2345.985,2345.985,2345.985,2345.985
1715290200000,2345.985,2345.985,2345.985,2345.985
1715291100000,2345.985,2345.985,2345.985,2345.985
1715292000000,2345.385,2347.665,2342.965,2346.365
1715292900000,2346.365,2346.618,2345.075,2345.395
1715293800000,2345.375,2345.915,2345.195,2345.835
1715294700000,2345.815,2346.788,2345.815,2346.205
1715295600000,2346.315,2347.475,2346.205,2347.465
1715296500000,2347.515,2348.245,2347.365,2347.465
1715297400000,2347.545,2347.575,2346.108,2346.454
1715298300000,2346.528,2347.518,2345.764,2346.404
1715299200000,2346.495,2347.075,2345.865,2346.675
1715300100000,2346.705,2348.418,2346.475,2348.358
1715301000000,2348.368,2348.898,2347.358,2348.055
1715301900000,2348.055,2348.165,2346.795,2347.458
1715302800000,2347.478,2352.575,2347.345,2350.475
1715303700000,2350.488,2355.674,2350.325,2353.795
1715304600000,2353.775,2354.565,2349.935,2350.285
1715305500000,2350.335,2352.075,2348.035,2350.205
1715306400000,2350.175,2351.665,2349.555,2351.185
1715307300000,2351.115,2351.115,2347.995,2348.995
1715308200000,2349.055,2349.345,2347.115,2348.905
1715309100000,2348.845,2350.495,2348.645,2349.375
1715310000000,2349.348,2350.148,2348.974,2350.118
1715310900000,2350.115,2351.985,2349.428,2350.668
1715311800000,2350.675,2352.575,2350.568,2351.358
1715312700000,2351.375,2353.955,2351.325,2353.255
1715313600000,2353.285,2353.365,2352.288,2352.415
1715314500000,2352.395,2352.395,2351.115,2351.895
1715315400000,2351.905,2354.005,2351.675,2353.718
1715316300000,2353.738,2354.425,2353.118,2353.885
1715317200000,2353.885,2356.435,2353.675,2354.525
1715318100000,2354.515,2356.275,2354.425,2355.608
1715319000000,2355.618,2358.565,2353.758,2357.005
1715319900000,2356.965,2358.655,2355.565,2357.065
1715320800000,2357.065,2360.785,2355.955,2359.658
1715321700000,2359.758,2362.415,2359.628,2362.405
1715322600000,2362.405,2366.225,2360.995,2365.925
1715323500000,2365.945,2369.065,2363.815,2368.475
1715324400000,2368.405,2370.225,2368.375,2369.218
1715325300000,2369.215,2369.438,2366.128,2367.805
1715326200000,2367.845,2367.864,2364.725,2366.795
1715327100000,2366.785,2367.655,2365.215,2366.535
1715328000000,2366.535,2368.235,2365.725,2367.495
1715328900000,2367.385,2369.158,2367.325,2367.805
1715329800000,2367.855,2368.758,2367.245,2368.355
1715330700000,2368.345,2372.055,2367.855,2369.435
1715331600000,2369.438,2375.285,2369.438,2373.825
1715332500000,2373.745,2374.388,2370.645,2371.165
1715333400000,2371.125,2372.485,2370.915,2371.545
1715334300000,2371.575,2372.935,2369.785,2372.475
1715335200000,2372.475,2373.888,2371.525,2373.808
1715336100000,2373.685,2375.918,2372.898,2375.325
1715337000000,2375.325,2378.365,2375.325,2377.145
1715337900000,2377.155,2377.445,2373.515,2374.658
1715338800000,2374.635,2375.565,2371.988,2372.935
1715339700000,2372.955,2374.435,2372.035,2372.378
1715340600000,2372.388,2374.915,2371.495,2371.698
1715341500000,2371.685,2373.145,2371.075,2372.075
1715342400000,2371.995,2375.648,2371.995,2372.628
1715343300000,2372.618,2374.355,2365.528,2367.925
1715344200000,2367.955,2369.745,2364.524,2369.025
1715345100000,2369.068,2369.505,2361.638,2364.725
1715346000000,2364.585,2367.415,2360.065,2366.915
1715346900000,2366.915,2371.975,2365.815,2368.595
1715347800000,2368.595,2368.895,2363.485,2365.318
1715348700000,2365.318,2368.095,2363.805,2367.275
1715349600000,2367.228,2372.874,2365.665,2367.625
1715350500000,2367.625,2368.375,2360.335,2360.525
1715351400000,2360.665,2366.125,2360.045,2365.148
1715352300000,2365.148,2365.148,2357.665,2360.595
1715353200000,2360.615,2361.995,2356.495,2361.785
1715354100000,2361.785,2364.808,2361.415,2363.925
1715355000000,2364.008,2366.308,2362.438,2365.865
1715355900000,2365.645,2366.058,2362.518,2364.755
1715356800000,2364.755,2365.515,2361.585,2364.925
1715357700000,2364.918,2365.725,2363.695,2364.028
1715358600000,2363.975,2365.158,2362.768,2364.615
1715359500000,2364.615,2369.928,2364.558,2368.248
1715360400000,2368.228,2369.225,2366.725,2368.655
1715361300000,2368.725,2369.375,2367.448,2368.018
1715362200000,2368.008,2369.728,2367.448,2369.205
1715363100000,2369.205,2369.895,2368.205,2369.535
1715364000000,2369.585,2370.815,2368.855,2369.618
1715364900000,2369.598,2369.695,2367.975,2369.028
1715365800000,2368.995,2369.428,2368.028,2368.338
1715366700000,2368.305,2368.568,2366.545,2367.238
1715367600000,2367.238,2367.355,2365.225,2365.465
1715368500000,2365.485,2366.708,2362.648,2363.805
1715369400000,2363.805,2364.018,2362.125,2362.818
1715370300000,2362.808,2363.905,2362.405,2363.295
1715371200000,2363.315,2364.308,2363.038,2363.318
1715372100000,2363.318,2363.768,2362.935,2363.628
1715373000000,2363.625,2364.945,2361.375,2361.485
1715373900000,2361.468,2361.795,2359.605,2360.175
1715472000000,2360.695,2360.695,2360.695,2360.695
1715472900000,2360.695,2360.695,2360.695,2360.695
1715473800000,2360.695,2360.695,2360.695,2360.695
1715474700000,2360.695,2360.695,2360.695,2360.695
1715475600000,2360.695,2360.695,2360.695,2360.695
1715476500000,2360.695,2360.695,2360.695,2360.695
1715477400000,2360.695,2360.695,2360.695,2360.695
1715478300000,2360.695,2360.695,2360.695,2360.695
1715479200000,2360.695,2360.695,2360.695,2360.695
1715480100000,2360.695,2360.695,2360.695,2360.695
1715481000000,2360.695,2360.695,2360.695,2360.695
1715481900000,2360.695,2360.695,2360.695,2360.695
1715482800000,2360.695,2360.695,2360.695,2360.695
1715483700000,2360.695,2360.695,2360.695,2360.695
1715484600000,2360.695,2360.695,2360.695,2360.695
1715485500000,2360.695,2360.695,2360.695,2360.695
1715486400000,2360.695,2360.695,2360.695,2360.695
1715487300000,2360.695,2360.695,2360.695,2360.695
1715488200000,2360.695,2360.695,2360.695,2360.695
1715489100000,2360.695,2360.695,2360.695,2360.695
1715490000000,2360.695,2360.695,2360.695,2360.695
1715490900000,2360.695,2360.695,2360.695,2360.695
1715491800000,2360.695,2360.695,2360.695,2360.695
1715492700000,2360.695,2360.695,2360.695,2360.695
1715493600000,2360.695,2360.695,2360.695,2360.695
1715494500000,2360.695,2360.695,2360.695,2360.695
1715495400000,2360.695,2360.695,2360.695,2360.695
1715496300000,2360.695,2360.695,2360.695,2360.695
1715497200000,2360.695,2360.695,2360.695,2360.695
1715498100000,2360.695,2360.695,2360.695,2360.695
1715499000000,2360.695,2360.695,2360.695,2360.695
1715499900000,2360.695,2360.695,2360.695,2360.695
1715500800000,2360.695,2360.695,2360.695,2360.695
1715501700000,2360.695,2360.695,2360.695,2360.695
1715502600000,2360.695,2360.695,2360.695,2360.695
1715503500000,2360.695,2360.695,2360.695,2360.695
1715504400000,2360.695,2360.695,2360.695,2360.695
1715505300000,2360.695,2360.695,2360.695,2360.695
1715506200000,2360.695,2360.695,2360.695,2360.695
1715507100000,2360.695,2360.695,2360.695,2360.695
1715508000000,2360.695,2360.695,2360.695,2360.695
1715508900000,2360.695,2360.695,2360.695,2360.695
1715509800000,2360.695,2360.695,2360.695,2360.695
1715510700000,2360.695,2360.695,2360.695,2360.695
1715511600000,2360.695,2360.695,2360.695,2360.695
1715512500000,2360.695,2360.695,2360.695,2360.695
1715513400000,2360.695,2360.695,2360.695,2360.695
1715514300000,2360.695,2360.695,2360.695,2360.695
1715515200000,2360.695,2360.695,2360.695,2360.695
1715516100000,2360.695,2360.695,2360.695,2360.695
1715517000000,2360.695,2360.695,2360.695,2360.695
1715517900000,2360.695,2360.695,2360.695,2360.695
1715518800000,2360.695,2360.695,2360.695,2360.695
1715519700000,2360.695,2360.695,2360.695,2360.695
1715520600000,2360.695,2360.695,2360.695,2360.695
1715521500000,2360.695,2360.695,2360.695,2360.695
1715522400000,2360.695,2360.695,2360.695,2360.695
1715523300000,2360.695,2360.695,2360.695,2360.695
1715524200000,2360.695,2360.695,2360.695,2360.695
1715525100000,2360.695,2360.695,2360.695,2360.695
1715526000000,2360.695,2360.695,2360.695,2360.695
1715526900000,2360.695,2360.695,2360.695,2360.695
1715527800000,2360.695,2360.695,2360.695,2360.695
1715528700000,2360.695,2360.695,2360.695,2360.695
1715529600000,2360.695,2360.695,2360.695,2360.695
1715530500000,2360.695,2360.695,2360.695,2360.695
1715531400000,2360.695,2360.695,2360.695,2360.695
1715532300000,2360.695,2360.695,2360.695,2360.695
1715533200000,2360.695,2360.695,2360.695,2360.695
1715534100000,2360.695,2360.695,2360.695,2360.695
1715535000000,2360.695,2360.695,2360.695,2360.695
1715535900000,2360.695,2360.695,2360.695,2360.695
1715536800000,2360.695,2360.695,2360.695,2360.695
1715537700000,2360.695,2360.695,2360.695,2360.695
1715538600000,2360.695,2360.695,2360.695,2360.695
1715539500000,2360.695,2360.695,2360.695,2360.695
1715540400000,2360.695,2360.695,2360.695,2360.695
1715541300000,2360.695,2360.695,2360.695,2360.695
1715542200000,2360.695,2360.695,2360.695,2360.695
1715543100000,2360.695,2360.695,2360.695,2360.695
1715544000000,2360.695,2360.695,2360.695,2360.695
1715544900000,2360.695,2360.695,2360.695,2360.695
1715545800000,2360.695,2360.695,2360.695,2360.695
1715546700000,2360.695,2360.695,2360.695,2360.695
1715547600000,2360.695,2360.695,2360.695,2360.695
1715548500000,2360.695,2360.695,2360.695,2360.695
1715549400000,2360.695,2360.695,2360.695,2360.695
1715550300000,2360.695,2360.695,2360.695,2360.695
1715551200000,2362.895,2363.995,2360.448,2360.765
1715552100000,2360.765,2361.798,2359.878,2360.865
1715553000000,2360.875,2362.015,2360.745,2361.108
1715553900000,2361.108,2361.405,2360.125,2361.325
1715554800000,2361.365,2362.455,2361.115,2362.395
1715555700000,2362.325,2362.325,2360.895,2361.085
1715556600000,2361.055,2361.235,2360.505,2360.765
1715557500000,2360.765,2360.795,2359.625,2360.278
1715558400000,2360.325,2361.798,2359.768,2361.688
1715559300000,2361.688,2362.848,2361.588,2361.998
1715560200000,2362.028,2363.965,2361.968,2363.535
1715561100000,2363.565,2364.355,2363.015,2363.935
1715562000000,2363.908,2364.005,2358.695,2359.375
1715562900000,2359.335,2359.655,2355.178,2356.445
1715563800000,2356.445,2357.795,2354.715,2355.735
1715564700000,2355.728,2359.508,2355.398,2359.058
1715565600000,2359.068,2359.648,2357.508,2359.458
1715566500000,2359.415,2359.478,2358.135,2358.465
1715567400000,2358.465,2359.708,2357.495,2358.028
1715568300000,2358.028,2359.415,2357.645,2358.875
1715569200000,2358.878,2359.258,2357.494,2357.825
1715570100000,2357.805,2357.888,2356.165,2356.698
1715571000000,2356.728,2357.858,2356.475,2357.165
1715571900000,2357.168,2357.538,2356.745,2356.958
1715572800000,2356.925,2356.925,2354.915,2355.058
1715573700000,2355.038,2355.885,2354.905,2355.485
1715574600000,2355.485,2356.465,2354.085,2355.015
1715575500000,2355.015,2355.375,2354.195,2354.195
1715576400000,2354.175,2354.925,2353.355,2354.065
1715577300000,2354.065,2354.075,2351.915,2353.038
1715578200000,2353.065,2353.175,2351.078,2352.798
1715579100000,2352.695,2353.288,2351.315,2352.508
1715580000000,2352.508,2354.325,2349.715,2349.785
1715580900000,2349.785,2352.145,2348.875,2351.925
1715581800000,2351.975,2352.315,2350.045,2350.515
1715582700000,2350.565,2350.885,2347.265,2349.535
1715583600000,2349.535,2350.515,2347.525,2349.495
1715584500000,2349.495,2351.205,2349.485,2349.835
1715585400000,2349.878,2350.118,2346.445,2346.785
1715586300000,2346.755,2349.625,2346.395,2348.518
1715587200000,2348.518,2350.258,2348.065,2348.445
1715588100000,2348.468,2348.558,2343.218,2343.348
1715589000000,2343.315,2344.535,2341.855,2343.285
1715589900000,2343.295,2343.905,2341.505,2343.135
1715590800000,2343.165,2344.198,2342.855,2343.155
1715591700000,2343.145,2343.445,2340.635,2341.355
1715592600000,2341.345,2341.395,2339.475,2340.795
1715593500000,2340.795,2341.525,2339.015,2340.085
1715594400000,2340.085,2341.815,2339.185,2341.658
1715595300000,2341.645,2342.535,2339.888,2340.315
1715596200000,2340.305,2344.005,2340.095,2342.985
1715597100000,2342.914,2343.938,2342.105,2343.208
1715598000000,2343.185,2344.025,2338.325,2340.115
1715598900000,2340.115,2341.525,2338.615,2341.415
1715599800000,2341.445,2345.405,2340.855,2342.295
1715600700000,2342.305,2346.515,2342.165,2344.475
1715601600000,2344.364,2347.038,2343.868,2346.985
1715602500000,2346.955,2349.678,2345.208,2345.555
1715603400000,2345.618,2347.265,2343.528,2345.385
1715604300000,2345.395,2348.095,2345.115,2346.975
1715605200000,2346.995,2349.295,2345.125,2347.995
1715606100000,2347.985,2349.205,2345.475,2345.605
1715607000000,2345.675,2348.075,2342.308,2342.595
1715607900000,2342.625,2344.985,2340.235,2343.965
1715608800000,2343.908,2345.855,2340.955,2342.935
1715609700000,2342.915,2345.218,2340.605,2345.068
1715610600000,2345.075,2345.878,2341,2342.735
1715611500000,2342.694,2345.028,2342.145,2343.648
1715612400000,2343.598,2343.598,2333.788,2337.225
1715613300000,2337.215,2338.325,2333.588,2333.908
1715614200000,2333.835,2334.948,2331.985,2333.455
1715615100000,2333.475,2335.835,2333.295,2335.778
1715616000000,2335.765,2337.555,2335.735,2337.005
1715616900000,2337.005,2337.665,2335.205,2335.588
1715617800000,2335.638,2337.065,2334.558,2336.755
1715618700000,2336.755,2337.655,2335.308,2336.615
1715619600000,2336.615,2336.715,2335.375,2335.745
1715620500000,2335.745,2337.175,2334.385,2336.778
1715621400000,2336.735,2338.075,2335.995,2336.628
1715622300000,2336.618,2337.058,2335.398,2335.818
1715623200000,2335.835,2337.195,2335.805,2336.865
1715624100000,2336.865,2337.538,2335.928,2336.108
1715625000000,2336.055,2337.898,2335.668,2336.718
1715625900000,2336.685,2337.388,2336.055,2337.258
1715626800000,2337.278,2337.558,2335.718,2336.865
1715627700000,2336.865,2337.748,2336.505,2337.345
1715628600000,2337.325,2338.088,2336.438,2338.078
1715629500000,2338.088,2338.408,2336.958,2337.248
1715630400000,2337.248,2337.358,2336.325,2336.918
1715631300000,2336.918,2336.918,2335.845,2336.148
1715632200000,2336.085,2336.225,2335.135,2336.068
1715633100000,2336.058,2336.625,2335.668,2336.545
1715634000000,2336.545,2336.545,2336.545,2336.545
1715634900000,2336.545,2336.545,2336.545,2336.545
1715635800000,2336.545,2336.545,2336.545,2336.545
1715636700000,2336.545,2336.545,2336.545,2336.545
1715637600000,2334.935,2338.315,2334.935,2336.975
1715638500000,2336.995,2338.225,2336.995,2337.835
1715639400000,2337.775,2338.115,2337.565,2338.115
1715640300000,2338.065,2338.278,2337.345,2337.455
1715641200000,2337.455,2338.185,2337.445,2337.995
1715642100000,2338.035,2338.185,2337.645,2337.675
1715643000000,2337.695,2337.975,2337.335,2337.975
1715643900000,2337.845,2339.195,2337.505,2338.275
1715644800000,2338.275,2338.925,2337.615,2338.815
1715645700000,2338.755,2339.605,2338.205,2338.235
1715646600000,2338.215,2338.385,2334.885,2335.008
1715647500000,2334.978,2336.768,2334.695,2336.268
1715648400000,2336.245,2340.375,2336.225,2340.008
1715649300000,2339.995,2340.965,2337.955,2338.615
1715650200000,2338.665,2340.145,2337.635,2338.775
1715651100000,2338.795,2341.965,2338.445,2341.865
1715652000000,2341.865,2343.875,2341.255,2343.415
1715652900000,2343.415,2343.855,2342.285,2342.425
1715653800000,2342.428,2344.385,2342.015,2342.678
1715654700000,2342.678,2342.995,2339.995,2340.315
1715655600000,2340.305,2341.425,2339.805,2340.955
1715656500000,2340.955,2342.505,2340.795,2342.505
1715657400000,2342.555,2343.515,2342.215,2343.335
1715658300000,2343.335,2343.525,2342.555,2343.008
1715659200000,2342.975,2344.635,2342.828,2344.145
1715660100000,2344.175,2344.295,2342.965,2343.185
1715661000000,2343.165,2344.645,2342.475,2344.645
1715661900000,2344.675,2344.775,2343.925,2343.928
1715662800000,2343.925,2344.635,2342.838,2343.098
1715663700000,2343.118,2344.078,2342.475,2343.398
1715664600000,2343.408,2345.798,2343.095,2345.365
1715665500000,2345.345,2345.475,2343.258,2344.665
1715666400000,2344.655,2345.175,2342.335,2342.455
1715667300000,2342.475,2342.995,2340.375,2340.375
1715668200000,2340.398,2340.845,2336.768,2338.245
1715669100000,2338.245,2338.975,2337.165,2338.105
1715670000000,2338.068,2339.668,2337.855,2339.555
1715670900000,2339.615,2339.615,2335.985,2336.295
1715671800000,2336.305,2339.495,2336.305,2338.395
1715672700000,2338.428,2339.445,2337.945,2339.085
1715673600000,2339.135,2339.595,2337.805,2339.145
1715674500000,2339.185,2340.045,2337.945,2338.475
1715675400000,2338.445,2341.068,2337.695,2340.948
1715676300000,2340.945,2343.808,2340.075,2343.695
1715677200000,2343.695,2347.405,2343.595,2347.065
1715678100000,2347.065,2348.108,2345.428,2346.555
1715679000000,2346.565,2347.624,2344.505,2345.278
1715679900000,2345.278,2346.738,2345.108,2345.698
1715680800000,2345.698,2346.728,2344.875,2346.695
1715681700000,2346.825,2347.425,2344.665,2344.685
1715682600000,2344.918,2344.918,2342.485,2344.285
1715683500000,2344.328,2346.238,2343.915,2345.568
1715684400000,2345.565,2346.195,2344.438,2344.695
1715685300000,2344.695,2345.555,2342.308,2343.118
1715686200000,2343.118,2344.118,2342.368,2343.048
1715687100000,2343.048,2344.385,2342.985,2343.415
1715688000000,2343.415,2346.878,2343.308,2346.465
1715688900000,2346.434,2348.228,2343.295,2343.445
1715689800000,2343.364,2347.015,2336.395,2346.395
1715690700000,2346.398,2350.095,2343.838,2348.048
1715691600000,2348.158,2352.395,2345.838,2349.515
1715692500000,2349.515,2350.595,2347.145,2348.345
1715693400000,2348.375,2349.655,2344.824,2347.625
1715694300000,2347.625,2355.028,2347.625,2353.745
1715695200000,2353.728,2356.935,2348.665,2350.465
1715696100000,2350.498,2352.025,2347.995,2351.665
1715697000000,2351.715,2355.418,2350.275,2353.725
1715697900000,2353.725,2354.055,2351.935,2353.018
1715698800000,2353.018,2353.245,2350.345,2350.725
1715699700000,2350.745,2351.915,2349.455,2350.438
1715700600000,2350.438,2353.725,2350.165,2351.255
1715701500000,2351.255,2352.015,2347.105,2347.848
1715702400000,2347.838,2349.128,2346.205,2348.975
1715703300000,2348.985,2350.185,2347.515,2348.818
1715704200000,2348.875,2353.198,2347.735,2352.008
1715705100000,2351.995,2355.388,2351.975,2354.095
1715706000000,2354.065,2355.248,2352.885,2353.265
1715706900000,2353.248,2354.815,2351.885,2354.068
1715707800000,2354.035,2354.988,2353.645,2354.908
1715708700000,2354.968,2356.428,2354.748,2355.798
1715709600000,2355.735,2358.518,2355.598,2358.468
1715710500000,2358.415,2359.468,2357.465,2358.328
1715711400000,2358.398,2359.558,2357.658,2358.818
1715712300000,2358.745,2358.848,2357.215,2357.548
1715713200000,2357.528,2357.905,2356.285,2356.788
1715714100000,2356.808,2356.938,2354.945,2356.015
1715715000000,2356.015,2357.298,2355.105,2355.158
1715715900000,2355.338,2356.888,2355.335,2356.505
1715716800000,2356.585,2357.085,2356.015,2356.908
1715717700000,2356.995,2356.995,2356.275,2356.488
1715718600000,2356.478,2357.748,2356.105,2357.638
1715719500000,2357.575,2358.378,2357.185,2357.715
1715720400000,2357.715,2357.715,2357.715,2357.715
1715721300000,2357.715,2357.715,2357.715,2357.715
1715722200000,2357.715,2357.715,2357.715,2357.715
1715723100000,2357.715,2357.715,2357.715,2357.715
1715724000000,2357.038,2357.875,2356.535,2356.695
1715724900000,2356.715,2357.405,2356.325,2356.675
1715725800000,2356.645,2356.855,2356.138,2356.405
1715726700000,2356.385,2357.475,2356.385,2357.415
1715727600000,2357.404,2357.404,2356.775,2356.835
1715728500000,2356.825,2357.365,2356.775,2357.128
1715729400000,2357.105,2357.228,2355.775,2356.315
1715730300000,2356.315,2356.375,2354.975,2355.695
1715731200000,2355.695,2356.485,2355.395,2355.625
1715732100000,2355.635,2356.425,2355.545,2355.648
1715733000000,2355.648,2356.835,2354.774,2355.408
1715733900000,2355.385,2356.235,2355.345,2355.708
1715734800000,2355.684,2356.605,2354.818,2355.508
1715735700000,2355.515,2356.968,2355.118,2356.574
1715736600000,2356.584,2358.875,2356.154,2357.308
1715737500000,2357.308,2358.485,2356.528,2357.368
1715738400000,2357.378,2358.045,2356.548,2356.588
1715739300000,2356.608,2357.308,2356.395,2356.985
1715740200000,2357.015,2358.635,2356.905,2357.258
1715741100000,2357.215,2359.005,2356.905,2358.488
1715742000000,2358.475,2359.415,2357.738,2358.895
1715742900000,2358.805,2359.155,2357.568,2358.265
1715743800000,2358.218,2360.555,2358.135,2360.515
1715744700000,2360.515,2360.895,2360.015,2360.238
1715745600000,2360.238,2360.685,2359.428,2360.075
1715746500000,2360.095,2360.715,2359.305,2359.365
1715747400000,2359.345,2359.735,2358.045,2358.095
1715748300000,2358.155,2358.305,2356.055,2356.905
1715749200000,2356.905,2356.985,2355.575,2356.465
1715750100000,2356.455,2356.978,2355.575,2356.718
1715751000000,2356.665,2358.158,2356.268,2357.058
1715751900000,2357.058,2358.928,2356.888,2358.365
1715752800000,2358.358,2359.605,2357.675,2358.065
1715753700000,2357.975,2359.085,2357.395,2358.248
1715754600000,2358.238,2359.385,2356.685,2358.058
1715755500000,2358.018,2358.785,2357.368,2358.625
1715756400000,2358.625,2362.488,2358.325,2361.895
1715757300000,2361.875,2363.265,2361.655,2363.095
1715758200000,2363.145,2364.838,2361.285,2362.755
1715759100000,2362.735,2363.735,2361.998,2362.315
1715760000000,2362.315,2364.385,2362.255,2364.015
1715760900000,2364.015,2368.798,2363.405,2368.695
1715761800000,2368.688,2372.345,2368.405,2372.235
1715762700000,2372.235,2374.175,2371.325,2373.085
1715763600000,2373.085,2374.138,2372.605,2373.095
1715764500000,2373.035,2373.678,2371.285,2372.005
1715765400000,2371.965,2372.365,2368.368,2368.665
1715766300000,2368.585,2369.658,2368.085,2369.155
1715767200000,2369.185,2369.528,2368.518,2369.455
1715768100000,2369.455,2370.235,2368.835,2369.735
1715769000000,2369.755,2370.755,2367.185,2367.455
1715769900000,2367.485,2368.135,2365.135,2365.745
1715770800000,2365.745,2366.165,2363.798,2364.695
1715771700000,2364.668,2366.675,2363.975,2364.098
1715772600000,2364.095,2364.465,2362.455,2364.035
1715773500000,2364.045,2364.055,2361.915,2362.668
1715774400000,2362.625,2364.635,2360.615,2362.485
1715775300000,2362.485,2363.375,2358.583,2360.285
1715776200000,2360.815,2378.795,2360.048,2375.495
1715777100000,2375.555,2375.695,2371.745,2372.485
1715778000000,2372.455,2375.365,2369.975,2372.315
1715778900000,2372.315,2372.415,2364.325,2366.825
1715779800000,2366.815,2370.265,2361.165,2361.688
1715780700000,2361.688,2364.435,2351.735,2358.055
1715781600000,2358.035,2363.935,2353.748,2361.825
1715782500000,2361.834,2367.515,2359.955,2366.525
1715783400000,2366.535,2370.975,2366.215,2370.295
1715784300000,2370.368,2373.675,2366.744,2373.655
1715785200000,2373.675,2381.905,2372.978,2380.655
1715786100000,2380.648,2385.665,2380.165,2384.025
1715787000000,2384.065,2385.255,2378.955,2381.605
1715787900000,2381.585,2382.318,2377.365,2377.488
1715788800000,2377.518,2382.258,2376.975,2381.455
1715789700000,2381.455,2385.845,2380.835,2384.948
1715790600000,2384.855,2385.495,2381.945,2384.045
1715791500000,2383.988,2386.598,2382.585,2383.538
1715792400000,2383.535,2388.595,2383.455,2387.405
1715793300000,2387.365,2389.308,2386.188,2389.028
1715794200000,2389.008,2390.188,2387.518,2387.965
1715795100000,2387.965,2389.855,2386.928,2389.138
1715796000000,2389.065,2389.288,2385.708,2386.078
1715796900000,2386.038,2387.448,2385.805,2387.424
1715797800000,2387.305,2387.968,2383.858,2385.198
1715798700000,2385.205,2386.528,2383.505,2385.378
1715799600000,2385.338,2387.338,2384.585,2386.765
1715800500000,2386.725,2387.428,2385.708,2386.145
1715801400000,2386.148,2386.738,2383.718,2386.345
1715802300000,2386.345,2387.238,2385.905,2386.305
1715803200000,2386.295,2387.498,2386.118,2386.618
1715804100000,2386.578,2388.265,2386.498,2387.828
1715805000000,2387.744,2388.198,2386.705,2386.868
1715805900000,2386.838,2388.555,2385.398,2385.425
1715806800000,2385.425,2385.425,2385.425,2385.425
1715807700000,2385.425,2385.425,2385.425,2385.425
1715808600000,2385.425,2385.425,2385.425,2385.425
1715809500000,2385.425,2385.425,2385.425,2385.425
1715810400000,2386.065,2389.385,2385.065,2388.155
1715811300000,2388.245,2389.005,2386.975,2388.885
1715812200000,2388.845,2389.115,2387.515,2387.975
1715813100000,2387.975,2389.225,2387.855,2388.868
1715814000000,2388.865,2389.935,2388.758,2389.475
1715814900000,2389.495,2391.658,2389.045,2390.685
1715815800000,2390.685,2391.375,2389.755,2391.205
1715816700000,2391.205,2391.815,2390.485,2391.715
1715817600000,2391.755,2392.905,2390.165,2392.458
1715818500000,2392.405,2394.168,2392.335,2393.888
1715819400000,2393.908,2394.608,2392.375,2393.275
1715820300000,2393.275,2395.065,2392.925,2394.875
1715821200000,2394.905,2397.275,2391.385,2394.045
1715822100000,2394.155,2397.215,2393.665,2394.675
1715823000000,2394.695,2397.088,2392.925,2394.145
1715823900000,2394.175,2394.238,2389.465,2391.485
1715824800000,2391.475,2391.475,2386.985,2388.618
1715825700000,2388.595,2391.685,2386.725,2390.085
1715826600000,2390.255,2391.175,2388.825,2389.335
1715827500000,2389.345,2390.145,2386.415,2387.375
1715828400000,2387.375,2389.045,2386.455,2387.965
1715829300000,2387.928,2389.535,2387.125,2389.025
1715830200000,2388.988,2390.615,2388.365,2388.665
1715831100000,2388.665,2388.775,2387.545,2388.595
1715832000000,2388.595,2389.305,2386.945,2388.415
1715832900000,2388.495,2389.925,2388.495,2389.845
1715833800000,2389.855,2391.935,2389.855,2391.188
1715834700000,2391.185,2392.035,2390.375,2391.235
1715835600000,2391.235,2392.245,2390.525,2391.645
1715836500000,2391.625,2392.405,2391.315,2391.988
1715837400000,2391.965,2394.388,2391.915,2392.595
1715838300000,2392.678,2393.358,2390.025,2390.045
1715839200000,2390.045,2390.275,2387.605,2388.185
1715840100000,2388.208,2389.058,2387.045,2387.838
1715841000000,2387.838,2388.688,2386.838,2387.698
1715841900000,2387.688,2388.785,2386.368,2386.958
1715842800000,2386.995,2387.925,2384.545,2385.855
1715843700000,2385.905,2390.005,2385.658,2389.315
1715844600000,2389.295,2391.045,2387.955,2390.145
1715845500000,2390.085,2390.615,2388.778,2389.205
1715846400000,2389.185,2391.255,2388.365,2388.435
1715847300000,2388.435,2388.435,2385.428,2386.138
1715848200000,2386.155,2387.405,2385.535,2386.535
1715849100000,2386.535,2386.595,2385.225,2385.958
1715850000000,2385.935,2387.645,2385.905,2386.175
1715850900000,2386.195,2387.645,2383.638,2384.225
1715851800000,2384.195,2385.685,2383.638,2385.085
1715852700000,2385.185,2386.615,2384.565,2385.305
1715853600000,2385.305,2385.595,2383.885,2385.325
1715854500000,2385.325,2385.495,2382.985,2383.125
1715855400000,2383.145,2383.145,2380.805,2381.685
1715856300000,2381.725,2385.155,2381.655,2384.795
1715857200000,2384.795,2386.485,2384.305,2386.145
1715858100000,2386.165,2386.345,2381.375,2382.385
1715859000000,2382.395,2385.555,2382.395,2385.045
1715859900000,2385.015,2385.755,2383.625,2384.508
1715860800000,2384.485,2386.125,2383.045,2384.555
1715861700000,2384.555,2385.415,2381.465,2381.888
1715862600000,2382.125,2386.015,2379.255,2382.095
1715863500000,2382.075,2383.665,2377.888,2379.065
1715864400000,2379.065,2380.535,2376.705,2379.494
1715865300000,2379.505,2382.115,2373.165,2379.045
1715866200000,2379.055,2379.055,2371.565,2373.065
1715867100000,2373.135,2377.035,2372.415,2374.975
1715868000000,2374.975,2378.928,2374.204,2376.045
1715868900000,2376.078,2376.805,2371.815,2373.475
1715869800000,2373.515,2376.948,2373.515,2375.265
1715870700000,2375.245,2375.405,2370.845,2373.185
1715871600000,2373.185,2378.078,2372.995,2377.355
1715872500000,2377.355,2381.488,2376.805,2380.145
1715873400000,2380.165,2382.275,2379.748,2381.768
1715874300000,2381.765,2382.208,2380.215,2381.428
1715875200000,2381.415,2382.335,2379.005,2381.505
1715876100000,2381.465,2381.705,2379.645,2380.755
1715877000000,2380.615,2383.575,2379.255,2383.305
1715877900000,2383.305,2383.645,2381.455,2381.888
1715878800000,2381.888,2382.028,2379.845,2380.308
1715879700000,2380.265,2382.338,2380.238,2380.778
1715880600000,2380.825,2381.975,2379.975,2380.328
1715881500000,2380.325,2381.408,2379.695,2381.335
1715882400000,2381.398,2381.918,2379.835,2380.105
1715883300000,2380.068,2380.115,2378.265,2378.665
1715884200000,2378.798,2379.698,2378.375,2379.065
1715885100000,2379.068,2380.508,2379.018,2379.588
1715886000000,2379.565,2381.775,2378.975,2381.565
1715886900000,2381.565,2381.655,2379.048,2379.095
1715887800000,2379.095,2379.538,2378.548,2379.458
1715888700000,2379.455,2379.625,2377.704,2378.045
1715889600000,2378.085,2378.285,2377.738,2377.768
1715890500000,2377.745,2378.055,2376.055,2377.098
1715891400000,2377.098,2377.248,2375.908,2376.268
1715892300000,2376.265,2376.858,2375.788,2376.464
1715893200000,2376.464,2376.464,2376.464,2376.464
1715894100000,2376.464,2376.464,2376.464,2376.464
1715895000000,2376.464,2376.464,2376.464,2376.464
1715895900000,2376.464,2376.464,2376.464,2376.464
1715896800000,2376.098,2378.405,2376.098,2377.925
1715897700000,2377.905,2378.435,2377.705,2378.165
1715898600000,2378.265,2378.435,2377.815,2378.115
1715899500000,2378.125,2379.255,2378.025,2378.215
1715900400000,2378.215,2379.465,2378.095,2379.425
1715901300000,2379.475,2379.585,2378.075,2378.535
1715902200000,2378.485,2378.985,2377.985,2378.725
1715903100000,2378.785,2378.945,2377.698,2377.705
1715904000000,2377.785,2379.515,2377.785,2378.828
1715904900000,2378.758,2379.525,2377.645,2377.938
1715905800000,2377.935,2378.435,2377.528,2377.708
1715906700000,2377.715,2378.195,2377.385,2377.858
1715907600000,2377.945,2378.765,2376.765,2377.078
1715908500000,2377.075,2377.328,2375.998,2376.748
1715909400000,2376.748,2377.498,2376.278,2377.138
1715910300000,2377.138,2378.668,2376.915,2378.018
1715911200000,2378.205,2378.545,2376.778,2377.965
1715912100000,2377.955,2381.095,2377.545,2380.825
1715913000000,2380.835,2380.995,2377.468,2377.528
1715913900000,2377.518,2378.145,2373.788,2375.025
1715914800000,2375.025,2376.178,2374.575,2375.915
1715915700000,2375.928,2377.135,2375.548,2376.635
1715916600000,2376.615,2377.205,2375.605,2375.605
1715917500000,2375.585,2377.765,2375.288,2377.755
1715918400000,2377.765,2377.815,2376.515,2376.975
1715919300000,2376.975,2378.565,2376.925,2378.355
1715920200000,2378.355,2378.485,2377.298,2377.975
1715921100000,2378.015,2379.045,2377.625,2378.718
1715922000000,2378.698,2380.485,2378.395,2379.685
1715922900000,2379.675,2380.495,2379.065,2380.058
1715923800000,2380.058,2382.245,2379.615,2380.898
1715924700000,2380.848,2382.208,2380.545,2381.238
1715925600000,2381.238,2383.628,2380.775,2383.385
1715926500000,2383.365,2385.468,2383.205,2384.568
1715927400000,2384.545,2385.955,2384.435,2385.335
1715928300000,2385.325,2386.555,2384.058,2385.848
1715929200000,2385.858,2387.655,2385.138,2386.655
1715930100000,2386.615,2387.668,2385.615,2386.105
1715931000000,2386.115,2386.115,2383.045,2383.218
1715931900000,2383.215,2384.608,2382.765,2383.748
1715932800000,2383.748,2384.695,2381.795,2382.445
1715933700000,2382.435,2384.498,2382.255,2383.855
1715934600000,2383.855,2384.098,2381.185,2382.005
1715935500000,2381.975,2385.535,2381.535,2384.115
1715936400000,2384.075,2386.445,2383.815,2383.935
1715937300000,2383.945,2385.025,2381.755,2382.028
1715938200000,2382.028,2384.275,2381.575,2384.155
1715939100000,2384.155,2384.538,2381.995,2382.395
1715940000000,2382.365,2383.815,2381.665,2383.635
1715940900000,2383.615,2383.635,2382.195,2382.725
1715941800000,2382.695,2385.965,2382.375,2385.405
1715942700000,2385.355,2387.438,2385.185,2387.268
1715943600000,2387.268,2387.458,2385.645,2387.118
1715944500000,2387.108,2389.145,2386.238,2388.615
1715945400000,2388.615,2389.365,2387.015,2387.645
1715946300000,2387.655,2390.028,2386.985,2389.685
1715947200000,2389.685,2390.345,2387.978,2388.068
1715948100000,2388.058,2390.055,2387.705,2388.535
1715949000000,2388.555,2391.295,2386.755,2390.185
1715949900000,2390.295,2393.945,2389.795,2393.205
1715950800000,2393.235,2403.045,2393.235,2402.805
1715951700000,2402.785,2405.055,2399.445,2401.048
1715952600000,2401.045,2403.405,2395.785,2397.985
1715953500000,2398.135,2402.285,2395.815,2401.535
1715954400000,2401.475,2403.435,2398.625,2401.195
1715955300000,2401.185,2407.788,2400.965,2405.745
1715956200000,2405.695,2409.515,2403.125,2408.855
1715957100000,2408.855,2415.448,2408.785,2413.295
1715958000000,2413.265,2418.988,2407.785,2407.875
1715958900000,2407.928,2410.905,2403.598,2406.425
1715959800000,2406.405,2408.985,2404.115,2404.675
1715960700000,2404.625,2408.728,2403.925,2407.615
1715961600000,2407.675,2413.208,2407.655,2412.955
1715962500000,2412.925,2414.108,2409.475,2409.618
1715963400000,2409.628,2411.318,2407.885,2409.335
1715964300000,2409.305,2410.355,2407.675,2407.758
1715965200000,2407.728,2410.495,2405.625,2410.495
1715966100000,2410.545,2413.788,2409.695,2412.578
1715967000000,2412.548,2413.578,2410.975,2412.885
1715967900000,2412.938,2414.175,2412.035,2414.118
1715968800000,2414.185,2415.355,2413.185,2414.345
1715969700000,2414.445,2416.545,2413.418,2416.385
1715970600000,2416.385,2419.055,2415.635,2418.605
1715971500000,2418.585,2418.838,2416.155,2417.338
1715972400000,2417.285,2417.298,2411.438,2414.325
1715973300000,2414.385,2417.775,2414.175,2417.465
1715974200000,2417.428,2417.525,2415.455,2415.915
1715975100000,2415.965,2416.828,2414.575,2416.358
1715976000000,2416.365,2416.868,2414.985,2415.158
1715976900000,2415.138,2416.048,2414.728,2415.818
1715977800000,2415.765,2422.575,2415.468,2417.638
1715978700000,2417.485,2417.898,2413.298,2414.525
1716076800000,2419.555,2419.555,2419.555,2419.555
1716077700000,2419.555,2419.555,2419.555,2419.555
1716078600000,2419.555,2419.555,2419.555,2419.555
1716079500000,2419.555,2419.555,2419.555,2419.555
1716080400000,2419.555,2419.555,2419.555,2419.555
1716081300000,2419.555,2419.555,2419.555,2419.555
1716082200000,2419.555,2419.555,2419.555,2419.555
1716083100000,2419.555,2419.555,2419.555,2419.555
1716084000000,2419.555,2419.555,2419.555,2419.555
1716084900000,2419.555,2419.555,2419.555,2419.555
1716085800000,2419.555,2419.555,2419.555,2419.555
1716086700000,2419.555,2419.555,2419.555,2419.555
1716087600000,2419.555,2419.555,2419.555,2419.555
1716088500000,2419.555,2419.555,2419.555,2419.555
1716089400000,2419.555,2419.555,2419.555,2419.555
1716090300000,2419.555,2419.555,2419.555,2419.555
1716091200000,2419.555,2419.555,2419.555,2419.555
1716092100000,2419.555,2419.555,2419.555,2419.555
1716093000000,2419.555,2419.555,2419.555,2419.555
1716093900000,2419.555,2419.555,2419.555,2419.555
1716094800000,2419.555,2419.555,2419.555,2419.555
1716095700000,2419.555,2419.555,2419.555,2419.555
1716096600000,2419.555,2419.555,2419.555,2419.555
1716097500000,2419.555,2419.555,2419.555,2419.555
1716098400000,2419.555,2419.555,2419.555,2419.555
1716099300000,2419.555,2419.555,2419.555,2419.555
1716100200000,2419.555,2419.555,2419.555,2419.555
1716101100000,2419.555,2419.555,2419.555,2419.555
1716102000000,2419.555,2419.555,2419.555,2419.555
1716102900000,2419.555,2419.555,2419.555,2419.555
1716103800000,2419.555,2419.555,2419.555,2419.555
1716104700000,2419.555,2419.555,2419.555,2419.555
1716105600000,2419.555,2419.555,2419.555,2419.555
1716106500000,2419.555,2419.555,2419.555,2419.555
1716107400000,2419.555,2419.555,2419.555,2419.555
1716108300000,2419.555,2419.555,2419.555,2419.555
1716109200000,2419.555,2419.555,2419.555,2419.555
1716110100000,2419.555,2419.555,2419.555,2419.555
1716111000000,2419.555,2419.555,2419.555,2419.555
1716111900000,2419.555,2419.555,2419.555,2419.555
1716112800000,2419.555,2419.555,2419.555,2419.555
1716113700000,2419.555,2419.555,2419.555,2419.555
1716114600000,2419.555,2419.555,2419.555,2419.555
1716115500000,2419.555,2419.555,2419.555,2419.555
1716116400000,2419.555,2419.555,2419.555,2419.555
1716117300000,2419.555,2419.555,2419.555,2419.555
1716118200000,2419.555,2419.555,2419.555,2419.555
1716119100000,2419.555,2419.555,2419.555,2419.555
1716120000000,2419.555,2419.555,2419.555,2419.555
1716120900000,2419.555,2419.555,2419.555,2419.555
1716121800000,2419.555,2419.555,2419.555,2419.555
1716122700000,2419.555,2419.555,2419.555,2419.555
1716123600000,2419.555,2419.555,2419.555,2419.555
1716124500000,2419.555,2419.555,2419.555,2419.555
1716125400000,2419.555,2419.555,2419.555,2419.555
1716126300000,2419.555,2419.555,2419.555,2419.555
1716127200000,2419.555,2419.555,2419.555,2419.555
1716128100000,2419.555,2419.555,2419.555,2419.555
1716129000000,2419.555,2419.555,2419.555,2419.555
1716129900000,2419.555,2419.555,2419.555,2419.555
1716130800000,2419.555,2419.555,2419.555,2419.555
1716131700000,2419.555,2419.555,2419.555,2419.555
1716132600000,2419.555,2419.555,2419.555,2419.555
1716133500000,2419.555,2419.555,2419.555,2419.555
1716134400000,2419.555,2419.555,2419.555,2419.555
1716135300000,2419.555,2419.555,2419.555,2419.555
1716136200000,2419.555,2419.555,2419.555,2419.555
1716137100000,2419.555,2419.555,2419.555,2419.555
1716138000000,2419.555,2419.555,2419.555,2419.555
1716138900000,2419.555,2419.555,2419.555,2419.555
1716139800000,2419.555,2419.555,2419.555,2419.555
1716140700000,2419.555,2419.555,2419.555,2419.555
1716141600000,2419.555,2419.555,2419.555,2419.555
1716142500000,2419.555,2419.555,2419.555,2419.555
1716143400000,2419.555,2419.555,2419.555,2419.555
1716144300000,2419.555,2419.555,2419.555,2419.555
1716145200000,2419.555,2419.555,2419.555,2419.555
1716146100000,2419.555,2419.555,2419.555,2419.555
1716147000000,2419.555,2419.555,2419.555,2419.555
1716147900000,2419.555,2419.555,2419.555,2419.555
1716148800000,2419.555,2419.555,2419.555,2419.555
1716149700000,2419.555,2419.555,2419.555,2419.555
1716150600000,2419.555,2419.555,2419.555,2419.555
1716151500000,2419.555,2419.555,2419.555,2419.555
1716152400000,2419.555,2419.555,2419.555,2419.555
1716153300000,2419.555,2419.555,2419.555,2419.555
1716154200000,2419.555,2419.555,2419.555,2419.555
1716155100000,2419.555,2419.555,2419.555,2419.555
1716156000000,2417.098,2425.195,2417.098,2418.475
1716156900000,2418.575,2422.295,2418.105,2421.005
1716157800000,2420.955,2420.955,2416.715,2418.405
1716158700000,2418.355,2419.695,2417.045,2417.635
1716159600000,2417.525,2419.375,2416.955,2419.365
1716160500000,2419.335,2419.655,2417.345,2418.655
1716161400000,2418.645,2419.085,2417.065,2418.885
1716162300000,2418.955,2420.475,2418.955,2420.185
1716163200000,2420.185,2420.285,2416.415,2416.708
1716164100000,2416.708,2421.705,2416.595,2421.565
1716165000000,2421.565,2425.575,2420.705,2423.915
1716165900000,2423.895,2426.395,2422.925,2425.335
1716166800000,2425.435,2440.465,2425.435,2434.135
1716167700000,2434.095,2434.095,2426.375,2433.105
1716168600000,2433.075,2433.625,2428.605,2430.695
1716169500000,2430.695,2435.585,2429.165,2434.545
1716170400000,2434.615,2437.005,2431.548,2431.865
1716171300000,2432.085,2436.145,2431.945,2432.855
1716172200000,2432.764,2433.555,2430.395,2431.255
1716173100000,2431.255,2434.525,2428.695,2433.915
1716174000000,2433.905,2435.965,2432.055,2432.174
1716174900000,2432.245,2434.135,2430.825,2432.835
1716175800000,2432.785,2438.045,2432.785,2437.388
1716176700000,2437.375,2438.785,2436.145,2437.518
1716177600000,2437.488,2439.548,2436.495,2438.828
1716178500000,2438.825,2439.098,2436.584,2436.755
1716179400000,2436.808,2437.478,2435.025,2435.488
1716180300000,2435.488,2437.698,2435.025,2437.188
1716181200000,2437.165,2438.778,2436.855,2438.765
1716182100000,2438.735,2440.535,2437.485,2439.795
1716183000000,2439.995,2448.815,2439.765,2448.795
1716183900000,2448.818,2449.985,2446.995,2449.445
1716184800000,2449.485,2449.655,2445.515,2448.845
1716185700000,2448.915,2449.515,2438.225,2440.545
1716186600000,2440.545,2442.325,2431.848,2435.425
1716187500000,2435.395,2438.835,2434.715,2438.695
1716188400000,2438.695,2443.625,2437.785,2441.425
1716189300000,2441.405,2442.285,2436.568,2437.475
1716190200000,2437.475,2440.055,2435.465,2439.105
1716191100000,2439.105,2442.315,2437.555,2442.108
1716192000000,2442.075,2443.495,2437.915,2439.465
1716192900000,2439.465,2441.735,2439.205,2441.395
1716193800000,2441.395,2441.715,2436.835,2437.785
1716194700000,2437.895,2440.365,2437.805,2439.955
1716195600000,2440.015,2446.988,2438.575,2446.445
1716196500000,2446.445,2447.015,2443.408,2443.878
1716197400000,2443.878,2445.645,2441.295,2442.185
1716198300000,2442.155,2443.185,2440.755,2441.585
1716199200000,2441.635,2442.595,2439.515,2441.208
1716200100000,2441.205,2442.945,2439.035,2439.525
1716201000000,2439.515,2439.635,2434.448,2437.295
1716201900000,2437.325,2437.928,2434.915,2436.205
1716202800000,2436.185,2437.095,2433.648,2434.155
1716203700000,2434.155,2436.285,2429.508,2431.525
1716204600000,2431.575,2433.485,2427.525,2427.725
1716205500000,2427.725,2431.895,2427.575,2430.495
1716206400000,2430.435,2430.695,2420.475,2422.135
1716207300000,2422.165,2423.175,2414.915,2418.165
1716208200000,2418.145,2422.055,2407.145,2409.825
1716209100000,2409.855,2416.125,2408.955,2413.735
1716210000000,2413.655,2422.555,2413.085,2417.845
1716210900000,2417.845,2421.225,2414.925,2418.495
1716211800000,2418.535,2419.295,2410.235,2414.325
1716212700000,2414.345,2420.825,2411.545,2420.075
1716213600000,2420.085,2421.595,2414.635,2418.635
1716214500000,2418.635,2418.684,2415.435,2417.105
1716215400000,2417.105,2421.175,2416.465,2421.025
1716216300000,2421.085,2423.505,2417.745,2422.875
1716217200000,2422.875,2424.765,2421.498,2424.625
1716218100000,2424.665,2425.675,2423.075,2424.455
1716219000000,2424.465,2426.848,2419.328,2421.275
1716219900000,2421.275,2425.284,2420.825,2424.808
1716220800000,2424.768,2426.208,2423.378,2425.218
1716221700000,2425.238,2426.098,2422.365,2425.945
1716222600000,2425.945,2427.988,2425.795,2427.035
1716223500000,2427.038,2427.128,2424.195,2426.415
1716224400000,2426.415,2430.178,2425.585,2429.635
1716225300000,2429.648,2434.558,2429.088,2434.138
1716226200000,2434.058,2435.765,2432.925,2435.155
1716227100000,2435.155,2436.648,2434.428,2435.228
1716228000000,2435.185,2435.715,2431.775,2434.745
1716228900000,2434.835,2437.205,2434.535,2435.318
1716229800000,2435.295,2436.975,2434.575,2434.638
1716230700000,2434.565,2435.228,2432.655,2435.085
1716231600000,2435.095,2435.268,2432.545,2433.455
1716232500000,2433.555,2434.125,2428.485,2429.025
1716233400000,2429.185,2432.138,2429.128,2429.338
1716234300000,2429.358,2429.558,2425.935,2426.648
1716235200000,2426.825,2427.875,2423.905,2424.585
1716236100000,2424.385,2426.365,2423.595,2426.355
1716237000000,2426.355,2427.088,2424.315,2424.655
1716237900000,2424.645,2426.375,2423.195,2425.675
1716238800000,2425.675,2425.675,2425.675,2425.675
1716239700000,2425.675,2425.675,2425.675,2425.675
1716240600000,2425.675,2425.675,2425.675,2425.675
1716241500000,2425.675,2425.675,2425.675,2425.675
1716242400000,2425.698,2430.095,2425.698,2427.705
1716243300000,2427.665,2430.435,2427.295,2430.365
1716244200000,2430.315,2430.315,2427.555,2427.735
1716245100000,2427.668,2428.165,2426.335,2427.175
1716246000000,2427.304,2428.398,2426.648,2427.765
1716246900000,2427.795,2428.468,2426.515,2426.515
1716247800000,2426.515,2426.625,2425.095,2426.255
1716248700000,2426.055,2426.555,2425.475,2426.105
1716249600000,2426.115,2427.005,2425.095,2426.075
1716250500000,2426.165,2427.545,2424.885,2425.785
1716251400000,2425.785,2426.688,2424.215,2425.978
1716252300000,2425.975,2429.785,2425.785,2428.805
1716253200000,2428.785,2432.015,2426.395,2429.145
1716254100000,2429.105,2432.955,2428.755,2430.515
1716255000000,2430.485,2430.485,2424.175,2428.375
1716255900000,2428.305,2429.255,2419.478,2420.308
1716256800000,2420.265,2422.505,2416.025,2417.925
1716257700000,2417.935,2421.225,2417.825,2418.595
1716258600000,2418.625,2420.325,2413.645,2414.885
1716259500000,2414.985,2417.185,2411.378,2413.815
1716260400000,2413.785,2417.038,2413.135,2414.225
1716261300000,2414.195,2414.765,2406.158,2410.235
1716262200000,2410.235,2412.075,2409.575,2411.685
1716263100000,2411.685,2414.405,2411.515,2413.665
1716264000000,2413.645,2414.675,2412.365,2412.925
1716264900000,2412.925,2415.155,2412.405,2414.265
1716265800000,2414.245,2415.348,2413.045,2415.335
1716266700000,2415.195,2415.788,2410.564,2412.318
1716267600000,2412.285,2415.465,2412.005,2415.105
1716268500000,2415.095,2417.315,2414.605,2416.025
1716269400000,2416.018,2416.735,2413.315,2413.875
1716270300000,2413.834,2417.905,2413.268,2416.378
1716271200000,2416.368,2417.265,2413.335,2415.695
1716272100000,2415.735,2417.215,2413.425,2415.175
1716273000000,2415.155,2417.255,2414.185,2414.765
1716273900000,2414.765,2414.785,2409.525,2410.485
1716274800000,2410.485,2414.275,2408.484,2413.925
1716275700000,2413.865,2416.975,2413.098,2416.605
1716276600000,2416.554,2421.805,2416.255,2421.645
1716277500000,2421.705,2422.075,2417.495,2419.185
1716278400000,2419.235,2419.875,2417.065,2417.095
1716279300000,2417.105,2417.608,2415.125,2416.355
1716280200000,2416.305,2417.455,2414.205,2415.995
1716281100000,2416.015,2419.735,2415.955,2418.625
1716282000000,2418.555,2419.235,2416.768,2417.215
1716282900000,2417.255,2420.065,2416.455,2416.835
1716283800000,2416.885,2418.105,2412.058,2413.985
1716284700000,2413.965,2417.605,2413.845,2416.225
1716285600000,2416.185,2417.995,2414.825,2416.595
1716286500000,2416.575,2417.955,2415.935,2416.555
1716287400000,2416.535,2417.825,2415.398,2417.195
1716288300000,2417.245,2419.905,2416.915,2419.665
1716289200000,2419.668,2422.895,2418.715,2419.115
1716290100000,2419.115,2420.155,2417.205,2420.015
1716291000000,2420.015,2421.035,2418.915,2420.815
1716291900000,2420.805,2423.628,2419.815,2423.325
1716292800000,2423.325,2424.788,2422.285,2424.485
1716293700000,2424.478,2428.195,2423.625,2427.208
1716294600000,2427.155,2429.825,2425.408,2425.615
1716295500000,2425.715,2427.205,2423.175,2426.125
1716296400000,2426.125,2428.745,2420.325,2427.875
1716297300000,2427.875,2431.385,2426.198,2428.685
1716298200000,2428.685,2430.645,2424.738,2425.805
1716299100000,2425.805,2429.305,2424.635,2427.645
1716300000000,2427.645,2430.815,2425.895,2428.875
1716300900000,2428.895,2428.895,2425.235,2427.355
1716301800000,2427.385,2429.238,2426.208,2428.395
1716302700000,2428.375,2431.578,2428.175,2429.405
1716303600000,2429.428,2433.838,2429.308,2431.725
1716304500000,2431.705,2432.075,2427.245,2428.945
1716305400000,2428.945,2430.145,2422.748,2423.705
1716306300000,2423.605,2425.195,2419.915,2423.275
1716307200000,2423.255,2423.585,2417.875,2420.405
1716308100000,2420.425,2422.315,2419.158,2419.308
1716309000000,2419.278,2421.868,2419.278,2421.015
1716309900000,2421.015,2423.518,2420.375,2422.725
1716310800000,2422.765,2423.708,2418.935,2419.805
1716311700000,2419.775,2421.918,2419.675,2421.865
1716312600000,2421.815,2422.828,2419.238,2420.008
1716313500000,2419.998,2420.685,2418.415,2419.858
1716314400000,2419.825,2420.235,2417.238,2419.435
1716315300000,2419.435,2420.275,2418.295,2418.675
1716316200000,2418.655,2419.675,2418.465,2419.235
1716317100000,2419.165,2420.478,2419.045,2420.308
1716318000000,2420.295,2423.348,2419.835,2423.235
1716318900000,2423.185,2424.928,2422.965,2424.148
1716319800000,2424.155,2424.528,2422.785,2423.405
1716320700000,2423.408,2424.285,2422.798,2423.228
1716321600000,2423.225,2423.338,2422.218,2422.728
1716322500000,2422.738,2422.778,2421.035,2421.598
1716323400000,2421.598,2421.728,2420.908,2421.718
1716324300000,2421.665,2421.748,2420.258,2420.365
1716325200000,2420.365,2420.365,2420.365,2420.365
1716326100000,2420.365,2420.365,2420.365,2420.365
1716327000000,2420.365,2420.365,2420.365,2420.365
1716327900000,2420.365,2420.365,2420.365,2420.365
1716328800000,2421.034,2421.664,2420.274,2420.964
1716329700000,2420.964,2421.684,2420.904,2420.984
1716330600000,2420.984,2422.014,2420.954,2421.314
1716331500000,2421.194,2421.984,2420.924,2421.814
1716332400000,2421.804,2421.804,2421.184,2421.334
1716333300000,2421.384,2421.634,2421.114,2421.374
1716334200000,2421.424,2421.984,2421.024,2421.584
1716335100000,2421.684,2421.894,2421.094,2421.494
1716336000000,2421.564,2422.894,2421.384,2421.664
1716336900000,2421.774,2422.954,2421.664,2422.184
1716337800000,2422.194,2422.784,2420.514,2421.494
1716338700000,2421.494,2422.124,2420.134,2420.294
1716339600000,2420.334,2422.844,2419.634,2421.944
1716340500000,2421.944,2423.224,2420.894,2421.304
1716341400000,2421.304,2421.304,2419.124,2419.724
1716342300000,2419.724,2422.634,2419.574,2421.814
1716343200000,2421.784,2426.344,2421.784,2425.264
1716344100000,2425.244,2425.724,2423.534,2423.884
1716345000000,2423.894,2424.464,2420.414,2421.724
1716345900000,2421.644,2421.644,2415.714,2417.604
1716346800000,2417.624,2419.344,2417.114,2418.834
1716347700000,2418.814,2419.184,2417.184,2418.434
1716348600000,2418.454,2418.814,2415.504,2416.094
1716349500000,2416.094,2416.274,2412.224,2413.904
1716350400000,2413.914,2414.674,2412.054,2412.744
1716351300000,2412.584,2415.844,2412.184,2415.504
1716352200000,2415.514,2415.984,2412.844,2412.844
1716353100000,2412.864,2413.664,2411.884,2412.694
1716354000000,2412.644,2413.984,2412.304,2412.984
1716354900000,2412.974,2414.974,2411.214,2413.554
1716355800000,2413.554,2414.144,2411.574,2413.064
1716356700000,2412.944,2417.184,2412.154,2416.954
1716357600000,2417.074,2417.764,2415.334,2415.364
1716358500000,2415.264,2416.044,2413.494,2413.854
1716359400000,2413.894,2416.834,2413.714,2415.714
1716360300000,2415.704,2417.874,2415.014,2416.864
1716361200000,2416.834,2417.104,2415.084,2416.834
1716362100000,2416.844,2418.314,2412.604,2412.794
1716363000000,2412.734,2416.784,2412.074,2416.334
1716363900000,2416.294,2418.004,2415.774,2417.024
1716364800000,2417.034,2417.294,2415.184,2415.324
1716365700000,2415.384,2415.824,2410.414,2410.514
1716366600000,2410.564,2415.875,2410.394,2415.815
1716367500000,2415.895,2416.935,2415.115,2416.705
1716368400000,2416.835,2417.315,2415.185,2415.485
1716369300000,2415.535,2417.885,2414.995,2415.295
1716370200000,2415.235,2415.695,2414.265,2415.555
1716371100000,2415.555,2417.505,2415.465,2417.145
1716372000000,2417.165,2419.195,2416.845,2417.315
1716372900000,2417.278,2417.835,2415.445,2415.775
1716373800000,2415.705,2415.945,2414.165,2415.745
1716374700000,2415.745,2416.485,2414.165,2414.635
1716375600000,2414.598,2415.155,2413.295,2413.395
1716376500000,2413.395,2414.415,2411.705,2413.825
1716377400000,2413.845,2414.115,2405.578,2407.835
1716378300000,2407.835,2409.925,2404.648,2408.665
1716379200000,2408.645,2411.905,2408.615,2409.435
1716380100000,2409.435,2414.858,2408.795,2414.558
1716381000000,2414.565,2414.968,2410.065,2411.935
1716381900000,2411.955,2414.325,2410.775,2412.295
1716382800000,2412.295,2413.145,2408.045,2409.605
1716383700000,2409.655,2411.945,2408.745,2410.715
1716384600000,2410.715,2411.875,2405.675,2409.415
1716385500000,2409.415,2412.565,2408.005,2411.445
1716386400000,2411.444,2411.444,2393.205,2393.635
1716387300000,2393.615,2395.415,2383.915,2386.165
1716388200000,2386.125,2389.675,2382.105,2388.775
1716389100000,2388.775,2391.415,2386.718,2388.525
1716390000000,2388.405,2395.245,2387.615,2391.675
1716390900000,2391.725,2392.945,2387.255,2389.725
1716391800000,2389.795,2390.215,2386.495,2388.745
1716392700000,2388.775,2392.915,2387.985,2391.918
1716393600000,2391.895,2394.128,2390.585,2392.435
1716394500000,2392.435,2393.295,2390.195,2391.485
1716395400000,2391.485,2393.708,2389.315,2391.915
1716396300000,2391.915,2394.915,2391.195,2391.798
1716397200000,2391.775,2394.235,2391.365,2392.265
1716398100000,2392.288,2393.145,2388.468,2389.265
1716399000000,2389.265,2389.905,2386.618,2387.358
1716399900000,2387.355,2388.785,2386.855,2388.195
1716400800000,2388.195,2390.615,2384.935,2385.895
1716401700000,2385.908,2386.345,2378.445,2379.245
1716402600000,2379.225,2380.875,2375.968,2376.965
1716403500000,2377.065,2379.445,2374.855,2377.745
1716404400000,2377.695,2379.945,2377.015,2378.008
1716405300000,2378.058,2379.538,2377.385,2379.258
1716406200000,2379.235,2379.528,2376.708,2377.118
1716407100000,2377.168,2379.628,2377.165,2379.108
1716408000000,2379.058,2379.935,2378.238,2378.805
1716408900000,2378.785,2380.455,2378.215,2378.898
1716409800000,2378.888,2379.218,2377.428,2378.175
1716410700000,2378.195,2379.005,2377.315,2377.745
1716411600000,2377.745,2377.745,2377.745,2377.745
1716412500000,2377.745,2377.745,2377.745,2377.745
1716413400000,2377.745,2377.745,2377.745,2377.745
1716414300000,2377.745,2377.745,2377.745,2377.745
1716415200000,2379.015,2380.304,2377.575,2379.115
1716416100000,2379.115,2380.585,2378.865,2380.435
1716417000000,2380.405,2380.975,2380.005,2380.845
1716417900000,2380.845,2381.165,2380.095,2380.475
1716418800000,2380.495,2381.375,2380.225,2380.875
1716419700000,2380.805,2382.025,2380.605,2381.865
1716420600000,2381.785,2382.635,2381.305,2382.155
1716421500000,2382.075,2382.375,2380.928,2382.105
1716422400000,2382.115,2383.605,2381.515,2383.005
1716423300000,2383.005,2383.015,2381.255,2382.695
1716424200000,2382.715,2383.095,2380.995,2381.615
1716425100000,2381.598,2381.635,2378.795,2380.195
1716426000000,2380.235,2381.795,2374.798,2375.315
1716426900000,2375.315,2377.745,2368.938,2371.165
1716427800000,2371.165,2372.735,2366.628,2371.934
1716428700000,2371.975,2374.355,2369.228,2372.855
1716429600000,2372.858,2375.575,2370.325,2371.755
1716430500000,2371.715,2372.705,2370.635,2371.935
1716431400000,2371.915,2373.025,2368.075,2369.175
1716432300000,2369.155,2369.755,2367.985,2369.405
1716433200000,2369.355,2371.315,2368.485,2369.168
1716434100000,2369.138,2370.498,2367.744,2369.318
1716435000000,2369.338,2371.055,2369.248,2370.555
1716435900000,2370.525,2372.755,2370.065,2372.365
1716436800000,2372.315,2373.185,2371.685,2372.755
1716437700000,2372.755,2373.445,2371.555,2371.755
1716438600000,2371.615,2373.808,2371.335,2372.958
1716439500000,2372.925,2373.645,2372.255,2372.668
1716440400000,2372.665,2373.008,2370.458,2372.058
1716441300000,2372.104,2372.798,2370.865,2370.978
1716442200000,2370.878,2371.308,2364.588,2366.405
1716443100000,2366.505,2367.615,2358.185,2359.845
1716444000000,2359.835,2363.395,2354.855,2361.125
1716444900000,2361.108,2366.905,2359.468,2366.615
1716445800000,2366.605,2367.025,2364.045,2364.135
1716446700000,2364.155,2365.215,2363.115,2364.145
1716447600000,2364.144,2364.695,2361.185,2362.188
1716448500000,2362.178,2364.575,2361.335,2362.635
1716449400000,2362.554,2363.248,2358.375,2358.805
1716450300000,2358.815,2358.815,2355.008,2355.955
1716451200000,2355.955,2357.685,2355.228,2355.735
1716452100000,2355.715,2357.085,2355.005,2356.195
1716453000000,2356.225,2361.608,2356.085,2361.075
1716453900000,2361.075,2361.678,2358.495,2360.345
1716454800000,2360.335,2362.408,2358.655,2361.445
1716455700000,2361.365,2363.835,2361.335,2361.665
1716456600000,2361.565,2362.745,2361.255,2361.935
1716457500000,2361.925,2364.168,2360.775,2363.915
1716458400000,2363.958,2367.335,2363.425,2366.564
1716459300000,2366.564,2366.854,2364.615,2365.305
1716460200000,2365.355,2366.695,2363.935,2366.495
1716461100000,2366.495,2367.595,2365.595,2366.265
1716462000000,2366.285,2368.645,2365.638,2367.885
1716462900000,2367.885,2368.948,2366.948,2368.595
1716463800000,2368.595,2369.315,2366.835,2367.128
1716464700000,2367.148,2368.038,2365.528,2367.945
1716465600000,2367.908,2368.955,2367.055,2367.755
1716466500000,2367.745,2369.215,2366.148,2367.295
1716467400000,2367.185,2367.445,2361.435,2362.985
1716468300000,2362.985,2364.165,2360.615,2362.615
1716469200000,2362.635,2368.865,2360.395,2366.205
1716470100000,2366.215,2369.705,2363.828,2364.105
1716471000000,2364.105,2369.445,2362.105,2365.535
1716471900000,2365.535,2365.535,2350.488,2358.475
1716472800000,2358.485,2363.745,2352,2352.605
1716473700000,2352.748,2354.005,2346.565,2349.825
1716474600000,2349.825,2350.895,2342.108,2344.658
1716475500000,2344.658,2348.725,2341.415,2345.775
1716476400000,2345.775,2347.948,2341.595,2342.218
1716477300000,2342.248,2344.645,2340.175,2341.405
1716478200000,2341.415,2347.525,2341.295,2344.435
1716479100000,2344.435,2349.735,2344.435,2346.018
1716480000000,2346.048,2350.055,2344.935,2345.458
1716480900000,2345.455,2345.708,2343.248,2343.818
1716481800000,2343.785,2345.278,2341.208,2341.208
1716482700000,2341.208,2341.675,2339.905,2340.825
1716483600000,2340.805,2342.375,2339.578,2341.528
1716484500000,2341.525,2342.905,2334.525,2336.085
1716485400000,2336.108,2338.895,2333.148,2333.748
1716486300000,2333.724,2337.115,2331.818,2332.078
1716487200000,2332.005,2334.938,2331.675,2334.908
1716488100000,2334.908,2336.275,2332.708,2335.165
1716489000000,2335.165,2336.125,2332.525,2334.618
1716489900000,2334.648,2336.128,2334.438,2334.678
1716490800000,2334.365,2334.575,2332.728,2333.558
1716491700000,2333.538,2334.775,2332.645,2333.148
1716492600000,2333.145,2334.095,2332.485,2332.718
1716493500000,2332.755,2332.755,2330.845,2331.418
1716494400000,2331.395,2332.638,2330.685,2331.988
1716495300000,2332.008,2332.535,2330.455,2330.538
1716496200000,2330.565,2330.698,2326.848,2328.145
1716497100000,2328.145,2329.085,2327.608,2328.375
1716498000000,2328.375,2328.375,2328.375,2328.375
1716498900000,2328.375,2328.375,2328.375,2328.375
1716499800000,2328.375,2328.375,2328.375,2328.375
1716500700000,2328.375,2328.375,2328.375,2328.375
1716501600000,2327.808,2330.255,2327.808,2329.775
1716502500000,2329.755,2332.005,2329.435,2331.888
1716503400000,2331.775,2331.845,2330.375,2330.565
1716504300000,2330.565,2331.025,2330.274,2330.815
1716505200000,2330.815,2331.588,2330.365,2331.175
1716506100000,2331.115,2331.795,2330.555,2330.835
1716507000000,2331.065,2332.685,2330.845,2332.495
1716507900000,2332.565,2333.515,2331.708,2331.908
1716508800000,2331.908,2332.208,2330.535,2331.205
1716509700000,2331.205,2331.255,2327.948,2328.825
1716510600000,2328.825,2329.448,2327.408,2329.215
1716511500000,2329.168,2330.838,2328.908,2328.968
1716512400000,2328.934,2330.845,2326.615,2329.135
1716513300000,2329.155,2334.255,2328.955,2333.735
1716514200000,2333.728,2334.675,2332.458,2332.948
1716515100000,2332.928,2335.058,2332.778,2333.815
1716516000000,2333.795,2334.425,2332.075,2333.315
1716516900000,2333.315,2333.375,2325.498,2325.895
1716517800000,2326.035,2330.765,2325.265,2329.648
1716518700000,2329.645,2331.455,2328.955,2330.688
1716519600000,2330.585,2331.025,2328.375,2329.475
1716520500000,2329.515,2331.375,2329.105,2330.045
1716521400000,2330.045,2331.445,2329.318,2329.458
1716522300000,2329.478,2330.605,2329.225,2330.495
1716523200000,2330.495,2333.345,2330.355,2333.115
1716524100000,2333.155,2333.875,2331.995,2332.005
1716525000000,2331.998,2333.668,2331.905,2332.385
1716525900000,2332.385,2334.985,2332.315,2334.935
1716526800000,2334.928,2334.928,2333.445,2334.038
1716527700000,2334.025,2334.795,2333.055,2334.115
1716528600000,2334.075,2337.705,2333.925,2337.108
1716529500000,2337.105,2339.195,2336.668,2338.445
1716530400000,2338.495,2339.355,2336.585,2338.985
1716531300000,2338.998,2339.465,2335.525,2336.825
1716532200000,2336.805,2337.205,2335.065,2336.125
1716533100000,2336.135,2339.245,2335.775,2338.695
1716534000000,2338.665,2340.158,2337.185,2340.015
1716534900000,2339.995,2340.495,2337.835,2339.175
1716535800000,2339.015,2339.715,2336.905,2338.265
1716536700000,2338.325,2339.255,2337.328,2337.618
1716537600000,2337.608,2338.775,2335.975,2338.525
1716538500000,2338.565,2338.565,2336.045,2336.635
1716539400000,2336.725,2340.545,2336.555,2340.455
1716540300000,2340.425,2341.008,2339.405,2340.045
1716541200000,2340.065,2343.125,2339.255,2342.225
1716542100000,2342.245,2342.245,2339.345,2340.035
1716543000000,2340.035,2340.578,2337.665,2337.985
1716543900000,2337.965,2339.415,2337.425,2337.528
1716544800000,2337.465,2339.425,2336.878,2339.425
1716545700000,2339.315,2343.735,2338.805,2343.728
1716546600000,2343.715,2343.715,2339.925,2340.565
1716547500000,2340.565,2341.405,2338.725,2340.175
1716548400000,2340.175,2341.705,2339.745,2340.635
1716549300000,2340.635,2341.948,2338.505,2340.635
1716550200000,2340.655,2341.535,2338.205,2340.215
1716551100000,2340.215,2341.065,2337.655,2338.108
1716552000000,2338.108,2340.775,2337.985,2339.968
1716552900000,2339.795,2340.708,2337.348,2338.655
1716553800000,2338.665,2340.638,2335.065,2339.275
1716554700000,2339.275,2340.045,2337.435,2339.275
1716555600000,2339.255,2344.025,2338.785,2341.478
1716556500000,2341.475,2344.748,2340.025,2344.555
1716557400000,2344.715,2347.325,2340.358,2341.745
1716558300000,2341.735,2341.745,2336.705,2337.055
1716559200000,2337.335,2343.085,2336.844,2337.825
1716560100000,2337.828,2339.945,2335.398,2336.675
1716561000000,2336.625,2339.668,2336.385,2337.755
1716561900000,2337.755,2338.915,2336.058,2338.325
1716562800000,2338.325,2340.135,2337.615,2339.095
1716563700000,2339.095,2340.045,2333.585,2334.845
1716564600000,2334.775,2335.885,2332.255,2334.305
1716565500000,2334.395,2334.845,2332.345,2334.475
1716566400000,2334.495,2334.908,2332.735,2334.605
1716567300000,2334.605,2336.868,2334.578,2335.638
1716568200000,2335.605,2336.435,2334.015,2334.118
1716569100000,2334.118,2335.358,2333.488,2334.168
1716570000000,2334.125,2334.415,2332.988,2333.755
1716570900000,2333.755,2334.388,2333.095,2333.365
1716571800000,2333.415,2334.135,2332.315,2332.665
1716572700000,2332.665,2333.558,2331.825,2332.585
1716573600000,2332.598,2335.668,2332.455,2335.208
1716574500000,2335.208,2336.195,2334.415,2335.145
1716575400000,2335.195,2336.675,2334.865,2336.155
1716576300000,2336.178,2336.275,2334.695,2334.795
1716577200000,2334.795,2334.798,2332.805,2332.948
1716578100000,2332.945,2333.215,2331.835,2332.835
1716579000000,2332.895,2333.455,2331.765,2333.145
1716579900000,2333.195,2334.075,2332.658,2333.658
1716580800000,2333.815,2335.028,2333.785,2334.028
1716581700000,2334.028,2334.578,2333.945,2334.488
1716582600000,2334.498,2334.645,2333.695,2334.165
1716583500000,2334.158,2334.858,2333.075,2333.405
1716681600000,2335.775,2335.775,2335.775,2335.775
1716682500000,2335.775,2335.775,2335.775,2335.775
1716683400000,2335.775,2335.775,2335.775,2335.775
1716684300000,2335.775,2335.775,2335.775,2335.775
1716685200000,2335.775,2335.775,2335.775,2335.775
1716686100000,2335.775,2335.775,2335.775,2335.775
1716687000000,2335.775,2335.775,2335.775,2335.775
1716687900000,2335.775,2335.775,2335.775,2335.775
1716688800000,2335.775,2335.775,2335.775,2335.775
1716689700000,2335.775,2335.775,2335.775,2335.775
1716690600000,2335.775,2335.775,2335.775,2335.775
1716691500000,2335.775,2335.775,2335.775,2335.775
1716692400000,2335.775,2335.775,2335.775,2335.775
1716693300000,2335.775,2335.775,2335.775,2335.775
1716694200000,2335.775,2335.775,2335.775,2335.775
1716695100000,2335.775,2335.775,2335.775,2335.775
1716696000000,2335.775,2335.775,2335.775,2335.775
1716696900000,2335.775,2335.775,2335.775,2335.775
1716697800000,2335.775,2335.775,2335.775,2335.775
1716698700000,2335.775,2335.775,2335.775,2335.775
1716699600000,2335.775,2335.775,2335.775,2335.775
1716700500000,2335.775,2335.775,2335.775,2335.775
1716701400000,2335.775,2335.775,2335.775,2335.775
1716702300000,2335.775,2335.775,2335.775,2335.775
1716703200000,2335.775,2335.775,2335.775,2335.775
1716704100000,2335.775,2335.775,2335.775,2335.775
1716705000000,2335.775,2335.775,2335.775,2335.775
1716705900000,2335.775,2335.775,2335.775,2335.775
1716706800000,2335.775,2335.775,2335.775,2335.775
1716707700000,2335.775,2335.775,2335.775,2335.775
1716708600000,2335.775,2335.775,2335.775,2335.775
1716709500000,2335.775,2335.775,2335.775,2335.775
1716710400000,2335.775,2335.775,2335.775,2335.775
1716711300000,2335.775,2335.775,2335.775,2335.775
1716712200000,2335.775,2335.775,2335.775,2335.775
1716713100000,2335.775,2335.775,2335.775,2335.775
1716714000000,2335.775,2335.775,2335.775,2335.775
1716714900000,2335.775,2335.775,2335.775,2335.775
1716715800000,2335.775,2335.775,2335.775,2335.775
1716716700000,2335.775,2335.775,2335.775,2335.775
1716717600000,2335.775,2335.775,2335.775,2335.775
1716718500000,2335.775,2335.775,2335.775,2335.775
1716719400000,2335.775,2335.775,2335.775,2335.775
1716720300000,2335.775,2335.775,2335.775,2335.775
1716721200000,2335.775,2335.775,2335.775,2335.775
1716722100000,2335.775,2335.775,2335.775,2335.775
1716723000000,2335.775,2335.775,2335.775,2335.775
1716723900000,2335.775,2335.775,2335.775,2335.775
1716724800000,2335.775,2335.775,2335.775,2335.775
1716725700000,2335.775,2335.775,2335.775,2335.775
1716726600000,2335.775,2335.775,2335.775,2335.775
1716727500000,2335.775,2335.775,2335.775,2335.775
1716728400000,2335.775,2335.775,2335.775,2335.775
1716729300000,2335.775,2335.775,2335.775,2335.775
1716730200000,2335.775,2335.775,2335.775,2335.775
1716731100000,2335.775,2335.775,2335.775,2335.775
1716732000000,2335.775,2335.775,2335.775,2335.775
1716732900000,2335.775,2335.775,2335.775,2335.775
1716733800000,2335.775,2335.775,2335.775,2335.775
1716734700000,2335.775,2335.775,2335.775,2335.775
1716735600000,2335.775,2335.775,2335.775,2335.775
1716736500000,2335.775,2335.775,2335.775,2335.775
1716737400000,2335.775,2335.775,2335.775,2335.775
1716738300000,2335.775,2335.775,2335.775,2335.775
1716739200000,2335.775,2335.775,2335.775,2335.775
1716740100000,2335.775,2335.775,2335.775,2335.775
1716741000000,2335.775,2335.775,2335.775,2335.775
1716741900000,2335.775,2335.775,2335.775,2335.775
1716742800000,2335.775,2335.775,2335.775,2335.775
1716743700000,2335.775,2335.775,2335.775,2335.775
1716744600000,2335.775,2335.775,2335.775,2335.775
1716745500000,2335.775,2335.775,2335.775,2335.775
1716746400000,2335.775,2335.775,2335.775,2335.775
1716747300000,2335.775,2335.775,2335.775,2335.775
1716748200000,2335.775,2335.775,2335.775,2335.775
1716749100000,2335.775,2335.775,2335.775,2335.775
1716750000000,2335.775,2335.775,2335.775,2335.775
1716750900000,2335.775,2335.775,2335.775,2335.775
1716751800000,2335.775,2335.775,2335.775,2335.775
1716752700000,2335.775,2335.775,2335.775,2335.775
1716753600000,2335.775,2335.775,2335.775,2335.775
1716754500000,2335.775,2335.775,2335.775,2335.775
1716755400000,2335.775,2335.775,2335.775,2335.775
1716756300000,2335.775,2335.775,2335.775,2335.775
1716757200000,2335.775,2335.775,2335.775,2335.775
1716758100000,2335.775,2335.775,2335.775,2335.775
1716759000000,2335.775,2335.775,2335.775,2335.775
1716759900000,2335.775,2335.775,2335.775,2335.775
1716760800000,2336.365,2337.195,2335.298,2336.665
1716761700000,2336.678,2337.385,2332.125,2336.005
1716762600000,2335.975,2340.545,2335.745,2338.814
1716763500000,2338.814,2340.108,2338.024,2340.108
1716764400000,2340.084,2340.108,2338.328,2339.724
1716765300000,2339.724,2340.588,2337.604,2338.528
1716766200000,2338.524,2338.524,2336.975,2337.745
1716767100000,2337.705,2338.015,2336.445,2337.105
1716768000000,2337.135,2337.268,2335.378,2336.344
1716768900000,2336.324,2336.675,2335.508,2336.605
1716769800000,2336.605,2337.045,2334.328,2334.945
1716770700000,2334.945,2336.455,2334.505,2336.075
1716771600000,2336.025,2339.465,2334.475,2339.375
1716772500000,2339.375,2339.465,2337.015,2339.015
1716773400000,2339.055,2340.218,2338.045,2338.878
1716774300000,2338.878,2340.205,2338.005,2339.558
1716775200000,2339.465,2339.808,2338.598,2339.035
1716776100000,2339.035,2341.085,2338.945,2340.125
1716777000000,2340.125,2341.075,2338.994,2340.955
1716777900000,2340.935,2346.325,2340.885,2346.035
1716778800000,2346.035,2347.175,2343.485,2344.475
1716779700000,2344.585,2347.485,2343.795,2347.255
1716780600000,2347.225,2347.455,2343.775,2344.695
1716781500000,2344.715,2345.905,2344.605,2345.905
1716782400000,2345.885,2345.948,2342.885,2342.955
1716783300000,2343.048,2343.275,2340.875,2343.005
1716784200000,2343.025,2343.425,2341.728,2341.938
1716785100000,2341.938,2342.925,2341.295,2342.885
1716786000000,2342.815,2343.225,2341.805,2342.498
1716786900000,2342.495,2343.145,2342.155,2342.835
1716787800000,2342.838,2344.105,2340.195,2342.695
1716788700000,2342.695,2344.128,2341.505,2343.595
1716789600000,2343.618,2344.475,2342.245,2342.415
1716790500000,2342.428,2344.375,2341.465,2344.325
1716791400000,2344.325,2344.515,2342.785,2343.305
1716792300000,2343.305,2344.214,2341.158,2341.298
1716793200000,2341.258,2341.405,2339.345,2340.465
1716794100000,2340.465,2341.235,2339.725,2340.188
1716795000000,2340.145,2340.515,2337.975,2338.548
1716795900000,2338.548,2339.465,2338.368,2338.458
1716796800000,2338.555,2341.528,2338.055,2341.295
1716797700000,2341.295,2343.288,2341.178,2342.558
1716798600000,2342.535,2345.075,2342.105,2344.105
1716799500000,2344.105,2346.085,2343.185,2344.125
1716800400000,2344.125,2344.448,2343.208,2344.365
1716801300000,2344.375,2345.655,2344.155,2344.625
1716802200000,2344.665,2345.535,2343.628,2343.645
1716803100000,2343.625,2344.258,2342.878,2343.185
1716804000000,2343.185,2344.805,2342.268,2344.585
1716804900000,2344.565,2345.435,2344.185,2345.115
1716805800000,2345.115,2345.455,2343.478,2345.385
1716806700000,2345.385,2345.768,2344.055,2344.788
1716807600000,2344.765,2345.248,2343.565,2344.145
1716808500000,2344.145,2345.425,2343.075,2344.485
1716809400000,2344.485,2345.908,2344.348,2344.518
1716810300000,2344.484,2345.715,2343.088,2344.975
1716811200000,2344.975,2345.618,2343.575,2344.745
1716812100000,2344.758,2349.734,2344.515,2348.878
1716813000000,2348.878,2349.484,2347.495,2347.795
1716813900000,2347.778,2348.698,2346.038,2347.058
1716814800000,2347.058,2347.915,2344.525,2346.198
1716815700000,2346.188,2351.525,2345.755,2350.308
1716816600000,2350.308,2353.035,2348.688,2352.045
1716817500000,2351.995,2356.845,2351.835,2354.788
1716818400000,2354.788,2356.918,2354.515,2356.395
1716819300000,2356.495,2358.388,2355.578,2357.365
1716820200000,2357.365,2357.845,2355.235,2355.288
1716821100000,2355.268,2356.258,2353.938,2354.208
1716822000000,2354.134,2354.808,2353.548,2354.248
1716822900000,2354.248,2356.705,2354.028,2355.448
1716823800000,2355.405,2356.478,2353.708,2353.708
1716824700000,2353.708,2354.175,2352.028,2352.328
1716825600000,2352.285,2354.768,2352.028,2353.535
1716826500000,2353.518,2354.225,2352.838,2353.955
1716827400000,2353.835,2354.645,2353.185,2354.515
1716828300000,2354.505,2355.445,2354.278,2354.778
1716829200000,2354.735,2354.915,2353.208,2353.715
1716830100000,2353.695,2354.615,2352.155,2354.605
1716831000000,2354.595,2354.605,2353.778,2354.455
1716831900000,2354.465,2354.925,2354.215,2354.875
1716832800000,2354.885,2354.965,2352.368,2352.828
1716833700000,2352.845,2352.995,2350.498,2350.754
1716834600000,2350.754,2350.754,2350.754,2350.754
1716835500000,2350.754,2350.754,2350.754,2350.754
1716836400000,2350.754,2350.754,2350.754,2350.754
1716837300000,2350.754,2350.754,2350.754,2350.754
1716838200000,2350.754,2350.754,2350.754,2350.754
1716839100000,2350.754,2350.754,2350.754,2350.754
1716840000000,2350.754,2350.754,2350.754,2350.754
1716840900000,2350.754,2350.754,2350.754,2350.754
1716841800000,2350.754,2350.754,2350.754,2350.754
1716842700000,2350.754,2350.754,2350.754,2350.754
1716843600000,2350.754,2350.754,2350.754,2350.754
1716844500000,2350.754,2350.754,2350.754,2350.754
1716845400000,2350.754,2350.754,2350.754,2350.754
1716846300000,2350.754,2350.754,2350.754,2350.754
1716847200000,2351.098,2352.855,2351.045,2352.415
1716848100000,2352.345,2353.185,2352.345,2352.925
1716849000000,2352.955,2353.765,2352.205,2352.375
1716849900000,2352.385,2352.425,2351.845,2351.965
1716850800000,2351.985,2352.045,2351.015,2351.625
1716851700000,2351.608,2352.695,2351.425,2352.194
1716852600000,2352.194,2352.508,2351.225,2352.098
1716853500000,2352.058,2352.685,2350.945,2352.365
1716854400000,2352.365,2353.115,2351.518,2352.665
1716855300000,2352.665,2353.525,2351.195,2351.465
1716856200000,2351.465,2352.725,2351.095,2352.285
1716857100000,2352.365,2352.375,2351.158,2351.635
1716858000000,2351.635,2353.235,2349.808,2349.965
1716858900000,2349.965,2352.555,2349.015,2351.218
1716859800000,2351.208,2355.295,2351.005,2354.395
1716860700000,2354.395,2356.228,2353.958,2354.598
1716861600000,2354.585,2355.745,2352.908,2353.525
1716862500000,2353.685,2354.065,2352.875,2353.085
1716863400000,2353.085,2353.365,2351.435,2352.338
1716864300000,2352.308,2355.145,2351.735,2354.048
1716865200000,2354.025,2354.395,2352.308,2353.045
1716866100000,2353.055,2353.505,2350.658,2351.355
1716867000000,2351.375,2351.725,2350.525,2350.595
1716867900000,2350.575,2351.575,2350.035,2350.788
1716868800000,2350.745,2351.645,2350.305,2350.855
1716869700000,2350.775,2351.635,2350.415,2351.485
1716870600000,2351.488,2351.985,2350.505,2351.255
1716871500000,2351.335,2351.825,2350.805,2350.868
1716872400000,2350.868,2353.625,2350.565,2352.555
1716873300000,2352.495,2352.655,2351.505,2351.825
1716874200000,2351.825,2353.205,2350.988,2351.818
1716875100000,2351.725,2352.055,2349.428,2350.315
1716876000000,2350.325,2350.325,2346.365,2346.705
1716876900000,2346.615,2347.425,2341.918,2342.535
1716877800000,2342.515,2344.915,2341.725,2343.385
1716878700000,2343.375,2343.435,2341.235,2341.715
1716879600000,2341.675,2344.485,2341.605,2342.545
1716880500000,2342.545,2344.855,2342.525,2343.465
1716881400000,2343.465,2344.675,2342.585,2344.075
1716882300000,2344.065,2344.405,2342.755,2343.975
1716883200000,2343.935,2344.935,2340.635,2340.645
1716884100000,2340.695,2341.985,2340.155,2341.445
1716885000000,2341.395,2343.055,2340.855,2342.054
1716885900000,2342.015,2344.955,2341.468,2344.795
1716886800000,2344.815,2345.075,2343.048,2343.508
1716887700000,2343.508,2344.695,2342.155,2344.405
1716888600000,2344.455,2344.755,2343.735,2344.235
1716889500000,2344.295,2344.825,2343.525,2343.728
1716890400000,2343.705,2345.155,2343.095,2344.945
1716891300000,2344.915,2345.395,2343.705,2344.595
1716892200000,2344.595,2345.695,2344.255,2344.445
1716893100000,2344.485,2346.135,2344.285,2345.605
1716894000000,2345.605,2345.605,2343.455,2344.565
1716894900000,2344.565,2345.155,2343.715,2344.845
1716895800000,2344.875,2346.015,2344.595,2345.845
1716896700000,2345.945,2348.348,2345.705,2347.348
1716897600000,2347.294,2350.925,2345.815,2350.385
1716898500000,2350.405,2356.245,2349.875,2354.315
1716899400000,2354.285,2357.025,2353.148,2355.015
1716900300000,2355.065,2355.475,2352.395,2353.035
1716901200000,2353.035,2356.835,2352.095,2356.645
1716902100000,2356.625,2363.975,2356.525,2360.685
1716903000000,2360.725,2362.595,2357.025,2357.778
1716903900000,2357.778,2357.778,2352.985,2354.935
1716904800000,2354.735,2354.735,2347.975,2350.485
1716905700000,2350.515,2354.045,2347.805,2353.058
1716906600000,2353.004,2355.125,2351.744,2353.775
1716907500000,2353.775,2356.845,2352.728,2355.168
1716908400000,2355.158,2356.105,2352.805,2355.755
1716909300000,2355.825,2359.615,2355.455,2358.805
1716910200000,2358.815,2361.455,2356.785,2360.135
1716911100000,2360.148,2361.965,2359.685,2360.188
1716912000000,2360.155,2362.105,2359.125,2361.225
1716912900000,2361.235,2361.365,2356.975,2357.355
1716913800000,2357.425,2358.755,2355.685,2356.308
1716914700000,2356.308,2358.005,2355.115,2356.568
1716915600000,2356.508,2356.818,2353.745,2353.768
1716916500000,2353.765,2355.975,2353.058,2355.755
1716917400000,2355.655,2359.925,2355.445,2358.865
1716918300000,2358.915,2358.915,2356.435,2356.798
1716919200000,2356.725,2357.565,2355.135,2355.605
1716920100000,2355.695,2356.285,2353.475,2353.875
1716921000000,2353.895,2354.565,2352.685,2354.335
1716921900000,2354.355,2357.688,2353.908,2356.988
1716922800000,2356.975,2358.028,2355.665,2356.065
1716923700000,2356.025,2358.155,2355.855,2357.665
1716924600000,2357.715,2359.815,2357.548,2359.498
1716925500000,2359.495,2360.078,2357.998,2358.108
1716926400000,2358.055,2358.578,2357.705,2358.218
1716927300000,2358.218,2360.458,2358.205,2359.748
1716928200000,2359.695,2360.028,2358.945,2358.995
1716929100000,2358.978,2361.315,2358.765,2361.015
1716930000000,2361.015,2361.015,2361.015,2361.015
1716930900000,2361.015,2361.015,2361.015,2361.015
1716931800000,2361.015,2361.015,2361.015,2361.015
1716932700000,2361.015,2361.015,2361.015,2361.015
1716933600000,2360.185,2362.105,2359.718,2361.245
1716934500000,2361.105,2361.365,2358.745,2359.505
1716935400000,2359.555,2359.555,2358.615,2358.665
1716936300000,2358.625,2359.165,2357.935,2359.055
1716937200000,2359.055,2359.165,2357.965,2359.075
1716938100000,2359.075,2359.418,2358.595,2359.288
1716939000000,2359.258,2360.765,2359.108,2359.445
1716939900000,2359.525,2360.305,2358.568,2359.685
1716940800000,2359.495,2360.915,2359.255,2360.225
1716941700000,2360.238,2360.668,2358.734,2358.878
1716942600000,2358.835,2359.498,2357.475,2357.475
1716943500000,2357.485,2358.505,2357.215,2357.715
1716944400000,2357.715,2359.095,2356.235,2357.475
1716945300000,2357.515,2358.635,2356.545,2357.868
1716946200000,2357.868,2359.355,2355.568,2356.118
1716947100000,2356.015,2357.265,2355.788,2356.348
1716948000000,2356.335,2358.515,2355.955,2358.385
1716948900000,2358.415,2359.885,2357.305,2359.675
1716949800000,2359.675,2360.748,2357.845,2358.425
1716950700000,2358.425,2358.525,2354.288,2355.515
1716951600000,2355.515,2358.225,2355.465,2356.865
1716952500000,2356.865,2357.475,2355.195,2356.388
1716953400000,2356.388,2357.018,2355.615,2356.905
1716954300000,2356.905,2359.025,2356.578,2358.045
1716955200000,2358.075,2358.355,2356.728,2358.115
1716956100000,2358.115,2358.785,2357.938,2358.355
1716957000000,2358.355,2358.575,2357.025,2357.295
1716957900000,2357.345,2358.925,2357.238,2358.138
1716958800000,2358.235,2358.485,2357.208,2357.684
1716959700000,2357.708,2358.758,2357.438,2358.475
1716960600000,2358.435,2361.275,2357.688,2358.295
1716961500000,2358.275,2359.648,2356.398,2356.648
1716962400000,2356.605,2356.635,2353.398,2353.478
1716963300000,2353.475,2354.165,2351.575,2353.445
1716964200000,2353.418,2354.555,2350.975,2353.945
1716965100000,2353.915,2355.905,2353.525,2355.695
1716966000000,2355.695,2356.058,2353.775,2354.195
1716966900000,2354.205,2356.025,2352.595,2353.085
1716967800000,2353.075,2353.465,2351.325,2352.315
1716968700000,2352.365,2352.835,2349.925,2350.425
1716969600000,2350.405,2351.715,2348.684,2351.205
1716970500000,2351.145,2351.295,2347.055,2347.495
1716971400000,2347.525,2348.985,2345.825,2346.355
1716972300000,2346.315,2348.305,2344.795,2345.375
1716973200000,2345.405,2345.515,2340.758,2342.425
1716974100000,2342.325,2343.995,2341.135,2342.855
1716975000000,2342.875,2344.275,2341.378,2344.155
1716975900000,2344.115,2346.084,2343.625,2345.634
1716976800000,2345.608,2345.608,2343.235,2344.075
1716977700000,2344.055,2345.775,2343.665,2344.615
1716978600000,2344.585,2346.645,2342.975,2345.985
1716979500000,2345.975,2347.118,2345.745,2346.395
1716980400000,2346.345,2346.905,2343.425,2343.525
1716981300000,2343.485,2345.445,2342.625,2344.725
1716982200000,2344.755,2344.935,2342.925,2343.265
1716983100000,2343.265,2343.665,2338.435,2341.585
1716984000000,2341.495,2342.185,2339.818,2341.178
1716984900000,2341.105,2343.005,2338.438,2341.685
1716985800000,2341.685,2343.638,2341.375,2342.295
1716986700000,2342.295,2342.855,2334.438,2337.535
1716987600000,2337.685,2345.045,2335.768,2342.238
1716988500000,2342.198,2346.275,2341.835,2344.375
1716989400000,2344.435,2347.065,2339.815,2340.535
1716990300000,2340.625,2346.105,2339.998,2345.545
1716991200000,2345.555,2346.325,2342.535,2343.625
1716992100000,2343.645,2345.515,2341.565,2344.175
1716993000000,2344.235,2346.335,2342.675,2343.005
1716993900000,2343.005,2344.855,2341.355,2343.365
1716994800000,2343.365,2343.615,2338.905,2340.305
1716995700000,2340.305,2341.785,2339.125,2339.555
1716996600000,2339.555,2340.075,2336.635,2339.675
1716997500000,2339.675,2341.435,2338.915,2339.048
1716998400000,2339.038,2339.895,2336.728,2336.788
1716999300000,2336.755,2339.035,2335.895,2338.535
1717000200000,2338.565,2340.458,2337.245,2339.625
1717001100000,2339.585,2341.808,2339.585,2341.808
1717002000000,2341.724,2342.158,2339.278,2339.995
1717002900000,2340.068,2341.748,2339.235,2341.258
1717003800000,2341.255,2343.058,2340.815,2342.648
1717004700000,2342.648,2344.158,2342.428,2343.598
1717005600000,2343.528,2344.198,2342.828,2343.585
1717006500000,2343.544,2343.678,2341.395,2341.675
1717007400000,2341.675,2341.728,2339.355,2339.415
1717008300000,2339.378,2339.605,2337.938,2338.118
1717009200000,2338.095,2338.905,2337.455,2338.885
1717010100000,2338.865,2339.218,2337.335,2337.638
1717011000000,2337.638,2338.145,2336.735,2337.655
1717011900000,2337.778,2338.058,2336.225,2336.648
1717012800000,2336.675,2338.215,2335.785,2337.455
1717013700000,2337.415,2337.455,2336.385,2336.885
1717014600000,2336.935,2338.575,2336.835,2337.265
1717015500000,2337.285,2338.575,2337.135,2337.755
1717016400000,2337.755,2337.755,2337.755,2337.755
1717017300000,2337.755,2337.755,2337.755,2337.755
1717018200000,2337.755,2337.755,2337.755,2337.755
1717019100000,2337.755,2337.755,2337.755,2337.755
1717020000000,2337.098,2338.955,2336.845,2338.285
1717020900000,2338.315,2339.105,2337.625,2338.615
1717021800000,2338.675,2338.795,2337.145,2337.425
1717022700000,2337.405,2337.725,2337.105,2337.495
1717023600000,2337.508,2338.415,2337.428,2338.385
1717024500000,2338.405,2338.985,2338.145,2338.325
1717025400000,2338.315,2338.685,2337.505,2337.845
1717026300000,2337.845,2338.905,2337.745,2338.285
1717027200000,2338.235,2338.285,2335.865,2336.515
1717028100000,2336.515,2337.278,2335.505,2336.575
1717029000000,2336.535,2337.285,2333.898,2335.145
1717029900000,2335.145,2337.288,2335.145,2336.748
1717030800000,2336.748,2339.015,2334.918,2338.895
1717031700000,2338.985,2339.758,2337.665,2338.095
1717032600000,2338.095,2338.185,2333.495,2333.505
1717033500000,2333.435,2335.055,2333,2333.918
1717034400000,2333.875,2336.465,2333.165,2335.998
1717035300000,2336.055,2336.098,2333.275,2334.445
1717036200000,2334.515,2334.545,2327.885,2329.485
1717037100000,2329.485,2331.538,2328.285,2330.725
1717038000000,2330.765,2331.015,2329.005,2330.588
1717038900000,2330.555,2332.815,2330.515,2332.365
1717039800000,2332.335,2334.955,2331.695,2334.365
1717040700000,2334.385,2334.915,2333.435,2334.268
1717041600000,2334.255,2336.195,2333.975,2336.048
1717042500000,2336.045,2336.368,2334.998,2335.165
1717043400000,2335.218,2335.605,2333.925,2335.185
1717044300000,2335.185,2337.035,2334.655,2335.175
1717045200000,2335.155,2335.688,2334.535,2335.268
1717046100000,2335.265,2335.428,2331.825,2332.035
1717047000000,2331.935,2332.168,2325.195,2326.935
1717047900000,2326.815,2327.348,2322.458,2324.775
1717048800000,2324.855,2327.385,2323.868,2326.235
1717049700000,2326.235,2328.705,2324.705,2328.135
1717050600000,2328.125,2329.975,2328.125,2329.505
1717051500000,2329.525,2332.975,2328.725,2332.735
1717052400000,2332.735,2337.118,2332.155,2336.695
1717053300000,2336.548,2337.588,2334.425,2335.485
1717054200000,2335.415,2335.775,2332.525,2333.535
1717055100000,2333.545,2335.325,2333.545,2334.255
1717056000000,2334.355,2335.205,2331.955,2332.685
1717056900000,2332.665,2334.878,2331.785,2333.925
1717057800000,2333.948,2334.948,2332.805,2332.955
1717058700000,2332.958,2335.688,2332.828,2334.918
1717059600000,2334.915,2337.705,2334.095,2337.068
1717060500000,2337.078,2337.885,2334.325,2336.895
1717061400000,2336.895,2337.415,2332.145,2333.115
1717062300000,2333.148,2333.255,2331.535,2333.075
1717063200000,2333.075,2333.355,2330.635,2331.485
1717064100000,2331.375,2332.928,2330.455,2332.908
1717065000000,2332.825,2335.095,2331.845,2335.095
1717065900000,2334.978,2340.795,2334.878,2340.545
1717066800000,2340.545,2340.555,2338.065,2338.395
1717067700000,2338.395,2339.495,2336.495,2337.338
1717068600000,2337.328,2338.908,2336.585,2337.915
1717069500000,2337.895,2338.055,2335.125,2335.748
1717070400000,2335.745,2336.525,2331.895,2334.025
1717071300000,2334.055,2341.455,2333.505,2336.735
1717072200000,2336.735,2345.105,2336.308,2342.535
1717073100000,2342.534,2343.195,2339.845,2341.178
1717074000000,2341.165,2344.215,2339.635,2344.125
1717074900000,2344.115,2344.575,2341.048,2342.905
1717075800000,2342.885,2347.525,2342.435,2346.015
1717076700000,2346.108,2348.465,2345.325,2348.465
1717077600000,2348.475,2350.695,2346.655,2347.775
1717078500000,2347.805,2351.698,2347.498,2348.425
1717079400000,2348.415,2349.475,2345.825,2346.755
1717080300000,2346.825,2347.265,2342.628,2343.995
1717081200000,2343.995,2345.598,2343.168,2344.495
1717082100000,2344.485,2345.475,2341.655,2342.575
1717083000000,2342.535,2345.205,2341.955,2343.985
1717083900000,2343.985,2344.655,2342.815,2343.738
1717084800000,2343.738,2344.515,2340.764,2341.185
1717085700000,2341.165,2344.465,2340.885,2343.835
1717086600000,2343.825,2347.068,2343.588,2346.975
1717087500000,2346.915,2347.908,2346.105,2347.735
1717088400000,2347.755,2348.755,2345.895,2346.275
1717089300000,2346.315,2348.005,2344.595,2344.698
1717090200000,2344.668,2345.458,2342.735,2343.355
1717091100000,2343.355,2344.878,2342.965,2344.338
1717092000000,2344.338,2344.468,2341.805,2342.915
1717092900000,2342.915,2343.305,2341.545,2342.158
1717093800000,2342.158,2343.198,2341.595,2342.248
1717094700000,2342.248,2342.858,2341.185,2342.478
1717095600000,2342.395,2342.488,2340.925,2341.878
1717096500000,2341.878,2341.968,2340.688,2340.958
1717097400000,2340.958,2342.498,2340.538,2341.078
1717098300000,2341.115,2341.998,2339.795,2341.428
1717099200000,2341.425,2341.998,2341.335,2341.818
1717100100000,2341.818,2342.728,2341.568,2342.258
1717101000000,2342.278,2343.168,2341.855,2343.128
1717101900000,2343.045,2343.525,2341.798,2342.875
1717102800000,2342.875,2342.875,2342.875,2342.875
1717103700000,2342.875,2342.875,2342.875,2342.875
1717104600000,2342.875,2342.875,2342.875,2342.875
1717105500000,2342.875,2342.875,2342.875,2342.875
1717106400000,2344.705,2344.915,2342.685,2343.015
1717107300000,2343.035,2344.495,2341.845,2343.755
1717108200000,2343.725,2344.645,2343.255,2343.445
1717109100000,2343.465,2344.125,2342.695,2344.005
1717110000000,2343.995,2344.705,2343.155,2344.415
1717110900000,2344.465,2346.275,2343.895,2343.945
1717111800000,2343.978,2344.425,2343.265,2343.535
1717112700000,2343.505,2344.065,2343.058,2343.864
