timestamp,open,high,low,close
1661990400000,1708.794,1708.794,1707.064,1708.034
1661991300000,1708.034,1708.104,1706.134,1707.264
1661992200000,1707.334,1708.658,1705.704,1706.004
1661993100000,1706.024,1707.094,1705.438,1705.904
1661994000000,1705.844,1707.194,1705.014,1705.198
1661994900000,1705.228,1706.458,1704.688,1704.688
1661995800000,1704.668,1705.228,1703.824,1703.984
1661996700000,1703.934,1704.468,1703.248,1703.328
1661997600000,1703.318,1703.458,1702.174,1703.344
1661998500000,1703.388,1705.514,1703.364,1705.028
1661999400000,1705.048,1706.118,1704.648,1704.828
1662000300000,1704.834,1705.388,1704.258,1704.474
1662001200000,1704.494,1705.258,1704.298,1704.624
1662002100000,1704.598,1706.168,1704.574,1706.104
1662003000000,1706.104,1706.104,1704.788,1704.938
1662003900000,1704.928,1704.958,1704.098,1704.514
1662004800000,1704.484,1704.898,1703.638,1703.744
1662005700000,1703.738,1704.388,1703.334,1703.824
1662006600000,1703.824,1703.938,1703.058,1703.234
1662007500000,1703.214,1703.908,1702.584,1702.898
1662008400000,1702.888,1704.308,1702.648,1703.838
1662009300000,1703.848,1705.978,1703.424,1705.874
1662010200000,1705.874,1707.074,1705.584,1706.874
1662011100000,1706.864,1708.434,1706.738,1707.378
1662012000000,1707.394,1707.658,1704.918,1705.298
1662012900000,1705.318,1705.388,1703.348,1703.548
1662013800000,1703.548,1706.674,1703.404,1706.668
1662014700000,1706.664,1707.328,1705.473,1706.864
1662015600000,1706.864,1706.898,1705.034,1705.584
1662016500000,1705.548,1707.114,1705.288,1706.238
1662017400000,1706.238,1706.248,1704.898,1705.364
1662018300000,1705.351,1705.504,1704.568,1705.004
1662019200000,1704.998,1704.998,1702.598,1702.884
1662020100000,1702.884,1704.684,1701.024,1703.451
1662021000000,1703.431,1703.784,1700.458,1702.208
1662021900000,1702.198,1703.138,1701.694,1702.044
1662022800000,1702.044,1704.778,1702.018,1704.555
1662023700000,1704.555,1706.968,1704.458,1704.869
1662024600000,1704.954,1708.604,1704.885,1706.934
1662025500000,1706.934,1707.704,1705.764,1705.784
1662026400000,1705.713,1705.79,1703.008,1703.184
1662027300000,1703.274,1703.274,1701.848,1702.338
1662028200000,1702.348,1702.458,1699.878,1700.788
1662029100000,1700.764,1702.008,1700.068,1701.938
1662030000000,1701.933,1702.608,1700.998,1702.454
1662030900000,1702.434,1702.564,1700.998,1702.218
1662031800000,1702.224,1703.654,1700.988,1703.628
1662032700000,1703.598,1703.818,1701.378,1701.704
1662033600000,1701.674,1701.944,1700.014,1700.148
1662034500000,1700.121,1703.434,1699.757,1703.227
1662035400000,1703.204,1703.994,1694.954,1695.578
1662036300000,1695.528,1701.294,1694.844,1700.974
1662037200000,1700.974,1701.995,1697.598,1697.828
1662038100000,1697.828,1698.838,1696.384,1697.984
1662039000000,1698.044,1698.044,1694.528,1696.364
1662039900000,1696.364,1699.988,1695.658,1698.888
1662040800000,1698.888,1698.888,1692.924,1693.434
1662041700000,1693.414,1696.028,1690.824,1695.79
1662042600000,1695.78,1695.825,1690,1690.228
1662043500000,1690.228,1692.53,1688.668,1692.225
1662044400000,1692.128,1698.784,1691.995,1697.615
1662045300000,1697.605,1698.465,1693.729,1694.164
1662046200000,1694.16,1695.115,1692.735,1694.675
1662047100000,1694.675,1696.578,1694.348,1695.448
1662048000000,1695.478,1699.404,1695.318,1697.594
1662048900000,1697.594,1699.588,1697.338,1697.363
1662049800000,1697.388,1697.574,1694.954,1695.278
1662050700000,1695.278,1695.494,1694.784,1694.854
1662051600000,1694.848,1696.884,1694.348,1696.884
1662052500000,1696.894,1698.544,1696.828,1698.054
1662053400000,1698.064,1699.088,1697.495,1698.268
1662054300000,1698.284,1698.284,1696.588,1696.954
1662055200000,1696.964,1698.008,1696.064,1696.268
1662056100000,1696.248,1698.318,1695.914,1697.484
1662057000000,1697.464,1697.794,1694.938,1695.398
1662057900000,1695.444,1695.764,1694.388,1694.484
1662058800000,1694.454,1696.868,1694.454,1696.498
1662059700000,1696.478,1696.698,1695.088,1695.938
1662060600000,1695.918,1696.428,1694.798,1694.798
1662061500000,1694.798,1695.574,1694.434,1694.594
1662062400000,1694.594,1695.128,1694.164,1695.098
1662063300000,1695.108,1695.378,1694.908,1694.908
1662064200000,1694.908,1696.398,1694.898,1696.248
1662065100000,1696.178,1697.708,1696.048,1697.298
1662066000000,1697.298,1697.298,1697.298,1697.298
1662066900000,1697.298,1697.298,1697.298,1697.298
1662067800000,1697.298,1697.298,1697.298,1697.298
1662068700000,1697.298,1697.298,1697.298,1697.298
1662069600000,1696.608,1697.548,1695.788,1695.798
1662070500000,1695.688,1695.828,1695.404,1695.774
1662071400000,1695.804,1695.904,1695.328,1695.478
1662072300000,1695.478,1695.628,1695.368,1695.478
1662073200000,1695.448,1695.894,1694.868,1695.738
1662074100000,1695.738,1696.384,1695.364,1696.374
1662075000000,1696.304,1696.898,1696.148,1696.764
1662075900000,1696.774,1697.758,1696.728,1697.018
1662076800000,1697.034,1698.464,1696.824,1698.234
1662077700000,1698.234,1699.164,1698.154,1699.018
1662078600000,1699.028,1699.098,1697.864,1698.094
1662079500000,1698.074,1698.628,1697.734,1697.841
1662080400000,1697.848,1699.104,1696.824,1697.164
1662081300000,1697.128,1698.598,1696.728,1697.504
1662082200000,1697.544,1697.974,1696.558,1697.258
1662083100000,1697.258,1698.188,1697.258,1697.585
1662084000000,1697.585,1697.585,1696.178,1697.018
1662084900000,1697.018,1697.228,1696.418,1697.078
1662085800000,1697.048,1698.108,1696.918,1697.584
1662086700000,1697.568,1698.658,1697.558,1698.608
1662087600000,1698.638,1699.794,1698.304,1699.594
1662088500000,1699.594,1700.204,1699.218,1699.615
1662089400000,1699.615,1699.981,1699.044,1699.364
1662090300000,1699.373,1700.188,1699.373,1699.424
1662091200000,1699.404,1699.854,1699.064,1699.264
1662092100000,1699.268,1699.515,1699.004,1699.438
1662093000000,1699.448,1699.688,1698.525,1699.114
1662093900000,1699.104,1699.448,1698.508,1699.164
1662094800000,1699.108,1699.464,1698.768,1698.964
1662095700000,1698.954,1699.538,1698.768,1699.098
1662096600000,1699.098,1700.568,1698.924,1700.378
1662097500000,1700.358,1701.574,1699.808,1701.548
1662098400000,1701.538,1702.834,1700.898,1701.174
1662099300000,1701.144,1701.534,1700.384,1700.878
1662100200000,1700.878,1702.284,1700.368,1702.124
1662101100000,1702.154,1703.258,1702.154,1702.618
1662102000000,1702.588,1702.803,1700.908,1701.248
1662102900000,1701.264,1703.184,1700.988,1703.038
1662103800000,1703.024,1704.048,1702.284,1703.615
1662104700000,1703.615,1704.454,1703.488,1703.578
1662105600000,1703.588,1703.754,1702.004,1702.468
1662106500000,1702.468,1704.508,1702.254,1704.104
1662107400000,1704.134,1704.548,1703.604,1703.804
1662108300000,1703.799,1704.528,1703.768,1704.434
1662109200000,1704.444,1704.898,1704.198,1704.644
1662110100000,1704.664,1705.884,1704.374,1705.278
1662111000000,1705.308,1707.048,1705.288,1706.284
1662111900000,1706.284,1707.048,1705.842,1706.904
1662112800000,1706.913,1707.255,1706.44,1706.484
1662113700000,1706.464,1706.948,1704.915,1705.318
1662114600000,1705.318,1706.378,1704.908,1705.794
1662115500000,1705.764,1706.548,1705.191,1705.444
1662116400000,1705.438,1705.698,1704.488,1704.734
1662117300000,1704.754,1706.274,1704.608,1705.538
1662118200000,1705.538,1706.018,1704.754,1704.886
1662119100000,1704.883,1706.838,1704.823,1705.698
1662120000000,1705.728,1706.524,1704.814,1705.418
1662120900000,1705.398,1706.054,1704.098,1704.974
1662121800000,1704.994,1714.684,1704.304,1704.348
1662122700000,1704.224,1708.804,1704.148,1708.734
1662123600000,1708.734,1710.138,1706.028,1709.12
1662124500000,1709.12,1712.598,1708.465,1710.354
1662125400000,1710.368,1711.984,1708.318,1709.054
1662126300000,1709.054,1712.958,1709.054,1712.064
1662127200000,1712.064,1713.844,1711.064,1711.764
1662128100000,1711.784,1714.114,1711.644,1713.684
1662129000000,1713.694,1716.298,1713.278,1715.354
1662129900000,1715.354,1717.878,1715.354,1717.124
1662130800000,1717.138,1717.494,1715.418,1716.379
1662131700000,1716.358,1716.534,1713.478,1714.074
1662132600000,1714.064,1714.598,1712.738,1713.424
1662133500000,1713.434,1716.114,1713.418,1716.114
1662134400000,1716.114,1716.334,1715.408,1716.014
1662135300000,1716.008,1716.404,1713.794,1714.024
1662136200000,1714.024,1714.414,1713.093,1713.234
1662137100000,1713.234,1714.628,1712.744,1713.964
1662138000000,1713.984,1714.184,1712.578,1713.608
1662138900000,1713.614,1713.854,1711.028,1711.064
1662139800000,1711.064,1711.348,1709.388,1710.354
1662140700000,1710.348,1711.588,1710.148,1710.748
1662141600000,1710.748,1713.614,1710.748,1713.244
1662142500000,1713.228,1714.264,1712.974,1714.164
1662143400000,1714.164,1715.534,1713.844,1714.354
1662144300000,1714.284,1714.304,1712.754,1713.444
1662145200000,1713.428,1713.428,1711.684,1712.04
1662146100000,1712.04,1712.223,1709.568,1709.674
1662147000000,1709.634,1710.693,1708.678,1708.904
1662147900000,1708.914,1709.978,1708.778,1709.545
1662148800000,1709.545,1710.214,1709.334,1709.378
1662149700000,1709.378,1710.328,1709.178,1710.178
1662150600000,1710.138,1711.698,1709.968,1711.481
1662151500000,1711.483,1712.748,1711.254,1711.278
1662249600000,1710.864,1710.864,1710.864,1710.864
1662250500000,1710.864,1710.864,1710.864,1710.864
1662251400000,1710.864,1710.864,1710.864,1710.864
1662252300000,1710.864,1710.864,1710.864,1710.864
1662253200000,1710.864,1710.864,1710.864,1710.864
1662254100000,1710.864,1710.864,1710.864,1710.864
1662255000000,1710.864,1710.864,1710.864,1710.864
1662255900000,1710.864,1710.864,1710.864,1710.864
1662256800000,1710.864,1710.864,1710.864,1710.864
1662257700000,1710.864,1710.864,1710.864,1710.864
1662258600000,1710.864,1710.864,1710.864,1710.864
1662259500000,1710.864,1710.864,1710.864,1710.864
1662260400000,1710.864,1710.864,1710.864,1710.864
1662261300000,1710.864,1710.864,1710.864,1710.864
1662262200000,1710.864,1710.864,1710.864,1710.864
1662263100000,1710.864,1710.864,1710.864,1710.864
1662264000000,1710.864,1710.864,1710.864,1710.864
1662264900000,1710.864,1710.864,1710.864,1710.864
1662265800000,1710.864,1710.864,1710.864,1710.864
1662266700000,1710.864,1710.864,1710.864,1710.864
1662267600000,1710.864,1710.864,1710.864,1710.864
1662268500000,1710.864,1710.864,1710.864,1710.864
1662269400000,1710.864,1710.864,1710.864,1710.864
1662270300000,1710.864,1710.864,1710.864,1710.864
1662271200000,1710.864,1710.864,1710.864,1710.864
1662272100000,1710.864,1710.864,1710.864,1710.864
1662273000000,1710.864,1710.864,1710.864,1710.864
1662273900000,1710.864,1710.864,1710.864,1710.864
1662274800000,1710.864,1710.864,1710.864,1710.864
1662275700000,1710.864,1710.864,1710.864,1710.864
1662276600000,1710.864,1710.864,1710.864,1710.864
1662277500000,1710.864,1710.864,1710.864,1710.864
1662278400000,1710.864,1710.864,1710.864,1710.864
1662279300000,1710.864,1710.864,1710.864,1710.864
1662280200000,1710.864,1710.864,1710.864,1710.864
1662281100000,1710.864,1710.864,1710.864,1710.864
1662282000000,1710.864,1710.864,1710.864,1710.864
1662282900000,1710.864,1710.864,1710.864,1710.864
1662283800000,1710.864,1710.864,1710.864,1710.864
1662284700000,1710.864,1710.864,1710.864,1710.864
1662285600000,1710.864,1710.864,1710.864,1710.864
1662286500000,1710.864,1710.864,1710.864,1710.864
1662287400000,1710.864,1710.864,1710.864,1710.864
1662288300000,1710.864,1710.864,1710.864,1710.864
1662289200000,1710.864,1710.864,1710.864,1710.864
1662290100000,1710.864,1710.864,1710.864,1710.864
1662291000000,1710.864,1710.864,1710.864,1710.864
1662291900000,1710.864,1710.864,1710.864,1710.864
1662292800000,1710.864,1710.864,1710.864,1710.864
1662293700000,1710.864,1710.864,1710.864,1710.864
1662294600000,1710.864,1710.864,1710.864,1710.864
1662295500000,1710.864,1710.864,1710.864,1710.864
1662296400000,1710.864,1710.864,1710.864,1710.864
1662297300000,1710.864,1710.864,1710.864,1710.864
1662298200000,1710.864,1710.864,1710.864,1710.864
1662299100000,1710.864,1710.864,1710.864,1710.864
1662300000000,1710.864,1710.864,1710.864,1710.864
1662300900000,1710.864,1710.864,1710.864,1710.864
1662301800000,1710.864,1710.864,1710.864,1710.864
1662302700000,1710.864,1710.864,1710.864,1710.864
1662303600000,1710.864,1710.864,1710.864,1710.864
1662304500000,1710.864,1710.864,1710.864,1710.864
1662305400000,1710.864,1710.864,1710.864,1710.864
1662306300000,1710.864,1710.864,1710.864,1710.864
1662307200000,1710.864,1710.864,1710.864,1710.864
1662308100000,1710.864,1710.864,1710.864,1710.864
1662309000000,1710.864,1710.864,1710.864,1710.864
1662309900000,1710.864,1710.864,1710.864,1710.864
1662310800000,1710.864,1710.864,1710.864,1710.864
1662311700000,1710.864,1710.864,1710.864,1710.864
1662312600000,1710.864,1710.864,1710.864,1710.864
1662313500000,1710.864,1710.864,1710.864,1710.864
1662314400000,1710.864,1710.864,1710.864,1710.864
1662315300000,1710.864,1710.864,1710.864,1710.864
1662316200000,1710.864,1710.864,1710.864,1710.864
1662317100000,1710.864,1710.864,1710.864,1710.864
1662318000000,1710.864,1710.864,1710.864,1710.864
1662318900000,1710.864,1710.864,1710.864,1710.864
1662319800000,1710.864,1710.864,1710.864,1710.864
1662320700000,1710.864,1710.864,1710.864,1710.864
1662321600000,1710.864,1710.864,1710.864,1710.864
1662322500000,1710.864,1710.864,1710.864,1710.864
1662323400000,1710.864,1710.864,1710.864,1710.864
1662324300000,1710.864,1710.864,1710.864,1710.864
1662325200000,1710.864,1710.864,1710.864,1710.864
1662326100000,1710.864,1710.864,1710.864,1710.864
1662327000000,1710.864,1710.864,1710.864,1710.864
1662327900000,1710.864,1710.864,1710.864,1710.864
1662328800000,1712.598,1713.001,1710.034,1710.858
1662329700000,1710.848,1711.478,1710.348,1710.928
1662330600000,1710.928,1711.288,1709.934,1710.134
1662331500000,1710.144,1710.508,1709.524,1710.024
1662332400000,1710.094,1710.094,1708.784,1708.908
1662333300000,1708.908,1709.384,1708.694,1709.084
1662334200000,1709.054,1709.538,1708.684,1708.684
1662335100000,1708.688,1708.714,1707.804,1707.995
1662336000000,1707.995,1709.738,1707.574,1709.408
1662336900000,1709.434,1709.538,1707.698,1707.874
1662337800000,1707.814,1709.208,1707.684,1709.178
1662338700000,1709.178,1709.728,1708.574,1708.804
1662339600000,1708.804,1712.664,1708.504,1712.448
1662340500000,1712.448,1712.574,1711.694,1712.145
1662341400000,1712.144,1712.434,1710.844,1711.178
1662342300000,1711.174,1711.944,1711.164,1711.624
1662343200000,1711.624,1712.058,1709.804,1709.954
1662344100000,1709.934,1709.974,1708.588,1708.958
1662345000000,1708.964,1710.288,1708.464,1708.914
1662345900000,1708.914,1711.188,1708.378,1711.134
1662346800000,1711.108,1711.544,1710.608,1711.544
1662347700000,1711.544,1712.298,1711.344,1712.108
1662348600000,1712.108,1712.764,1711.844,1711.934
1662349500000,1711.934,1712.378,1711.541,1711.894
1662350400000,1711.938,1712.384,1711.424,1712.128
1662351300000,1712.168,1713.918,1711.738,1713.571
1662352200000,1713.551,1713.948,1712.858,1713.324
1662353100000,1713.324,1713.354,1712.588,1712.834
1662354000000,1712.834,1713.004,1711.794,1712.214
1662354900000,1712.184,1712.184,1710.888,1711.178
1662355800000,1711.158,1713.764,1710.898,1712.158
1662356700000,1712.148,1713.394,1711.94,1713.194
1662357600000,1713.194,1713.194,1711.034,1711.964
1662358500000,1711.964,1711.968,1710.108,1710.274
1662359400000,1710.274,1710.644,1709.394,1710.474
1662360300000,1710.444,1712.014,1710.238,1711.548
1662361200000,1711.548,1711.638,1708.2,1708.311
1662362100000,1708.301,1709.705,1708.14,1708.511
1662363000000,1708.511,1711.588,1708.465,1709.833
1662363900000,1709.813,1710.745,1709.278,1710.631
1662364800000,1710.64,1712.324,1710.601,1711.794
1662365700000,1711.804,1713.344,1711.751,1712.948
1662366600000,1712.898,1713.964,1712.41,1712.43
1662367500000,1712.43,1713.531,1711.748,1711.795
1662368400000,1711.795,1712.458,1710.804,1711.038
1662369300000,1711.038,1711.978,1710.385,1711.768
1662370200000,1711.818,1713.744,1711.488,1713.598
1662371100000,1713.618,1714.474,1713.124,1714.048
1662372000000,1714.108,1714.834,1713.808,1714.638
1662372900000,1714.674,1715.668,1714.104,1714.114
1662373800000,1714.084,1714.364,1712.823,1713.604
1662374700000,1713.604,1714.768,1713.448,1714.655
1662375600000,1714.665,1715.555,1714.214,1714.334
1662376500000,1714.354,1714.714,1713.178,1713.284
1662377400000,1713.278,1713.854,1712.465,1712.904
1662378300000,1712.874,1714.244,1712.874,1713.598
1662379200000,1713.578,1713.588,1711.895,1711.938
1662380100000,1711.918,1713.008,1711.434,1712.813
1662381000000,1712.809,1713.518,1712.273,1713.518
1662381900000,1713.534,1713.708,1712.379,1712.535
1662382800000,1712.544,1713.135,1711.73,1712.198
1662383700000,1712.203,1713.535,1711.649,1712.135
1662384600000,1712.135,1712.135,1711.05,1711.574
1662385500000,1711.574,1712.179,1710.978,1711.684
1662386400000,1711.605,1712.068,1710.321,1711.578
1662387300000,1711.548,1711.971,1710.66,1710.778
1662388200000,1710.778,1712.571,1710.654,1711.96
1662389100000,1711.848,1712.465,1711.428,1711.748
1662390000000,1711.755,1711.875,1710.854,1711.418
1662390900000,1711.418,1711.45,1710.175,1710.465
1662391800000,1710.465,1710.874,1709.895,1710.52
1662392700000,1710.52,1710.684,1710.114,1710.338
1662393600000,1710.354,1710.914,1710.138,1710.444
1662394500000,1710.428,1710.868,1710.078,1710.714
1662395400000,1710.718,1711.964,1710.564,1711.444
1662396300000,1711.444,1712.118,1711.384,1712.044
1662397200000,1712.038,1712.168,1711.734,1711.738
1662398100000,1711.734,1711.798,1711.154,1711.764
1662399000000,1711.758,1711.788,1711.254,1711.254
1662399900000,1711.254,1711.634,1710.274,1710.274
1662400800000,1710.274,1710.364,1709.578,1709.718
1662401700000,1709.718,1710.515,1709.328,1710.448
1662402600000,1710.448,1710.448,1710.448,1710.448
1662403500000,1710.448,1710.448,1710.448,1710.448
1662404400000,1710.448,1710.448,1710.448,1710.448
1662405300000,1710.448,1710.448,1710.448,1710.448
1662406200000,1710.448,1710.448,1710.448,1710.448
1662407100000,1710.448,1710.448,1710.448,1710.448
1662408000000,1710.448,1710.448,1710.448,1710.448
1662408900000,1710.448,1710.448,1710.448,1710.448
1662409800000,1710.448,1710.448,1710.448,1710.448
1662410700000,1710.448,1710.448,1710.448,1710.448
1662411600000,1710.448,1710.448,1710.448,1710.448
1662412500000,1710.448,1710.448,1710.448,1710.448
1662413400000,1710.448,1710.448,1710.448,1710.448
1662414300000,1710.448,1710.448,1710.448,1710.448
1662415200000,1709.418,1711.668,1708.541,1711.638
1662416100000,1711.658,1712.038,1711.484,1711.928
1662417000000,1711.928,1712.894,1711.928,1712.504
1662417900000,1712.504,1713.238,1712.428,1712.848
1662418800000,1712.848,1712.848,1712.318,1712.434
1662419700000,1712.434,1713.168,1712.414,1713.008
1662420600000,1713.008,1714.098,1713.008,1713.998
1662421500000,1713.998,1714.298,1713.906,1713.928
1662422400000,1713.928,1716.238,1713.478,1716.054
1662423300000,1716.084,1717.359,1715.279,1717.224
1662424200000,1717.212,1721.968,1717.208,1721.748
1662425100000,1721.714,1726.566,1721.384,1723.764
1662426000000,1723.808,1723.818,1718.685,1719.455
1662426900000,1719.455,1719.455,1717.318,1718.408
1662427800000,1718.414,1718.518,1716.998,1717.814
1662428700000,1717.814,1718.258,1716.754,1718.154
1662429600000,1718.135,1718.948,1717.121,1717.322
1662430500000,1717.322,1717.938,1716.998,1717.748
1662431400000,1717.748,1719.248,1717.228,1719.148
1662432300000,1719.148,1720.108,1718.858,1719.588
1662433200000,1719.628,1720.134,1718.883,1719.208
1662434100000,1719.228,1719.774,1719.198,1719.534
1662435000000,1719.534,1719.638,1717.638,1717.748
1662435900000,1717.748,1717.948,1717.003,1717.628
1662436800000,1717.658,1718.068,1717.548,1718.058
1662437700000,1718.028,1718.614,1717.533,1718.338
1662438600000,1718.338,1718.434,1716.574,1717.398
1662439500000,1717.398,1717.558,1715.174,1715.498
1662440400000,1715.468,1715.938,1714.893,1715.708
1662441300000,1715.708,1716.918,1715.688,1716.758
1662442200000,1716.828,1718.944,1716.778,1718.888
1662443100000,1718.888,1719.008,1717.661,1717.673
1662444000000,1717.674,1717.674,1715.994,1716.818
1662444900000,1716.818,1717.838,1716.438,1717.836
1662445800000,1717.836,1719.308,1716.856,1719.064
1662446700000,1719.038,1720.664,1718.498,1720.048
1662447600000,1720.048,1720.048,1715.178,1715.648
1662448500000,1715.618,1716.304,1713.523,1713.903
1662449400000,1713.914,1716.669,1713.588,1715.808
1662450300000,1715.803,1716.948,1714.943,1715.628
1662451200000,1715.619,1716.028,1714.869,1715.793
1662452100000,1715.813,1715.823,1714.274,1714.374
1662453000000,1714.348,1714.482,1712.758,1713.738
1662453900000,1713.738,1714.173,1712.798,1713.369
1662454800000,1713.369,1713.369,1711.428,1711.674
1662455700000,1711.674,1712.621,1710.994,1712.345
1662456600000,1712.341,1712.458,1711.028,1712.098
1662457500000,1712.093,1712.193,1711.025,1711.298
1662458400000,1711.298,1712.094,1710.593,1712.068
1662459300000,1712.068,1713.104,1711.971,1712.374
1662460200000,1712.374,1712.378,1711.014,1711.593
1662461100000,1711.593,1712.698,1711.094,1712.621
1662462000000,1712.621,1713.824,1712.488,1713.534
1662462900000,1713.515,1713.728,1711.824,1712.304
1662463800000,1712.265,1712.874,1711.804,1712.084
1662464700000,1712.068,1714.554,1711.648,1714.464
1662465600000,1714.434,1714.938,1712.721,1713.432
1662466500000,1713.429,1714.474,1712.378,1712.394
1662467400000,1712.334,1712.778,1711.041,1711.664
1662468300000,1711.664,1712.054,1706.826,1707.639
1662469200000,1707.708,1709.428,1705.748,1706.249
1662470100000,1706.245,1710.174,1705.948,1708.844
1662471000000,1708.904,1710.528,1707.318,1710.258
1662471900000,1710.278,1711.698,1707.932,1708.728
1662472800000,1708.648,1708.648,1702.208,1705.248
1662473700000,1705.218,1709.354,1703.915,1708.814
1662474600000,1708.8,1708.884,1705.628,1707.728
1662475500000,1707.728,1707.734,1703.294,1703.508
1662476400000,1703.538,1707.224,1702.638,1704.474
1662477300000,1704.484,1705.218,1701.208,1703.188
1662478200000,1703.188,1704.094,1702.096,1703.434
1662479100000,1703.434,1703.914,1702.734,1702.994
1662480000000,1702.994,1704.218,1702.694,1703.755
1662480900000,1703.743,1704.324,1702.324,1703.094
1662481800000,1703.124,1704.058,1702.588,1703.967
1662482700000,1703.978,1703.978,1700.978,1701.448
1662483600000,1701.448,1701.528,1700.268,1700.498
1662484500000,1700.518,1702.648,1700.478,1702.113
1662485400000,1702.128,1703.674,1700.975,1701.614
1662486300000,1701.634,1702.094,1700.851,1700.904
1662487200000,1700.914,1701.988,1700.004,1701.524
1662488100000,1701.524,1701.754,1700.204,1700.273
1662489000000,1700.264,1701.498,1699.95,1701.294
1662489900000,1701.324,1701.374,1699.888,1699.928
1662490800000,1699.928,1701.804,1699.818,1701.758
1662491700000,1701.768,1702.294,1701.168,1701.244
1662492600000,1701.274,1701.768,1699.828,1700.338
1662493500000,1700.318,1701.028,1699.708,1700.018
1662494400000,1699.988,1700.778,1699.948,1700.261
1662495300000,1700.284,1701.128,1700.258,1700.868
1662496200000,1700.878,1701.244,1700.684,1701.238
1662497100000,1701.201,1702.038,1701.068,1701.928
1662498000000,1701.928,1701.928,1701.928,1701.928
1662498900000,1701.928,1701.928,1701.928,1701.928
1662499800000,1701.928,1701.928,1701.928,1701.928
1662500700000,1701.928,1701.928,1701.928,1701.928
1662501600000,1701.868,1702.264,1701.401,1701.834
1662502500000,1701.774,1701.834,1701.254,1701.398
1662503400000,1701.398,1701.638,1701.028,1701.164
1662504300000,1701.114,1701.238,1700.218,1700.304
1662505200000,1700.294,1700.744,1699.984,1700.038
1662506100000,1700.014,1702.748,1699.804,1701.674
1662507000000,1701.674,1702.578,1701.408,1702.314
1662507900000,1702.388,1703.738,1702.108,1703.374
1662508800000,1703.408,1703.678,1702.128,1702.314
1662509700000,1702.314,1702.314,1694.711,1694.828
1662510600000,1694.824,1695.538,1692.478,1695.218
1662511500000,1695.218,1697.158,1694.524,1696.051
1662512400000,1696.064,1696.568,1694.236,1696.564
1662513300000,1696.564,1698.564,1696.294,1697.464
1662514200000,1697.472,1697.564,1695.124,1695.124
1662515100000,1695.124,1697.014,1694.868,1696.864
1662516000000,1696.864,1697.088,1694.328,1694.508
1662516900000,1694.506,1697.168,1694.464,1696.928
1662517800000,1696.928,1697.528,1696.218,1696.248
1662518700000,1696.218,1696.458,1694.908,1694.998
1662519600000,1694.944,1695.658,1693.858,1693.888
1662520500000,1693.888,1693.988,1692.288,1693.398
1662521400000,1693.388,1693.808,1692.569,1693.148
1662522300000,1693.128,1693.628,1692.488,1693.284
1662523200000,1693.284,1693.518,1692.418,1693.124
1662524100000,1693.154,1693.314,1691.218,1692.408
1662525000000,1692.388,1694.584,1692.124,1693.574
1662525900000,1693.554,1694.154,1692.954,1693.538
1662526800000,1693.554,1695.334,1693.393,1694.748
1662527700000,1694.778,1696.158,1694.448,1695.39
1662528600000,1695.39,1696.248,1695.064,1695.264
1662529500000,1695.268,1696.108,1694.528,1696.058
1662530400000,1696.048,1697.449,1694.076,1697.331
1662531300000,1697.264,1697.894,1696.678,1697.095
1662532200000,1697.095,1698.734,1696.174,1698.174
1662533100000,1698.144,1699.583,1697.918,1698.978
1662534000000,1699.008,1700.388,1697.994,1698.604
1662534900000,1698.624,1699.058,1696.624,1697.514
1662535800000,1697.534,1699.778,1696.46,1699.285
1662536700000,1699.385,1703.578,1699.281,1703.123
1662537600000,1703.124,1705.384,1702.388,1703.238
1662538500000,1703.241,1703.878,1701.628,1702.974
1662539400000,1702.984,1704.688,1702.665,1704.294
1662540300000,1704.288,1704.835,1703.644,1703.958
1662541200000,1703.958,1705.388,1703.821,1704.364
1662542100000,1704.504,1705.808,1704.328,1704.814
1662543000000,1704.854,1706.274,1704.733,1705.734
1662543900000,1705.734,1707.11,1705.161,1706.914
1662544800000,1706.874,1706.958,1704.394,1704.948
1662545700000,1704.938,1705.438,1704.178,1704.511
1662546600000,1704.521,1705.218,1703.598,1703.765
1662547500000,1703.765,1704.224,1702.428,1702.708
1662548400000,1702.734,1704.148,1702.183,1703.491
1662549300000,1703.488,1703.964,1702.708,1702.894
1662550200000,1702.894,1703.261,1700.178,1703.125
1662551100000,1703.125,1703.131,1700.744,1701.014
1662552000000,1701.044,1702.884,1701.014,1701.816
1662552900000,1701.816,1704.114,1701.338,1702.91
1662553800000,1702.91,1703.371,1699.998,1699.998
1662554700000,1700.018,1700.378,1698.858,1700.208
1662555600000,1700.184,1700.208,1697.508,1698.255
1662556500000,1698.264,1699.774,1697.598,1697.995
1662557400000,1697.995,1701.604,1696.929,1701.424
1662558300000,1701.458,1704.311,1700.49,1703.974
1662559200000,1703.974,1704.334,1702.184,1703.463
1662560100000,1703.463,1709.335,1703.08,1708.678
1662561000000,1708.735,1713.338,1708.735,1712.858
1662561900000,1712.888,1713.058,1710.548,1711.548
1662562800000,1711.558,1713.358,1711.133,1713.008
1662563700000,1713.034,1713.118,1709.434,1710.204
1662564600000,1710.204,1712.084,1710.194,1710.438
1662565500000,1710.438,1711.014,1709.764,1710.484
1662566400000,1710.474,1710.784,1709.488,1710.764
1662567300000,1710.764,1711.398,1709.778,1711.208
1662568200000,1711.231,1714.368,1710.938,1714.018
1662569100000,1714.018,1714.978,1712.648,1714.978
1662570000000,1714.978,1715.644,1714.044,1715.418
1662570900000,1715.448,1716.758,1714.818,1716.188
1662571800000,1716.098,1718.344,1715.553,1718.294
1662572700000,1718.258,1719.138,1716.306,1716.908
1662573600000,1716.858,1717.078,1715.228,1715.568
1662574500000,1715.588,1715.694,1714.578,1715.308
1662575400000,1715.328,1716.134,1714.428,1714.618
1662576300000,1714.614,1715.204,1713.988,1714.608
1662577200000,1714.628,1716.748,1714.198,1716.658
1662578100000,1716.664,1716.994,1716.108,1716.918
1662579000000,1716.904,1717.224,1715.768,1716.108
1662579900000,1716.148,1717.548,1716.058,1717.154
1662580800000,1717.158,1717.278,1716.368,1716.608
1662581700000,1716.608,1717.568,1716.464,1717.358
1662582600000,1717.368,1718.814,1717.368,1718.644
1662583500000,1718.614,1719.318,1717.858,1717.998
1662584400000,1717.998,1717.998,1717.998,1717.998
1662585300000,1717.998,1717.998,1717.998,1717.998
1662586200000,1717.998,1717.998,1717.998,1717.998
1662587100000,1717.998,1717.998,1717.998,1717.998
1662588000000,1717.798,1718.964,1717.622,1718.264
1662588900000,1718.348,1718.364,1717.548,1717.654
1662589800000,1717.668,1718.014,1717.501,1717.608
1662590700000,1717.608,1717.988,1717.498,1717.961
1662591600000,1717.958,1717.958,1716.788,1716.848
1662592500000,1716.868,1717.378,1716.508,1716.588
1662593400000,1716.578,1716.878,1715.974,1716.628
1662594300000,1716.628,1716.628,1716.058,1716.528
1662595200000,1716.498,1716.888,1715.765,1715.965
1662596100000,1715.965,1717.214,1715.868,1716.318
1662597000000,1716.348,1716.718,1715.414,1716.424
1662597900000,1716.474,1716.554,1715.474,1715.514
1662598800000,1715.514,1716.414,1715.244,1716.015
1662599700000,1716.074,1718.628,1715.884,1718.358
1662600600000,1718.328,1719.188,1715.664,1715.764
1662601500000,1715.788,1716.695,1715.144,1715.278
1662602400000,1715.278,1715.554,1714.218,1714.464
1662603300000,1714.464,1715.298,1714.424,1714.924
1662604200000,1714.924,1715.285,1713.408,1714.398
1662605100000,1714.408,1715.078,1713.988,1714.928
1662606000000,1714.958,1715.948,1713.638,1715.768
1662606900000,1715.768,1715.968,1714.984,1715.264
1662607800000,1715.258,1715.31,1714.134,1714.452
1662608700000,1714.424,1714.594,1714.008,1714.358
1662609600000,1714.358,1716.758,1714.328,1716.51
1662610500000,1716.51,1716.624,1715.336,1715.444
1662611400000,1715.444,1715.664,1714.324,1714.654
1662612300000,1714.654,1714.768,1713.774,1714.488
1662613200000,1714.498,1715.464,1714.408,1715.464
1662614100000,1715.434,1715.784,1714.831,1714.918
1662615000000,1714.894,1716.148,1714.384,1715.948
1662615900000,1715.958,1717.318,1715.694,1716.028
1662616800000,1716.028,1718.588,1715.284,1718.548
1662617700000,1718.548,1719.614,1718.144,1719.375
1662618600000,1719.375,1719.458,1718.149,1718.429
1662619500000,1718.418,1719.568,1718.077,1719.478
1662620400000,1719.468,1722.728,1719.428,1720.418
1662621300000,1720.388,1720.598,1717.894,1718.634
1662622200000,1718.498,1719.168,1717.424,1718.938
1662623100000,1718.934,1719.484,1717.395,1717.638
1662624000000,1717.614,1717.868,1716.121,1717.848
1662624900000,1717.797,1719.454,1716.498,1717.021
1662625800000,1717.031,1718.198,1716.088,1718.194
1662626700000,1718.194,1718.271,1716.581,1717.928
1662627600000,1717.928,1720.458,1717.828,1718.834
1662628500000,1718.834,1720.204,1718.483,1720.065
1662629400000,1720.058,1720.224,1718.924,1719.868
1662630300000,1719.868,1721.258,1719.868,1720.514
1662631200000,1720.514,1720.714,1719.101,1719.774
1662632100000,1719.754,1721.894,1719.514,1721.874
1662633000000,1721.831,1723.704,1720.948,1722.044
1662633900000,1722.034,1725.194,1721.704,1723.458
1662634800000,1723.444,1724.348,1722.518,1722.738
1662635700000,1722.738,1724.104,1722.338,1723.904
1662636600000,1723.914,1728.095,1723.198,1727.014
1662637500000,1727.034,1727.204,1723.659,1723.705
1662638400000,1723.69,1726.535,1722.494,1723.394
1662639300000,1723.408,1725.948,1719.015,1720.635
1662640200000,1720.635,1720.717,1715.448,1716.144
1662641100000,1716.168,1718.248,1713.764,1715.664
1662642000000,1715.664,1716.644,1711.214,1711.626
1662642900000,1711.626,1714.414,1709.584,1712.708
1662643800000,1712.728,1715.994,1710.944,1715.664
1662644700000,1715.668,1716.058,1711.248,1711.408
1662645600000,1711.408,1711.411,1706.138,1706.981
1662646500000,1706.981,1709.054,1703.948,1704.894
1662647400000,1704.894,1707.008,1703.878,1705.713
1662648300000,1705.713,1708.208,1705.413,1707.64
1662649200000,1707.728,1709.005,1706.45,1707.505
1662650100000,1707.511,1709.081,1706.705,1707.884
1662651000000,1707.984,1708.684,1705.998,1706.074
1662651900000,1706.074,1707.954,1705.974,1707.104
1662652800000,1707.124,1707.654,1705.164,1706.774
1662653700000,1706.774,1707.074,1706.044,1706.094
1662654600000,1706.094,1706.798,1704.711,1706.694
1662655500000,1706.674,1707.024,1705.504,1706.034
1662656400000,1706.034,1708.094,1705.758,1708.094
1662657300000,1708.094,1709.448,1707.688,1709.287
1662658200000,1709.287,1711.408,1709.287,1711.088
1662659100000,1711.078,1711.525,1708.898,1709.314
1662660000000,1709.314,1709.929,1708.768,1708.908
1662660900000,1708.914,1709.854,1708.658,1709.473
1662661800000,1709.468,1709.984,1707.644,1708.228
1662662700000,1708.184,1708.394,1706.998,1707.148
1662663600000,1707.148,1707.898,1706.838,1707.754
1662664500000,1707.724,1709.028,1707.658,1708.258
1662665400000,1708.252,1708.502,1706.708,1707.352
1662666300000,1707.352,1707.876,1706.508,1706.668
1662667200000,1706.688,1707.988,1706.668,1707.668
1662668100000,1707.668,1709.148,1707.608,1708.358
1662669000000,1708.338,1708.448,1708.061,1708.358
1662669900000,1708.358,1708.918,1708.208,1708.208
1662670800000,1708.208,1708.208,1708.208,1708.208
1662671700000,1708.208,1708.208,1708.208,1708.208
1662672600000,1708.208,1708.208,1708.208,1708.208
1662673500000,1708.208,1708.208,1708.208,1708.208
1662674400000,1708.368,1708.798,1708.234,1708.664
1662675300000,1708.664,1709.158,1708.564,1709.028
1662676200000,1709.158,1709.448,1708.778,1709.108
1662677100000,1709.108,1709.428,1709.068,1709.134
1662678000000,1709.134,1709.908,1709.108,1709.828
1662678900000,1709.818,1710.324,1709.398,1709.468
1662679800000,1709.528,1710.558,1709.524,1710.334
1662680700000,1710.388,1710.804,1710.266,1710.558
1662681600000,1710.578,1711.705,1709.698,1711.618
1662682500000,1711.638,1714.198,1711.548,1713.908
1662683400000,1713.738,1714.792,1713.588,1714.724
1662684300000,1714.738,1715.158,1713.388,1713.484
1662685200000,1713.444,1714.344,1713.104,1713.954
1662686100000,1713.938,1715.944,1713.857,1715.294
1662687000000,1715.323,1716.608,1714.498,1716.238
1662687900000,1716.308,1716.828,1715.548,1716.718
1662688800000,1716.718,1717.334,1716.438,1716.968
1662689700000,1717.028,1717.178,1716.108,1716.608
1662690600000,1716.608,1718.018,1716.448,1717.668
1662691500000,1717.688,1718.748,1717.428,1718.644
1662692400000,1718.644,1719.755,1718.464,1718.744
1662693300000,1718.754,1720.278,1718.704,1719.938
1662694200000,1720.128,1720.498,1719.668,1720.048
1662695100000,1719.978,1720.008,1718.698,1719.188
1662696000000,1719.188,1721.618,1718.928,1721.198
1662696900000,1721.183,1721.348,1719.698,1720.878
1662697800000,1720.878,1720.878,1719.543,1720.448
1662698700000,1720.434,1721.498,1720.054,1721.244
1662699600000,1721.244,1721.778,1720.558,1720.608
1662700500000,1720.608,1721.048,1719.798,1719.868
1662701400000,1719.858,1720.854,1719.188,1719.518
1662702300000,1719.504,1719.614,1718.778,1719.358
1662703200000,1719.398,1720.278,1718.044,1720.184
1662704100000,1720.214,1722.764,1720.188,1721.414
1662705000000,1721.414,1721.934,1719.959,1721.794
1662705900000,1721.804,1722.642,1721.448,1722.368
1662706800000,1722.358,1726.724,1721.898,1726.423
1662707700000,1726.423,1729.344,1725.774,1727.854
1662708600000,1727.838,1728.254,1725.046,1726.828
1662709500000,1726.878,1727.578,1726.028,1727.124
1662710400000,1727.124,1728.698,1726.444,1726.934
1662711300000,1726.944,1728.874,1726.534,1728.388
1662712200000,1728.308,1729.074,1726.988,1727.974
1662713100000,1728.034,1728.624,1727.346,1728.414
1662714000000,1728.434,1728.844,1725.15,1726.154
1662714900000,1726.124,1728.778,1726.028,1726.944
1662715800000,1726.944,1727.478,1725.828,1726.434
1662716700000,1726.394,1727.938,1726.094,1727.244
1662717600000,1727.244,1729.264,1727.026,1727.708
1662718500000,1727.708,1728.088,1725.898,1726.534
1662719400000,1726.534,1728.874,1726.448,1727.868
1662720300000,1727.868,1729.148,1726.744,1726.754
1662721200000,1726.785,1727.434,1725.484,1727.294
1662722100000,1727.334,1728.364,1726.754,1727.554
1662723000000,1727.678,1728.258,1724.808,1726.374
1662723900000,1726.374,1727.154,1719.654,1720.9
1662724800000,1720.9,1721.935,1719.868,1721.594
1662725700000,1721.594,1721.994,1719.168,1719.344
1662726600000,1719.344,1722.415,1718.978,1720.654
1662727500000,1720.688,1721.015,1718.334,1718.718
1662728400000,1718.718,1719.164,1717.318,1717.688
1662729300000,1717.708,1719.515,1714.498,1714.64
1662730200000,1714.654,1716.65,1712.612,1712.724
1662731100000,1712.733,1714.254,1711.258,1713.323
1662732000000,1713.323,1717.426,1712.208,1715.155
1662732900000,1715.155,1716.658,1712.908,1714.591
1662733800000,1714.615,1715.604,1712.609,1715.584
1662734700000,1715.544,1716.115,1714.163,1714.353
1662735600000,1714.434,1715.384,1713.254,1714.274
1662736500000,1714.274,1716.564,1714.084,1715.848
1662737400000,1715.848,1718.518,1715.008,1718.438
1662738300000,1718.445,1718.445,1716.264,1716.699
1662739200000,1716.699,1717.164,1715.254,1716.694
1662740100000,1716.663,1716.828,1714.914,1716.654
1662741000000,1716.674,1719.448,1716.548,1719.378
1662741900000,1719.368,1720.194,1718.429,1719.964
1662742800000,1719.974,1720.118,1718.004,1719.483
1662743700000,1719.483,1719.524,1717.308,1717.398
1662744600000,1717.438,1717.518,1716.864,1717.114
1662745500000,1717.148,1717.298,1716.148,1716.408
1662746400000,1716.458,1716.464,1715.114,1715.584
1662747300000,1715.578,1715.664,1714.878,1715.244
1662748200000,1715.244,1715.334,1714.758,1715.028
1662749100000,1715.058,1715.584,1714.498,1715.558
1662750000000,1715.508,1716.268,1715.128,1716.184
1662750900000,1716.184,1716.214,1714.888,1714.958
1662751800000,1714.988,1716.093,1714.538,1716.074
1662752700000,1716.074,1716.183,1715.428,1715.538
1662753600000,1715.538,1716.094,1715.354,1715.854
1662754500000,1715.824,1715.898,1715.244,1715.878
1662755400000,1715.878,1716.138,1715.714,1715.958
1662756300000,1715.918,1717.814,1715.808,1715.938
1662854400000,1718.064,1718.064,1718.064,1718.064
1662855300000,1718.064,1718.064,1718.064,1718.064
1662856200000,1718.064,1718.064,1718.064,1718.064
1662857100000,1718.064,1718.064,1718.064,1718.064
1662858000000,1718.064,1718.064,1718.064,1718.064
1662858900000,1718.064,1718.064,1718.064,1718.064
1662859800000,1718.064,1718.064,1718.064,1718.064
1662860700000,1718.064,1718.064,1718.064,1718.064
1662861600000,1718.064,1718.064,1718.064,1718.064
1662862500000,1718.064,1718.064,1718.064,1718.064
1662863400000,1718.064,1718.064,1718.064,1718.064
1662864300000,1718.064,1718.064,1718.064,1718.064
1662865200000,1718.064,1718.064,1718.064,1718.064
1662866100000,1718.064,1718.064,1718.064,1718.064
1662867000000,1718.064,1718.064,1718.064,1718.064
1662867900000,1718.064,1718.064,1718.064,1718.064
1662868800000,1718.064,1718.064,1718.064,1718.064
1662869700000,1718.064,1718.064,1718.064,1718.064
1662870600000,1718.064,1718.064,1718.064,1718.064
1662871500000,1718.064,1718.064,1718.064,1718.064
1662872400000,1718.064,1718.064,1718.064,1718.064
1662873300000,1718.064,1718.064,1718.064,1718.064
1662874200000,1718.064,1718.064,1718.064,1718.064
1662875100000,1718.064,1718.064,1718.064,1718.064
1662876000000,1718.064,1718.064,1718.064,1718.064
1662876900000,1718.064,1718.064,1718.064,1718.064
1662877800000,1718.064,1718.064,1718.064,1718.064
1662878700000,1718.064,1718.064,1718.064,1718.064
1662879600000,1718.064,1718.064,1718.064,1718.064
1662880500000,1718.064,1718.064,1718.064,1718.064
1662881400000,1718.064,1718.064,1718.064,1718.064
1662882300000,1718.064,1718.064,1718.064,1718.064
1662883200000,1718.064,1718.064,1718.064,1718.064
1662884100000,1718.064,1718.064,1718.064,1718.064
1662885000000,1718.064,1718.064,1718.064,1718.064
1662885900000,1718.064,1718.064,1718.064,1718.064
1662886800000,1718.064,1718.064,1718.064,1718.064
1662887700000,1718.064,1718.064,1718.064,1718.064
1662888600000,1718.064,1718.064,1718.064,1718.064
1662889500000,1718.064,1718.064,1718.064,1718.064
1662890400000,1718.064,1718.064,1718.064,1718.064
1662891300000,1718.064,1718.064,1718.064,1718.064
1662892200000,1718.064,1718.064,1718.064,1718.064
1662893100000,1718.064,1718.064,1718.064,1718.064
1662894000000,1718.064,1718.064,1718.064,1718.064
1662894900000,1718.064,1718.064,1718.064,1718.064
1662895800000,1718.064,1718.064,1718.064,1718.064
1662896700000,1718.064,1718.064,1718.064,1718.064
1662897600000,1718.064,1718.064,1718.064,1718.064
1662898500000,1718.064,1718.064,1718.064,1718.064
1662899400000,1718.064,1718.064,1718.064,1718.064
1662900300000,1718.064,1718.064,1718.064,1718.064
1662901200000,1718.064,1718.064,1718.064,1718.064
1662902100000,1718.064,1718.064,1718.064,1718.064
1662903000000,1718.064,1718.064,1718.064,1718.064
1662903900000,1718.064,1718.064,1718.064,1718.064
1662904800000,1718.064,1718.064,1718.064,1718.064
1662905700000,1718.064,1718.064,1718.064,1718.064
1662906600000,1718.064,1718.064,1718.064,1718.064
1662907500000,1718.064,1718.064,1718.064,1718.064
1662908400000,1718.064,1718.064,1718.064,1718.064
1662909300000,1718.064,1718.064,1718.064,1718.064
1662910200000,1718.064,1718.064,1718.064,1718.064
1662911100000,1718.064,1718.064,1718.064,1718.064
1662912000000,1718.064,1718.064,1718.064,1718.064
1662912900000,1718.064,1718.064,1718.064,1718.064
1662913800000,1718.064,1718.064,1718.064,1718.064
1662914700000,1718.064,1718.064,1718.064,1718.064
1662915600000,1718.064,1718.064,1718.064,1718.064
1662916500000,1718.064,1718.064,1718.064,1718.064
1662917400000,1718.064,1718.064,1718.064,1718.064
1662918300000,1718.064,1718.064,1718.064,1718.064
1662919200000,1718.064,1718.064,1718.064,1718.064
1662920100000,1718.064,1718.064,1718.064,1718.064
1662921000000,1718.064,1718.064,1718.064,1718.064
1662921900000,1718.064,1718.064,1718.064,1718.064
1662922800000,1718.064,1718.064,1718.064,1718.064
1662923700000,1718.064,1718.064,1718.064,1718.064
1662924600000,1718.064,1718.064,1718.064,1718.064
1662925500000,1718.064,1718.064,1718.064,1718.064
1662926400000,1718.064,1718.064,1718.064,1718.064
1662927300000,1718.064,1718.064,1718.064,1718.064
1662928200000,1718.064,1718.064,1718.064,1718.064
1662929100000,1718.064,1718.064,1718.064,1718.064
1662930000000,1718.064,1718.064,1718.064,1718.064
1662930900000,1718.064,1718.064,1718.064,1718.064
1662931800000,1718.064,1718.064,1718.064,1718.064
1662932700000,1718.064,1718.064,1718.064,1718.064
1662933600000,1717.058,1718.974,1716.241,1717.268
1662934500000,1717.398,1718.028,1716.651,1717.838
1662935400000,1717.828,1718.928,1717.718,1718.838
1662936300000,1718.928,1720.058,1718.908,1719.458
1662937200000,1719.458,1719.468,1718.294,1718.588
1662938100000,1718.534,1718.684,1717.988,1718.361
1662939000000,1718.281,1718.764,1717.831,1718.014
1662939900000,1718.014,1718.735,1717.508,1718.335
1662940800000,1718.335,1718.635,1716.631,1716.828
1662941700000,1716.798,1717.538,1716.138,1717.098
1662942600000,1717.108,1718.154,1716.914,1717.554
1662943500000,1717.524,1718.174,1716.784,1716.788
1662944400000,1716.888,1716.888,1715.684,1716.344
1662945300000,1716.334,1718.638,1715.658,1718.118
1662946200000,1718.053,1718.578,1717.348,1717.578
1662947100000,1717.528,1717.668,1716.228,1716.454
1662948000000,1716.434,1716.584,1714.968,1715.798
1662948900000,1715.768,1715.998,1714.914,1715.178
1662949800000,1715.228,1715.308,1713.938,1714.214
1662950700000,1714.214,1714.214,1712.874,1713.778
1662951600000,1713.778,1714.188,1712.738,1713.018
1662952500000,1713.014,1713.568,1712.978,1713.368
1662953400000,1713.364,1713.364,1712.134,1712.818
1662954300000,1712.818,1713.728,1712.574,1713.488
1662955200000,1713.488,1713.634,1712.578,1713.298
1662956100000,1713.298,1713.468,1711.808,1712.298
1662957000000,1712.268,1712.536,1711.848,1712.158
1662957900000,1712.158,1713.408,1711.998,1712.738
1662958800000,1712.703,1714.728,1712.632,1714.688
1662959700000,1714.755,1715.698,1714.097,1714.724
1662960600000,1714.744,1714.744,1713.374,1713.854
1662961500000,1713.884,1714.034,1712.088,1713.008
1662962400000,1713.068,1713.618,1712.004,1712.554
1662963300000,1712.584,1715.058,1712.418,1714.658
1662964200000,1714.658,1716.698,1714.428,1716.538
1662965100000,1716.538,1720.728,1716.538,1720.504
1662966000000,1720.504,1723.548,1719.228,1723.014
1662966900000,1722.988,1726.386,1722.498,1726.118
1662967800000,1726.188,1726.398,1723.944,1724.494
1662968700000,1724.494,1725.184,1723.523,1724.258
1662969600000,1724.278,1725.734,1721.828,1722.4
1662970500000,1722.4,1723.874,1722.025,1723.764
1662971400000,1723.784,1725.39,1723.688,1724.775
1662972300000,1724.775,1725.748,1723.601,1725.748
1662973200000,1725.768,1727.108,1725.463,1726.318
1662974100000,1726.318,1726.886,1725.524,1726.455
1662975000000,1726.464,1727.378,1726.064,1726.488
1662975900000,1726.458,1726.858,1724.264,1725.144
1662976800000,1725.124,1725.604,1723.294,1724.294
1662977700000,1724.264,1725.818,1723.844,1725.051
1662978600000,1725.041,1726.811,1724.594,1726.594
1662979500000,1726.594,1727.464,1725.634,1727.128
1662980400000,1727.144,1728.485,1726.748,1726.804
1662981300000,1726.824,1727.704,1726.668,1727.505
1662982200000,1727.505,1729.493,1725.878,1728.994
1662983100000,1728.959,1729.784,1727.873,1729.504
1662984000000,1729.504,1733.406,1729.504,1732.634
1662984900000,1732.678,1733.798,1728.558,1730.398
1662985800000,1730.398,1731.594,1726.974,1728.519
1662986700000,1728.519,1730.585,1728.219,1729.614
1662987600000,1729.644,1732.558,1728.724,1731.144
1662988500000,1731.154,1731.648,1727.224,1728.968
1662989400000,1728.964,1728.997,1723.618,1724.275
1662990300000,1724.298,1726.885,1724.158,1725.778
1662991200000,1725.783,1727.884,1725.669,1725.838
1662992100000,1725.858,1729.978,1725.789,1728.098
1662993000000,1728.178,1728.638,1725.614,1728.044
1662993900000,1728.089,1730.404,1728.089,1730.018
1662994800000,1730.038,1730.784,1728.326,1729.474
1662995700000,1729.474,1731.398,1728.448,1731.299
1662996600000,1731.298,1732.414,1730.293,1732.235
1662997500000,1732.235,1735.035,1731.935,1734.054
1662998400000,1734.135,1734.764,1733.094,1733.764
1662999300000,1733.754,1734.464,1732.178,1732.314
1663000200000,1732.298,1732.954,1730.688,1730.875
1663001100000,1730.875,1731.884,1730.228,1731.728
1663002000000,1731.728,1731.824,1729.198,1730.134
1663002900000,1730.134,1730.358,1729.078,1729.608
1663003800000,1729.564,1730.094,1729.008,1729.234
1663004700000,1729.245,1729.484,1728.244,1728.734
1663005600000,1728.738,1728.924,1726.746,1727.724
1663006500000,1727.734,1727.804,1724.928,1724.978
1663007400000,1724.978,1725.724,1723.698,1724.928
1663008300000,1724.918,1726.926,1724.876,1726.752
1663009200000,1726.756,1726.884,1724.738,1725.178
1663010100000,1725.288,1725.364,1724.328,1725.092
1663011000000,1725.078,1726.138,1724.638,1725.844
1663011900000,1725.844,1725.944,1724.268,1724.428
1663012800000,1724.404,1726.076,1724.352,1725.674
1663013700000,1725.674,1725.784,1724.784,1724.884
1663014600000,1724.864,1725.088,1724.744,1724.994
1663015500000,1724.994,1725.094,1724.224,1724.378
1663016400000,1724.378,1724.378,1724.378,1724.378
1663017300000,1724.378,1724.378,1724.378,1724.378
1663018200000,1724.378,1724.378,1724.378,1724.378
1663019100000,1724.378,1724.378,1724.378,1724.378
1663020000000,1724.558,1725.018,1724.264,1724.898
1663020900000,1724.898,1725.434,1724.848,1725.334
1663021800000,1725.334,1725.358,1724.434,1724.664
1663022700000,1724.654,1725.264,1724.534,1725.184
1663023600000,1725.174,1725.298,1723.944,1725.148
1663024500000,1725.148,1725.614,1725.024,1725.114
1663025400000,1725.114,1726.188,1724.498,1726.028
1663026300000,1726.038,1726.308,1724.934,1725.155
1663027200000,1725.144,1727.434,1724.484,1726.828
1663028100000,1726.828,1727.464,1725.588,1725.738
1663029000000,1725.758,1726.364,1725.438,1725.778
1663029900000,1725.798,1726.278,1724.398,1724.604
1663030800000,1724.599,1725.144,1722.612,1722.612
1663031700000,1722.612,1723.954,1721.042,1722.148
1663032600000,1722.168,1722.568,1720.778,1721.778
1663033500000,1721.748,1723.628,1721.628,1723.503
1663034400000,1723.548,1723.774,1721.434,1721.684
1663035300000,1721.704,1723.178,1721.338,1721.564
1663036200000,1721.584,1722.097,1721.145,1722.044
1663037100000,1722.104,1722.284,1720.614,1722.144
1663038000000,1722.114,1722.848,1721.128,1722.428
1663038900000,1722.434,1722.864,1721.664,1721.998
1663039800000,1721.974,1722.314,1721.264,1721.354
1663040700000,1721.344,1721.794,1720.854,1721.208
1663041600000,1721.208,1721.208,1720.198,1720.918
1663042500000,1720.914,1721.914,1720.848,1721.408
1663043400000,1721.408,1722.428,1721.194,1721.468
1663044300000,1721.498,1721.984,1720.948,1721.934
1663045200000,1721.934,1722.028,1719.888,1721.578
1663046100000,1721.578,1722.508,1721.408,1721.858
1663047000000,1721.878,1722.758,1721.134,1721.324
1663047900000,1721.328,1721.968,1721.008,1721.414
1663048800000,1721.548,1724.098,1721.164,1723.668
1663049700000,1723.658,1724.048,1722.578,1722.748
1663050600000,1722.778,1724.978,1722.674,1723.714
1663051500000,1723.728,1723.728,1721.928,1722.928
1663052400000,1722.928,1724.478,1722.368,1723.344
1663053300000,1723.428,1724.618,1722.588,1724.461
1663054200000,1724.534,1725.254,1723.895,1724.274
1663055100000,1724.284,1724.724,1723.338,1723.818
1663056000000,1723.858,1724.504,1723.148,1724.038
1663056900000,1724.038,1724.42,1721.808,1722.378
1663057800000,1722.418,1724.289,1722.378,1724.256
1663058700000,1724.231,1726.008,1724.073,1725.235
1663059600000,1725.244,1726.371,1724.968,1725.314
1663060500000,1725.294,1727.014,1725.208,1726.854
1663061400000,1726.858,1727.861,1726.494,1727.658
1663062300000,1727.655,1728.055,1726.448,1726.687
1663063200000,1726.694,1727.678,1726.655,1727.254
1663064100000,1727.234,1727.564,1724.338,1725.144
1663065000000,1725.134,1728.014,1725.023,1727.084
1663065900000,1727.109,1728.364,1727.104,1728.118
1663066800000,1728.118,1729.938,1728.104,1729.588
1663067700000,1729.568,1729.808,1728.104,1729.208
1663068600000,1729.144,1731.355,1728.748,1730.848
1663069500000,1730.858,1730.99,1729.458,1729.684
1663070400000,1729.654,1730.838,1729.204,1729.458
1663071300000,1729.454,1731.71,1728.348,1730.808
1663072200000,1730.868,1730.868,1707.919,1709.998
1663073100000,1709.928,1712.054,1702.974,1703.729
1663074000000,1703.729,1703.729,1697.553,1697.834
1663074900000,1697.854,1702.544,1696.934,1701.468
1663075800000,1701.468,1706.704,1701.026,1706.239
1663076700000,1706.204,1709.468,1705.59,1706.514
1663077600000,1706.558,1707.087,1703.548,1705.598
1663078500000,1705.628,1708.474,1704.458,1707.384
1663079400000,1707.388,1708.118,1705.478,1706.114
1663080300000,1706.114,1706.528,1704.278,1705.788
1663081200000,1705.844,1707.258,1704.294,1704.388
1663082100000,1704.388,1705.578,1704.134,1704.608
1663083000000,1704.604,1705.834,1703.044,1703.044
1663083900000,1703.044,1703.234,1700.684,1700.888
1663084800000,1700.874,1704.054,1700.484,1703.764
1663085700000,1703.718,1704.084,1702.308,1702.75
1663086600000,1702.75,1704.694,1702.348,1704.284
1663087500000,1704.278,1705.774,1703.724,1705.411
1663088400000,1705.411,1707.084,1705.103,1705.774
1663089300000,1705.714,1707.054,1704.464,1706.784
1663090200000,1706.724,1707.224,1703.984,1704.144
1663091100000,1704.176,1704.404,1703.278,1703.604
1663092000000,1703.584,1704.738,1703.184,1704.584
1663092900000,1704.594,1705.508,1704.358,1704.904
1663093800000,1704.904,1705.226,1703.878,1704.114
1663094700000,1704.134,1704.284,1702.788,1703.013
1663095600000,1703.014,1703.554,1702.228,1702.452
1663096500000,1702.452,1703.214,1702.128,1702.208
1663097400000,1702.208,1702.528,1701.002,1701.538
1663098300000,1701.504,1702.828,1701.268,1702.378
1663099200000,1702.418,1703.234,1702.038,1702.908
1663100100000,1702.908,1703.024,1701.454,1701.498
1663101000000,1701.498,1702.594,1701.498,1702.528
1663101900000,1702.554,1702.594,1701.838,1701.878
1663102800000,1701.878,1701.878,1701.878,1701.878
1663103700000,1701.878,1701.878,1701.878,1701.878
1663104600000,1701.878,1701.878,1701.878,1701.878
1663105500000,1701.878,1701.878,1701.878,1701.878
1663106400000,1701.428,1701.901,1700.448,1701.464
1663107300000,1701.424,1702.548,1701.388,1702.468
1663108200000,1702.498,1702.764,1701.474,1701.508
1663109100000,1701.464,1702.374,1701.328,1701.838
1663110000000,1701.848,1702.024,1701.304,1701.634
1663110900000,1701.654,1702.588,1701.398,1702.044
1663111800000,1702.024,1702.964,1701.804,1702.694
1663112700000,1702.724,1702.844,1701.854,1702.064
1663113600000,1702.064,1703.054,1700.688,1702.405
1663114500000,1702.405,1702.405,1700.199,1702.068
1663115400000,1702.068,1702.385,1699.668,1701.614
1663116300000,1701.534,1701.728,1698.373,1700.144
1663117200000,1700.144,1701.368,1698.878,1698.988
1663118100000,1699.058,1699.688,1697.984,1698.835
1663119000000,1698.838,1699.968,1697.118,1698.478
1663119900000,1698.494,1700.504,1697.908,1699.978
1663120800000,1699.984,1702.484,1699.778,1702.174
1663121700000,1702.144,1703.458,1701.948,1703.3
1663122600000,1703.264,1703.448,1701.588,1702.414
1663123500000,1702.411,1702.434,1701.264,1701.544
1663124400000,1701.544,1701.734,1701.038,1701.228
1663125300000,1701.208,1701.664,1700.298,1701.648
1663126200000,1701.668,1702.498,1700.988,1701.111
1663127100000,1701.128,1701.444,1700.074,1700.294
1663128000000,1700.324,1700.374,1699.124,1699.588
1663128900000,1699.588,1700.944,1699.431,1700.865
1663129800000,1700.865,1704.988,1700.854,1704.728
1663130700000,1704.674,1704.674,1703.274,1703.894
1663131600000,1703.878,1704.434,1703.014,1703.674
1663132500000,1703.684,1704.188,1702.834,1703.474
1663133400000,1703.444,1703.444,1701.891,1701.898
1663134300000,1701.891,1702.278,1701.098,1701.665
1663135200000,1701.665,1703.128,1700.984,1702.474
1663136100000,1702.444,1702.684,1700.248,1700.864
1663137000000,1700.844,1702.014,1700.5,1701.094
1663137900000,1701.072,1701.616,1700.174,1700.764
1663138800000,1700.794,1704.154,1700.684,1701.189
1663139700000,1701.189,1702.468,1698.938,1699.108
1663140600000,1699.108,1702.566,1698.787,1702.498
1663141500000,1702.534,1703.308,1701.758,1703.058
1663142400000,1703.054,1705.888,1702.894,1704.684
1663143300000,1704.724,1705.904,1703.638,1703.878
1663144200000,1703.904,1706.068,1703.888,1705.615
1663145100000,1705.615,1705.718,1703.764,1704.304
1663146000000,1704.314,1704.713,1703.293,1703.694
1663146900000,1703.704,1704.32,1702.394,1702.898
1663147800000,1702.848,1705.054,1702.848,1704.085
1663148700000,1704.085,1705.358,1704.008,1704.814
1663149600000,1704.808,1705.396,1704.463,1704.994
1663150500000,1704.994,1705.934,1704.728,1704.794
1663151400000,1704.804,1705.144,1703.508,1703.558
1663152300000,1703.504,1704.924,1703.398,1703.508
1663153200000,1703.534,1704.708,1702.571,1704.214
1663154100000,1704.214,1704.678,1702.884,1703.548
1663155000000,1703.568,1704.924,1703.133,1703.628
1663155900000,1703.628,1703.838,1700.988,1701.518
1663156800000,1701.548,1703.664,1701.484,1702.978
1663157700000,1702.998,1704.403,1701.764,1703.366
1663158600000,1703.366,1705.614,1699.168,1704.898
1663159500000,1704.863,1707.014,1703.484,1705.744
1663160400000,1705.734,1706.908,1704.658,1705.298
1663161300000,1705.298,1705.726,1703.684,1703.728
1663162200000,1703.728,1705.288,1702.844,1705.288
1663163100000,1705.348,1706.018,1703.334,1703.484
1663164000000,1703.484,1704.918,1702.224,1703.768
1663164900000,1703.788,1704.364,1701.844,1701.864
1663165800000,1701.844,1704.844,1701.804,1704.513
1663166700000,1704.534,1706.374,1704.274,1706.237
1663167600000,1706.237,1706.688,1704.694,1704.694
1663168500000,1704.728,1705.618,1702.798,1702.818
1663169400000,1702.808,1703.724,1702.234,1703.654
1663170300000,1703.614,1704.028,1702.304,1703.514
1663171200000,1703.533,1703.728,1702.094,1702.694
1663172100000,1702.748,1702.954,1701.278,1701.918
1663173000000,1701.908,1703.254,1701.874,1703.238
1663173900000,1703.314,1703.314,1700.934,1701.218
1663174800000,1701.198,1701.318,1698.748,1699.894
1663175700000,1699.914,1700.224,1698.644,1699.324
1663176600000,1699.334,1699.848,1698.654,1699.644
1663177500000,1699.674,1699.784,1697.498,1697.564
1663178400000,1697.544,1697.934,1696.308,1696.758
1663179300000,1696.778,1697.253,1696.408,1696.758
1663180200000,1696.748,1697.744,1696.638,1697.124
1663181100000,1697.124,1697.124,1694.878,1695.034
1663182000000,1695.044,1695.444,1694.218,1694.448
1663182900000,1694.448,1695.148,1693.808,1694.918
1663183800000,1694.878,1694.878,1693.518,1694.698
1663184700000,1694.678,1695.958,1694.588,1695.458
1663185600000,1695.468,1696.214,1695.058,1695.688
1663186500000,1695.734,1697.114,1695.728,1697.114
1663187400000,1697.114,1697.218,1696.414,1696.674
1663188300000,1696.674,1697.464,1696.464,1697.168
1663189200000,1697.168,1697.168,1697.168,1697.168
1663190100000,1697.168,1697.168,1697.168,1697.168
1663191000000,1697.168,1697.168,1697.168,1697.168
1663191900000,1697.168,1697.168,1697.168,1697.168
1663192800000,1696.794,1697.664,1696.794,1697.018
1663193700000,1697.008,1697.158,1696.681,1696.741
1663194600000,1696.684,1697.058,1696.488,1696.908
1663195500000,1696.914,1697.564,1696.548,1697.464
1663196400000,1697.348,1697.714,1696.868,1697.544
1663197300000,1697.544,1698.038,1697.384,1697.708
1663198200000,1697.678,1698.008,1697.528,1697.588
1663199100000,1697.588,1698.124,1696.974,1697.384
1663200000000,1697.404,1697.534,1696.148,1696.364
1663200900000,1696.324,1697.735,1695.994,1697.635
1663201800000,1697.638,1697.708,1696.274,1696.464
1663202700000,1696.484,1696.554,1695.184,1695.474
1663203600000,1695.468,1695.524,1693.554,1693.998
1663204500000,1693.998,1694.914,1693.754,1694.324
1663205400000,1694.294,1695.478,1693.554,1694.568
1663206300000,1694.568,1696.364,1694.418,1695.894
1663207200000,1695.894,1696.428,1694.848,1695.028
1663208100000,1695.018,1695.048,1694.168,1694.958
1663209000000,1694.958,1695.188,1693.998,1694.378
1663209900000,1694.358,1694.428,1693.118,1693.498
1663210800000,1693.508,1693.508,1690.318,1691.618
1663211700000,1691.558,1692.158,1691.238,1691.488
1663212600000,1691.478,1692.924,1691.358,1692.914
1663213500000,1692.914,1692.914,1692.344,1692.604
1663214400000,1692.588,1693.104,1692.064,1692.974
1663215300000,1692.994,1693.174,1691.361,1691.384
1663216200000,1691.404,1691.594,1689.598,1689.764
1663217100000,1689.768,1690.035,1686.778,1687.324
1663218000000,1687.314,1688.364,1685.938,1687.664
1663218900000,1687.664,1689.118,1687.418,1689.118
1663219800000,1689.148,1689.554,1688.444,1689.168
1663220700000,1689.128,1689.204,1687.284,1688.854
1663221600000,1688.824,1689.618,1687.244,1688.108
1663222500000,1688.044,1688.814,1687.558,1688.274
1663223400000,1688.254,1688.274,1686.914,1686.924
1663224300000,1686.904,1688.464,1686.744,1687.761
1663225200000,1687.738,1687.754,1685.548,1686.554
1663226100000,1686.488,1687.738,1686.398,1686.974
1663227000000,1687.004,1689.154,1685.618,1688.304
1663227900000,1688.284,1689.734,1687.714,1689.708
1663228800000,1689.704,1689.864,1687.988,1689.464
1663229700000,1689.504,1689.504,1686.818,1688.434
1663230600000,1688.438,1688.585,1687.127,1687.984
1663231500000,1687.988,1688.204,1686.158,1687.208
1663232400000,1687.204,1687.644,1686.114,1686.834
1663233300000,1686.814,1688.434,1686.318,1688.254
1663234200000,1688.23,1690.108,1688.194,1689.348
1663235100000,1689.348,1689.598,1688.118,1689.468
1663236000000,1689.508,1691.248,1689.088,1689.968
1663236900000,1689.948,1690.328,1688.828,1689.158
1663237800000,1689.128,1689.154,1685.628,1686.234
1663238700000,1686.184,1687.458,1685.858,1686.374
1663239600000,1686.374,1687.248,1684.008,1685.158
1663240500000,1685.108,1686.178,1684.654,1685.824
1663241400000,1685.854,1687.204,1684.688,1686.698
1663242300000,1686.704,1687.308,1685.574,1686.233
1663243200000,1686.23,1686.878,1684.288,1686.878
1663244100000,1686.851,1686.891,1682.668,1685.098
1663245000000,1685.106,1688.224,1681.968,1688.034
1663245900000,1688.114,1692.248,1687.278,1687.448
1663246800000,1687.424,1687.724,1684.934,1686.186
1663247700000,1686.186,1687.854,1682.798,1683.194
1663248600000,1683.158,1684.114,1680.298,1683.888
1663249500000,1683.888,1690.068,1683.678,1689.978
1663250400000,1690.012,1690.851,1685.618,1686.494
1663251300000,1686.534,1688.024,1684.114,1684.144
1663252200000,1684.174,1685.194,1681.048,1681.288
1663253100000,1681.308,1681.438,1663.438,1668.388
1663254000000,1668.418,1670.618,1663.668,1667.058
1663254900000,1667.058,1671.218,1666.798,1671.01
1663255800000,1670.95,1671.276,1667.048,1669.465
1663256700000,1669.418,1669.418,1664.278,1664.321
1663257600000,1664.321,1665.434,1661.478,1661.891
1663258500000,1661.904,1664.574,1660.24,1663.918
1663259400000,1663.958,1666.584,1663.538,1664.238
1663260300000,1664.338,1664.914,1663.508,1664.814
1663261200000,1664.814,1667.614,1664.714,1667.017
1663262100000,1667.042,1669.033,1666.814,1668.498
1663263000000,1668.504,1669.144,1666.088,1666.814
1663263900000,1666.814,1667.314,1665.251,1665.574
1663264800000,1665.584,1666.164,1664.568,1665.688
1663265700000,1665.704,1665.768,1664.338,1665.264
1663266600000,1665.276,1666.214,1663.698,1664.128
1663267500000,1664.174,1664.304,1662.678,1663.224
1663268400000,1663.215,1664.722,1662.798,1663.064
1663269300000,1663.064,1663.668,1661.888,1662.014
1663270200000,1662.023,1663.053,1661.354,1662.953
1663271100000,1662.898,1663.898,1661.738,1663.788
1663272000000,1663.758,1665.048,1663.308,1664.928
1663272900000,1664.928,1665.178,1664.303,1664.968
1663273800000,1664.968,1665.028,1663.658,1663.838
1663274700000,1663.868,1665.138,1663.538,1664.938
1663275600000,1664.938,1664.938,1664.938,1664.938
1663276500000,1664.938,1664.938,1664.938,1664.938
1663277400000,1664.938,1664.938,1664.938,1664.938
1663278300000,1664.938,1664.938,1664.938,1664.938
1663279200000,1664.708,1665.318,1663.748,1664.258
1663280100000,1664.223,1664.223,1662.534,1662.734
1663281000000,1662.734,1663.248,1662.244,1662.478
1663281900000,1662.458,1663.398,1661.874,1662.504
1663282800000,1662.514,1663.068,1661.848,1662.998
1663283700000,1662.998,1663.098,1662.098,1662.328
1663284600000,1662.338,1662.688,1661.198,1661.908
1663285500000,1661.824,1663.178,1661.578,1662.355
1663286400000,1662.355,1663.904,1662.168,1663.604
1663287300000,1663.544,1665.094,1663.098,1664.878
1663288200000,1664.878,1666.188,1664.678,1665.355
1663289100000,1665.355,1666.318,1664.904,1665.424
1663290000000,1665.424,1667.564,1665.381,1667.241
1663290900000,1667.241,1667.298,1664.764,1664.958
1663291800000,1664.968,1665.588,1662.714,1662.954
1663292700000,1662.964,1663.528,1661.138,1661.438
1663293600000,1661.448,1663.528,1661.418,1663.528
1663294500000,1663.528,1663.688,1662.148,1662.168
1663295400000,1662.158,1663.408,1662.158,1662.408
1663296300000,1662.424,1663.678,1661.958,1663.618
1663297200000,1663.628,1663.804,1662.218,1662.554
1663298100000,1662.574,1663.598,1662.075,1663.558
1663299000000,1663.558,1663.688,1663.005,1663.318
1663299900000,1663.318,1664.288,1663.088,1664.288
1663300800000,1664.258,1665.248,1663.868,1664.075
1663301700000,1664.065,1664.295,1663.585,1663.625
1663302600000,1663.595,1664.658,1663.585,1664.528
1663303500000,1664.518,1664.538,1663.665,1663.985
1663304400000,1663.988,1664.445,1662.788,1663.188
1663305300000,1663.188,1663.958,1662.965,1663.628
1663306200000,1663.628,1663.998,1663.168,1663.288
1663307100000,1663.288,1663.468,1662.628,1662.708
1663308000000,1662.758,1663.665,1662.078,1662.908
1663308900000,1662.908,1664.048,1660.288,1660.485
1663309800000,1660.485,1660.565,1659.408,1659.798
1663310700000,1659.805,1660.255,1659.388,1660.035
1663311600000,1659.965,1662.548,1659.945,1662.005
1663312500000,1661.968,1662.621,1660.515,1661.205
1663313400000,1661.199,1661.199,1659.355,1659.578
1663314300000,1659.598,1659.815,1654.298,1655.625
1663315200000,1655.625,1656.755,1654.558,1654.988
1663316100000,1654.968,1656.458,1654.048,1655.898
1663317000000,1655.898,1658.375,1655.898,1658.032
1663317900000,1658.048,1659.955,1657.495,1658.985
1663318800000,1658.985,1663.245,1658.852,1661.128
1663319700000,1661.125,1666.218,1661.125,1664.168
1663320600000,1664.178,1665.458,1661.155,1661.155
1663321500000,1661.155,1661.415,1658.815,1659.548
1663322400000,1659.568,1660.158,1657.998,1658.945
1663323300000,1658.945,1661.955,1658.805,1661.775
1663324200000,1661.775,1663.208,1661.305,1662.515
1663325100000,1662.558,1666.698,1661.955,1665.808
1663326000000,1665.885,1667.005,1663.825,1664.195
1663326900000,1664.218,1665.275,1663.548,1664.698
1663327800000,1664.705,1667.745,1664.548,1667.015
1663328700000,1667.015,1667.195,1665.088,1665.358
1663329600000,1665.338,1665.485,1663.245,1664.405
1663330500000,1664.405,1665.358,1662.558,1664.095
1663331400000,1664.098,1664.428,1661.128,1662.238
1663332300000,1662.398,1662.598,1658.938,1660.255
1663333200000,1660.235,1661.178,1657.615,1658.478
1663334100000,1658.535,1660.798,1657.648,1660.515
1663335000000,1660.495,1660.948,1657.065,1657.788
1663335900000,1657.788,1665.548,1657.648,1665.028
1663336800000,1665.068,1674.785,1664.9,1674.445
1663337700000,1674.445,1677.378,1671.118,1677.378
1663338600000,1677.378,1680.245,1676.535,1677.881
1663339500000,1677.882,1679.265,1675.333,1676.878
1663340400000,1676.878,1678.688,1674.208,1675.118
1663341300000,1675.115,1676.985,1674.728,1675.095
1663342200000,1675.115,1676.228,1673.886,1674.015
1663343100000,1674.015,1674.505,1673.218,1673.875
1663344000000,1673.875,1674.605,1672.958,1673.835
1663344900000,1673.835,1674.285,1672.955,1673.185
1663345800000,1673.165,1673.515,1672.294,1672.968
1663346700000,1672.968,1674.395,1672.898,1673.065
1663347600000,1673.065,1675.288,1672.358,1675.205
1663348500000,1675.185,1675.608,1674.068,1674.178
1663349400000,1674.198,1675.585,1673.158,1673.168
1663350300000,1673.168,1673.275,1671.025,1671.358
1663351200000,1671.365,1673.095,1671.328,1672.353
1663352100000,1672.328,1674.998,1672.288,1674.815
1663353000000,1674.768,1675.818,1674.088,1675.185
1663353900000,1675.165,1676.215,1674.705,1675.628
1663354800000,1675.578,1677.625,1675.015,1675.205
1663355700000,1675.185,1675.625,1674.198,1674.315
1663356600000,1674.315,1675.063,1673.938,1674.665
1663357500000,1674.653,1674.803,1672.965,1673.118
1663358400000,1673.095,1674.408,1672.912,1674.285
1663359300000,1674.275,1675.065,1673.918,1675.065
1663360200000,1675.098,1675.118,1674.598,1674.688
1663361100000,1674.718,1676.165,1673.248,1673.898
1663459200000,1674.828,1674.828,1674.828,1674.828
1663460100000,1674.828,1674.828,1674.828,1674.828
1663461000000,1674.828,1674.828,1674.828,1674.828
1663461900000,1674.828,1674.828,1674.828,1674.828
1663462800000,1674.828,1674.828,1674.828,1674.828
1663463700000,1674.828,1674.828,1674.828,1674.828
1663464600000,1674.828,1674.828,1674.828,1674.828
1663465500000,1674.828,1674.828,1674.828,1674.828
1663466400000,1674.828,1674.828,1674.828,1674.828
1663467300000,1674.828,1674.828,1674.828,1674.828
1663468200000,1674.828,1674.828,1674.828,1674.828
1663469100000,1674.828,1674.828,1674.828,1674.828
1663470000000,1674.828,1674.828,1674.828,1674.828
1663470900000,1674.828,1674.828,1674.828,1674.828
1663471800000,1674.828,1674.828,1674.828,1674.828
1663472700000,1674.828,1674.828,1674.828,1674.828
1663473600000,1674.828,1674.828,1674.828,1674.828
1663474500000,1674.828,1674.828,1674.828,1674.828
1663475400000,1674.828,1674.828,1674.828,1674.828
1663476300000,1674.828,1674.828,1674.828,1674.828
1663477200000,1674.828,1674.828,1674.828,1674.828
1663478100000,1674.828,1674.828,1674.828,1674.828
1663479000000,1674.828,1674.828,1674.828,1674.828
1663479900000,1674.828,1674.828,1674.828,1674.828
1663480800000,1674.828,1674.828,1674.828,1674.828
1663481700000,1674.828,1674.828,1674.828,1674.828
1663482600000,1674.828,1674.828,1674.828,1674.828
1663483500000,1674.828,1674.828,1674.828,1674.828
1663484400000,1674.828,1674.828,1674.828,1674.828
1663485300000,1674.828,1674.828,1674.828,1674.828
1663486200000,1674.828,1674.828,1674.828,1674.828
1663487100000,1674.828,1674.828,1674.828,1674.828
1663488000000,1674.828,1674.828,1674.828,1674.828
1663488900000,1674.828,1674.828,1674.828,1674.828
1663489800000,1674.828,1674.828,1674.828,1674.828
1663490700000,1674.828,1674.828,1674.828,1674.828
1663491600000,1674.828,1674.828,1674.828,1674.828
1663492500000,1674.828,1674.828,1674.828,1674.828
1663493400000,1674.828,1674.828,1674.828,1674.828
1663494300000,1674.828,1674.828,1674.828,1674.828
1663495200000,1674.828,1674.828,1674.828,1674.828
1663496100000,1674.828,1674.828,1674.828,1674.828
1663497000000,1674.828,1674.828,1674.828,1674.828
1663497900000,1674.828,1674.828,1674.828,1674.828
1663498800000,1674.828,1674.828,1674.828,1674.828
1663499700000,1674.828,1674.828,1674.828,1674.828
1663500600000,1674.828,1674.828,1674.828,1674.828
1663501500000,1674.828,1674.828,1674.828,1674.828
1663502400000,1674.828,1674.828,1674.828,1674.828
1663503300000,1674.828,1674.828,1674.828,1674.828
1663504200000,1674.828,1674.828,1674.828,1674.828
1663505100000,1674.828,1674.828,1674.828,1674.828
1663506000000,1674.828,1674.828,1674.828,1674.828
1663506900000,1674.828,1674.828,1674.828,1674.828
1663507800000,1674.828,1674.828,1674.828,1674.828
1663508700000,1674.828,1674.828,1674.828,1674.828
1663509600000,1674.828,1674.828,1674.828,1674.828
1663510500000,1674.828,1674.828,1674.828,1674.828
1663511400000,1674.828,1674.828,1674.828,1674.828
1663512300000,1674.828,1674.828,1674.828,1674.828
1663513200000,1674.828,1674.828,1674.828,1674.828
1663514100000,1674.828,1674.828,1674.828,1674.828
1663515000000,1674.828,1674.828,1674.828,1674.828
1663515900000,1674.828,1674.828,1674.828,1674.828
1663516800000,1674.828,1674.828,1674.828,1674.828
1663517700000,1674.828,1674.828,1674.828,1674.828
1663518600000,1674.828,1674.828,1674.828,1674.828
1663519500000,1674.828,1674.828,1674.828,1674.828
1663520400000,1674.828,1674.828,1674.828,1674.828
1663521300000,1674.828,1674.828,1674.828,1674.828
1663522200000,1674.828,1674.828,1674.828,1674.828
1663523100000,1674.828,1674.828,1674.828,1674.828
1663524000000,1674.828,1674.828,1674.828,1674.828
1663524900000,1674.828,1674.828,1674.828,1674.828
1663525800000,1674.828,1674.828,1674.828,1674.828
1663526700000,1674.828,1674.828,1674.828,1674.828
1663527600000,1674.828,1674.828,1674.828,1674.828
1663528500000,1674.828,1674.828,1674.828,1674.828
1663529400000,1674.828,1674.828,1674.828,1674.828
1663530300000,1674.828,1674.828,1674.828,1674.828
1663531200000,1674.828,1674.828,1674.828,1674.828
1663532100000,1674.828,1674.828,1674.828,1674.828
1663533000000,1674.828,1674.828,1674.828,1674.828
1663533900000,1674.828,1674.828,1674.828,1674.828
1663534800000,1674.828,1674.828,1674.828,1674.828
1663535700000,1674.828,1674.828,1674.828,1674.828
1663536600000,1674.828,1674.828,1674.828,1674.828
1663537500000,1674.828,1674.828,1674.828,1674.828
1663538400000,1675.958,1676.818,1673.745,1676.768
1663539300000,1676.732,1677.978,1676.508,1677.718
1663540200000,1677.718,1678.065,1676.968,1677.498
1663541100000,1677.525,1678.595,1677.405,1678.188
1663542000000,1678.168,1678.885,1677.718,1678.835
1663542900000,1678.808,1679.118,1677.885,1678.355
1663543800000,1678.355,1679.808,1677.855,1679.765
1663544700000,1679.765,1679.865,1677.298,1677.848
1663545600000,1677.818,1678.628,1677.385,1677.785
1663546500000,1677.745,1678.275,1677.048,1677.285
1663547400000,1677.268,1677.825,1676.398,1676.938
1663548300000,1676.938,1676.938,1675.748,1675.775
1663549200000,1675.785,1676.815,1674.518,1674.618
1663550100000,1674.614,1674.668,1672.595,1673.015
1663551000000,1673.045,1673.315,1671.748,1672.468
1663551900000,1672.458,1672.678,1671.098,1671.598
1663552800000,1671.538,1671.698,1668.268,1668.485
1663553700000,1668.435,1669.548,1668.063,1668.355
1663554600000,1668.335,1670.445,1668.315,1669.618
1663555500000,1669.628,1671.588,1669.628,1671.478
1663556400000,1671.488,1671.498,1669.408,1669.408
1663557300000,1669.358,1670.018,1668.975,1669.145
1663558200000,1669.145,1669.435,1668.355,1668.558
1663559100000,1668.507,1669.248,1668.408,1669.088
1663560000000,1669.068,1669.157,1666.668,1666.888
1663560900000,1666.878,1668.575,1666.858,1668.158
1663561800000,1668.158,1668.995,1668.158,1668.918
1663562700000,1668.895,1669.078,1668.008,1668.368
1663563600000,1668.388,1669.318,1667.318,1668.678
1663564500000,1668.678,1669.588,1668.618,1668.798
1663565400000,1668.768,1669.378,1667.598,1668.308
1663566300000,1668.308,1668.558,1667.228,1667.548
1663567200000,1667.518,1667.518,1664.705,1665.315
1663568100000,1665.315,1666.558,1665.118,1665.535
1663569000000,1665.548,1666.625,1665.238,1665.943
1663569900000,1665.943,1666.508,1665.681,1665.878
1663570800000,1665.898,1665.918,1662.348,1662.665
1663571700000,1662.685,1663.888,1659.583,1660.285
1663572600000,1660.285,1661.818,1660.285,1660.808
1663573500000,1660.828,1662.708,1660.153,1662.648
1663574400000,1662.608,1662.718,1660.838,1661.835
1663575300000,1661.855,1664.088,1661.185,1663.998
1663576200000,1663.998,1666.668,1663.238,1665.688
1663577100000,1665.668,1665.718,1661.948,1662.435
1663578000000,1662.426,1664.935,1662.385,1663.998
1663578900000,1664.038,1664.758,1662.128,1662.443
1663579800000,1662.463,1664.468,1662.408,1663.198
1663580700000,1663.198,1664.328,1662.983,1663.743
1663581600000,1663.755,1664.515,1662.283,1662.595
1663582500000,1662.568,1664.465,1662.008,1664.458
1663583400000,1664.418,1665.255,1663.515,1664.085
1663584300000,1664.125,1665.768,1664.048,1664.978
1663585200000,1664.978,1665.938,1662.685,1664.468
1663586100000,1664.498,1664.725,1660.625,1661.158
1663587000000,1661.158,1663.098,1660.898,1661.805
1663587900000,1661.825,1662.665,1661.108,1661.838
1663588800000,1661.848,1663.455,1661.238,1662.375
1663589700000,1662.388,1667.575,1662.318,1666.298
1663590600000,1666.298,1667.298,1664.958,1666.668
1663591500000,1666.668,1667.018,1664.518,1664.788
1663592400000,1664.788,1667.045,1664.625,1664.908
1663593300000,1664.908,1665.095,1662.883,1662.965
1663594200000,1662.965,1667.165,1662.198,1666.348
1663595100000,1666.338,1668.145,1664.538,1664.558
1663596000000,1664.558,1666.895,1663.335,1666.408
1663596900000,1666.415,1667.488,1664.168,1667.105
1663597800000,1667.085,1671.038,1666.825,1670.915
1663598700000,1670.805,1673.055,1670.715,1671.865
1663599600000,1671.938,1675.035,1671.905,1674.765
1663600500000,1674.795,1675.228,1673.065,1673.685
1663601400000,1673.685,1673.685,1671.685,1671.875
1663602300000,1671.875,1672.865,1670.518,1670.598
1663603200000,1670.618,1672.015,1670.438,1671.488
1663604100000,1671.528,1671.618,1670.195,1670.275
1663605000000,1670.275,1670.825,1669.505,1670.318
1663605900000,1670.328,1671.275,1670.095,1670.648
1663606800000,1670.645,1671.425,1668.878,1669.535
1663607700000,1669.575,1670.015,1668.785,1669.398
1663608600000,1669.398,1670.505,1669.105,1670.308
1663609500000,1670.308,1670.998,1670.188,1670.703
1663610400000,1670.748,1670.958,1669.908,1669.925
1663611300000,1669.878,1670.705,1669.618,1670.128
1663612200000,1670.128,1671.618,1669.918,1670.608
1663613100000,1670.608,1671.945,1670.508,1670.975
1663614000000,1670.998,1673.575,1670.998,1673.105
1663614900000,1673.128,1673.835,1673.105,1673.405
1663615800000,1673.448,1674.265,1672.898,1674.025
1663616700000,1674.035,1674.745,1673.638,1674.503
1663617600000,1674.495,1674.985,1674.135,1674.868
1663618500000,1674.828,1675.825,1674.798,1675.475
1663619400000,1675.525,1675.648,1675.238,1675.555
1663620300000,1675.528,1675.875,1675.245,1675.618
1663621200000,1675.618,1675.618,1675.618,1675.618
1663622100000,1675.618,1675.618,1675.618,1675.618
1663623000000,1675.618,1675.618,1675.618,1675.618
1663623900000,1675.618,1675.618,1675.618,1675.618
1663624800000,1675.225,1675.922,1675.225,1675.465
1663625700000,1675.466,1675.765,1675.095,1675.138
1663626600000,1675.105,1675.958,1675.075,1675.488
1663627500000,1675.365,1675.758,1675.198,1675.398
1663628400000,1675.368,1675.368,1674.788,1674.985
1663629300000,1674.985,1675.615,1674.858,1675.445
1663630200000,1675.485,1675.755,1675.065,1675.065
1663631100000,1675.075,1675.815,1674.728,1675.635
1663632000000,1675.615,1679.288,1675.615,1678.688
1663632900000,1678.688,1678.938,1677.915,1678.045
1663633800000,1678.045,1678.898,1675.898,1675.898
1663634700000,1675.915,1676.778,1675.235,1675.948
1663635600000,1675.938,1676.828,1674.938,1676.508
1663636500000,1676.538,1676.735,1675.205,1675.635
1663637400000,1675.595,1675.675,1673.263,1673.625
1663638300000,1673.615,1674.735,1673.488,1674.288
1663639200000,1674.358,1675.098,1674.358,1675.048
1663640100000,1675.048,1676.218,1674.838,1676.155
1663641000000,1676.128,1677.645,1675.495,1675.925
1663641900000,1675.925,1676.788,1674.855,1676.615
1663642800000,1676.615,1677.135,1676.095,1676.265
1663643700000,1676.257,1676.758,1675.733,1676.688
1663644600000,1676.668,1677.435,1676.558,1676.848
1663645500000,1676.838,1677.775,1676.595,1676.865
1663646400000,1677.038,1677.115,1675.605,1675.638
1663647300000,1675.635,1675.638,1674.178,1674.178
1663648200000,1674.178,1674.565,1673.692,1673.888
1663649100000,1673.875,1674.168,1673.068,1673.365
1663650000000,1673.365,1673.375,1672.318,1672.488
1663650900000,1672.498,1672.525,1671.538,1672.218
1663651800000,1672.235,1672.928,1671.735,1672.578
1663652700000,1672.578,1672.608,1670.295,1670.618
1663653600000,1670.678,1671.968,1670.088,1671.758
1663654500000,1671.748,1673.618,1671.145,1673.538
1663655400000,1673.568,1674.685,1672.908,1674.128
1663656300000,1674.105,1674.465,1672.728,1672.828
1663657200000,1672.828,1675.078,1672.586,1672.888
1663658100000,1672.868,1675.785,1672.588,1675.028
1663659000000,1675.028,1675.098,1671.985,1672.395
1663659900000,1672.415,1673.918,1671.828,1672.492
1663660800000,1672.492,1672.492,1669.126,1669.208
1663661700000,1669.208,1669.625,1667.928,1668.625
1663662600000,1668.645,1670.445,1668.285,1670.228
1663663500000,1670.248,1670.338,1668.465,1668.825
1663664400000,1668.825,1670.165,1667.648,1668.641
1663665300000,1668.646,1668.865,1667.415,1668.045
1663666200000,1668.128,1669.575,1667.408,1667.428
1663667100000,1667.448,1667.738,1666.498,1667.728
1663668000000,1667.748,1667.848,1666.028,1666.545
1663668900000,1666.545,1669.245,1666.008,1668.958
1663669800000,1668.948,1669.498,1668.025,1668.148
1663670700000,1668.168,1669.505,1667.848,1668.465
1663671600000,1668.485,1668.918,1667.358,1668.378
1663672500000,1668.378,1670.175,1668.258,1669.068
1663673400000,1669.072,1669.168,1666.328,1667.418
1663674300000,1667.438,1669.208,1667.245,1668.698
1663675200000,1668.698,1669.198,1666.545,1668.103
1663676100000,1668.098,1669.105,1665.545,1666.025
1663677000000,1666.025,1667.745,1665.125,1667.659
1663677900000,1667.634,1668.658,1666.742,1667.755
1663678800000,1667.715,1668.778,1665.688,1666.338
1663679700000,1666.338,1667.215,1664.808,1664.808
1663680600000,1664.848,1664.858,1659.875,1662.285
1663681500000,1662.268,1666.068,1662.198,1665.105
1663682400000,1665.065,1665.678,1663.072,1663.185
1663683300000,1663.225,1665.01,1661.928,1664.318
1663684200000,1664.319,1664.455,1660.618,1663.062
1663685100000,1663.055,1666.098,1662.368,1665.245
1663686000000,1665.245,1666.748,1664.498,1666.245
1663686900000,1666.315,1666.445,1664.468,1664.815
1663687800000,1664.755,1665.322,1664.176,1665.185
1663688700000,1665.195,1666.155,1663.968,1665.525
1663689600000,1665.525,1665.715,1663.858,1664.038
1663690500000,1664.045,1664.158,1663.095,1663.475
1663691400000,1663.475,1664.435,1663.108,1663.935
1663692300000,1663.935,1664.355,1663.328,1663.918
1663693200000,1663.938,1666.035,1663.698,1665.588
1663694100000,1665.565,1665.565,1662.568,1662.775
1663695000000,1662.775,1665.175,1661.457,1664.508
1663695900000,1664.508,1665.428,1663.895,1664.875
1663696800000,1664.825,1665.755,1664.158,1664.375
1663697700000,1664.355,1665.565,1663.955,1664.665
1663698600000,1664.665,1664.665,1662.838,1663.868
1663699500000,1663.868,1664.945,1663.708,1663.895
1663700400000,1663.895,1664.668,1663.455,1664.325
1663701300000,1664.288,1664.853,1663.798,1664.615
1663702200000,1664.578,1666.203,1664.358,1665.088
1663703100000,1665.078,1665.503,1664.288,1664.935
1663704000000,1664.918,1665.505,1664.895,1665.108
1663704900000,1665.115,1665.215,1664.415,1664.528
1663705800000,1664.558,1664.948,1664.178,1664.398
1663706700000,1664.398,1664.928,1664.298,1664.698
1663707600000,1664.698,1664.698,1664.698,1664.698
1663708500000,1664.698,1664.698,1664.698,1664.698
1663709400000,1664.698,1664.698,1664.698,1664.698
1663710300000,1664.698,1664.698,1664.698,1664.698
1663711200000,1664.375,1665.008,1664.038,1664.418
1663712100000,1664.408,1664.848,1664.008,1664.768
1663713000000,1664.788,1664.868,1664.278,1664.37
1663713900000,1664.37,1665.138,1664.295,1665.138
1663714800000,1665.138,1665.648,1665.088,1665.256
1663715700000,1665.256,1665.85,1665.068,1665.78
1663716600000,1665.81,1666.598,1665.659,1666.326
1663717500000,1666.326,1666.408,1665.916,1666.281
1663718400000,1666.281,1667.371,1665.858,1666.646
1663719300000,1666.646,1666.646,1664.338,1664.455
1663720200000,1664.46,1665.798,1663.738,1663.788
1663721100000,1663.726,1664.625,1663.556,1663.881
1663722000000,1663.881,1665.108,1663.486,1664.535
1663722900000,1664.535,1665.048,1663.455,1664.858
1663723800000,1664.888,1665.238,1663.648,1664.828
1663724700000,1664.768,1665.118,1664.228,1664.678
1663725600000,1664.678,1666.198,1664.068,1665.515
1663726500000,1665.598,1666.318,1665.468,1666.065
1663727400000,1666.065,1666.065,1664.305,1665.675
1663728300000,1665.678,1666.025,1664.645,1664.855
1663729200000,1664.835,1665.395,1663.558,1663.735
1663730100000,1663.715,1664.148,1662.743,1663.268
1663731000000,1663.268,1664.158,1662.838,1663.898
1663731900000,1663.915,1664.208,1663.538,1663.635
1663732800000,1663.625,1663.645,1662.088,1662.475
1663733700000,1662.515,1662.765,1662.118,1662.255
1663734600000,1662.265,1662.76,1661.6,1662.71
1663735500000,1662.71,1662.8,1661.871,1661.906
1663736400000,1661.915,1662.852,1661.792,1662.692
1663737300000,1662.666,1664.745,1662.472,1664.085
1663738200000,1664.145,1664.808,1663.715,1664.518
1663739100000,1664.538,1666.238,1664.525,1665.775
1663740000000,1665.758,1669.688,1664.835,1669.688
1663740900000,1669.615,1674.485,1669.358,1674.322
1663741800000,1674.323,1676.078,1670.378,1671.115
1663742700000,1671.165,1671.395,1668.718,1671.238
1663743600000,1671.252,1673.775,1670.838,1672.438
1663744500000,1672.43,1673.248,1671.946,1672.232
1663745400000,1672.232,1672.322,1670.548,1671.558
1663746300000,1671.558,1672.615,1670.591,1670.938
1663747200000,1670.875,1671.298,1669.318,1670.698
1663748100000,1670.698,1671.508,1669.896,1670.198
1663749000000,1670.228,1671.725,1670.158,1671.078
1663749900000,1671.078,1672.055,1670.578,1671.055
1663750800000,1671.055,1673.498,1670.815,1672.788
1663751700000,1672.788,1674.048,1672.757,1673.412
1663752600000,1673.428,1674.815,1672.858,1673.925
1663753500000,1673.919,1674.625,1673.268,1673.268
1663754400000,1673.268,1674.945,1673.109,1674.945
1663755300000,1674.845,1675.735,1674.125,1675.345
1663756200000,1675.315,1675.968,1674.078,1675.825
1663757100000,1675.825,1676.145,1674.175,1674.348
1663758000000,1674.348,1674.668,1673.175,1673.468
1663758900000,1673.438,1674.505,1672.945,1674.168
1663759800000,1674.175,1675.498,1673.798,1674.518
1663760700000,1674.518,1677.438,1674.358,1675.045
1663761600000,1675.025,1675.985,1674.005,1675.065
1663762500000,1675.068,1676.278,1673.275,1673.548
1663763400000,1673.488,1675.825,1672.628,1673.995
1663764300000,1673.975,1675.715,1673.668,1674.088
1663765200000,1674.098,1674.498,1672.418,1673.925
1663766100000,1673.945,1674.988,1673.458,1674.668
1663767000000,1674.668,1674.688,1672.008,1672.028
1663767900000,1672.048,1674.558,1671.388,1671.933
1663768800000,1671.898,1672.875,1671.012,1671.995
1663769700000,1671.995,1672.378,1669.735,1669.965
1663770600000,1670.015,1670.165,1666.308,1666.625
1663771500000,1666.552,1668.908,1666.088,1668.078
1663772400000,1668.038,1668.118,1665.638,1667.955
1663773300000,1667.895,1667.945,1666.635,1667.063
1663774200000,1667.129,1668.865,1666.666,1667.888
1663775100000,1667.888,1668.208,1666.758,1667.468
1663776000000,1667.438,1667.538,1666.598,1667.015
1663776900000,1666.998,1667.735,1666.878,1667.588
1663777800000,1667.608,1667.608,1665.975,1666.038
1663778700000,1666.038,1666.428,1664.838,1665.185
1663779600000,1665.185,1665.998,1664.798,1665.788
1663780500000,1665.778,1668.048,1665.455,1667.418
1663781400000,1667.418,1669.008,1667.348,1668.718
1663782300000,1668.678,1670.718,1668.158,1668.508
1663783200000,1668.532,1668.542,1653.649,1659.225
1663784100000,1658.938,1666.622,1658.458,1665.365
1663785000000,1665.378,1683.938,1662.52,1683.718
1663785900000,1683.718,1687.948,1676.788,1685.804
1663786800000,1685.805,1687.605,1677.855,1686.148
1663787700000,1686.188,1686.828,1677.948,1679.245
1663788600000,1679.215,1679.215,1671.868,1672.278
1663789500000,1672.278,1673.798,1669.958,1672.328
1663790400000,1672.322,1674.595,1671.985,1673.745
1663791300000,1673.745,1673.965,1673.292,1673.935
1663792200000,1673.935,1673.965,1673.365,1673.448
1663793100000,1673.425,1674.618,1673.395,1673.628
1663794000000,1673.628,1673.628,1673.628,1673.628
1663794900000,1673.628,1673.628,1673.628,1673.628
1663795800000,1673.628,1673.628,1673.628,1673.628
1663796700000,1673.628,1673.628,1673.628,1673.628
1663797600000,1673.038,1673.722,1670.248,1670.465
1663798500000,1670.503,1672.268,1670.493,1671.578
1663799400000,1671.568,1671.568,1670.588,1670.668
1663800300000,1670.708,1671.068,1670.168,1671.018
1663801200000,1670.978,1671.568,1669.668,1669.828
1663802100000,1669.828,1670.215,1668.853,1668.972
1663803000000,1668.972,1668.972,1665.783,1665.815
1663803900000,1665.815,1667.238,1665.715,1666.938
1663804800000,1666.928,1667.018,1661.998,1662.648
1663805700000,1662.658,1663.538,1661.998,1662.778
1663806600000,1662.778,1663.558,1660.418,1661.288
1663807500000,1661.315,1662.185,1660.255,1660.385
1663808400000,1660.365,1660.575,1657.015,1657.115
1663809300000,1657.125,1659.215,1656.585,1658.858
1663810200000,1658.858,1659.805,1657.715,1659.785
1663811100000,1659.798,1660.718,1658.823,1659.795
1663812000000,1659.795,1659.915,1658.065,1658.635
1663812900000,1658.598,1660.335,1658.448,1659.238
1663813800000,1659.258,1660.045,1658.342,1659.825
1663814700000,1659.835,1664.898,1659.738,1663.682
1663815600000,1663.682,1663.682,1660.678,1660.788
1663816500000,1660.825,1661.328,1659.678,1660.958
1663817400000,1660.958,1662.248,1660.408,1661.965
1663818300000,1661.912,1661.955,1660.365,1660.395
1663819200000,1660.395,1660.415,1659.515,1659.788
1663820100000,1659.738,1660.915,1659.188,1659.955
1663821000000,1659.945,1661.258,1659.738,1660.548
1663821900000,1660.568,1661.568,1659.908,1660.275
1663822800000,1660.265,1662.268,1660.015,1660.965
1663823700000,1660.945,1661.208,1660.008,1660.795
1663824600000,1660.795,1663.578,1660.795,1662.098
1663825500000,1662.165,1662.185,1660.558,1660.895
1663826400000,1660.895,1662.838,1660.388,1660.428
1663827300000,1660.418,1661.053,1658.898,1659.238
1663828200000,1659.248,1659.988,1658.293,1658.385
1663829100000,1658.395,1659.992,1658.325,1659.075
1663830000000,1659.075,1659.122,1655.536,1658.594
1663830900000,1658.594,1660.198,1657.743,1658.575
1663831800000,1658.575,1660.898,1657.958,1659.988
1663832700000,1659.998,1661.148,1658.208,1658.755
1663833600000,1658.768,1666.828,1657.815,1665.315
1663834500000,1665.278,1678.025,1665.278,1672.315
1663835400000,1672.302,1676.258,1671.417,1674.625
1663836300000,1674.625,1675.325,1669.288,1670.755
1663837200000,1670.755,1672.058,1668.698,1671.505
1663838100000,1671.505,1671.928,1669.578,1671.828
1663839000000,1671.828,1673.158,1670.005,1670.445
1663839900000,1670.445,1670.878,1666.295,1666.505
1663840800000,1666.505,1667.938,1665.418,1665.508
1663841700000,1665.505,1667.751,1665.095,1667.388
1663842600000,1667.395,1669.285,1666.365,1666.995
1663843500000,1667.035,1669.215,1666.425,1668.305
1663844400000,1668.286,1669.81,1665.088,1665.288
1663845300000,1665.318,1667.668,1664.658,1666.338
1663846200000,1666.338,1671.205,1666.248,1670.095
1663847100000,1670.065,1672.735,1668.525,1672.065
1663848000000,1672.095,1674.445,1671.205,1673.965
1663848900000,1673.965,1675.658,1671.728,1674.722
1663849800000,1674.722,1684.18,1672.428,1683.965
1663850700000,1683.975,1684.788,1681.305,1681.755
1663851600000,1681.8,1681.8,1678.958,1680.457
1663852500000,1680.575,1680.975,1675.978,1677.955
1663853400000,1677.965,1680.108,1671.858,1672.205
1663854300000,1672.165,1675.337,1671.868,1673.212
1663855200000,1673.215,1676.025,1670.416,1675.87
1663856100000,1675.805,1677.908,1673.882,1677.787
1663857000000,1677.808,1677.935,1671.835,1672.025
1663857900000,1671.988,1673.005,1670.425,1670.875
1663858800000,1670.865,1672.665,1669.326,1669.588
1663859700000,1669.628,1671.024,1667.828,1670.368
1663860600000,1670.458,1672.428,1669.814,1670.145
1663861500000,1670.125,1672.845,1669.878,1671.435
1663862400000,1671.435,1672.478,1670.678,1672.048
1663863300000,1672.008,1672.418,1670.525,1671.808
1663864200000,1671.808,1673.968,1671.163,1673.425
1663865100000,1673.425,1676.258,1672.585,1674.025
1663866000000,1673.952,1674.568,1673.005,1673.495
1663866900000,1673.495,1674.298,1672.545,1672.625
1663867800000,1672.635,1673.715,1671.825,1671.835
1663868700000,1671.855,1673.475,1671.625,1671.858
1663869600000,1671.868,1672.195,1669.268,1669.498
1663870500000,1669.498,1670.615,1669.238,1670.228
1663871400000,1670.257,1671.908,1669.718,1671.658
1663872300000,1671.705,1671.785,1669.738,1669.938
1663873200000,1669.938,1672.675,1669.938,1672.268
1663874100000,1672.258,1673.553,1671.435,1673.508
1663875000000,1673.608,1674.395,1672.098,1672.425
1663875900000,1672.425,1673.078,1671.638,1671.698
1663876800000,1671.728,1672.415,1671.455,1671.705
1663877700000,1671.735,1671.895,1671.075,1671.335
1663878600000,1671.345,1671.625,1671.075,1671.385
1663879500000,1671.385,1671.695,1670.738,1670.958
1663880400000,1670.958,1670.958,1670.958,1670.958
1663881300000,1670.958,1670.958,1670.958,1670.958
1663882200000,1670.958,1670.958,1670.958,1670.958
1663883100000,1670.958,1670.958,1670.958,1670.958
1663884000000,1671.218,1671.523,1670.335,1670.713
1663884900000,1670.713,1671.253,1670.643,1670.808
1663885800000,1670.798,1671.415,1670.658,1670.818
1663886700000,1670.818,1671.248,1670.733,1671.198
1663887600000,1671.138,1672.613,1670.995,1672.123
1663888500000,1672.148,1672.165,1671.575,1671.908
1663889400000,1671.908,1672.305,1671.715,1672.105
1663890300000,1672.105,1672.795,1671.865,1672.605
1663891200000,1672.605,1673.528,1672.495,1673.175
1663892100000,1673.175,1673.378,1672.158,1672.758
1663893000000,1672.748,1673.708,1672.628,1673.678
1663893900000,1673.708,1674.658,1673.408,1674.188
1663894800000,1674.218,1674.565,1672.415,1674.433
1663895700000,1674.418,1675.838,1672.805,1673.035
1663896600000,1672.975,1673.285,1671.648,1671.768
1663897500000,1671.768,1672.888,1671.348,1672.708
1663898400000,1672.708,1672.728,1670.728,1670.878
1663899300000,1670.845,1671.088,1669.558,1670.678
1663900200000,1670.668,1670.995,1669.285,1669.838
1663901100000,1669.718,1670.538,1669.548,1670.438
1663902000000,1670.438,1671.258,1669.998,1671.178
1663902900000,1671.158,1671.438,1670.828,1671.058
1663903800000,1671.018,1671.198,1669.038,1669.358
1663904700000,1669.348,1669.368,1668.458,1669.025
1663905600000,1669.025,1669.345,1668.135,1668.325
1663906500000,1668.305,1669.288,1668.135,1668.985
1663907400000,1668.968,1669.728,1668.285,1668.895
1663908300000,1668.818,1669.275,1668.468,1668.578
1663909200000,1668.578,1669.878,1668.268,1669.508
1663910100000,1669.575,1671.045,1669.388,1670.273
1663911000000,1670.275,1670.928,1669.865,1670.678
1663911900000,1670.678,1672.405,1670.488,1671.858
1663912800000,1671.868,1673.938,1671.285,1673.338
1663913700000,1673.278,1673.655,1672.065,1673.455
1663914600000,1673.475,1674.058,1672.055,1672.458
1663915500000,1672.398,1672.535,1669.575,1670.388
1663916400000,1670.405,1670.732,1668.188,1668.533
1663917300000,1668.505,1669.926,1666.77,1669.252
1663918200000,1669.378,1669.786,1666.236,1666.411
1663919100000,1666.418,1667.974,1666.395,1667.318
1663920000000,1667.318,1668.253,1665.075,1665.208
1663920900000,1665.315,1665.885,1663.744,1664.375
1663921800000,1664.345,1664.918,1663.618,1664.175
1663922700000,1664.175,1664.205,1660.665,1661.496
1663923600000,1661.493,1662.988,1661.078,1662.675
1663924500000,1662.655,1662.705,1660.418,1660.875
1663925400000,1660.876,1661.438,1657.658,1657.895
1663926300000,1657.895,1662.148,1652.524,1657.096
1663927200000,1657.065,1657.338,1655.025,1656.601
1663928100000,1656.575,1658.185,1655.643,1655.655
1663929000000,1655.655,1656.425,1652.728,1653.688
1663929900000,1653.688,1653.985,1641.008,1643.405
1663930800000,1643.355,1645.943,1641.415,1643.958
1663931700000,1643.958,1648.128,1642.466,1648.125
1663932600000,1648.155,1648.168,1644.548,1645.608
1663933500000,1645.668,1648.518,1645.368,1647.648
1663934400000,1647.595,1649.948,1646.085,1649.305
1663935300000,1649.336,1650.655,1647.515,1647.855
1663936200000,1647.855,1648.285,1642.868,1645.038
1663937100000,1645.01,1646.727,1644.768,1646.035
1663938000000,1646.035,1657.79,1645.859,1656.058
1663938900000,1656.058,1656.645,1651.898,1652.508
1663939800000,1652.588,1653.158,1647.238,1647.625
1663940700000,1647.625,1648.37,1643.225,1644.885
1663941600000,1644.845,1646.818,1643.538,1644.975
1663942500000,1644.975,1647.465,1641.446,1647.418
1663943400000,1647.415,1647.415,1643.506,1643.868
1663944300000,1643.955,1645.128,1642.468,1643.425
1663945200000,1643.471,1646.553,1643.335,1643.728
1663946100000,1643.675,1647.125,1643.478,1646.298
1663947000000,1646.308,1648.975,1646.272,1648.565
1663947900000,1648.575,1648.575,1645.972,1646.142
1663948800000,1646.152,1647.288,1645.655,1647.145
1663949700000,1647.128,1648.198,1646.622,1646.965
1663950600000,1646.905,1647.125,1645.518,1645.538
1663951500000,1645.538,1647.288,1645.208,1646.148
1663952400000,1646.148,1647.395,1645.208,1646.278
1663953300000,1646.298,1648.165,1646.248,1648.065
1663954200000,1648.065,1648.355,1643.408,1643.895
1663955100000,1643.925,1645.135,1643.725,1644.375
1663956000000,1644.375,1645.318,1643.318,1643.848
1663956900000,1643.848,1644.395,1642.578,1644.095
1663957800000,1644.105,1644.235,1642.728,1643.265
1663958700000,1643.325,1644.168,1639.617,1640.198
1663959600000,1640.178,1644.375,1640.153,1642.098
1663960500000,1642.078,1642.875,1641.418,1642.768
1663961400000,1642.768,1644.645,1642.018,1644.428
1663962300000,1644.468,1644.958,1642.675,1642.888
1663963200000,1642.935,1644.322,1642.852,1643.908
1663964100000,1643.888,1644.558,1643.265,1643.928
1663965000000,1643.958,1644.328,1643.198,1643.682
1663965900000,1643.682,1645.088,1643.165,1643.598
1664064000000,1643.965,1643.965,1643.965,1643.965
1664064900000,1643.965,1643.965,1643.965,1643.965
1664065800000,1643.965,1643.965,1643.965,1643.965
1664066700000,1643.965,1643.965,1643.965,1643.965
1664067600000,1643.965,1643.965,1643.965,1643.965
1664068500000,1643.965,1643.965,1643.965,1643.965
1664069400000,1643.965,1643.965,1643.965,1643.965
1664070300000,1643.965,1643.965,1643.965,1643.965
1664071200000,1643.965,1643.965,1643.965,1643.965
1664072100000,1643.965,1643.965,1643.965,1643.965
1664073000000,1643.965,1643.965,1643.965,1643.965
1664073900000,1643.965,1643.965,1643.965,1643.965
1664074800000,1643.965,1643.965,1643.965,1643.965
1664075700000,1643.965,1643.965,1643.965,1643.965
1664076600000,1643.965,1643.965,1643.965,1643.965
1664077500000,1643.965,1643.965,1643.965,1643.965
1664078400000,1643.965,1643.965,1643.965,1643.965
1664079300000,1643.965,1643.965,1643.965,1643.965
1664080200000,1643.965,1643.965,1643.965,1643.965
1664081100000,1643.965,1643.965,1643.965,1643.965
1664082000000,1643.965,1643.965,1643.965,1643.965
1664082900000,1643.965,1643.965,1643.965,1643.965
1664083800000,1643.965,1643.965,1643.965,1643.965
1664084700000,1643.965,1643.965,1643.965,1643.965
1664085600000,1643.965,1643.965,1643.965,1643.965
1664086500000,1643.965,1643.965,1643.965,1643.965
1664087400000,1643.965,1643.965,1643.965,1643.965
1664088300000,1643.965,1643.965,1643.965,1643.965
1664089200000,1643.965,1643.965,1643.965,1643.965
1664090100000,1643.965,1643.965,1643.965,1643.965
1664091000000,1643.965,1643.965,1643.965,1643.965
1664091900000,1643.965,1643.965,1643.965,1643.965
1664092800000,1643.965,1643.965,1643.965,1643.965
1664093700000,1643.965,1643.965,1643.965,1643.965
1664094600000,1643.965,1643.965,1643.965,1643.965
1664095500000,1643.965,1643.965,1643.965,1643.965
1664096400000,1643.965,1643.965,1643.965,1643.965
1664097300000,1643.965,1643.965,1643.965,1643.965
1664098200000,1643.965,1643.965,1643.965,1643.965
1664099100000,1643.965,1643.965,1643.965,1643.965
1664100000000,1643.965,1643.965,1643.965,1643.965
1664100900000,1643.965,1643.965,1643.965,1643.965
1664101800000,1643.965,1643.965,1643.965,1643.965
1664102700000,1643.965,1643.965,1643.965,1643.965
1664103600000,1643.965,1643.965,1643.965,1643.965
1664104500000,1643.965,1643.965,1643.965,1643.965
1664105400000,1643.965,1643.965,1643.965,1643.965
1664106300000,1643.965,1643.965,1643.965,1643.965
1664107200000,1643.965,1643.965,1643.965,1643.965
1664108100000,1643.965,1643.965,1643.965,1643.965
1664109000000,1643.965,1643.965,1643.965,1643.965
1664109900000,1643.965,1643.965,1643.965,1643.965
1664110800000,1643.965,1643.965,1643.965,1643.965
1664111700000,1643.965,1643.965,1643.965,1643.965
1664112600000,1643.965,1643.965,1643.965,1643.965
1664113500000,1643.965,1643.965,1643.965,1643.965
1664114400000,1643.965,1643.965,1643.965,1643.965
1664115300000,1643.965,1643.965,1643.965,1643.965
1664116200000,1643.965,1643.965,1643.965,1643.965
1664117100000,1643.965,1643.965,1643.965,1643.965
1664118000000,1643.965,1643.965,1643.965,1643.965
1664118900000,1643.965,1643.965,1643.965,1643.965
1664119800000,1643.965,1643.965,1643.965,1643.965
1664120700000,1643.965,1643.965,1643.965,1643.965
1664121600000,1643.965,1643.965,1643.965,1643.965
1664122500000,1643.965,1643.965,1643.965,1643.965
1664123400000,1643.965,1643.965,1643.965,1643.965
1664124300000,1643.965,1643.965,1643.965,1643.965
1664125200000,1643.965,1643.965,1643.965,1643.965
1664126100000,1643.965,1643.965,1643.965,1643.965
1664127000000,1643.965,1643.965,1643.965,1643.965
1664127900000,1643.965,1643.965,1643.965,1643.965
1664128800000,1643.965,1643.965,1643.965,1643.965
1664129700000,1643.965,1643.965,1643.965,1643.965
1664130600000,1643.965,1643.965,1643.965,1643.965
1664131500000,1643.965,1643.965,1643.965,1643.965
1664132400000,1643.965,1643.965,1643.965,1643.965
1664133300000,1643.965,1643.965,1643.965,1643.965
1664134200000,1643.965,1643.965,1643.965,1643.965
1664135100000,1643.965,1643.965,1643.965,1643.965
1664136000000,1643.965,1643.965,1643.965,1643.965
1664136900000,1643.965,1643.965,1643.965,1643.965
1664137800000,1643.965,1643.965,1643.965,1643.965
1664138700000,1643.965,1643.965,1643.965,1643.965
1664139600000,1643.965,1643.965,1643.965,1643.965
1664140500000,1643.965,1643.965,1643.965,1643.965
1664141400000,1643.965,1643.965,1643.965,1643.965
1664142300000,1643.965,1643.965,1643.965,1643.965
1664143200000,1643.458,1645.348,1640.198,1643.415
1664144100000,1643.368,1645.515,1642.813,1645.465
1664145000000,1645.465,1645.565,1643.293,1643.493
1664145900000,1643.493,1644.543,1643.372,1643.852
1664146800000,1643.852,1644.368,1642.608,1643.038
1664147700000,1643.015,1644.085,1642.918,1643.705
1664148600000,1643.705,1644.405,1642.393,1642.505
1664149500000,1642.495,1644.078,1642.365,1643.925
1664150400000,1643.935,1645.455,1642.803,1643.945
1664151300000,1643.945,1644.055,1641.472,1642.168
1664152200000,1642.165,1643.618,1638.592,1638.968
1664153100000,1638.995,1639.238,1626.518,1627.805
1664154000000,1627.805,1645.768,1627.495,1640.133
1664154900000,1640.148,1642.318,1636.818,1639.965
1664155800000,1639.965,1641.365,1639.065,1640.215
1664156700000,1640.105,1640.915,1638.598,1640.225
1664157600000,1640.265,1641.425,1638.398,1639.908
1664158500000,1639.908,1641.705,1639.448,1641.257
1664159400000,1641.248,1641.792,1640.278,1641.665
1664160300000,1641.665,1641.665,1639.538,1639.918
1664161200000,1639.918,1641.418,1639.598,1640.398
1664162100000,1640.348,1640.998,1639.473,1639.835
1664163000000,1639.835,1640.515,1639.155,1639.175
1664163900000,1639.098,1639.828,1638.308,1638.315
1664164800000,1638.318,1638.858,1637.435,1638.108
1664165700000,1638.118,1640.208,1637.838,1639.279
1664166600000,1639.248,1639.545,1638.195,1638.765
1664167500000,1638.722,1638.848,1634.895,1635.215
1664168400000,1635.138,1637.648,1635.138,1637.245
1664169300000,1637.245,1637.735,1634.773,1634.858
1664170200000,1634.858,1637.815,1634.508,1637.515
1664171100000,1637.598,1640.095,1636.561,1636.818
1664172000000,1636.818,1640.172,1636.818,1637.648
1664172900000,1637.695,1639.828,1637.524,1638.558
1664173800000,1638.578,1638.818,1635.445,1635.908
1664174700000,1635.928,1639.685,1635.585,1637.598
1664175600000,1637.625,1643.835,1636.835,1641.198
1664176500000,1641.163,1648.954,1640.325,1648.34
1664177400000,1648.334,1649.648,1645.268,1645.395
1664178300000,1645.478,1645.615,1642.706,1643.955
1664179200000,1643.985,1646.648,1642.631,1645.778
1664180100000,1645.758,1646.585,1643.785,1646.015
1664181000000,1645.995,1647.458,1644.243,1644.771
1664181900000,1644.771,1646.808,1644.232,1646.418
1664182800000,1646.478,1646.985,1645.355,1645.745
1664183700000,1645.742,1646.465,1644.161,1645.055
1664184600000,1645.075,1646.248,1642.798,1642.798
1664185500000,1642.775,1643.63,1641.235,1641.845
1664186400000,1641.845,1642.275,1636.578,1636.678
1664187300000,1636.646,1640.155,1636.125,1640.015
1664188200000,1640.015,1640.315,1638.152,1639.458
1664189100000,1639.458,1640.275,1638.877,1639.358
1664190000000,1639.358,1641.149,1637.878,1637.958
1664190900000,1637.918,1639.598,1637.858,1639.418
1664191800000,1639.418,1641.206,1639.111,1640.516
1664192700000,1640.516,1640.881,1639.513,1639.865
1664193600000,1639.865,1642.828,1639.845,1640.61
1664194500000,1640.61,1644.384,1640.248,1642.381
1664195400000,1642.419,1644.085,1639.788,1643.355
1664196300000,1643.345,1647.618,1643.325,1645.948
1664197200000,1645.915,1647.188,1643.855,1645.058
1664198100000,1645.058,1646.772,1644.398,1645.078
1664199000000,1645.065,1647.585,1642.745,1642.925
1664199900000,1642.935,1647.598,1642.515,1646.118
1664200800000,1646.115,1646.575,1643.328,1645.403
1664201700000,1645.505,1648.225,1645.325,1646.174
1664202600000,1646.098,1646.868,1644.395,1644.745
1664203500000,1644.738,1645.495,1642.878,1644.055
1664204400000,1644.005,1645.125,1642.215,1644.208
1664205300000,1644.198,1644.385,1638.595,1638.614
1664206200000,1638.614,1639.405,1635.637,1635.705
1664207100000,1635.705,1635.765,1634.108,1634.258
1664208000000,1634.228,1635.138,1632.368,1634.058
1664208900000,1634.058,1634.088,1630.165,1630.735
1664209800000,1630.755,1631.025,1627.805,1628.238
1664210700000,1628.215,1631.788,1627.705,1631.135
1664211600000,1631.135,1631.225,1625.508,1625.875
1664212500000,1625.875,1627.475,1625.398,1626.955
1664213400000,1626.935,1628.115,1621.645,1623.165
1664214300000,1623.165,1625.765,1622.865,1624.338
1664215200000,1624.348,1626.005,1623.988,1625.705
1664216100000,1625.628,1625.875,1622.948,1623.248
1664217000000,1623.278,1624.965,1622.148,1623.348
1664217900000,1623.328,1627.655,1623.288,1627.228
1664218800000,1627.228,1631.203,1627.068,1627.878
1664219700000,1627.927,1628.395,1626.772,1626.858
1664220600000,1626.865,1627.011,1623.608,1624.115
1664221500000,1624.103,1626.165,1623.768,1624.168
1664222400000,1624.218,1624.408,1623.718,1623.908
1664223300000,1623.908,1624.028,1621.838,1622.328
1664224200000,1622.338,1622.338,1621.033,1621.865
1664225100000,1621.865,1624.065,1621.528,1622.178
1664226000000,1622.178,1622.178,1622.178,1622.178
1664226900000,1622.178,1622.178,1622.178,1622.178
1664227800000,1622.178,1622.178,1622.178,1622.178
1664228700000,1622.178,1622.178,1622.178,1622.178
1664229600000,1621.148,1624.995,1621.148,1624.715
1664230500000,1624.665,1625.015,1623.835,1624.215
1664231400000,1624.215,1625.315,1624.215,1625.065
1664232300000,1625.045,1627.288,1624.858,1627.288
1664233200000,1627.245,1628.528,1626.075,1627.203
1664234100000,1627.125,1627.365,1625.965,1626.165
1664235000000,1626.248,1627.465,1626.148,1627.092
1664235900000,1627.105,1628.448,1625.975,1627.508
1664236800000,1627.495,1630.315,1627.438,1629.858
1664237700000,1629.865,1630.255,1628.705,1629.028
1664238600000,1629.098,1630.255,1628.398,1629.115
1664239500000,1629.088,1630.908,1628.815,1630.688
1664240400000,1630.618,1632.615,1630.288,1632.138
1664241300000,1632.138,1632.241,1630.045,1630.293
1664242200000,1630.293,1632.968,1630.293,1630.314
1664243100000,1630.3,1630.827,1629.058,1630.008
1664244000000,1630.008,1630.025,1628.428,1629.738
1664244900000,1629.738,1630.358,1629.262,1629.681
1664245800000,1629.658,1630.338,1629.358,1629.934
1664246700000,1630.034,1630.608,1629.648,1630.318
1664247600000,1630.358,1630.528,1628.968,1629.088
1664248500000,1629.095,1630.438,1628.855,1630.428
1664249400000,1630.428,1631.598,1629.538,1631.508
1664250300000,1631.488,1631.615,1630.705,1631.058
1664251200000,1631.058,1631.788,1630.868,1630.965
1664252100000,1630.965,1632.055,1630.878,1631.495
1664253000000,1631.515,1632.135,1630.985,1631.675
1664253900000,1631.705,1632.128,1631.288,1631.558
1664254800000,1631.488,1632.198,1631.188,1631.626
1664255700000,1631.631,1632.078,1631.028,1632.008
1664256600000,1632.055,1634.178,1631.618,1633.905
1664257500000,1633.898,1636.255,1633.628,1635.878
1664258400000,1635.898,1635.934,1633.479,1633.785
1664259300000,1633.775,1636.665,1633.765,1636.455
1664260200000,1636.52,1636.52,1635.398,1635.735
1664261100000,1635.735,1637.934,1634.898,1635.508
1664262000000,1635.508,1639.825,1635.453,1637.352
1664262900000,1637.352,1640.478,1637.233,1640.135
1664263800000,1640.155,1640.485,1637.606,1637.606
1664264700000,1637.606,1638.868,1636.623,1637.188
1664265600000,1637.188,1637.335,1634.045,1634.875
1664266500000,1634.855,1637.328,1633.665,1637.086
1664267400000,1637.086,1637.998,1635.575,1636.492
1664268300000,1636.478,1637.045,1635.158,1635.668
1664269200000,1635.698,1637.035,1634.335,1634.635
1664270100000,1634.635,1635.565,1633.525,1633.577
1664271000000,1633.577,1634.259,1632.319,1634.255
1664271900000,1634.255,1634.785,1632.525,1632.915
1664272800000,1632.915,1635.035,1632.785,1634.995
1664273700000,1635.015,1636.278,1633.855,1636.235
1664274600000,1636.235,1638.025,1635.648,1636.888
1664275500000,1636.905,1637.965,1636.255,1636.988
1664276400000,1636.938,1638.875,1636.505,1637.455
1664277300000,1637.445,1639.745,1637.288,1639.149
1664278200000,1639.18,1642.335,1638.798,1640.395
1664279100000,1640.435,1641.068,1636.478,1636.635
1664280000000,1636.635,1637.268,1636.131,1637.108
1664280900000,1637.108,1639.615,1637.058,1638.492
1664281800000,1638.492,1640.395,1636.538,1639.465
1664282700000,1639.465,1639.625,1634.735,1635.306
1664283600000,1635.306,1638.448,1634.698,1638.158
1664284500000,1638.158,1638.488,1634.466,1635.028
1664285400000,1635.075,1639.818,1634.548,1637.048
1664286300000,1637.048,1639.895,1636.178,1638.982
1664287200000,1638.982,1638.982,1632.715,1635.495
1664288100000,1635.495,1637.388,1633.995,1634.075
1664289000000,1634.135,1637.855,1634.008,1637.734
1664289900000,1637.685,1637.834,1634.755,1636.045
1664290800000,1636.121,1636.898,1634.475,1634.905
1664291700000,1634.875,1635.485,1631.818,1632.228
1664292600000,1632.288,1637.884,1631.875,1636.565
1664293500000,1636.634,1637.785,1633.848,1634.025
1664294400000,1634.035,1634.095,1629.835,1630.728
1664295300000,1630.728,1631.885,1629.868,1631.108
1664296200000,1631.108,1632.598,1630.608,1630.658
1664297100000,1630.668,1631.228,1628.178,1629.365
1664298000000,1629.348,1629.375,1626.587,1628.935
1664298900000,1628.895,1629.675,1628.465,1628.678
1664299800000,1628.635,1629.278,1627.545,1628.675
1664300700000,1628.675,1630.905,1628.625,1630.795
1664301600000,1630.818,1631.985,1629.958,1630.135
1664302500000,1630.145,1630.535,1629.185,1630.368
1664303400000,1630.368,1632.535,1629.908,1631.758
1664304300000,1631.793,1632.495,1630.525,1631.531
1664305200000,1631.498,1631.565,1629.158,1629.368
1664306100000,1629.368,1630.165,1627.778,1627.928
1664307000000,1628.148,1628.953,1626.868,1627.308
1664307900000,1627.308,1628.135,1626.618,1627.135
1664308800000,1627.205,1628.455,1627.205,1627.915
1664309700000,1627.915,1629.358,1627.888,1629.285
1664310600000,1629.285,1629.285,1628.385,1628.668
1664311500000,1628.668,1629.608,1628.518,1628.738
1664312400000,1628.738,1628.738,1628.738,1628.738
1664313300000,1628.738,1628.738,1628.738,1628.738
1664314200000,1628.738,1628.738,1628.738,1628.738
1664315100000,1628.738,1628.738,1628.738,1628.738
1664316000000,1628.478,1630.008,1628.215,1629.658
1664316900000,1629.678,1630.088,1628.902,1630.088
1664317800000,1629.982,1630.018,1628.662,1629.018
1664318700000,1629.028,1630.288,1629.012,1629.888
1664319600000,1629.858,1629.858,1628.665,1628.808
1664320500000,1628.835,1628.835,1628.165,1628.445
1664321400000,1628.392,1628.778,1627.578,1627.578
1664322300000,1627.578,1629.098,1627.578,1628.718
1664323200000,1628.748,1629.818,1628.368,1629.665
1664324100000,1629.635,1630.445,1628.695,1628.738
1664325000000,1628.798,1628.888,1626.043,1626.058
1664325900000,1626.023,1627.108,1625.158,1626.778
1664326800000,1626.778,1627.178,1625.958,1626.168
1664327700000,1626.178,1626.358,1624.478,1624.828
1664328600000,1624.798,1625.945,1624.568,1624.925
1664329500000,1624.948,1625.155,1623.428,1623.778
1664330400000,1623.855,1624.748,1622.903,1623.385
1664331300000,1623.34,1624.555,1622.948,1624.175
1664332200000,1624.145,1625.275,1623.365,1625.075
1664333100000,1625.108,1625.175,1624.135,1624.784
1664334000000,1624.785,1626.275,1624.245,1625.795
1664334900000,1625.805,1626.048,1624.848,1625.163
1664335800000,1625.248,1625.248,1624.375,1624.578
1664336700000,1624.538,1624.988,1624.355,1624.503
1664337600000,1624.508,1625.055,1624.008,1625.025
1664338500000,1625.015,1625.568,1624.425,1624.775
1664339400000,1624.785,1625.248,1624.453,1624.485
1664340300000,1624.515,1625.088,1622.738,1623.395
1664341200000,1623.418,1624.408,1623.068,1623.358
1664342100000,1623.398,1625.428,1623.308,1624.885
1664343000000,1624.885,1625.075,1623.035,1624.948
1664343900000,1624.838,1624.948,1622.558,1623.138
1664344800000,1623.108,1624.234,1621.928,1622.478
1664345700000,1622.418,1622.778,1619.915,1622.268
1664346600000,1622.268,1623.143,1620.975,1622.738
1664347500000,1622.708,1623.225,1621.428,1621.658
1664348400000,1621.648,1623.748,1617.748,1618.148
1664349300000,1618.048,1618.748,1614.71,1618.468
1664350200000,1618.488,1619.318,1615.468,1618.958
1664351100000,1619.015,1623.204,1618.538,1621.795
1664352000000,1621.848,1622.948,1620.219,1621.305
1664352900000,1621.355,1624.288,1619.289,1620.368
1664353800000,1620.348,1620.555,1618.687,1619.198
1664354700000,1619.189,1620.968,1618.508,1620.038
1664355600000,1620.038,1620.288,1617.768,1618.195
1664356500000,1618.265,1618.815,1617.638,1618.185
1664357400000,1618.155,1619.405,1617.628,1618.318
1664358300000,1618.298,1618.778,1616.028,1616.572
1664359200000,1616.572,1625.435,1615.802,1624.605
1664360100000,1624.565,1631.494,1623.122,1627.525
1664361000000,1627.545,1630.885,1625.671,1630.115
1664361900000,1630.155,1631.245,1628.205,1628.725
1664362800000,1628.735,1630.115,1626.725,1627.188
1664363700000,1627.188,1628.625,1626.098,1626.098
1664364600000,1626.158,1629.075,1622.298,1624.015
1664365500000,1624.015,1624.628,1622.648,1624.328
1664366400000,1624.328,1629.658,1624.088,1628.998
1664367300000,1628.973,1637.378,1628.805,1635.669
1664368200000,1635.665,1638.228,1635.665,1637.138
1664369100000,1637.178,1637.905,1633.885,1635.015
1664370000000,1635.015,1638.198,1633.715,1635.938
1664370900000,1636.008,1645.248,1636.008,1645.248
1664371800000,1645.227,1647.225,1642.028,1646.063
1664372700000,1646.048,1652.638,1646.048,1649.118
1664373600000,1649.278,1654.013,1649.107,1650.898
1664374500000,1650.998,1651.408,1646.648,1650.375
1664375400000,1650.408,1652.734,1649.328,1651.198
1664376300000,1651.158,1652.518,1649.578,1650.478
1664377200000,1650.448,1655.345,1649.548,1652.095
1664378100000,1652.178,1655.815,1651.915,1653.575
1664379000000,1653.585,1654.698,1651.694,1654.698
1664379900000,1654.718,1659.808,1654.685,1658.645
1664380800000,1658.685,1660.731,1658.285,1659.895
1664381700000,1659.925,1659.925,1655.188,1655.252
1664382600000,1655.268,1657.365,1655.268,1657.21
1664383500000,1657.218,1659.548,1656.638,1659.135
1664384400000,1659.155,1661.535,1658.608,1660.605
1664385300000,1660.605,1662.645,1660.125,1660.865
1664386200000,1660.865,1662.578,1660.795,1661.538
1664387100000,1661.616,1661.905,1659.865,1660.545
1664388000000,1660.538,1661.197,1659.331,1661.154
1664388900000,1661.095,1661.238,1659.158,1659.642
1664389800000,1659.675,1660.628,1658.788,1659.444
1664390700000,1659.469,1662.139,1659.408,1661.769
1664391600000,1661.769,1662.275,1660.378,1660.408
1664392500000,1660.468,1660.805,1659.026,1659.038
1664393400000,1659.034,1660.765,1658.678,1660.105
1664394300000,1660.075,1661.185,1659.905,1660.515
1664395200000,1660.495,1660.628,1659.065,1659.575
1664396100000,1659.568,1659.588,1658.728,1658.758
1664397000000,1658.758,1660.098,1658.758,1660.065
1664397900000,1660.045,1660.188,1659.345,1659.658
1664398800000,1659.658,1659.658,1659.658,1659.658
1664399700000,1659.658,1659.658,1659.658,1659.658
1664400600000,1659.658,1659.658,1659.658,1659.658
1664401500000,1659.658,1659.658,1659.658,1659.658
1664402400000,1659.658,1659.925,1658.372,1658.462
1664403300000,1658.462,1658.975,1658.178,1658.685
1664404200000,1658.685,1658.685,1657.488,1657.768
1664405100000,1657.798,1658.128,1657.368,1657.408
1664406000000,1657.408,1658.188,1657.398,1657.545
1664406900000,1657.588,1657.655,1657.245,1657.655
1664407800000,1657.665,1657.745,1656.798,1656.815
1664408700000,1656.815,1656.958,1656.095,1656.095
1664409600000,1656.095,1656.965,1654.935,1655.095
1664410500000,1655.115,1656.158,1654.688,1655.228
1664411400000,1655.228,1655.465,1653.295,1653.305
1664412300000,1653.355,1654.285,1652.785,1653.815
1664413200000,1653.845,1657.688,1653.805,1655.728
1664414100000,1655.758,1658.398,1655.715,1658.085
1664415000000,1658.085,1659.285,1655.148,1656.755
1664415900000,1656.655,1657.425,1655.128,1655.675
1664416800000,1655.645,1655.675,1653.018,1654.215
1664417700000,1654.215,1654.725,1652.405,1654.191
1664418600000,1654.176,1654.955,1653.238,1654.058
1664419500000,1654.068,1654.475,1653.122,1653.325
1664420400000,1653.365,1653.765,1652.528,1652.536
1664421300000,1652.495,1653.326,1651.875,1653.095
1664422200000,1653.095,1653.955,1652.326,1653.915
1664423100000,1653.895,1655.085,1653.475,1654.285
1664424000000,1654.345,1654.418,1653.328,1654.155
1664424900000,1654.155,1654.155,1652.865,1653.695
1664425800000,1653.695,1653.865,1652.885,1653.618
1664426700000,1653.628,1653.715,1651.905,1652.195
1664427600000,1652.165,1652.445,1649.485,1649.825
1664428500000,1649.855,1649.925,1648.625,1649.438
1664429400000,1649.435,1650.698,1644.025,1644.055
1664430300000,1644.025,1644.995,1642.778,1643.855
1664431200000,1643.855,1645.668,1642.898,1642.918
1664432100000,1642.978,1644.718,1641.408,1643.802
1664433000000,1643.802,1646.487,1643.802,1646.425
1664433900000,1646.389,1647.385,1645.928,1647.098
1664434800000,1647.118,1647.305,1645.678,1646.115
1664435700000,1646.075,1646.205,1642.968,1642.984
1664436600000,1642.984,1643.638,1641.718,1642.778
1664437500000,1642.778,1645.178,1641.544,1644.815
1664438400000,1644.878,1647.945,1644.058,1647.278
1664439300000,1647.275,1647.328,1644.275,1644.498
1664440200000,1644.478,1645.115,1643.385,1644.108
1664441100000,1644.108,1644.738,1643.708,1644.088
1664442000000,1644.038,1647.818,1644.038,1647.565
1664442900000,1647.578,1649.11,1645.108,1648.144
1664443800000,1648.155,1650.605,1646.555,1650.558
1664444700000,1650.562,1651.105,1646.654,1647.732
1664445600000,1647.722,1648.408,1645.958,1647.914
1664446500000,1647.914,1649.408,1647.85,1648.204
1664447400000,1648.164,1649.982,1647.782,1648.796
1664448300000,1648.815,1651.012,1648.666,1649.909
1664449200000,1649.945,1650.718,1647.949,1650.469
1664450100000,1650.468,1651.535,1649.335,1649.429
1664451000000,1649.438,1651.924,1649.228,1650.114
1664451900000,1650.124,1652.15,1649.798,1651.298
1664452800000,1651.318,1651.928,1649.318,1650.135
1664453700000,1650.095,1656.04,1649.445,1655.661
1664454600000,1655.661,1655.778,1647.688,1650.196
1664455500000,1650.216,1651.065,1647.798,1649.265
1664456400000,1649.265,1654.908,1649.265,1654.455
1664457300000,1654.485,1657.028,1653.508,1655.138
1664458200000,1655.128,1658.048,1650.352,1650.575
1664459100000,1650.625,1654.3,1650.288,1653.185
1664460000000,1653.225,1655.436,1652.038,1652.728
1664460900000,1652.728,1653.045,1644.465,1648.705
1664461800000,1648.655,1650.745,1645.788,1650.375
1664462700000,1650.375,1653.315,1649.015,1653.215
1664463600000,1653.205,1660.025,1652.838,1657.448
1664464500000,1657.448,1658.101,1655.638,1656.953
1664465400000,1656.925,1659.745,1656.035,1659.285
1664466300000,1659.118,1661.898,1659.118,1659.818
1664467200000,1659.816,1664.275,1659.368,1663.758
1664468100000,1663.728,1664.746,1660.288,1660.385
1664469000000,1660.405,1661.245,1659.775,1661.048
1664469900000,1661.035,1661.105,1658.665,1658.735
1664470800000,1658.735,1659.995,1658.458,1659.438
1664471700000,1659.408,1661.915,1659.388,1660.305
1664472600000,1660.305,1661.618,1658.948,1659.198
1664473500000,1659.195,1659.285,1657.635,1658.1
1664474400000,1658.1,1659.445,1657.738,1658.558
1664475300000,1658.575,1658.626,1657.088,1658.145
1664476200000,1658.038,1659.435,1657.565,1658.928
1664477100000,1658.908,1659.628,1657.938,1658.798
1664478000000,1658.815,1660.028,1658.245,1659.545
1664478900000,1659.505,1660.077,1658.845,1659.521
1664479800000,1659.521,1662.073,1659.317,1661.788
1664480700000,1661.823,1661.848,1660.428,1661.025
1664481600000,1661.025,1661.025,1660.103,1660.315
1664482500000,1660.355,1660.498,1659.675,1659.905
1664483400000,1659.888,1660.558,1659.475,1659.875
1664484300000,1659.875,1660.765,1659.805,1660.308
1664485200000,1660.308,1660.308,1660.308,1660.308
1664486100000,1660.308,1660.308,1660.308,1660.308
1664487000000,1660.308,1660.308,1660.308,1660.308
1664487900000,1660.308,1660.308,1660.308,1660.308
1664488800000,1661.048,1662.615,1660.328,1662.235
1664489700000,1662.068,1663.535,1662.035,1663.158
1664490600000,1663.138,1664.158,1662.168,1662.378
1664491500000,1662.388,1663.528,1662.388,1663.028
1664492400000,1663.028,1663.358,1662.108,1662.515
1664493300000,1662.515,1662.858,1662.028,1662.668
1664494200000,1662.738,1664.315,1662.658,1664.055
1664495100000,1664.035,1665.045,1663.375,1664.455
